feature_set,portfolio_top_k,date,code,name,model_rank,model_score,label,oc_return_pct,outcome_observed,source_complete,universe_source_complete,universe_source_date,tdnet_any,tdnet_positive,tdnet_negative
baseline_12,1,2025-01-06,4267,ライトワークス,1,0.5380260783637861,0.0,0.0,True,True,True,2024-12-30,0.0,0.0,0.0
baseline_12,1,2025-01-07,6226,守⾕輸送機⼯業,1,0.537493761212072,1.0,0.039308176100627534,True,True,True,2025-01-06,0.0,0.0,0.0
baseline_12,1,2025-01-08,5161,⻄川ゴム⼯業,1,0.5298462704742277,1.0,0.6263982102908239,True,True,True,2025-01-07,0.0,0.0,0.0
baseline_12,1,2025-01-09,9362,兵機海運,1,0.5343384795776746,1.0,1.715039577836408,True,True,True,2025-01-08,0.0,0.0,0.0
baseline_12,1,2025-01-10,7730,マニー,1,0.545663992114846,0.0,-2.0689655172413834,True,True,True,2025-01-09,0.0,0.0,0.0
baseline_12,1,2025-01-14,4783,ＮＣＤ,1,0.5335528750483667,1.0,2.5123715264560254,True,True,True,2025-01-10,0.0,0.0,0.0
baseline_12,1,2025-01-15,6857,アドバンテスト,1,0.5349031909300738,0.0,-3.2258064516129004,True,True,True,2025-01-14,0.0,0.0,0.0
baseline_12,1,2025-01-16,4429,リックソフト,1,0.562251029121439,0.0,-4.30622009569378,True,True,True,2025-01-15,0.0,0.0,0.0
baseline_12,1,2025-01-17,3238,セントラル総合開発,1,0.5345035310703368,0.0,-0.20920502092049986,True,True,True,2025-01-16,0.0,0.0,0.0
baseline_12,1,2025-01-20,3976,シャノン,1,0.5356570945827979,1.0,3.5196687370600444,True,True,True,2025-01-17,0.0,0.0,0.0
baseline_12,1,2025-01-21,4267,ライトワークス,1,0.5326510870121706,1.0,0.7148530579825341,True,True,True,2025-01-20,0.0,0.0,0.0
baseline_12,1,2025-01-22,4267,ライトワークス,1,0.5362431842017902,1.0,2.2961203483768733,True,True,True,2025-01-21,0.0,0.0,0.0
baseline_12,1,2025-01-23,5851,リョービ,1,0.5349366609037962,0.0,-0.8646779074794608,True,True,True,2025-01-22,1.0,0.0,0.0
baseline_12,1,2025-01-24,7205,日野自動車,1,0.5411913712385397,0.0,-0.738007380073813,True,True,True,2025-01-23,0.0,0.0,0.0
baseline_12,1,2025-01-27,8066,三⾕商事,1,0.5356369892892837,0.0,-3.121951219512198,True,True,True,2025-01-24,0.0,0.0,0.0
baseline_12,1,2025-01-28,8066,三⾕商事,1,0.5427698869080547,1.0,1.1657374556512945,True,True,True,2025-01-27,0.0,0.0,0.0
baseline_12,1,2025-01-29,4272,日本化薬,1,0.5369174297072423,0.0,-0.27407987470634554,True,True,True,2025-01-28,0.0,0.0,0.0
baseline_12,1,2025-01-30,4267,ライトワークス,1,0.547879794963033,1.0,0.897226753670477,True,True,True,2025-01-29,0.0,0.0,0.0
baseline_12,1,2025-01-31,4267,ライトワークス,1,0.5441865784840124,1.0,2.3443815683104274,True,True,True,2025-01-30,0.0,0.0,0.0
baseline_12,1,2025-02-03,6547,グリーンズ,1,0.5449475058498301,1.0,0.7669365146996121,True,True,True,2025-01-31,0.0,0.0,0.0
baseline_12,1,2025-02-04,4267,ライトワークス,1,0.5507823421888163,1.0,1.5322580645161343,True,True,True,2025-02-03,0.0,0.0,0.0
baseline_12,1,2025-02-05,4267,ライトワークス,1,0.5478215357425908,1.0,3.494837172359011,True,True,True,2025-02-04,0.0,0.0,0.0
baseline_12,1,2025-02-06,6547,グリーンズ,1,0.5453407670806601,1.0,2.365308804205002,True,True,True,2025-02-05,0.0,0.0,0.0
baseline_12,1,2025-02-07,4267,ライトワークス,1,0.5510300420974485,1.0,0.6304176516942483,True,True,True,2025-02-06,0.0,0.0,0.0
baseline_12,1,2025-02-10,4267,ライトワークス,1,0.5495145988856789,1.0,3.6632891660171474,True,True,True,2025-02-07,0.0,0.0,0.0
baseline_12,1,2025-02-12,4783,ＮＣＤ,1,0.5634646540226506,1.0,1.0204081632652962,True,True,True,2025-02-10,0.0,0.0,0.0
baseline_12,1,2025-02-13,3402,東レ,1,0.5503521815013463,0.0,-0.24449877750610804,True,True,True,2025-02-12,1.0,0.0,0.0
baseline_12,1,2025-02-14,2120,ＬＩＦＵＬＬ,1,0.5538080789389777,1.0,1.1111111111111072,True,True,True,2025-02-13,0.0,0.0,0.0
baseline_12,1,2025-02-17,4267,ライトワークス,1,0.556686176514274,1.0,3.5450516986706093,True,True,True,2025-02-14,0.0,0.0,0.0
baseline_12,1,2025-02-18,3238,セントラル総合開発,1,0.544620992293832,1.0,1.0845986984815648,True,True,True,2025-02-17,0.0,0.0,0.0
baseline_12,1,2025-02-19,4267,ライトワークス,1,0.5446610507217834,1.0,1.1251758087201136,True,True,True,2025-02-18,0.0,0.0,0.0
baseline_12,1,2025-02-20,4267,ライトワークス,1,0.541086438365692,1.0,1.1716057891109521,True,True,True,2025-02-19,0.0,0.0,0.0
baseline_12,1,2025-02-21,4267,ライトワークス,1,0.5421371078589712,1.0,1.4685314685314754,True,True,True,2025-02-20,0.0,0.0,0.0
baseline_12,1,2025-02-25,4267,ライトワークス,1,0.5476324445701026,1.0,2.557014512785072,True,True,True,2025-02-21,0.0,0.0,0.0
baseline_12,1,2025-02-26,7043,アルー,1,0.5469306919351345,0.0,-0.14224751066855834,True,True,True,2025-02-25,0.0,0.0,0.0
baseline_12,1,2025-02-27,4267,ライトワークス,1,0.5474582862517987,0.0,-1.888020833333337,True,True,True,2025-02-26,0.0,0.0,0.0
baseline_12,1,2025-02-28,4267,ライトワークス,1,0.5509294039990257,0.0,-0.9986684420772329,True,True,True,2025-02-27,0.0,0.0,0.0
baseline_12,1,2025-03-03,7043,アルー,1,0.5490957301641848,0.0,0.0,True,True,True,2025-02-28,0.0,0.0,0.0
baseline_12,1,2025-03-04,4267,ライトワークス,1,0.5482678802638254,0.0,-1.4814814814814836,True,True,True,2025-03-03,0.0,0.0,0.0
baseline_12,1,2025-03-05,7043,アルー,1,0.5496451657878532,0.0,-2.2253129346314293,True,True,True,2025-03-04,0.0,0.0,0.0
baseline_12,1,2025-03-06,7043,アルー,1,0.5509518433108472,0.0,0.0,True,True,True,2025-03-05,0.0,0.0,0.0
baseline_12,1,2025-03-07,4783,ＮＣＤ,1,0.5459131545719834,0.0,-4.134650567142339,True,True,True,2025-03-06,0.0,0.0,0.0
baseline_12,1,2025-03-10,4783,ＮＣＤ,1,0.5571387674465327,0.0,-0.03844675124952124,True,True,True,2025-03-07,0.0,0.0,0.0
baseline_12,1,2025-03-11,4783,ＮＣＤ,1,0.5472238895073158,1.0,3.0604133545309997,True,True,True,2025-03-10,0.0,0.0,0.0
baseline_12,1,2025-03-12,9312,ケイヒン,1,0.5446377122887096,0.0,-0.39113428943937656,True,True,True,2025-03-11,0.0,0.0,0.0
baseline_12,1,2025-03-13,4783,ＮＣＤ,1,0.5450915261182806,0.0,-2.5522041763341052,True,True,True,2025-03-12,0.0,0.0,0.0
baseline_12,1,2025-03-14,4783,ＮＣＤ,1,0.5495495337881353,1.0,0.674870980547837,True,True,True,2025-03-13,0.0,0.0,0.0
baseline_12,1,2025-03-17,4356,応用技術,1,0.5473242652496277,1.0,0.25706940874035134,True,True,True,2025-03-14,0.0,0.0,0.0
baseline_12,1,2025-03-18,4356,応用技術,1,0.5462094577898148,1.0,0.3205128205128194,True,True,True,2025-03-17,0.0,0.0,0.0
baseline_12,1,2025-03-19,7266,今仙電機製作所,1,0.5470547020621316,1.0,3.703703703703698,True,True,True,2025-03-18,0.0,0.0,0.0
baseline_12,1,2025-03-21,4356,応用技術,1,0.5488562565262214,0.0,-0.32030749519538215,True,True,True,2025-03-19,0.0,0.0,0.0
baseline_12,1,2025-03-24,4356,応用技術,1,0.5494191252794058,0.0,-0.25889967637540146,True,True,True,2025-03-21,0.0,0.0,0.0
baseline_12,1,2025-03-25,7043,アルー,1,0.5531016855471745,1.0,3.6308623298033194,True,True,True,2025-03-24,0.0,0.0,0.0
baseline_12,1,2025-03-26,7266,今仙電機製作所,1,0.5443892474766179,1.0,0.45801526717557106,True,True,True,2025-03-25,0.0,0.0,0.0
baseline_12,1,2025-03-27,7266,今仙電機製作所,1,0.5462214945616234,0.0,-1.0703363914373099,True,True,True,2025-03-26,0.0,0.0,0.0
baseline_12,1,2025-03-28,7043,アルー,1,0.5491777999978671,1.0,1.026392961876832,True,True,True,2025-03-27,0.0,0.0,0.0
baseline_12,1,2025-03-31,7813,プラッツ,1,0.5571590676538231,1.0,0.4398826979472137,True,True,True,2025-03-28,0.0,0.0,0.0
baseline_12,2,2025-01-06,4267,ライトワークス,1,0.5380260783637861,0.0,0.0,True,True,True,2024-12-30,0.0,0.0,0.0
baseline_12,2,2025-01-06,6098,リクルートホールディングス,2,0.5360322843791128,0.0,-3.6656236030397804,True,True,True,2024-12-30,0.0,0.0,0.0
baseline_12,2,2025-01-07,6226,守⾕輸送機⼯業,1,0.537493761212072,1.0,0.039308176100627534,True,True,True,2025-01-06,0.0,0.0,0.0
baseline_12,2,2025-01-07,6098,リクルートホールディングス,2,0.5373984338714304,1.0,0.9417040358744355,True,True,True,2025-01-06,1.0,0.0,0.0
baseline_12,2,2025-01-08,5161,⻄川ゴム⼯業,1,0.5298462704742277,1.0,0.6263982102908239,True,True,True,2025-01-07,0.0,0.0,0.0
baseline_12,2,2025-01-08,9362,兵機海運,2,0.5289178763365254,0.0,-0.3942181340341633,True,True,True,2025-01-07,1.0,0.0,0.0
baseline_12,2,2025-01-09,9362,兵機海運,1,0.5343384795776746,1.0,1.715039577836408,True,True,True,2025-01-08,0.0,0.0,0.0
baseline_12,2,2025-01-09,7205,日野自動車,2,0.5336747838795778,0.0,-2.6848105921294385,True,True,True,2025-01-08,0.0,0.0,0.0
baseline_12,2,2025-01-10,7730,マニー,1,0.545663992114846,0.0,-2.0689655172413834,True,True,True,2025-01-09,0.0,0.0,0.0
baseline_12,2,2025-01-10,7205,日野自動車,2,0.5351141505384936,0.0,-2.3075468129374,True,True,True,2025-01-09,0.0,0.0,0.0
baseline_12,2,2025-01-14,4783,ＮＣＤ,1,0.5335528750483667,1.0,2.5123715264560254,True,True,True,2025-01-10,0.0,0.0,0.0
baseline_12,2,2025-01-14,1803,清水建設,2,0.5323167176411139,0.0,-0.35545023696682554,True,True,True,2025-01-10,0.0,0.0,0.0
baseline_12,2,2025-01-15,6857,アドバンテスト,1,0.5349031909300738,0.0,-3.2258064516129004,True,True,True,2025-01-14,0.0,0.0,0.0
baseline_12,2,2025-01-15,4343,イオンファンタジー,2,0.5345838780467647,1.0,1.1829652996845352,True,True,True,2025-01-14,0.0,0.0,0.0
baseline_12,2,2025-01-16,4429,リックソフト,1,0.562251029121439,0.0,-4.30622009569378,True,True,True,2025-01-15,0.0,0.0,0.0
baseline_12,2,2025-01-16,245A,ＩＮＧＳ,2,0.5513323327172235,0.0,-6.5424806905951876,True,True,True,2025-01-15,0.0,0.0,0.0
baseline_12,2,2025-01-17,3238,セントラル総合開発,1,0.5345035310703368,0.0,-0.20920502092049986,True,True,True,2025-01-16,0.0,0.0,0.0
baseline_12,2,2025-01-17,8141,新光商事,2,0.5315086343936611,0.0,-0.3894839337877265,True,True,True,2025-01-16,0.0,0.0,0.0
baseline_12,2,2025-01-20,3976,シャノン,1,0.5356570945827979,1.0,3.5196687370600444,True,True,True,2025-01-17,0.0,0.0,0.0
baseline_12,2,2025-01-20,2986,ＬＡホールディングス,2,0.5327031062356138,1.0,4.496402877697836,True,True,True,2025-01-17,0.0,0.0,0.0
baseline_12,2,2025-01-21,4267,ライトワークス,1,0.5326510870121706,1.0,0.7148530579825341,True,True,True,2025-01-20,0.0,0.0,0.0
baseline_12,2,2025-01-21,3238,セントラル総合開発,2,0.5291028060883021,1.0,1.7057569296375252,True,True,True,2025-01-20,0.0,0.0,0.0
baseline_12,2,2025-01-22,4267,ライトワークス,1,0.5362431842017902,1.0,2.2961203483768733,True,True,True,2025-01-21,0.0,0.0,0.0
baseline_12,2,2025-01-22,8066,三⾕商事,2,0.533382263910539,1.0,0.33653846153847145,True,True,True,2025-01-21,0.0,0.0,0.0
baseline_12,2,2025-01-23,5851,リョービ,1,0.5349366609037962,0.0,-0.8646779074794608,True,True,True,2025-01-22,1.0,0.0,0.0
baseline_12,2,2025-01-23,8066,三⾕商事,2,0.532516569027007,1.0,0.6366307541625815,True,True,True,2025-01-22,0.0,0.0,0.0
baseline_12,2,2025-01-24,7205,日野自動車,1,0.5411913712385397,0.0,-0.738007380073813,True,True,True,2025-01-23,0.0,0.0,0.0
baseline_12,2,2025-01-24,8066,三⾕商事,2,0.5373454254809579,1.0,0.048661800486615725,True,True,True,2025-01-23,0.0,0.0,0.0
baseline_12,2,2025-01-27,8066,三⾕商事,1,0.5356369892892837,0.0,-3.121951219512198,True,True,True,2025-01-24,0.0,0.0,0.0
baseline_12,2,2025-01-27,5851,リョービ,2,0.5343598740237261,0.0,-0.04347826086956719,True,True,True,2025-01-24,0.0,0.0,0.0
baseline_12,2,2025-01-28,8066,三⾕商事,1,0.5427698869080547,1.0,1.1657374556512945,True,True,True,2025-01-27,0.0,0.0,0.0
baseline_12,2,2025-01-28,4267,ライトワークス,2,0.5359908589339644,1.0,2.499999999999991,True,True,True,2025-01-27,0.0,0.0,0.0
baseline_12,2,2025-01-29,4272,日本化薬,1,0.5369174297072423,0.0,-0.27407987470634554,True,True,True,2025-01-28,0.0,0.0,0.0
baseline_12,2,2025-01-29,6875,メガチップス,2,0.5362491167400789,1.0,0.8561643835616417,True,True,True,2025-01-28,0.0,0.0,0.0
baseline_12,2,2025-01-30,4267,ライトワークス,1,0.547879794963033,1.0,0.897226753670477,True,True,True,2025-01-29,0.0,0.0,0.0
baseline_12,2,2025-01-30,8066,三⾕商事,2,0.5426258527781244,1.0,1.2506513809275699,True,True,True,2025-01-29,0.0,0.0,0.0
baseline_12,2,2025-01-31,4267,ライトワークス,1,0.5441865784840124,1.0,2.3443815683104274,True,True,True,2025-01-30,0.0,0.0,0.0
baseline_12,2,2025-01-31,2997,ストレージ王,2,0.5421759065724436,0.0,-1.6913319238900604,True,True,True,2025-01-30,0.0,0.0,0.0
baseline_12,2,2025-02-03,6547,グリーンズ,1,0.5449475058498301,1.0,0.7669365146996121,True,True,True,2025-01-31,0.0,0.0,0.0
baseline_12,2,2025-02-03,4267,ライトワークス,2,0.5445452750709473,1.0,1.2244897959183598,True,True,True,2025-01-31,0.0,0.0,0.0
baseline_12,2,2025-02-04,4267,ライトワークス,1,0.5507823421888163,1.0,1.5322580645161343,True,True,True,2025-02-03,0.0,0.0,0.0
baseline_12,2,2025-02-04,7806,ＭＴＧ,2,0.5440326370107017,0.0,-1.488569909622539,True,True,True,2025-02-03,0.0,0.0,0.0
baseline_12,2,2025-02-05,4267,ライトワークス,1,0.5478215357425908,1.0,3.494837172359011,True,True,True,2025-02-04,0.0,0.0,0.0
baseline_12,2,2025-02-05,6547,グリーンズ,2,0.5442077751634352,0.0,-2.719932001699954,True,True,True,2025-02-04,0.0,0.0,0.0
baseline_12,2,2025-02-06,6547,グリーンズ,1,0.5453407670806601,1.0,2.365308804205002,True,True,True,2025-02-05,0.0,0.0,0.0
baseline_12,2,2025-02-06,4267,ライトワークス,2,0.5439812092734922,0.0,-1.8461538461538418,True,True,True,2025-02-05,0.0,0.0,0.0
baseline_12,2,2025-02-07,4267,ライトワークス,1,0.5510300420974485,1.0,0.6304176516942483,True,True,True,2025-02-06,0.0,0.0,0.0
baseline_12,2,2025-02-07,3800,ユニリタ,2,0.5390651712363049,1.0,0.7049345417925457,True,True,True,2025-02-06,0.0,0.0,0.0
baseline_12,2,2025-02-10,4267,ライトワークス,1,0.5495145988856789,1.0,3.6632891660171474,True,True,True,2025-02-07,0.0,0.0,0.0
baseline_12,2,2025-02-10,9159,Ｗ ＴＯＫＹＯ,2,0.5419111994332547,0.0,-2.0061728395061706,True,True,True,2025-02-07,0.0,0.0,0.0
baseline_12,2,2025-02-12,4783,ＮＣＤ,1,0.5634646540226506,1.0,1.0204081632652962,True,True,True,2025-02-10,0.0,0.0,0.0
baseline_12,2,2025-02-12,4404,ミヨシ油脂,2,0.5443595041918141,1.0,0.7936507936507908,True,True,True,2025-02-10,1.0,0.0,0.0
baseline_12,2,2025-02-13,3402,東レ,1,0.5503521815013463,0.0,-0.24449877750610804,True,True,True,2025-02-12,1.0,0.0,0.0
baseline_12,2,2025-02-13,4267,ライトワークス,2,0.5492352754722459,1.0,3.502235469448589,True,True,True,2025-02-12,0.0,0.0,0.0
baseline_12,2,2025-02-14,2120,ＬＩＦＵＬＬ,1,0.5538080789389777,1.0,1.1111111111111072,True,True,True,2025-02-13,0.0,0.0,0.0
baseline_12,2,2025-02-14,3238,セントラル総合開発,2,0.5447115573703811,0.0,-0.6263048016701411,True,True,True,2025-02-13,0.0,0.0,0.0
baseline_12,2,2025-02-17,4267,ライトワークス,1,0.556686176514274,1.0,3.5450516986706093,True,True,True,2025-02-14,0.0,0.0,0.0
baseline_12,2,2025-02-17,5851,リョービ,2,0.5480869267944751,1.0,2.207207207207218,True,True,True,2025-02-14,0.0,0.0,0.0
baseline_12,2,2025-02-18,3238,セントラル総合開発,1,0.544620992293832,1.0,1.0845986984815648,True,True,True,2025-02-17,0.0,0.0,0.0
baseline_12,2,2025-02-18,6135,牧野フライス製作所,2,0.5402329128306943,0.0,-0.1680672268907557,True,True,True,2025-02-17,0.0,0.0,0.0
baseline_12,2,2025-02-19,4267,ライトワークス,1,0.5446610507217834,1.0,1.1251758087201136,True,True,True,2025-02-18,0.0,0.0,0.0
baseline_12,2,2025-02-19,3238,セントラル総合開発,2,0.5395851284642603,1.0,0.8639308855291628,True,True,True,2025-02-18,0.0,0.0,0.0
baseline_12,2,2025-02-20,4267,ライトワークス,1,0.541086438365692,1.0,1.1716057891109521,True,True,True,2025-02-19,0.0,0.0,0.0
baseline_12,2,2025-02-20,3238,セントラル総合開発,2,0.5409451127388583,0.0,-0.21505376344086446,True,True,True,2025-02-19,0.0,0.0,0.0
baseline_12,2,2025-02-21,4267,ライトワークス,1,0.5421371078589712,1.0,1.4685314685314754,True,True,True,2025-02-20,0.0,0.0,0.0
baseline_12,2,2025-02-21,7043,アルー,2,0.5411526125614896,1.0,0.14326647564470996,True,True,True,2025-02-20,0.0,0.0,0.0
baseline_12,2,2025-02-25,4267,ライトワークス,1,0.5476324445701026,1.0,2.557014512785072,True,True,True,2025-02-21,0.0,0.0,0.0
baseline_12,2,2025-02-25,7043,アルー,2,0.5469155950219079,1.0,0.4285714285714226,True,True,True,2025-02-21,0.0,0.0,0.0
baseline_12,2,2025-02-26,7043,アルー,1,0.5469306919351345,0.0,-0.14224751066855834,True,True,True,2025-02-25,0.0,0.0,0.0
baseline_12,2,2025-02-26,3359,ｃｏｔｔａ,2,0.5436942378253097,0.0,-4.793028322440085,True,True,True,2025-02-25,0.0,0.0,0.0
baseline_12,2,2025-02-27,4267,ライトワークス,1,0.5474582862517987,0.0,-1.888020833333337,True,True,True,2025-02-26,0.0,0.0,0.0
baseline_12,2,2025-02-27,7043,アルー,2,0.5449633886884127,1.0,0.8595988538681931,True,True,True,2025-02-26,0.0,0.0,0.0
baseline_12,2,2025-02-28,4267,ライトワークス,1,0.5509294039990257,0.0,-0.9986684420772329,True,True,True,2025-02-27,0.0,0.0,0.0
baseline_12,2,2025-02-28,7043,アルー,2,0.5469938051565253,1.0,0.5706134094151105,True,True,True,2025-02-27,0.0,0.0,0.0
baseline_12,2,2025-03-03,7043,アルー,1,0.5490957301641848,0.0,0.0,True,True,True,2025-02-28,0.0,0.0,0.0
baseline_12,2,2025-03-03,4267,ライトワークス,2,0.5464423369425324,0.0,-4.023746701846964,True,True,True,2025-02-28,0.0,0.0,0.0
baseline_12,2,2025-03-04,4267,ライトワークス,1,0.5482678802638254,0.0,-1.4814814814814836,True,True,True,2025-03-03,0.0,0.0,0.0
baseline_12,2,2025-03-04,7043,アルー,2,0.5477410349253425,1.0,0.5714285714285783,True,True,True,2025-03-03,0.0,0.0,0.0
baseline_12,2,2025-03-05,7043,アルー,1,0.5496451657878532,0.0,-2.2253129346314293,True,True,True,2025-03-04,0.0,0.0,0.0
baseline_12,2,2025-03-05,4783,ＮＣＤ,2,0.5428240842990286,1.0,0.43494019572309917,True,True,True,2025-03-04,0.0,0.0,0.0
baseline_12,2,2025-03-06,7043,アルー,1,0.5509518433108472,0.0,0.0,True,True,True,2025-03-05,0.0,0.0,0.0
baseline_12,2,2025-03-06,4783,ＮＣＤ,2,0.5455849204116249,0.0,-0.9352517985611541,True,True,True,2025-03-05,0.0,0.0,0.0
baseline_12,2,2025-03-07,4783,ＮＣＤ,1,0.5459131545719834,0.0,-4.134650567142339,True,True,True,2025-03-06,0.0,0.0,0.0
baseline_12,2,2025-03-07,7043,アルー,2,0.5437927483757095,0.0,0.0,True,True,True,2025-03-06,0.0,0.0,0.0
baseline_12,2,2025-03-10,4783,ＮＣＤ,1,0.5571387674465327,0.0,-0.03844675124952124,True,True,True,2025-03-07,0.0,0.0,0.0
baseline_12,2,2025-03-10,7043,アルー,2,0.5418619063320125,0.0,0.0,True,True,True,2025-03-07,0.0,0.0,0.0
baseline_12,2,2025-03-11,4783,ＮＣＤ,1,0.5472238895073158,1.0,3.0604133545309997,True,True,True,2025-03-10,0.0,0.0,0.0
baseline_12,2,2025-03-11,4267,ライトワークス,2,0.5457524017106021,1.0,0.13377926421405117,True,True,True,2025-03-10,0.0,0.0,0.0
baseline_12,2,2025-03-12,9312,ケイヒン,1,0.5446377122887096,0.0,-0.39113428943937656,True,True,True,2025-03-11,0.0,0.0,0.0
baseline_12,2,2025-03-12,4267,ライトワークス,2,0.5426502388428688,1.0,1.464713715046595,True,True,True,2025-03-11,0.0,0.0,0.0
baseline_12,2,2025-03-13,4783,ＮＣＤ,1,0.5450915261182806,0.0,-2.5522041763341052,True,True,True,2025-03-12,0.0,0.0,0.0
baseline_12,2,2025-03-13,4356,応用技術,2,0.5447788509860538,1.0,2.1126760563380254,True,True,True,2025-03-12,0.0,0.0,0.0
baseline_12,2,2025-03-14,4783,ＮＣＤ,1,0.5495495337881353,1.0,0.674870980547837,True,True,True,2025-03-13,0.0,0.0,0.0
baseline_12,2,2025-03-14,4267,ライトワークス,2,0.5443780376465792,1.0,2.194148936170204,True,True,True,2025-03-13,0.0,0.0,0.0
baseline_12,2,2025-03-17,4356,応用技術,1,0.5473242652496277,1.0,0.25706940874035134,True,True,True,2025-03-14,0.0,0.0,0.0
baseline_12,2,2025-03-17,9265,ヤマシタヘルスケアホールディングス,2,0.5423289936125525,0.0,-0.5693235097119942,True,True,True,2025-03-14,0.0,0.0,0.0
baseline_12,2,2025-03-18,4356,応用技術,1,0.5462094577898148,1.0,0.3205128205128194,True,True,True,2025-03-17,0.0,0.0,0.0
baseline_12,2,2025-03-18,7345,アイ・パートナーズフィナンシャル,2,0.5439917886257988,0.0,-1.7793594306049876,True,True,True,2025-03-17,0.0,0.0,0.0
baseline_12,2,2025-03-19,7266,今仙電機製作所,1,0.5470547020621316,1.0,3.703703703703698,True,True,True,2025-03-18,0.0,0.0,0.0
baseline_12,2,2025-03-19,4380,Ｍマート,2,0.5465964426902082,1.0,4.847986852917008,True,True,True,2025-03-18,0.0,0.0,0.0
baseline_12,2,2025-03-21,4356,応用技術,1,0.5488562565262214,0.0,-0.32030749519538215,True,True,True,2025-03-19,0.0,0.0,0.0
baseline_12,2,2025-03-21,7043,アルー,2,0.544689157983258,1.0,0.4354136429608024,True,True,True,2025-03-19,0.0,0.0,0.0
baseline_12,2,2025-03-24,4356,応用技術,1,0.5494191252794058,0.0,-0.25889967637540146,True,True,True,2025-03-21,0.0,0.0,0.0
baseline_12,2,2025-03-24,7043,アルー,2,0.5450388565625913,0.0,-1.7777777777777781,True,True,True,2025-03-21,0.0,0.0,0.0
baseline_12,2,2025-03-25,7043,アルー,1,0.5531016855471745,1.0,3.6308623298033194,True,True,True,2025-03-24,0.0,0.0,0.0
baseline_12,2,2025-03-25,8066,三⾕商事,2,0.5472194786175612,0.0,-2.0456707897240745,True,True,True,2025-03-24,0.0,0.0,0.0
baseline_12,2,2025-03-26,7266,今仙電機製作所,1,0.5443892474766179,1.0,0.45801526717557106,True,True,True,2025-03-25,0.0,0.0,0.0
baseline_12,2,2025-03-26,8066,三⾕商事,2,0.5435075701734404,0.0,-0.914780934039483,True,True,True,2025-03-25,0.0,0.0,0.0
baseline_12,2,2025-03-27,7266,今仙電機製作所,1,0.5462214945616234,0.0,-1.0703363914373099,True,True,True,2025-03-26,0.0,0.0,0.0
baseline_12,2,2025-03-27,7043,アルー,2,0.5449762352485001,1.0,0.7320644216691097,True,True,True,2025-03-26,0.0,0.0,0.0
baseline_12,2,2025-03-28,7043,アルー,1,0.5491777999978671,1.0,1.026392961876832,True,True,True,2025-03-27,0.0,0.0,0.0
baseline_12,2,2025-03-28,7266,今仙電機製作所,2,0.5486088132991637,1.0,0.47244094488188004,True,True,True,2025-03-27,0.0,0.0,0.0
baseline_12,2,2025-03-31,7813,プラッツ,1,0.5571590676538231,1.0,0.4398826979472137,True,True,True,2025-03-28,0.0,0.0,0.0
baseline_12,2,2025-03-31,7043,アルー,2,0.5483197686209099,1.0,1.4705882352941124,True,True,True,2025-03-28,0.0,0.0,0.0
baseline_price_shape,1,2025-01-06,4267,ライトワークス,1,0.5402791365869465,0.0,0.0,True,True,True,2024-12-30,0.0,0.0,0.0
baseline_price_shape,1,2025-01-07,5161,⻄川ゴム⼯業,1,0.5388526324702162,0.0,-0.044682752457547714,True,True,True,2025-01-06,0.0,0.0,0.0
baseline_price_shape,1,2025-01-08,5161,⻄川ゴム⼯業,1,0.5347929077477798,1.0,0.6263982102908239,True,True,True,2025-01-07,0.0,0.0,0.0
baseline_price_shape,1,2025-01-09,9362,兵機海運,1,0.5389328687199176,1.0,1.715039577836408,True,True,True,2025-01-08,0.0,0.0,0.0
baseline_price_shape,1,2025-01-10,7730,マニー,1,0.5423861419937711,0.0,-2.0689655172413834,True,True,True,2025-01-09,0.0,0.0,0.0
baseline_price_shape,1,2025-01-14,4783,ＮＣＤ,1,0.5380823541420021,1.0,2.5123715264560254,True,True,True,2025-01-10,0.0,0.0,0.0
baseline_price_shape,1,2025-01-15,9265,ヤマシタヘルスケアホールディングス,1,0.5376880695497414,1.0,0.8260869565217321,True,True,True,2025-01-14,1.0,0.0,0.0
baseline_price_shape,1,2025-01-16,4429,リックソフト,1,0.5602651670265825,0.0,-4.30622009569378,True,True,True,2025-01-15,0.0,0.0,0.0
baseline_price_shape,1,2025-01-17,3238,セントラル総合開発,1,0.5377072143629056,0.0,-0.20920502092049986,True,True,True,2025-01-16,0.0,0.0,0.0
baseline_price_shape,1,2025-01-20,7036,イーエムネットジャパン,1,0.5365035912472854,0.0,0.0,True,True,True,2025-01-17,0.0,0.0,0.0
baseline_price_shape,1,2025-01-21,3238,セントラル総合開発,1,0.5336633648704742,1.0,1.7057569296375252,True,True,True,2025-01-20,0.0,0.0,0.0
baseline_price_shape,1,2025-01-22,8066,三⾕商事,1,0.5372347971309575,1.0,0.33653846153847145,True,True,True,2025-01-21,0.0,0.0,0.0
baseline_price_shape,1,2025-01-23,8066,三⾕商事,1,0.540027317292526,1.0,0.6366307541625815,True,True,True,2025-01-22,0.0,0.0,0.0
baseline_price_shape,1,2025-01-24,8066,三⾕商事,1,0.5438984161979132,1.0,0.048661800486615725,True,True,True,2025-01-23,0.0,0.0,0.0
baseline_price_shape,1,2025-01-27,8066,三⾕商事,1,0.5462969493674079,0.0,-3.121951219512198,True,True,True,2025-01-24,0.0,0.0,0.0
baseline_price_shape,1,2025-01-28,8066,三⾕商事,1,0.5513996031399612,1.0,1.1657374556512945,True,True,True,2025-01-27,0.0,0.0,0.0
baseline_price_shape,1,2025-01-29,8066,三⾕商事,1,0.5393324424573686,0.0,-4.674291397314767,True,True,True,2025-01-28,0.0,0.0,0.0
baseline_price_shape,1,2025-01-30,8066,三⾕商事,1,0.5499179855826621,1.0,1.2506513809275699,True,True,True,2025-01-29,0.0,0.0,0.0
baseline_price_shape,1,2025-01-31,9312,ケイヒン,1,0.5440678256674524,1.0,0.6280193236714915,True,True,True,2025-01-30,0.0,0.0,0.0
baseline_price_shape,1,2025-02-03,4267,ライトワークス,1,0.5449582686865069,1.0,1.2244897959183598,True,True,True,2025-01-31,0.0,0.0,0.0
baseline_price_shape,1,2025-02-04,4267,ライトワークス,1,0.5507321248894603,1.0,1.5322580645161343,True,True,True,2025-02-03,0.0,0.0,0.0
baseline_price_shape,1,2025-02-05,4267,ライトワークス,1,0.5471329460270083,1.0,3.494837172359011,True,True,True,2025-02-04,0.0,0.0,0.0
baseline_price_shape,1,2025-02-06,6547,グリーンズ,1,0.5462646795003396,1.0,2.365308804205002,True,True,True,2025-02-05,0.0,0.0,0.0
baseline_price_shape,1,2025-02-07,4267,ライトワークス,1,0.5504835130049519,1.0,0.6304176516942483,True,True,True,2025-02-06,0.0,0.0,0.0
baseline_price_shape,1,2025-02-10,4267,ライトワークス,1,0.5488947550055113,1.0,3.6632891660171474,True,True,True,2025-02-07,0.0,0.0,0.0
baseline_price_shape,1,2025-02-12,4783,ＮＣＤ,1,0.5625004283475917,1.0,1.0204081632652962,True,True,True,2025-02-10,0.0,0.0,0.0
baseline_price_shape,1,2025-02-13,3402,東レ,1,0.5500345620905165,0.0,-0.24449877750610804,True,True,True,2025-02-12,1.0,0.0,0.0
baseline_price_shape,1,2025-02-14,2120,ＬＩＦＵＬＬ,1,0.553588533135793,1.0,1.1111111111111072,True,True,True,2025-02-13,0.0,0.0,0.0
baseline_price_shape,1,2025-02-17,4267,ライトワークス,1,0.5581489887940755,1.0,3.5450516986706093,True,True,True,2025-02-14,0.0,0.0,0.0
baseline_price_shape,1,2025-02-18,6135,牧野フライス製作所,1,0.5427220075857053,0.0,-0.1680672268907557,True,True,True,2025-02-17,0.0,0.0,0.0
baseline_price_shape,1,2025-02-19,4267,ライトワークス,1,0.5462353588710418,1.0,1.1251758087201136,True,True,True,2025-02-18,0.0,0.0,0.0
baseline_price_shape,1,2025-02-20,4267,ライトワークス,1,0.5417205314926182,1.0,1.1716057891109521,True,True,True,2025-02-19,0.0,0.0,0.0
baseline_price_shape,1,2025-02-21,7043,アルー,1,0.5436479401452831,1.0,0.14326647564470996,True,True,True,2025-02-20,0.0,0.0,0.0
baseline_price_shape,1,2025-02-25,7043,アルー,1,0.549051491897296,1.0,0.4285714285714226,True,True,True,2025-02-21,0.0,0.0,0.0
baseline_price_shape,1,2025-02-26,7043,アルー,1,0.5490143290686987,0.0,-0.14224751066855834,True,True,True,2025-02-25,0.0,0.0,0.0
baseline_price_shape,1,2025-02-27,4267,ライトワークス,1,0.5479727554696946,0.0,-1.888020833333337,True,True,True,2025-02-26,0.0,0.0,0.0
baseline_price_shape,1,2025-02-28,4267,ライトワークス,1,0.5520914262791349,0.0,-0.9986684420772329,True,True,True,2025-02-27,0.0,0.0,0.0
baseline_price_shape,1,2025-03-03,7043,アルー,1,0.5508617138602272,0.0,0.0,True,True,True,2025-02-28,0.0,0.0,0.0
baseline_price_shape,1,2025-03-04,4267,ライトワークス,1,0.55140667976287,0.0,-1.4814814814814836,True,True,True,2025-03-03,0.0,0.0,0.0
baseline_price_shape,1,2025-03-05,7043,アルー,1,0.5513191362716066,0.0,-2.2253129346314293,True,True,True,2025-03-04,0.0,0.0,0.0
baseline_price_shape,1,2025-03-06,7043,アルー,1,0.5523909972292859,0.0,0.0,True,True,True,2025-03-05,0.0,0.0,0.0
baseline_price_shape,1,2025-03-07,4783,ＮＣＤ,1,0.5459754987876481,0.0,-4.134650567142339,True,True,True,2025-03-06,0.0,0.0,0.0
baseline_price_shape,1,2025-03-10,4783,ＮＣＤ,1,0.5568089974258732,0.0,-0.03844675124952124,True,True,True,2025-03-07,0.0,0.0,0.0
baseline_price_shape,1,2025-03-11,9312,ケイヒン,1,0.5489555012523998,0.0,-0.862440707201384,True,True,True,2025-03-10,0.0,0.0,0.0
baseline_price_shape,1,2025-03-12,9312,ケイヒン,1,0.5473654259498215,0.0,-0.39113428943937656,True,True,True,2025-03-11,0.0,0.0,0.0
baseline_price_shape,1,2025-03-13,4783,ＮＣＤ,1,0.5489796416828545,0.0,-2.5522041763341052,True,True,True,2025-03-12,0.0,0.0,0.0
baseline_price_shape,1,2025-03-14,4783,ＮＣＤ,1,0.553199551481222,1.0,0.674870980547837,True,True,True,2025-03-13,0.0,0.0,0.0
baseline_price_shape,1,2025-03-17,4356,応用技術,1,0.5480322460775899,1.0,0.25706940874035134,True,True,True,2025-03-14,0.0,0.0,0.0
baseline_price_shape,1,2025-03-18,4356,応用技術,1,0.5471942980604134,1.0,0.3205128205128194,True,True,True,2025-03-17,0.0,0.0,0.0
baseline_price_shape,1,2025-03-19,7266,今仙電機製作所,1,0.5484019712346733,1.0,3.703703703703698,True,True,True,2025-03-18,0.0,0.0,0.0
baseline_price_shape,1,2025-03-21,4356,応用技術,1,0.5484509948429047,0.0,-0.32030749519538215,True,True,True,2025-03-19,0.0,0.0,0.0
baseline_price_shape,1,2025-03-24,4356,応用技術,1,0.5493516013205076,0.0,-0.25889967637540146,True,True,True,2025-03-21,0.0,0.0,0.0
baseline_price_shape,1,2025-03-25,7043,アルー,1,0.5531159198116951,1.0,3.6308623298033194,True,True,True,2025-03-24,0.0,0.0,0.0
baseline_price_shape,1,2025-03-26,7266,今仙電機製作所,1,0.5467823634906189,1.0,0.45801526717557106,True,True,True,2025-03-25,0.0,0.0,0.0
baseline_price_shape,1,2025-03-27,7266,今仙電機製作所,1,0.5481449484270813,0.0,-1.0703363914373099,True,True,True,2025-03-26,0.0,0.0,0.0
baseline_price_shape,1,2025-03-28,7266,今仙電機製作所,1,0.5512389351249265,1.0,0.47244094488188004,True,True,True,2025-03-27,0.0,0.0,0.0
baseline_price_shape,1,2025-03-31,7813,プラッツ,1,0.5563090076666197,1.0,0.4398826979472137,True,True,True,2025-03-28,0.0,0.0,0.0
baseline_price_shape,2,2025-01-06,4267,ライトワークス,1,0.5402791365869465,0.0,0.0,True,True,True,2024-12-30,0.0,0.0,0.0
baseline_price_shape,2,2025-01-06,6098,リクルートホールディングス,2,0.5371106384232591,0.0,-3.6656236030397804,True,True,True,2024-12-30,0.0,0.0,0.0
baseline_price_shape,2,2025-01-07,5161,⻄川ゴム⼯業,1,0.5388526324702162,0.0,-0.044682752457547714,True,True,True,2025-01-06,0.0,0.0,0.0
baseline_price_shape,2,2025-01-07,6098,リクルートホールディングス,2,0.5384855122881796,1.0,0.9417040358744355,True,True,True,2025-01-06,1.0,0.0,0.0
baseline_price_shape,2,2025-01-08,5161,⻄川ゴム⼯業,1,0.5347929077477798,1.0,0.6263982102908239,True,True,True,2025-01-07,0.0,0.0,0.0
baseline_price_shape,2,2025-01-08,8066,三⾕商事,2,0.5346626603560344,1.0,0.6653019447287578,True,True,True,2025-01-07,0.0,0.0,0.0
baseline_price_shape,2,2025-01-09,9362,兵機海運,1,0.5389328687199176,1.0,1.715039577836408,True,True,True,2025-01-08,0.0,0.0,0.0
baseline_price_shape,2,2025-01-09,9159,Ｗ ＴＯＫＹＯ,2,0.5367480943123504,1.0,0.9564293304994642,True,True,True,2025-01-08,0.0,0.0,0.0
baseline_price_shape,2,2025-01-10,7730,マニー,1,0.5423861419937711,0.0,-2.0689655172413834,True,True,True,2025-01-09,0.0,0.0,0.0
baseline_price_shape,2,2025-01-10,9159,Ｗ ＴＯＫＹＯ,2,0.5368941996997396,1.0,1.869658119658113,True,True,True,2025-01-09,0.0,0.0,0.0
baseline_price_shape,2,2025-01-14,4783,ＮＣＤ,1,0.5380823541420021,1.0,2.5123715264560254,True,True,True,2025-01-10,0.0,0.0,0.0
baseline_price_shape,2,2025-01-14,1803,清水建設,2,0.5368586763495001,0.0,-0.35545023696682554,True,True,True,2025-01-10,0.0,0.0,0.0
baseline_price_shape,2,2025-01-15,9265,ヤマシタヘルスケアホールディングス,1,0.5376880695497414,1.0,0.8260869565217321,True,True,True,2025-01-14,1.0,0.0,0.0
baseline_price_shape,2,2025-01-15,9362,兵機海運,2,0.5374033106472669,1.0,0.9186351706036655,True,True,True,2025-01-14,0.0,0.0,0.0
baseline_price_shape,2,2025-01-16,4429,リックソフト,1,0.5602651670265825,0.0,-4.30622009569378,True,True,True,2025-01-15,0.0,0.0,0.0
baseline_price_shape,2,2025-01-16,245A,ＩＮＧＳ,2,0.5512652752370475,0.0,-6.5424806905951876,True,True,True,2025-01-15,0.0,0.0,0.0
baseline_price_shape,2,2025-01-17,3238,セントラル総合開発,1,0.5377072143629056,0.0,-0.20920502092049986,True,True,True,2025-01-16,0.0,0.0,0.0
baseline_price_shape,2,2025-01-17,8141,新光商事,2,0.5358899847337488,0.0,-0.3894839337877265,True,True,True,2025-01-16,0.0,0.0,0.0
baseline_price_shape,2,2025-01-20,7036,イーエムネットジャパン,1,0.5365035912472854,0.0,0.0,True,True,True,2025-01-17,0.0,0.0,0.0
baseline_price_shape,2,2025-01-20,2986,ＬＡホールディングス,2,0.5346649357710326,1.0,4.496402877697836,True,True,True,2025-01-17,0.0,0.0,0.0
baseline_price_shape,2,2025-01-21,3238,セントラル総合開発,1,0.5336633648704742,1.0,1.7057569296375252,True,True,True,2025-01-20,0.0,0.0,0.0
baseline_price_shape,2,2025-01-21,8141,新光商事,2,0.5310555487093619,0.0,-0.7692307692307665,True,True,True,2025-01-20,0.0,0.0,0.0
baseline_price_shape,2,2025-01-22,8066,三⾕商事,1,0.5372347971309575,1.0,0.33653846153847145,True,True,True,2025-01-21,0.0,0.0,0.0
baseline_price_shape,2,2025-01-22,5851,リョービ,2,0.5344766307131431,1.0,1.0926573426573327,True,True,True,2025-01-21,0.0,0.0,0.0
baseline_price_shape,2,2025-01-23,8066,三⾕商事,1,0.540027317292526,1.0,0.6366307541625815,True,True,True,2025-01-22,0.0,0.0,0.0
baseline_price_shape,2,2025-01-23,1803,清水建設,2,0.5364185266608184,1.0,0.8866615265998412,True,True,True,2025-01-22,0.0,0.0,0.0
baseline_price_shape,2,2025-01-24,8066,三⾕商事,1,0.5438984161979132,1.0,0.048661800486615725,True,True,True,2025-01-23,0.0,0.0,0.0
baseline_price_shape,2,2025-01-24,7205,日野自動車,2,0.538273034318848,0.0,-0.738007380073813,True,True,True,2025-01-23,0.0,0.0,0.0
baseline_price_shape,2,2025-01-27,8066,三⾕商事,1,0.5462969493674079,0.0,-3.121951219512198,True,True,True,2025-01-24,0.0,0.0,0.0
baseline_price_shape,2,2025-01-27,5851,リョービ,2,0.5371929846045443,0.0,-0.04347826086956719,True,True,True,2025-01-24,0.0,0.0,0.0
baseline_price_shape,2,2025-01-28,8066,三⾕商事,1,0.5513996031399612,1.0,1.1657374556512945,True,True,True,2025-01-27,0.0,0.0,0.0
baseline_price_shape,2,2025-01-28,4267,ライトワークス,2,0.5347796426916464,1.0,2.499999999999991,True,True,True,2025-01-27,0.0,0.0,0.0
baseline_price_shape,2,2025-01-29,8066,三⾕商事,1,0.5393324424573686,0.0,-4.674291397314767,True,True,True,2025-01-28,0.0,0.0,0.0
baseline_price_shape,2,2025-01-29,6875,メガチップス,2,0.5388389719790448,1.0,0.8561643835616417,True,True,True,2025-01-28,0.0,0.0,0.0
baseline_price_shape,2,2025-01-30,8066,三⾕商事,1,0.5499179855826621,1.0,1.2506513809275699,True,True,True,2025-01-29,0.0,0.0,0.0
baseline_price_shape,2,2025-01-30,4267,ライトワークス,2,0.5476540773262972,1.0,0.897226753670477,True,True,True,2025-01-29,0.0,0.0,0.0
baseline_price_shape,2,2025-01-31,9312,ケイヒン,1,0.5440678256674524,1.0,0.6280193236714915,True,True,True,2025-01-30,0.0,0.0,0.0
baseline_price_shape,2,2025-01-31,9265,ヤマシタヘルスケアホールディングス,2,0.5437819597944396,1.0,0.9726725335803543,True,True,True,2025-01-30,0.0,0.0,0.0
baseline_price_shape,2,2025-02-03,4267,ライトワークス,1,0.5449582686865069,1.0,1.2244897959183598,True,True,True,2025-01-31,0.0,0.0,0.0
baseline_price_shape,2,2025-02-03,6547,グリーンズ,2,0.5446922594533803,1.0,0.7669365146996121,True,True,True,2025-01-31,0.0,0.0,0.0
baseline_price_shape,2,2025-02-04,4267,ライトワークス,1,0.5507321248894603,1.0,1.5322580645161343,True,True,True,2025-02-03,0.0,0.0,0.0
baseline_price_shape,2,2025-02-04,7806,ＭＴＧ,2,0.5448610135542812,0.0,-1.488569909622539,True,True,True,2025-02-03,0.0,0.0,0.0
baseline_price_shape,2,2025-02-05,4267,ライトワークス,1,0.5471329460270083,1.0,3.494837172359011,True,True,True,2025-02-04,0.0,0.0,0.0
baseline_price_shape,2,2025-02-05,7806,ＭＴＧ,2,0.5442581021516197,0.0,-0.5942733657482435,True,True,True,2025-02-04,0.0,0.0,0.0
baseline_price_shape,2,2025-02-06,6547,グリーンズ,1,0.5462646795003396,1.0,2.365308804205002,True,True,True,2025-02-05,0.0,0.0,0.0
baseline_price_shape,2,2025-02-06,4267,ライトワークス,2,0.5436024593116652,0.0,-1.8461538461538418,True,True,True,2025-02-05,0.0,0.0,0.0
baseline_price_shape,2,2025-02-07,4267,ライトワークス,1,0.5504835130049519,1.0,0.6304176516942483,True,True,True,2025-02-06,0.0,0.0,0.0
baseline_price_shape,2,2025-02-07,7803,ブシロード,2,0.5393931686599348,0.0,-0.6651884700665134,True,True,True,2025-02-06,0.0,0.0,0.0
baseline_price_shape,2,2025-02-10,4267,ライトワークス,1,0.5488947550055113,1.0,3.6632891660171474,True,True,True,2025-02-07,0.0,0.0,0.0
baseline_price_shape,2,2025-02-10,9159,Ｗ ＴＯＫＹＯ,2,0.5422759719918622,0.0,-2.0061728395061706,True,True,True,2025-02-07,0.0,0.0,0.0
baseline_price_shape,2,2025-02-12,4783,ＮＣＤ,1,0.5625004283475917,1.0,1.0204081632652962,True,True,True,2025-02-10,0.0,0.0,0.0
baseline_price_shape,2,2025-02-12,4267,ライトワークス,2,0.5422872925933256,1.0,0.9745127436281864,True,True,True,2025-02-10,0.0,0.0,0.0
baseline_price_shape,2,2025-02-13,3402,東レ,1,0.5500345620905165,0.0,-0.24449877750610804,True,True,True,2025-02-12,1.0,0.0,0.0
baseline_price_shape,2,2025-02-13,4267,ライトワークス,2,0.549321303440958,1.0,3.502235469448589,True,True,True,2025-02-12,0.0,0.0,0.0
baseline_price_shape,2,2025-02-14,2120,ＬＩＦＵＬＬ,1,0.553588533135793,1.0,1.1111111111111072,True,True,True,2025-02-13,0.0,0.0,0.0
baseline_price_shape,2,2025-02-14,4267,ライトワークス,2,0.5452313129109626,0.0,-2.2010271460014663,True,True,True,2025-02-13,0.0,0.0,0.0
baseline_price_shape,2,2025-02-17,4267,ライトワークス,1,0.5581489887940755,1.0,3.5450516986706093,True,True,True,2025-02-14,0.0,0.0,0.0
baseline_price_shape,2,2025-02-17,3928,マイネット,2,0.5489254971157675,0.0,-0.35335689045936647,True,True,True,2025-02-14,0.0,0.0,0.0
baseline_price_shape,2,2025-02-18,6135,牧野フライス製作所,1,0.5427220075857053,0.0,-0.1680672268907557,True,True,True,2025-02-17,0.0,0.0,0.0
baseline_price_shape,2,2025-02-18,4267,ライトワークス,2,0.5417835702101566,0.0,-0.6338028169014076,True,True,True,2025-02-17,0.0,0.0,0.0
baseline_price_shape,2,2025-02-19,4267,ライトワークス,1,0.5462353588710418,1.0,1.1251758087201136,True,True,True,2025-02-18,0.0,0.0,0.0
baseline_price_shape,2,2025-02-19,7043,アルー,2,0.5398898141938712,1.0,2.84005979073243,True,True,True,2025-02-18,0.0,0.0,0.0
baseline_price_shape,2,2025-02-20,4267,ライトワークス,1,0.5417205314926182,1.0,1.1716057891109521,True,True,True,2025-02-19,0.0,0.0,0.0
baseline_price_shape,2,2025-02-20,9312,ケイヒン,2,0.5406056417594468,0.0,0.0,True,True,True,2025-02-19,0.0,0.0,0.0
baseline_price_shape,2,2025-02-21,7043,アルー,1,0.5436479401452831,1.0,0.14326647564470996,True,True,True,2025-02-20,0.0,0.0,0.0
baseline_price_shape,2,2025-02-21,3238,セントラル総合開発,2,0.5419420780744314,0.0,0.0,True,True,True,2025-02-20,0.0,0.0,0.0
baseline_price_shape,2,2025-02-25,7043,アルー,1,0.549051491897296,1.0,0.4285714285714226,True,True,True,2025-02-21,0.0,0.0,0.0
baseline_price_shape,2,2025-02-25,4267,ライトワークス,2,0.5472650197412865,1.0,2.557014512785072,True,True,True,2025-02-21,0.0,0.0,0.0
baseline_price_shape,2,2025-02-26,7043,アルー,1,0.5490143290686987,0.0,-0.14224751066855834,True,True,True,2025-02-25,0.0,0.0,0.0
baseline_price_shape,2,2025-02-26,3359,ｃｏｔｔａ,2,0.5438926098948502,0.0,-4.793028322440085,True,True,True,2025-02-25,0.0,0.0,0.0
baseline_price_shape,2,2025-02-27,4267,ライトワークス,1,0.5479727554696946,0.0,-1.888020833333337,True,True,True,2025-02-26,0.0,0.0,0.0
baseline_price_shape,2,2025-02-27,7043,アルー,2,0.5467819398668395,1.0,0.8595988538681931,True,True,True,2025-02-26,0.0,0.0,0.0
baseline_price_shape,2,2025-02-28,4267,ライトワークス,1,0.5520914262791349,0.0,-0.9986684420772329,True,True,True,2025-02-27,0.0,0.0,0.0
baseline_price_shape,2,2025-02-28,7043,アルー,2,0.5490758343694946,1.0,0.5706134094151105,True,True,True,2025-02-27,0.0,0.0,0.0
baseline_price_shape,2,2025-03-03,7043,アルー,1,0.5508617138602272,0.0,0.0,True,True,True,2025-02-28,0.0,0.0,0.0
baseline_price_shape,2,2025-03-03,4267,ライトワークス,2,0.5478978250956619,0.0,-4.023746701846964,True,True,True,2025-02-28,0.0,0.0,0.0
baseline_price_shape,2,2025-03-04,4267,ライトワークス,1,0.55140667976287,0.0,-1.4814814814814836,True,True,True,2025-03-03,0.0,0.0,0.0
baseline_price_shape,2,2025-03-04,7043,アルー,2,0.5488153143749731,1.0,0.5714285714285783,True,True,True,2025-03-03,0.0,0.0,0.0
baseline_price_shape,2,2025-03-05,7043,アルー,1,0.5513191362716066,0.0,-2.2253129346314293,True,True,True,2025-03-04,0.0,0.0,0.0
baseline_price_shape,2,2025-03-05,4267,ライトワークス,2,0.5451255604492555,1.0,0.547195622435015,True,True,True,2025-03-04,0.0,0.0,0.0
baseline_price_shape,2,2025-03-06,7043,アルー,1,0.5523909972292859,0.0,0.0,True,True,True,2025-03-05,0.0,0.0,0.0
baseline_price_shape,2,2025-03-06,9312,ケイヒン,2,0.5465625102591608,1.0,0.7330746011211753,True,True,True,2025-03-05,0.0,0.0,0.0
baseline_price_shape,2,2025-03-07,4783,ＮＣＤ,1,0.5459754987876481,0.0,-4.134650567142339,True,True,True,2025-03-06,0.0,0.0,0.0
baseline_price_shape,2,2025-03-07,7043,アルー,2,0.5442800200758876,0.0,0.0,True,True,True,2025-03-06,0.0,0.0,0.0
baseline_price_shape,2,2025-03-10,4783,ＮＣＤ,1,0.5568089974258732,0.0,-0.03844675124952124,True,True,True,2025-03-07,0.0,0.0,0.0
baseline_price_shape,2,2025-03-10,4267,ライトワークス,2,0.5429297362312396,0.0,-3.2258064516129004,True,True,True,2025-03-07,0.0,0.0,0.0
baseline_price_shape,2,2025-03-11,9312,ケイヒン,1,0.5489555012523998,0.0,-0.862440707201384,True,True,True,2025-03-10,0.0,0.0,0.0
baseline_price_shape,2,2025-03-11,4267,ライトワークス,2,0.5485905328024898,1.0,0.13377926421405117,True,True,True,2025-03-10,0.0,0.0,0.0
baseline_price_shape,2,2025-03-12,9312,ケイヒン,1,0.5473654259498215,0.0,-0.39113428943937656,True,True,True,2025-03-11,0.0,0.0,0.0
baseline_price_shape,2,2025-03-12,4267,ライトワークス,2,0.5452666627662222,1.0,1.464713715046595,True,True,True,2025-03-11,0.0,0.0,0.0
baseline_price_shape,2,2025-03-13,4783,ＮＣＤ,1,0.5489796416828545,0.0,-2.5522041763341052,True,True,True,2025-03-12,0.0,0.0,0.0
baseline_price_shape,2,2025-03-13,9312,ケイヒン,2,0.5431459982086064,1.0,0.12964563526360884,True,True,True,2025-03-12,0.0,0.0,0.0
baseline_price_shape,2,2025-03-14,4783,ＮＣＤ,1,0.553199551481222,1.0,0.674870980547837,True,True,True,2025-03-13,0.0,0.0,0.0
baseline_price_shape,2,2025-03-14,4267,ライトワークス,2,0.547710764549851,1.0,2.194148936170204,True,True,True,2025-03-13,0.0,0.0,0.0
baseline_price_shape,2,2025-03-17,4356,応用技術,1,0.5480322460775899,1.0,0.25706940874035134,True,True,True,2025-03-14,0.0,0.0,0.0
baseline_price_shape,2,2025-03-17,4783,ＮＣＤ,2,0.5450954317506673,0.0,-0.9037328094302577,True,True,True,2025-03-14,0.0,0.0,0.0
baseline_price_shape,2,2025-03-18,4356,応用技術,1,0.5471942980604134,1.0,0.3205128205128194,True,True,True,2025-03-17,0.0,0.0,0.0
baseline_price_shape,2,2025-03-18,4783,ＮＣＤ,2,0.545981651582685,1.0,0.3937007874015741,True,True,True,2025-03-17,0.0,0.0,0.0
baseline_price_shape,2,2025-03-19,7266,今仙電機製作所,1,0.5484019712346733,1.0,3.703703703703698,True,True,True,2025-03-18,0.0,0.0,0.0
baseline_price_shape,2,2025-03-19,4380,Ｍマート,2,0.5475834693142825,1.0,4.847986852917008,True,True,True,2025-03-18,0.0,0.0,0.0
baseline_price_shape,2,2025-03-21,4356,応用技術,1,0.5484509948429047,0.0,-0.32030749519538215,True,True,True,2025-03-19,0.0,0.0,0.0
baseline_price_shape,2,2025-03-21,4783,ＮＣＤ,2,0.547028242956929,0.0,0.0,True,True,True,2025-03-19,0.0,0.0,0.0
baseline_price_shape,2,2025-03-24,4356,応用技術,1,0.5493516013205076,0.0,-0.25889967637540146,True,True,True,2025-03-21,0.0,0.0,0.0
baseline_price_shape,2,2025-03-24,7043,アルー,2,0.5451008273341834,0.0,-1.7777777777777781,True,True,True,2025-03-21,0.0,0.0,0.0
baseline_price_shape,2,2025-03-25,7043,アルー,1,0.5531159198116951,1.0,3.6308623298033194,True,True,True,2025-03-24,0.0,0.0,0.0
baseline_price_shape,2,2025-03-25,8066,三⾕商事,2,0.5502791023718476,0.0,-2.0456707897240745,True,True,True,2025-03-24,0.0,0.0,0.0
baseline_price_shape,2,2025-03-26,7266,今仙電機製作所,1,0.5467823634906189,1.0,0.45801526717557106,True,True,True,2025-03-25,0.0,0.0,0.0
baseline_price_shape,2,2025-03-26,8066,三⾕商事,2,0.5463512967982324,0.0,-0.914780934039483,True,True,True,2025-03-25,0.0,0.0,0.0
baseline_price_shape,2,2025-03-27,7266,今仙電機製作所,1,0.5481449484270813,0.0,-1.0703363914373099,True,True,True,2025-03-26,0.0,0.0,0.0
baseline_price_shape,2,2025-03-27,4619,日本特殊塗料,2,0.545423944475156,0.0,-0.40106951871657914,True,True,True,2025-03-26,0.0,0.0,0.0
baseline_price_shape,2,2025-03-28,7266,今仙電機製作所,1,0.5512389351249265,1.0,0.47244094488188004,True,True,True,2025-03-27,0.0,0.0,0.0
baseline_price_shape,2,2025-03-28,7043,アルー,2,0.5497992540378789,1.0,1.026392961876832,True,True,True,2025-03-27,0.0,0.0,0.0
baseline_price_shape,2,2025-03-31,7813,プラッツ,1,0.5563090076666197,1.0,0.4398826979472137,True,True,True,2025-03-28,0.0,0.0,0.0
baseline_price_shape,2,2025-03-31,7266,今仙電機製作所,2,0.549658180127116,1.0,0.31847133757962887,True,True,True,2025-03-28,0.0,0.0,0.0
baseline_momentum,1,2025-01-06,6098,リクルートホールディングス,1,0.5366489322571332,0.0,-3.6656236030397804,True,True,True,2024-12-30,0.0,0.0,0.0
baseline_momentum,1,2025-01-07,6098,リクルートホールディングス,1,0.5381707605554761,1.0,0.9417040358744355,True,True,True,2025-01-06,1.0,0.0,0.0
baseline_momentum,1,2025-01-08,7314,小⽥原機器,1,0.536772914683595,0.0,-0.9590235396687019,True,True,True,2025-01-07,0.0,0.0,0.0
baseline_momentum,1,2025-01-09,7205,日野自動車,1,0.534601218523663,0.0,-2.6848105921294385,True,True,True,2025-01-08,0.0,0.0,0.0
baseline_momentum,1,2025-01-10,7730,マニー,1,0.5498417087671529,0.0,-2.0689655172413834,True,True,True,2025-01-09,0.0,0.0,0.0
baseline_momentum,1,2025-01-14,4783,ＮＣＤ,1,0.5375638808587214,1.0,2.5123715264560254,True,True,True,2025-01-10,0.0,0.0,0.0
baseline_momentum,1,2025-01-15,7097,さくらさくプラス,1,0.5468146383609402,0.0,-3.898458748866729,True,True,True,2025-01-14,0.0,0.0,0.0
baseline_momentum,1,2025-01-16,4429,リックソフト,1,0.5685571701553729,0.0,-4.30622009569378,True,True,True,2025-01-15,0.0,0.0,0.0
baseline_momentum,1,2025-01-17,4429,リックソフト,1,0.536745200021214,0.0,-1.845018450184499,True,True,True,2025-01-16,0.0,0.0,0.0
baseline_momentum,1,2025-01-20,3976,シャノン,1,0.5421523976079444,1.0,3.5196687370600444,True,True,True,2025-01-17,0.0,0.0,0.0
baseline_momentum,1,2025-01-21,4267,ライトワークス,1,0.5327235364377292,1.0,0.7148530579825341,True,True,True,2025-01-20,0.0,0.0,0.0
baseline_momentum,1,2025-01-22,4267,ライトワークス,1,0.5375467431106287,1.0,2.2961203483768733,True,True,True,2025-01-21,0.0,0.0,0.0
baseline_momentum,1,2025-01-23,5851,リョービ,1,0.5333304747208497,0.0,-0.8646779074794608,True,True,True,2025-01-22,1.0,0.0,0.0
baseline_momentum,1,2025-01-24,7205,日野自動車,1,0.5411924590821213,0.0,-0.738007380073813,True,True,True,2025-01-23,0.0,0.0,0.0
baseline_momentum,1,2025-01-27,8066,三⾕商事,1,0.5375387692706001,0.0,-3.121951219512198,True,True,True,2025-01-24,0.0,0.0,0.0
baseline_momentum,1,2025-01-28,8066,三⾕商事,1,0.5466312060372142,1.0,1.1657374556512945,True,True,True,2025-01-27,0.0,0.0,0.0
baseline_momentum,1,2025-01-29,6875,メガチップス,1,0.5385790433894792,1.0,0.8561643835616417,True,True,True,2025-01-28,0.0,0.0,0.0
baseline_momentum,1,2025-01-30,4267,ライトワークス,1,0.548608880109309,1.0,0.897226753670477,True,True,True,2025-01-29,0.0,0.0,0.0
baseline_momentum,1,2025-01-31,4267,ライトワークス,1,0.5465360760906929,1.0,2.3443815683104274,True,True,True,2025-01-30,0.0,0.0,0.0
baseline_momentum,1,2025-02-03,4267,ライトワークス,1,0.5469985242976028,1.0,1.2244897959183598,True,True,True,2025-01-31,0.0,0.0,0.0
baseline_momentum,1,2025-02-04,4267,ライトワークス,1,0.5535436492579042,1.0,1.5322580645161343,True,True,True,2025-02-03,0.0,0.0,0.0
baseline_momentum,1,2025-02-05,4267,ライトワークス,1,0.5515071217028951,1.0,3.494837172359011,True,True,True,2025-02-04,0.0,0.0,0.0
baseline_momentum,1,2025-02-06,4267,ライトワークス,1,0.5465717663937678,0.0,-1.8461538461538418,True,True,True,2025-02-05,0.0,0.0,0.0
baseline_momentum,1,2025-02-07,4267,ライトワークス,1,0.5520147601533116,1.0,0.6304176516942483,True,True,True,2025-02-06,0.0,0.0,0.0
baseline_momentum,1,2025-02-10,4267,ライトワークス,1,0.5513266081467424,1.0,3.6632891660171474,True,True,True,2025-02-07,0.0,0.0,0.0
baseline_momentum,1,2025-02-12,4783,ＮＣＤ,1,0.5660631940343015,1.0,1.0204081632652962,True,True,True,2025-02-10,0.0,0.0,0.0
baseline_momentum,1,2025-02-13,3402,東レ,1,0.5533635022278642,0.0,-0.24449877750610804,True,True,True,2025-02-12,1.0,0.0,0.0
baseline_momentum,1,2025-02-14,2120,ＬＩＦＵＬＬ,1,0.5547510583626344,1.0,1.1111111111111072,True,True,True,2025-02-13,0.0,0.0,0.0
baseline_momentum,1,2025-02-17,4267,ライトワークス,1,0.5577070888250573,1.0,3.5450516986706093,True,True,True,2025-02-14,0.0,0.0,0.0
baseline_momentum,1,2025-02-18,3238,セントラル総合開発,1,0.5478874860379276,1.0,1.0845986984815648,True,True,True,2025-02-17,0.0,0.0,0.0
baseline_momentum,1,2025-02-19,4267,ライトワークス,1,0.5451203745150901,1.0,1.1251758087201136,True,True,True,2025-02-18,0.0,0.0,0.0
baseline_momentum,1,2025-02-20,3238,セントラル総合開発,1,0.543886549484257,0.0,-0.21505376344086446,True,True,True,2025-02-19,0.0,0.0,0.0
baseline_momentum,1,2025-02-21,3238,セントラル総合開発,1,0.5432069241482368,0.0,0.0,True,True,True,2025-02-20,0.0,0.0,0.0
baseline_momentum,1,2025-02-25,4267,ライトワークス,1,0.5471356141038478,1.0,2.557014512785072,True,True,True,2025-02-21,0.0,0.0,0.0
baseline_momentum,1,2025-02-26,7043,アルー,1,0.5469841020602949,0.0,-0.14224751066855834,True,True,True,2025-02-25,0.0,0.0,0.0
baseline_momentum,1,2025-02-27,4267,ライトワークス,1,0.5486603370422802,0.0,-1.888020833333337,True,True,True,2025-02-26,0.0,0.0,0.0
baseline_momentum,1,2025-02-28,4267,ライトワークス,1,0.5523237139157889,0.0,-0.9986684420772329,True,True,True,2025-02-27,0.0,0.0,0.0
baseline_momentum,1,2025-03-03,7043,アルー,1,0.5501605946040963,0.0,0.0,True,True,True,2025-02-28,0.0,0.0,0.0
baseline_momentum,1,2025-03-04,4267,ライトワークス,1,0.5482461338212642,0.0,-1.4814814814814836,True,True,True,2025-03-03,0.0,0.0,0.0
baseline_momentum,1,2025-03-05,7043,アルー,1,0.5509102479855181,0.0,-2.2253129346314293,True,True,True,2025-03-04,0.0,0.0,0.0
baseline_momentum,1,2025-03-06,7043,アルー,1,0.5521412122564365,0.0,0.0,True,True,True,2025-03-05,0.0,0.0,0.0
baseline_momentum,1,2025-03-07,4783,ＮＣＤ,1,0.549241309120473,0.0,-4.134650567142339,True,True,True,2025-03-06,0.0,0.0,0.0
baseline_momentum,1,2025-03-10,4783,ＮＣＤ,1,0.5601817694970482,0.0,-0.03844675124952124,True,True,True,2025-03-07,0.0,0.0,0.0
baseline_momentum,1,2025-03-11,4783,ＮＣＤ,1,0.5513273777010046,1.0,3.0604133545309997,True,True,True,2025-03-10,0.0,0.0,0.0
baseline_momentum,1,2025-03-12,9312,ケイヒン,1,0.5476639066719861,0.0,-0.39113428943937656,True,True,True,2025-03-11,0.0,0.0,0.0
baseline_momentum,1,2025-03-13,4783,ＮＣＤ,1,0.5492047571214195,0.0,-2.5522041763341052,True,True,True,2025-03-12,0.0,0.0,0.0
baseline_momentum,1,2025-03-14,4783,ＮＣＤ,1,0.5538817147465415,1.0,0.674870980547837,True,True,True,2025-03-13,0.0,0.0,0.0
baseline_momentum,1,2025-03-17,4356,応用技術,1,0.5504312592080582,1.0,0.25706940874035134,True,True,True,2025-03-14,0.0,0.0,0.0
baseline_momentum,1,2025-03-18,4356,応用技術,1,0.5502053883073195,1.0,0.3205128205128194,True,True,True,2025-03-17,0.0,0.0,0.0
baseline_momentum,1,2025-03-19,4356,応用技術,1,0.5499822798236444,1.0,0.2562459961563013,True,True,True,2025-03-18,0.0,0.0,0.0
baseline_momentum,1,2025-03-21,4356,応用技術,1,0.5525407010707611,0.0,-0.32030749519538215,True,True,True,2025-03-19,0.0,0.0,0.0
baseline_momentum,1,2025-03-24,4356,応用技術,1,0.5538402776884495,0.0,-0.25889967637540146,True,True,True,2025-03-21,0.0,0.0,0.0
baseline_momentum,1,2025-03-25,7043,アルー,1,0.5594650647623739,1.0,3.6308623298033194,True,True,True,2025-03-24,0.0,0.0,0.0
baseline_momentum,1,2025-03-26,4356,応用技術,1,0.547676489494798,0.0,-0.1306335728282204,True,True,True,2025-03-25,0.0,0.0,0.0
baseline_momentum,1,2025-03-27,7043,アルー,1,0.5487070331297728,1.0,0.7320644216691097,True,True,True,2025-03-26,0.0,0.0,0.0
baseline_momentum,1,2025-03-28,7043,アルー,1,0.5525903689771752,1.0,1.026392961876832,True,True,True,2025-03-27,0.0,0.0,0.0
baseline_momentum,1,2025-03-31,7813,プラッツ,1,0.5620656873457014,1.0,0.4398826979472137,True,True,True,2025-03-28,0.0,0.0,0.0
baseline_momentum,2,2025-01-06,6098,リクルートホールディングス,1,0.5366489322571332,0.0,-3.6656236030397804,True,True,True,2024-12-30,0.0,0.0,0.0
baseline_momentum,2,2025-01-06,4267,ライトワークス,2,0.5365730294384898,0.0,0.0,True,True,True,2024-12-30,0.0,0.0,0.0
baseline_momentum,2,2025-01-07,6098,リクルートホールディングス,1,0.5381707605554761,1.0,0.9417040358744355,True,True,True,2025-01-06,1.0,0.0,0.0
baseline_momentum,2,2025-01-07,6226,守⾕輸送機⼯業,2,0.5379958646599269,1.0,0.039308176100627534,True,True,True,2025-01-06,0.0,0.0,0.0
baseline_momentum,2,2025-01-08,7314,小⽥原機器,1,0.536772914683595,0.0,-0.9590235396687019,True,True,True,2025-01-07,0.0,0.0,0.0
baseline_momentum,2,2025-01-08,5161,⻄川ゴム⼯業,2,0.530819293376598,1.0,0.6263982102908239,True,True,True,2025-01-07,0.0,0.0,0.0
baseline_momentum,2,2025-01-09,7205,日野自動車,1,0.534601218523663,0.0,-2.6848105921294385,True,True,True,2025-01-08,0.0,0.0,0.0
baseline_momentum,2,2025-01-09,9362,兵機海運,2,0.5338935166510138,1.0,1.715039577836408,True,True,True,2025-01-08,0.0,0.0,0.0
baseline_momentum,2,2025-01-10,7730,マニー,1,0.5498417087671529,0.0,-2.0689655172413834,True,True,True,2025-01-09,0.0,0.0,0.0
baseline_momentum,2,2025-01-10,7205,日野自動車,2,0.5376523346710347,0.0,-2.3075468129374,True,True,True,2025-01-09,0.0,0.0,0.0
baseline_momentum,2,2025-01-14,4783,ＮＣＤ,1,0.5375638808587214,1.0,2.5123715264560254,True,True,True,2025-01-10,0.0,0.0,0.0
baseline_momentum,2,2025-01-14,7205,日野自動車,2,0.5356967827791407,0.0,-1.4213395638629334,True,True,True,2025-01-10,0.0,0.0,0.0
baseline_momentum,2,2025-01-15,7097,さくらさくプラス,1,0.5468146383609402,0.0,-3.898458748866729,True,True,True,2025-01-14,0.0,0.0,0.0
baseline_momentum,2,2025-01-15,4343,イオンファンタジー,2,0.5362211558278863,1.0,1.1829652996845352,True,True,True,2025-01-14,0.0,0.0,0.0
baseline_momentum,2,2025-01-16,4429,リックソフト,1,0.5685571701553729,0.0,-4.30622009569378,True,True,True,2025-01-15,0.0,0.0,0.0
baseline_momentum,2,2025-01-16,245A,ＩＮＧＳ,2,0.5542923111216327,0.0,-6.5424806905951876,True,True,True,2025-01-15,0.0,0.0,0.0
baseline_momentum,2,2025-01-17,4429,リックソフト,1,0.536745200021214,0.0,-1.845018450184499,True,True,True,2025-01-16,0.0,0.0,0.0
baseline_momentum,2,2025-01-17,3238,セントラル総合開発,2,0.5362120892255493,0.0,-0.20920502092049986,True,True,True,2025-01-16,0.0,0.0,0.0
baseline_momentum,2,2025-01-20,3976,シャノン,1,0.5421523976079444,1.0,3.5196687370600444,True,True,True,2025-01-17,0.0,0.0,0.0
baseline_momentum,2,2025-01-20,3238,セントラル総合開発,2,0.5333860971719883,0.0,-0.2123142250530785,True,True,True,2025-01-17,0.0,0.0,0.0
baseline_momentum,2,2025-01-21,4267,ライトワークス,1,0.5327235364377292,1.0,0.7148530579825341,True,True,True,2025-01-20,0.0,0.0,0.0
baseline_momentum,2,2025-01-21,3238,セントラル総合開発,2,0.5315706174908994,1.0,1.7057569296375252,True,True,True,2025-01-20,0.0,0.0,0.0
baseline_momentum,2,2025-01-22,4267,ライトワークス,1,0.5375467431106287,1.0,2.2961203483768733,True,True,True,2025-01-21,0.0,0.0,0.0
baseline_momentum,2,2025-01-22,8066,三⾕商事,2,0.5337884321982806,1.0,0.33653846153847145,True,True,True,2025-01-21,0.0,0.0,0.0
baseline_momentum,2,2025-01-23,5851,リョービ,1,0.5333304747208497,0.0,-0.8646779074794608,True,True,True,2025-01-22,1.0,0.0,0.0
baseline_momentum,2,2025-01-23,8066,三⾕商事,2,0.5326735799698835,1.0,0.6366307541625815,True,True,True,2025-01-22,0.0,0.0,0.0
baseline_momentum,2,2025-01-24,7205,日野自動車,1,0.5411924590821213,0.0,-0.738007380073813,True,True,True,2025-01-23,0.0,0.0,0.0
baseline_momentum,2,2025-01-24,3976,シャノン,2,0.5410367963778023,1.0,3.488372093023262,True,True,True,2025-01-23,0.0,0.0,0.0
baseline_momentum,2,2025-01-27,8066,三⾕商事,1,0.5375387692706001,0.0,-3.121951219512198,True,True,True,2025-01-24,0.0,0.0,0.0
baseline_momentum,2,2025-01-27,4267,ライトワークス,2,0.5337421225309243,1.0,1.2298232129131392,True,True,True,2025-01-24,0.0,0.0,0.0
baseline_momentum,2,2025-01-28,8066,三⾕商事,1,0.5466312060372142,1.0,1.1657374556512945,True,True,True,2025-01-27,0.0,0.0,0.0
baseline_momentum,2,2025-01-28,4267,ライトワークス,2,0.5366844693163225,1.0,2.499999999999991,True,True,True,2025-01-27,0.0,0.0,0.0
baseline_momentum,2,2025-01-29,6875,メガチップス,1,0.5385790433894792,1.0,0.8561643835616417,True,True,True,2025-01-28,0.0,0.0,0.0
baseline_momentum,2,2025-01-29,8066,三⾕商事,2,0.5373651686096304,0.0,-4.674291397314767,True,True,True,2025-01-28,0.0,0.0,0.0
baseline_momentum,2,2025-01-30,4267,ライトワークス,1,0.548608880109309,1.0,0.897226753670477,True,True,True,2025-01-29,0.0,0.0,0.0
baseline_momentum,2,2025-01-30,8066,三⾕商事,2,0.5459904618482213,1.0,1.2506513809275699,True,True,True,2025-01-29,0.0,0.0,0.0
baseline_momentum,2,2025-01-31,4267,ライトワークス,1,0.5465360760906929,1.0,2.3443815683104274,True,True,True,2025-01-30,0.0,0.0,0.0
baseline_momentum,2,2025-01-31,2997,ストレージ王,2,0.5465165092729528,0.0,-1.6913319238900604,True,True,True,2025-01-30,0.0,0.0,0.0
baseline_momentum,2,2025-02-03,4267,ライトワークス,1,0.5469985242976028,1.0,1.2244897959183598,True,True,True,2025-01-31,0.0,0.0,0.0
baseline_momentum,2,2025-02-03,9742,アイネス,2,0.5441566088810358,0.0,-3.3333333333333326,True,True,True,2025-01-31,1.0,0.0,0.0
baseline_momentum,2,2025-02-04,4267,ライトワークス,1,0.5535436492579042,1.0,1.5322580645161343,True,True,True,2025-02-03,0.0,0.0,0.0
baseline_momentum,2,2025-02-04,7806,ＭＴＧ,2,0.5470102932056017,0.0,-1.488569909622539,True,True,True,2025-02-03,0.0,0.0,0.0
baseline_momentum,2,2025-02-05,4267,ライトワークス,1,0.5515071217028951,1.0,3.494837172359011,True,True,True,2025-02-04,0.0,0.0,0.0
baseline_momentum,2,2025-02-05,6226,守⾕輸送機⼯業,2,0.5457687792521996,0.0,-0.07849293563578774,True,True,True,2025-02-04,0.0,0.0,0.0
baseline_momentum,2,2025-02-06,4267,ライトワークス,1,0.5465717663937678,0.0,-1.8461538461538418,True,True,True,2025-02-05,0.0,0.0,0.0
baseline_momentum,2,2025-02-06,6547,グリーンズ,2,0.5460476687432144,1.0,2.365308804205002,True,True,True,2025-02-05,0.0,0.0,0.0
baseline_momentum,2,2025-02-07,4267,ライトワークス,1,0.5520147601533116,1.0,0.6304176516942483,True,True,True,2025-02-06,0.0,0.0,0.0
baseline_momentum,2,2025-02-07,3800,ユニリタ,2,0.5418396126888007,1.0,0.7049345417925457,True,True,True,2025-02-06,0.0,0.0,0.0
baseline_momentum,2,2025-02-10,4267,ライトワークス,1,0.5513266081467424,1.0,3.6632891660171474,True,True,True,2025-02-07,0.0,0.0,0.0
baseline_momentum,2,2025-02-10,9159,Ｗ ＴＯＫＹＯ,2,0.5437137597689894,0.0,-2.0061728395061706,True,True,True,2025-02-07,0.0,0.0,0.0
baseline_momentum,2,2025-02-12,4783,ＮＣＤ,1,0.5660631940343015,1.0,1.0204081632652962,True,True,True,2025-02-10,0.0,0.0,0.0
baseline_momentum,2,2025-02-12,4404,ミヨシ油脂,2,0.5463291328093571,1.0,0.7936507936507908,True,True,True,2025-02-10,1.0,0.0,0.0
baseline_momentum,2,2025-02-13,3402,東レ,1,0.5533635022278642,0.0,-0.24449877750610804,True,True,True,2025-02-12,1.0,0.0,0.0
baseline_momentum,2,2025-02-13,4267,ライトワークス,2,0.5501213142665915,1.0,3.502235469448589,True,True,True,2025-02-12,0.0,0.0,0.0
baseline_momentum,2,2025-02-14,2120,ＬＩＦＵＬＬ,1,0.5547510583626344,1.0,1.1111111111111072,True,True,True,2025-02-13,0.0,0.0,0.0
baseline_momentum,2,2025-02-14,4267,ライトワークス,2,0.5451310893830721,0.0,-2.2010271460014663,True,True,True,2025-02-13,0.0,0.0,0.0
baseline_momentum,2,2025-02-17,4267,ライトワークス,1,0.5577070888250573,1.0,3.5450516986706093,True,True,True,2025-02-14,0.0,0.0,0.0
baseline_momentum,2,2025-02-17,5851,リョービ,2,0.5483991696781421,1.0,2.207207207207218,True,True,True,2025-02-14,0.0,0.0,0.0
baseline_momentum,2,2025-02-18,3238,セントラル総合開発,1,0.5478874860379276,1.0,1.0845986984815648,True,True,True,2025-02-17,0.0,0.0,0.0
baseline_momentum,2,2025-02-18,6135,牧野フライス製作所,2,0.5420050397235079,0.0,-0.1680672268907557,True,True,True,2025-02-17,0.0,0.0,0.0
baseline_momentum,2,2025-02-19,4267,ライトワークス,1,0.5451203745150901,1.0,1.1251758087201136,True,True,True,2025-02-18,0.0,0.0,0.0
baseline_momentum,2,2025-02-19,3238,セントラル総合開発,2,0.5423458490633286,1.0,0.8639308855291628,True,True,True,2025-02-18,0.0,0.0,0.0
baseline_momentum,2,2025-02-20,3238,セントラル総合開発,1,0.543886549484257,0.0,-0.21505376344086446,True,True,True,2025-02-19,0.0,0.0,0.0
baseline_momentum,2,2025-02-20,4267,ライトワークス,2,0.5410218745871612,1.0,1.1716057891109521,True,True,True,2025-02-19,0.0,0.0,0.0
baseline_momentum,2,2025-02-21,3238,セントラル総合開発,1,0.5432069241482368,0.0,0.0,True,True,True,2025-02-20,0.0,0.0,0.0
baseline_momentum,2,2025-02-21,7043,アルー,2,0.5425464164217055,1.0,0.14326647564470996,True,True,True,2025-02-20,0.0,0.0,0.0
baseline_momentum,2,2025-02-25,4267,ライトワークス,1,0.5471356141038478,1.0,2.557014512785072,True,True,True,2025-02-21,0.0,0.0,0.0
baseline_momentum,2,2025-02-25,7043,アルー,2,0.5466372413421288,1.0,0.4285714285714226,True,True,True,2025-02-21,0.0,0.0,0.0
baseline_momentum,2,2025-02-26,7043,アルー,1,0.5469841020602949,0.0,-0.14224751066855834,True,True,True,2025-02-25,0.0,0.0,0.0
baseline_momentum,2,2025-02-26,3359,ｃｏｔｔａ,2,0.5465798648298129,0.0,-4.793028322440085,True,True,True,2025-02-25,0.0,0.0,0.0
baseline_momentum,2,2025-02-27,4267,ライトワークス,1,0.5486603370422802,0.0,-1.888020833333337,True,True,True,2025-02-26,0.0,0.0,0.0
baseline_momentum,2,2025-02-27,3359,ｃｏｔｔａ,2,0.5458612148507792,0.0,0.0,True,True,True,2025-02-26,0.0,0.0,0.0
baseline_momentum,2,2025-02-28,4267,ライトワークス,1,0.5523237139157889,0.0,-0.9986684420772329,True,True,True,2025-02-27,0.0,0.0,0.0
baseline_momentum,2,2025-02-28,2789,カルラ,2,0.5493586583450535,0.0,-0.8948545861297563,True,True,True,2025-02-27,0.0,0.0,0.0
baseline_momentum,2,2025-03-03,7043,アルー,1,0.5501605946040963,0.0,0.0,True,True,True,2025-02-28,0.0,0.0,0.0
baseline_momentum,2,2025-03-03,4267,ライトワークス,2,0.5479892185134032,0.0,-4.023746701846964,True,True,True,2025-02-28,0.0,0.0,0.0
baseline_momentum,2,2025-03-04,4267,ライトワークス,1,0.5482461338212642,0.0,-1.4814814814814836,True,True,True,2025-03-03,0.0,0.0,0.0
baseline_momentum,2,2025-03-04,7043,アルー,2,0.5480632799380682,1.0,0.5714285714285783,True,True,True,2025-03-03,0.0,0.0,0.0
baseline_momentum,2,2025-03-05,7043,アルー,1,0.5509102479855181,0.0,-2.2253129346314293,True,True,True,2025-03-04,0.0,0.0,0.0
baseline_momentum,2,2025-03-05,4783,ＮＣＤ,2,0.5461185787741717,1.0,0.43494019572309917,True,True,True,2025-03-04,0.0,0.0,0.0
baseline_momentum,2,2025-03-06,7043,アルー,1,0.5521412122564365,0.0,0.0,True,True,True,2025-03-05,0.0,0.0,0.0
baseline_momentum,2,2025-03-06,4783,ＮＣＤ,2,0.5488625547201812,0.0,-0.9352517985611541,True,True,True,2025-03-05,0.0,0.0,0.0
baseline_momentum,2,2025-03-07,4783,ＮＣＤ,1,0.549241309120473,0.0,-4.134650567142339,True,True,True,2025-03-06,0.0,0.0,0.0
baseline_momentum,2,2025-03-07,7043,アルー,2,0.5435398169944239,0.0,0.0,True,True,True,2025-03-06,0.0,0.0,0.0
baseline_momentum,2,2025-03-10,4783,ＮＣＤ,1,0.5601817694970482,0.0,-0.03844675124952124,True,True,True,2025-03-07,0.0,0.0,0.0
baseline_momentum,2,2025-03-10,3238,セントラル総合開発,2,0.5417374500613948,0.0,-0.43478260869564966,True,True,True,2025-03-07,0.0,0.0,0.0
baseline_momentum,2,2025-03-11,4783,ＮＣＤ,1,0.5513273777010046,1.0,3.0604133545309997,True,True,True,2025-03-10,0.0,0.0,0.0
baseline_momentum,2,2025-03-11,9312,ケイヒン,2,0.5496554165962072,0.0,-0.862440707201384,True,True,True,2025-03-10,0.0,0.0,0.0
baseline_momentum,2,2025-03-12,9312,ケイヒン,1,0.5476639066719861,0.0,-0.39113428943937656,True,True,True,2025-03-11,0.0,0.0,0.0
baseline_momentum,2,2025-03-12,4783,ＮＣＤ,2,0.545923851437341,1.0,0.8959875340864842,True,True,True,2025-03-11,0.0,0.0,0.0
baseline_momentum,2,2025-03-13,4783,ＮＣＤ,1,0.5492047571214195,0.0,-2.5522041763341052,True,True,True,2025-03-12,0.0,0.0,0.0
baseline_momentum,2,2025-03-13,4356,応用技術,2,0.5477593693013422,1.0,2.1126760563380254,True,True,True,2025-03-12,0.0,0.0,0.0
baseline_momentum,2,2025-03-14,4783,ＮＣＤ,1,0.5538817147465415,1.0,0.674870980547837,True,True,True,2025-03-13,0.0,0.0,0.0
baseline_momentum,2,2025-03-14,4267,ライトワークス,2,0.545541144917458,1.0,2.194148936170204,True,True,True,2025-03-13,0.0,0.0,0.0
baseline_momentum,2,2025-03-17,4356,応用技術,1,0.5504312592080582,1.0,0.25706940874035134,True,True,True,2025-03-14,0.0,0.0,0.0
baseline_momentum,2,2025-03-17,5380,新東,2,0.5460500311139758,0.0,-0.06561679790025865,True,True,True,2025-03-14,0.0,0.0,0.0
baseline_momentum,2,2025-03-18,4356,応用技術,1,0.5502053883073195,1.0,0.3205128205128194,True,True,True,2025-03-17,0.0,0.0,0.0
baseline_momentum,2,2025-03-18,7266,今仙電機製作所,2,0.5465432514219574,1.0,0.978792822185981,True,True,True,2025-03-17,0.0,0.0,0.0
baseline_momentum,2,2025-03-19,4356,応用技術,1,0.5499822798236444,1.0,0.2562459961563013,True,True,True,2025-03-18,0.0,0.0,0.0
baseline_momentum,2,2025-03-19,7266,今仙電機製作所,2,0.5491051922898453,1.0,3.703703703703698,True,True,True,2025-03-18,0.0,0.0,0.0
baseline_momentum,2,2025-03-21,4356,応用技術,1,0.5525407010707611,0.0,-0.32030749519538215,True,True,True,2025-03-19,0.0,0.0,0.0
baseline_momentum,2,2025-03-21,9539,京葉瓦斯,2,0.5460793604677483,0.0,-0.3741814780168329,True,True,True,2025-03-19,0.0,0.0,0.0
baseline_momentum,2,2025-03-24,4356,応用技術,1,0.5538402776884495,0.0,-0.25889967637540146,True,True,True,2025-03-21,0.0,0.0,0.0
baseline_momentum,2,2025-03-24,7043,アルー,2,0.5475735858443804,0.0,-1.7777777777777781,True,True,True,2025-03-21,0.0,0.0,0.0
baseline_momentum,2,2025-03-25,7043,アルー,1,0.5594650647623739,1.0,3.6308623298033194,True,True,True,2025-03-24,0.0,0.0,0.0
baseline_momentum,2,2025-03-25,8066,三⾕商事,2,0.5504178335131638,0.0,-2.0456707897240745,True,True,True,2025-03-24,0.0,0.0,0.0
baseline_momentum,2,2025-03-26,4356,応用技術,1,0.547676489494798,0.0,-0.1306335728282204,True,True,True,2025-03-25,0.0,0.0,0.0
baseline_momentum,2,2025-03-26,9158,シーユーシー,2,0.5470175780776111,1.0,5.208333333333326,True,True,True,2025-03-25,0.0,0.0,0.0
baseline_momentum,2,2025-03-27,7043,アルー,1,0.5487070331297728,1.0,0.7320644216691097,True,True,True,2025-03-26,0.0,0.0,0.0
baseline_momentum,2,2025-03-27,4356,応用技術,2,0.5453551636649462,0.0,-0.2614379084967311,True,True,True,2025-03-26,0.0,0.0,0.0
baseline_momentum,2,2025-03-28,7043,アルー,1,0.5525903689771752,1.0,1.026392961876832,True,True,True,2025-03-27,0.0,0.0,0.0
baseline_momentum,2,2025-03-28,7266,今仙電機製作所,2,0.5502682599201973,1.0,0.47244094488188004,True,True,True,2025-03-27,0.0,0.0,0.0
baseline_momentum,2,2025-03-31,7813,プラッツ,1,0.5620656873457014,1.0,0.4398826979472137,True,True,True,2025-03-28,0.0,0.0,0.0
baseline_momentum,2,2025-03-31,7266,今仙電機製作所,2,0.5531331961630037,1.0,0.31847133757962887,True,True,True,2025-03-28,0.0,0.0,0.0
baseline_buyback,1,2025-01-06,4267,ライトワークス,1,0.5380009251828843,0.0,0.0,True,True,True,2024-12-30,0.0,0.0,0.0
baseline_buyback,1,2025-01-07,6226,守⾕輸送機⼯業,1,0.5374812713230184,1.0,0.039308176100627534,True,True,True,2025-01-06,0.0,0.0,0.0
baseline_buyback,1,2025-01-08,5161,⻄川ゴム⼯業,1,0.5298223542724679,1.0,0.6263982102908239,True,True,True,2025-01-07,0.0,0.0,0.0
baseline_buyback,1,2025-01-09,9362,兵機海運,1,0.5343143737021016,1.0,1.715039577836408,True,True,True,2025-01-08,0.0,0.0,0.0
baseline_buyback,1,2025-01-10,7730,マニー,1,0.545656129927041,0.0,-2.0689655172413834,True,True,True,2025-01-09,0.0,0.0,0.0
baseline_buyback,1,2025-01-14,4783,ＮＣＤ,1,0.5335379690713941,1.0,2.5123715264560254,True,True,True,2025-01-10,0.0,0.0,0.0
baseline_buyback,1,2025-01-15,6857,アドバンテスト,1,0.5348922844281694,0.0,-3.2258064516129004,True,True,True,2025-01-14,0.0,0.0,0.0
baseline_buyback,1,2025-01-16,4429,リックソフト,1,0.5622546448597396,0.0,-4.30622009569378,True,True,True,2025-01-15,0.0,0.0,0.0
baseline_buyback,1,2025-01-17,3238,セントラル総合開発,1,0.5344831460801291,0.0,-0.20920502092049986,True,True,True,2025-01-16,0.0,0.0,0.0
baseline_buyback,1,2025-01-20,3976,シャノン,1,0.5356516385322161,1.0,3.5196687370600444,True,True,True,2025-01-17,0.0,0.0,0.0
baseline_buyback,1,2025-01-21,4267,ライトワークス,1,0.5326247216310357,1.0,0.7148530579825341,True,True,True,2025-01-20,0.0,0.0,0.0
baseline_buyback,1,2025-01-22,4267,ライトワークス,1,0.5362186001475926,1.0,2.2961203483768733,True,True,True,2025-01-21,0.0,0.0,0.0
baseline_buyback,1,2025-01-23,5851,リョービ,1,0.5349076883550349,0.0,-0.8646779074794608,True,True,True,2025-01-22,1.0,0.0,0.0
baseline_buyback,1,2025-01-24,7205,日野自動車,1,0.5411760426162593,0.0,-0.738007380073813,True,True,True,2025-01-23,0.0,0.0,0.0
baseline_buyback,1,2025-01-27,8066,三⾕商事,1,0.5356106370656275,0.0,-3.121951219512198,True,True,True,2025-01-24,0.0,0.0,0.0
baseline_buyback,1,2025-01-28,8066,三⾕商事,1,0.5427517836918772,1.0,1.1657374556512945,True,True,True,2025-01-27,0.0,0.0,0.0
baseline_buyback,1,2025-01-29,4272,日本化薬,1,0.5368918607335322,0.0,-0.27407987470634554,True,True,True,2025-01-28,0.0,0.0,0.0
baseline_buyback,1,2025-01-30,4267,ライトワークス,1,0.5478597787999047,1.0,0.897226753670477,True,True,True,2025-01-29,0.0,0.0,0.0
baseline_buyback,1,2025-01-31,4267,ライトワークス,1,0.544161676693499,1.0,2.3443815683104274,True,True,True,2025-01-30,0.0,0.0,0.0
baseline_buyback,1,2025-02-03,8366,滋賀銀行,1,0.54696124104674,0.0,0.0,True,True,True,2025-01-31,1.0,1.0,0.0
baseline_buyback,1,2025-02-04,4267,ライトワークス,1,0.5507346474984889,1.0,1.5322580645161343,True,True,True,2025-02-03,0.0,0.0,0.0
baseline_buyback,1,2025-02-05,4267,ライトワークス,1,0.5477693510395348,1.0,3.494837172359011,True,True,True,2025-02-04,0.0,0.0,0.0
baseline_buyback,1,2025-02-06,6547,グリーンズ,1,0.5453113182886068,1.0,2.365308804205002,True,True,True,2025-02-05,0.0,0.0,0.0
baseline_buyback,1,2025-02-07,4267,ライトワークス,1,0.5509840838891435,1.0,0.6304176516942483,True,True,True,2025-02-06,0.0,0.0,0.0
baseline_buyback,1,2025-02-10,4267,ライトワークス,1,0.5494633615998369,1.0,3.6632891660171474,True,True,True,2025-02-07,0.0,0.0,0.0
baseline_buyback,1,2025-02-12,4783,ＮＣＤ,1,0.5634563406277845,1.0,1.0204081632652962,True,True,True,2025-02-10,0.0,0.0,0.0
baseline_buyback,1,2025-02-13,2185,シイエム・シイ,1,0.5520312404212915,0.0,-3.0231179608772973,True,True,True,2025-02-12,1.0,1.0,0.0
baseline_buyback,1,2025-02-14,6758,ソニーグループ,1,0.5581245869564649,0.0,-1.46276595744681,True,True,True,2025-02-13,1.0,1.0,0.0
baseline_buyback,1,2025-02-17,4267,ライトワークス,1,0.5566432849320497,1.0,3.5450516986706093,True,True,True,2025-02-14,0.0,0.0,0.0
baseline_buyback,1,2025-02-18,3238,セントラル総合開発,1,0.5445846511675406,1.0,1.0845986984815648,True,True,True,2025-02-17,0.0,0.0,0.0
baseline_buyback,1,2025-02-19,4267,ライトワークス,1,0.5446102079425701,1.0,1.1251758087201136,True,True,True,2025-02-18,0.0,0.0,0.0
baseline_buyback,1,2025-02-20,5101,横浜ゴム,1,0.5435009630410128,0.0,-4.9886621315192725,True,True,True,2025-02-19,1.0,1.0,0.0
baseline_buyback,1,2025-02-21,4267,ライトワークス,1,0.5420840687056995,1.0,1.4685314685314754,True,True,True,2025-02-20,0.0,0.0,0.0
baseline_buyback,1,2025-02-25,4267,ライトワークス,1,0.5475824933169462,1.0,2.557014512785072,True,True,True,2025-02-21,0.0,0.0,0.0
baseline_buyback,1,2025-02-26,7043,アルー,1,0.5468845665009304,0.0,-0.14224751066855834,True,True,True,2025-02-25,0.0,0.0,0.0
baseline_buyback,1,2025-02-27,4267,ライトワークス,1,0.5473996194140484,0.0,-1.888020833333337,True,True,True,2025-02-26,0.0,0.0,0.0
baseline_buyback,1,2025-02-28,4267,ライトワークス,1,0.5508825003068281,0.0,-0.9986684420772329,True,True,True,2025-02-27,0.0,0.0,0.0
baseline_buyback,1,2025-03-03,7043,アルー,1,0.5490479837162981,0.0,0.0,True,True,True,2025-02-28,0.0,0.0,0.0
baseline_buyback,1,2025-03-04,4267,ライトワークス,1,0.5482382527492164,0.0,-1.4814814814814836,True,True,True,2025-03-03,0.0,0.0,0.0
baseline_buyback,1,2025-03-05,7043,アルー,1,0.5495963477449906,0.0,-2.2253129346314293,True,True,True,2025-03-04,0.0,0.0,0.0
baseline_buyback,1,2025-03-06,7043,アルー,1,0.5509101747429695,0.0,0.0,True,True,True,2025-03-05,0.0,0.0,0.0
baseline_buyback,1,2025-03-07,4783,ＮＣＤ,1,0.5458669481443872,0.0,-4.134650567142339,True,True,True,2025-03-06,0.0,0.0,0.0
baseline_buyback,1,2025-03-10,4783,ＮＣＤ,1,0.557110960203233,0.0,-0.03844675124952124,True,True,True,2025-03-07,0.0,0.0,0.0
baseline_buyback,1,2025-03-11,4783,ＮＣＤ,1,0.5471819258003285,1.0,3.0604133545309997,True,True,True,2025-03-10,0.0,0.0,0.0
baseline_buyback,1,2025-03-12,9312,ケイヒン,1,0.5445975597429575,0.0,-0.39113428943937656,True,True,True,2025-03-11,0.0,0.0,0.0
baseline_buyback,1,2025-03-13,4783,ＮＣＤ,1,0.5450452750502001,0.0,-2.5522041763341052,True,True,True,2025-03-12,0.0,0.0,0.0
baseline_buyback,1,2025-03-14,4783,ＮＣＤ,1,0.5495151665088736,1.0,0.674870980547837,True,True,True,2025-03-13,0.0,0.0,0.0
baseline_buyback,1,2025-03-17,4356,応用技術,1,0.5472832157688021,1.0,0.25706940874035134,True,True,True,2025-03-14,0.0,0.0,0.0
baseline_buyback,1,2025-03-18,4356,応用技術,1,0.5461616014439497,1.0,0.3205128205128194,True,True,True,2025-03-17,0.0,0.0,0.0
baseline_buyback,1,2025-03-19,7266,今仙電機製作所,1,0.5470061829504951,1.0,3.703703703703698,True,True,True,2025-03-18,0.0,0.0,0.0
baseline_buyback,1,2025-03-21,5019,出光興産,1,0.5498493853663188,0.0,-0.8974358974358942,True,True,True,2025-03-19,1.0,1.0,1.0
baseline_buyback,1,2025-03-24,4356,応用技術,1,0.5493741783006382,0.0,-0.25889967637540146,True,True,True,2025-03-21,0.0,0.0,0.0
baseline_buyback,1,2025-03-25,7043,アルー,1,0.5530606719400856,1.0,3.6308623298033194,True,True,True,2025-03-24,0.0,0.0,0.0
baseline_buyback,1,2025-03-26,8217,オークワ,1,0.5447146457605139,1.0,1.6241299303944245,True,True,True,2025-03-25,1.0,1.0,1.0
baseline_buyback,1,2025-03-27,7266,今仙電機製作所,1,0.5461697961772768,0.0,-1.0703363914373099,True,True,True,2025-03-26,0.0,0.0,0.0
baseline_buyback,1,2025-03-28,7043,アルー,1,0.5491199451254958,1.0,1.026392961876832,True,True,True,2025-03-27,0.0,0.0,0.0
baseline_buyback,1,2025-03-31,7813,プラッツ,1,0.5571590548164035,1.0,0.4398826979472137,True,True,True,2025-03-28,0.0,0.0,0.0
baseline_buyback,2,2025-01-06,4267,ライトワークス,1,0.5380009251828843,0.0,0.0,True,True,True,2024-12-30,0.0,0.0,0.0
baseline_buyback,2,2025-01-06,6098,リクルートホールディングス,2,0.5360140741731051,0.0,-3.6656236030397804,True,True,True,2024-12-30,0.0,0.0,0.0
baseline_buyback,2,2025-01-07,6226,守⾕輸送機⼯業,1,0.5374812713230184,1.0,0.039308176100627534,True,True,True,2025-01-06,0.0,0.0,0.0
baseline_buyback,2,2025-01-07,6098,リクルートホールディングス,2,0.5373817121078726,1.0,0.9417040358744355,True,True,True,2025-01-06,1.0,0.0,0.0
baseline_buyback,2,2025-01-08,5161,⻄川ゴム⼯業,1,0.5298223542724679,1.0,0.6263982102908239,True,True,True,2025-01-07,0.0,0.0,0.0
baseline_buyback,2,2025-01-08,9362,兵機海運,2,0.5288899022176338,0.0,-0.3942181340341633,True,True,True,2025-01-07,1.0,0.0,0.0
baseline_buyback,2,2025-01-09,9362,兵機海運,1,0.5343143737021016,1.0,1.715039577836408,True,True,True,2025-01-08,0.0,0.0,0.0
baseline_buyback,2,2025-01-09,7205,日野自動車,2,0.5336541331716872,0.0,-2.6848105921294385,True,True,True,2025-01-08,0.0,0.0,0.0
baseline_buyback,2,2025-01-10,7730,マニー,1,0.545656129927041,0.0,-2.0689655172413834,True,True,True,2025-01-09,0.0,0.0,0.0
baseline_buyback,2,2025-01-10,7205,日野自動車,2,0.5350966873041635,0.0,-2.3075468129374,True,True,True,2025-01-09,0.0,0.0,0.0
baseline_buyback,2,2025-01-14,4783,ＮＣＤ,1,0.5335379690713941,1.0,2.5123715264560254,True,True,True,2025-01-10,0.0,0.0,0.0
baseline_buyback,2,2025-01-14,1803,清水建設,2,0.5322962946679702,0.0,-0.35545023696682554,True,True,True,2025-01-10,0.0,0.0,0.0
baseline_buyback,2,2025-01-15,6857,アドバンテスト,1,0.5348922844281694,0.0,-3.2258064516129004,True,True,True,2025-01-14,0.0,0.0,0.0
baseline_buyback,2,2025-01-15,4343,イオンファンタジー,2,0.5345685887187562,1.0,1.1829652996845352,True,True,True,2025-01-14,0.0,0.0,0.0
baseline_buyback,2,2025-01-16,4429,リックソフト,1,0.5622546448597396,0.0,-4.30622009569378,True,True,True,2025-01-15,0.0,0.0,0.0
baseline_buyback,2,2025-01-16,245A,ＩＮＧＳ,2,0.5513400930234436,0.0,-6.5424806905951876,True,True,True,2025-01-15,0.0,0.0,0.0
baseline_buyback,2,2025-01-17,3238,セントラル総合開発,1,0.5344831460801291,0.0,-0.20920502092049986,True,True,True,2025-01-16,0.0,0.0,0.0
baseline_buyback,2,2025-01-17,8141,新光商事,2,0.5314877314711807,0.0,-0.3894839337877265,True,True,True,2025-01-16,0.0,0.0,0.0
baseline_buyback,2,2025-01-20,3976,シャノン,1,0.5356516385322161,1.0,3.5196687370600444,True,True,True,2025-01-17,0.0,0.0,0.0
baseline_buyback,2,2025-01-20,2986,ＬＡホールディングス,2,0.5326854771401565,1.0,4.496402877697836,True,True,True,2025-01-17,0.0,0.0,0.0
baseline_buyback,2,2025-01-21,4267,ライトワークス,1,0.5326247216310357,1.0,0.7148530579825341,True,True,True,2025-01-20,0.0,0.0,0.0
baseline_buyback,2,2025-01-21,3238,セントラル総合開発,2,0.5290840151196777,1.0,1.7057569296375252,True,True,True,2025-01-20,0.0,0.0,0.0
baseline_buyback,2,2025-01-22,4267,ライトワークス,1,0.5362186001475926,1.0,2.2961203483768733,True,True,True,2025-01-21,0.0,0.0,0.0
baseline_buyback,2,2025-01-22,8066,三⾕商事,2,0.5333559014512967,1.0,0.33653846153847145,True,True,True,2025-01-21,0.0,0.0,0.0
baseline_buyback,2,2025-01-23,5851,リョービ,1,0.5349076883550349,0.0,-0.8646779074794608,True,True,True,2025-01-22,1.0,0.0,0.0
baseline_buyback,2,2025-01-23,8066,三⾕商事,2,0.5324896048189663,1.0,0.6366307541625815,True,True,True,2025-01-22,0.0,0.0,0.0
baseline_buyback,2,2025-01-24,7205,日野自動車,1,0.5411760426162593,0.0,-0.738007380073813,True,True,True,2025-01-23,0.0,0.0,0.0
baseline_buyback,2,2025-01-24,8066,三⾕商事,2,0.5373194924614231,1.0,0.048661800486615725,True,True,True,2025-01-23,0.0,0.0,0.0
baseline_buyback,2,2025-01-27,8066,三⾕商事,1,0.5356106370656275,0.0,-3.121951219512198,True,True,True,2025-01-24,0.0,0.0,0.0
baseline_buyback,2,2025-01-27,5851,リョービ,2,0.5343363921260662,0.0,-0.04347826086956719,True,True,True,2025-01-24,0.0,0.0,0.0
baseline_buyback,2,2025-01-28,8066,三⾕商事,1,0.5427517836918772,1.0,1.1657374556512945,True,True,True,2025-01-27,0.0,0.0,0.0
baseline_buyback,2,2025-01-28,4267,ライトワークス,2,0.5359625337273857,1.0,2.499999999999991,True,True,True,2025-01-27,0.0,0.0,0.0
baseline_buyback,2,2025-01-29,4272,日本化薬,1,0.5368918607335322,0.0,-0.27407987470634554,True,True,True,2025-01-28,0.0,0.0,0.0
baseline_buyback,2,2025-01-29,6875,メガチップス,2,0.536239697438981,1.0,0.8561643835616417,True,True,True,2025-01-28,0.0,0.0,0.0
baseline_buyback,2,2025-01-30,4267,ライトワークス,1,0.5478597787999047,1.0,0.897226753670477,True,True,True,2025-01-29,0.0,0.0,0.0
baseline_buyback,2,2025-01-30,8066,三⾕商事,2,0.5426109592576972,1.0,1.2506513809275699,True,True,True,2025-01-29,0.0,0.0,0.0
baseline_buyback,2,2025-01-31,4267,ライトワークス,1,0.544161676693499,1.0,2.3443815683104274,True,True,True,2025-01-30,0.0,0.0,0.0
baseline_buyback,2,2025-01-31,2997,ストレージ王,2,0.5421640857850212,0.0,-1.6913319238900604,True,True,True,2025-01-30,0.0,0.0,0.0
baseline_buyback,2,2025-02-03,8366,滋賀銀行,1,0.54696124104674,0.0,0.0,True,True,True,2025-01-31,1.0,1.0,0.0
baseline_buyback,2,2025-02-03,6547,グリーンズ,2,0.5449116249950128,1.0,0.7669365146996121,True,True,True,2025-01-31,0.0,0.0,0.0
baseline_buyback,2,2025-02-04,4267,ライトワークス,1,0.5507346474984889,1.0,1.5322580645161343,True,True,True,2025-02-03,0.0,0.0,0.0
baseline_buyback,2,2025-02-04,7806,ＭＴＧ,2,0.543989433568203,0.0,-1.488569909622539,True,True,True,2025-02-03,0.0,0.0,0.0
baseline_buyback,2,2025-02-05,4267,ライトワークス,1,0.5477693510395348,1.0,3.494837172359011,True,True,True,2025-02-04,0.0,0.0,0.0
baseline_buyback,2,2025-02-05,6547,グリーンズ,2,0.5441706915421849,0.0,-2.719932001699954,True,True,True,2025-02-04,0.0,0.0,0.0
baseline_buyback,2,2025-02-06,6547,グリーンズ,1,0.5453113182886068,1.0,2.365308804205002,True,True,True,2025-02-05,0.0,0.0,0.0
baseline_buyback,2,2025-02-06,4267,ライトワークス,2,0.5439193468199368,0.0,-1.8461538461538418,True,True,True,2025-02-05,0.0,0.0,0.0
baseline_buyback,2,2025-02-07,4267,ライトワークス,1,0.5509840838891435,1.0,0.6304176516942483,True,True,True,2025-02-06,0.0,0.0,0.0
baseline_buyback,2,2025-02-07,3800,ユニリタ,2,0.539025524034572,1.0,0.7049345417925457,True,True,True,2025-02-06,0.0,0.0,0.0
baseline_buyback,2,2025-02-10,4267,ライトワークス,1,0.5494633615998369,1.0,3.6632891660171474,True,True,True,2025-02-07,0.0,0.0,0.0
baseline_buyback,2,2025-02-10,7089,フォースタートアップス,2,0.5436997642576307,1.0,0.29970029970030065,True,True,True,2025-02-07,1.0,1.0,0.0
baseline_buyback,2,2025-02-12,4783,ＮＣＤ,1,0.5634563406277845,1.0,1.0204081632652962,True,True,True,2025-02-10,0.0,0.0,0.0
baseline_buyback,2,2025-02-12,4404,ミヨシ油脂,2,0.5443598492638207,1.0,0.7936507936507908,True,True,True,2025-02-10,1.0,0.0,0.0
baseline_buyback,2,2025-02-13,2185,シイエム・シイ,1,0.5520312404212915,0.0,-3.0231179608772973,True,True,True,2025-02-12,1.0,1.0,0.0
baseline_buyback,2,2025-02-13,1950,日本電設⼯業,2,0.5514326690391129,1.0,0.7619047619047636,True,True,True,2025-02-12,1.0,1.0,0.0
baseline_buyback,2,2025-02-14,6758,ソニーグループ,1,0.5581245869564649,0.0,-1.46276595744681,True,True,True,2025-02-13,1.0,1.0,0.0
baseline_buyback,2,2025-02-14,6547,グリーンズ,2,0.5539611537210752,1.0,3.3542976939203273,True,True,True,2025-02-13,1.0,1.0,0.0
baseline_buyback,2,2025-02-17,4267,ライトワークス,1,0.5566432849320497,1.0,3.5450516986706093,True,True,True,2025-02-14,0.0,0.0,0.0
baseline_buyback,2,2025-02-17,5851,リョービ,2,0.5480685818485126,1.0,2.207207207207218,True,True,True,2025-02-14,0.0,0.0,0.0
baseline_buyback,2,2025-02-18,3238,セントラル総合開発,1,0.5445846511675406,1.0,1.0845986984815648,True,True,True,2025-02-17,0.0,0.0,0.0
baseline_buyback,2,2025-02-18,6135,牧野フライス製作所,2,0.5401953804501014,0.0,-0.1680672268907557,True,True,True,2025-02-17,0.0,0.0,0.0
baseline_buyback,2,2025-02-19,4267,ライトワークス,1,0.5446102079425701,1.0,1.1251758087201136,True,True,True,2025-02-18,0.0,0.0,0.0
baseline_buyback,2,2025-02-19,3238,セントラル総合開発,2,0.5395384034142519,1.0,0.8639308855291628,True,True,True,2025-02-18,0.0,0.0,0.0
baseline_buyback,2,2025-02-20,5101,横浜ゴム,1,0.5435009630410128,0.0,-4.9886621315192725,True,True,True,2025-02-19,1.0,1.0,0.0
baseline_buyback,2,2025-02-20,4267,ライトワークス,2,0.5410320326806846,1.0,1.1716057891109521,True,True,True,2025-02-19,0.0,0.0,0.0
baseline_buyback,2,2025-02-21,4267,ライトワークス,1,0.5420840687056995,1.0,1.4685314685314754,True,True,True,2025-02-20,0.0,0.0,0.0
baseline_buyback,2,2025-02-21,7043,アルー,2,0.5411026701622894,1.0,0.14326647564470996,True,True,True,2025-02-20,0.0,0.0,0.0
baseline_buyback,2,2025-02-25,4267,ライトワークス,1,0.5475824933169462,1.0,2.557014512785072,True,True,True,2025-02-21,0.0,0.0,0.0
baseline_buyback,2,2025-02-25,7043,アルー,2,0.5468696854892211,1.0,0.4285714285714226,True,True,True,2025-02-21,0.0,0.0,0.0
baseline_buyback,2,2025-02-26,7043,アルー,1,0.5468845665009304,0.0,-0.14224751066855834,True,True,True,2025-02-25,0.0,0.0,0.0
baseline_buyback,2,2025-02-26,3359,ｃｏｔｔａ,2,0.5436660984916846,0.0,-4.793028322440085,True,True,True,2025-02-25,0.0,0.0,0.0
baseline_buyback,2,2025-02-27,4267,ライトワークス,1,0.5473996194140484,0.0,-1.888020833333337,True,True,True,2025-02-26,0.0,0.0,0.0
baseline_buyback,2,2025-02-27,7043,アルー,2,0.5449179088179648,1.0,0.8595988538681931,True,True,True,2025-02-26,0.0,0.0,0.0
baseline_buyback,2,2025-02-28,4267,ライトワークス,1,0.5508825003068281,0.0,-0.9986684420772329,True,True,True,2025-02-27,0.0,0.0,0.0
baseline_buyback,2,2025-02-28,7043,アルー,2,0.5469467832617412,1.0,0.5706134094151105,True,True,True,2025-02-27,0.0,0.0,0.0
baseline_buyback,2,2025-03-03,7043,アルー,1,0.5490479837162981,0.0,0.0,True,True,True,2025-02-28,0.0,0.0,0.0
baseline_buyback,2,2025-03-03,4267,ライトワークス,2,0.5464003687133433,0.0,-4.023746701846964,True,True,True,2025-02-28,0.0,0.0,0.0
baseline_buyback,2,2025-03-04,4267,ライトワークス,1,0.5482382527492164,0.0,-1.4814814814814836,True,True,True,2025-03-03,0.0,0.0,0.0
baseline_buyback,2,2025-03-04,7043,アルー,2,0.5476942871508296,1.0,0.5714285714285783,True,True,True,2025-03-03,0.0,0.0,0.0
baseline_buyback,2,2025-03-05,7043,アルー,1,0.5495963477449906,0.0,-2.2253129346314293,True,True,True,2025-03-04,0.0,0.0,0.0
baseline_buyback,2,2025-03-05,4783,ＮＣＤ,2,0.5427714170520543,1.0,0.43494019572309917,True,True,True,2025-03-04,0.0,0.0,0.0
baseline_buyback,2,2025-03-06,7043,アルー,1,0.5509101747429695,0.0,0.0,True,True,True,2025-03-05,0.0,0.0,0.0
baseline_buyback,2,2025-03-06,4783,ＮＣＤ,2,0.5455309357884488,0.0,-0.9352517985611541,True,True,True,2025-03-05,0.0,0.0,0.0
baseline_buyback,2,2025-03-07,4783,ＮＣＤ,1,0.5458669481443872,0.0,-4.134650567142339,True,True,True,2025-03-06,0.0,0.0,0.0
baseline_buyback,2,2025-03-07,7043,アルー,2,0.5437486148630796,0.0,0.0,True,True,True,2025-03-06,0.0,0.0,0.0
baseline_buyback,2,2025-03-10,4783,ＮＣＤ,1,0.557110960203233,0.0,-0.03844675124952124,True,True,True,2025-03-07,0.0,0.0,0.0
baseline_buyback,2,2025-03-10,7043,アルー,2,0.541818308174306,0.0,0.0,True,True,True,2025-03-07,0.0,0.0,0.0
baseline_buyback,2,2025-03-11,4783,ＮＣＤ,1,0.5471819258003285,1.0,3.0604133545309997,True,True,True,2025-03-10,0.0,0.0,0.0
baseline_buyback,2,2025-03-11,4267,ライトワークス,2,0.5457194017351238,1.0,0.13377926421405117,True,True,True,2025-03-10,0.0,0.0,0.0
baseline_buyback,2,2025-03-12,9312,ケイヒン,1,0.5445975597429575,0.0,-0.39113428943937656,True,True,True,2025-03-11,0.0,0.0,0.0
baseline_buyback,2,2025-03-12,4267,ライトワークス,2,0.5426059159933497,1.0,1.464713715046595,True,True,True,2025-03-11,0.0,0.0,0.0
baseline_buyback,2,2025-03-13,4783,ＮＣＤ,1,0.5450452750502001,0.0,-2.5522041763341052,True,True,True,2025-03-12,0.0,0.0,0.0
baseline_buyback,2,2025-03-13,4356,応用技術,2,0.5447289806229364,1.0,2.1126760563380254,True,True,True,2025-03-12,0.0,0.0,0.0
baseline_buyback,2,2025-03-14,4783,ＮＣＤ,1,0.5495151665088736,1.0,0.674870980547837,True,True,True,2025-03-13,0.0,0.0,0.0
baseline_buyback,2,2025-03-14,4267,ライトワークス,2,0.54434164519217,1.0,2.194148936170204,True,True,True,2025-03-13,0.0,0.0,0.0
baseline_buyback,2,2025-03-17,4356,応用技術,1,0.5472832157688021,1.0,0.25706940874035134,True,True,True,2025-03-14,0.0,0.0,0.0
baseline_buyback,2,2025-03-17,9265,ヤマシタヘルスケアホールディングス,2,0.542282750138868,0.0,-0.5693235097119942,True,True,True,2025-03-14,0.0,0.0,0.0
baseline_buyback,2,2025-03-18,4356,応用技術,1,0.5461616014439497,1.0,0.3205128205128194,True,True,True,2025-03-17,0.0,0.0,0.0
baseline_buyback,2,2025-03-18,7345,アイ・パートナーズフィナンシャル,2,0.543996233107484,0.0,-1.7793594306049876,True,True,True,2025-03-17,0.0,0.0,0.0
baseline_buyback,2,2025-03-19,7266,今仙電機製作所,1,0.5470061829504951,1.0,3.703703703703698,True,True,True,2025-03-18,0.0,0.0,0.0
baseline_buyback,2,2025-03-19,4380,Ｍマート,2,0.5465818762679533,1.0,4.847986852917008,True,True,True,2025-03-18,0.0,0.0,0.0
baseline_buyback,2,2025-03-21,5019,出光興産,1,0.5498493853663188,0.0,-0.8974358974358942,True,True,True,2025-03-19,1.0,1.0,1.0
baseline_buyback,2,2025-03-21,4356,応用技術,2,0.548808049361626,0.0,-0.32030749519538215,True,True,True,2025-03-19,0.0,0.0,0.0
baseline_buyback,2,2025-03-24,4356,応用技術,1,0.5493741783006382,0.0,-0.25889967637540146,True,True,True,2025-03-21,0.0,0.0,0.0
baseline_buyback,2,2025-03-24,7043,アルー,2,0.5449862603186845,0.0,-1.7777777777777781,True,True,True,2025-03-21,0.0,0.0,0.0
baseline_buyback,2,2025-03-25,7043,アルー,1,0.5530606719400856,1.0,3.6308623298033194,True,True,True,2025-03-24,0.0,0.0,0.0
baseline_buyback,2,2025-03-25,8066,三⾕商事,2,0.5471819866144582,0.0,-2.0456707897240745,True,True,True,2025-03-24,0.0,0.0,0.0
baseline_buyback,2,2025-03-26,8217,オークワ,1,0.5447146457605139,1.0,1.6241299303944245,True,True,True,2025-03-25,1.0,1.0,1.0
baseline_buyback,2,2025-03-26,7266,今仙電機製作所,2,0.5443356539727807,1.0,0.45801526717557106,True,True,True,2025-03-25,0.0,0.0,0.0
baseline_buyback,2,2025-03-27,7266,今仙電機製作所,1,0.5461697961772768,0.0,-1.0703363914373099,True,True,True,2025-03-26,0.0,0.0,0.0
baseline_buyback,2,2025-03-27,7043,アルー,2,0.5449168335468083,1.0,0.7320644216691097,True,True,True,2025-03-26,0.0,0.0,0.0
baseline_buyback,2,2025-03-28,7043,アルー,1,0.5491199451254958,1.0,1.026392961876832,True,True,True,2025-03-27,0.0,0.0,0.0
baseline_buyback,2,2025-03-28,7266,今仙電機製作所,2,0.5485678226079483,1.0,0.47244094488188004,True,True,True,2025-03-27,0.0,0.0,0.0
baseline_buyback,2,2025-03-31,7813,プラッツ,1,0.5571590548164035,1.0,0.4398826979472137,True,True,True,2025-03-28,0.0,0.0,0.0
baseline_buyback,2,2025-03-31,6118,アイダエンジニアリング,2,0.5527084723124515,1.0,3.828306264501169,True,True,True,2025-03-28,1.0,1.0,0.0
baseline_dividend_sign,1,2025-01-06,4267,ライトワークス,1,0.5380188515786679,0.0,0.0,True,True,True,2024-12-30,0.0,0.0,0.0
baseline_dividend_sign,1,2025-01-07,6226,守⾕輸送機⼯業,1,0.5374657791026338,1.0,0.039308176100627534,True,True,True,2025-01-06,0.0,0.0,0.0
baseline_dividend_sign,1,2025-01-08,5161,⻄川ゴム⼯業,1,0.529841387332458,1.0,0.6263982102908239,True,True,True,2025-01-07,0.0,0.0,0.0
baseline_dividend_sign,1,2025-01-09,9362,兵機海運,1,0.5343513586593119,1.0,1.715039577836408,True,True,True,2025-01-08,0.0,0.0,0.0
baseline_dividend_sign,1,2025-01-10,7730,マニー,1,0.5456465122120637,0.0,-2.0689655172413834,True,True,True,2025-01-09,0.0,0.0,0.0
baseline_dividend_sign,1,2025-01-14,4783,ＮＣＤ,1,0.5335384986620968,1.0,2.5123715264560254,True,True,True,2025-01-10,0.0,0.0,0.0
baseline_dividend_sign,1,2025-01-15,6857,アドバンテスト,1,0.5348866169503981,0.0,-3.2258064516129004,True,True,True,2025-01-14,0.0,0.0,0.0
baseline_dividend_sign,1,2025-01-16,4429,リックソフト,1,0.5622145605085437,0.0,-4.30622009569378,True,True,True,2025-01-15,0.0,0.0,0.0
baseline_dividend_sign,1,2025-01-17,3238,セントラル総合開発,1,0.5344946708437098,0.0,-0.20920502092049986,True,True,True,2025-01-16,0.0,0.0,0.0
baseline_dividend_sign,1,2025-01-20,3976,シャノン,1,0.5356328016397945,1.0,3.5196687370600444,True,True,True,2025-01-17,0.0,0.0,0.0
baseline_dividend_sign,1,2025-01-21,4267,ライトワークス,1,0.5326548677668532,1.0,0.7148530579825341,True,True,True,2025-01-20,0.0,0.0,0.0
baseline_dividend_sign,1,2025-01-22,4267,ライトワークス,1,0.5362417866633274,1.0,2.2961203483768733,True,True,True,2025-01-21,0.0,0.0,0.0
baseline_dividend_sign,1,2025-01-23,5851,リョービ,1,0.5349394307094756,0.0,-0.8646779074794608,True,True,True,2025-01-22,1.0,0.0,0.0
baseline_dividend_sign,1,2025-01-24,7205,日野自動車,1,0.5411672440452765,0.0,-0.738007380073813,True,True,True,2025-01-23,0.0,0.0,0.0
baseline_dividend_sign,1,2025-01-27,8066,三⾕商事,1,0.5356365142068115,0.0,-3.121951219512198,True,True,True,2025-01-24,0.0,0.0,0.0
baseline_dividend_sign,1,2025-01-28,8066,三⾕商事,1,0.5427518544070982,1.0,1.1657374556512945,True,True,True,2025-01-27,0.0,0.0,0.0
baseline_dividend_sign,1,2025-01-29,4272,日本化薬,1,0.5369122526342821,0.0,-0.27407987470634554,True,True,True,2025-01-28,0.0,0.0,0.0
baseline_dividend_sign,1,2025-01-30,4267,ライトワークス,1,0.5478601855876614,1.0,0.897226753670477,True,True,True,2025-01-29,0.0,0.0,0.0
baseline_dividend_sign,1,2025-01-31,4267,ライトワークス,1,0.5441909076888245,1.0,2.3443815683104274,True,True,True,2025-01-30,0.0,0.0,0.0
baseline_dividend_sign,1,2025-02-03,6547,グリーンズ,1,0.5449440481742515,1.0,0.7669365146996121,True,True,True,2025-01-31,0.0,0.0,0.0
baseline_dividend_sign,1,2025-02-04,4272,日本化薬,1,0.5581744638993148,1.0,1.653764954257575,True,True,True,2025-02-03,1.0,1.0,0.0
baseline_dividend_sign,1,2025-02-05,4267,ライトワークス,1,0.5478403016583517,1.0,3.494837172359011,True,True,True,2025-02-04,0.0,0.0,0.0
baseline_dividend_sign,1,2025-02-06,6547,グリーンズ,1,0.5453310923608444,1.0,2.365308804205002,True,True,True,2025-02-05,0.0,0.0,0.0
baseline_dividend_sign,1,2025-02-07,4267,ライトワークス,1,0.5510430774645203,1.0,0.6304176516942483,True,True,True,2025-02-06,0.0,0.0,0.0
baseline_dividend_sign,1,2025-02-10,4267,ライトワークス,1,0.5495331771434732,1.0,3.6632891660171474,True,True,True,2025-02-07,0.0,0.0,0.0
baseline_dividend_sign,1,2025-02-12,4783,ＮＣＤ,1,0.563470753311817,1.0,1.0204081632652962,True,True,True,2025-02-10,0.0,0.0,0.0
baseline_dividend_sign,1,2025-02-13,3402,東レ,1,0.5503124563132166,0.0,-0.24449877750610804,True,True,True,2025-02-12,1.0,0.0,0.0
baseline_dividend_sign,1,2025-02-14,2120,ＬＩＦＵＬＬ,1,0.5538089899286701,1.0,1.1111111111111072,True,True,True,2025-02-13,0.0,0.0,0.0
baseline_dividend_sign,1,2025-02-17,4267,ライトワークス,1,0.5567033899650046,1.0,3.5450516986706093,True,True,True,2025-02-14,0.0,0.0,0.0
baseline_dividend_sign,1,2025-02-18,3238,セントラル総合開発,1,0.544623446727536,1.0,1.0845986984815648,True,True,True,2025-02-17,0.0,0.0,0.0
baseline_dividend_sign,1,2025-02-19,4267,ライトワークス,1,0.5446807230619527,1.0,1.1251758087201136,True,True,True,2025-02-18,0.0,0.0,0.0
baseline_dividend_sign,1,2025-02-20,4267,ライトワークス,1,0.5411110878543436,1.0,1.1716057891109521,True,True,True,2025-02-19,0.0,0.0,0.0
baseline_dividend_sign,1,2025-02-21,4267,ライトワークス,1,0.542159554121269,1.0,1.4685314685314754,True,True,True,2025-02-20,0.0,0.0,0.0
baseline_dividend_sign,1,2025-02-25,4267,ライトワークス,1,0.5476604762371309,1.0,2.557014512785072,True,True,True,2025-02-21,0.0,0.0,0.0
baseline_dividend_sign,1,2025-02-26,7043,アルー,1,0.5469478907489862,0.0,-0.14224751066855834,True,True,True,2025-02-25,0.0,0.0,0.0
baseline_dividend_sign,1,2025-02-27,4267,ライトワークス,1,0.5474848329072598,0.0,-1.888020833333337,True,True,True,2025-02-26,0.0,0.0,0.0
baseline_dividend_sign,1,2025-02-28,4267,ライトワークス,1,0.5509436435182138,0.0,-0.9986684420772329,True,True,True,2025-02-27,0.0,0.0,0.0
baseline_dividend_sign,1,2025-03-03,7043,アルー,1,0.5490488840598787,0.0,0.0,True,True,True,2025-02-28,0.0,0.0,0.0
baseline_dividend_sign,1,2025-03-04,4267,ライトワークス,1,0.5482429027111456,0.0,-1.4814814814814836,True,True,True,2025-03-03,0.0,0.0,0.0
baseline_dividend_sign,1,2025-03-05,7043,アルー,1,0.5495974534935915,0.0,-2.2253129346314293,True,True,True,2025-03-04,0.0,0.0,0.0
baseline_dividend_sign,1,2025-03-06,7043,アルー,1,0.5509177168134766,0.0,0.0,True,True,True,2025-03-05,0.0,0.0,0.0
baseline_dividend_sign,1,2025-03-07,4783,ＮＣＤ,1,0.5458825361983418,0.0,-4.134650567142339,True,True,True,2025-03-06,0.0,0.0,0.0
baseline_dividend_sign,1,2025-03-10,4783,ＮＣＤ,1,0.5571240014758568,0.0,-0.03844675124952124,True,True,True,2025-03-07,0.0,0.0,0.0
baseline_dividend_sign,1,2025-03-11,4783,ＮＣＤ,1,0.5472019756355393,1.0,3.0604133545309997,True,True,True,2025-03-10,0.0,0.0,0.0
baseline_dividend_sign,1,2025-03-12,9312,ケイヒン,1,0.5445981089299029,0.0,-0.39113428943937656,True,True,True,2025-03-11,0.0,0.0,0.0
baseline_dividend_sign,1,2025-03-13,4783,ＮＣＤ,1,0.5450581730758374,0.0,-2.5522041763341052,True,True,True,2025-03-12,0.0,0.0,0.0
baseline_dividend_sign,1,2025-03-14,3921,ネオジャパン,1,0.5535947245313882,0.0,-0.26490066225165476,True,True,True,2025-03-13,1.0,1.0,0.0
baseline_dividend_sign,1,2025-03-17,6848,東亜ディーケーケー,1,0.5531804320221738,1.0,0.8454106280193274,True,True,True,2025-03-14,1.0,1.0,0.0
baseline_dividend_sign,1,2025-03-18,5888,ＤＡＩＷＡ ＣＹＣＬＥ,1,0.5693487078508481,1.0,8.416547788873041,True,True,True,2025-03-17,1.0,1.0,1.0
baseline_dividend_sign,1,2025-03-19,9782,ディーエムエス,1,0.56874447385076,0.0,0.0,True,True,True,2025-03-18,1.0,1.0,0.0
baseline_dividend_sign,1,2025-03-21,8346,東邦銀行,1,0.55727626204981,1.0,1.4285714285714235,True,True,True,2025-03-19,1.0,1.0,0.0
baseline_dividend_sign,1,2025-03-24,9031,⻄日本鉄道,1,0.5706744393703075,1.0,0.9459459459459474,True,True,True,2025-03-21,1.0,1.0,0.0
baseline_dividend_sign,1,2025-03-25,3180,ビューティガレージ,1,0.5602641181305095,1.0,0.48840048840048667,True,True,True,2025-03-24,1.0,1.0,0.0
baseline_dividend_sign,1,2025-03-26,6644,大崎電気⼯業,1,0.547183702594305,1.0,1.5625,True,True,True,2025-03-25,1.0,1.0,0.0
baseline_dividend_sign,1,2025-03-27,7266,今仙電機製作所,1,0.5461606415468636,0.0,-1.0703363914373099,True,True,True,2025-03-26,0.0,0.0,0.0
baseline_dividend_sign,1,2025-03-28,7043,アルー,1,0.5491164597413246,1.0,1.026392961876832,True,True,True,2025-03-27,0.0,0.0,0.0
baseline_dividend_sign,1,2025-03-31,7813,プラッツ,1,0.5571598431658393,1.0,0.4398826979472137,True,True,True,2025-03-28,0.0,0.0,0.0
baseline_dividend_sign,2,2025-01-06,4267,ライトワークス,1,0.5380188515786679,0.0,0.0,True,True,True,2024-12-30,0.0,0.0,0.0
baseline_dividend_sign,2,2025-01-06,6098,リクルートホールディングス,2,0.5360126318803715,0.0,-3.6656236030397804,True,True,True,2024-12-30,0.0,0.0,0.0
baseline_dividend_sign,2,2025-01-07,6226,守⾕輸送機⼯業,1,0.5374657791026338,1.0,0.039308176100627534,True,True,True,2025-01-06,0.0,0.0,0.0
baseline_dividend_sign,2,2025-01-07,6098,リクルートホールディングス,2,0.5373753305798741,1.0,0.9417040358744355,True,True,True,2025-01-06,1.0,0.0,0.0
baseline_dividend_sign,2,2025-01-08,5161,⻄川ゴム⼯業,1,0.529841387332458,1.0,0.6263982102908239,True,True,True,2025-01-07,0.0,0.0,0.0
baseline_dividend_sign,2,2025-01-08,9362,兵機海運,2,0.5289384984470318,0.0,-0.3942181340341633,True,True,True,2025-01-07,1.0,0.0,0.0
baseline_dividend_sign,2,2025-01-09,9362,兵機海運,1,0.5343513586593119,1.0,1.715039577836408,True,True,True,2025-01-08,0.0,0.0,0.0
baseline_dividend_sign,2,2025-01-09,7205,日野自動車,2,0.5336732751875249,0.0,-2.6848105921294385,True,True,True,2025-01-08,0.0,0.0,0.0
baseline_dividend_sign,2,2025-01-10,7730,マニー,1,0.5456465122120637,0.0,-2.0689655172413834,True,True,True,2025-01-09,0.0,0.0,0.0
baseline_dividend_sign,2,2025-01-10,7205,日野自動車,2,0.5351044433198276,0.0,-2.3075468129374,True,True,True,2025-01-09,0.0,0.0,0.0
baseline_dividend_sign,2,2025-01-14,4783,ＮＣＤ,1,0.5335384986620968,1.0,2.5123715264560254,True,True,True,2025-01-10,0.0,0.0,0.0
baseline_dividend_sign,2,2025-01-14,1803,清水建設,2,0.5323091251857508,0.0,-0.35545023696682554,True,True,True,2025-01-10,0.0,0.0,0.0
baseline_dividend_sign,2,2025-01-15,6857,アドバンテスト,1,0.5348866169503981,0.0,-3.2258064516129004,True,True,True,2025-01-14,0.0,0.0,0.0
baseline_dividend_sign,2,2025-01-15,4343,イオンファンタジー,2,0.5345805866677885,1.0,1.1829652996845352,True,True,True,2025-01-14,0.0,0.0,0.0
baseline_dividend_sign,2,2025-01-16,4429,リックソフト,1,0.5622145605085437,0.0,-4.30622009569378,True,True,True,2025-01-15,0.0,0.0,0.0
baseline_dividend_sign,2,2025-01-16,245A,ＩＮＧＳ,2,0.5512759445185539,0.0,-6.5424806905951876,True,True,True,2025-01-15,0.0,0.0,0.0
baseline_dividend_sign,2,2025-01-17,3238,セントラル総合開発,1,0.5344946708437098,0.0,-0.20920502092049986,True,True,True,2025-01-16,0.0,0.0,0.0
baseline_dividend_sign,2,2025-01-17,8141,新光商事,2,0.531497252056822,0.0,-0.3894839337877265,True,True,True,2025-01-16,0.0,0.0,0.0
baseline_dividend_sign,2,2025-01-20,3976,シャノン,1,0.5356328016397945,1.0,3.5196687370600444,True,True,True,2025-01-17,0.0,0.0,0.0
baseline_dividend_sign,2,2025-01-20,2986,ＬＡホールディングス,2,0.5326890152184353,1.0,4.496402877697836,True,True,True,2025-01-17,0.0,0.0,0.0
baseline_dividend_sign,2,2025-01-21,4267,ライトワークス,1,0.5326548677668532,1.0,0.7148530579825341,True,True,True,2025-01-20,0.0,0.0,0.0
baseline_dividend_sign,2,2025-01-21,3238,セントラル総合開発,2,0.5290968933764163,1.0,1.7057569296375252,True,True,True,2025-01-20,0.0,0.0,0.0
baseline_dividend_sign,2,2025-01-22,4267,ライトワークス,1,0.5362417866633274,1.0,2.2961203483768733,True,True,True,2025-01-21,0.0,0.0,0.0
baseline_dividend_sign,2,2025-01-22,8066,三⾕商事,2,0.5333858196706498,1.0,0.33653846153847145,True,True,True,2025-01-21,0.0,0.0,0.0
baseline_dividend_sign,2,2025-01-23,5851,リョービ,1,0.5349394307094756,0.0,-0.8646779074794608,True,True,True,2025-01-22,1.0,0.0,0.0
baseline_dividend_sign,2,2025-01-23,8066,三⾕商事,2,0.5325190644577033,1.0,0.6366307541625815,True,True,True,2025-01-22,0.0,0.0,0.0
baseline_dividend_sign,2,2025-01-24,7205,日野自動車,1,0.5411672440452765,0.0,-0.738007380073813,True,True,True,2025-01-23,0.0,0.0,0.0
baseline_dividend_sign,2,2025-01-24,8066,三⾕商事,2,0.5373484309217367,1.0,0.048661800486615725,True,True,True,2025-01-23,0.0,0.0,0.0
baseline_dividend_sign,2,2025-01-27,8066,三⾕商事,1,0.5356365142068115,0.0,-3.121951219512198,True,True,True,2025-01-24,0.0,0.0,0.0
baseline_dividend_sign,2,2025-01-27,5851,リョービ,2,0.5343517983704669,0.0,-0.04347826086956719,True,True,True,2025-01-24,0.0,0.0,0.0
baseline_dividend_sign,2,2025-01-28,8066,三⾕商事,1,0.5427518544070982,1.0,1.1657374556512945,True,True,True,2025-01-27,0.0,0.0,0.0
baseline_dividend_sign,2,2025-01-28,4267,ライトワークス,2,0.5359936077357907,1.0,2.499999999999991,True,True,True,2025-01-27,0.0,0.0,0.0
baseline_dividend_sign,2,2025-01-29,4272,日本化薬,1,0.5369122526342821,0.0,-0.27407987470634554,True,True,True,2025-01-28,0.0,0.0,0.0
baseline_dividend_sign,2,2025-01-29,6875,メガチップス,2,0.5362242237639047,1.0,0.8561643835616417,True,True,True,2025-01-28,0.0,0.0,0.0
baseline_dividend_sign,2,2025-01-30,4267,ライトワークス,1,0.5478601855876614,1.0,0.897226753670477,True,True,True,2025-01-29,0.0,0.0,0.0
baseline_dividend_sign,2,2025-01-30,8066,三⾕商事,2,0.5425997465560614,1.0,1.2506513809275699,True,True,True,2025-01-29,0.0,0.0,0.0
baseline_dividend_sign,2,2025-01-31,4267,ライトワークス,1,0.5441909076888245,1.0,2.3443815683104274,True,True,True,2025-01-30,0.0,0.0,0.0
baseline_dividend_sign,2,2025-01-31,2997,ストレージ王,2,0.5421862541272832,0.0,-1.6913319238900604,True,True,True,2025-01-30,0.0,0.0,0.0
baseline_dividend_sign,2,2025-02-03,6547,グリーンズ,1,0.5449440481742515,1.0,0.7669365146996121,True,True,True,2025-01-31,0.0,0.0,0.0
baseline_dividend_sign,2,2025-02-03,4267,ライトワークス,2,0.5445654853494775,1.0,1.2244897959183598,True,True,True,2025-01-31,0.0,0.0,0.0
baseline_dividend_sign,2,2025-02-04,4272,日本化薬,1,0.5581744638993148,1.0,1.653764954257575,True,True,True,2025-02-03,1.0,1.0,0.0
baseline_dividend_sign,2,2025-02-04,4267,ライトワークス,2,0.5508043669003675,1.0,1.5322580645161343,True,True,True,2025-02-03,0.0,0.0,0.0
baseline_dividend_sign,2,2025-02-05,4267,ライトワークス,1,0.5478403016583517,1.0,3.494837172359011,True,True,True,2025-02-04,0.0,0.0,0.0
baseline_dividend_sign,2,2025-02-05,6547,グリーンズ,2,0.5442055034864642,0.0,-2.719932001699954,True,True,True,2025-02-04,0.0,0.0,0.0
baseline_dividend_sign,2,2025-02-06,6547,グリーンズ,1,0.5453310923608444,1.0,2.365308804205002,True,True,True,2025-02-05,0.0,0.0,0.0
baseline_dividend_sign,2,2025-02-06,4267,ライトワークス,2,0.5440086759106597,0.0,-1.8461538461538418,True,True,True,2025-02-05,0.0,0.0,0.0
baseline_dividend_sign,2,2025-02-07,4267,ライトワークス,1,0.5510430774645203,1.0,0.6304176516942483,True,True,True,2025-02-06,0.0,0.0,0.0
baseline_dividend_sign,2,2025-02-07,3800,ユニリタ,2,0.5390591094592867,1.0,0.7049345417925457,True,True,True,2025-02-06,0.0,0.0,0.0
baseline_dividend_sign,2,2025-02-10,4267,ライトワークス,1,0.5495331771434732,1.0,3.6632891660171474,True,True,True,2025-02-07,0.0,0.0,0.0
baseline_dividend_sign,2,2025-02-10,9159,Ｗ ＴＯＫＹＯ,2,0.5419085817636786,0.0,-2.0061728395061706,True,True,True,2025-02-07,0.0,0.0,0.0
baseline_dividend_sign,2,2025-02-12,4783,ＮＣＤ,1,0.563470753311817,1.0,1.0204081632652962,True,True,True,2025-02-10,0.0,0.0,0.0
baseline_dividend_sign,2,2025-02-12,5161,⻄川ゴム⼯業,2,0.5482567242707985,0.0,0.0,True,True,True,2025-02-10,1.0,1.0,0.0
baseline_dividend_sign,2,2025-02-13,3402,東レ,1,0.5503124563132166,0.0,-0.24449877750610804,True,True,True,2025-02-12,1.0,0.0,0.0
baseline_dividend_sign,2,2025-02-13,4267,ライトワークス,2,0.5492530075859063,1.0,3.502235469448589,True,True,True,2025-02-12,0.0,0.0,0.0
baseline_dividend_sign,2,2025-02-14,2120,ＬＩＦＵＬＬ,1,0.5538089899286701,1.0,1.1111111111111072,True,True,True,2025-02-13,0.0,0.0,0.0
baseline_dividend_sign,2,2025-02-14,3238,セントラル総合開発,2,0.5447142610332807,0.0,-0.6263048016701411,True,True,True,2025-02-13,0.0,0.0,0.0
baseline_dividend_sign,2,2025-02-17,4267,ライトワークス,1,0.5567033899650046,1.0,3.5450516986706093,True,True,True,2025-02-14,0.0,0.0,0.0
baseline_dividend_sign,2,2025-02-17,4820,イーエムシステムズ,2,0.5499423344210828,1.0,0.1303780964797996,True,True,True,2025-02-14,1.0,1.0,0.0
baseline_dividend_sign,2,2025-02-18,3238,セントラル総合開発,1,0.544623446727536,1.0,1.0845986984815648,True,True,True,2025-02-17,0.0,0.0,0.0
baseline_dividend_sign,2,2025-02-18,6135,牧野フライス製作所,2,0.5402298855365455,0.0,-0.1680672268907557,True,True,True,2025-02-17,0.0,0.0,0.0
baseline_dividend_sign,2,2025-02-19,4267,ライトワークス,1,0.5446807230619527,1.0,1.1251758087201136,True,True,True,2025-02-18,0.0,0.0,0.0
baseline_dividend_sign,2,2025-02-19,3238,セントラル総合開発,2,0.5395946262753581,1.0,0.8639308855291628,True,True,True,2025-02-18,0.0,0.0,0.0
baseline_dividend_sign,2,2025-02-20,4267,ライトワークス,1,0.5411110878543436,1.0,1.1716057891109521,True,True,True,2025-02-19,0.0,0.0,0.0
baseline_dividend_sign,2,2025-02-20,3238,セントラル総合開発,2,0.5409545636295995,0.0,-0.21505376344086446,True,True,True,2025-02-19,0.0,0.0,0.0
baseline_dividend_sign,2,2025-02-21,4267,ライトワークス,1,0.542159554121269,1.0,1.4685314685314754,True,True,True,2025-02-20,0.0,0.0,0.0
baseline_dividend_sign,2,2025-02-21,7043,アルー,2,0.5411754105334287,1.0,0.14326647564470996,True,True,True,2025-02-20,0.0,0.0,0.0
baseline_dividend_sign,2,2025-02-25,4267,ライトワークス,1,0.5476604762371309,1.0,2.557014512785072,True,True,True,2025-02-21,0.0,0.0,0.0
baseline_dividend_sign,2,2025-02-25,7043,アルー,2,0.5469329681013217,1.0,0.4285714285714226,True,True,True,2025-02-21,0.0,0.0,0.0
baseline_dividend_sign,2,2025-02-26,7043,アルー,1,0.5469478907489862,0.0,-0.14224751066855834,True,True,True,2025-02-25,0.0,0.0,0.0
baseline_dividend_sign,2,2025-02-26,3359,ｃｏｔｔａ,2,0.5436939627257822,0.0,-4.793028322440085,True,True,True,2025-02-25,0.0,0.0,0.0
baseline_dividend_sign,2,2025-02-27,4267,ライトワークス,1,0.5474848329072598,0.0,-1.888020833333337,True,True,True,2025-02-26,0.0,0.0,0.0
baseline_dividend_sign,2,2025-02-27,7043,アルー,2,0.544982203273779,1.0,0.8595988538681931,True,True,True,2025-02-26,0.0,0.0,0.0
baseline_dividend_sign,2,2025-02-28,4267,ライトワークス,1,0.5509436435182138,0.0,-0.9986684420772329,True,True,True,2025-02-27,0.0,0.0,0.0
baseline_dividend_sign,2,2025-02-28,7043,アルー,2,0.5470131303520505,1.0,0.5706134094151105,True,True,True,2025-02-27,0.0,0.0,0.0
baseline_dividend_sign,2,2025-03-03,7043,アルー,1,0.5490488840598787,0.0,0.0,True,True,True,2025-02-28,0.0,0.0,0.0
baseline_dividend_sign,2,2025-03-03,4267,ライトワークス,2,0.5463999911165548,0.0,-4.023746701846964,True,True,True,2025-02-28,0.0,0.0,0.0
baseline_dividend_sign,2,2025-03-04,4267,ライトワークス,1,0.5482429027111456,0.0,-1.4814814814814836,True,True,True,2025-03-03,0.0,0.0,0.0
baseline_dividend_sign,2,2025-03-04,7043,アルー,2,0.5476985987074843,1.0,0.5714285714285783,True,True,True,2025-03-03,0.0,0.0,0.0
baseline_dividend_sign,2,2025-03-05,7043,アルー,1,0.5495974534935915,0.0,-2.2253129346314293,True,True,True,2025-03-04,0.0,0.0,0.0
baseline_dividend_sign,2,2025-03-05,6424,高見沢サイバネティックス,2,0.5454344066270522,1.0,0.09425070688029447,True,True,True,2025-03-04,1.0,1.0,0.0
baseline_dividend_sign,2,2025-03-06,7043,アルー,1,0.5509177168134766,0.0,0.0,True,True,True,2025-03-05,0.0,0.0,0.0
baseline_dividend_sign,2,2025-03-06,1867,植木組,2,0.5491370786505828,1.0,1.8478260869565277,True,True,True,2025-03-05,1.0,1.0,0.0
baseline_dividend_sign,2,2025-03-07,4783,ＮＣＤ,1,0.5458825361983418,0.0,-4.134650567142339,True,True,True,2025-03-06,0.0,0.0,0.0
baseline_dividend_sign,2,2025-03-07,7043,アルー,2,0.5437538174827099,0.0,0.0,True,True,True,2025-03-06,0.0,0.0,0.0
baseline_dividend_sign,2,2025-03-10,4783,ＮＣＤ,1,0.5571240014758568,0.0,-0.03844675124952124,True,True,True,2025-03-07,0.0,0.0,0.0
baseline_dividend_sign,2,2025-03-10,1967,ヤマト,2,0.5524321747626009,0.0,-1.5665796344647487,True,True,True,2025-03-07,1.0,1.0,0.0
baseline_dividend_sign,2,2025-03-11,4783,ＮＣＤ,1,0.5472019756355393,1.0,3.0604133545309997,True,True,True,2025-03-10,0.0,0.0,0.0
baseline_dividend_sign,2,2025-03-11,4267,ライトワークス,2,0.5457147881454897,1.0,0.13377926421405117,True,True,True,2025-03-10,0.0,0.0,0.0
baseline_dividend_sign,2,2025-03-12,9312,ケイヒン,1,0.5445981089299029,0.0,-0.39113428943937656,True,True,True,2025-03-11,0.0,0.0,0.0
baseline_dividend_sign,2,2025-03-12,4267,ライトワークス,2,0.5425947151926023,1.0,1.464713715046595,True,True,True,2025-03-11,0.0,0.0,0.0
baseline_dividend_sign,2,2025-03-13,4783,ＮＣＤ,1,0.5450581730758374,0.0,-2.5522041763341052,True,True,True,2025-03-12,0.0,0.0,0.0
baseline_dividend_sign,2,2025-03-13,4356,応用技術,2,0.5447387638942882,1.0,2.1126760563380254,True,True,True,2025-03-12,0.0,0.0,0.0
baseline_dividend_sign,2,2025-03-14,3921,ネオジャパン,1,0.5535947245313882,0.0,-0.26490066225165476,True,True,True,2025-03-13,1.0,1.0,0.0
baseline_dividend_sign,2,2025-03-14,4783,ＮＣＤ,2,0.5495305118077242,1.0,0.674870980547837,True,True,True,2025-03-13,0.0,0.0,0.0
baseline_dividend_sign,2,2025-03-17,6848,東亜ディーケーケー,1,0.5531804320221738,1.0,0.8454106280193274,True,True,True,2025-03-14,1.0,1.0,0.0
baseline_dividend_sign,2,2025-03-17,7050,フロンティアインターナショナル,2,0.5520407885792037,0.0,-1.5151515151515138,True,True,True,2025-03-14,1.0,1.0,0.0
baseline_dividend_sign,2,2025-03-18,5888,ＤＡＩＷＡ ＣＹＣＬＥ,1,0.5693487078508481,1.0,8.416547788873041,True,True,True,2025-03-17,1.0,1.0,1.0
baseline_dividend_sign,2,2025-03-18,5285,ヤマックス,2,0.5676517137224636,0.0,-1.8927444794952675,True,True,True,2025-03-17,1.0,1.0,0.0
baseline_dividend_sign,2,2025-03-19,9782,ディーエムエス,1,0.56874447385076,0.0,0.0,True,True,True,2025-03-18,1.0,1.0,0.0
baseline_dividend_sign,2,2025-03-19,9828,Ｇｅｎｋｉ Ｇｌｏｂａｌ Ｄｉｎｉｎｇ Ｃｏｎｃｅｐｔｓ,2,0.5532007502239297,1.0,1.680672268907557,True,True,True,2025-03-18,1.0,1.0,0.0
baseline_dividend_sign,2,2025-03-21,8346,東邦銀行,1,0.55727626204981,1.0,1.4285714285714235,True,True,True,2025-03-19,1.0,1.0,0.0
baseline_dividend_sign,2,2025-03-21,8367,南都銀行,2,0.5523951086592517,1.0,4.438964241676935,True,True,True,2025-03-19,1.0,1.0,0.0
baseline_dividend_sign,2,2025-03-24,9031,⻄日本鉄道,1,0.5706744393703075,1.0,0.9459459459459474,True,True,True,2025-03-21,1.0,1.0,0.0
baseline_dividend_sign,2,2025-03-24,4356,応用技術,2,0.5493802409759291,0.0,-0.25889967637540146,True,True,True,2025-03-21,0.0,0.0,0.0
baseline_dividend_sign,2,2025-03-25,3180,ビューティガレージ,1,0.5602641181305095,1.0,0.48840048840048667,True,True,True,2025-03-24,1.0,1.0,0.0
baseline_dividend_sign,2,2025-03-25,8101,ＧＳＩクレオス,2,0.55713932880072,0.0,-1.3545072396076607,True,True,True,2025-03-24,1.0,1.0,1.0
baseline_dividend_sign,2,2025-03-26,6644,大崎電気⼯業,1,0.547183702594305,1.0,1.5625,True,True,True,2025-03-25,1.0,1.0,0.0
baseline_dividend_sign,2,2025-03-26,7266,今仙電機製作所,2,0.5443253215818074,1.0,0.45801526717557106,True,True,True,2025-03-25,0.0,0.0,0.0
baseline_dividend_sign,2,2025-03-27,7266,今仙電機製作所,1,0.5461606415468636,0.0,-1.0703363914373099,True,True,True,2025-03-26,0.0,0.0,0.0
baseline_dividend_sign,2,2025-03-27,7043,アルー,2,0.5449165731531844,1.0,0.7320644216691097,True,True,True,2025-03-26,0.0,0.0,0.0
baseline_dividend_sign,2,2025-03-28,7043,アルー,1,0.5491164597413246,1.0,1.026392961876832,True,True,True,2025-03-27,0.0,0.0,0.0
baseline_dividend_sign,2,2025-03-28,7266,今仙電機製作所,2,0.5485603522112883,1.0,0.47244094488188004,True,True,True,2025-03-27,0.0,0.0,0.0
baseline_dividend_sign,2,2025-03-31,7813,プラッツ,1,0.5571598431658393,1.0,0.4398826979472137,True,True,True,2025-03-28,0.0,0.0,0.0
baseline_dividend_sign,2,2025-03-31,7043,アルー,2,0.5482573242378679,1.0,1.4705882352941124,True,True,True,2025-03-28,0.0,0.0,0.0
baseline_buyback_dividend,1,2025-01-06,4267,ライトワークス,1,0.5379958730872936,0.0,0.0,True,True,True,2024-12-30,0.0,0.0,0.0
baseline_buyback_dividend,1,2025-01-07,6226,守⾕輸送機⼯業,1,0.5374539837652078,1.0,0.039308176100627534,True,True,True,2025-01-06,0.0,0.0,0.0
baseline_buyback_dividend,1,2025-01-08,5161,⻄川ゴム⼯業,1,0.5298195657298068,1.0,0.6263982102908239,True,True,True,2025-01-07,0.0,0.0,0.0
baseline_buyback_dividend,1,2025-01-09,9362,兵機海運,1,0.5343295266966556,1.0,1.715039577836408,True,True,True,2025-01-08,0.0,0.0,0.0
baseline_buyback_dividend,1,2025-01-10,7730,マニー,1,0.5456390672191644,0.0,-2.0689655172413834,True,True,True,2025-01-09,0.0,0.0,0.0
baseline_buyback_dividend,1,2025-01-14,4783,ＮＣＤ,1,0.5335250525369304,1.0,2.5123715264560254,True,True,True,2025-01-10,0.0,0.0,0.0
baseline_buyback_dividend,1,2025-01-15,6857,アドバンテスト,1,0.5348767578729848,0.0,-3.2258064516129004,True,True,True,2025-01-14,0.0,0.0,0.0
baseline_buyback_dividend,1,2025-01-16,4429,リックソフト,1,0.5622174800379371,0.0,-4.30622009569378,True,True,True,2025-01-15,0.0,0.0,0.0
baseline_buyback_dividend,1,2025-01-17,3238,セントラル総合開発,1,0.5344766104018266,0.0,-0.20920502092049986,True,True,True,2025-01-16,0.0,0.0,0.0
baseline_buyback_dividend,1,2025-01-20,3976,シャノン,1,0.5356275337099748,1.0,3.5196687370600444,True,True,True,2025-01-17,0.0,0.0,0.0
baseline_buyback_dividend,1,2025-01-21,4267,ライトワークス,1,0.5326308707869599,1.0,0.7148530579825341,True,True,True,2025-01-20,0.0,0.0,0.0
baseline_buyback_dividend,1,2025-01-22,4267,ライトワークス,1,0.5362194484171287,1.0,2.2961203483768733,True,True,True,2025-01-21,0.0,0.0,0.0
baseline_buyback_dividend,1,2025-01-23,5851,リョービ,1,0.5349132993107154,0.0,-0.8646779074794608,True,True,True,2025-01-22,1.0,0.0,0.0
baseline_buyback_dividend,1,2025-01-24,7205,日野自動車,1,0.5411531837016577,0.0,-0.738007380073813,True,True,True,2025-01-23,0.0,0.0,0.0
baseline_buyback_dividend,1,2025-01-27,8066,三⾕商事,1,0.5356127749035011,0.0,-3.121951219512198,True,True,True,2025-01-24,0.0,0.0,0.0
baseline_buyback_dividend,1,2025-01-28,8066,三⾕商事,1,0.5427353895391724,1.0,1.1657374556512945,True,True,True,2025-01-27,0.0,0.0,0.0
baseline_buyback_dividend,1,2025-01-29,4272,日本化薬,1,0.5368891215249769,0.0,-0.27407987470634554,True,True,True,2025-01-28,0.0,0.0,0.0
baseline_buyback_dividend,1,2025-01-30,4267,ライトワークス,1,0.5478418682109811,1.0,0.897226753670477,True,True,True,2025-01-29,0.0,0.0,0.0
baseline_buyback_dividend,1,2025-01-31,4267,ライトワークス,1,0.5441683213577088,1.0,2.3443815683104274,True,True,True,2025-01-30,0.0,0.0,0.0
baseline_buyback_dividend,1,2025-02-03,1944,きんでん,1,0.5503645376442118,1.0,2.8580402010050188,True,True,True,2025-01-31,1.0,1.0,0.0
baseline_buyback_dividend,1,2025-02-04,4272,日本化薬,1,0.5565686938140721,1.0,1.653764954257575,True,True,True,2025-02-03,1.0,1.0,0.0
baseline_buyback_dividend,1,2025-02-05,8704,トレイダーズホールディングス,1,0.5550724607620714,1.0,0.9966777408637828,True,True,True,2025-02-04,1.0,1.0,0.0
baseline_buyback_dividend,1,2025-02-06,6547,グリーンズ,1,0.5453043949606572,1.0,2.365308804205002,True,True,True,2025-02-05,0.0,0.0,0.0
baseline_buyback_dividend,1,2025-02-07,4267,ライトワークス,1,0.5510015676745872,1.0,0.6304176516942483,True,True,True,2025-02-06,0.0,0.0,0.0
baseline_buyback_dividend,1,2025-02-10,4267,ライトワークス,1,0.5494871796447524,1.0,3.6632891660171474,True,True,True,2025-02-07,0.0,0.0,0.0
baseline_buyback_dividend,1,2025-02-12,4783,ＮＣＤ,1,0.563462147098206,1.0,1.0204081632652962,True,True,True,2025-02-10,0.0,0.0,0.0
baseline_buyback_dividend,1,2025-02-13,1950,日本電設⼯業,1,0.5699387175636619,1.0,0.7619047619047636,True,True,True,2025-02-12,1.0,1.0,0.0
baseline_buyback_dividend,1,2025-02-14,6758,ソニーグループ,1,0.5572085116102629,0.0,-1.46276595744681,True,True,True,2025-02-13,1.0,1.0,0.0
baseline_buyback_dividend,1,2025-02-17,3964,オークネット,1,0.5587828255481361,0.0,-2.754820936639113,True,True,True,2025-02-14,1.0,1.0,0.0
baseline_buyback_dividend,1,2025-02-18,3238,セントラル総合開発,1,0.5445900835233329,1.0,1.0845986984815648,True,True,True,2025-02-17,0.0,0.0,0.0
baseline_buyback_dividend,1,2025-02-19,4267,ライトワークス,1,0.5446347693205092,1.0,1.1251758087201136,True,True,True,2025-02-18,0.0,0.0,0.0
baseline_buyback_dividend,1,2025-02-20,5101,横浜ゴム,1,0.5425633290732632,0.0,-4.9886621315192725,True,True,True,2025-02-19,1.0,1.0,0.0
baseline_buyback_dividend,1,2025-02-21,4267,ライトワークス,1,0.54211184932491,1.0,1.4685314685314754,True,True,True,2025-02-20,0.0,0.0,0.0
baseline_buyback_dividend,1,2025-02-25,4267,ライトワークス,1,0.5476157704146949,1.0,2.557014512785072,True,True,True,2025-02-21,0.0,0.0,0.0
baseline_buyback_dividend,1,2025-02-26,7043,アルー,1,0.5469066075686468,0.0,-0.14224751066855834,True,True,True,2025-02-25,0.0,0.0,0.0
baseline_buyback_dividend,1,2025-02-27,4267,ライトワークス,1,0.5474325406120691,0.0,-1.888020833333337,True,True,True,2025-02-26,0.0,0.0,0.0
baseline_buyback_dividend,1,2025-02-28,4267,ライトワークス,1,0.5509013007386664,0.0,-0.9986684420772329,True,True,True,2025-02-27,0.0,0.0,0.0
baseline_buyback_dividend,1,2025-03-03,7043,アルー,1,0.5490098714729605,0.0,0.0,True,True,True,2025-02-28,0.0,0.0,0.0
baseline_buyback_dividend,1,2025-03-04,4267,ライトワークス,1,0.5482185676617216,0.0,-1.4814814814814836,True,True,True,2025-03-03,0.0,0.0,0.0
baseline_buyback_dividend,1,2025-03-05,7043,アルー,1,0.549557368730848,0.0,-2.2253129346314293,True,True,True,2025-03-04,0.0,0.0,0.0
baseline_buyback_dividend,1,2025-03-06,7043,アルー,1,0.5508834357378972,0.0,0.0,True,True,True,2025-03-05,0.0,0.0,0.0
baseline_buyback_dividend,1,2025-03-07,4783,ＮＣＤ,1,0.5458444675056434,0.0,-4.134650567142339,True,True,True,2025-03-06,0.0,0.0,0.0
baseline_buyback_dividend,1,2025-03-10,4783,ＮＣＤ,1,0.5571006749228282,0.0,-0.03844675124952124,True,True,True,2025-03-07,0.0,0.0,0.0
baseline_buyback_dividend,1,2025-03-11,4783,ＮＣＤ,1,0.5471671306142935,1.0,3.0604133545309997,True,True,True,2025-03-10,0.0,0.0,0.0
baseline_buyback_dividend,1,2025-03-12,9312,ケイヒン,1,0.5445649728133839,0.0,-0.39113428943937656,True,True,True,2025-03-11,0.0,0.0,0.0
baseline_buyback_dividend,1,2025-03-13,4783,ＮＣＤ,1,0.5450200422965386,0.0,-2.5522041763341052,True,True,True,2025-03-12,0.0,0.0,0.0
baseline_buyback_dividend,1,2025-03-14,3921,ネオジャパン,1,0.5521306717975685,0.0,-0.26490066225165476,True,True,True,2025-03-13,1.0,1.0,0.0
baseline_buyback_dividend,1,2025-03-17,6848,東亜ディーケーケー,1,0.5516947182860055,1.0,0.8454106280193274,True,True,True,2025-03-14,1.0,1.0,0.0
baseline_buyback_dividend,1,2025-03-18,5888,ＤＡＩＷＡ ＣＹＣＬＥ,1,0.5678984454908308,1.0,8.416547788873041,True,True,True,2025-03-17,1.0,1.0,1.0
baseline_buyback_dividend,1,2025-03-19,9782,ディーエムエス,1,0.5672653854333091,0.0,0.0,True,True,True,2025-03-18,1.0,1.0,0.0
baseline_buyback_dividend,1,2025-03-21,8346,東邦銀行,1,0.5557938955466809,1.0,1.4285714285714235,True,True,True,2025-03-19,1.0,1.0,0.0
baseline_buyback_dividend,1,2025-03-24,9031,⻄日本鉄道,1,0.5692039151039666,1.0,0.9459459459459474,True,True,True,2025-03-21,1.0,1.0,0.0
baseline_buyback_dividend,1,2025-03-25,3180,ビューティガレージ,1,0.5587869168674803,1.0,0.48840048840048667,True,True,True,2025-03-24,1.0,1.0,0.0
baseline_buyback_dividend,1,2025-03-26,6644,大崎電気⼯業,1,0.5457069172406468,1.0,1.5625,True,True,True,2025-03-25,1.0,1.0,0.0
baseline_buyback_dividend,1,2025-03-27,7266,今仙電機製作所,1,0.5461187729025255,0.0,-1.0703363914373099,True,True,True,2025-03-26,0.0,0.0,0.0
baseline_buyback_dividend,1,2025-03-28,7043,アルー,1,0.5490684705459982,1.0,1.026392961876832,True,True,True,2025-03-27,0.0,0.0,0.0
baseline_buyback_dividend,1,2025-03-31,7184,富山第一銀行,1,0.5619826132787374,1.0,5.229357798165135,True,True,True,2025-03-28,1.0,1.0,0.0
baseline_buyback_dividend,2,2025-01-06,4267,ライトワークス,1,0.5379958730872936,0.0,0.0,True,True,True,2024-12-30,0.0,0.0,0.0
baseline_buyback_dividend,2,2025-01-06,6098,リクルートホールディングス,2,0.5359960312723261,0.0,-3.6656236030397804,True,True,True,2024-12-30,0.0,0.0,0.0
baseline_buyback_dividend,2,2025-01-07,6226,守⾕輸送機⼯業,1,0.5374539837652078,1.0,0.039308176100627534,True,True,True,2025-01-06,0.0,0.0,0.0
baseline_buyback_dividend,2,2025-01-07,6098,リクルートホールディングス,2,0.53736002454854,1.0,0.9417040358744355,True,True,True,2025-01-06,1.0,0.0,0.0
baseline_buyback_dividend,2,2025-01-08,5161,⻄川ゴム⼯業,1,0.5298195657298068,1.0,0.6263982102908239,True,True,True,2025-01-07,0.0,0.0,0.0
baseline_buyback_dividend,2,2025-01-08,9362,兵機海運,2,0.5289132554304549,0.0,-0.3942181340341633,True,True,True,2025-01-07,1.0,0.0,0.0
baseline_buyback_dividend,2,2025-01-09,9362,兵機海運,1,0.5343295266966556,1.0,1.715039577836408,True,True,True,2025-01-08,0.0,0.0,0.0
baseline_buyback_dividend,2,2025-01-09,7205,日野自動車,2,0.5336547359809952,0.0,-2.6848105921294385,True,True,True,2025-01-08,0.0,0.0,0.0
baseline_buyback_dividend,2,2025-01-10,7730,マニー,1,0.5456390672191644,0.0,-2.0689655172413834,True,True,True,2025-01-09,0.0,0.0,0.0
baseline_buyback_dividend,2,2025-01-10,7205,日野自動車,2,0.535088571450439,0.0,-2.3075468129374,True,True,True,2025-01-09,0.0,0.0,0.0
baseline_buyback_dividend,2,2025-01-14,4783,ＮＣＤ,1,0.5335250525369304,1.0,2.5123715264560254,True,True,True,2025-01-10,0.0,0.0,0.0
baseline_buyback_dividend,2,2025-01-14,1803,清水建設,2,0.5322905729927982,0.0,-0.35545023696682554,True,True,True,2025-01-10,0.0,0.0,0.0
baseline_buyback_dividend,2,2025-01-15,6857,アドバンテスト,1,0.5348767578729848,0.0,-3.2258064516129004,True,True,True,2025-01-14,0.0,0.0,0.0
baseline_buyback_dividend,2,2025-01-15,4343,イオンファンタジー,2,0.5345662980241414,1.0,1.1829652996845352,True,True,True,2025-01-14,0.0,0.0,0.0
baseline_buyback_dividend,2,2025-01-16,4429,リックソフト,1,0.5622174800379371,0.0,-4.30622009569378,True,True,True,2025-01-15,0.0,0.0,0.0
baseline_buyback_dividend,2,2025-01-16,245A,ＩＮＧＳ,2,0.5512823400567121,0.0,-6.5424806905951876,True,True,True,2025-01-15,0.0,0.0,0.0
baseline_buyback_dividend,2,2025-01-17,3238,セントラル総合開発,1,0.5344766104018266,0.0,-0.20920502092049986,True,True,True,2025-01-16,0.0,0.0,0.0
baseline_buyback_dividend,2,2025-01-17,8141,新光商事,2,0.5314783835329706,0.0,-0.3894839337877265,True,True,True,2025-01-16,0.0,0.0,0.0
baseline_buyback_dividend,2,2025-01-20,3976,シャノン,1,0.5356275337099748,1.0,3.5196687370600444,True,True,True,2025-01-17,0.0,0.0,0.0
baseline_buyback_dividend,2,2025-01-20,2986,ＬＡホールディングス,2,0.5326726450494202,1.0,4.496402877697836,True,True,True,2025-01-17,0.0,0.0,0.0
baseline_buyback_dividend,2,2025-01-21,4267,ライトワークス,1,0.5326308707869599,1.0,0.7148530579825341,True,True,True,2025-01-20,0.0,0.0,0.0
baseline_buyback_dividend,2,2025-01-21,3238,セントラル総合開発,2,0.5290800282702234,1.0,1.7057569296375252,True,True,True,2025-01-20,0.0,0.0,0.0
baseline_buyback_dividend,2,2025-01-22,4267,ライトワークス,1,0.5362194484171287,1.0,2.2961203483768733,True,True,True,2025-01-21,0.0,0.0,0.0
baseline_buyback_dividend,2,2025-01-22,8066,三⾕商事,2,0.5333620795707531,1.0,0.33653846153847145,True,True,True,2025-01-21,0.0,0.0,0.0
baseline_buyback_dividend,2,2025-01-23,5851,リョービ,1,0.5349132993107154,0.0,-0.8646779074794608,True,True,True,2025-01-22,1.0,0.0,0.0
baseline_buyback_dividend,2,2025-01-23,8066,三⾕商事,2,0.5324948213304012,1.0,0.6366307541625815,True,True,True,2025-01-22,0.0,0.0,0.0
baseline_buyback_dividend,2,2025-01-24,7205,日野自動車,1,0.5411531837016577,0.0,-0.738007380073813,True,True,True,2025-01-23,0.0,0.0,0.0
baseline_buyback_dividend,2,2025-01-24,8066,三⾕商事,2,0.5373251253180824,1.0,0.048661800486615725,True,True,True,2025-01-23,0.0,0.0,0.0
baseline_buyback_dividend,2,2025-01-27,8066,三⾕商事,1,0.5356127749035011,0.0,-3.121951219512198,True,True,True,2025-01-24,0.0,0.0,0.0
baseline_buyback_dividend,2,2025-01-27,5851,リョービ,2,0.5343304184845796,0.0,-0.04347826086956719,True,True,True,2025-01-24,0.0,0.0,0.0
baseline_buyback_dividend,2,2025-01-28,8066,三⾕商事,1,0.5427353895391724,1.0,1.1657374556512945,True,True,True,2025-01-27,0.0,0.0,0.0
baseline_buyback_dividend,2,2025-01-28,4267,ライトワークス,2,0.5359680349297905,1.0,2.499999999999991,True,True,True,2025-01-27,0.0,0.0,0.0
baseline_buyback_dividend,2,2025-01-29,4272,日本化薬,1,0.5368891215249769,0.0,-0.27407987470634554,True,True,True,2025-01-28,0.0,0.0,0.0
baseline_buyback_dividend,2,2025-01-29,6875,メガチップス,2,0.5362152134152299,1.0,0.8561643835616417,True,True,True,2025-01-28,0.0,0.0,0.0
baseline_buyback_dividend,2,2025-01-30,4267,ライトワークス,1,0.5478418682109811,1.0,0.897226753670477,True,True,True,2025-01-29,0.0,0.0,0.0
baseline_buyback_dividend,2,2025-01-30,8066,三⾕商事,2,0.5425860120135176,1.0,1.2506513809275699,True,True,True,2025-01-29,0.0,0.0,0.0
baseline_buyback_dividend,2,2025-01-31,4267,ライトワークス,1,0.5441683213577088,1.0,2.3443815683104274,True,True,True,2025-01-30,0.0,0.0,0.0
baseline_buyback_dividend,2,2025-01-31,2997,ストレージ王,2,0.5421760030904915,0.0,-1.6913319238900604,True,True,True,2025-01-30,0.0,0.0,0.0
baseline_buyback_dividend,2,2025-02-03,1944,きんでん,1,0.5503645376442118,1.0,2.8580402010050188,True,True,True,2025-01-31,1.0,1.0,0.0
baseline_buyback_dividend,2,2025-02-03,8366,滋賀銀行,2,0.5460448246833998,0.0,0.0,True,True,True,2025-01-31,1.0,1.0,0.0
baseline_buyback_dividend,2,2025-02-04,4272,日本化薬,1,0.5565686938140721,1.0,1.653764954257575,True,True,True,2025-02-03,1.0,1.0,0.0
baseline_buyback_dividend,2,2025-02-04,4267,ライトワークス,2,0.5507615900222516,1.0,1.5322580645161343,True,True,True,2025-02-03,0.0,0.0,0.0
baseline_buyback_dividend,2,2025-02-05,8704,トレイダーズホールディングス,1,0.5550724607620714,1.0,0.9966777408637828,True,True,True,2025-02-04,1.0,1.0,0.0
baseline_buyback_dividend,2,2025-02-05,4267,ライトワークス,2,0.5477935528501161,1.0,3.494837172359011,True,True,True,2025-02-04,0.0,0.0,0.0
baseline_buyback_dividend,2,2025-02-06,6547,グリーンズ,1,0.5453043949606572,1.0,2.365308804205002,True,True,True,2025-02-05,0.0,0.0,0.0
baseline_buyback_dividend,2,2025-02-06,4267,ライトワークス,2,0.5439536300563244,0.0,-1.8461538461538418,True,True,True,2025-02-05,0.0,0.0,0.0
baseline_buyback_dividend,2,2025-02-07,4267,ライトワークス,1,0.5510015676745872,1.0,0.6304176516942483,True,True,True,2025-02-06,0.0,0.0,0.0
baseline_buyback_dividend,2,2025-02-07,6088,シグマクシス・ホールディングス,2,0.5491191759366094,1.0,9.90990990990992,True,True,True,2025-02-06,1.0,1.0,0.0
baseline_buyback_dividend,2,2025-02-10,4267,ライトワークス,1,0.5494871796447524,1.0,3.6632891660171474,True,True,True,2025-02-07,0.0,0.0,0.0
baseline_buyback_dividend,2,2025-02-10,7089,フォースタートアップス,2,0.5427665893156984,1.0,0.29970029970030065,True,True,True,2025-02-07,1.0,1.0,0.0
baseline_buyback_dividend,2,2025-02-12,4783,ＮＣＤ,1,0.563462147098206,1.0,1.0204081632652962,True,True,True,2025-02-10,0.0,0.0,0.0
baseline_buyback_dividend,2,2025-02-12,5161,⻄川ゴム⼯業,2,0.5466276918313097,0.0,0.0,True,True,True,2025-02-10,1.0,1.0,0.0
baseline_buyback_dividend,2,2025-02-13,1950,日本電設⼯業,1,0.5699387175636619,1.0,0.7619047619047636,True,True,True,2025-02-12,1.0,1.0,0.0
baseline_buyback_dividend,2,2025-02-13,2185,シイエム・シイ,2,0.5511134642461223,0.0,-3.0231179608772973,True,True,True,2025-02-12,1.0,1.0,0.0
baseline_buyback_dividend,2,2025-02-14,6758,ソニーグループ,1,0.5572085116102629,0.0,-1.46276595744681,True,True,True,2025-02-13,1.0,1.0,0.0
baseline_buyback_dividend,2,2025-02-14,9413,テレビ東京ホールディングス,2,0.5557670057786783,1.0,1.237964236588729,True,True,True,2025-02-13,1.0,1.0,0.0
baseline_buyback_dividend,2,2025-02-17,3964,オークネット,1,0.5587828255481361,0.0,-2.754820936639113,True,True,True,2025-02-14,1.0,1.0,0.0
baseline_buyback_dividend,2,2025-02-17,4267,ライトワークス,2,0.5566646008724931,1.0,3.5450516986706093,True,True,True,2025-02-14,0.0,0.0,0.0
baseline_buyback_dividend,2,2025-02-18,3238,セントラル総合開発,1,0.5445900835233329,1.0,1.0845986984815648,True,True,True,2025-02-17,0.0,0.0,0.0
baseline_buyback_dividend,2,2025-02-18,6135,牧野フライス製作所,2,0.5401962483479872,0.0,-0.1680672268907557,True,True,True,2025-02-17,0.0,0.0,0.0
baseline_buyback_dividend,2,2025-02-19,4267,ライトワークス,1,0.5446347693205092,1.0,1.1251758087201136,True,True,True,2025-02-18,0.0,0.0,0.0
baseline_buyback_dividend,2,2025-02-19,3238,セントラル総合開発,2,0.5395522866764368,1.0,0.8639308855291628,True,True,True,2025-02-18,0.0,0.0,0.0
baseline_buyback_dividend,2,2025-02-20,5101,横浜ゴム,1,0.5425633290732632,0.0,-4.9886621315192725,True,True,True,2025-02-19,1.0,1.0,0.0
baseline_buyback_dividend,2,2025-02-20,4267,ライトワークス,2,0.5410621330743873,1.0,1.1716057891109521,True,True,True,2025-02-19,0.0,0.0,0.0
baseline_buyback_dividend,2,2025-02-21,4267,ライトワークス,1,0.54211184932491,1.0,1.4685314685314754,True,True,True,2025-02-20,0.0,0.0,0.0
baseline_buyback_dividend,2,2025-02-21,7043,アルー,2,0.5411308035202603,1.0,0.14326647564470996,True,True,True,2025-02-20,0.0,0.0,0.0
baseline_buyback_dividend,2,2025-02-25,4267,ライトワークス,1,0.5476157704146949,1.0,2.557014512785072,True,True,True,2025-02-21,0.0,0.0,0.0
baseline_buyback_dividend,2,2025-02-25,7043,アルー,2,0.5468918654828405,1.0,0.4285714285714226,True,True,True,2025-02-21,0.0,0.0,0.0
baseline_buyback_dividend,2,2025-02-26,7043,アルー,1,0.5469066075686468,0.0,-0.14224751066855834,True,True,True,2025-02-25,0.0,0.0,0.0
baseline_buyback_dividend,2,2025-02-26,3359,ｃｏｔｔａ,2,0.5436679180733466,0.0,-4.793028322440085,True,True,True,2025-02-25,0.0,0.0,0.0
baseline_buyback_dividend,2,2025-02-27,4267,ライトワークス,1,0.5474325406120691,0.0,-1.888020833333337,True,True,True,2025-02-26,0.0,0.0,0.0
baseline_buyback_dividend,2,2025-02-27,7043,アルー,2,0.5449412379074424,1.0,0.8595988538681931,True,True,True,2025-02-26,0.0,0.0,0.0
baseline_buyback_dividend,2,2025-02-28,4267,ライトワークス,1,0.5509013007386664,0.0,-0.9986684420772329,True,True,True,2025-02-27,0.0,0.0,0.0
baseline_buyback_dividend,2,2025-02-28,7043,アルー,2,0.5469708575386658,1.0,0.5706134094151105,True,True,True,2025-02-27,0.0,0.0,0.0
baseline_buyback_dividend,2,2025-03-03,7043,アルー,1,0.5490098714729605,0.0,0.0,True,True,True,2025-02-28,0.0,0.0,0.0
baseline_buyback_dividend,2,2025-03-03,4267,ライトワークス,2,0.546365613591198,0.0,-4.023746701846964,True,True,True,2025-02-28,0.0,0.0,0.0
baseline_buyback_dividend,2,2025-03-04,4267,ライトワークス,1,0.5482185676617216,0.0,-1.4814814814814836,True,True,True,2025-03-03,0.0,0.0,0.0
baseline_buyback_dividend,2,2025-03-04,7043,アルー,2,0.5476602306407296,1.0,0.5714285714285783,True,True,True,2025-03-03,0.0,0.0,0.0
baseline_buyback_dividend,2,2025-03-05,7043,アルー,1,0.549557368730848,0.0,-2.2253129346314293,True,True,True,2025-03-04,0.0,0.0,0.0
baseline_buyback_dividend,2,2025-03-05,6424,高見沢サイバネティックス,2,0.5439579265252811,1.0,0.09425070688029447,True,True,True,2025-03-04,1.0,1.0,0.0
baseline_buyback_dividend,2,2025-03-06,7043,アルー,1,0.5508834357378972,0.0,0.0,True,True,True,2025-03-05,0.0,0.0,0.0
baseline_buyback_dividend,2,2025-03-06,1867,植木組,2,0.5476474288336559,1.0,1.8478260869565277,True,True,True,2025-03-05,1.0,1.0,0.0
baseline_buyback_dividend,2,2025-03-07,4783,ＮＣＤ,1,0.5458444675056434,0.0,-4.134650567142339,True,True,True,2025-03-06,0.0,0.0,0.0
baseline_buyback_dividend,2,2025-03-07,7043,アルー,2,0.5437174071596169,0.0,0.0,True,True,True,2025-03-06,0.0,0.0,0.0
baseline_buyback_dividend,2,2025-03-10,4783,ＮＣＤ,1,0.5571006749228282,0.0,-0.03844675124952124,True,True,True,2025-03-07,0.0,0.0,0.0
baseline_buyback_dividend,2,2025-03-10,1967,ヤマト,2,0.550935705992547,0.0,-1.5665796344647487,True,True,True,2025-03-07,1.0,1.0,0.0
baseline_buyback_dividend,2,2025-03-11,4783,ＮＣＤ,1,0.5471671306142935,1.0,3.0604133545309997,True,True,True,2025-03-10,0.0,0.0,0.0
baseline_buyback_dividend,2,2025-03-11,4267,ライトワークス,2,0.5456877850297477,1.0,0.13377926421405117,True,True,True,2025-03-10,0.0,0.0,0.0
baseline_buyback_dividend,2,2025-03-12,9312,ケイヒン,1,0.5445649728133839,0.0,-0.39113428943937656,True,True,True,2025-03-11,0.0,0.0,0.0
baseline_buyback_dividend,2,2025-03-12,4267,ライトワークス,2,0.5425585909018137,1.0,1.464713715046595,True,True,True,2025-03-11,0.0,0.0,0.0
baseline_buyback_dividend,2,2025-03-13,4783,ＮＣＤ,1,0.5450200422965386,0.0,-2.5522041763341052,True,True,True,2025-03-12,0.0,0.0,0.0
baseline_buyback_dividend,2,2025-03-13,4356,応用技術,2,0.5446978378828399,1.0,2.1126760563380254,True,True,True,2025-03-12,0.0,0.0,0.0
baseline_buyback_dividend,2,2025-03-14,3921,ネオジャパン,1,0.5521306717975685,0.0,-0.26490066225165476,True,True,True,2025-03-13,1.0,1.0,0.0
baseline_buyback_dividend,2,2025-03-14,4783,ＮＣＤ,2,0.5495018280678488,1.0,0.674870980547837,True,True,True,2025-03-13,0.0,0.0,0.0
baseline_buyback_dividend,2,2025-03-17,6848,東亜ディーケーケー,1,0.5516947182860055,1.0,0.8454106280193274,True,True,True,2025-03-14,1.0,1.0,0.0
baseline_buyback_dividend,2,2025-03-17,7050,フロンティアインターナショナル,2,0.5505613287268463,0.0,-1.5151515151515138,True,True,True,2025-03-14,1.0,1.0,0.0
baseline_buyback_dividend,2,2025-03-18,5888,ＤＡＩＷＡ ＣＹＣＬＥ,1,0.5678984454908308,1.0,8.416547788873041,True,True,True,2025-03-17,1.0,1.0,1.0
baseline_buyback_dividend,2,2025-03-18,5285,ヤマックス,2,0.566192466846602,0.0,-1.8927444794952675,True,True,True,2025-03-17,1.0,1.0,0.0
baseline_buyback_dividend,2,2025-03-19,9782,ディーエムエス,1,0.5672653854333091,0.0,0.0,True,True,True,2025-03-18,1.0,1.0,0.0
baseline_buyback_dividend,2,2025-03-19,9828,Ｇｅｎｋｉ Ｇｌｏｂａｌ Ｄｉｎｉｎｇ Ｃｏｎｃｅｐｔｓ,2,0.5517157221727494,1.0,1.680672268907557,True,True,True,2025-03-18,1.0,1.0,0.0
baseline_buyback_dividend,2,2025-03-21,8346,東邦銀行,1,0.5557938955466809,1.0,1.4285714285714235,True,True,True,2025-03-19,1.0,1.0,0.0
baseline_buyback_dividend,2,2025-03-21,8367,南都銀行,2,0.550907649631673,1.0,4.438964241676935,True,True,True,2025-03-19,1.0,1.0,0.0
baseline_buyback_dividend,2,2025-03-24,9031,⻄日本鉄道,1,0.5692039151039666,1.0,0.9459459459459474,True,True,True,2025-03-21,1.0,1.0,0.0
baseline_buyback_dividend,2,2025-03-24,4356,応用技術,2,0.5493432375178436,0.0,-0.25889967637540146,True,True,True,2025-03-21,0.0,0.0,0.0
baseline_buyback_dividend,2,2025-03-25,3180,ビューティガレージ,1,0.5587869168674803,1.0,0.48840048840048667,True,True,True,2025-03-24,1.0,1.0,0.0
baseline_buyback_dividend,2,2025-03-25,8101,ＧＳＩクレオス,2,0.5556579799872217,0.0,-1.3545072396076607,True,True,True,2025-03-24,1.0,1.0,1.0
baseline_buyback_dividend,2,2025-03-26,6644,大崎電気⼯業,1,0.5457069172406468,1.0,1.5625,True,True,True,2025-03-25,1.0,1.0,0.0
baseline_buyback_dividend,2,2025-03-26,7266,今仙電機製作所,2,0.5442817653793405,1.0,0.45801526717557106,True,True,True,2025-03-25,0.0,0.0,0.0
baseline_buyback_dividend,2,2025-03-27,7266,今仙電機製作所,1,0.5461187729025255,0.0,-1.0703363914373099,True,True,True,2025-03-26,0.0,0.0,0.0
baseline_buyback_dividend,2,2025-03-27,7043,アルー,2,0.5448672629223991,1.0,0.7320644216691097,True,True,True,2025-03-26,0.0,0.0,0.0
baseline_buyback_dividend,2,2025-03-28,7043,アルー,1,0.5490684705459982,1.0,1.026392961876832,True,True,True,2025-03-27,0.0,0.0,0.0
baseline_buyback_dividend,2,2025-03-28,7266,今仙電機製作所,2,0.548526987766909,1.0,0.47244094488188004,True,True,True,2025-03-27,0.0,0.0,0.0
baseline_buyback_dividend,2,2025-03-31,7184,富山第一銀行,1,0.5619826132787374,1.0,5.229357798165135,True,True,True,2025-03-28,1.0,1.0,0.0
baseline_buyback_dividend,2,2025-03-31,7813,プラッツ,2,0.5571595992585909,1.0,0.4398826979472137,True,True,True,2025-03-28,0.0,0.0,0.0
baseline_tdnet_clear_flags,1,2025-01-06,4267,ライトワークス,1,0.5380509421382311,0.0,0.0,True,True,True,2024-12-30,0.0,0.0,0.0
baseline_tdnet_clear_flags,1,2025-01-07,6226,守⾕輸送機⼯業,1,0.537488722534352,1.0,0.039308176100627534,True,True,True,2025-01-06,0.0,0.0,0.0
baseline_tdnet_clear_flags,1,2025-01-08,5161,⻄川ゴム⼯業,1,0.5298652232978128,1.0,0.6263982102908239,True,True,True,2025-01-07,0.0,0.0,0.0
baseline_tdnet_clear_flags,1,2025-01-09,9362,兵機海運,1,0.5343942975887523,1.0,1.715039577836408,True,True,True,2025-01-08,0.0,0.0,0.0
baseline_tdnet_clear_flags,1,2025-01-10,7730,マニー,1,0.5456521054143264,0.0,-2.0689655172413834,True,True,True,2025-01-09,0.0,0.0,0.0
baseline_tdnet_clear_flags,1,2025-01-14,4783,ＮＣＤ,1,0.5335711997175129,1.0,2.5123715264560254,True,True,True,2025-01-10,0.0,0.0,0.0
baseline_tdnet_clear_flags,1,2025-01-15,6857,アドバンテスト,1,0.5349255427583514,0.0,-3.2258064516129004,True,True,True,2025-01-14,0.0,0.0,0.0
baseline_tdnet_clear_flags,1,2025-01-16,4429,リックソフト,1,0.5622175795658968,0.0,-4.30622009569378,True,True,True,2025-01-15,0.0,0.0,0.0
baseline_tdnet_clear_flags,1,2025-01-17,3238,セントラル総合開発,1,0.5345284349542456,0.0,-0.20920502092049986,True,True,True,2025-01-16,0.0,0.0,0.0
baseline_tdnet_clear_flags,1,2025-01-20,3976,シャノン,1,0.5356440394266077,1.0,3.5196687370600444,True,True,True,2025-01-17,0.0,0.0,0.0
baseline_tdnet_clear_flags,1,2025-01-21,4267,ライトワークス,1,0.5326913731509069,1.0,0.7148530579825341,True,True,True,2025-01-20,0.0,0.0,0.0
baseline_tdnet_clear_flags,1,2025-01-22,4267,ライトワークス,1,0.5362767858380433,1.0,2.2961203483768733,True,True,True,2025-01-21,0.0,0.0,0.0
baseline_tdnet_clear_flags,1,2025-01-23,5851,リョービ,1,0.5349833942376823,0.0,-0.8646779074794608,True,True,True,2025-01-22,1.0,0.0,0.0
baseline_tdnet_clear_flags,1,2025-01-24,7205,日野自動車,1,0.5412090927652915,0.0,-0.738007380073813,True,True,True,2025-01-23,0.0,0.0,0.0
baseline_tdnet_clear_flags,1,2025-01-27,8066,三⾕商事,1,0.5356777361718086,0.0,-3.121951219512198,True,True,True,2025-01-24,0.0,0.0,0.0
baseline_tdnet_clear_flags,1,2025-01-28,8066,三⾕商事,1,0.5427839699362319,1.0,1.1657374556512945,True,True,True,2025-01-27,0.0,0.0,0.0
baseline_tdnet_clear_flags,1,2025-01-29,4272,日本化薬,1,0.536943060850896,0.0,-0.27407987470634554,True,True,True,2025-01-28,0.0,0.0,0.0
baseline_tdnet_clear_flags,1,2025-01-30,4267,ライトワークス,1,0.5478954596944399,1.0,0.897226753670477,True,True,True,2025-01-29,0.0,0.0,0.0
baseline_tdnet_clear_flags,1,2025-01-31,4267,ライトワークス,1,0.5442256448461518,1.0,2.3443815683104274,True,True,True,2025-01-30,0.0,0.0,0.0
baseline_tdnet_clear_flags,1,2025-02-03,1944,きんでん,1,0.5536439927505044,1.0,2.8580402010050188,True,True,True,2025-01-31,1.0,1.0,0.0
baseline_tdnet_clear_flags,1,2025-02-04,4272,日本化薬,1,0.5586067460590434,1.0,1.653764954257575,True,True,True,2025-02-03,1.0,1.0,0.0
baseline_tdnet_clear_flags,1,2025-02-05,8704,トレイダーズホールディングス,1,0.5583364008878166,1.0,0.9966777408637828,True,True,True,2025-02-04,1.0,1.0,0.0
baseline_tdnet_clear_flags,1,2025-02-06,6547,グリーンズ,1,0.545360120606345,1.0,2.365308804205002,True,True,True,2025-02-05,0.0,0.0,0.0
baseline_tdnet_clear_flags,1,2025-02-07,6088,シグマクシス・ホールディングス,1,0.5523851559404441,1.0,9.90990990990992,True,True,True,2025-02-06,1.0,1.0,0.0
baseline_tdnet_clear_flags,1,2025-02-10,4267,ライトワークス,1,0.5495724484567611,1.0,3.6632891660171474,True,True,True,2025-02-07,0.0,0.0,0.0
baseline_tdnet_clear_flags,1,2025-02-12,4783,ＮＣＤ,1,0.5635189868028112,1.0,1.0204081632652962,True,True,True,2025-02-10,0.0,0.0,0.0
baseline_tdnet_clear_flags,1,2025-02-13,1950,日本電設⼯業,1,0.5731831710387422,1.0,0.7619047619047636,True,True,True,2025-02-12,1.0,1.0,0.0
baseline_tdnet_clear_flags,1,2025-02-14,9413,テレビ東京ホールディングス,1,0.5590341787492507,1.0,1.237964236588729,True,True,True,2025-02-13,1.0,1.0,0.0
baseline_tdnet_clear_flags,1,2025-02-17,3964,オークネット,1,0.5620615930839976,0.0,-2.754820936639113,True,True,True,2025-02-14,1.0,1.0,0.0
baseline_tdnet_clear_flags,1,2025-02-18,3238,セントラル総合開発,1,0.5446406903090397,1.0,1.0845986984815648,True,True,True,2025-02-17,0.0,0.0,0.0
baseline_tdnet_clear_flags,1,2025-02-19,4267,ライトワークス,1,0.544714761961062,1.0,1.1251758087201136,True,True,True,2025-02-18,0.0,0.0,0.0
baseline_tdnet_clear_flags,1,2025-02-20,5101,横浜ゴム,1,0.5438402101184062,0.0,-4.9886621315192725,True,True,True,2025-02-19,1.0,1.0,0.0
baseline_tdnet_clear_flags,1,2025-02-21,4267,ライトワークス,1,0.5421899004777028,1.0,1.4685314685314754,True,True,True,2025-02-20,0.0,0.0,0.0
baseline_tdnet_clear_flags,1,2025-02-25,4267,ライトワークス,1,0.5476914311801911,1.0,2.557014512785072,True,True,True,2025-02-21,0.0,0.0,0.0
baseline_tdnet_clear_flags,1,2025-02-26,7043,アルー,1,0.546980911067841,0.0,-0.14224751066855834,True,True,True,2025-02-25,0.0,0.0,0.0
baseline_tdnet_clear_flags,1,2025-02-27,4267,ライトワークス,1,0.5475217834626108,0.0,-1.888020833333337,True,True,True,2025-02-26,0.0,0.0,0.0
baseline_tdnet_clear_flags,1,2025-02-28,4267,ライトワークス,1,0.5509837894702103,0.0,-0.9986684420772329,True,True,True,2025-02-27,0.0,0.0,0.0
baseline_tdnet_clear_flags,1,2025-03-03,7043,アルー,1,0.5490785550718693,0.0,0.0,True,True,True,2025-02-28,0.0,0.0,0.0
baseline_tdnet_clear_flags,1,2025-03-04,4267,ライトワークス,1,0.5482971349412507,0.0,-1.4814814814814836,True,True,True,2025-03-03,0.0,0.0,0.0
baseline_tdnet_clear_flags,1,2025-03-05,7043,アルー,1,0.5496240900842471,0.0,-2.2253129346314293,True,True,True,2025-03-04,0.0,0.0,0.0
baseline_tdnet_clear_flags,1,2025-03-06,7043,アルー,1,0.550960468293724,0.0,0.0,True,True,True,2025-03-05,0.0,0.0,0.0
baseline_tdnet_clear_flags,1,2025-03-07,4783,ＮＣＤ,1,0.5459376009981379,0.0,-4.134650567142339,True,True,True,2025-03-06,0.0,0.0,0.0
baseline_tdnet_clear_flags,1,2025-03-10,4783,ＮＣＤ,1,0.5571789153793872,0.0,-0.03844675124952124,True,True,True,2025-03-07,0.0,0.0,0.0
baseline_tdnet_clear_flags,1,2025-03-11,4783,ＮＣＤ,1,0.5472436432392925,1.0,3.0604133545309997,True,True,True,2025-03-10,0.0,0.0,0.0
baseline_tdnet_clear_flags,1,2025-03-12,9312,ケイヒン,1,0.544616221564109,0.0,-0.39113428943937656,True,True,True,2025-03-11,0.0,0.0,0.0
baseline_tdnet_clear_flags,1,2025-03-13,4783,ＮＣＤ,1,0.54509012536842,0.0,-2.5522041763341052,True,True,True,2025-03-12,0.0,0.0,0.0
baseline_tdnet_clear_flags,1,2025-03-14,3921,ネオジャパン,1,0.5553669426340249,0.0,-0.26490066225165476,True,True,True,2025-03-13,1.0,1.0,0.0
baseline_tdnet_clear_flags,1,2025-03-17,6848,東亜ディーケーケー,1,0.5549336349747552,1.0,0.8454106280193274,True,True,True,2025-03-14,1.0,1.0,0.0
baseline_tdnet_clear_flags,1,2025-03-18,5888,ＤＡＩＷＡ ＣＹＣＬＥ,1,0.5711261893672729,1.0,8.416547788873041,True,True,True,2025-03-17,1.0,1.0,1.0
baseline_tdnet_clear_flags,1,2025-03-19,9782,ディーエムエス,1,0.570484338869309,0.0,0.0,True,True,True,2025-03-18,1.0,1.0,0.0
baseline_tdnet_clear_flags,1,2025-03-21,8346,東邦銀行,1,0.5590283291304693,1.0,1.4285714285714235,True,True,True,2025-03-19,1.0,1.0,0.0
baseline_tdnet_clear_flags,1,2025-03-24,9031,⻄日本鉄道,1,0.5724097187573782,1.0,0.9459459459459474,True,True,True,2025-03-21,1.0,1.0,0.0
baseline_tdnet_clear_flags,1,2025-03-25,3180,ビューティガレージ,1,0.5620218511532606,1.0,0.48840048840048667,True,True,True,2025-03-24,1.0,1.0,0.0
baseline_tdnet_clear_flags,1,2025-03-26,6644,大崎電気⼯業,1,0.548942429402581,1.0,1.5625,True,True,True,2025-03-25,1.0,1.0,0.0
baseline_tdnet_clear_flags,1,2025-03-27,7266,今仙電機製作所,1,0.5461925397458336,0.0,-1.0703363914373099,True,True,True,2025-03-26,0.0,0.0,0.0
baseline_tdnet_clear_flags,1,2025-03-28,7043,アルー,1,0.549134332118601,1.0,1.026392961876832,True,True,True,2025-03-27,0.0,0.0,0.0
baseline_tdnet_clear_flags,1,2025-03-31,7184,富山第一銀行,1,0.565836564123277,1.0,5.229357798165135,True,True,True,2025-03-28,1.0,1.0,0.0
baseline_tdnet_clear_flags,2,2025-01-06,4267,ライトワークス,1,0.5380509421382311,0.0,0.0,True,True,True,2024-12-30,0.0,0.0,0.0
baseline_tdnet_clear_flags,2,2025-01-06,6098,リクルートホールディングス,2,0.5360409633016889,0.0,-3.6656236030397804,True,True,True,2024-12-30,0.0,0.0,0.0
baseline_tdnet_clear_flags,2,2025-01-07,6226,守⾕輸送機⼯業,1,0.537488722534352,1.0,0.039308176100627534,True,True,True,2025-01-06,0.0,0.0,0.0
baseline_tdnet_clear_flags,2,2025-01-07,6098,リクルートホールディングス,2,0.5374037304135881,1.0,0.9417040358744355,True,True,True,2025-01-06,1.0,0.0,0.0
baseline_tdnet_clear_flags,2,2025-01-08,5161,⻄川ゴム⼯業,1,0.5298652232978128,1.0,0.6263982102908239,True,True,True,2025-01-07,0.0,0.0,0.0
baseline_tdnet_clear_flags,2,2025-01-08,9362,兵機海運,2,0.5289856208922539,0.0,-0.3942181340341633,True,True,True,2025-01-07,1.0,0.0,0.0
baseline_tdnet_clear_flags,2,2025-01-09,9362,兵機海運,1,0.5343942975887523,1.0,1.715039577836408,True,True,True,2025-01-08,0.0,0.0,0.0
baseline_tdnet_clear_flags,2,2025-01-09,7205,日野自動車,2,0.5337069748152855,0.0,-2.6848105921294385,True,True,True,2025-01-08,0.0,0.0,0.0
baseline_tdnet_clear_flags,2,2025-01-10,7730,マニー,1,0.5456521054143264,0.0,-2.0689655172413834,True,True,True,2025-01-09,0.0,0.0,0.0
baseline_tdnet_clear_flags,2,2025-01-10,7205,日野自動車,2,0.5351334334507082,0.0,-2.3075468129374,True,True,True,2025-01-09,0.0,0.0,0.0
baseline_tdnet_clear_flags,2,2025-01-14,4783,ＮＣＤ,1,0.5335711997175129,1.0,2.5123715264560254,True,True,True,2025-01-10,0.0,0.0,0.0
baseline_tdnet_clear_flags,2,2025-01-14,1803,清水建設,2,0.5323389928055023,0.0,-0.35545023696682554,True,True,True,2025-01-10,0.0,0.0,0.0
baseline_tdnet_clear_flags,2,2025-01-15,6857,アドバンテスト,1,0.5349255427583514,0.0,-3.2258064516129004,True,True,True,2025-01-14,0.0,0.0,0.0
baseline_tdnet_clear_flags,2,2025-01-15,4343,イオンファンタジー,2,0.5345961884516752,1.0,1.1829652996845352,True,True,True,2025-01-14,0.0,0.0,0.0
baseline_tdnet_clear_flags,2,2025-01-16,4429,リックソフト,1,0.5622175795658968,0.0,-4.30622009569378,True,True,True,2025-01-15,0.0,0.0,0.0
baseline_tdnet_clear_flags,2,2025-01-16,245A,ＩＮＧＳ,2,0.5512856049338579,0.0,-6.5424806905951876,True,True,True,2025-01-15,0.0,0.0,0.0
baseline_tdnet_clear_flags,2,2025-01-17,3238,セントラル総合開発,1,0.5345284349542456,0.0,-0.20920502092049986,True,True,True,2025-01-16,0.0,0.0,0.0
baseline_tdnet_clear_flags,2,2025-01-17,8141,新光商事,2,0.5315279337958037,0.0,-0.3894839337877265,True,True,True,2025-01-16,0.0,0.0,0.0
baseline_tdnet_clear_flags,2,2025-01-20,3976,シャノン,1,0.5356440394266077,1.0,3.5196687370600444,True,True,True,2025-01-17,0.0,0.0,0.0
baseline_tdnet_clear_flags,2,2025-01-20,2986,ＬＡホールディングス,2,0.5327129855232255,1.0,4.496402877697836,True,True,True,2025-01-17,0.0,0.0,0.0
baseline_tdnet_clear_flags,2,2025-01-21,4267,ライトワークス,1,0.5326913731509069,1.0,0.7148530579825341,True,True,True,2025-01-20,0.0,0.0,0.0
baseline_tdnet_clear_flags,2,2025-01-21,3238,セントラル総合開発,2,0.5291209190026596,1.0,1.7057569296375252,True,True,True,2025-01-20,0.0,0.0,0.0
baseline_tdnet_clear_flags,2,2025-01-22,4267,ライトワークス,1,0.5362767858380433,1.0,2.2961203483768733,True,True,True,2025-01-21,0.0,0.0,0.0
baseline_tdnet_clear_flags,2,2025-01-22,8066,三⾕商事,2,0.533426318077691,1.0,0.33653846153847145,True,True,True,2025-01-21,0.0,0.0,0.0
baseline_tdnet_clear_flags,2,2025-01-23,5851,リョービ,1,0.5349833942376823,0.0,-0.8646779074794608,True,True,True,2025-01-22,1.0,0.0,0.0
baseline_tdnet_clear_flags,2,2025-01-23,8066,三⾕商事,2,0.5325618681753104,1.0,0.6366307541625815,True,True,True,2025-01-22,0.0,0.0,0.0
baseline_tdnet_clear_flags,2,2025-01-24,7205,日野自動車,1,0.5412090927652915,0.0,-0.738007380073813,True,True,True,2025-01-23,0.0,0.0,0.0
baseline_tdnet_clear_flags,2,2025-01-24,8066,三⾕商事,2,0.5373873890734735,1.0,0.048661800486615725,True,True,True,2025-01-23,0.0,0.0,0.0
baseline_tdnet_clear_flags,2,2025-01-27,8066,三⾕商事,1,0.5356777361718086,0.0,-3.121951219512198,True,True,True,2025-01-24,0.0,0.0,0.0
baseline_tdnet_clear_flags,2,2025-01-27,5851,リョービ,2,0.5343858472988693,0.0,-0.04347826086956719,True,True,True,2025-01-24,0.0,0.0,0.0
baseline_tdnet_clear_flags,2,2025-01-28,8066,三⾕商事,1,0.5427839699362319,1.0,1.1657374556512945,True,True,True,2025-01-27,0.0,0.0,0.0
baseline_tdnet_clear_flags,2,2025-01-28,4267,ライトワークス,2,0.5360367521335863,1.0,2.499999999999991,True,True,True,2025-01-27,0.0,0.0,0.0
baseline_tdnet_clear_flags,2,2025-01-29,4272,日本化薬,1,0.536943060850896,0.0,-0.27407987470634554,True,True,True,2025-01-28,0.0,0.0,0.0
baseline_tdnet_clear_flags,2,2025-01-29,6875,メガチップス,2,0.5362365489041264,1.0,0.8561643835616417,True,True,True,2025-01-28,0.0,0.0,0.0
baseline_tdnet_clear_flags,2,2025-01-30,4267,ライトワークス,1,0.5478954596944399,1.0,0.897226753670477,True,True,True,2025-01-29,0.0,0.0,0.0
baseline_tdnet_clear_flags,2,2025-01-30,8066,三⾕商事,2,0.5426291073130728,1.0,1.2506513809275699,True,True,True,2025-01-29,0.0,0.0,0.0
baseline_tdnet_clear_flags,2,2025-01-31,4267,ライトワークス,1,0.5442256448461518,1.0,2.3443815683104274,True,True,True,2025-01-30,0.0,0.0,0.0
baseline_tdnet_clear_flags,2,2025-01-31,2997,ストレージ王,2,0.5422022337409373,0.0,-1.6913319238900604,True,True,True,2025-01-30,0.0,0.0,0.0
baseline_tdnet_clear_flags,2,2025-02-03,1944,きんでん,1,0.5536439927505044,1.0,2.8580402010050188,True,True,True,2025-01-31,1.0,1.0,0.0
baseline_tdnet_clear_flags,2,2025-02-03,8366,滋賀銀行,2,0.5473410977556276,0.0,0.0,True,True,True,2025-01-31,1.0,1.0,0.0
baseline_tdnet_clear_flags,2,2025-02-04,4272,日本化薬,1,0.5586067460590434,1.0,1.653764954257575,True,True,True,2025-02-03,1.0,1.0,0.0
baseline_tdnet_clear_flags,2,2025-02-04,4267,ライトワークス,2,0.5508374704153247,1.0,1.5322580645161343,True,True,True,2025-02-03,0.0,0.0,0.0
baseline_tdnet_clear_flags,2,2025-02-05,8704,トレイダーズホールディングス,1,0.5583364008878166,1.0,0.9966777408637828,True,True,True,2025-02-04,1.0,1.0,0.0
baseline_tdnet_clear_flags,2,2025-02-05,4267,ライトワークス,2,0.5478763648778788,1.0,3.494837172359011,True,True,True,2025-02-04,0.0,0.0,0.0
baseline_tdnet_clear_flags,2,2025-02-06,6547,グリーンズ,1,0.545360120606345,1.0,2.365308804205002,True,True,True,2025-02-05,0.0,0.0,0.0
baseline_tdnet_clear_flags,2,2025-02-06,4267,ライトワークス,2,0.5440479287318853,0.0,-1.8461538461538418,True,True,True,2025-02-05,0.0,0.0,0.0
baseline_tdnet_clear_flags,2,2025-02-07,6088,シグマクシス・ホールディングス,1,0.5523851559404441,1.0,9.90990990990992,True,True,True,2025-02-06,1.0,1.0,0.0
baseline_tdnet_clear_flags,2,2025-02-07,4267,ライトワークス,2,0.5510869696902537,1.0,0.6304176516942483,True,True,True,2025-02-06,0.0,0.0,0.0
baseline_tdnet_clear_flags,2,2025-02-10,4267,ライトワークス,1,0.5495724484567611,1.0,3.6632891660171474,True,True,True,2025-02-07,0.0,0.0,0.0
baseline_tdnet_clear_flags,2,2025-02-10,7089,フォースタートアップス,2,0.5440538791339176,1.0,0.29970029970030065,True,True,True,2025-02-07,1.0,1.0,0.0
baseline_tdnet_clear_flags,2,2025-02-12,4783,ＮＣＤ,1,0.5635189868028112,1.0,1.0204081632652962,True,True,True,2025-02-10,0.0,0.0,0.0
baseline_tdnet_clear_flags,2,2025-02-12,5161,⻄川ゴム⼯業,2,0.5486843330417196,0.0,0.0,True,True,True,2025-02-10,1.0,1.0,0.0
baseline_tdnet_clear_flags,2,2025-02-13,1950,日本電設⼯業,1,0.5731831710387422,1.0,0.7619047619047636,True,True,True,2025-02-12,1.0,1.0,0.0
baseline_tdnet_clear_flags,2,2025-02-13,9755,応用地質,2,0.5527390209357698,1.0,7.007248878149808,True,True,True,2025-02-12,1.0,1.0,0.0
baseline_tdnet_clear_flags,2,2025-02-14,9413,テレビ東京ホールディングス,1,0.5590341787492507,1.0,1.237964236588729,True,True,True,2025-02-13,1.0,1.0,0.0
baseline_tdnet_clear_flags,2,2025-02-14,6758,ソニーグループ,2,0.5584957832760165,0.0,-1.46276595744681,True,True,True,2025-02-13,1.0,1.0,0.0
baseline_tdnet_clear_flags,2,2025-02-17,3964,オークネット,1,0.5620615930839976,0.0,-2.754820936639113,True,True,True,2025-02-14,1.0,1.0,0.0
baseline_tdnet_clear_flags,2,2025-02-17,4267,ライトワークス,2,0.5567399160833614,1.0,3.5450516986706093,True,True,True,2025-02-14,0.0,0.0,0.0
baseline_tdnet_clear_flags,2,2025-02-18,3238,セントラル総合開発,1,0.5446406903090397,1.0,1.0845986984815648,True,True,True,2025-02-17,0.0,0.0,0.0
baseline_tdnet_clear_flags,2,2025-02-18,6135,牧野フライス製作所,2,0.5402528667604504,0.0,-0.1680672268907557,True,True,True,2025-02-17,0.0,0.0,0.0
baseline_tdnet_clear_flags,2,2025-02-19,4267,ライトワークス,1,0.544714761961062,1.0,1.1251758087201136,True,True,True,2025-02-18,0.0,0.0,0.0
baseline_tdnet_clear_flags,2,2025-02-19,3238,セントラル総合開発,2,0.5396101368648859,1.0,0.8639308855291628,True,True,True,2025-02-18,0.0,0.0,0.0
baseline_tdnet_clear_flags,2,2025-02-20,5101,横浜ゴム,1,0.5438402101184062,0.0,-4.9886621315192725,True,True,True,2025-02-19,1.0,1.0,0.0
baseline_tdnet_clear_flags,2,2025-02-20,4267,ライトワークス,2,0.5411420982023233,1.0,1.1716057891109521,True,True,True,2025-02-19,0.0,0.0,0.0
baseline_tdnet_clear_flags,2,2025-02-21,4267,ライトワークス,1,0.5421899004777028,1.0,1.4685314685314754,True,True,True,2025-02-20,0.0,0.0,0.0
baseline_tdnet_clear_flags,2,2025-02-21,7043,アルー,2,0.5412076172892629,1.0,0.14326647564470996,True,True,True,2025-02-20,0.0,0.0,0.0
baseline_tdnet_clear_flags,2,2025-02-25,4267,ライトワークス,1,0.5476914311801911,1.0,2.557014512785072,True,True,True,2025-02-21,0.0,0.0,0.0
baseline_tdnet_clear_flags,2,2025-02-25,7043,アルー,2,0.5469666650755265,1.0,0.4285714285714226,True,True,True,2025-02-21,0.0,0.0,0.0
baseline_tdnet_clear_flags,2,2025-02-26,7043,アルー,1,0.546980911067841,0.0,-0.14224751066855834,True,True,True,2025-02-25,0.0,0.0,0.0
baseline_tdnet_clear_flags,2,2025-02-26,3359,ｃｏｔｔａ,2,0.5437265972195298,0.0,-4.793028322440085,True,True,True,2025-02-25,0.0,0.0,0.0
baseline_tdnet_clear_flags,2,2025-02-27,4267,ライトワークス,1,0.5475217834626108,0.0,-1.888020833333337,True,True,True,2025-02-26,0.0,0.0,0.0
baseline_tdnet_clear_flags,2,2025-02-27,7043,アルー,2,0.5450123914035557,1.0,0.8595988538681931,True,True,True,2025-02-26,0.0,0.0,0.0
baseline_tdnet_clear_flags,2,2025-02-28,4267,ライトワークス,1,0.5509837894702103,0.0,-0.9986684420772329,True,True,True,2025-02-27,0.0,0.0,0.0
baseline_tdnet_clear_flags,2,2025-02-28,7043,アルー,2,0.547039523303774,1.0,0.5706134094151105,True,True,True,2025-02-27,0.0,0.0,0.0
baseline_tdnet_clear_flags,2,2025-03-03,7043,アルー,1,0.5490785550718693,0.0,0.0,True,True,True,2025-02-28,0.0,0.0,0.0
baseline_tdnet_clear_flags,2,2025-03-03,4267,ライトワークス,2,0.5464408092304561,0.0,-4.023746701846964,True,True,True,2025-02-28,0.0,0.0,0.0
baseline_tdnet_clear_flags,2,2025-03-04,4267,ライトワークス,1,0.5482971349412507,0.0,-1.4814814814814836,True,True,True,2025-03-03,0.0,0.0,0.0
baseline_tdnet_clear_flags,2,2025-03-04,7043,アルー,2,0.5477290184460759,1.0,0.5714285714285783,True,True,True,2025-03-03,0.0,0.0,0.0
baseline_tdnet_clear_flags,2,2025-03-05,7043,アルー,1,0.5496240900842471,0.0,-2.2253129346314293,True,True,True,2025-03-04,0.0,0.0,0.0
baseline_tdnet_clear_flags,2,2025-03-05,6424,高見沢サイバネティックス,2,0.5471898148354961,1.0,0.09425070688029447,True,True,True,2025-03-04,1.0,1.0,0.0
baseline_tdnet_clear_flags,2,2025-03-06,7043,アルー,1,0.550960468293724,0.0,0.0,True,True,True,2025-03-05,0.0,0.0,0.0
baseline_tdnet_clear_flags,2,2025-03-06,1867,植木組,2,0.5508913882451273,1.0,1.8478260869565277,True,True,True,2025-03-05,1.0,1.0,0.0
baseline_tdnet_clear_flags,2,2025-03-07,4783,ＮＣＤ,1,0.5459376009981379,0.0,-4.134650567142339,True,True,True,2025-03-06,0.0,0.0,0.0
baseline_tdnet_clear_flags,2,2025-03-07,7043,アルー,2,0.5437808797974155,0.0,0.0,True,True,True,2025-03-06,0.0,0.0,0.0
baseline_tdnet_clear_flags,2,2025-03-10,4783,ＮＣＤ,1,0.5571789153793872,0.0,-0.03844675124952124,True,True,True,2025-03-07,0.0,0.0,0.0
baseline_tdnet_clear_flags,2,2025-03-10,1967,ヤマト,2,0.5541886547460659,0.0,-1.5665796344647487,True,True,True,2025-03-07,1.0,1.0,0.0
baseline_tdnet_clear_flags,2,2025-03-11,4783,ＮＣＤ,1,0.5472436432392925,1.0,3.0604133545309997,True,True,True,2025-03-10,0.0,0.0,0.0
baseline_tdnet_clear_flags,2,2025-03-11,4662,フォーカスシステムズ,2,0.5472421870669698,1.0,0.9972801450589319,True,True,True,2025-03-10,1.0,1.0,0.0
baseline_tdnet_clear_flags,2,2025-03-12,9312,ケイヒン,1,0.544616221564109,0.0,-0.39113428943937656,True,True,True,2025-03-11,0.0,0.0,0.0
baseline_tdnet_clear_flags,2,2025-03-12,4267,ライトワークス,2,0.5426355612407094,1.0,1.464713715046595,True,True,True,2025-03-11,0.0,0.0,0.0
baseline_tdnet_clear_flags,2,2025-03-13,4783,ＮＣＤ,1,0.54509012536842,0.0,-2.5522041763341052,True,True,True,2025-03-12,0.0,0.0,0.0
baseline_tdnet_clear_flags,2,2025-03-13,4356,応用技術,2,0.5447687801620105,1.0,2.1126760563380254,True,True,True,2025-03-12,0.0,0.0,0.0
baseline_tdnet_clear_flags,2,2025-03-14,3921,ネオジャパン,1,0.5553669426340249,0.0,-0.26490066225165476,True,True,True,2025-03-13,1.0,1.0,0.0
baseline_tdnet_clear_flags,2,2025-03-14,4783,ＮＣＤ,2,0.5495723557647735,1.0,0.674870980547837,True,True,True,2025-03-13,0.0,0.0,0.0
baseline_tdnet_clear_flags,2,2025-03-17,6848,東亜ディーケーケー,1,0.5549336349747552,1.0,0.8454106280193274,True,True,True,2025-03-14,1.0,1.0,0.0
baseline_tdnet_clear_flags,2,2025-03-17,7050,フロンティアインターナショナル,2,0.5537978692304262,0.0,-1.5151515151515138,True,True,True,2025-03-14,1.0,1.0,0.0
baseline_tdnet_clear_flags,2,2025-03-18,5888,ＤＡＩＷＡ ＣＹＣＬＥ,1,0.5711261893672729,1.0,8.416547788873041,True,True,True,2025-03-17,1.0,1.0,1.0
baseline_tdnet_clear_flags,2,2025-03-18,5285,ヤマックス,2,0.569420500235794,0.0,-1.8927444794952675,True,True,True,2025-03-17,1.0,1.0,0.0
baseline_tdnet_clear_flags,2,2025-03-19,9782,ディーエムエス,1,0.570484338869309,0.0,0.0,True,True,True,2025-03-18,1.0,1.0,0.0
baseline_tdnet_clear_flags,2,2025-03-19,9828,Ｇｅｎｋｉ Ｇｌｏｂａｌ Ｄｉｎｉｎｇ Ｃｏｎｃｅｐｔｓ,2,0.5549565760762968,1.0,1.680672268907557,True,True,True,2025-03-18,1.0,1.0,0.0
baseline_tdnet_clear_flags,2,2025-03-21,8346,東邦銀行,1,0.5590283291304693,1.0,1.4285714285714235,True,True,True,2025-03-19,1.0,1.0,0.0
baseline_tdnet_clear_flags,2,2025-03-21,8367,南都銀行,2,0.5541492161684525,1.0,4.438964241676935,True,True,True,2025-03-19,1.0,1.0,0.0
baseline_tdnet_clear_flags,2,2025-03-24,9031,⻄日本鉄道,1,0.5724097187573782,1.0,0.9459459459459474,True,True,True,2025-03-21,1.0,1.0,0.0
baseline_tdnet_clear_flags,2,2025-03-24,4356,応用技術,2,0.549401886525307,0.0,-0.25889967637540146,True,True,True,2025-03-21,0.0,0.0,0.0
baseline_tdnet_clear_flags,2,2025-03-25,3180,ビューティガレージ,1,0.5620218511532606,1.0,0.48840048840048667,True,True,True,2025-03-24,1.0,1.0,0.0
baseline_tdnet_clear_flags,2,2025-03-25,8101,ＧＳＩクレオス,2,0.5588817631855623,0.0,-1.3545072396076607,True,True,True,2025-03-24,1.0,1.0,1.0
baseline_tdnet_clear_flags,2,2025-03-26,6644,大崎電気⼯業,1,0.548942429402581,1.0,1.5625,True,True,True,2025-03-25,1.0,1.0,0.0
baseline_tdnet_clear_flags,2,2025-03-26,7266,今仙電機製作所,2,0.5443533132174645,1.0,0.45801526717557106,True,True,True,2025-03-25,0.0,0.0,0.0
baseline_tdnet_clear_flags,2,2025-03-27,7266,今仙電機製作所,1,0.5461925397458336,0.0,-1.0703363914373099,True,True,True,2025-03-26,0.0,0.0,0.0
baseline_tdnet_clear_flags,2,2025-03-27,7043,アルー,2,0.5449325220842721,1.0,0.7320644216691097,True,True,True,2025-03-26,0.0,0.0,0.0
baseline_tdnet_clear_flags,2,2025-03-28,7043,アルー,1,0.549134332118601,1.0,1.026392961876832,True,True,True,2025-03-27,0.0,0.0,0.0
baseline_tdnet_clear_flags,2,2025-03-28,7266,今仙電機製作所,2,0.5485894018599469,1.0,0.47244094488188004,True,True,True,2025-03-27,0.0,0.0,0.0
baseline_tdnet_clear_flags,2,2025-03-31,7184,富山第一銀行,1,0.565836564123277,1.0,5.229357798165135,True,True,True,2025-03-28,1.0,1.0,0.0
baseline_tdnet_clear_flags,2,2025-03-31,7813,プラッツ,2,0.5572394164360156,1.0,0.4398826979472137,True,True,True,2025-03-28,0.0,0.0,0.0
baseline_tdnet_clear_scores,1,2025-01-06,4267,ライトワークス,1,0.5380661800277136,0.0,0.0,True,True,True,2024-12-30,0.0,0.0,0.0
baseline_tdnet_clear_scores,1,2025-01-07,6226,守⾕輸送機⼯業,1,0.5375627562170715,1.0,0.039308176100627534,True,True,True,2025-01-06,0.0,0.0,0.0
baseline_tdnet_clear_scores,1,2025-01-08,5161,⻄川ゴム⼯業,1,0.5298897000368711,1.0,0.6263982102908239,True,True,True,2025-01-07,0.0,0.0,0.0
baseline_tdnet_clear_scores,1,2025-01-09,9362,兵機海運,1,0.5343990933770448,1.0,1.715039577836408,True,True,True,2025-01-08,0.0,0.0,0.0
baseline_tdnet_clear_scores,1,2025-01-10,7730,マニー,1,0.5457141254192265,0.0,-2.0689655172413834,True,True,True,2025-01-09,0.0,0.0,0.0
baseline_tdnet_clear_scores,1,2025-01-14,4783,ＮＣＤ,1,0.5336104180852668,1.0,2.5123715264560254,True,True,True,2025-01-10,0.0,0.0,0.0
baseline_tdnet_clear_scores,1,2025-01-15,7811,中本パックス,1,0.5387415255554683,0.0,-0.2272727272727315,True,True,True,2025-01-14,1.0,1.0,0.0
baseline_tdnet_clear_scores,1,2025-01-16,4429,リックソフト,1,0.5623128972194984,0.0,-4.30622009569378,True,True,True,2025-01-15,0.0,0.0,0.0
baseline_tdnet_clear_scores,1,2025-01-17,3238,セントラル総合開発,1,0.5345374556521589,0.0,-0.20920502092049986,True,True,True,2025-01-16,0.0,0.0,0.0
baseline_tdnet_clear_scores,1,2025-01-20,3976,シャノン,1,0.5357136194959531,1.0,3.5196687370600444,True,True,True,2025-01-17,0.0,0.0,0.0
baseline_tdnet_clear_scores,1,2025-01-21,4267,ライトワークス,1,0.5326986840917158,1.0,0.7148530579825341,True,True,True,2025-01-20,0.0,0.0,0.0
baseline_tdnet_clear_scores,1,2025-01-22,4267,ライトワークス,1,0.5362914079195358,1.0,2.2961203483768733,True,True,True,2025-01-21,0.0,0.0,0.0
baseline_tdnet_clear_scores,1,2025-01-23,5851,リョービ,1,0.5349797775712821,0.0,-0.8646779074794608,True,True,True,2025-01-22,1.0,0.0,0.0
baseline_tdnet_clear_scores,1,2025-01-24,7205,日野自動車,1,0.5412638324107484,0.0,-0.738007380073813,True,True,True,2025-01-23,0.0,0.0,0.0
baseline_tdnet_clear_scores,1,2025-01-27,8066,三⾕商事,1,0.5356757017449195,0.0,-3.121951219512198,True,True,True,2025-01-24,0.0,0.0,0.0
baseline_tdnet_clear_scores,1,2025-01-28,8066,三⾕商事,1,0.5428207683854135,1.0,1.1657374556512945,True,True,True,2025-01-27,0.0,0.0,0.0
baseline_tdnet_clear_scores,1,2025-01-29,4272,日本化薬,1,0.5369538411954623,0.0,-0.27407987470634554,True,True,True,2025-01-28,0.0,0.0,0.0
baseline_tdnet_clear_scores,1,2025-01-30,4267,ライトワークス,1,0.5479360069931826,1.0,0.897226753670477,True,True,True,2025-01-29,0.0,0.0,0.0
baseline_tdnet_clear_scores,1,2025-01-31,4267,ライトワークス,1,0.5442271027135408,1.0,2.3443815683104274,True,True,True,2025-01-30,0.0,0.0,0.0
baseline_tdnet_clear_scores,1,2025-02-03,7782,シンシア,1,0.5655092658993236,0.0,-0.6172839506172867,True,True,True,2025-01-31,1.0,1.0,0.0
baseline_tdnet_clear_scores,1,2025-02-04,4272,日本化薬,1,0.5580180468485462,1.0,1.653764954257575,True,True,True,2025-02-03,1.0,1.0,0.0
baseline_tdnet_clear_scores,1,2025-02-05,8704,トレイダーズホールディングス,1,0.5568881409980144,1.0,0.9966777408637828,True,True,True,2025-02-04,1.0,1.0,0.0
baseline_tdnet_clear_scores,1,2025-02-06,6547,グリーンズ,1,0.5453894781861965,1.0,2.365308804205002,True,True,True,2025-02-05,0.0,0.0,0.0
baseline_tdnet_clear_scores,1,2025-02-07,7073,ジェイック,1,0.5615308917005519,1.0,2.6376677464136966,True,True,True,2025-02-06,1.0,1.0,0.0
baseline_tdnet_clear_scores,1,2025-02-10,4267,ライトワークス,1,0.549562695107693,1.0,3.6632891660171474,True,True,True,2025-02-07,0.0,0.0,0.0
baseline_tdnet_clear_scores,1,2025-02-12,4783,ＮＣＤ,1,0.5635772198155286,1.0,1.0204081632652962,True,True,True,2025-02-10,0.0,0.0,0.0
baseline_tdnet_clear_scores,1,2025-02-13,1950,日本電設⼯業,1,0.5716993587352222,1.0,0.7619047619047636,True,True,True,2025-02-12,1.0,1.0,0.0
baseline_tdnet_clear_scores,1,2025-02-14,9413,テレビ東京ホールディングス,1,0.5575503397340988,1.0,1.237964236588729,True,True,True,2025-02-13,1.0,1.0,0.0
baseline_tdnet_clear_scores,1,2025-02-17,3964,オークネット,1,0.5605546835438158,0.0,-2.754820936639113,True,True,True,2025-02-14,1.0,1.0,0.0
baseline_tdnet_clear_scores,1,2025-02-18,3238,セントラル総合開発,1,0.5446596607944483,1.0,1.0845986984815648,True,True,True,2025-02-17,0.0,0.0,0.0
baseline_tdnet_clear_scores,1,2025-02-19,4267,ライトワークス,1,0.5447103696983246,1.0,1.1251758087201136,True,True,True,2025-02-18,0.0,0.0,0.0
baseline_tdnet_clear_scores,1,2025-02-20,4267,ライトワークス,1,0.5411261440091238,1.0,1.1716057891109521,True,True,True,2025-02-19,0.0,0.0,0.0
baseline_tdnet_clear_scores,1,2025-02-21,4267,ライトワークス,1,0.5421776374627493,1.0,1.4685314685314754,True,True,True,2025-02-20,0.0,0.0,0.0
baseline_tdnet_clear_scores,1,2025-02-25,4267,ライトワークス,1,0.5476663027725731,1.0,2.557014512785072,True,True,True,2025-02-21,0.0,0.0,0.0
baseline_tdnet_clear_scores,1,2025-02-26,7043,アルー,1,0.5469568324726588,0.0,-0.14224751066855834,True,True,True,2025-02-25,0.0,0.0,0.0
baseline_tdnet_clear_scores,1,2025-02-27,4267,ライトワークス,1,0.5474891829748441,0.0,-1.888020833333337,True,True,True,2025-02-26,0.0,0.0,0.0
baseline_tdnet_clear_scores,1,2025-02-28,4267,ライトワークス,1,0.550986458086468,0.0,-0.9986684420772329,True,True,True,2025-02-27,0.0,0.0,0.0
baseline_tdnet_clear_scores,1,2025-03-03,7043,アルー,1,0.5490780218940681,0.0,0.0,True,True,True,2025-02-28,0.0,0.0,0.0
baseline_tdnet_clear_scores,1,2025-03-04,4267,ライトワークス,1,0.5483194043724883,0.0,-1.4814814814814836,True,True,True,2025-03-03,0.0,0.0,0.0
baseline_tdnet_clear_scores,1,2025-03-05,7043,アルー,1,0.5496300601560036,0.0,-2.2253129346314293,True,True,True,2025-03-04,0.0,0.0,0.0
baseline_tdnet_clear_scores,1,2025-03-06,7043,アルー,1,0.5509611094171718,0.0,0.0,True,True,True,2025-03-05,0.0,0.0,0.0
baseline_tdnet_clear_scores,1,2025-03-07,4783,ＮＣＤ,1,0.5459344146754135,0.0,-4.134650567142339,True,True,True,2025-03-06,0.0,0.0,0.0
baseline_tdnet_clear_scores,1,2025-03-10,4783,ＮＣＤ,1,0.5572175993364267,0.0,-0.03844675124952124,True,True,True,2025-03-07,0.0,0.0,0.0
baseline_tdnet_clear_scores,1,2025-03-11,4783,ＮＣＤ,1,0.5472666835319335,1.0,3.0604133545309997,True,True,True,2025-03-10,0.0,0.0,0.0
baseline_tdnet_clear_scores,1,2025-03-12,9312,ケイヒン,1,0.5446388018675182,0.0,-0.39113428943937656,True,True,True,2025-03-11,0.0,0.0,0.0
baseline_tdnet_clear_scores,1,2025-03-13,4783,ＮＣＤ,1,0.5451072875083481,0.0,-2.5522041763341052,True,True,True,2025-03-12,0.0,0.0,0.0
baseline_tdnet_clear_scores,1,2025-03-14,4783,ＮＣＤ,1,0.5496030991327688,1.0,0.674870980547837,True,True,True,2025-03-13,0.0,0.0,0.0
baseline_tdnet_clear_scores,1,2025-03-17,4356,応用技術,1,0.5473246335089957,1.0,0.25706940874035134,True,True,True,2025-03-14,0.0,0.0,0.0
baseline_tdnet_clear_scores,1,2025-03-18,5888,ＤＡＩＷＡ ＣＹＣＬＥ,1,0.5547345094874553,1.0,8.416547788873041,True,True,True,2025-03-17,1.0,1.0,1.0
baseline_tdnet_clear_scores,1,2025-03-19,9782,ディーエムエス,1,0.55405162949876,0.0,0.0,True,True,True,2025-03-18,1.0,1.0,0.0
baseline_tdnet_clear_scores,1,2025-03-21,4356,応用技術,1,0.5488341025828172,0.0,-0.32030749519538215,True,True,True,2025-03-19,0.0,0.0,0.0
baseline_tdnet_clear_scores,1,2025-03-24,9031,⻄日本鉄道,1,0.5560142079010524,1.0,0.9459459459459474,True,True,True,2025-03-21,1.0,1.0,0.0
baseline_tdnet_clear_scores,1,2025-03-25,7043,アルー,1,0.5530990605618102,1.0,3.6308623298033194,True,True,True,2025-03-24,0.0,0.0,0.0
baseline_tdnet_clear_scores,1,2025-03-26,8217,オークワ,1,0.54831949407399,1.0,1.6241299303944245,True,True,True,2025-03-25,1.0,1.0,1.0
baseline_tdnet_clear_scores,1,2025-03-27,7266,今仙電機製作所,1,0.5461708680736146,0.0,-1.0703363914373099,True,True,True,2025-03-26,0.0,0.0,0.0
baseline_tdnet_clear_scores,1,2025-03-28,7043,アルー,1,0.5491368408540337,1.0,1.026392961876832,True,True,True,2025-03-27,0.0,0.0,0.0
baseline_tdnet_clear_scores,1,2025-03-31,7813,プラッツ,1,0.5572876903451304,1.0,0.4398826979472137,True,True,True,2025-03-28,0.0,0.0,0.0
baseline_tdnet_clear_scores,2,2025-01-06,4267,ライトワークス,1,0.5380661800277136,0.0,0.0,True,True,True,2024-12-30,0.0,0.0,0.0
baseline_tdnet_clear_scores,2,2025-01-06,6098,リクルートホールディングス,2,0.5360837418939515,0.0,-3.6656236030397804,True,True,True,2024-12-30,0.0,0.0,0.0
baseline_tdnet_clear_scores,2,2025-01-07,6226,守⾕輸送機⼯業,1,0.5375627562170715,1.0,0.039308176100627534,True,True,True,2025-01-06,0.0,0.0,0.0
baseline_tdnet_clear_scores,2,2025-01-07,6098,リクルートホールディングス,2,0.537453998822057,1.0,0.9417040358744355,True,True,True,2025-01-06,1.0,0.0,0.0
baseline_tdnet_clear_scores,2,2025-01-08,5161,⻄川ゴム⼯業,1,0.5298897000368711,1.0,0.6263982102908239,True,True,True,2025-01-07,0.0,0.0,0.0
baseline_tdnet_clear_scores,2,2025-01-08,9362,兵機海運,2,0.5289770031057466,0.0,-0.3942181340341633,True,True,True,2025-01-07,1.0,0.0,0.0
baseline_tdnet_clear_scores,2,2025-01-09,9362,兵機海運,1,0.5343990933770448,1.0,1.715039577836408,True,True,True,2025-01-08,0.0,0.0,0.0
baseline_tdnet_clear_scores,2,2025-01-09,7205,日野自動車,2,0.5337255368933536,0.0,-2.6848105921294385,True,True,True,2025-01-08,0.0,0.0,0.0
baseline_tdnet_clear_scores,2,2025-01-10,7730,マニー,1,0.5457141254192265,0.0,-2.0689655172413834,True,True,True,2025-01-09,0.0,0.0,0.0
baseline_tdnet_clear_scores,2,2025-01-10,7205,日野自動車,2,0.5351748924368468,0.0,-2.3075468129374,True,True,True,2025-01-09,0.0,0.0,0.0
baseline_tdnet_clear_scores,2,2025-01-14,4783,ＮＣＤ,1,0.5336104180852668,1.0,2.5123715264560254,True,True,True,2025-01-10,0.0,0.0,0.0
baseline_tdnet_clear_scores,2,2025-01-14,1803,清水建設,2,0.5323691208352375,0.0,-0.35545023696682554,True,True,True,2025-01-10,0.0,0.0,0.0
baseline_tdnet_clear_scores,2,2025-01-15,7811,中本パックス,1,0.5387415255554683,0.0,-0.2272727272727315,True,True,True,2025-01-14,1.0,1.0,0.0
baseline_tdnet_clear_scores,2,2025-01-15,6857,アドバンテスト,2,0.5349693536294187,0.0,-3.2258064516129004,True,True,True,2025-01-14,0.0,0.0,0.0
baseline_tdnet_clear_scores,2,2025-01-16,4429,リックソフト,1,0.5623128972194984,0.0,-4.30622009569378,True,True,True,2025-01-15,0.0,0.0,0.0
baseline_tdnet_clear_scores,2,2025-01-16,245A,ＩＮＧＳ,2,0.5514236120994154,0.0,-6.5424806905951876,True,True,True,2025-01-15,0.0,0.0,0.0
baseline_tdnet_clear_scores,2,2025-01-17,3238,セントラル総合開発,1,0.5345374556521589,0.0,-0.20920502092049986,True,True,True,2025-01-16,0.0,0.0,0.0
baseline_tdnet_clear_scores,2,2025-01-17,8141,新光商事,2,0.531548891783958,0.0,-0.3894839337877265,True,True,True,2025-01-16,0.0,0.0,0.0
baseline_tdnet_clear_scores,2,2025-01-20,3976,シャノン,1,0.5357136194959531,1.0,3.5196687370600444,True,True,True,2025-01-17,0.0,0.0,0.0
baseline_tdnet_clear_scores,2,2025-01-20,2986,ＬＡホールディングス,2,0.5327567465321768,1.0,4.496402877697836,True,True,True,2025-01-17,0.0,0.0,0.0
baseline_tdnet_clear_scores,2,2025-01-21,4267,ライトワークス,1,0.5326986840917158,1.0,0.7148530579825341,True,True,True,2025-01-20,0.0,0.0,0.0
baseline_tdnet_clear_scores,2,2025-01-21,3238,セントラル総合開発,2,0.5291417174820289,1.0,1.7057569296375252,True,True,True,2025-01-20,0.0,0.0,0.0
baseline_tdnet_clear_scores,2,2025-01-22,4267,ライトワークス,1,0.5362914079195358,1.0,2.2961203483768733,True,True,True,2025-01-21,0.0,0.0,0.0
baseline_tdnet_clear_scores,2,2025-01-22,8066,三⾕商事,2,0.5334182637770867,1.0,0.33653846153847145,True,True,True,2025-01-21,0.0,0.0,0.0
baseline_tdnet_clear_scores,2,2025-01-23,5851,リョービ,1,0.5349797775712821,0.0,-0.8646779074794608,True,True,True,2025-01-22,1.0,0.0,0.0
baseline_tdnet_clear_scores,2,2025-01-23,8066,三⾕商事,2,0.5325537593458629,1.0,0.6366307541625815,True,True,True,2025-01-22,0.0,0.0,0.0
baseline_tdnet_clear_scores,2,2025-01-24,7205,日野自動車,1,0.5412638324107484,0.0,-0.738007380073813,True,True,True,2025-01-23,0.0,0.0,0.0
baseline_tdnet_clear_scores,2,2025-01-24,8066,三⾕商事,2,0.5373796046822612,1.0,0.048661800486615725,True,True,True,2025-01-23,0.0,0.0,0.0
baseline_tdnet_clear_scores,2,2025-01-27,8066,三⾕商事,1,0.5356757017449195,0.0,-3.121951219512198,True,True,True,2025-01-24,0.0,0.0,0.0
baseline_tdnet_clear_scores,2,2025-01-27,5851,リョービ,2,0.5344129564783021,0.0,-0.04347826086956719,True,True,True,2025-01-24,0.0,0.0,0.0
baseline_tdnet_clear_scores,2,2025-01-28,8066,三⾕商事,1,0.5428207683854135,1.0,1.1657374556512945,True,True,True,2025-01-27,0.0,0.0,0.0
baseline_tdnet_clear_scores,2,2025-01-28,4267,ライトワークス,2,0.5360324130048018,1.0,2.499999999999991,True,True,True,2025-01-27,0.0,0.0,0.0
baseline_tdnet_clear_scores,2,2025-01-29,4272,日本化薬,1,0.5369538411954623,0.0,-0.27407987470634554,True,True,True,2025-01-28,0.0,0.0,0.0
baseline_tdnet_clear_scores,2,2025-01-29,6875,メガチップス,2,0.5363061802443436,1.0,0.8561643835616417,True,True,True,2025-01-28,0.0,0.0,0.0
baseline_tdnet_clear_scores,2,2025-01-30,4267,ライトワークス,1,0.5479360069931826,1.0,0.897226753670477,True,True,True,2025-01-29,0.0,0.0,0.0
baseline_tdnet_clear_scores,2,2025-01-30,8066,三⾕商事,2,0.5426871659993714,1.0,1.2506513809275699,True,True,True,2025-01-29,0.0,0.0,0.0
baseline_tdnet_clear_scores,2,2025-01-31,4267,ライトワークス,1,0.5442271027135408,1.0,2.3443815683104274,True,True,True,2025-01-30,0.0,0.0,0.0
baseline_tdnet_clear_scores,2,2025-01-31,2997,ストレージ王,2,0.542188284082935,0.0,-1.6913319238900604,True,True,True,2025-01-30,0.0,0.0,0.0
baseline_tdnet_clear_scores,2,2025-02-03,7782,シンシア,1,0.5655092658993236,0.0,-0.6172839506172867,True,True,True,2025-01-31,1.0,1.0,0.0
baseline_tdnet_clear_scores,2,2025-02-03,7326,ＳＢＩインシュアランスグループ,2,0.5530460186325491,0.0,0.0,True,True,True,2025-01-31,1.0,1.0,0.0
baseline_tdnet_clear_scores,2,2025-02-04,4272,日本化薬,1,0.5580180468485462,1.0,1.653764954257575,True,True,True,2025-02-03,1.0,1.0,0.0
baseline_tdnet_clear_scores,2,2025-02-04,4267,ライトワークス,2,0.5508271465688388,1.0,1.5322580645161343,True,True,True,2025-02-03,0.0,0.0,0.0
baseline_tdnet_clear_scores,2,2025-02-05,8704,トレイダーズホールディングス,1,0.5568881409980144,1.0,0.9966777408637828,True,True,True,2025-02-04,1.0,1.0,0.0
baseline_tdnet_clear_scores,2,2025-02-05,4267,ライトワークス,2,0.5478646939618879,1.0,3.494837172359011,True,True,True,2025-02-04,0.0,0.0,0.0
baseline_tdnet_clear_scores,2,2025-02-06,6547,グリーンズ,1,0.5453894781861965,1.0,2.365308804205002,True,True,True,2025-02-05,0.0,0.0,0.0
baseline_tdnet_clear_scores,2,2025-02-06,9412,スカパーＪＳＡＴホールディングス,2,0.5445268668093332,1.0,6.865671641791038,True,True,True,2025-02-05,1.0,1.0,0.0
baseline_tdnet_clear_scores,2,2025-02-07,7073,ジェイック,1,0.5615308917005519,1.0,2.6376677464136966,True,True,True,2025-02-06,1.0,1.0,0.0
baseline_tdnet_clear_scores,2,2025-02-07,4267,ライトワークス,2,0.55109236880635,1.0,0.6304176516942483,True,True,True,2025-02-06,0.0,0.0,0.0
baseline_tdnet_clear_scores,2,2025-02-10,4267,ライトワークス,1,0.549562695107693,1.0,3.6632891660171474,True,True,True,2025-02-07,0.0,0.0,0.0
baseline_tdnet_clear_scores,2,2025-02-10,9159,Ｗ ＴＯＫＹＯ,2,0.5419855320038597,0.0,-2.0061728395061706,True,True,True,2025-02-07,0.0,0.0,0.0
baseline_tdnet_clear_scores,2,2025-02-12,4783,ＮＣＤ,1,0.5635772198155286,1.0,1.0204081632652962,True,True,True,2025-02-10,0.0,0.0,0.0
baseline_tdnet_clear_scores,2,2025-02-12,5161,⻄川ゴム⼯業,2,0.5480458530558934,0.0,0.0,True,True,True,2025-02-10,1.0,1.0,0.0
baseline_tdnet_clear_scores,2,2025-02-13,1950,日本電設⼯業,1,0.5716993587352222,1.0,0.7619047619047636,True,True,True,2025-02-12,1.0,1.0,0.0
baseline_tdnet_clear_scores,2,2025-02-13,9755,応用地質,2,0.5512312524237398,1.0,7.007248878149808,True,True,True,2025-02-12,1.0,1.0,0.0
baseline_tdnet_clear_scores,2,2025-02-14,9413,テレビ東京ホールディングス,1,0.5575503397340988,1.0,1.237964236588729,True,True,True,2025-02-13,1.0,1.0,0.0
baseline_tdnet_clear_scores,2,2025-02-14,2120,ＬＩＦＵＬＬ,2,0.5539133393211214,1.0,1.1111111111111072,True,True,True,2025-02-13,0.0,0.0,0.0
baseline_tdnet_clear_scores,2,2025-02-17,3964,オークネット,1,0.5605546835438158,0.0,-2.754820936639113,True,True,True,2025-02-14,1.0,1.0,0.0
baseline_tdnet_clear_scores,2,2025-02-17,4267,ライトワークス,2,0.5567386982239747,1.0,3.5450516986706093,True,True,True,2025-02-14,0.0,0.0,0.0
baseline_tdnet_clear_scores,2,2025-02-18,3238,セントラル総合開発,1,0.5446596607944483,1.0,1.0845986984815648,True,True,True,2025-02-17,0.0,0.0,0.0
baseline_tdnet_clear_scores,2,2025-02-18,6135,牧野フライス製作所,2,0.5402590391511376,0.0,-0.1680672268907557,True,True,True,2025-02-17,0.0,0.0,0.0
baseline_tdnet_clear_scores,2,2025-02-19,4267,ライトワークス,1,0.5447103696983246,1.0,1.1251758087201136,True,True,True,2025-02-18,0.0,0.0,0.0
baseline_tdnet_clear_scores,2,2025-02-19,3238,セントラル総合開発,2,0.5396072615932492,1.0,0.8639308855291628,True,True,True,2025-02-18,0.0,0.0,0.0
baseline_tdnet_clear_scores,2,2025-02-20,4267,ライトワークス,1,0.5411261440091238,1.0,1.1716057891109521,True,True,True,2025-02-19,0.0,0.0,0.0
baseline_tdnet_clear_scores,2,2025-02-20,3238,セントラル総合開発,2,0.5409662937808821,0.0,-0.21505376344086446,True,True,True,2025-02-19,0.0,0.0,0.0
baseline_tdnet_clear_scores,2,2025-02-21,4267,ライトワークス,1,0.5421776374627493,1.0,1.4685314685314754,True,True,True,2025-02-20,0.0,0.0,0.0
baseline_tdnet_clear_scores,2,2025-02-21,7043,アルー,2,0.5411705524561112,1.0,0.14326647564470996,True,True,True,2025-02-20,0.0,0.0,0.0
baseline_tdnet_clear_scores,2,2025-02-25,4267,ライトワークス,1,0.5476663027725731,1.0,2.557014512785072,True,True,True,2025-02-21,0.0,0.0,0.0
baseline_tdnet_clear_scores,2,2025-02-25,7043,アルー,2,0.5469420868418318,1.0,0.4285714285714226,True,True,True,2025-02-21,0.0,0.0,0.0
baseline_tdnet_clear_scores,2,2025-02-26,7043,アルー,1,0.5469568324726588,0.0,-0.14224751066855834,True,True,True,2025-02-25,0.0,0.0,0.0
baseline_tdnet_clear_scores,2,2025-02-26,3359,ｃｏｔｔａ,2,0.5437608486498233,0.0,-4.793028322440085,True,True,True,2025-02-25,0.0,0.0,0.0
baseline_tdnet_clear_scores,2,2025-02-27,4267,ライトワークス,1,0.5474891829748441,0.0,-1.888020833333337,True,True,True,2025-02-26,0.0,0.0,0.0
baseline_tdnet_clear_scores,2,2025-02-27,7043,アルー,2,0.5449958800936052,1.0,0.8595988538681931,True,True,True,2025-02-26,0.0,0.0,0.0
baseline_tdnet_clear_scores,2,2025-02-28,4267,ライトワークス,1,0.550986458086468,0.0,-0.9986684420772329,True,True,True,2025-02-27,0.0,0.0,0.0
baseline_tdnet_clear_scores,2,2025-02-28,7043,アルー,2,0.5470199433983007,1.0,0.5706134094151105,True,True,True,2025-02-27,0.0,0.0,0.0
baseline_tdnet_clear_scores,2,2025-03-03,7043,アルー,1,0.5490780218940681,0.0,0.0,True,True,True,2025-02-28,0.0,0.0,0.0
baseline_tdnet_clear_scores,2,2025-03-03,4267,ライトワークス,2,0.5464518769817132,0.0,-4.023746701846964,True,True,True,2025-02-28,0.0,0.0,0.0
baseline_tdnet_clear_scores,2,2025-03-04,4267,ライトワークス,1,0.5483194043724883,0.0,-1.4814814814814836,True,True,True,2025-03-03,0.0,0.0,0.0
baseline_tdnet_clear_scores,2,2025-03-04,7043,アルー,2,0.5477321378487097,1.0,0.5714285714285783,True,True,True,2025-03-03,0.0,0.0,0.0
baseline_tdnet_clear_scores,2,2025-03-05,7043,アルー,1,0.5496300601560036,0.0,-2.2253129346314293,True,True,True,2025-03-04,0.0,0.0,0.0
baseline_tdnet_clear_scores,2,2025-03-05,4783,ＮＣＤ,2,0.5428191066804039,1.0,0.43494019572309917,True,True,True,2025-03-04,0.0,0.0,0.0
baseline_tdnet_clear_scores,2,2025-03-06,7043,アルー,1,0.5509611094171718,0.0,0.0,True,True,True,2025-03-05,0.0,0.0,0.0
baseline_tdnet_clear_scores,2,2025-03-06,4783,ＮＣＤ,2,0.5455801717364647,0.0,-0.9352517985611541,True,True,True,2025-03-05,0.0,0.0,0.0
baseline_tdnet_clear_scores,2,2025-03-07,4783,ＮＣＤ,1,0.5459344146754135,0.0,-4.134650567142339,True,True,True,2025-03-06,0.0,0.0,0.0
baseline_tdnet_clear_scores,2,2025-03-07,7043,アルー,2,0.5437937621522388,0.0,0.0,True,True,True,2025-03-06,0.0,0.0,0.0
baseline_tdnet_clear_scores,2,2025-03-10,4783,ＮＣＤ,1,0.5572175993364267,0.0,-0.03844675124952124,True,True,True,2025-03-07,0.0,0.0,0.0
baseline_tdnet_clear_scores,2,2025-03-10,7043,アルー,2,0.5418688838675287,0.0,0.0,True,True,True,2025-03-07,0.0,0.0,0.0
baseline_tdnet_clear_scores,2,2025-03-11,4783,ＮＣＤ,1,0.5472666835319335,1.0,3.0604133545309997,True,True,True,2025-03-10,0.0,0.0,0.0
baseline_tdnet_clear_scores,2,2025-03-11,4267,ライトワークス,2,0.5457871694186939,1.0,0.13377926421405117,True,True,True,2025-03-10,0.0,0.0,0.0
baseline_tdnet_clear_scores,2,2025-03-12,9312,ケイヒン,1,0.5446388018675182,0.0,-0.39113428943937656,True,True,True,2025-03-11,0.0,0.0,0.0
baseline_tdnet_clear_scores,2,2025-03-12,4267,ライトワークス,2,0.5426477190607376,1.0,1.464713715046595,True,True,True,2025-03-11,0.0,0.0,0.0
baseline_tdnet_clear_scores,2,2025-03-13,4783,ＮＣＤ,1,0.5451072875083481,0.0,-2.5522041763341052,True,True,True,2025-03-12,0.0,0.0,0.0
baseline_tdnet_clear_scores,2,2025-03-13,4356,応用技術,2,0.5447547344011509,1.0,2.1126760563380254,True,True,True,2025-03-12,0.0,0.0,0.0
baseline_tdnet_clear_scores,2,2025-03-14,4783,ＮＣＤ,1,0.5496030991327688,1.0,0.674870980547837,True,True,True,2025-03-13,0.0,0.0,0.0
baseline_tdnet_clear_scores,2,2025-03-14,4267,ライトワークス,2,0.5444000426351878,1.0,2.194148936170204,True,True,True,2025-03-13,0.0,0.0,0.0
baseline_tdnet_clear_scores,2,2025-03-17,4356,応用技術,1,0.5473246335089957,1.0,0.25706940874035134,True,True,True,2025-03-14,0.0,0.0,0.0
baseline_tdnet_clear_scores,2,2025-03-17,9265,ヤマシタヘルスケアホールディングス,2,0.5423093447576094,0.0,-0.5693235097119942,True,True,True,2025-03-14,0.0,0.0,0.0
baseline_tdnet_clear_scores,2,2025-03-18,5888,ＤＡＩＷＡ ＣＹＣＬＥ,1,0.5547345094874553,1.0,8.416547788873041,True,True,True,2025-03-17,1.0,1.0,1.0
baseline_tdnet_clear_scores,2,2025-03-18,5285,ヤマックス,2,0.553005902873212,0.0,-1.8927444794952675,True,True,True,2025-03-17,1.0,1.0,0.0
baseline_tdnet_clear_scores,2,2025-03-19,9782,ディーエムエス,1,0.55405162949876,0.0,0.0,True,True,True,2025-03-18,1.0,1.0,0.0
baseline_tdnet_clear_scores,2,2025-03-19,7266,今仙電機製作所,2,0.5470032375713925,1.0,3.703703703703698,True,True,True,2025-03-18,0.0,0.0,0.0
baseline_tdnet_clear_scores,2,2025-03-21,4356,応用技術,1,0.5488341025828172,0.0,-0.32030749519538215,True,True,True,2025-03-19,0.0,0.0,0.0
baseline_tdnet_clear_scores,2,2025-03-21,7043,アルー,2,0.5446596876863318,1.0,0.4354136429608024,True,True,True,2025-03-19,0.0,0.0,0.0
baseline_tdnet_clear_scores,2,2025-03-24,9031,⻄日本鉄道,1,0.5560142079010524,1.0,0.9459459459459474,True,True,True,2025-03-21,1.0,1.0,0.0
baseline_tdnet_clear_scores,2,2025-03-24,4356,応用技術,2,0.5494116285313158,0.0,-0.25889967637540146,True,True,True,2025-03-21,0.0,0.0,0.0
baseline_tdnet_clear_scores,2,2025-03-25,7043,アルー,1,0.5530990605618102,1.0,3.6308623298033194,True,True,True,2025-03-24,0.0,0.0,0.0
baseline_tdnet_clear_scores,2,2025-03-25,8066,三⾕商事,2,0.5472263351153931,0.0,-2.0456707897240745,True,True,True,2025-03-24,0.0,0.0,0.0
baseline_tdnet_clear_scores,2,2025-03-26,8217,オークワ,1,0.54831949407399,1.0,1.6241299303944245,True,True,True,2025-03-25,1.0,1.0,1.0
baseline_tdnet_clear_scores,2,2025-03-26,7266,今仙電機製作所,2,0.5443355733401496,1.0,0.45801526717557106,True,True,True,2025-03-25,0.0,0.0,0.0
baseline_tdnet_clear_scores,2,2025-03-27,7266,今仙電機製作所,1,0.5461708680736146,0.0,-1.0703363914373099,True,True,True,2025-03-26,0.0,0.0,0.0
baseline_tdnet_clear_scores,2,2025-03-27,7043,アルー,2,0.544931572775374,1.0,0.7320644216691097,True,True,True,2025-03-26,0.0,0.0,0.0
baseline_tdnet_clear_scores,2,2025-03-28,7043,アルー,1,0.5491368408540337,1.0,1.026392961876832,True,True,True,2025-03-27,0.0,0.0,0.0
baseline_tdnet_clear_scores,2,2025-03-28,7266,今仙電機製作所,2,0.5485934030626756,1.0,0.47244094488188004,True,True,True,2025-03-27,0.0,0.0,0.0
baseline_tdnet_clear_scores,2,2025-03-31,7813,プラッツ,1,0.5572876903451304,1.0,0.4398826979472137,True,True,True,2025-03-28,0.0,0.0,0.0
baseline_tdnet_clear_scores,2,2025-03-31,6118,アイダエンジニアリング,2,0.5562822256278868,1.0,3.828306264501169,True,True,True,2025-03-28,1.0,1.0,0.0
baseline_tdnet_timing,1,2025-01-06,4267,ライトワークス,1,0.538487835205893,0.0,0.0,True,True,True,2024-12-30,0.0,0.0,0.0
baseline_tdnet_timing,1,2025-01-07,6226,守⾕輸送機⼯業,1,0.537842218074914,1.0,0.039308176100627534,True,True,True,2025-01-06,0.0,0.0,0.0
baseline_tdnet_timing,1,2025-01-08,7276,小糸製作所,1,0.5369849996747976,1.0,1.0983524712930626,True,True,True,2025-01-07,1.0,0.0,0.0
baseline_tdnet_timing,1,2025-01-09,9362,兵機海運,1,0.5348208731103378,1.0,1.715039577836408,True,True,True,2025-01-08,0.0,0.0,0.0
baseline_tdnet_timing,1,2025-01-10,7730,マニー,1,0.5458991191746052,0.0,-2.0689655172413834,True,True,True,2025-01-09,0.0,0.0,0.0
baseline_tdnet_timing,1,2025-01-14,4783,ＮＣＤ,1,0.5339454886470222,1.0,2.5123715264560254,True,True,True,2025-01-10,0.0,0.0,0.0
baseline_tdnet_timing,1,2025-01-15,6857,アドバンテスト,1,0.5352732323032273,0.0,-3.2258064516129004,True,True,True,2025-01-14,0.0,0.0,0.0
baseline_tdnet_timing,1,2025-01-16,4429,リックソフト,1,0.5624259008476553,0.0,-4.30622009569378,True,True,True,2025-01-15,0.0,0.0,0.0
baseline_tdnet_timing,1,2025-01-17,7273,イクヨ,1,0.5562052200095913,0.0,0.0,True,True,True,2025-01-16,1.0,0.0,0.0
baseline_tdnet_timing,1,2025-01-20,3976,シャノン,1,0.5358979769369059,1.0,3.5196687370600444,True,True,True,2025-01-17,0.0,0.0,0.0
baseline_tdnet_timing,1,2025-01-21,4267,ライトワークス,1,0.5331328904606402,1.0,0.7148530579825341,True,True,True,2025-01-20,0.0,0.0,0.0
baseline_tdnet_timing,1,2025-01-22,4267,ライトワークス,1,0.5367117994272553,1.0,2.2961203483768733,True,True,True,2025-01-21,0.0,0.0,0.0
baseline_tdnet_timing,1,2025-01-23,8066,三⾕商事,1,0.5329779851418945,1.0,0.6366307541625815,True,True,True,2025-01-22,0.0,0.0,0.0
baseline_tdnet_timing,1,2025-01-24,7205,日野自動車,1,0.5416258410326034,0.0,-0.738007380073813,True,True,True,2025-01-23,0.0,0.0,0.0
baseline_tdnet_timing,1,2025-01-27,8066,三⾕商事,1,0.5361008524921652,0.0,-3.121951219512198,True,True,True,2025-01-24,0.0,0.0,0.0
baseline_tdnet_timing,1,2025-01-28,7177,ＧＭＯフィナンシャルホールディングス,1,0.5524422843955089,1.0,0.5594405594405494,True,True,True,2025-01-27,1.0,0.0,0.0
baseline_tdnet_timing,1,2025-01-29,4272,日本化薬,1,0.5373368868820989,0.0,-0.27407987470634554,True,True,True,2025-01-28,0.0,0.0,0.0
baseline_tdnet_timing,1,2025-01-30,4267,ライトワークス,1,0.5483335955384536,1.0,0.897226753670477,True,True,True,2025-01-29,0.0,0.0,0.0
baseline_tdnet_timing,1,2025-01-31,4267,ライトワークス,1,0.5446806746371607,1.0,2.3443815683104274,True,True,True,2025-01-30,0.0,0.0,0.0
baseline_tdnet_timing,1,2025-02-03,6547,グリーンズ,1,0.545346315161382,1.0,0.7669365146996121,True,True,True,2025-01-31,0.0,0.0,0.0
baseline_tdnet_timing,1,2025-02-04,4267,ライトワークス,1,0.5511612874914884,1.0,1.5322580645161343,True,True,True,2025-02-03,0.0,0.0,0.0
baseline_tdnet_timing,1,2025-02-05,4267,ライトワークス,1,0.5482193050735062,1.0,3.494837172359011,True,True,True,2025-02-04,0.0,0.0,0.0
baseline_tdnet_timing,1,2025-02-06,6547,グリーンズ,1,0.5457116215620107,1.0,2.365308804205002,True,True,True,2025-02-05,0.0,0.0,0.0
baseline_tdnet_timing,1,2025-02-07,4267,ライトワークス,1,0.5514402926773446,1.0,0.6304176516942483,True,True,True,2025-02-06,0.0,0.0,0.0
baseline_tdnet_timing,1,2025-02-10,4267,ライトワークス,1,0.5499199215317991,1.0,3.6632891660171474,True,True,True,2025-02-07,0.0,0.0,0.0
baseline_tdnet_timing,1,2025-02-12,4783,ＮＣＤ,1,0.5637903047727157,1.0,1.0204081632652962,True,True,True,2025-02-10,0.0,0.0,0.0
baseline_tdnet_timing,1,2025-02-13,4267,ライトワークス,1,0.549658518006908,1.0,3.502235469448589,True,True,True,2025-02-12,0.0,0.0,0.0
baseline_tdnet_timing,1,2025-02-14,2120,ＬＩＦＵＬＬ,1,0.5541142157351915,1.0,1.1111111111111072,True,True,True,2025-02-13,0.0,0.0,0.0
baseline_tdnet_timing,1,2025-02-17,4267,ライトワークス,1,0.5570573301294095,1.0,3.5450516986706093,True,True,True,2025-02-14,0.0,0.0,0.0
baseline_tdnet_timing,1,2025-02-18,3238,セントラル総合開発,1,0.5449752797988242,1.0,1.0845986984815648,True,True,True,2025-02-17,0.0,0.0,0.0
baseline_tdnet_timing,1,2025-02-19,4267,ライトワークス,1,0.5450565200152685,1.0,1.1251758087201136,True,True,True,2025-02-18,0.0,0.0,0.0
baseline_tdnet_timing,1,2025-02-20,4267,ライトワークス,1,0.5414834304993627,1.0,1.1716057891109521,True,True,True,2025-02-19,0.0,0.0,0.0
baseline_tdnet_timing,1,2025-02-21,4267,ライトワークス,1,0.5425325659306284,1.0,1.4685314685314754,True,True,True,2025-02-20,0.0,0.0,0.0
baseline_tdnet_timing,1,2025-02-25,4267,ライトワークス,1,0.5480119497201632,1.0,2.557014512785072,True,True,True,2025-02-21,0.0,0.0,0.0
baseline_tdnet_timing,1,2025-02-26,7043,アルー,1,0.5472784195790067,0.0,-0.14224751066855834,True,True,True,2025-02-25,0.0,0.0,0.0
baseline_tdnet_timing,1,2025-02-27,4267,ライトワークス,1,0.5478836746500672,0.0,-1.888020833333337,True,True,True,2025-02-26,0.0,0.0,0.0
baseline_tdnet_timing,1,2025-02-28,4267,ライトワークス,1,0.5513374175589202,0.0,-0.9986684420772329,True,True,True,2025-02-27,0.0,0.0,0.0
baseline_tdnet_timing,1,2025-03-03,7043,アルー,1,0.5493161354951253,0.0,0.0,True,True,True,2025-02-28,0.0,0.0,0.0
baseline_tdnet_timing,1,2025-03-04,4267,ライトワークス,1,0.5484774970595502,0.0,-1.4814814814814836,True,True,True,2025-03-03,0.0,0.0,0.0
baseline_tdnet_timing,1,2025-03-05,7043,アルー,1,0.5498547088496026,0.0,-2.2253129346314293,True,True,True,2025-03-04,0.0,0.0,0.0
baseline_tdnet_timing,1,2025-03-06,7043,アルー,1,0.5511654053646194,0.0,0.0,True,True,True,2025-03-05,0.0,0.0,0.0
baseline_tdnet_timing,1,2025-03-07,4783,ＮＣＤ,1,0.5461503693264976,0.0,-4.134650567142339,True,True,True,2025-03-06,0.0,0.0,0.0
baseline_tdnet_timing,1,2025-03-10,4783,ＮＣＤ,1,0.5573522219970004,0.0,-0.03844675124952124,True,True,True,2025-03-07,0.0,0.0,0.0
baseline_tdnet_timing,1,2025-03-11,4783,ＮＣＤ,1,0.5474218620411607,1.0,3.0604133545309997,True,True,True,2025-03-10,0.0,0.0,0.0
baseline_tdnet_timing,1,2025-03-12,9312,ケイヒン,1,0.5448326325723837,0.0,-0.39113428943937656,True,True,True,2025-03-11,0.0,0.0,0.0
baseline_tdnet_timing,1,2025-03-13,4783,ＮＣＤ,1,0.5452912420308017,0.0,-2.5522041763341052,True,True,True,2025-03-12,0.0,0.0,0.0
baseline_tdnet_timing,1,2025-03-14,4783,ＮＣＤ,1,0.5497491918074995,1.0,0.674870980547837,True,True,True,2025-03-13,0.0,0.0,0.0
baseline_tdnet_timing,1,2025-03-17,4356,応用技術,1,0.5475469510112102,1.0,0.25706940874035134,True,True,True,2025-03-14,0.0,0.0,0.0
baseline_tdnet_timing,1,2025-03-18,4356,応用技術,1,0.546429873820126,1.0,0.3205128205128194,True,True,True,2025-03-17,0.0,0.0,0.0
baseline_tdnet_timing,1,2025-03-19,7266,今仙電機製作所,1,0.5472845794284745,1.0,3.703703703703698,True,True,True,2025-03-18,0.0,0.0,0.0
baseline_tdnet_timing,1,2025-03-21,4356,応用技術,1,0.5490755868664192,0.0,-0.32030749519538215,True,True,True,2025-03-19,0.0,0.0,0.0
baseline_tdnet_timing,1,2025-03-24,4356,応用技術,1,0.5496239646478897,0.0,-0.25889967637540146,True,True,True,2025-03-21,0.0,0.0,0.0
baseline_tdnet_timing,1,2025-03-25,7043,アルー,1,0.5532972127260116,1.0,3.6308623298033194,True,True,True,2025-03-24,0.0,0.0,0.0
baseline_tdnet_timing,1,2025-03-26,7266,今仙電機製作所,1,0.5446320463249309,1.0,0.45801526717557106,True,True,True,2025-03-25,0.0,0.0,0.0
baseline_tdnet_timing,1,2025-03-27,7813,プラッツ,1,0.5533205302227961,0.0,-0.6868131868131844,True,True,True,2025-03-26,1.0,0.0,0.0
baseline_tdnet_timing,1,2025-03-28,7043,アルー,1,0.5493985374245347,1.0,1.026392961876832,True,True,True,2025-03-27,0.0,0.0,0.0
baseline_tdnet_timing,1,2025-03-31,7813,プラッツ,1,0.5573477680224228,1.0,0.4398826979472137,True,True,True,2025-03-28,0.0,0.0,0.0
baseline_tdnet_timing,2,2025-01-06,4267,ライトワークス,1,0.538487835205893,0.0,0.0,True,True,True,2024-12-30,0.0,0.0,0.0
baseline_tdnet_timing,2,2025-01-06,6098,リクルートホールディングス,2,0.5363892132149221,0.0,-3.6656236030397804,True,True,True,2024-12-30,0.0,0.0,0.0
baseline_tdnet_timing,2,2025-01-07,6226,守⾕輸送機⼯業,1,0.537842218074914,1.0,0.039308176100627534,True,True,True,2025-01-06,0.0,0.0,0.0
baseline_tdnet_timing,2,2025-01-07,7205,日野自動車,2,0.5356403012308586,1.0,0.9090909090909038,True,True,True,2025-01-06,0.0,0.0,0.0
baseline_tdnet_timing,2,2025-01-08,7276,小糸製作所,1,0.5369849996747976,1.0,1.0983524712930626,True,True,True,2025-01-07,1.0,0.0,0.0
baseline_tdnet_timing,2,2025-01-08,5161,⻄川ゴム⼯業,2,0.5301889819381472,1.0,0.6263982102908239,True,True,True,2025-01-07,0.0,0.0,0.0
baseline_tdnet_timing,2,2025-01-09,9362,兵機海運,1,0.5348208731103378,1.0,1.715039577836408,True,True,True,2025-01-08,0.0,0.0,0.0
baseline_tdnet_timing,2,2025-01-09,7205,日野自動車,2,0.5340704896076834,0.0,-2.6848105921294385,True,True,True,2025-01-08,0.0,0.0,0.0
baseline_tdnet_timing,2,2025-01-10,7730,マニー,1,0.5458991191746052,0.0,-2.0689655172413834,True,True,True,2025-01-09,0.0,0.0,0.0
baseline_tdnet_timing,2,2025-01-10,9749,富士ソフト,2,0.5394161261574079,0.0,-0.5102040816326481,True,True,True,2025-01-09,1.0,0.0,0.0
baseline_tdnet_timing,2,2025-01-14,4783,ＮＣＤ,1,0.5339454886470222,1.0,2.5123715264560254,True,True,True,2025-01-10,0.0,0.0,0.0
baseline_tdnet_timing,2,2025-01-14,1803,清水建設,2,0.5326736255048177,0.0,-0.35545023696682554,True,True,True,2025-01-10,0.0,0.0,0.0
baseline_tdnet_timing,2,2025-01-15,6857,アドバンテスト,1,0.5352732323032273,0.0,-3.2258064516129004,True,True,True,2025-01-14,0.0,0.0,0.0
baseline_tdnet_timing,2,2025-01-15,4343,イオンファンタジー,2,0.5349041113482828,1.0,1.1829652996845352,True,True,True,2025-01-14,0.0,0.0,0.0
baseline_tdnet_timing,2,2025-01-16,4429,リックソフト,1,0.5624259008476553,0.0,-4.30622009569378,True,True,True,2025-01-15,0.0,0.0,0.0
baseline_tdnet_timing,2,2025-01-16,245A,ＩＮＧＳ,2,0.5514907790499053,0.0,-6.5424806905951876,True,True,True,2025-01-15,0.0,0.0,0.0
baseline_tdnet_timing,2,2025-01-17,7273,イクヨ,1,0.5562052200095913,0.0,0.0,True,True,True,2025-01-16,1.0,0.0,0.0
baseline_tdnet_timing,2,2025-01-17,3238,セントラル総合開発,2,0.5348536688462403,0.0,-0.20920502092049986,True,True,True,2025-01-16,0.0,0.0,0.0
baseline_tdnet_timing,2,2025-01-20,3976,シャノン,1,0.5358979769369059,1.0,3.5196687370600444,True,True,True,2025-01-17,0.0,0.0,0.0
baseline_tdnet_timing,2,2025-01-20,2986,ＬＡホールディングス,2,0.5330800633225935,1.0,4.496402877697836,True,True,True,2025-01-17,0.0,0.0,0.0
baseline_tdnet_timing,2,2025-01-21,4267,ライトワークス,1,0.5331328904606402,1.0,0.7148530579825341,True,True,True,2025-01-20,0.0,0.0,0.0
baseline_tdnet_timing,2,2025-01-21,4188,三菱ケミカルグループ,2,0.5295358471986403,0.0,-1.1482775836245684,True,True,True,2025-01-20,1.0,0.0,0.0
baseline_tdnet_timing,2,2025-01-22,4267,ライトワークス,1,0.5367117994272553,1.0,2.2961203483768733,True,True,True,2025-01-21,0.0,0.0,0.0
baseline_tdnet_timing,2,2025-01-22,8066,三⾕商事,2,0.5338493088160464,1.0,0.33653846153847145,True,True,True,2025-01-21,0.0,0.0,0.0
baseline_tdnet_timing,2,2025-01-23,8066,三⾕商事,1,0.5329779851418945,1.0,0.6366307541625815,True,True,True,2025-01-22,0.0,0.0,0.0
baseline_tdnet_timing,2,2025-01-23,4267,ライトワークス,2,0.5327689016850936,0.0,-0.6163328197226536,True,True,True,2025-01-22,0.0,0.0,0.0
baseline_tdnet_timing,2,2025-01-24,7205,日野自動車,1,0.5416258410326034,0.0,-0.738007380073813,True,True,True,2025-01-23,0.0,0.0,0.0
baseline_tdnet_timing,2,2025-01-24,8066,三⾕商事,2,0.537798033161112,1.0,0.048661800486615725,True,True,True,2025-01-23,0.0,0.0,0.0
baseline_tdnet_timing,2,2025-01-27,8066,三⾕商事,1,0.5361008524921652,0.0,-3.121951219512198,True,True,True,2025-01-24,0.0,0.0,0.0
baseline_tdnet_timing,2,2025-01-27,5851,リョービ,2,0.5347425902095281,0.0,-0.04347826086956719,True,True,True,2025-01-24,0.0,0.0,0.0
baseline_tdnet_timing,2,2025-01-28,7177,ＧＭＯフィナンシャルホールディングス,1,0.5524422843955089,1.0,0.5594405594405494,True,True,True,2025-01-27,1.0,0.0,0.0
baseline_tdnet_timing,2,2025-01-28,9449,ＧＭＯインターネットグループ,2,0.5521389371464941,1.0,2.253000923361026,True,True,True,2025-01-27,1.0,0.0,0.0
baseline_tdnet_timing,2,2025-01-29,4272,日本化薬,1,0.5373368868820989,0.0,-0.27407987470634554,True,True,True,2025-01-28,0.0,0.0,0.0
baseline_tdnet_timing,2,2025-01-29,6875,メガチップス,2,0.536536677326791,1.0,0.8561643835616417,True,True,True,2025-01-28,0.0,0.0,0.0
baseline_tdnet_timing,2,2025-01-30,4267,ライトワークス,1,0.5483335955384536,1.0,0.897226753670477,True,True,True,2025-01-29,0.0,0.0,0.0
baseline_tdnet_timing,2,2025-01-30,8066,三⾕商事,2,0.5429759296362806,1.0,1.2506513809275699,True,True,True,2025-01-29,0.0,0.0,0.0
baseline_tdnet_timing,2,2025-01-31,4267,ライトワークス,1,0.5446806746371607,1.0,2.3443815683104274,True,True,True,2025-01-30,0.0,0.0,0.0
baseline_tdnet_timing,2,2025-01-31,2997,ストレージ王,2,0.5424980277055322,0.0,-1.6913319238900604,True,True,True,2025-01-30,0.0,0.0,0.0
baseline_tdnet_timing,2,2025-02-03,6547,グリーンズ,1,0.545346315161382,1.0,0.7669365146996121,True,True,True,2025-01-31,0.0,0.0,0.0
baseline_tdnet_timing,2,2025-02-03,4267,ライトワークス,2,0.5449648303668125,1.0,1.2244897959183598,True,True,True,2025-01-31,0.0,0.0,0.0
baseline_tdnet_timing,2,2025-02-04,4267,ライトワークス,1,0.5511612874914884,1.0,1.5322580645161343,True,True,True,2025-02-03,0.0,0.0,0.0
baseline_tdnet_timing,2,2025-02-04,7806,ＭＴＧ,2,0.5444498831545531,0.0,-1.488569909622539,True,True,True,2025-02-03,0.0,0.0,0.0
baseline_tdnet_timing,2,2025-02-05,4267,ライトワークス,1,0.5482193050735062,1.0,3.494837172359011,True,True,True,2025-02-04,0.0,0.0,0.0
baseline_tdnet_timing,2,2025-02-05,6547,グリーンズ,2,0.5445932072483958,0.0,-2.719932001699954,True,True,True,2025-02-04,0.0,0.0,0.0
baseline_tdnet_timing,2,2025-02-06,6547,グリーンズ,1,0.5457116215620107,1.0,2.365308804205002,True,True,True,2025-02-05,0.0,0.0,0.0
baseline_tdnet_timing,2,2025-02-06,4267,ライトワークス,2,0.5444168825257869,0.0,-1.8461538461538418,True,True,True,2025-02-05,0.0,0.0,0.0
baseline_tdnet_timing,2,2025-02-07,4267,ライトワークス,1,0.5514402926773446,1.0,0.6304176516942483,True,True,True,2025-02-06,0.0,0.0,0.0
baseline_tdnet_timing,2,2025-02-07,3800,ユニリタ,2,0.5394249087166856,1.0,0.7049345417925457,True,True,True,2025-02-06,0.0,0.0,0.0
baseline_tdnet_timing,2,2025-02-10,4267,ライトワークス,1,0.5499199215317991,1.0,3.6632891660171474,True,True,True,2025-02-07,0.0,0.0,0.0
baseline_tdnet_timing,2,2025-02-10,9159,Ｗ ＴＯＫＹＯ,2,0.5422742826059509,0.0,-2.0061728395061706,True,True,True,2025-02-07,0.0,0.0,0.0
baseline_tdnet_timing,2,2025-02-12,4783,ＮＣＤ,1,0.5637903047727157,1.0,1.0204081632652962,True,True,True,2025-02-10,0.0,0.0,0.0
baseline_tdnet_timing,2,2025-02-12,4267,ライトワークス,2,0.5428523786681511,1.0,0.9745127436281864,True,True,True,2025-02-10,0.0,0.0,0.0
baseline_tdnet_timing,2,2025-02-13,4267,ライトワークス,1,0.549658518006908,1.0,3.502235469448589,True,True,True,2025-02-12,0.0,0.0,0.0
baseline_tdnet_timing,2,2025-02-13,7043,アルー,2,0.5467414313779174,1.0,4.813664596273282,True,True,True,2025-02-12,0.0,0.0,0.0
baseline_tdnet_timing,2,2025-02-14,2120,ＬＩＦＵＬＬ,1,0.5541142157351915,1.0,1.1111111111111072,True,True,True,2025-02-13,0.0,0.0,0.0
baseline_tdnet_timing,2,2025-02-14,3238,セントラル総合開発,2,0.5451029964152841,0.0,-0.6263048016701411,True,True,True,2025-02-13,0.0,0.0,0.0
baseline_tdnet_timing,2,2025-02-17,4267,ライトワークス,1,0.5570573301294095,1.0,3.5450516986706093,True,True,True,2025-02-14,0.0,0.0,0.0
baseline_tdnet_timing,2,2025-02-17,5851,リョービ,2,0.5484996269291458,1.0,2.207207207207218,True,True,True,2025-02-14,0.0,0.0,0.0
baseline_tdnet_timing,2,2025-02-18,3238,セントラル総合開発,1,0.5449752797988242,1.0,1.0845986984815648,True,True,True,2025-02-17,0.0,0.0,0.0
baseline_tdnet_timing,2,2025-02-18,6135,牧野フライス製作所,2,0.5406335579813933,0.0,-0.1680672268907557,True,True,True,2025-02-17,0.0,0.0,0.0
baseline_tdnet_timing,2,2025-02-19,4267,ライトワークス,1,0.5450565200152685,1.0,1.1251758087201136,True,True,True,2025-02-18,0.0,0.0,0.0
baseline_tdnet_timing,2,2025-02-19,3238,セントラル総合開発,2,0.5399587536601799,1.0,0.8639308855291628,True,True,True,2025-02-18,0.0,0.0,0.0
baseline_tdnet_timing,2,2025-02-20,4267,ライトワークス,1,0.5414834304993627,1.0,1.1716057891109521,True,True,True,2025-02-19,0.0,0.0,0.0
baseline_tdnet_timing,2,2025-02-20,3238,セントラル総合開発,2,0.5413136639234648,0.0,-0.21505376344086446,True,True,True,2025-02-19,0.0,0.0,0.0
baseline_tdnet_timing,2,2025-02-21,4267,ライトワークス,1,0.5425325659306284,1.0,1.4685314685314754,True,True,True,2025-02-20,0.0,0.0,0.0
baseline_tdnet_timing,2,2025-02-21,7043,アルー,2,0.5415076460492119,1.0,0.14326647564470996,True,True,True,2025-02-20,0.0,0.0,0.0
baseline_tdnet_timing,2,2025-02-25,4267,ライトワークス,1,0.5480119497201632,1.0,2.557014512785072,True,True,True,2025-02-21,0.0,0.0,0.0
baseline_tdnet_timing,2,2025-02-25,7043,アルー,2,0.547263533561141,1.0,0.4285714285714226,True,True,True,2025-02-21,0.0,0.0,0.0
baseline_tdnet_timing,2,2025-02-26,7043,アルー,1,0.5472784195790067,0.0,-0.14224751066855834,True,True,True,2025-02-25,0.0,0.0,0.0
baseline_tdnet_timing,2,2025-02-26,3359,ｃｏｔｔａ,2,0.5440433610910306,0.0,-4.793028322440085,True,True,True,2025-02-25,0.0,0.0,0.0
baseline_tdnet_timing,2,2025-02-27,4267,ライトワークス,1,0.5478836746500672,0.0,-1.888020833333337,True,True,True,2025-02-26,0.0,0.0,0.0
baseline_tdnet_timing,2,2025-02-27,7043,アルー,2,0.5453029063094323,1.0,0.8595988538681931,True,True,True,2025-02-26,0.0,0.0,0.0
baseline_tdnet_timing,2,2025-02-28,4267,ライトワークス,1,0.5513374175589202,0.0,-0.9986684420772329,True,True,True,2025-02-27,0.0,0.0,0.0
baseline_tdnet_timing,2,2025-02-28,7043,アルー,2,0.5473312727898427,1.0,0.5706134094151105,True,True,True,2025-02-27,0.0,0.0,0.0
baseline_tdnet_timing,2,2025-03-03,7043,アルー,1,0.5493161354951253,0.0,0.0,True,True,True,2025-02-28,0.0,0.0,0.0
baseline_tdnet_timing,2,2025-03-03,4267,ライトワークス,2,0.546662798772247,0.0,-4.023746701846964,True,True,True,2025-02-28,0.0,0.0,0.0
baseline_tdnet_timing,2,2025-03-04,4267,ライトワークス,1,0.5484774970595502,0.0,-1.4814814814814836,True,True,True,2025-03-03,0.0,0.0,0.0
baseline_tdnet_timing,2,2025-03-04,7043,アルー,2,0.5479519393029254,1.0,0.5714285714285783,True,True,True,2025-03-03,0.0,0.0,0.0
baseline_tdnet_timing,2,2025-03-05,7043,アルー,1,0.5498547088496026,0.0,-2.2253129346314293,True,True,True,2025-03-04,0.0,0.0,0.0
baseline_tdnet_timing,2,2025-03-05,4783,ＮＣＤ,2,0.5430743690166953,1.0,0.43494019572309917,True,True,True,2025-03-04,0.0,0.0,0.0
baseline_tdnet_timing,2,2025-03-06,7043,アルー,1,0.5511654053646194,0.0,0.0,True,True,True,2025-03-05,0.0,0.0,0.0
baseline_tdnet_timing,2,2025-03-06,4783,ＮＣＤ,2,0.5458392782159307,0.0,-0.9352517985611541,True,True,True,2025-03-05,0.0,0.0,0.0
baseline_tdnet_timing,2,2025-03-07,4783,ＮＣＤ,1,0.5461503693264976,0.0,-4.134650567142339,True,True,True,2025-03-06,0.0,0.0,0.0
baseline_tdnet_timing,2,2025-03-07,7043,アルー,2,0.543987730100311,0.0,0.0,True,True,True,2025-03-06,0.0,0.0,0.0
baseline_tdnet_timing,2,2025-03-10,4783,ＮＣＤ,1,0.5573522219970004,0.0,-0.03844675124952124,True,True,True,2025-03-07,0.0,0.0,0.0
baseline_tdnet_timing,2,2025-03-10,7043,アルー,2,0.5420442629353563,0.0,0.0,True,True,True,2025-03-07,0.0,0.0,0.0
baseline_tdnet_timing,2,2025-03-11,4783,ＮＣＤ,1,0.5474218620411607,1.0,3.0604133545309997,True,True,True,2025-03-10,0.0,0.0,0.0
baseline_tdnet_timing,2,2025-03-11,4267,ライトワークス,2,0.5459759355385485,1.0,0.13377926421405117,True,True,True,2025-03-10,0.0,0.0,0.0
baseline_tdnet_timing,2,2025-03-12,9312,ケイヒン,1,0.5448326325723837,0.0,-0.39113428943937656,True,True,True,2025-03-11,0.0,0.0,0.0
baseline_tdnet_timing,2,2025-03-12,4267,ライトワークス,2,0.5428814903186399,1.0,1.464713715046595,True,True,True,2025-03-11,0.0,0.0,0.0
baseline_tdnet_timing,2,2025-03-13,4783,ＮＣＤ,1,0.5452912420308017,0.0,-2.5522041763341052,True,True,True,2025-03-12,0.0,0.0,0.0
baseline_tdnet_timing,2,2025-03-13,4356,応用技術,2,0.5450120691540539,1.0,2.1126760563380254,True,True,True,2025-03-12,0.0,0.0,0.0
baseline_tdnet_timing,2,2025-03-14,4783,ＮＣＤ,1,0.5497491918074995,1.0,0.674870980547837,True,True,True,2025-03-13,0.0,0.0,0.0
baseline_tdnet_timing,2,2025-03-14,4267,ライトワークス,2,0.5445932858091987,1.0,2.194148936170204,True,True,True,2025-03-13,0.0,0.0,0.0
baseline_tdnet_timing,2,2025-03-17,4356,応用技術,1,0.5475469510112102,1.0,0.25706940874035134,True,True,True,2025-03-14,0.0,0.0,0.0
baseline_tdnet_timing,2,2025-03-17,9265,ヤマシタヘルスケアホールディングス,2,0.5425669939801903,0.0,-0.5693235097119942,True,True,True,2025-03-14,0.0,0.0,0.0
baseline_tdnet_timing,2,2025-03-18,4356,応用技術,1,0.546429873820126,1.0,0.3205128205128194,True,True,True,2025-03-17,0.0,0.0,0.0
baseline_tdnet_timing,2,2025-03-18,7266,今仙電機製作所,2,0.5441874239152396,1.0,0.978792822185981,True,True,True,2025-03-17,0.0,0.0,0.0
baseline_tdnet_timing,2,2025-03-19,7266,今仙電機製作所,1,0.5472845794284745,1.0,3.703703703703698,True,True,True,2025-03-18,0.0,0.0,0.0
baseline_tdnet_timing,2,2025-03-19,4380,Ｍマート,2,0.5467992717031533,1.0,4.847986852917008,True,True,True,2025-03-18,0.0,0.0,0.0
baseline_tdnet_timing,2,2025-03-21,4356,応用技術,1,0.5490755868664192,0.0,-0.32030749519538215,True,True,True,2025-03-19,0.0,0.0,0.0
baseline_tdnet_timing,2,2025-03-21,7043,アルー,2,0.5448919840717332,1.0,0.4354136429608024,True,True,True,2025-03-19,0.0,0.0,0.0
baseline_tdnet_timing,2,2025-03-24,4356,応用技術,1,0.5496239646478897,0.0,-0.25889967637540146,True,True,True,2025-03-21,0.0,0.0,0.0
baseline_tdnet_timing,2,2025-03-24,7043,アルー,2,0.5452420660245384,0.0,-1.7777777777777781,True,True,True,2025-03-21,0.0,0.0,0.0
baseline_tdnet_timing,2,2025-03-25,7043,アルー,1,0.5532972127260116,1.0,3.6308623298033194,True,True,True,2025-03-24,0.0,0.0,0.0
baseline_tdnet_timing,2,2025-03-25,8066,三⾕商事,2,0.5474250274097952,0.0,-2.0456707897240745,True,True,True,2025-03-24,0.0,0.0,0.0
baseline_tdnet_timing,2,2025-03-26,7266,今仙電機製作所,1,0.5446320463249309,1.0,0.45801526717557106,True,True,True,2025-03-25,0.0,0.0,0.0
baseline_tdnet_timing,2,2025-03-26,8066,三⾕商事,2,0.543699122698274,0.0,-0.914780934039483,True,True,True,2025-03-25,0.0,0.0,0.0
baseline_tdnet_timing,2,2025-03-27,7813,プラッツ,1,0.5533205302227961,0.0,-0.6868131868131844,True,True,True,2025-03-26,1.0,0.0,0.0
baseline_tdnet_timing,2,2025-03-27,7266,今仙電機製作所,2,0.5464659328386885,0.0,-1.0703363914373099,True,True,True,2025-03-26,0.0,0.0,0.0
baseline_tdnet_timing,2,2025-03-28,7043,アルー,1,0.5493985374245347,1.0,1.026392961876832,True,True,True,2025-03-27,0.0,0.0,0.0
baseline_tdnet_timing,2,2025-03-28,7266,今仙電機製作所,2,0.5488335386236068,1.0,0.47244094488188004,True,True,True,2025-03-27,0.0,0.0,0.0
baseline_tdnet_timing,2,2025-03-31,7813,プラッツ,1,0.5573477680224228,1.0,0.4398826979472137,True,True,True,2025-03-28,0.0,0.0,0.0
baseline_tdnet_timing,2,2025-03-31,7043,アルー,2,0.5485413039667304,1.0,1.4705882352941124,True,True,True,2025-03-28,0.0,0.0,0.0
baseline_tdnet_timing_clear,1,2025-01-06,4267,ライトワークス,1,0.5384748019984965,0.0,0.0,True,True,True,2024-12-30,0.0,0.0,0.0
baseline_tdnet_timing_clear,1,2025-01-07,6226,守⾕輸送機⼯業,1,0.5378252960971694,1.0,0.039308176100627534,True,True,True,2025-01-06,0.0,0.0,0.0
baseline_tdnet_timing_clear,1,2025-01-08,7276,小糸製作所,1,0.5371138345951615,1.0,1.0983524712930626,True,True,True,2025-01-07,1.0,0.0,0.0
baseline_tdnet_timing_clear,1,2025-01-09,9362,兵機海運,1,0.5348341174007005,1.0,1.715039577836408,True,True,True,2025-01-08,0.0,0.0,0.0
baseline_tdnet_timing_clear,1,2025-01-10,7730,マニー,1,0.5458908691900366,0.0,-2.0689655172413834,True,True,True,2025-01-09,0.0,0.0,0.0
baseline_tdnet_timing_clear,1,2025-01-14,4783,ＮＣＤ,1,0.5339425900245474,1.0,2.5123715264560254,True,True,True,2025-01-10,0.0,0.0,0.0
baseline_tdnet_timing_clear,1,2025-01-15,6857,アドバンテスト,1,0.535283974973117,0.0,-3.2258064516129004,True,True,True,2025-01-14,0.0,0.0,0.0
baseline_tdnet_timing_clear,1,2025-01-16,4429,リックソフト,1,0.5624102430192905,0.0,-4.30622009569378,True,True,True,2025-01-15,0.0,0.0,0.0
baseline_tdnet_timing_clear,1,2025-01-17,7273,イクヨ,1,0.5563643620041774,0.0,0.0,True,True,True,2025-01-16,1.0,0.0,0.0
baseline_tdnet_timing_clear,1,2025-01-20,3976,シャノン,1,0.5358965119586476,1.0,3.5196687370600444,True,True,True,2025-01-17,0.0,0.0,0.0
baseline_tdnet_timing_clear,1,2025-01-21,4267,ライトワークス,1,0.5331290244219665,1.0,0.7148530579825341,True,True,True,2025-01-20,0.0,0.0,0.0
baseline_tdnet_timing_clear,1,2025-01-22,4267,ライトワークス,1,0.536703885825666,1.0,2.2961203483768733,True,True,True,2025-01-21,0.0,0.0,0.0
baseline_tdnet_timing_clear,1,2025-01-23,8066,三⾕商事,1,0.5329903463604247,1.0,0.6366307541625815,True,True,True,2025-01-22,0.0,0.0,0.0
baseline_tdnet_timing_clear,1,2025-01-24,7205,日野自動車,1,0.5416203609614396,0.0,-0.738007380073813,True,True,True,2025-01-23,0.0,0.0,0.0
baseline_tdnet_timing_clear,1,2025-01-27,8066,三⾕商事,1,0.5361068977202311,0.0,-3.121951219512198,True,True,True,2025-01-24,0.0,0.0,0.0
baseline_tdnet_timing_clear,1,2025-01-28,7177,ＧＭＯフィナンシャルホールディングス,1,0.5526402431160766,1.0,0.5594405594405494,True,True,True,2025-01-27,1.0,0.0,0.0
baseline_tdnet_timing_clear,1,2025-01-29,4272,日本化薬,1,0.5373332322610478,0.0,-0.27407987470634554,True,True,True,2025-01-28,0.0,0.0,0.0
baseline_tdnet_timing_clear,1,2025-01-30,4267,ライトワークス,1,0.5483187868104432,1.0,0.897226753670477,True,True,True,2025-01-29,0.0,0.0,0.0
baseline_tdnet_timing_clear,1,2025-01-31,4267,ライトワークス,1,0.544674241950797,1.0,2.3443815683104274,True,True,True,2025-01-30,0.0,0.0,0.0
baseline_tdnet_timing_clear,1,2025-02-03,1944,きんでん,1,0.550355125981826,1.0,2.8580402010050188,True,True,True,2025-01-31,1.0,1.0,0.0
baseline_tdnet_timing_clear,1,2025-02-04,4272,日本化薬,1,0.5544249422613124,1.0,1.653764954257575,True,True,True,2025-02-03,1.0,1.0,0.0
baseline_tdnet_timing_clear,1,2025-02-05,8704,トレイダーズホールディングス,1,0.5600110780482337,1.0,0.9966777408637828,True,True,True,2025-02-04,1.0,1.0,0.0
baseline_tdnet_timing_clear,1,2025-02-06,6547,グリーンズ,1,0.5457450210905062,1.0,2.365308804205002,True,True,True,2025-02-05,0.0,0.0,0.0
baseline_tdnet_timing_clear,1,2025-02-07,4267,ライトワークス,1,0.5514371064280301,1.0,0.6304176516942483,True,True,True,2025-02-06,0.0,0.0,0.0
baseline_tdnet_timing_clear,1,2025-02-10,4267,ライトワークス,1,0.5499183889069531,1.0,3.6632891660171474,True,True,True,2025-02-07,0.0,0.0,0.0
baseline_tdnet_timing_clear,1,2025-02-12,4783,ＮＣＤ,1,0.5638343950056685,1.0,1.0204081632652962,True,True,True,2025-02-10,0.0,0.0,0.0
baseline_tdnet_timing_clear,1,2025-02-13,1950,日本電設⼯業,1,0.5784373954198716,1.0,0.7619047619047636,True,True,True,2025-02-12,1.0,1.0,0.0
baseline_tdnet_timing_clear,1,2025-02-14,9413,テレビ東京ホールディングス,1,0.5546208661386915,1.0,1.237964236588729,True,True,True,2025-02-13,1.0,1.0,0.0
baseline_tdnet_timing_clear,1,2025-02-17,4267,ライトワークス,1,0.5570726204240061,1.0,3.5450516986706093,True,True,True,2025-02-14,0.0,0.0,0.0
baseline_tdnet_timing_clear,1,2025-02-18,3238,セントラル総合開発,1,0.5449862797527543,1.0,1.0845986984815648,True,True,True,2025-02-17,0.0,0.0,0.0
baseline_tdnet_timing_clear,1,2025-02-19,4267,ライトワークス,1,0.5450719162456261,1.0,1.1251758087201136,True,True,True,2025-02-18,0.0,0.0,0.0
baseline_tdnet_timing_clear,1,2025-02-20,4267,ライトワークス,1,0.5414954308570934,1.0,1.1716057891109521,True,True,True,2025-02-19,0.0,0.0,0.0
baseline_tdnet_timing_clear,1,2025-02-21,4267,ライトワークス,1,0.5425469452287726,1.0,1.4685314685314754,True,True,True,2025-02-20,0.0,0.0,0.0
baseline_tdnet_timing_clear,1,2025-02-25,4267,ライトワークス,1,0.5480255271120233,1.0,2.557014512785072,True,True,True,2025-02-21,0.0,0.0,0.0
baseline_tdnet_timing_clear,1,2025-02-26,7043,アルー,1,0.547306597261775,0.0,-0.14224751066855834,True,True,True,2025-02-25,0.0,0.0,0.0
baseline_tdnet_timing_clear,1,2025-02-27,4267,ライトワークス,1,0.5478811874861427,0.0,-1.888020833333337,True,True,True,2025-02-26,0.0,0.0,0.0
baseline_tdnet_timing_clear,1,2025-02-28,4267,ライトワークス,1,0.5513480730447196,0.0,-0.9986684420772329,True,True,True,2025-02-27,0.0,0.0,0.0
baseline_tdnet_timing_clear,1,2025-03-03,7043,アルー,1,0.5492985368047172,0.0,0.0,True,True,True,2025-02-28,0.0,0.0,0.0
baseline_tdnet_timing_clear,1,2025-03-04,4267,ライトワークス,1,0.5485146200575243,0.0,-1.4814814814814836,True,True,True,2025-03-03,0.0,0.0,0.0
baseline_tdnet_timing_clear,1,2025-03-05,6424,高見沢サイバネティックス,1,0.5500783838146209,1.0,0.09425070688029447,True,True,True,2025-03-04,1.0,1.0,0.0
baseline_tdnet_timing_clear,1,2025-03-06,7043,アルー,1,0.5511785710109727,0.0,0.0,True,True,True,2025-03-05,0.0,0.0,0.0
baseline_tdnet_timing_clear,1,2025-03-07,4783,ＮＣＤ,1,0.5461769826699754,0.0,-4.134650567142339,True,True,True,2025-03-06,0.0,0.0,0.0
baseline_tdnet_timing_clear,1,2025-03-10,4783,ＮＣＤ,1,0.5573978668545783,0.0,-0.03844675124952124,True,True,True,2025-03-07,0.0,0.0,0.0
baseline_tdnet_timing_clear,1,2025-03-11,4783,ＮＣＤ,1,0.54744323918441,1.0,3.0604133545309997,True,True,True,2025-03-10,0.0,0.0,0.0
baseline_tdnet_timing_clear,1,2025-03-12,9312,ケイヒン,1,0.5448133041668143,0.0,-0.39113428943937656,True,True,True,2025-03-11,0.0,0.0,0.0
baseline_tdnet_timing_clear,1,2025-03-13,4783,ＮＣＤ,1,0.5452903443047908,0.0,-2.5522041763341052,True,True,True,2025-03-12,0.0,0.0,0.0
baseline_tdnet_timing_clear,1,2025-03-14,3921,ネオジャパン,1,0.5519997885728523,0.0,-0.26490066225165476,True,True,True,2025-03-13,1.0,1.0,0.0
baseline_tdnet_timing_clear,1,2025-03-17,6848,東亜ディーケーケー,1,0.5586108424475238,1.0,0.8454106280193274,True,True,True,2025-03-14,1.0,1.0,0.0
baseline_tdnet_timing_clear,1,2025-03-18,5285,ヤマックス,1,0.5743950876247953,0.0,-1.8927444794952675,True,True,True,2025-03-17,1.0,1.0,0.0
baseline_tdnet_timing_clear,1,2025-03-19,9782,ディーエムエス,1,0.5666251958572208,0.0,0.0,True,True,True,2025-03-18,1.0,1.0,0.0
baseline_tdnet_timing_clear,1,2025-03-21,8346,東邦銀行,1,0.5616010376160285,1.0,1.4285714285714235,True,True,True,2025-03-19,1.0,1.0,0.0
baseline_tdnet_timing_clear,1,2025-03-24,9031,⻄日本鉄道,1,0.5680844631631151,1.0,0.9459459459459474,True,True,True,2025-03-21,1.0,1.0,0.0
baseline_tdnet_timing_clear,1,2025-03-25,3180,ビューティガレージ,1,0.5648645582455332,1.0,0.48840048840048667,True,True,True,2025-03-24,1.0,1.0,0.0
baseline_tdnet_timing_clear,1,2025-03-26,6644,大崎電気⼯業,1,0.5450386373525326,1.0,1.5625,True,True,True,2025-03-25,1.0,1.0,0.0
baseline_tdnet_timing_clear,1,2025-03-27,7813,プラッツ,1,0.5532660270156929,0.0,-0.6868131868131844,True,True,True,2025-03-26,1.0,0.0,0.0
baseline_tdnet_timing_clear,1,2025-03-28,7043,アルー,1,0.5493596899894175,1.0,1.026392961876832,True,True,True,2025-03-27,0.0,0.0,0.0
baseline_tdnet_timing_clear,1,2025-03-31,7184,富山第一銀行,1,0.5645295650273694,1.0,5.229357798165135,True,True,True,2025-03-28,1.0,1.0,0.0
baseline_tdnet_timing_clear,2,2025-01-06,4267,ライトワークス,1,0.5384748019984965,0.0,0.0,True,True,True,2024-12-30,0.0,0.0,0.0
baseline_tdnet_timing_clear,2,2025-01-06,6098,リクルートホールディングス,2,0.5363849722948253,0.0,-3.6656236030397804,True,True,True,2024-12-30,0.0,0.0,0.0
baseline_tdnet_timing_clear,2,2025-01-07,6226,守⾕輸送機⼯業,1,0.5378252960971694,1.0,0.039308176100627534,True,True,True,2025-01-06,0.0,0.0,0.0
baseline_tdnet_timing_clear,2,2025-01-07,7205,日野自動車,2,0.535649029873925,1.0,0.9090909090909038,True,True,True,2025-01-06,0.0,0.0,0.0
baseline_tdnet_timing_clear,2,2025-01-08,7276,小糸製作所,1,0.5371138345951615,1.0,1.0983524712930626,True,True,True,2025-01-07,1.0,0.0,0.0
baseline_tdnet_timing_clear,2,2025-01-08,5161,⻄川ゴム⼯業,2,0.5301942635546173,1.0,0.6263982102908239,True,True,True,2025-01-07,0.0,0.0,0.0
baseline_tdnet_timing_clear,2,2025-01-09,9362,兵機海運,1,0.5348341174007005,1.0,1.715039577836408,True,True,True,2025-01-08,0.0,0.0,0.0
baseline_tdnet_timing_clear,2,2025-01-09,7205,日野自動車,2,0.534075751164117,0.0,-2.6848105921294385,True,True,True,2025-01-08,0.0,0.0,0.0
baseline_tdnet_timing_clear,2,2025-01-10,7730,マニー,1,0.5458908691900366,0.0,-2.0689655172413834,True,True,True,2025-01-09,0.0,0.0,0.0
baseline_tdnet_timing_clear,2,2025-01-10,9749,富士ソフト,2,0.5395848948320823,0.0,-0.5102040816326481,True,True,True,2025-01-09,1.0,0.0,0.0
baseline_tdnet_timing_clear,2,2025-01-14,4783,ＮＣＤ,1,0.5339425900245474,1.0,2.5123715264560254,True,True,True,2025-01-10,0.0,0.0,0.0
baseline_tdnet_timing_clear,2,2025-01-14,1803,清水建設,2,0.5326827571809543,0.0,-0.35545023696682554,True,True,True,2025-01-10,0.0,0.0,0.0
baseline_tdnet_timing_clear,2,2025-01-15,6857,アドバンテスト,1,0.535283974973117,0.0,-3.2258064516129004,True,True,True,2025-01-14,0.0,0.0,0.0
baseline_tdnet_timing_clear,2,2025-01-15,4343,イオンファンタジー,2,0.534905688142773,1.0,1.1829652996845352,True,True,True,2025-01-14,0.0,0.0,0.0
baseline_tdnet_timing_clear,2,2025-01-16,4429,リックソフト,1,0.5624102430192905,0.0,-4.30622009569378,True,True,True,2025-01-15,0.0,0.0,0.0
baseline_tdnet_timing_clear,2,2025-01-16,245A,ＩＮＧＳ,2,0.5514691520896141,0.0,-6.5424806905951876,True,True,True,2025-01-15,0.0,0.0,0.0
baseline_tdnet_timing_clear,2,2025-01-17,7273,イクヨ,1,0.5563643620041774,0.0,0.0,True,True,True,2025-01-16,1.0,0.0,0.0
baseline_tdnet_timing_clear,2,2025-01-17,3238,セントラル総合開発,2,0.5348677092311094,0.0,-0.20920502092049986,True,True,True,2025-01-16,0.0,0.0,0.0
baseline_tdnet_timing_clear,2,2025-01-20,3976,シャノン,1,0.5358965119586476,1.0,3.5196687370600444,True,True,True,2025-01-17,0.0,0.0,0.0
baseline_tdnet_timing_clear,2,2025-01-20,2986,ＬＡホールディングス,2,0.5330700466439626,1.0,4.496402877697836,True,True,True,2025-01-17,0.0,0.0,0.0
baseline_tdnet_timing_clear,2,2025-01-21,4267,ライトワークス,1,0.5331290244219665,1.0,0.7148530579825341,True,True,True,2025-01-20,0.0,0.0,0.0
baseline_tdnet_timing_clear,2,2025-01-21,4188,三菱ケミカルグループ,2,0.5296648626050422,0.0,-1.1482775836245684,True,True,True,2025-01-20,1.0,0.0,0.0
baseline_tdnet_timing_clear,2,2025-01-22,4267,ライトワークス,1,0.536703885825666,1.0,2.2961203483768733,True,True,True,2025-01-21,0.0,0.0,0.0
baseline_tdnet_timing_clear,2,2025-01-22,8066,三⾕商事,2,0.5338577046703407,1.0,0.33653846153847145,True,True,True,2025-01-21,0.0,0.0,0.0
baseline_tdnet_timing_clear,2,2025-01-23,8066,三⾕商事,1,0.5329903463604247,1.0,0.6366307541625815,True,True,True,2025-01-22,0.0,0.0,0.0
baseline_tdnet_timing_clear,2,2025-01-23,4267,ライトワークス,2,0.5327709965137823,0.0,-0.6163328197226536,True,True,True,2025-01-22,0.0,0.0,0.0
baseline_tdnet_timing_clear,2,2025-01-24,7205,日野自動車,1,0.5416203609614396,0.0,-0.738007380073813,True,True,True,2025-01-23,0.0,0.0,0.0
baseline_tdnet_timing_clear,2,2025-01-24,8066,三⾕商事,2,0.5378074296737024,1.0,0.048661800486615725,True,True,True,2025-01-23,0.0,0.0,0.0
baseline_tdnet_timing_clear,2,2025-01-27,8066,三⾕商事,1,0.5361068977202311,0.0,-3.121951219512198,True,True,True,2025-01-24,0.0,0.0,0.0
baseline_tdnet_timing_clear,2,2025-01-27,5851,リョービ,2,0.5347510241875113,0.0,-0.04347826086956719,True,True,True,2025-01-24,0.0,0.0,0.0
baseline_tdnet_timing_clear,2,2025-01-28,7177,ＧＭＯフィナンシャルホールディングス,1,0.5526402431160766,1.0,0.5594405594405494,True,True,True,2025-01-27,1.0,0.0,0.0
baseline_tdnet_timing_clear,2,2025-01-28,9449,ＧＭＯインターネットグループ,2,0.5523078353554721,1.0,2.253000923361026,True,True,True,2025-01-27,1.0,0.0,0.0
baseline_tdnet_timing_clear,2,2025-01-29,4272,日本化薬,1,0.5373332322610478,0.0,-0.27407987470634554,True,True,True,2025-01-28,0.0,0.0,0.0
baseline_tdnet_timing_clear,2,2025-01-29,6875,メガチップス,2,0.5365195550402663,1.0,0.8561643835616417,True,True,True,2025-01-28,0.0,0.0,0.0
baseline_tdnet_timing_clear,2,2025-01-30,4267,ライトワークス,1,0.5483187868104432,1.0,0.897226753670477,True,True,True,2025-01-29,0.0,0.0,0.0
baseline_tdnet_timing_clear,2,2025-01-30,8066,三⾕商事,2,0.5429661961147275,1.0,1.2506513809275699,True,True,True,2025-01-29,0.0,0.0,0.0
baseline_tdnet_timing_clear,2,2025-01-31,4267,ライトワークス,1,0.544674241950797,1.0,2.3443815683104274,True,True,True,2025-01-30,0.0,0.0,0.0
baseline_tdnet_timing_clear,2,2025-01-31,2997,ストレージ王,2,0.542511930072009,0.0,-1.6913319238900604,True,True,True,2025-01-30,0.0,0.0,0.0
baseline_tdnet_timing_clear,2,2025-02-03,1944,きんでん,1,0.550355125981826,1.0,2.8580402010050188,True,True,True,2025-01-31,1.0,1.0,0.0
baseline_tdnet_timing_clear,2,2025-02-03,6547,グリーンズ,2,0.545362193468942,1.0,0.7669365146996121,True,True,True,2025-01-31,0.0,0.0,0.0
baseline_tdnet_timing_clear,2,2025-02-04,4272,日本化薬,1,0.5544249422613124,1.0,1.653764954257575,True,True,True,2025-02-03,1.0,1.0,0.0
baseline_tdnet_timing_clear,2,2025-02-04,4267,ライトワークス,2,0.5511458125176844,1.0,1.5322580645161343,True,True,True,2025-02-03,0.0,0.0,0.0
baseline_tdnet_timing_clear,2,2025-02-05,8704,トレイダーズホールディングス,1,0.5600110780482337,1.0,0.9966777408637828,True,True,True,2025-02-04,1.0,1.0,0.0
baseline_tdnet_timing_clear,2,2025-02-05,4267,ライトワークス,2,0.5482140095676042,1.0,3.494837172359011,True,True,True,2025-02-04,0.0,0.0,0.0
baseline_tdnet_timing_clear,2,2025-02-06,6547,グリーンズ,1,0.5457450210905062,1.0,2.365308804205002,True,True,True,2025-02-05,0.0,0.0,0.0
baseline_tdnet_timing_clear,2,2025-02-06,4267,ライトワークス,2,0.5443967169342654,0.0,-1.8461538461538418,True,True,True,2025-02-05,0.0,0.0,0.0
baseline_tdnet_timing_clear,2,2025-02-07,4267,ライトワークス,1,0.5514371064280301,1.0,0.6304176516942483,True,True,True,2025-02-06,0.0,0.0,0.0
baseline_tdnet_timing_clear,2,2025-02-07,6088,シグマクシス・ホールディングス,2,0.5494838117650661,1.0,9.90990990990992,True,True,True,2025-02-06,1.0,1.0,0.0
baseline_tdnet_timing_clear,2,2025-02-10,4267,ライトワークス,1,0.5499183889069531,1.0,3.6632891660171474,True,True,True,2025-02-07,0.0,0.0,0.0
baseline_tdnet_timing_clear,2,2025-02-10,9159,Ｗ ＴＯＫＹＯ,2,0.5422434148075731,0.0,-2.0061728395061706,True,True,True,2025-02-07,0.0,0.0,0.0
baseline_tdnet_timing_clear,2,2025-02-12,4783,ＮＣＤ,1,0.5638343950056685,1.0,1.0204081632652962,True,True,True,2025-02-10,0.0,0.0,0.0
baseline_tdnet_timing_clear,2,2025-02-12,4267,ライトワークス,2,0.5428449596211499,1.0,0.9745127436281864,True,True,True,2025-02-10,0.0,0.0,0.0
baseline_tdnet_timing_clear,2,2025-02-13,1950,日本電設⼯業,1,0.5784373954198716,1.0,0.7619047619047636,True,True,True,2025-02-12,1.0,1.0,0.0
baseline_tdnet_timing_clear,2,2025-02-13,4267,ライトワークス,2,0.5496598827947536,1.0,3.502235469448589,True,True,True,2025-02-12,0.0,0.0,0.0
baseline_tdnet_timing_clear,2,2025-02-14,9413,テレビ東京ホールディングス,1,0.5546208661386915,1.0,1.237964236588729,True,True,True,2025-02-13,1.0,1.0,0.0
baseline_tdnet_timing_clear,2,2025-02-14,2120,ＬＩＦＵＬＬ,2,0.5541611791560372,1.0,1.1111111111111072,True,True,True,2025-02-13,0.0,0.0,0.0
baseline_tdnet_timing_clear,2,2025-02-17,4267,ライトワークス,1,0.5570726204240061,1.0,3.5450516986706093,True,True,True,2025-02-14,0.0,0.0,0.0
baseline_tdnet_timing_clear,2,2025-02-17,3964,オークネット,2,0.5536089506842352,0.0,-2.754820936639113,True,True,True,2025-02-14,1.0,1.0,0.0
baseline_tdnet_timing_clear,2,2025-02-18,3238,セントラル総合開発,1,0.5449862797527543,1.0,1.0845986984815648,True,True,True,2025-02-17,0.0,0.0,0.0
baseline_tdnet_timing_clear,2,2025-02-18,6135,牧野フライス製作所,2,0.5406552493614432,0.0,-0.1680672268907557,True,True,True,2025-02-17,0.0,0.0,0.0
baseline_tdnet_timing_clear,2,2025-02-19,4267,ライトワークス,1,0.5450719162456261,1.0,1.1251758087201136,True,True,True,2025-02-18,0.0,0.0,0.0
baseline_tdnet_timing_clear,2,2025-02-19,3238,セントラル総合開発,2,0.5399747603846199,1.0,0.8639308855291628,True,True,True,2025-02-18,0.0,0.0,0.0
baseline_tdnet_timing_clear,2,2025-02-20,4267,ライトワークス,1,0.5414954308570934,1.0,1.1716057891109521,True,True,True,2025-02-19,0.0,0.0,0.0
baseline_tdnet_timing_clear,2,2025-02-20,3238,セントラル総合開発,2,0.5413299946018327,0.0,-0.21505376344086446,True,True,True,2025-02-19,0.0,0.0,0.0
baseline_tdnet_timing_clear,2,2025-02-21,4267,ライトワークス,1,0.5425469452287726,1.0,1.4685314685314754,True,True,True,2025-02-20,0.0,0.0,0.0
baseline_tdnet_timing_clear,2,2025-02-21,7043,アルー,2,0.5415341924905094,1.0,0.14326647564470996,True,True,True,2025-02-20,0.0,0.0,0.0
baseline_tdnet_timing_clear,2,2025-02-25,4267,ライトワークス,1,0.5480255271120233,1.0,2.557014512785072,True,True,True,2025-02-21,0.0,0.0,0.0
baseline_tdnet_timing_clear,2,2025-02-25,7043,アルー,2,0.5472917422780383,1.0,0.4285714285714226,True,True,True,2025-02-21,0.0,0.0,0.0
baseline_tdnet_timing_clear,2,2025-02-26,7043,アルー,1,0.547306597261775,0.0,-0.14224751066855834,True,True,True,2025-02-25,0.0,0.0,0.0
baseline_tdnet_timing_clear,2,2025-02-26,3359,ｃｏｔｔａ,2,0.5440771188069223,0.0,-4.793028322440085,True,True,True,2025-02-25,0.0,0.0,0.0
baseline_tdnet_timing_clear,2,2025-02-27,4267,ライトワークス,1,0.5478811874861427,0.0,-1.888020833333337,True,True,True,2025-02-26,0.0,0.0,0.0
baseline_tdnet_timing_clear,2,2025-02-27,7043,アルー,2,0.5453312757063723,1.0,0.8595988538681931,True,True,True,2025-02-26,0.0,0.0,0.0
baseline_tdnet_timing_clear,2,2025-02-28,4267,ライトワークス,1,0.5513480730447196,0.0,-0.9986684420772329,True,True,True,2025-02-27,0.0,0.0,0.0
baseline_tdnet_timing_clear,2,2025-02-28,7043,アルー,2,0.5473564248492895,1.0,0.5706134094151105,True,True,True,2025-02-27,0.0,0.0,0.0
baseline_tdnet_timing_clear,2,2025-03-03,7043,アルー,1,0.5492985368047172,0.0,0.0,True,True,True,2025-02-28,0.0,0.0,0.0
baseline_tdnet_timing_clear,2,2025-03-03,2692,伊藤忠食品,2,0.5474892650381238,1.0,2.763157894736845,True,True,True,2025-02-28,1.0,1.0,0.0
baseline_tdnet_timing_clear,2,2025-03-04,4267,ライトワークス,1,0.5485146200575243,0.0,-1.4814814814814836,True,True,True,2025-03-03,0.0,0.0,0.0
baseline_tdnet_timing_clear,2,2025-03-04,7043,アルー,2,0.5479407864051442,1.0,0.5714285714285783,True,True,True,2025-03-03,0.0,0.0,0.0
baseline_tdnet_timing_clear,2,2025-03-05,6424,高見沢サイバネティックス,1,0.5500783838146209,1.0,0.09425070688029447,True,True,True,2025-03-04,1.0,1.0,0.0
baseline_tdnet_timing_clear,2,2025-03-05,7043,アルー,2,0.5498337120764502,0.0,-2.2253129346314293,True,True,True,2025-03-04,0.0,0.0,0.0
baseline_tdnet_timing_clear,2,2025-03-06,7043,アルー,1,0.5511785710109727,0.0,0.0,True,True,True,2025-03-05,0.0,0.0,0.0
baseline_tdnet_timing_clear,2,2025-03-06,1867,植木組,2,0.5487357731328207,1.0,1.8478260869565277,True,True,True,2025-03-05,1.0,1.0,0.0
baseline_tdnet_timing_clear,2,2025-03-07,4783,ＮＣＤ,1,0.5461769826699754,0.0,-4.134650567142339,True,True,True,2025-03-06,0.0,0.0,0.0
baseline_tdnet_timing_clear,2,2025-03-07,7043,アルー,2,0.5439778093764638,0.0,0.0,True,True,True,2025-03-06,0.0,0.0,0.0
baseline_tdnet_timing_clear,2,2025-03-10,4783,ＮＣＤ,1,0.5573978668545783,0.0,-0.03844675124952124,True,True,True,2025-03-07,0.0,0.0,0.0
baseline_tdnet_timing_clear,2,2025-03-10,1967,ヤマト,2,0.5540376716000152,0.0,-1.5665796344647487,True,True,True,2025-03-07,1.0,1.0,0.0
baseline_tdnet_timing_clear,2,2025-03-11,4783,ＮＣＤ,1,0.54744323918441,1.0,3.0604133545309997,True,True,True,2025-03-10,0.0,0.0,0.0
baseline_tdnet_timing_clear,2,2025-03-11,4267,ライトワークス,2,0.5459984909657818,1.0,0.13377926421405117,True,True,True,2025-03-10,0.0,0.0,0.0
baseline_tdnet_timing_clear,2,2025-03-12,9312,ケイヒン,1,0.5448133041668143,0.0,-0.39113428943937656,True,True,True,2025-03-11,0.0,0.0,0.0
baseline_tdnet_timing_clear,2,2025-03-12,4267,ライトワークス,2,0.5428710937435745,1.0,1.464713715046595,True,True,True,2025-03-11,0.0,0.0,0.0
baseline_tdnet_timing_clear,2,2025-03-13,4783,ＮＣＤ,1,0.5452903443047908,0.0,-2.5522041763341052,True,True,True,2025-03-12,0.0,0.0,0.0
baseline_tdnet_timing_clear,2,2025-03-13,4356,応用技術,2,0.5450022890299027,1.0,2.1126760563380254,True,True,True,2025-03-12,0.0,0.0,0.0
baseline_tdnet_timing_clear,2,2025-03-14,3921,ネオジャパン,1,0.5519997885728523,0.0,-0.26490066225165476,True,True,True,2025-03-13,1.0,1.0,0.0
baseline_tdnet_timing_clear,2,2025-03-14,4783,ＮＣＤ,2,0.5497769327428431,1.0,0.674870980547837,True,True,True,2025-03-13,0.0,0.0,0.0
baseline_tdnet_timing_clear,2,2025-03-17,6848,東亜ディーケーケー,1,0.5586108424475238,1.0,0.8454106280193274,True,True,True,2025-03-14,1.0,1.0,0.0
baseline_tdnet_timing_clear,2,2025-03-17,1905,テノックス,2,0.5525011864907861,0.0,-0.08503401360544505,True,True,True,2025-03-14,1.0,1.0,0.0
baseline_tdnet_timing_clear,2,2025-03-18,5285,ヤマックス,1,0.5743950876247953,0.0,-1.8927444794952675,True,True,True,2025-03-17,1.0,1.0,0.0
baseline_tdnet_timing_clear,2,2025-03-18,5888,ＤＡＩＷＡ ＣＹＣＬＥ,2,0.5636997486718444,1.0,8.416547788873041,True,True,True,2025-03-17,1.0,1.0,1.0
baseline_tdnet_timing_clear,2,2025-03-19,9782,ディーエムエス,1,0.5666251958572208,0.0,0.0,True,True,True,2025-03-18,1.0,1.0,0.0
baseline_tdnet_timing_clear,2,2025-03-19,7460,ヤギ,2,0.551708007837732,1.0,0.4243281471004279,True,True,True,2025-03-18,1.0,1.0,0.0
baseline_tdnet_timing_clear,2,2025-03-21,8346,東邦銀行,1,0.5616010376160285,1.0,1.4285714285714235,True,True,True,2025-03-19,1.0,1.0,0.0
baseline_tdnet_timing_clear,2,2025-03-21,8367,南都銀行,2,0.5499517088963197,1.0,4.438964241676935,True,True,True,2025-03-19,1.0,1.0,0.0
baseline_tdnet_timing_clear,2,2025-03-24,9031,⻄日本鉄道,1,0.5680844631631151,1.0,0.9459459459459474,True,True,True,2025-03-21,1.0,1.0,0.0
baseline_tdnet_timing_clear,2,2025-03-24,4356,応用技術,2,0.549608223073453,0.0,-0.25889967637540146,True,True,True,2025-03-21,0.0,0.0,0.0
baseline_tdnet_timing_clear,2,2025-03-25,3180,ビューティガレージ,1,0.5648645582455332,1.0,0.48840048840048667,True,True,True,2025-03-24,1.0,1.0,0.0
baseline_tdnet_timing_clear,2,2025-03-25,8101,ＧＳＩクレオス,2,0.5550295189130556,0.0,-1.3545072396076607,True,True,True,2025-03-24,1.0,1.0,1.0
baseline_tdnet_timing_clear,2,2025-03-26,6644,大崎電気⼯業,1,0.5450386373525326,1.0,1.5625,True,True,True,2025-03-25,1.0,1.0,0.0
baseline_tdnet_timing_clear,2,2025-03-26,7266,今仙電機製作所,2,0.5445950570884563,1.0,0.45801526717557106,True,True,True,2025-03-25,0.0,0.0,0.0
baseline_tdnet_timing_clear,2,2025-03-27,7813,プラッツ,1,0.5532660270156929,0.0,-0.6868131868131844,True,True,True,2025-03-26,1.0,0.0,0.0
baseline_tdnet_timing_clear,2,2025-03-27,7266,今仙電機製作所,2,0.5464359381224315,0.0,-1.0703363914373099,True,True,True,2025-03-26,0.0,0.0,0.0
baseline_tdnet_timing_clear,2,2025-03-28,7043,アルー,1,0.5493596899894175,1.0,1.026392961876832,True,True,True,2025-03-27,0.0,0.0,0.0
baseline_tdnet_timing_clear,2,2025-03-28,7266,今仙電機製作所,2,0.5488148867982481,1.0,0.47244094488188004,True,True,True,2025-03-27,0.0,0.0,0.0
baseline_tdnet_timing_clear,2,2025-03-31,7184,富山第一銀行,1,0.5645295650273694,1.0,5.229357798165135,True,True,True,2025-03-28,1.0,1.0,0.0
baseline_tdnet_timing_clear,2,2025-03-31,7813,プラッツ,2,0.5574431024030796,1.0,0.4398826979472137,True,True,True,2025-03-28,0.0,0.0,0.0
baseline_price_shape_tdnet_clear,1,2025-01-06,4267,ライトワークス,1,0.5403259687610822,0.0,0.0,True,True,True,2024-12-30,0.0,0.0,0.0
baseline_price_shape_tdnet_clear,1,2025-01-07,5161,⻄川ゴム⼯業,1,0.5388911568051897,0.0,-0.044682752457547714,True,True,True,2025-01-06,0.0,0.0,0.0
baseline_price_shape_tdnet_clear,1,2025-01-08,5161,⻄川ゴム⼯業,1,0.5348374342715326,1.0,0.6263982102908239,True,True,True,2025-01-07,0.0,0.0,0.0
baseline_price_shape_tdnet_clear,1,2025-01-09,9362,兵機海運,1,0.5390204791222206,1.0,1.715039577836408,True,True,True,2025-01-08,0.0,0.0,0.0
baseline_price_shape_tdnet_clear,1,2025-01-10,7730,マニー,1,0.5423728281005936,0.0,-2.0689655172413834,True,True,True,2025-01-09,0.0,0.0,0.0
baseline_price_shape_tdnet_clear,1,2025-01-14,4783,ＮＣＤ,1,0.5381173173203515,1.0,2.5123715264560254,True,True,True,2025-01-10,0.0,0.0,0.0
baseline_price_shape_tdnet_clear,1,2025-01-15,9265,ヤマシタヘルスケアホールディングス,1,0.5377291903820355,1.0,0.8260869565217321,True,True,True,2025-01-14,1.0,0.0,0.0
baseline_price_shape_tdnet_clear,1,2025-01-16,4429,リックソフト,1,0.5602180170054265,0.0,-4.30622009569378,True,True,True,2025-01-15,0.0,0.0,0.0
baseline_price_shape_tdnet_clear,1,2025-01-17,3238,セントラル総合開発,1,0.5377409523442939,0.0,-0.20920502092049986,True,True,True,2025-01-16,0.0,0.0,0.0
baseline_price_shape_tdnet_clear,1,2025-01-20,7036,イーエムネットジャパン,1,0.5365694457151722,0.0,0.0,True,True,True,2025-01-17,0.0,0.0,0.0
baseline_price_shape_tdnet_clear,1,2025-01-21,3238,セントラル総合開発,1,0.5337025605962098,1.0,1.7057569296375252,True,True,True,2025-01-20,0.0,0.0,0.0
baseline_price_shape_tdnet_clear,1,2025-01-22,8066,三⾕商事,1,0.5372865387144977,1.0,0.33653846153847145,True,True,True,2025-01-21,0.0,0.0,0.0
baseline_price_shape_tdnet_clear,1,2025-01-23,8066,三⾕商事,1,0.5400869901716284,1.0,0.6366307541625815,True,True,True,2025-01-22,0.0,0.0,0.0
baseline_price_shape_tdnet_clear,1,2025-01-24,8066,三⾕商事,1,0.5439497235294173,1.0,0.048661800486615725,True,True,True,2025-01-23,0.0,0.0,0.0
baseline_price_shape_tdnet_clear,1,2025-01-27,8066,三⾕商事,1,0.5463551255323031,0.0,-3.121951219512198,True,True,True,2025-01-24,0.0,0.0,0.0
baseline_price_shape_tdnet_clear,1,2025-01-28,8066,三⾕商事,1,0.551434118985318,1.0,1.1657374556512945,True,True,True,2025-01-27,0.0,0.0,0.0
baseline_price_shape_tdnet_clear,1,2025-01-29,8066,三⾕商事,1,0.5393814383862072,0.0,-4.674291397314767,True,True,True,2025-01-28,0.0,0.0,0.0
baseline_price_shape_tdnet_clear,1,2025-01-30,8066,三⾕商事,1,0.5499473925734129,1.0,1.2506513809275699,True,True,True,2025-01-29,0.0,0.0,0.0
baseline_price_shape_tdnet_clear,1,2025-01-31,9312,ケイヒン,1,0.5440721196738432,1.0,0.6280193236714915,True,True,True,2025-01-30,0.0,0.0,0.0
baseline_price_shape_tdnet_clear,1,2025-02-03,1944,きんでん,1,0.553393732206294,1.0,2.8580402010050188,True,True,True,2025-01-31,1.0,1.0,0.0
baseline_price_shape_tdnet_clear,1,2025-02-04,4272,日本化薬,1,0.5566370496714551,1.0,1.653764954257575,True,True,True,2025-02-03,1.0,1.0,0.0
baseline_price_shape_tdnet_clear,1,2025-02-05,8704,トレイダーズホールディングス,1,0.5585364993667479,1.0,0.9966777408637828,True,True,True,2025-02-04,1.0,1.0,0.0
baseline_price_shape_tdnet_clear,1,2025-02-06,6547,グリーンズ,1,0.5462926878084072,1.0,2.365308804205002,True,True,True,2025-02-05,0.0,0.0,0.0
baseline_price_shape_tdnet_clear,1,2025-02-07,6088,シグマクシス・ホールディングス,1,0.5520888797574716,1.0,9.90990990990992,True,True,True,2025-02-06,1.0,1.0,0.0
baseline_price_shape_tdnet_clear,1,2025-02-10,4267,ライトワークス,1,0.5489504901890337,1.0,3.6632891660171474,True,True,True,2025-02-07,0.0,0.0,0.0
baseline_price_shape_tdnet_clear,1,2025-02-12,4783,ＮＣＤ,1,0.5625662034233804,1.0,1.0204081632652962,True,True,True,2025-02-10,0.0,0.0,0.0
baseline_price_shape_tdnet_clear,1,2025-02-13,1950,日本電設⼯業,1,0.5726526337272032,1.0,0.7619047619047636,True,True,True,2025-02-12,1.0,1.0,0.0
baseline_price_shape_tdnet_clear,1,2025-02-14,9413,テレビ東京ホールディングス,1,0.560501126954155,1.0,1.237964236588729,True,True,True,2025-02-13,1.0,1.0,0.0
baseline_price_shape_tdnet_clear,1,2025-02-17,3964,オークネット,1,0.5640177734031875,0.0,-2.754820936639113,True,True,True,2025-02-14,1.0,1.0,0.0
baseline_price_shape_tdnet_clear,1,2025-02-18,6135,牧野フライス製作所,1,0.5427477531984413,0.0,-0.1680672268907557,True,True,True,2025-02-17,0.0,0.0,0.0
baseline_price_shape_tdnet_clear,1,2025-02-19,4267,ライトワークス,1,0.5462954743018136,1.0,1.1251758087201136,True,True,True,2025-02-18,0.0,0.0,0.0
baseline_price_shape_tdnet_clear,1,2025-02-20,5101,横浜ゴム,1,0.5450349568729607,0.0,-4.9886621315192725,True,True,True,2025-02-19,1.0,1.0,0.0
baseline_price_shape_tdnet_clear,1,2025-02-21,7043,アルー,1,0.5437073380783951,1.0,0.14326647564470996,True,True,True,2025-02-20,0.0,0.0,0.0
baseline_price_shape_tdnet_clear,1,2025-02-25,7043,アルー,1,0.5491077201040098,1.0,0.4285714285714226,True,True,True,2025-02-21,0.0,0.0,0.0
baseline_price_shape_tdnet_clear,1,2025-02-26,7043,アルー,1,0.549072274813239,0.0,-0.14224751066855834,True,True,True,2025-02-25,0.0,0.0,0.0
baseline_price_shape_tdnet_clear,1,2025-02-27,4267,ライトワークス,1,0.5480372792201987,0.0,-1.888020833333337,True,True,True,2025-02-26,0.0,0.0,0.0
baseline_price_shape_tdnet_clear,1,2025-02-28,4267,ライトワークス,1,0.5521529686975288,0.0,-0.9986684420772329,True,True,True,2025-02-27,0.0,0.0,0.0
baseline_price_shape_tdnet_clear,1,2025-03-03,7043,アルー,1,0.5508506619854504,0.0,0.0,True,True,True,2025-02-28,0.0,0.0,0.0
baseline_price_shape_tdnet_clear,1,2025-03-04,4267,ライトワークス,1,0.5514473584589538,0.0,-1.4814814814814836,True,True,True,2025-03-03,0.0,0.0,0.0
baseline_price_shape_tdnet_clear,1,2025-03-05,7043,アルー,1,0.5513043364484806,0.0,-2.2253129346314293,True,True,True,2025-03-04,0.0,0.0,0.0
baseline_price_shape_tdnet_clear,1,2025-03-06,1867,植木組,1,0.5524437222799913,1.0,1.8478260869565277,True,True,True,2025-03-05,1.0,1.0,0.0
baseline_price_shape_tdnet_clear,1,2025-03-07,4783,ＮＣＤ,1,0.5460141212062429,0.0,-4.134650567142339,True,True,True,2025-03-06,0.0,0.0,0.0
baseline_price_shape_tdnet_clear,1,2025-03-10,4783,ＮＣＤ,1,0.5568582468275515,0.0,-0.03844675124952124,True,True,True,2025-03-07,0.0,0.0,0.0
baseline_price_shape_tdnet_clear,1,2025-03-11,9312,ケイヒン,1,0.5489299703276604,0.0,-0.862440707201384,True,True,True,2025-03-10,0.0,0.0,0.0
baseline_price_shape_tdnet_clear,1,2025-03-12,9312,ケイヒン,1,0.5473367406616362,0.0,-0.39113428943937656,True,True,True,2025-03-11,0.0,0.0,0.0
baseline_price_shape_tdnet_clear,1,2025-03-13,4783,ＮＣＤ,1,0.5489817390873253,0.0,-2.5522041763341052,True,True,True,2025-03-12,0.0,0.0,0.0
baseline_price_shape_tdnet_clear,1,2025-03-14,3921,ネオジャパン,1,0.5575213352782926,0.0,-0.26490066225165476,True,True,True,2025-03-13,1.0,1.0,0.0
baseline_price_shape_tdnet_clear,1,2025-03-17,6848,東亜ディーケーケー,1,0.5583507930831306,1.0,0.8454106280193274,True,True,True,2025-03-14,1.0,1.0,0.0
baseline_price_shape_tdnet_clear,1,2025-03-18,5888,ＤＡＩＷＡ ＣＹＣＬＥ,1,0.5743989481279751,1.0,8.416547788873041,True,True,True,2025-03-17,1.0,1.0,1.0
baseline_price_shape_tdnet_clear,1,2025-03-19,9782,ディーエムエス,1,0.5614215236064396,0.0,0.0,True,True,True,2025-03-18,1.0,1.0,0.0
baseline_price_shape_tdnet_clear,1,2025-03-21,8346,東邦銀行,1,0.5604924668705199,1.0,1.4285714285714235,True,True,True,2025-03-19,1.0,1.0,0.0
baseline_price_shape_tdnet_clear,1,2025-03-24,9031,⻄日本鉄道,1,0.5738980432832909,1.0,0.9459459459459474,True,True,True,2025-03-21,1.0,1.0,0.0
baseline_price_shape_tdnet_clear,1,2025-03-25,3180,ビューティガレージ,1,0.5632248048070335,1.0,0.48840048840048667,True,True,True,2025-03-24,1.0,1.0,0.0
baseline_price_shape_tdnet_clear,1,2025-03-26,6644,大崎電気⼯業,1,0.5508670311936268,1.0,1.5625,True,True,True,2025-03-25,1.0,1.0,0.0
baseline_price_shape_tdnet_clear,1,2025-03-27,7266,今仙電機製作所,1,0.5481078630021263,0.0,-1.0703363914373099,True,True,True,2025-03-26,0.0,0.0,0.0
baseline_price_shape_tdnet_clear,1,2025-03-28,7266,今仙電機製作所,1,0.5512107887146229,1.0,0.47244094488188004,True,True,True,2025-03-27,0.0,0.0,0.0
baseline_price_shape_tdnet_clear,1,2025-03-31,7184,富山第一銀行,1,0.5678180355977351,1.0,5.229357798165135,True,True,True,2025-03-28,1.0,1.0,0.0
baseline_price_shape_tdnet_clear,2,2025-01-06,4267,ライトワークス,1,0.5403259687610822,0.0,0.0,True,True,True,2024-12-30,0.0,0.0,0.0
baseline_price_shape_tdnet_clear,2,2025-01-06,6098,リクルートホールディングス,2,0.5371439065787014,0.0,-3.6656236030397804,True,True,True,2024-12-30,0.0,0.0,0.0
baseline_price_shape_tdnet_clear,2,2025-01-07,5161,⻄川ゴム⼯業,1,0.5388911568051897,0.0,-0.044682752457547714,True,True,True,2025-01-06,0.0,0.0,0.0
baseline_price_shape_tdnet_clear,2,2025-01-07,6098,リクルートホールディングス,2,0.538514294562718,1.0,0.9417040358744355,True,True,True,2025-01-06,1.0,0.0,0.0
baseline_price_shape_tdnet_clear,2,2025-01-08,5161,⻄川ゴム⼯業,1,0.5348374342715326,1.0,0.6263982102908239,True,True,True,2025-01-07,0.0,0.0,0.0
baseline_price_shape_tdnet_clear,2,2025-01-08,8066,三⾕商事,2,0.534709528430009,1.0,0.6653019447287578,True,True,True,2025-01-07,0.0,0.0,0.0
baseline_price_shape_tdnet_clear,2,2025-01-09,9362,兵機海運,1,0.5390204791222206,1.0,1.715039577836408,True,True,True,2025-01-08,0.0,0.0,0.0
baseline_price_shape_tdnet_clear,2,2025-01-09,9159,Ｗ ＴＯＫＹＯ,2,0.5367760116662493,1.0,0.9564293304994642,True,True,True,2025-01-08,0.0,0.0,0.0
baseline_price_shape_tdnet_clear,2,2025-01-10,7730,マニー,1,0.5423728281005936,0.0,-2.0689655172413834,True,True,True,2025-01-09,0.0,0.0,0.0
baseline_price_shape_tdnet_clear,2,2025-01-10,9159,Ｗ ＴＯＫＹＯ,2,0.5369234905197863,1.0,1.869658119658113,True,True,True,2025-01-09,0.0,0.0,0.0
baseline_price_shape_tdnet_clear,2,2025-01-14,4783,ＮＣＤ,1,0.5381173173203515,1.0,2.5123715264560254,True,True,True,2025-01-10,0.0,0.0,0.0
baseline_price_shape_tdnet_clear,2,2025-01-14,1803,清水建設,2,0.5368949853487999,0.0,-0.35545023696682554,True,True,True,2025-01-10,0.0,0.0,0.0
baseline_price_shape_tdnet_clear,2,2025-01-15,9265,ヤマシタヘルスケアホールディングス,1,0.5377291903820355,1.0,0.8260869565217321,True,True,True,2025-01-14,1.0,0.0,0.0
baseline_price_shape_tdnet_clear,2,2025-01-15,9362,兵機海運,2,0.537468411432828,1.0,0.9186351706036655,True,True,True,2025-01-14,0.0,0.0,0.0
baseline_price_shape_tdnet_clear,2,2025-01-16,4429,リックソフト,1,0.5602180170054265,0.0,-4.30622009569378,True,True,True,2025-01-15,0.0,0.0,0.0
baseline_price_shape_tdnet_clear,2,2025-01-16,245A,ＩＮＧＳ,2,0.5512211762754549,0.0,-6.5424806905951876,True,True,True,2025-01-15,0.0,0.0,0.0
baseline_price_shape_tdnet_clear,2,2025-01-17,3238,セントラル総合開発,1,0.5377409523442939,0.0,-0.20920502092049986,True,True,True,2025-01-16,0.0,0.0,0.0
baseline_price_shape_tdnet_clear,2,2025-01-17,8141,新光商事,2,0.535921256633997,0.0,-0.3894839337877265,True,True,True,2025-01-16,0.0,0.0,0.0
baseline_price_shape_tdnet_clear,2,2025-01-20,7036,イーエムネットジャパン,1,0.5365694457151722,0.0,0.0,True,True,True,2025-01-17,0.0,0.0,0.0
baseline_price_shape_tdnet_clear,2,2025-01-20,2986,ＬＡホールディングス,2,0.5346842817258595,1.0,4.496402877697836,True,True,True,2025-01-17,0.0,0.0,0.0
baseline_price_shape_tdnet_clear,2,2025-01-21,3238,セントラル総合開発,1,0.5337025605962098,1.0,1.7057569296375252,True,True,True,2025-01-20,0.0,0.0,0.0
baseline_price_shape_tdnet_clear,2,2025-01-21,8141,新光商事,2,0.5310907566526131,0.0,-0.7692307692307665,True,True,True,2025-01-20,0.0,0.0,0.0
baseline_price_shape_tdnet_clear,2,2025-01-22,8066,三⾕商事,1,0.5372865387144977,1.0,0.33653846153847145,True,True,True,2025-01-21,0.0,0.0,0.0
baseline_price_shape_tdnet_clear,2,2025-01-22,5851,リョービ,2,0.5345298315288372,1.0,1.0926573426573327,True,True,True,2025-01-21,0.0,0.0,0.0
baseline_price_shape_tdnet_clear,2,2025-01-23,8066,三⾕商事,1,0.5400869901716284,1.0,0.6366307541625815,True,True,True,2025-01-22,0.0,0.0,0.0
baseline_price_shape_tdnet_clear,2,2025-01-23,1803,清水建設,2,0.5364545329111412,1.0,0.8866615265998412,True,True,True,2025-01-22,0.0,0.0,0.0
baseline_price_shape_tdnet_clear,2,2025-01-24,8066,三⾕商事,1,0.5439497235294173,1.0,0.048661800486615725,True,True,True,2025-01-23,0.0,0.0,0.0
baseline_price_shape_tdnet_clear,2,2025-01-24,7205,日野自動車,2,0.5383173563591185,0.0,-0.738007380073813,True,True,True,2025-01-23,0.0,0.0,0.0
baseline_price_shape_tdnet_clear,2,2025-01-27,8066,三⾕商事,1,0.5463551255323031,0.0,-3.121951219512198,True,True,True,2025-01-24,0.0,0.0,0.0
baseline_price_shape_tdnet_clear,2,2025-01-27,5851,リョービ,2,0.5372378999727035,0.0,-0.04347826086956719,True,True,True,2025-01-24,0.0,0.0,0.0
baseline_price_shape_tdnet_clear,2,2025-01-28,8066,三⾕商事,1,0.551434118985318,1.0,1.1657374556512945,True,True,True,2025-01-27,0.0,0.0,0.0
baseline_price_shape_tdnet_clear,2,2025-01-28,4267,ライトワークス,2,0.5348509563791324,1.0,2.499999999999991,True,True,True,2025-01-27,0.0,0.0,0.0
baseline_price_shape_tdnet_clear,2,2025-01-29,8066,三⾕商事,1,0.5393814383862072,0.0,-4.674291397314767,True,True,True,2025-01-28,0.0,0.0,0.0
baseline_price_shape_tdnet_clear,2,2025-01-29,6875,メガチップス,2,0.5388212481686888,1.0,0.8561643835616417,True,True,True,2025-01-28,0.0,0.0,0.0
baseline_price_shape_tdnet_clear,2,2025-01-30,8066,三⾕商事,1,0.5499473925734129,1.0,1.2506513809275699,True,True,True,2025-01-29,0.0,0.0,0.0
baseline_price_shape_tdnet_clear,2,2025-01-30,4267,ライトワークス,2,0.5477000439601843,1.0,0.897226753670477,True,True,True,2025-01-29,0.0,0.0,0.0
baseline_price_shape_tdnet_clear,2,2025-01-31,9312,ケイヒン,1,0.5440721196738432,1.0,0.6280193236714915,True,True,True,2025-01-30,0.0,0.0,0.0
baseline_price_shape_tdnet_clear,2,2025-01-31,9265,ヤマシタヘルスケアホールディングス,2,0.5437975156952104,1.0,0.9726725335803543,True,True,True,2025-01-30,0.0,0.0,0.0
baseline_price_shape_tdnet_clear,2,2025-02-03,1944,きんでん,1,0.553393732206294,1.0,2.8580402010050188,True,True,True,2025-01-31,1.0,1.0,0.0
baseline_price_shape_tdnet_clear,2,2025-02-03,8366,滋賀銀行,2,0.5478752735509436,0.0,0.0,True,True,True,2025-01-31,1.0,1.0,0.0
baseline_price_shape_tdnet_clear,2,2025-02-04,4272,日本化薬,1,0.5566370496714551,1.0,1.653764954257575,True,True,True,2025-02-03,1.0,1.0,0.0
baseline_price_shape_tdnet_clear,2,2025-02-04,4267,ライトワークス,2,0.5507901447672149,1.0,1.5322580645161343,True,True,True,2025-02-03,0.0,0.0,0.0
baseline_price_shape_tdnet_clear,2,2025-02-05,8704,トレイダーズホールディングス,1,0.5585364993667479,1.0,0.9966777408637828,True,True,True,2025-02-04,1.0,1.0,0.0
baseline_price_shape_tdnet_clear,2,2025-02-05,4267,ライトワークス,2,0.5471832810458788,1.0,3.494837172359011,True,True,True,2025-02-04,0.0,0.0,0.0
baseline_price_shape_tdnet_clear,2,2025-02-06,6547,グリーンズ,1,0.5462926878084072,1.0,2.365308804205002,True,True,True,2025-02-05,0.0,0.0,0.0
baseline_price_shape_tdnet_clear,2,2025-02-06,7951,ヤマハ,2,0.5444243390368201,0.0,-1.863084922010394,True,True,True,2025-02-05,1.0,1.0,0.0
baseline_price_shape_tdnet_clear,2,2025-02-07,6088,シグマクシス・ホールディングス,1,0.5520888797574716,1.0,9.90990990990992,True,True,True,2025-02-06,1.0,1.0,0.0
baseline_price_shape_tdnet_clear,2,2025-02-07,4267,ライトワークス,2,0.5505387577041448,1.0,0.6304176516942483,True,True,True,2025-02-06,0.0,0.0,0.0
baseline_price_shape_tdnet_clear,2,2025-02-10,4267,ライトワークス,1,0.5489504901890337,1.0,3.6632891660171474,True,True,True,2025-02-07,0.0,0.0,0.0
baseline_price_shape_tdnet_clear,2,2025-02-10,7089,フォースタートアップス,2,0.545021282244943,1.0,0.29970029970030065,True,True,True,2025-02-07,1.0,1.0,0.0
baseline_price_shape_tdnet_clear,2,2025-02-12,4783,ＮＣＤ,1,0.5625662034233804,1.0,1.0204081632652962,True,True,True,2025-02-10,0.0,0.0,0.0
baseline_price_shape_tdnet_clear,2,2025-02-12,5161,⻄川ゴム⼯業,2,0.5483069187013756,0.0,0.0,True,True,True,2025-02-10,1.0,1.0,0.0
baseline_price_shape_tdnet_clear,2,2025-02-13,1950,日本電設⼯業,1,0.5726526337272032,1.0,0.7619047619047636,True,True,True,2025-02-12,1.0,1.0,0.0
baseline_price_shape_tdnet_clear,2,2025-02-13,2185,シイエム・シイ,2,0.5540746404868075,0.0,-3.0231179608772973,True,True,True,2025-02-12,1.0,1.0,0.0
baseline_price_shape_tdnet_clear,2,2025-02-14,9413,テレビ東京ホールディングス,1,0.560501126954155,1.0,1.237964236588729,True,True,True,2025-02-13,1.0,1.0,0.0
baseline_price_shape_tdnet_clear,2,2025-02-14,6758,ソニーグループ,2,0.558770752483639,0.0,-1.46276595744681,True,True,True,2025-02-13,1.0,1.0,0.0
baseline_price_shape_tdnet_clear,2,2025-02-17,3964,オークネット,1,0.5640177734031875,0.0,-2.754820936639113,True,True,True,2025-02-14,1.0,1.0,0.0
baseline_price_shape_tdnet_clear,2,2025-02-17,4267,ライトワークス,2,0.5582108648120561,1.0,3.5450516986706093,True,True,True,2025-02-14,0.0,0.0,0.0
baseline_price_shape_tdnet_clear,2,2025-02-18,6135,牧野フライス製作所,1,0.5427477531984413,0.0,-0.1680672268907557,True,True,True,2025-02-17,0.0,0.0,0.0
baseline_price_shape_tdnet_clear,2,2025-02-18,4267,ライトワークス,2,0.5418499327341411,0.0,-0.6338028169014076,True,True,True,2025-02-17,0.0,0.0,0.0
baseline_price_shape_tdnet_clear,2,2025-02-19,4267,ライトワークス,1,0.5462954743018136,1.0,1.1251758087201136,True,True,True,2025-02-18,0.0,0.0,0.0
baseline_price_shape_tdnet_clear,2,2025-02-19,7043,アルー,2,0.5399420398181797,1.0,2.84005979073243,True,True,True,2025-02-18,0.0,0.0,0.0
baseline_price_shape_tdnet_clear,2,2025-02-20,5101,横浜ゴム,1,0.5450349568729607,0.0,-4.9886621315192725,True,True,True,2025-02-19,1.0,1.0,0.0
baseline_price_shape_tdnet_clear,2,2025-02-20,4267,ライトワークス,2,0.5417733599268092,1.0,1.1716057891109521,True,True,True,2025-02-19,0.0,0.0,0.0
baseline_price_shape_tdnet_clear,2,2025-02-21,7043,アルー,1,0.5437073380783951,1.0,0.14326647564470996,True,True,True,2025-02-20,0.0,0.0,0.0
baseline_price_shape_tdnet_clear,2,2025-02-21,3238,セントラル総合開発,2,0.5419640038705457,0.0,0.0,True,True,True,2025-02-20,0.0,0.0,0.0
baseline_price_shape_tdnet_clear,2,2025-02-25,7043,アルー,1,0.5491077201040098,1.0,0.4285714285714226,True,True,True,2025-02-21,0.0,0.0,0.0
baseline_price_shape_tdnet_clear,2,2025-02-25,4267,ライトワークス,2,0.547325362855559,1.0,2.557014512785072,True,True,True,2025-02-21,0.0,0.0,0.0
baseline_price_shape_tdnet_clear,2,2025-02-26,7043,アルー,1,0.549072274813239,0.0,-0.14224751066855834,True,True,True,2025-02-25,0.0,0.0,0.0
baseline_price_shape_tdnet_clear,2,2025-02-26,3359,ｃｏｔｔａ,2,0.5439282396048597,0.0,-4.793028322440085,True,True,True,2025-02-25,0.0,0.0,0.0
baseline_price_shape_tdnet_clear,2,2025-02-27,4267,ライトワークス,1,0.5480372792201987,0.0,-1.888020833333337,True,True,True,2025-02-26,0.0,0.0,0.0
baseline_price_shape_tdnet_clear,2,2025-02-27,7043,アルー,2,0.546831666722149,1.0,0.8595988538681931,True,True,True,2025-02-26,0.0,0.0,0.0
baseline_price_shape_tdnet_clear,2,2025-02-28,4267,ライトワークス,1,0.5521529686975288,0.0,-0.9986684420772329,True,True,True,2025-02-27,0.0,0.0,0.0
baseline_price_shape_tdnet_clear,2,2025-02-28,7043,アルー,2,0.5491301922487045,1.0,0.5706134094151105,True,True,True,2025-02-27,0.0,0.0,0.0
baseline_price_shape_tdnet_clear,2,2025-03-03,7043,アルー,1,0.5508506619854504,0.0,0.0,True,True,True,2025-02-28,0.0,0.0,0.0
baseline_price_shape_tdnet_clear,2,2025-03-03,4267,ライトワークス,2,0.5479138967267999,0.0,-4.023746701846964,True,True,True,2025-02-28,0.0,0.0,0.0
baseline_price_shape_tdnet_clear,2,2025-03-04,4267,ライトワークス,1,0.5514473584589538,0.0,-1.4814814814814836,True,True,True,2025-03-03,0.0,0.0,0.0
baseline_price_shape_tdnet_clear,2,2025-03-04,7043,アルー,2,0.5488084345980158,1.0,0.5714285714285783,True,True,True,2025-03-03,0.0,0.0,0.0
baseline_price_shape_tdnet_clear,2,2025-03-05,7043,アルー,1,0.5513043364484806,0.0,-2.2253129346314293,True,True,True,2025-03-04,0.0,0.0,0.0
baseline_price_shape_tdnet_clear,2,2025-03-05,4267,ライトワークス,2,0.5451499965295391,1.0,0.547195622435015,True,True,True,2025-03-04,0.0,0.0,0.0
baseline_price_shape_tdnet_clear,2,2025-03-06,1867,植木組,1,0.5524437222799913,1.0,1.8478260869565277,True,True,True,2025-03-05,1.0,1.0,0.0
baseline_price_shape_tdnet_clear,2,2025-03-06,7043,アルー,2,0.5524034320390881,0.0,0.0,True,True,True,2025-03-05,0.0,0.0,0.0
baseline_price_shape_tdnet_clear,2,2025-03-07,4783,ＮＣＤ,1,0.5460141212062429,0.0,-4.134650567142339,True,True,True,2025-03-06,0.0,0.0,0.0
baseline_price_shape_tdnet_clear,2,2025-03-07,7043,アルー,2,0.5442694002599402,0.0,0.0,True,True,True,2025-03-06,0.0,0.0,0.0
baseline_price_shape_tdnet_clear,2,2025-03-10,4783,ＮＣＤ,1,0.5568582468275515,0.0,-0.03844675124952124,True,True,True,2025-03-07,0.0,0.0,0.0
baseline_price_shape_tdnet_clear,2,2025-03-10,1967,ヤマト,2,0.555814152138266,0.0,-1.5665796344647487,True,True,True,2025-03-07,1.0,1.0,0.0
baseline_price_shape_tdnet_clear,2,2025-03-11,9312,ケイヒン,1,0.5489299703276604,0.0,-0.862440707201384,True,True,True,2025-03-10,0.0,0.0,0.0
baseline_price_shape_tdnet_clear,2,2025-03-11,4267,ライトワークス,2,0.5486119264103253,1.0,0.13377926421405117,True,True,True,2025-03-10,0.0,0.0,0.0
baseline_price_shape_tdnet_clear,2,2025-03-12,9312,ケイヒン,1,0.5473367406616362,0.0,-0.39113428943937656,True,True,True,2025-03-11,0.0,0.0,0.0
baseline_price_shape_tdnet_clear,2,2025-03-12,4267,ライトワークス,2,0.5452594125332367,1.0,1.464713715046595,True,True,True,2025-03-11,0.0,0.0,0.0
baseline_price_shape_tdnet_clear,2,2025-03-13,4783,ＮＣＤ,1,0.5489817390873253,0.0,-2.5522041763341052,True,True,True,2025-03-12,0.0,0.0,0.0
baseline_price_shape_tdnet_clear,2,2025-03-13,9312,ケイヒン,2,0.5431207652539234,1.0,0.12964563526360884,True,True,True,2025-03-12,0.0,0.0,0.0
baseline_price_shape_tdnet_clear,2,2025-03-14,3921,ネオジャパン,1,0.5575213352782926,0.0,-0.26490066225165476,True,True,True,2025-03-13,1.0,1.0,0.0
baseline_price_shape_tdnet_clear,2,2025-03-14,4783,ＮＣＤ,2,0.5532253374949704,1.0,0.674870980547837,True,True,True,2025-03-13,0.0,0.0,0.0
baseline_price_shape_tdnet_clear,2,2025-03-17,6848,東亜ディーケーケー,1,0.5583507930831306,1.0,0.8454106280193274,True,True,True,2025-03-14,1.0,1.0,0.0
baseline_price_shape_tdnet_clear,2,2025-03-17,7050,フロンティアインターナショナル,2,0.55259555277836,0.0,-1.5151515151515138,True,True,True,2025-03-14,1.0,1.0,0.0
baseline_price_shape_tdnet_clear,2,2025-03-18,5888,ＤＡＩＷＡ ＣＹＣＬＥ,1,0.5743989481279751,1.0,8.416547788873041,True,True,True,2025-03-17,1.0,1.0,1.0
baseline_price_shape_tdnet_clear,2,2025-03-18,5285,ヤマックス,2,0.5735485149378445,0.0,-1.8927444794952675,True,True,True,2025-03-17,1.0,1.0,0.0
baseline_price_shape_tdnet_clear,2,2025-03-19,9782,ディーエムエス,1,0.5614215236064396,0.0,0.0,True,True,True,2025-03-18,1.0,1.0,0.0
baseline_price_shape_tdnet_clear,2,2025-03-19,9828,Ｇｅｎｋｉ Ｇｌｏｂａｌ Ｄｉｎｉｎｇ Ｃｏｎｃｅｐｔｓ,2,0.5562430862968469,1.0,1.680672268907557,True,True,True,2025-03-18,1.0,1.0,0.0
baseline_price_shape_tdnet_clear,2,2025-03-21,8346,東邦銀行,1,0.5604924668705199,1.0,1.4285714285714235,True,True,True,2025-03-19,1.0,1.0,0.0
baseline_price_shape_tdnet_clear,2,2025-03-21,8367,南都銀行,2,0.5537443287196254,1.0,4.438964241676935,True,True,True,2025-03-19,1.0,1.0,0.0
baseline_price_shape_tdnet_clear,2,2025-03-24,9031,⻄日本鉄道,1,0.5738980432832909,1.0,0.9459459459459474,True,True,True,2025-03-21,1.0,1.0,0.0
baseline_price_shape_tdnet_clear,2,2025-03-24,4356,応用技術,2,0.5493225879258159,0.0,-0.25889967637540146,True,True,True,2025-03-21,0.0,0.0,0.0
baseline_price_shape_tdnet_clear,2,2025-03-25,3180,ビューティガレージ,1,0.5632248048070335,1.0,0.48840048840048667,True,True,True,2025-03-24,1.0,1.0,0.0
baseline_price_shape_tdnet_clear,2,2025-03-25,8101,ＧＳＩクレオス,2,0.5561178564464109,0.0,-1.3545072396076607,True,True,True,2025-03-24,1.0,1.0,1.0
baseline_price_shape_tdnet_clear,2,2025-03-26,6644,大崎電気⼯業,1,0.5508670311936268,1.0,1.5625,True,True,True,2025-03-25,1.0,1.0,0.0
baseline_price_shape_tdnet_clear,2,2025-03-26,7266,今仙電機製作所,2,0.5467390247064315,1.0,0.45801526717557106,True,True,True,2025-03-25,0.0,0.0,0.0
baseline_price_shape_tdnet_clear,2,2025-03-27,7266,今仙電機製作所,1,0.5481078630021263,0.0,-1.0703363914373099,True,True,True,2025-03-26,0.0,0.0,0.0
baseline_price_shape_tdnet_clear,2,2025-03-27,4619,日本特殊塗料,2,0.54538670824539,0.0,-0.40106951871657914,True,True,True,2025-03-26,0.0,0.0,0.0
baseline_price_shape_tdnet_clear,2,2025-03-28,7266,今仙電機製作所,1,0.5512107887146229,1.0,0.47244094488188004,True,True,True,2025-03-27,0.0,0.0,0.0
baseline_price_shape_tdnet_clear,2,2025-03-28,7043,アルー,2,0.5497518633483349,1.0,1.026392961876832,True,True,True,2025-03-27,0.0,0.0,0.0
baseline_price_shape_tdnet_clear,2,2025-03-31,7184,富山第一銀行,1,0.5678180355977351,1.0,5.229357798165135,True,True,True,2025-03-28,1.0,1.0,0.0
baseline_price_shape_tdnet_clear,2,2025-03-31,7813,プラッツ,2,0.5563875825087313,1.0,0.4398826979472137,True,True,True,2025-03-28,0.0,0.0,0.0
baseline_momentum_tdnet_clear,1,2025-01-06,6098,リクルートホールディングス,1,0.536665581175012,0.0,-3.6656236030397804,True,True,True,2024-12-30,0.0,0.0,0.0
baseline_momentum_tdnet_clear,1,2025-01-07,6098,リクルートホールディングス,1,0.5381867320119986,1.0,0.9417040358744355,True,True,True,2025-01-06,1.0,0.0,0.0
baseline_momentum_tdnet_clear,1,2025-01-08,7314,小⽥原機器,1,0.5367991452000928,0.0,-0.9590235396687019,True,True,True,2025-01-07,0.0,0.0,0.0
baseline_momentum_tdnet_clear,1,2025-01-09,7205,日野自動車,1,0.5346362560427559,0.0,-2.6848105921294385,True,True,True,2025-01-08,0.0,0.0,0.0
baseline_momentum_tdnet_clear,1,2025-01-10,7730,マニー,1,0.5498348690108456,0.0,-2.0689655172413834,True,True,True,2025-01-09,0.0,0.0,0.0
baseline_momentum_tdnet_clear,1,2025-01-14,4783,ＮＣＤ,1,0.5375892351781822,1.0,2.5123715264560254,True,True,True,2025-01-10,0.0,0.0,0.0
baseline_momentum_tdnet_clear,1,2025-01-15,7097,さくらさくプラス,1,0.5467550894799379,0.0,-3.898458748866729,True,True,True,2025-01-14,0.0,0.0,0.0
baseline_momentum_tdnet_clear,1,2025-01-16,4429,リックソフト,1,0.5685316828975064,0.0,-4.30622009569378,True,True,True,2025-01-15,0.0,0.0,0.0
baseline_momentum_tdnet_clear,1,2025-01-17,4429,リックソフト,1,0.5367712754200071,0.0,-1.845018450184499,True,True,True,2025-01-16,0.0,0.0,0.0
baseline_momentum_tdnet_clear,1,2025-01-20,3976,シャノン,1,0.5421572089341382,1.0,3.5196687370600444,True,True,True,2025-01-17,0.0,0.0,0.0
baseline_momentum_tdnet_clear,1,2025-01-21,4267,ライトワークス,1,0.5327645776586455,1.0,0.7148530579825341,True,True,True,2025-01-20,0.0,0.0,0.0
baseline_momentum_tdnet_clear,1,2025-01-22,4267,ライトワークス,1,0.5375830526926856,1.0,2.2961203483768733,True,True,True,2025-01-21,0.0,0.0,0.0
baseline_momentum_tdnet_clear,1,2025-01-23,5851,リョービ,1,0.533369545669231,0.0,-0.8646779074794608,True,True,True,2025-01-22,1.0,0.0,0.0
baseline_momentum_tdnet_clear,1,2025-01-24,7205,日野自動車,1,0.5412107887130859,0.0,-0.738007380073813,True,True,True,2025-01-23,0.0,0.0,0.0
baseline_momentum_tdnet_clear,1,2025-01-27,8066,三⾕商事,1,0.5375773591577573,0.0,-3.121951219512198,True,True,True,2025-01-24,0.0,0.0,0.0
baseline_momentum_tdnet_clear,1,2025-01-28,8066,三⾕商事,1,0.5466541349509063,1.0,1.1657374556512945,True,True,True,2025-01-27,0.0,0.0,0.0
baseline_momentum_tdnet_clear,1,2025-01-29,6875,メガチップス,1,0.5385720776267687,1.0,0.8561643835616417,True,True,True,2025-01-28,0.0,0.0,0.0
baseline_momentum_tdnet_clear,1,2025-01-30,4267,ライトワークス,1,0.5486283708608328,1.0,0.897226753670477,True,True,True,2025-01-29,0.0,0.0,0.0
baseline_momentum_tdnet_clear,1,2025-01-31,4267,ライトワークス,1,0.5465701465863195,1.0,2.3443815683104274,True,True,True,2025-01-30,0.0,0.0,0.0
baseline_momentum_tdnet_clear,1,2025-02-03,1944,きんでん,1,0.5527557175783656,1.0,2.8580402010050188,True,True,True,2025-01-31,1.0,1.0,0.0
baseline_momentum_tdnet_clear,1,2025-02-04,4272,日本化薬,1,0.5655625377472188,1.0,1.653764954257575,True,True,True,2025-02-03,1.0,1.0,0.0
baseline_momentum_tdnet_clear,1,2025-02-05,8704,トレイダーズホールディングス,1,0.561394752428101,1.0,0.9966777408637828,True,True,True,2025-02-04,1.0,1.0,0.0
baseline_momentum_tdnet_clear,1,2025-02-06,4267,ライトワークス,1,0.546624754674253,0.0,-1.8461538461538418,True,True,True,2025-02-05,0.0,0.0,0.0
baseline_momentum_tdnet_clear,1,2025-02-07,6088,シグマクシス・ホールディングス,1,0.5533674894377046,1.0,9.90990990990992,True,True,True,2025-02-06,1.0,1.0,0.0
baseline_momentum_tdnet_clear,1,2025-02-10,4267,ライトワークス,1,0.5513643957421976,1.0,3.6632891660171474,True,True,True,2025-02-07,0.0,0.0,0.0
baseline_momentum_tdnet_clear,1,2025-02-12,4783,ＮＣＤ,1,0.5661299718407227,1.0,1.0204081632652962,True,True,True,2025-02-10,0.0,0.0,0.0
baseline_momentum_tdnet_clear,1,2025-02-13,1950,日本電設⼯業,1,0.5724475944344314,1.0,0.7619047619047636,True,True,True,2025-02-12,1.0,1.0,0.0
baseline_momentum_tdnet_clear,1,2025-02-14,6758,ソニーグループ,1,0.5619492541979184,0.0,-1.46276595744681,True,True,True,2025-02-13,1.0,1.0,0.0
baseline_momentum_tdnet_clear,1,2025-02-17,3964,オークネット,1,0.5602422046875991,0.0,-2.754820936639113,True,True,True,2025-02-14,1.0,1.0,0.0
baseline_momentum_tdnet_clear,1,2025-02-18,3238,セントラル総合開発,1,0.5479090678827924,1.0,1.0845986984815648,True,True,True,2025-02-17,0.0,0.0,0.0
baseline_momentum_tdnet_clear,1,2025-02-19,4267,ライトワークス,1,0.545142666110011,1.0,1.1251758087201136,True,True,True,2025-02-18,0.0,0.0,0.0
baseline_momentum_tdnet_clear,1,2025-02-20,3238,セントラル総合開発,1,0.5439027790906596,0.0,-0.21505376344086446,True,True,True,2025-02-19,0.0,0.0,0.0
baseline_momentum_tdnet_clear,1,2025-02-21,3238,セントラル総合開発,1,0.5432254337773493,0.0,0.0,True,True,True,2025-02-20,0.0,0.0,0.0
baseline_momentum_tdnet_clear,1,2025-02-25,4267,ライトワークス,1,0.5471543453288527,1.0,2.557014512785072,True,True,True,2025-02-21,0.0,0.0,0.0
baseline_momentum_tdnet_clear,1,2025-02-26,7043,アルー,1,0.5469980402643625,0.0,-0.14224751066855834,True,True,True,2025-02-25,0.0,0.0,0.0
baseline_momentum_tdnet_clear,1,2025-02-27,4267,ライトワークス,1,0.5486933262290936,0.0,-1.888020833333337,True,True,True,2025-02-26,0.0,0.0,0.0
baseline_momentum_tdnet_clear,1,2025-02-28,4267,ライトワークス,1,0.5523519888202955,0.0,-0.9986684420772329,True,True,True,2025-02-27,0.0,0.0,0.0
baseline_momentum_tdnet_clear,1,2025-03-03,7043,アルー,1,0.5501536510429755,0.0,0.0,True,True,True,2025-02-28,0.0,0.0,0.0
baseline_momentum_tdnet_clear,1,2025-03-04,4267,ライトワークス,1,0.5482747249709177,0.0,-1.4814814814814836,True,True,True,2025-03-03,0.0,0.0,0.0
baseline_momentum_tdnet_clear,1,2025-03-05,7043,アルー,1,0.5508974880238674,0.0,-2.2253129346314293,True,True,True,2025-03-04,0.0,0.0,0.0
baseline_momentum_tdnet_clear,1,2025-03-06,7043,アルー,1,0.5521554410344757,0.0,0.0,True,True,True,2025-03-05,0.0,0.0,0.0
baseline_momentum_tdnet_clear,1,2025-03-07,4783,ＮＣＤ,1,0.5492796792388066,0.0,-4.134650567142339,True,True,True,2025-03-06,0.0,0.0,0.0
baseline_momentum_tdnet_clear,1,2025-03-10,4783,ＮＣＤ,1,0.5602333130573497,0.0,-0.03844675124952124,True,True,True,2025-03-07,0.0,0.0,0.0
baseline_momentum_tdnet_clear,1,2025-03-11,4783,ＮＣＤ,1,0.5513603429150921,1.0,3.0604133545309997,True,True,True,2025-03-10,0.0,0.0,0.0
baseline_momentum_tdnet_clear,1,2025-03-12,9312,ケイヒン,1,0.5476559946608259,0.0,-0.39113428943937656,True,True,True,2025-03-11,0.0,0.0,0.0
baseline_momentum_tdnet_clear,1,2025-03-13,4783,ＮＣＤ,1,0.5492191539697754,0.0,-2.5522041763341052,True,True,True,2025-03-12,0.0,0.0,0.0
baseline_momentum_tdnet_clear,1,2025-03-14,3921,ネオジャパン,1,0.5581124952702792,0.0,-0.26490066225165476,True,True,True,2025-03-13,1.0,1.0,0.0
baseline_momentum_tdnet_clear,1,2025-03-17,6848,東亜ディーケーケー,1,0.5570821509050635,1.0,0.8454106280193274,True,True,True,2025-03-14,1.0,1.0,0.0
baseline_momentum_tdnet_clear,1,2025-03-18,5888,ＤＡＩＷＡ ＣＹＣＬＥ,1,0.573411682917237,1.0,8.416547788873041,True,True,True,2025-03-17,1.0,1.0,1.0
baseline_momentum_tdnet_clear,1,2025-03-19,9782,ディーエムエス,1,0.5645228188526118,0.0,0.0,True,True,True,2025-03-18,1.0,1.0,0.0
baseline_momentum_tdnet_clear,1,2025-03-21,8346,東邦銀行,1,0.5551684707681694,1.0,1.4285714285714235,True,True,True,2025-03-19,1.0,1.0,0.0
baseline_momentum_tdnet_clear,1,2025-03-24,9031,⻄日本鉄道,1,0.5765376500074822,1.0,0.9459459459459474,True,True,True,2025-03-21,1.0,1.0,0.0
baseline_momentum_tdnet_clear,1,2025-03-25,3180,ビューティガレージ,1,0.5611656735012684,1.0,0.48840048840048667,True,True,True,2025-03-24,1.0,1.0,0.0
baseline_momentum_tdnet_clear,1,2025-03-26,6644,大崎電気⼯業,1,0.5487980172487754,1.0,1.5625,True,True,True,2025-03-25,1.0,1.0,0.0
baseline_momentum_tdnet_clear,1,2025-03-27,7043,アルー,1,0.5486850679816778,1.0,0.7320644216691097,True,True,True,2025-03-26,0.0,0.0,0.0
baseline_momentum_tdnet_clear,1,2025-03-28,7043,アルー,1,0.552567826703165,1.0,1.026392961876832,True,True,True,2025-03-27,0.0,0.0,0.0
baseline_momentum_tdnet_clear,1,2025-03-31,7184,富山第一銀行,1,0.5665419159835068,1.0,5.229357798165135,True,True,True,2025-03-28,1.0,1.0,0.0
baseline_momentum_tdnet_clear,2,2025-01-06,6098,リクルートホールディングス,1,0.536665581175012,0.0,-3.6656236030397804,True,True,True,2024-12-30,0.0,0.0,0.0
baseline_momentum_tdnet_clear,2,2025-01-06,4267,ライトワークス,2,0.5365970744494502,0.0,0.0,True,True,True,2024-12-30,0.0,0.0,0.0
baseline_momentum_tdnet_clear,2,2025-01-07,6098,リクルートホールディングス,1,0.5381867320119986,1.0,0.9417040358744355,True,True,True,2025-01-06,1.0,0.0,0.0
baseline_momentum_tdnet_clear,2,2025-01-07,6226,守⾕輸送機⼯業,2,0.538002718292133,1.0,0.039308176100627534,True,True,True,2025-01-06,0.0,0.0,0.0
baseline_momentum_tdnet_clear,2,2025-01-08,7314,小⽥原機器,1,0.5367991452000928,0.0,-0.9590235396687019,True,True,True,2025-01-07,0.0,0.0,0.0
baseline_momentum_tdnet_clear,2,2025-01-08,5161,⻄川ゴム⼯業,2,0.5308475894871555,1.0,0.6263982102908239,True,True,True,2025-01-07,0.0,0.0,0.0
baseline_momentum_tdnet_clear,2,2025-01-09,7205,日野自動車,1,0.5346362560427559,0.0,-2.6848105921294385,True,True,True,2025-01-08,0.0,0.0,0.0
baseline_momentum_tdnet_clear,2,2025-01-09,9362,兵機海運,2,0.5339523544718631,1.0,1.715039577836408,True,True,True,2025-01-08,0.0,0.0,0.0
baseline_momentum_tdnet_clear,2,2025-01-10,7730,マニー,1,0.5498348690108456,0.0,-2.0689655172413834,True,True,True,2025-01-09,0.0,0.0,0.0
baseline_momentum_tdnet_clear,2,2025-01-10,7205,日野自動車,2,0.537681824683736,0.0,-2.3075468129374,True,True,True,2025-01-09,0.0,0.0,0.0
baseline_momentum_tdnet_clear,2,2025-01-14,4783,ＮＣＤ,1,0.5375892351781822,1.0,2.5123715264560254,True,True,True,2025-01-10,0.0,0.0,0.0
baseline_momentum_tdnet_clear,2,2025-01-14,7205,日野自動車,2,0.5357285445361026,0.0,-1.4213395638629334,True,True,True,2025-01-10,0.0,0.0,0.0
baseline_momentum_tdnet_clear,2,2025-01-15,7097,さくらさくプラス,1,0.5467550894799379,0.0,-3.898458748866729,True,True,True,2025-01-14,0.0,0.0,0.0
baseline_momentum_tdnet_clear,2,2025-01-15,4343,イオンファンタジー,2,0.5362401247645635,1.0,1.1829652996845352,True,True,True,2025-01-14,0.0,0.0,0.0
baseline_momentum_tdnet_clear,2,2025-01-16,4429,リックソフト,1,0.5685316828975064,0.0,-4.30622009569378,True,True,True,2025-01-15,0.0,0.0,0.0
baseline_momentum_tdnet_clear,2,2025-01-16,245A,ＩＮＧＳ,2,0.5542686517331818,0.0,-6.5424806905951876,True,True,True,2025-01-15,0.0,0.0,0.0
baseline_momentum_tdnet_clear,2,2025-01-17,4429,リックソフト,1,0.5367712754200071,0.0,-1.845018450184499,True,True,True,2025-01-16,0.0,0.0,0.0
baseline_momentum_tdnet_clear,2,2025-01-17,3238,セントラル総合開発,2,0.5362366413088969,0.0,-0.20920502092049986,True,True,True,2025-01-16,0.0,0.0,0.0
baseline_momentum_tdnet_clear,2,2025-01-20,3976,シャノン,1,0.5421572089341382,1.0,3.5196687370600444,True,True,True,2025-01-17,0.0,0.0,0.0
baseline_momentum_tdnet_clear,2,2025-01-20,3238,セントラル総合開発,2,0.5334109087293165,0.0,-0.2123142250530785,True,True,True,2025-01-17,0.0,0.0,0.0
baseline_momentum_tdnet_clear,2,2025-01-21,4267,ライトワークス,1,0.5327645776586455,1.0,0.7148530579825341,True,True,True,2025-01-20,0.0,0.0,0.0
baseline_momentum_tdnet_clear,2,2025-01-21,3238,セントラル総合開発,2,0.5315966081768851,1.0,1.7057569296375252,True,True,True,2025-01-20,0.0,0.0,0.0
baseline_momentum_tdnet_clear,2,2025-01-22,4267,ライトワークス,1,0.5375830526926856,1.0,2.2961203483768733,True,True,True,2025-01-21,0.0,0.0,0.0
baseline_momentum_tdnet_clear,2,2025-01-22,8066,三⾕商事,2,0.5338266150401183,1.0,0.33653846153847145,True,True,True,2025-01-21,0.0,0.0,0.0
baseline_momentum_tdnet_clear,2,2025-01-23,5851,リョービ,1,0.533369545669231,0.0,-0.8646779074794608,True,True,True,2025-01-22,1.0,0.0,0.0
baseline_momentum_tdnet_clear,2,2025-01-23,8066,三⾕商事,2,0.5327154003791177,1.0,0.6366307541625815,True,True,True,2025-01-22,0.0,0.0,0.0
baseline_momentum_tdnet_clear,2,2025-01-24,7205,日野自動車,1,0.5412107887130859,0.0,-0.738007380073813,True,True,True,2025-01-23,0.0,0.0,0.0
baseline_momentum_tdnet_clear,2,2025-01-24,3976,シャノン,2,0.5410357441057146,1.0,3.488372093023262,True,True,True,2025-01-23,0.0,0.0,0.0
baseline_momentum_tdnet_clear,2,2025-01-27,8066,三⾕商事,1,0.5375773591577573,0.0,-3.121951219512198,True,True,True,2025-01-24,0.0,0.0,0.0
baseline_momentum_tdnet_clear,2,2025-01-27,4267,ライトワークス,2,0.5337793734529458,1.0,1.2298232129131392,True,True,True,2025-01-24,0.0,0.0,0.0
baseline_momentum_tdnet_clear,2,2025-01-28,8066,三⾕商事,1,0.5466541349509063,1.0,1.1657374556512945,True,True,True,2025-01-27,0.0,0.0,0.0
baseline_momentum_tdnet_clear,2,2025-01-28,4267,ライトワークス,2,0.5367248498424796,1.0,2.499999999999991,True,True,True,2025-01-27,0.0,0.0,0.0
baseline_momentum_tdnet_clear,2,2025-01-29,6875,メガチップス,1,0.5385720776267687,1.0,0.8561643835616417,True,True,True,2025-01-28,0.0,0.0,0.0
baseline_momentum_tdnet_clear,2,2025-01-29,8066,三⾕商事,2,0.5374065742733617,0.0,-4.674291397314767,True,True,True,2025-01-28,0.0,0.0,0.0
baseline_momentum_tdnet_clear,2,2025-01-30,4267,ライトワークス,1,0.5486283708608328,1.0,0.897226753670477,True,True,True,2025-01-29,0.0,0.0,0.0
baseline_momentum_tdnet_clear,2,2025-01-30,8066,三⾕商事,2,0.5460119844742585,1.0,1.2506513809275699,True,True,True,2025-01-29,0.0,0.0,0.0
baseline_momentum_tdnet_clear,2,2025-01-31,4267,ライトワークス,1,0.5465701465863195,1.0,2.3443815683104274,True,True,True,2025-01-30,0.0,0.0,0.0
baseline_momentum_tdnet_clear,2,2025-01-31,2997,ストレージ王,2,0.5465280870957634,0.0,-1.6913319238900604,True,True,True,2025-01-30,0.0,0.0,0.0
baseline_momentum_tdnet_clear,2,2025-02-03,1944,きんでん,1,0.5527557175783656,1.0,2.8580402010050188,True,True,True,2025-01-31,1.0,1.0,0.0
baseline_momentum_tdnet_clear,2,2025-02-03,8818,京阪神ビルディング,2,0.5474173795152224,0.0,-1.196013289036546,True,True,True,2025-01-31,1.0,1.0,0.0
baseline_momentum_tdnet_clear,2,2025-02-04,4272,日本化薬,1,0.5655625377472188,1.0,1.653764954257575,True,True,True,2025-02-03,1.0,1.0,0.0
baseline_momentum_tdnet_clear,2,2025-02-04,4267,ライトワークス,2,0.5536001800400708,1.0,1.5322580645161343,True,True,True,2025-02-03,0.0,0.0,0.0
baseline_momentum_tdnet_clear,2,2025-02-05,8704,トレイダーズホールディングス,1,0.561394752428101,1.0,0.9966777408637828,True,True,True,2025-02-04,1.0,1.0,0.0
baseline_momentum_tdnet_clear,2,2025-02-05,4267,ライトワークス,2,0.5515629017808333,1.0,3.494837172359011,True,True,True,2025-02-04,0.0,0.0,0.0
baseline_momentum_tdnet_clear,2,2025-02-06,4267,ライトワークス,1,0.546624754674253,0.0,-1.8461538461538418,True,True,True,2025-02-05,0.0,0.0,0.0
baseline_momentum_tdnet_clear,2,2025-02-06,6547,グリーンズ,2,0.5460576300060646,1.0,2.365308804205002,True,True,True,2025-02-05,0.0,0.0,0.0
baseline_momentum_tdnet_clear,2,2025-02-07,6088,シグマクシス・ホールディングス,1,0.5533674894377046,1.0,9.90990990990992,True,True,True,2025-02-06,1.0,1.0,0.0
baseline_momentum_tdnet_clear,2,2025-02-07,4267,ライトワークス,2,0.5520516557573333,1.0,0.6304176516942483,True,True,True,2025-02-06,0.0,0.0,0.0
baseline_momentum_tdnet_clear,2,2025-02-10,4267,ライトワークス,1,0.5513643957421976,1.0,3.6632891660171474,True,True,True,2025-02-07,0.0,0.0,0.0
baseline_momentum_tdnet_clear,2,2025-02-10,7089,フォースタートアップス,2,0.5448571231053896,1.0,0.29970029970030065,True,True,True,2025-02-07,1.0,1.0,0.0
baseline_momentum_tdnet_clear,2,2025-02-12,4783,ＮＣＤ,1,0.5661299718407227,1.0,1.0204081632652962,True,True,True,2025-02-10,0.0,0.0,0.0
baseline_momentum_tdnet_clear,2,2025-02-12,5161,⻄川ゴム⼯業,2,0.5484482495289221,0.0,0.0,True,True,True,2025-02-10,1.0,1.0,0.0
baseline_momentum_tdnet_clear,2,2025-02-13,1950,日本電設⼯業,1,0.5724475944344314,1.0,0.7619047619047636,True,True,True,2025-02-12,1.0,1.0,0.0
baseline_momentum_tdnet_clear,2,2025-02-13,2185,シイエム・シイ,2,0.5536706382297801,0.0,-3.0231179608772973,True,True,True,2025-02-12,1.0,1.0,0.0
baseline_momentum_tdnet_clear,2,2025-02-14,6758,ソニーグループ,1,0.5619492541979184,0.0,-1.46276595744681,True,True,True,2025-02-13,1.0,1.0,0.0
baseline_momentum_tdnet_clear,2,2025-02-14,9413,テレビ東京ホールディングス,2,0.5558801338791907,1.0,1.237964236588729,True,True,True,2025-02-13,1.0,1.0,0.0
baseline_momentum_tdnet_clear,2,2025-02-17,3964,オークネット,1,0.5602422046875991,0.0,-2.754820936639113,True,True,True,2025-02-14,1.0,1.0,0.0
baseline_momentum_tdnet_clear,2,2025-02-17,4267,ライトワークス,2,0.5577332755584482,1.0,3.5450516986706093,True,True,True,2025-02-14,0.0,0.0,0.0
baseline_momentum_tdnet_clear,2,2025-02-18,3238,セントラル総合開発,1,0.5479090678827924,1.0,1.0845986984815648,True,True,True,2025-02-17,0.0,0.0,0.0
baseline_momentum_tdnet_clear,2,2025-02-18,6135,牧野フライス製作所,2,0.5420095124640646,0.0,-0.1680672268907557,True,True,True,2025-02-17,0.0,0.0,0.0
baseline_momentum_tdnet_clear,2,2025-02-19,4267,ライトワークス,1,0.545142666110011,1.0,1.1251758087201136,True,True,True,2025-02-18,0.0,0.0,0.0
baseline_momentum_tdnet_clear,2,2025-02-19,3238,セントラル総合開発,2,0.5423633596124541,1.0,0.8639308855291628,True,True,True,2025-02-18,0.0,0.0,0.0
baseline_momentum_tdnet_clear,2,2025-02-20,3238,セントラル総合開発,1,0.5439027790906596,0.0,-0.21505376344086446,True,True,True,2025-02-19,0.0,0.0,0.0
baseline_momentum_tdnet_clear,2,2025-02-20,5101,横浜ゴム,2,0.5420857899547153,0.0,-4.9886621315192725,True,True,True,2025-02-19,1.0,1.0,0.0
baseline_momentum_tdnet_clear,2,2025-02-21,3238,セントラル総合開発,1,0.5432254337773493,0.0,0.0,True,True,True,2025-02-20,0.0,0.0,0.0
baseline_momentum_tdnet_clear,2,2025-02-21,7043,アルー,2,0.5425716310603285,1.0,0.14326647564470996,True,True,True,2025-02-20,0.0,0.0,0.0
baseline_momentum_tdnet_clear,2,2025-02-25,4267,ライトワークス,1,0.5471543453288527,1.0,2.557014512785072,True,True,True,2025-02-21,0.0,0.0,0.0
baseline_momentum_tdnet_clear,2,2025-02-25,7043,アルー,2,0.5466496622721096,1.0,0.4285714285714226,True,True,True,2025-02-21,0.0,0.0,0.0
baseline_momentum_tdnet_clear,2,2025-02-26,7043,アルー,1,0.5469980402643625,0.0,-0.14224751066855834,True,True,True,2025-02-25,0.0,0.0,0.0
baseline_momentum_tdnet_clear,2,2025-02-26,3359,ｃｏｔｔａ,2,0.5466082491101619,0.0,-4.793028322440085,True,True,True,2025-02-25,0.0,0.0,0.0
baseline_momentum_tdnet_clear,2,2025-02-27,4267,ライトワークス,1,0.5486933262290936,0.0,-1.888020833333337,True,True,True,2025-02-26,0.0,0.0,0.0
baseline_momentum_tdnet_clear,2,2025-02-27,3359,ｃｏｔｔａ,2,0.5458878101865704,0.0,0.0,True,True,True,2025-02-26,0.0,0.0,0.0
baseline_momentum_tdnet_clear,2,2025-02-28,4267,ライトワークス,1,0.5523519888202955,0.0,-0.9986684420772329,True,True,True,2025-02-27,0.0,0.0,0.0
baseline_momentum_tdnet_clear,2,2025-02-28,2789,カルラ,2,0.5494152931479518,0.0,-0.8948545861297563,True,True,True,2025-02-27,0.0,0.0,0.0
baseline_momentum_tdnet_clear,2,2025-03-03,7043,アルー,1,0.5501536510429755,0.0,0.0,True,True,True,2025-02-28,0.0,0.0,0.0
baseline_momentum_tdnet_clear,2,2025-03-03,4267,ライトワークス,2,0.5479968306060956,0.0,-4.023746701846964,True,True,True,2025-02-28,0.0,0.0,0.0
baseline_momentum_tdnet_clear,2,2025-03-04,4267,ライトワークス,1,0.5482747249709177,0.0,-1.4814814814814836,True,True,True,2025-03-03,0.0,0.0,0.0
baseline_momentum_tdnet_clear,2,2025-03-04,7043,アルー,2,0.5480561351297065,1.0,0.5714285714285783,True,True,True,2025-03-03,0.0,0.0,0.0
baseline_momentum_tdnet_clear,2,2025-03-05,7043,アルー,1,0.5508974880238674,0.0,-2.2253129346314293,True,True,True,2025-03-04,0.0,0.0,0.0
baseline_momentum_tdnet_clear,2,2025-03-05,6424,高見沢サイバネティックス,2,0.5507201440997558,1.0,0.09425070688029447,True,True,True,2025-03-04,1.0,1.0,0.0
baseline_momentum_tdnet_clear,2,2025-03-06,7043,アルー,1,0.5521554410344757,0.0,0.0,True,True,True,2025-03-05,0.0,0.0,0.0
baseline_momentum_tdnet_clear,2,2025-03-06,4783,ＮＣＤ,2,0.5488927863989688,0.0,-0.9352517985611541,True,True,True,2025-03-05,0.0,0.0,0.0
baseline_momentum_tdnet_clear,2,2025-03-07,4783,ＮＣＤ,1,0.5492796792388066,0.0,-4.134650567142339,True,True,True,2025-03-06,0.0,0.0,0.0
baseline_momentum_tdnet_clear,2,2025-03-07,7043,アルー,2,0.5435282200281557,0.0,0.0,True,True,True,2025-03-06,0.0,0.0,0.0
baseline_momentum_tdnet_clear,2,2025-03-10,4783,ＮＣＤ,1,0.5602333130573497,0.0,-0.03844675124952124,True,True,True,2025-03-07,0.0,0.0,0.0
baseline_momentum_tdnet_clear,2,2025-03-10,1967,ヤマト,2,0.5527010104812955,0.0,-1.5665796344647487,True,True,True,2025-03-07,1.0,1.0,0.0
baseline_momentum_tdnet_clear,2,2025-03-11,4783,ＮＣＤ,1,0.5513603429150921,1.0,3.0604133545309997,True,True,True,2025-03-10,0.0,0.0,0.0
baseline_momentum_tdnet_clear,2,2025-03-11,9312,ケイヒン,2,0.5496568035133675,0.0,-0.862440707201384,True,True,True,2025-03-10,0.0,0.0,0.0
baseline_momentum_tdnet_clear,2,2025-03-12,9312,ケイヒン,1,0.5476559946608259,0.0,-0.39113428943937656,True,True,True,2025-03-11,0.0,0.0,0.0
baseline_momentum_tdnet_clear,2,2025-03-12,4783,ＮＣＤ,2,0.5459311173418769,1.0,0.8959875340864842,True,True,True,2025-03-11,0.0,0.0,0.0
baseline_momentum_tdnet_clear,2,2025-03-13,4783,ＮＣＤ,1,0.5492191539697754,0.0,-2.5522041763341052,True,True,True,2025-03-12,0.0,0.0,0.0
baseline_momentum_tdnet_clear,2,2025-03-13,4356,応用技術,2,0.5477607205254242,1.0,2.1126760563380254,True,True,True,2025-03-12,0.0,0.0,0.0
baseline_momentum_tdnet_clear,2,2025-03-14,3921,ネオジャパン,1,0.5581124952702792,0.0,-0.26490066225165476,True,True,True,2025-03-13,1.0,1.0,0.0
baseline_momentum_tdnet_clear,2,2025-03-14,4783,ＮＣＤ,2,0.5539199115078399,1.0,0.674870980547837,True,True,True,2025-03-13,0.0,0.0,0.0
baseline_momentum_tdnet_clear,2,2025-03-17,6848,東亜ディーケーケー,1,0.5570821509050635,1.0,0.8454106280193274,True,True,True,2025-03-14,1.0,1.0,0.0
baseline_momentum_tdnet_clear,2,2025-03-17,7050,フロンティアインターナショナル,2,0.5556503416594435,0.0,-1.5151515151515138,True,True,True,2025-03-14,1.0,1.0,0.0
baseline_momentum_tdnet_clear,2,2025-03-18,5888,ＤＡＩＷＡ ＣＹＣＬＥ,1,0.573411682917237,1.0,8.416547788873041,True,True,True,2025-03-17,1.0,1.0,1.0
baseline_momentum_tdnet_clear,2,2025-03-18,5285,ヤマックス,2,0.5728298937386194,0.0,-1.8927444794952675,True,True,True,2025-03-17,1.0,1.0,0.0
baseline_momentum_tdnet_clear,2,2025-03-19,9782,ディーエムエス,1,0.5645228188526118,0.0,0.0,True,True,True,2025-03-18,1.0,1.0,0.0
baseline_momentum_tdnet_clear,2,2025-03-19,7460,ヤギ,2,0.5550476188120302,1.0,0.4243281471004279,True,True,True,2025-03-18,1.0,1.0,0.0
baseline_momentum_tdnet_clear,2,2025-03-21,8346,東邦銀行,1,0.5551684707681694,1.0,1.4285714285714235,True,True,True,2025-03-19,1.0,1.0,0.0
baseline_momentum_tdnet_clear,2,2025-03-21,4356,応用技術,2,0.5525398584098569,0.0,-0.32030749519538215,True,True,True,2025-03-19,0.0,0.0,0.0
baseline_momentum_tdnet_clear,2,2025-03-24,9031,⻄日本鉄道,1,0.5765376500074822,1.0,0.9459459459459474,True,True,True,2025-03-21,1.0,1.0,0.0
baseline_momentum_tdnet_clear,2,2025-03-24,4356,応用技術,2,0.5538425773971493,0.0,-0.25889967637540146,True,True,True,2025-03-21,0.0,0.0,0.0
baseline_momentum_tdnet_clear,2,2025-03-25,3180,ビューティガレージ,1,0.5611656735012684,1.0,0.48840048840048667,True,True,True,2025-03-24,1.0,1.0,0.0
baseline_momentum_tdnet_clear,2,2025-03-25,7043,アルー,2,0.5594541180396038,1.0,3.6308623298033194,True,True,True,2025-03-24,0.0,0.0,0.0
baseline_momentum_tdnet_clear,2,2025-03-26,6644,大崎電気⼯業,1,0.5487980172487754,1.0,1.5625,True,True,True,2025-03-25,1.0,1.0,0.0
baseline_momentum_tdnet_clear,2,2025-03-26,4356,応用技術,2,0.5476801906428709,0.0,-0.1306335728282204,True,True,True,2025-03-25,0.0,0.0,0.0
baseline_momentum_tdnet_clear,2,2025-03-27,7043,アルー,1,0.5486850679816778,1.0,0.7320644216691097,True,True,True,2025-03-26,0.0,0.0,0.0
baseline_momentum_tdnet_clear,2,2025-03-27,4356,応用技術,2,0.5453536328141589,0.0,-0.2614379084967311,True,True,True,2025-03-26,0.0,0.0,0.0
baseline_momentum_tdnet_clear,2,2025-03-28,7043,アルー,1,0.552567826703165,1.0,1.026392961876832,True,True,True,2025-03-27,0.0,0.0,0.0
baseline_momentum_tdnet_clear,2,2025-03-28,7266,今仙電機製作所,2,0.5502630957285741,1.0,0.47244094488188004,True,True,True,2025-03-27,0.0,0.0,0.0
baseline_momentum_tdnet_clear,2,2025-03-31,7184,富山第一銀行,1,0.5665419159835068,1.0,5.229357798165135,True,True,True,2025-03-28,1.0,1.0,0.0
baseline_momentum_tdnet_clear,2,2025-03-31,7813,プラッツ,2,0.5621577002057465,1.0,0.4398826979472137,True,True,True,2025-03-28,0.0,0.0,0.0
