feature_set,portfolio_top_k,date,code,name,model_rank,model_score,label,oc_return_pct,outcome_observed,source_complete,universe_source_complete,universe_source_date,tdnet_any,tdnet_positive,tdnet_negative
baseline_12,1,2024-09-02,4579,ラクオリア創薬,1,0.5904260186658372,0.0,-2.6856240126382325,True,True,True,2024-08-30,0.0,0.0,0.0
baseline_12,1,2024-09-03,4369,トリケミカル研究所,1,0.6149353758713133,0.0,-3.584672435105063,True,True,True,2024-09-02,0.0,0.0,0.0
baseline_12,1,2024-09-04,4889,レナサイエンス,1,0.5983833502155042,0.0,-3.385416666666663,True,True,True,2024-09-03,0.0,0.0,0.0
baseline_12,1,2024-09-05,3974,ＳＣＡＴ,1,0.5662162221000739,1.0,0.22831050228311334,True,True,True,2024-09-04,0.0,0.0,0.0
baseline_12,1,2024-09-06,6034,ＭＲＴ,1,0.586012764683975,1.0,4.643962848297223,True,True,True,2024-09-05,0.0,0.0,0.0
baseline_12,1,2024-09-09,9232,パスコ,1,0.6113717005508106,0.0,0.0,True,True,True,2024-09-06,0.0,0.0,0.0
baseline_12,1,2024-09-10,9307,杉村倉庫,1,0.5958901429647417,0.0,-1.1345218800648316,True,True,True,2024-09-09,0.0,0.0,0.0
baseline_12,1,2024-09-11,4415,ブロードエンタープライズ,1,0.5873239013129834,0.0,-1.5277777777777724,True,True,True,2024-09-10,0.0,0.0,0.0
baseline_12,1,2024-09-12,7646,ＰＬＡＮＴ,1,0.5808398056936993,0.0,-0.32679738562091387,True,True,True,2024-09-11,0.0,0.0,0.0
baseline_12,1,2024-09-13,7110,クラシコム,1,0.5855328715177491,1.0,0.37707390648566985,True,True,True,2024-09-12,0.0,0.0,0.0
baseline_12,1,2024-09-17,7095,Ｍａｃｂｅｅ Ｐｌａｎｅｔ,1,0.5837890912797014,0.0,-7.722132471728593,True,True,True,2024-09-13,0.0,0.0,0.0
baseline_12,1,2024-09-18,9556,ＩＮＴＬＯＯＰ,1,0.6100030356383958,1.0,4.714912280701755,True,True,True,2024-09-17,0.0,0.0,0.0
baseline_12,1,2024-09-19,1948,弘電社,1,0.5917181962983209,0.0,-2.140883977900554,True,True,True,2024-09-18,0.0,0.0,0.0
baseline_12,1,2024-09-20,3153,八洲電機,1,0.5795909660609071,1.0,1.4983351831298508,True,True,True,2024-09-19,0.0,0.0,0.0
baseline_12,1,2024-09-24,3461,パルマ,1,0.5940176103116014,1.0,3.439803439803435,True,True,True,2024-09-20,1.0,1.0,0.0
baseline_12,1,2024-09-25,3696,セレス,1,0.6018327249423023,0.0,-4.073587385019706,True,True,True,2024-09-24,0.0,0.0,0.0
baseline_12,1,2024-09-26,7878,光・彩,1,0.6053078933948978,0.0,-5.873015873015874,True,True,True,2024-09-25,0.0,0.0,0.0
baseline_12,1,2024-09-27,3962,チェンジホールディングス,1,0.5725226662120304,1.0,0.15923566878981443,True,True,True,2024-09-26,0.0,0.0,0.0
baseline_12,1,2024-09-30,3962,チェンジホールディングス,1,0.5744301789909423,0.0,-2.515723270440251,True,True,True,2024-09-27,0.0,0.0,0.0
baseline_12,1,2024-10-01,3962,チェンジホールディングス,1,0.5946052057249197,1.0,3.571428571428581,True,True,True,2024-09-30,0.0,0.0,0.0
baseline_12,1,2024-10-02,7061,日本ホスピスホールディングス,1,0.5640530798046568,1.0,0.26631158455392434,True,True,True,2024-10-01,0.0,0.0,0.0
baseline_12,1,2024-10-03,9722,藤⽥観光,1,0.5617845691194744,0.0,-0.6857142857142895,True,True,True,2024-10-02,0.0,0.0,0.0
baseline_12,1,2024-10-04,2980,ＳＲＥホールディングス,1,0.5692933497596095,1.0,0.8695652173912993,True,True,True,2024-10-03,0.0,0.0,0.0
baseline_12,1,2024-10-07,7061,日本ホスピスホールディングス,1,0.5805506940327106,1.0,0.6662225183211135,True,True,True,2024-10-04,0.0,0.0,0.0
baseline_12,1,2024-10-08,7061,日本ホスピスホールディングス,1,0.5691973946407696,0.0,-2.474916387959869,True,True,True,2024-10-07,0.0,0.0,0.0
baseline_12,1,2024-10-09,7061,日本ホスピスホールディングス,1,0.5765755010986287,0.0,-0.20311442112389555,True,True,True,2024-10-08,0.0,0.0,0.0
baseline_12,1,2024-10-10,1911,住友林業,1,0.5772433839701406,0.0,-0.8724100327153761,True,True,True,2024-10-09,0.0,0.0,0.0
baseline_12,1,2024-10-11,7061,日本ホスピスホールディングス,1,0.590407339121973,0.0,-0.1387925052047212,True,True,True,2024-10-10,0.0,0.0,0.0
baseline_12,1,2024-10-15,9601,松竹,1,0.5768826449678921,1.0,0.9304812834224574,True,True,True,2024-10-11,1.0,0.0,0.0
baseline_12,1,2024-10-16,9024,⻄武ホールディングス,1,0.5740829486321601,0.0,-1.2481426448736954,True,True,True,2024-10-15,0.0,0.0,0.0
baseline_12,1,2024-10-17,9024,⻄武ホールディングス,1,0.5715643061476432,1.0,1.2124886329190732,True,True,True,2024-10-16,0.0,0.0,0.0
baseline_12,1,2024-10-18,4429,リックソフト,1,0.5810852248685058,0.0,-2.2346368715083775,True,True,True,2024-10-17,0.0,0.0,0.0
baseline_12,1,2024-10-21,4014,カラダノート,1,0.6007350103698319,1.0,3.106796116504862,True,True,True,2024-10-18,0.0,0.0,0.0
baseline_12,1,2024-10-22,2138,クルーズ,1,0.5605322714928049,0.0,-1.1437908496731986,True,True,True,2024-10-21,0.0,0.0,0.0
baseline_12,1,2024-10-23,7061,日本ホスピスホールディングス,1,0.5772215737964482,0.0,-3.5739313244569026,True,True,True,2024-10-22,0.0,0.0,0.0
baseline_12,1,2024-10-24,7061,日本ホスピスホールディングス,1,0.5818815020193477,0.0,-0.513950073421443,True,True,True,2024-10-23,0.0,0.0,0.0
baseline_12,1,2024-10-25,7061,日本ホスピスホールディングス,1,0.569232185375938,0.0,-1.2583271650629113,True,True,True,2024-10-24,0.0,0.0,0.0
baseline_12,1,2024-10-28,4811,ドリーム・アーツ,1,0.5689630191275933,1.0,6.919396393080612,True,True,True,2024-10-25,0.0,0.0,0.0
baseline_12,1,2024-10-29,3663,セルシス,1,0.5584711548548776,1.0,3.5031847133758065,True,True,True,2024-10-28,0.0,0.0,0.0
baseline_12,1,2024-10-30,4612,日本ペイントホールディングス,1,0.5897346529726515,0.0,-0.7569386038687953,True,True,True,2024-10-29,0.0,0.0,0.0
baseline_12,1,2024-10-31,7278,エクセディ,1,0.5696125280499503,1.0,2.6731470230862753,True,True,True,2024-10-30,0.0,0.0,0.0
baseline_12,2,2024-09-02,4579,ラクオリア創薬,1,0.5904260186658372,0.0,-2.6856240126382325,True,True,True,2024-08-30,0.0,0.0,0.0
baseline_12,2,2024-09-02,3433,トーカロ,2,0.5868882290427044,0.0,-0.05393743257821049,True,True,True,2024-08-30,0.0,0.0,0.0
baseline_12,2,2024-09-03,4369,トリケミカル研究所,1,0.6149353758713133,0.0,-3.584672435105063,True,True,True,2024-09-02,0.0,0.0,0.0
baseline_12,2,2024-09-03,9238,バリュークリエーション,2,0.585057416034574,0.0,-0.19193857965451588,True,True,True,2024-09-02,0.0,0.0,0.0
baseline_12,2,2024-09-04,4889,レナサイエンス,1,0.5983833502155042,0.0,-3.385416666666663,True,True,True,2024-09-03,0.0,0.0,0.0
baseline_12,2,2024-09-04,1807,佐藤渡辺,2,0.5698062830797651,0.0,-2.19907407407407,True,True,True,2024-09-03,0.0,0.0,0.0
baseline_12,2,2024-09-05,3974,ＳＣＡＴ,1,0.5662162221000739,1.0,0.22831050228311334,True,True,True,2024-09-04,0.0,0.0,0.0
baseline_12,2,2024-09-05,7287,日本精機,2,0.5636457356720893,0.0,0.0,True,True,True,2024-09-04,1.0,0.0,0.0
baseline_12,2,2024-09-06,6034,ＭＲＴ,1,0.586012764683975,1.0,4.643962848297223,True,True,True,2024-09-05,0.0,0.0,0.0
baseline_12,2,2024-09-06,5247,ＢＴＭ,2,0.5701945569655915,1.0,0.5380476556495095,True,True,True,2024-09-05,0.0,0.0,0.0
baseline_12,2,2024-09-09,9232,パスコ,1,0.6113717005508106,0.0,0.0,True,True,True,2024-09-06,0.0,0.0,0.0
baseline_12,2,2024-09-09,4890,坪⽥ラボ,2,0.5934443493547482,1.0,1.4678899082568808,True,True,True,2024-09-06,0.0,0.0,0.0
baseline_12,2,2024-09-10,9307,杉村倉庫,1,0.5958901429647417,0.0,-1.1345218800648316,True,True,True,2024-09-09,0.0,0.0,0.0
baseline_12,2,2024-09-10,4268,エッジテクノロジー,2,0.5802987436690074,0.0,0.0,True,True,True,2024-09-09,0.0,0.0,0.0
baseline_12,2,2024-09-11,4415,ブロードエンタープライズ,1,0.5873239013129834,0.0,-1.5277777777777724,True,True,True,2024-09-10,0.0,0.0,0.0
baseline_12,2,2024-09-11,3180,ビューティガレージ,2,0.5782533578522671,1.0,2.6762402088772896,True,True,True,2024-09-10,0.0,0.0,0.0
baseline_12,2,2024-09-12,7646,ＰＬＡＮＴ,1,0.5808398056936993,0.0,-0.32679738562091387,True,True,True,2024-09-11,0.0,0.0,0.0
baseline_12,2,2024-09-12,3662,エイチーム,2,0.575280601568412,0.0,-0.31746031746031633,True,True,True,2024-09-11,0.0,0.0,0.0
baseline_12,2,2024-09-13,7110,クラシコム,1,0.5855328715177491,1.0,0.37707390648566985,True,True,True,2024-09-12,0.0,0.0,0.0
baseline_12,2,2024-09-13,6914,オプテックスグループ,2,0.5820369587200096,0.0,-1.276595744680853,True,True,True,2024-09-12,0.0,0.0,0.0
baseline_12,2,2024-09-17,7095,Ｍａｃｂｅｅ Ｐｌａｎｅｔ,1,0.5837890912797014,0.0,-7.722132471728593,True,True,True,2024-09-13,0.0,0.0,0.0
baseline_12,2,2024-09-17,3962,チェンジホールディングス,2,0.5817807076720543,0.0,-0.40650406504064707,True,True,True,2024-09-13,0.0,0.0,0.0
baseline_12,2,2024-09-18,9556,ＩＮＴＬＯＯＰ,1,0.6100030356383958,1.0,4.714912280701755,True,True,True,2024-09-17,0.0,0.0,0.0
baseline_12,2,2024-09-18,3653,モルフォ,2,0.6045786344759791,0.0,-5.727554179566563,True,True,True,2024-09-17,0.0,0.0,0.0
baseline_12,2,2024-09-19,1948,弘電社,1,0.5917181962983209,0.0,-2.140883977900554,True,True,True,2024-09-18,0.0,0.0,0.0
baseline_12,2,2024-09-19,3107,ダイワボウホールディングス,2,0.5811569010010005,1.0,0.07385524372229835,True,True,True,2024-09-18,0.0,0.0,0.0
baseline_12,2,2024-09-20,3153,八洲電機,1,0.5795909660609071,1.0,1.4983351831298508,True,True,True,2024-09-19,0.0,0.0,0.0
baseline_12,2,2024-09-20,3107,ダイワボウホールディングス,2,0.5766993584732687,0.0,-1.8118594436310365,True,True,True,2024-09-19,0.0,0.0,0.0
baseline_12,2,2024-09-24,3461,パルマ,1,0.5940176103116014,1.0,3.439803439803435,True,True,True,2024-09-20,1.0,1.0,0.0
baseline_12,2,2024-09-24,3962,チェンジホールディングス,2,0.5849954142896436,0.0,-4.984662576687116,True,True,True,2024-09-20,0.0,0.0,0.0
baseline_12,2,2024-09-25,3696,セレス,1,0.6018327249423023,0.0,-4.073587385019706,True,True,True,2024-09-24,0.0,0.0,0.0
baseline_12,2,2024-09-25,4512,わかもと製薬,2,0.5889567227319873,1.0,1.7667844522968101,True,True,True,2024-09-24,0.0,0.0,0.0
baseline_12,2,2024-09-26,7878,光・彩,1,0.6053078933948978,0.0,-5.873015873015874,True,True,True,2024-09-25,0.0,0.0,0.0
baseline_12,2,2024-09-26,9418,Ｕ−ＮＥＸＴ ＨＯＬＤＩＮＧＳ,2,0.5735870077478155,1.0,3.917910447761197,True,True,True,2024-09-25,0.0,0.0,0.0
baseline_12,2,2024-09-27,3962,チェンジホールディングス,1,0.5725226662120304,1.0,0.15923566878981443,True,True,True,2024-09-26,0.0,0.0,0.0
baseline_12,2,2024-09-27,3107,ダイワボウホールディングス,2,0.5656070907530438,1.0,0.6537102473498146,True,True,True,2024-09-26,0.0,0.0,0.0
baseline_12,2,2024-09-30,3962,チェンジホールディングス,1,0.5744301789909423,0.0,-2.515723270440251,True,True,True,2024-09-27,0.0,0.0,0.0
baseline_12,2,2024-09-30,3107,ダイワボウホールディングス,2,0.5664029874541537,1.0,0.7040948675189895,True,True,True,2024-09-27,0.0,0.0,0.0
baseline_12,2,2024-10-01,3962,チェンジホールディングス,1,0.5946052057249197,1.0,3.571428571428581,True,True,True,2024-09-30,0.0,0.0,0.0
baseline_12,2,2024-10-01,7163,住信ＳＢＩネット銀行,2,0.5673918490935592,1.0,0.952380952380949,True,True,True,2024-09-30,1.0,0.0,0.0
baseline_12,2,2024-10-02,7061,日本ホスピスホールディングス,1,0.5640530798046568,1.0,0.26631158455392434,True,True,True,2024-10-01,0.0,0.0,0.0
baseline_12,2,2024-10-02,7163,住信ＳＢＩネット銀行,2,0.5497676640487352,0.0,-0.371747211895912,True,True,True,2024-10-01,0.0,0.0,0.0
baseline_12,2,2024-10-03,9722,藤⽥観光,1,0.5617845691194744,0.0,-0.6857142857142895,True,True,True,2024-10-02,0.0,0.0,0.0
baseline_12,2,2024-10-03,3083,シーズメン,2,0.5594109552063712,0.0,-3.5278154681139706,True,True,True,2024-10-02,0.0,0.0,0.0
baseline_12,2,2024-10-04,2980,ＳＲＥホールディングス,1,0.5692933497596095,1.0,0.8695652173912993,True,True,True,2024-10-03,0.0,0.0,0.0
baseline_12,2,2024-10-04,5575,Ｇｌｏｂｅｅ,2,0.5674355892293858,0.0,-2.329916123019571,True,True,True,2024-10-03,0.0,0.0,0.0
baseline_12,2,2024-10-07,7061,日本ホスピスホールディングス,1,0.5805506940327106,1.0,0.6662225183211135,True,True,True,2024-10-04,0.0,0.0,0.0
baseline_12,2,2024-10-07,5575,Ｇｌｏｂｅｅ,2,0.5731415393769207,1.0,0.37383177570093906,True,True,True,2024-10-04,0.0,0.0,0.0
baseline_12,2,2024-10-08,7061,日本ホスピスホールディングス,1,0.5691973946407696,0.0,-2.474916387959869,True,True,True,2024-10-07,0.0,0.0,0.0
baseline_12,2,2024-10-08,5575,Ｇｌｏｂｅｅ,2,0.5635730731701594,1.0,0.92592592592593,True,True,True,2024-10-07,0.0,0.0,0.0
baseline_12,2,2024-10-09,7061,日本ホスピスホールディングス,1,0.5765755010986287,0.0,-0.20311442112389555,True,True,True,2024-10-08,0.0,0.0,0.0
baseline_12,2,2024-10-09,7082,ジモティー,2,0.5725766395056574,0.0,-1.9083969465648831,True,True,True,2024-10-08,0.0,0.0,0.0
baseline_12,2,2024-10-10,1911,住友林業,1,0.5772433839701406,0.0,-0.8724100327153761,True,True,True,2024-10-09,0.0,0.0,0.0
baseline_12,2,2024-10-10,7061,日本ホスピスホールディングス,2,0.5753943865937713,0.0,-2.626262626262621,True,True,True,2024-10-09,0.0,0.0,0.0
baseline_12,2,2024-10-11,7061,日本ホスピスホールディングス,1,0.590407339121973,0.0,-0.1387925052047212,True,True,True,2024-10-10,0.0,0.0,0.0
baseline_12,2,2024-10-11,7082,ジモティー,2,0.5729158948188398,0.0,-0.15491866769945517,True,True,True,2024-10-10,0.0,0.0,0.0
baseline_12,2,2024-10-15,9601,松竹,1,0.5768826449678921,1.0,0.9304812834224574,True,True,True,2024-10-11,1.0,0.0,0.0
baseline_12,2,2024-10-15,9418,Ｕ−ＮＥＸＴ ＨＯＬＤＩＮＧＳ,2,0.5715825741475565,0.0,-1.3671875,True,True,True,2024-10-11,0.0,0.0,0.0
baseline_12,2,2024-10-16,9024,⻄武ホールディングス,1,0.5740829486321601,0.0,-1.2481426448736954,True,True,True,2024-10-15,0.0,0.0,0.0
baseline_12,2,2024-10-16,1407,ウエストホールディングス,2,0.5648781583721616,0.0,-8.89627168696936,True,True,True,2024-10-15,1.0,0.0,0.0
baseline_12,2,2024-10-17,9024,⻄武ホールディングス,1,0.5715643061476432,1.0,1.2124886329190732,True,True,True,2024-10-16,0.0,0.0,0.0
baseline_12,2,2024-10-17,7061,日本ホスピスホールディングス,2,0.5669757790192266,1.0,0.0683060109289535,True,True,True,2024-10-16,0.0,0.0,0.0
baseline_12,2,2024-10-18,4429,リックソフト,1,0.5810852248685058,0.0,-2.2346368715083775,True,True,True,2024-10-17,0.0,0.0,0.0
baseline_12,2,2024-10-18,5218,オハラ,2,0.5623623742137327,1.0,0.7570022710068125,True,True,True,2024-10-17,0.0,0.0,0.0
baseline_12,2,2024-10-21,4014,カラダノート,1,0.6007350103698319,1.0,3.106796116504862,True,True,True,2024-10-18,0.0,0.0,0.0
baseline_12,2,2024-10-21,5449,大阪製鐵,2,0.5704435412055199,0.0,-0.45045045045044585,True,True,True,2024-10-18,0.0,0.0,0.0
baseline_12,2,2024-10-22,2138,クルーズ,1,0.5605322714928049,0.0,-1.1437908496731986,True,True,True,2024-10-21,0.0,0.0,0.0
baseline_12,2,2024-10-22,3223,エスエルディー,2,0.5595941893346452,1.0,0.11325028312569874,True,True,True,2024-10-21,0.0,0.0,0.0
baseline_12,2,2024-10-23,7061,日本ホスピスホールディングス,1,0.5772215737964482,0.0,-3.5739313244569026,True,True,True,2024-10-22,0.0,0.0,0.0
baseline_12,2,2024-10-23,4384,ラクスル,2,0.5652416150493339,1.0,0.8921330089213253,True,True,True,2024-10-22,0.0,0.0,0.0
baseline_12,2,2024-10-24,7061,日本ホスピスホールディングス,1,0.5818815020193477,0.0,-0.513950073421443,True,True,True,2024-10-23,0.0,0.0,0.0
baseline_12,2,2024-10-24,4060,ｒａｋｕｍｏ,2,0.5711485530659637,1.0,2.3227383863080764,True,True,True,2024-10-23,0.0,0.0,0.0
baseline_12,2,2024-10-25,7061,日本ホスピスホールディングス,1,0.569232185375938,0.0,-1.2583271650629113,True,True,True,2024-10-24,0.0,0.0,0.0
baseline_12,2,2024-10-25,4361,川口化学⼯業,2,0.5651795994887053,0.0,-0.6269592476489061,True,True,True,2024-10-24,0.0,0.0,0.0
baseline_12,2,2024-10-28,4811,ドリーム・アーツ,1,0.5689630191275933,1.0,6.919396393080612,True,True,True,2024-10-25,0.0,0.0,0.0
baseline_12,2,2024-10-28,7061,日本ホスピスホールディングス,2,0.5655521140293652,1.0,5.909090909090908,True,True,True,2024-10-25,0.0,0.0,0.0
baseline_12,2,2024-10-29,3663,セルシス,1,0.5584711548548776,1.0,3.5031847133758065,True,True,True,2024-10-28,0.0,0.0,0.0
baseline_12,2,2024-10-29,4119,日本ピグメントホールディングス,2,0.5522078359677505,0.0,-2.2187004754358197,True,True,True,2024-10-28,0.0,0.0,0.0
baseline_12,2,2024-10-30,4612,日本ペイントホールディングス,1,0.5897346529726515,0.0,-0.7569386038687953,True,True,True,2024-10-29,0.0,0.0,0.0
baseline_12,2,2024-10-30,6866,日置電機,2,0.5676901037554761,1.0,1.3664596273291973,True,True,True,2024-10-29,0.0,0.0,0.0
baseline_12,2,2024-10-31,7278,エクセディ,1,0.5696125280499503,1.0,2.6731470230862753,True,True,True,2024-10-30,0.0,0.0,0.0
baseline_12,2,2024-10-31,3529,アツギ,2,0.5649035746626326,1.0,9.394313967861567,True,True,True,2024-10-30,1.0,0.0,0.0
baseline_price_shape,1,2024-09-02,4579,ラクオリア創薬,1,0.599031186827312,0.0,-2.6856240126382325,True,True,True,2024-08-30,0.0,0.0,0.0
baseline_price_shape,1,2024-09-03,4369,トリケミカル研究所,1,0.6247154422415964,0.0,-3.584672435105063,True,True,True,2024-09-02,0.0,0.0,0.0
baseline_price_shape,1,2024-09-04,4889,レナサイエンス,1,0.619618825708195,0.0,-3.385416666666663,True,True,True,2024-09-03,0.0,0.0,0.0
baseline_price_shape,1,2024-09-05,4936,アクシージア,1,0.5639838132670816,1.0,0.13605442176871652,True,True,True,2024-09-04,0.0,0.0,0.0
baseline_price_shape,1,2024-09-06,6034,ＭＲＴ,1,0.5839833798833284,1.0,4.643962848297223,True,True,True,2024-09-05,0.0,0.0,0.0
baseline_price_shape,1,2024-09-09,9232,パスコ,1,0.6149712271684414,0.0,0.0,True,True,True,2024-09-06,0.0,0.0,0.0
baseline_price_shape,1,2024-09-10,9307,杉村倉庫,1,0.6062833724565907,0.0,-1.1345218800648316,True,True,True,2024-09-09,0.0,0.0,0.0
baseline_price_shape,1,2024-09-11,4415,ブロードエンタープライズ,1,0.587686449593192,0.0,-1.5277777777777724,True,True,True,2024-09-10,0.0,0.0,0.0
baseline_price_shape,1,2024-09-12,4268,エッジテクノロジー,1,0.5897941130976945,0.0,0.0,True,True,True,2024-09-11,0.0,0.0,0.0
baseline_price_shape,1,2024-09-13,7110,クラシコム,1,0.585723420491374,1.0,0.37707390648566985,True,True,True,2024-09-12,0.0,0.0,0.0
baseline_price_shape,1,2024-09-17,7095,Ｍａｃｂｅｅ Ｐｌａｎｅｔ,1,0.596134886470386,0.0,-7.722132471728593,True,True,True,2024-09-13,0.0,0.0,0.0
baseline_price_shape,1,2024-09-18,3653,モルフォ,1,0.6290605510091415,0.0,-5.727554179566563,True,True,True,2024-09-17,0.0,0.0,0.0
baseline_price_shape,1,2024-09-19,1948,弘電社,1,0.6050539133538585,0.0,-2.140883977900554,True,True,True,2024-09-18,0.0,0.0,0.0
baseline_price_shape,1,2024-09-20,3153,八洲電機,1,0.6007104820947831,1.0,1.4983351831298508,True,True,True,2024-09-19,0.0,0.0,0.0
baseline_price_shape,1,2024-09-24,3461,パルマ,1,0.610229898204576,1.0,3.439803439803435,True,True,True,2024-09-20,1.0,1.0,0.0
baseline_price_shape,1,2024-09-25,4512,わかもと製薬,1,0.6194333259022641,1.0,1.7667844522968101,True,True,True,2024-09-24,0.0,0.0,0.0
baseline_price_shape,1,2024-09-26,7878,光・彩,1,0.613574614737554,0.0,-5.873015873015874,True,True,True,2024-09-25,0.0,0.0,0.0
baseline_price_shape,1,2024-09-27,4369,トリケミカル研究所,1,0.5756656073487556,1.0,0.6811989100817373,True,True,True,2024-09-26,0.0,0.0,0.0
baseline_price_shape,1,2024-09-30,3962,チェンジホールディングス,1,0.572987246606349,0.0,-2.515723270440251,True,True,True,2024-09-27,0.0,0.0,0.0
baseline_price_shape,1,2024-10-01,3962,チェンジホールディングス,1,0.6071052904041859,1.0,3.571428571428581,True,True,True,2024-09-30,0.0,0.0,0.0
baseline_price_shape,1,2024-10-02,7061,日本ホスピスホールディングス,1,0.5674390424856,1.0,0.26631158455392434,True,True,True,2024-10-01,0.0,0.0,0.0
baseline_price_shape,1,2024-10-03,9722,藤⽥観光,1,0.5688406595332383,0.0,-0.6857142857142895,True,True,True,2024-10-02,0.0,0.0,0.0
baseline_price_shape,1,2024-10-04,2980,ＳＲＥホールディングス,1,0.5764986302731706,1.0,0.8695652173912993,True,True,True,2024-10-03,0.0,0.0,0.0
baseline_price_shape,1,2024-10-07,7061,日本ホスピスホールディングス,1,0.5842176472553224,1.0,0.6662225183211135,True,True,True,2024-10-04,0.0,0.0,0.0
baseline_price_shape,1,2024-10-08,2767,円⾕フィールズホールディングス,1,0.570981180174445,0.0,-2.28595178719867,True,True,True,2024-10-07,0.0,0.0,0.0
baseline_price_shape,1,2024-10-09,2767,円⾕フィールズホールディングス,1,0.5813390537780928,0.0,-0.2939941201176022,True,True,True,2024-10-08,0.0,0.0,0.0
baseline_price_shape,1,2024-10-10,1911,住友林業,1,0.5836645312667743,0.0,-0.8724100327153761,True,True,True,2024-10-09,0.0,0.0,0.0
baseline_price_shape,1,2024-10-11,7061,日本ホスピスホールディングス,1,0.59159600835632,0.0,-0.1387925052047212,True,True,True,2024-10-10,0.0,0.0,0.0
baseline_price_shape,1,2024-10-15,9418,Ｕ−ＮＥＸＴ ＨＯＬＤＩＮＧＳ,1,0.5724522262454734,0.0,-1.3671875,True,True,True,2024-10-11,0.0,0.0,0.0
baseline_price_shape,1,2024-10-16,9024,⻄武ホールディングス,1,0.5744574649689888,0.0,-1.2481426448736954,True,True,True,2024-10-15,0.0,0.0,0.0
baseline_price_shape,1,2024-10-17,9024,⻄武ホールディングス,1,0.5725532053236628,1.0,1.2124886329190732,True,True,True,2024-10-16,0.0,0.0,0.0
baseline_price_shape,1,2024-10-18,4429,リックソフト,1,0.5930898832663895,0.0,-2.2346368715083775,True,True,True,2024-10-17,0.0,0.0,0.0
baseline_price_shape,1,2024-10-21,4014,カラダノート,1,0.6038222790547119,1.0,3.106796116504862,True,True,True,2024-10-18,0.0,0.0,0.0
baseline_price_shape,1,2024-10-22,7997,くろがね⼯作所,1,0.5721349064028596,0.0,-0.8641975308641969,True,True,True,2024-10-21,0.0,0.0,0.0
baseline_price_shape,1,2024-10-23,7061,日本ホスピスホールディングス,1,0.5783179673204926,0.0,-3.5739313244569026,True,True,True,2024-10-22,0.0,0.0,0.0
baseline_price_shape,1,2024-10-24,7061,日本ホスピスホールディングス,1,0.5850601308704038,0.0,-0.513950073421443,True,True,True,2024-10-23,0.0,0.0,0.0
baseline_price_shape,1,2024-10-25,7061,日本ホスピスホールディングス,1,0.5709315580809569,0.0,-1.2583271650629113,True,True,True,2024-10-24,0.0,0.0,0.0
baseline_price_shape,1,2024-10-28,4174,アピリッツ,1,0.574177618638106,1.0,1.4184397163120588,True,True,True,2024-10-25,0.0,0.0,0.0
baseline_price_shape,1,2024-10-29,3663,セルシス,1,0.5623664621014672,1.0,3.5031847133758065,True,True,True,2024-10-28,0.0,0.0,0.0
baseline_price_shape,1,2024-10-30,4612,日本ペイントホールディングス,1,0.6045919893224491,0.0,-0.7569386038687953,True,True,True,2024-10-29,0.0,0.0,0.0
baseline_price_shape,1,2024-10-31,7278,エクセディ,1,0.5761514131515614,1.0,2.6731470230862753,True,True,True,2024-10-30,0.0,0.0,0.0
baseline_price_shape,2,2024-09-02,4579,ラクオリア創薬,1,0.599031186827312,0.0,-2.6856240126382325,True,True,True,2024-08-30,0.0,0.0,0.0
baseline_price_shape,2,2024-09-02,8704,トレイダーズホールディングス,2,0.5838301387566699,1.0,2.262443438914019,True,True,True,2024-08-30,0.0,0.0,0.0
baseline_price_shape,2,2024-09-03,4369,トリケミカル研究所,1,0.6247154422415964,0.0,-3.584672435105063,True,True,True,2024-09-02,0.0,0.0,0.0
baseline_price_shape,2,2024-09-03,9238,バリュークリエーション,2,0.5866311889206463,0.0,-0.19193857965451588,True,True,True,2024-09-02,0.0,0.0,0.0
baseline_price_shape,2,2024-09-04,4889,レナサイエンス,1,0.619618825708195,0.0,-3.385416666666663,True,True,True,2024-09-03,0.0,0.0,0.0
baseline_price_shape,2,2024-09-04,4369,トリケミカル研究所,2,0.5838146318580001,0.0,-1.8055555555555602,True,True,True,2024-09-03,0.0,0.0,0.0
baseline_price_shape,2,2024-09-05,4936,アクシージア,1,0.5639838132670816,1.0,0.13605442176871652,True,True,True,2024-09-04,0.0,0.0,0.0
baseline_price_shape,2,2024-09-05,6390,加藤製作所,2,0.5635704830946195,1.0,1.4802631578947345,True,True,True,2024-09-04,0.0,0.0,0.0
baseline_price_shape,2,2024-09-06,6034,ＭＲＴ,1,0.5839833798833284,1.0,4.643962848297223,True,True,True,2024-09-05,0.0,0.0,0.0
baseline_price_shape,2,2024-09-06,9238,バリュークリエーション,2,0.5707299052794536,0.0,-1.177625122669279,True,True,True,2024-09-05,0.0,0.0,0.0
baseline_price_shape,2,2024-09-09,9232,パスコ,1,0.6149712271684414,0.0,0.0,True,True,True,2024-09-06,0.0,0.0,0.0
baseline_price_shape,2,2024-09-09,4890,坪⽥ラボ,2,0.5957665418046605,1.0,1.4678899082568808,True,True,True,2024-09-06,0.0,0.0,0.0
baseline_price_shape,2,2024-09-10,9307,杉村倉庫,1,0.6062833724565907,0.0,-1.1345218800648316,True,True,True,2024-09-09,0.0,0.0,0.0
baseline_price_shape,2,2024-09-10,4268,エッジテクノロジー,2,0.584107499191017,0.0,0.0,True,True,True,2024-09-09,0.0,0.0,0.0
baseline_price_shape,2,2024-09-11,4415,ブロードエンタープライズ,1,0.587686449593192,0.0,-1.5277777777777724,True,True,True,2024-09-10,0.0,0.0,0.0
baseline_price_shape,2,2024-09-11,3180,ビューティガレージ,2,0.5851713947097356,1.0,2.6762402088772896,True,True,True,2024-09-10,0.0,0.0,0.0
baseline_price_shape,2,2024-09-12,4268,エッジテクノロジー,1,0.5897941130976945,0.0,0.0,True,True,True,2024-09-11,0.0,0.0,0.0
baseline_price_shape,2,2024-09-12,3662,エイチーム,2,0.5821672505934451,0.0,-0.31746031746031633,True,True,True,2024-09-11,0.0,0.0,0.0
baseline_price_shape,2,2024-09-13,7110,クラシコム,1,0.585723420491374,1.0,0.37707390648566985,True,True,True,2024-09-12,0.0,0.0,0.0
baseline_price_shape,2,2024-09-13,6914,オプテックスグループ,2,0.583305243227501,0.0,-1.276595744680853,True,True,True,2024-09-12,0.0,0.0,0.0
baseline_price_shape,2,2024-09-17,7095,Ｍａｃｂｅｅ Ｐｌａｎｅｔ,1,0.596134886470386,0.0,-7.722132471728593,True,True,True,2024-09-13,0.0,0.0,0.0
baseline_price_shape,2,2024-09-17,6184,鎌倉新書,2,0.5926288059311342,0.0,-0.6048387096774244,True,True,True,2024-09-13,0.0,0.0,0.0
baseline_price_shape,2,2024-09-18,3653,モルフォ,1,0.6290605510091415,0.0,-5.727554179566563,True,True,True,2024-09-17,0.0,0.0,0.0
baseline_price_shape,2,2024-09-18,7033,マネジメントソリューションズ,2,0.6231669604388458,1.0,9.426751592356686,True,True,True,2024-09-17,0.0,0.0,0.0
baseline_price_shape,2,2024-09-19,1948,弘電社,1,0.6050539133538585,0.0,-2.140883977900554,True,True,True,2024-09-18,0.0,0.0,0.0
baseline_price_shape,2,2024-09-19,9058,トランコム,2,0.5862806977565305,0.0,0.0,True,True,True,2024-09-18,0.0,0.0,0.0
baseline_price_shape,2,2024-09-20,3153,八洲電機,1,0.6007104820947831,1.0,1.4983351831298508,True,True,True,2024-09-19,0.0,0.0,0.0
baseline_price_shape,2,2024-09-20,9058,トランコム,2,0.5833365231549936,1.0,0.8687258687258614,True,True,True,2024-09-19,0.0,0.0,0.0
baseline_price_shape,2,2024-09-24,3461,パルマ,1,0.610229898204576,1.0,3.439803439803435,True,True,True,2024-09-20,1.0,1.0,0.0
baseline_price_shape,2,2024-09-24,3962,チェンジホールディングス,2,0.5923653471701952,0.0,-4.984662576687116,True,True,True,2024-09-20,0.0,0.0,0.0
baseline_price_shape,2,2024-09-25,4512,わかもと製薬,1,0.6194333259022641,1.0,1.7667844522968101,True,True,True,2024-09-24,0.0,0.0,0.0
baseline_price_shape,2,2024-09-25,3696,セレス,2,0.6080550635479944,0.0,-4.073587385019706,True,True,True,2024-09-24,0.0,0.0,0.0
baseline_price_shape,2,2024-09-26,7878,光・彩,1,0.613574614737554,0.0,-5.873015873015874,True,True,True,2024-09-25,0.0,0.0,0.0
baseline_price_shape,2,2024-09-26,9418,Ｕ−ＮＥＸＴ ＨＯＬＤＩＮＧＳ,2,0.5777742758539473,1.0,3.917910447761197,True,True,True,2024-09-25,0.0,0.0,0.0
baseline_price_shape,2,2024-09-27,4369,トリケミカル研究所,1,0.5756656073487556,1.0,0.6811989100817373,True,True,True,2024-09-26,0.0,0.0,0.0
baseline_price_shape,2,2024-09-27,3962,チェンジホールディングス,2,0.5694400213317249,1.0,0.15923566878981443,True,True,True,2024-09-26,0.0,0.0,0.0
baseline_price_shape,2,2024-09-30,3962,チェンジホールディングス,1,0.572987246606349,0.0,-2.515723270440251,True,True,True,2024-09-27,0.0,0.0,0.0
baseline_price_shape,2,2024-09-30,5449,大阪製鐵,2,0.5662562275678439,1.0,1.9345238095238138,True,True,True,2024-09-27,0.0,0.0,0.0
baseline_price_shape,2,2024-10-01,3962,チェンジホールディングス,1,0.6071052904041859,1.0,3.571428571428581,True,True,True,2024-09-30,0.0,0.0,0.0
baseline_price_shape,2,2024-10-01,7163,住信ＳＢＩネット銀行,2,0.5748906372525118,1.0,0.952380952380949,True,True,True,2024-09-30,1.0,0.0,0.0
baseline_price_shape,2,2024-10-02,7061,日本ホスピスホールディングス,1,0.5674390424856,1.0,0.26631158455392434,True,True,True,2024-10-01,0.0,0.0,0.0
baseline_price_shape,2,2024-10-02,7163,住信ＳＢＩネット銀行,2,0.5562981403107061,0.0,-0.371747211895912,True,True,True,2024-10-01,0.0,0.0,0.0
baseline_price_shape,2,2024-10-03,9722,藤⽥観光,1,0.5688406595332383,0.0,-0.6857142857142895,True,True,True,2024-10-02,0.0,0.0,0.0
baseline_price_shape,2,2024-10-03,7061,日本ホスピスホールディングス,2,0.5636000465376302,1.0,1.6339869281045694,True,True,True,2024-10-02,0.0,0.0,0.0
baseline_price_shape,2,2024-10-04,2980,ＳＲＥホールディングス,1,0.5764986302731706,1.0,0.8695652173912993,True,True,True,2024-10-03,0.0,0.0,0.0
baseline_price_shape,2,2024-10-04,1911,住友林業,2,0.5740342756385773,0.0,-1.9943019943019946,True,True,True,2024-10-03,0.0,0.0,0.0
baseline_price_shape,2,2024-10-07,7061,日本ホスピスホールディングス,1,0.5842176472553224,1.0,0.6662225183211135,True,True,True,2024-10-04,0.0,0.0,0.0
baseline_price_shape,2,2024-10-07,5575,Ｇｌｏｂｅｅ,2,0.5748281776514893,1.0,0.37383177570093906,True,True,True,2024-10-04,0.0,0.0,0.0
baseline_price_shape,2,2024-10-08,2767,円⾕フィールズホールディングス,1,0.570981180174445,0.0,-2.28595178719867,True,True,True,2024-10-07,0.0,0.0,0.0
baseline_price_shape,2,2024-10-08,6586,マキタ,2,0.569502187739389,0.0,-0.7402961184473811,True,True,True,2024-10-07,0.0,0.0,0.0
baseline_price_shape,2,2024-10-09,2767,円⾕フィールズホールディングス,1,0.5813390537780928,0.0,-0.2939941201176022,True,True,True,2024-10-08,0.0,0.0,0.0
baseline_price_shape,2,2024-10-09,7061,日本ホスピスホールディングス,2,0.5802923869642878,0.0,-0.20311442112389555,True,True,True,2024-10-08,0.0,0.0,0.0
baseline_price_shape,2,2024-10-10,1911,住友林業,1,0.5836645312667743,0.0,-0.8724100327153761,True,True,True,2024-10-09,0.0,0.0,0.0
baseline_price_shape,2,2024-10-10,4384,ラクスル,2,0.5790215184184554,0.0,-1.798279906176703,True,True,True,2024-10-09,0.0,0.0,0.0
baseline_price_shape,2,2024-10-11,7061,日本ホスピスホールディングス,1,0.59159600835632,0.0,-0.1387925052047212,True,True,True,2024-10-10,0.0,0.0,0.0
baseline_price_shape,2,2024-10-11,4384,ラクスル,2,0.5778301329077529,0.0,-0.23474178403756207,True,True,True,2024-10-10,1.0,0.0,0.0
baseline_price_shape,2,2024-10-15,9418,Ｕ−ＮＥＸＴ ＨＯＬＤＩＮＧＳ,1,0.5724522262454734,0.0,-1.3671875,True,True,True,2024-10-11,0.0,0.0,0.0
baseline_price_shape,2,2024-10-15,7061,日本ホスピスホールディングス,2,0.5714235746470347,1.0,2.408809359944941,True,True,True,2024-10-11,0.0,0.0,0.0
baseline_price_shape,2,2024-10-16,9024,⻄武ホールディングス,1,0.5744574649689888,0.0,-1.2481426448736954,True,True,True,2024-10-15,0.0,0.0,0.0
baseline_price_shape,2,2024-10-16,1911,住友林業,2,0.5675054898397022,1.0,0.17915309446254746,True,True,True,2024-10-15,0.0,0.0,0.0
baseline_price_shape,2,2024-10-17,9024,⻄武ホールディングス,1,0.5725532053236628,1.0,1.2124886329190732,True,True,True,2024-10-16,0.0,0.0,0.0
baseline_price_shape,2,2024-10-17,4429,リックソフト,2,0.5687893191644058,0.0,-7.692307692307687,True,True,True,2024-10-16,0.0,0.0,0.0
baseline_price_shape,2,2024-10-18,4429,リックソフト,1,0.5930898832663895,0.0,-2.2346368715083775,True,True,True,2024-10-17,0.0,0.0,0.0
baseline_price_shape,2,2024-10-18,3994,マネーフォワード,2,0.5702012609344035,0.0,-0.1097494055240511,True,True,True,2024-10-17,0.0,0.0,0.0
baseline_price_shape,2,2024-10-21,4014,カラダノート,1,0.6038222790547119,1.0,3.106796116504862,True,True,True,2024-10-18,0.0,0.0,0.0
baseline_price_shape,2,2024-10-21,5449,大阪製鐵,2,0.5766809427935485,0.0,-0.45045045045044585,True,True,True,2024-10-18,0.0,0.0,0.0
baseline_price_shape,2,2024-10-22,7997,くろがね⼯作所,1,0.5721349064028596,0.0,-0.8641975308641969,True,True,True,2024-10-21,0.0,0.0,0.0
baseline_price_shape,2,2024-10-22,3962,チェンジホールディングス,2,0.5630840710897927,0.0,-3.5569927243330635,True,True,True,2024-10-21,0.0,0.0,0.0
baseline_price_shape,2,2024-10-23,7061,日本ホスピスホールディングス,1,0.5783179673204926,0.0,-3.5739313244569026,True,True,True,2024-10-22,0.0,0.0,0.0
baseline_price_shape,2,2024-10-23,4384,ラクスル,2,0.5738729929768018,1.0,0.8921330089213253,True,True,True,2024-10-22,0.0,0.0,0.0
baseline_price_shape,2,2024-10-24,7061,日本ホスピスホールディングス,1,0.5850601308704038,0.0,-0.513950073421443,True,True,True,2024-10-23,0.0,0.0,0.0
baseline_price_shape,2,2024-10-24,4060,ｒａｋｕｍｏ,2,0.5708615885161037,1.0,2.3227383863080764,True,True,True,2024-10-23,0.0,0.0,0.0
baseline_price_shape,2,2024-10-25,7061,日本ホスピスホールディングス,1,0.5709315580809569,0.0,-1.2583271650629113,True,True,True,2024-10-24,0.0,0.0,0.0
baseline_price_shape,2,2024-10-25,4174,アピリッツ,2,0.5632687678898832,0.0,-4.347826086956519,True,True,True,2024-10-24,0.0,0.0,0.0
baseline_price_shape,2,2024-10-28,4174,アピリッツ,1,0.574177618638106,1.0,1.4184397163120588,True,True,True,2024-10-25,0.0,0.0,0.0
baseline_price_shape,2,2024-10-28,2726,パルグループホールディングス,2,0.5689588815686515,1.0,2.334235453315281,True,True,True,2024-10-25,0.0,0.0,0.0
baseline_price_shape,2,2024-10-29,3663,セルシス,1,0.5623664621014672,1.0,3.5031847133758065,True,True,True,2024-10-28,0.0,0.0,0.0
baseline_price_shape,2,2024-10-29,7199,プレミアグループ,2,0.5581231083853837,0.0,-0.9422367882015559,True,True,True,2024-10-28,0.0,0.0,0.0
baseline_price_shape,2,2024-10-30,4612,日本ペイントホールディングス,1,0.6045919893224491,0.0,-0.7569386038687953,True,True,True,2024-10-29,0.0,0.0,0.0
baseline_price_shape,2,2024-10-30,6866,日置電機,2,0.5689450344228906,1.0,1.3664596273291973,True,True,True,2024-10-29,0.0,0.0,0.0
baseline_price_shape,2,2024-10-31,7278,エクセディ,1,0.5761514131515614,1.0,2.6731470230862753,True,True,True,2024-10-30,0.0,0.0,0.0
baseline_price_shape,2,2024-10-31,3529,アツギ,2,0.5659678391462004,1.0,9.394313967861567,True,True,True,2024-10-30,1.0,0.0,0.0
baseline_momentum,1,2024-09-02,3433,トーカロ,1,0.5938794092972896,0.0,-0.05393743257821049,True,True,True,2024-08-30,0.0,0.0,0.0
baseline_momentum,1,2024-09-03,9238,バリュークリエーション,1,0.6134754599058024,0.0,-0.19193857965451588,True,True,True,2024-09-02,0.0,0.0,0.0
baseline_momentum,1,2024-09-04,9238,バリュークリエーション,1,0.5863729471997261,0.0,-1.0880316518298683,True,True,True,2024-09-03,0.0,0.0,0.0
baseline_momentum,1,2024-09-05,3768,リスクモンスター,1,0.5864382485013748,1.0,1.1627906976744207,True,True,True,2024-09-04,1.0,0.0,0.0
baseline_momentum,1,2024-09-06,3768,リスクモンスター,1,0.599124004922366,0.0,0.0,True,True,True,2024-09-05,0.0,0.0,0.0
baseline_momentum,1,2024-09-09,3768,リスクモンスター,1,0.5934272528340101,0.0,-0.23148148148147696,True,True,True,2024-09-06,0.0,0.0,0.0
baseline_momentum,1,2024-09-10,9307,杉村倉庫,1,0.5908896672135244,0.0,-1.1345218800648316,True,True,True,2024-09-09,0.0,0.0,0.0
baseline_momentum,1,2024-09-11,4366,ダイトーケミックス,1,0.5903638622946652,0.0,-2.0000000000000018,True,True,True,2024-09-10,0.0,0.0,0.0
baseline_momentum,1,2024-09-12,3662,エイチーム,1,0.5918303227619394,0.0,-0.31746031746031633,True,True,True,2024-09-11,0.0,0.0,0.0
baseline_momentum,1,2024-09-13,6914,オプテックスグループ,1,0.587857653908733,0.0,-1.276595744680853,True,True,True,2024-09-12,0.0,0.0,0.0
baseline_momentum,1,2024-09-17,4174,アピリッツ,1,0.58305918963107,0.0,-2.228412256267409,True,True,True,2024-09-13,1.0,0.0,0.0
baseline_momentum,1,2024-09-18,3974,ＳＣＡＴ,1,0.5869785425971981,0.0,-1.4814814814814836,True,True,True,2024-09-17,0.0,0.0,0.0
baseline_momentum,1,2024-09-19,3107,ダイワボウホールディングス,1,0.5870523047621575,1.0,0.07385524372229835,True,True,True,2024-09-18,0.0,0.0,0.0
baseline_momentum,1,2024-09-20,3107,ダイワボウホールディングス,1,0.5767004536109201,0.0,-1.8118594436310365,True,True,True,2024-09-19,0.0,0.0,0.0
baseline_momentum,1,2024-09-24,3107,ダイワボウホールディングス,1,0.5858741898269244,0.0,-0.14713996689350584,True,True,True,2024-09-20,0.0,0.0,0.0
baseline_momentum,1,2024-09-25,3107,ダイワボウホールディングス,1,0.5757519224849538,0.0,-0.714024166971805,True,True,True,2024-09-24,0.0,0.0,0.0
baseline_momentum,1,2024-09-26,7878,光・彩,1,0.5903925057206897,0.0,-5.873015873015874,True,True,True,2024-09-25,0.0,0.0,0.0
baseline_momentum,1,2024-09-27,4151,協和キリン,1,0.5715240467908768,0.0,-0.560494781600307,True,True,True,2024-09-26,0.0,0.0,0.0
baseline_momentum,1,2024-09-30,3962,チェンジホールディングス,1,0.5763025759654004,0.0,-2.515723270440251,True,True,True,2024-09-27,0.0,0.0,0.0
baseline_momentum,1,2024-10-01,3962,チェンジホールディングス,1,0.589812289728306,1.0,3.571428571428581,True,True,True,2024-09-30,0.0,0.0,0.0
baseline_momentum,1,2024-10-02,7061,日本ホスピスホールディングス,1,0.5662547431238545,1.0,0.26631158455392434,True,True,True,2024-10-01,0.0,0.0,0.0
baseline_momentum,1,2024-10-03,9722,藤⽥観光,1,0.5694155021402644,0.0,-0.6857142857142895,True,True,True,2024-10-02,0.0,0.0,0.0
baseline_momentum,1,2024-10-04,2980,ＳＲＥホールディングス,1,0.5756476511662499,1.0,0.8695652173912993,True,True,True,2024-10-03,0.0,0.0,0.0
baseline_momentum,1,2024-10-07,7061,日本ホスピスホールディングス,1,0.5838781779601114,1.0,0.6662225183211135,True,True,True,2024-10-04,0.0,0.0,0.0
baseline_momentum,1,2024-10-08,7061,日本ホスピスホールディングス,1,0.5707115608775986,0.0,-2.474916387959869,True,True,True,2024-10-07,0.0,0.0,0.0
baseline_momentum,1,2024-10-09,7061,日本ホスピスホールディングス,1,0.578468231793314,0.0,-0.20311442112389555,True,True,True,2024-10-08,0.0,0.0,0.0
baseline_momentum,1,2024-10-10,7082,ジモティー,1,0.5773949150004165,0.0,-1.3168086754453912,True,True,True,2024-10-09,0.0,0.0,0.0
baseline_momentum,1,2024-10-11,7061,日本ホスピスホールディングス,1,0.5895705052124152,0.0,-0.1387925052047212,True,True,True,2024-10-10,0.0,0.0,0.0
baseline_momentum,1,2024-10-15,9601,松竹,1,0.5861825416050956,1.0,0.9304812834224574,True,True,True,2024-10-11,1.0,0.0,0.0
baseline_momentum,1,2024-10-16,9024,⻄武ホールディングス,1,0.5772759853940309,0.0,-1.2481426448736954,True,True,True,2024-10-15,0.0,0.0,0.0
baseline_momentum,1,2024-10-17,4429,リックソフト,1,0.5842092146525146,0.0,-7.692307692307687,True,True,True,2024-10-16,0.0,0.0,0.0
baseline_momentum,1,2024-10-18,4429,リックソフト,1,0.6042133602100471,0.0,-2.2346368715083775,True,True,True,2024-10-17,0.0,0.0,0.0
baseline_momentum,1,2024-10-21,4014,カラダノート,1,0.5990880397200353,1.0,3.106796116504862,True,True,True,2024-10-18,0.0,0.0,0.0
baseline_momentum,1,2024-10-22,2138,クルーズ,1,0.5677724377502817,0.0,-1.1437908496731986,True,True,True,2024-10-21,0.0,0.0,0.0
baseline_momentum,1,2024-10-23,7061,日本ホスピスホールディングス,1,0.5789480891529231,0.0,-3.5739313244569026,True,True,True,2024-10-22,0.0,0.0,0.0
baseline_momentum,1,2024-10-24,7061,日本ホスピスホールディングス,1,0.5854478294594372,0.0,-0.513950073421443,True,True,True,2024-10-23,0.0,0.0,0.0
baseline_momentum,1,2024-10-25,7061,日本ホスピスホールディングス,1,0.5746482257320322,0.0,-1.2583271650629113,True,True,True,2024-10-24,0.0,0.0,0.0
baseline_momentum,1,2024-10-28,9212,Ｇｒｅｅｎ Ｅａｒｔｈ Ｉｎｓｔｉｔｕｔｅ,1,0.5737963868054048,1.0,5.530973451327426,True,True,True,2024-10-25,0.0,0.0,0.0
baseline_momentum,1,2024-10-29,9246,プロジェクトホールディングス,1,0.5714242016098892,1.0,1.3667425968109326,True,True,True,2024-10-28,0.0,0.0,0.0
baseline_momentum,1,2024-10-30,6866,日置電機,1,0.5758255882112716,1.0,1.3664596273291973,True,True,True,2024-10-29,0.0,0.0,0.0
baseline_momentum,1,2024-10-31,6866,日置電機,1,0.5726845178889012,1.0,1.225490196078427,True,True,True,2024-10-30,0.0,0.0,0.0
baseline_momentum,2,2024-09-02,3433,トーカロ,1,0.5938794092972896,0.0,-0.05393743257821049,True,True,True,2024-08-30,0.0,0.0,0.0
baseline_momentum,2,2024-09-02,9238,バリュークリエーション,2,0.5884808296455747,0.0,-5.967450271247743,True,True,True,2024-08-30,0.0,0.0,0.0
baseline_momentum,2,2024-09-03,9238,バリュークリエーション,1,0.6134754599058024,0.0,-0.19193857965451588,True,True,True,2024-09-02,0.0,0.0,0.0
baseline_momentum,2,2024-09-03,4369,トリケミカル研究所,2,0.6022181726437733,0.0,-3.584672435105063,True,True,True,2024-09-02,0.0,0.0,0.0
baseline_momentum,2,2024-09-04,9238,バリュークリエーション,1,0.5863729471997261,0.0,-1.0880316518298683,True,True,True,2024-09-03,0.0,0.0,0.0
baseline_momentum,2,2024-09-04,4889,レナサイエンス,2,0.57567364878659,0.0,-3.385416666666663,True,True,True,2024-09-03,0.0,0.0,0.0
baseline_momentum,2,2024-09-05,3768,リスクモンスター,1,0.5864382485013748,1.0,1.1627906976744207,True,True,True,2024-09-04,1.0,0.0,0.0
baseline_momentum,2,2024-09-05,9238,バリュークリエーション,2,0.5781190321991665,1.0,1.2060301507537785,True,True,True,2024-09-04,0.0,0.0,0.0
baseline_momentum,2,2024-09-06,3768,リスクモンスター,1,0.599124004922366,0.0,0.0,True,True,True,2024-09-05,0.0,0.0,0.0
baseline_momentum,2,2024-09-06,5247,ＢＴＭ,2,0.5787472425587831,1.0,0.5380476556495095,True,True,True,2024-09-05,0.0,0.0,0.0
baseline_momentum,2,2024-09-09,3768,リスクモンスター,1,0.5934272528340101,0.0,-0.23148148148147696,True,True,True,2024-09-06,0.0,0.0,0.0
baseline_momentum,2,2024-09-09,4936,アクシージア,2,0.588986137165032,1.0,0.6896551724137945,True,True,True,2024-09-06,0.0,0.0,0.0
baseline_momentum,2,2024-09-10,9307,杉村倉庫,1,0.5908896672135244,0.0,-1.1345218800648316,True,True,True,2024-09-09,0.0,0.0,0.0
baseline_momentum,2,2024-09-10,3961,シルバーエッグ・テクノロジー,2,0.5837940303488478,1.0,2.582496413199431,True,True,True,2024-09-09,0.0,0.0,0.0
baseline_momentum,2,2024-09-11,4366,ダイトーケミックス,1,0.5903638622946652,0.0,-2.0000000000000018,True,True,True,2024-09-10,0.0,0.0,0.0
baseline_momentum,2,2024-09-11,4415,ブロードエンタープライズ,2,0.5856343299827538,0.0,-1.5277777777777724,True,True,True,2024-09-10,0.0,0.0,0.0
baseline_momentum,2,2024-09-12,3662,エイチーム,1,0.5918303227619394,0.0,-0.31746031746031633,True,True,True,2024-09-11,0.0,0.0,0.0
baseline_momentum,2,2024-09-12,7646,ＰＬＡＮＴ,2,0.5913908260482318,0.0,-0.32679738562091387,True,True,True,2024-09-11,0.0,0.0,0.0
baseline_momentum,2,2024-09-13,6914,オプテックスグループ,1,0.587857653908733,0.0,-1.276595744680853,True,True,True,2024-09-12,0.0,0.0,0.0
baseline_momentum,2,2024-09-13,4174,アピリッツ,2,0.5869975098380199,0.0,-0.2766251728907321,True,True,True,2024-09-12,0.0,0.0,0.0
baseline_momentum,2,2024-09-17,4174,アピリッツ,1,0.58305918963107,0.0,-2.228412256267409,True,True,True,2024-09-13,1.0,0.0,0.0
baseline_momentum,2,2024-09-17,3962,チェンジホールディングス,2,0.581181332808099,0.0,-0.40650406504064707,True,True,True,2024-09-13,0.0,0.0,0.0
baseline_momentum,2,2024-09-18,3974,ＳＣＡＴ,1,0.5869785425971981,0.0,-1.4814814814814836,True,True,True,2024-09-17,0.0,0.0,0.0
baseline_momentum,2,2024-09-18,4503,アステラス製薬,2,0.5869172324404138,1.0,0.7959905660377409,True,True,True,2024-09-17,0.0,0.0,0.0
baseline_momentum,2,2024-09-19,3107,ダイワボウホールディングス,1,0.5870523047621575,1.0,0.07385524372229835,True,True,True,2024-09-18,0.0,0.0,0.0
baseline_momentum,2,2024-09-19,3974,ＳＣＡＴ,2,0.5839771625816973,1.0,0.7481296758104827,True,True,True,2024-09-18,0.0,0.0,0.0
baseline_momentum,2,2024-09-20,3107,ダイワボウホールディングス,1,0.5767004536109201,0.0,-1.8118594436310365,True,True,True,2024-09-19,0.0,0.0,0.0
baseline_momentum,2,2024-09-20,3974,ＳＣＡＴ,2,0.5743141671619592,0.0,-0.24691358024691024,True,True,True,2024-09-19,0.0,0.0,0.0
baseline_momentum,2,2024-09-24,3107,ダイワボウホールディングス,1,0.5858741898269244,0.0,-0.14713996689350584,True,True,True,2024-09-20,0.0,0.0,0.0
baseline_momentum,2,2024-09-24,3962,チェンジホールディングス,2,0.5791594471146643,0.0,-4.984662576687116,True,True,True,2024-09-20,0.0,0.0,0.0
baseline_momentum,2,2024-09-25,3107,ダイワボウホールディングス,1,0.5757519224849538,0.0,-0.714024166971805,True,True,True,2024-09-24,0.0,0.0,0.0
baseline_momentum,2,2024-09-25,3696,セレス,2,0.5705686160662877,0.0,-4.073587385019706,True,True,True,2024-09-24,0.0,0.0,0.0
baseline_momentum,2,2024-09-26,7878,光・彩,1,0.5903925057206897,0.0,-5.873015873015874,True,True,True,2024-09-25,0.0,0.0,0.0
baseline_momentum,2,2024-09-26,9418,Ｕ−ＮＥＸＴ ＨＯＬＤＩＮＧＳ,2,0.5709581768053954,1.0,3.917910447761197,True,True,True,2024-09-25,0.0,0.0,0.0
baseline_momentum,2,2024-09-27,4151,協和キリン,1,0.5715240467908768,0.0,-0.560494781600307,True,True,True,2024-09-26,0.0,0.0,0.0
baseline_momentum,2,2024-09-27,3962,チェンジホールディングス,2,0.5699645343503219,1.0,0.15923566878981443,True,True,True,2024-09-26,0.0,0.0,0.0
baseline_momentum,2,2024-09-30,3962,チェンジホールディングス,1,0.5763025759654004,0.0,-2.515723270440251,True,True,True,2024-09-27,0.0,0.0,0.0
baseline_momentum,2,2024-09-30,2193,クックパッド,2,0.5632049627723222,0.0,-1.1173184357541888,True,True,True,2024-09-27,0.0,0.0,0.0
baseline_momentum,2,2024-10-01,3962,チェンジホールディングス,1,0.589812289728306,1.0,3.571428571428581,True,True,True,2024-09-30,0.0,0.0,0.0
baseline_momentum,2,2024-10-01,7163,住信ＳＢＩネット銀行,2,0.5698299584962051,1.0,0.952380952380949,True,True,True,2024-09-30,1.0,0.0,0.0
baseline_momentum,2,2024-10-02,7061,日本ホスピスホールディングス,1,0.5662547431238545,1.0,0.26631158455392434,True,True,True,2024-10-01,0.0,0.0,0.0
baseline_momentum,2,2024-10-02,1925,大和ハウス⼯業,2,0.561430888091168,1.0,1.1801380538855488,True,True,True,2024-10-01,1.0,0.0,0.0
baseline_momentum,2,2024-10-03,9722,藤⽥観光,1,0.5694155021402644,0.0,-0.6857142857142895,True,True,True,2024-10-02,0.0,0.0,0.0
baseline_momentum,2,2024-10-03,3083,シーズメン,2,0.5674936790067794,0.0,-3.5278154681139706,True,True,True,2024-10-02,0.0,0.0,0.0
baseline_momentum,2,2024-10-04,2980,ＳＲＥホールディングス,1,0.5756476511662499,1.0,0.8695652173912993,True,True,True,2024-10-03,0.0,0.0,0.0
baseline_momentum,2,2024-10-04,9246,プロジェクトホールディングス,2,0.5754999471442463,1.0,0.39024390243902474,True,True,True,2024-10-03,0.0,0.0,0.0
baseline_momentum,2,2024-10-07,7061,日本ホスピスホールディングス,1,0.5838781779601114,1.0,0.6662225183211135,True,True,True,2024-10-04,0.0,0.0,0.0
baseline_momentum,2,2024-10-07,5575,Ｇｌｏｂｅｅ,2,0.5770336005214161,1.0,0.37383177570093906,True,True,True,2024-10-04,0.0,0.0,0.0
baseline_momentum,2,2024-10-08,7061,日本ホスピスホールディングス,1,0.5707115608775986,0.0,-2.474916387959869,True,True,True,2024-10-07,0.0,0.0,0.0
baseline_momentum,2,2024-10-08,4488,ＡＩ ｉｎｓｉｄｅ,2,0.5675137192402541,0.0,-1.5514809590973178,True,True,True,2024-10-07,0.0,0.0,0.0
baseline_momentum,2,2024-10-09,7061,日本ホスピスホールディングス,1,0.578468231793314,0.0,-0.20311442112389555,True,True,True,2024-10-08,0.0,0.0,0.0
baseline_momentum,2,2024-10-09,9212,Ｇｒｅｅｎ Ｅａｒｔｈ Ｉｎｓｔｉｔｕｔｅ,2,0.5760084511304251,1.0,2.263374485596703,True,True,True,2024-10-08,0.0,0.0,0.0
baseline_momentum,2,2024-10-10,7082,ジモティー,1,0.5773949150004165,0.0,-1.3168086754453912,True,True,True,2024-10-09,0.0,0.0,0.0
baseline_momentum,2,2024-10-10,1911,住友林業,2,0.5753799158700937,0.0,-0.8724100327153761,True,True,True,2024-10-09,0.0,0.0,0.0
baseline_momentum,2,2024-10-11,7061,日本ホスピスホールディングス,1,0.5895705052124152,0.0,-0.1387925052047212,True,True,True,2024-10-10,0.0,0.0,0.0
baseline_momentum,2,2024-10-11,7082,ジモティー,2,0.5744608310367711,0.0,-0.15491866769945517,True,True,True,2024-10-10,0.0,0.0,0.0
baseline_momentum,2,2024-10-15,9601,松竹,1,0.5861825416050956,1.0,0.9304812834224574,True,True,True,2024-10-11,1.0,0.0,0.0
baseline_momentum,2,2024-10-15,6316,丸山製作所,2,0.570296897677146,1.0,2.108157653528875,True,True,True,2024-10-11,0.0,0.0,0.0
baseline_momentum,2,2024-10-16,9024,⻄武ホールディングス,1,0.5772759853940309,0.0,-1.2481426448736954,True,True,True,2024-10-15,0.0,0.0,0.0
baseline_momentum,2,2024-10-16,9236,ジャパンＭ＆Ａソリューション,2,0.5732930660663386,1.0,1.2084592145015005,True,True,True,2024-10-15,0.0,0.0,0.0
baseline_momentum,2,2024-10-17,4429,リックソフト,1,0.5842092146525146,0.0,-7.692307692307687,True,True,True,2024-10-16,0.0,0.0,0.0
baseline_momentum,2,2024-10-17,5577,アイデミー,2,0.5748761270871399,0.0,-1.4591439688715901,True,True,True,2024-10-16,0.0,0.0,0.0
baseline_momentum,2,2024-10-18,4429,リックソフト,1,0.6042133602100471,0.0,-2.2346368715083775,True,True,True,2024-10-17,0.0,0.0,0.0
baseline_momentum,2,2024-10-18,9601,松竹,2,0.5695953265703562,1.0,1.5919564306660972,True,True,True,2024-10-17,0.0,0.0,0.0
baseline_momentum,2,2024-10-21,4014,カラダノート,1,0.5990880397200353,1.0,3.106796116504862,True,True,True,2024-10-18,0.0,0.0,0.0
baseline_momentum,2,2024-10-21,5449,大阪製鐵,2,0.5736533046577849,0.0,-0.45045045045044585,True,True,True,2024-10-18,0.0,0.0,0.0
baseline_momentum,2,2024-10-22,2138,クルーズ,1,0.5677724377502817,0.0,-1.1437908496731986,True,True,True,2024-10-21,0.0,0.0,0.0
baseline_momentum,2,2024-10-22,7356,Ｒｅｔｔｙ,2,0.5651409791158127,0.0,-0.6622516556291425,True,True,True,2024-10-21,0.0,0.0,0.0
baseline_momentum,2,2024-10-23,7061,日本ホスピスホールディングス,1,0.5789480891529231,0.0,-3.5739313244569026,True,True,True,2024-10-22,0.0,0.0,0.0
baseline_momentum,2,2024-10-23,3738,ティーガイア,2,0.5747773376055234,0.0,0.0,True,True,True,2024-10-22,0.0,0.0,0.0
baseline_momentum,2,2024-10-24,7061,日本ホスピスホールディングス,1,0.5854478294594372,0.0,-0.513950073421443,True,True,True,2024-10-23,0.0,0.0,0.0
baseline_momentum,2,2024-10-24,4060,ｒａｋｕｍｏ,2,0.5791245045198259,1.0,2.3227383863080764,True,True,True,2024-10-23,0.0,0.0,0.0
baseline_momentum,2,2024-10-25,7061,日本ホスピスホールディングス,1,0.5746482257320322,0.0,-1.2583271650629113,True,True,True,2024-10-24,0.0,0.0,0.0
baseline_momentum,2,2024-10-25,4361,川口化学⼯業,2,0.5720895966070668,0.0,-0.6269592476489061,True,True,True,2024-10-24,0.0,0.0,0.0
baseline_momentum,2,2024-10-28,9212,Ｇｒｅｅｎ Ｅａｒｔｈ Ｉｎｓｔｉｔｕｔｅ,1,0.5737963868054048,1.0,5.530973451327426,True,True,True,2024-10-25,0.0,0.0,0.0
baseline_momentum,2,2024-10-28,4811,ドリーム・アーツ,2,0.5729150693449256,1.0,6.919396393080612,True,True,True,2024-10-25,0.0,0.0,0.0
baseline_momentum,2,2024-10-29,9246,プロジェクトホールディングス,1,0.5714242016098892,1.0,1.3667425968109326,True,True,True,2024-10-28,0.0,0.0,0.0
baseline_momentum,2,2024-10-29,3038,神⼾物産,2,0.5670611953926988,0.0,-0.5495943470295694,True,True,True,2024-10-28,0.0,0.0,0.0
baseline_momentum,2,2024-10-30,6866,日置電機,1,0.5758255882112716,1.0,1.3664596273291973,True,True,True,2024-10-29,0.0,0.0,0.0
baseline_momentum,2,2024-10-30,4612,日本ペイントホールディングス,2,0.5732415301825688,0.0,-0.7569386038687953,True,True,True,2024-10-29,0.0,0.0,0.0
baseline_momentum,2,2024-10-31,6866,日置電機,1,0.5726845178889012,1.0,1.225490196078427,True,True,True,2024-10-30,0.0,0.0,0.0
baseline_momentum,2,2024-10-31,3529,アツギ,2,0.5701151483384147,1.0,9.394313967861567,True,True,True,2024-10-30,1.0,0.0,0.0
baseline_buyback,1,2024-09-02,4579,ラクオリア創薬,1,0.5904056845986755,0.0,-2.6856240126382325,True,True,True,2024-08-30,0.0,0.0,0.0
baseline_buyback,1,2024-09-03,4369,トリケミカル研究所,1,0.6149198030810944,0.0,-3.584672435105063,True,True,True,2024-09-02,0.0,0.0,0.0
baseline_buyback,1,2024-09-04,4889,レナサイエンス,1,0.5983752740552544,0.0,-3.385416666666663,True,True,True,2024-09-03,0.0,0.0,0.0
baseline_buyback,1,2024-09-05,3974,ＳＣＡＴ,1,0.5661905529386577,1.0,0.22831050228311334,True,True,True,2024-09-04,0.0,0.0,0.0
baseline_buyback,1,2024-09-06,6034,ＭＲＴ,1,0.585992491340934,1.0,4.643962848297223,True,True,True,2024-09-05,0.0,0.0,0.0
baseline_buyback,1,2024-09-09,9232,パスコ,1,0.611351017627716,0.0,0.0,True,True,True,2024-09-06,0.0,0.0,0.0
baseline_buyback,1,2024-09-10,9307,杉村倉庫,1,0.5958774095517825,0.0,-1.1345218800648316,True,True,True,2024-09-09,0.0,0.0,0.0
baseline_buyback,1,2024-09-11,4415,ブロードエンタープライズ,1,0.5873301699123938,0.0,-1.5277777777777724,True,True,True,2024-09-10,0.0,0.0,0.0
baseline_buyback,1,2024-09-12,7646,ＰＬＡＮＴ,1,0.5808193681977571,0.0,-0.32679738562091387,True,True,True,2024-09-11,0.0,0.0,0.0
baseline_buyback,1,2024-09-13,7110,クラシコム,1,0.5855134444940397,1.0,0.37707390648566985,True,True,True,2024-09-12,0.0,0.0,0.0
baseline_buyback,1,2024-09-17,7095,Ｍａｃｂｅｅ Ｐｌａｎｅｔ,1,0.5837727044146973,0.0,-7.722132471728593,True,True,True,2024-09-13,0.0,0.0,0.0
baseline_buyback,1,2024-09-18,9556,ＩＮＴＬＯＯＰ,1,0.6099858021360919,1.0,4.714912280701755,True,True,True,2024-09-17,0.0,0.0,0.0
baseline_buyback,1,2024-09-19,1948,弘電社,1,0.5917010531640559,0.0,-2.140883977900554,True,True,True,2024-09-18,0.0,0.0,0.0
baseline_buyback,1,2024-09-20,3153,八洲電機,1,0.5795817001929936,1.0,1.4983351831298508,True,True,True,2024-09-19,0.0,0.0,0.0
baseline_buyback,1,2024-09-24,3461,パルマ,1,0.5939965092088263,1.0,3.439803439803435,True,True,True,2024-09-20,1.0,1.0,0.0
baseline_buyback,1,2024-09-25,3696,セレス,1,0.6018151593533886,0.0,-4.073587385019706,True,True,True,2024-09-24,0.0,0.0,0.0
baseline_buyback,1,2024-09-26,7878,光・彩,1,0.6052896280039566,0.0,-5.873015873015874,True,True,True,2024-09-25,0.0,0.0,0.0
baseline_buyback,1,2024-09-27,3962,チェンジホールディングス,1,0.572491370256437,1.0,0.15923566878981443,True,True,True,2024-09-26,0.0,0.0,0.0
baseline_buyback,1,2024-09-30,3962,チェンジホールディングス,1,0.5743986763836985,0.0,-2.515723270440251,True,True,True,2024-09-27,0.0,0.0,0.0
baseline_buyback,1,2024-10-01,3962,チェンジホールディングス,1,0.5945760120667622,1.0,3.571428571428581,True,True,True,2024-09-30,0.0,0.0,0.0
baseline_buyback,1,2024-10-02,7061,日本ホスピスホールディングス,1,0.5640174846059728,1.0,0.26631158455392434,True,True,True,2024-10-01,0.0,0.0,0.0
baseline_buyback,1,2024-10-03,9722,藤⽥観光,1,0.5617630999691872,0.0,-0.6857142857142895,True,True,True,2024-10-02,0.0,0.0,0.0
baseline_buyback,1,2024-10-04,2980,ＳＲＥホールディングス,1,0.5692755680890832,1.0,0.8695652173912993,True,True,True,2024-10-03,0.0,0.0,0.0
baseline_buyback,1,2024-10-07,7061,日本ホスピスホールディングス,1,0.5805181836381426,1.0,0.6662225183211135,True,True,True,2024-10-04,0.0,0.0,0.0
baseline_buyback,1,2024-10-08,7061,日本ホスピスホールディングス,1,0.5691552820099466,0.0,-2.474916387959869,True,True,True,2024-10-07,0.0,0.0,0.0
baseline_buyback,1,2024-10-09,7061,日本ホスピスホールディングス,1,0.5765410634520631,0.0,-0.20311442112389555,True,True,True,2024-10-08,0.0,0.0,0.0
baseline_buyback,1,2024-10-10,1911,住友林業,1,0.577215497419062,0.0,-0.8724100327153761,True,True,True,2024-10-09,0.0,0.0,0.0
baseline_buyback,1,2024-10-11,7061,日本ホスピスホールディングス,1,0.5903762354503596,0.0,-0.1387925052047212,True,True,True,2024-10-10,0.0,0.0,0.0
baseline_buyback,1,2024-10-15,9601,松竹,1,0.5768739121691061,1.0,0.9304812834224574,True,True,True,2024-10-11,1.0,0.0,0.0
baseline_buyback,1,2024-10-16,9024,⻄武ホールディングス,1,0.5740477905202127,0.0,-1.2481426448736954,True,True,True,2024-10-15,0.0,0.0,0.0
baseline_buyback,1,2024-10-17,9024,⻄武ホールディングス,1,0.5715293864324555,1.0,1.2124886329190732,True,True,True,2024-10-16,0.0,0.0,0.0
baseline_buyback,1,2024-10-18,4429,リックソフト,1,0.5810743107679966,0.0,-2.2346368715083775,True,True,True,2024-10-17,0.0,0.0,0.0
baseline_buyback,1,2024-10-21,4014,カラダノート,1,0.6007252348602938,1.0,3.106796116504862,True,True,True,2024-10-18,0.0,0.0,0.0
baseline_buyback,1,2024-10-22,3031,ラクーンホールディングス,1,0.5705360624179797,1.0,1.8041237113401998,True,True,True,2024-10-21,1.0,1.0,0.0
baseline_buyback,1,2024-10-23,7061,日本ホスピスホールディングス,1,0.577191479808059,0.0,-3.5739313244569026,True,True,True,2024-10-22,0.0,0.0,0.0
baseline_buyback,1,2024-10-24,7061,日本ホスピスホールディングス,1,0.5818495840226708,0.0,-0.513950073421443,True,True,True,2024-10-23,0.0,0.0,0.0
baseline_buyback,1,2024-10-25,7061,日本ホスピスホールディングス,1,0.5691968463318671,0.0,-1.2583271650629113,True,True,True,2024-10-24,0.0,0.0,0.0
baseline_buyback,1,2024-10-28,4811,ドリーム・アーツ,1,0.5689382053028588,1.0,6.919396393080612,True,True,True,2024-10-25,0.0,0.0,0.0
baseline_buyback,1,2024-10-29,3663,セルシス,1,0.5584401492729858,1.0,3.5031847133758065,True,True,True,2024-10-28,0.0,0.0,0.0
baseline_buyback,1,2024-10-30,4612,日本ペイントホールディングス,1,0.5897263336990372,0.0,-0.7569386038687953,True,True,True,2024-10-29,0.0,0.0,0.0
baseline_buyback,1,2024-10-31,7278,エクセディ,1,0.5695977432499522,1.0,2.6731470230862753,True,True,True,2024-10-30,0.0,0.0,0.0
baseline_buyback,2,2024-09-02,4579,ラクオリア創薬,1,0.5904056845986755,0.0,-2.6856240126382325,True,True,True,2024-08-30,0.0,0.0,0.0
baseline_buyback,2,2024-09-02,3433,トーカロ,2,0.586853345305829,0.0,-0.05393743257821049,True,True,True,2024-08-30,0.0,0.0,0.0
baseline_buyback,2,2024-09-03,4369,トリケミカル研究所,1,0.6149198030810944,0.0,-3.584672435105063,True,True,True,2024-09-02,0.0,0.0,0.0
baseline_buyback,2,2024-09-03,9238,バリュークリエーション,2,0.5850380181255699,0.0,-0.19193857965451588,True,True,True,2024-09-02,0.0,0.0,0.0
baseline_buyback,2,2024-09-04,4889,レナサイエンス,1,0.5983752740552544,0.0,-3.385416666666663,True,True,True,2024-09-03,0.0,0.0,0.0
baseline_buyback,2,2024-09-04,1807,佐藤渡辺,2,0.5697856209170701,0.0,-2.19907407407407,True,True,True,2024-09-03,0.0,0.0,0.0
baseline_buyback,2,2024-09-05,3974,ＳＣＡＴ,1,0.5661905529386577,1.0,0.22831050228311334,True,True,True,2024-09-04,0.0,0.0,0.0
baseline_buyback,2,2024-09-05,7287,日本精機,2,0.5636219161034628,0.0,0.0,True,True,True,2024-09-04,1.0,0.0,0.0
baseline_buyback,2,2024-09-06,6034,ＭＲＴ,1,0.585992491340934,1.0,4.643962848297223,True,True,True,2024-09-05,0.0,0.0,0.0
baseline_buyback,2,2024-09-06,5247,ＢＴＭ,2,0.570169899999856,1.0,0.5380476556495095,True,True,True,2024-09-05,0.0,0.0,0.0
baseline_buyback,2,2024-09-09,9232,パスコ,1,0.611351017627716,0.0,0.0,True,True,True,2024-09-06,0.0,0.0,0.0
baseline_buyback,2,2024-09-09,4890,坪⽥ラボ,2,0.5934244804685046,1.0,1.4678899082568808,True,True,True,2024-09-06,0.0,0.0,0.0
baseline_buyback,2,2024-09-10,9307,杉村倉庫,1,0.5958774095517825,0.0,-1.1345218800648316,True,True,True,2024-09-09,0.0,0.0,0.0
baseline_buyback,2,2024-09-10,4268,エッジテクノロジー,2,0.5802765766835525,0.0,0.0,True,True,True,2024-09-09,0.0,0.0,0.0
baseline_buyback,2,2024-09-11,4415,ブロードエンタープライズ,1,0.5873301699123938,0.0,-1.5277777777777724,True,True,True,2024-09-10,0.0,0.0,0.0
baseline_buyback,2,2024-09-11,3180,ビューティガレージ,2,0.5782206519378625,1.0,2.6762402088772896,True,True,True,2024-09-10,0.0,0.0,0.0
baseline_buyback,2,2024-09-12,7646,ＰＬＡＮＴ,1,0.5808193681977571,0.0,-0.32679738562091387,True,True,True,2024-09-11,0.0,0.0,0.0
baseline_buyback,2,2024-09-12,3662,エイチーム,2,0.5752607969018848,0.0,-0.31746031746031633,True,True,True,2024-09-11,0.0,0.0,0.0
baseline_buyback,2,2024-09-13,7110,クラシコム,1,0.5855134444940397,1.0,0.37707390648566985,True,True,True,2024-09-12,0.0,0.0,0.0
baseline_buyback,2,2024-09-13,6914,オプテックスグループ,2,0.5820083922839201,0.0,-1.276595744680853,True,True,True,2024-09-12,0.0,0.0,0.0
baseline_buyback,2,2024-09-17,7095,Ｍａｃｂｅｅ Ｐｌａｎｅｔ,1,0.5837727044146973,0.0,-7.722132471728593,True,True,True,2024-09-13,0.0,0.0,0.0
baseline_buyback,2,2024-09-17,3962,チェンジホールディングス,2,0.5817591976023302,0.0,-0.40650406504064707,True,True,True,2024-09-13,0.0,0.0,0.0
baseline_buyback,2,2024-09-18,9556,ＩＮＴＬＯＯＰ,1,0.6099858021360919,1.0,4.714912280701755,True,True,True,2024-09-17,0.0,0.0,0.0
baseline_buyback,2,2024-09-18,3653,モルフォ,2,0.6045632991923862,0.0,-5.727554179566563,True,True,True,2024-09-17,0.0,0.0,0.0
baseline_buyback,2,2024-09-19,1948,弘電社,1,0.5917010531640559,0.0,-2.140883977900554,True,True,True,2024-09-18,0.0,0.0,0.0
baseline_buyback,2,2024-09-19,3107,ダイワボウホールディングス,2,0.5811232035964312,1.0,0.07385524372229835,True,True,True,2024-09-18,0.0,0.0,0.0
baseline_buyback,2,2024-09-20,3153,八洲電機,1,0.5795817001929936,1.0,1.4983351831298508,True,True,True,2024-09-19,0.0,0.0,0.0
baseline_buyback,2,2024-09-20,3107,ダイワボウホールディングス,2,0.5766643246922385,0.0,-1.8118594436310365,True,True,True,2024-09-19,0.0,0.0,0.0
baseline_buyback,2,2024-09-24,3461,パルマ,1,0.5939965092088263,1.0,3.439803439803435,True,True,True,2024-09-20,1.0,1.0,0.0
baseline_buyback,2,2024-09-24,3962,チェンジホールディングス,2,0.5849700951580735,0.0,-4.984662576687116,True,True,True,2024-09-20,0.0,0.0,0.0
baseline_buyback,2,2024-09-25,3696,セレス,1,0.6018151593533886,0.0,-4.073587385019706,True,True,True,2024-09-24,0.0,0.0,0.0
baseline_buyback,2,2024-09-25,4512,わかもと製薬,2,0.5889360853199183,1.0,1.7667844522968101,True,True,True,2024-09-24,0.0,0.0,0.0
baseline_buyback,2,2024-09-26,7878,光・彩,1,0.6052896280039566,0.0,-5.873015873015874,True,True,True,2024-09-25,0.0,0.0,0.0
baseline_buyback,2,2024-09-26,9418,Ｕ−ＮＥＸＴ ＨＯＬＤＩＮＧＳ,2,0.573566276391736,1.0,3.917910447761197,True,True,True,2024-09-25,0.0,0.0,0.0
baseline_buyback,2,2024-09-27,3962,チェンジホールディングス,1,0.572491370256437,1.0,0.15923566878981443,True,True,True,2024-09-26,0.0,0.0,0.0
baseline_buyback,2,2024-09-27,3107,ダイワボウホールディングス,2,0.5655702419193032,1.0,0.6537102473498146,True,True,True,2024-09-26,0.0,0.0,0.0
baseline_buyback,2,2024-09-30,3962,チェンジホールディングス,1,0.5743986763836985,0.0,-2.515723270440251,True,True,True,2024-09-27,0.0,0.0,0.0
baseline_buyback,2,2024-09-30,3107,ダイワボウホールディングス,2,0.5663685979657194,1.0,0.7040948675189895,True,True,True,2024-09-27,0.0,0.0,0.0
baseline_buyback,2,2024-10-01,3962,チェンジホールディングス,1,0.5945760120667622,1.0,3.571428571428581,True,True,True,2024-09-30,0.0,0.0,0.0
baseline_buyback,2,2024-10-01,7163,住信ＳＢＩネット銀行,2,0.5673668785194138,1.0,0.952380952380949,True,True,True,2024-09-30,1.0,0.0,0.0
baseline_buyback,2,2024-10-02,7061,日本ホスピスホールディングス,1,0.5640174846059728,1.0,0.26631158455392434,True,True,True,2024-10-01,0.0,0.0,0.0
baseline_buyback,2,2024-10-02,7163,住信ＳＢＩネット銀行,2,0.5497334626887621,0.0,-0.371747211895912,True,True,True,2024-10-01,0.0,0.0,0.0
baseline_buyback,2,2024-10-03,9722,藤⽥観光,1,0.5617630999691872,0.0,-0.6857142857142895,True,True,True,2024-10-02,0.0,0.0,0.0
baseline_buyback,2,2024-10-03,3083,シーズメン,2,0.5593886100773915,0.0,-3.5278154681139706,True,True,True,2024-10-02,0.0,0.0,0.0
baseline_buyback,2,2024-10-04,2980,ＳＲＥホールディングス,1,0.5692755680890832,1.0,0.8695652173912993,True,True,True,2024-10-03,0.0,0.0,0.0
baseline_buyback,2,2024-10-04,5575,Ｇｌｏｂｅｅ,2,0.5674201135332755,0.0,-2.329916123019571,True,True,True,2024-10-03,0.0,0.0,0.0
baseline_buyback,2,2024-10-07,7061,日本ホスピスホールディングス,1,0.5805181836381426,1.0,0.6662225183211135,True,True,True,2024-10-04,0.0,0.0,0.0
baseline_buyback,2,2024-10-07,5575,Ｇｌｏｂｅｅ,2,0.5731220977973825,1.0,0.37383177570093906,True,True,True,2024-10-04,0.0,0.0,0.0
baseline_buyback,2,2024-10-08,7061,日本ホスピスホールディングス,1,0.5691552820099466,0.0,-2.474916387959869,True,True,True,2024-10-07,0.0,0.0,0.0
baseline_buyback,2,2024-10-08,5575,Ｇｌｏｂｅｅ,2,0.5635464124256342,1.0,0.92592592592593,True,True,True,2024-10-07,0.0,0.0,0.0
baseline_buyback,2,2024-10-09,7061,日本ホスピスホールディングス,1,0.5765410634520631,0.0,-0.20311442112389555,True,True,True,2024-10-08,0.0,0.0,0.0
baseline_buyback,2,2024-10-09,7082,ジモティー,2,0.5725519692613843,0.0,-1.9083969465648831,True,True,True,2024-10-08,0.0,0.0,0.0
baseline_buyback,2,2024-10-10,1911,住友林業,1,0.577215497419062,0.0,-0.8724100327153761,True,True,True,2024-10-09,0.0,0.0,0.0
baseline_buyback,2,2024-10-10,7061,日本ホスピスホールディングス,2,0.5753570623006552,0.0,-2.626262626262621,True,True,True,2024-10-09,0.0,0.0,0.0
baseline_buyback,2,2024-10-11,7061,日本ホスピスホールディングス,1,0.5903762354503596,0.0,-0.1387925052047212,True,True,True,2024-10-10,0.0,0.0,0.0
baseline_buyback,2,2024-10-11,7082,ジモティー,2,0.5728867284631535,0.0,-0.15491866769945517,True,True,True,2024-10-10,0.0,0.0,0.0
baseline_buyback,2,2024-10-15,9601,松竹,1,0.5768739121691061,1.0,0.9304812834224574,True,True,True,2024-10-11,1.0,0.0,0.0
baseline_buyback,2,2024-10-15,9418,Ｕ−ＮＥＸＴ ＨＯＬＤＩＮＧＳ,2,0.571560929849283,0.0,-1.3671875,True,True,True,2024-10-11,0.0,0.0,0.0
baseline_buyback,2,2024-10-16,9024,⻄武ホールディングス,1,0.5740477905202127,0.0,-1.2481426448736954,True,True,True,2024-10-15,0.0,0.0,0.0
baseline_buyback,2,2024-10-16,1407,ウエストホールディングス,2,0.564857912110933,0.0,-8.89627168696936,True,True,True,2024-10-15,1.0,0.0,0.0
baseline_buyback,2,2024-10-17,9024,⻄武ホールディングス,1,0.5715293864324555,1.0,1.2124886329190732,True,True,True,2024-10-16,0.0,0.0,0.0
baseline_buyback,2,2024-10-17,7061,日本ホスピスホールディングス,2,0.5669436749838458,1.0,0.0683060109289535,True,True,True,2024-10-16,0.0,0.0,0.0
baseline_buyback,2,2024-10-18,4429,リックソフト,1,0.5810743107679966,0.0,-2.2346368715083775,True,True,True,2024-10-17,0.0,0.0,0.0
baseline_buyback,2,2024-10-18,5218,オハラ,2,0.5623383599373675,1.0,0.7570022710068125,True,True,True,2024-10-17,0.0,0.0,0.0
baseline_buyback,2,2024-10-21,4014,カラダノート,1,0.6007252348602938,1.0,3.106796116504862,True,True,True,2024-10-18,0.0,0.0,0.0
baseline_buyback,2,2024-10-21,5449,大阪製鐵,2,0.5704206561074527,0.0,-0.45045045045044585,True,True,True,2024-10-18,0.0,0.0,0.0
baseline_buyback,2,2024-10-22,3031,ラクーンホールディングス,1,0.5705360624179797,1.0,1.8041237113401998,True,True,True,2024-10-21,1.0,1.0,0.0
baseline_buyback,2,2024-10-22,2138,クルーズ,2,0.5605048617620122,0.0,-1.1437908496731986,True,True,True,2024-10-21,0.0,0.0,0.0
baseline_buyback,2,2024-10-23,7061,日本ホスピスホールディングス,1,0.577191479808059,0.0,-3.5739313244569026,True,True,True,2024-10-22,0.0,0.0,0.0
baseline_buyback,2,2024-10-23,4384,ラクスル,2,0.5652110651701853,1.0,0.8921330089213253,True,True,True,2024-10-22,0.0,0.0,0.0
baseline_buyback,2,2024-10-24,7061,日本ホスピスホールディングス,1,0.5818495840226708,0.0,-0.513950073421443,True,True,True,2024-10-23,0.0,0.0,0.0
baseline_buyback,2,2024-10-24,4060,ｒａｋｕｍｏ,2,0.5711240357912396,1.0,2.3227383863080764,True,True,True,2024-10-23,0.0,0.0,0.0
baseline_buyback,2,2024-10-25,7061,日本ホスピスホールディングス,1,0.5691968463318671,0.0,-1.2583271650629113,True,True,True,2024-10-24,0.0,0.0,0.0
baseline_buyback,2,2024-10-25,4361,川口化学⼯業,2,0.5651469497493598,0.0,-0.6269592476489061,True,True,True,2024-10-24,0.0,0.0,0.0
baseline_buyback,2,2024-10-28,4811,ドリーム・アーツ,1,0.5689382053028588,1.0,6.919396393080612,True,True,True,2024-10-25,0.0,0.0,0.0
baseline_buyback,2,2024-10-28,7061,日本ホスピスホールディングス,2,0.5655189323754826,1.0,5.909090909090908,True,True,True,2024-10-25,0.0,0.0,0.0
baseline_buyback,2,2024-10-29,3663,セルシス,1,0.5584401492729858,1.0,3.5031847133758065,True,True,True,2024-10-28,0.0,0.0,0.0
baseline_buyback,2,2024-10-29,4119,日本ピグメントホールディングス,2,0.5521854210880002,0.0,-2.2187004754358197,True,True,True,2024-10-28,0.0,0.0,0.0
baseline_buyback,2,2024-10-30,4612,日本ペイントホールディングス,1,0.5897263336990372,0.0,-0.7569386038687953,True,True,True,2024-10-29,0.0,0.0,0.0
baseline_buyback,2,2024-10-30,6866,日置電機,2,0.5676590494623874,1.0,1.3664596273291973,True,True,True,2024-10-29,0.0,0.0,0.0
baseline_buyback,2,2024-10-31,7278,エクセディ,1,0.5695977432499522,1.0,2.6731470230862753,True,True,True,2024-10-30,0.0,0.0,0.0
baseline_buyback,2,2024-10-31,3529,アツギ,2,0.5648970161381819,1.0,9.394313967861567,True,True,True,2024-10-30,1.0,0.0,0.0
baseline_dividend_sign,1,2024-09-02,4579,ラクオリア創薬,1,0.5904952501525695,0.0,-2.6856240126382325,True,True,True,2024-08-30,0.0,0.0,0.0
baseline_dividend_sign,1,2024-09-03,4369,トリケミカル研究所,1,0.6149904427654862,0.0,-3.584672435105063,True,True,True,2024-09-02,0.0,0.0,0.0
baseline_dividend_sign,1,2024-09-04,4889,レナサイエンス,1,0.598466800494999,0.0,-3.385416666666663,True,True,True,2024-09-03,0.0,0.0,0.0
baseline_dividend_sign,1,2024-09-05,3974,ＳＣＡＴ,1,0.5662468062234121,1.0,0.22831050228311334,True,True,True,2024-09-04,0.0,0.0,0.0
baseline_dividend_sign,1,2024-09-06,6034,ＭＲＴ,1,0.5861338866238378,1.0,4.643962848297223,True,True,True,2024-09-05,0.0,0.0,0.0
baseline_dividend_sign,1,2024-09-09,9232,パスコ,1,0.6114812784264056,0.0,0.0,True,True,True,2024-09-06,0.0,0.0,0.0
baseline_dividend_sign,1,2024-09-10,9307,杉村倉庫,1,0.5959493496460988,0.0,-1.1345218800648316,True,True,True,2024-09-09,0.0,0.0,0.0
baseline_dividend_sign,1,2024-09-11,4415,ブロードエンタープライズ,1,0.5873688803175448,0.0,-1.5277777777777724,True,True,True,2024-09-10,0.0,0.0,0.0
baseline_dividend_sign,1,2024-09-12,7646,ＰＬＡＮＴ,1,0.5808720778406181,0.0,-0.32679738562091387,True,True,True,2024-09-11,0.0,0.0,0.0
baseline_dividend_sign,1,2024-09-13,7110,クラシコム,1,0.5855689091232626,1.0,0.37707390648566985,True,True,True,2024-09-12,0.0,0.0,0.0
baseline_dividend_sign,1,2024-09-17,7095,Ｍａｃｂｅｅ Ｐｌａｎｅｔ,1,0.5838488314535792,0.0,-7.722132471728593,True,True,True,2024-09-13,0.0,0.0,0.0
baseline_dividend_sign,1,2024-09-18,9556,ＩＮＴＬＯＯＰ,1,0.6101070744822227,1.0,4.714912280701755,True,True,True,2024-09-17,0.0,0.0,0.0
baseline_dividend_sign,1,2024-09-19,1948,弘電社,1,0.5917975454807116,0.0,-2.140883977900554,True,True,True,2024-09-18,0.0,0.0,0.0
baseline_dividend_sign,1,2024-09-20,3153,八洲電機,1,0.5796675912355236,1.0,1.4983351831298508,True,True,True,2024-09-19,0.0,0.0,0.0
baseline_dividend_sign,1,2024-09-24,3461,パルマ,1,0.5941111368912929,1.0,3.439803439803435,True,True,True,2024-09-20,1.0,1.0,0.0
baseline_dividend_sign,1,2024-09-25,3696,セレス,1,0.601939498872598,0.0,-4.073587385019706,True,True,True,2024-09-24,0.0,0.0,0.0
baseline_dividend_sign,1,2024-09-26,7878,光・彩,1,0.60541499807922,0.0,-5.873015873015874,True,True,True,2024-09-25,0.0,0.0,0.0
baseline_dividend_sign,1,2024-09-27,3962,チェンジホールディングス,1,0.572560836686354,1.0,0.15923566878981443,True,True,True,2024-09-26,0.0,0.0,0.0
baseline_dividend_sign,1,2024-09-30,3962,チェンジホールディングス,1,0.5744644800855749,0.0,-2.515723270440251,True,True,True,2024-09-27,0.0,0.0,0.0
baseline_dividend_sign,1,2024-10-01,3962,チェンジホールディングス,1,0.5946694573420831,1.0,3.571428571428581,True,True,True,2024-09-30,0.0,0.0,0.0
baseline_dividend_sign,1,2024-10-02,7061,日本ホスピスホールディングス,1,0.5640898107913264,1.0,0.26631158455392434,True,True,True,2024-10-01,0.0,0.0,0.0
baseline_dividend_sign,1,2024-10-03,9722,藤⽥観光,1,0.5617969182245708,0.0,-0.6857142857142895,True,True,True,2024-10-02,0.0,0.0,0.0
baseline_dividend_sign,1,2024-10-04,2980,ＳＲＥホールディングス,1,0.5693119599420997,1.0,0.8695652173912993,True,True,True,2024-10-03,0.0,0.0,0.0
baseline_dividend_sign,1,2024-10-07,7061,日本ホスピスホールディングス,1,0.580573034612759,1.0,0.6662225183211135,True,True,True,2024-10-04,0.0,0.0,0.0
baseline_dividend_sign,1,2024-10-08,7061,日本ホスピスホールディングス,1,0.5692380025649508,0.0,-2.474916387959869,True,True,True,2024-10-07,0.0,0.0,0.0
baseline_dividend_sign,1,2024-10-09,7061,日本ホスピスホールディングス,1,0.5765981578217299,0.0,-0.20311442112389555,True,True,True,2024-10-08,0.0,0.0,0.0
baseline_dividend_sign,1,2024-10-10,1911,住友林業,1,0.5772768668444146,0.0,-0.8724100327153761,True,True,True,2024-10-09,0.0,0.0,0.0
baseline_dividend_sign,1,2024-10-11,7061,日本ホスピスホールディングス,1,0.5904329318996893,0.0,-0.1387925052047212,True,True,True,2024-10-10,0.0,0.0,0.0
baseline_dividend_sign,1,2024-10-15,9601,松竹,1,0.5768856099179791,1.0,0.9304812834224574,True,True,True,2024-10-11,1.0,0.0,0.0
baseline_dividend_sign,1,2024-10-16,9024,⻄武ホールディングス,1,0.5741211418937592,0.0,-1.2481426448736954,True,True,True,2024-10-15,0.0,0.0,0.0
baseline_dividend_sign,1,2024-10-17,9024,⻄武ホールディングス,1,0.5716055665607742,1.0,1.2124886329190732,True,True,True,2024-10-16,0.0,0.0,0.0
baseline_dividend_sign,1,2024-10-18,4429,リックソフト,1,0.5810827478273254,0.0,-2.2346368715083775,True,True,True,2024-10-17,0.0,0.0,0.0
baseline_dividend_sign,1,2024-10-21,4014,カラダノート,1,0.6007676190010564,1.0,3.106796116504862,True,True,True,2024-10-18,0.0,0.0,0.0
baseline_dividend_sign,1,2024-10-22,2138,クルーズ,1,0.5605506961455031,0.0,-1.1437908496731986,True,True,True,2024-10-21,0.0,0.0,0.0
baseline_dividend_sign,1,2024-10-23,7061,日本ホスピスホールディングス,1,0.5772387210603872,0.0,-3.5739313244569026,True,True,True,2024-10-22,0.0,0.0,0.0
baseline_dividend_sign,1,2024-10-24,7061,日本ホスピスホールディングス,1,0.5818979832613984,0.0,-0.513950073421443,True,True,True,2024-10-23,0.0,0.0,0.0
baseline_dividend_sign,1,2024-10-25,7061,日本ホスピスホールディングス,1,0.5692568049430571,0.0,-1.2583271650629113,True,True,True,2024-10-24,0.0,0.0,0.0
baseline_dividend_sign,1,2024-10-28,4811,ドリーム・アーツ,1,0.568995491884332,1.0,6.919396393080612,True,True,True,2024-10-25,0.0,0.0,0.0
baseline_dividend_sign,1,2024-10-29,3663,セルシス,1,0.5585130994564347,1.0,3.5031847133758065,True,True,True,2024-10-28,0.0,0.0,0.0
baseline_dividend_sign,1,2024-10-30,4612,日本ペイントホールディングス,1,0.58982019268922,0.0,-0.7569386038687953,True,True,True,2024-10-29,0.0,0.0,0.0
baseline_dividend_sign,1,2024-10-31,7278,エクセディ,1,0.5696756530599233,1.0,2.6731470230862753,True,True,True,2024-10-30,0.0,0.0,0.0
baseline_dividend_sign,2,2024-09-02,4579,ラクオリア創薬,1,0.5904952501525695,0.0,-2.6856240126382325,True,True,True,2024-08-30,0.0,0.0,0.0
baseline_dividend_sign,2,2024-09-02,3433,トーカロ,2,0.5869259539276817,0.0,-0.05393743257821049,True,True,True,2024-08-30,0.0,0.0,0.0
baseline_dividend_sign,2,2024-09-03,4369,トリケミカル研究所,1,0.6149904427654862,0.0,-3.584672435105063,True,True,True,2024-09-02,0.0,0.0,0.0
baseline_dividend_sign,2,2024-09-03,9238,バリュークリエーション,2,0.5850847970523285,0.0,-0.19193857965451588,True,True,True,2024-09-02,0.0,0.0,0.0
baseline_dividend_sign,2,2024-09-04,4889,レナサイエンス,1,0.598466800494999,0.0,-3.385416666666663,True,True,True,2024-09-03,0.0,0.0,0.0
baseline_dividend_sign,2,2024-09-04,1807,佐藤渡辺,2,0.5698425651625983,0.0,-2.19907407407407,True,True,True,2024-09-03,0.0,0.0,0.0
baseline_dividend_sign,2,2024-09-05,3974,ＳＣＡＴ,1,0.5662468062234121,1.0,0.22831050228311334,True,True,True,2024-09-04,0.0,0.0,0.0
baseline_dividend_sign,2,2024-09-05,7287,日本精機,2,0.5636501231483344,0.0,0.0,True,True,True,2024-09-04,1.0,0.0,0.0
baseline_dividend_sign,2,2024-09-06,6034,ＭＲＴ,1,0.5861338866238378,1.0,4.643962848297223,True,True,True,2024-09-05,0.0,0.0,0.0
baseline_dividend_sign,2,2024-09-06,5247,ＢＴＭ,2,0.570248861950439,1.0,0.5380476556495095,True,True,True,2024-09-05,0.0,0.0,0.0
baseline_dividend_sign,2,2024-09-09,9232,パスコ,1,0.6114812784264056,0.0,0.0,True,True,True,2024-09-06,0.0,0.0,0.0
baseline_dividend_sign,2,2024-09-09,4890,坪⽥ラボ,2,0.5935444297903232,1.0,1.4678899082568808,True,True,True,2024-09-06,0.0,0.0,0.0
baseline_dividend_sign,2,2024-09-10,9307,杉村倉庫,1,0.5959493496460988,0.0,-1.1345218800648316,True,True,True,2024-09-09,0.0,0.0,0.0
baseline_dividend_sign,2,2024-09-10,4268,エッジテクノロジー,2,0.580398554474381,0.0,0.0,True,True,True,2024-09-09,0.0,0.0,0.0
baseline_dividend_sign,2,2024-09-11,4415,ブロードエンタープライズ,1,0.5873688803175448,0.0,-1.5277777777777724,True,True,True,2024-09-10,0.0,0.0,0.0
baseline_dividend_sign,2,2024-09-11,3180,ビューティガレージ,2,0.5783182598666035,1.0,2.6762402088772896,True,True,True,2024-09-10,0.0,0.0,0.0
baseline_dividend_sign,2,2024-09-12,7646,ＰＬＡＮＴ,1,0.5808720778406181,0.0,-0.32679738562091387,True,True,True,2024-09-11,0.0,0.0,0.0
baseline_dividend_sign,2,2024-09-12,3662,エイチーム,2,0.5753055802470824,0.0,-0.31746031746031633,True,True,True,2024-09-11,0.0,0.0,0.0
baseline_dividend_sign,2,2024-09-13,7110,クラシコム,1,0.5855689091232626,1.0,0.37707390648566985,True,True,True,2024-09-12,0.0,0.0,0.0
baseline_dividend_sign,2,2024-09-13,6914,オプテックスグループ,2,0.5820775170156177,0.0,-1.276595744680853,True,True,True,2024-09-12,0.0,0.0,0.0
baseline_dividend_sign,2,2024-09-17,7095,Ｍａｃｂｅｅ Ｐｌａｎｅｔ,1,0.5838488314535792,0.0,-7.722132471728593,True,True,True,2024-09-13,0.0,0.0,0.0
baseline_dividend_sign,2,2024-09-17,3962,チェンジホールディングス,2,0.5818117861933217,0.0,-0.40650406504064707,True,True,True,2024-09-13,0.0,0.0,0.0
baseline_dividend_sign,2,2024-09-18,9556,ＩＮＴＬＯＯＰ,1,0.6101070744822227,1.0,4.714912280701755,True,True,True,2024-09-17,0.0,0.0,0.0
baseline_dividend_sign,2,2024-09-18,3653,モルフォ,2,0.6046912331341165,0.0,-5.727554179566563,True,True,True,2024-09-17,0.0,0.0,0.0
baseline_dividend_sign,2,2024-09-19,1948,弘電社,1,0.5917975454807116,0.0,-2.140883977900554,True,True,True,2024-09-18,0.0,0.0,0.0
baseline_dividend_sign,2,2024-09-19,3107,ダイワボウホールディングス,2,0.581198970844004,1.0,0.07385524372229835,True,True,True,2024-09-18,0.0,0.0,0.0
baseline_dividend_sign,2,2024-09-20,3153,八洲電機,1,0.5796675912355236,1.0,1.4983351831298508,True,True,True,2024-09-19,0.0,0.0,0.0
baseline_dividend_sign,2,2024-09-20,3107,ダイワボウホールディングス,2,0.5767434849301809,0.0,-1.8118594436310365,True,True,True,2024-09-19,0.0,0.0,0.0
baseline_dividend_sign,2,2024-09-24,3461,パルマ,1,0.5941111368912929,1.0,3.439803439803435,True,True,True,2024-09-20,1.0,1.0,0.0
baseline_dividend_sign,2,2024-09-24,3962,チェンジホールディングス,2,0.5850314460664336,0.0,-4.984662576687116,True,True,True,2024-09-20,0.0,0.0,0.0
baseline_dividend_sign,2,2024-09-25,3696,セレス,1,0.601939498872598,0.0,-4.073587385019706,True,True,True,2024-09-24,0.0,0.0,0.0
baseline_dividend_sign,2,2024-09-25,4512,わかもと製薬,2,0.5890694605358763,1.0,1.7667844522968101,True,True,True,2024-09-24,0.0,0.0,0.0
baseline_dividend_sign,2,2024-09-26,7878,光・彩,1,0.60541499807922,0.0,-5.873015873015874,True,True,True,2024-09-25,0.0,0.0,0.0
baseline_dividend_sign,2,2024-09-26,9418,Ｕ−ＮＥＸＴ ＨＯＬＤＩＮＧＳ,2,0.5736039964318712,1.0,3.917910447761197,True,True,True,2024-09-25,0.0,0.0,0.0
baseline_dividend_sign,2,2024-09-27,3962,チェンジホールディングス,1,0.572560836686354,1.0,0.15923566878981443,True,True,True,2024-09-26,0.0,0.0,0.0
baseline_dividend_sign,2,2024-09-27,3107,ダイワボウホールディングス,2,0.5656593440774549,1.0,0.6537102473498146,True,True,True,2024-09-26,0.0,0.0,0.0
baseline_dividend_sign,2,2024-09-30,3962,チェンジホールディングス,1,0.5744644800855749,0.0,-2.515723270440251,True,True,True,2024-09-27,0.0,0.0,0.0
baseline_dividend_sign,2,2024-09-30,3107,ダイワボウホールディングス,2,0.5664455561310627,1.0,0.7040948675189895,True,True,True,2024-09-27,0.0,0.0,0.0
baseline_dividend_sign,2,2024-10-01,3962,チェンジホールディングス,1,0.5946694573420831,1.0,3.571428571428581,True,True,True,2024-09-30,0.0,0.0,0.0
baseline_dividend_sign,2,2024-10-01,7163,住信ＳＢＩネット銀行,2,0.5674281349745105,1.0,0.952380952380949,True,True,True,2024-09-30,1.0,0.0,0.0
baseline_dividend_sign,2,2024-10-02,7061,日本ホスピスホールディングス,1,0.5640898107913264,1.0,0.26631158455392434,True,True,True,2024-10-01,0.0,0.0,0.0
baseline_dividend_sign,2,2024-10-02,7163,住信ＳＢＩネット銀行,2,0.5498077913956296,0.0,-0.371747211895912,True,True,True,2024-10-01,0.0,0.0,0.0
baseline_dividend_sign,2,2024-10-03,9722,藤⽥観光,1,0.5617969182245708,0.0,-0.6857142857142895,True,True,True,2024-10-02,0.0,0.0,0.0
baseline_dividend_sign,2,2024-10-03,3083,シーズメン,2,0.5594363478938879,0.0,-3.5278154681139706,True,True,True,2024-10-02,0.0,0.0,0.0
baseline_dividend_sign,2,2024-10-04,2980,ＳＲＥホールディングス,1,0.5693119599420997,1.0,0.8695652173912993,True,True,True,2024-10-03,0.0,0.0,0.0
baseline_dividend_sign,2,2024-10-04,5575,Ｇｌｏｂｅｅ,2,0.5674608841349913,0.0,-2.329916123019571,True,True,True,2024-10-03,0.0,0.0,0.0
baseline_dividend_sign,2,2024-10-07,7061,日本ホスピスホールディングス,1,0.580573034612759,1.0,0.6662225183211135,True,True,True,2024-10-04,0.0,0.0,0.0
baseline_dividend_sign,2,2024-10-07,5575,Ｇｌｏｂｅｅ,2,0.5731741930866276,1.0,0.37383177570093906,True,True,True,2024-10-04,0.0,0.0,0.0
baseline_dividend_sign,2,2024-10-08,7061,日本ホスピスホールディングス,1,0.5692380025649508,0.0,-2.474916387959869,True,True,True,2024-10-07,0.0,0.0,0.0
baseline_dividend_sign,2,2024-10-08,5575,Ｇｌｏｂｅｅ,2,0.5636115472696912,1.0,0.92592592592593,True,True,True,2024-10-07,0.0,0.0,0.0
baseline_dividend_sign,2,2024-10-09,7061,日本ホスピスホールディングス,1,0.5765981578217299,0.0,-0.20311442112389555,True,True,True,2024-10-08,0.0,0.0,0.0
baseline_dividend_sign,2,2024-10-09,7082,ジモティー,2,0.5725940572842083,0.0,-1.9083969465648831,True,True,True,2024-10-08,0.0,0.0,0.0
baseline_dividend_sign,2,2024-10-10,1911,住友林業,1,0.5772768668444146,0.0,-0.8724100327153761,True,True,True,2024-10-09,0.0,0.0,0.0
baseline_dividend_sign,2,2024-10-10,7061,日本ホスピスホールディングス,2,0.5754315201803206,0.0,-2.626262626262621,True,True,True,2024-10-09,0.0,0.0,0.0
baseline_dividend_sign,2,2024-10-11,7061,日本ホスピスホールディングス,1,0.5904329318996893,0.0,-0.1387925052047212,True,True,True,2024-10-10,0.0,0.0,0.0
baseline_dividend_sign,2,2024-10-11,7082,ジモティー,2,0.5729446629932213,0.0,-0.15491866769945517,True,True,True,2024-10-10,0.0,0.0,0.0
baseline_dividend_sign,2,2024-10-15,9601,松竹,1,0.5768856099179791,1.0,0.9304812834224574,True,True,True,2024-10-11,1.0,0.0,0.0
baseline_dividend_sign,2,2024-10-15,9418,Ｕ−ＮＥＸＴ ＨＯＬＤＩＮＧＳ,2,0.5716085092870437,0.0,-1.3671875,True,True,True,2024-10-11,0.0,0.0,0.0
baseline_dividend_sign,2,2024-10-16,9024,⻄武ホールディングス,1,0.5741211418937592,0.0,-1.2481426448736954,True,True,True,2024-10-15,0.0,0.0,0.0
baseline_dividend_sign,2,2024-10-16,1407,ウエストホールディングス,2,0.564905095170761,0.0,-8.89627168696936,True,True,True,2024-10-15,1.0,0.0,0.0
baseline_dividend_sign,2,2024-10-17,9024,⻄武ホールディングス,1,0.5716055665607742,1.0,1.2124886329190732,True,True,True,2024-10-16,0.0,0.0,0.0
baseline_dividend_sign,2,2024-10-17,7061,日本ホスピスホールディングス,2,0.5670035224003371,1.0,0.0683060109289535,True,True,True,2024-10-16,0.0,0.0,0.0
baseline_dividend_sign,2,2024-10-18,4429,リックソフト,1,0.5810827478273254,0.0,-2.2346368715083775,True,True,True,2024-10-17,0.0,0.0,0.0
baseline_dividend_sign,2,2024-10-18,5218,オハラ,2,0.5623817060945385,1.0,0.7570022710068125,True,True,True,2024-10-17,0.0,0.0,0.0
baseline_dividend_sign,2,2024-10-21,4014,カラダノート,1,0.6007676190010564,1.0,3.106796116504862,True,True,True,2024-10-18,0.0,0.0,0.0
baseline_dividend_sign,2,2024-10-21,5449,大阪製鐵,2,0.5704860105740046,0.0,-0.45045045045044585,True,True,True,2024-10-18,0.0,0.0,0.0
baseline_dividend_sign,2,2024-10-22,2138,クルーズ,1,0.5605506961455031,0.0,-1.1437908496731986,True,True,True,2024-10-21,0.0,0.0,0.0
baseline_dividend_sign,2,2024-10-22,3223,エスエルディー,2,0.559610792241586,1.0,0.11325028312569874,True,True,True,2024-10-21,0.0,0.0,0.0
baseline_dividend_sign,2,2024-10-23,7061,日本ホスピスホールディングス,1,0.5772387210603872,0.0,-3.5739313244569026,True,True,True,2024-10-22,0.0,0.0,0.0
baseline_dividend_sign,2,2024-10-23,4384,ラクスル,2,0.5652626279130798,1.0,0.8921330089213253,True,True,True,2024-10-22,0.0,0.0,0.0
baseline_dividend_sign,2,2024-10-24,7061,日本ホスピスホールディングス,1,0.5818979832613984,0.0,-0.513950073421443,True,True,True,2024-10-23,0.0,0.0,0.0
baseline_dividend_sign,2,2024-10-24,4060,ｒａｋｕｍｏ,2,0.5711751624400119,1.0,2.3227383863080764,True,True,True,2024-10-23,0.0,0.0,0.0
baseline_dividend_sign,2,2024-10-25,7061,日本ホスピスホールディングス,1,0.5692568049430571,0.0,-1.2583271650629113,True,True,True,2024-10-24,0.0,0.0,0.0
baseline_dividend_sign,2,2024-10-25,4361,川口化学⼯業,2,0.5652150826821031,0.0,-0.6269592476489061,True,True,True,2024-10-24,0.0,0.0,0.0
baseline_dividend_sign,2,2024-10-28,4811,ドリーム・アーツ,1,0.568995491884332,1.0,6.919396393080612,True,True,True,2024-10-25,0.0,0.0,0.0
baseline_dividend_sign,2,2024-10-28,7061,日本ホスピスホールディングス,2,0.5655751292972168,1.0,5.909090909090908,True,True,True,2024-10-25,0.0,0.0,0.0
baseline_dividend_sign,2,2024-10-29,3663,セルシス,1,0.5585130994564347,1.0,3.5031847133758065,True,True,True,2024-10-28,0.0,0.0,0.0
baseline_dividend_sign,2,2024-10-29,4119,日本ピグメントホールディングス,2,0.5522741024114252,0.0,-2.2187004754358197,True,True,True,2024-10-28,0.0,0.0,0.0
baseline_dividend_sign,2,2024-10-30,4612,日本ペイントホールディングス,1,0.58982019268922,0.0,-0.7569386038687953,True,True,True,2024-10-29,0.0,0.0,0.0
baseline_dividend_sign,2,2024-10-30,6866,日置電機,2,0.5677147998500468,1.0,1.3664596273291973,True,True,True,2024-10-29,0.0,0.0,0.0
baseline_dividend_sign,2,2024-10-31,7278,エクセディ,1,0.5696756530599233,1.0,2.6731470230862753,True,True,True,2024-10-30,0.0,0.0,0.0
baseline_dividend_sign,2,2024-10-31,3529,アツギ,2,0.5649166163880565,1.0,9.394313967861567,True,True,True,2024-10-30,1.0,0.0,0.0
baseline_buyback_dividend,1,2024-09-02,4579,ラクオリア創薬,1,0.5904746100387424,0.0,-2.6856240126382325,True,True,True,2024-08-30,0.0,0.0,0.0
baseline_buyback_dividend,1,2024-09-03,4369,トリケミカル研究所,1,0.6149744287667241,0.0,-3.584672435105063,True,True,True,2024-09-02,0.0,0.0,0.0
baseline_buyback_dividend,1,2024-09-04,4889,レナサイエンス,1,0.5984589460628648,0.0,-3.385416666666663,True,True,True,2024-09-03,0.0,0.0,0.0
baseline_buyback_dividend,1,2024-09-05,3974,ＳＣＡＴ,1,0.5662204483954781,1.0,0.22831050228311334,True,True,True,2024-09-04,0.0,0.0,0.0
baseline_buyback_dividend,1,2024-09-06,6034,ＭＲＴ,1,0.5861137263638305,1.0,4.643962848297223,True,True,True,2024-09-05,0.0,0.0,0.0
baseline_buyback_dividend,1,2024-09-09,9232,パスコ,1,0.6114604670059175,0.0,0.0,True,True,True,2024-09-06,0.0,0.0,0.0
baseline_buyback_dividend,1,2024-09-10,9307,杉村倉庫,1,0.595936543235869,0.0,-1.1345218800648316,True,True,True,2024-09-09,0.0,0.0,0.0
baseline_buyback_dividend,1,2024-09-11,4415,ブロードエンタープライズ,1,0.5873755883104695,0.0,-1.5277777777777724,True,True,True,2024-09-10,0.0,0.0,0.0
baseline_buyback_dividend,1,2024-09-12,7646,ＰＬＡＮＴ,1,0.5808512122193927,0.0,-0.32679738562091387,True,True,True,2024-09-11,0.0,0.0,0.0
baseline_buyback_dividend,1,2024-09-13,7110,クラシコム,1,0.5855489775680721,1.0,0.37707390648566985,True,True,True,2024-09-12,0.0,0.0,0.0
baseline_buyback_dividend,1,2024-09-17,7095,Ｍａｃｂｅｅ Ｐｌａｎｅｔ,1,0.5838322345082981,0.0,-7.722132471728593,True,True,True,2024-09-13,0.0,0.0,0.0
baseline_buyback_dividend,1,2024-09-18,9556,ＩＮＴＬＯＯＰ,1,0.6100898198679793,1.0,4.714912280701755,True,True,True,2024-09-17,0.0,0.0,0.0
baseline_buyback_dividend,1,2024-09-19,1948,弘電社,1,0.5917802824016443,0.0,-2.140883977900554,True,True,True,2024-09-18,0.0,0.0,0.0
baseline_buyback_dividend,1,2024-09-20,3153,八洲電機,1,0.5796583854509075,1.0,1.4983351831298508,True,True,True,2024-09-19,0.0,0.0,0.0
baseline_buyback_dividend,1,2024-09-24,3461,パルマ,1,0.5940897301585378,1.0,3.439803439803435,True,True,True,2024-09-20,1.0,1.0,0.0
baseline_buyback_dividend,1,2024-09-25,3696,セレス,1,0.6019218258593259,0.0,-4.073587385019706,True,True,True,2024-09-24,0.0,0.0,0.0
baseline_buyback_dividend,1,2024-09-26,7878,光・彩,1,0.6053966002471263,0.0,-5.873015873015874,True,True,True,2024-09-25,0.0,0.0,0.0
baseline_buyback_dividend,1,2024-09-27,3962,チェンジホールディングス,1,0.5725286495176872,1.0,0.15923566878981443,True,True,True,2024-09-26,0.0,0.0,0.0
baseline_buyback_dividend,1,2024-09-30,3962,チェンジホールディングス,1,0.57443205538471,0.0,-2.515723270440251,True,True,True,2024-09-27,0.0,0.0,0.0
baseline_buyback_dividend,1,2024-10-01,3962,チェンジホールディングス,1,0.5946400335755703,1.0,3.571428571428581,True,True,True,2024-09-30,0.0,0.0,0.0
baseline_buyback_dividend,1,2024-10-02,7061,日本ホスピスホールディングス,1,0.5640537004448132,1.0,0.26631158455392434,True,True,True,2024-10-01,0.0,0.0,0.0
baseline_buyback_dividend,1,2024-10-03,9722,藤⽥観光,1,0.5617749412325488,0.0,-0.6857142857142895,True,True,True,2024-10-02,0.0,0.0,0.0
baseline_buyback_dividend,1,2024-10-04,2980,ＳＲＥホールディングス,1,0.5692937037630227,1.0,0.8695652173912993,True,True,True,2024-10-03,0.0,0.0,0.0
baseline_buyback_dividend,1,2024-10-07,7061,日本ホスピスホールディングス,1,0.5805399274401514,1.0,0.6662225183211135,True,True,True,2024-10-04,0.0,0.0,0.0
baseline_buyback_dividend,1,2024-10-08,7061,日本ホスピスホールディングス,1,0.5691952553307503,0.0,-2.474916387959869,True,True,True,2024-10-07,0.0,0.0,0.0
baseline_buyback_dividend,1,2024-10-09,7061,日本ホスピスホールディングス,1,0.5765630460632237,0.0,-0.20311442112389555,True,True,True,2024-10-08,0.0,0.0,0.0
baseline_buyback_dividend,1,2024-10-10,1911,住友林業,1,0.5772486752281644,0.0,-0.8724100327153761,True,True,True,2024-10-09,0.0,0.0,0.0
baseline_buyback_dividend,1,2024-10-11,7061,日本ホスピスホールディングス,1,0.5904012472205514,0.0,-0.1387925052047212,True,True,True,2024-10-10,0.0,0.0,0.0
baseline_buyback_dividend,1,2024-10-15,9601,松竹,1,0.5768765968305852,1.0,0.9304812834224574,True,True,True,2024-10-11,1.0,0.0,0.0
baseline_buyback_dividend,1,2024-10-16,9024,⻄武ホールディングス,1,0.5740854823610566,0.0,-1.2481426448736954,True,True,True,2024-10-15,0.0,0.0,0.0
baseline_buyback_dividend,1,2024-10-17,9024,⻄武ホールディングス,1,0.5715701705078655,1.0,1.2124886329190732,True,True,True,2024-10-16,0.0,0.0,0.0
baseline_buyback_dividend,1,2024-10-18,4429,リックソフト,1,0.5810713065626696,0.0,-2.2346368715083775,True,True,True,2024-10-17,0.0,0.0,0.0
baseline_buyback_dividend,1,2024-10-21,4014,カラダノート,1,0.6007577020646484,1.0,3.106796116504862,True,True,True,2024-10-18,0.0,0.0,0.0
baseline_buyback_dividend,1,2024-10-22,3031,ラクーンホールディングス,1,0.5714215184733352,1.0,1.8041237113401998,True,True,True,2024-10-21,1.0,1.0,0.0
baseline_buyback_dividend,1,2024-10-23,7061,日本ホスピスホールディングス,1,0.5772079558431951,0.0,-3.5739313244569026,True,True,True,2024-10-22,0.0,0.0,0.0
baseline_buyback_dividend,1,2024-10-24,7061,日本ホスピスホールディングス,1,0.5818653226397308,0.0,-0.513950073421443,True,True,True,2024-10-23,0.0,0.0,0.0
baseline_buyback_dividend,1,2024-10-25,7061,日本ホスピスホールディングス,1,0.5692207529527271,0.0,-1.2583271650629113,True,True,True,2024-10-24,0.0,0.0,0.0
baseline_buyback_dividend,1,2024-10-28,4811,ドリーム・アーツ,1,0.5689703388870226,1.0,6.919396393080612,True,True,True,2024-10-25,0.0,0.0,0.0
baseline_buyback_dividend,1,2024-10-29,3663,セルシス,1,0.5584818284164014,1.0,3.5031847133758065,True,True,True,2024-10-28,0.0,0.0,0.0
baseline_buyback_dividend,1,2024-10-30,4612,日本ペイントホールディングス,1,0.5898124177071644,0.0,-0.7569386038687953,True,True,True,2024-10-29,0.0,0.0,0.0
baseline_buyback_dividend,1,2024-10-31,7278,エクセディ,1,0.5696611801019935,1.0,2.6731470230862753,True,True,True,2024-10-30,0.0,0.0,0.0
baseline_buyback_dividend,2,2024-09-02,4579,ラクオリア創薬,1,0.5904746100387424,0.0,-2.6856240126382325,True,True,True,2024-08-30,0.0,0.0,0.0
baseline_buyback_dividend,2,2024-09-02,3433,トーカロ,2,0.5868900030172077,0.0,-0.05393743257821049,True,True,True,2024-08-30,0.0,0.0,0.0
baseline_buyback_dividend,2,2024-09-03,4369,トリケミカル研究所,1,0.6149744287667241,0.0,-3.584672435105063,True,True,True,2024-09-02,0.0,0.0,0.0
baseline_buyback_dividend,2,2024-09-03,9238,バリュークリエーション,2,0.5850648048141738,0.0,-0.19193857965451588,True,True,True,2024-09-02,0.0,0.0,0.0
baseline_buyback_dividend,2,2024-09-04,4889,レナサイエンス,1,0.5984589460628648,0.0,-3.385416666666663,True,True,True,2024-09-03,0.0,0.0,0.0
baseline_buyback_dividend,2,2024-09-04,1807,佐藤渡辺,2,0.5698214437458794,0.0,-2.19907407407407,True,True,True,2024-09-03,0.0,0.0,0.0
baseline_buyback_dividend,2,2024-09-05,3974,ＳＣＡＴ,1,0.5662204483954781,1.0,0.22831050228311334,True,True,True,2024-09-04,0.0,0.0,0.0
baseline_buyback_dividend,2,2024-09-05,7287,日本精機,2,0.5636254586015517,0.0,0.0,True,True,True,2024-09-04,1.0,0.0,0.0
baseline_buyback_dividend,2,2024-09-06,6034,ＭＲＴ,1,0.5861137263638305,1.0,4.643962848297223,True,True,True,2024-09-05,0.0,0.0,0.0
baseline_buyback_dividend,2,2024-09-06,5247,ＢＴＭ,2,0.5702237129675674,1.0,0.5380476556495095,True,True,True,2024-09-05,0.0,0.0,0.0
baseline_buyback_dividend,2,2024-09-09,9232,パスコ,1,0.6114604670059175,0.0,0.0,True,True,True,2024-09-06,0.0,0.0,0.0
baseline_buyback_dividend,2,2024-09-09,4890,坪⽥ラボ,2,0.5935243824609067,1.0,1.4678899082568808,True,True,True,2024-09-06,0.0,0.0,0.0
baseline_buyback_dividend,2,2024-09-10,9307,杉村倉庫,1,0.595936543235869,0.0,-1.1345218800648316,True,True,True,2024-09-09,0.0,0.0,0.0
baseline_buyback_dividend,2,2024-09-10,4268,エッジテクノロジー,2,0.5803761871453024,0.0,0.0,True,True,True,2024-09-09,0.0,0.0,0.0
baseline_buyback_dividend,2,2024-09-11,4415,ブロードエンタープライズ,1,0.5873755883104695,0.0,-1.5277777777777724,True,True,True,2024-09-10,0.0,0.0,0.0
baseline_buyback_dividend,2,2024-09-11,3180,ビューティガレージ,2,0.5782848134325379,1.0,2.6762402088772896,True,True,True,2024-09-10,0.0,0.0,0.0
baseline_buyback_dividend,2,2024-09-12,7646,ＰＬＡＮＴ,1,0.5808512122193927,0.0,-0.32679738562091387,True,True,True,2024-09-11,0.0,0.0,0.0
baseline_buyback_dividend,2,2024-09-12,3662,エイチーム,2,0.575285293649442,0.0,-0.31746031746031633,True,True,True,2024-09-11,0.0,0.0,0.0
baseline_buyback_dividend,2,2024-09-13,7110,クラシコム,1,0.5855489775680721,1.0,0.37707390648566985,True,True,True,2024-09-12,0.0,0.0,0.0
baseline_buyback_dividend,2,2024-09-13,6914,オプテックスグループ,2,0.582048241440932,0.0,-1.276595744680853,True,True,True,2024-09-12,0.0,0.0,0.0
baseline_buyback_dividend,2,2024-09-17,7095,Ｍａｃｂｅｅ Ｐｌａｎｅｔ,1,0.5838322345082981,0.0,-7.722132471728593,True,True,True,2024-09-13,0.0,0.0,0.0
baseline_buyback_dividend,2,2024-09-17,3962,チェンジホールディングス,2,0.5817897779560037,0.0,-0.40650406504064707,True,True,True,2024-09-13,0.0,0.0,0.0
baseline_buyback_dividend,2,2024-09-18,9556,ＩＮＴＬＯＯＰ,1,0.6100898198679793,1.0,4.714912280701755,True,True,True,2024-09-17,0.0,0.0,0.0
baseline_buyback_dividend,2,2024-09-18,3653,モルフォ,2,0.6046759436981698,0.0,-5.727554179566563,True,True,True,2024-09-17,0.0,0.0,0.0
baseline_buyback_dividend,2,2024-09-19,1948,弘電社,1,0.5917802824016443,0.0,-2.140883977900554,True,True,True,2024-09-18,0.0,0.0,0.0
baseline_buyback_dividend,2,2024-09-19,3107,ダイワボウホールディングス,2,0.5811644515194037,1.0,0.07385524372229835,True,True,True,2024-09-18,0.0,0.0,0.0
baseline_buyback_dividend,2,2024-09-20,3153,八洲電機,1,0.5796583854509075,1.0,1.4983351831298508,True,True,True,2024-09-19,0.0,0.0,0.0
baseline_buyback_dividend,2,2024-09-20,3107,ダイワボウホールディングス,2,0.5767075867527128,0.0,-1.8118594436310365,True,True,True,2024-09-19,0.0,0.0,0.0
baseline_buyback_dividend,2,2024-09-24,3461,パルマ,1,0.5940897301585378,1.0,3.439803439803435,True,True,True,2024-09-20,1.0,1.0,0.0
baseline_buyback_dividend,2,2024-09-24,3962,チェンジホールディングス,2,0.5850054605305891,0.0,-4.984662576687116,True,True,True,2024-09-20,0.0,0.0,0.0
baseline_buyback_dividend,2,2024-09-25,3696,セレス,1,0.6019218258593259,0.0,-4.073587385019706,True,True,True,2024-09-24,0.0,0.0,0.0
baseline_buyback_dividend,2,2024-09-25,4512,わかもと製薬,2,0.5890487688004968,1.0,1.7667844522968101,True,True,True,2024-09-24,0.0,0.0,0.0
baseline_buyback_dividend,2,2024-09-26,7878,光・彩,1,0.6053966002471263,0.0,-5.873015873015874,True,True,True,2024-09-25,0.0,0.0,0.0
baseline_buyback_dividend,2,2024-09-26,9418,Ｕ−ＮＥＸＴ ＨＯＬＤＩＮＧＳ,2,0.5735827041520714,1.0,3.917910447761197,True,True,True,2024-09-25,0.0,0.0,0.0
baseline_buyback_dividend,2,2024-09-27,3962,チェンジホールディングス,1,0.5725286495176872,1.0,0.15923566878981443,True,True,True,2024-09-26,0.0,0.0,0.0
baseline_buyback_dividend,2,2024-09-27,3107,ダイワボウホールディングス,2,0.5656216009289244,1.0,0.6537102473498146,True,True,True,2024-09-26,0.0,0.0,0.0
baseline_buyback_dividend,2,2024-09-30,3962,チェンジホールディングス,1,0.57443205538471,0.0,-2.515723270440251,True,True,True,2024-09-27,0.0,0.0,0.0
baseline_buyback_dividend,2,2024-09-30,3107,ダイワボウホールディングス,2,0.5664103182339937,1.0,0.7040948675189895,True,True,True,2024-09-27,0.0,0.0,0.0
baseline_buyback_dividend,2,2024-10-01,3962,チェンジホールディングス,1,0.5946400335755703,1.0,3.571428571428581,True,True,True,2024-09-30,0.0,0.0,0.0
baseline_buyback_dividend,2,2024-10-01,7163,住信ＳＢＩネット銀行,2,0.5674027336611164,1.0,0.952380952380949,True,True,True,2024-09-30,1.0,0.0,0.0
baseline_buyback_dividend,2,2024-10-02,7061,日本ホスピスホールディングス,1,0.5640537004448132,1.0,0.26631158455392434,True,True,True,2024-10-01,0.0,0.0,0.0
baseline_buyback_dividend,2,2024-10-02,7163,住信ＳＢＩネット銀行,2,0.5497730276316678,0.0,-0.371747211895912,True,True,True,2024-10-01,0.0,0.0,0.0
baseline_buyback_dividend,2,2024-10-03,9722,藤⽥観光,1,0.5617749412325488,0.0,-0.6857142857142895,True,True,True,2024-10-02,0.0,0.0,0.0
baseline_buyback_dividend,2,2024-10-03,3083,シーズメン,2,0.5594136028737321,0.0,-3.5278154681139706,True,True,True,2024-10-02,0.0,0.0,0.0
baseline_buyback_dividend,2,2024-10-04,2980,ＳＲＥホールディングス,1,0.5692937037630227,1.0,0.8695652173912993,True,True,True,2024-10-03,0.0,0.0,0.0
baseline_buyback_dividend,2,2024-10-04,5575,Ｇｌｏｂｅｅ,2,0.5674451941892568,0.0,-2.329916123019571,True,True,True,2024-10-03,0.0,0.0,0.0
baseline_buyback_dividend,2,2024-10-07,7061,日本ホスピスホールディングス,1,0.5805399274401514,1.0,0.6662225183211135,True,True,True,2024-10-04,0.0,0.0,0.0
baseline_buyback_dividend,2,2024-10-07,5575,Ｇｌｏｂｅｅ,2,0.573154521830717,1.0,0.37383177570093906,True,True,True,2024-10-04,0.0,0.0,0.0
baseline_buyback_dividend,2,2024-10-08,7061,日本ホスピスホールディングス,1,0.5691952553307503,0.0,-2.474916387959869,True,True,True,2024-10-07,0.0,0.0,0.0
baseline_buyback_dividend,2,2024-10-08,5575,Ｇｌｏｂｅｅ,2,0.5635845394338238,1.0,0.92592592592593,True,True,True,2024-10-07,0.0,0.0,0.0
baseline_buyback_dividend,2,2024-10-09,7061,日本ホスピスホールディングス,1,0.5765630460632237,0.0,-0.20311442112389555,True,True,True,2024-10-08,0.0,0.0,0.0
baseline_buyback_dividend,2,2024-10-09,7082,ジモティー,2,0.5725689185691896,0.0,-1.9083969465648831,True,True,True,2024-10-08,0.0,0.0,0.0
baseline_buyback_dividend,2,2024-10-10,1911,住友林業,1,0.5772486752281644,0.0,-0.8724100327153761,True,True,True,2024-10-09,0.0,0.0,0.0
baseline_buyback_dividend,2,2024-10-10,7061,日本ホスピスホールディングス,2,0.5753936053806722,0.0,-2.626262626262621,True,True,True,2024-10-09,0.0,0.0,0.0
baseline_buyback_dividend,2,2024-10-11,7061,日本ホスピスホールディングス,1,0.5904012472205514,0.0,-0.1387925052047212,True,True,True,2024-10-10,0.0,0.0,0.0
baseline_buyback_dividend,2,2024-10-11,7082,ジモティー,2,0.5729150325687984,0.0,-0.15491866769945517,True,True,True,2024-10-10,0.0,0.0,0.0
baseline_buyback_dividend,2,2024-10-15,9601,松竹,1,0.5768765968305852,1.0,0.9304812834224574,True,True,True,2024-10-11,1.0,0.0,0.0
baseline_buyback_dividend,2,2024-10-15,9418,Ｕ−ＮＥＸＴ ＨＯＬＤＩＮＧＳ,2,0.5715864627903879,0.0,-1.3671875,True,True,True,2024-10-11,0.0,0.0,0.0
baseline_buyback_dividend,2,2024-10-16,9024,⻄武ホールディングス,1,0.5740854823610566,0.0,-1.2481426448736954,True,True,True,2024-10-15,0.0,0.0,0.0
baseline_buyback_dividend,2,2024-10-16,1407,ウエストホールディングス,2,0.5648846835102752,0.0,-8.89627168696936,True,True,True,2024-10-15,1.0,0.0,0.0
baseline_buyback_dividend,2,2024-10-17,9024,⻄武ホールディングス,1,0.5715701705078655,1.0,1.2124886329190732,True,True,True,2024-10-16,0.0,0.0,0.0
baseline_buyback_dividend,2,2024-10-17,7061,日本ホスピスホールディングス,2,0.5669708639479417,1.0,0.0683060109289535,True,True,True,2024-10-16,0.0,0.0,0.0
baseline_buyback_dividend,2,2024-10-18,4429,リックソフト,1,0.5810713065626696,0.0,-2.2346368715083775,True,True,True,2024-10-17,0.0,0.0,0.0
baseline_buyback_dividend,2,2024-10-18,5218,オハラ,2,0.5623572518979755,1.0,0.7570022710068125,True,True,True,2024-10-17,0.0,0.0,0.0
baseline_buyback_dividend,2,2024-10-21,4014,カラダノート,1,0.6007577020646484,1.0,3.106796116504862,True,True,True,2024-10-18,0.0,0.0,0.0
baseline_buyback_dividend,2,2024-10-21,5449,大阪製鐵,2,0.5704630386951917,0.0,-0.45045045045044585,True,True,True,2024-10-18,0.0,0.0,0.0
baseline_buyback_dividend,2,2024-10-22,3031,ラクーンホールディングス,1,0.5714215184733352,1.0,1.8041237113401998,True,True,True,2024-10-21,1.0,1.0,0.0
baseline_buyback_dividend,2,2024-10-22,2138,クルーズ,2,0.5605227259481114,0.0,-1.1437908496731986,True,True,True,2024-10-21,0.0,0.0,0.0
baseline_buyback_dividend,2,2024-10-23,7061,日本ホスピスホールディングス,1,0.5772079558431951,0.0,-3.5739313244569026,True,True,True,2024-10-22,0.0,0.0,0.0
baseline_buyback_dividend,2,2024-10-23,4384,ラクスル,2,0.565231507711436,1.0,0.8921330089213253,True,True,True,2024-10-22,0.0,0.0,0.0
baseline_buyback_dividend,2,2024-10-24,7061,日本ホスピスホールディングス,1,0.5818653226397308,0.0,-0.513950073421443,True,True,True,2024-10-23,0.0,0.0,0.0
baseline_buyback_dividend,2,2024-10-24,4060,ｒａｋｕｍｏ,2,0.5711502818164931,1.0,2.3227383863080764,True,True,True,2024-10-23,0.0,0.0,0.0
baseline_buyback_dividend,2,2024-10-25,7061,日本ホスピスホールディングス,1,0.5692207529527271,0.0,-1.2583271650629113,True,True,True,2024-10-24,0.0,0.0,0.0
baseline_buyback_dividend,2,2024-10-25,4361,川口化学⼯業,2,0.5651821426612678,0.0,-0.6269592476489061,True,True,True,2024-10-24,0.0,0.0,0.0
baseline_buyback_dividend,2,2024-10-28,4811,ドリーム・アーツ,1,0.5689703388870226,1.0,6.919396393080612,True,True,True,2024-10-25,0.0,0.0,0.0
baseline_buyback_dividend,2,2024-10-28,7061,日本ホスピスホールディングス,2,0.5655412428382729,1.0,5.909090909090908,True,True,True,2024-10-25,0.0,0.0,0.0
baseline_buyback_dividend,2,2024-10-29,3663,セルシス,1,0.5584818284164014,1.0,3.5031847133758065,True,True,True,2024-10-28,0.0,0.0,0.0
baseline_buyback_dividend,2,2024-10-29,4119,日本ピグメントホールディングス,2,0.5522518815358255,0.0,-2.2187004754358197,True,True,True,2024-10-28,0.0,0.0,0.0
baseline_buyback_dividend,2,2024-10-30,4612,日本ペイントホールディングス,1,0.5898124177071644,0.0,-0.7569386038687953,True,True,True,2024-10-29,0.0,0.0,0.0
baseline_buyback_dividend,2,2024-10-30,6866,日置電機,2,0.567683134731457,1.0,1.3664596273291973,True,True,True,2024-10-29,0.0,0.0,0.0
baseline_buyback_dividend,2,2024-10-31,7278,エクセディ,1,0.5696611801019935,1.0,2.6731470230862753,True,True,True,2024-10-30,0.0,0.0,0.0
baseline_buyback_dividend,2,2024-10-31,3529,アツギ,2,0.5649100348754764,1.0,9.394313967861567,True,True,True,2024-10-30,1.0,0.0,0.0
baseline_tdnet_clear_flags,1,2024-09-02,4579,ラクオリア創薬,1,0.5904991567329808,0.0,-2.6856240126382325,True,True,True,2024-08-30,0.0,0.0,0.0
baseline_tdnet_clear_flags,1,2024-09-03,4369,トリケミカル研究所,1,0.6149965596219098,0.0,-3.584672435105063,True,True,True,2024-09-02,0.0,0.0,0.0
baseline_tdnet_clear_flags,1,2024-09-04,4889,レナサイエンス,1,0.5984791218764527,0.0,-3.385416666666663,True,True,True,2024-09-03,0.0,0.0,0.0
baseline_tdnet_clear_flags,1,2024-09-05,3974,ＳＣＡＴ,1,0.5662408313948359,1.0,0.22831050228311334,True,True,True,2024-09-04,0.0,0.0,0.0
baseline_tdnet_clear_flags,1,2024-09-06,6034,ＭＲＴ,1,0.5861384939301786,1.0,4.643962848297223,True,True,True,2024-09-05,0.0,0.0,0.0
baseline_tdnet_clear_flags,1,2024-09-09,9232,パスコ,1,0.6114824543191129,0.0,0.0,True,True,True,2024-09-06,0.0,0.0,0.0
baseline_tdnet_clear_flags,1,2024-09-10,9307,杉村倉庫,1,0.5959539107708516,0.0,-1.1345218800648316,True,True,True,2024-09-09,0.0,0.0,0.0
baseline_tdnet_clear_flags,1,2024-09-11,4415,ブロードエンタープライズ,1,0.5873936953965418,0.0,-1.5277777777777724,True,True,True,2024-09-10,0.0,0.0,0.0
baseline_tdnet_clear_flags,1,2024-09-12,7646,ＰＬＡＮＴ,1,0.5808694012234791,0.0,-0.32679738562091387,True,True,True,2024-09-11,0.0,0.0,0.0
baseline_tdnet_clear_flags,1,2024-09-13,7110,クラシコム,1,0.5855670320297758,1.0,0.37707390648566985,True,True,True,2024-09-12,0.0,0.0,0.0
baseline_tdnet_clear_flags,1,2024-09-17,7095,Ｍａｃｂｅｅ Ｐｌａｎｅｔ,1,0.5838509990240156,0.0,-7.722132471728593,True,True,True,2024-09-13,0.0,0.0,0.0
baseline_tdnet_clear_flags,1,2024-09-18,9556,ＩＮＴＬＯＯＰ,1,0.6101121768594042,1.0,4.714912280701755,True,True,True,2024-09-17,0.0,0.0,0.0
baseline_tdnet_clear_flags,1,2024-09-19,1948,弘電社,1,0.5917995400942907,0.0,-2.140883977900554,True,True,True,2024-09-18,0.0,0.0,0.0
baseline_tdnet_clear_flags,1,2024-09-20,3153,八洲電機,1,0.5796771751313878,1.0,1.4983351831298508,True,True,True,2024-09-19,0.0,0.0,0.0
baseline_tdnet_clear_flags,1,2024-09-24,3461,パルマ,1,0.5941124850000048,1.0,3.439803439803435,True,True,True,2024-09-20,1.0,1.0,0.0
baseline_tdnet_clear_flags,1,2024-09-25,3696,セレス,1,0.6019461106755518,0.0,-4.073587385019706,True,True,True,2024-09-24,0.0,0.0,0.0
baseline_tdnet_clear_flags,1,2024-09-26,7878,光・彩,1,0.6054184400829664,0.0,-5.873015873015874,True,True,True,2024-09-25,0.0,0.0,0.0
baseline_tdnet_clear_flags,1,2024-09-27,3962,チェンジホールディングス,1,0.5725506683421924,1.0,0.15923566878981443,True,True,True,2024-09-26,0.0,0.0,0.0
baseline_tdnet_clear_flags,1,2024-09-30,3962,チェンジホールディングス,1,0.5744535328799918,0.0,-2.515723270440251,True,True,True,2024-09-27,0.0,0.0,0.0
baseline_tdnet_clear_flags,1,2024-10-01,3962,チェンジホールディングス,1,0.5946710451934915,1.0,3.571428571428581,True,True,True,2024-09-30,0.0,0.0,0.0
baseline_tdnet_clear_flags,1,2024-10-02,7061,日本ホスピスホールディングス,1,0.5640832399501035,1.0,0.26631158455392434,True,True,True,2024-10-01,0.0,0.0,0.0
baseline_tdnet_clear_flags,1,2024-10-03,9722,藤⽥観光,1,0.5618007162028765,0.0,-0.6857142857142895,True,True,True,2024-10-02,0.0,0.0,0.0
baseline_tdnet_clear_flags,1,2024-10-04,2980,ＳＲＥホールディングス,1,0.5693191209289057,1.0,0.8695652173912993,True,True,True,2024-10-03,0.0,0.0,0.0
baseline_tdnet_clear_flags,1,2024-10-07,7061,日本ホスピスホールディングス,1,0.5805674810376604,1.0,0.6662225183211135,True,True,True,2024-10-04,0.0,0.0,0.0
baseline_tdnet_clear_flags,1,2024-10-08,7061,日本ホスピスホールディングス,1,0.569224200799834,0.0,-2.474916387959869,True,True,True,2024-10-07,0.0,0.0,0.0
baseline_tdnet_clear_flags,1,2024-10-09,7061,日本ホスピスホールディングス,1,0.5765903185357099,0.0,-0.20311442112389555,True,True,True,2024-10-08,0.0,0.0,0.0
baseline_tdnet_clear_flags,1,2024-10-10,1911,住友林業,1,0.5772760823014915,0.0,-0.8724100327153761,True,True,True,2024-10-09,0.0,0.0,0.0
baseline_tdnet_clear_flags,1,2024-10-11,7061,日本ホスピスホールディングス,1,0.5904285407267391,0.0,-0.1387925052047212,True,True,True,2024-10-10,0.0,0.0,0.0
baseline_tdnet_clear_flags,1,2024-10-15,9601,松竹,1,0.5769038860905862,1.0,0.9304812834224574,True,True,True,2024-10-11,1.0,0.0,0.0
baseline_tdnet_clear_flags,1,2024-10-16,9024,⻄武ホールディングス,1,0.574119698699343,0.0,-1.2481426448736954,True,True,True,2024-10-15,0.0,0.0,0.0
baseline_tdnet_clear_flags,1,2024-10-17,9024,⻄武ホールディングス,1,0.5716045663045091,1.0,1.2124886329190732,True,True,True,2024-10-16,0.0,0.0,0.0
baseline_tdnet_clear_flags,1,2024-10-18,4429,リックソフト,1,0.5810924838479539,0.0,-2.2346368715083775,True,True,True,2024-10-17,0.0,0.0,0.0
baseline_tdnet_clear_flags,1,2024-10-21,4014,カラダノート,1,0.6007873879316562,1.0,3.106796116504862,True,True,True,2024-10-18,0.0,0.0,0.0
baseline_tdnet_clear_flags,1,2024-10-22,3031,ラクーンホールディングス,1,0.5720364320428427,1.0,1.8041237113401998,True,True,True,2024-10-21,1.0,1.0,0.0
baseline_tdnet_clear_flags,1,2024-10-23,7061,日本ホスピスホールディングス,1,0.5772333088703173,0.0,-3.5739313244569026,True,True,True,2024-10-22,0.0,0.0,0.0
baseline_tdnet_clear_flags,1,2024-10-24,7061,日本ホスピスホールディングス,1,0.5818901426121409,0.0,-0.513950073421443,True,True,True,2024-10-23,0.0,0.0,0.0
baseline_tdnet_clear_flags,1,2024-10-25,7061,日本ホスピスホールディングス,1,0.5692461595355255,0.0,-1.2583271650629113,True,True,True,2024-10-24,0.0,0.0,0.0
baseline_tdnet_clear_flags,1,2024-10-28,4811,ドリーム・アーツ,1,0.5689999637291596,1.0,6.919396393080612,True,True,True,2024-10-25,0.0,0.0,0.0
baseline_tdnet_clear_flags,1,2024-10-29,3663,セルシス,1,0.5585078026817305,1.0,3.5031847133758065,True,True,True,2024-10-28,0.0,0.0,0.0
baseline_tdnet_clear_flags,1,2024-10-30,4612,日本ペイントホールディングス,1,0.5898499200804249,0.0,-0.7569386038687953,True,True,True,2024-10-29,0.0,0.0,0.0
baseline_tdnet_clear_flags,1,2024-10-31,7278,エクセディ,1,0.5696957251145476,1.0,2.6731470230862753,True,True,True,2024-10-30,0.0,0.0,0.0
baseline_tdnet_clear_flags,2,2024-09-02,4579,ラクオリア創薬,1,0.5904991567329808,0.0,-2.6856240126382325,True,True,True,2024-08-30,0.0,0.0,0.0
baseline_tdnet_clear_flags,2,2024-09-02,3433,トーカロ,2,0.586914849583034,0.0,-0.05393743257821049,True,True,True,2024-08-30,0.0,0.0,0.0
baseline_tdnet_clear_flags,2,2024-09-03,4369,トリケミカル研究所,1,0.6149965596219098,0.0,-3.584672435105063,True,True,True,2024-09-02,0.0,0.0,0.0
baseline_tdnet_clear_flags,2,2024-09-03,9238,バリュークリエーション,2,0.5850884258614716,0.0,-0.19193857965451588,True,True,True,2024-09-02,0.0,0.0,0.0
baseline_tdnet_clear_flags,2,2024-09-04,4889,レナサイエンス,1,0.5984791218764527,0.0,-3.385416666666663,True,True,True,2024-09-03,0.0,0.0,0.0
baseline_tdnet_clear_flags,2,2024-09-04,1807,佐藤渡辺,2,0.5698430093449401,0.0,-2.19907407407407,True,True,True,2024-09-03,0.0,0.0,0.0
baseline_tdnet_clear_flags,2,2024-09-05,3974,ＳＣＡＴ,1,0.5662408313948359,1.0,0.22831050228311334,True,True,True,2024-09-04,0.0,0.0,0.0
baseline_tdnet_clear_flags,2,2024-09-05,7287,日本精機,2,0.5636414587253874,0.0,0.0,True,True,True,2024-09-04,1.0,0.0,0.0
baseline_tdnet_clear_flags,2,2024-09-06,6034,ＭＲＴ,1,0.5861384939301786,1.0,4.643962848297223,True,True,True,2024-09-05,0.0,0.0,0.0
baseline_tdnet_clear_flags,2,2024-09-06,5247,ＢＴＭ,2,0.5702524339086986,1.0,0.5380476556495095,True,True,True,2024-09-05,0.0,0.0,0.0
baseline_tdnet_clear_flags,2,2024-09-09,9232,パスコ,1,0.6114824543191129,0.0,0.0,True,True,True,2024-09-06,0.0,0.0,0.0
baseline_tdnet_clear_flags,2,2024-09-09,4890,坪⽥ラボ,2,0.5935488027665234,1.0,1.4678899082568808,True,True,True,2024-09-06,0.0,0.0,0.0
baseline_tdnet_clear_flags,2,2024-09-10,9307,杉村倉庫,1,0.5959539107708516,0.0,-1.1345218800648316,True,True,True,2024-09-09,0.0,0.0,0.0
baseline_tdnet_clear_flags,2,2024-09-10,4268,エッジテクノロジー,2,0.5803994056822853,0.0,0.0,True,True,True,2024-09-09,0.0,0.0,0.0
baseline_tdnet_clear_flags,2,2024-09-11,4415,ブロードエンタープライズ,1,0.5873936953965418,0.0,-1.5277777777777724,True,True,True,2024-09-10,0.0,0.0,0.0
baseline_tdnet_clear_flags,2,2024-09-11,3180,ビューティガレージ,2,0.5783043348282221,1.0,2.6762402088772896,True,True,True,2024-09-10,0.0,0.0,0.0
baseline_tdnet_clear_flags,2,2024-09-12,7646,ＰＬＡＮＴ,1,0.5808694012234791,0.0,-0.32679738562091387,True,True,True,2024-09-11,0.0,0.0,0.0
baseline_tdnet_clear_flags,2,2024-09-12,3662,エイチーム,2,0.5753026493121758,0.0,-0.31746031746031633,True,True,True,2024-09-11,0.0,0.0,0.0
baseline_tdnet_clear_flags,2,2024-09-13,7110,クラシコム,1,0.5855670320297758,1.0,0.37707390648566985,True,True,True,2024-09-12,0.0,0.0,0.0
baseline_tdnet_clear_flags,2,2024-09-13,6914,オプテックスグループ,2,0.5820669306173231,0.0,-1.276595744680853,True,True,True,2024-09-12,0.0,0.0,0.0
baseline_tdnet_clear_flags,2,2024-09-17,7095,Ｍａｃｂｅｅ Ｐｌａｎｅｔ,1,0.5838509990240156,0.0,-7.722132471728593,True,True,True,2024-09-13,0.0,0.0,0.0
baseline_tdnet_clear_flags,2,2024-09-17,3962,チェンジホールディングス,2,0.5818091342991791,0.0,-0.40650406504064707,True,True,True,2024-09-13,0.0,0.0,0.0
baseline_tdnet_clear_flags,2,2024-09-18,9556,ＩＮＴＬＯＯＰ,1,0.6101121768594042,1.0,4.714912280701755,True,True,True,2024-09-17,0.0,0.0,0.0
baseline_tdnet_clear_flags,2,2024-09-18,3653,モルフォ,2,0.6046985833273134,0.0,-5.727554179566563,True,True,True,2024-09-17,0.0,0.0,0.0
baseline_tdnet_clear_flags,2,2024-09-19,1948,弘電社,1,0.5917995400942907,0.0,-2.140883977900554,True,True,True,2024-09-18,0.0,0.0,0.0
baseline_tdnet_clear_flags,2,2024-09-19,3107,ダイワボウホールディングス,2,0.5811829328123975,1.0,0.07385524372229835,True,True,True,2024-09-18,0.0,0.0,0.0
baseline_tdnet_clear_flags,2,2024-09-20,3153,八洲電機,1,0.5796771751313878,1.0,1.4983351831298508,True,True,True,2024-09-19,0.0,0.0,0.0
baseline_tdnet_clear_flags,2,2024-09-20,3107,ダイワボウホールディングス,2,0.5767263178161435,0.0,-1.8118594436310365,True,True,True,2024-09-19,0.0,0.0,0.0
baseline_tdnet_clear_flags,2,2024-09-24,3461,パルマ,1,0.5941124850000048,1.0,3.439803439803435,True,True,True,2024-09-20,1.0,1.0,0.0
baseline_tdnet_clear_flags,2,2024-09-24,3962,チェンジホールディングス,2,0.585024802664169,0.0,-4.984662576687116,True,True,True,2024-09-20,0.0,0.0,0.0
baseline_tdnet_clear_flags,2,2024-09-25,3696,セレス,1,0.6019461106755518,0.0,-4.073587385019706,True,True,True,2024-09-24,0.0,0.0,0.0
baseline_tdnet_clear_flags,2,2024-09-25,4512,わかもと製薬,2,0.5890687998715133,1.0,1.7667844522968101,True,True,True,2024-09-24,0.0,0.0,0.0
baseline_tdnet_clear_flags,2,2024-09-26,7878,光・彩,1,0.6054184400829664,0.0,-5.873015873015874,True,True,True,2024-09-25,0.0,0.0,0.0
baseline_tdnet_clear_flags,2,2024-09-26,9418,Ｕ−ＮＥＸＴ ＨＯＬＤＩＮＧＳ,2,0.5736009336919402,1.0,3.917910447761197,True,True,True,2024-09-25,0.0,0.0,0.0
baseline_tdnet_clear_flags,2,2024-09-27,3962,チェンジホールディングス,1,0.5725506683421924,1.0,0.15923566878981443,True,True,True,2024-09-26,0.0,0.0,0.0
baseline_tdnet_clear_flags,2,2024-09-27,3107,ダイワボウホールディングス,2,0.5656436941712089,1.0,0.6537102473498146,True,True,True,2024-09-26,0.0,0.0,0.0
baseline_tdnet_clear_flags,2,2024-09-30,3962,チェンジホールディングス,1,0.5744535328799918,0.0,-2.515723270440251,True,True,True,2024-09-27,0.0,0.0,0.0
baseline_tdnet_clear_flags,2,2024-09-30,3107,ダイワボウホールディングス,2,0.5664312101618697,1.0,0.7040948675189895,True,True,True,2024-09-27,0.0,0.0,0.0
baseline_tdnet_clear_flags,2,2024-10-01,3962,チェンジホールディングス,1,0.5946710451934915,1.0,3.571428571428581,True,True,True,2024-09-30,0.0,0.0,0.0
baseline_tdnet_clear_flags,2,2024-10-01,7163,住信ＳＢＩネット銀行,2,0.5674300190356284,1.0,0.952380952380949,True,True,True,2024-09-30,1.0,0.0,0.0
baseline_tdnet_clear_flags,2,2024-10-02,7061,日本ホスピスホールディングス,1,0.5640832399501035,1.0,0.26631158455392434,True,True,True,2024-10-01,0.0,0.0,0.0
baseline_tdnet_clear_flags,2,2024-10-02,7163,住信ＳＢＩネット銀行,2,0.5498011546220637,0.0,-0.371747211895912,True,True,True,2024-10-01,0.0,0.0,0.0
baseline_tdnet_clear_flags,2,2024-10-03,9722,藤⽥観光,1,0.5618007162028765,0.0,-0.6857142857142895,True,True,True,2024-10-02,0.0,0.0,0.0
baseline_tdnet_clear_flags,2,2024-10-03,3083,シーズメン,2,0.5594425199472095,0.0,-3.5278154681139706,True,True,True,2024-10-02,0.0,0.0,0.0
baseline_tdnet_clear_flags,2,2024-10-04,2980,ＳＲＥホールディングス,1,0.5693191209289057,1.0,0.8695652173912993,True,True,True,2024-10-03,0.0,0.0,0.0
baseline_tdnet_clear_flags,2,2024-10-04,5575,Ｇｌｏｂｅｅ,2,0.5674734430584064,0.0,-2.329916123019571,True,True,True,2024-10-03,0.0,0.0,0.0
baseline_tdnet_clear_flags,2,2024-10-07,7061,日本ホスピスホールディングス,1,0.5805674810376604,1.0,0.6662225183211135,True,True,True,2024-10-04,0.0,0.0,0.0
baseline_tdnet_clear_flags,2,2024-10-07,5575,Ｇｌｏｂｅｅ,2,0.5731826614628406,1.0,0.37383177570093906,True,True,True,2024-10-04,0.0,0.0,0.0
baseline_tdnet_clear_flags,2,2024-10-08,7061,日本ホスピスホールディングス,1,0.569224200799834,0.0,-2.474916387959869,True,True,True,2024-10-07,0.0,0.0,0.0
baseline_tdnet_clear_flags,2,2024-10-08,5575,Ｇｌｏｂｅｅ,2,0.5636126557597027,1.0,0.92592592592593,True,True,True,2024-10-07,0.0,0.0,0.0
baseline_tdnet_clear_flags,2,2024-10-09,7061,日本ホスピスホールディングス,1,0.5765903185357099,0.0,-0.20311442112389555,True,True,True,2024-10-08,0.0,0.0,0.0
baseline_tdnet_clear_flags,2,2024-10-09,7082,ジモティー,2,0.5725935948107694,0.0,-1.9083969465648831,True,True,True,2024-10-08,0.0,0.0,0.0
baseline_tdnet_clear_flags,2,2024-10-10,1911,住友林業,1,0.5772760823014915,0.0,-0.8724100327153761,True,True,True,2024-10-09,0.0,0.0,0.0
baseline_tdnet_clear_flags,2,2024-10-10,7061,日本ホスピスホールディングス,2,0.5754225474785394,0.0,-2.626262626262621,True,True,True,2024-10-09,0.0,0.0,0.0
baseline_tdnet_clear_flags,2,2024-10-11,7061,日本ホスピスホールディングス,1,0.5904285407267391,0.0,-0.1387925052047212,True,True,True,2024-10-10,0.0,0.0,0.0
baseline_tdnet_clear_flags,2,2024-10-11,7082,ジモティー,2,0.5729394641264607,0.0,-0.15491866769945517,True,True,True,2024-10-10,0.0,0.0,0.0
baseline_tdnet_clear_flags,2,2024-10-15,9601,松竹,1,0.5769038860905862,1.0,0.9304812834224574,True,True,True,2024-10-11,1.0,0.0,0.0
baseline_tdnet_clear_flags,2,2024-10-15,9418,Ｕ−ＮＥＸＴ ＨＯＬＤＩＮＧＳ,2,0.5716140808665464,0.0,-1.3671875,True,True,True,2024-10-11,0.0,0.0,0.0
baseline_tdnet_clear_flags,2,2024-10-16,9024,⻄武ホールディングス,1,0.574119698699343,0.0,-1.2481426448736954,True,True,True,2024-10-15,0.0,0.0,0.0
baseline_tdnet_clear_flags,2,2024-10-16,1407,ウエストホールディングス,2,0.5649168930072053,0.0,-8.89627168696936,True,True,True,2024-10-15,1.0,0.0,0.0
baseline_tdnet_clear_flags,2,2024-10-17,9024,⻄武ホールディングス,1,0.5716045663045091,1.0,1.2124886329190732,True,True,True,2024-10-16,0.0,0.0,0.0
baseline_tdnet_clear_flags,2,2024-10-17,7061,日本ホスピスホールディングス,2,0.5669988030784051,1.0,0.0683060109289535,True,True,True,2024-10-16,0.0,0.0,0.0
baseline_tdnet_clear_flags,2,2024-10-18,4429,リックソフト,1,0.5810924838479539,0.0,-2.2346368715083775,True,True,True,2024-10-17,0.0,0.0,0.0
baseline_tdnet_clear_flags,2,2024-10-18,5218,オハラ,2,0.5623808807848596,1.0,0.7570022710068125,True,True,True,2024-10-17,0.0,0.0,0.0
baseline_tdnet_clear_flags,2,2024-10-21,4014,カラダノート,1,0.6007873879316562,1.0,3.106796116504862,True,True,True,2024-10-18,0.0,0.0,0.0
baseline_tdnet_clear_flags,2,2024-10-21,5449,大阪製鐵,2,0.5704943788126671,0.0,-0.45045045045044585,True,True,True,2024-10-18,0.0,0.0,0.0
baseline_tdnet_clear_flags,2,2024-10-22,3031,ラクーンホールディングス,1,0.5720364320428427,1.0,1.8041237113401998,True,True,True,2024-10-21,1.0,1.0,0.0
baseline_tdnet_clear_flags,2,2024-10-22,2138,クルーズ,2,0.5605466671291301,0.0,-1.1437908496731986,True,True,True,2024-10-21,0.0,0.0,0.0
baseline_tdnet_clear_flags,2,2024-10-23,7061,日本ホスピスホールディングス,1,0.5772333088703173,0.0,-3.5739313244569026,True,True,True,2024-10-22,0.0,0.0,0.0
baseline_tdnet_clear_flags,2,2024-10-23,4384,ラクスル,2,0.5652577774325562,1.0,0.8921330089213253,True,True,True,2024-10-22,0.0,0.0,0.0
baseline_tdnet_clear_flags,2,2024-10-24,7061,日本ホスピスホールディングス,1,0.5818901426121409,0.0,-0.513950073421443,True,True,True,2024-10-23,0.0,0.0,0.0
baseline_tdnet_clear_flags,2,2024-10-24,4060,ｒａｋｕｍｏ,2,0.5711773301192152,1.0,2.3227383863080764,True,True,True,2024-10-23,0.0,0.0,0.0
baseline_tdnet_clear_flags,2,2024-10-25,7061,日本ホスピスホールディングス,1,0.5692461595355255,0.0,-1.2583271650629113,True,True,True,2024-10-24,0.0,0.0,0.0
baseline_tdnet_clear_flags,2,2024-10-25,4361,川口化学⼯業,2,0.5652082297076333,0.0,-0.6269592476489061,True,True,True,2024-10-24,0.0,0.0,0.0
baseline_tdnet_clear_flags,2,2024-10-28,4811,ドリーム・アーツ,1,0.5689999637291596,1.0,6.919396393080612,True,True,True,2024-10-25,0.0,0.0,0.0
baseline_tdnet_clear_flags,2,2024-10-28,7061,日本ホスピスホールディングス,2,0.5655666405211958,1.0,5.909090909090908,True,True,True,2024-10-25,0.0,0.0,0.0
baseline_tdnet_clear_flags,2,2024-10-29,3663,セルシス,1,0.5585078026817305,1.0,3.5031847133758065,True,True,True,2024-10-28,0.0,0.0,0.0
baseline_tdnet_clear_flags,2,2024-10-29,4119,日本ピグメントホールディングス,2,0.5522823609740214,0.0,-2.2187004754358197,True,True,True,2024-10-28,0.0,0.0,0.0
baseline_tdnet_clear_flags,2,2024-10-30,4612,日本ペイントホールディングス,1,0.5898499200804249,0.0,-0.7569386038687953,True,True,True,2024-10-29,0.0,0.0,0.0
baseline_tdnet_clear_flags,2,2024-10-30,6866,日置電機,2,0.5677100241826369,1.0,1.3664596273291973,True,True,True,2024-10-29,0.0,0.0,0.0
baseline_tdnet_clear_flags,2,2024-10-31,7278,エクセディ,1,0.5696957251145476,1.0,2.6731470230862753,True,True,True,2024-10-30,0.0,0.0,0.0
baseline_tdnet_clear_flags,2,2024-10-31,3529,アツギ,2,0.5649416915668583,1.0,9.394313967861567,True,True,True,2024-10-30,1.0,0.0,0.0
baseline_tdnet_clear_scores,1,2024-09-02,4579,ラクオリア創薬,1,0.5904883824329925,0.0,-2.6856240126382325,True,True,True,2024-08-30,0.0,0.0,0.0
baseline_tdnet_clear_scores,1,2024-09-03,4369,トリケミカル研究所,1,0.6149935055715854,0.0,-3.584672435105063,True,True,True,2024-09-02,0.0,0.0,0.0
baseline_tdnet_clear_scores,1,2024-09-04,4889,レナサイエンス,1,0.5984394418035801,0.0,-3.385416666666663,True,True,True,2024-09-03,0.0,0.0,0.0
baseline_tdnet_clear_scores,1,2024-09-05,3974,ＳＣＡＴ,1,0.5662663749571818,1.0,0.22831050228311334,True,True,True,2024-09-04,0.0,0.0,0.0
baseline_tdnet_clear_scores,1,2024-09-06,6034,ＭＲＴ,1,0.5860833950242644,1.0,4.643962848297223,True,True,True,2024-09-05,0.0,0.0,0.0
baseline_tdnet_clear_scores,1,2024-09-09,9232,パスコ,1,0.6114376546161183,0.0,0.0,True,True,True,2024-09-06,0.0,0.0,0.0
baseline_tdnet_clear_scores,1,2024-09-10,9307,杉村倉庫,1,0.5959385362611263,0.0,-1.1345218800648316,True,True,True,2024-09-09,0.0,0.0,0.0
baseline_tdnet_clear_scores,1,2024-09-11,4415,ブロードエンタープライズ,1,0.5873682566566165,0.0,-1.5277777777777724,True,True,True,2024-09-10,0.0,0.0,0.0
baseline_tdnet_clear_scores,1,2024-09-12,7646,ＰＬＡＮＴ,1,0.5808855496389176,0.0,-0.32679738562091387,True,True,True,2024-09-11,0.0,0.0,0.0
baseline_tdnet_clear_scores,1,2024-09-13,7110,クラシコム,1,0.5855798598308882,1.0,0.37707390648566985,True,True,True,2024-09-12,0.0,0.0,0.0
baseline_tdnet_clear_scores,1,2024-09-17,7095,Ｍａｃｂｅｅ Ｐｌａｎｅｔ,1,0.5838402461408684,0.0,-7.722132471728593,True,True,True,2024-09-13,0.0,0.0,0.0
baseline_tdnet_clear_scores,1,2024-09-18,9556,ＩＮＴＬＯＯＰ,1,0.610068093788546,1.0,4.714912280701755,True,True,True,2024-09-17,0.0,0.0,0.0
baseline_tdnet_clear_scores,1,2024-09-19,1948,弘電社,1,0.5917738377131917,0.0,-2.140883977900554,True,True,True,2024-09-18,0.0,0.0,0.0
baseline_tdnet_clear_scores,1,2024-09-20,3153,八洲電機,1,0.5796448386253717,1.0,1.4983351831298508,True,True,True,2024-09-19,0.0,0.0,0.0
baseline_tdnet_clear_scores,1,2024-09-24,3461,パルマ,1,0.5940831458415664,1.0,3.439803439803435,True,True,True,2024-09-20,1.0,1.0,0.0
baseline_tdnet_clear_scores,1,2024-09-25,3696,セレス,1,0.6019015457719027,0.0,-4.073587385019706,True,True,True,2024-09-24,0.0,0.0,0.0
baseline_tdnet_clear_scores,1,2024-09-26,7878,光・彩,1,0.6053737588699136,0.0,-5.873015873015874,True,True,True,2024-09-25,0.0,0.0,0.0
baseline_tdnet_clear_scores,1,2024-09-27,3962,チェンジホールディングス,1,0.5725782853645079,1.0,0.15923566878981443,True,True,True,2024-09-26,0.0,0.0,0.0
baseline_tdnet_clear_scores,1,2024-09-30,3962,チェンジホールディングス,1,0.5744845103660107,0.0,-2.515723270440251,True,True,True,2024-09-27,0.0,0.0,0.0
baseline_tdnet_clear_scores,1,2024-10-01,3962,チェンジホールディングス,1,0.5946636695818737,1.0,3.571428571428581,True,True,True,2024-09-30,0.0,0.0,0.0
baseline_tdnet_clear_scores,1,2024-10-02,7061,日本ホスピスホールディングス,1,0.5640940979040441,1.0,0.26631158455392434,True,True,True,2024-10-01,0.0,0.0,0.0
baseline_tdnet_clear_scores,1,2024-10-03,9722,藤⽥観光,1,0.5618295603944857,0.0,-0.6857142857142895,True,True,True,2024-10-02,0.0,0.0,0.0
baseline_tdnet_clear_scores,1,2024-10-04,2980,ＳＲＥホールディングス,1,0.5693484084434797,1.0,0.8695652173912993,True,True,True,2024-10-03,0.0,0.0,0.0
baseline_tdnet_clear_scores,1,2024-10-07,7061,日本ホスピスホールディングス,1,0.5805861411134683,1.0,0.6662225183211135,True,True,True,2024-10-04,0.0,0.0,0.0
baseline_tdnet_clear_scores,1,2024-10-08,7061,日本ホスピスホールディングス,1,0.5692373644052339,0.0,-2.474916387959869,True,True,True,2024-10-07,0.0,0.0,0.0
baseline_tdnet_clear_scores,1,2024-10-09,7061,日本ホスピスホールディングス,1,0.5766139310769176,0.0,-0.20311442112389555,True,True,True,2024-10-08,0.0,0.0,0.0
baseline_tdnet_clear_scores,1,2024-10-10,1911,住友林業,1,0.5772828896327663,0.0,-0.8724100327153761,True,True,True,2024-10-09,0.0,0.0,0.0
baseline_tdnet_clear_scores,1,2024-10-11,7061,日本ホスピスホールディングス,1,0.5904486340492379,0.0,-0.1387925052047212,True,True,True,2024-10-10,0.0,0.0,0.0
baseline_tdnet_clear_scores,1,2024-10-15,9601,松竹,1,0.5769252740902905,1.0,0.9304812834224574,True,True,True,2024-10-11,1.0,0.0,0.0
baseline_tdnet_clear_scores,1,2024-10-16,9024,⻄武ホールディングス,1,0.574133802011484,0.0,-1.2481426448736954,True,True,True,2024-10-15,0.0,0.0,0.0
baseline_tdnet_clear_scores,1,2024-10-17,9024,⻄武ホールディングス,1,0.5716183439936446,1.0,1.2124886329190732,True,True,True,2024-10-16,0.0,0.0,0.0
baseline_tdnet_clear_scores,1,2024-10-18,4429,リックソフト,1,0.5811291202471077,0.0,-2.2346368715083775,True,True,True,2024-10-17,0.0,0.0,0.0
baseline_tdnet_clear_scores,1,2024-10-21,4014,カラダノート,1,0.6007950532211317,1.0,3.106796116504862,True,True,True,2024-10-18,0.0,0.0,0.0
baseline_tdnet_clear_scores,1,2024-10-22,2138,クルーズ,1,0.5605695517106161,0.0,-1.1437908496731986,True,True,True,2024-10-21,0.0,0.0,0.0
baseline_tdnet_clear_scores,1,2024-10-23,7061,日本ホスピスホールディングス,1,0.5772623916855291,0.0,-3.5739313244569026,True,True,True,2024-10-22,0.0,0.0,0.0
baseline_tdnet_clear_scores,1,2024-10-24,7061,日本ホスピスホールディングス,1,0.5819241081765428,0.0,-0.513950073421443,True,True,True,2024-10-23,0.0,0.0,0.0
baseline_tdnet_clear_scores,1,2024-10-25,7061,日本ホスピスホールディングス,1,0.5692770475605998,0.0,-1.2583271650629113,True,True,True,2024-10-24,0.0,0.0,0.0
baseline_tdnet_clear_scores,1,2024-10-28,4811,ドリーム・アーツ,1,0.5690147487199944,1.0,6.919396393080612,True,True,True,2024-10-25,0.0,0.0,0.0
baseline_tdnet_clear_scores,1,2024-10-29,3663,セルシス,1,0.558506677761013,1.0,3.5031847133758065,True,True,True,2024-10-28,0.0,0.0,0.0
baseline_tdnet_clear_scores,1,2024-10-30,4612,日本ペイントホールディングス,1,0.5898072588821681,0.0,-0.7569386038687953,True,True,True,2024-10-29,0.0,0.0,0.0
baseline_tdnet_clear_scores,1,2024-10-31,7278,エクセディ,1,0.5696630555269956,1.0,2.6731470230862753,True,True,True,2024-10-30,0.0,0.0,0.0
baseline_tdnet_clear_scores,2,2024-09-02,4579,ラクオリア創薬,1,0.5904883824329925,0.0,-2.6856240126382325,True,True,True,2024-08-30,0.0,0.0,0.0
baseline_tdnet_clear_scores,2,2024-09-02,3433,トーカロ,2,0.5869482927815028,0.0,-0.05393743257821049,True,True,True,2024-08-30,0.0,0.0,0.0
baseline_tdnet_clear_scores,2,2024-09-03,4369,トリケミカル研究所,1,0.6149935055715854,0.0,-3.584672435105063,True,True,True,2024-09-02,0.0,0.0,0.0
baseline_tdnet_clear_scores,2,2024-09-03,9238,バリュークリエーション,2,0.5851112350785492,0.0,-0.19193857965451588,True,True,True,2024-09-02,0.0,0.0,0.0
baseline_tdnet_clear_scores,2,2024-09-04,4889,レナサイエンス,1,0.5984394418035801,0.0,-3.385416666666663,True,True,True,2024-09-03,0.0,0.0,0.0
baseline_tdnet_clear_scores,2,2024-09-04,1807,佐藤渡辺,2,0.569857848693593,0.0,-2.19907407407407,True,True,True,2024-09-03,0.0,0.0,0.0
baseline_tdnet_clear_scores,2,2024-09-05,3974,ＳＣＡＴ,1,0.5662663749571818,1.0,0.22831050228311334,True,True,True,2024-09-04,0.0,0.0,0.0
baseline_tdnet_clear_scores,2,2024-09-05,7287,日本精機,2,0.5636846803472095,0.0,0.0,True,True,True,2024-09-04,1.0,0.0,0.0
baseline_tdnet_clear_scores,2,2024-09-06,6034,ＭＲＴ,1,0.5860833950242644,1.0,4.643962848297223,True,True,True,2024-09-05,0.0,0.0,0.0
baseline_tdnet_clear_scores,2,2024-09-06,5247,ＢＴＭ,2,0.5702604909584694,1.0,0.5380476556495095,True,True,True,2024-09-05,0.0,0.0,0.0
baseline_tdnet_clear_scores,2,2024-09-09,9232,パスコ,1,0.6114376546161183,0.0,0.0,True,True,True,2024-09-06,0.0,0.0,0.0
baseline_tdnet_clear_scores,2,2024-09-09,4890,坪⽥ラボ,2,0.5935122339264668,1.0,1.4678899082568808,True,True,True,2024-09-06,0.0,0.0,0.0
baseline_tdnet_clear_scores,2,2024-09-10,9307,杉村倉庫,1,0.5959385362611263,0.0,-1.1345218800648316,True,True,True,2024-09-09,0.0,0.0,0.0
baseline_tdnet_clear_scores,2,2024-09-10,4268,エッジテクノロジー,2,0.5803654907597025,0.0,0.0,True,True,True,2024-09-09,0.0,0.0,0.0
baseline_tdnet_clear_scores,2,2024-09-11,4415,ブロードエンタープライズ,1,0.5873682566566165,0.0,-1.5277777777777724,True,True,True,2024-09-10,0.0,0.0,0.0
baseline_tdnet_clear_scores,2,2024-09-11,3180,ビューティガレージ,2,0.5783098453203259,1.0,2.6762402088772896,True,True,True,2024-09-10,0.0,0.0,0.0
baseline_tdnet_clear_scores,2,2024-09-12,7646,ＰＬＡＮＴ,1,0.5808855496389176,0.0,-0.32679738562091387,True,True,True,2024-09-11,0.0,0.0,0.0
baseline_tdnet_clear_scores,2,2024-09-12,3662,エイチーム,2,0.5753238983206731,0.0,-0.31746031746031633,True,True,True,2024-09-11,0.0,0.0,0.0
baseline_tdnet_clear_scores,2,2024-09-13,7110,クラシコム,1,0.5855798598308882,1.0,0.37707390648566985,True,True,True,2024-09-12,0.0,0.0,0.0
baseline_tdnet_clear_scores,2,2024-09-13,6914,オプテックスグループ,2,0.5820865562272435,0.0,-1.276595744680853,True,True,True,2024-09-12,0.0,0.0,0.0
baseline_tdnet_clear_scores,2,2024-09-17,7095,Ｍａｃｂｅｅ Ｐｌａｎｅｔ,1,0.5838402461408684,0.0,-7.722132471728593,True,True,True,2024-09-13,0.0,0.0,0.0
baseline_tdnet_clear_scores,2,2024-09-17,3962,チェンジホールディングス,2,0.5818281746637092,0.0,-0.40650406504064707,True,True,True,2024-09-13,0.0,0.0,0.0
baseline_tdnet_clear_scores,2,2024-09-18,9556,ＩＮＴＬＯＯＰ,1,0.610068093788546,1.0,4.714912280701755,True,True,True,2024-09-17,0.0,0.0,0.0
baseline_tdnet_clear_scores,2,2024-09-18,3653,モルフォ,2,0.6046457958867921,0.0,-5.727554179566563,True,True,True,2024-09-17,0.0,0.0,0.0
baseline_tdnet_clear_scores,2,2024-09-19,1948,弘電社,1,0.5917738377131917,0.0,-2.140883977900554,True,True,True,2024-09-18,0.0,0.0,0.0
baseline_tdnet_clear_scores,2,2024-09-19,3107,ダイワボウホールディングス,2,0.5812072105394441,1.0,0.07385524372229835,True,True,True,2024-09-18,0.0,0.0,0.0
baseline_tdnet_clear_scores,2,2024-09-20,3153,八洲電機,1,0.5796448386253717,1.0,1.4983351831298508,True,True,True,2024-09-19,0.0,0.0,0.0
baseline_tdnet_clear_scores,2,2024-09-20,3107,ダイワボウホールディングス,2,0.5767507264162848,0.0,-1.8118594436310365,True,True,True,2024-09-19,0.0,0.0,0.0
baseline_tdnet_clear_scores,2,2024-09-24,3461,パルマ,1,0.5940831458415664,1.0,3.439803439803435,True,True,True,2024-09-20,1.0,1.0,0.0
baseline_tdnet_clear_scores,2,2024-09-24,3962,チェンジホールディングス,2,0.5850451159744101,0.0,-4.984662576687116,True,True,True,2024-09-20,0.0,0.0,0.0
baseline_tdnet_clear_scores,2,2024-09-25,3696,セレス,1,0.6019015457719027,0.0,-4.073587385019706,True,True,True,2024-09-24,0.0,0.0,0.0
baseline_tdnet_clear_scores,2,2024-09-25,4512,わかもと製薬,2,0.5890205244395763,1.0,1.7667844522968101,True,True,True,2024-09-24,0.0,0.0,0.0
baseline_tdnet_clear_scores,2,2024-09-26,7878,光・彩,1,0.6053737588699136,0.0,-5.873015873015874,True,True,True,2024-09-25,0.0,0.0,0.0
baseline_tdnet_clear_scores,2,2024-09-26,9418,Ｕ−ＮＥＸＴ ＨＯＬＤＩＮＧＳ,2,0.5736294984779232,1.0,3.917910447761197,True,True,True,2024-09-25,0.0,0.0,0.0
baseline_tdnet_clear_scores,2,2024-09-27,3962,チェンジホールディングス,1,0.5725782853645079,1.0,0.15923566878981443,True,True,True,2024-09-26,0.0,0.0,0.0
baseline_tdnet_clear_scores,2,2024-09-27,3107,ダイワボウホールディングス,2,0.5656655020082296,1.0,0.6537102473498146,True,True,True,2024-09-26,0.0,0.0,0.0
baseline_tdnet_clear_scores,2,2024-09-30,3962,チェンジホールディングス,1,0.5744845103660107,0.0,-2.515723270440251,True,True,True,2024-09-27,0.0,0.0,0.0
baseline_tdnet_clear_scores,2,2024-09-30,3107,ダイワボウホールディングス,2,0.5664571757067521,1.0,0.7040948675189895,True,True,True,2024-09-27,0.0,0.0,0.0
baseline_tdnet_clear_scores,2,2024-10-01,3962,チェンジホールディングス,1,0.5946636695818737,1.0,3.571428571428581,True,True,True,2024-09-30,0.0,0.0,0.0
baseline_tdnet_clear_scores,2,2024-10-01,7163,住信ＳＢＩネット銀行,2,0.5674467316258325,1.0,0.952380952380949,True,True,True,2024-09-30,1.0,0.0,0.0
baseline_tdnet_clear_scores,2,2024-10-02,7061,日本ホスピスホールディングス,1,0.5640940979040441,1.0,0.26631158455392434,True,True,True,2024-10-01,0.0,0.0,0.0
baseline_tdnet_clear_scores,2,2024-10-02,7163,住信ＳＢＩネット銀行,2,0.5498228184462559,0.0,-0.371747211895912,True,True,True,2024-10-01,0.0,0.0,0.0
baseline_tdnet_clear_scores,2,2024-10-03,9722,藤⽥観光,1,0.5618295603944857,0.0,-0.6857142857142895,True,True,True,2024-10-02,0.0,0.0,0.0
baseline_tdnet_clear_scores,2,2024-10-03,3083,シーズメン,2,0.5594584093019651,0.0,-3.5278154681139706,True,True,True,2024-10-02,0.0,0.0,0.0
baseline_tdnet_clear_scores,2,2024-10-04,2980,ＳＲＥホールディングス,1,0.5693484084434797,1.0,0.8695652173912993,True,True,True,2024-10-03,0.0,0.0,0.0
baseline_tdnet_clear_scores,2,2024-10-04,5575,Ｇｌｏｂｅｅ,2,0.5674849641753561,0.0,-2.329916123019571,True,True,True,2024-10-03,0.0,0.0,0.0
baseline_tdnet_clear_scores,2,2024-10-07,7061,日本ホスピスホールディングス,1,0.5805861411134683,1.0,0.6662225183211135,True,True,True,2024-10-04,0.0,0.0,0.0
baseline_tdnet_clear_scores,2,2024-10-07,5575,Ｇｌｏｂｅｅ,2,0.573193827958698,1.0,0.37383177570093906,True,True,True,2024-10-04,0.0,0.0,0.0
baseline_tdnet_clear_scores,2,2024-10-08,7061,日本ホスピスホールディングス,1,0.5692373644052339,0.0,-2.474916387959869,True,True,True,2024-10-07,0.0,0.0,0.0
baseline_tdnet_clear_scores,2,2024-10-08,5575,Ｇｌｏｂｅｅ,2,0.5636272190008556,1.0,0.92592592592593,True,True,True,2024-10-07,0.0,0.0,0.0
baseline_tdnet_clear_scores,2,2024-10-09,7061,日本ホスピスホールディングス,1,0.5766139310769176,0.0,-0.20311442112389555,True,True,True,2024-10-08,0.0,0.0,0.0
baseline_tdnet_clear_scores,2,2024-10-09,7082,ジモティー,2,0.5726160061550751,0.0,-1.9083969465648831,True,True,True,2024-10-08,0.0,0.0,0.0
baseline_tdnet_clear_scores,2,2024-10-10,1911,住友林業,1,0.5772828896327663,0.0,-0.8724100327153761,True,True,True,2024-10-09,0.0,0.0,0.0
baseline_tdnet_clear_scores,2,2024-10-10,7061,日本ホスピスホールディングス,2,0.5754381510798575,0.0,-2.626262626262621,True,True,True,2024-10-09,0.0,0.0,0.0
baseline_tdnet_clear_scores,2,2024-10-11,7061,日本ホスピスホールディングス,1,0.5904486340492379,0.0,-0.1387925052047212,True,True,True,2024-10-10,0.0,0.0,0.0
baseline_tdnet_clear_scores,2,2024-10-11,7082,ジモティー,2,0.5729613961396866,0.0,-0.15491866769945517,True,True,True,2024-10-10,0.0,0.0,0.0
baseline_tdnet_clear_scores,2,2024-10-15,9601,松竹,1,0.5769252740902905,1.0,0.9304812834224574,True,True,True,2024-10-11,1.0,0.0,0.0
baseline_tdnet_clear_scores,2,2024-10-15,9418,Ｕ−ＮＥＸＴ ＨＯＬＤＩＮＧＳ,2,0.5716317319568411,0.0,-1.3671875,True,True,True,2024-10-11,0.0,0.0,0.0
baseline_tdnet_clear_scores,2,2024-10-16,9024,⻄武ホールディングス,1,0.574133802011484,0.0,-1.2481426448736954,True,True,True,2024-10-15,0.0,0.0,0.0
baseline_tdnet_clear_scores,2,2024-10-16,1407,ウエストホールディングス,2,0.5649179869759501,0.0,-8.89627168696936,True,True,True,2024-10-15,1.0,0.0,0.0
baseline_tdnet_clear_scores,2,2024-10-17,9024,⻄武ホールディングス,1,0.5716183439936446,1.0,1.2124886329190732,True,True,True,2024-10-16,0.0,0.0,0.0
baseline_tdnet_clear_scores,2,2024-10-17,7061,日本ホスピスホールディングス,2,0.5670179266873218,1.0,0.0683060109289535,True,True,True,2024-10-16,0.0,0.0,0.0
baseline_tdnet_clear_scores,2,2024-10-18,4429,リックソフト,1,0.5811291202471077,0.0,-2.2346368715083775,True,True,True,2024-10-17,0.0,0.0,0.0
baseline_tdnet_clear_scores,2,2024-10-18,5218,オハラ,2,0.5624010200233137,1.0,0.7570022710068125,True,True,True,2024-10-17,0.0,0.0,0.0
baseline_tdnet_clear_scores,2,2024-10-21,4014,カラダノート,1,0.6007950532211317,1.0,3.106796116504862,True,True,True,2024-10-18,0.0,0.0,0.0
baseline_tdnet_clear_scores,2,2024-10-21,5449,大阪製鐵,2,0.5704877047580291,0.0,-0.45045045045044585,True,True,True,2024-10-18,0.0,0.0,0.0
baseline_tdnet_clear_scores,2,2024-10-22,2138,クルーズ,1,0.5605695517106161,0.0,-1.1437908496731986,True,True,True,2024-10-21,0.0,0.0,0.0
baseline_tdnet_clear_scores,2,2024-10-22,3223,エスエルディー,2,0.5596300000051663,1.0,0.11325028312569874,True,True,True,2024-10-21,0.0,0.0,0.0
baseline_tdnet_clear_scores,2,2024-10-23,7061,日本ホスピスホールディングス,1,0.5772623916855291,0.0,-3.5739313244569026,True,True,True,2024-10-22,0.0,0.0,0.0
baseline_tdnet_clear_scores,2,2024-10-23,4384,ラクスル,2,0.5652836647016962,1.0,0.8921330089213253,True,True,True,2024-10-22,0.0,0.0,0.0
baseline_tdnet_clear_scores,2,2024-10-24,7061,日本ホスピスホールディングス,1,0.5819241081765428,0.0,-0.513950073421443,True,True,True,2024-10-23,0.0,0.0,0.0
baseline_tdnet_clear_scores,2,2024-10-24,4060,ｒａｋｕｍｏ,2,0.571193424492826,1.0,2.3227383863080764,True,True,True,2024-10-23,0.0,0.0,0.0
baseline_tdnet_clear_scores,2,2024-10-25,7061,日本ホスピスホールディングス,1,0.5692770475605998,0.0,-1.2583271650629113,True,True,True,2024-10-24,0.0,0.0,0.0
baseline_tdnet_clear_scores,2,2024-10-25,4361,川口化学⼯業,2,0.5652127335516035,0.0,-0.6269592476489061,True,True,True,2024-10-24,0.0,0.0,0.0
baseline_tdnet_clear_scores,2,2024-10-28,4811,ドリーム・アーツ,1,0.5690147487199944,1.0,6.919396393080612,True,True,True,2024-10-25,0.0,0.0,0.0
baseline_tdnet_clear_scores,2,2024-10-28,7061,日本ホスピスホールディングス,2,0.5655985480089263,1.0,5.909090909090908,True,True,True,2024-10-25,0.0,0.0,0.0
baseline_tdnet_clear_scores,2,2024-10-29,3663,セルシス,1,0.558506677761013,1.0,3.5031847133758065,True,True,True,2024-10-28,0.0,0.0,0.0
baseline_tdnet_clear_scores,2,2024-10-29,4119,日本ピグメントホールディングス,2,0.5522661562867819,0.0,-2.2187004754358197,True,True,True,2024-10-28,0.0,0.0,0.0
baseline_tdnet_clear_scores,2,2024-10-30,4612,日本ペイントホールディングス,1,0.5898072588821681,0.0,-0.7569386038687953,True,True,True,2024-10-29,0.0,0.0,0.0
baseline_tdnet_clear_scores,2,2024-10-30,6866,日置電機,2,0.567733161101365,1.0,1.3664596273291973,True,True,True,2024-10-29,0.0,0.0,0.0
baseline_tdnet_clear_scores,2,2024-10-31,7278,エクセディ,1,0.5696630555269956,1.0,2.6731470230862753,True,True,True,2024-10-30,0.0,0.0,0.0
baseline_tdnet_clear_scores,2,2024-10-31,3529,アツギ,2,0.5649446214124056,1.0,9.394313967861567,True,True,True,2024-10-30,1.0,0.0,0.0
baseline_tdnet_timing,1,2024-09-02,4579,ラクオリア創薬,1,0.5910618720292901,0.0,-2.6856240126382325,True,True,True,2024-08-30,0.0,0.0,0.0
baseline_tdnet_timing,1,2024-09-03,4369,トリケミカル研究所,1,0.6153934089412431,0.0,-3.584672435105063,True,True,True,2024-09-02,0.0,0.0,0.0
baseline_tdnet_timing,1,2024-09-04,4889,レナサイエンス,1,0.5988294396829378,0.0,-3.385416666666663,True,True,True,2024-09-03,0.0,0.0,0.0
baseline_tdnet_timing,1,2024-09-05,3974,ＳＣＡＴ,1,0.566899593004563,1.0,0.22831050228311334,True,True,True,2024-09-04,0.0,0.0,0.0
baseline_tdnet_timing,1,2024-09-06,6034,ＭＲＴ,1,0.5866228026860572,1.0,4.643962848297223,True,True,True,2024-09-05,0.0,0.0,0.0
baseline_tdnet_timing,1,2024-09-09,9232,パスコ,1,0.6117554837209949,0.0,0.0,True,True,True,2024-09-06,0.0,0.0,0.0
baseline_tdnet_timing,1,2024-09-10,9307,杉村倉庫,1,0.596307805136814,0.0,-1.1345218800648316,True,True,True,2024-09-09,0.0,0.0,0.0
baseline_tdnet_timing,1,2024-09-11,4415,ブロードエンタープライズ,1,0.5877044057969326,0.0,-1.5277777777777724,True,True,True,2024-09-10,0.0,0.0,0.0
baseline_tdnet_timing,1,2024-09-12,7646,ＰＬＡＮＴ,1,0.5814297841660225,0.0,-0.32679738562091387,True,True,True,2024-09-11,0.0,0.0,0.0
baseline_tdnet_timing,1,2024-09-13,7110,クラシコム,1,0.5860619124499201,1.0,0.37707390648566985,True,True,True,2024-09-12,0.0,0.0,0.0
baseline_tdnet_timing,1,2024-09-17,7095,Ｍａｃｂｅｅ Ｐｌａｎｅｔ,1,0.5843483713749318,0.0,-7.722132471728593,True,True,True,2024-09-13,0.0,0.0,0.0
baseline_tdnet_timing,1,2024-09-18,9556,ＩＮＴＬＯＯＰ,1,0.6103350164268462,1.0,4.714912280701755,True,True,True,2024-09-17,0.0,0.0,0.0
baseline_tdnet_timing,1,2024-09-19,1948,弘電社,1,0.5921061069651085,0.0,-2.140883977900554,True,True,True,2024-09-18,0.0,0.0,0.0
baseline_tdnet_timing,1,2024-09-20,3153,八洲電機,1,0.5799965985560599,1.0,1.4983351831298508,True,True,True,2024-09-19,0.0,0.0,0.0
baseline_tdnet_timing,1,2024-09-24,3962,チェンジホールディングス,1,0.585606427054497,0.0,-4.984662576687116,True,True,True,2024-09-20,0.0,0.0,0.0
baseline_tdnet_timing,1,2024-09-25,3696,セレス,1,0.6022469626851918,0.0,-4.073587385019706,True,True,True,2024-09-24,0.0,0.0,0.0
baseline_tdnet_timing,1,2024-09-26,7878,光・彩,1,0.6056219161620743,0.0,-5.873015873015874,True,True,True,2024-09-25,0.0,0.0,0.0
baseline_tdnet_timing,1,2024-09-27,3962,チェンジホールディングス,1,0.5731977228341595,1.0,0.15923566878981443,True,True,True,2024-09-26,0.0,0.0,0.0
baseline_tdnet_timing,1,2024-09-30,3962,チェンジホールディングス,1,0.5750901347022641,0.0,-2.515723270440251,True,True,True,2024-09-27,0.0,0.0,0.0
baseline_tdnet_timing,1,2024-10-01,3962,チェンジホールディングス,1,0.5948711540987457,1.0,3.571428571428581,True,True,True,2024-09-30,0.0,0.0,0.0
baseline_tdnet_timing,1,2024-10-02,7061,日本ホスピスホールディングス,1,0.5645101599160506,1.0,0.26631158455392434,True,True,True,2024-10-01,0.0,0.0,0.0
baseline_tdnet_timing,1,2024-10-03,9722,藤⽥観光,1,0.5621428926640767,0.0,-0.6857142857142895,True,True,True,2024-10-02,0.0,0.0,0.0
baseline_tdnet_timing,1,2024-10-04,2980,ＳＲＥホールディングス,1,0.5695233147620471,1.0,0.8695652173912993,True,True,True,2024-10-03,0.0,0.0,0.0
baseline_tdnet_timing,1,2024-10-07,7061,日本ホスピスホールディングス,1,0.5809947905799215,1.0,0.6662225183211135,True,True,True,2024-10-04,0.0,0.0,0.0
baseline_tdnet_timing,1,2024-10-08,7061,日本ホスピスホールディングス,1,0.5696722760965854,0.0,-2.474916387959869,True,True,True,2024-10-07,0.0,0.0,0.0
baseline_tdnet_timing,1,2024-10-09,7061,日本ホスピスホールディングス,1,0.5770107614274637,0.0,-0.20311442112389555,True,True,True,2024-10-08,0.0,0.0,0.0
baseline_tdnet_timing,1,2024-10-10,1911,住友林業,1,0.5775757070593922,0.0,-0.8724100327153761,True,True,True,2024-10-09,0.0,0.0,0.0
baseline_tdnet_timing,1,2024-10-11,7061,日本ホスピスホールディングス,1,0.590752070436262,0.0,-0.1387925052047212,True,True,True,2024-10-10,0.0,0.0,0.0
baseline_tdnet_timing,1,2024-10-15,9601,松竹,1,0.5838785061856596,1.0,0.9304812834224574,True,True,True,2024-10-11,1.0,0.0,0.0
baseline_tdnet_timing,1,2024-10-16,9024,⻄武ホールディングス,1,0.5745538947365703,0.0,-1.2481426448736954,True,True,True,2024-10-15,0.0,0.0,0.0
baseline_tdnet_timing,1,2024-10-17,9024,⻄武ホールディングス,1,0.5719998258805643,1.0,1.2124886329190732,True,True,True,2024-10-16,0.0,0.0,0.0
baseline_tdnet_timing,1,2024-10-18,4429,リックソフト,1,0.5812803230194062,0.0,-2.2346368715083775,True,True,True,2024-10-17,0.0,0.0,0.0
baseline_tdnet_timing,1,2024-10-21,4014,カラダノート,1,0.6009372259944928,1.0,3.106796116504862,True,True,True,2024-10-18,0.0,0.0,0.0
baseline_tdnet_timing,1,2024-10-22,2138,クルーズ,1,0.5609158093202244,0.0,-1.1437908496731986,True,True,True,2024-10-21,0.0,0.0,0.0
baseline_tdnet_timing,1,2024-10-23,7061,日本ホスピスホールディングス,1,0.5775918683844571,0.0,-3.5739313244569026,True,True,True,2024-10-22,0.0,0.0,0.0
baseline_tdnet_timing,1,2024-10-24,7061,日本ホスピスホールディングス,1,0.5822244127484257,0.0,-0.513950073421443,True,True,True,2024-10-23,0.0,0.0,0.0
baseline_tdnet_timing,1,2024-10-25,7061,日本ホスピスホールディングス,1,0.5695656445842833,0.0,-1.2583271650629113,True,True,True,2024-10-24,0.0,0.0,0.0
baseline_tdnet_timing,1,2024-10-28,4811,ドリーム・アーツ,1,0.5692836358361062,1.0,6.919396393080612,True,True,True,2024-10-25,0.0,0.0,0.0
baseline_tdnet_timing,1,2024-10-29,3663,セルシス,1,0.5588495512564592,1.0,3.5031847133758065,True,True,True,2024-10-28,0.0,0.0,0.0
baseline_tdnet_timing,1,2024-10-30,4612,日本ペイントホールディングス,1,0.589912987418271,0.0,-0.7569386038687953,True,True,True,2024-10-29,0.0,0.0,0.0
baseline_tdnet_timing,1,2024-10-31,7278,エクセディ,1,0.5699839806045046,1.0,2.6731470230862753,True,True,True,2024-10-30,0.0,0.0,0.0
baseline_tdnet_timing,2,2024-09-02,4579,ラクオリア創薬,1,0.5910618720292901,0.0,-2.6856240126382325,True,True,True,2024-08-30,0.0,0.0,0.0
baseline_tdnet_timing,2,2024-09-02,3433,トーカロ,2,0.5877367130577055,0.0,-0.05393743257821049,True,True,True,2024-08-30,0.0,0.0,0.0
baseline_tdnet_timing,2,2024-09-03,4369,トリケミカル研究所,1,0.6153934089412431,0.0,-3.584672435105063,True,True,True,2024-09-02,0.0,0.0,0.0
baseline_tdnet_timing,2,2024-09-03,9238,バリュークリエーション,2,0.5858232493209397,0.0,-0.19193857965451588,True,True,True,2024-09-02,0.0,0.0,0.0
baseline_tdnet_timing,2,2024-09-04,4889,レナサイエンス,1,0.5988294396829378,0.0,-3.385416666666663,True,True,True,2024-09-03,0.0,0.0,0.0
baseline_tdnet_timing,2,2024-09-04,1807,佐藤渡辺,2,0.5705487235223065,0.0,-2.19907407407407,True,True,True,2024-09-03,0.0,0.0,0.0
baseline_tdnet_timing,2,2024-09-05,3974,ＳＣＡＴ,1,0.566899593004563,1.0,0.22831050228311334,True,True,True,2024-09-04,0.0,0.0,0.0
baseline_tdnet_timing,2,2024-09-05,4936,アクシージア,2,0.5630622272294926,1.0,0.13605442176871652,True,True,True,2024-09-04,0.0,0.0,0.0
baseline_tdnet_timing,2,2024-09-06,6034,ＭＲＴ,1,0.5866228026860572,1.0,4.643962848297223,True,True,True,2024-09-05,0.0,0.0,0.0
baseline_tdnet_timing,2,2024-09-06,5247,ＢＴＭ,2,0.57114345675023,1.0,0.5380476556495095,True,True,True,2024-09-05,0.0,0.0,0.0
baseline_tdnet_timing,2,2024-09-09,9232,パスコ,1,0.6117554837209949,0.0,0.0,True,True,True,2024-09-06,0.0,0.0,0.0
baseline_tdnet_timing,2,2024-09-09,4890,坪⽥ラボ,2,0.5939635002647538,1.0,1.4678899082568808,True,True,True,2024-09-06,0.0,0.0,0.0
baseline_tdnet_timing,2,2024-09-10,9307,杉村倉庫,1,0.596307805136814,0.0,-1.1345218800648316,True,True,True,2024-09-09,0.0,0.0,0.0
baseline_tdnet_timing,2,2024-09-10,4268,エッジテクノロジー,2,0.5808102403634361,0.0,0.0,True,True,True,2024-09-09,0.0,0.0,0.0
baseline_tdnet_timing,2,2024-09-11,4415,ブロードエンタープライズ,1,0.5877044057969326,0.0,-1.5277777777777724,True,True,True,2024-09-10,0.0,0.0,0.0
baseline_tdnet_timing,2,2024-09-11,3180,ビューティガレージ,2,0.5788911759212709,1.0,2.6762402088772896,True,True,True,2024-09-10,0.0,0.0,0.0
baseline_tdnet_timing,2,2024-09-12,7646,ＰＬＡＮＴ,1,0.5814297841660225,0.0,-0.32679738562091387,True,True,True,2024-09-11,0.0,0.0,0.0
baseline_tdnet_timing,2,2024-09-12,3662,エイチーム,2,0.5758630881341688,0.0,-0.31746031746031633,True,True,True,2024-09-11,0.0,0.0,0.0
baseline_tdnet_timing,2,2024-09-13,7110,クラシコム,1,0.5860619124499201,1.0,0.37707390648566985,True,True,True,2024-09-12,0.0,0.0,0.0
baseline_tdnet_timing,2,2024-09-13,6914,オプテックスグループ,2,0.582657746545522,0.0,-1.276595744680853,True,True,True,2024-09-12,0.0,0.0,0.0
baseline_tdnet_timing,2,2024-09-17,7095,Ｍａｃｂｅｅ Ｐｌａｎｅｔ,1,0.5843483713749318,0.0,-7.722132471728593,True,True,True,2024-09-13,0.0,0.0,0.0
baseline_tdnet_timing,2,2024-09-17,3962,チェンジホールディングス,2,0.5825078172455033,0.0,-0.40650406504064707,True,True,True,2024-09-13,0.0,0.0,0.0
baseline_tdnet_timing,2,2024-09-18,9556,ＩＮＴＬＯＯＰ,1,0.6103350164268462,1.0,4.714912280701755,True,True,True,2024-09-17,0.0,0.0,0.0
baseline_tdnet_timing,2,2024-09-18,3653,モルフォ,2,0.6048632228585732,0.0,-5.727554179566563,True,True,True,2024-09-17,0.0,0.0,0.0
baseline_tdnet_timing,2,2024-09-19,1948,弘電社,1,0.5921061069651085,0.0,-2.140883977900554,True,True,True,2024-09-18,0.0,0.0,0.0
baseline_tdnet_timing,2,2024-09-19,3107,ダイワボウホールディングス,2,0.581836317692219,1.0,0.07385524372229835,True,True,True,2024-09-18,0.0,0.0,0.0
baseline_tdnet_timing,2,2024-09-20,3153,八洲電機,1,0.5799965985560599,1.0,1.4983351831298508,True,True,True,2024-09-19,0.0,0.0,0.0
baseline_tdnet_timing,2,2024-09-20,3107,ダイワボウホールディングス,2,0.5774281661414862,0.0,-1.8118594436310365,True,True,True,2024-09-19,0.0,0.0,0.0
baseline_tdnet_timing,2,2024-09-24,3962,チェンジホールディングス,1,0.585606427054497,0.0,-4.984662576687116,True,True,True,2024-09-20,0.0,0.0,0.0
baseline_tdnet_timing,2,2024-09-24,3107,ダイワボウホールディングス,2,0.5844109211052865,0.0,-0.14713996689350584,True,True,True,2024-09-20,0.0,0.0,0.0
baseline_tdnet_timing,2,2024-09-25,3696,セレス,1,0.6022469626851918,0.0,-4.073587385019706,True,True,True,2024-09-24,0.0,0.0,0.0
baseline_tdnet_timing,2,2024-09-25,4512,わかもと製薬,2,0.5893368589969132,1.0,1.7667844522968101,True,True,True,2024-09-24,0.0,0.0,0.0
baseline_tdnet_timing,2,2024-09-26,7878,光・彩,1,0.6056219161620743,0.0,-5.873015873015874,True,True,True,2024-09-25,0.0,0.0,0.0
baseline_tdnet_timing,2,2024-09-26,9418,Ｕ−ＮＥＸＴ ＨＯＬＤＩＮＧＳ,2,0.5743425272904767,1.0,3.917910447761197,True,True,True,2024-09-25,0.0,0.0,0.0
baseline_tdnet_timing,2,2024-09-27,3962,チェンジホールディングス,1,0.5731977228341595,1.0,0.15923566878981443,True,True,True,2024-09-26,0.0,0.0,0.0
baseline_tdnet_timing,2,2024-09-27,3107,ダイワボウホールディングス,2,0.566328177900962,1.0,0.6537102473498146,True,True,True,2024-09-26,0.0,0.0,0.0
baseline_tdnet_timing,2,2024-09-30,3962,チェンジホールディングス,1,0.5750901347022641,0.0,-2.515723270440251,True,True,True,2024-09-27,0.0,0.0,0.0
baseline_tdnet_timing,2,2024-09-30,3107,ダイワボウホールディングス,2,0.5671547085730743,1.0,0.7040948675189895,True,True,True,2024-09-27,0.0,0.0,0.0
baseline_tdnet_timing,2,2024-10-01,3962,チェンジホールディングス,1,0.5948711540987457,1.0,3.571428571428581,True,True,True,2024-09-30,0.0,0.0,0.0
baseline_tdnet_timing,2,2024-10-01,7082,ジモティー,2,0.5601022128875418,1.0,0.9636767976278771,True,True,True,2024-09-30,0.0,0.0,0.0
baseline_tdnet_timing,2,2024-10-02,7061,日本ホスピスホールディングス,1,0.5645101599160506,1.0,0.26631158455392434,True,True,True,2024-10-01,0.0,0.0,0.0
baseline_tdnet_timing,2,2024-10-02,7163,住信ＳＢＩネット銀行,2,0.5501103933332353,0.0,-0.371747211895912,True,True,True,2024-10-01,0.0,0.0,0.0
baseline_tdnet_timing,2,2024-10-03,9722,藤⽥観光,1,0.5621428926640767,0.0,-0.6857142857142895,True,True,True,2024-10-02,0.0,0.0,0.0
baseline_tdnet_timing,2,2024-10-03,3083,シーズメン,2,0.5598190720702657,0.0,-3.5278154681139706,True,True,True,2024-10-02,0.0,0.0,0.0
baseline_tdnet_timing,2,2024-10-04,2980,ＳＲＥホールディングス,1,0.5695233147620471,1.0,0.8695652173912993,True,True,True,2024-10-03,0.0,0.0,0.0
baseline_tdnet_timing,2,2024-10-04,5575,Ｇｌｏｂｅｅ,2,0.5677219928179281,0.0,-2.329916123019571,True,True,True,2024-10-03,0.0,0.0,0.0
baseline_tdnet_timing,2,2024-10-07,7061,日本ホスピスホールディングス,1,0.5809947905799215,1.0,0.6662225183211135,True,True,True,2024-10-04,0.0,0.0,0.0
baseline_tdnet_timing,2,2024-10-07,5575,Ｇｌｏｂｅｅ,2,0.573364107907229,1.0,0.37383177570093906,True,True,True,2024-10-04,0.0,0.0,0.0
baseline_tdnet_timing,2,2024-10-08,7061,日本ホスピスホールディングス,1,0.5696722760965854,0.0,-2.474916387959869,True,True,True,2024-10-07,0.0,0.0,0.0
baseline_tdnet_timing,2,2024-10-08,5575,Ｇｌｏｂｅｅ,2,0.5638231593236241,1.0,0.92592592592593,True,True,True,2024-10-07,0.0,0.0,0.0
baseline_tdnet_timing,2,2024-10-09,7061,日本ホスピスホールディングス,1,0.5770107614274637,0.0,-0.20311442112389555,True,True,True,2024-10-08,0.0,0.0,0.0
baseline_tdnet_timing,2,2024-10-09,7082,ジモティー,2,0.5728998111291419,0.0,-1.9083969465648831,True,True,True,2024-10-08,0.0,0.0,0.0
baseline_tdnet_timing,2,2024-10-10,1911,住友林業,1,0.5775757070593922,0.0,-0.8724100327153761,True,True,True,2024-10-09,0.0,0.0,0.0
baseline_tdnet_timing,2,2024-10-10,7061,日本ホスピスホールディングス,2,0.575799619966011,0.0,-2.626262626262621,True,True,True,2024-10-09,0.0,0.0,0.0
baseline_tdnet_timing,2,2024-10-11,7061,日本ホスピスホールディングス,1,0.590752070436262,0.0,-0.1387925052047212,True,True,True,2024-10-10,0.0,0.0,0.0
baseline_tdnet_timing,2,2024-10-11,7082,ジモティー,2,0.5731441242878574,0.0,-0.15491866769945517,True,True,True,2024-10-10,0.0,0.0,0.0
baseline_tdnet_timing,2,2024-10-15,9601,松竹,1,0.5838785061856596,1.0,0.9304812834224574,True,True,True,2024-10-11,1.0,0.0,0.0
baseline_tdnet_timing,2,2024-10-15,9418,Ｕ−ＮＥＸＴ ＨＯＬＤＩＮＧＳ,2,0.5719147228157344,0.0,-1.3671875,True,True,True,2024-10-11,0.0,0.0,0.0
baseline_tdnet_timing,2,2024-10-16,9024,⻄武ホールディングス,1,0.5745538947365703,0.0,-1.2481426448736954,True,True,True,2024-10-15,0.0,0.0,0.0
baseline_tdnet_timing,2,2024-10-16,1407,ウエストホールディングス,2,0.5700400169505102,0.0,-8.89627168696936,True,True,True,2024-10-15,1.0,0.0,0.0
baseline_tdnet_timing,2,2024-10-17,9024,⻄武ホールディングス,1,0.5719998258805643,1.0,1.2124886329190732,True,True,True,2024-10-16,0.0,0.0,0.0
baseline_tdnet_timing,2,2024-10-17,7061,日本ホスピスホールディングス,2,0.5673768876454941,1.0,0.0683060109289535,True,True,True,2024-10-16,0.0,0.0,0.0
baseline_tdnet_timing,2,2024-10-18,4429,リックソフト,1,0.5812803230194062,0.0,-2.2346368715083775,True,True,True,2024-10-17,0.0,0.0,0.0
baseline_tdnet_timing,2,2024-10-18,5218,オハラ,2,0.5626833560042891,1.0,0.7570022710068125,True,True,True,2024-10-17,0.0,0.0,0.0
baseline_tdnet_timing,2,2024-10-21,4014,カラダノート,1,0.6009372259944928,1.0,3.106796116504862,True,True,True,2024-10-18,0.0,0.0,0.0
baseline_tdnet_timing,2,2024-10-21,5449,大阪製鐵,2,0.5708415644655761,0.0,-0.45045045045044585,True,True,True,2024-10-18,0.0,0.0,0.0
baseline_tdnet_timing,2,2024-10-22,2138,クルーズ,1,0.5609158093202244,0.0,-1.1437908496731986,True,True,True,2024-10-21,0.0,0.0,0.0
baseline_tdnet_timing,2,2024-10-22,3223,エスエルディー,2,0.5599644627684256,1.0,0.11325028312569874,True,True,True,2024-10-21,0.0,0.0,0.0
baseline_tdnet_timing,2,2024-10-23,7061,日本ホスピスホールディングス,1,0.5775918683844571,0.0,-3.5739313244569026,True,True,True,2024-10-22,0.0,0.0,0.0
baseline_tdnet_timing,2,2024-10-23,4384,ラクスル,2,0.5656101151011627,1.0,0.8921330089213253,True,True,True,2024-10-22,0.0,0.0,0.0
baseline_tdnet_timing,2,2024-10-24,7061,日本ホスピスホールディングス,1,0.5822244127484257,0.0,-0.513950073421443,True,True,True,2024-10-23,0.0,0.0,0.0
baseline_tdnet_timing,2,2024-10-24,4060,ｒａｋｕｍｏ,2,0.5714560084914495,1.0,2.3227383863080764,True,True,True,2024-10-23,0.0,0.0,0.0
baseline_tdnet_timing,2,2024-10-25,7061,日本ホスピスホールディングス,1,0.5695656445842833,0.0,-1.2583271650629113,True,True,True,2024-10-24,0.0,0.0,0.0
baseline_tdnet_timing,2,2024-10-25,4361,川口化学⼯業,2,0.5655528926733798,0.0,-0.6269592476489061,True,True,True,2024-10-24,0.0,0.0,0.0
baseline_tdnet_timing,2,2024-10-28,4811,ドリーム・アーツ,1,0.5692836358361062,1.0,6.919396393080612,True,True,True,2024-10-25,0.0,0.0,0.0
baseline_tdnet_timing,2,2024-10-28,7061,日本ホスピスホールディングス,2,0.565887074407105,1.0,5.909090909090908,True,True,True,2024-10-25,0.0,0.0,0.0
baseline_tdnet_timing,2,2024-10-29,3663,セルシス,1,0.5588495512564592,1.0,3.5031847133758065,True,True,True,2024-10-28,0.0,0.0,0.0
baseline_tdnet_timing,2,2024-10-29,4119,日本ピグメントホールディングス,2,0.5523923363708283,0.0,-2.2187004754358197,True,True,True,2024-10-28,0.0,0.0,0.0
baseline_tdnet_timing,2,2024-10-30,4612,日本ペイントホールディングス,1,0.589912987418271,0.0,-0.7569386038687953,True,True,True,2024-10-29,0.0,0.0,0.0
baseline_tdnet_timing,2,2024-10-30,6866,日置電機,2,0.5680813441204071,1.0,1.3664596273291973,True,True,True,2024-10-29,0.0,0.0,0.0
baseline_tdnet_timing,2,2024-10-31,7278,エクセディ,1,0.5699839806045046,1.0,2.6731470230862753,True,True,True,2024-10-30,0.0,0.0,0.0
baseline_tdnet_timing,2,2024-10-31,3529,アツギ,2,0.5699390756286392,1.0,9.394313967861567,True,True,True,2024-10-30,1.0,0.0,0.0
baseline_tdnet_timing_clear,1,2024-09-02,4579,ラクオリア創薬,1,0.5911145629237295,0.0,-2.6856240126382325,True,True,True,2024-08-30,0.0,0.0,0.0
baseline_tdnet_timing_clear,1,2024-09-03,4369,トリケミカル研究所,1,0.6154643992700606,0.0,-3.584672435105063,True,True,True,2024-09-02,0.0,0.0,0.0
baseline_tdnet_timing_clear,1,2024-09-04,4889,レナサイエンス,1,0.5989494935922708,0.0,-3.385416666666663,True,True,True,2024-09-03,0.0,0.0,0.0
baseline_tdnet_timing_clear,1,2024-09-05,3974,ＳＣＡＴ,1,0.5668835906336306,1.0,0.22831050228311334,True,True,True,2024-09-04,0.0,0.0,0.0
baseline_tdnet_timing_clear,1,2024-09-06,6034,ＭＲＴ,1,0.5867356226614627,1.0,4.643962848297223,True,True,True,2024-09-05,0.0,0.0,0.0
baseline_tdnet_timing_clear,1,2024-09-09,9232,パスコ,1,0.6118902417343911,0.0,0.0,True,True,True,2024-09-06,0.0,0.0,0.0
baseline_tdnet_timing_clear,1,2024-09-10,9307,杉村倉庫,1,0.5963806305758341,0.0,-1.1345218800648316,True,True,True,2024-09-09,0.0,0.0,0.0
baseline_tdnet_timing_clear,1,2024-09-11,4415,ブロードエンタープライズ,1,0.5878133673397583,0.0,-1.5277777777777724,True,True,True,2024-09-10,0.0,0.0,0.0
baseline_tdnet_timing_clear,1,2024-09-12,7646,ＰＬＡＮＴ,1,0.5814247087169592,0.0,-0.32679738562091387,True,True,True,2024-09-11,0.0,0.0,0.0
baseline_tdnet_timing_clear,1,2024-09-13,7110,クラシコム,1,0.5860826033819194,1.0,0.37707390648566985,True,True,True,2024-09-12,0.0,0.0,0.0
baseline_tdnet_timing_clear,1,2024-09-17,7095,Ｍａｃｂｅｅ Ｐｌａｎｅｔ,1,0.5844008704830324,0.0,-7.722132471728593,True,True,True,2024-09-13,0.0,0.0,0.0
baseline_tdnet_timing_clear,1,2024-09-18,9556,ＩＮＴＬＯＯＰ,1,0.6104701459579804,1.0,4.714912280701755,True,True,True,2024-09-17,0.0,0.0,0.0
baseline_tdnet_timing_clear,1,2024-09-19,1948,弘電社,1,0.5922057939076183,0.0,-2.140883977900554,True,True,True,2024-09-18,0.0,0.0,0.0
baseline_tdnet_timing_clear,1,2024-09-20,3153,八洲電機,1,0.5801128904824016,1.0,1.4983351831298508,True,True,True,2024-09-19,0.0,0.0,0.0
baseline_tdnet_timing_clear,1,2024-09-24,3962,チェンジホールディングス,1,0.5856028887646857,0.0,-4.984662576687116,True,True,True,2024-09-20,0.0,0.0,0.0
baseline_tdnet_timing_clear,1,2024-09-25,3696,セレス,1,0.6023862913510141,0.0,-4.073587385019706,True,True,True,2024-09-24,0.0,0.0,0.0
baseline_tdnet_timing_clear,1,2024-09-26,7878,光・彩,1,0.605764115015143,0.0,-5.873015873015874,True,True,True,2024-09-25,0.0,0.0,0.0
baseline_tdnet_timing_clear,1,2024-09-27,3962,チェンジホールディングス,1,0.5731798664575516,1.0,0.15923566878981443,True,True,True,2024-09-26,0.0,0.0,0.0
baseline_tdnet_timing_clear,1,2024-09-30,3962,チェンジホールディングス,1,0.575066687474781,0.0,-2.515723270440251,True,True,True,2024-09-27,0.0,0.0,0.0
baseline_tdnet_timing_clear,1,2024-10-01,3962,チェンジホールディングス,1,0.5948987628845613,1.0,3.571428571428581,True,True,True,2024-09-30,0.0,0.0,0.0
baseline_tdnet_timing_clear,1,2024-10-02,7061,日本ホスピスホールディングス,1,0.5644894693521146,1.0,0.26631158455392434,True,True,True,2024-10-01,0.0,0.0,0.0
baseline_tdnet_timing_clear,1,2024-10-03,9722,藤⽥観光,1,0.5621239604920426,0.0,-0.6857142857142895,True,True,True,2024-10-02,0.0,0.0,0.0
baseline_tdnet_timing_clear,1,2024-10-04,2980,ＳＲＥホールディングス,1,0.5695209943783538,1.0,0.8695652173912993,True,True,True,2024-10-03,0.0,0.0,0.0
baseline_tdnet_timing_clear,1,2024-10-07,7061,日本ホスピスホールディングス,1,0.5809663303917219,1.0,0.6662225183211135,True,True,True,2024-10-04,0.0,0.0,0.0
baseline_tdnet_timing_clear,1,2024-10-08,7061,日本ホスピスホールディングス,1,0.5696432549468998,0.0,-2.474916387959869,True,True,True,2024-10-07,0.0,0.0,0.0
baseline_tdnet_timing_clear,1,2024-10-09,7061,日本ホスピスホールディングス,1,0.5769785760514845,0.0,-0.20311442112389555,True,True,True,2024-10-08,0.0,0.0,0.0
baseline_tdnet_timing_clear,1,2024-10-10,1911,住友林業,1,0.5775718445065073,0.0,-0.8724100327153761,True,True,True,2024-10-09,0.0,0.0,0.0
baseline_tdnet_timing_clear,1,2024-10-11,7061,日本ホスピスホールディングス,1,0.5907337411725189,0.0,-0.1387925052047212,True,True,True,2024-10-10,0.0,0.0,0.0
baseline_tdnet_timing_clear,1,2024-10-15,9601,松竹,1,0.5838593332253633,1.0,0.9304812834224574,True,True,True,2024-10-11,1.0,0.0,0.0
baseline_tdnet_timing_clear,1,2024-10-16,9024,⻄武ホールディングス,1,0.5745401006578746,0.0,-1.2481426448736954,True,True,True,2024-10-15,0.0,0.0,0.0
baseline_tdnet_timing_clear,1,2024-10-17,9024,⻄武ホールディングス,1,0.5719907687363964,1.0,1.2124886329190732,True,True,True,2024-10-16,0.0,0.0,0.0
baseline_tdnet_timing_clear,1,2024-10-18,4429,リックソフト,1,0.5812677821838097,0.0,-2.2346368715083775,True,True,True,2024-10-17,0.0,0.0,0.0
baseline_tdnet_timing_clear,1,2024-10-21,4014,カラダノート,1,0.6009702821112638,1.0,3.106796116504862,True,True,True,2024-10-18,0.0,0.0,0.0
baseline_tdnet_timing_clear,1,2024-10-22,3031,ラクーンホールディングス,1,0.5679480130164185,1.0,1.8041237113401998,True,True,True,2024-10-21,1.0,1.0,0.0
baseline_tdnet_timing_clear,1,2024-10-23,7061,日本ホスピスホールディングス,1,0.5775634851298949,0.0,-3.5739313244569026,True,True,True,2024-10-22,0.0,0.0,0.0
baseline_tdnet_timing_clear,1,2024-10-24,7061,日本ホスピスホールディングス,1,0.5821928838093124,0.0,-0.513950073421443,True,True,True,2024-10-23,0.0,0.0,0.0
baseline_tdnet_timing_clear,1,2024-10-25,7061,日本ホスピスホールディングス,1,0.5695360404105861,0.0,-1.2583271650629113,True,True,True,2024-10-24,0.0,0.0,0.0
baseline_tdnet_timing_clear,1,2024-10-28,4811,ドリーム・アーツ,1,0.5692846879950035,1.0,6.919396393080612,True,True,True,2024-10-25,0.0,0.0,0.0
baseline_tdnet_timing_clear,1,2024-10-29,3663,セルシス,1,0.5588451304251182,1.0,3.5031847133758065,True,True,True,2024-10-28,0.0,0.0,0.0
baseline_tdnet_timing_clear,1,2024-10-30,4612,日本ペイントホールディングス,1,0.5900081716371575,0.0,-0.7569386038687953,True,True,True,2024-10-29,0.0,0.0,0.0
baseline_tdnet_timing_clear,1,2024-10-31,7278,エクセディ,1,0.5700357847906254,1.0,2.6731470230862753,True,True,True,2024-10-30,0.0,0.0,0.0
baseline_tdnet_timing_clear,2,2024-09-02,4579,ラクオリア創薬,1,0.5911145629237295,0.0,-2.6856240126382325,True,True,True,2024-08-30,0.0,0.0,0.0
baseline_tdnet_timing_clear,2,2024-09-02,3433,トーカロ,2,0.5876967098834498,0.0,-0.05393743257821049,True,True,True,2024-08-30,0.0,0.0,0.0
baseline_tdnet_timing_clear,2,2024-09-03,4369,トリケミカル研究所,1,0.6154643992700606,0.0,-3.584672435105063,True,True,True,2024-09-02,0.0,0.0,0.0
baseline_tdnet_timing_clear,2,2024-09-03,9238,バリュークリエーション,2,0.5858079117733918,0.0,-0.19193857965451588,True,True,True,2024-09-02,0.0,0.0,0.0
baseline_tdnet_timing_clear,2,2024-09-04,4889,レナサイエンス,1,0.5989494935922708,0.0,-3.385416666666663,True,True,True,2024-09-03,0.0,0.0,0.0
baseline_tdnet_timing_clear,2,2024-09-04,1807,佐藤渡辺,2,0.5705436356330673,0.0,-2.19907407407407,True,True,True,2024-09-03,0.0,0.0,0.0
baseline_tdnet_timing_clear,2,2024-09-05,3974,ＳＣＡＴ,1,0.5668835906336306,1.0,0.22831050228311334,True,True,True,2024-09-04,0.0,0.0,0.0
baseline_tdnet_timing_clear,2,2024-09-05,4936,アクシージア,2,0.5630247865575376,1.0,0.13605442176871652,True,True,True,2024-09-04,0.0,0.0,0.0
baseline_tdnet_timing_clear,2,2024-09-06,6034,ＭＲＴ,1,0.5867356226614627,1.0,4.643962848297223,True,True,True,2024-09-05,0.0,0.0,0.0
baseline_tdnet_timing_clear,2,2024-09-06,5247,ＢＴＭ,2,0.5711307713674962,1.0,0.5380476556495095,True,True,True,2024-09-05,0.0,0.0,0.0
baseline_tdnet_timing_clear,2,2024-09-09,9232,パスコ,1,0.6118902417343911,0.0,0.0,True,True,True,2024-09-06,0.0,0.0,0.0
baseline_tdnet_timing_clear,2,2024-09-09,4890,坪⽥ラボ,2,0.5940732015936876,1.0,1.4678899082568808,True,True,True,2024-09-06,0.0,0.0,0.0
baseline_tdnet_timing_clear,2,2024-09-10,9307,杉村倉庫,1,0.5963806305758341,0.0,-1.1345218800648316,True,True,True,2024-09-09,0.0,0.0,0.0
baseline_tdnet_timing_clear,2,2024-09-10,4268,エッジテクノロジー,2,0.5809117249453365,0.0,0.0,True,True,True,2024-09-09,0.0,0.0,0.0
baseline_tdnet_timing_clear,2,2024-09-11,4415,ブロードエンタープライズ,1,0.5878133673397583,0.0,-1.5277777777777724,True,True,True,2024-09-10,0.0,0.0,0.0
baseline_tdnet_timing_clear,2,2024-09-11,3180,ビューティガレージ,2,0.5789008144085095,1.0,2.6762402088772896,True,True,True,2024-09-10,0.0,0.0,0.0
baseline_tdnet_timing_clear,2,2024-09-12,7646,ＰＬＡＮＴ,1,0.5814247087169592,0.0,-0.32679738562091387,True,True,True,2024-09-11,0.0,0.0,0.0
baseline_tdnet_timing_clear,2,2024-09-12,3662,エイチーム,2,0.5758564981395886,0.0,-0.31746031746031633,True,True,True,2024-09-11,0.0,0.0,0.0
baseline_tdnet_timing_clear,2,2024-09-13,7110,クラシコム,1,0.5860826033819194,1.0,0.37707390648566985,True,True,True,2024-09-12,0.0,0.0,0.0
baseline_tdnet_timing_clear,2,2024-09-13,6914,オプテックスグループ,2,0.5826496983582583,0.0,-1.276595744680853,True,True,True,2024-09-12,0.0,0.0,0.0
baseline_tdnet_timing_clear,2,2024-09-17,7095,Ｍａｃｂｅｅ Ｐｌａｎｅｔ,1,0.5844008704830324,0.0,-7.722132471728593,True,True,True,2024-09-13,0.0,0.0,0.0
baseline_tdnet_timing_clear,2,2024-09-17,3962,チェンジホールディングス,2,0.5824898198960634,0.0,-0.40650406504064707,True,True,True,2024-09-13,0.0,0.0,0.0
baseline_tdnet_timing_clear,2,2024-09-18,9556,ＩＮＴＬＯＯＰ,1,0.6104701459579804,1.0,4.714912280701755,True,True,True,2024-09-17,0.0,0.0,0.0
baseline_tdnet_timing_clear,2,2024-09-18,3653,モルフォ,2,0.6050259613854196,0.0,-5.727554179566563,True,True,True,2024-09-17,0.0,0.0,0.0
baseline_tdnet_timing_clear,2,2024-09-19,1948,弘電社,1,0.5922057939076183,0.0,-2.140883977900554,True,True,True,2024-09-18,0.0,0.0,0.0
baseline_tdnet_timing_clear,2,2024-09-19,3107,ダイワボウホールディングス,2,0.581803487052949,1.0,0.07385524372229835,True,True,True,2024-09-18,0.0,0.0,0.0
baseline_tdnet_timing_clear,2,2024-09-20,3153,八洲電機,1,0.5801128904824016,1.0,1.4983351831298508,True,True,True,2024-09-19,0.0,0.0,0.0
baseline_tdnet_timing_clear,2,2024-09-20,3107,ダイワボウホールディングス,2,0.5773903428587508,0.0,-1.8118594436310365,True,True,True,2024-09-19,0.0,0.0,0.0
baseline_tdnet_timing_clear,2,2024-09-24,3962,チェンジホールディングス,1,0.5856028887646857,0.0,-4.984662576687116,True,True,True,2024-09-20,0.0,0.0,0.0
baseline_tdnet_timing_clear,2,2024-09-24,3107,ダイワボウホールディングス,2,0.5843804951759006,0.0,-0.14713996689350584,True,True,True,2024-09-20,0.0,0.0,0.0
baseline_tdnet_timing_clear,2,2024-09-25,3696,セレス,1,0.6023862913510141,0.0,-4.073587385019706,True,True,True,2024-09-24,0.0,0.0,0.0
baseline_tdnet_timing_clear,2,2024-09-25,4512,わかもと製薬,2,0.5894645339928244,1.0,1.7667844522968101,True,True,True,2024-09-24,0.0,0.0,0.0
baseline_tdnet_timing_clear,2,2024-09-26,7878,光・彩,1,0.605764115015143,0.0,-5.873015873015874,True,True,True,2024-09-25,0.0,0.0,0.0
baseline_tdnet_timing_clear,2,2024-09-26,9418,Ｕ−ＮＥＸＴ ＨＯＬＤＩＮＧＳ,2,0.5743075202374065,1.0,3.917910447761197,True,True,True,2024-09-25,0.0,0.0,0.0
baseline_tdnet_timing_clear,2,2024-09-27,3962,チェンジホールディングス,1,0.5731798664575516,1.0,0.15923566878981443,True,True,True,2024-09-26,0.0,0.0,0.0
baseline_tdnet_timing_clear,2,2024-09-27,3107,ダイワボウホールディングス,2,0.5663033369117535,1.0,0.6537102473498146,True,True,True,2024-09-26,0.0,0.0,0.0
baseline_tdnet_timing_clear,2,2024-09-30,3962,チェンジホールディングス,1,0.575066687474781,0.0,-2.515723270440251,True,True,True,2024-09-27,0.0,0.0,0.0
baseline_tdnet_timing_clear,2,2024-09-30,3107,ダイワボウホールディングス,2,0.5671191166608044,1.0,0.7040948675189895,True,True,True,2024-09-27,0.0,0.0,0.0
baseline_tdnet_timing_clear,2,2024-10-01,3962,チェンジホールディングス,1,0.5948987628845613,1.0,3.571428571428581,True,True,True,2024-09-30,0.0,0.0,0.0
baseline_tdnet_timing_clear,2,2024-10-01,7163,住信ＳＢＩネット銀行,2,0.5602389578257022,1.0,0.952380952380949,True,True,True,2024-09-30,1.0,0.0,0.0
baseline_tdnet_timing_clear,2,2024-10-02,7061,日本ホスピスホールディングス,1,0.5644894693521146,1.0,0.26631158455392434,True,True,True,2024-10-01,0.0,0.0,0.0
baseline_tdnet_timing_clear,2,2024-10-02,7163,住信ＳＢＩネット銀行,2,0.5500963689044897,0.0,-0.371747211895912,True,True,True,2024-10-01,0.0,0.0,0.0
baseline_tdnet_timing_clear,2,2024-10-03,9722,藤⽥観光,1,0.5621239604920426,0.0,-0.6857142857142895,True,True,True,2024-10-02,0.0,0.0,0.0
baseline_tdnet_timing_clear,2,2024-10-03,3083,シーズメン,2,0.5598118982015846,0.0,-3.5278154681139706,True,True,True,2024-10-02,0.0,0.0,0.0
baseline_tdnet_timing_clear,2,2024-10-04,2980,ＳＲＥホールディングス,1,0.5695209943783538,1.0,0.8695652173912993,True,True,True,2024-10-03,0.0,0.0,0.0
baseline_tdnet_timing_clear,2,2024-10-04,5575,Ｇｌｏｂｅｅ,2,0.5677314998850134,0.0,-2.329916123019571,True,True,True,2024-10-03,0.0,0.0,0.0
baseline_tdnet_timing_clear,2,2024-10-07,7061,日本ホスピスホールディングス,1,0.5809663303917219,1.0,0.6662225183211135,True,True,True,2024-10-04,0.0,0.0,0.0
baseline_tdnet_timing_clear,2,2024-10-07,5575,Ｇｌｏｂｅｅ,2,0.5733762539061128,1.0,0.37383177570093906,True,True,True,2024-10-04,0.0,0.0,0.0
baseline_tdnet_timing_clear,2,2024-10-08,7061,日本ホスピスホールディングス,1,0.5696432549468998,0.0,-2.474916387959869,True,True,True,2024-10-07,0.0,0.0,0.0
baseline_tdnet_timing_clear,2,2024-10-08,5575,Ｇｌｏｂｅｅ,2,0.5638254788213485,1.0,0.92592592592593,True,True,True,2024-10-07,0.0,0.0,0.0
baseline_tdnet_timing_clear,2,2024-10-09,7061,日本ホスピスホールディングス,1,0.5769785760514845,0.0,-0.20311442112389555,True,True,True,2024-10-08,0.0,0.0,0.0
baseline_tdnet_timing_clear,2,2024-10-09,7082,ジモティー,2,0.5728826363908253,0.0,-1.9083969465648831,True,True,True,2024-10-08,0.0,0.0,0.0
baseline_tdnet_timing_clear,2,2024-10-10,1911,住友林業,1,0.5775718445065073,0.0,-0.8724100327153761,True,True,True,2024-10-09,0.0,0.0,0.0
baseline_tdnet_timing_clear,2,2024-10-10,7061,日本ホスピスホールディングス,2,0.5757792183264321,0.0,-2.626262626262621,True,True,True,2024-10-09,0.0,0.0,0.0
baseline_tdnet_timing_clear,2,2024-10-11,7061,日本ホスピスホールディングス,1,0.5907337411725189,0.0,-0.1387925052047212,True,True,True,2024-10-10,0.0,0.0,0.0
baseline_tdnet_timing_clear,2,2024-10-11,7082,ジモティー,2,0.573133876303515,0.0,-0.15491866769945517,True,True,True,2024-10-10,0.0,0.0,0.0
baseline_tdnet_timing_clear,2,2024-10-15,9601,松竹,1,0.5838593332253633,1.0,0.9304812834224574,True,True,True,2024-10-11,1.0,0.0,0.0
baseline_tdnet_timing_clear,2,2024-10-15,9418,Ｕ−ＮＥＸＴ ＨＯＬＤＩＮＧＳ,2,0.571911931057342,0.0,-1.3671875,True,True,True,2024-10-11,0.0,0.0,0.0
baseline_tdnet_timing_clear,2,2024-10-16,9024,⻄武ホールディングス,1,0.5745401006578746,0.0,-1.2481426448736954,True,True,True,2024-10-15,0.0,0.0,0.0
baseline_tdnet_timing_clear,2,2024-10-16,1407,ウエストホールディングス,2,0.5700462708671535,0.0,-8.89627168696936,True,True,True,2024-10-15,1.0,0.0,0.0
baseline_tdnet_timing_clear,2,2024-10-17,9024,⻄武ホールディングス,1,0.5719907687363964,1.0,1.2124886329190732,True,True,True,2024-10-16,0.0,0.0,0.0
baseline_tdnet_timing_clear,2,2024-10-17,7061,日本ホスピスホールディングス,2,0.5673560601267743,1.0,0.0683060109289535,True,True,True,2024-10-16,0.0,0.0,0.0
baseline_tdnet_timing_clear,2,2024-10-18,4429,リックソフト,1,0.5812677821838097,0.0,-2.2346368715083775,True,True,True,2024-10-17,0.0,0.0,0.0
baseline_tdnet_timing_clear,2,2024-10-18,5218,オハラ,2,0.5626681331885356,1.0,0.7570022710068125,True,True,True,2024-10-17,0.0,0.0,0.0
baseline_tdnet_timing_clear,2,2024-10-21,4014,カラダノート,1,0.6009702821112638,1.0,3.106796116504862,True,True,True,2024-10-18,0.0,0.0,0.0
baseline_tdnet_timing_clear,2,2024-10-21,5449,大阪製鐵,2,0.570856359072834,0.0,-0.45045045045044585,True,True,True,2024-10-18,0.0,0.0,0.0
baseline_tdnet_timing_clear,2,2024-10-22,3031,ラクーンホールディングス,1,0.5679480130164185,1.0,1.8041237113401998,True,True,True,2024-10-21,1.0,1.0,0.0
baseline_tdnet_timing_clear,2,2024-10-22,2138,クルーズ,2,0.5608908165680823,0.0,-1.1437908496731986,True,True,True,2024-10-21,0.0,0.0,0.0
baseline_tdnet_timing_clear,2,2024-10-23,7061,日本ホスピスホールディングス,1,0.5775634851298949,0.0,-3.5739313244569026,True,True,True,2024-10-22,0.0,0.0,0.0
baseline_tdnet_timing_clear,2,2024-10-23,4384,ラクスル,2,0.5655843104803272,1.0,0.8921330089213253,True,True,True,2024-10-22,0.0,0.0,0.0
baseline_tdnet_timing_clear,2,2024-10-24,7061,日本ホスピスホールディングス,1,0.5821928838093124,0.0,-0.513950073421443,True,True,True,2024-10-23,0.0,0.0,0.0
baseline_tdnet_timing_clear,2,2024-10-24,4060,ｒａｋｕｍｏ,2,0.5714513079934879,1.0,2.3227383863080764,True,True,True,2024-10-23,0.0,0.0,0.0
baseline_tdnet_timing_clear,2,2024-10-25,7061,日本ホスピスホールディングス,1,0.5695360404105861,0.0,-1.2583271650629113,True,True,True,2024-10-24,0.0,0.0,0.0
baseline_tdnet_timing_clear,2,2024-10-25,4361,川口化学⼯業,2,0.5655409814361607,0.0,-0.6269592476489061,True,True,True,2024-10-24,0.0,0.0,0.0
baseline_tdnet_timing_clear,2,2024-10-28,4811,ドリーム・アーツ,1,0.5692846879950035,1.0,6.919396393080612,True,True,True,2024-10-25,0.0,0.0,0.0
baseline_tdnet_timing_clear,2,2024-10-28,7061,日本ホスピスホールディングス,2,0.56585928410516,1.0,5.909090909090908,True,True,True,2024-10-25,0.0,0.0,0.0
baseline_tdnet_timing_clear,2,2024-10-29,3663,セルシス,1,0.5588451304251182,1.0,3.5031847133758065,True,True,True,2024-10-28,0.0,0.0,0.0
baseline_tdnet_timing_clear,2,2024-10-29,4119,日本ピグメントホールディングス,2,0.5524368846490801,0.0,-2.2187004754358197,True,True,True,2024-10-28,0.0,0.0,0.0
baseline_tdnet_timing_clear,2,2024-10-30,4612,日本ペイントホールディングス,1,0.5900081716371575,0.0,-0.7569386038687953,True,True,True,2024-10-29,0.0,0.0,0.0
baseline_tdnet_timing_clear,2,2024-10-30,6866,日置電機,2,0.5680563822281557,1.0,1.3664596273291973,True,True,True,2024-10-29,0.0,0.0,0.0
baseline_tdnet_timing_clear,2,2024-10-31,7278,エクセディ,1,0.5700357847906254,1.0,2.6731470230862753,True,True,True,2024-10-30,0.0,0.0,0.0
baseline_tdnet_timing_clear,2,2024-10-31,3529,アツギ,2,0.5699163909231557,1.0,9.394313967861567,True,True,True,2024-10-30,1.0,0.0,0.0
baseline_price_shape_tdnet_clear,1,2024-09-02,4579,ラクオリア創薬,1,0.5991021247240879,0.0,-2.6856240126382325,True,True,True,2024-08-30,0.0,0.0,0.0
baseline_price_shape_tdnet_clear,1,2024-09-03,4369,トリケミカル研究所,1,0.6247699133862181,0.0,-3.584672435105063,True,True,True,2024-09-02,0.0,0.0,0.0
baseline_price_shape_tdnet_clear,1,2024-09-04,4889,レナサイエンス,1,0.6197023074378526,0.0,-3.385416666666663,True,True,True,2024-09-03,0.0,0.0,0.0
baseline_price_shape_tdnet_clear,1,2024-09-05,4936,アクシージア,1,0.5639920220775568,1.0,0.13605442176871652,True,True,True,2024-09-04,0.0,0.0,0.0
baseline_price_shape_tdnet_clear,1,2024-09-06,6034,ＭＲＴ,1,0.5841844337572277,1.0,4.643962848297223,True,True,True,2024-09-05,0.0,0.0,0.0
baseline_price_shape_tdnet_clear,1,2024-09-09,9232,パスコ,1,0.615152657174302,0.0,0.0,True,True,True,2024-09-06,0.0,0.0,0.0
baseline_price_shape_tdnet_clear,1,2024-09-10,9307,杉村倉庫,1,0.6063470613412064,0.0,-1.1345218800648316,True,True,True,2024-09-09,0.0,0.0,0.0
baseline_price_shape_tdnet_clear,1,2024-09-11,4415,ブロードエンタープライズ,1,0.5877545022929609,0.0,-1.5277777777777724,True,True,True,2024-09-10,0.0,0.0,0.0
baseline_price_shape_tdnet_clear,1,2024-09-12,4268,エッジテクノロジー,1,0.5898677215112414,0.0,0.0,True,True,True,2024-09-11,0.0,0.0,0.0
baseline_price_shape_tdnet_clear,1,2024-09-13,7110,クラシコム,1,0.5857780024787943,1.0,0.37707390648566985,True,True,True,2024-09-12,0.0,0.0,0.0
baseline_price_shape_tdnet_clear,1,2024-09-17,7095,Ｍａｃｂｅｅ Ｐｌａｎｅｔ,1,0.5961997150017396,0.0,-7.722132471728593,True,True,True,2024-09-13,0.0,0.0,0.0
baseline_price_shape_tdnet_clear,1,2024-09-18,3653,モルフォ,1,0.6291630492945942,0.0,-5.727554179566563,True,True,True,2024-09-17,0.0,0.0,0.0
baseline_price_shape_tdnet_clear,1,2024-09-19,1948,弘電社,1,0.6051390207437916,0.0,-2.140883977900554,True,True,True,2024-09-18,0.0,0.0,0.0
baseline_price_shape_tdnet_clear,1,2024-09-20,3153,八洲電機,1,0.6007873358149681,1.0,1.4983351831298508,True,True,True,2024-09-19,0.0,0.0,0.0
baseline_price_shape_tdnet_clear,1,2024-09-24,3461,パルマ,1,0.6103160926366268,1.0,3.439803439803435,True,True,True,2024-09-20,1.0,1.0,0.0
baseline_price_shape_tdnet_clear,1,2024-09-25,4512,わかもと製薬,1,0.6195342419426272,1.0,1.7667844522968101,True,True,True,2024-09-24,0.0,0.0,0.0
baseline_price_shape_tdnet_clear,1,2024-09-26,7878,光・彩,1,0.613751510099167,0.0,-5.873015873015874,True,True,True,2024-09-25,0.0,0.0,0.0
baseline_price_shape_tdnet_clear,1,2024-09-27,4369,トリケミカル研究所,1,0.5757102645839236,1.0,0.6811989100817373,True,True,True,2024-09-26,0.0,0.0,0.0
baseline_price_shape_tdnet_clear,1,2024-09-30,3962,チェンジホールディングス,1,0.5730185071574488,0.0,-2.515723270440251,True,True,True,2024-09-27,0.0,0.0,0.0
baseline_price_shape_tdnet_clear,1,2024-10-01,3962,チェンジホールディングス,1,0.6071774408870328,1.0,3.571428571428581,True,True,True,2024-09-30,0.0,0.0,0.0
baseline_price_shape_tdnet_clear,1,2024-10-02,7061,日本ホスピスホールディングス,1,0.5674715195211425,1.0,0.26631158455392434,True,True,True,2024-10-01,0.0,0.0,0.0
baseline_price_shape_tdnet_clear,1,2024-10-03,9722,藤⽥観光,1,0.5688645894799104,0.0,-0.6857142857142895,True,True,True,2024-10-02,0.0,0.0,0.0
baseline_price_shape_tdnet_clear,1,2024-10-04,2980,ＳＲＥホールディングス,1,0.5765277129711381,1.0,0.8695652173912993,True,True,True,2024-10-03,0.0,0.0,0.0
baseline_price_shape_tdnet_clear,1,2024-10-07,7061,日本ホスピスホールディングス,1,0.5842360284791154,1.0,0.6662225183211135,True,True,True,2024-10-04,0.0,0.0,0.0
baseline_price_shape_tdnet_clear,1,2024-10-08,2767,円⾕フィールズホールディングス,1,0.5710266764449468,0.0,-2.28595178719867,True,True,True,2024-10-07,0.0,0.0,0.0
baseline_price_shape_tdnet_clear,1,2024-10-09,2767,円⾕フィールズホールディングス,1,0.5813874618136394,0.0,-0.2939941201176022,True,True,True,2024-10-08,0.0,0.0,0.0
baseline_price_shape_tdnet_clear,1,2024-10-10,1911,住友林業,1,0.5837006320754328,0.0,-0.8724100327153761,True,True,True,2024-10-09,0.0,0.0,0.0
baseline_price_shape_tdnet_clear,1,2024-10-11,7061,日本ホスピスホールディングス,1,0.591620066010552,0.0,-0.1387925052047212,True,True,True,2024-10-10,0.0,0.0,0.0
baseline_price_shape_tdnet_clear,1,2024-10-15,9418,Ｕ−ＮＥＸＴ ＨＯＬＤＩＮＧＳ,1,0.5724896841766548,0.0,-1.3671875,True,True,True,2024-10-11,0.0,0.0,0.0
baseline_price_shape_tdnet_clear,1,2024-10-16,9024,⻄武ホールディングス,1,0.5745032453889809,0.0,-1.2481426448736954,True,True,True,2024-10-15,0.0,0.0,0.0
baseline_price_shape_tdnet_clear,1,2024-10-17,9024,⻄武ホールディングス,1,0.5726027225673853,1.0,1.2124886329190732,True,True,True,2024-10-16,0.0,0.0,0.0
baseline_price_shape_tdnet_clear,1,2024-10-18,4429,リックソフト,1,0.5930853832893745,0.0,-2.2346368715083775,True,True,True,2024-10-17,0.0,0.0,0.0
baseline_price_shape_tdnet_clear,1,2024-10-21,4014,カラダノート,1,0.6038765197835282,1.0,3.106796116504862,True,True,True,2024-10-18,0.0,0.0,0.0
baseline_price_shape_tdnet_clear,1,2024-10-22,7997,くろがね⼯作所,1,0.5721631791105335,0.0,-0.8641975308641969,True,True,True,2024-10-21,0.0,0.0,0.0
baseline_price_shape_tdnet_clear,1,2024-10-23,7061,日本ホスピスホールディングス,1,0.5783286259213418,0.0,-3.5739313244569026,True,True,True,2024-10-22,0.0,0.0,0.0
baseline_price_shape_tdnet_clear,1,2024-10-24,7061,日本ホスピスホールディングス,1,0.5850715011778271,0.0,-0.513950073421443,True,True,True,2024-10-23,0.0,0.0,0.0
baseline_price_shape_tdnet_clear,1,2024-10-25,7061,日本ホスピスホールディングス,1,0.5709432937081653,0.0,-1.2583271650629113,True,True,True,2024-10-24,0.0,0.0,0.0
baseline_price_shape_tdnet_clear,1,2024-10-28,4174,アピリッツ,1,0.5741982931201791,1.0,1.4184397163120588,True,True,True,2024-10-25,0.0,0.0,0.0
baseline_price_shape_tdnet_clear,1,2024-10-29,3663,セルシス,1,0.5624101678569478,1.0,3.5031847133758065,True,True,True,2024-10-28,0.0,0.0,0.0
baseline_price_shape_tdnet_clear,1,2024-10-30,4612,日本ペイントホールディングス,1,0.6046803341958021,0.0,-0.7569386038687953,True,True,True,2024-10-29,0.0,0.0,0.0
baseline_price_shape_tdnet_clear,1,2024-10-31,7278,エクセディ,1,0.5762259257991175,1.0,2.6731470230862753,True,True,True,2024-10-30,0.0,0.0,0.0
baseline_price_shape_tdnet_clear,2,2024-09-02,4579,ラクオリア創薬,1,0.5991021247240879,0.0,-2.6856240126382325,True,True,True,2024-08-30,0.0,0.0,0.0
baseline_price_shape_tdnet_clear,2,2024-09-02,8704,トレイダーズホールディングス,2,0.5838560466493474,1.0,2.262443438914019,True,True,True,2024-08-30,0.0,0.0,0.0
baseline_price_shape_tdnet_clear,2,2024-09-03,4369,トリケミカル研究所,1,0.6247699133862181,0.0,-3.584672435105063,True,True,True,2024-09-02,0.0,0.0,0.0
baseline_price_shape_tdnet_clear,2,2024-09-03,9238,バリュークリエーション,2,0.5866536759980007,0.0,-0.19193857965451588,True,True,True,2024-09-02,0.0,0.0,0.0
baseline_price_shape_tdnet_clear,2,2024-09-04,4889,レナサイエンス,1,0.6197023074378526,0.0,-3.385416666666663,True,True,True,2024-09-03,0.0,0.0,0.0
baseline_price_shape_tdnet_clear,2,2024-09-04,4369,トリケミカル研究所,2,0.5838446287697114,0.0,-1.8055555555555602,True,True,True,2024-09-03,0.0,0.0,0.0
baseline_price_shape_tdnet_clear,2,2024-09-05,4936,アクシージア,1,0.5639920220775568,1.0,0.13605442176871652,True,True,True,2024-09-04,0.0,0.0,0.0
baseline_price_shape_tdnet_clear,2,2024-09-05,6390,加藤製作所,2,0.5635794416648173,1.0,1.4802631578947345,True,True,True,2024-09-04,0.0,0.0,0.0
baseline_price_shape_tdnet_clear,2,2024-09-06,6034,ＭＲＴ,1,0.5841844337572277,1.0,4.643962848297223,True,True,True,2024-09-05,0.0,0.0,0.0
baseline_price_shape_tdnet_clear,2,2024-09-06,9238,バリュークリエーション,2,0.5707617100738973,0.0,-1.177625122669279,True,True,True,2024-09-05,0.0,0.0,0.0
baseline_price_shape_tdnet_clear,2,2024-09-09,9232,パスコ,1,0.615152657174302,0.0,0.0,True,True,True,2024-09-06,0.0,0.0,0.0
baseline_price_shape_tdnet_clear,2,2024-09-09,4890,坪⽥ラボ,2,0.5959297926054282,1.0,1.4678899082568808,True,True,True,2024-09-06,0.0,0.0,0.0
baseline_price_shape_tdnet_clear,2,2024-09-10,9307,杉村倉庫,1,0.6063470613412064,0.0,-1.1345218800648316,True,True,True,2024-09-09,0.0,0.0,0.0
baseline_price_shape_tdnet_clear,2,2024-09-10,4268,エッジテクノロジー,2,0.584282259131598,0.0,0.0,True,True,True,2024-09-09,0.0,0.0,0.0
baseline_price_shape_tdnet_clear,2,2024-09-11,4415,ブロードエンタープライズ,1,0.5877545022929609,0.0,-1.5277777777777724,True,True,True,2024-09-10,0.0,0.0,0.0
baseline_price_shape_tdnet_clear,2,2024-09-11,3180,ビューティガレージ,2,0.5852265162697339,1.0,2.6762402088772896,True,True,True,2024-09-10,0.0,0.0,0.0
baseline_price_shape_tdnet_clear,2,2024-09-12,4268,エッジテクノロジー,1,0.5898677215112414,0.0,0.0,True,True,True,2024-09-11,0.0,0.0,0.0
baseline_price_shape_tdnet_clear,2,2024-09-12,6227,ＡＩメカテック,2,0.5823229565686855,0.0,-0.25041736227044975,True,True,True,2024-09-11,0.0,0.0,0.0
baseline_price_shape_tdnet_clear,2,2024-09-13,7110,クラシコム,1,0.5857780024787943,1.0,0.37707390648566985,True,True,True,2024-09-12,0.0,0.0,0.0
baseline_price_shape_tdnet_clear,2,2024-09-13,6914,オプテックスグループ,2,0.5833363350910312,0.0,-1.276595744680853,True,True,True,2024-09-12,0.0,0.0,0.0
baseline_price_shape_tdnet_clear,2,2024-09-17,7095,Ｍａｃｂｅｅ Ｐｌａｎｅｔ,1,0.5961997150017396,0.0,-7.722132471728593,True,True,True,2024-09-13,0.0,0.0,0.0
baseline_price_shape_tdnet_clear,2,2024-09-17,6184,鎌倉新書,2,0.5927121020760145,0.0,-0.6048387096774244,True,True,True,2024-09-13,0.0,0.0,0.0
baseline_price_shape_tdnet_clear,2,2024-09-18,3653,モルフォ,1,0.6291630492945942,0.0,-5.727554179566563,True,True,True,2024-09-17,0.0,0.0,0.0
baseline_price_shape_tdnet_clear,2,2024-09-18,7033,マネジメントソリューションズ,2,0.6232667955402453,1.0,9.426751592356686,True,True,True,2024-09-17,0.0,0.0,0.0
baseline_price_shape_tdnet_clear,2,2024-09-19,1948,弘電社,1,0.6051390207437916,0.0,-2.140883977900554,True,True,True,2024-09-18,0.0,0.0,0.0
baseline_price_shape_tdnet_clear,2,2024-09-19,9058,トランコム,2,0.5864575043444411,0.0,0.0,True,True,True,2024-09-18,0.0,0.0,0.0
baseline_price_shape_tdnet_clear,2,2024-09-20,3153,八洲電機,1,0.6007873358149681,1.0,1.4983351831298508,True,True,True,2024-09-19,0.0,0.0,0.0
baseline_price_shape_tdnet_clear,2,2024-09-20,9058,トランコム,2,0.5835002108751273,1.0,0.8687258687258614,True,True,True,2024-09-19,0.0,0.0,0.0
baseline_price_shape_tdnet_clear,2,2024-09-24,3461,パルマ,1,0.6103160926366268,1.0,3.439803439803435,True,True,True,2024-09-20,1.0,1.0,0.0
baseline_price_shape_tdnet_clear,2,2024-09-24,3962,チェンジホールディングス,2,0.59240294736798,0.0,-4.984662576687116,True,True,True,2024-09-20,0.0,0.0,0.0
baseline_price_shape_tdnet_clear,2,2024-09-25,4512,わかもと製薬,1,0.6195342419426272,1.0,1.7667844522968101,True,True,True,2024-09-24,0.0,0.0,0.0
baseline_price_shape_tdnet_clear,2,2024-09-25,3696,セレス,2,0.6082324537422277,0.0,-4.073587385019706,True,True,True,2024-09-24,0.0,0.0,0.0
baseline_price_shape_tdnet_clear,2,2024-09-26,7878,光・彩,1,0.613751510099167,0.0,-5.873015873015874,True,True,True,2024-09-25,0.0,0.0,0.0
baseline_price_shape_tdnet_clear,2,2024-09-26,9418,Ｕ−ＮＥＸＴ ＨＯＬＤＩＮＧＳ,2,0.577783132693713,1.0,3.917910447761197,True,True,True,2024-09-25,0.0,0.0,0.0
baseline_price_shape_tdnet_clear,2,2024-09-27,4369,トリケミカル研究所,1,0.5757102645839236,1.0,0.6811989100817373,True,True,True,2024-09-26,0.0,0.0,0.0
baseline_price_shape_tdnet_clear,2,2024-09-27,3962,チェンジホールディングス,2,0.5694732691813656,1.0,0.15923566878981443,True,True,True,2024-09-26,0.0,0.0,0.0
baseline_price_shape_tdnet_clear,2,2024-09-30,3962,チェンジホールディングス,1,0.5730185071574488,0.0,-2.515723270440251,True,True,True,2024-09-27,0.0,0.0,0.0
baseline_price_shape_tdnet_clear,2,2024-09-30,5449,大阪製鐵,2,0.5663000510842008,1.0,1.9345238095238138,True,True,True,2024-09-27,0.0,0.0,0.0
baseline_price_shape_tdnet_clear,2,2024-10-01,3962,チェンジホールディングス,1,0.6071774408870328,1.0,3.571428571428581,True,True,True,2024-09-30,0.0,0.0,0.0
baseline_price_shape_tdnet_clear,2,2024-10-01,7163,住信ＳＢＩネット銀行,2,0.5749302947365934,1.0,0.952380952380949,True,True,True,2024-09-30,1.0,0.0,0.0
baseline_price_shape_tdnet_clear,2,2024-10-02,7061,日本ホスピスホールディングス,1,0.5674715195211425,1.0,0.26631158455392434,True,True,True,2024-10-01,0.0,0.0,0.0
baseline_price_shape_tdnet_clear,2,2024-10-02,7163,住信ＳＢＩネット銀行,2,0.5563342550188043,0.0,-0.371747211895912,True,True,True,2024-10-01,0.0,0.0,0.0
baseline_price_shape_tdnet_clear,2,2024-10-03,9722,藤⽥観光,1,0.5688645894799104,0.0,-0.6857142857142895,True,True,True,2024-10-02,0.0,0.0,0.0
baseline_price_shape_tdnet_clear,2,2024-10-03,7061,日本ホスピスホールディングス,2,0.5636296975591643,1.0,1.6339869281045694,True,True,True,2024-10-02,0.0,0.0,0.0
baseline_price_shape_tdnet_clear,2,2024-10-04,2980,ＳＲＥホールディングス,1,0.5765277129711381,1.0,0.8695652173912993,True,True,True,2024-10-03,0.0,0.0,0.0
baseline_price_shape_tdnet_clear,2,2024-10-04,1911,住友林業,2,0.5740784730968006,0.0,-1.9943019943019946,True,True,True,2024-10-03,0.0,0.0,0.0
baseline_price_shape_tdnet_clear,2,2024-10-07,7061,日本ホスピスホールディングス,1,0.5842360284791154,1.0,0.6662225183211135,True,True,True,2024-10-04,0.0,0.0,0.0
baseline_price_shape_tdnet_clear,2,2024-10-07,5575,Ｇｌｏｂｅｅ,2,0.574887791502416,1.0,0.37383177570093906,True,True,True,2024-10-04,0.0,0.0,0.0
baseline_price_shape_tdnet_clear,2,2024-10-08,2767,円⾕フィールズホールディングス,1,0.5710266764449468,0.0,-2.28595178719867,True,True,True,2024-10-07,0.0,0.0,0.0
baseline_price_shape_tdnet_clear,2,2024-10-08,6586,マキタ,2,0.5695267375075868,0.0,-0.7402961184473811,True,True,True,2024-10-07,0.0,0.0,0.0
baseline_price_shape_tdnet_clear,2,2024-10-09,2767,円⾕フィールズホールディングス,1,0.5813874618136394,0.0,-0.2939941201176022,True,True,True,2024-10-08,0.0,0.0,0.0
baseline_price_shape_tdnet_clear,2,2024-10-09,7061,日本ホスピスホールディングス,2,0.5803086478418699,0.0,-0.20311442112389555,True,True,True,2024-10-08,0.0,0.0,0.0
baseline_price_shape_tdnet_clear,2,2024-10-10,1911,住友林業,1,0.5837006320754328,0.0,-0.8724100327153761,True,True,True,2024-10-09,0.0,0.0,0.0
baseline_price_shape_tdnet_clear,2,2024-10-10,4384,ラクスル,2,0.579073548971526,0.0,-1.798279906176703,True,True,True,2024-10-09,0.0,0.0,0.0
baseline_price_shape_tdnet_clear,2,2024-10-11,7061,日本ホスピスホールディングス,1,0.591620066010552,0.0,-0.1387925052047212,True,True,True,2024-10-10,0.0,0.0,0.0
baseline_price_shape_tdnet_clear,2,2024-10-11,4384,ラクスル,2,0.5778643224922816,0.0,-0.23474178403756207,True,True,True,2024-10-10,1.0,0.0,0.0
baseline_price_shape_tdnet_clear,2,2024-10-15,9418,Ｕ−ＮＥＸＴ ＨＯＬＤＩＮＧＳ,1,0.5724896841766548,0.0,-1.3671875,True,True,True,2024-10-11,0.0,0.0,0.0
baseline_price_shape_tdnet_clear,2,2024-10-15,7061,日本ホスピスホールディングス,2,0.5714518177375101,1.0,2.408809359944941,True,True,True,2024-10-11,0.0,0.0,0.0
baseline_price_shape_tdnet_clear,2,2024-10-16,9024,⻄武ホールディングス,1,0.5745032453889809,0.0,-1.2481426448736954,True,True,True,2024-10-15,0.0,0.0,0.0
baseline_price_shape_tdnet_clear,2,2024-10-16,1911,住友林業,2,0.5675424143366146,1.0,0.17915309446254746,True,True,True,2024-10-15,0.0,0.0,0.0
baseline_price_shape_tdnet_clear,2,2024-10-17,9024,⻄武ホールディングス,1,0.5726027225673853,1.0,1.2124886329190732,True,True,True,2024-10-16,0.0,0.0,0.0
baseline_price_shape_tdnet_clear,2,2024-10-17,4429,リックソフト,2,0.5687870562308364,0.0,-7.692307692307687,True,True,True,2024-10-16,0.0,0.0,0.0
baseline_price_shape_tdnet_clear,2,2024-10-18,4429,リックソフト,1,0.5930853832893745,0.0,-2.2346368715083775,True,True,True,2024-10-17,0.0,0.0,0.0
baseline_price_shape_tdnet_clear,2,2024-10-18,3994,マネーフォワード,2,0.5702347747539819,0.0,-0.1097494055240511,True,True,True,2024-10-17,0.0,0.0,0.0
baseline_price_shape_tdnet_clear,2,2024-10-21,4014,カラダノート,1,0.6038765197835282,1.0,3.106796116504862,True,True,True,2024-10-18,0.0,0.0,0.0
baseline_price_shape_tdnet_clear,2,2024-10-21,5449,大阪製鐵,2,0.5767403408984221,0.0,-0.45045045045044585,True,True,True,2024-10-18,0.0,0.0,0.0
baseline_price_shape_tdnet_clear,2,2024-10-22,7997,くろがね⼯作所,1,0.5721631791105335,0.0,-0.8641975308641969,True,True,True,2024-10-21,0.0,0.0,0.0
baseline_price_shape_tdnet_clear,2,2024-10-22,3031,ラクーンホールディングス,2,0.5697186095992077,1.0,1.8041237113401998,True,True,True,2024-10-21,1.0,1.0,0.0
baseline_price_shape_tdnet_clear,2,2024-10-23,7061,日本ホスピスホールディングス,1,0.5783286259213418,0.0,-3.5739313244569026,True,True,True,2024-10-22,0.0,0.0,0.0
baseline_price_shape_tdnet_clear,2,2024-10-23,4384,ラクスル,2,0.5738875528265219,1.0,0.8921330089213253,True,True,True,2024-10-22,0.0,0.0,0.0
baseline_price_shape_tdnet_clear,2,2024-10-24,7061,日本ホスピスホールディングス,1,0.5850715011778271,0.0,-0.513950073421443,True,True,True,2024-10-23,0.0,0.0,0.0
baseline_price_shape_tdnet_clear,2,2024-10-24,4060,ｒａｋｕｍｏ,2,0.5709102458322954,1.0,2.3227383863080764,True,True,True,2024-10-23,0.0,0.0,0.0
baseline_price_shape_tdnet_clear,2,2024-10-25,7061,日本ホスピスホールディングス,1,0.5709432937081653,0.0,-1.2583271650629113,True,True,True,2024-10-24,0.0,0.0,0.0
baseline_price_shape_tdnet_clear,2,2024-10-25,4174,アピリッツ,2,0.5632999930228411,0.0,-4.347826086956519,True,True,True,2024-10-24,0.0,0.0,0.0
baseline_price_shape_tdnet_clear,2,2024-10-28,4174,アピリッツ,1,0.5741982931201791,1.0,1.4184397163120588,True,True,True,2024-10-25,0.0,0.0,0.0
baseline_price_shape_tdnet_clear,2,2024-10-28,2726,パルグループホールディングス,2,0.5689831221223032,1.0,2.334235453315281,True,True,True,2024-10-25,0.0,0.0,0.0
baseline_price_shape_tdnet_clear,2,2024-10-29,3663,セルシス,1,0.5624101678569478,1.0,3.5031847133758065,True,True,True,2024-10-28,0.0,0.0,0.0
baseline_price_shape_tdnet_clear,2,2024-10-29,7199,プレミアグループ,2,0.5581981853316008,0.0,-0.9422367882015559,True,True,True,2024-10-28,0.0,0.0,0.0
baseline_price_shape_tdnet_clear,2,2024-10-30,4612,日本ペイントホールディングス,1,0.6046803341958021,0.0,-0.7569386038687953,True,True,True,2024-10-29,0.0,0.0,0.0
baseline_price_shape_tdnet_clear,2,2024-10-30,6866,日置電機,2,0.5689746120097913,1.0,1.3664596273291973,True,True,True,2024-10-29,0.0,0.0,0.0
baseline_price_shape_tdnet_clear,2,2024-10-31,7278,エクセディ,1,0.5762259257991175,1.0,2.6731470230862753,True,True,True,2024-10-30,0.0,0.0,0.0
baseline_price_shape_tdnet_clear,2,2024-10-31,3529,アツギ,2,0.5660080088082046,1.0,9.394313967861567,True,True,True,2024-10-30,1.0,0.0,0.0
baseline_momentum_tdnet_clear,1,2024-09-02,3433,トーカロ,1,0.5939015761083589,0.0,-0.05393743257821049,True,True,True,2024-08-30,0.0,0.0,0.0
baseline_momentum_tdnet_clear,1,2024-09-03,9238,バリュークリエーション,1,0.613497140867004,0.0,-0.19193857965451588,True,True,True,2024-09-02,0.0,0.0,0.0
baseline_momentum_tdnet_clear,1,2024-09-04,9238,バリュークリエーション,1,0.5864117163946864,0.0,-1.0880316518298683,True,True,True,2024-09-03,0.0,0.0,0.0
baseline_momentum_tdnet_clear,1,2024-09-05,3768,リスクモンスター,1,0.5864412085723432,1.0,1.1627906976744207,True,True,True,2024-09-04,1.0,0.0,0.0
baseline_momentum_tdnet_clear,1,2024-09-06,3768,リスクモンスター,1,0.5991411383856231,0.0,0.0,True,True,True,2024-09-05,0.0,0.0,0.0
baseline_momentum_tdnet_clear,1,2024-09-09,3768,リスクモンスター,1,0.5934453039787353,0.0,-0.23148148148147696,True,True,True,2024-09-06,0.0,0.0,0.0
baseline_momentum_tdnet_clear,1,2024-09-10,9307,杉村倉庫,1,0.5909539808398881,0.0,-1.1345218800648316,True,True,True,2024-09-09,0.0,0.0,0.0
baseline_momentum_tdnet_clear,1,2024-09-11,4366,ダイトーケミックス,1,0.5903990804830072,0.0,-2.0000000000000018,True,True,True,2024-09-10,0.0,0.0,0.0
baseline_momentum_tdnet_clear,1,2024-09-12,3662,エイチーム,1,0.5918465207520582,0.0,-0.31746031746031633,True,True,True,2024-09-11,0.0,0.0,0.0
baseline_momentum_tdnet_clear,1,2024-09-13,6914,オプテックスグループ,1,0.5878849788944239,0.0,-1.276595744680853,True,True,True,2024-09-12,0.0,0.0,0.0
baseline_momentum_tdnet_clear,1,2024-09-17,4174,アピリッツ,1,0.5830802534532555,0.0,-2.228412256267409,True,True,True,2024-09-13,1.0,0.0,0.0
baseline_momentum_tdnet_clear,1,2024-09-18,3974,ＳＣＡＴ,1,0.5869933053166326,0.0,-1.4814814814814836,True,True,True,2024-09-17,0.0,0.0,0.0
baseline_momentum_tdnet_clear,1,2024-09-19,3107,ダイワボウホールディングス,1,0.5870755981445075,1.0,0.07385524372229835,True,True,True,2024-09-18,0.0,0.0,0.0
baseline_momentum_tdnet_clear,1,2024-09-20,3107,ダイワボウホールディングス,1,0.5767259874121694,0.0,-1.8118594436310365,True,True,True,2024-09-19,0.0,0.0,0.0
baseline_momentum_tdnet_clear,1,2024-09-24,3107,ダイワボウホールディングス,1,0.5858953083901739,0.0,-0.14713996689350584,True,True,True,2024-09-20,0.0,0.0,0.0
baseline_momentum_tdnet_clear,1,2024-09-25,3107,ダイワボウホールディングス,1,0.5757796652638266,0.0,-0.714024166971805,True,True,True,2024-09-24,0.0,0.0,0.0
baseline_momentum_tdnet_clear,1,2024-09-26,7878,光・彩,1,0.5905071768570717,0.0,-5.873015873015874,True,True,True,2024-09-25,0.0,0.0,0.0
baseline_momentum_tdnet_clear,1,2024-09-27,4151,協和キリン,1,0.5715419113196819,0.0,-0.560494781600307,True,True,True,2024-09-26,0.0,0.0,0.0
baseline_momentum_tdnet_clear,1,2024-09-30,3962,チェンジホールディングス,1,0.5763238531278648,0.0,-2.515723270440251,True,True,True,2024-09-27,0.0,0.0,0.0
baseline_momentum_tdnet_clear,1,2024-10-01,3962,チェンジホールディングス,1,0.5898811036562429,1.0,3.571428571428581,True,True,True,2024-09-30,0.0,0.0,0.0
baseline_momentum_tdnet_clear,1,2024-10-02,7061,日本ホスピスホールディングス,1,0.5662825314676636,1.0,0.26631158455392434,True,True,True,2024-10-01,0.0,0.0,0.0
baseline_momentum_tdnet_clear,1,2024-10-03,9722,藤⽥観光,1,0.5694289191707315,0.0,-0.6857142857142895,True,True,True,2024-10-02,0.0,0.0,0.0
baseline_momentum_tdnet_clear,1,2024-10-04,2980,ＳＲＥホールディングス,1,0.5756727049974556,1.0,0.8695652173912993,True,True,True,2024-10-03,0.0,0.0,0.0
baseline_momentum_tdnet_clear,1,2024-10-07,7061,日本ホスピスホールディングス,1,0.583890695256302,1.0,0.6662225183211135,True,True,True,2024-10-04,0.0,0.0,0.0
baseline_momentum_tdnet_clear,1,2024-10-08,7061,日本ホスピスホールディングス,1,0.5707364162245347,0.0,-2.474916387959869,True,True,True,2024-10-07,0.0,0.0,0.0
baseline_momentum_tdnet_clear,1,2024-10-09,7061,日本ホスピスホールディングス,1,0.5784806799684921,0.0,-0.20311442112389555,True,True,True,2024-10-08,0.0,0.0,0.0
baseline_momentum_tdnet_clear,1,2024-10-10,7082,ジモティー,1,0.5774190399327538,0.0,-1.3168086754453912,True,True,True,2024-10-09,0.0,0.0,0.0
baseline_momentum_tdnet_clear,1,2024-10-11,7061,日本ホスピスホールディングス,1,0.5895896514969536,0.0,-0.1387925052047212,True,True,True,2024-10-10,0.0,0.0,0.0
baseline_momentum_tdnet_clear,1,2024-10-15,9601,松竹,1,0.5861979624651124,1.0,0.9304812834224574,True,True,True,2024-10-11,1.0,0.0,0.0
baseline_momentum_tdnet_clear,1,2024-10-16,9024,⻄武ホールディングス,1,0.5773119259907035,0.0,-1.2481426448736954,True,True,True,2024-10-15,0.0,0.0,0.0
baseline_momentum_tdnet_clear,1,2024-10-17,4429,リックソフト,1,0.5842100083511266,0.0,-7.692307692307687,True,True,True,2024-10-16,0.0,0.0,0.0
baseline_momentum_tdnet_clear,1,2024-10-18,4429,リックソフト,1,0.6042114141875791,0.0,-2.2346368715083775,True,True,True,2024-10-17,0.0,0.0,0.0
baseline_momentum_tdnet_clear,1,2024-10-21,4014,カラダノート,1,0.5991421565389746,1.0,3.106796116504862,True,True,True,2024-10-18,0.0,0.0,0.0
baseline_momentum_tdnet_clear,1,2024-10-22,3031,ラクーンホールディングス,1,0.575843158903738,1.0,1.8041237113401998,True,True,True,2024-10-21,1.0,1.0,0.0
baseline_momentum_tdnet_clear,1,2024-10-23,7061,日本ホスピスホールディングス,1,0.5789585184510058,0.0,-3.5739313244569026,True,True,True,2024-10-22,0.0,0.0,0.0
baseline_momentum_tdnet_clear,1,2024-10-24,7061,日本ホスピスホールディングス,1,0.585455462543678,0.0,-0.513950073421443,True,True,True,2024-10-23,0.0,0.0,0.0
baseline_momentum_tdnet_clear,1,2024-10-25,7061,日本ホスピスホールディングス,1,0.5746607382527288,0.0,-1.2583271650629113,True,True,True,2024-10-24,0.0,0.0,0.0
baseline_momentum_tdnet_clear,1,2024-10-28,9212,Ｇｒｅｅｎ Ｅａｒｔｈ Ｉｎｓｔｉｔｕｔｅ,1,0.5738113171676035,1.0,5.530973451327426,True,True,True,2024-10-25,0.0,0.0,0.0
baseline_momentum_tdnet_clear,1,2024-10-29,9246,プロジェクトホールディングス,1,0.5714417331787173,1.0,1.3667425968109326,True,True,True,2024-10-28,0.0,0.0,0.0
baseline_momentum_tdnet_clear,1,2024-10-30,6866,日置電機,1,0.5758421071220318,1.0,1.3664596273291973,True,True,True,2024-10-29,0.0,0.0,0.0
baseline_momentum_tdnet_clear,1,2024-10-31,6866,日置電機,1,0.5727128816176221,1.0,1.225490196078427,True,True,True,2024-10-30,0.0,0.0,0.0
baseline_momentum_tdnet_clear,2,2024-09-02,3433,トーカロ,1,0.5939015761083589,0.0,-0.05393743257821049,True,True,True,2024-08-30,0.0,0.0,0.0
baseline_momentum_tdnet_clear,2,2024-09-02,9238,バリュークリエーション,2,0.5885121907602386,0.0,-5.967450271247743,True,True,True,2024-08-30,0.0,0.0,0.0
baseline_momentum_tdnet_clear,2,2024-09-03,9238,バリュークリエーション,1,0.613497140867004,0.0,-0.19193857965451588,True,True,True,2024-09-02,0.0,0.0,0.0
baseline_momentum_tdnet_clear,2,2024-09-03,4369,トリケミカル研究所,2,0.6022825780534666,0.0,-3.584672435105063,True,True,True,2024-09-02,0.0,0.0,0.0
baseline_momentum_tdnet_clear,2,2024-09-04,9238,バリュークリエーション,1,0.5864117163946864,0.0,-1.0880316518298683,True,True,True,2024-09-03,0.0,0.0,0.0
baseline_momentum_tdnet_clear,2,2024-09-04,4889,レナサイエンス,2,0.5757754262215687,0.0,-3.385416666666663,True,True,True,2024-09-03,0.0,0.0,0.0
baseline_momentum_tdnet_clear,2,2024-09-05,3768,リスクモンスター,1,0.5864412085723432,1.0,1.1627906976744207,True,True,True,2024-09-04,1.0,0.0,0.0
baseline_momentum_tdnet_clear,2,2024-09-05,9238,バリュークリエーション,2,0.5781372165352489,1.0,1.2060301507537785,True,True,True,2024-09-04,0.0,0.0,0.0
baseline_momentum_tdnet_clear,2,2024-09-06,3768,リスクモンスター,1,0.5991411383856231,0.0,0.0,True,True,True,2024-09-05,0.0,0.0,0.0
baseline_momentum_tdnet_clear,2,2024-09-06,5247,ＢＴＭ,2,0.5788014235722561,1.0,0.5380476556495095,True,True,True,2024-09-05,0.0,0.0,0.0
baseline_momentum_tdnet_clear,2,2024-09-09,3768,リスクモンスター,1,0.5934453039787353,0.0,-0.23148148148147696,True,True,True,2024-09-06,0.0,0.0,0.0
baseline_momentum_tdnet_clear,2,2024-09-09,4936,アクシージア,2,0.5890069902033872,1.0,0.6896551724137945,True,True,True,2024-09-06,0.0,0.0,0.0
baseline_momentum_tdnet_clear,2,2024-09-10,9307,杉村倉庫,1,0.5909539808398881,0.0,-1.1345218800648316,True,True,True,2024-09-09,0.0,0.0,0.0
baseline_momentum_tdnet_clear,2,2024-09-10,3961,シルバーエッグ・テクノロジー,2,0.5838161755186929,1.0,2.582496413199431,True,True,True,2024-09-09,0.0,0.0,0.0
baseline_momentum_tdnet_clear,2,2024-09-11,4366,ダイトーケミックス,1,0.5903990804830072,0.0,-2.0000000000000018,True,True,True,2024-09-10,0.0,0.0,0.0
baseline_momentum_tdnet_clear,2,2024-09-11,4415,ブロードエンタープライズ,2,0.585703031415973,0.0,-1.5277777777777724,True,True,True,2024-09-10,0.0,0.0,0.0
baseline_momentum_tdnet_clear,2,2024-09-12,3662,エイチーム,1,0.5918465207520582,0.0,-0.31746031746031633,True,True,True,2024-09-11,0.0,0.0,0.0
baseline_momentum_tdnet_clear,2,2024-09-12,7646,ＰＬＡＮＴ,2,0.5914165826566791,0.0,-0.32679738562091387,True,True,True,2024-09-11,0.0,0.0,0.0
baseline_momentum_tdnet_clear,2,2024-09-13,6914,オプテックスグループ,1,0.5878849788944239,0.0,-1.276595744680853,True,True,True,2024-09-12,0.0,0.0,0.0
baseline_momentum_tdnet_clear,2,2024-09-13,4174,アピリッツ,2,0.5870178502955034,0.0,-0.2766251728907321,True,True,True,2024-09-12,0.0,0.0,0.0
baseline_momentum_tdnet_clear,2,2024-09-17,4174,アピリッツ,1,0.5830802534532555,0.0,-2.228412256267409,True,True,True,2024-09-13,1.0,0.0,0.0
baseline_momentum_tdnet_clear,2,2024-09-17,3962,チェンジホールディングス,2,0.5812077873460846,0.0,-0.40650406504064707,True,True,True,2024-09-13,0.0,0.0,0.0
baseline_momentum_tdnet_clear,2,2024-09-18,3974,ＳＣＡＴ,1,0.5869933053166326,0.0,-1.4814814814814836,True,True,True,2024-09-17,0.0,0.0,0.0
baseline_momentum_tdnet_clear,2,2024-09-18,4503,アステラス製薬,2,0.586948977146498,1.0,0.7959905660377409,True,True,True,2024-09-17,0.0,0.0,0.0
baseline_momentum_tdnet_clear,2,2024-09-19,3107,ダイワボウホールディングス,1,0.5870755981445075,1.0,0.07385524372229835,True,True,True,2024-09-18,0.0,0.0,0.0
baseline_momentum_tdnet_clear,2,2024-09-19,3974,ＳＣＡＴ,2,0.5839887577131827,1.0,0.7481296758104827,True,True,True,2024-09-18,0.0,0.0,0.0
baseline_momentum_tdnet_clear,2,2024-09-20,3107,ダイワボウホールディングス,1,0.5767259874121694,0.0,-1.8118594436310365,True,True,True,2024-09-19,0.0,0.0,0.0
baseline_momentum_tdnet_clear,2,2024-09-20,3974,ＳＣＡＴ,2,0.5743309187167085,0.0,-0.24691358024691024,True,True,True,2024-09-19,0.0,0.0,0.0
baseline_momentum_tdnet_clear,2,2024-09-24,3107,ダイワボウホールディングス,1,0.5858953083901739,0.0,-0.14713996689350584,True,True,True,2024-09-20,0.0,0.0,0.0
baseline_momentum_tdnet_clear,2,2024-09-24,3962,チェンジホールディングス,2,0.5791884422941079,0.0,-4.984662576687116,True,True,True,2024-09-20,0.0,0.0,0.0
baseline_momentum_tdnet_clear,2,2024-09-25,3107,ダイワボウホールディングス,1,0.5757796652638266,0.0,-0.714024166971805,True,True,True,2024-09-24,0.0,0.0,0.0
baseline_momentum_tdnet_clear,2,2024-09-25,3696,セレス,2,0.5706905158424698,0.0,-4.073587385019706,True,True,True,2024-09-24,0.0,0.0,0.0
baseline_momentum_tdnet_clear,2,2024-09-26,7878,光・彩,1,0.5905071768570717,0.0,-5.873015873015874,True,True,True,2024-09-25,0.0,0.0,0.0
baseline_momentum_tdnet_clear,2,2024-09-26,9418,Ｕ−ＮＥＸＴ ＨＯＬＤＩＮＧＳ,2,0.5709708101460432,1.0,3.917910447761197,True,True,True,2024-09-25,0.0,0.0,0.0
baseline_momentum_tdnet_clear,2,2024-09-27,4151,協和キリン,1,0.5715419113196819,0.0,-0.560494781600307,True,True,True,2024-09-26,0.0,0.0,0.0
baseline_momentum_tdnet_clear,2,2024-09-27,3962,チェンジホールディングス,2,0.5699912789997692,1.0,0.15923566878981443,True,True,True,2024-09-26,0.0,0.0,0.0
baseline_momentum_tdnet_clear,2,2024-09-30,3962,チェンジホールディングス,1,0.5763238531278648,0.0,-2.515723270440251,True,True,True,2024-09-27,0.0,0.0,0.0
baseline_momentum_tdnet_clear,2,2024-09-30,2193,クックパッド,2,0.5632322146707291,0.0,-1.1173184357541888,True,True,True,2024-09-27,0.0,0.0,0.0
baseline_momentum_tdnet_clear,2,2024-10-01,3962,チェンジホールディングス,1,0.5898811036562429,1.0,3.571428571428581,True,True,True,2024-09-30,0.0,0.0,0.0
baseline_momentum_tdnet_clear,2,2024-10-01,7163,住信ＳＢＩネット銀行,2,0.5698674191093965,1.0,0.952380952380949,True,True,True,2024-09-30,1.0,0.0,0.0
baseline_momentum_tdnet_clear,2,2024-10-02,7061,日本ホスピスホールディングス,1,0.5662825314676636,1.0,0.26631158455392434,True,True,True,2024-10-01,0.0,0.0,0.0
baseline_momentum_tdnet_clear,2,2024-10-02,1925,大和ハウス⼯業,2,0.5614524568109365,1.0,1.1801380538855488,True,True,True,2024-10-01,1.0,0.0,0.0
baseline_momentum_tdnet_clear,2,2024-10-03,9722,藤⽥観光,1,0.5694289191707315,0.0,-0.6857142857142895,True,True,True,2024-10-02,0.0,0.0,0.0
baseline_momentum_tdnet_clear,2,2024-10-03,3083,シーズメン,2,0.5675219747206727,0.0,-3.5278154681139706,True,True,True,2024-10-02,0.0,0.0,0.0
baseline_momentum_tdnet_clear,2,2024-10-04,2980,ＳＲＥホールディングス,1,0.5756727049974556,1.0,0.8695652173912993,True,True,True,2024-10-03,0.0,0.0,0.0
baseline_momentum_tdnet_clear,2,2024-10-04,9246,プロジェクトホールディングス,2,0.5755316620425633,1.0,0.39024390243902474,True,True,True,2024-10-03,0.0,0.0,0.0
baseline_momentum_tdnet_clear,2,2024-10-07,7061,日本ホスピスホールディングス,1,0.583890695256302,1.0,0.6662225183211135,True,True,True,2024-10-04,0.0,0.0,0.0
baseline_momentum_tdnet_clear,2,2024-10-07,5575,Ｇｌｏｂｅｅ,2,0.577074472098824,1.0,0.37383177570093906,True,True,True,2024-10-04,0.0,0.0,0.0
baseline_momentum_tdnet_clear,2,2024-10-08,7061,日本ホスピスホールディングス,1,0.5707364162245347,0.0,-2.474916387959869,True,True,True,2024-10-07,0.0,0.0,0.0
baseline_momentum_tdnet_clear,2,2024-10-08,4488,ＡＩ ｉｎｓｉｄｅ,2,0.5675325138453978,0.0,-1.5514809590973178,True,True,True,2024-10-07,0.0,0.0,0.0
baseline_momentum_tdnet_clear,2,2024-10-09,7061,日本ホスピスホールディングス,1,0.5784806799684921,0.0,-0.20311442112389555,True,True,True,2024-10-08,0.0,0.0,0.0
baseline_momentum_tdnet_clear,2,2024-10-09,9212,Ｇｒｅｅｎ Ｅａｒｔｈ Ｉｎｓｔｉｔｕｔｅ,2,0.5760402570172402,1.0,2.263374485596703,True,True,True,2024-10-08,0.0,0.0,0.0
baseline_momentum_tdnet_clear,2,2024-10-10,7082,ジモティー,1,0.5774190399327538,0.0,-1.3168086754453912,True,True,True,2024-10-09,0.0,0.0,0.0
baseline_momentum_tdnet_clear,2,2024-10-10,1911,住友林業,2,0.5754110351821673,0.0,-0.8724100327153761,True,True,True,2024-10-09,0.0,0.0,0.0
baseline_momentum_tdnet_clear,2,2024-10-11,7061,日本ホスピスホールディングス,1,0.5895896514969536,0.0,-0.1387925052047212,True,True,True,2024-10-10,0.0,0.0,0.0
baseline_momentum_tdnet_clear,2,2024-10-11,7082,ジモティー,2,0.5744855521981537,0.0,-0.15491866769945517,True,True,True,2024-10-10,0.0,0.0,0.0
baseline_momentum_tdnet_clear,2,2024-10-15,9601,松竹,1,0.5861979624651124,1.0,0.9304812834224574,True,True,True,2024-10-11,1.0,0.0,0.0
baseline_momentum_tdnet_clear,2,2024-10-15,6316,丸山製作所,2,0.5703002486189946,1.0,2.108157653528875,True,True,True,2024-10-11,0.0,0.0,0.0
baseline_momentum_tdnet_clear,2,2024-10-16,9024,⻄武ホールディングス,1,0.5773119259907035,0.0,-1.2481426448736954,True,True,True,2024-10-15,0.0,0.0,0.0
baseline_momentum_tdnet_clear,2,2024-10-16,9236,ジャパンＭ＆Ａソリューション,2,0.5733200283619948,1.0,1.2084592145015005,True,True,True,2024-10-15,0.0,0.0,0.0
baseline_momentum_tdnet_clear,2,2024-10-17,4429,リックソフト,1,0.5842100083511266,0.0,-7.692307692307687,True,True,True,2024-10-16,0.0,0.0,0.0
baseline_momentum_tdnet_clear,2,2024-10-17,5577,アイデミー,2,0.5748977855259442,0.0,-1.4591439688715901,True,True,True,2024-10-16,0.0,0.0,0.0
baseline_momentum_tdnet_clear,2,2024-10-18,4429,リックソフト,1,0.6042114141875791,0.0,-2.2346368715083775,True,True,True,2024-10-17,0.0,0.0,0.0
baseline_momentum_tdnet_clear,2,2024-10-18,9601,松竹,2,0.5696313616773101,1.0,1.5919564306660972,True,True,True,2024-10-17,0.0,0.0,0.0
baseline_momentum_tdnet_clear,2,2024-10-21,4014,カラダノート,1,0.5991421565389746,1.0,3.106796116504862,True,True,True,2024-10-18,0.0,0.0,0.0
baseline_momentum_tdnet_clear,2,2024-10-21,5449,大阪製鐵,2,0.5737010865808236,0.0,-0.45045045045044585,True,True,True,2024-10-18,0.0,0.0,0.0
baseline_momentum_tdnet_clear,2,2024-10-22,3031,ラクーンホールディングス,1,0.575843158903738,1.0,1.8041237113401998,True,True,True,2024-10-21,1.0,1.0,0.0
baseline_momentum_tdnet_clear,2,2024-10-22,2138,クルーズ,2,0.5677830312137794,0.0,-1.1437908496731986,True,True,True,2024-10-21,0.0,0.0,0.0
baseline_momentum_tdnet_clear,2,2024-10-23,7061,日本ホスピスホールディングス,1,0.5789585184510058,0.0,-3.5739313244569026,True,True,True,2024-10-22,0.0,0.0,0.0
baseline_momentum_tdnet_clear,2,2024-10-23,3738,ティーガイア,2,0.5748105585992479,0.0,0.0,True,True,True,2024-10-22,0.0,0.0,0.0
baseline_momentum_tdnet_clear,2,2024-10-24,7061,日本ホスピスホールディングス,1,0.585455462543678,0.0,-0.513950073421443,True,True,True,2024-10-23,0.0,0.0,0.0
baseline_momentum_tdnet_clear,2,2024-10-24,4060,ｒａｋｕｍｏ,2,0.5791506474283982,1.0,2.3227383863080764,True,True,True,2024-10-23,0.0,0.0,0.0
baseline_momentum_tdnet_clear,2,2024-10-25,7061,日本ホスピスホールディングス,1,0.5746607382527288,0.0,-1.2583271650629113,True,True,True,2024-10-24,0.0,0.0,0.0
baseline_momentum_tdnet_clear,2,2024-10-25,4361,川口化学⼯業,2,0.5721125144697288,0.0,-0.6269592476489061,True,True,True,2024-10-24,0.0,0.0,0.0
baseline_momentum_tdnet_clear,2,2024-10-28,9212,Ｇｒｅｅｎ Ｅａｒｔｈ Ｉｎｓｔｉｔｕｔｅ,1,0.5738113171676035,1.0,5.530973451327426,True,True,True,2024-10-25,0.0,0.0,0.0
baseline_momentum_tdnet_clear,2,2024-10-28,4811,ドリーム・アーツ,2,0.5729512735606154,1.0,6.919396393080612,True,True,True,2024-10-25,0.0,0.0,0.0
baseline_momentum_tdnet_clear,2,2024-10-29,9246,プロジェクトホールディングス,1,0.5714417331787173,1.0,1.3667425968109326,True,True,True,2024-10-28,0.0,0.0,0.0
baseline_momentum_tdnet_clear,2,2024-10-29,3038,神⼾物産,2,0.5670837292339669,0.0,-0.5495943470295694,True,True,True,2024-10-28,0.0,0.0,0.0
baseline_momentum_tdnet_clear,2,2024-10-30,6866,日置電機,1,0.5758421071220318,1.0,1.3664596273291973,True,True,True,2024-10-29,0.0,0.0,0.0
baseline_momentum_tdnet_clear,2,2024-10-30,4612,日本ペイントホールディングス,2,0.5733623325722869,0.0,-0.7569386038687953,True,True,True,2024-10-29,0.0,0.0,0.0
baseline_momentum_tdnet_clear,2,2024-10-31,6866,日置電機,1,0.5727128816176221,1.0,1.225490196078427,True,True,True,2024-10-30,0.0,0.0,0.0
baseline_momentum_tdnet_clear,2,2024-10-31,3529,アツギ,2,0.5701472350761335,1.0,9.394313967861567,True,True,True,2024-10-30,1.0,0.0,0.0
