date,code,name,label,oc_return_pct,model_score,recipe_id,model_rank
2024-07-01,7043,アルー,1.0,0.49999999999998934,0.15183001764427043,R00_daily_raw_return_rank_control,1
2024-07-01,8139,ナガホリ,1.0,2.382671480144394,0.12033765590371823,R00_daily_raw_return_rank_control,2
2024-07-02,7043,アルー,0.0,-0.49813200498132204,0.14636980465366176,R00_daily_raw_return_rank_control,1
2024-07-02,6151,日東⼯器,0.0,-3.2746623004502706,0.10890913729444,R00_daily_raw_return_rank_control,2
2024-07-03,7043,アルー,1.0,1.643489254108732,0.13983605916900324,R00_daily_raw_return_rank_control,1
2024-07-03,6151,日東⼯器,0.0,-4.340497260851239,0.12844350474040722,R00_daily_raw_return_rank_control,2
2024-07-04,6151,日東⼯器,0.0,-0.9683098591549255,0.12767220033045237,R00_daily_raw_return_rank_control,1
2024-07-04,7043,アルー,0.0,0.0,0.10960626925205527,R00_daily_raw_return_rank_control,2
2024-07-05,7043,アルー,1.0,7.800511508951402,0.1247724904706013,R00_daily_raw_return_rank_control,1
2024-07-05,2480,システム・ロケーション,1.0,1.8436578171091345,0.11147289587280103,R00_daily_raw_return_rank_control,2
2024-07-08,6151,日東⼯器,0.0,-3.8224956063268922,0.10352978402029128,R00_daily_raw_return_rank_control,1
2024-07-08,7676,グッドスピード,0.0,0.0,0.09684383800348993,R00_daily_raw_return_rank_control,2
2024-07-09,6151,日東⼯器,1.0,0.22841480127913094,0.1080206395829962,R00_daily_raw_return_rank_control,1
2024-07-09,8139,ナガホリ,1.0,1.9607843137254832,0.09375351309712354,R00_daily_raw_return_rank_control,2
2024-07-10,1866,北野建設,0.0,-0.4070556309362261,0.09766771607314065,R00_daily_raw_return_rank_control,1
2024-07-10,4491,コンピューターマネージメント,1.0,1.4251781472684133,0.09753541998501945,R00_daily_raw_return_rank_control,2
2024-07-11,3974,ＳＣＡＴ,1.0,1.2958963282937441,0.09691739376855225,R00_daily_raw_return_rank_control,1
2024-07-11,9070,トナミホールディングス,1.0,0.1686340640809414,0.0945785030899967,R00_daily_raw_return_rank_control,2
2024-07-12,4344,ソースネクスト,1.0,9.478672985782,0.11127771408905329,R00_daily_raw_return_rank_control,1
2024-07-12,3991,ウォンテッドリー,1.0,2.132352941176463,0.10358467051190481,R00_daily_raw_return_rank_control,2
2024-07-16,8938,グローム・ホールディングス,1.0,3.2727272727272716,0.09741145553952098,R00_daily_raw_return_rank_control,1
2024-07-16,1866,北野建設,0.0,-0.4132231404958664,0.09670551326305243,R00_daily_raw_return_rank_control,2
2024-07-17,7807,幸和製作所,0.0,-2.4207011686143587,0.13296382686386657,R00_daily_raw_return_rank_control,1
2024-07-17,3892,岡山製紙,1.0,0.06756756756756133,0.11788978648503265,R00_daily_raw_return_rank_control,2
2024-07-18,6870,日本フェンオール,1.0,0.2875215641173101,0.10422132722762636,R00_daily_raw_return_rank_control,1
2024-07-18,7043,アルー,1.0,2.261904761904754,0.10288645983055925,R00_daily_raw_return_rank_control,2
2024-07-19,5252,日本ナレッジ,1.0,0.6545454545454632,0.10383936412231215,R00_daily_raw_return_rank_control,1
2024-07-19,7590,タカショー,1.0,0.18552875695732052,0.10269181016023098,R00_daily_raw_return_rank_control,2
2024-07-22,7043,アルー,1.0,4.422604422604426,0.13593933978623968,R00_daily_raw_return_rank_control,1
2024-07-22,4362,日本精化,0.0,-2.630643441166014,0.09884815432618592,R00_daily_raw_return_rank_control,2
2024-07-23,6048,デザインワン・ジャパン,0.0,-2.0689655172413834,0.1089758668258487,R00_daily_raw_return_rank_control,1
2024-07-23,6707,サンケン電気,0.0,-1.3733333333333375,0.10122839489353397,R00_daily_raw_return_rank_control,2
2024-07-24,6762,ＴＤＫ,0.0,-0.14691478942213676,0.10525314327554813,R00_daily_raw_return_rank_control,1
2024-07-24,9246,プロジェクトホールディングス,0.0,-0.07347538574578039,0.10205948376228285,R00_daily_raw_return_rank_control,2
2024-07-25,7043,アルー,1.0,1.0882708585247869,0.09830493817045868,R00_daily_raw_return_rank_control,1
2024-07-25,6113,アマダ,0.0,-2.4864246927693623,0.09185823194351116,R00_daily_raw_return_rank_control,2
2024-07-26,5256,Ｆｕｓｉｃ,0.0,-0.45385779122542047,0.09308798384362107,R00_daily_raw_return_rank_control,1
2024-07-26,9812,テーオーホールディングス,0.0,-6.020942408376961,0.09082988365961141,R00_daily_raw_return_rank_control,2
2024-07-29,5247,ＢＴＭ,1.0,3.5409836065573685,0.09515229444866767,R00_daily_raw_return_rank_control,1
2024-07-29,7175,今村証券,1.0,0.29390154298309934,0.0813602685356039,R00_daily_raw_return_rank_control,2
2024-07-30,7043,アルー,1.0,2.4242424242424176,0.12298818773084899,R00_daily_raw_return_rank_control,1
2024-07-30,9818,大丸エナウィン,0.0,0.0,0.08737543589647057,R00_daily_raw_return_rank_control,2
2024-07-31,9340,アソインターナショナル,1.0,3.2032032032031976,0.09679091136112478,R00_daily_raw_return_rank_control,1
2024-07-31,3934,ベネフィットジャパン,0.0,-1.4705882352941124,0.093508815156442,R00_daily_raw_return_rank_control,2
2024-07-01,7043,アルー,1.0,0.49999999999998934,0.1373618286175859,R01_prior_beta_market_residual_rank,1
2024-07-01,8139,ナガホリ,1.0,2.382671480144394,0.11182247413357445,R01_prior_beta_market_residual_rank,2
2024-07-02,7043,アルー,0.0,-0.49813200498132204,0.13297274561648662,R01_prior_beta_market_residual_rank,1
2024-07-02,6151,日東⼯器,0.0,-3.2746623004502706,0.11206514012348584,R01_prior_beta_market_residual_rank,2
2024-07-03,6151,日東⼯器,0.0,-4.340497260851239,0.12705523524093776,R01_prior_beta_market_residual_rank,1
2024-07-03,7043,アルー,1.0,1.643489254108732,0.12521061072978507,R01_prior_beta_market_residual_rank,2
2024-07-04,6151,日東⼯器,0.0,-0.9683098591549255,0.12503731187855996,R01_prior_beta_market_residual_rank,1
2024-07-04,7043,アルー,0.0,0.0,0.10539602788500577,R01_prior_beta_market_residual_rank,2
2024-07-05,7043,アルー,1.0,7.800511508951402,0.11737153076395865,R01_prior_beta_market_residual_rank,1
2024-07-05,2480,システム・ロケーション,1.0,1.8436578171091345,0.104723841624691,R01_prior_beta_market_residual_rank,2
2024-07-08,6151,日東⼯器,0.0,-3.8224956063268922,0.1028509877727599,R01_prior_beta_market_residual_rank,1
2024-07-08,7676,グッドスピード,0.0,0.0,0.09599716716737369,R01_prior_beta_market_residual_rank,2
2024-07-09,6151,日東⼯器,1.0,0.22841480127913094,0.10334342173246411,R01_prior_beta_market_residual_rank,1
2024-07-09,7490,日新商事,0.0,0.0,0.0860761751253227,R01_prior_beta_market_residual_rank,2
2024-07-10,1866,北野建設,0.0,-0.4070556309362261,0.0912526641884452,R01_prior_beta_market_residual_rank,1
2024-07-10,4491,コンピューターマネージメント,1.0,1.4251781472684133,0.08726429829186991,R01_prior_beta_market_residual_rank,2
2024-07-11,3986,ビーブレイクシステムズ,1.0,0.4310344827586299,0.09785476876923418,R01_prior_beta_market_residual_rank,1
2024-07-11,4628,エスケー化研,0.0,-3.2362459546925515,0.09404164453713988,R01_prior_beta_market_residual_rank,2
2024-07-12,4344,ソースネクスト,1.0,9.478672985782,0.10411059616920054,R01_prior_beta_market_residual_rank,1
2024-07-12,3991,ウォンテッドリー,1.0,2.132352941176463,0.09837841507514912,R01_prior_beta_market_residual_rank,2
2024-07-16,8938,グローム・ホールディングス,1.0,3.2727272727272716,0.09727664040599973,R01_prior_beta_market_residual_rank,1
2024-07-16,1866,北野建設,0.0,-0.4132231404958664,0.09012244825503732,R01_prior_beta_market_residual_rank,2
2024-07-17,7807,幸和製作所,0.0,-2.4207011686143587,0.12584824120442165,R01_prior_beta_market_residual_rank,1
2024-07-17,4519,中外製薬,0.0,-0.9967320261437873,0.11126007925068154,R01_prior_beta_market_residual_rank,2
2024-07-18,6727,ワコム,0.0,-1.8472906403940836,0.09843413241798449,R01_prior_beta_market_residual_rank,1
2024-07-18,7043,アルー,1.0,2.261904761904754,0.09818079100738997,R01_prior_beta_market_residual_rank,2
2024-07-19,6727,ワコム,1.0,0.881612090680095,0.10048713568372646,R01_prior_beta_market_residual_rank,1
2024-07-19,5252,日本ナレッジ,1.0,0.6545454545454632,0.09756959706698196,R01_prior_beta_market_residual_rank,2
2024-07-22,7043,アルー,1.0,4.422604422604426,0.12619269053603185,R01_prior_beta_market_residual_rank,1
2024-07-22,4519,中外製薬,0.0,0.0,0.09580013136369478,R01_prior_beta_market_residual_rank,2
2024-07-23,6048,デザインワン・ジャパン,0.0,-2.0689655172413834,0.10584701941456606,R01_prior_beta_market_residual_rank,1
2024-07-23,6707,サンケン電気,0.0,-1.3733333333333375,0.09947941407967531,R01_prior_beta_market_residual_rank,2
2024-07-24,6762,ＴＤＫ,0.0,-0.14691478942213676,0.10012272464099589,R01_prior_beta_market_residual_rank,1
2024-07-24,9246,プロジェクトホールディングス,0.0,-0.07347538574578039,0.0969226102550596,R01_prior_beta_market_residual_rank,2
2024-07-25,7043,アルー,1.0,1.0882708585247869,0.09412559521421199,R01_prior_beta_market_residual_rank,1
2024-07-25,6113,アマダ,0.0,-2.4864246927693623,0.08721613763881929,R01_prior_beta_market_residual_rank,2
2024-07-26,6098,リクルートホールディングス,0.0,-1.2061538461538457,0.08948429993736935,R01_prior_beta_market_residual_rank,1
2024-07-26,9340,アソインターナショナル,1.0,2.834799608993155,0.0878642547196317,R01_prior_beta_market_residual_rank,2
2024-07-29,5247,ＢＴＭ,1.0,3.5409836065573685,0.08885808485121174,R01_prior_beta_market_residual_rank,1
2024-07-29,6857,アドバンテスト,1.0,1.0758377425044152,0.07966687138493271,R01_prior_beta_market_residual_rank,2
2024-07-30,7043,アルー,1.0,2.4242424242424176,0.11501287421696678,R01_prior_beta_market_residual_rank,1
2024-07-30,9818,大丸エナウィン,0.0,0.0,0.08356779910947067,R01_prior_beta_market_residual_rank,2
2024-07-31,9340,アソインターナショナル,1.0,3.2032032032031976,0.09564187930078942,R01_prior_beta_market_residual_rank,1
2024-07-31,3934,ベネフィットジャパン,0.0,-1.4705882352941124,0.0877582311585962,R01_prior_beta_market_residual_rank,2
2024-08-01,8139,ナガホリ,1.0,2.3668639053254337,0.1301483214037309,R00_daily_raw_return_rank_control,1
2024-08-01,4496,コマースＯｎｅホールディングス,1.0,1.4084507042253502,0.11583663135732099,R00_daily_raw_return_rank_control,2
2024-08-02,3673,ブロードリーフ,0.0,-3.0411449016100156,0.12039138946063144,R00_daily_raw_return_rank_control,1
2024-08-02,8139,ナガホリ,0.0,0.0,0.11745622828306847,R00_daily_raw_return_rank_control,2
2024-08-05,9996,サトー商会,1.0,8.002602472348741,0.1098031984518249,R00_daily_raw_return_rank_control,1
2024-08-05,6754,アンリツ,0.0,-3.919191919191911,0.10884435309483748,R00_daily_raw_return_rank_control,2
2024-08-06,9162,ブリーチ,0.0,0.0,0.11101872418584759,R00_daily_raw_return_rank_control,1
2024-08-06,4496,コマースＯｎｅホールディングス,1.0,12.53968253968254,0.10333149073595917,R00_daily_raw_return_rank_control,2
2024-08-07,4814,ネクストウェア,1.0,4.8387096774193505,0.09109705935528571,R00_daily_raw_return_rank_control,1
2024-08-07,7043,アルー,1.0,2.836004932182501,0.08152433365592605,R00_daily_raw_return_rank_control,2
2024-08-08,7043,アルー,1.0,0.3597122302158251,0.08292729834307616,R00_daily_raw_return_rank_control,1
2024-08-08,1997,暁飯島⼯業,1.0,3.0056355666875367,0.05036526499101899,R00_daily_raw_return_rank_control,2
2024-08-09,7043,アルー,0.0,0.0,0.1009805989629169,R00_daily_raw_return_rank_control,1
2024-08-09,8139,ナガホリ,0.0,-3.1884057971014457,0.08019605902807374,R00_daily_raw_return_rank_control,2
2024-08-13,7043,アルー,0.0,-1.8495684340320562,0.12339090277875478,R00_daily_raw_return_rank_control,1
2024-08-13,8139,ナガホリ,1.0,0.5098324836125379,0.11927044327958916,R00_daily_raw_return_rank_control,2
2024-08-14,7043,アルー,1.0,3.409090909090917,0.16623799455071672,R00_daily_raw_return_rank_control,1
2024-08-14,8139,ナガホリ,0.0,0.0,0.13652231826171482,R00_daily_raw_return_rank_control,2
2024-08-15,8139,ナガホリ,0.0,-1.1594202898550732,0.13301596307853863,R00_daily_raw_return_rank_control,1
2024-08-15,7043,アルー,0.0,-2.5547445255474477,0.12648554580564111,R00_daily_raw_return_rank_control,2
2024-08-16,7043,アルー,0.0,-0.4987531172069848,0.15073621782007132,R00_daily_raw_return_rank_control,1
2024-08-16,8139,ナガホリ,1.0,0.8046817849304944,0.1367775789610717,R00_daily_raw_return_rank_control,2
2024-08-19,7043,アルー,0.0,-0.5031446540880502,0.12453494762622991,R00_daily_raw_return_rank_control,1
2024-08-19,8139,ナガホリ,1.0,1.7492711370262315,0.12280241400716953,R00_daily_raw_return_rank_control,2
2024-08-20,7043,アルー,0.0,-0.37641154328732496,0.12095409148753983,R00_daily_raw_return_rank_control,1
2024-08-20,3804,システム ディ,,,0.09655587683925429,R00_daily_raw_return_rank_control,2
2024-08-21,7043,アルー,1.0,0.6369426751592355,0.11042624735648104,R00_daily_raw_return_rank_control,1
2024-08-21,8139,ナガホリ,1.0,0.28571428571428914,0.10793723595373748,R00_daily_raw_return_rank_control,2
2024-08-22,7043,アルー,0.0,-0.37783375314861534,0.11447194612487355,R00_daily_raw_return_rank_control,1
2024-08-22,5905,日本製罐,1.0,3.3333333333333437,0.10087125431835978,R00_daily_raw_return_rank_control,2
2024-08-23,7043,アルー,0.0,-1.4981273408239737,0.11054243217387476,R00_daily_raw_return_rank_control,1
2024-08-23,8247,大和,1.0,0.9195402298850519,0.0877729743933172,R00_daily_raw_return_rank_control,2
2024-08-26,7043,アルー,1.0,0.25316455696202667,0.09927545830801399,R00_daily_raw_return_rank_control,1
2024-08-26,3738,ティーガイア,0.0,-1.331557922769644,0.09820506892317168,R00_daily_raw_return_rank_control,2
2024-08-27,3738,ティーガイア,1.0,1.206434316353877,0.10347447047989847,R00_daily_raw_return_rank_control,1
2024-08-27,8871,ゴールドクレスト,1.0,0.3517411185367525,0.0967912356260714,R00_daily_raw_return_rank_control,2
2024-08-28,9914,植松商会,,,0.11778019123780348,R00_daily_raw_return_rank_control,1
2024-08-28,7043,アルー,0.0,-0.37974683544304,0.1006629329597291,R00_daily_raw_return_rank_control,2
2024-08-29,2736,フェスタリアホールディングス,0.0,-0.7027406886858767,0.12411280083440793,R00_daily_raw_return_rank_control,1
2024-08-29,9914,植松商会,1.0,0.28571428571428914,0.11603566561445794,R00_daily_raw_return_rank_control,2
2024-08-30,3991,ウォンテッドリー,0.0,-0.42016806722688926,0.12020726271175279,R00_daily_raw_return_rank_control,1
2024-08-30,3738,ティーガイア,0.0,-0.6784260515603768,0.10682117805054764,R00_daily_raw_return_rank_control,2
2024-08-01,8139,ナガホリ,1.0,2.3668639053254337,0.1123455000082571,R01_prior_beta_market_residual_rank,1
2024-08-01,8938,グローム・ホールディングス,0.0,-4.433497536945808,0.10685655764700414,R01_prior_beta_market_residual_rank,2
2024-08-02,4549,栄研化学,0.0,-2.6889197960129785,0.1200086575828357,R01_prior_beta_market_residual_rank,1
2024-08-02,3673,ブロードリーフ,0.0,-3.0411449016100156,0.12000823326904844,R01_prior_beta_market_residual_rank,2
2024-08-05,3673,ブロードリーフ,0.0,-2.1568627450980427,0.11101517034884051,R01_prior_beta_market_residual_rank,1
2024-08-05,9246,プロジェクトホールディングス,0.0,-12.636363636363635,0.10753178097739804,R01_prior_beta_market_residual_rank,2
2024-08-06,4496,コマースＯｎｅホールディングス,1.0,12.53968253968254,0.10849020684146476,R01_prior_beta_market_residual_rank,1
2024-08-06,9162,ブリーチ,0.0,0.0,0.1021040947561478,R01_prior_beta_market_residual_rank,2
2024-08-07,4814,ネクストウェア,1.0,4.8387096774193505,0.07928689878080303,R01_prior_beta_market_residual_rank,1
2024-08-07,7043,アルー,1.0,2.836004932182501,0.0792806451054014,R01_prior_beta_market_residual_rank,2
2024-08-08,7043,アルー,1.0,0.3597122302158251,0.07692650222789993,R01_prior_beta_market_residual_rank,1
2024-08-08,1997,暁飯島⼯業,1.0,3.0056355666875367,0.044489780198945346,R01_prior_beta_market_residual_rank,2
2024-08-09,7043,アルー,0.0,0.0,0.09184688351907348,R01_prior_beta_market_residual_rank,1
2024-08-09,6497,ハマイ,1.0,2.052785923753664,0.07418112634491464,R01_prior_beta_market_residual_rank,2
2024-08-13,7043,アルー,0.0,-1.8495684340320562,0.1111398082276792,R01_prior_beta_market_residual_rank,1
2024-08-13,8139,ナガホリ,1.0,0.5098324836125379,0.10320311401108231,R01_prior_beta_market_residual_rank,2
2024-08-14,7043,アルー,1.0,3.409090909090917,0.15224339851722363,R01_prior_beta_market_residual_rank,1
2024-08-14,8139,ナガホリ,0.0,0.0,0.11236100172595727,R01_prior_beta_market_residual_rank,2
2024-08-15,7043,アルー,0.0,-2.5547445255474477,0.11321719007547455,R01_prior_beta_market_residual_rank,1
2024-08-15,8139,ナガホリ,0.0,-1.1594202898550732,0.11125168002909244,R01_prior_beta_market_residual_rank,2
2024-08-16,7043,アルー,0.0,-0.4987531172069848,0.13690607427006912,R01_prior_beta_market_residual_rank,1
2024-08-16,8139,ナガホリ,1.0,0.8046817849304944,0.11600781425256673,R01_prior_beta_market_residual_rank,2
2024-08-19,7043,アルー,0.0,-0.5031446540880502,0.11255332664143265,R01_prior_beta_market_residual_rank,1
2024-08-19,8139,ナガホリ,1.0,1.7492711370262315,0.1019803042482785,R01_prior_beta_market_residual_rank,2
2024-08-20,7043,アルー,0.0,-0.37641154328732496,0.11058873306893562,R01_prior_beta_market_residual_rank,1
2024-08-20,8871,ゴールドクレスト,1.0,0.8787346221441172,0.08323946077598941,R01_prior_beta_market_residual_rank,2
2024-08-21,7043,アルー,1.0,0.6369426751592355,0.09720476469931544,R01_prior_beta_market_residual_rank,1
2024-08-21,3804,システム ディ,0.0,-0.06925207756233176,0.09172390992832881,R01_prior_beta_market_residual_rank,2
2024-08-22,7043,アルー,0.0,-0.37783375314861534,0.10267811087976582,R01_prior_beta_market_residual_rank,1
2024-08-22,5905,日本製罐,1.0,3.3333333333333437,0.08869401953457766,R01_prior_beta_market_residual_rank,2
2024-08-23,7043,アルー,0.0,-1.4981273408239737,0.09839760310364506,R01_prior_beta_market_residual_rank,1
2024-08-23,8247,大和,1.0,0.9195402298850519,0.0744537446386962,R01_prior_beta_market_residual_rank,2
2024-08-26,3738,ティーガイア,0.0,-1.331557922769644,0.08802249609939246,R01_prior_beta_market_residual_rank,1
2024-08-26,7043,アルー,1.0,0.25316455696202667,0.08481787249507403,R01_prior_beta_market_residual_rank,2
2024-08-27,4445,リビン・テクノロジーズ,0.0,0.0,0.09602088572628786,R01_prior_beta_market_residual_rank,1
2024-08-27,3738,ティーガイア,1.0,1.206434316353877,0.09595423664775207,R01_prior_beta_market_residual_rank,2
2024-08-28,9914,植松商会,,,0.10816720692414152,R01_prior_beta_market_residual_rank,1
2024-08-28,4445,リビン・テクノロジーズ,0.0,0.0,0.09259982082248566,R01_prior_beta_market_residual_rank,2
2024-08-29,2736,フェスタリアホールディングス,0.0,-0.7027406886858767,0.10936827691645312,R01_prior_beta_market_residual_rank,1
2024-08-29,9914,植松商会,1.0,0.28571428571428914,0.10869664948736425,R01_prior_beta_market_residual_rank,2
2024-08-30,3991,ウォンテッドリー,0.0,-0.42016806722688926,0.11422914078909116,R01_prior_beta_market_residual_rank,1
2024-08-30,5273,三⾕セキサン,1.0,1.1131725417439675,0.10185035207311385,R01_prior_beta_market_residual_rank,2
2024-09-02,4445,リビン・テクノロジーズ,0.0,-0.43266630611140666,0.14432877946958053,R00_daily_raw_return_rank_control,1
2024-09-02,3991,ウォンテッドリー,0.0,-0.5922165820642977,0.12338380859959097,R00_daily_raw_return_rank_control,2
2024-09-03,3092,ＺＯＺＯ,1.0,3.397947548460656,0.11994833425862364,R00_daily_raw_return_rank_control,1
2024-09-03,4445,リビン・テクノロジーズ,1.0,1.5752308527973824,0.11770190713092034,R00_daily_raw_return_rank_control,2
2024-09-04,7514,ヒマラヤ,1.0,0.22446689113355678,0.11101178363608599,R00_daily_raw_return_rank_control,1
2024-09-04,8167,リテールパートナーズ,0.0,-0.07215007215006786,0.10737863298011646,R00_daily_raw_return_rank_control,2
2024-09-05,3436,ＳＵＭＣＯ,0.0,-0.8289124668435011,0.10059751620357057,R00_daily_raw_return_rank_control,1
2024-09-05,6190,フェニックスバイオ,0.0,0.0,0.09705542618865456,R00_daily_raw_return_rank_control,2
2024-09-06,4445,リビン・テクノロジーズ,0.0,-0.38461538461538325,0.10913134766077667,R00_daily_raw_return_rank_control,1
2024-09-06,7689,コパ・コーポレーション,1.0,0.16207455429497752,0.10768795898063196,R00_daily_raw_return_rank_control,2
2024-09-09,7689,コパ・コーポレーション,1.0,1.5050167224080369,0.10909323969218185,R00_daily_raw_return_rank_control,1
2024-09-09,7138,ＴＯＲＩＣＯ,1.0,4.3010752688172005,0.10567431850137796,R00_daily_raw_return_rank_control,2
2024-09-10,7273,イクヨ,,,0.12658666347023426,R00_daily_raw_return_rank_control,1
2024-09-10,7689,コパ・コーポレーション,0.0,-1.1419249592169667,0.10472551770150429,R00_daily_raw_return_rank_control,2
2024-09-11,4445,リビン・テクノロジーズ,1.0,1.1148272017837302,0.11859104797744408,R00_daily_raw_return_rank_control,1
2024-09-11,7689,コパ・コーポレーション,0.0,0.0,0.11387057070749318,R00_daily_raw_return_rank_control,2
2024-09-12,7069,サイバー・バズ,0.0,-2.512998266897748,0.12988153941274513,R00_daily_raw_return_rank_control,1
2024-09-12,4445,リビン・テクノロジーズ,0.0,-0.2739726027397249,0.12516803518540046,R00_daily_raw_return_rank_control,2
2024-09-13,6190,フェニックスバイオ,0.0,-1.95227765726681,0.11676286963774407,R00_daily_raw_return_rank_control,1
2024-09-13,8746,ＵＮＢＡＮＫＥＤ,1.0,0.917431192660545,0.10337915622463756,R00_daily_raw_return_rank_control,2
2024-09-17,4503,アステラス製薬,0.0,-1.6880093131548257,0.11569977927829173,R00_daily_raw_return_rank_control,1
2024-09-17,7886,ヤマト・インダストリー,,,0.1142943101528728,R00_daily_raw_return_rank_control,2
2024-09-18,4507,塩野義製薬,0.0,-1.2378564713256046,0.1080325823771115,R00_daily_raw_return_rank_control,1
2024-09-18,4503,アステラス製薬,1.0,0.7959905660377409,0.1077924127428683,R00_daily_raw_return_rank_control,2
2024-09-19,4884,クリングルファーマ,1.0,4.8309178743961345,0.12718999782045498,R00_daily_raw_return_rank_control,1
2024-09-19,4507,塩野義製薬,0.0,-0.2963194011228909,0.10332937884948365,R00_daily_raw_return_rank_control,2
2024-09-20,5247,ＢＴＭ,1.0,1.610169491525415,0.12605576364081333,R00_daily_raw_return_rank_control,1
2024-09-20,4840,トライアイズ,1.0,0.31847133757962887,0.12254758910078953,R00_daily_raw_return_rank_control,2
2024-09-24,4840,トライアイズ,1.0,3.205128205128216,0.1213939920352421,R00_daily_raw_return_rank_control,1
2024-09-24,3092,ＺＯＺＯ,0.0,-0.2240325865580428,0.11783993600387618,R00_daily_raw_return_rank_control,2
2024-09-25,2372,アイロムグループ,0.0,0.0,0.11846254407803863,R00_daily_raw_return_rank_control,1
2024-09-25,5247,ＢＴＭ,1.0,2.7205276174773196,0.1156522265635648,R00_daily_raw_return_rank_control,2
2024-09-26,3092,ＺＯＺＯ,1.0,3.1114774366371334,0.1225902133594362,R00_daily_raw_return_rank_control,1
2024-09-26,4267,ライトワークス,1.0,0.20263424518742745,0.11965618873656733,R00_daily_raw_return_rank_control,2
2024-09-27,3787,テクノマセマティカル,1.0,1.6245487364620947,0.12975178608873716,R00_daily_raw_return_rank_control,1
2024-09-27,8139,ナガホリ,1.0,0.2090592334494712,0.12022201785375439,R00_daily_raw_return_rank_control,2
2024-09-30,3787,テクノマセマティカル,0.0,0.0,0.12973205416732037,R00_daily_raw_return_rank_control,1
2024-09-30,8139,ナガホリ,1.0,0.34843205574912606,0.11603862016409694,R00_daily_raw_return_rank_control,2
2024-09-02,4445,リビン・テクノロジーズ,0.0,-0.43266630611140666,0.12969180724272886,R01_prior_beta_market_residual_rank,1
2024-09-02,3991,ウォンテッドリー,0.0,-0.5922165820642977,0.10492187311499561,R01_prior_beta_market_residual_rank,2
2024-09-03,3092,ＺＯＺＯ,1.0,3.397947548460656,0.13646628417614798,R01_prior_beta_market_residual_rank,1
2024-09-03,8167,リテールパートナーズ,1.0,0.7896625987078298,0.12811026519750074,R01_prior_beta_market_residual_rank,2
2024-09-04,8167,リテールパートナーズ,0.0,-0.07215007215006786,0.12002641091665658,R01_prior_beta_market_residual_rank,1
2024-09-04,7847,グラファイトデザイン,0.0,0.0,0.1017670881719605,R01_prior_beta_market_residual_rank,2
2024-09-05,6723,ルネサスエレクトロニクス,0.0,-3.222958057395142,0.11013677595021186,R01_prior_beta_market_residual_rank,1
2024-09-05,7734,理研計器,1.0,1.5894039735099286,0.10763608351201351,R01_prior_beta_market_residual_rank,2
2024-09-06,6723,ルネサスエレクトロニクス,0.0,-2.1107580571947393,0.1147773641680709,R01_prior_beta_market_residual_rank,1
2024-09-06,7532,パン・パシフィック・インターナショナルホールディングス,0.0,-1.7004936917169533,0.11372853257228678,R01_prior_beta_market_residual_rank,2
2024-09-09,7138,ＴＯＲＩＣＯ,1.0,4.3010752688172005,0.10780995409029884,R01_prior_beta_market_residual_rank,1
2024-09-09,3961,シルバーエッグ・テクノロジー,0.0,0.0,0.10618249821039548,R01_prior_beta_market_residual_rank,2
2024-09-10,7886,ヤマト・インダストリー,0.0,-2.2881355932203418,0.12820180625164465,R01_prior_beta_market_residual_rank,1
2024-09-10,7273,イクヨ,,,0.11738599306868361,R01_prior_beta_market_residual_rank,2
2024-09-11,8630,ＳＯＭＰＯホールディングス,0.0,-0.8958912573370448,0.12294979155771062,R01_prior_beta_market_residual_rank,1
2024-09-11,7752,リコー,1.0,0.06727211570802805,0.11367881517112612,R01_prior_beta_market_residual_rank,2
2024-09-12,7011,三菱重⼯業,1.0,1.3742690058479612,0.12255055288657034,R01_prior_beta_market_residual_rank,1
2024-09-12,7069,サイバー・バズ,0.0,-2.512998266897748,0.12003013689357711,R01_prior_beta_market_residual_rank,2
2024-09-13,8746,ＵＮＢＡＮＫＥＤ,1.0,0.917431192660545,0.10679731604863474,R01_prior_beta_market_residual_rank,1
2024-09-13,6190,フェニックスバイオ,0.0,-1.95227765726681,0.10055401236641036,R01_prior_beta_market_residual_rank,2
2024-09-17,3475,グッドコムアセット,0.0,-0.12562814070351536,0.11764586539740825,R01_prior_beta_market_residual_rank,1
2024-09-17,7689,コパ・コーポレーション,0.0,-0.8264462809917328,0.11150748303624718,R01_prior_beta_market_residual_rank,2
2024-09-18,5247,ＢＴＭ,1.0,1.606086221470826,0.1225734251683956,R01_prior_beta_market_residual_rank,1
2024-09-18,3436,ＳＵＭＣＯ,1.0,2.2424667133847276,0.10465936704350598,R01_prior_beta_market_residual_rank,2
2024-09-19,4884,クリングルファーマ,1.0,4.8309178743961345,0.11465657800935207,R01_prior_beta_market_residual_rank,1
2024-09-19,5247,ＢＴＭ,0.0,-2.9875518672199175,0.1135040845573752,R01_prior_beta_market_residual_rank,2
2024-09-20,5247,ＢＴＭ,1.0,1.610169491525415,0.14129243487651083,R01_prior_beta_market_residual_rank,1
2024-09-20,4840,トライアイズ,1.0,0.31847133757962887,0.11403291017390253,R01_prior_beta_market_residual_rank,2
2024-09-24,4840,トライアイズ,1.0,3.205128205128216,0.10963396554364462,R01_prior_beta_market_residual_rank,1
2024-09-24,3092,ＺＯＺＯ,0.0,-0.2240325865580428,0.10898424861761853,R01_prior_beta_market_residual_rank,2
2024-09-25,5247,ＢＴＭ,1.0,2.7205276174773196,0.12413868075481173,R01_prior_beta_market_residual_rank,1
2024-09-25,3038,神⼾物産,1.0,1.7123287671232834,0.10730805737115287,R01_prior_beta_market_residual_rank,2
2024-09-26,3092,ＺＯＺＯ,1.0,3.1114774366371334,0.11410733949579158,R01_prior_beta_market_residual_rank,1
2024-09-26,4267,ライトワークス,1.0,0.20263424518742745,0.11094250131112803,R01_prior_beta_market_residual_rank,2
2024-09-27,3787,テクノマセマティカル,1.0,1.6245487364620947,0.12633423086105905,R01_prior_beta_market_residual_rank,1
2024-09-27,6662,ユビテック,0.0,-0.8620689655172376,0.11467821963825622,R01_prior_beta_market_residual_rank,2
2024-09-30,3787,テクノマセマティカル,0.0,0.0,0.12670481892204372,R01_prior_beta_market_residual_rank,1
2024-09-30,3726,フォーシーズＨＤ,0.0,-0.8333333333333304,0.1108415572641118,R01_prior_beta_market_residual_rank,2
2024-10-01,3787,テクノマセマティカル,1.0,0.17152658662091813,0.12397267708485514,R00_daily_raw_return_rank_control,1
2024-10-01,2114,フジ日本,0.0,-0.6673021925643452,0.11475015307446365,R00_daily_raw_return_rank_control,2
2024-10-02,7815,東京ボード⼯業,1.0,0.670016750418756,0.12328551665969815,R00_daily_raw_return_rank_control,1
2024-10-02,3804,システム ディ,1.0,0.2142857142857224,0.11418396472696155,R00_daily_raw_return_rank_control,2
2024-10-03,7815,東京ボード⼯業,1.0,0.9819967266775809,0.11541064345558708,R00_daily_raw_return_rank_control,1
2024-10-03,3804,システム ディ,0.0,-0.07127583749109156,0.11129817950926642,R00_daily_raw_return_rank_control,2
2024-10-04,3726,フォーシーズＨＤ,0.0,-0.4158004158004158,0.10984652085670812,R00_daily_raw_return_rank_control,1
2024-10-04,2331,綜合警備保障,1.0,0.2936857562408246,0.10556271988255961,R00_daily_raw_return_rank_control,2
2024-10-07,1925,大和ハウス⼯業,0.0,-0.1295896328293744,0.09019075617032435,R00_daily_raw_return_rank_control,1
2024-10-07,3712,情報企画,0.0,0.0,0.087279296872098,R00_daily_raw_return_rank_control,2
2024-10-08,4361,川口化学⼯業,1.0,0.12853470437017567,0.11909794353736422,R00_daily_raw_return_rank_control,1
2024-10-08,2229,カルビー,1.0,0.5899705014749346,0.11448021455400385,R00_daily_raw_return_rank_control,2
2024-10-09,2229,カルビー,1.0,0.9381413075344458,0.10779094868606585,R00_daily_raw_return_rank_control,1
2024-10-09,2334,イオレ,0.0,-0.30674846625766694,0.10257432016455875,R00_daily_raw_return_rank_control,2
2024-10-10,2334,イオレ,1.0,0.9230769230769154,0.10946425354982142,R00_daily_raw_return_rank_control,1
2024-10-10,8871,ゴールドクレスト,1.0,1.273885350318471,0.10928954347639419,R00_daily_raw_return_rank_control,2
2024-10-11,2334,イオレ,0.0,-0.1524390243902385,0.10678340447303297,R00_daily_raw_return_rank_control,1
2024-10-11,8871,ゴールドクレスト,1.0,1.572327044025168,0.10185767424639422,R00_daily_raw_return_rank_control,2
2024-10-15,9601,松竹,1.0,0.9304812834224574,0.10258886556682695,R00_daily_raw_return_rank_control,1
2024-10-15,2334,イオレ,0.0,-0.3039513677811523,0.09805160816663414,R00_daily_raw_return_rank_control,2
2024-10-16,8871,ゴールドクレスト,1.0,2.8037383177569986,0.11580927017200847,R00_daily_raw_return_rank_control,1
2024-10-16,8267,イオン,1.0,1.3246823465801638,0.09624239066030392,R00_daily_raw_return_rank_control,2
2024-10-17,8025,ツカモトコーポレーション,0.0,-2.1015761821365997,0.09612963451431356,R00_daily_raw_return_rank_control,1
2024-10-17,9143,ＳＧホールディングス,1.0,0.4330446369087193,0.09584470644591407,R00_daily_raw_return_rank_control,2
2024-10-18,3195,ジェネレーションパス,1.0,4.680851063829783,0.10285371873541904,R00_daily_raw_return_rank_control,1
2024-10-18,3490,アズ企画設計,0.0,-0.08996851102114345,0.09647617689458589,R00_daily_raw_return_rank_control,2
2024-10-21,9064,ヤマトホールディングス,1.0,0.061538461538468425,0.09296717604918028,R00_daily_raw_return_rank_control,1
2024-10-21,7043,アルー,0.0,-0.26595744680850686,0.09273850852531845,R00_daily_raw_return_rank_control,2
2024-10-22,7072,インティメート・マージャー,0.0,-0.8474576271186418,0.10573295317182718,R00_daily_raw_return_rank_control,1
2024-10-22,9347,日本管財ホールディングス,0.0,-1.9593345656192196,0.10516186764501725,R00_daily_raw_return_rank_control,2
2024-10-23,8871,ゴールドクレスト,0.0,-2.7156549520766737,0.12809309286609366,R00_daily_raw_return_rank_control,1
2024-10-23,2268,Ｂ−Ｒ サーティワン アイスクリーム,0.0,-0.7194244604316502,0.1091874689262922,R00_daily_raw_return_rank_control,2
2024-10-24,8871,ゴールドクレスト,1.0,0.8291873963515828,0.13266674097364925,R00_daily_raw_return_rank_control,1
2024-10-24,7369,メイホーホールディングス,0.0,0.0,0.11786120013788175,R00_daily_raw_return_rank_control,2
2024-10-25,7815,東京ボード⼯業,1.0,1.1513157894736947,0.12165999509024553,R00_daily_raw_return_rank_control,1
2024-10-25,8871,ゴールドクレスト,1.0,0.6557377049180246,0.11853641592969424,R00_daily_raw_return_rank_control,2
2024-10-28,8871,ゴールドクレスト,0.0,-2.1035598705501646,0.12383042419549474,R00_daily_raw_return_rank_control,1
2024-10-28,7379,サーキュレーション,1.0,0.16286644951140072,0.11391069207131081,R00_daily_raw_return_rank_control,2
2024-10-29,8871,ゴールドクレスト,0.0,-0.658978583196046,0.12576070353274374,R00_daily_raw_return_rank_control,1
2024-10-29,7815,東京ボード⼯業,1.0,1.342281879194629,0.11735570393930313,R00_daily_raw_return_rank_control,2
2024-10-30,7379,サーキュレーション,1.0,1.1513157894736947,0.1174848039168212,R00_daily_raw_return_rank_control,1
2024-10-30,8871,ゴールドクレスト,1.0,0.2673796791443861,0.10914475122355277,R00_daily_raw_return_rank_control,2
2024-10-31,7376,ＢＣＣ,0.0,0.0,0.13629635343593374,R00_daily_raw_return_rank_control,1
2024-10-31,3529,アツギ,1.0,9.394313967861567,0.11233448956365964,R00_daily_raw_return_rank_control,2
2024-10-01,7734,理研計器,0.0,-0.26041666666666297,0.11473604451900658,R01_prior_beta_market_residual_rank,1
2024-10-01,3726,フォーシーズＨＤ,0.0,-0.21008403361344463,0.11260049476559922,R01_prior_beta_market_residual_rank,2
2024-10-02,7815,東京ボード⼯業,1.0,0.670016750418756,0.1360406599817905,R01_prior_beta_market_residual_rank,1
2024-10-02,3804,システム ディ,1.0,0.2142857142857224,0.1217924669113435,R01_prior_beta_market_residual_rank,2
2024-10-03,7815,東京ボード⼯業,1.0,0.9819967266775809,0.12789982811630898,R01_prior_beta_market_residual_rank,1
2024-10-03,2157,コシダカホールディングス,0.0,-0.8032128514056214,0.11583005111587266,R01_prior_beta_market_residual_rank,2
2024-10-04,3726,フォーシーズＨＤ,0.0,-0.4158004158004158,0.10785995790746303,R01_prior_beta_market_residual_rank,1
2024-10-04,7815,東京ボード⼯業,1.0,2.2364217252396124,0.10653455809712357,R01_prior_beta_market_residual_rank,2
2024-10-07,7734,理研計器,1.0,0.49999999999998934,0.09902177644618254,R01_prior_beta_market_residual_rank,1
2024-10-07,7061,日本ホスピスホールディングス,1.0,0.6662225183211135,0.0944429218588038,R01_prior_beta_market_residual_rank,2
2024-10-08,3804,システム ディ,0.0,0.0,0.11465044187063864,R01_prior_beta_market_residual_rank,1
2024-10-08,4361,川口化学⼯業,1.0,0.12853470437017567,0.10838270800287339,R01_prior_beta_market_residual_rank,2
2024-10-09,8871,ゴールドクレスト,1.0,0.31948881789136685,0.11355906471245826,R01_prior_beta_market_residual_rank,1
2024-10-09,4911,資生堂,1.0,2.1649767059468417,0.10002643433895389,R01_prior_beta_market_residual_rank,2
2024-10-10,8871,ゴールドクレスト,1.0,1.273885350318471,0.11027874112543837,R01_prior_beta_market_residual_rank,1
2024-10-10,2334,イオレ,1.0,0.9230769230769154,0.10270150153163286,R01_prior_beta_market_residual_rank,2
2024-10-11,8267,イオン,1.0,1.8867924528301883,0.11350752803492513,R01_prior_beta_market_residual_rank,1
2024-10-11,8871,ゴールドクレスト,1.0,1.572327044025168,0.10289979294435453,R01_prior_beta_market_residual_rank,2
2024-10-15,7815,東京ボード⼯業,1.0,1.6000000000000014,0.10767231326571106,R01_prior_beta_market_residual_rank,1
2024-10-15,9601,松竹,1.0,0.9304812834224574,0.1064860888166325,R01_prior_beta_market_residual_rank,2
2024-10-16,7603,マックハウス,1.0,0.9345794392523255,0.13518276583146407,R01_prior_beta_market_residual_rank,1
2024-10-16,6543,日宣,0.0,-0.60606060606061,0.1232862620819183,R01_prior_beta_market_residual_rank,2
2024-10-17,4911,資生堂,0.0,-0.5181347150259086,0.10797989798721075,R01_prior_beta_market_residual_rank,1
2024-10-17,2687,シー・ヴイ・エス・ベイエリア,0.0,-0.17667844522968323,0.10507937405557573,R01_prior_beta_market_residual_rank,2
2024-10-18,6543,日宣,0.0,-0.31007751937984773,0.10750928648907494,R01_prior_beta_market_residual_rank,1
2024-10-18,3195,ジェネレーションパス,1.0,4.680851063829783,0.10536238548603771,R01_prior_beta_market_residual_rank,2
2024-10-21,6543,日宣,0.0,-0.6211180124223614,0.10047403680259484,R01_prior_beta_market_residual_rank,1
2024-10-21,7815,東京ボード⼯業,0.0,-1.4308426073131986,0.092957145763934,R01_prior_beta_market_residual_rank,2
2024-10-22,7072,インティメート・マージャー,0.0,-0.8474576271186418,0.12041755339207208,R01_prior_beta_market_residual_rank,1
2024-10-22,6558,クックビズ,0.0,-6.331471135940414,0.11621764810646111,R01_prior_beta_market_residual_rank,2
2024-10-23,8871,ゴールドクレスト,0.0,-2.7156549520766737,0.13116546906544183,R01_prior_beta_market_residual_rank,1
2024-10-23,2268,Ｂ−Ｒ サーティワン アイスクリーム,0.0,-0.7194244604316502,0.1201717652401553,R01_prior_beta_market_residual_rank,2
2024-10-24,8871,ゴールドクレスト,1.0,0.8291873963515828,0.12743292902746825,R01_prior_beta_market_residual_rank,1
2024-10-24,7369,メイホーホールディングス,0.0,0.0,0.12615512349032626,R01_prior_beta_market_residual_rank,2
2024-10-25,7815,東京ボード⼯業,1.0,1.1513157894736947,0.12394426179318975,R01_prior_beta_market_residual_rank,1
2024-10-25,8871,ゴールドクレスト,1.0,0.6557377049180246,0.11133136638921173,R01_prior_beta_market_residual_rank,2
2024-10-28,8871,ゴールドクレスト,0.0,-2.1035598705501646,0.11287236250032821,R01_prior_beta_market_residual_rank,1
2024-10-28,7379,サーキュレーション,1.0,0.16286644951140072,0.10826918039109856,R01_prior_beta_market_residual_rank,2
2024-10-29,7815,東京ボード⼯業,1.0,1.342281879194629,0.12829665469314563,R01_prior_beta_market_residual_rank,1
2024-10-29,8871,ゴールドクレスト,0.0,-0.658978583196046,0.12313252195019209,R01_prior_beta_market_residual_rank,2
2024-10-30,7379,サーキュレーション,1.0,1.1513157894736947,0.11911952493305536,R01_prior_beta_market_residual_rank,1
2024-10-30,8871,ゴールドクレスト,1.0,0.2673796791443861,0.10906984527356571,R01_prior_beta_market_residual_rank,2
2024-10-31,3529,アツギ,1.0,9.394313967861567,0.1289408444789469,R01_prior_beta_market_residual_rank,1
2024-10-31,7376,ＢＣＣ,0.0,0.0,0.12788778846280696,R01_prior_beta_market_residual_rank,2
2024-11-01,9913,日邦産業,1.0,0.7228915662650603,0.12137091844979714,R00_daily_raw_return_rank_control,1
2024-11-01,2653,イオン九州,1.0,0.6120367222033352,0.10794557161853566,R00_daily_raw_return_rank_control,2
2024-11-05,3537,昭栄薬品,0.0,-0.4511278195488688,0.12806261987900336,R00_daily_raw_return_rank_control,1
2024-11-05,9913,日邦産業,0.0,-0.09523809523809268,0.11551388379163467,R00_daily_raw_return_rank_control,2
2024-11-06,4840,トライアイズ,0.0,-1.0101010101010055,0.11607748761620519,R00_daily_raw_return_rank_control,1
2024-11-06,4073,ジィ・シィ企画,0.0,-0.48000000000000265,0.09956511554829849,R00_daily_raw_return_rank_control,2
2024-11-07,4840,トライアイズ,1.0,0.340136054421758,0.09984323728108517,R00_daily_raw_return_rank_control,1
2024-11-07,9244,デジタリフト,,,0.096541785871211,R00_daily_raw_return_rank_control,2
2024-11-08,4091,日本酸素ホールディングス,0.0,-0.9712750568299233,0.10761218111887164,R00_daily_raw_return_rank_control,1
2024-11-08,3800,ユニリタ,1.0,0.30975735673721694,0.10037821446693126,R00_daily_raw_return_rank_control,2
2024-11-11,4840,トライアイズ,1.0,3.4482758620689724,0.10241886009007223,R00_daily_raw_return_rank_control,1
2024-11-11,6810,マクセル,0.0,-1.0614525139664766,0.10210363714344178,R00_daily_raw_return_rank_control,2
2024-11-12,5587,インバウンドプラットフォーム,1.0,1.3254786450662692,0.11154462946891547,R00_daily_raw_return_rank_control,1
2024-11-12,7083,ＡＨＣグループ,1.0,2.187028657616885,0.10662962276278928,R00_daily_raw_return_rank_control,2
2024-11-13,4073,ジィ・シィ企画,0.0,-0.658978583196046,0.10215416317609263,R00_daily_raw_return_rank_control,1
2024-11-13,4452,花王,0.0,-0.18894662257912254,0.10180168239044897,R00_daily_raw_return_rank_control,2
2024-11-14,7284,盟和産業,0.0,-0.5897219882055604,0.10537817180058093,R00_daily_raw_return_rank_control,1
2024-11-14,6193,バーチャレクス・ホールディングス,1.0,0.13280212483399723,0.10291202845889458,R00_daily_raw_return_rank_control,2
2024-11-15,9219,ギックス,0.0,-0.6362672322375418,0.1104204281496272,R00_daily_raw_return_rank_control,1
2024-11-15,7083,ＡＨＣグループ,0.0,-0.7662835249042099,0.10471462829039602,R00_daily_raw_return_rank_control,2
2024-11-18,4387,ＺＵＵ,0.0,-0.2902757619738794,0.11414643578057565,R00_daily_raw_return_rank_control,1
2024-11-18,4346,ＮＥＸＹＺ．Ｇｒｏｕｐ,1.0,1.4598540145985384,0.11253783963957821,R00_daily_raw_return_rank_control,2
2024-11-19,7815,東京ボード⼯業,1.0,1.4999999999999902,0.11489725615213857,R00_daily_raw_return_rank_control,1
2024-11-19,7426,山大,1.0,1.0000000000000009,0.10240052651949294,R00_daily_raw_return_rank_control,2
2024-11-20,8938,グローム・ホールディングス,0.0,-2.5740025740025763,0.11216793067436094,R00_daily_raw_return_rank_control,1
2024-11-20,4398,ブロードバンドセキュリティ,0.0,-1.8132975151108122,0.10996874363177336,R00_daily_raw_return_rank_control,2
2024-11-21,8938,グローム・ホールディングス,1.0,1.7287234042553168,0.1504880759186137,R00_daily_raw_return_rank_control,1
2024-11-21,4398,ブロードバンドセキュリティ,1.0,1.7699115044247815,0.11921695085539401,R00_daily_raw_return_rank_control,2
2024-11-22,8938,グローム・ホールディングス,1.0,1.182654402102501,0.14528997526080267,R00_daily_raw_return_rank_control,1
2024-11-22,4267,ライトワークス,1.0,1.6650342801175277,0.11597619817825999,R00_daily_raw_return_rank_control,2
2024-11-25,8938,グローム・ホールディングス,0.0,-0.2597402597402598,0.13619030483494032,R00_daily_raw_return_rank_control,1
2024-11-25,9331,キャスター,0.0,-1.3555787278415,0.11253173114018354,R00_daily_raw_return_rank_control,2
2024-11-26,4267,ライトワークス,1.0,0.9708737864077666,0.15628398837699803,R00_daily_raw_return_rank_control,1
2024-11-26,4073,ジィ・シィ企画,1.0,0.1697792869269854,0.12439402641031064,R00_daily_raw_return_rank_control,2
2024-11-27,4267,ライトワークス,1.0,1.1650485436893288,0.12542440256325801,R00_daily_raw_return_rank_control,1
2024-11-27,4073,ジィ・シィ企画,1.0,1.724137931034475,0.10404007941763144,R00_daily_raw_return_rank_control,2
2024-11-28,4267,ライトワークス,1.0,1.4548981571290032,0.10999617781804977,R00_daily_raw_return_rank_control,1
2024-11-28,4073,ジィ・シィ企画,1.0,0.688468158347666,0.10262408386548616,R00_daily_raw_return_rank_control,2
2024-11-29,4424,Ａｍａｚｉａ,0.0,-0.8695652173912993,0.114888388272863,R00_daily_raw_return_rank_control,1
2024-11-29,4073,ジィ・シィ企画,1.0,1.1925042589437718,0.11299472144569433,R00_daily_raw_return_rank_control,2
2024-11-01,9828,Ｇｅｎｋｉ Ｇｌｏｂａｌ Ｄｉｎｉｎｇ Ｃｏｎｃｅｐｔｓ,1.0,1.8796992481203034,0.10523746782553715,R01_prior_beta_market_residual_rank,1
2024-11-01,2413,エムスリー,0.0,-0.9262216544235091,0.10389811229336464,R01_prior_beta_market_residual_rank,2
2024-11-05,6961,エンプラス,0.0,-15.39763113367174,0.1300596269547832,R01_prior_beta_market_residual_rank,1
2024-11-05,4091,日本酸素ホールディングス,1.0,2.499999999999991,0.12274407956022393,R01_prior_beta_market_residual_rank,2
2024-11-06,6141,ＤＭＧ森精機,1.0,3.2380231016852834,0.1282836424957043,R01_prior_beta_market_residual_rank,1
2024-11-06,4968,荒川化学⼯業,1.0,0.16835016835017313,0.10426122440051233,R01_prior_beta_market_residual_rank,2
2024-11-07,4091,日本酸素ホールディングス,0.0,-4.005636070853457,0.10000949591308306,R01_prior_beta_market_residual_rank,1
2024-11-07,4840,トライアイズ,1.0,0.340136054421758,0.09151007217236429,R01_prior_beta_market_residual_rank,2
2024-11-08,4091,日本酸素ホールディングス,0.0,-0.9712750568299233,0.12502983169215517,R01_prior_beta_market_residual_rank,1
2024-11-08,6141,ＤＭＧ森精機,0.0,-3.505933117583604,0.10461787606465117,R01_prior_beta_market_residual_rank,2
2024-11-11,6141,ＤＭＧ森精機,1.0,0.4845322400298224,0.11499782395627854,R01_prior_beta_market_residual_rank,1
2024-11-11,6976,太陽誘電,1.0,2.0302375809935214,0.11192035609634335,R01_prior_beta_market_residual_rank,2
2024-11-12,4047,関東電化⼯業,1.0,1.7486338797814138,0.11930976855384204,R01_prior_beta_market_residual_rank,1
2024-11-12,5587,インバウンドプラットフォーム,1.0,1.3254786450662692,0.11879194516599081,R01_prior_beta_market_residual_rank,2
2024-11-13,6976,太陽誘電,0.0,-2.8354978354978355,0.11156872616658962,R01_prior_beta_market_residual_rank,1
2024-11-13,7815,東京ボード⼯業,1.0,2.9556650246305383,0.1042075314434315,R01_prior_beta_market_residual_rank,2
2024-11-14,3788,ＧＭＯグローバルサイン・ホールディングス,1.0,4.1387465510445365,0.12144041121281335,R01_prior_beta_market_residual_rank,1
2024-11-14,9219,ギックス,0.0,-2.178423236514526,0.11814567398128865,R01_prior_beta_market_residual_rank,2
2024-11-15,9219,ギックス,0.0,-0.6362672322375418,0.1165944683752349,R01_prior_beta_market_residual_rank,1
2024-11-15,4527,ロート製薬,0.0,-3.226375176304652,0.10917146678587235,R01_prior_beta_market_residual_rank,2
2024-11-18,6190,フェニックスバイオ,0.0,-2.2346368715083775,0.11877726265308972,R01_prior_beta_market_residual_rank,1
2024-11-18,4387,ＺＵＵ,0.0,-0.2902757619738794,0.11239352546156449,R01_prior_beta_market_residual_rank,2
2024-11-19,7815,東京ボード⼯業,1.0,1.4999999999999902,0.1063634482379673,R01_prior_beta_market_residual_rank,1
2024-11-19,6190,フェニックスバイオ,1.0,2.857142857142847,0.10434622050041434,R01_prior_beta_market_residual_rank,2
2024-11-20,8938,グローム・ホールディングス,0.0,-2.5740025740025763,0.11344719077888228,R01_prior_beta_market_residual_rank,1
2024-11-20,4398,ブロードバンドセキュリティ,0.0,-1.8132975151108122,0.11163805845116215,R01_prior_beta_market_residual_rank,2
2024-11-21,8938,グローム・ホールディングス,1.0,1.7287234042553168,0.14270423531513,R01_prior_beta_market_residual_rank,1
2024-11-21,4398,ブロードバンドセキュリティ,1.0,1.7699115044247815,0.11911551885994541,R01_prior_beta_market_residual_rank,2
2024-11-22,8938,グローム・ホールディングス,1.0,1.182654402102501,0.13655440230136906,R01_prior_beta_market_residual_rank,1
2024-11-22,4398,ブロードバンドセキュリティ,1.0,0.4672897196261738,0.10803779492399865,R01_prior_beta_market_residual_rank,2
2024-11-25,8938,グローム・ホールディングス,0.0,-0.2597402597402598,0.13134849352086198,R01_prior_beta_market_residual_rank,1
2024-11-25,9331,キャスター,0.0,-1.3555787278415,0.10689402305383228,R01_prior_beta_market_residual_rank,2
2024-11-26,4267,ライトワークス,1.0,0.9708737864077666,0.13777862495721896,R01_prior_beta_market_residual_rank,1
2024-11-26,8938,グローム・ホールディングス,0.0,0.0,0.115752584297453,R01_prior_beta_market_residual_rank,2
2024-11-27,4267,ライトワークス,1.0,1.1650485436893288,0.10244783055331919,R01_prior_beta_market_residual_rank,1
2024-11-27,4371,コアコンセプト・テクノロジー,0.0,-2.1126760563380254,0.09693019208488472,R01_prior_beta_market_residual_rank,2
2024-11-28,4424,Ａｍａｚｉａ,0.0,-0.8595988538681931,0.09547442453880169,R01_prior_beta_market_residual_rank,1
2024-11-28,8136,サンリオ,1.0,5.184514376273497,0.09200695545841406,R01_prior_beta_market_residual_rank,2
2024-11-29,4424,Ａｍａｚｉａ,0.0,-0.8695652173912993,0.11389030051210136,R01_prior_beta_market_residual_rank,1
2024-11-29,4197,アスマーク,1.0,0.20669698222406385,0.10917623344324334,R01_prior_beta_market_residual_rank,2
2024-12-02,4267,ライトワークス,1.0,3.9024390243902474,0.1154518488539087,R00_daily_raw_return_rank_control,1
2024-12-02,4465,ニイタカ,1.0,0.6511123168746691,0.10437611221142559,R00_daily_raw_return_rank_control,2
2024-12-03,4465,ニイタカ,1.0,0.8086253369272267,0.11106111883536948,R00_daily_raw_return_rank_control,1
2024-12-03,9362,兵機海運,0.0,-2.114803625377648,0.10278614261182517,R00_daily_raw_return_rank_control,2
2024-12-04,4465,ニイタカ,0.0,-0.2134471718249764,0.11851318938220731,R00_daily_raw_return_rank_control,1
2024-12-04,4267,ライトワークス,1.0,0.5780346820809301,0.1104232217199834,R00_daily_raw_return_rank_control,2
2024-12-05,4267,ライトワークス,0.0,0.0,0.13122291059439128,R00_daily_raw_return_rank_control,1
2024-12-05,4465,ニイタカ,0.0,0.0,0.11727860313263509,R00_daily_raw_return_rank_control,2
2024-12-06,4267,ライトワークス,0.0,-0.0970873786407811,0.1295972738915211,R00_daily_raw_return_rank_control,1
2024-12-06,4073,ジィ・シィ企画,1.0,17.07317073170731,0.10633168793504709,R00_daily_raw_return_rank_control,2
2024-12-09,4267,ライトワークス,1.0,1.4577259475218707,0.1236300329387782,R00_daily_raw_return_rank_control,1
2024-12-09,9691,両毛システムズ,1.0,1.7717346518335342,0.09804215697146976,R00_daily_raw_return_rank_control,2
2024-12-10,4267,ライトワークス,1.0,0.674373795761074,0.13869042078653013,R00_daily_raw_return_rank_control,1
2024-12-10,9691,両毛システムズ,0.0,0.0,0.09706502139459282,R00_daily_raw_return_rank_control,2
2024-12-11,4267,ライトワークス,1.0,0.4812319538017418,0.12275579307528568,R00_daily_raw_return_rank_control,1
2024-12-11,9265,ヤマシタヘルスケアホールディングス,1.0,0.9296148738379806,0.09392967233588609,R00_daily_raw_return_rank_control,2
2024-12-12,4267,ライトワークス,1.0,1.9361084220716362,0.11501144768280111,R00_daily_raw_return_rank_control,1
2024-12-12,6898,トミタ電機,0.0,-0.13464991023339756,0.114411167982902,R00_daily_raw_return_rank_control,2
2024-12-13,6898,トミタ電機,0.0,-0.27260336210813696,0.1076841172585627,R00_daily_raw_return_rank_control,1
2024-12-13,211A,カドス・コーポレーション,0.0,-0.11881188118811892,0.10089154308334151,R00_daily_raw_return_rank_control,2
2024-12-16,9159,Ｗ ＴＯＫＹＯ,0.0,-1.2820512820512775,0.11205933642900398,R00_daily_raw_return_rank_control,1
2024-12-16,6898,トミタ電機,0.0,0.0,0.10932117093104263,R00_daily_raw_return_rank_control,2
2024-12-17,9159,Ｗ ＴＯＫＹＯ,1.0,0.6999999999999895,0.12393819778728365,R00_daily_raw_return_rank_control,1
2024-12-17,7345,アイ・パートナーズフィナンシャル,0.0,-0.3424657534246589,0.12235308121262577,R00_daily_raw_return_rank_control,2
2024-12-18,4267,ライトワークス,1.0,1.4778325123152802,0.12123523515741536,R00_daily_raw_return_rank_control,1
2024-12-18,7345,アイ・パートナーズフィナンシャル,1.0,2.2727272727272707,0.11613090416902205,R00_daily_raw_return_rank_control,2
2024-12-19,7345,アイ・パートナーズフィナンシャル,0.0,0.0,0.10937531704939481,R00_daily_raw_return_rank_control,1
2024-12-19,9159,Ｗ ＴＯＫＹＯ,1.0,0.39940089865202477,0.10179269013519475,R00_daily_raw_return_rank_control,2
2024-12-20,7345,アイ・パートナーズフィナンシャル,0.0,-1.379310344827589,0.12858317944307324,R00_daily_raw_return_rank_control,1
2024-12-20,9159,Ｗ ＴＯＫＹＯ,0.0,-0.24863252113376255,0.11042529225674987,R00_daily_raw_return_rank_control,2
2024-12-23,7345,アイ・パートナーズフィナンシャル,1.0,3.6231884057970953,0.13395547531425453,R00_daily_raw_return_rank_control,1
2024-12-23,3382,セブン＆アイ・ホールディングス,1.0,0.6866416978776435,0.10531393980328574,R00_daily_raw_return_rank_control,2
2024-12-24,9159,Ｗ ＴＯＫＹＯ,0.0,-1.4609571788413045,0.10716662713248526,R00_daily_raw_return_rank_control,1
2024-12-24,4762,エックスネット,0.0,-0.8861622358554921,0.09820285609902825,R00_daily_raw_return_rank_control,2
2024-12-25,9159,Ｗ ＴＯＫＹＯ,0.0,-3.490759753593431,0.12743994972260708,R00_daily_raw_return_rank_control,1
2024-12-25,7345,アイ・パートナーズフィナンシャル,1.0,0.8960573476702427,0.11655574096746481,R00_daily_raw_return_rank_control,2
2024-12-26,9159,Ｗ ＴＯＫＹＯ,0.0,-2.6687598116169498,0.12686384797998432,R00_daily_raw_return_rank_control,1
2024-12-26,7345,アイ・パートナーズフィナンシャル,0.0,-1.0291595197255532,0.11710394938892893,R00_daily_raw_return_rank_control,2
2024-12-27,9159,Ｗ ＴＯＫＹＯ,1.0,2.5515743756786113,0.10644190290409697,R00_daily_raw_return_rank_control,1
2024-12-27,5248,テクノロジーズ,1.0,0.14492753623187582,0.09808431647158279,R00_daily_raw_return_rank_control,2
2024-12-30,3800,ユニリタ,0.0,0.0,0.11077116702901936,R00_daily_raw_return_rank_control,1
2024-12-30,9355,リンコーコーポレーション,1.0,1.981981981981984,0.1042296471751236,R00_daily_raw_return_rank_control,2
2024-12-02,4424,Ａｍａｚｉａ,0.0,-0.5830903790087438,0.09852192952913415,R01_prior_beta_market_residual_rank,1
2024-12-02,9362,兵機海運,0.0,-0.9022556390977488,0.09610335296255247,R01_prior_beta_market_residual_rank,2
2024-12-03,4047,関東電化⼯業,1.0,4.3558850787766445,0.10614116264670129,R01_prior_beta_market_residual_rank,1
2024-12-03,9362,兵機海運,0.0,-2.114803625377648,0.10477235194180688,R01_prior_beta_market_residual_rank,2
2024-12-04,9362,兵機海運,0.0,-3.7151702786377694,0.1100811057397887,R01_prior_beta_market_residual_rank,1
2024-12-04,4465,ニイタカ,0.0,-0.2134471718249764,0.09751401268840748,R01_prior_beta_market_residual_rank,2
2024-12-05,4267,ライトワークス,0.0,0.0,0.11547740638371011,R01_prior_beta_market_residual_rank,1
2024-12-05,137A,Ｃｏｃｏｌｉｖｅ,0.0,-1.717557251908397,0.11126016936616602,R01_prior_beta_market_residual_rank,2
2024-12-06,4267,ライトワークス,0.0,-0.0970873786407811,0.11859361861247668,R01_prior_beta_market_residual_rank,1
2024-12-06,137A,Ｃｏｃｏｌｉｖｅ,0.0,-0.5000000000000004,0.11381103657205914,R01_prior_beta_market_residual_rank,2
2024-12-09,4267,ライトワークス,1.0,1.4577259475218707,0.11289122714853896,R01_prior_beta_market_residual_rank,1
2024-12-09,137A,Ｃｏｃｏｌｉｖｅ,0.0,-0.8919722497522264,0.10054622823041104,R01_prior_beta_market_residual_rank,2
2024-12-10,4267,ライトワークス,1.0,0.674373795761074,0.11697707129725188,R01_prior_beta_market_residual_rank,1
2024-12-10,9265,ヤマシタヘルスケアホールディングス,,,0.10880471304436667,R01_prior_beta_market_residual_rank,2
2024-12-11,7554,幸楽苑,0.0,-1.4146772767462457,0.1075870364806788,R01_prior_beta_market_residual_rank,1
2024-12-11,4267,ライトワークス,1.0,0.4812319538017418,0.10257406634885487,R01_prior_beta_market_residual_rank,2
2024-12-12,6898,トミタ電機,0.0,-0.13464991023339756,0.11204827469787723,R01_prior_beta_market_residual_rank,1
2024-12-12,3657,ポールトゥウィンホールディングス,0.0,-0.46511627906976605,0.10745622964329964,R01_prior_beta_market_residual_rank,2
2024-12-13,3770,ザッパラス,0.0,-3.8560411311054033,0.11523426802047168,R01_prior_beta_market_residual_rank,1
2024-12-13,6898,トミタ電機,0.0,-0.27260336210813696,0.10105074784023156,R01_prior_beta_market_residual_rank,2
2024-12-16,9159,Ｗ ＴＯＫＹＯ,0.0,-1.2820512820512775,0.10711079345565823,R01_prior_beta_market_residual_rank,1
2024-12-16,6898,トミタ電機,0.0,0.0,0.10396190773690447,R01_prior_beta_market_residual_rank,2
2024-12-17,3452,ビーロット,0.0,-4.014869888475836,0.12453913263782593,R01_prior_beta_market_residual_rank,1
2024-12-17,9159,Ｗ ＴＯＫＹＯ,1.0,0.6999999999999895,0.1198967180756986,R01_prior_beta_market_residual_rank,2
2024-12-18,4267,ライトワークス,1.0,1.4778325123152802,0.11809191980698681,R01_prior_beta_market_residual_rank,1
2024-12-18,7345,アイ・パートナーズフィナンシャル,1.0,2.2727272727272707,0.11122648295096418,R01_prior_beta_market_residual_rank,2
2024-12-19,7345,アイ・パートナーズフィナンシャル,0.0,0.0,0.10420419891335186,R01_prior_beta_market_residual_rank,1
2024-12-19,6098,リクルートホールディングス,1.0,0.9740259740259827,0.09931601623300783,R01_prior_beta_market_residual_rank,2
2024-12-20,6098,リクルートホールディングス,0.0,-0.5036630036630019,0.12051111204283281,R01_prior_beta_market_residual_rank,1
2024-12-20,7345,アイ・パートナーズフィナンシャル,0.0,-1.379310344827589,0.11994234022142324,R01_prior_beta_market_residual_rank,2
2024-12-23,9468,ＫＡＤＯＫＡＷＡ,1.0,1.2353706111833507,0.13234112693468492,R01_prior_beta_market_residual_rank,1
2024-12-23,7345,アイ・パートナーズフィナンシャル,1.0,3.6231884057970953,0.11811767247180886,R01_prior_beta_market_residual_rank,2
2024-12-24,9159,Ｗ ＴＯＫＹＯ,0.0,-1.4609571788413045,0.10038504906050297,R01_prior_beta_market_residual_rank,1
2024-12-24,9246,プロジェクトホールディングス,0.0,-2.0568070519098924,0.0956404743164919,R01_prior_beta_market_residual_rank,2
2024-12-25,9159,Ｗ ＴＯＫＹＯ,0.0,-3.490759753593431,0.11817331985724248,R01_prior_beta_market_residual_rank,1
2024-12-25,7345,アイ・パートナーズフィナンシャル,1.0,0.8960573476702427,0.11335494057160704,R01_prior_beta_market_residual_rank,2
2024-12-26,9159,Ｗ ＴＯＫＹＯ,0.0,-2.6687598116169498,0.12054807255277916,R01_prior_beta_market_residual_rank,1
2024-12-26,2354,ＹＥ ＤＩＧＩＴＡＬ,0.0,-0.8223684210526327,0.1077247511510367,R01_prior_beta_market_residual_rank,2
2024-12-27,5248,テクノロジーズ,1.0,0.14492753623187582,0.1012353628111648,R01_prior_beta_market_residual_rank,1
2024-12-27,9159,Ｗ ＴＯＫＹＯ,1.0,2.5515743756786113,0.09492314987212085,R01_prior_beta_market_residual_rank,2
2024-12-30,5248,テクノロジーズ,1.0,0.5788712011577379,0.1061453033451429,R01_prior_beta_market_residual_rank,1
2024-12-30,7314,小⽥原機器,0.0,-2.749410840534172,0.10337587437463935,R01_prior_beta_market_residual_rank,2
2025-01-06,3800,ユニリタ,0.0,0.0,0.1127035798919301,R00_daily_raw_return_rank_control,1
2025-01-06,7314,小⽥原機器,0.0,-2.049180327868849,0.1114245158597303,R00_daily_raw_return_rank_control,2
2025-01-07,1994,高橋カーテンウォール⼯業,0.0,-2.0905923344947785,0.10852872249728394,R00_daily_raw_return_rank_control,1
2025-01-07,3800,ユニリタ,1.0,0.10035122930256435,0.1073953236546155,R00_daily_raw_return_rank_control,2
2025-01-08,1994,高橋カーテンウォール⼯業,1.0,1.073345259391778,0.11980913252585274,R00_daily_raw_return_rank_control,1
2025-01-08,3800,ユニリタ,1.0,0.2004008016031955,0.11919189306299414,R00_daily_raw_return_rank_control,2
2025-01-09,3800,ユニリタ,0.0,-0.10035122930256435,0.11122299037239483,R00_daily_raw_return_rank_control,1
2025-01-09,1994,高橋カーテンウォール⼯業,1.0,0.17730496453900457,0.09595983226512429,R00_daily_raw_return_rank_control,2
2025-01-10,1994,高橋カーテンウォール⼯業,0.0,0.0,0.08326842002281823,R00_daily_raw_return_rank_control,1
2025-01-10,3800,ユニリタ,1.0,0.050226017076848706,0.08115872203364281,R00_daily_raw_return_rank_control,2
2025-01-14,9661,歌舞伎座,0.0,-0.6571741511500528,0.07620622684085324,R00_daily_raw_return_rank_control,1
2025-01-14,5161,⻄川ゴム⼯業,0.0,-0.6363636363636349,0.076057322601791,R00_daily_raw_return_rank_control,2
2025-01-15,9355,リンコーコーポレーション,0.0,-1.1571254567600442,0.099946708792013,R00_daily_raw_return_rank_control,1
2025-01-15,3804,システム ディ,1.0,0.06993006993007977,0.08636594611181199,R00_daily_raw_return_rank_control,2
2025-01-16,4429,リックソフト,0.0,-4.30622009569378,0.09775322900834371,R00_daily_raw_return_rank_control,1
2025-01-16,9241,フューチャーリンクネットワーク,1.0,4.906333630686888,0.09747524489054224,R00_daily_raw_return_rank_control,2
2025-01-17,9250,ＧＲＣＳ,0.0,-0.5751258087706712,0.10304136478022387,R00_daily_raw_return_rank_control,1
2025-01-17,9241,フューチャーリンクネットワーク,1.0,2.8268551236749095,0.08540316960466181,R00_daily_raw_return_rank_control,2
2025-01-20,9241,フューチャーリンクネットワーク,1.0,2.305721605465405,0.09930930197352121,R00_daily_raw_return_rank_control,1
2025-01-20,4424,Ａｍａｚｉａ,0.0,-0.5970149253731294,0.07924613624825097,R00_daily_raw_return_rank_control,2
2025-01-21,9362,兵機海運,0.0,0.0,0.11314580346640664,R00_daily_raw_return_rank_control,1
2025-01-21,9241,フューチャーリンクネットワーク,1.0,3.255425709515869,0.1081267826691589,R00_daily_raw_return_rank_control,2
2025-01-22,9241,フューチャーリンクネットワーク,1.0,1.6142050040355072,0.10720901004653544,R00_daily_raw_return_rank_control,1
2025-01-22,7064,ハウテレビジョン,0.0,-0.7240204429301511,0.10692486492965748,R00_daily_raw_return_rank_control,2
2025-01-23,3238,セントラル総合開発,1.0,0.42105263157894424,0.1251016788464806,R00_daily_raw_return_rank_control,1
2025-01-23,4437,ｇｏｏｄｄａｙｓホールディングス,1.0,0.4484304932735439,0.11689984186721064,R00_daily_raw_return_rank_control,2
2025-01-24,3238,セントラル総合開発,1.0,0.21052631578948322,0.12733336195221054,R00_daily_raw_return_rank_control,1
2025-01-24,7043,アルー,1.0,1.17056856187292,0.1258541573689072,R00_daily_raw_return_rank_control,2
2025-01-27,3238,セントラル総合開発,0.0,-0.42105263157894424,0.141226286112402,R00_daily_raw_return_rank_control,1
2025-01-27,4437,ｇｏｏｄｄａｙｓホールディングス,0.0,0.0,0.12378298443669365,R00_daily_raw_return_rank_control,2
2025-01-28,8066,三⾕商事,1.0,1.1657374556512945,0.12115750109825836,R00_daily_raw_return_rank_control,1
2025-01-28,3238,セントラル総合開発,1.0,0.424628450106157,0.11922540443943495,R00_daily_raw_return_rank_control,2
2025-01-29,3238,セントラル総合開発,1.0,0.2123142250530785,0.13608656374242287,R00_daily_raw_return_rank_control,1
2025-01-29,2806,ユタカフーズ,0.0,-1.0965837199493844,0.11138183873187861,R00_daily_raw_return_rank_control,2
2025-01-30,3238,セントラル総合開発,1.0,0.6382978723404209,0.12565260202348794,R00_daily_raw_return_rank_control,1
2025-01-30,2806,ユタカフーズ,1.0,0.7268063274903813,0.1222961009485307,R00_daily_raw_return_rank_control,2
2025-01-31,3238,セントラル総合開発,0.0,-0.6342494714587699,0.11973338422835186,R00_daily_raw_return_rank_control,1
2025-01-31,9265,ヤマシタヘルスケアホールディングス,1.0,0.9726725335803543,0.1087284042052981,R00_daily_raw_return_rank_control,2
2025-01-06,7314,小⽥原機器,0.0,-2.049180327868849,0.11024842119380372,R01_prior_beta_market_residual_rank,1
2025-01-06,8040,東京ソワール,0.0,-2.4421593830334154,0.09840780813397186,R01_prior_beta_market_residual_rank,2
2025-01-07,7314,小⽥原機器,0.0,-3.3444816053511683,0.1042493722351625,R01_prior_beta_market_residual_rank,1
2025-01-07,9339,コーチ・エィ,0.0,-3.4348165495706517,0.10268600171826697,R01_prior_beta_market_residual_rank,2
2025-01-08,7314,小⽥原機器,0.0,-0.9590235396687019,0.09691196197792133,R01_prior_beta_market_residual_rank,1
2025-01-08,3800,ユニリタ,1.0,0.2004008016031955,0.0962010832764291,R01_prior_beta_market_residual_rank,2
2025-01-09,2389,デジタルホールディングス,1.0,1.407284768211925,0.08772339812024321,R01_prior_beta_market_residual_rank,1
2025-01-09,3800,ユニリタ,0.0,-0.10035122930256435,0.08546989841229216,R01_prior_beta_market_residual_rank,2
2025-01-10,7730,マニー,0.0,-2.0689655172413834,0.11099191443440366,R01_prior_beta_market_residual_rank,1
2025-01-10,7205,日野自動車,0.0,-2.3075468129374,0.08452801069802728,R01_prior_beta_market_residual_rank,2
2025-01-14,4783,ＮＣＤ,1.0,2.5123715264560254,0.08215555768059776,R01_prior_beta_market_residual_rank,1
2025-01-14,9369,キユーソー流通システム,0.0,-3.1563845050215256,0.08169117652974828,R01_prior_beta_market_residual_rank,2
2025-01-15,4735,京進,0.0,-0.7853403141361293,0.10178496687505428,R01_prior_beta_market_residual_rank,1
2025-01-15,4343,イオンファンタジー,1.0,1.1829652996845352,0.09675478494630115,R01_prior_beta_market_residual_rank,2
2025-01-16,9250,ＧＲＣＳ,0.0,-3.601108033240996,0.14182160267827315,R01_prior_beta_market_residual_rank,1
2025-01-16,4429,リックソフト,0.0,-4.30622009569378,0.1408816445516071,R01_prior_beta_market_residual_rank,2
2025-01-17,9250,ＧＲＣＳ,0.0,-0.5751258087706712,0.11953055160745438,R01_prior_beta_market_residual_rank,1
2025-01-17,9241,フューチャーリンクネットワーク,1.0,2.8268551236749095,0.09195815844238159,R01_prior_beta_market_residual_rank,2
2025-01-20,9241,フューチャーリンクネットワーク,1.0,2.305721605465405,0.11483269357686762,R01_prior_beta_market_residual_rank,1
2025-01-20,9250,ＧＲＣＳ,1.0,0.14388489208632116,0.09110111280036015,R01_prior_beta_market_residual_rank,2
2025-01-21,9241,フューチャーリンクネットワーク,1.0,3.255425709515869,0.11977990748590939,R01_prior_beta_market_residual_rank,1
2025-01-21,9250,ＧＲＣＳ,0.0,-0.21551724137931494,0.0936595574067439,R01_prior_beta_market_residual_rank,2
2025-01-22,9241,フューチャーリンクネットワーク,1.0,1.6142050040355072,0.12135088925697998,R01_prior_beta_market_residual_rank,1
2025-01-22,3558,ジェイドグループ,0.0,-0.5050505050505083,0.09565243758429803,R01_prior_beta_market_residual_rank,2
2025-01-23,3238,セントラル総合開発,1.0,0.42105263157894424,0.10830774174253582,R01_prior_beta_market_residual_rank,1
2025-01-23,7036,イーエムネットジャパン,0.0,-1.413043478260867,0.10546786546426087,R01_prior_beta_market_residual_rank,2
2025-01-24,7043,アルー,1.0,1.17056856187292,0.11298196465344229,R01_prior_beta_market_residual_rank,1
2025-01-24,3238,セントラル総合開発,1.0,0.21052631578948322,0.10351074510952563,R01_prior_beta_market_residual_rank,2
2025-01-27,3238,セントラル総合開発,0.0,-0.42105263157894424,0.1173518796816192,R01_prior_beta_market_residual_rank,1
2025-01-27,7043,アルー,1.0,0.8278145695364225,0.10411937815904647,R01_prior_beta_market_residual_rank,2
2025-01-28,8066,三⾕商事,1.0,1.1657374556512945,0.12830451349470526,R01_prior_beta_market_residual_rank,1
2025-01-28,3238,セントラル総合開発,1.0,0.424628450106157,0.09677328365413022,R01_prior_beta_market_residual_rank,2
2025-01-29,3238,セントラル総合開発,1.0,0.2123142250530785,0.11218093142743794,R01_prior_beta_market_residual_rank,1
2025-01-29,8066,三⾕商事,0.0,-4.674291397314767,0.1053765012079828,R01_prior_beta_market_residual_rank,2
2025-01-30,8066,三⾕商事,1.0,1.2506513809275699,0.1241483671226663,R01_prior_beta_market_residual_rank,1
2025-01-30,3238,セントラル総合開発,1.0,0.6382978723404209,0.11138879921747842,R01_prior_beta_market_residual_rank,2
2025-01-31,2997,ストレージ王,0.0,-1.6913319238900604,0.11574483498928839,R01_prior_beta_market_residual_rank,1
2025-01-31,9265,ヤマシタヘルスケアホールディングス,1.0,0.9726725335803543,0.11230634452819727,R01_prior_beta_market_residual_rank,2
2025-02-03,3238,セントラル総合開発,1.0,0.42553191489360653,0.10675881698095346,R00_daily_raw_return_rank_control,1
2025-02-03,6161,エスティック,1.0,0.4366812227074135,0.09557064064171929,R00_daily_raw_return_rank_control,2
2025-02-04,4424,Ａｍａｚｉａ,1.0,0.6514657980456029,0.10659739307579334,R00_daily_raw_return_rank_control,1
2025-02-04,4272,日本化薬,1.0,1.653764954257575,0.09782419057939702,R00_daily_raw_return_rank_control,2
2025-02-05,4380,Ｍマート,1.0,0.43859649122806044,0.11910622896406588,R00_daily_raw_return_rank_control,1
2025-02-05,2282,日本ハム,1.0,0.6587914584279764,0.09262462233706605,R00_daily_raw_return_rank_control,2
2025-02-06,4380,Ｍマート,0.0,0.0,0.09958318306029676,R00_daily_raw_return_rank_control,1
2025-02-06,7678,あさくま,1.0,1.526717557251911,0.0938066179860501,R00_daily_raw_return_rank_control,2
2025-02-07,6193,バーチャレクス・ホールディングス,0.0,0.0,0.10618810729723711,R00_daily_raw_return_rank_control,1
2025-02-07,3480,ジェイ・エス・ビー,0.0,-1.3029315960912058,0.09871403867258771,R00_daily_raw_return_rank_control,2
2025-02-10,6161,エスティック,1.0,1.661129568106312,0.0978996135307764,R00_daily_raw_return_rank_control,1
2025-02-10,3800,ユニリタ,1.0,0.7556675062972307,0.09515887167749643,R00_daily_raw_return_rank_control,2
2025-02-12,4783,ＮＣＤ,1.0,1.0204081632652962,0.11839511884923448,R00_daily_raw_return_rank_control,1
2025-02-12,3674,オークファン,0.0,-0.2564102564102555,0.11777269306888302,R00_daily_raw_return_rank_control,2
2025-02-13,7043,アルー,1.0,4.813664596273282,0.11957894217583813,R00_daily_raw_return_rank_control,1
2025-02-13,6312,フロイント産業,1.0,0.8771929824561431,0.11736834921243508,R00_daily_raw_return_rank_control,2
2025-02-14,3800,ユニリタ,1.0,0.10040160642570406,0.12169736056225426,R00_daily_raw_return_rank_control,1
2025-02-14,2120,ＬＩＦＵＬＬ,1.0,1.1111111111111072,0.11569988597670701,R00_daily_raw_return_rank_control,2
2025-02-17,3800,ユニリタ,1.0,0.05025125628139726,0.10657298853377278,R00_daily_raw_return_rank_control,1
2025-02-17,7938,リーガルコーポレーション,1.0,1.455721795390219,0.10545101149580778,R00_daily_raw_return_rank_control,2
2025-02-18,3238,セントラル総合開発,1.0,1.0845986984815648,0.11127053245737306,R00_daily_raw_return_rank_control,1
2025-02-18,3800,ユニリタ,0.0,0.0,0.10789146132462134,R00_daily_raw_return_rank_control,2
2025-02-19,7043,アルー,1.0,2.84005979073243,0.11297087647013124,R00_daily_raw_return_rank_control,1
2025-02-19,6193,バーチャレクス・ホールディングス,1.0,0.7547169811320753,0.10364716316445556,R00_daily_raw_return_rank_control,2
2025-02-20,3800,ユニリタ,1.0,0.1506024096385561,0.10621666160395822,R00_daily_raw_return_rank_control,1
2025-02-20,3238,セントラル総合開発,0.0,-0.21505376344086446,0.10242998148096166,R00_daily_raw_return_rank_control,2
2025-02-21,7638,ＮＥＷ ＡＲＴ ＨＯＬＤＩＮＧＳ,0.0,-1.2578616352201255,0.11407217867178764,R00_daily_raw_return_rank_control,1
2025-02-21,3238,セントラル総合開発,0.0,0.0,0.09876262614592833,R00_daily_raw_return_rank_control,2
2025-02-25,9244,デジタリフト,0.0,-0.2645502645502673,0.10756294013095247,R00_daily_raw_return_rank_control,1
2025-02-25,4380,Ｍマート,1.0,0.42016806722688926,0.09587346342854412,R00_daily_raw_return_rank_control,2
2025-02-26,4057,インターファクトリー,0.0,-0.8247422680412342,0.0988969184392912,R00_daily_raw_return_rank_control,1
2025-02-26,7345,アイ・パートナーズフィナンシャル,1.0,5.263157894736836,0.09676486435151772,R00_daily_raw_return_rank_control,2
2025-02-27,3359,ｃｏｔｔａ,0.0,0.0,0.09540448632825695,R00_daily_raw_return_rank_control,1
2025-02-27,8995,誠建設⼯業,0.0,0.0,0.09260966139786758,R00_daily_raw_return_rank_control,2
2025-02-28,3490,アズ企画設計,0.0,-0.49545829892650994,0.10810440040866495,R00_daily_raw_return_rank_control,1
2025-02-28,2300,きょくとう,1.0,0.20366598778003286,0.1080066815756709,R00_daily_raw_return_rank_control,2
2025-02-03,4816,東映アニメーション,1.0,0.7800312012480548,0.1238759765132523,R01_prior_beta_market_residual_rank,1
2025-02-03,2127,日本Ｍ＆Ａセンターホールディングス,0.0,-1.565074135090605,0.11957265220218165,R01_prior_beta_market_residual_rank,2
2025-02-04,2282,日本ハム,0.0,-1.7699115044247815,0.11771286112094145,R01_prior_beta_market_residual_rank,1
2025-02-04,4424,Ａｍａｚｉａ,1.0,0.6514657980456029,0.11619422508812022,R01_prior_beta_market_residual_rank,2
2025-02-05,4380,Ｍマート,1.0,0.43859649122806044,0.10995518410492955,R01_prior_beta_market_residual_rank,1
2025-02-05,2282,日本ハム,1.0,0.6587914584279764,0.10185297971512416,R01_prior_beta_market_residual_rank,2
2025-02-06,3844,コムチュア,0.0,-1.7664376840039298,0.10494136024721798,R01_prior_beta_market_residual_rank,1
2025-02-06,4424,Ａｍａｚｉａ,0.0,0.0,0.09205688492601825,R01_prior_beta_market_residual_rank,2
2025-02-07,3480,ジェイ・エス・ビー,0.0,-1.3029315960912058,0.10878240346746909,R01_prior_beta_market_residual_rank,1
2025-02-07,6632,ＪＶＣケンウッド,1.0,1.4581983149708266,0.10305056418627347,R01_prior_beta_market_residual_rank,2
2025-02-10,3480,ジェイ・エス・ビー,1.0,1.4802631578947345,0.10550115407035301,R01_prior_beta_market_residual_rank,1
2025-02-10,2216,カンロ,0.0,-1.4598540145985384,0.10383994096761619,R01_prior_beta_market_residual_rank,2
2025-02-12,4783,ＮＣＤ,1.0,1.0204081632652962,0.15087443914630314,R01_prior_beta_market_residual_rank,1
2025-02-12,3179,シュッピン,0.0,-0.0983284169124854,0.1154204716084762,R01_prior_beta_market_residual_rank,2
2025-02-13,7043,アルー,1.0,4.813664596273282,0.1357437362526006,R01_prior_beta_market_residual_rank,1
2025-02-13,7938,リーガルコーポレーション,0.0,-0.19638648860957897,0.1096545245319733,R01_prior_beta_market_residual_rank,2
2025-02-14,2120,ＬＩＦＵＬＬ,1.0,1.1111111111111072,0.1323123175541302,R01_prior_beta_market_residual_rank,1
2025-02-14,6268,ナブテスコ,0.0,-2.850743229484831,0.11973864052396986,R01_prior_beta_market_residual_rank,2
2025-02-17,141A,トライアルホールディングス,0.0,-6.020696142991532,0.11488218488273202,R01_prior_beta_market_residual_rank,1
2025-02-17,7043,アルー,1.0,1.8209408194233667,0.11457972680598912,R01_prior_beta_market_residual_rank,2
2025-02-18,5010,日本精蝋,0.0,-3.240740740740744,0.11230197160584932,R01_prior_beta_market_residual_rank,1
2025-02-18,7782,シンシア,1.0,4.535637149028071,0.11222207648558531,R01_prior_beta_market_residual_rank,2
2025-02-19,7043,アルー,1.0,2.84005979073243,0.12154764831900307,R01_prior_beta_market_residual_rank,1
2025-02-19,4444,インフォネット,1.0,0.738916256157629,0.10238973332629331,R01_prior_beta_market_residual_rank,2
2025-02-20,4444,インフォネット,1.0,1.1097410604192337,0.09270802218686085,R01_prior_beta_market_residual_rank,1
2025-02-20,7638,ＮＥＷ ＡＲＴ ＨＯＬＤＩＮＧＳ,0.0,-2.6203534430225495,0.09212109634531675,R01_prior_beta_market_residual_rank,2
2025-02-21,7638,ＮＥＷ ＡＲＴ ＨＯＬＤＩＮＧＳ,0.0,-1.2578616352201255,0.12388372166477937,R01_prior_beta_market_residual_rank,1
2025-02-21,4444,インフォネット,1.0,1.359703337453655,0.09514414258491548,R01_prior_beta_market_residual_rank,2
2025-02-25,3359,ｃｏｔｔａ,0.0,-3.7735849056603765,0.09252644387718706,R01_prior_beta_market_residual_rank,1
2025-02-25,6407,ＣＫＤ,1.0,0.5253940455341555,0.09199095683155747,R01_prior_beta_market_residual_rank,2
2025-02-26,4057,インターファクトリー,0.0,-0.8247422680412342,0.10880302029033076,R01_prior_beta_market_residual_rank,1
2025-02-26,3359,ｃｏｔｔａ,0.0,-4.793028322440085,0.09936727872786139,R01_prior_beta_market_residual_rank,2
2025-02-27,4057,インターファクトリー,1.0,0.42194092827003704,0.09879088896703847,R01_prior_beta_market_residual_rank,1
2025-02-27,3359,ｃｏｔｔａ,0.0,0.0,0.09826349131363016,R01_prior_beta_market_residual_rank,2
2025-02-28,2789,カルラ,0.0,-0.8948545861297563,0.10683047314769559,R01_prior_beta_market_residual_rank,1
2025-02-28,2747,北雄ラッキー,1.0,1.5703307718008652,0.10588891692879836,R01_prior_beta_market_residual_rank,2
2025-03-03,3490,アズ企画設計,0.0,-0.4161464835622186,0.1089453147470943,R00_daily_raw_return_rank_control,1
2025-03-03,2300,きょくとう,1.0,1.2195121951219523,0.10715840972679289,R00_daily_raw_return_rank_control,2
2025-03-04,2300,きょくとう,0.0,-0.6024096385542133,0.10514725618402572,R00_daily_raw_return_rank_control,1
2025-03-04,3063,ジェイグループホールディングス,1.0,0.8771929824561431,0.10084844468039418,R00_daily_raw_return_rank_control,2
2025-03-05,6312,フロイント産業,0.0,-0.2645502645502673,0.1092512320582808,R00_daily_raw_return_rank_control,1
2025-03-05,2300,きょくとう,0.0,-1.0040160642570295,0.10790254109339557,R00_daily_raw_return_rank_control,2
2025-03-06,3063,ジェイグループホールディングス,0.0,-0.5780346820809301,0.1169020355636694,R00_daily_raw_return_rank_control,1
2025-03-06,4356,応用技術,1.0,0.974658869395717,0.10553928443535837,R00_daily_raw_return_rank_control,2
2025-03-07,3800,ユニリタ,0.0,-0.05002501250624958,0.10576618756321517,R00_daily_raw_return_rank_control,1
2025-03-07,8139,ナガホリ,1.0,1.2949640287769792,0.1053540185935711,R00_daily_raw_return_rank_control,2
2025-03-10,4783,ＮＣＤ,0.0,-0.03844675124952124,0.12248847928444674,R00_daily_raw_return_rank_control,1
2025-03-10,7036,イーエムネットジャパン,1.0,3.4445640473627526,0.1061787253545,R00_daily_raw_return_rank_control,2
2025-03-11,7345,アイ・パートナーズフィナンシャル,1.0,0.6666666666666599,0.1313212742720859,R00_daily_raw_return_rank_control,1
2025-03-11,9312,ケイヒン,0.0,-0.862440707201384,0.10946315566817252,R00_daily_raw_return_rank_control,2
2025-03-12,8139,ナガホリ,1.0,1.231884057971011,0.10872336533486407,R00_daily_raw_return_rank_control,1
2025-03-12,9312,ケイヒン,0.0,-0.39113428943937656,0.10124393022756313,R00_daily_raw_return_rank_control,2
2025-03-13,7345,アイ・パートナーズフィナンシャル,1.0,1.683501683501687,0.10707805684361939,R00_daily_raw_return_rank_control,1
2025-03-13,8139,ナガホリ,1.0,0.2871500358937462,0.103125911563774,R00_daily_raw_return_rank_control,2
2025-03-14,4387,ＺＵＵ,1.0,0.2421307506053294,0.10167776912990231,R00_daily_raw_return_rank_control,1
2025-03-14,7345,アイ・パートナーズフィナンシャル,0.0,-1.4657980456026065,0.09751572159935877,R00_daily_raw_return_rank_control,2
2025-03-17,2332,クエスト,1.0,0.6666666666666599,0.11716540652030435,R00_daily_raw_return_rank_control,1
2025-03-17,8139,ナガホリ,0.0,-0.785153461812993,0.11252640725597074,R00_daily_raw_return_rank_control,2
2025-03-18,7345,アイ・パートナーズフィナンシャル,0.0,-1.7793594306049876,0.1250091065340071,R00_daily_raw_return_rank_control,1
2025-03-18,2332,クエスト,1.0,0.07369196757553986,0.11834444519981925,R00_daily_raw_return_rank_control,2
2025-03-19,2332,クエスト,1.0,0.589101620029453,0.13601030198911865,R00_daily_raw_return_rank_control,1
2025-03-19,7266,今仙電機製作所,1.0,3.703703703703698,0.12396775820389261,R00_daily_raw_return_rank_control,2
2025-03-21,5277,スパンクリートコーポレーション,0.0,-0.22421524663677195,0.1311190843537789,R00_daily_raw_return_rank_control,1
2025-03-21,9685,ＫＹＣＯＭホールディングス,1.0,0.2881844380403509,0.12395370390545189,R00_daily_raw_return_rank_control,2
2025-03-24,5277,スパンクリートコーポレーション,1.0,0.22421524663676085,0.14133906792255232,R00_daily_raw_return_rank_control,1
2025-03-24,4356,応用技術,0.0,-0.25889967637540146,0.12095155560846815,R00_daily_raw_return_rank_control,2
2025-03-25,5277,スパンクリートコーポレーション,0.0,-0.22371364653244186,0.15355534907336924,R00_daily_raw_return_rank_control,1
2025-03-25,4356,応用技術,0.0,-0.5851755526657954,0.11363537361940211,R00_daily_raw_return_rank_control,2
2025-03-26,5277,スパンクリートコーポレーション,1.0,0.4474272930648837,0.14853837272889206,R00_daily_raw_return_rank_control,1
2025-03-26,2332,クエスト,1.0,0.6588579795022032,0.12115995836636534,R00_daily_raw_return_rank_control,2
2025-03-27,5277,スパンクリートコーポレーション,1.0,0.44642857142858094,0.14392079420915904,R00_daily_raw_return_rank_control,1
2025-03-27,4356,応用技術,0.0,-0.2614379084967311,0.11268816151512119,R00_daily_raw_return_rank_control,2
2025-03-28,5277,スパンクリートコーポレーション,1.0,0.6696428571428603,0.14410414690070655,R00_daily_raw_return_rank_control,1
2025-03-28,2332,クエスト,1.0,0.6024096385542244,0.1174455500369287,R00_daily_raw_return_rank_control,2
2025-03-31,5277,スパンクリートコーポレーション,0.0,0.0,0.11767924843112014,R00_daily_raw_return_rank_control,1
2025-03-31,3096,オーシャンシステム,0.0,-0.08576329331045907,0.11682895520562296,R00_daily_raw_return_rank_control,2
2025-03-03,3844,コムチュア,0.0,0.0,0.10139372372515015,R01_prior_beta_market_residual_rank,1
2025-03-03,7345,アイ・パートナーズフィナンシャル,1.0,6.326889279437609,0.10079015487945349,R01_prior_beta_market_residual_rank,2
2025-03-04,2300,きょくとう,0.0,-0.6024096385542133,0.0929712800946609,R01_prior_beta_market_residual_rank,1
2025-03-04,3490,アズ企画設計,0.0,-0.8779264214046845,0.08541205115463535,R01_prior_beta_market_residual_rank,2
2025-03-05,3382,セブン＆アイ・ホールディングス,0.0,-2.2743947175348445,0.10583978092895956,R01_prior_beta_market_residual_rank,1
2025-03-05,7865,ピープル,0.0,-0.18621973929237035,0.0974994009278485,R01_prior_beta_market_residual_rank,2
2025-03-06,4356,応用技術,1.0,0.974658869395717,0.11144737926868643,R01_prior_beta_market_residual_rank,1
2025-03-06,3063,ジェイグループホールディングス,0.0,-0.5780346820809301,0.09355668936076515,R01_prior_beta_market_residual_rank,2
2025-03-07,4356,応用技術,1.0,0.45045045045044585,0.09851275546125635,R01_prior_beta_market_residual_rank,1
2025-03-07,3674,オークファン,0.0,-0.5333333333333301,0.0935970438285786,R01_prior_beta_market_residual_rank,2
2025-03-10,4783,ＮＣＤ,0.0,-0.03844675124952124,0.12574381109082755,R01_prior_beta_market_residual_rank,1
2025-03-10,7974,任天堂,0.0,-1.9117647058823573,0.09678789508304601,R01_prior_beta_market_residual_rank,2
2025-03-11,7345,アイ・パートナーズフィナンシャル,1.0,0.6666666666666599,0.11252343440504128,R01_prior_beta_market_residual_rank,1
2025-03-11,9312,ケイヒン,0.0,-0.862440707201384,0.10212007928898643,R01_prior_beta_market_residual_rank,2
2025-03-12,9312,ケイヒン,0.0,-0.39113428943937656,0.09791367883174926,R01_prior_beta_market_residual_rank,1
2025-03-12,4057,インターファクトリー,1.0,0.6410256410256387,0.0935827576772126,R01_prior_beta_market_residual_rank,2
2025-03-13,2934,ジェイフロンティア,0.0,-1.1374407582938395,0.09353075603607441,R01_prior_beta_market_residual_rank,1
2025-03-13,3844,コムチュア,0.0,-1.5495296070835662,0.09065661921420712,R01_prior_beta_market_residual_rank,2
2025-03-14,4783,ＮＣＤ,1.0,0.674870980547837,0.09903089987667106,R01_prior_beta_market_residual_rank,1
2025-03-14,2934,ジェイフロンティア,1.0,3.8310412573673958,0.09874241219756512,R01_prior_beta_market_residual_rank,2
2025-03-17,4387,ＺＵＵ,1.0,0.3618817852834688,0.09729623854651974,R01_prior_beta_market_residual_rank,1
2025-03-17,4356,応用技術,1.0,0.25706940874035134,0.09701132915088308,R01_prior_beta_market_residual_rank,2
2025-03-18,7345,アイ・パートナーズフィナンシャル,0.0,-1.7793594306049876,0.12159999850695855,R01_prior_beta_market_residual_rank,1
2025-03-18,2934,ジェイフロンティア,1.0,3.9423076923077005,0.11605969456322855,R01_prior_beta_market_residual_rank,2
2025-03-19,184A,学びエイド,0.0,-1.4778325123152691,0.1355895937318281,R01_prior_beta_market_residual_rank,1
2025-03-19,2332,クエスト,1.0,0.589101620029453,0.11111980381325834,R01_prior_beta_market_residual_rank,2
2025-03-21,4356,応用技術,0.0,-0.32030749519538215,0.10825656468397706,R01_prior_beta_market_residual_rank,1
2025-03-21,6844,新電元⼯業,0.0,-1.0711225364181676,0.09772692681105784,R01_prior_beta_market_residual_rank,2
2025-03-24,3479,ティーケーピー,1.0,1.5841584158415856,0.1112507789046366,R01_prior_beta_market_residual_rank,1
2025-03-24,4356,応用技術,0.0,-0.25889967637540146,0.10539262632382995,R01_prior_beta_market_residual_rank,2
2025-03-25,7036,イーエムネットジャパン,0.0,-1.5135135135135092,0.11372907453453397,R01_prior_beta_market_residual_rank,1
2025-03-25,5277,スパンクリートコーポレーション,0.0,-0.22371364653244186,0.11109152491950414,R01_prior_beta_market_residual_rank,2
2025-03-26,9158,シーユーシー,1.0,5.208333333333326,0.11167358471761424,R01_prior_beta_market_residual_rank,1
2025-03-26,5277,スパンクリートコーポレーション,1.0,0.4474272930648837,0.10895274633162931,R01_prior_beta_market_residual_rank,2
2025-03-27,5277,スパンクリートコーポレーション,1.0,0.44642857142858094,0.10187522557832172,R01_prior_beta_market_residual_rank,1
2025-03-27,4356,応用技術,0.0,-0.2614379084967311,0.09461535744353,R01_prior_beta_market_residual_rank,2
2025-03-28,6734,ニューテック,0.0,0.0,0.1133341258083514,R01_prior_beta_market_residual_rank,1
2025-03-28,5277,スパンクリートコーポレーション,1.0,0.6696428571428603,0.10278600562392112,R01_prior_beta_market_residual_rank,2
2025-03-31,4310,ドリームインキュベータ,0.0,0.0,0.12693338644164312,R01_prior_beta_market_residual_rank,1
2025-03-31,4960,ケミプロ化成,0.0,-6.08974358974359,0.125136641402489,R01_prior_beta_market_residual_rank,2
2025-04-01,3434,アルファＣｏ,0.0,-1.4388489208633115,0.11579060543492915,R00_daily_raw_return_rank_control,1
2025-04-01,2179,成学社,0.0,-0.5167958656330796,0.11357687959528455,R00_daily_raw_return_rank_control,2
2025-04-02,7318,セレンディップ・ホールディングス,0.0,-0.9044657998869443,0.1251594077330151,R00_daily_raw_return_rank_control,1
2025-04-02,3096,オーシャンシステム,1.0,0.8658008658008587,0.10421601725790164,R00_daily_raw_return_rank_control,2
2025-04-03,5845,全保連,0.0,-0.6127450980392135,0.1139524085926178,R00_daily_raw_return_rank_control,1
2025-04-03,7638,ＮＥＷ ＡＲＴ ＨＯＬＤＩＮＧＳ,1.0,2.024922118380057,0.10382458893123976,R00_daily_raw_return_rank_control,2
2025-04-04,9685,ＫＹＣＯＭホールディングス,0.0,-8.062015503875974,0.09556919255272597,R00_daily_raw_return_rank_control,1
2025-04-04,2332,クエスト,0.0,-0.8000000000000007,0.09544860404933402,R00_daily_raw_return_rank_control,2
2025-04-07,7036,イーエムネットジャパン,0.0,-8.115942028985511,0.1301182416880528,R00_daily_raw_return_rank_control,1
2025-04-07,9685,ＫＹＣＯＭホールディングス,1.0,2.982107355864816,0.10631555888775712,R00_daily_raw_return_rank_control,2
2025-04-08,1662,石油資源開発,0.0,-0.29880478087649376,0.10013076422939625,R00_daily_raw_return_rank_control,1
2025-04-08,9250,ＧＲＣＳ,1.0,6.661251015434599,0.0974739252021202,R00_daily_raw_return_rank_control,2
2025-04-09,1662,石油資源開発,0.0,-2.7551020408163263,0.09937074885524712,R00_daily_raw_return_rank_control,1
2025-04-09,7317,松屋アールアンドディ,1.0,1.6274864376130127,0.09914633478316077,R00_daily_raw_return_rank_control,2
2025-04-10,2332,クエスト,1.0,0.39777247414478634,0.10872296347393,R00_daily_raw_return_rank_control,1
2025-04-10,9165,クオルテック,0.0,-6.797706797706793,0.10810636218569054,R00_daily_raw_return_rank_control,2
2025-04-11,7043,アルー,1.0,1.9461077844311392,0.11751964002616988,R00_daily_raw_return_rank_control,1
2025-04-11,3991,ウォンテッドリー,1.0,10.946196660482377,0.11363292222648189,R00_daily_raw_return_rank_control,2
2025-04-14,7043,アルー,1.0,2.2222222222222143,0.13985979357896056,R00_daily_raw_return_rank_control,1
2025-04-14,2282,日本ハム,1.0,0.9356725146198785,0.11491851129931767,R00_daily_raw_return_rank_control,2
2025-04-15,3986,ビーブレイクシステムズ,1.0,0.20964360587001352,0.16610600260690997,R00_daily_raw_return_rank_control,1
2025-04-15,7043,アルー,1.0,1.4684287812041008,0.15120297658847534,R00_daily_raw_return_rank_control,2
2025-04-16,3986,ビーブレイクシステムズ,,,0.1550197218813513,R00_daily_raw_return_rank_control,1
2025-04-16,5277,スパンクリートコーポレーション,0.0,-0.22123893805309214,0.1441633884085998,R00_daily_raw_return_rank_control,2
2025-04-17,3986,ビーブレイクシステムズ,0.0,-2.0689655172413834,0.1596551220746391,R00_daily_raw_return_rank_control,1
2025-04-17,7043,アルー,0.0,-0.5772005772005762,0.14896832379959468,R00_daily_raw_return_rank_control,2
2025-04-18,3986,ビーブレイクシステムズ,1.0,1.0563380281690238,0.13977834409606688,R00_daily_raw_return_rank_control,1
2025-04-18,7988,ニフコ,1.0,1.0153756890049381,0.11489783446878422,R00_daily_raw_return_rank_control,2
2025-04-21,7043,アルー,1.0,0.8746355685131268,0.12453111715257299,R00_daily_raw_return_rank_control,1
2025-04-21,3986,ビーブレイクシステムズ,0.0,-1.7796030116358663,0.1229199278380988,R00_daily_raw_return_rank_control,2
2025-04-22,7043,アルー,1.0,1.3157894736842035,0.12472188325003887,R00_daily_raw_return_rank_control,1
2025-04-22,9537,北陸瓦斯,,,0.11749844112711902,R00_daily_raw_return_rank_control,2
2025-04-23,7043,アルー,0.0,-0.575539568345329,0.12666072293264005,R00_daily_raw_return_rank_control,1
2025-04-23,5945,天龍製鋸,0.0,0.0,0.11814407741844017,R00_daily_raw_return_rank_control,2
2025-04-24,7043,アルー,1.0,0.5788712011577379,0.14393402456837256,R00_daily_raw_return_rank_control,1
2025-04-24,9434,ソフトバンク,0.0,-1.4358499305233918,0.12961274240011678,R00_daily_raw_return_rank_control,2
2025-04-25,7043,アルー,1.0,0.1436781609195359,0.1337163294987658,R00_daily_raw_return_rank_control,1
2025-04-25,9434,ソフトバンク,0.0,-0.04699248120302313,0.12682448200124385,R00_daily_raw_return_rank_control,2
2025-04-28,7043,アルー,0.0,-0.43041606886656814,0.11892696080930756,R00_daily_raw_return_rank_control,1
2025-04-28,6734,ニューテック,0.0,-0.37783375314861534,0.11479390376713763,R00_daily_raw_return_rank_control,2
2025-04-30,7043,アルー,1.0,0.14409221902016434,0.13169667552918388,R00_daily_raw_return_rank_control,1
2025-04-30,7255,桜井製作所,0.0,-0.5291005291005346,0.11228729996441501,R00_daily_raw_return_rank_control,2
2025-04-01,7638,ＮＥＷ ＡＲＴ ＨＯＬＤＩＮＧＳ,0.0,-3.028118240807498,0.11479939870125819,R01_prior_beta_market_residual_rank,1
2025-04-01,3434,アルファＣｏ,0.0,-1.4388489208633115,0.10927207662924211,R01_prior_beta_market_residual_rank,2
2025-04-02,7318,セレンディップ・ホールディングス,0.0,-0.9044657998869443,0.12185110809762645,R01_prior_beta_market_residual_rank,1
2025-04-02,7638,ＮＥＷ ＡＲＴ ＨＯＬＤＩＮＧＳ,0.0,-6.765799256505578,0.11422398257602209,R01_prior_beta_market_residual_rank,2
2025-04-03,7638,ＮＥＷ ＡＲＴ ＨＯＬＤＩＮＧＳ,1.0,2.024922118380057,0.11254085647480472,R01_prior_beta_market_residual_rank,1
2025-04-03,5845,全保連,0.0,-0.6127450980392135,0.10849044302158012,R01_prior_beta_market_residual_rank,2
2025-04-04,7270,ＳＵＢＡＲＵ,0.0,-1.7276422764227695,0.09766891093374133,R01_prior_beta_market_residual_rank,1
2025-04-04,8025,ツカモトコーポレーション,1.0,2.8622540250447193,0.09361728564417113,R01_prior_beta_market_residual_rank,2
2025-04-07,7036,イーエムネットジャパン,0.0,-8.115942028985511,0.13011565063150551,R01_prior_beta_market_residual_rank,1
2025-04-07,3224,ゼネラル・オイスター,0.0,-4.122137404580151,0.11297088735105892,R01_prior_beta_market_residual_rank,2
2025-04-08,1662,石油資源開発,0.0,-0.29880478087649376,0.11296439175688175,R01_prior_beta_market_residual_rank,1
2025-04-08,7375,リファインバースグループ,0.0,-4.444444444444439,0.10653113841157563,R01_prior_beta_market_residual_rank,2
2025-04-09,1662,石油資源開発,0.0,-2.7551020408163263,0.09372180575561456,R01_prior_beta_market_residual_rank,1
2025-04-09,7317,松屋アールアンドディ,1.0,1.6274864376130127,0.09282857166589449,R01_prior_beta_market_residual_rank,2
2025-04-10,7266,今仙電機製作所,0.0,-3.8461538461538436,0.1076525003470638,R01_prior_beta_market_residual_rank,1
2025-04-10,9165,クオルテック,0.0,-6.797706797706793,0.10480966316555687,R01_prior_beta_market_residual_rank,2
2025-04-11,7043,アルー,1.0,1.9461077844311392,0.10287564352896766,R01_prior_beta_market_residual_rank,1
2025-04-11,3991,ウォンテッドリー,1.0,10.946196660482377,0.10235195454256511,R01_prior_beta_market_residual_rank,2
2025-04-14,7043,アルー,1.0,2.2222222222222143,0.12366581723368672,R01_prior_beta_market_residual_rank,1
2025-04-14,7988,ニフコ,1.0,0.0903614457831381,0.1106024205873958,R01_prior_beta_market_residual_rank,2
2025-04-15,7043,アルー,1.0,1.4684287812041008,0.12513946615756014,R01_prior_beta_market_residual_rank,1
2025-04-15,3986,ビーブレイクシステムズ,1.0,0.20964360587001352,0.12326002828355953,R01_prior_beta_market_residual_rank,2
2025-04-16,9409,テレビ朝日ホールディングス,1.0,1.1130136986301276,0.11610687898013469,R01_prior_beta_market_residual_rank,1
2025-04-16,5277,スパンクリートコーポレーション,0.0,-0.22123893805309214,0.11248578744552573,R01_prior_beta_market_residual_rank,2
2025-04-17,7043,アルー,0.0,-0.5772005772005762,0.12551117109277365,R01_prior_beta_market_residual_rank,1
2025-04-17,5277,スパンクリートコーポレーション,0.0,0.0,0.11420377935491105,R01_prior_beta_market_residual_rank,2
2025-04-18,7988,ニフコ,1.0,1.0153756890049381,0.1087956314318137,R01_prior_beta_market_residual_rank,1
2025-04-18,3986,ビーブレイクシステムズ,1.0,1.0563380281690238,0.0960779050275072,R01_prior_beta_market_residual_rank,2
2025-04-21,7043,アルー,1.0,0.8746355685131268,0.10191351678269894,R01_prior_beta_market_residual_rank,1
2025-04-21,5945,天龍製鋸,0.0,-2.077638053581188,0.08828652522023381,R01_prior_beta_market_residual_rank,2
2025-04-22,7043,アルー,1.0,1.3157894736842035,0.10148777447927333,R01_prior_beta_market_residual_rank,1
2025-04-22,9537,北陸瓦斯,,,0.09458298180729155,R01_prior_beta_market_residual_rank,2
2025-04-23,7043,アルー,0.0,-0.575539568345329,0.1019707825546967,R01_prior_beta_market_residual_rank,1
2025-04-23,3375,ＺＯＡ,1.0,2.4630541871921263,0.08997097768156397,R01_prior_beta_market_residual_rank,2
2025-04-24,7043,アルー,1.0,0.5788712011577379,0.11781765673887579,R01_prior_beta_market_residual_rank,1
2025-04-24,9434,ソフトバンク,0.0,-1.4358499305233918,0.1018226601769869,R01_prior_beta_market_residual_rank,2
2025-04-25,3387,クリエイト・レストランツ・ホールディングス,0.0,-1.4967925873129007,0.10589232672150314,R01_prior_beta_market_residual_rank,1
2025-04-25,3397,トリドールホールディングス,0.0,-0.5113900511390046,0.10370237461364591,R01_prior_beta_market_residual_rank,2
2025-04-28,6734,ニューテック,0.0,-0.37783375314861534,0.10179089148746867,R01_prior_beta_market_residual_rank,1
2025-04-28,4642,オリジナル設計,0.0,-1.581595974119343,0.0899309825695368,R01_prior_beta_market_residual_rank,2
2025-04-30,3636,三菱総合研究所,0.0,-1.6465422612513714,0.09798860352623749,R01_prior_beta_market_residual_rank,1
2025-04-30,4175,ｃｏｌｙ,1.0,2.8552456839309404,0.09381134464363908,R01_prior_beta_market_residual_rank,2
2025-05-01,7043,アルー,1.0,0.2877697841726645,0.12369666197895432,R00_daily_raw_return_rank_control,1
2025-05-01,5076,インフロニア・ホールディングス,1.0,0.32867707477404196,0.10642958130418925,R00_daily_raw_return_rank_control,2
2025-05-02,7043,アルー,0.0,-0.1436781609195359,0.11070362866477015,R00_daily_raw_return_rank_control,1
2025-05-02,2282,日本ハム,1.0,1.1668827560659345,0.10789802109502936,R00_daily_raw_return_rank_control,2
2025-05-07,7043,アルー,1.0,1.5827338129496438,0.13006513839454178,R00_daily_raw_return_rank_control,1
2025-05-07,6034,ＭＲＴ,1.0,2.6666666666666616,0.11742399601360343,R00_daily_raw_return_rank_control,2
2025-05-08,6034,ＭＲＴ,0.0,-0.14492753623188692,0.11421374686940532,R00_daily_raw_return_rank_control,1
2025-05-08,2908,フジッコ,1.0,0.6815365551424923,0.1123910361991796,R00_daily_raw_return_rank_control,2
2025-05-09,6492,岡野バルブ製造,1.0,3.750000000000009,0.11611022997044479,R00_daily_raw_return_rank_control,1
2025-05-09,7043,アルー,1.0,2.384291725105192,0.11484807086518853,R00_daily_raw_return_rank_control,2
2025-05-12,7345,アイ・パートナーズフィナンシャル,1.0,1.6042780748663166,0.13120308922762178,R00_daily_raw_return_rank_control,1
2025-05-12,8699,ＨＳホールディングス,1.0,0.5268703898840821,0.11228777648695505,R00_daily_raw_return_rank_control,2
2025-05-13,7345,アイ・パートナーズフィナンシャル,0.0,-1.0714285714285676,0.1275835349815848,R00_daily_raw_return_rank_control,1
2025-05-13,2282,日本ハム,0.0,-0.43330821401658115,0.12567322294841873,R00_daily_raw_return_rank_control,2
2025-05-14,7345,アイ・パートナーズフィナンシャル,1.0,3.392857142857153,0.14137493148509944,R00_daily_raw_return_rank_control,1
2025-05-14,1898,世紀東急⼯業,0.0,-1.261387526278912,0.12641519967694548,R00_daily_raw_return_rank_control,2
2025-05-15,3353,メディカル一光グループ,1.0,0.2565198802907176,0.11939523295541395,R00_daily_raw_return_rank_control,1
2025-05-15,4069,ＢｌｕｅＭｅｍｅ,1.0,2.57548845470692,0.11466103071368666,R00_daily_raw_return_rank_control,2
2025-05-16,7345,アイ・パートナーズフィナンシャル,1.0,0.8928571428571397,0.13216859362531833,R00_daily_raw_return_rank_control,1
2025-05-16,3513,イチカワ,1.0,0.1818181818181719,0.11779440769502074,R00_daily_raw_return_rank_control,2
2025-05-19,6034,ＭＲＴ,0.0,-1.3274336283185861,0.11776286727511825,R00_daily_raw_return_rank_control,1
2025-05-19,7815,東京ボード⼯業,1.0,1.5254237288135686,0.10874525914451538,R00_daily_raw_return_rank_control,2
2025-05-20,7345,アイ・パートナーズフィナンシャル,1.0,0.727272727272732,0.11788063673631403,R00_daily_raw_return_rank_control,1
2025-05-20,9416,ビジョン,0.0,-0.08643042350907626,0.11207993470971725,R00_daily_raw_return_rank_control,2
2025-05-21,6346,キクカワエンタープライズ,1.0,0.8944543828264706,0.10589873760899488,R00_daily_raw_return_rank_control,1
2025-05-21,6670,ＭＣＪ,0.0,-1.5128593040847238,0.10493482414919372,R00_daily_raw_return_rank_control,2
2025-05-22,7345,アイ・パートナーズフィナンシャル,1.0,1.6666666666666607,0.11020250872682974,R00_daily_raw_return_rank_control,1
2025-05-22,6670,ＭＣＪ,0.0,-0.5426356589147252,0.10798642562708359,R00_daily_raw_return_rank_control,2
2025-05-23,7345,アイ・パートナーズフィナンシャル,1.0,1.4842300556586308,0.11587208037643767,R00_daily_raw_return_rank_control,1
2025-05-23,9142,九州旅客鉄道,0.0,-0.18087855297157507,0.09212555416540655,R00_daily_raw_return_rank_control,2
2025-05-26,7345,アイ・パートナーズフィナンシャル,1.0,0.3656307129798808,0.12711522757039329,R00_daily_raw_return_rank_control,1
2025-05-26,4437,ｇｏｏｄｄａｙｓホールディングス,1.0,0.2989536621823552,0.10529355776419816,R00_daily_raw_return_rank_control,2
2025-05-27,7345,アイ・パートナーズフィナンシャル,1.0,5.185185185185182,0.11255015839284728,R00_daily_raw_return_rank_control,1
2025-05-27,5945,天龍製鋸,1.0,0.10804970286331095,0.1116970263105014,R00_daily_raw_return_rank_control,2
2025-05-28,5945,天龍製鋸,1.0,0.37776578521315773,0.12473428029388049,R00_daily_raw_return_rank_control,1
2025-05-28,7255,桜井製作所,0.0,-0.7220216606498187,0.09867141370499352,R00_daily_raw_return_rank_control,2
2025-05-29,7345,アイ・パートナーズフィナンシャル,1.0,1.4814814814814836,0.14234178104834175,R00_daily_raw_return_rank_control,1
2025-05-29,5945,天龍製鋸,0.0,-0.32171581769436797,0.1252651479793904,R00_daily_raw_return_rank_control,2
2025-05-30,5945,天龍製鋸,1.0,0.2702702702702675,0.12981337865857304,R00_daily_raw_return_rank_control,1
2025-05-30,9265,ヤマシタヘルスケアホールディングス,1.0,0.34749034749035346,0.11158167452424517,R00_daily_raw_return_rank_control,2
2025-05-01,2801,キッコーマン,0.0,-1.3399153737658653,0.09967073511910464,R01_prior_beta_market_residual_rank,1
2025-05-01,2282,日本ハム,1.0,0.5931417979610831,0.09246799048873136,R01_prior_beta_market_residual_rank,2
2025-05-02,4394,エクスモーション,1.0,1.7857142857142794,0.10189894970122314,R01_prior_beta_market_residual_rank,1
2025-05-02,3034,クオールホールディングス,0.0,-0.49841413683733293,0.10158848383189653,R01_prior_beta_market_residual_rank,2
2025-05-07,2579,コカ・コーラ ボトラーズジャパンホールディングス,1.0,3.6039768019884066,0.10619756471862064,R01_prior_beta_market_residual_rank,1
2025-05-07,8566,リコーリース,0.0,-0.9505703422053258,0.09506694933741416,R01_prior_beta_market_residual_rank,2
2025-05-08,7375,リファインバースグループ,0.0,0.0,0.10647586620829531,R01_prior_beta_market_residual_rank,1
2025-05-08,2908,フジッコ,1.0,0.6815365551424923,0.09986630189115402,R01_prior_beta_market_residual_rank,2
2025-05-09,2579,コカ・コーラ ボトラーズジャパンホールディングス,0.0,-0.05976095617530319,0.1150135377403659,R01_prior_beta_market_residual_rank,1
2025-05-09,6492,岡野バルブ製造,1.0,3.750000000000009,0.11108201640753779,R01_prior_beta_market_residual_rank,2
2025-05-12,7345,アイ・パートナーズフィナンシャル,1.0,1.6042780748663166,0.12127178005664209,R01_prior_beta_market_residual_rank,1
2025-05-12,2579,コカ・コーラ ボトラーズジャパンホールディングス,0.0,-1.0600000000000054,0.10939643684808403,R01_prior_beta_market_residual_rank,2
2025-05-13,2282,日本ハム,0.0,-0.43330821401658115,0.11542933651704779,R01_prior_beta_market_residual_rank,1
2025-05-13,2579,コカ・コーラ ボトラーズジャパンホールディングス,0.0,-0.5021088572002452,0.11295351726849226,R01_prior_beta_market_residual_rank,2
2025-05-14,7345,アイ・パートナーズフィナンシャル,1.0,3.392857142857153,0.12954643480898265,R01_prior_beta_market_residual_rank,1
2025-05-14,9090,ＡＺ−ＣＯＭ丸和ホールディングス,0.0,-3.3582089552238847,0.12288807896623721,R01_prior_beta_market_residual_rank,2
2025-05-15,4069,ＢｌｕｅＭｅｍｅ,1.0,2.57548845470692,0.13456377708249828,R01_prior_beta_market_residual_rank,1
2025-05-15,7815,東京ボード⼯業,1.0,5.000000000000004,0.11000022446133167,R01_prior_beta_market_residual_rank,2
2025-05-16,9341,ＧＥＮＯＶＡ,0.0,-3.6363636363636376,0.13594583252448117,R01_prior_beta_market_residual_rank,1
2025-05-16,3513,イチカワ,1.0,0.1818181818181719,0.11403284376804584,R01_prior_beta_market_residual_rank,2
2025-05-19,4425,Ｋｕｄａｎ,1.0,11.03835360149672,0.13061781961928715,R01_prior_beta_market_residual_rank,1
2025-05-19,7815,東京ボード⼯業,1.0,1.5254237288135686,0.12457473997903362,R01_prior_beta_market_residual_rank,2
2025-05-20,6670,ＭＣＪ,1.0,0.6854531607006775,0.10652917238660761,R01_prior_beta_market_residual_rank,1
2025-05-20,7345,アイ・パートナーズフィナンシャル,1.0,0.727272727272732,0.10466917692829185,R01_prior_beta_market_residual_rank,2
2025-05-21,7815,東京ボード⼯業,0.0,-3.378378378378377,0.10655105760192568,R01_prior_beta_market_residual_rank,1
2025-05-21,6670,ＭＣＪ,0.0,-1.5128593040847238,0.10425687713469517,R01_prior_beta_market_residual_rank,2
2025-05-22,6670,ＭＣＪ,0.0,-0.5426356589147252,0.1080094327260035,R01_prior_beta_market_residual_rank,1
2025-05-22,7815,東京ボード⼯業,0.0,-4.720279720279718,0.09782982228926487,R01_prior_beta_market_residual_rank,2
2025-05-23,7345,アイ・パートナーズフィナンシャル,1.0,1.4842300556586308,0.10529506207560801,R01_prior_beta_market_residual_rank,1
2025-05-23,6055,ジャパンマテリアル,0.0,-0.34940600978337066,0.0875033523179847,R01_prior_beta_market_residual_rank,2
2025-05-26,7345,アイ・パートナーズフィナンシャル,1.0,0.3656307129798808,0.11903659823975264,R01_prior_beta_market_residual_rank,1
2025-05-26,7036,イーエムネットジャパン,1.0,1.5258215962441257,0.09366600162545492,R01_prior_beta_market_residual_rank,2
2025-05-27,7345,アイ・パートナーズフィナンシャル,1.0,5.185185185185182,0.1015372224401347,R01_prior_beta_market_residual_rank,1
2025-05-27,192A,インテグループ,1.0,0.7503126302626173,0.09005097525506787,R01_prior_beta_market_residual_rank,2
2025-05-28,5945,天龍製鋸,1.0,0.37776578521315773,0.10001148379580237,R01_prior_beta_market_residual_rank,1
2025-05-28,7255,桜井製作所,0.0,-0.7220216606498187,0.08524097049251814,R01_prior_beta_market_residual_rank,2
2025-05-29,7345,アイ・パートナーズフィナンシャル,1.0,1.4814814814814836,0.13915000851197593,R01_prior_beta_market_residual_rank,1
2025-05-29,5945,天龍製鋸,0.0,-0.32171581769436797,0.09878571550705316,R01_prior_beta_market_residual_rank,2
2025-05-30,5945,天龍製鋸,1.0,0.2702702702702675,0.10186875820618488,R01_prior_beta_market_residual_rank,1
2025-05-30,9265,ヤマシタヘルスケアホールディングス,1.0,0.34749034749035346,0.10077481465554337,R01_prior_beta_market_residual_rank,2
2025-06-02,5945,天龍製鋸,0.0,-0.48179871520342976,0.11691575854404883,R00_daily_raw_return_rank_control,1
2025-06-02,9265,ヤマシタヘルスケアホールディングス,1.0,1.1769321302471658,0.10203086962936819,R00_daily_raw_return_rank_control,2
2025-06-03,3271,ＴＨＥグローバル社,0.0,-0.6295907660020972,0.10619749953720936,R00_daily_raw_return_rank_control,1
2025-06-03,6570,共和コーポレーション,1.0,0.7172131147541005,0.1014472172209521,R00_daily_raw_return_rank_control,2
2025-06-04,6346,キクカワエンタープライズ,1.0,1.0869565217391353,0.1108191198913729,R00_daily_raw_return_rank_control,1
2025-06-04,9265,ヤマシタヘルスケアホールディングス,0.0,-0.11787819253438192,0.09831943284009027,R00_daily_raw_return_rank_control,2
2025-06-05,6346,キクカワエンタープライズ,,,0.10646682616509778,R00_daily_raw_return_rank_control,1
2025-06-05,9142,九州旅客鉄道,1.0,0.42350449973531656,0.10523558650853268,R00_daily_raw_return_rank_control,2
2025-06-06,3948,光ビジネスフォーム,1.0,1.6999999999999904,0.11503760315351577,R00_daily_raw_return_rank_control,1
2025-06-06,3097,物語コーポレーション,1.0,2.7259684361549574,0.09793482358475376,R00_daily_raw_return_rank_control,2
2025-06-09,3271,ＴＨＥグローバル社,0.0,0.0,0.09623405218731652,R00_daily_raw_return_rank_control,1
2025-06-09,9142,九州旅客鉄道,0.0,-1.2057667103538616,0.09364801163481001,R00_daily_raw_return_rank_control,2
2025-06-10,9142,九州旅客鉄道,0.0,-0.42440318302386926,0.092782010817714,R00_daily_raw_return_rank_control,1
2025-06-10,1882,東亜道路⼯業,0.0,-0.2666666666666706,0.09132131062381386,R00_daily_raw_return_rank_control,2
2025-06-11,175A,Ｗｉｌｌ Ｓｍａｒｔ,1.0,2.1437578814627933,0.09783397008862878,R00_daily_raw_return_rank_control,1
2025-06-11,6570,共和コーポレーション,1.0,0.5117707267144223,0.0962471164717574,R00_daily_raw_return_rank_control,2
2025-06-12,6158,和井⽥製作所,0.0,-0.3386004514672636,0.10020779408062946,R00_daily_raw_return_rank_control,1
2025-06-12,7255,桜井製作所,1.0,1.5706806282722585,0.1000382620555509,R00_daily_raw_return_rank_control,2
2025-06-13,1866,北野建設,1.0,2.9484029484029506,0.10521538471714187,R00_daily_raw_return_rank_control,1
2025-06-13,7345,アイ・パートナーズフィナンシャル,0.0,-0.8960573476702538,0.10289459627536322,R00_daily_raw_return_rank_control,2
2025-06-16,7345,アイ・パートナーズフィナンシャル,1.0,2.177858439201441,0.1298476635983962,R00_daily_raw_return_rank_control,1
2025-06-16,3441,山王,1.0,2.4801587301587213,0.09940501775917882,R00_daily_raw_return_rank_control,2
2025-06-17,7255,桜井製作所,1.0,1.7513134851138368,0.11936656896837555,R00_daily_raw_return_rank_control,1
2025-06-17,3843,フリービット,1.0,0.3518648838845895,0.11685110500949958,R00_daily_raw_return_rank_control,2
2025-06-18,7255,桜井製作所,1.0,0.17241379310344307,0.10762413346829348,R00_daily_raw_return_rank_control,1
2025-06-18,7058,共栄セキュリティーサービス,1.0,3.462321792260692,0.10571520243481826,R00_daily_raw_return_rank_control,2
2025-06-19,9767,日建⼯学,1.0,1.6702977487291104,0.1192689635203537,R00_daily_raw_return_rank_control,1
2025-06-19,6648,かわでん,1.0,0.5701254275940704,0.10746079290676729,R00_daily_raw_return_rank_control,2
2025-06-20,3843,フリービット,0.0,-1.480959097320167,0.1009672394465731,R00_daily_raw_return_rank_control,1
2025-06-20,7255,桜井製作所,1.0,0.8635578583765069,0.09723024480265524,R00_daily_raw_return_rank_control,2
2025-06-23,6648,かわでん,1.0,0.11428571428571122,0.10886797178587614,R00_daily_raw_return_rank_control,1
2025-06-23,9691,両毛システムズ,1.0,2.1021021021021102,0.10542850658070828,R00_daily_raw_return_rank_control,2
2025-06-24,2327,日鉄ソリューションズ,0.0,-0.42918454935622075,0.10152568901680727,R00_daily_raw_return_rank_control,1
2025-06-24,7043,アルー,1.0,0.5221932114882533,0.09797173104921678,R00_daily_raw_return_rank_control,2
2025-06-25,4437,ｇｏｏｄｄａｙｓホールディングス,0.0,-0.295857988165682,0.11598195377524964,R00_daily_raw_return_rank_control,1
2025-06-25,9869,加藤産業,1.0,1.1152416356877248,0.10425066705673758,R00_daily_raw_return_rank_control,2
2025-06-26,4437,ｇｏｏｄｄａｙｓホールディングス,1.0,1.5037593984962516,0.099421146224828,R00_daily_raw_return_rank_control,1
2025-06-26,9364,上組,1.0,0.28032619775739676,0.09586890874859064,R00_daily_raw_return_rank_control,2
2025-06-27,4437,ｇｏｏｄｄａｙｓホールディングス,1.0,0.14792899408284654,0.09965474077014894,R00_daily_raw_return_rank_control,1
2025-06-27,6648,かわでん,0.0,-1.851851851851849,0.0988482304283064,R00_daily_raw_return_rank_control,2
2025-06-30,7043,アルー,1.0,0.9150326797385588,0.1200548068208546,R00_daily_raw_return_rank_control,1
2025-06-30,4437,ｇｏｏｄｄａｙｓホールディングス,1.0,1.4925373134328401,0.11960072385694831,R00_daily_raw_return_rank_control,2
2025-06-02,4249,森六,1.0,0.03891050583657574,0.09605401187325403,R01_prior_beta_market_residual_rank,1
2025-06-02,7345,アイ・パートナーズフィナンシャル,1.0,0.18348623853210455,0.09390485076554585,R01_prior_beta_market_residual_rank,2
2025-06-03,3271,ＴＨＥグローバル社,0.0,-0.6295907660020972,0.1087496977672942,R01_prior_beta_market_residual_rank,1
2025-06-03,4627,ナトコ,0.0,-1.9466474405191114,0.09288954515424046,R01_prior_beta_market_residual_rank,2
2025-06-04,6346,キクカワエンタープライズ,1.0,1.0869565217391353,0.10653933042797001,R01_prior_beta_market_residual_rank,1
2025-06-04,6058,ベクトル,1.0,0.1098901098901095,0.09297825518400918,R01_prior_beta_market_residual_rank,2
2025-06-05,6346,キクカワエンタープライズ,,,0.10008466976328494,R01_prior_beta_market_residual_rank,1
2025-06-05,9142,九州旅客鉄道,1.0,0.42350449973531656,0.0965796603357077,R01_prior_beta_market_residual_rank,2
2025-06-06,3097,物語コーポレーション,1.0,2.7259684361549574,0.09695999946819217,R01_prior_beta_market_residual_rank,1
2025-06-06,3271,ＴＨＥグローバル社,1.0,2.0408163265306145,0.094259717355186,R01_prior_beta_market_residual_rank,2
2025-06-09,6249,ゲームカード・ジョイコホールディングス,0.0,-0.3001715265866234,0.10613367400028229,R01_prior_beta_market_residual_rank,1
2025-06-09,3271,ＴＨＥグローバル社,0.0,0.0,0.09676939492304848,R01_prior_beta_market_residual_rank,2
2025-06-10,3529,アツギ,1.0,0.9874326750448859,0.09042882605694912,R01_prior_beta_market_residual_rank,1
2025-06-10,3271,ＴＨＥグローバル社,1.0,0.2134471718249653,0.0877176798869627,R01_prior_beta_market_residual_rank,2
2025-06-11,7734,理研計器,1.0,1.9539427773900941,0.09356483630194865,R01_prior_beta_market_residual_rank,1
2025-06-11,5715,古河機械金属,1.0,0.9610983981693355,0.09334442298222426,R01_prior_beta_market_residual_rank,2
2025-06-12,4231,タイガースポリマー,0.0,-0.248447204968949,0.09804251542246933,R01_prior_beta_market_residual_rank,1
2025-06-12,6763,帝国通信⼯業,1.0,0.5898366606170491,0.09087573415112081,R01_prior_beta_market_residual_rank,2
2025-06-13,1866,北野建設,1.0,2.9484029484029506,0.10249932835354611,R01_prior_beta_market_residual_rank,1
2025-06-13,7345,アイ・パートナーズフィナンシャル,0.0,-0.8960573476702538,0.08805512982203015,R01_prior_beta_market_residual_rank,2
2025-06-16,7345,アイ・パートナーズフィナンシャル,1.0,2.177858439201441,0.11007108468480728,R01_prior_beta_market_residual_rank,1
2025-06-16,3441,山王,1.0,2.4801587301587213,0.10950076239196946,R01_prior_beta_market_residual_rank,2
2025-06-17,3843,フリービット,1.0,0.3518648838845895,0.13675968977123698,R01_prior_beta_market_residual_rank,1
2025-06-17,7255,桜井製作所,1.0,1.7513134851138368,0.10437890622577227,R01_prior_beta_market_residual_rank,2
2025-06-18,3843,フリービット,1.0,0.3506311360448766,0.10461087842823862,R01_prior_beta_market_residual_rank,1
2025-06-18,4446,Ｌｉｎｋ−Ｕグループ,0.0,-2.5862068965517238,0.09889154118087624,R01_prior_beta_market_residual_rank,2
2025-06-19,3843,フリービット,0.0,-0.6271777003484358,0.11031442611151428,R01_prior_beta_market_residual_rank,1
2025-06-19,4446,Ｌｉｎｋ−Ｕグループ,0.0,-0.5763688760806907,0.10811412522725576,R01_prior_beta_market_residual_rank,2
2025-06-20,3843,フリービット,0.0,-1.480959097320167,0.1074103719278118,R01_prior_beta_market_residual_rank,1
2025-06-20,4446,Ｌｉｎｋ−Ｕグループ,1.0,0.5797101449275255,0.08918351923097932,R01_prior_beta_market_residual_rank,2
2025-06-23,3843,フリービット,0.0,-0.43352601156069204,0.10533036185663744,R01_prior_beta_market_residual_rank,1
2025-06-23,6648,かわでん,1.0,0.11428571428571122,0.10035821651968005,R01_prior_beta_market_residual_rank,2
2025-06-24,2327,日鉄ソリューションズ,0.0,-0.42918454935622075,0.101945041571967,R01_prior_beta_market_residual_rank,1
2025-06-24,4914,高砂香料⼯業,0.0,-1.2802275960170695,0.09270835701036255,R01_prior_beta_market_residual_rank,2
2025-06-25,4437,ｇｏｏｄｄａｙｓホールディングス,0.0,-0.295857988165682,0.10444836169759995,R01_prior_beta_market_residual_rank,1
2025-06-25,9869,加藤産業,1.0,1.1152416356877248,0.09718428373690262,R01_prior_beta_market_residual_rank,2
2025-06-26,8132,シナネンホールディングス,1.0,1.967213114754096,0.09971573024811559,R01_prior_beta_market_residual_rank,1
2025-06-26,3843,フリービット,0.0,0.0,0.09200727648367388,R01_prior_beta_market_residual_rank,2
2025-06-27,6648,かわでん,0.0,-1.851851851851849,0.09415133723016206,R01_prior_beta_market_residual_rank,1
2025-06-27,3843,フリービット,0.0,-0.42918454935622075,0.08864834104622207,R01_prior_beta_market_residual_rank,2
2025-06-30,9331,キャスター,1.0,3.3333333333333437,0.10816703418104734,R01_prior_beta_market_residual_rank,1
2025-06-30,4335,アイ・ピー・エス,0.0,-0.8190008190008147,0.10737745793891901,R01_prior_beta_market_residual_rank,2
2025-07-01,4437,ｇｏｏｄｄａｙｓホールディングス,0.0,-0.7299270072992692,0.10883340846052357,R00_daily_raw_return_rank_control,1
2025-07-01,9361,伏木海陸運送,0.0,-0.3056234718826434,0.10689119026793788,R00_daily_raw_return_rank_control,2
2025-07-02,9361,伏木海陸運送,0.0,-0.5518087063151489,0.09895021021318999,R00_daily_raw_return_rank_control,1
2025-07-02,7043,アルー,,,0.09883517462696785,R00_daily_raw_return_rank_control,2
2025-07-03,7043,アルー,1.0,0.5221932114882533,0.13053382861657448,R00_daily_raw_return_rank_control,1
2025-07-03,4391,ロジザード,0.0,0.0,0.09254356803240987,R00_daily_raw_return_rank_control,2
2025-07-04,7043,アルー,1.0,0.26041666666667407,0.1052277801363726,R00_daily_raw_return_rank_control,1
2025-07-04,4391,ロジザード,0.0,-1.56378600823045,0.08715717804793031,R00_daily_raw_return_rank_control,2
2025-07-07,7043,アルー,1.0,0.26041666666667407,0.1074677042673216,R00_daily_raw_return_rank_control,1
2025-07-07,2798,ワイズテーブルコーポレーション,0.0,-0.8681135225375614,0.09992667151962065,R00_daily_raw_return_rank_control,2
2025-07-08,7043,アルー,1.0,0.39215686274509665,0.11007582069183558,R00_daily_raw_return_rank_control,1
2025-07-08,2798,ワイズテーブルコーポレーション,0.0,-0.03370407819346388,0.09509491101616735,R00_daily_raw_return_rank_control,2
2025-07-09,7043,アルー,1.0,0.78125,0.13547674800352422,R00_daily_raw_return_rank_control,1
2025-07-09,9364,上組,1.0,1.3131813676907855,0.10102837805545485,R00_daily_raw_return_rank_control,2
2025-07-10,4437,ｇｏｏｄｄａｙｓホールディングス,1.0,0.4411764705882337,0.11888944996558236,R00_daily_raw_return_rank_control,1
2025-07-10,7043,アルー,1.0,0.3896103896103842,0.11873466235104696,R00_daily_raw_return_rank_control,2
2025-07-11,4437,ｇｏｏｄｄａｙｓホールディングス,1.0,0.2928257686676483,0.11960021413766053,R00_daily_raw_return_rank_control,1
2025-07-11,7043,アルー,1.0,0.6518904823989535,0.10909145852389585,R00_daily_raw_return_rank_control,2
2025-07-14,4437,ｇｏｏｄｄａｙｓホールディングス,0.0,-0.7246376811594235,0.12257009860342717,R00_daily_raw_return_rank_control,1
2025-07-14,7043,アルー,0.0,-0.13003901170350884,0.11798872520467495,R00_daily_raw_return_rank_control,2
2025-07-15,7043,アルー,0.0,0.0,0.12468812280839657,R00_daily_raw_return_rank_control,1
2025-07-15,4976,東洋ドライルーブ,0.0,-0.37359900373599153,0.1065254726689264,R00_daily_raw_return_rank_control,2
2025-07-16,7043,アルー,1.0,0.6493506493506551,0.11036373776346547,R00_daily_raw_return_rank_control,1
2025-07-16,4437,ｇｏｏｄｄａｙｓホールディングス,1.0,2.499999999999991,0.09367919482491964,R00_daily_raw_return_rank_control,2
2025-07-17,7043,アルー,1.0,0.2600780234070177,0.10959331715376189,R00_daily_raw_return_rank_control,1
2025-07-17,6558,クックビズ,0.0,0.0,0.09611865954659542,R00_daily_raw_return_rank_control,2
2025-07-18,7043,アルー,1.0,0.1290322580645098,0.1269938085885845,R00_daily_raw_return_rank_control,1
2025-07-18,7808,シー・エス・ランバー,1.0,0.33444816053511683,0.0994908162155046,R00_daily_raw_return_rank_control,2
2025-07-22,7043,アルー,1.0,2.05920205920207,0.11602571714089231,R00_daily_raw_return_rank_control,1
2025-07-22,8584,ジャックス,1.0,0.49200492004919383,0.08403812883412483,R00_daily_raw_return_rank_control,2
2025-07-23,7808,シー・エス・ランバー,1.0,0.4366812227074135,0.09095500444216977,R00_daily_raw_return_rank_control,1
2025-07-23,5446,北越メタル,1.0,1.0569105691056846,0.08428111253360643,R00_daily_raw_return_rank_control,2
2025-07-24,7808,シー・エス・ランバー,1.0,1.655629139072845,0.11184640858052534,R00_daily_raw_return_rank_control,1
2025-07-24,7634,星医療酸器,0.0,0.0,0.10714464237619116,R00_daily_raw_return_rank_control,2
2025-07-25,7634,星医療酸器,1.0,0.439560439560438,0.11822592911120666,R00_daily_raw_return_rank_control,1
2025-07-25,9259,タカヨシホールディングス,0.0,0.0,0.11531432388965128,R00_daily_raw_return_rank_control,2
2025-07-28,7634,星医療酸器,0.0,0.0,0.1172628688319174,R00_daily_raw_return_rank_control,1
2025-07-28,9259,タカヨシホールディングス,0.0,-0.14265335235378318,0.11617028647349305,R00_daily_raw_return_rank_control,2
2025-07-29,9259,タカヨシホールディングス,0.0,0.0,0.1156952776159048,R00_daily_raw_return_rank_control,1
2025-07-29,7043,アルー,0.0,-0.37641154328732496,0.1129306412372732,R00_daily_raw_return_rank_control,2
2025-07-30,7043,アルー,1.0,2.130325814536338,0.11428122606606114,R00_daily_raw_return_rank_control,1
2025-07-30,9254,ラバブルマーケティンググループ,0.0,0.0,0.10431302741818835,R00_daily_raw_return_rank_control,2
2025-07-31,9259,タカヨシホールディングス,1.0,0.14265335235377208,0.11013021613578869,R00_daily_raw_return_rank_control,1
2025-07-31,9254,ラバブルマーケティンググループ,1.0,1.717967072297788,0.10794555080460763,R00_daily_raw_return_rank_control,2
2025-07-01,4069,ＢｌｕｅＭｅｍｅ,1.0,2.2950819672131084,0.10465381950393705,R01_prior_beta_market_residual_rank,1
2025-07-01,4391,ロジザード,1.0,1.0526315789473717,0.10388173290936745,R01_prior_beta_market_residual_rank,2
2025-07-02,7058,共栄セキュリティーサービス,1.0,1.0309278350515427,0.09450651346018135,R01_prior_beta_market_residual_rank,1
2025-07-02,4335,ＩＰＳホールディングス,0.0,-1.5138772077375906,0.09252402313652791,R01_prior_beta_market_residual_rank,2
2025-07-03,7043,アルー,1.0,0.5221932114882533,0.0953929314887664,R01_prior_beta_market_residual_rank,1
2025-07-03,4391,ロジザード,0.0,0.0,0.09496223823646469,R01_prior_beta_market_residual_rank,2
2025-07-04,4391,ロジザード,0.0,-1.56378600823045,0.08637950859529471,R01_prior_beta_market_residual_rank,1
2025-07-04,4069,ＢｌｕｅＭｅｍｅ,1.0,3.3171521035598728,0.08358956005957359,R01_prior_beta_market_residual_rank,2
2025-07-07,4391,ロジザード,0.0,-0.8382229673092989,0.08628087397228652,R01_prior_beta_market_residual_rank,1
2025-07-07,2798,ワイズテーブルコーポレーション,0.0,-0.8681135225375614,0.08088398173319404,R01_prior_beta_market_residual_rank,2
2025-07-08,2678,アスクル,0.0,-0.14316392269148048,0.09840086666995382,R01_prior_beta_market_residual_rank,1
2025-07-08,7679,薬王堂ホールディングス,1.0,2.25390984360625,0.09310181744984108,R01_prior_beta_market_residual_rank,2
2025-07-09,7043,アルー,1.0,0.78125,0.10788190631176352,R01_prior_beta_market_residual_rank,1
2025-07-09,9364,上組,1.0,1.3131813676907855,0.08245176625356515,R01_prior_beta_market_residual_rank,2
2025-07-10,4437,ｇｏｏｄｄａｙｓホールディングス,1.0,0.4411764705882337,0.10257741452914053,R01_prior_beta_market_residual_rank,1
2025-07-10,7043,アルー,1.0,0.3896103896103842,0.09984277439412856,R01_prior_beta_market_residual_rank,2
2025-07-11,4437,ｇｏｏｄｄａｙｓホールディングス,1.0,0.2928257686676483,0.09868304564428793,R01_prior_beta_market_residual_rank,1
2025-07-11,7043,アルー,1.0,0.6518904823989535,0.09157712299739511,R01_prior_beta_market_residual_rank,2
2025-07-14,7043,アルー,0.0,-0.13003901170350884,0.10054534845138377,R01_prior_beta_market_residual_rank,1
2025-07-14,4437,ｇｏｏｄｄａｙｓホールディングス,0.0,-0.7246376811594235,0.09923827381625366,R01_prior_beta_market_residual_rank,2
2025-07-15,7043,アルー,0.0,0.0,0.10877446409120589,R01_prior_beta_market_residual_rank,1
2025-07-15,189A,Ｄ＆Ｍカンパニー,0.0,-3.562945368171022,0.09241948008977371,R01_prior_beta_market_residual_rank,2
2025-07-16,7599,ＩＤＯＭ,0.0,-0.10010010010009784,0.11658053198925221,R01_prior_beta_market_residual_rank,1
2025-07-16,2735,ワッツ,0.0,-0.721500721500723,0.09304595987408774,R01_prior_beta_market_residual_rank,2
2025-07-17,6558,クックビズ,0.0,0.0,0.10502226634189113,R01_prior_beta_market_residual_rank,1
2025-07-17,4016,ＭＩＴホールディングス,1.0,0.363196125907983,0.09569343613247155,R01_prior_beta_market_residual_rank,2
2025-07-18,7043,アルー,1.0,0.1290322580645098,0.11082409067084213,R01_prior_beta_market_residual_rank,1
2025-07-18,7808,シー・エス・ランバー,1.0,0.33444816053511683,0.09490582544405776,R01_prior_beta_market_residual_rank,2
2025-07-22,7043,アルー,1.0,2.05920205920207,0.09521386257189364,R01_prior_beta_market_residual_rank,1
2025-07-22,4016,ＭＩＴホールディングス,0.0,-0.24630541871921707,0.08980310853411642,R01_prior_beta_market_residual_rank,2
2025-07-23,7808,シー・エス・ランバー,1.0,0.4366812227074135,0.08627694237010429,R01_prior_beta_market_residual_rank,1
2025-07-23,4875,メディシノバ・インク,1.0,0.5494505494505475,0.08233162095111758,R01_prior_beta_market_residual_rank,2
2025-07-24,3271,ＴＨＥグローバル社,1.0,1.1607142857142927,0.11734756789005571,R01_prior_beta_market_residual_rank,1
2025-07-24,7808,シー・エス・ランバー,1.0,1.655629139072845,0.1049618599179958,R01_prior_beta_market_residual_rank,2
2025-07-25,7634,星医療酸器,1.0,0.439560439560438,0.10026918119198874,R01_prior_beta_market_residual_rank,1
2025-07-25,9259,タカヨシホールディングス,0.0,0.0,0.09949809868208127,R01_prior_beta_market_residual_rank,2
2025-07-28,2331,ＡＬＳＯＫ,0.0,-0.4267425320056861,0.10132883415788325,R01_prior_beta_market_residual_rank,1
2025-07-28,9259,タカヨシホールディングス,0.0,-0.14265335235378318,0.0985026477018521,R01_prior_beta_market_residual_rank,2
2025-07-29,7808,シー・エス・ランバー,1.0,0.5679919812896728,0.10520592532946524,R01_prior_beta_market_residual_rank,1
2025-07-29,4387,ＺＵＵ,0.0,-0.2732240437158473,0.10150627272398068,R01_prior_beta_market_residual_rank,2
2025-07-30,7043,アルー,1.0,2.130325814536338,0.09393143731641261,R01_prior_beta_market_residual_rank,1
2025-07-30,9254,ラバブルマーケティンググループ,0.0,0.0,0.08927780990318682,R01_prior_beta_market_residual_rank,2
2025-07-31,3931,バリューゴルフ,1.0,0.34149117814457064,0.11194260931343031,R01_prior_beta_market_residual_rank,1
2025-07-31,6349,小森コーポレーション,1.0,2.319044272663384,0.10842094479008905,R01_prior_beta_market_residual_rank,2
