date,model_rank,code,name,model_score,oc_return_pct,candidate_id,fold_period,top_k,executed
2024-06-03,1,3800,ユニリタ,0.1091749400069424,1.0116337885685445,L4_price_control,2024-06,1,True
2024-06-04,1,5803,フジクラ,0.12292929171973203,-1.6260162601625994,L4_price_control,2024-06,1,True
2024-06-05,1,3800,ユニリタ,0.12419112305728273,0.4026170105686955,L4_price_control,2024-06,1,True
2024-06-06,1,8708,アイザワ証券グループ,0.12671337696637255,0.9037745879851178,L4_price_control,2024-06,1,True
2024-06-07,1,3800,ユニリタ,0.1296352381237166,1.5259409969481164,L4_price_control,2024-06,1,True
2024-06-10,1,7167,めぶきフィナンシャルグループ,0.11384887997294392,1.2520868113522488,L4_price_control,2024-06,1,True
2024-06-11,1,6151,日東⼯器,0.1230864718431249,0.7562277580071219,L4_price_control,2024-06,1,True
2024-06-12,1,6151,日東⼯器,0.13085281171405622,0.4880212954747165,L4_price_control,2024-06,1,True
2024-06-13,1,6151,日東⼯器,0.1342283225041329,1.2894619831036014,L4_price_control,2024-06,1,True
2024-06-14,1,8139,ナガホリ,0.1353191144933019,-0.14064697609000865,L4_price_control,2024-06,1,True
2024-06-18,1,8242,エイチ・ツー・オー リテイリング,0.11144286707696865,-0.21758050478677404,L4_price_control,2024-06,1,True
2024-06-19,1,8139,ナガホリ,0.12296189541388292,1.5850144092218965,L4_price_control,2024-06,1,True
2024-06-20,1,7043,アルー,0.12194037649909317,1.7834394904458595,L4_price_control,2024-06,1,True
2024-06-21,1,8139,ナガホリ,0.13923794802632156,2.007168458781372,L4_price_control,2024-06,1,True
2024-06-24,1,7043,アルー,0.12877292158814269,2.5542784163473886,L4_price_control,2024-06,1,True
2024-06-25,1,8139,ナガホリ,0.1443430160067362,-0.42253521126760507,L4_price_control,2024-06,1,True
2024-06-26,1,8139,ナガホリ,0.14756477701653667,-0.4249291784702569,L4_price_control,2024-06,1,True
2024-06-27,1,8139,ナガホリ,0.141780004827837,0.2844950213371167,L4_price_control,2024-06,1,True
2024-06-28,1,7043,アルー,0.16118827906118535,-0.4950495049504955,L4_price_control,2024-06,1,True
2024-07-01,1,7043,アルー,0.15502255455270897,0.49999999999998934,L4_price_control,2024-07,1,True
2024-07-02,1,7043,アルー,0.14939253417499956,-0.49813200498132204,L4_price_control,2024-07,1,True
2024-07-03,1,7043,アルー,0.14334097135899718,1.643489254108732,L4_price_control,2024-07,1,True
2024-07-04,1,6151,日東⼯器,0.1265164875836732,-0.9683098591549255,L4_price_control,2024-07,1,True
2024-07-05,1,7043,アルー,0.12391620668831108,7.800511508951402,L4_price_control,2024-07,1,True
2024-07-08,1,6151,日東⼯器,0.1027265410586094,-3.8224956063268922,L4_price_control,2024-07,1,True
2024-07-09,1,6151,日東⼯器,0.1074989522083075,0.22841480127913094,L4_price_control,2024-07,1,True
2024-07-10,1,1866,北野建設,0.09878706496679607,-0.4070556309362261,L4_price_control,2024-07,1,True
2024-07-11,1,9070,トナミホールディングス,0.09608797849839505,0.1686340640809414,L4_price_control,2024-07,1,True
2024-07-12,1,4344,ソースネクスト,0.10972991409137475,9.478672985782,L4_price_control,2024-07,1,True
2024-07-16,1,1866,北野建設,0.09805239324998875,-0.4132231404958664,L4_price_control,2024-07,1,True
2024-07-17,1,7807,幸和製作所,0.13234245514006338,-2.4207011686143587,L4_price_control,2024-07,1,True
2024-07-18,1,6870,日本フェンオール,0.10232066822798865,0.2875215641173101,L4_price_control,2024-07,1,True
2024-07-19,1,7590,タカショー,0.1004673848283486,0.18552875695732052,L4_price_control,2024-07,1,True
2024-07-22,1,7043,アルー,0.1344079827147582,4.422604422604426,L4_price_control,2024-07,1,True
2024-07-23,1,6707,サンケン電気,0.10068311097550318,-1.3733333333333375,L4_price_control,2024-07,1,True
2024-07-24,1,6762,ＴＤＫ,0.10680049615667293,-0.14691478942213676,L4_price_control,2024-07,1,True
2024-07-25,1,7043,アルー,0.09700297561146402,1.0882708585247869,L4_price_control,2024-07,1,True
2024-07-26,1,5256,Ｆｕｓｉｃ,0.0909298548690669,-0.45385779122542047,L4_price_control,2024-07,1,True
2024-07-29,1,5247,ＢＴＭ,0.09426752582737219,3.5409836065573685,L4_price_control,2024-07,1,True
2024-07-30,1,7043,アルー,0.1222173829273874,2.4242424242424176,L4_price_control,2024-07,1,True
2024-07-31,1,9340,アソインターナショナル,0.09624009611474572,3.2032032032031976,L4_price_control,2024-07,1,True
2025-04-01,1,2179,成学社,0.11847691053107368,-0.5167958656330796,L4_price_control,2025-04,1,True
2025-04-02,1,7318,セレンディップ・ホールディングス,0.12550638874986425,-0.9044657998869443,L4_price_control,2025-04,1,True
2025-04-03,1,5845,全保連,0.11873381650952072,-0.6127450980392135,L4_price_control,2025-04,1,True
2025-04-04,1,9685,ＫＹＣＯＭホールディングス,0.0969003672723561,-8.062015503875974,L4_price_control,2025-04,1,True
2025-04-07,1,7036,イーエムネットジャパン,0.13232939625318713,-8.115942028985511,L4_price_control,2025-04,1,True
2025-04-08,1,9250,ＧＲＣＳ,0.1012550216487361,6.661251015434599,L4_price_control,2025-04,1,True
2025-04-09,1,1662,石油資源開発,0.09938886479562126,-2.7551020408163263,L4_price_control,2025-04,1,True
2025-04-10,1,9165,クオルテック,0.10999177274860747,-6.797706797706793,L4_price_control,2025-04,1,True
2025-04-11,1,7043,アルー,0.116565006575082,1.9461077844311392,L4_price_control,2025-04,1,True
2025-04-14,1,7043,アルー,0.13868294281035584,2.2222222222222143,L4_price_control,2025-04,1,True
2025-04-22,1,7043,アルー,0.12551200086453468,1.3157894736842035,L4_price_control,2025-04,1,True
2025-04-23,1,7043,アルー,0.1275724323653617,-0.575539568345329,L4_price_control,2025-04,1,True
2025-04-24,1,7043,アルー,0.14452222038267848,0.5788712011577379,L4_price_control,2025-04,1,True
2025-04-25,1,7043,アルー,0.13383982671023123,0.1436781609195359,L4_price_control,2025-04,1,True
2025-04-30,1,7043,アルー,0.13140565770377144,0.14409221902016434,L4_price_control,2025-04,1,True
2025-05-01,1,7043,アルー,0.12368475922647892,0.2877697841726645,L4_price_control,2025-05,1,True
2025-05-08,1,6034,ＭＲＴ,0.11308765281951445,-0.14492753623188692,L4_price_control,2025-05,1,True
2025-05-09,1,7043,アルー,0.11522432839812936,2.384291725105192,L4_price_control,2025-05,1,True
2025-05-12,1,7345,アイ・パートナーズフィナンシャル,0.12961754498014105,1.6042780748663166,L4_price_control,2025-05,1,True
2025-05-13,1,2282,日本ハム,0.12740010407049004,-0.43330821401658115,L4_price_control,2025-05,1,True
2025-05-14,1,7345,アイ・パートナーズフィナンシャル,0.13983829492272726,3.392857142857153,L4_price_control,2025-05,1,True
2025-05-15,1,4069,ＢｌｕｅＭｅｍｅ,0.12166096800030529,2.57548845470692,L4_price_control,2025-05,1,True
2025-05-16,1,7345,アイ・パートナーズフィナンシャル,0.13029560558292252,0.8928571428571397,L4_price_control,2025-05,1,True
2025-05-19,1,6034,ＭＲＴ,0.11618820218068768,-1.3274336283185861,L4_price_control,2025-05,1,True
2025-05-20,1,7345,アイ・パートナーズフィナンシャル,0.1163407575693703,0.727272727272732,L4_price_control,2025-05,1,True
2025-05-21,1,6346,キクカワエンタープライズ,0.1088579606381919,0.8944543828264706,L4_price_control,2025-05,1,True
2025-05-27,1,5945,天龍製鋸,0.11800283420726844,0.10804970286331095,L4_price_control,2025-05,1,True
2025-05-28,1,5945,天龍製鋸,0.13109457488725768,0.37776578521315773,L4_price_control,2025-05,1,True
2025-05-29,1,7345,アイ・パートナーズフィナンシャル,0.14160923164117253,1.4814814814814836,L4_price_control,2025-05,1,True
2025-05-30,1,5945,天龍製鋸,0.1357514922067471,0.2702702702702675,L4_price_control,2025-05,1,True
2025-06-02,1,5945,天龍製鋸,0.121611307648539,-0.48179871520342976,L4_price_control,2025-06,1,True
2025-06-03,1,3271,ＴＨＥグローバル社,0.10627741600253054,-0.6295907660020972,L4_price_control,2025-06,1,True
2025-06-04,1,6346,キクカワエンタープライズ,0.11481669382730776,1.0869565217391353,L4_price_control,2025-06,1,True
2025-06-05,1,6346,キクカワエンタープライズ,0.11032151981015433,,L4_price_control,2025-06,1,False
2025-06-06,1,3948,光ビジネスフォーム,0.11513797687057166,1.6999999999999904,L4_price_control,2025-06,1,True
2025-06-09,1,3271,ＴＨＥグローバル社,0.09642590508110915,0.0,L4_price_control,2025-06,1,True
2025-06-10,1,9142,九州旅客鉄道,0.09212779352089082,-0.42440318302386926,L4_price_control,2025-06,1,True
2025-06-11,1,175A,Ｗｉｌｌ Ｓｍａｒｔ,0.09694520895825665,2.1437578814627933,L4_price_control,2025-06,1,True
2025-06-12,1,6158,和井⽥製作所,0.10125375529708451,-0.3386004514672636,L4_price_control,2025-06,1,True
2025-06-13,1,1866,北野建設,0.10544501169473901,2.9484029484029506,L4_price_control,2025-06,1,True
2025-06-17,1,7255,桜井製作所,0.12019711432987772,1.7513134851138368,L4_price_control,2025-06,1,True
2025-06-18,1,7255,桜井製作所,0.10866964614444317,0.17241379310344307,L4_price_control,2025-06,1,True
2025-06-19,1,9767,日建⼯学,0.12168563781950838,1.6702977487291104,L4_price_control,2025-06,1,True
2025-06-20,1,3843,フリービット,0.1015155184140439,-1.480959097320167,L4_price_control,2025-06,1,True
2025-06-24,1,2327,日鉄ソリューションズ,0.1012674585575704,-0.42918454935622075,L4_price_control,2025-06,1,True
2025-06-25,1,4437,ｇｏｏｄｄａｙｓホールディングス,0.11677298452190224,-0.295857988165682,L4_price_control,2025-06,1,True
2025-06-26,1,4437,ｇｏｏｄｄａｙｓホールディングス,0.1002126309002456,1.5037593984962516,L4_price_control,2025-06,1,True
2025-06-27,1,6648,かわでん,0.10140879473471885,-1.851851851851849,L4_price_control,2025-06,1,True
2025-06-30,1,4437,ｇｏｏｄｄａｙｓホールディングス,0.1206203419974279,1.4925373134328401,L4_price_control,2025-06,1,True
2025-07-01,1,9361,伏木海陸運送,0.11012275650790314,-0.3056234718826434,L4_price_control,2025-07,1,True
2025-07-02,1,9361,伏木海陸運送,0.10195250434127154,-0.5518087063151489,L4_price_control,2025-07,1,True
2025-07-07,1,7043,アルー,0.10718479207572439,0.26041666666667407,L4_price_control,2025-07,1,True
2025-07-08,1,7043,アルー,0.10997466419606634,0.39215686274509665,L4_price_control,2025-07,1,True
2025-07-09,1,7043,アルー,0.1354971825086205,0.78125,L4_price_control,2025-07,1,True
2025-07-10,1,7043,アルー,0.11974791124158976,0.3896103896103842,L4_price_control,2025-07,1,True
2025-07-11,1,4437,ｇｏｏｄｄａｙｓホールディングス,0.119840444159529,0.2928257686676483,L4_price_control,2025-07,1,True
2025-07-14,1,4437,ｇｏｏｄｄａｙｓホールディングス,0.12278675669357789,-0.7246376811594235,L4_price_control,2025-07,1,True
2025-07-15,1,7043,アルー,0.12566225621553934,0.0,L4_price_control,2025-07,1,True
2025-07-16,1,7043,アルー,0.11287405863109937,0.6493506493506551,L4_price_control,2025-07,1,True
2025-07-23,1,7808,シー・エス・ランバー,0.0908704159064515,0.4366812227074135,L4_price_control,2025-07,1,True
2025-07-24,1,7808,シー・エス・ランバー,0.11178745467973486,1.655629139072845,L4_price_control,2025-07,1,True
2025-07-25,1,7634,星医療酸器,0.12330374052053149,0.439560439560438,L4_price_control,2025-07,1,True
2025-07-28,1,7634,星医療酸器,0.12258448826711996,0.0,L4_price_control,2025-07,1,True
2025-07-29,1,9259,タカヨシホールディングス,0.1190973741297219,0.0,L4_price_control,2025-07,1,True
2025-07-30,1,7043,アルー,0.11666033591232153,2.130325814536338,L4_price_control,2025-07,1,True
2025-07-31,1,9259,タカヨシホールディングス,0.113395789508202,0.14265335235377208,L4_price_control,2025-07,1,True
2024-06-03,1,3800,ユニリタ,0.1091749400069424,1.0116337885685445,L4_price_control,2024-06,2,True
2024-06-03,2,8209,フレンドリー,0.1049016102203035,-0.7633587786259555,L4_price_control,2024-06,2,True
2024-06-04,1,5803,フジクラ,0.12292929171973203,-1.6260162601625994,L4_price_control,2024-06,2,True
2024-06-04,2,3800,ユニリタ,0.11384640031608541,0.1502253380070151,L4_price_control,2024-06,2,True
2024-06-05,1,3800,ユニリタ,0.12419112305728273,0.4026170105686955,L4_price_control,2024-06,2,True
2024-06-05,2,3907,シリコンスタジオ,0.10247902762996428,1.0091743119265972,L4_price_control,2024-06,2,True
2024-06-06,1,8708,アイザワ証券グループ,0.12671337696637255,0.9037745879851178,L4_price_control,2024-06,2,True
2024-06-06,2,7167,めぶきフィナンシャルグループ,0.12517257534699439,-0.5564924114671133,L4_price_control,2024-06,2,True
2024-06-07,1,3800,ユニリタ,0.1296352381237166,1.5259409969481164,L4_price_control,2024-06,2,True
2024-06-07,2,7167,めぶきフィナンシャルグループ,0.11407955335505311,0.661353230456152,L4_price_control,2024-06,2,True
2024-06-10,1,7167,めぶきフィナンシャルグループ,0.11384887997294392,1.2520868113522488,L4_price_control,2024-06,2,True
2024-06-10,2,3151,バイタルケーエスケー・ホールディングス,0.10940961898038609,0.31007751937983663,L4_price_control,2024-06,2,True
2024-06-11,1,6151,日東⼯器,0.1230864718431249,0.7562277580071219,L4_price_control,2024-06,2,True
2024-06-11,2,3800,ユニリタ,0.11808536457117674,0.7099391480730244,L4_price_control,2024-06,2,True
2024-06-12,1,6151,日東⼯器,0.13085281171405622,0.4880212954747165,L4_price_control,2024-06,2,True
2024-06-12,2,3800,ユニリタ,0.11197988562124812,0.15105740181269312,L4_price_control,2024-06,2,True
2024-06-13,1,6151,日東⼯器,0.1342283225041329,1.2894619831036014,L4_price_control,2024-06,2,True
2024-06-13,2,3800,ユニリタ,0.1211972845554782,0.5053057099545288,L4_price_control,2024-06,2,True
2024-06-14,1,8139,ナガホリ,0.1353191144933019,-0.14064697609000865,L4_price_control,2024-06,2,True
2024-06-14,2,6151,日東⼯器,0.1164433162551289,5.291240551356169,L4_price_control,2024-06,2,True
2024-06-18,1,8242,エイチ・ツー・オー リテイリング,0.11144286707696865,-0.21758050478677404,L4_price_control,2024-06,2,True
2024-06-18,2,9913,日邦産業,0.11141924454367813,-2.0993343573988743,L4_price_control,2024-06,2,True
2024-06-19,1,8139,ナガホリ,0.12296189541388292,1.5850144092218965,L4_price_control,2024-06,2,True
2024-06-19,2,9913,日邦産業,0.11788150132673632,0.6295907660021083,L4_price_control,2024-06,2,True
2024-06-20,1,7043,アルー,0.12194037649909317,1.7834394904458595,L4_price_control,2024-06,2,True
2024-06-20,2,8139,ナガホリ,0.12009526795439167,1.36887608069165,L4_price_control,2024-06,2,True
2024-06-21,1,8139,ナガホリ,0.13923794802632156,2.007168458781372,L4_price_control,2024-06,2,True
2024-06-21,2,4762,エックスネット,0.13076241178838785,0.605245460659054,L4_price_control,2024-06,2,True
2024-06-24,1,7043,アルー,0.12877292158814269,2.5542784163473886,L4_price_control,2024-06,2,True
2024-06-24,2,8139,ナガホリ,0.11298989655816584,0.35335689045936647,L4_price_control,2024-06,2,True
2024-06-25,1,8139,ナガホリ,0.1443430160067362,-0.42253521126760507,L4_price_control,2024-06,2,True
2024-06-25,2,4762,エックスネット,0.12890322209951965,-0.8689839572192493,L4_price_control,2024-06,2,True
2024-06-26,1,8139,ナガホリ,0.14756477701653667,-0.4249291784702569,L4_price_control,2024-06,2,True
2024-06-26,2,7490,日新商事,0.13813417859476182,0.77605321507761,L4_price_control,2024-06,2,True
2024-06-27,1,8139,ナガホリ,0.141780004827837,0.2844950213371167,L4_price_control,2024-06,2,True
2024-06-27,2,7490,日新商事,0.141044107181623,,L4_price_control,2024-06,2,False
2024-06-28,1,7043,アルー,0.16118827906118535,-0.4950495049504955,L4_price_control,2024-06,2,True
2024-06-28,2,8139,ナガホリ,0.13321304758475414,1.7253774263120025,L4_price_control,2024-06,2,True
2024-07-01,1,7043,アルー,0.15502255455270897,0.49999999999998934,L4_price_control,2024-07,2,True
2024-07-01,2,8139,ナガホリ,0.12202197409636413,2.382671480144394,L4_price_control,2024-07,2,True
2024-07-02,1,7043,アルー,0.14939253417499956,-0.49813200498132204,L4_price_control,2024-07,2,True
2024-07-02,2,8139,ナガホリ,0.1086650748408302,-0.5641748942172065,L4_price_control,2024-07,2,True
2024-07-03,1,7043,アルー,0.14334097135899718,1.643489254108732,L4_price_control,2024-07,2,True
2024-07-03,2,6151,日東⼯器,0.12743527931326976,-4.340497260851239,L4_price_control,2024-07,2,True
2024-07-04,1,6151,日東⼯器,0.1265164875836732,-0.9683098591549255,L4_price_control,2024-07,2,True
2024-07-04,2,7043,アルー,0.11133840003013713,0.0,L4_price_control,2024-07,2,True
2024-07-05,1,7043,アルー,0.12391620668831108,7.800511508951402,L4_price_control,2024-07,2,True
2024-07-05,2,2480,システム・ロケーション,0.10912505739604823,1.8436578171091345,L4_price_control,2024-07,2,True
2024-07-08,1,6151,日東⼯器,0.1027265410586094,-3.8224956063268922,L4_price_control,2024-07,2,True
2024-07-08,2,3302,帝国繊維,0.09445148612213618,-3.299293008641002,L4_price_control,2024-07,2,True
2024-07-09,1,6151,日東⼯器,0.1074989522083075,0.22841480127913094,L4_price_control,2024-07,2,True
2024-07-09,2,8139,ナガホリ,0.09640243549372153,1.9607843137254832,L4_price_control,2024-07,2,True
2024-07-10,1,1866,北野建設,0.09878706496679607,-0.4070556309362261,L4_price_control,2024-07,2,True
2024-07-10,2,4491,コンピューターマネージメント,0.09195561914972186,1.4251781472684133,L4_price_control,2024-07,2,True
2024-07-11,1,9070,トナミホールディングス,0.09608797849839505,0.1686340640809414,L4_price_control,2024-07,2,True
2024-07-11,2,3986,ビーブレイクシステムズ,0.09510239811338837,0.4310344827586299,L4_price_control,2024-07,2,True
2024-07-12,1,4344,ソースネクスト,0.10972991409137475,9.478672985782,L4_price_control,2024-07,2,True
2024-07-12,2,3991,ウォンテッドリー,0.09941057344401512,2.132352941176463,L4_price_control,2024-07,2,True
2024-07-16,1,1866,北野建設,0.09805239324998875,-0.4132231404958664,L4_price_control,2024-07,2,True
2024-07-16,2,8938,グローム・ホールディングス,0.09795734579510182,3.2727272727272716,L4_price_control,2024-07,2,True
2024-07-17,1,7807,幸和製作所,0.13234245514006338,-2.4207011686143587,L4_price_control,2024-07,2,True
2024-07-17,2,3892,岡山製紙,0.11777336540975675,0.06756756756756133,L4_price_control,2024-07,2,True
2024-07-18,1,6870,日本フェンオール,0.10232066822798865,0.2875215641173101,L4_price_control,2024-07,2,True
2024-07-18,2,7043,アルー,0.10153104622749536,2.261904761904754,L4_price_control,2024-07,2,True
2024-07-19,1,7590,タカショー,0.1004673848283486,0.18552875695732052,L4_price_control,2024-07,2,True
2024-07-19,2,6727,ワコム,0.09969959881151289,0.881612090680095,L4_price_control,2024-07,2,True
2024-07-22,1,7043,アルー,0.1344079827147582,4.422604422604426,L4_price_control,2024-07,2,True
2024-07-22,2,4362,日本精化,0.10003821317604268,-2.630643441166014,L4_price_control,2024-07,2,True
2024-07-23,1,6707,サンケン電気,0.10068311097550318,-1.3733333333333375,L4_price_control,2024-07,2,True
2024-07-23,2,4362,日本精化,0.10051602190234638,-1.7090909090909046,L4_price_control,2024-07,2,True
2024-07-24,1,6762,ＴＤＫ,0.10680049615667293,-0.14691478942213676,L4_price_control,2024-07,2,True
2024-07-24,2,9246,プロジェクトホールディングス,0.10216476569524804,-0.07347538574578039,L4_price_control,2024-07,2,True
2024-07-25,1,7043,アルー,0.09700297561146402,1.0882708585247869,L4_price_control,2024-07,2,True
2024-07-25,2,6103,オークマ,0.09256727541042907,-3.1415030467163207,L4_price_control,2024-07,2,True
2024-07-26,1,5256,Ｆｕｓｉｃ,0.0909298548690669,-0.45385779122542047,L4_price_control,2024-07,2,True
2024-07-26,2,6098,リクルートホールディングス,0.08956552499190865,-1.2061538461538457,L4_price_control,2024-07,2,True
2024-07-29,1,5247,ＢＴＭ,0.09426752582737219,3.5409836065573685,L4_price_control,2024-07,2,True
2024-07-29,2,7175,今村証券,0.08007601252539742,0.29390154298309934,L4_price_control,2024-07,2,True
2024-07-30,1,7043,アルー,0.1222173829273874,2.4242424242424176,L4_price_control,2024-07,2,True
2024-07-30,2,9818,大丸エナウィン,0.08381187643713507,0.0,L4_price_control,2024-07,2,True
2024-07-31,1,9340,アソインターナショナル,0.09624009611474572,3.2032032032031976,L4_price_control,2024-07,2,True
2024-07-31,2,4215,タキロンシーアイ,0.08827222127957006,6.857855361595999,L4_price_control,2024-07,2,True
2025-04-01,1,2179,成学社,0.11847691053107368,-0.5167958656330796,L4_price_control,2025-04,2,True
2025-04-01,2,3434,アルファＣｏ,0.11531788334708135,-1.4388489208633115,L4_price_control,2025-04,2,True
2025-04-02,1,7318,セレンディップ・ホールディングス,0.12550638874986425,-0.9044657998869443,L4_price_control,2025-04,2,True
2025-04-02,2,3096,オーシャンシステム,0.10784966666485793,0.8658008658008587,L4_price_control,2025-04,2,True
2025-04-03,1,5845,全保連,0.11873381650952072,-0.6127450980392135,L4_price_control,2025-04,2,True
2025-04-03,2,7638,ＮＥＷ ＡＲＴ ＨＯＬＤＩＮＧＳ,0.10344356767007828,2.024922118380057,L4_price_control,2025-04,2,True
2025-04-04,1,9685,ＫＹＣＯＭホールディングス,0.0969003672723561,-8.062015503875974,L4_price_control,2025-04,2,True
2025-04-04,2,2332,クエスト,0.09454265921765174,-0.8000000000000007,L4_price_control,2025-04,2,True
2025-04-07,1,7036,イーエムネットジャパン,0.13232939625318713,-8.115942028985511,L4_price_control,2025-04,2,True
2025-04-07,2,9685,ＫＹＣＯＭホールディングス,0.1083274665484289,2.982107355864816,L4_price_control,2025-04,2,True
2025-04-08,1,9250,ＧＲＣＳ,0.1012550216487361,6.661251015434599,L4_price_control,2025-04,2,True
2025-04-08,2,1662,石油資源開発,0.10037198072919322,-0.29880478087649376,L4_price_control,2025-04,2,True
2025-04-09,1,1662,石油資源開発,0.09938886479562126,-2.7551020408163263,L4_price_control,2025-04,2,True
2025-04-09,2,3991,ウォンテッドリー,0.09764804804118461,3.073967339097017,L4_price_control,2025-04,2,True
2025-04-10,1,9165,クオルテック,0.10999177274860747,-6.797706797706793,L4_price_control,2025-04,2,True
2025-04-10,2,2332,クエスト,0.10733368289120032,0.39777247414478634,L4_price_control,2025-04,2,True
2025-04-11,1,7043,アルー,0.116565006575082,1.9461077844311392,L4_price_control,2025-04,2,True
2025-04-11,2,3991,ウォンテッドリー,0.11166577739572137,10.946196660482377,L4_price_control,2025-04,2,True
2025-04-14,1,7043,アルー,0.13868294281035584,2.2222222222222143,L4_price_control,2025-04,2,True
2025-04-14,2,2282,日本ハム,0.11404422100635962,0.9356725146198785,L4_price_control,2025-04,2,True
2025-04-22,1,7043,アルー,0.12551200086453468,1.3157894736842035,L4_price_control,2025-04,2,True
2025-04-22,2,9537,北陸瓦斯,0.120932283247681,,L4_price_control,2025-04,2,False
2025-04-23,1,7043,アルー,0.1275724323653617,-0.575539568345329,L4_price_control,2025-04,2,True
2025-04-23,2,5945,天龍製鋸,0.11970195455026886,0.0,L4_price_control,2025-04,2,True
2025-04-24,1,7043,アルー,0.14452222038267848,0.5788712011577379,L4_price_control,2025-04,2,True
2025-04-24,2,9434,ソフトバンク,0.12855130369204051,-1.4358499305233918,L4_price_control,2025-04,2,True
2025-04-25,1,7043,アルー,0.13383982671023123,0.1436781609195359,L4_price_control,2025-04,2,True
2025-04-25,2,9434,ソフトバンク,0.12547158144474194,-0.04699248120302313,L4_price_control,2025-04,2,True
2025-04-30,1,7043,アルー,0.13140565770377144,0.14409221902016434,L4_price_control,2025-04,2,True
2025-04-30,2,7255,桜井製作所,0.11355630479260774,-0.5291005291005346,L4_price_control,2025-04,2,True
2025-05-01,1,7043,アルー,0.12368475922647892,0.2877697841726645,L4_price_control,2025-05,2,True
2025-05-01,2,5619,マーソ,0.10718564561929757,1.7410228509249226,L4_price_control,2025-05,2,True
2025-05-08,1,6034,ＭＲＴ,0.11308765281951445,-0.14492753623188692,L4_price_control,2025-05,2,True
2025-05-08,2,2908,フジッコ,0.11183492381298171,0.6815365551424923,L4_price_control,2025-05,2,True
2025-05-09,1,7043,アルー,0.11522432839812936,2.384291725105192,L4_price_control,2025-05,2,True
2025-05-09,2,6492,岡野バルブ製造,0.11425801752551223,3.750000000000009,L4_price_control,2025-05,2,True
2025-05-12,1,7345,アイ・パートナーズフィナンシャル,0.12961754498014105,1.6042780748663166,L4_price_control,2025-05,2,True
2025-05-12,2,8699,ＨＳホールディングス,0.11405056355929208,0.5268703898840821,L4_price_control,2025-05,2,True
2025-05-13,1,2282,日本ハム,0.12740010407049004,-0.43330821401658115,L4_price_control,2025-05,2,True
2025-05-13,2,7345,アイ・パートナーズフィナンシャル,0.12609430538671174,-1.0714285714285676,L4_price_control,2025-05,2,True
2025-05-14,1,7345,アイ・パートナーズフィナンシャル,0.13983829492272726,3.392857142857153,L4_price_control,2025-05,2,True
2025-05-14,2,1898,世紀東急⼯業,0.1258085693623762,-1.261387526278912,L4_price_control,2025-05,2,True
2025-05-15,1,4069,ＢｌｕｅＭｅｍｅ,0.12166096800030529,2.57548845470692,L4_price_control,2025-05,2,True
2025-05-15,2,3353,メディカル一光グループ,0.11805787534767861,0.2565198802907176,L4_price_control,2025-05,2,True
2025-05-16,1,7345,アイ・パートナーズフィナンシャル,0.13029560558292252,0.8928571428571397,L4_price_control,2025-05,2,True
2025-05-16,2,3513,イチカワ,0.11808890062062491,0.1818181818181719,L4_price_control,2025-05,2,True
2025-05-19,1,6034,ＭＲＴ,0.11618820218068768,-1.3274336283185861,L4_price_control,2025-05,2,True
2025-05-19,2,7815,東京ボード⼯業,0.10957625874318552,1.5254237288135686,L4_price_control,2025-05,2,True
2025-05-20,1,7345,アイ・パートナーズフィナンシャル,0.1163407575693703,0.727272727272732,L4_price_control,2025-05,2,True
2025-05-20,2,9416,ビジョン,0.11345724560745714,-0.08643042350907626,L4_price_control,2025-05,2,True
2025-05-21,1,6346,キクカワエンタープライズ,0.1088579606381919,0.8944543828264706,L4_price_control,2025-05,2,True
2025-05-21,2,6670,ＭＣＪ,0.10665537072006841,-1.5128593040847238,L4_price_control,2025-05,2,True
2025-05-27,1,5945,天龍製鋸,0.11800283420726844,0.10804970286331095,L4_price_control,2025-05,2,True
2025-05-27,2,7345,アイ・パートナーズフィナンシャル,0.11181695787139158,5.185185185185182,L4_price_control,2025-05,2,True
2025-05-28,1,5945,天龍製鋸,0.13109457488725768,0.37776578521315773,L4_price_control,2025-05,2,True
2025-05-28,2,7255,桜井製作所,0.1002595574575928,-0.7220216606498187,L4_price_control,2025-05,2,True
2025-05-29,1,7345,アイ・パートナーズフィナンシャル,0.14160923164117253,1.4814814814814836,L4_price_control,2025-05,2,True
2025-05-29,2,5945,天龍製鋸,0.1315770475548712,-0.32171581769436797,L4_price_control,2025-05,2,True
2025-05-30,1,5945,天龍製鋸,0.1357514922067471,0.2702702702702675,L4_price_control,2025-05,2,True
2025-05-30,2,9265,ヤマシタヘルスケアホールディングス,0.1098839312872363,0.34749034749035346,L4_price_control,2025-05,2,True
2025-06-02,1,5945,天龍製鋸,0.121611307648539,-0.48179871520342976,L4_price_control,2025-06,2,True
2025-06-02,2,9265,ヤマシタヘルスケアホールディングス,0.10067164281378164,1.1769321302471658,L4_price_control,2025-06,2,True
2025-06-03,1,3271,ＴＨＥグローバル社,0.10627741600253054,-0.6295907660020972,L4_price_control,2025-06,2,True
2025-06-03,2,6570,共和コーポレーション,0.10230096186245584,0.7172131147541005,L4_price_control,2025-06,2,True
2025-06-04,1,6346,キクカワエンタープライズ,0.11481669382730776,1.0869565217391353,L4_price_control,2025-06,2,True
2025-06-04,2,9265,ヤマシタヘルスケアホールディングス,0.09687418294441552,-0.11787819253438192,L4_price_control,2025-06,2,True
2025-06-05,1,6346,キクカワエンタープライズ,0.11032151981015433,,L4_price_control,2025-06,2,False
2025-06-05,2,5945,天龍製鋸,0.10477840219220143,3.2608695652173836,L4_price_control,2025-06,2,True
2025-06-06,1,3948,光ビジネスフォーム,0.11513797687057166,1.6999999999999904,L4_price_control,2025-06,2,True
2025-06-06,2,3097,物語コーポレーション,0.09817325269314993,2.7259684361549574,L4_price_control,2025-06,2,True
2025-06-09,1,3271,ＴＨＥグローバル社,0.09642590508110915,0.0,L4_price_control,2025-06,2,True
2025-06-09,2,9142,九州旅客鉄道,0.09317915943168639,-1.2057667103538616,L4_price_control,2025-06,2,True
2025-06-10,1,9142,九州旅客鉄道,0.09212779352089082,-0.42440318302386926,L4_price_control,2025-06,2,True
2025-06-10,2,1882,東亜道路⼯業,0.09036857707627156,-0.2666666666666706,L4_price_control,2025-06,2,True
2025-06-11,1,175A,Ｗｉｌｌ Ｓｍａｒｔ,0.09694520895825665,2.1437578814627933,L4_price_control,2025-06,2,True
2025-06-11,2,6570,共和コーポレーション,0.09682765808001932,0.5117707267144223,L4_price_control,2025-06,2,True
2025-06-12,1,6158,和井⽥製作所,0.10125375529708451,-0.3386004514672636,L4_price_control,2025-06,2,True
2025-06-12,2,7255,桜井製作所,0.10094187493251366,1.5706806282722585,L4_price_control,2025-06,2,True
2025-06-13,1,1866,北野建設,0.10544501169473901,2.9484029484029506,L4_price_control,2025-06,2,True
2025-06-13,2,7345,アイ・パートナーズフィナンシャル,0.10488248830497894,-0.8960573476702538,L4_price_control,2025-06,2,True
2025-06-17,1,7255,桜井製作所,0.12019711432987772,1.7513134851138368,L4_price_control,2025-06,2,True
2025-06-17,2,3843,フリービット,0.11713141554469418,0.3518648838845895,L4_price_control,2025-06,2,True
2025-06-18,1,7255,桜井製作所,0.10866964614444317,0.17241379310344307,L4_price_control,2025-06,2,True
2025-06-18,2,7058,共栄セキュリティーサービス,0.10707717492815239,3.462321792260692,L4_price_control,2025-06,2,True
2025-06-19,1,9767,日建⼯学,0.12168563781950838,1.6702977487291104,L4_price_control,2025-06,2,True
2025-06-19,2,6648,かわでん,0.10824407415680402,0.5701254275940704,L4_price_control,2025-06,2,True
2025-06-20,1,3843,フリービット,0.1015155184140439,-1.480959097320167,L4_price_control,2025-06,2,True
2025-06-20,2,7255,桜井製作所,0.09848406486174667,0.8635578583765069,L4_price_control,2025-06,2,True
2025-06-24,1,2327,日鉄ソリューションズ,0.1012674585575704,-0.42918454935622075,L4_price_control,2025-06,2,True
2025-06-24,2,2408,ＫＧ情報,0.10074908928033059,-0.6420545746388395,L4_price_control,2025-06,2,True
2025-06-25,1,4437,ｇｏｏｄｄａｙｓホールディングス,0.11677298452190224,-0.295857988165682,L4_price_control,2025-06,2,True
2025-06-25,2,9869,加藤産業,0.10715225177969485,1.1152416356877248,L4_price_control,2025-06,2,True
2025-06-26,1,4437,ｇｏｏｄｄａｙｓホールディングス,0.1002126309002456,1.5037593984962516,L4_price_control,2025-06,2,True
2025-06-26,2,9364,上組,0.09636741484848405,0.28032619775739676,L4_price_control,2025-06,2,True
2025-06-27,1,6648,かわでん,0.10140879473471885,-1.851851851851849,L4_price_control,2025-06,2,True
2025-06-27,2,4437,ｇｏｏｄｄａｙｓホールディングス,0.10043718339087945,0.14792899408284654,L4_price_control,2025-06,2,True
2025-06-30,1,4437,ｇｏｏｄｄａｙｓホールディングス,0.1206203419974279,1.4925373134328401,L4_price_control,2025-06,2,True
2025-06-30,2,7043,アルー,0.1204763697260757,0.9150326797385588,L4_price_control,2025-06,2,True
2025-07-01,1,9361,伏木海陸運送,0.11012275650790314,-0.3056234718826434,L4_price_control,2025-07,2,True
2025-07-01,2,4437,ｇｏｏｄｄａｙｓホールディングス,0.10981350531476368,-0.7299270072992692,L4_price_control,2025-07,2,True
2025-07-02,1,9361,伏木海陸運送,0.10195250434127154,-0.5518087063151489,L4_price_control,2025-07,2,True
2025-07-02,2,7043,アルー,0.09902281041391461,,L4_price_control,2025-07,2,False
2025-07-07,1,7043,アルー,0.10718479207572439,0.26041666666667407,L4_price_control,2025-07,2,True
2025-07-07,2,2798,ワイズテーブルコーポレーション,0.09994958544743443,-0.8681135225375614,L4_price_control,2025-07,2,True
2025-07-08,1,7043,アルー,0.10997466419606634,0.39215686274509665,L4_price_control,2025-07,2,True
2025-07-08,2,2798,ワイズテーブルコーポレーション,0.09505138185747182,-0.03370407819346388,L4_price_control,2025-07,2,True
2025-07-09,1,7043,アルー,0.1354971825086205,0.78125,L4_price_control,2025-07,2,True
2025-07-09,2,9364,上組,0.10095057850827968,1.3131813676907855,L4_price_control,2025-07,2,True
2025-07-10,1,7043,アルー,0.11974791124158976,0.3896103896103842,L4_price_control,2025-07,2,True
2025-07-10,2,4437,ｇｏｏｄｄａｙｓホールディングス,0.11925741283164604,0.4411764705882337,L4_price_control,2025-07,2,True
2025-07-11,1,4437,ｇｏｏｄｄａｙｓホールディングス,0.119840444159529,0.2928257686676483,L4_price_control,2025-07,2,True
2025-07-11,2,7043,アルー,0.11006004129051725,0.6518904823989535,L4_price_control,2025-07,2,True
2025-07-14,1,4437,ｇｏｏｄｄａｙｓホールディングス,0.12278675669357789,-0.7246376811594235,L4_price_control,2025-07,2,True
2025-07-14,2,7043,アルー,0.11897181489415871,-0.13003901170350884,L4_price_control,2025-07,2,True
2025-07-15,1,7043,アルー,0.12566225621553934,0.0,L4_price_control,2025-07,2,True
2025-07-15,2,4976,東洋ドライルーブ,0.10785553188901718,-0.37359900373599153,L4_price_control,2025-07,2,True
2025-07-16,1,7043,アルー,0.11287405863109937,0.6493506493506551,L4_price_control,2025-07,2,True
2025-07-16,2,4437,ｇｏｏｄｄａｙｓホールディングス,0.09494289470523366,2.499999999999991,L4_price_control,2025-07,2,True
2025-07-23,1,7808,シー・エス・ランバー,0.0908704159064515,0.4366812227074135,L4_price_control,2025-07,2,True
2025-07-23,2,7634,星医療酸器,0.08569439538083214,0.11001100110010764,L4_price_control,2025-07,2,True
2025-07-24,1,7808,シー・エス・ランバー,0.11178745467973486,1.655629139072845,L4_price_control,2025-07,2,True
2025-07-24,2,7634,星医療酸器,0.11079046083746015,0.0,L4_price_control,2025-07,2,True
2025-07-25,1,7634,星医療酸器,0.12330374052053149,0.439560439560438,L4_price_control,2025-07,2,True
2025-07-25,2,9259,タカヨシホールディングス,0.11750304220642216,0.0,L4_price_control,2025-07,2,True
2025-07-28,1,7634,星医療酸器,0.12258448826711996,0.0,L4_price_control,2025-07,2,True
2025-07-28,2,9259,タカヨシホールディングス,0.11983419759616465,-0.14265335235378318,L4_price_control,2025-07,2,True
2025-07-29,1,9259,タカヨシホールディングス,0.1190973741297219,0.0,L4_price_control,2025-07,2,True
2025-07-29,2,7043,アルー,0.11553034162238594,-0.37641154328732496,L4_price_control,2025-07,2,True
2025-07-30,1,7043,アルー,0.11666033591232153,2.130325814536338,L4_price_control,2025-07,2,True
2025-07-30,2,9254,ラバブルマーケティンググループ,0.10413189639987143,0.0,L4_price_control,2025-07,2,True
2025-07-31,1,9259,タカヨシホールディングス,0.113395789508202,0.14265335235377208,L4_price_control,2025-07,2,True
2025-07-31,2,9254,ラバブルマーケティンググループ,0.10920607867378002,1.717967072297788,L4_price_control,2025-07,2,True
2024-06-03,1,3267,フィル・カンパニー,0.0578628286509461,-6.290322580645158,ND04_simultaneous_adverse_bundle,2024-06,1,True
2024-06-04,1,2899,永谷園ＨＤ,0.19454062641856235,0.0,ND04_simultaneous_adverse_bundle,2024-06,1,True
2024-06-05,1,4996,クミアイ化,0.0578628286509461,-1.1538461538461497,ND04_simultaneous_adverse_bundle,2024-06,1,True
2024-06-06,1,3544,サツドラＨＤ,0.0578628286509461,-0.44150110375276164,ND04_simultaneous_adverse_bundle,2024-06,1,True
2024-06-07,1,7777,Ｇ－３Ｄマトリックス,0.0578628286509461,2.0134228187919545,ND04_simultaneous_adverse_bundle,2024-06,1,True
2024-06-10,1,9072,ニッコンＨＤ,0.2824026236237539,8.221937374107302,ND04_simultaneous_adverse_bundle,2024-06,1,True
2024-06-11,1,3524,日東網,0.0578628286509461,-1.3414634146341475,ND04_simultaneous_adverse_bundle,2024-06,1,True
2024-06-12,1,6850,チノー,0.0578628286509461,-0.28000000000000247,ND04_simultaneous_adverse_bundle,2024-06,1,True
2024-06-13,1,1384,ホクリヨウ,0.0578628286509461,-0.09950248756218638,ND04_simultaneous_adverse_bundle,2024-06,1,True
2024-06-14,1,3361,トーエル,0.23863046730410814,-1.6949152542372836,ND04_simultaneous_adverse_bundle,2024-06,1,True
2024-06-18,1,4936,アクシージア,0.0578628286509461,2.071005917159763,ND04_simultaneous_adverse_bundle,2024-06,1,True
2024-06-19,1,4348,インフォコム,0.24960041288447907,0.0,ND04_simultaneous_adverse_bundle,2024-06,1,True
2024-06-20,1,3815,Ｇ－メディア,0.1619396356577154,0.0,ND04_simultaneous_adverse_bundle,2024-06,1,True
2024-06-21,1,3803,Ｇ－イメージ情,0.0578628286509461,-3.508771929824561,ND04_simultaneous_adverse_bundle,2024-06,1,True
2024-06-24,1,4221,大倉工,0.13637290959678366,3.600000000000003,ND04_simultaneous_adverse_bundle,2024-06,1,True
2024-06-25,1,3121,マーチャント,0.0578628286509461,0.3311258278145601,ND04_simultaneous_adverse_bundle,2024-06,1,True
2024-06-26,1,4887,サワイグループＨＤ,0.2637431324955001,0.4419191919191823,ND04_simultaneous_adverse_bundle,2024-06,1,True
2024-06-27,1,4187,大有機化,0.0578628286509461,-0.5174644243208237,ND04_simultaneous_adverse_bundle,2024-06,1,True
2024-06-28,1,7259,アイシン,0.2824026236237539,3.005893909626711,ND04_simultaneous_adverse_bundle,2024-06,1,True
2024-07-01,1,3501,住江織物,0.051742574254871866,-0.07980845969672856,ND04_simultaneous_adverse_bundle,2024-07,1,True
2024-07-02,1,1946,トーエネック,0.23445836896165337,-2.9090909090909056,ND04_simultaneous_adverse_bundle,2024-07,1,True
2024-07-03,1,8113,ユニチャーム,0.037784153370712274,0.621963070942666,ND04_simultaneous_adverse_bundle,2024-07,1,True
2024-07-04,1,2753,あみやき,0.026676991036996917,-3.626943005181349,ND04_simultaneous_adverse_bundle,2024-07,1,True
2024-07-05,1,4978,Ｇ－リプロセル,0.026676991036996917,1.4598540145985384,ND04_simultaneous_adverse_bundle,2024-07,1,True
2024-07-08,1,2659,サンエー,0.045018638535865615,-3.6633663366336666,ND04_simultaneous_adverse_bundle,2024-07,1,True
2024-07-09,1,3948,光ビジネス,0.037784153370712274,0.23094688221709792,ND04_simultaneous_adverse_bundle,2024-07,1,True
2024-07-10,1,6098,リクルートＨＤ,0.1895798205142624,2.529729729729735,ND04_simultaneous_adverse_bundle,2024-07,1,True
2024-07-11,1,6525,ＫＯＫＵＳＡＩ,0.24582497551810248,0.9090909090909038,ND04_simultaneous_adverse_bundle,2024-07,1,True
2024-07-12,1,3160,大光,0.2184380368048552,-0.16420361247947435,ND04_simultaneous_adverse_bundle,2024-07,1,True
2024-07-16,1,2722,ＩＫホールディングス,0.15977795383168214,0.0,ND04_simultaneous_adverse_bundle,2024-07,1,True
2024-07-17,1,2207,名糖産,0.037784153370712274,0.48309178743961567,ND04_simultaneous_adverse_bundle,2024-07,1,True
2024-07-18,1,9251,Ｇ－ＡＢ＆Ｃ,0.037784153370712274,-0.10604453870625141,ND04_simultaneous_adverse_bundle,2024-07,1,True
2024-07-19,1,3174,ハピネス＆Ｄ,0.037784153370712274,0.0,ND04_simultaneous_adverse_bundle,2024-07,1,True
2024-07-22,1,2303,ドーン,0.037784153370712274,-1.515892420537901,ND04_simultaneous_adverse_bundle,2024-07,1,True
2024-07-23,1,3539,ＪＭホールディングス,0.037784153370712274,-0.543872371283538,ND04_simultaneous_adverse_bundle,2024-07,1,True
2024-07-24,1,6594,ニデック,0.1181989147447159,0.02778549597111102,ND04_simultaneous_adverse_bundle,2024-07,1,True
2024-07-25,1,4812,電通総研,0.037784153370712274,1.3182674199623268,ND04_simultaneous_adverse_bundle,2024-07,1,True
2024-07-26,1,1401,Ｇ－エムビーエス,0.037784153370712274,0.42253521126760507,ND04_simultaneous_adverse_bundle,2024-07,1,True
2024-07-29,1,7962,キングジム,0.051742574254871866,1.2629161882893314,ND04_simultaneous_adverse_bundle,2024-07,1,True
2024-07-30,1,4320,ＣＥＨＤ,0.051742574254871866,-2.6871401151631447,ND04_simultaneous_adverse_bundle,2024-07,1,True
2024-07-31,1,3054,ハイパー,0.037784153370712274,0.0,ND04_simultaneous_adverse_bundle,2024-07,1,True
2025-04-01,1,3288,オープンハウスＧ,0.07307794192601853,3.7849606431083593,ND04_simultaneous_adverse_bundle,2025-04,1,True
2025-04-02,1,3967,Ｇ－エルテス,0.026647788164243905,-6.923076923076921,ND04_simultaneous_adverse_bundle,2025-04,1,True
2025-04-03,1,8624,いちよし,0.026647788164243905,-3.9563437926330103,ND04_simultaneous_adverse_bundle,2025-04,1,True
2025-04-04,1,4612,日ペイントＨＤ,0.026647788164243905,-2.1535580524344566,ND04_simultaneous_adverse_bundle,2025-04,1,True
2025-04-07,1,4920,日本色材,0.026647788164243905,-2.9189189189189224,ND04_simultaneous_adverse_bundle,2025-04,1,True
2025-04-08,1,7513,コジマ,0.026647788164243905,4.4057377049180335,ND04_simultaneous_adverse_bundle,2025-04,1,True
2025-04-09,1,2923,サトウ食品,0.026647788164243905,6.056129985228953,ND04_simultaneous_adverse_bundle,2025-04,1,True
2025-04-10,1,2685,アダストリア,0.017010437409461884,0.9800362976406518,ND04_simultaneous_adverse_bundle,2025-04,1,True
2025-04-11,1,2999,ホームポジション,0.23735330407833974,0.0,ND04_simultaneous_adverse_bundle,2025-04,1,True
2025-04-14,1,7450,サンデー,0.026647788164243905,0.8204193254329972,ND04_simultaneous_adverse_bundle,2025-04,1,True
2025-04-22,1,2373,ケア２１,0.026647788164243905,1.025641025641022,ND04_simultaneous_adverse_bundle,2025-04,1,True
2025-04-23,1,1720,東急建設,0.026647788164243905,2.5609756097561,ND04_simultaneous_adverse_bundle,2025-04,1,True
2025-04-24,1,1945,東京エネシス,0.026647788164243905,0.9009009009008917,ND04_simultaneous_adverse_bundle,2025-04,1,True
2025-04-25,1,1810,松井建,0.026647788164243905,1.5544041450777257,ND04_simultaneous_adverse_bundle,2025-04,1,True
2025-04-30,1,8281,ゼビオＨＤ,0.2802963917550348,0.9273570324574987,ND04_simultaneous_adverse_bundle,2025-04,1,True
2025-05-01,1,9001,東武,0.09123240941133144,1.3984674329502012,ND04_simultaneous_adverse_bundle,2025-05,1,True
2025-05-08,1,2344,平安レイ,0.10155007756241809,-1.8583042973286834,ND04_simultaneous_adverse_bundle,2025-05,1,True
2025-05-09,1,3984,ユーザーローカル,0.12870959740640986,1.4245014245014342,ND04_simultaneous_adverse_bundle,2025-05,1,True
2025-05-12,1,1375,ユキグニファクトリー,0.39058274713029006,-0.7213706041478862,ND04_simultaneous_adverse_bundle,2025-05,1,True
2025-05-13,1,9006,京急,0.36344401224444656,-0.8191349934469239,ND04_simultaneous_adverse_bundle,2025-05,1,True
2025-05-14,1,2585,ライフドリンクＣ,0.21423248911089338,-5.351351351351353,ND04_simultaneous_adverse_bundle,2025-05,1,True
2025-05-15,1,3817,ＳＲＡＨＤ,0.22643570042269245,-4.905239687848384,ND04_simultaneous_adverse_bundle,2025-05,1,True
2025-05-16,1,2488,ＪＴＰ,0.24137122399673686,1.8501387604070274,ND04_simultaneous_adverse_bundle,2025-05,1,True
2025-05-19,1,8803,平和不,0.16290035981495382,0.8888888888888946,ND04_simultaneous_adverse_bundle,2025-05,1,True
2025-05-20,1,177A,Ｇ－コージンバイオ,0.0346802402823119,-0.9445100354191216,ND04_simultaneous_adverse_bundle,2025-05,1,True
2025-05-21,1,1852,浅沼組,0.0346802402823119,-0.26881720430107503,ND04_simultaneous_adverse_bundle,2025-05,1,True
2025-05-27,1,3286,トラストＨＤ,0.17508278616860465,-0.9777777777777774,ND04_simultaneous_adverse_bundle,2025-05,1,True
2025-05-28,1,2877,日東ベスト,0.0346802402823119,-0.8196721311475419,ND04_simultaneous_adverse_bundle,2025-05,1,True
2025-05-29,1,3359,Ｇ－ｃｏｔｔａ,0.0346802402823119,-2.505694760820043,ND04_simultaneous_adverse_bundle,2025-05,1,True
2025-05-30,1,7202,いすゞ自,0.2606264628312364,2.243673362901122,ND04_simultaneous_adverse_bundle,2025-05,1,True
2025-06-02,1,3175,ＡＰＨＤ,0.22420355312108864,0.0,ND04_simultaneous_adverse_bundle,2025-06,1,True
2025-06-03,1,2183,リニカル,0.03713845342061355,-0.31347962382445305,ND04_simultaneous_adverse_bundle,2025-06,1,True
2025-06-04,1,4538,扶桑薬,0.03713845342061355,-1.018047200370198,ND04_simultaneous_adverse_bundle,2025-06,1,True
2025-06-05,1,3646,Ｇ－駅探,0.03713845342061355,-1.2012012012011963,ND04_simultaneous_adverse_bundle,2025-06,1,True
2025-06-06,1,1786,オリエンタル白石,0.01829433615900998,-0.5494505494505475,ND04_simultaneous_adverse_bundle,2025-06,1,True
2025-06-09,1,3662,エイチームＨＤ,0.16033298826423245,-3.650793650793649,ND04_simultaneous_adverse_bundle,2025-06,1,True
2025-06-10,1,1447,Ｇ－ＳＡＡＦＨＤ,0.01829433615900998,0.38610038610038533,ND04_simultaneous_adverse_bundle,2025-06,1,True
2025-06-11,1,3524,日東網,0.03713845342061355,-1.025290498974707,ND04_simultaneous_adverse_bundle,2025-06,1,True
2025-06-12,1,7034,プロレドパートナーズ,0.03713845342061355,4.074074074074074,ND04_simultaneous_adverse_bundle,2025-06,1,True
2025-06-13,1,8267,イオン,0.1983663619014826,2.7957486136783727,ND04_simultaneous_adverse_bundle,2025-06,1,True
2025-06-17,1,3688,ＣＡＲＴＡ ＨＤ,0.22420355312108864,0.0,ND04_simultaneous_adverse_bundle,2025-06,1,True
2025-06-18,1,3526,芦森工,0.03713845342061355,0.17464198393293273,ND04_simultaneous_adverse_bundle,2025-06,1,True
2025-06-19,1,2267,ヤクルト,0.01829433615900998,-0.7245096306767951,ND04_simultaneous_adverse_bundle,2025-06,1,True
2025-06-20,1,1436,Ｇ－グリーンエナジー,0.03713845342061355,-0.603528319405755,ND04_simultaneous_adverse_bundle,2025-06,1,True
2025-06-24,1,3121,マーチャント,0.03713845342061355,4.166666666666674,ND04_simultaneous_adverse_bundle,2025-06,1,True
2025-06-25,1,4732,ＵＳＳ,0.22420355312108864,-0.09646302250804206,ND04_simultaneous_adverse_bundle,2025-06,1,True
2025-06-26,1,4386,ＳＩＧグループ,0.03713845342061355,0.0,ND04_simultaneous_adverse_bundle,2025-06,1,True
2025-06-27,1,4800,オリコン,0.03713845342061355,0.7802340702210753,ND04_simultaneous_adverse_bundle,2025-06,1,True
2025-06-30,1,7060,ギークス,0.19149725049997407,5.624999999999991,ND04_simultaneous_adverse_bundle,2025-06,1,True
2025-07-01,1,9386,日本コンセプト,0.16547062589231054,0.0,ND04_simultaneous_adverse_bundle,2025-07,1,True
2025-07-02,1,6191,エアトリ,0.03629922685710577,-2.483069977426633,ND04_simultaneous_adverse_bundle,2025-07,1,True
2025-07-07,1,9984,ソフトバンクグループ,0.03629922685710577,-0.5169172932330879,ND04_simultaneous_adverse_bundle,2025-07,1,True
2025-07-08,1,5463,丸一鋼管,0.20217703281911611,0.5932203389830581,ND04_simultaneous_adverse_bundle,2025-07,1,True
2025-07-09,1,2323,ｆｏｎｆｕｎ,0.01834952691388639,-3.397027600849256,ND04_simultaneous_adverse_bundle,2025-07,1,True
2025-07-10,1,3139,ラクト・ジャパン,0.03629922685710577,-4.651162790697672,ND04_simultaneous_adverse_bundle,2025-07,1,True
2025-07-11,1,4530,久光薬,0.15563755070980168,-0.3039513677811523,ND04_simultaneous_adverse_bundle,2025-07,1,True
2025-07-14,1,4465,ニイタカ,0.13597337273583074,-1.8339768339768359,ND04_simultaneous_adverse_bundle,2025-07,1,True
2025-07-15,1,3387,クリレスＨＤ,0.15148826300966206,1.8745959922430444,ND04_simultaneous_adverse_bundle,2025-07,1,True
2025-07-16,1,9843,ニトリＨＤ,0.22012834943024184,1.115384615384607,ND04_simultaneous_adverse_bundle,2025-07,1,True
2025-07-23,1,3399,山岡家,0.22012834943024184,-0.303030303030305,ND04_simultaneous_adverse_bundle,2025-07,1,True
2025-07-24,1,4390,ｉｐｓ,0.03629922685710577,1.2340237990304148,ND04_simultaneous_adverse_bundle,2025-07,1,True
2025-07-25,1,1419,タマホーム,0.030771932411843943,-2.0215633423180557,ND04_simultaneous_adverse_bundle,2025-07,1,True
2025-07-28,1,6338,タカトリ,0.19584434800139383,-0.37336652146857663,ND04_simultaneous_adverse_bundle,2025-07,1,True
2025-07-29,1,5290,ベルテクス,0.22012834943024184,-2.722323049001818,ND04_simultaneous_adverse_bundle,2025-07,1,True
2025-07-30,1,4498,Ｇ－サイバートラスト,0.17912848248666324,-0.9589041095890427,ND04_simultaneous_adverse_bundle,2025-07,1,True
2025-07-31,1,4114,日触媒,0.19944514685494036,0.49722140976893314,ND04_simultaneous_adverse_bundle,2025-07,1,True
2024-06-03,1,3267,フィル・カンパニー,0.0578628286509461,-6.290322580645158,ND04_simultaneous_adverse_bundle,2024-06,2,True
2024-06-03,2,3388,明治電機,0.0578628286509461,-0.6528189910979254,ND04_simultaneous_adverse_bundle,2024-06,2,True
2024-06-04,1,2899,永谷園ＨＤ,0.19454062641856235,0.0,ND04_simultaneous_adverse_bundle,2024-06,2,True
2024-06-04,2,3154,メディアスＨＤ,0.0578628286509461,-4.780487804878053,ND04_simultaneous_adverse_bundle,2024-06,2,True
2024-06-05,1,4996,クミアイ化,0.0578628286509461,-1.1538461538461497,ND04_simultaneous_adverse_bundle,2024-06,2,True
2024-06-05,2,6654,不二電機工業,0.03792978490180088,-0.7929515418502175,ND04_simultaneous_adverse_bundle,2024-06,2,True
2024-06-06,1,3544,サツドラＨＤ,0.0578628286509461,-0.44150110375276164,ND04_simultaneous_adverse_bundle,2024-06,2,True
2024-06-06,2,3661,エムアップＨＤ,0.0578628286509461,-1.0101010101010055,ND04_simultaneous_adverse_bundle,2024-06,2,True
2024-06-07,1,7777,Ｇ－３Ｄマトリックス,0.0578628286509461,2.0134228187919545,ND04_simultaneous_adverse_bundle,2024-06,2,True
2024-06-07,2,9627,アインＨＤ,0.03792978490180088,5.456155890168302,ND04_simultaneous_adverse_bundle,2024-06,2,True
2024-06-10,1,9072,ニッコンＨＤ,0.2824026236237539,8.221937374107302,ND04_simultaneous_adverse_bundle,2024-06,2,True
2024-06-10,2,3662,エイチーム,0.19092114375817082,3.649635036496357,ND04_simultaneous_adverse_bundle,2024-06,2,True
2024-06-11,1,3524,日東網,0.0578628286509461,-1.3414634146341475,ND04_simultaneous_adverse_bundle,2024-06,2,True
2024-06-11,2,9444,トーシンＨＤ,0.0578628286509461,-0.14409221902017544,ND04_simultaneous_adverse_bundle,2024-06,2,True
2024-06-12,1,6850,チノー,0.0578628286509461,-0.28000000000000247,ND04_simultaneous_adverse_bundle,2024-06,2,True
2024-06-12,2,8079,正栄食,0.02378706529077982,0.32679738562091387,ND04_simultaneous_adverse_bundle,2024-06,2,True
2024-06-13,1,1384,ホクリヨウ,0.0578628286509461,-0.09950248756218638,ND04_simultaneous_adverse_bundle,2024-06,2,True
2024-06-13,2,3446,ＪＴＥＣＣＯＲＰ,0.0578628286509461,-3.4362259755387314,ND04_simultaneous_adverse_bundle,2024-06,2,True
2024-06-14,1,3361,トーエル,0.23863046730410814,-1.6949152542372836,ND04_simultaneous_adverse_bundle,2024-06,2,True
2024-06-14,2,1873,日本ハウスＨＤ,0.0578628286509461,3.669724770642202,ND04_simultaneous_adverse_bundle,2024-06,2,True
2024-06-18,1,4936,アクシージア,0.0578628286509461,2.071005917159763,ND04_simultaneous_adverse_bundle,2024-06,2,True
2024-06-18,2,7747,アサヒインテック,0.0578628286509461,1.2231710131548557,ND04_simultaneous_adverse_bundle,2024-06,2,True
2024-06-19,1,4348,インフォコム,0.24960041288447907,0.0,ND04_simultaneous_adverse_bundle,2024-06,2,True
2024-06-19,2,1419,タマホーム,0.0578628286509461,0.8871989860582907,ND04_simultaneous_adverse_bundle,2024-06,2,True
2024-06-20,1,3815,Ｇ－メディア,0.1619396356577154,0.0,ND04_simultaneous_adverse_bundle,2024-06,2,True
2024-06-20,2,3666,テクノスジャパン,0.0578628286509461,3.9432176656151396,ND04_simultaneous_adverse_bundle,2024-06,2,True
2024-06-21,1,3803,Ｇ－イメージ情,0.0578628286509461,-3.508771929824561,ND04_simultaneous_adverse_bundle,2024-06,2,True
2024-06-21,2,4418,Ｇ－ＪＤＳＣ,0.0578628286509461,-5.882352941176472,ND04_simultaneous_adverse_bundle,2024-06,2,True
2024-06-24,1,4221,大倉工,0.13637290959678366,3.600000000000003,ND04_simultaneous_adverse_bundle,2024-06,2,True
2024-06-24,2,2162,ｎｍｓ ＨＤ,0.0578628286509461,2.7638190954773822,ND04_simultaneous_adverse_bundle,2024-06,2,True
2024-06-25,1,3121,マーチャント,0.0578628286509461,0.3311258278145601,ND04_simultaneous_adverse_bundle,2024-06,2,True
2024-06-25,2,4539,日ケミファ,0.0578628286509461,0.4399748585795171,ND04_simultaneous_adverse_bundle,2024-06,2,True
2024-06-26,1,4887,サワイグループＨＤ,0.2637431324955001,0.4419191919191823,ND04_simultaneous_adverse_bundle,2024-06,2,True
2024-06-26,2,4386,ＳＩＧグループ,0.0578628286509461,0.0,ND04_simultaneous_adverse_bundle,2024-06,2,True
2024-06-27,1,4187,大有機化,0.0578628286509461,-0.5174644243208237,ND04_simultaneous_adverse_bundle,2024-06,2,True
2024-06-27,2,4800,オリコン,0.0578628286509461,-0.23014959723820505,ND04_simultaneous_adverse_bundle,2024-06,2,True
2024-06-28,1,7259,アイシン,0.2824026236237539,3.005893909626711,ND04_simultaneous_adverse_bundle,2024-06,2,True
2024-06-28,2,6194,アトラエ,0.2637431324955001,-1.6990291262135915,ND04_simultaneous_adverse_bundle,2024-06,2,True
2024-07-01,1,3501,住江織物,0.051742574254871866,-0.07980845969672856,ND04_simultaneous_adverse_bundle,2024-07,2,True
2024-07-01,2,2181,パーソルＨＤ,0.037784153370712274,0.48394192696876726,ND04_simultaneous_adverse_bundle,2024-07,2,True
2024-07-02,1,1946,トーエネック,0.23445836896165337,-2.9090909090909056,ND04_simultaneous_adverse_bundle,2024-07,2,True
2024-07-02,2,2931,ユーグレナ,0.026676991036996917,-1.3207547169811318,ND04_simultaneous_adverse_bundle,2024-07,2,True
2024-07-03,1,8113,ユニチャーム,0.037784153370712274,0.621963070942666,ND04_simultaneous_adverse_bundle,2024-07,2,True
2024-07-03,2,7267,ホンダ,0.026676991036996917,0.2017291066282345,ND04_simultaneous_adverse_bundle,2024-07,2,True
2024-07-04,1,2753,あみやき,0.026676991036996917,-3.626943005181349,ND04_simultaneous_adverse_bundle,2024-07,2,True
2024-07-04,2,7366,ＬＩＴＡＬＩＣＯ,0.026676991036996917,-0.40959625511994835,ND04_simultaneous_adverse_bundle,2024-07,2,True
2024-07-05,1,4978,Ｇ－リプロセル,0.026676991036996917,1.4598540145985384,ND04_simultaneous_adverse_bundle,2024-07,2,True
2024-07-05,2,5618,Ｇ－ナイル,0.026676991036996917,1.9230769230769162,ND04_simultaneous_adverse_bundle,2024-07,2,True
2024-07-08,1,2659,サンエー,0.045018638535865615,-3.6633663366336666,ND04_simultaneous_adverse_bundle,2024-07,2,True
2024-07-08,2,2459,アウン,0.03572224209807367,-1.980198019801982,ND04_simultaneous_adverse_bundle,2024-07,2,True
2024-07-09,1,3948,光ビジネス,0.037784153370712274,0.23094688221709792,ND04_simultaneous_adverse_bundle,2024-07,2,True
2024-07-09,2,8887,クミカ,0.037784153370712274,-0.911854103343468,ND04_simultaneous_adverse_bundle,2024-07,2,True
2024-07-10,1,6098,リクルートＨＤ,0.1895798205142624,2.529729729729735,ND04_simultaneous_adverse_bundle,2024-07,2,True
2024-07-10,2,2687,ＣＶＳベイ,0.037784153370712274,-2.9451137884872858,ND04_simultaneous_adverse_bundle,2024-07,2,True
2024-07-11,1,6525,ＫＯＫＵＳＡＩ,0.24582497551810248,0.9090909090909038,ND04_simultaneous_adverse_bundle,2024-07,2,True
2024-07-11,2,1514,住石ＨＤ,0.037784153370712274,-0.4562737642585524,ND04_simultaneous_adverse_bundle,2024-07,2,True
2024-07-12,1,3160,大光,0.2184380368048552,-0.16420361247947435,ND04_simultaneous_adverse_bundle,2024-07,2,True
2024-07-12,2,4443,Ｓａｎｓａｎ,0.08977752318406274,0.0,ND04_simultaneous_adverse_bundle,2024-07,2,True
2024-07-16,1,2722,ＩＫホールディングス,0.15977795383168214,0.0,ND04_simultaneous_adverse_bundle,2024-07,2,True
2024-07-16,2,2487,ＣＤＧ,0.037784153370712274,-0.15735641227380137,ND04_simultaneous_adverse_bundle,2024-07,2,True
2024-07-17,1,2207,名糖産,0.037784153370712274,0.48309178743961567,ND04_simultaneous_adverse_bundle,2024-07,2,True
2024-07-17,2,4267,Ｇ－ライトワークス,0.037784153370712274,0.0,ND04_simultaneous_adverse_bundle,2024-07,2,True
2024-07-18,1,9251,Ｇ－ＡＢ＆Ｃ,0.037784153370712274,-0.10604453870625141,ND04_simultaneous_adverse_bundle,2024-07,2,True
2024-07-18,2,165A,Ｇ－ＳＢＩレオス,0.026676991036996917,-1.7988552739165997,ND04_simultaneous_adverse_bundle,2024-07,2,True
2024-07-19,1,3174,ハピネス＆Ｄ,0.037784153370712274,0.0,ND04_simultaneous_adverse_bundle,2024-07,2,True
2024-07-19,2,4849,エン・ジャパン,0.037784153370712274,-0.7925072046109483,ND04_simultaneous_adverse_bundle,2024-07,2,True
2024-07-22,1,2303,ドーン,0.037784153370712274,-1.515892420537901,ND04_simultaneous_adverse_bundle,2024-07,2,True
2024-07-22,2,3321,ミタチ,0.037784153370712274,-0.08368200836820217,ND04_simultaneous_adverse_bundle,2024-07,2,True
2024-07-23,1,3539,ＪＭホールディングス,0.037784153370712274,-0.543872371283538,ND04_simultaneous_adverse_bundle,2024-07,2,True
2024-07-23,2,4918,アイビー,0.037784153370712274,-1.0810810810810811,ND04_simultaneous_adverse_bundle,2024-07,2,True
2024-07-24,1,6594,ニデック,0.1181989147447159,0.02778549597111102,ND04_simultaneous_adverse_bundle,2024-07,2,True
2024-07-24,2,4716,日本オラクル,0.037784153370712274,1.0748243075651143,ND04_simultaneous_adverse_bundle,2024-07,2,True
2024-07-25,1,4812,電通総研,0.037784153370712274,1.3182674199623268,ND04_simultaneous_adverse_bundle,2024-07,2,True
2024-07-25,2,9731,白洋舎,0.037784153370712274,0.04237288135593431,ND04_simultaneous_adverse_bundle,2024-07,2,True
2024-07-26,1,1401,Ｇ－エムビーエス,0.037784153370712274,0.42253521126760507,ND04_simultaneous_adverse_bundle,2024-07,2,True
2024-07-26,2,3968,セグエ,0.037784153370712274,-3.0546623794212246,ND04_simultaneous_adverse_bundle,2024-07,2,True
2024-07-29,1,7962,キングジム,0.051742574254871866,1.2629161882893314,ND04_simultaneous_adverse_bundle,2024-07,2,True
2024-07-29,2,1724,シンクレイヤ,0.037784153370712274,0.5689900426742556,ND04_simultaneous_adverse_bundle,2024-07,2,True
2024-07-30,1,4320,ＣＥＨＤ,0.051742574254871866,-2.6871401151631447,ND04_simultaneous_adverse_bundle,2024-07,2,True
2024-07-30,2,2735,ワッツ,0.037784153370712274,-4.171934260429833,ND04_simultaneous_adverse_bundle,2024-07,2,True
2024-07-31,1,3054,ハイパー,0.037784153370712274,0.0,ND04_simultaneous_adverse_bundle,2024-07,2,True
2024-07-31,2,9539,京葉瓦斯,0.037784153370712274,0.5261180007515964,ND04_simultaneous_adverse_bundle,2024-07,2,True
2025-04-01,1,3288,オープンハウスＧ,0.07307794192601853,3.7849606431083593,ND04_simultaneous_adverse_bundle,2025-04,2,True
2025-04-01,2,3512,日フエルト,0.026647788164243905,-1.673640167364021,ND04_simultaneous_adverse_bundle,2025-04,2,True
2025-04-02,1,3967,Ｇ－エルテス,0.026647788164243905,-6.923076923076921,ND04_simultaneous_adverse_bundle,2025-04,2,True
2025-04-02,2,1376,カネコ種苗,0.017010437409461884,-0.2849002849002802,ND04_simultaneous_adverse_bundle,2025-04,2,True
2025-04-03,1,8624,いちよし,0.026647788164243905,-3.9563437926330103,ND04_simultaneous_adverse_bundle,2025-04,2,True
2025-04-03,2,2146,ＵＴグループ,0.017010437409461884,4.911906033101965,ND04_simultaneous_adverse_bundle,2025-04,2,True
2025-04-04,1,4612,日ペイントＨＤ,0.026647788164243905,-2.1535580524344566,ND04_simultaneous_adverse_bundle,2025-04,2,True
2025-04-04,2,2121,ＭＩＸＩ,0.017010437409461884,-1.4331210191082855,ND04_simultaneous_adverse_bundle,2025-04,2,True
2025-04-07,1,4920,日本色材,0.026647788164243905,-2.9189189189189224,ND04_simultaneous_adverse_bundle,2025-04,2,True
2025-04-07,2,6098,リクルートＨＤ,0.026647788164243905,7.41100323624595,ND04_simultaneous_adverse_bundle,2025-04,2,True
2025-04-08,1,7513,コジマ,0.026647788164243905,4.4057377049180335,ND04_simultaneous_adverse_bundle,2025-04,2,True
2025-04-08,2,1821,三住建設,0.017010437409461884,3.750000000000009,ND04_simultaneous_adverse_bundle,2025-04,2,True
2025-04-09,1,2923,サトウ食品,0.026647788164243905,6.056129985228953,ND04_simultaneous_adverse_bundle,2025-04,2,True
2025-04-09,2,5271,トーヨーアサノ,0.026647788164243905,0.0,ND04_simultaneous_adverse_bundle,2025-04,2,True
2025-04-10,1,2685,アダストリア,0.017010437409461884,0.9800362976406518,ND04_simultaneous_adverse_bundle,2025-04,2,True
2025-04-10,2,3097,物語コーポ,0.017010437409461884,2.6946107784431073,ND04_simultaneous_adverse_bundle,2025-04,2,True
2025-04-11,1,2999,ホームポジション,0.23735330407833974,0.0,ND04_simultaneous_adverse_bundle,2025-04,2,True
2025-04-11,2,6532,ベイカレント,0.04395798401303331,9.335443037974688,ND04_simultaneous_adverse_bundle,2025-04,2,True
2025-04-14,1,7450,サンデー,0.026647788164243905,0.8204193254329972,ND04_simultaneous_adverse_bundle,2025-04,2,True
2025-04-14,2,8904,ＡＶＡＮＴＩＡ,0.026647788164243905,-0.79155672823219,ND04_simultaneous_adverse_bundle,2025-04,2,True
2025-04-22,1,2373,ケア２１,0.026647788164243905,1.025641025641022,ND04_simultaneous_adverse_bundle,2025-04,2,True
2025-04-22,2,6436,アマノ,0.026647788164243905,2.624131721121681,ND04_simultaneous_adverse_bundle,2025-04,2,True
2025-04-23,1,1720,東急建設,0.026647788164243905,2.5609756097561,ND04_simultaneous_adverse_bundle,2025-04,2,True
2025-04-23,2,8793,ＮＥＣキャピ,0.026647788164243905,-0.923482849604218,ND04_simultaneous_adverse_bundle,2025-04,2,True
2025-04-24,1,1945,東京エネシス,0.026647788164243905,0.9009009009008917,ND04_simultaneous_adverse_bundle,2025-04,2,True
2025-04-24,2,4761,さくらＫＣＳ,0.026647788164243905,0.17683465959328348,ND04_simultaneous_adverse_bundle,2025-04,2,True
2025-04-25,1,1810,松井建,0.026647788164243905,1.5544041450777257,ND04_simultaneous_adverse_bundle,2025-04,2,True
2025-04-25,2,1969,高砂熱,0.026647788164243905,-2.2374352980464196,ND04_simultaneous_adverse_bundle,2025-04,2,True
2025-04-30,1,8281,ゼビオＨＤ,0.2802963917550348,0.9273570324574987,ND04_simultaneous_adverse_bundle,2025-04,2,True
2025-04-30,2,5332,ＴＯＴＯ,0.21787069692013658,3.23809523809524,ND04_simultaneous_adverse_bundle,2025-04,2,True
2025-05-01,1,9001,東武,0.09123240941133144,1.3984674329502012,ND04_simultaneous_adverse_bundle,2025-05,2,True
2025-05-01,2,2389,デジタルＨＤ,0.0346802402823119,1.151079136690658,ND04_simultaneous_adverse_bundle,2025-05,2,True
2025-05-08,1,2344,平安レイ,0.10155007756241809,-1.8583042973286834,ND04_simultaneous_adverse_bundle,2025-05,2,True
2025-05-08,2,2224,コモ,0.0346802402823119,1.944894651539708,ND04_simultaneous_adverse_bundle,2025-05,2,True
2025-05-09,1,3984,ユーザーローカル,0.12870959740640986,1.4245014245014342,ND04_simultaneous_adverse_bundle,2025-05,2,True
2025-05-09,2,8558,東和銀,0.11650638609461078,6.779661016949157,ND04_simultaneous_adverse_bundle,2025-05,2,True
2025-05-12,1,1375,ユキグニファクトリー,0.39058274713029006,-0.7213706041478862,ND04_simultaneous_adverse_bundle,2025-05,2,True
2025-05-12,2,6222,島精機,0.3802650789792034,-2.9189189189189224,ND04_simultaneous_adverse_bundle,2025-05,2,True
2025-05-13,1,9006,京急,0.36344401224444656,-0.8191349934469239,ND04_simultaneous_adverse_bundle,2025-05,2,True
2025-05-13,2,7236,ティラド,0.3578307588330523,6.62790697674418,ND04_simultaneous_adverse_bundle,2025-05,2,True
2025-05-14,1,2585,ライフドリンクＣ,0.21423248911089338,-5.351351351351353,ND04_simultaneous_adverse_bundle,2025-05,2,True
2025-05-14,2,4418,Ｇ－ＪＤＳＣ,0.1457430316185612,3.1182795698924792,ND04_simultaneous_adverse_bundle,2025-05,2,True
2025-05-15,1,3817,ＳＲＡＨＤ,0.22643570042269245,-4.905239687848384,ND04_simultaneous_adverse_bundle,2025-05,2,True
2025-05-15,2,4495,Ｇ－アイキューブド,0.22643570042269245,6.848484848484859,ND04_simultaneous_adverse_bundle,2025-05,2,True
2025-05-16,1,2488,ＪＴＰ,0.24137122399673686,1.8501387604070274,ND04_simultaneous_adverse_bundle,2025-05,2,True
2025-05-16,2,9780,ハリマビステム,0.20391482095980676,-1.4084507042253502,ND04_simultaneous_adverse_bundle,2025-05,2,True
2025-05-19,1,8803,平和不,0.16290035981495382,0.8888888888888946,ND04_simultaneous_adverse_bundle,2025-05,2,True
2025-05-19,2,1844,大盛工,0.0346802402823119,-1.3333333333333308,ND04_simultaneous_adverse_bundle,2025-05,2,True
2025-05-20,1,177A,Ｇ－コージンバイオ,0.0346802402823119,-0.9445100354191216,ND04_simultaneous_adverse_bundle,2025-05,2,True
2025-05-20,2,2327,ＮＳＳＯＬ,0.0346802402823119,1.2091587342423438,ND04_simultaneous_adverse_bundle,2025-05,2,True
2025-05-21,1,1852,浅沼組,0.0346802402823119,-0.26881720430107503,ND04_simultaneous_adverse_bundle,2025-05,2,True
2025-05-21,2,2114,フジ日本,0.0346802402823119,0.0950570342205248,ND04_simultaneous_adverse_bundle,2025-05,2,True
2025-05-27,1,3286,トラストＨＤ,0.17508278616860465,-0.9777777777777774,ND04_simultaneous_adverse_bundle,2025-05,2,True
2025-05-27,2,173A,Ｇ－ハンモック,0.0346802402823119,-0.3111387678904842,ND04_simultaneous_adverse_bundle,2025-05,2,True
2025-05-28,1,2877,日東ベスト,0.0346802402823119,-0.8196721311475419,ND04_simultaneous_adverse_bundle,2025-05,2,True
2025-05-28,2,3597,自重堂,0.0346802402823119,1.5920398009950265,ND04_simultaneous_adverse_bundle,2025-05,2,True
2025-05-29,1,3359,Ｇ－ｃｏｔｔａ,0.0346802402823119,-2.505694760820043,ND04_simultaneous_adverse_bundle,2025-05,2,True
2025-05-29,2,4047,関電化,0.0346802402823119,-0.7058823529411784,ND04_simultaneous_adverse_bundle,2025-05,2,True
2025-05-30,1,7202,いすゞ自,0.2606264628312364,2.243673362901122,ND04_simultaneous_adverse_bundle,2025-05,2,True
2025-05-30,2,4331,Ｔ＆Ｇニーズ,0.0346802402823119,1.4285714285714235,ND04_simultaneous_adverse_bundle,2025-05,2,True
2025-06-02,1,3175,ＡＰＨＤ,0.22420355312108864,0.0,ND04_simultaneous_adverse_bundle,2025-06,2,True
2025-06-02,2,6973,協栄産,0.22420355312108864,0.0,ND04_simultaneous_adverse_bundle,2025-06,2,True
2025-06-03,1,2183,リニカル,0.03713845342061355,-0.31347962382445305,ND04_simultaneous_adverse_bundle,2025-06,2,True
2025-06-03,2,3161,アゼアス,0.03713845342061355,-0.3110419906687367,ND04_simultaneous_adverse_bundle,2025-06,2,True
2025-06-04,1,4538,扶桑薬,0.03713845342061355,-1.018047200370198,ND04_simultaneous_adverse_bundle,2025-06,2,True
2025-06-04,2,5079,ノバック,0.03713845342061355,1.4388489208633004,ND04_simultaneous_adverse_bundle,2025-06,2,True
2025-06-05,1,3646,Ｇ－駅探,0.03713845342061355,-1.2012012012011963,ND04_simultaneous_adverse_bundle,2025-06,2,True
2025-06-05,2,6082,ライドオンＥＸＨＤ,0.03713845342061355,0.0,ND04_simultaneous_adverse_bundle,2025-06,2,True
2025-06-06,1,1786,オリエンタル白石,0.01829433615900998,-0.5494505494505475,ND04_simultaneous_adverse_bundle,2025-06,2,True
2025-06-06,2,1944,きんでん,0.01829433615900998,1.0769230769230864,ND04_simultaneous_adverse_bundle,2025-06,2,True
2025-06-09,1,3662,エイチームＨＤ,0.16033298826423245,-3.650793650793649,ND04_simultaneous_adverse_bundle,2025-06,2,True
2025-06-09,2,9101,郵船,0.03713845342061355,-1.1179876222798923,ND04_simultaneous_adverse_bundle,2025-06,2,True
2025-06-10,1,1447,Ｇ－ＳＡＡＦＨＤ,0.01829433615900998,0.38610038610038533,ND04_simultaneous_adverse_bundle,2025-06,2,True
2025-06-10,2,1844,大盛工,0.01829433615900998,-0.5235602094240788,ND04_simultaneous_adverse_bundle,2025-06,2,True
2025-06-11,1,3524,日東網,0.03713845342061355,-1.025290498974707,ND04_simultaneous_adverse_bundle,2025-06,2,True
2025-06-11,2,4056,Ｇ－ニューラル,0.03713845342061355,-1.187335092348285,ND04_simultaneous_adverse_bundle,2025-06,2,True
2025-06-12,1,7034,プロレドパートナーズ,0.03713845342061355,4.074074074074074,ND04_simultaneous_adverse_bundle,2025-06,2,True
2025-06-12,2,165A,Ｇ－ＳＢＩレオス,0.01829433615900998,-1.025641025641022,ND04_simultaneous_adverse_bundle,2025-06,2,True
2025-06-13,1,8267,イオン,0.1983663619014826,2.7957486136783727,ND04_simultaneous_adverse_bundle,2025-06,2,True
2025-06-13,2,7604,梅の花グループ,0.03713845342061355,0.0,ND04_simultaneous_adverse_bundle,2025-06,2,True
2025-06-17,1,3688,ＣＡＲＴＡ ＨＤ,0.22420355312108864,0.0,ND04_simultaneous_adverse_bundle,2025-06,2,True
2025-06-17,2,1716,第一カッター,0.03713845342061355,0.1498127340823885,ND04_simultaneous_adverse_bundle,2025-06,2,True
2025-06-18,1,3526,芦森工,0.03713845342061355,0.17464198393293273,ND04_simultaneous_adverse_bundle,2025-06,2,True
2025-06-18,2,7296,ＦＣＣ,0.03713845342061355,0.995208256542579,ND04_simultaneous_adverse_bundle,2025-06,2,True
2025-06-19,1,2267,ヤクルト,0.01829433615900998,-0.7245096306767951,ND04_simultaneous_adverse_bundle,2025-06,2,True
2025-06-19,2,2359,コア,0.01829433615900998,-0.2116402116402072,ND04_simultaneous_adverse_bundle,2025-06,2,True
2025-06-20,1,1436,Ｇ－グリーンエナジー,0.03713845342061355,-0.603528319405755,ND04_simultaneous_adverse_bundle,2025-06,2,True
2025-06-20,2,6670,ＭＣＪ,0.03713845342061355,-1.0542168674698815,ND04_simultaneous_adverse_bundle,2025-06,2,True
2025-06-24,1,3121,マーチャント,0.03713845342061355,4.166666666666674,ND04_simultaneous_adverse_bundle,2025-06,2,True
2025-06-24,2,4347,ブロードメディア,0.03713845342061355,0.520291363163361,ND04_simultaneous_adverse_bundle,2025-06,2,True
2025-06-25,1,4732,ＵＳＳ,0.22420355312108864,-0.09646302250804206,ND04_simultaneous_adverse_bundle,2025-06,2,True
2025-06-25,2,5352,黒崎播磨,0.03713845342061355,-4.093567251461994,ND04_simultaneous_adverse_bundle,2025-06,2,True
2025-06-26,1,4386,ＳＩＧグループ,0.03713845342061355,0.0,ND04_simultaneous_adverse_bundle,2025-06,2,True
2025-06-26,2,7944,ローランド,0.03713845342061355,0.31347962382444194,ND04_simultaneous_adverse_bundle,2025-06,2,True
2025-06-27,1,4800,オリコン,0.03713845342061355,0.7802340702210753,ND04_simultaneous_adverse_bundle,2025-06,2,True
2025-06-27,2,9331,Ｇ－キャスター,0.03713845342061355,-2.7906976744186074,ND04_simultaneous_adverse_bundle,2025-06,2,True
2025-06-30,1,7060,ギークス,0.19149725049997407,5.624999999999991,ND04_simultaneous_adverse_bundle,2025-06,2,True
2025-06-30,2,1873,日本ハウスＨＤ,0.03713845342061355,-0.33783783783783994,ND04_simultaneous_adverse_bundle,2025-06,2,True
2025-07-01,1,9386,日本コンセプト,0.16547062589231054,0.0,ND04_simultaneous_adverse_bundle,2025-07,2,True
2025-07-01,2,1514,住石ＨＤ,0.03629922685710577,-0.4893964110929905,ND04_simultaneous_adverse_bundle,2025-07,2,True
2025-07-02,1,6191,エアトリ,0.03629922685710577,-2.483069977426633,ND04_simultaneous_adverse_bundle,2025-07,2,True
2025-07-02,2,8887,シーラＨＤ,0.030771932411843943,-1.7391304347826098,ND04_simultaneous_adverse_bundle,2025-07,2,True
2025-07-07,1,9984,ソフトバンクグループ,0.03629922685710577,-0.5169172932330879,ND04_simultaneous_adverse_bundle,2025-07,2,True
2025-07-07,2,1893,五洋建,0.01834952691388639,-0.7299270072992803,ND04_simultaneous_adverse_bundle,2025-07,2,True
2025-07-08,1,5463,丸一鋼管,0.20217703281911611,0.5932203389830581,ND04_simultaneous_adverse_bundle,2025-07,2,True
2025-07-08,2,3021,ＰＣＮＥＴ,0.04872163235506332,-4.499274310595069,ND04_simultaneous_adverse_bundle,2025-07,2,True
2025-07-09,1,2323,ｆｏｎｆｕｎ,0.01834952691388639,-3.397027600849256,ND04_simultaneous_adverse_bundle,2025-07,2,True
2025-07-09,2,2438,Ｇ－アスカネット,0.01834952691388639,-0.7025761124121788,ND04_simultaneous_adverse_bundle,2025-07,2,True
2025-07-10,1,3139,ラクト・ジャパン,0.03629922685710577,-4.651162790697672,ND04_simultaneous_adverse_bundle,2025-07,2,True
2025-07-10,2,6465,ホシザキ,0.03629922685710577,0.057692307692303046,ND04_simultaneous_adverse_bundle,2025-07,2,True
2025-07-11,1,4530,久光薬,0.15563755070980168,-0.3039513677811523,ND04_simultaneous_adverse_bundle,2025-07,2,True
2025-07-11,2,3501,ＳＵＭＩＮＯＥ,0.03629922685710577,-0.17921146953404632,ND04_simultaneous_adverse_bundle,2025-07,2,True
2025-07-14,1,4465,ニイタカ,0.13597337273583074,-1.8339768339768359,ND04_simultaneous_adverse_bundle,2025-07,2,True
2025-07-14,2,4015,Ｇ－ペイクラウドＨＤ,0.03629922685710577,-13.131313131313128,ND04_simultaneous_adverse_bundle,2025-07,2,True
2025-07-15,1,3387,クリレスＨＤ,0.15148826300966206,1.8745959922430444,ND04_simultaneous_adverse_bundle,2025-07,2,True
2025-07-15,2,6312,フロイント,0.14752092594909116,0.0,ND04_simultaneous_adverse_bundle,2025-07,2,True
2025-07-16,1,9843,ニトリＨＤ,0.22012834943024184,1.115384615384607,ND04_simultaneous_adverse_bundle,2025-07,2,True
2025-07-16,2,146A,コロンビア・ワークス,0.04872163235506332,0.0,ND04_simultaneous_adverse_bundle,2025-07,2,True
2025-07-23,1,3399,山岡家,0.22012834943024184,-0.303030303030305,ND04_simultaneous_adverse_bundle,2025-07,2,True
2025-07-23,2,7818,トランザクション,0.19944514685494036,0.8957654723126929,ND04_simultaneous_adverse_bundle,2025-07,2,True
2025-07-24,1,4390,ｉｐｓ,0.03629922685710577,1.2340237990304148,ND04_simultaneous_adverse_bundle,2025-07,2,True
2025-07-24,2,1866,北野建,0.01834952691388639,-1.0152284263959421,ND04_simultaneous_adverse_bundle,2025-07,2,True
2025-07-25,1,1419,タマホーム,0.030771932411843943,-2.0215633423180557,ND04_simultaneous_adverse_bundle,2025-07,2,True
2025-07-25,2,7357,ジオコード,0.030771932411843943,0.3355704697986628,ND04_simultaneous_adverse_bundle,2025-07,2,True
2025-07-28,1,6338,タカトリ,0.19584434800139383,-0.37336652146857663,ND04_simultaneous_adverse_bundle,2025-07,2,True
2025-07-28,2,9436,沖縄セルラー,0.16820412852439262,-6.057692307692308,ND04_simultaneous_adverse_bundle,2025-07,2,True
2025-07-29,1,5290,ベルテクス,0.22012834943024184,-2.722323049001818,ND04_simultaneous_adverse_bundle,2025-07,2,True
2025-07-29,2,4578,大塚ＨＤ,0.03629922685710577,1.5036537380550774,ND04_simultaneous_adverse_bundle,2025-07,2,True
2025-07-30,1,4498,Ｇ－サイバートラスト,0.17912848248666324,-0.9589041095890427,ND04_simultaneous_adverse_bundle,2025-07,2,True
2025-07-30,2,1994,高橋ウォール,0.03629922685710577,0.8080808080808133,ND04_simultaneous_adverse_bundle,2025-07,2,True
2025-07-31,1,4114,日触媒,0.19944514685494036,0.49722140976893314,ND04_simultaneous_adverse_bundle,2025-07,2,True
2025-07-31,2,2217,モロゾフ,0.03629922685710577,-1.728553137003841,ND04_simultaneous_adverse_bundle,2025-07,2,True
2024-06-03,1,5288,アジアパイルＨＤ,0.08371049257637883,-1.6966067864271461,ND05_release_clock_and_fiscal_horizon,2024-06,1,True
2024-06-04,1,1712,ダイセキＳ,0.04310095732507584,-0.694444444444442,ND05_release_clock_and_fiscal_horizon,2024-06,1,True
2024-06-05,1,1914,日基礎,0.04310095732507584,0.0,ND05_release_clock_and_fiscal_horizon,2024-06,1,True
2024-06-06,1,3544,サツドラＨＤ,0.06826237010887617,-0.44150110375276164,ND05_release_clock_and_fiscal_horizon,2024-06,1,True
2024-06-07,1,7218,田中精密,0.06826237010887617,2.262016965127245,ND05_release_clock_and_fiscal_horizon,2024-06,1,True
2024-06-10,1,1712,ダイセキＳ,0.05118430081033591,0.5138746145940454,ND05_release_clock_and_fiscal_horizon,2024-06,1,True
2024-06-11,1,3524,日東網,0.06966209879433644,-1.3414634146341475,ND05_release_clock_and_fiscal_horizon,2024-06,1,True
2024-06-12,1,4205,日ゼオン,0.07562714909111876,-1.0373443983402453,ND05_release_clock_and_fiscal_horizon,2024-06,1,True
2024-06-13,1,3446,ＪＴＥＣＣＯＲＰ,0.07562714909111876,-3.4362259755387314,ND05_release_clock_and_fiscal_horizon,2024-06,1,True
2024-06-14,1,4413,Ｇ－ボードルア,0.071341286224987,3.469079939668185,ND05_release_clock_and_fiscal_horizon,2024-06,1,True
2024-06-18,1,1662,石油資源,0.04310095732507584,-1.4062499999999978,ND05_release_clock_and_fiscal_horizon,2024-06,1,True
2024-06-19,1,6141,ＤＭＧ森精機,0.07562714909111876,-0.283085633404101,ND05_release_clock_and_fiscal_horizon,2024-06,1,True
2024-06-20,1,3815,Ｇ－メディア,0.07562714909111876,0.0,ND05_release_clock_and_fiscal_horizon,2024-06,1,True
2024-06-21,1,4015,Ｇ－ペイクラウドＨＤ,0.07269523664877632,-2.771855010660984,ND05_release_clock_and_fiscal_horizon,2024-06,1,True
2024-06-24,1,4179,Ｇ－ジーネクスト,0.08129796797138872,2.447552447552437,ND05_release_clock_and_fiscal_horizon,2024-06,1,True
2024-06-25,1,6031,Ｇ－サイジニア,0.07562714909111876,-1.7681728880157177,ND05_release_clock_and_fiscal_horizon,2024-06,1,True
2024-06-26,1,6857,アドバンテス,0.07562714909111876,2.487234393015969,ND05_release_clock_and_fiscal_horizon,2024-06,1,True
2024-06-27,1,6185,ＳＭＮ,0.07269523664877632,2.2508038585209,ND05_release_clock_and_fiscal_horizon,2024-06,1,True
2024-06-28,1,3443,川田ＴＥＣＨ,0.06966209879433644,-0.5401512423478527,ND05_release_clock_and_fiscal_horizon,2024-06,1,True
2024-07-01,1,5368,日本インシュレ,0.038800297955131756,-0.10449320794148065,ND05_release_clock_and_fiscal_horizon,2024-07,1,True
2024-07-02,1,4475,Ｇ－ＨＥＮＮＧＥ,0.0317657549450989,0.6734006734006703,ND05_release_clock_and_fiscal_horizon,2024-07,1,True
2024-07-03,1,7267,ホンダ,0.03162788590256008,0.2017291066282345,ND05_release_clock_and_fiscal_horizon,2024-07,1,True
2024-07-04,1,3848,データアプリ,0.0317657549450989,0.21551724137931494,ND05_release_clock_and_fiscal_horizon,2024-07,1,True
2024-07-05,1,9104,商船三井,0.04196939692554305,-3.566037735849059,ND05_release_clock_and_fiscal_horizon,2024-07,1,True
2024-07-08,1,3391,ツルハＨＤ,0.05115544708212297,0.2850877192982493,ND05_release_clock_and_fiscal_horizon,2024-07,1,True
2024-07-09,1,9612,ラックランド,0.04610295258491789,0.3295668549905928,ND05_release_clock_and_fiscal_horizon,2024-07,1,True
2024-07-10,1,4661,ＯＬＣ,0.03993011667573999,-1.2873663539166524,ND05_release_clock_and_fiscal_horizon,2024-07,1,True
2024-07-11,1,9812,テーオーＨＤ,0.03993011667573999,-1.1933174224343701,ND05_release_clock_and_fiscal_horizon,2024-07,1,True
2024-07-12,1,4973,高純度化,0.03137992602431476,-0.43859649122807154,ND05_release_clock_and_fiscal_horizon,2024-07,1,True
2024-07-16,1,2487,ＣＤＧ,0.05105186691754958,-0.15735641227380137,ND05_release_clock_and_fiscal_horizon,2024-07,1,True
2024-07-17,1,5185,フコク,0.030879897819577562,-0.04516711833785214,ND05_release_clock_and_fiscal_horizon,2024-07,1,True
2024-07-18,1,9215,Ｇ－ＣａＳｙ,0.04568669506933119,1.3698630136986356,ND05_release_clock_and_fiscal_horizon,2024-07,1,True
2024-07-19,1,6310,井関農,0.03415819055007768,-0.3883495145631022,ND05_release_clock_and_fiscal_horizon,2024-07,1,True
2024-07-22,1,9058,トランコム,0.03699576045219704,-0.6211180124223614,ND05_release_clock_and_fiscal_horizon,2024-07,1,True
2024-07-23,1,3416,Ｇ－ピクスタ,0.03137992602431476,0.0,ND05_release_clock_and_fiscal_horizon,2024-07,1,True
2024-07-24,1,8129,東邦ＨＤ,0.03179291545215114,-0.7126948775055708,ND05_release_clock_and_fiscal_horizon,2024-07,1,True
2024-07-25,1,8337,千葉興銀,0.031709177799354255,-1.1916583912611745,ND05_release_clock_and_fiscal_horizon,2024-07,1,True
2024-07-26,1,7074,Ｇ－２４７,0.0317657549450989,2.9962546816479474,ND05_release_clock_and_fiscal_horizon,2024-07,1,True
2024-07-29,1,4205,日ゼオン,0.04988697605179752,3.266055045871563,ND05_release_clock_and_fiscal_horizon,2024-07,1,True
2024-07-30,1,3063,Ｇ－ｊＧｒｏｕｐ,0.03993011667573999,0.14124293785311437,ND05_release_clock_and_fiscal_horizon,2024-07,1,True
2024-07-31,1,9984,ソフトバンクグループ,0.031796183539901456,1.9019019019018923,ND05_release_clock_and_fiscal_horizon,2024-07,1,True
2025-04-01,1,3994,マネーフォワード,0.03292053468343229,-4.368686868686867,ND05_release_clock_and_fiscal_horizon,2025-04,1,True
2025-04-02,1,7769,リズム,0.03320213231755005,0.9615384615384581,ND05_release_clock_and_fiscal_horizon,2025-04,1,True
2025-04-03,1,2375,ギグワークス,0.03153060685805212,0.0,ND05_release_clock_and_fiscal_horizon,2025-04,1,True
2025-04-04,1,6135,牧野フライス,0.03244362009642939,0.26385224274405594,ND05_release_clock_and_fiscal_horizon,2025-04,1,True
2025-04-07,1,9603,Ｈ．Ｉ．Ｓ．,0.0336580869107766,0.557103064066844,ND05_release_clock_and_fiscal_horizon,2025-04,1,True
2025-04-08,1,7267,ホンダ,0.03244362009642939,3.967611336032384,ND05_release_clock_and_fiscal_horizon,2025-04,1,True
2025-04-09,1,5401,日本製鉄,0.03384332336937184,-1.63137799375217,ND05_release_clock_and_fiscal_horizon,2025-04,1,True
2025-04-10,1,3758,アエリア,0.03153060685805212,0.92592592592593,ND05_release_clock_and_fiscal_horizon,2025-04,1,True
2025-04-11,1,7267,ホンダ,0.03244362009642939,3.543307086614167,ND05_release_clock_and_fiscal_horizon,2025-04,1,True
2025-04-14,1,2752,フジオフードＧ本社,0.032268159085396424,0.25553662691653045,ND05_release_clock_and_fiscal_horizon,2025-04,1,True
2025-04-22,1,8001,伊藤忠,0.03511799085973026,2.6425178147268413,ND05_release_clock_and_fiscal_horizon,2025-04,1,True
2025-04-23,1,7966,リンテック,0.03292053468343229,0.5658242172764893,ND05_release_clock_and_fiscal_horizon,2025-04,1,True
2025-04-24,1,1758,太洋基礎,0.03153060685805212,1.130952380952377,ND05_release_clock_and_fiscal_horizon,2025-04,1,True
2025-04-25,1,3918,ＰＣＩＨＤ,0.03292053468343229,5.48271752085816,ND05_release_clock_and_fiscal_horizon,2025-04,1,True
2025-04-30,1,9377,エージーピー,0.03351688811988669,0.13029315960912946,ND05_release_clock_and_fiscal_horizon,2025-04,1,True
2025-05-01,1,6758,ソニーグループ,0.03227791990406047,-1.5587207739854891,ND05_release_clock_and_fiscal_horizon,2025-05,1,True
2025-05-08,1,3922,ＰＲＴＩＭＥＳ,0.0338359574522185,-3.422553751645463,ND05_release_clock_and_fiscal_horizon,2025-05,1,True
2025-05-09,1,6957,芝浦電子,0.03586035819179835,-1.602564102564108,ND05_release_clock_and_fiscal_horizon,2025-05,1,True
2025-05-12,1,9066,日新,0.042693590017259836,0.0,ND05_release_clock_and_fiscal_horizon,2025-05,1,True
2025-05-13,1,1419,タマホーム,0.029533566767697455,-0.12515644555695093,ND05_release_clock_and_fiscal_horizon,2025-05,1,True
2025-05-14,1,4880,セルソース,0.03076788391048561,-1.5128593040847238,ND05_release_clock_and_fiscal_horizon,2025-05,1,True
2025-05-15,1,3179,シュッピン,0.030698706403575794,0.2762430939226457,ND05_release_clock_and_fiscal_horizon,2025-05,1,True
2025-05-16,1,7071,アンビス,0.03440526854686457,3.6446469248291535,ND05_release_clock_and_fiscal_horizon,2025-05,1,True
2025-05-19,1,9629,ピーシーエー,0.03678486573731026,-0.27762354247640175,ND05_release_clock_and_fiscal_horizon,2025-05,1,True
2025-05-20,1,2437,シンワワイズ,0.030698706403575794,-1.8087855297157618,ND05_release_clock_and_fiscal_horizon,2025-05,1,True
2025-05-21,1,9201,ＪＡＬ,0.04214290628161324,-0.9158154279675923,ND05_release_clock_and_fiscal_horizon,2025-05,1,True
2025-05-27,1,4826,ＣＩＪ,0.03684271596438339,-0.6122448979591799,ND05_release_clock_and_fiscal_horizon,2025-05,1,True
2025-05-28,1,6135,牧野フライス,0.03684271596438339,0.8849557522123908,ND05_release_clock_and_fiscal_horizon,2025-05,1,True
2025-05-29,1,7638,ＮＥＷ ＡＲＴ,0.0338359574522185,0.41753653444676075,ND05_release_clock_and_fiscal_horizon,2025-05,1,True
2025-05-30,1,3156,レスター,0.0338359574522185,5.124947056332063,ND05_release_clock_and_fiscal_horizon,2025-05,1,True
2025-06-02,1,9201,ＪＡＬ,0.041911865833351186,0.723140495867769,ND05_release_clock_and_fiscal_horizon,2025-06,1,True
2025-06-03,1,6578,コレックＨＤ,0.02903746619594451,0.3300330033003229,ND05_release_clock_and_fiscal_horizon,2025-06,1,True
2025-06-04,1,6135,牧野フライス,0.05136728724041945,0.25839793281654533,ND05_release_clock_and_fiscal_horizon,2025-06,1,True
2025-06-05,1,1436,Ｇ－グリーンエナジー,0.026861833652576834,-2.0557332115121008,ND05_release_clock_and_fiscal_horizon,2025-06,1,True
2025-06-06,1,7685,Ｇ－ＢＵＹＳＥＬＬ,0.052653417214204065,6.3141879041460625,ND05_release_clock_and_fiscal_horizon,2025-06,1,True
2025-06-09,1,9201,ＪＡＬ,0.041911865833351186,-0.35545023696682554,ND05_release_clock_and_fiscal_horizon,2025-06,1,True
2025-06-10,1,2153,イージェイＨＤ,0.027944988369272263,0.6040268456375841,ND05_release_clock_and_fiscal_horizon,2025-06,1,True
2025-06-11,1,2338,クオンタムＳ,0.027407227727512765,-0.2053388090349051,ND05_release_clock_and_fiscal_horizon,2025-06,1,True
2025-06-12,1,2683,魚喜,0.026861833652576834,-0.09398496240601295,ND05_release_clock_and_fiscal_horizon,2025-06,1,True
2025-06-13,1,220A,ファベル,0.031846986753867455,-0.5494505494505475,ND05_release_clock_and_fiscal_horizon,2025-06,1,True
2025-06-17,1,9377,エージーピー,0.03014956718851939,0.1965923984272644,ND05_release_clock_and_fiscal_horizon,2025-06,1,True
2025-06-18,1,2497,Ｇ－ＵＮＩＴＥＤ,0.026861833652576834,1.0471204188481575,ND05_release_clock_and_fiscal_horizon,2025-06,1,True
2025-06-19,1,3166,ＯＣＨＩ・ＨＤ,0.03530683501696006,0.7183908045977017,ND05_release_clock_and_fiscal_horizon,2025-06,1,True
2025-06-20,1,6807,航空電子,0.03414760562349595,-0.35700119000396935,ND05_release_clock_and_fiscal_horizon,2025-06,1,True
2025-06-24,1,3948,光ビジネス,0.028488552984528737,2.925045703839113,ND05_release_clock_and_fiscal_horizon,2025-06,1,True
2025-06-25,1,9377,エージーピー,0.031846986753867455,0.8191556395715116,ND05_release_clock_and_fiscal_horizon,2025-06,1,True
2025-06-26,1,7078,Ｇ－ＩＮＣ,0.032993287368579524,0.3780718336483968,ND05_release_clock_and_fiscal_horizon,2025-06,1,True
2025-06-27,1,9377,エージーピー,0.02687573794241073,-0.5829015544041471,ND05_release_clock_and_fiscal_horizon,2025-06,1,True
2025-06-30,1,3034,クオールＨＤ,0.03145261963504815,-0.37614185921547305,ND05_release_clock_and_fiscal_horizon,2025-06,1,True
2025-07-01,1,6753,シャープ,0.04028323540653845,-0.8145184338382294,ND05_release_clock_and_fiscal_horizon,2025-07,1,True
2025-07-02,1,5976,ネツレン,0.03362569164591424,1.0064043915827936,ND05_release_clock_and_fiscal_horizon,2025-07,1,True
2025-07-07,1,2338,クオンタムＳ,0.05775332871234597,0.6741573033707926,ND05_release_clock_and_fiscal_horizon,2025-07,1,True
2025-07-08,1,2175,ＳＭＳ,0.029267782258024726,-0.30706243602866,ND05_release_clock_and_fiscal_horizon,2025-07,1,True
2025-07-09,1,2323,ｆｏｎｆｕｎ,0.029267782258024726,-3.397027600849256,ND05_release_clock_and_fiscal_horizon,2025-07,1,True
2025-07-10,1,4880,セルソース,0.0346678989007907,-1.302460202604916,ND05_release_clock_and_fiscal_horizon,2025-07,1,True
2025-07-11,1,4626,太陽ＨＤ,0.04028323540653845,-0.9202453987730008,ND05_release_clock_and_fiscal_horizon,2025-07,1,True
2025-07-14,1,2124,ＪＡＣ,0.03200195004824725,0.09615384615384581,ND05_release_clock_and_fiscal_horizon,2025-07,1,True
2025-07-15,1,197A,タウンズ,0.029267782258024726,1.3671875,ND05_release_clock_and_fiscal_horizon,2025-07,1,True
2025-07-16,1,1433,ベステラ,0.029267782258024726,-0.7111111111111068,ND05_release_clock_and_fiscal_horizon,2025-07,1,True
2025-07-23,1,1787,ナカボーテック,0.03362569164591424,-2.209944751381221,ND05_release_clock_and_fiscal_horizon,2025-07,1,True
2025-07-24,1,3765,ガンホー,0.03362569164591424,-0.49896765313145464,ND05_release_clock_and_fiscal_horizon,2025-07,1,True
2025-07-25,1,8934,サンフロンティア,0.04731910443070295,0.8177008177008283,ND05_release_clock_and_fiscal_horizon,2025-07,1,True
2025-07-28,1,1766,東建コーポ,0.05044163115158298,-1.4613778705636737,ND05_release_clock_and_fiscal_horizon,2025-07,1,True
2025-07-29,1,6312,フロイント,0.04028323540653845,1.9417475728155331,ND05_release_clock_and_fiscal_horizon,2025-07,1,True
2025-07-30,1,9449,ＧＭＯ,0.04731910443070295,1.0145324924595522,ND05_release_clock_and_fiscal_horizon,2025-07,1,True
2025-07-31,1,6558,Ｇ－クックビズ,0.04731910443070295,0.4838709677419395,ND05_release_clock_and_fiscal_horizon,2025-07,1,True
2024-06-03,1,5288,アジアパイルＨＤ,0.08371049257637883,-1.6966067864271461,ND05_release_clock_and_fiscal_horizon,2024-06,2,True
2024-06-03,2,5079,ノバック,0.07799594528779995,-3.3898305084745783,ND05_release_clock_and_fiscal_horizon,2024-06,2,True
2024-06-04,1,1712,ダイセキＳ,0.04310095732507584,-0.694444444444442,ND05_release_clock_and_fiscal_horizon,2024-06,2,True
2024-06-04,2,1979,大気社,0.04310095732507584,0.37735849056603765,ND05_release_clock_and_fiscal_horizon,2024-06,2,True
2024-06-05,1,1914,日基礎,0.04310095732507584,0.0,ND05_release_clock_and_fiscal_horizon,2024-06,2,True
2024-06-05,2,1982,日比谷設,0.04310095732507584,-1.3803680981595123,ND05_release_clock_and_fiscal_horizon,2024-06,2,True
2024-06-06,1,3544,サツドラＨＤ,0.06826237010887617,-0.44150110375276164,ND05_release_clock_and_fiscal_horizon,2024-06,2,True
2024-06-06,2,1414,ショーボンド,0.04310095732507584,-2.1813224267211995,ND05_release_clock_and_fiscal_horizon,2024-06,2,True
2024-06-07,1,7218,田中精密,0.06826237010887617,2.262016965127245,ND05_release_clock_and_fiscal_horizon,2024-06,2,True
2024-06-07,2,1967,ヤマト,0.04310095732507584,-1.0446343779677125,ND05_release_clock_and_fiscal_horizon,2024-06,2,True
2024-06-10,1,1712,ダイセキＳ,0.05118430081033591,0.5138746145940454,ND05_release_clock_and_fiscal_horizon,2024-06,2,True
2024-06-10,2,1967,ヤマト,0.05118430081033591,1.1594202898550732,ND05_release_clock_and_fiscal_horizon,2024-06,2,True
2024-06-11,1,3524,日東網,0.06966209879433644,-1.3414634146341475,ND05_release_clock_and_fiscal_horizon,2024-06,2,True
2024-06-11,2,1419,タマホーム,0.04310095732507584,-1.025641025641022,ND05_release_clock_and_fiscal_horizon,2024-06,2,True
2024-06-12,1,4205,日ゼオン,0.07562714909111876,-1.0373443983402453,ND05_release_clock_and_fiscal_horizon,2024-06,2,True
2024-06-12,2,7774,Ｇ－Ｊ・ＴＥＣ,0.07184301139352468,-6.666666666666665,ND05_release_clock_and_fiscal_horizon,2024-06,2,True
2024-06-13,1,3446,ＪＴＥＣＣＯＲＰ,0.07562714909111876,-3.4362259755387314,ND05_release_clock_and_fiscal_horizon,2024-06,2,True
2024-06-13,2,1414,ショーボンド,0.04310095732507584,0.3270223752151358,ND05_release_clock_and_fiscal_horizon,2024-06,2,True
2024-06-14,1,4413,Ｇ－ボードルア,0.071341286224987,3.469079939668185,ND05_release_clock_and_fiscal_horizon,2024-06,2,True
2024-06-14,2,5250,プライムストラテジー,0.06826237010887617,-2.5510204081632626,ND05_release_clock_and_fiscal_horizon,2024-06,2,True
2024-06-18,1,1662,石油資源,0.04310095732507584,-1.4062499999999978,ND05_release_clock_and_fiscal_horizon,2024-06,2,True
2024-06-18,2,2991,ランドネット,0.04310095732507584,-0.6766917293233088,ND05_release_clock_and_fiscal_horizon,2024-06,2,True
2024-06-19,1,6141,ＤＭＧ森精機,0.07562714909111876,-0.283085633404101,ND05_release_clock_and_fiscal_horizon,2024-06,2,True
2024-06-19,2,3778,さくらインターネット,0.071341286224987,-6.15234375,ND05_release_clock_and_fiscal_horizon,2024-06,2,True
2024-06-20,1,3815,Ｇ－メディア,0.07562714909111876,0.0,ND05_release_clock_and_fiscal_horizon,2024-06,2,True
2024-06-20,2,143A,Ｇ－イシン,0.04310095732507584,0.35842293906809264,ND05_release_clock_and_fiscal_horizon,2024-06,2,True
2024-06-21,1,4015,Ｇ－ペイクラウドＨＤ,0.07269523664877632,-2.771855010660984,ND05_release_clock_and_fiscal_horizon,2024-06,2,True
2024-06-21,2,4418,Ｇ－ＪＤＳＣ,0.06826237010887617,-5.882352941176472,ND05_release_clock_and_fiscal_horizon,2024-06,2,True
2024-06-24,1,4179,Ｇ－ジーネクスト,0.08129796797138872,2.447552447552437,ND05_release_clock_and_fiscal_horizon,2024-06,2,True
2024-06-24,2,9162,Ｇ－ブリーチ,0.07646879983062352,-0.3215434083601254,ND05_release_clock_and_fiscal_horizon,2024-06,2,True
2024-06-25,1,6031,Ｇ－サイジニア,0.07562714909111876,-1.7681728880157177,ND05_release_clock_and_fiscal_horizon,2024-06,2,True
2024-06-25,2,2332,クエスト,0.07269523664877632,0.5109489051094984,ND05_release_clock_and_fiscal_horizon,2024-06,2,True
2024-06-26,1,6857,アドバンテス,0.07562714909111876,2.487234393015969,ND05_release_clock_and_fiscal_horizon,2024-06,2,True
2024-06-26,2,7686,カクヤスグループ,0.06966209879433644,1.1678832116788218,ND05_release_clock_and_fiscal_horizon,2024-06,2,True
2024-06-27,1,6185,ＳＭＮ,0.07269523664877632,2.2508038585209,ND05_release_clock_and_fiscal_horizon,2024-06,2,True
2024-06-27,2,7201,日産自,0.071341286224987,0.34875183553599864,ND05_release_clock_and_fiscal_horizon,2024-06,2,True
2024-06-28,1,3443,川田ＴＥＣＨ,0.06966209879433644,-0.5401512423478527,ND05_release_clock_and_fiscal_horizon,2024-06,2,True
2024-06-28,2,1770,藤田エンジ,0.04310095732507584,-1.3846153846153841,ND05_release_clock_and_fiscal_horizon,2024-06,2,True
2024-07-01,1,5368,日本インシュレ,0.038800297955131756,-0.10449320794148065,ND05_release_clock_and_fiscal_horizon,2024-07,2,True
2024-07-01,2,6958,ＣＭＫ,0.038800297955131756,-0.8264462809917328,ND05_release_clock_and_fiscal_horizon,2024-07,2,True
2024-07-02,1,4475,Ｇ－ＨＥＮＮＧＥ,0.0317657549450989,0.6734006734006703,ND05_release_clock_and_fiscal_horizon,2024-07,2,True
2024-07-02,2,6366,千代化建,0.03173207772925429,-0.6779661016949157,ND05_release_clock_and_fiscal_horizon,2024-07,2,True
2024-07-03,1,7267,ホンダ,0.03162788590256008,0.2017291066282345,ND05_release_clock_and_fiscal_horizon,2024-07,2,True
2024-07-03,2,8798,アドバンスクリエイト,0.03137992602431476,-0.3696857670979714,ND05_release_clock_and_fiscal_horizon,2024-07,2,True
2024-07-04,1,3848,データアプリ,0.0317657549450989,0.21551724137931494,ND05_release_clock_and_fiscal_horizon,2024-07,2,True
2024-07-04,2,3803,Ｇ－イメージ情,0.03162788590256008,-2.813852813852813,ND05_release_clock_and_fiscal_horizon,2024-07,2,True
2024-07-05,1,9104,商船三井,0.04196939692554305,-3.566037735849059,ND05_release_clock_and_fiscal_horizon,2024-07,2,True
2024-07-05,2,3075,銚子丸,0.03750079415787181,0.1814882032667775,ND05_release_clock_and_fiscal_horizon,2024-07,2,True
2024-07-08,1,3391,ツルハＨＤ,0.05115544708212297,0.2850877192982493,ND05_release_clock_and_fiscal_horizon,2024-07,2,True
2024-07-08,2,4760,アルファ,0.038800297955131756,0.0,ND05_release_clock_and_fiscal_horizon,2024-07,2,True
2024-07-09,1,9612,ラックランド,0.04610295258491789,0.3295668549905928,ND05_release_clock_and_fiscal_horizon,2024-07,2,True
2024-07-09,2,8887,クミカ,0.03415819055007768,-0.911854103343468,ND05_release_clock_and_fiscal_horizon,2024-07,2,True
2024-07-10,1,4661,ＯＬＣ,0.03993011667573999,-1.2873663539166524,ND05_release_clock_and_fiscal_horizon,2024-07,2,True
2024-07-10,2,3666,テクノスジャパン,0.031022905585387953,-1.5625,ND05_release_clock_and_fiscal_horizon,2024-07,2,True
2024-07-11,1,9812,テーオーＨＤ,0.03993011667573999,-1.1933174224343701,ND05_release_clock_and_fiscal_horizon,2024-07,2,True
2024-07-11,2,5101,浜ゴム,0.031709177799354255,1.0746268656716351,ND05_release_clock_and_fiscal_horizon,2024-07,2,True
2024-07-12,1,4973,高純度化,0.03137992602431476,-0.43859649122807154,ND05_release_clock_and_fiscal_horizon,2024-07,2,True
2024-07-12,2,7049,Ｇ－識学,0.03137992602431476,1.4787430683918634,ND05_release_clock_and_fiscal_horizon,2024-07,2,True
2024-07-16,1,2487,ＣＤＧ,0.05105186691754958,-0.15735641227380137,ND05_release_clock_and_fiscal_horizon,2024-07,2,True
2024-07-16,2,7042,アクセスグループ,0.03674509787253315,0.32292787944026013,ND05_release_clock_and_fiscal_horizon,2024-07,2,True
2024-07-17,1,5185,フコク,0.030879897819577562,-0.04516711833785214,ND05_release_clock_and_fiscal_horizon,2024-07,2,True
2024-07-17,2,6070,キャリアリンク,0.030558244113900086,-0.9009009009009028,ND05_release_clock_and_fiscal_horizon,2024-07,2,True
2024-07-18,1,9215,Ｇ－ＣａＳｙ,0.04568669506933119,1.3698630136986356,ND05_release_clock_and_fiscal_horizon,2024-07,2,True
2024-07-18,2,1866,北野建,0.03137992602431476,1.5471167369901506,ND05_release_clock_and_fiscal_horizon,2024-07,2,True
2024-07-19,1,6310,井関農,0.03415819055007768,-0.3883495145631022,ND05_release_clock_and_fiscal_horizon,2024-07,2,True
2024-07-19,2,3668,コロプラ,0.030558244113900086,-0.4731861198738141,ND05_release_clock_and_fiscal_horizon,2024-07,2,True
2024-07-22,1,9058,トランコム,0.03699576045219704,-0.6211180124223614,ND05_release_clock_and_fiscal_horizon,2024-07,2,True
2024-07-22,2,8022,ミズノ,0.0369605957086277,-5.721393034825873,ND05_release_clock_and_fiscal_horizon,2024-07,2,True
2024-07-23,1,3416,Ｇ－ピクスタ,0.03137992602431476,0.0,ND05_release_clock_and_fiscal_horizon,2024-07,2,True
2024-07-23,2,4078,堺化学,0.031022905585387953,-0.5931612002791353,ND05_release_clock_and_fiscal_horizon,2024-07,2,True
2024-07-24,1,8129,東邦ＨＤ,0.03179291545215114,-0.7126948775055708,ND05_release_clock_and_fiscal_horizon,2024-07,2,True
2024-07-24,2,3548,バロック,0.03137992602431476,-2.500000000000002,ND05_release_clock_and_fiscal_horizon,2024-07,2,True
2024-07-25,1,8337,千葉興銀,0.031709177799354255,-1.1916583912611745,ND05_release_clock_and_fiscal_horizon,2024-07,2,True
2024-07-25,2,8551,北日本銀,0.029987715590669175,-0.11185682326622093,ND05_release_clock_and_fiscal_horizon,2024-07,2,True
2024-07-26,1,7074,Ｇ－２４７,0.0317657549450989,2.9962546816479474,ND05_release_clock_and_fiscal_horizon,2024-07,2,True
2024-07-26,2,8059,第一実業,0.03168611373496132,1.089324618736387,ND05_release_clock_and_fiscal_horizon,2024-07,2,True
2024-07-29,1,4205,日ゼオン,0.04988697605179752,3.266055045871563,ND05_release_clock_and_fiscal_horizon,2024-07,2,True
2024-07-29,2,6838,多摩川ＨＤ,0.04745125367344802,0.5188067444876765,ND05_release_clock_and_fiscal_horizon,2024-07,2,True
2024-07-30,1,3063,Ｇ－ｊＧｒｏｕｐ,0.03993011667573999,0.14124293785311437,ND05_release_clock_and_fiscal_horizon,2024-07,2,True
2024-07-30,2,4320,ＣＥＨＤ,0.03750079415787181,-2.6871401151631447,ND05_release_clock_and_fiscal_horizon,2024-07,2,True
2024-07-31,1,9984,ソフトバンクグループ,0.031796183539901456,1.9019019019018923,ND05_release_clock_and_fiscal_horizon,2024-07,2,True
2024-07-31,2,6458,新晃工業,0.029987715590669175,5.405405405405395,ND05_release_clock_and_fiscal_horizon,2024-07,2,True
2025-04-01,1,3994,マネーフォワード,0.03292053468343229,-4.368686868686867,ND05_release_clock_and_fiscal_horizon,2025-04,2,True
2025-04-01,2,8132,シナネンＨＤ,0.03292053468343229,2.1069692058346856,ND05_release_clock_and_fiscal_horizon,2025-04,2,True
2025-04-02,1,7769,リズム,0.03320213231755005,0.9615384615384581,ND05_release_clock_and_fiscal_horizon,2025-04,2,True
2025-04-02,2,1376,カネコ種苗,0.03153060685805212,-0.2849002849002802,ND05_release_clock_and_fiscal_horizon,2025-04,2,True
2025-04-03,1,2375,ギグワークス,0.03153060685805212,0.0,ND05_release_clock_and_fiscal_horizon,2025-04,2,True
2025-04-03,2,2678,アスクル,0.03153060685805212,2.195608782435121,ND05_release_clock_and_fiscal_horizon,2025-04,2,True
2025-04-04,1,6135,牧野フライス,0.03244362009642939,0.26385224274405594,ND05_release_clock_and_fiscal_horizon,2025-04,2,True
2025-04-04,2,2121,ＭＩＸＩ,0.03153060685805212,-1.4331210191082855,ND05_release_clock_and_fiscal_horizon,2025-04,2,True
2025-04-07,1,9603,Ｈ．Ｉ．Ｓ．,0.0336580869107766,0.557103064066844,ND05_release_clock_and_fiscal_horizon,2025-04,2,True
2025-04-07,2,1944,きんでん,0.032268159085396424,0.5771080474511026,ND05_release_clock_and_fiscal_horizon,2025-04,2,True
2025-04-08,1,7267,ホンダ,0.03244362009642939,3.967611336032384,ND05_release_clock_and_fiscal_horizon,2025-04,2,True
2025-04-08,2,3291,飯田ＧＨＤ,0.03187654072209643,-0.3909843606255792,ND05_release_clock_and_fiscal_horizon,2025-04,2,True
2025-04-09,1,5401,日本製鉄,0.03384332336937184,-1.63137799375217,ND05_release_clock_and_fiscal_horizon,2025-04,2,True
2025-04-09,2,5449,大阪製鉄,0.03384332336937184,-2.038320423970652,ND05_release_clock_and_fiscal_horizon,2025-04,2,True
2025-04-10,1,3758,アエリア,0.03153060685805212,0.92592592592593,ND05_release_clock_and_fiscal_horizon,2025-04,2,True
2025-04-10,2,4951,エステー,0.03153060685805212,0.3403675970047759,ND05_release_clock_and_fiscal_horizon,2025-04,2,True
2025-04-11,1,7267,ホンダ,0.03244362009642939,3.543307086614167,ND05_release_clock_and_fiscal_horizon,2025-04,2,True
2025-04-11,2,1808,長谷工,0.03153060685805212,1.845504877405757,ND05_release_clock_and_fiscal_horizon,2025-04,2,True
2025-04-14,1,2752,フジオフードＧ本社,0.032268159085396424,0.25553662691653045,ND05_release_clock_and_fiscal_horizon,2025-04,2,True
2025-04-14,2,2820,やまみ,0.032268159085396424,6.120218579234971,ND05_release_clock_and_fiscal_horizon,2025-04,2,True
2025-04-22,1,8001,伊藤忠,0.03511799085973026,2.6425178147268413,ND05_release_clock_and_fiscal_horizon,2025-04,2,True
2025-04-22,2,9729,トーカイ,0.034504489035778046,0.6088992974238927,ND05_release_clock_and_fiscal_horizon,2025-04,2,True
2025-04-23,1,7966,リンテック,0.03292053468343229,0.5658242172764893,ND05_release_clock_and_fiscal_horizon,2025-04,2,True
2025-04-23,2,2437,シンワワイズ,0.03153060685805212,1.538461538461533,ND05_release_clock_and_fiscal_horizon,2025-04,2,True
2025-04-24,1,1758,太洋基礎,0.03153060685805212,1.130952380952377,ND05_release_clock_and_fiscal_horizon,2025-04,2,True
2025-04-24,2,2327,ＮＳＳＯＬ,0.03153060685805212,-1.7332960581492918,ND05_release_clock_and_fiscal_horizon,2025-04,2,True
2025-04-25,1,3918,ＰＣＩＨＤ,0.03292053468343229,5.48271752085816,ND05_release_clock_and_fiscal_horizon,2025-04,2,True
2025-04-25,2,5279,日本興業,0.03292053468343229,-0.33670033670033517,ND05_release_clock_and_fiscal_horizon,2025-04,2,True
2025-04-30,1,9377,エージーピー,0.03351688811988669,0.13029315960912946,ND05_release_clock_and_fiscal_horizon,2025-04,2,True
2025-04-30,2,248A,Ｇ－キッズスター,0.032994558869777486,-1.107828655834564,ND05_release_clock_and_fiscal_horizon,2025-04,2,True
2025-05-01,1,6758,ソニーグループ,0.03227791990406047,-1.5587207739854891,ND05_release_clock_and_fiscal_horizon,2025-05,2,True
2025-05-01,2,2060,フィード・ワン,0.029533566767697455,-1.442841287458374,ND05_release_clock_and_fiscal_horizon,2025-05,2,True
2025-05-08,1,3922,ＰＲＴＩＭＥＳ,0.0338359574522185,-3.422553751645463,ND05_release_clock_and_fiscal_horizon,2025-05,2,True
2025-05-08,2,9279,ギフトＨＤ,0.03076788391048561,-1.1235955056179803,ND05_release_clock_and_fiscal_horizon,2025-05,2,True
2025-05-09,1,6957,芝浦電子,0.03586035819179835,-1.602564102564108,ND05_release_clock_and_fiscal_horizon,2025-05,2,True
2025-05-09,2,2678,アスクル,0.029533566767697455,1.17647058823529,ND05_release_clock_and_fiscal_horizon,2025-05,2,True
2025-05-12,1,9066,日新,0.042693590017259836,0.0,ND05_release_clock_and_fiscal_horizon,2025-05,2,True
2025-05-12,2,2986,Ｇ－ＬＡＨＤ,0.03520098036783246,0.2989536621823552,ND05_release_clock_and_fiscal_horizon,2025-05,2,True
2025-05-13,1,1419,タマホーム,0.029533566767697455,-0.12515644555695093,ND05_release_clock_and_fiscal_horizon,2025-05,2,True
2025-05-13,2,147A,Ｇ－ソラコム,0.029533566767697455,2.211874272409786,ND05_release_clock_and_fiscal_horizon,2025-05,2,True
2025-05-14,1,4880,セルソース,0.03076788391048561,-1.5128593040847238,ND05_release_clock_and_fiscal_horizon,2025-05,2,True
2025-05-14,2,1961,三機工,0.030698706403575794,-1.195219123505975,ND05_release_clock_and_fiscal_horizon,2025-05,2,True
2025-05-15,1,3179,シュッピン,0.030698706403575794,0.2762430939226457,ND05_release_clock_and_fiscal_horizon,2025-05,2,True
2025-05-15,2,3763,プロシップ,0.030698706403575794,2.5567010309278437,ND05_release_clock_and_fiscal_horizon,2025-05,2,True
2025-05-16,1,7071,アンビス,0.03440526854686457,3.6446469248291535,ND05_release_clock_and_fiscal_horizon,2025-05,2,True
2025-05-16,2,7603,マックハウス,0.0338359574522185,-0.6849315068493178,ND05_release_clock_and_fiscal_horizon,2025-05,2,True
2025-05-19,1,9629,ピーシーエー,0.03678486573731026,-0.27762354247640175,ND05_release_clock_and_fiscal_horizon,2025-05,2,True
2025-05-19,2,2676,高千穂交,0.032162409735759734,-0.5988023952095856,ND05_release_clock_and_fiscal_horizon,2025-05,2,True
2025-05-20,1,2437,シンワワイズ,0.030698706403575794,-1.8087855297157618,ND05_release_clock_and_fiscal_horizon,2025-05,2,True
2025-05-20,2,177A,Ｇ－コージンバイオ,0.029533566767697455,-0.9445100354191216,ND05_release_clock_and_fiscal_horizon,2025-05,2,True
2025-05-21,1,9201,ＪＡＬ,0.04214290628161324,-0.9158154279675923,ND05_release_clock_and_fiscal_horizon,2025-05,2,True
2025-05-21,2,8616,東海東京,0.030698706403575794,1.0869565217391353,ND05_release_clock_and_fiscal_horizon,2025-05,2,True
2025-05-27,1,4826,ＣＩＪ,0.03684271596438339,-0.6122448979591799,ND05_release_clock_and_fiscal_horizon,2025-05,2,True
2025-05-27,2,1333,マルハニチロ,0.029533566767697455,0.0,ND05_release_clock_and_fiscal_horizon,2025-05,2,True
2025-05-28,1,6135,牧野フライス,0.03684271596438339,0.8849557522123908,ND05_release_clock_and_fiscal_horizon,2025-05,2,True
2025-05-28,2,4538,扶桑薬,0.0338359574522185,0.6018518518518423,ND05_release_clock_and_fiscal_horizon,2025-05,2,True
2025-05-29,1,7638,ＮＥＷ ＡＲＴ,0.0338359574522185,0.41753653444676075,ND05_release_clock_and_fiscal_horizon,2025-05,2,True
2025-05-29,2,6957,芝浦電子,0.032800215422499224,0.0,ND05_release_clock_and_fiscal_horizon,2025-05,2,True
2025-05-30,1,3156,レスター,0.0338359574522185,5.124947056332063,ND05_release_clock_and_fiscal_horizon,2025-05,2,True
2025-05-30,2,7516,コーナン商,0.03175326256452089,0.26990553306343035,ND05_release_clock_and_fiscal_horizon,2025-05,2,True
2025-06-02,1,9201,ＪＡＬ,0.041911865833351186,0.723140495867769,ND05_release_clock_and_fiscal_horizon,2025-06,2,True
2025-06-02,2,9706,日空ビル,0.041911865833351186,0.8535489667565122,ND05_release_clock_and_fiscal_horizon,2025-06,2,True
2025-06-03,1,6578,コレックＨＤ,0.02903746619594451,0.3300330033003229,ND05_release_clock_and_fiscal_horizon,2025-06,2,True
2025-06-03,2,1433,ベステラ,0.026861833652576834,0.35650623885918886,ND05_release_clock_and_fiscal_horizon,2025-06,2,True
2025-06-04,1,6135,牧野フライス,0.05136728724041945,0.25839793281654533,ND05_release_clock_and_fiscal_horizon,2025-06,2,True
2025-06-04,2,2469,ヒビノ,0.026861833652576834,2.000833680700298,ND05_release_clock_and_fiscal_horizon,2025-06,2,True
2025-06-05,1,1436,Ｇ－グリーンエナジー,0.026861833652576834,-2.0557332115121008,ND05_release_clock_and_fiscal_horizon,2025-06,2,True
2025-06-05,2,1893,五洋建,0.026861833652576834,-0.9257142857142853,ND05_release_clock_and_fiscal_horizon,2025-06,2,True
2025-06-06,1,7685,Ｇ－ＢＵＹＳＥＬＬ,0.052653417214204065,6.3141879041460625,ND05_release_clock_and_fiscal_horizon,2025-06,2,True
2025-06-06,2,3475,グッドコムアセット,0.03530683501696006,1.0270774976657293,ND05_release_clock_and_fiscal_horizon,2025-06,2,True
2025-06-09,1,9201,ＪＡＬ,0.041911865833351186,-0.35545023696682554,ND05_release_clock_and_fiscal_horizon,2025-06,2,True
2025-06-09,2,4578,大塚ＨＤ,0.029814413280364195,-3.2935754947140183,ND05_release_clock_and_fiscal_horizon,2025-06,2,True
2025-06-10,1,2153,イージェイＨＤ,0.027944988369272263,0.6040268456375841,ND05_release_clock_and_fiscal_horizon,2025-06,2,True
2025-06-10,2,3093,トレファク,0.026861833652576834,3.579295154185025,ND05_release_clock_and_fiscal_horizon,2025-06,2,True
2025-06-11,1,2338,クオンタムＳ,0.027407227727512765,-0.2053388090349051,ND05_release_clock_and_fiscal_horizon,2025-06,2,True
2025-06-11,2,1419,タマホーム,0.026861833652576834,-2.3054755043227626,ND05_release_clock_and_fiscal_horizon,2025-06,2,True
2025-06-12,1,2683,魚喜,0.026861833652576834,-0.09398496240601295,ND05_release_clock_and_fiscal_horizon,2025-06,2,True
2025-06-12,2,3093,トレファク,0.026861833652576834,-1.644562334217503,ND05_release_clock_and_fiscal_horizon,2025-06,2,True
2025-06-13,1,220A,ファベル,0.031846986753867455,-0.5494505494505475,ND05_release_clock_and_fiscal_horizon,2025-06,2,True
2025-06-13,2,2305,スタジオアリス,0.026861833652576834,0.47303689687796524,ND05_release_clock_and_fiscal_horizon,2025-06,2,True
2025-06-17,1,9377,エージーピー,0.03014956718851939,0.1965923984272644,ND05_release_clock_and_fiscal_horizon,2025-06,2,True
2025-06-17,2,1450,ＴＡＮＡＫＥＮ,0.026861833652576834,0.28571428571428914,ND05_release_clock_and_fiscal_horizon,2025-06,2,True
2025-06-18,1,2497,Ｇ－ＵＮＩＴＥＤ,0.026861833652576834,1.0471204188481575,ND05_release_clock_and_fiscal_horizon,2025-06,2,True
2025-06-18,2,2782,セリア,0.026861833652576834,0.4431314623338345,ND05_release_clock_and_fiscal_horizon,2025-06,2,True
2025-06-19,1,3166,ＯＣＨＩ・ＨＤ,0.03530683501696006,0.7183908045977017,ND05_release_clock_and_fiscal_horizon,2025-06,2,True
2025-06-19,2,6577,Ｇ－ベストワンドット,0.03472679767573739,0.8349900596421378,ND05_release_clock_and_fiscal_horizon,2025-06,2,True
2025-06-20,1,6807,航空電子,0.03414760562349595,-0.35700119000396935,ND05_release_clock_and_fiscal_horizon,2025-06,2,True
2025-06-20,2,1436,Ｇ－グリーンエナジー,0.031846986753867455,-0.603528319405755,ND05_release_clock_and_fiscal_horizon,2025-06,2,True
2025-06-24,1,3948,光ビジネス,0.028488552984528737,2.925045703839113,ND05_release_clock_and_fiscal_horizon,2025-06,2,True
2025-06-24,2,165A,Ｇ－ＳＢＩレオス,0.026861833652576834,2.1052631578947434,ND05_release_clock_and_fiscal_horizon,2025-06,2,True
2025-06-25,1,9377,エージーピー,0.031846986753867455,0.8191556395715116,ND05_release_clock_and_fiscal_horizon,2025-06,2,True
2025-06-25,2,7096,Ｇ－ステムセル研究所,0.029591282895692822,-1.080550098231825,ND05_release_clock_and_fiscal_horizon,2025-06,2,True
2025-06-26,1,7078,Ｇ－ＩＮＣ,0.032993287368579524,0.3780718336483968,ND05_release_clock_and_fiscal_horizon,2025-06,2,True
2025-06-26,2,6957,芝浦電子,0.03014956718851939,0.0,ND05_release_clock_and_fiscal_horizon,2025-06,2,True
2025-06-27,1,9377,エージーピー,0.02687573794241073,-0.5829015544041471,ND05_release_clock_and_fiscal_horizon,2025-06,2,True
2025-06-27,2,1384,ホクリヨウ,0.026861833652576834,-0.5944517833553542,ND05_release_clock_and_fiscal_horizon,2025-06,2,True
2025-06-30,1,3034,クオールＨＤ,0.03145261963504815,-0.37614185921547305,ND05_release_clock_and_fiscal_horizon,2025-06,2,True
2025-06-30,2,1375,ユキグニファクトリー,0.02955085426227136,-0.8115419296663706,ND05_release_clock_and_fiscal_horizon,2025-06,2,True
2025-07-01,1,6753,シャープ,0.04028323540653845,-0.8145184338382294,ND05_release_clock_and_fiscal_horizon,2025-07,2,True
2025-07-01,2,1436,Ｇ－グリーンエナジー,0.029267782258024726,0.046403712296982924,ND05_release_clock_and_fiscal_horizon,2025-07,2,True
2025-07-02,1,5976,ネツレン,0.03362569164591424,1.0064043915827936,ND05_release_clock_and_fiscal_horizon,2025-07,2,True
2025-07-02,2,1433,ベステラ,0.029267782258024726,0.09099181073703999,ND05_release_clock_and_fiscal_horizon,2025-07,2,True
2025-07-07,1,2338,クオンタムＳ,0.05775332871234597,0.6741573033707926,ND05_release_clock_and_fiscal_horizon,2025-07,2,True
2025-07-07,2,6492,岡野バル,0.03310092772029061,-0.8445945945945943,ND05_release_clock_and_fiscal_horizon,2025-07,2,True
2025-07-08,1,2175,ＳＭＳ,0.029267782258024726,-0.30706243602866,ND05_release_clock_and_fiscal_horizon,2025-07,2,True
2025-07-08,2,2413,エムスリー,0.029267782258024726,1.3684210526315743,ND05_release_clock_and_fiscal_horizon,2025-07,2,True
2025-07-09,1,2323,ｆｏｎｆｕｎ,0.029267782258024726,-3.397027600849256,ND05_release_clock_and_fiscal_horizon,2025-07,2,True
2025-07-09,2,2438,Ｇ－アスカネット,0.029267782258024726,-0.7025761124121788,ND05_release_clock_and_fiscal_horizon,2025-07,2,True
2025-07-10,1,4880,セルソース,0.0346678989007907,-1.302460202604916,ND05_release_clock_and_fiscal_horizon,2025-07,2,True
2025-07-10,2,1808,長谷工,0.029267782258024726,0.591715976331364,ND05_release_clock_and_fiscal_horizon,2025-07,2,True
2025-07-11,1,4626,太陽ＨＤ,0.04028323540653845,-0.9202453987730008,ND05_release_clock_and_fiscal_horizon,2025-07,2,True
2025-07-11,2,141A,Ｇ－トライアル,0.029267782258024726,-0.4188880426504227,ND05_release_clock_and_fiscal_horizon,2025-07,2,True
2025-07-14,1,2124,ＪＡＣ,0.03200195004824725,0.09615384615384581,ND05_release_clock_and_fiscal_horizon,2025-07,2,True
2025-07-14,2,215A,Ｇ－タイミー,0.03200195004824725,3.1958762886598047,ND05_release_clock_and_fiscal_horizon,2025-07,2,True
2025-07-15,1,197A,タウンズ,0.029267782258024726,1.3671875,ND05_release_clock_and_fiscal_horizon,2025-07,2,True
2025-07-15,2,2164,Ｇ－地域新聞社,0.029267782258024726,-1.342281879194629,ND05_release_clock_and_fiscal_horizon,2025-07,2,True
2025-07-16,1,1433,ベステラ,0.029267782258024726,-0.7111111111111068,ND05_release_clock_and_fiscal_horizon,2025-07,2,True
2025-07-16,2,1799,第一建設,0.029267782258024726,-1.3114754098360604,ND05_release_clock_and_fiscal_horizon,2025-07,2,True
2025-07-23,1,1787,ナカボーテック,0.03362569164591424,-2.209944751381221,ND05_release_clock_and_fiscal_horizon,2025-07,2,True
2025-07-23,2,1375,ユキグニファクトリー,0.029267782258024726,0.2673796791443861,ND05_release_clock_and_fiscal_horizon,2025-07,2,True
2025-07-24,1,3765,ガンホー,0.03362569164591424,-0.49896765313145464,ND05_release_clock_and_fiscal_horizon,2025-07,2,True
2025-07-24,2,1866,北野建,0.029267782258024726,-1.0152284263959421,ND05_release_clock_and_fiscal_horizon,2025-07,2,True
2025-07-25,1,8934,サンフロンティア,0.04731910443070295,0.8177008177008283,ND05_release_clock_and_fiscal_horizon,2025-07,2,True
2025-07-25,2,4875,メディシノバ,0.04028323540653845,7.567567567567557,ND05_release_clock_and_fiscal_horizon,2025-07,2,True
2025-07-28,1,1766,東建コーポ,0.05044163115158298,-1.4613778705636737,ND05_release_clock_and_fiscal_horizon,2025-07,2,True
2025-07-28,2,5237,ノザワ,0.04685856719358645,-1.0460251046025104,ND05_release_clock_and_fiscal_horizon,2025-07,2,True
2025-07-29,1,6312,フロイント,0.04028323540653845,1.9417475728155331,ND05_release_clock_and_fiscal_horizon,2025-07,2,True
2025-07-29,2,2749,ＪＰＨＤ,0.029267782258024726,0.5660377358490676,ND05_release_clock_and_fiscal_horizon,2025-07,2,True
2025-07-30,1,9449,ＧＭＯ,0.04731910443070295,1.0145324924595522,ND05_release_clock_and_fiscal_horizon,2025-07,2,True
2025-07-30,2,184A,Ｇ－学びエイド,0.029267782258024726,1.6157989228007263,ND05_release_clock_and_fiscal_horizon,2025-07,2,True
2025-07-31,1,6558,Ｇ－クックビズ,0.04731910443070295,0.4838709677419395,ND05_release_clock_and_fiscal_horizon,2025-07,2,True
2025-07-31,2,189A,Ｇ－Ｄ＆Ｍカンパニー,0.029267782258024726,0.10822510822510178,ND05_release_clock_and_fiscal_horizon,2025-07,2,True
2024-06-03,1,5079,ノバック,0.11793253901656435,-3.3898305084745783,ND04_plus_ND05,2024-06,1,True
2024-06-04,1,2899,永谷園ＨＤ,0.22575747366632062,0.0,ND04_plus_ND05,2024-06,1,True
2024-06-05,1,2337,いちご,0.042420018156395775,-0.2597402597402598,ND04_plus_ND05,2024-06,1,True
2024-06-06,1,3544,サツドラＨＤ,0.10840991236331304,-0.44150110375276164,ND04_plus_ND05,2024-06,1,True
2024-06-07,1,7777,Ｇ－３Ｄマトリックス,0.0772768307459125,2.0134228187919545,ND04_plus_ND05,2024-06,1,True
2024-06-10,1,9072,ニッコンＨＤ,0.3178700252465266,8.221937374107302,ND04_plus_ND05,2024-06,1,True
2024-06-11,1,3524,日東網,0.11103569575390207,-1.3414634146341475,ND04_plus_ND05,2024-06,1,True
2024-06-12,1,6850,チノー,0.08191898775594246,-0.28000000000000247,ND04_plus_ND05,2024-06,1,True
2024-06-13,1,3446,ＪＴＥＣＣＯＲＰ,0.113052069373343,-3.4362259755387314,ND04_plus_ND05,2024-06,1,True
2024-06-14,1,3361,トーエル,0.24950042848622714,-1.6949152542372836,ND04_plus_ND05,2024-06,1,True
2024-06-18,1,4936,アクシージア,0.08191898775594246,2.071005917159763,ND04_plus_ND05,2024-06,1,True
2024-06-19,1,4348,インフォコム,0.22107342050962328,0.0,ND04_plus_ND05,2024-06,1,True
2024-06-20,1,3815,Ｇ－メディア,0.20110416448799182,0.0,ND04_plus_ND05,2024-06,1,True
2024-06-21,1,4418,Ｇ－ＪＤＳＣ,0.10840991236331304,-5.882352941176472,ND04_plus_ND05,2024-06,1,True
2024-06-24,1,4179,Ｇ－ジーネクスト,0.11598306412981157,2.447552447552437,ND04_plus_ND05,2024-06,1,True
2024-06-25,1,4539,日ケミファ,0.08191898775594246,0.4399748585795171,ND04_plus_ND05,2024-06,1,True
2024-06-26,1,4887,サワイグループＨＤ,0.27735352914885913,0.4419191919191823,ND04_plus_ND05,2024-06,1,True
2024-06-27,1,4800,オリコン,0.0857036435459632,-0.23014959723820505,ND04_plus_ND05,2024-06,1,True
2024-06-28,1,7259,アイシン,0.31370441170157853,3.005893909626711,ND04_plus_ND05,2024-06,1,True
2024-07-01,1,3526,芦森工,0.0730945697514842,-0.16339869281045694,ND04_plus_ND05,2024-07,1,True
2024-07-02,1,1946,トーエネック,0.2503342592888769,-2.9090909090909056,ND04_plus_ND05,2024-07,1,True
2024-07-03,1,8113,ユニチャーム,0.05536371146918592,0.621963070942666,ND04_plus_ND05,2024-07,1,True
2024-07-04,1,4889,Ｇ－レナサイエンス,0.050503913362355386,-4.199475065616798,ND04_plus_ND05,2024-07,1,True
2024-07-05,1,9039,サカイ引越,0.03818784833374277,-0.8590394377196442,ND04_plus_ND05,2024-07,1,True
2024-07-08,1,2459,アウン,0.05655752517910481,-1.980198019801982,ND04_plus_ND05,2024-07,1,True
2024-07-09,1,8887,クミカ,0.06067081527210923,-0.911854103343468,ND04_plus_ND05,2024-07,1,True
2024-07-10,1,6098,リクルートＨＤ,0.1983880753976811,2.529729729729735,ND04_plus_ND05,2024-07,1,True
2024-07-11,1,6525,ＫＯＫＵＳＡＩ,0.2498686155570003,0.9090909090909038,ND04_plus_ND05,2024-07,1,True
2024-07-12,1,3160,大光,0.195342322772498,-0.16420361247947435,ND04_plus_ND05,2024-07,1,True
2024-07-16,1,2722,ＩＫホールディングス,0.15191318531178896,0.0,ND04_plus_ND05,2024-07,1,True
2024-07-17,1,2207,名糖産,0.058375955217813136,0.48309178743961567,ND04_plus_ND05,2024-07,1,True
2024-07-18,1,9251,Ｇ－ＡＢ＆Ｃ,0.05085722257773978,-0.10604453870625141,ND04_plus_ND05,2024-07,1,True
2024-07-19,1,4849,エン・ジャパン,0.06111176259831931,-0.7925072046109483,ND04_plus_ND05,2024-07,1,True
2024-07-22,1,6670,ＭＣＪ,0.06705428404354745,-2.0931802835921665,ND04_plus_ND05,2024-07,1,True
2024-07-23,1,3539,ＪＭホールディングス,0.058375955217813136,-0.543872371283538,ND04_plus_ND05,2024-07,1,True
2024-07-24,1,4716,日本オラクル,0.05085722257773978,1.0748243075651143,ND04_plus_ND05,2024-07,1,True
2024-07-25,1,9731,白洋舎,0.06360899120553759,0.04237288135593431,ND04_plus_ND05,2024-07,1,True
2024-07-26,1,3968,セグエ,0.058375955217813136,-3.0546623794212246,ND04_plus_ND05,2024-07,1,True
2024-07-29,1,4657,環境管理,0.07152715553472126,-5.4514480408858645,ND04_plus_ND05,2024-07,1,True
2024-07-30,1,4320,ＣＥＨＤ,0.07052967424046898,-2.6871401151631447,ND04_plus_ND05,2024-07,1,True
2024-07-31,1,4918,アイビー,0.059018997606000934,0.5524861878453136,ND04_plus_ND05,2024-07,1,True
2025-04-01,1,3288,オープンハウスＧ,0.11923039768250476,3.7849606431083593,ND04_plus_ND05,2025-04,1,True
2025-04-02,1,3967,Ｇ－エルテス,0.04661694559803545,-6.923076923076921,ND04_plus_ND05,2025-04,1,True
2025-04-03,1,7974,任天堂,0.05189887804589577,2.5432349949135347,ND04_plus_ND05,2025-04,1,True
2025-04-04,1,4612,日ペイントＨＤ,0.05142356599241142,-2.1535580524344566,ND04_plus_ND05,2025-04,1,True
2025-04-07,1,4920,日本色材,0.052321751986927865,-2.9189189189189224,ND04_plus_ND05,2025-04,1,True
2025-04-08,1,7267,ホンダ,0.04208159550797291,3.967611336032384,ND04_plus_ND05,2025-04,1,True
2025-04-09,1,7408,ジャムコ,0.05676427460012759,-0.5044843049327397,ND04_plus_ND05,2025-04,1,True
2025-04-10,1,2685,アダストリア,0.033707106725396535,0.9800362976406518,ND04_plus_ND05,2025-04,1,True
2025-04-11,1,2999,ホームポジション,0.17973554064123454,0.0,ND04_plus_ND05,2025-04,1,True
2025-04-14,1,7450,サンデー,0.0469810433792117,0.8204193254329972,ND04_plus_ND05,2025-04,1,True
2025-04-22,1,8572,アコム,0.05189809372839032,3.2375979112271525,ND04_plus_ND05,2025-04,1,True
2025-04-23,1,8793,ＮＥＣキャピ,0.05142356599241142,-0.923482849604218,ND04_plus_ND05,2025-04,1,True
2025-04-24,1,9010,富士急,0.05142356599241142,-3.100775193798455,ND04_plus_ND05,2025-04,1,True
2025-04-25,1,3918,ＰＣＩＨＤ,0.05676427460012759,5.48271752085816,ND04_plus_ND05,2025-04,1,True
2025-04-30,1,8281,ゼビオＨＤ,0.274601669284564,0.9273570324574987,ND04_plus_ND05,2025-04,1,True
2025-05-01,1,9001,東武,0.1161657275617444,1.3984674329502012,ND04_plus_ND05,2025-05,1,True
2025-05-08,1,2344,平安レイ,0.12362521365315876,-1.8583042973286834,ND04_plus_ND05,2025-05,1,True
2025-05-09,1,8558,東和銀,0.14774674151333975,6.779661016949157,ND04_plus_ND05,2025-05,1,True
2025-05-12,1,1375,ユキグニファクトリー,0.4055359835856348,-0.7213706041478862,ND04_plus_ND05,2025-05,1,True
2025-05-13,1,9006,京急,0.3795104168659823,-0.8191349934469239,ND04_plus_ND05,2025-05,1,True
2025-05-14,1,2585,ライフドリンクＣ,0.21410408974035514,-5.351351351351353,ND04_plus_ND05,2025-05,1,True
2025-05-15,1,7313,ＴＳテック,0.23589706302449007,-0.4878048780487809,ND04_plus_ND05,2025-05,1,True
2025-05-16,1,2488,ＪＴＰ,0.23496283200976467,1.8501387604070274,ND04_plus_ND05,2025-05,1,True
2025-05-19,1,8803,平和不,0.19685227082071496,0.8888888888888946,ND04_plus_ND05,2025-05,1,True
2025-05-20,1,4527,ロート薬,0.05533847337184949,-3.050366516907066,ND04_plus_ND05,2025-05,1,True
2025-05-21,1,9201,ＪＡＬ,0.06255884782828673,-0.9158154279675923,ND04_plus_ND05,2025-05,1,True
2025-05-27,1,3286,トラストＨＤ,0.18965753230102972,-0.9777777777777774,ND04_plus_ND05,2025-05,1,True
2025-05-28,1,2877,日東ベスト,0.05478676211312448,-0.8196721311475419,ND04_plus_ND05,2025-05,1,True
2025-05-29,1,6702,富士通,0.05478676211312448,0.14992503748125774,ND04_plus_ND05,2025-05,1,True
2025-05-30,1,7202,いすゞ自,0.26119563786971084,2.243673362901122,ND04_plus_ND05,2025-05,1,True
2025-06-02,1,3175,ＡＰＨＤ,0.23052373315147912,0.0,ND04_plus_ND05,2025-06,1,True
2025-06-03,1,2183,リニカル,0.050897704322610586,-0.31347962382445305,ND04_plus_ND05,2025-06,1,True
2025-06-04,1,5079,ノバック,0.03995317923772763,1.4388489208633004,ND04_plus_ND05,2025-06,1,True
2025-06-05,1,6082,ライドオンＥＸＨＤ,0.05453626298661441,0.0,ND04_plus_ND05,2025-06,1,True
2025-06-06,1,7685,Ｇ－ＢＵＹＳＥＬＬ,0.050404049145893116,6.3141879041460625,ND04_plus_ND05,2025-06,1,True
2025-06-09,1,3662,エイチームＨＤ,0.09046779722264485,-3.650793650793649,ND04_plus_ND05,2025-06,1,True
2025-06-10,1,2153,イージェイＨＤ,0.03503280996531235,0.6040268456375841,ND04_plus_ND05,2025-06,1,True
2025-06-11,1,6850,チノー,0.05453626298661441,0.7725321888411907,ND04_plus_ND05,2025-06,1,True
2025-06-12,1,3667,ｅｎｉｓｈ,0.03135561675615537,4.807692307692313,ND04_plus_ND05,2025-06,1,True
2025-06-13,1,8267,イオン,0.21898259753949248,2.7957486136783727,ND04_plus_ND05,2025-06,1,True
2025-06-17,1,3688,ＣＡＲＴＡ ＨＤ,0.23501084568957775,0.0,ND04_plus_ND05,2025-06,1,True
2025-06-18,1,8704,トレイダーズＨＤ,0.05453626298661441,-2.489270386266096,ND04_plus_ND05,2025-06,1,True
2025-06-19,1,3166,ＯＣＨＩ・ＨＤ,0.0455126549793649,0.7183908045977017,ND04_plus_ND05,2025-06,1,True
2025-06-20,1,1436,Ｇ－グリーンエナジー,0.0675210426326408,-0.603528319405755,ND04_plus_ND05,2025-06,1,True
2025-06-24,1,4347,ブロードメディア,0.05453626298661441,0.520291363163361,ND04_plus_ND05,2025-06,1,True
2025-06-25,1,4732,ＵＳＳ,0.23554417744076922,-0.09646302250804206,ND04_plus_ND05,2025-06,1,True
2025-06-26,1,4386,ＳＩＧグループ,0.05453626298661441,0.0,ND04_plus_ND05,2025-06,1,True
2025-06-27,1,9331,Ｇ－キャスター,0.04865480247365244,-2.7906976744186074,ND04_plus_ND05,2025-06,1,True
2025-06-30,1,7060,ギークス,0.21451783534741903,5.624999999999991,ND04_plus_ND05,2025-06,1,True
2025-07-01,1,9386,日本コンセプト,0.17637253094519711,0.0,ND04_plus_ND05,2025-07,1,True
2025-07-02,1,6191,エアトリ,0.056970399601682306,-2.483069977426633,ND04_plus_ND05,2025-07,1,True
2025-07-07,1,2338,クオンタムＳ,0.06628966271564304,0.6741573033707926,ND04_plus_ND05,2025-07,1,True
2025-07-08,1,5463,丸一鋼管,0.22034267813631897,0.5932203389830581,ND04_plus_ND05,2025-07,1,True
2025-07-09,1,2323,ｆｏｎｆｕｎ,0.02995078267806783,-3.397027600849256,ND04_plus_ND05,2025-07,1,True
2025-07-10,1,6465,ホシザキ,0.059257211603882434,0.057692307692303046,ND04_plus_ND05,2025-07,1,True
2025-07-11,1,4530,久光薬,0.12042421229957269,-0.3039513677811523,ND04_plus_ND05,2025-07,1,True
2025-07-14,1,4465,ニイタカ,0.14987521222496675,-1.8339768339768359,ND04_plus_ND05,2025-07,1,True
2025-07-15,1,3387,クリレスＨＤ,0.13762925991725716,1.8745959922430444,ND04_plus_ND05,2025-07,1,True
2025-07-16,1,9843,ニトリＨＤ,0.24431292298569773,1.115384615384607,ND04_plus_ND05,2025-07,1,True
2025-07-23,1,3399,山岡家,0.22998248588324566,-0.303030303030305,ND04_plus_ND05,2025-07,1,True
2025-07-24,1,4390,ｉｐｓ,0.059257211603882434,1.2340237990304148,ND04_plus_ND05,2025-07,1,True
2025-07-25,1,3814,Ｇ－アルファクスＦＳ,0.04809691117445842,0.0,ND04_plus_ND05,2025-07,1,True
2025-07-28,1,6338,タカトリ,0.2266849397800076,-0.37336652146857663,ND04_plus_ND05,2025-07,1,True
2025-07-29,1,5290,ベルテクス,0.23046591711532383,-2.722323049001818,ND04_plus_ND05,2025-07,1,True
2025-07-30,1,4498,Ｇ－サイバートラスト,0.16538827027995873,-0.9589041095890427,ND04_plus_ND05,2025-07,1,True
2025-07-31,1,4114,日触媒,0.21603894358277592,0.49722140976893314,ND04_plus_ND05,2025-07,1,True
2024-06-03,1,5079,ノバック,0.11793253901656435,-3.3898305084745783,ND04_plus_ND05,2024-06,2,True
2024-06-03,2,3388,明治電機,0.0886085221863915,-0.6528189910979254,ND04_plus_ND05,2024-06,2,True
2024-06-04,1,2899,永谷園ＨＤ,0.22575747366632062,0.0,ND04_plus_ND05,2024-06,2,True
2024-06-04,2,3154,メディアスＨＤ,0.0772768307459125,-4.780487804878053,ND04_plus_ND05,2024-06,2,True
2024-06-05,1,2337,いちご,0.042420018156395775,-0.2597402597402598,ND04_plus_ND05,2024-06,2,True
2024-06-05,2,3405,クラレ,0.042420018156395775,-0.4947773501924102,ND04_plus_ND05,2024-06,2,True
2024-06-06,1,3544,サツドラＨＤ,0.10840991236331304,-0.44150110375276164,ND04_plus_ND05,2024-06,2,True
2024-06-06,2,3661,エムアップＨＤ,0.08191898775594246,-1.0101010101010055,ND04_plus_ND05,2024-06,2,True
2024-06-07,1,7777,Ｇ－３Ｄマトリックス,0.0772768307459125,2.0134228187919545,ND04_plus_ND05,2024-06,2,True
2024-06-07,2,7218,田中精密,0.0651262869737456,2.262016965127245,ND04_plus_ND05,2024-06,2,True
2024-06-10,1,9072,ニッコンＨＤ,0.3178700252465266,8.221937374107302,ND04_plus_ND05,2024-06,2,True
2024-06-10,2,4446,Ｌｉｎｋ－Ｕグループ,0.0886085221863915,1.0769230769230864,ND04_plus_ND05,2024-06,2,True
2024-06-11,1,3524,日東網,0.11103569575390207,-1.3414634146341475,ND04_plus_ND05,2024-06,2,True
2024-06-11,2,9444,トーシンＨＤ,0.0857036435459632,-0.14409221902017544,ND04_plus_ND05,2024-06,2,True
2024-06-12,1,6850,チノー,0.08191898775594246,-0.28000000000000247,ND04_plus_ND05,2024-06,2,True
2024-06-12,2,7774,Ｇ－Ｊ・ＴＥＣ,0.07170466499978798,-6.666666666666665,ND04_plus_ND05,2024-06,2,True
2024-06-13,1,3446,ＪＴＥＣＣＯＲＰ,0.113052069373343,-3.4362259755387314,ND04_plus_ND05,2024-06,2,True
2024-06-13,2,3760,ケイブ,0.08191898775594246,-11.062499999999996,ND04_plus_ND05,2024-06,2,True
2024-06-14,1,3361,トーエル,0.24950042848622714,-1.6949152542372836,ND04_plus_ND05,2024-06,2,True
2024-06-14,2,5250,プライムストラテジー,0.10840991236331304,-2.5510204081632626,ND04_plus_ND05,2024-06,2,True
2024-06-18,1,4936,アクシージア,0.08191898775594246,2.071005917159763,ND04_plus_ND05,2024-06,2,True
2024-06-18,2,8704,トレイダーズＨＤ,0.07990261413650153,-0.4424778761061954,ND04_plus_ND05,2024-06,2,True
2024-06-19,1,4348,インフォコム,0.22107342050962328,0.0,ND04_plus_ND05,2024-06,2,True
2024-06-19,2,7351,Ｇ－グッドパッチ,0.11103569575390207,-4.395604395604391,ND04_plus_ND05,2024-06,2,True
2024-06-20,1,3815,Ｇ－メディア,0.20110416448799182,0.0,ND04_plus_ND05,2024-06,2,True
2024-06-20,2,3666,テクノスジャパン,0.07990261413650153,3.9432176656151396,ND04_plus_ND05,2024-06,2,True
2024-06-21,1,4418,Ｇ－ＪＤＳＣ,0.10840991236331304,-5.882352941176472,ND04_plus_ND05,2024-06,2,True
2024-06-21,2,6670,ＭＣＪ,0.0857036435459632,-1.3504823151125445,ND04_plus_ND05,2024-06,2,True
2024-06-24,1,4179,Ｇ－ジーネクスト,0.11598306412981157,2.447552447552437,ND04_plus_ND05,2024-06,2,True
2024-06-24,2,9162,Ｇ－ブリーチ,0.11520130929885014,-0.3215434083601254,ND04_plus_ND05,2024-06,2,True
2024-06-25,1,4539,日ケミファ,0.08191898775594246,0.4399748585795171,ND04_plus_ND05,2024-06,2,True
2024-06-25,2,6862,ミナトＨＤ,0.08191898775594246,0.0,ND04_plus_ND05,2024-06,2,True
2024-06-26,1,4887,サワイグループＨＤ,0.27735352914885913,0.4419191919191823,ND04_plus_ND05,2024-06,2,True
2024-06-26,2,4577,ダイト,0.09227930384422718,0.6637168141592875,ND04_plus_ND05,2024-06,2,True
2024-06-27,1,4800,オリコン,0.0857036435459632,-0.23014959723820505,ND04_plus_ND05,2024-06,2,True
2024-06-27,2,7944,ローランド,0.08191898775594246,-0.24691358024691024,ND04_plus_ND05,2024-06,2,True
2024-06-28,1,7259,アイシン,0.31370441170157853,3.005893909626711,ND04_plus_ND05,2024-06,2,True
2024-06-28,2,6194,アトラエ,0.22803792813079923,-1.6990291262135915,ND04_plus_ND05,2024-06,2,True
2024-07-01,1,3526,芦森工,0.0730945697514842,-0.16339869281045694,ND04_plus_ND05,2024-07,2,True
2024-07-01,2,3501,住江織物,0.05944687676507743,-0.07980845969672856,ND04_plus_ND05,2024-07,2,True
2024-07-02,1,1946,トーエネック,0.2503342592888769,-2.9090909090909056,ND04_plus_ND05,2024-07,2,True
2024-07-02,2,4475,Ｇ－ＨＥＮＮＧＥ,0.04112043235088224,0.6734006734006703,ND04_plus_ND05,2024-07,2,True
2024-07-03,1,8113,ユニチャーム,0.05536371146918592,0.621963070942666,ND04_plus_ND05,2024-07,2,True
2024-07-03,2,7267,ホンダ,0.04033237483682027,0.2017291066282345,ND04_plus_ND05,2024-07,2,True
2024-07-04,1,4889,Ｇ－レナサイエンス,0.050503913362355386,-4.199475065616798,ND04_plus_ND05,2024-07,2,True
2024-07-04,2,3848,データアプリ,0.035768062273968615,0.21551724137931494,ND04_plus_ND05,2024-07,2,True
2024-07-05,1,9039,サカイ引越,0.03818784833374277,-0.8590394377196442,ND04_plus_ND05,2024-07,2,True
2024-07-05,2,3558,Ｇ－ジェイドグループ,0.03411189542829133,3.8357644516477496,ND04_plus_ND05,2024-07,2,True
2024-07-08,1,2459,アウン,0.05655752517910481,-1.980198019801982,ND04_plus_ND05,2024-07,2,True
2024-07-08,2,5463,丸一鋼管,0.05426842777111983,-1.5877287405812734,ND04_plus_ND05,2024-07,2,True
2024-07-09,1,8887,クミカ,0.06067081527210923,-0.911854103343468,ND04_plus_ND05,2024-07,2,True
2024-07-09,2,3948,光ビジネス,0.05499515087074347,0.23094688221709792,ND04_plus_ND05,2024-07,2,True
2024-07-10,1,6098,リクルートＨＤ,0.1983880753976811,2.529729729729735,ND04_plus_ND05,2024-07,2,True
2024-07-10,2,2687,ＣＶＳベイ,0.05085722257773978,-2.9451137884872858,ND04_plus_ND05,2024-07,2,True
2024-07-11,1,6525,ＫＯＫＵＳＡＩ,0.2498686155570003,0.9090909090909038,ND04_plus_ND05,2024-07,2,True
2024-07-11,2,9812,テーオーＨＤ,0.06818954791218258,-1.1933174224343701,ND04_plus_ND05,2024-07,2,True
2024-07-12,1,3160,大光,0.195342322772498,-0.16420361247947435,ND04_plus_ND05,2024-07,2,True
2024-07-12,2,4443,Ｓａｎｓａｎ,0.06596303180513106,0.0,ND04_plus_ND05,2024-07,2,True
2024-07-16,1,2722,ＩＫホールディングス,0.15191318531178896,0.0,ND04_plus_ND05,2024-07,2,True
2024-07-16,2,2487,ＣＤＧ,0.07998046053440121,-0.15735641227380137,ND04_plus_ND05,2024-07,2,True
2024-07-17,1,2207,名糖産,0.058375955217813136,0.48309178743961567,ND04_plus_ND05,2024-07,2,True
2024-07-17,2,2792,ハニーズＨＬＤ,0.05093082014858115,-0.2547770700636942,ND04_plus_ND05,2024-07,2,True
2024-07-18,1,9251,Ｇ－ＡＢ＆Ｃ,0.05085722257773978,-0.10604453870625141,ND04_plus_ND05,2024-07,2,True
2024-07-18,2,9215,Ｇ－ＣａＳｙ,0.04392548812266078,1.3698630136986356,ND04_plus_ND05,2024-07,2,True
2024-07-19,1,4849,エン・ジャパン,0.06111176259831931,-0.7925072046109483,ND04_plus_ND05,2024-07,2,True
2024-07-19,2,6310,井関農,0.06067081527210923,-0.3883495145631022,ND04_plus_ND05,2024-07,2,True
2024-07-22,1,6670,ＭＣＪ,0.06705428404354745,-2.0931802835921665,ND04_plus_ND05,2024-07,2,True
2024-07-22,2,6715,ナカヨ,0.06705428404354745,7.5240594925634285,ND04_plus_ND05,2024-07,2,True
2024-07-23,1,3539,ＪＭホールディングス,0.058375955217813136,-0.543872371283538,ND04_plus_ND05,2024-07,2,True
2024-07-23,2,4918,アイビー,0.058375955217813136,-1.0810810810810811,ND04_plus_ND05,2024-07,2,True
2024-07-24,1,4716,日本オラクル,0.05085722257773978,1.0748243075651143,ND04_plus_ND05,2024-07,2,True
2024-07-24,2,8129,東邦ＨＤ,0.03647306900487109,-0.7126948775055708,ND04_plus_ND05,2024-07,2,True
2024-07-25,1,9731,白洋舎,0.06360899120553759,0.04237288135593431,ND04_plus_ND05,2024-07,2,True
2024-07-25,2,9984,ソフトバンクグループ,0.06111176259831931,-4.438775510204085,ND04_plus_ND05,2024-07,2,True
2024-07-26,1,3968,セグエ,0.058375955217813136,-3.0546623794212246,ND04_plus_ND05,2024-07,2,True
2024-07-26,2,1401,Ｇ－エムビーエス,0.05536371146918592,0.42253521126760507,ND04_plus_ND05,2024-07,2,True
2024-07-29,1,4657,環境管理,0.07152715553472126,-5.4514480408858645,ND04_plus_ND05,2024-07,2,True
2024-07-29,2,7962,キングジム,0.06706593291726543,1.2629161882893314,ND04_plus_ND05,2024-07,2,True
2024-07-30,1,4320,ＣＥＨＤ,0.07052967424046898,-2.6871401151631447,ND04_plus_ND05,2024-07,2,True
2024-07-30,2,4465,ニイタカ,0.06781565702930153,-2.488335925349927,ND04_plus_ND05,2024-07,2,True
2024-07-31,1,4918,アイビー,0.059018997606000934,0.5524861878453136,ND04_plus_ND05,2024-07,2,True
2024-07-31,2,9539,京葉瓦斯,0.05085722257773978,0.5261180007515964,ND04_plus_ND05,2024-07,2,True
2025-04-01,1,3288,オープンハウスＧ,0.11923039768250476,3.7849606431083593,ND04_plus_ND05,2025-04,2,True
2025-04-01,2,3994,マネーフォワード,0.05676427460012759,-4.368686868686867,ND04_plus_ND05,2025-04,2,True
2025-04-02,1,3967,Ｇ－エルテス,0.04661694559803545,-6.923076923076921,ND04_plus_ND05,2025-04,2,True
2025-04-02,2,7769,リズム,0.04368090183165113,0.9615384615384581,ND04_plus_ND05,2025-04,2,True
2025-04-03,1,7974,任天堂,0.05189887804589577,2.5432349949135347,ND04_plus_ND05,2025-04,2,True
2025-04-03,2,8624,いちよし,0.05142356599241142,-3.9563437926330103,ND04_plus_ND05,2025-04,2,True
2025-04-04,1,4612,日ペイントＨＤ,0.05142356599241142,-2.1535580524344566,ND04_plus_ND05,2025-04,2,True
2025-04-04,2,3931,Ｇ－バリューゴルフ,0.04891140454422719,-0.8258258258258211,ND04_plus_ND05,2025-04,2,True
2025-04-07,1,4920,日本色材,0.052321751986927865,-2.9189189189189224,ND04_plus_ND05,2025-04,2,True
2025-04-07,2,8267,イオン,0.052321751986927865,1.258894362342633,ND04_plus_ND05,2025-04,2,True
2025-04-08,1,7267,ホンダ,0.04208159550797291,3.967611336032384,ND04_plus_ND05,2025-04,2,True
2025-04-08,2,3948,光ビジネス,0.03500228047419723,1.975308641975304,ND04_plus_ND05,2025-04,2,True
2025-04-09,1,7408,ジャムコ,0.05676427460012759,-0.5044843049327397,ND04_plus_ND05,2025-04,2,True
2025-04-09,2,5271,トーヨーアサノ,0.05142356599241142,0.0,ND04_plus_ND05,2025-04,2,True
2025-04-10,1,2685,アダストリア,0.033707106725396535,0.9800362976406518,ND04_plus_ND05,2025-04,2,True
2025-04-10,2,4951,エステー,0.03248414218659518,0.3403675970047759,ND04_plus_ND05,2025-04,2,True
2025-04-11,1,2999,ホームポジション,0.17973554064123454,0.0,ND04_plus_ND05,2025-04,2,True
2025-04-11,2,6532,ベイカレント,0.0915889000170313,9.335443037974688,ND04_plus_ND05,2025-04,2,True
2025-04-14,1,7450,サンデー,0.0469810433792117,0.8204193254329972,ND04_plus_ND05,2025-04,2,True
2025-04-14,2,5271,トーヨーアサノ,0.03778492513940971,-2.0289855072463725,ND04_plus_ND05,2025-04,2,True
2025-04-22,1,8572,アコム,0.05189809372839032,3.2375979112271525,ND04_plus_ND05,2025-04,2,True
2025-04-22,2,6436,アマノ,0.05142356599241142,2.624131721121681,ND04_plus_ND05,2025-04,2,True
2025-04-23,1,8793,ＮＥＣキャピ,0.05142356599241142,-0.923482849604218,ND04_plus_ND05,2025-04,2,True
2025-04-23,2,1720,東急建設,0.04127623699031928,2.5609756097561,ND04_plus_ND05,2025-04,2,True
2025-04-24,1,9010,富士急,0.05142356599241142,-3.100775193798455,ND04_plus_ND05,2025-04,2,True
2025-04-24,2,4761,さくらＫＣＳ,0.04655738512067415,0.17683465959328348,ND04_plus_ND05,2025-04,2,True
2025-04-25,1,3918,ＰＣＩＨＤ,0.05676427460012759,5.48271752085816,ND04_plus_ND05,2025-04,2,True
2025-04-25,2,5279,日本興業,0.05676427460012759,-0.33670033670033517,ND04_plus_ND05,2025-04,2,True
2025-04-30,1,8281,ゼビオＨＤ,0.274601669284564,0.9273570324574987,ND04_plus_ND05,2025-04,2,True
2025-04-30,2,5332,ＴＯＴＯ,0.23560504190272769,3.23809523809524,ND04_plus_ND05,2025-04,2,True
2025-05-01,1,9001,東武,0.1161657275617444,1.3984674329502012,ND04_plus_ND05,2025-05,2,True
2025-05-01,2,5290,ベルテクス,0.058858648433270315,1.0769230769230864,ND04_plus_ND05,2025-05,2,True
2025-05-08,1,2344,平安レイ,0.12362521365315876,-1.8583042973286834,ND04_plus_ND05,2025-05,2,True
2025-05-08,2,4611,大日塗料,0.060138542537097266,-1.6279069767441867,ND04_plus_ND05,2025-05,2,True
2025-05-09,1,8558,東和銀,0.14774674151333975,6.779661016949157,ND04_plus_ND05,2025-05,2,True
2025-05-09,2,3626,ＴＩＳ,0.12362521365315876,6.234184495054063,ND04_plus_ND05,2025-05,2,True
2025-05-12,1,1375,ユキグニファクトリー,0.4055359835856348,-0.7213706041478862,ND04_plus_ND05,2025-05,2,True
2025-05-12,2,6222,島精機,0.39807649749422047,-2.9189189189189224,ND04_plus_ND05,2025-05,2,True
2025-05-13,1,9006,京急,0.3795104168659823,-0.8191349934469239,ND04_plus_ND05,2025-05,2,True
2025-05-13,2,7236,ティラド,0.3775091389632537,6.62790697674418,ND04_plus_ND05,2025-05,2,True
2025-05-14,1,2585,ライフドリンクＣ,0.21410408974035514,-5.351351351351353,ND04_plus_ND05,2025-05,2,True
2025-05-14,2,7927,ムトー精工,0.1354218296385847,0.4095563139931757,ND04_plus_ND05,2025-05,2,True
2025-05-15,1,7313,ＴＳテック,0.23589706302449007,-0.4878048780487809,ND04_plus_ND05,2025-05,2,True
2025-05-15,2,3817,ＳＲＡＨＤ,0.22699867550362743,-4.905239687848384,ND04_plus_ND05,2025-05,2,True
2025-05-16,1,2488,ＪＴＰ,0.23496283200976467,1.8501387604070274,ND04_plus_ND05,2025-05,2,True
2025-05-16,2,9780,ハリマビステム,0.20664460364894074,-1.4084507042253502,ND04_plus_ND05,2025-05,2,True
2025-05-19,1,8803,平和不,0.19685227082071496,0.8888888888888946,ND04_plus_ND05,2025-05,2,True
2025-05-19,2,4204,積水化,0.05748078364336904,0.10109179134654145,ND04_plus_ND05,2025-05,2,True
2025-05-20,1,4527,ロート薬,0.05533847337184949,-3.050366516907066,ND04_plus_ND05,2025-05,2,True
2025-05-20,2,177A,Ｇ－コージンバイオ,0.05478676211312448,-0.9445100354191216,ND04_plus_ND05,2025-05,2,True
2025-05-21,1,9201,ＪＡＬ,0.06255884782828673,-0.9158154279675923,ND04_plus_ND05,2025-05,2,True
2025-05-21,2,8934,サンフロンティア,0.060138542537097266,0.38872691933915515,ND04_plus_ND05,2025-05,2,True
2025-05-27,1,3286,トラストＨＤ,0.18965753230102972,-0.9777777777777774,ND04_plus_ND05,2025-05,2,True
2025-05-27,2,7833,アイフィスジャパン,0.05533847337184949,-0.6779661016949157,ND04_plus_ND05,2025-05,2,True
2025-05-28,1,2877,日東ベスト,0.05478676211312448,-0.8196721311475419,ND04_plus_ND05,2025-05,2,True
2025-05-28,2,3597,自重堂,0.05478676211312448,1.5920398009950265,ND04_plus_ND05,2025-05,2,True
2025-05-29,1,6702,富士通,0.05478676211312448,0.14992503748125774,ND04_plus_ND05,2025-05,2,True
2025-05-29,2,7638,ＮＥＷ ＡＲＴ,0.05102681612650024,0.41753653444676075,ND04_plus_ND05,2025-05,2,True
2025-05-30,1,7202,いすゞ自,0.26119563786971084,2.243673362901122,ND04_plus_ND05,2025-05,2,True
2025-05-30,2,4331,Ｔ＆Ｇニーズ,0.05478676211312448,1.4285714285714235,ND04_plus_ND05,2025-05,2,True
2025-06-02,1,3175,ＡＰＨＤ,0.23052373315147912,0.0,ND04_plus_ND05,2025-06,2,True
2025-06-02,2,6973,協栄産,0.224295719896505,0.0,ND04_plus_ND05,2025-06,2,True
2025-06-03,1,2183,リニカル,0.050897704322610586,-0.31347962382445305,ND04_plus_ND05,2025-06,2,True
2025-06-03,2,3161,アゼアス,0.0470438569774539,-0.3110419906687367,ND04_plus_ND05,2025-06,2,True
2025-06-04,1,5079,ノバック,0.03995317923772763,1.4388489208633004,ND04_plus_ND05,2025-06,2,True
2025-06-04,2,4538,扶桑薬,0.034615780693639506,-1.018047200370198,ND04_plus_ND05,2025-06,2,True
2025-06-05,1,6082,ライドオンＥＸＨＤ,0.05453626298661441,0.0,ND04_plus_ND05,2025-06,2,True
2025-06-05,2,3646,Ｇ－駅探,0.050897704322610586,-1.2012012012011963,ND04_plus_ND05,2025-06,2,True
2025-06-06,1,7685,Ｇ－ＢＵＹＳＥＬＬ,0.050404049145893116,6.3141879041460625,ND04_plus_ND05,2025-06,2,True
2025-06-06,2,3475,グッドコムアセット,0.0455126549793649,1.0270774976657293,ND04_plus_ND05,2025-06,2,True
2025-06-09,1,3662,エイチームＨＤ,0.09046779722264485,-3.650793650793649,ND04_plus_ND05,2025-06,2,True
2025-06-09,2,9101,郵船,0.05737579412858825,-1.1179876222798923,ND04_plus_ND05,2025-06,2,True
2025-06-10,1,2153,イージェイＨＤ,0.03503280996531235,0.6040268456375841,ND04_plus_ND05,2025-06,2,True
2025-06-10,2,3093,トレファク,0.027569921869925768,3.579295154185025,ND04_plus_ND05,2025-06,2,True
2025-06-11,1,6850,チノー,0.05453626298661441,0.7725321888411907,ND04_plus_ND05,2025-06,2,True
2025-06-11,2,9719,ＳＣＳＫ,0.05453626298661441,-1.6176805650489845,ND04_plus_ND05,2025-06,2,True
2025-06-12,1,3667,ｅｎｉｓｈ,0.03135561675615537,4.807692307692313,ND04_plus_ND05,2025-06,2,True
2025-06-12,2,2683,魚喜,0.027569921869925768,-0.09398496240601295,ND04_plus_ND05,2025-06,2,True
2025-06-13,1,8267,イオン,0.21898259753949248,2.7957486136783727,ND04_plus_ND05,2025-06,2,True
2025-06-13,2,9831,ヤマダＨＤ,0.05453626298661441,-0.2488687782805532,ND04_plus_ND05,2025-06,2,True
2025-06-17,1,3688,ＣＡＲＴＡ ＨＤ,0.23501084568957775,0.0,ND04_plus_ND05,2025-06,2,True
2025-06-17,2,1716,第一カッター,0.05453626298661441,0.1498127340823885,ND04_plus_ND05,2025-06,2,True
2025-06-18,1,8704,トレイダーズＨＤ,0.05453626298661441,-2.489270386266096,ND04_plus_ND05,2025-06,2,True
2025-06-18,2,3526,芦森工,0.0470438569774539,0.17464198393293273,ND04_plus_ND05,2025-06,2,True
2025-06-19,1,3166,ＯＣＨＩ・ＨＤ,0.0455126549793649,0.7183908045977017,ND04_plus_ND05,2025-06,2,True
2025-06-19,2,6577,Ｇ－ベストワンドット,0.04467693841254052,0.8349900596421378,ND04_plus_ND05,2025-06,2,True
2025-06-20,1,1436,Ｇ－グリーンエナジー,0.0675210426326408,-0.603528319405755,ND04_plus_ND05,2025-06,2,True
2025-06-20,2,6670,ＭＣＪ,0.050897704322610586,-1.0542168674698815,ND04_plus_ND05,2025-06,2,True
2025-06-24,1,4347,ブロードメディア,0.05453626298661441,0.520291363163361,ND04_plus_ND05,2025-06,2,True
2025-06-24,2,6817,スミダ,0.0470438569774539,-0.6085192697768749,ND04_plus_ND05,2025-06,2,True
2025-06-25,1,4732,ＵＳＳ,0.23554417744076922,-0.09646302250804206,ND04_plus_ND05,2025-06,2,True
2025-06-25,2,6862,ミナトＨＤ,0.05453626298661441,-0.79155672823219,ND04_plus_ND05,2025-06,2,True
2025-06-26,1,4386,ＳＩＧグループ,0.05453626298661441,0.0,ND04_plus_ND05,2025-06,2,True
2025-06-26,2,7944,ローランド,0.05453626298661441,0.31347962382444194,ND04_plus_ND05,2025-06,2,True
2025-06-27,1,9331,Ｇ－キャスター,0.04865480247365244,-2.7906976744186074,ND04_plus_ND05,2025-06,2,True
2025-06-27,2,4800,オリコン,0.04829211210184096,0.7802340702210753,ND04_plus_ND05,2025-06,2,True
2025-06-30,1,7060,ギークス,0.21451783534741903,5.624999999999991,ND04_plus_ND05,2025-06,2,True
2025-06-30,2,1873,日本ハウスＨＤ,0.05737579412858825,-0.33783783783783994,ND04_plus_ND05,2025-06,2,True
2025-07-01,1,9386,日本コンセプト,0.17637253094519711,0.0,ND04_plus_ND05,2025-07,2,True
2025-07-01,2,1514,住石ＨＤ,0.059257211603882434,-0.4893964110929905,ND04_plus_ND05,2025-07,2,True
2025-07-02,1,6191,エアトリ,0.056970399601682306,-2.483069977426633,ND04_plus_ND05,2025-07,2,True
2025-07-02,2,8887,シーラＨＤ,0.042622747302859164,-1.7391304347826098,ND04_plus_ND05,2025-07,2,True
2025-07-07,1,2338,クオンタムＳ,0.06628966271564304,0.6741573033707926,ND04_plus_ND05,2025-07,2,True
2025-07-07,2,9984,ソフトバンクグループ,0.047730567141648035,-0.5169172932330879,ND04_plus_ND05,2025-07,2,True
2025-07-08,1,5463,丸一鋼管,0.22034267813631897,0.5932203389830581,ND04_plus_ND05,2025-07,2,True
2025-07-08,2,3021,ＰＣＮＥＴ,0.07192917622867376,-4.499274310595069,ND04_plus_ND05,2025-07,2,True
2025-07-09,1,2323,ｆｏｎｆｕｎ,0.02995078267806783,-3.397027600849256,ND04_plus_ND05,2025-07,2,True
2025-07-09,2,2438,Ｇ－アスカネット,0.02995078267806783,-0.7025761124121788,ND04_plus_ND05,2025-07,2,True
2025-07-10,1,6465,ホシザキ,0.059257211603882434,0.057692307692303046,ND04_plus_ND05,2025-07,2,True
2025-07-10,2,3139,ラクト・ジャパン,0.053666308047952645,-4.651162790697672,ND04_plus_ND05,2025-07,2,True
2025-07-11,1,4530,久光薬,0.12042421229957269,-0.3039513677811523,ND04_plus_ND05,2025-07,2,True
2025-07-11,2,3653,Ｇ－モルフォ,0.059257211603882434,-0.16380016380016515,ND04_plus_ND05,2025-07,2,True
2025-07-14,1,4465,ニイタカ,0.14987521222496675,-1.8339768339768359,ND04_plus_ND05,2025-07,2,True
2025-07-14,2,4976,ドライルーブ,0.049168722411851266,0.12468827930174342,ND04_plus_ND05,2025-07,2,True
2025-07-15,1,3387,クリレスＨＤ,0.13762925991725716,1.8745959922430444,ND04_plus_ND05,2025-07,2,True
2025-07-15,2,3073,ＤＤグループ,0.1262222770407443,0.05899705014749124,ND04_plus_ND05,2025-07,2,True
2025-07-16,1,9843,ニトリＨＤ,0.24431292298569773,1.115384615384607,ND04_plus_ND05,2025-07,2,True
2025-07-16,2,146A,コロンビア・ワークス,0.05759873912622172,0.0,ND04_plus_ND05,2025-07,2,True
2025-07-23,1,3399,山岡家,0.22998248588324566,-0.303030303030305,ND04_plus_ND05,2025-07,2,True
2025-07-23,2,7818,トランザクション,0.20170850648032385,0.8957654723126929,ND04_plus_ND05,2025-07,2,True
2025-07-24,1,4390,ｉｐｓ,0.059257211603882434,1.2340237990304148,ND04_plus_ND05,2025-07,2,True
2025-07-24,2,3765,ガンホー,0.038955111202984664,-0.49896765313145464,ND04_plus_ND05,2025-07,2,True
2025-07-25,1,3814,Ｇ－アルファクスＦＳ,0.04809691117445842,0.0,ND04_plus_ND05,2025-07,2,True
2025-07-25,2,4875,メディシノバ,0.04661875011113936,7.567567567567557,ND04_plus_ND05,2025-07,2,True
2025-07-28,1,6338,タカトリ,0.2266849397800076,-0.37336652146857663,ND04_plus_ND05,2025-07,2,True
2025-07-28,2,9436,沖縄セルラー,0.15708402804882182,-6.057692307692308,ND04_plus_ND05,2025-07,2,True
2025-07-29,1,5290,ベルテクス,0.23046591711532383,-2.722323049001818,ND04_plus_ND05,2025-07,2,True
2025-07-29,2,7833,アイフィスジャパン,0.05500414603803776,0.8064516129032251,ND04_plus_ND05,2025-07,2,True
2025-07-30,1,4498,Ｇ－サイバートラスト,0.16538827027995873,-0.9589041095890427,ND04_plus_ND05,2025-07,2,True
2025-07-30,2,4465,ニイタカ,0.059257211603882434,0.4859086491739495,ND04_plus_ND05,2025-07,2,True
2025-07-31,1,4114,日触媒,0.21603894358277592,0.49722140976893314,ND04_plus_ND05,2025-07,2,True
2025-07-31,2,2217,モロゾフ,0.059257211603882434,-1.728553137003841,ND04_plus_ND05,2025-07,2,True
