stage,candidate_id,date,model_rank,code,name,model_score,label,oc_return_pct,outcome_observed,source_complete,universe_source_complete
family_screen,legacy_logit_c008__bcab148db4710b43__f_session_market,2024-07-01,1,8142,トーホー,0.5830576602390746,0.0,-1.0840108401083959,True,True,True
family_screen,legacy_logit_c008__bcab148db4710b43__f_session_market,2024-07-01,2,3558,ジェイドグループ,0.5797741754492559,0.0,-3.4566403881140073,True,True,True
family_screen,legacy_logit_c008__bcab148db4710b43__f_session_market,2024-07-02,1,160A,アズパートナーズ,0.6012351773580309,0.0,-0.5398671096345509,True,True,True
family_screen,legacy_logit_c008__bcab148db4710b43__f_session_market,2024-07-02,2,3987,エコモット,0.5966847812529961,1.0,2.941176470588225,True,True,True
family_screen,legacy_logit_c008__bcab148db4710b43__f_session_market,2024-07-03,1,9818,大丸エナウィン,0.5746272082050567,0.0,-0.3201024327784907,True,True,True
family_screen,legacy_logit_c008__bcab148db4710b43__f_session_market,2024-07-03,2,5011,ニチレキ,0.5424493355860378,0.0,-0.24937655860348684,True,True,True
family_screen,legacy_logit_c008__bcab148db4710b43__f_session_market,2024-07-04,1,6151,日東⼯器,0.5372377895828124,0.0,-0.9683098591549255,True,True,True
family_screen,legacy_logit_c008__bcab148db4710b43__f_session_market,2024-07-04,2,4177,ｉ‐ｐｌｕｇ,0.5364536409709141,0.0,-1.6666666666666718,True,True,True
family_screen,legacy_logit_c008__bcab148db4710b43__f_session_market,2024-07-05,1,3793,ドリコム,0.5434015158431408,1.0,0.694444444444442,True,True,True
family_screen,legacy_logit_c008__bcab148db4710b43__f_session_market,2024-07-05,2,2469,ヒビノ,0.5428973614678478,0.0,-0.26615969581749166,True,True,True
family_screen,legacy_logit_c008__bcab148db4710b43__f_session_market,2024-07-08,1,4261,アジアクエスト,0.5882120805469832,0.0,-2.193944712593243,True,True,True
family_screen,legacy_logit_c008__bcab148db4710b43__f_session_market,2024-07-08,2,4015,ペイクラウドホールディングス,0.5840040353211357,1.0,1.3916500994035852,True,True,True
family_screen,legacy_logit_c008__bcab148db4710b43__f_session_market,2024-07-09,1,173A,ハンモック,0.5767749225141618,0.0,-1.9466474405191114,True,True,True
family_screen,legacy_logit_c008__bcab148db4710b43__f_session_market,2024-07-09,2,5575,Ｇｌｏｂｅｅ,0.5740606414711784,1.0,1.8452803406671325,True,True,True
family_screen,legacy_logit_c008__bcab148db4710b43__f_session_market,2024-07-10,1,4772,ストリームメディアコーポレーション,0.5453116680144835,0.0,-0.694444444444442,True,True,True
family_screen,legacy_logit_c008__bcab148db4710b43__f_session_market,2024-07-10,2,1866,北野建設,0.5424656714292939,0.0,-0.4070556309362261,True,True,True
family_screen,legacy_logit_c008__bcab148db4710b43__f_session_market,2024-07-11,1,9070,トナミホールディングス,0.5742298234955652,1.0,0.1686340640809414,True,True,True
family_screen,legacy_logit_c008__bcab148db4710b43__f_session_market,2024-07-11,2,3915,テラスカイ,0.5700041787792764,0.0,-0.29732408325073845,True,True,True
family_screen,legacy_logit_c008__bcab148db4710b43__f_session_market,2024-07-12,1,9353,櫻島埠頭,0.5712126634416154,1.0,0.4345464421509959,True,True,True
family_screen,legacy_logit_c008__bcab148db4710b43__f_session_market,2024-07-12,2,6777,ｓａｎｔｅｃ Ｈｏｌｄｉｎｇｓ,0.5461449129176225,1.0,0.3424657534246478,True,True,True
family_screen,legacy_logit_c008__bcab148db4710b43__f_session_market,2024-07-16,1,9353,櫻島埠頭,0.5650229655465937,0.0,-3.5769828926905167,True,True,True
family_screen,legacy_logit_c008__bcab148db4710b43__f_session_market,2024-07-16,2,4196,ネオマーケティング,0.5463418687196077,1.0,1.2762078395624377,True,True,True
family_screen,legacy_logit_c008__bcab148db4710b43__f_session_market,2024-07-17,1,4519,中外製薬,0.561694936850791,0.0,-0.9967320261437873,True,True,True
family_screen,legacy_logit_c008__bcab148db4710b43__f_session_market,2024-07-17,2,3141,ウエルシアホールディングス,0.555003424670225,0.0,-0.2901609074122957,True,True,True
family_screen,legacy_logit_c008__bcab148db4710b43__f_session_market,2024-07-18,1,3760,ケイブ,0.5605535719472651,0.0,-6.6016504126031545,True,True,True
family_screen,legacy_logit_c008__bcab148db4710b43__f_session_market,2024-07-18,2,7735,ＳＣＲＥＥＮホールディングス,0.5492846512115017,1.0,0.1477104874446189,True,True,True
family_screen,legacy_logit_c008__bcab148db4710b43__f_session_market,2024-07-19,1,4385,メルカリ,0.5552656967251619,1.0,0.3216123499142354,True,True,True
family_screen,legacy_logit_c008__bcab148db4710b43__f_session_market,2024-07-19,2,9722,藤⽥観光,0.5521540063833271,1.0,1.2401352874858995,True,True,True
family_screen,legacy_logit_c008__bcab148db4710b43__f_session_market,2024-07-22,1,4593,ヘリオス,0.5758890830501046,1.0,1.6483516483516425,True,True,True
family_screen,legacy_logit_c008__bcab148db4710b43__f_session_market,2024-07-22,2,8617,光世証券,0.5748048420178777,1.0,1.9230769230769162,True,True,True
family_screen,legacy_logit_c008__bcab148db4710b43__f_session_market,2024-07-23,1,6858,小野測器,0.6647650663120636,1.0,0.16920473773265332,True,True,True
family_screen,legacy_logit_c008__bcab148db4710b43__f_session_market,2024-07-23,2,4425,Ｋｕｄａｎ,0.6614560912137346,1.0,2.5495750708215192,True,True,True
family_screen,legacy_logit_c008__bcab148db4710b43__f_session_market,2024-07-24,1,9691,両毛システムズ,0.6058173417510073,1.0,0.659340659340657,True,True,True
family_screen,legacy_logit_c008__bcab148db4710b43__f_session_market,2024-07-24,2,4612,日本ペイントホールディングス,0.534701105927834,0.0,-1.738672286617493,True,True,True
family_screen,legacy_logit_c008__bcab148db4710b43__f_session_market,2024-07-25,1,6533,Ｏｒｃｈｅｓｔｒａ Ｈｏｌｄｉｎｇｓ,0.6339229915685618,0.0,-1.0673234811165888,True,True,True
family_screen,legacy_logit_c008__bcab148db4710b43__f_session_market,2024-07-25,2,7383,ネットプロテクションズホールディングス,0.6310733993196139,0.0,-0.48076923076922906,True,True,True
family_screen,legacy_logit_c008__bcab148db4710b43__f_session_market,2024-07-26,1,7464,セフテック,0.5845878091859785,1.0,0.04909180166912108,True,True,True
family_screen,legacy_logit_c008__bcab148db4710b43__f_session_market,2024-07-26,2,2349,エヌアイデイ,0.583159386119206,1.0,2.0626735422451414,True,True,True
family_screen,legacy_logit_c008__bcab148db4710b43__f_session_market,2024-07-29,1,7464,セフテック,0.599122364166368,0.0,-1.3409961685823757,True,True,True
family_screen,legacy_logit_c008__bcab148db4710b43__f_session_market,2024-07-29,2,8609,岡三証券グループ,0.5576188450276349,1.0,3.5190615835777095,True,True,True
family_screen,legacy_logit_c008__bcab148db4710b43__f_session_market,2024-07-30,1,7464,セフテック,0.5935188815016694,,,True,True,True
family_screen,legacy_logit_c008__bcab148db4710b43__f_session_market,2024-07-30,2,1884,日本道路,0.537313798785339,0.0,-2.0588235294117685,True,True,True
family_screen,legacy_logit_c008__bcab148db4710b43__f_session_market,2024-07-31,1,6848,東亜ディーケーケー,0.6636777917683779,1.0,1.948842874543244,True,True,True
family_screen,legacy_logit_c008__bcab148db4710b43__f_session_market,2024-07-31,2,3396,フェリシモ,0.6391483554586617,1.0,1.3143483023001057,True,True,True
family_screen,legacy_logit_c008__bcab148db4710b43__f_session_market,2024-08-01,1,8938,グローム・ホールディングス,0.5281364168183459,0.0,-4.433497536945808,True,True,True
family_screen,legacy_logit_c008__bcab148db4710b43__f_session_market,2024-08-01,2,4523,エーザイ,0.516314223440159,0.0,-2.0547945205479423,True,True,True
family_screen,legacy_logit_c008__bcab148db4710b43__f_session_market,2024-08-02,1,5410,合同製鐵,0.7198927504257385,0.0,-1.3986013986013957,True,True,True
family_screen,legacy_logit_c008__bcab148db4710b43__f_session_market,2024-08-02,2,4175,ｃｏｌｙ,0.7089907532203974,0.0,-5.769230769230771,True,True,True
family_screen,legacy_logit_c008__bcab148db4710b43__f_session_market,2024-08-05,1,2224,コモ,0.8112989174448957,0.0,-0.0357015351660106,True,True,True
family_screen,legacy_logit_c008__bcab148db4710b43__f_session_market,2024-08-05,2,2923,サトウ食品,0.7870587645923907,0.0,-1.1272141706924366,True,True,True
family_screen,legacy_logit_c008__bcab148db4710b43__f_session_market,2024-08-06,1,7035,ａｎｄ ｆａｃｔｏｒｙ,0.9731875873077511,0.0,-7.8767123287671215,True,True,True
family_screen,legacy_logit_c008__bcab148db4710b43__f_session_market,2024-08-06,2,6552,ＧａｍｅＷｉｔｈ,0.9701932976260819,0.0,-22.580645161290324,True,True,True
family_screen,legacy_logit_c008__bcab148db4710b43__f_session_market,2024-08-07,1,9996,サトー商会,0.5278513744292347,1.0,2.60869565217392,True,True,True
family_screen,legacy_logit_c008__bcab148db4710b43__f_session_market,2024-08-07,2,7567,栄電子,0.5213793062975853,1.0,7.331378299120228,True,True,True
family_screen,legacy_logit_c008__bcab148db4710b43__f_session_market,2024-08-08,1,4215,タキロンシーアイ,0.509492983961376,0.0,-0.11507479861909697,True,True,True
family_screen,legacy_logit_c008__bcab148db4710b43__f_session_market,2024-08-08,2,9996,サトー商会,0.48603958332132424,1.0,2.421307506053272,True,True,True
family_screen,legacy_logit_c008__bcab148db4710b43__f_session_market,2024-08-09,1,6497,ハマイ,0.5066857253514391,1.0,2.052785923753664,True,True,True
family_screen,legacy_logit_c008__bcab148db4710b43__f_session_market,2024-08-09,2,7850,総合商研,0.5062352257627358,0.0,-1.4687882496939975,True,True,True
family_screen,legacy_logit_c008__bcab148db4710b43__f_session_market,2024-08-13,1,3712,情報企画,0.570642747701786,0.0,-3.566878980891719,True,True,True
family_screen,legacy_logit_c008__bcab148db4710b43__f_session_market,2024-08-13,2,7120,ＳＨＩＮＫＯ,0.5696526113114931,1.0,2.5274725274725185,True,True,True
family_screen,legacy_logit_c008__bcab148db4710b43__f_session_market,2024-08-14,1,4215,タキロンシーアイ,0.5357487272813579,0.0,0.0,True,True,True
family_screen,legacy_logit_c008__bcab148db4710b43__f_session_market,2024-08-14,2,7043,アルー,0.5112651493224181,1.0,3.409090909090917,True,True,True
family_screen,legacy_logit_c008__bcab148db4710b43__f_session_market,2024-08-15,1,4215,タキロンシーアイ,0.5319007269132535,0.0,0.0,True,True,True
family_screen,legacy_logit_c008__bcab148db4710b43__f_session_market,2024-08-15,2,6406,フジテック,0.527483572265199,1.0,0.9772727272727266,True,True,True
family_screen,legacy_logit_c008__bcab148db4710b43__f_session_market,2024-08-16,1,7120,ＳＨＩＮＫＯ,0.5314073487022031,1.0,2.4802110817941925,True,True,True
family_screen,legacy_logit_c008__bcab148db4710b43__f_session_market,2024-08-16,2,7043,アルー,0.5309353729119842,0.0,-0.4987531172069848,True,True,True
family_screen,legacy_logit_c008__bcab148db4710b43__f_session_market,2024-08-19,1,1446,キャンディル,0.5319751045143738,1.0,0.8278145695364225,True,True,True
family_screen,legacy_logit_c008__bcab148db4710b43__f_session_market,2024-08-19,2,3800,ユニリタ,0.530214363701478,0.0,0.0,True,True,True
family_screen,legacy_logit_c008__bcab148db4710b43__f_session_market,2024-08-20,1,7222,日産車体,0.5737179039049681,1.0,2.2797927461139844,True,True,True
family_screen,legacy_logit_c008__bcab148db4710b43__f_session_market,2024-08-20,2,6090,ヒューマン・メタボローム・テクノロジーズ,0.5729419025362441,0.0,-0.8547008547008517,True,True,True
family_screen,legacy_logit_c008__bcab148db4710b43__f_session_market,2024-08-21,1,8247,大和,0.5227622864205463,1.0,0.2272727272727204,True,True,True
family_screen,legacy_logit_c008__bcab148db4710b43__f_session_market,2024-08-21,2,4356,応用技術,0.5208040572650728,0.0,-1.0578718108276264,True,True,True
family_screen,legacy_logit_c008__bcab148db4710b43__f_session_market,2024-08-22,1,5237,ノザワ,0.5266426176614577,1.0,0.45662100456620447,True,True,True
family_screen,legacy_logit_c008__bcab148db4710b43__f_session_market,2024-08-22,2,4887,サワイグループホールディングス,0.5250633063357376,1.0,1.1239669421487575,True,True,True
family_screen,legacy_logit_c008__bcab148db4710b43__f_session_market,2024-08-23,1,6334,明治機械,0.5412639646271461,0.0,0.0,True,True,True
family_screen,legacy_logit_c008__bcab148db4710b43__f_session_market,2024-08-23,2,3064,ＭｏｎｏｔａＲＯ,0.5385719702845624,0.0,-2.007108509303779,True,True,True
family_screen,legacy_logit_c008__bcab148db4710b43__f_session_market,2024-08-26,1,6381,アネスト岩⽥,0.55251444989935,0.0,-1.8334606569900713,True,True,True
family_screen,legacy_logit_c008__bcab148db4710b43__f_session_market,2024-08-26,2,5201,ＡＧＣ,0.5391618845905172,0.0,-0.021459227467812703,True,True,True
family_screen,legacy_logit_c008__bcab148db4710b43__f_session_market,2024-08-27,1,4921,ファンケル,0.5900743306834678,1.0,1.2731902510003668,True,True,True
family_screen,legacy_logit_c008__bcab148db4710b43__f_session_market,2024-08-27,2,6406,フジテック,0.5399408162526393,1.0,0.14884116521369783,True,True,True
family_screen,legacy_logit_c008__bcab148db4710b43__f_session_market,2024-08-28,1,187A,サムティホールディングス,0.5366750735320615,1.0,0.03785011355033063,True,True,True
family_screen,legacy_logit_c008__bcab148db4710b43__f_session_market,2024-08-28,2,3064,ＭｏｎｏｔａＲＯ,0.5344045417581944,0.0,-0.10902747492368414,True,True,True
family_screen,legacy_logit_c008__bcab148db4710b43__f_session_market,2024-08-29,1,2736,フェスタリアホールディングス,0.7245277384342261,0.0,-0.7027406886858767,True,True,True
family_screen,legacy_logit_c008__bcab148db4710b43__f_session_market,2024-08-29,2,4379,Ｐｈｏｔｏｓｙｎｔｈ,0.5631197377299266,1.0,3.116883116883118,True,True,True
family_screen,legacy_logit_c008__bcab148db4710b43__f_session_market,2024-08-30,1,3077,ホリイフードサービス,0.7027136627164121,0.0,-0.2801120448179262,True,True,True
family_screen,legacy_logit_c008__bcab148db4710b43__f_session_market,2024-08-30,2,3991,ウォンテッドリー,0.5431153530895692,0.0,-0.42016806722688926,True,True,True
family_screen,raked_logit_c003__636907555fe518d0__f_session_market,2024-07-01,1,8142,トーホー,0.5619986259104943,0.0,-1.0840108401083959,True,True,True
family_screen,raked_logit_c003__636907555fe518d0__f_session_market,2024-07-01,2,3558,ジェイドグループ,0.5597238798444218,0.0,-3.4566403881140073,True,True,True
family_screen,raked_logit_c003__636907555fe518d0__f_session_market,2024-07-02,1,160A,アズパートナーズ,0.5733399349369124,0.0,-0.5398671096345509,True,True,True
family_screen,raked_logit_c003__636907555fe518d0__f_session_market,2024-07-02,2,3987,エコモット,0.5671394727821701,1.0,2.941176470588225,True,True,True
family_screen,raked_logit_c003__636907555fe518d0__f_session_market,2024-07-03,1,9818,大丸エナウィン,0.5398417845542705,0.0,-0.3201024327784907,True,True,True
family_screen,raked_logit_c003__636907555fe518d0__f_session_market,2024-07-03,2,6151,日東⼯器,0.5321204081321149,0.0,-4.340497260851239,True,True,True
family_screen,raked_logit_c003__636907555fe518d0__f_session_market,2024-07-04,1,4177,ｉ‐ｐｌｕｇ,0.5397208645014163,0.0,-1.6666666666666718,True,True,True
family_screen,raked_logit_c003__636907555fe518d0__f_session_market,2024-07-04,2,4119,日本ピグメント,0.5318601426208022,0.0,-0.48000000000000265,True,True,True
family_screen,raked_logit_c003__636907555fe518d0__f_session_market,2024-07-05,1,4420,イーソル,0.5340414132873753,1.0,2.062975027144409,True,True,True
family_screen,raked_logit_c003__636907555fe518d0__f_session_market,2024-07-05,2,3793,ドリコム,0.5329712733909391,1.0,0.694444444444442,True,True,True
family_screen,raked_logit_c003__636907555fe518d0__f_session_market,2024-07-08,1,4261,アジアクエスト,0.5614325011409245,0.0,-2.193944712593243,True,True,True
family_screen,raked_logit_c003__636907555fe518d0__f_session_market,2024-07-08,2,2300,きょくとう,0.55745532856265,1.0,1.5503875968992276,True,True,True
family_screen,raked_logit_c003__636907555fe518d0__f_session_market,2024-07-09,1,173A,ハンモック,0.5554041677997412,0.0,-1.9466474405191114,True,True,True
family_screen,raked_logit_c003__636907555fe518d0__f_session_market,2024-07-09,2,5575,Ｇｌｏｂｅｅ,0.5523807788104574,1.0,1.8452803406671325,True,True,True
family_screen,raked_logit_c003__636907555fe518d0__f_session_market,2024-07-10,1,9418,Ｕ−ＮＥＸＴ ＨＯＬＤＩＮＧＳ,0.5354700672309243,1.0,1.4101057579318343,True,True,True
family_screen,raked_logit_c003__636907555fe518d0__f_session_market,2024-07-10,2,3878,巴川コーポレーション,0.5337764223773815,0.0,-1.0763209393346407,True,True,True
family_screen,raked_logit_c003__636907555fe518d0__f_session_market,2024-07-11,1,9070,トナミホールディングス,0.5559546777642667,1.0,0.1686340640809414,True,True,True
family_screen,raked_logit_c003__636907555fe518d0__f_session_market,2024-07-11,2,3915,テラスカイ,0.5493743913934629,0.0,-0.29732408325073845,True,True,True
family_screen,raked_logit_c003__636907555fe518d0__f_session_market,2024-07-12,1,9353,櫻島埠頭,0.5525121070640109,1.0,0.4345464421509959,True,True,True
family_screen,raked_logit_c003__636907555fe518d0__f_session_market,2024-07-12,2,2788,アップルインターナショナル,0.5392027918543573,1.0,1.2891344383057168,True,True,True
family_screen,raked_logit_c003__636907555fe518d0__f_session_market,2024-07-16,1,9353,櫻島埠頭,0.5462644823624156,0.0,-3.5769828926905167,True,True,True
family_screen,raked_logit_c003__636907555fe518d0__f_session_market,2024-07-16,2,4196,ネオマーケティング,0.5397805419225652,1.0,1.2762078395624377,True,True,True
family_screen,raked_logit_c003__636907555fe518d0__f_session_market,2024-07-17,1,4519,中外製薬,0.5422972290356767,0.0,-0.9967320261437873,True,True,True
family_screen,raked_logit_c003__636907555fe518d0__f_session_market,2024-07-17,2,4523,エーザイ,0.5379397628858835,1.0,1.26736906397924,True,True,True
family_screen,raked_logit_c003__636907555fe518d0__f_session_market,2024-07-18,1,3760,ケイブ,0.5543554979712332,0.0,-6.6016504126031545,True,True,True
family_screen,raked_logit_c003__636907555fe518d0__f_session_market,2024-07-18,2,7735,ＳＣＲＥＥＮホールディングス,0.5398444617544609,1.0,0.1477104874446189,True,True,True
family_screen,raked_logit_c003__636907555fe518d0__f_session_market,2024-07-19,1,4385,メルカリ,0.5429195000564918,1.0,0.3216123499142354,True,True,True
family_screen,raked_logit_c003__636907555fe518d0__f_session_market,2024-07-19,2,7013,ＩＨＩ,0.5375681626290932,1.0,0.2640845070422504,True,True,True
family_screen,raked_logit_c003__636907555fe518d0__f_session_market,2024-07-22,1,8617,光世証券,0.5740403281816874,1.0,1.9230769230769162,True,True,True
family_screen,raked_logit_c003__636907555fe518d0__f_session_market,2024-07-22,2,4593,ヘリオス,0.5552548607941837,1.0,1.6483516483516425,True,True,True
family_screen,raked_logit_c003__636907555fe518d0__f_session_market,2024-07-23,1,6858,小野測器,0.6227720317123584,1.0,0.16920473773265332,True,True,True
family_screen,raked_logit_c003__636907555fe518d0__f_session_market,2024-07-23,2,4425,Ｋｕｄａｎ,0.614742261978839,1.0,2.5495750708215192,True,True,True
family_screen,raked_logit_c003__636907555fe518d0__f_session_market,2024-07-24,1,9691,両毛システムズ,0.5772153190542898,1.0,0.659340659340657,True,True,True
family_screen,raked_logit_c003__636907555fe518d0__f_session_market,2024-07-24,2,6048,デザインワン・ジャパン,0.524570206561183,1.0,4.225352112676051,True,True,True
family_screen,raked_logit_c003__636907555fe518d0__f_session_market,2024-07-25,1,3628,データホライゾン,0.5974421190809494,0.0,-1.2499999999999956,True,True,True
family_screen,raked_logit_c003__636907555fe518d0__f_session_market,2024-07-25,2,6533,Ｏｒｃｈｅｓｔｒａ Ｈｏｌｄｉｎｇｓ,0.5932884433237857,0.0,-1.0673234811165888,True,True,True
family_screen,raked_logit_c003__636907555fe518d0__f_session_market,2024-07-26,1,2349,エヌアイデイ,0.5657108730487127,1.0,2.0626735422451414,True,True,True
family_screen,raked_logit_c003__636907555fe518d0__f_session_market,2024-07-26,2,7464,セフテック,0.5630038072125034,1.0,0.04909180166912108,True,True,True
family_screen,raked_logit_c003__636907555fe518d0__f_session_market,2024-07-29,1,7464,セフテック,0.5659258791155729,0.0,-1.3409961685823757,True,True,True
family_screen,raked_logit_c003__636907555fe518d0__f_session_market,2024-07-29,2,8609,岡三証券グループ,0.5480126051141787,1.0,3.5190615835777095,True,True,True
family_screen,raked_logit_c003__636907555fe518d0__f_session_market,2024-07-30,1,7464,セフテック,0.5626011063457078,,,True,True,True
family_screen,raked_logit_c003__636907555fe518d0__f_session_market,2024-07-30,2,1884,日本道路,0.5318803967780844,0.0,-2.0588235294117685,True,True,True
family_screen,raked_logit_c003__636907555fe518d0__f_session_market,2024-07-31,1,6848,東亜ディーケーケー,0.6134900935300718,1.0,1.948842874543244,True,True,True
family_screen,raked_logit_c003__636907555fe518d0__f_session_market,2024-07-31,2,7442,中山福,0.5986638689398353,1.0,1.6620498614958512,True,True,True
family_screen,raked_logit_c003__636907555fe518d0__f_session_market,2024-08-01,1,8938,グローム・ホールディングス,0.5275606729433121,0.0,-4.433497536945808,True,True,True
family_screen,raked_logit_c003__636907555fe518d0__f_session_market,2024-08-01,2,3566,ユニフォームネクスト,0.5129165000943025,0.0,-1.0086455331412059,True,True,True
family_screen,raked_logit_c003__636907555fe518d0__f_session_market,2024-08-02,1,5410,合同製鐵,0.6677200432326252,0.0,-1.3986013986013957,True,True,True
family_screen,raked_logit_c003__636907555fe518d0__f_session_market,2024-08-02,2,4175,ｃｏｌｙ,0.6601547310401606,0.0,-5.769230769230771,True,True,True
family_screen,raked_logit_c003__636907555fe518d0__f_session_market,2024-08-05,1,2224,コモ,0.7178430405301516,0.0,-0.0357015351660106,True,True,True
family_screen,raked_logit_c003__636907555fe518d0__f_session_market,2024-08-05,2,2923,サトウ食品,0.7107135804029582,0.0,-1.1272141706924366,True,True,True
family_screen,raked_logit_c003__636907555fe518d0__f_session_market,2024-08-06,1,7035,ａｎｄ ｆａｃｔｏｒｙ,0.9271993831171831,0.0,-7.8767123287671215,True,True,True
family_screen,raked_logit_c003__636907555fe518d0__f_session_market,2024-08-06,2,6552,ＧａｍｅＷｉｔｈ,0.9215660873665663,0.0,-22.580645161290324,True,True,True
family_screen,raked_logit_c003__636907555fe518d0__f_session_market,2024-08-07,1,9996,サトー商会,0.5211086227639915,1.0,2.60869565217392,True,True,True
family_screen,raked_logit_c003__636907555fe518d0__f_session_market,2024-08-07,2,7567,栄電子,0.5156984054897931,1.0,7.331378299120228,True,True,True
family_screen,raked_logit_c003__636907555fe518d0__f_session_market,2024-08-08,1,4215,タキロンシーアイ,0.5147059653406091,0.0,-0.11507479861909697,True,True,True
family_screen,raked_logit_c003__636907555fe518d0__f_session_market,2024-08-08,2,9996,サトー商会,0.49755397562388665,1.0,2.421307506053272,True,True,True
family_screen,raked_logit_c003__636907555fe518d0__f_session_market,2024-08-09,1,7850,総合商研,0.5096490777573576,0.0,-1.4687882496939975,True,True,True
family_screen,raked_logit_c003__636907555fe518d0__f_session_market,2024-08-09,2,6497,ハマイ,0.5061274639322435,1.0,2.052785923753664,True,True,True
family_screen,raked_logit_c003__636907555fe518d0__f_session_market,2024-08-13,1,3712,情報企画,0.5548081624128972,0.0,-3.566878980891719,True,True,True
family_screen,raked_logit_c003__636907555fe518d0__f_session_market,2024-08-13,2,7120,ＳＨＩＮＫＯ,0.5461277719565644,1.0,2.5274725274725185,True,True,True
family_screen,raked_logit_c003__636907555fe518d0__f_session_market,2024-08-14,1,4215,タキロンシーアイ,0.528623044167448,0.0,0.0,True,True,True
family_screen,raked_logit_c003__636907555fe518d0__f_session_market,2024-08-14,2,7043,アルー,0.5123647003020964,1.0,3.409090909090917,True,True,True
family_screen,raked_logit_c003__636907555fe518d0__f_session_market,2024-08-15,1,4215,タキロンシーアイ,0.5262005763570513,0.0,0.0,True,True,True
family_screen,raked_logit_c003__636907555fe518d0__f_session_market,2024-08-15,2,3397,トリドールホールディングス,0.5244779927595264,0.0,-0.598973188819163,True,True,True
family_screen,raked_logit_c003__636907555fe518d0__f_session_market,2024-08-16,1,7043,アルー,0.5253571567269715,0.0,-0.4987531172069848,True,True,True
family_screen,raked_logit_c003__636907555fe518d0__f_session_market,2024-08-16,2,4215,タキロンシーアイ,0.5219584722260868,0.0,0.0,True,True,True
family_screen,raked_logit_c003__636907555fe518d0__f_session_market,2024-08-19,1,6662,ユビテック,0.5183938398953979,1.0,0.4405286343612369,True,True,True
family_screen,raked_logit_c003__636907555fe518d0__f_session_market,2024-08-19,2,2152,幼児活動研究会,0.5174511997587901,1.0,0.31372549019608176,True,True,True
family_screen,raked_logit_c003__636907555fe518d0__f_session_market,2024-08-20,1,3917,アイリッジ,0.5507727300515006,1.0,0.47281323877068626,True,True,True
family_screen,raked_logit_c003__636907555fe518d0__f_session_market,2024-08-20,2,7222,日産車体,0.5490027640414197,1.0,2.2797927461139844,True,True,True
family_screen,raked_logit_c003__636907555fe518d0__f_session_market,2024-08-21,1,8247,大和,0.5157964469841072,1.0,0.2272727272727204,True,True,True
family_screen,raked_logit_c003__636907555fe518d0__f_session_market,2024-08-21,2,6342,太平製作所,0.5132063147953356,1.0,0.7233895969686488,True,True,True
family_screen,raked_logit_c003__636907555fe518d0__f_session_market,2024-08-22,1,5237,ノザワ,0.5172435736282184,1.0,0.45662100456620447,True,True,True
family_screen,raked_logit_c003__636907555fe518d0__f_session_market,2024-08-22,2,4887,サワイグループホールディングス,0.5165891773562565,1.0,1.1239669421487575,True,True,True
family_screen,raked_logit_c003__636907555fe518d0__f_session_market,2024-08-23,1,6334,明治機械,0.5342505053254977,0.0,0.0,True,True,True
family_screen,raked_logit_c003__636907555fe518d0__f_session_market,2024-08-23,2,3064,ＭｏｎｏｔａＲＯ,0.5250628665409783,0.0,-2.007108509303779,True,True,True
family_screen,raked_logit_c003__636907555fe518d0__f_session_market,2024-08-26,1,6381,アネスト岩⽥,0.534035350063893,0.0,-1.8334606569900713,True,True,True
family_screen,raked_logit_c003__636907555fe518d0__f_session_market,2024-08-26,2,5817,ＪＭＡＣＳ,0.5231857519296169,1.0,0.18248175182482562,True,True,True
family_screen,raked_logit_c003__636907555fe518d0__f_session_market,2024-08-27,1,4921,ファンケル,0.563005174858136,1.0,1.2731902510003668,True,True,True
family_screen,raked_logit_c003__636907555fe518d0__f_session_market,2024-08-27,2,6406,フジテック,0.5255539000131442,1.0,0.14884116521369783,True,True,True
family_screen,raked_logit_c003__636907555fe518d0__f_session_market,2024-08-28,1,187A,サムティホールディングス,0.5230973428300638,1.0,0.03785011355033063,True,True,True
family_screen,raked_logit_c003__636907555fe518d0__f_session_market,2024-08-28,2,3064,ＭｏｎｏｔａＲＯ,0.5229165371629337,0.0,-0.10902747492368414,True,True,True
family_screen,raked_logit_c003__636907555fe518d0__f_session_market,2024-08-29,1,2736,フェスタリアホールディングス,0.653322562299394,0.0,-0.7027406886858767,True,True,True
family_screen,raked_logit_c003__636907555fe518d0__f_session_market,2024-08-29,2,4379,Ｐｈｏｔｏｓｙｎｔｈ,0.5438245259801541,1.0,3.116883116883118,True,True,True
family_screen,raked_logit_c003__636907555fe518d0__f_session_market,2024-08-30,1,3077,ホリイフードサービス,0.6379229494629823,0.0,-0.2801120448179262,True,True,True
family_screen,raked_logit_c003__636907555fe518d0__f_session_market,2024-08-30,2,3991,ウォンテッドリー,0.5361871713196893,0.0,-0.42016806722688926,True,True,True
family_screen,raked_logit_net20_c003__e00a4072293f1cad__f_session_market,2024-07-01,1,8142,トーホー,0.5844031547775734,0.0,-1.0840108401083959,True,True,True
family_screen,raked_logit_net20_c003__e00a4072293f1cad__f_session_market,2024-07-01,2,3558,ジェイドグループ,0.5824681537442004,0.0,-3.4566403881140073,True,True,True
family_screen,raked_logit_net20_c003__e00a4072293f1cad__f_session_market,2024-07-02,1,160A,アズパートナーズ,0.5914508984234657,0.0,-0.5398671096345509,True,True,True
family_screen,raked_logit_net20_c003__e00a4072293f1cad__f_session_market,2024-07-02,2,5038,ｅＷｅＬＬ,0.5899195204496408,1.0,2.334062727935815,True,True,True
family_screen,raked_logit_net20_c003__e00a4072293f1cad__f_session_market,2024-07-03,1,9818,大丸エナウィン,0.5609002628788525,0.0,-0.3201024327784907,True,True,True
family_screen,raked_logit_net20_c003__e00a4072293f1cad__f_session_market,2024-07-03,2,5259,ＢＢＤイニシアティブ,0.5509512552601932,0.0,-7.643312101910826,True,True,True
family_screen,raked_logit_net20_c003__e00a4072293f1cad__f_session_market,2024-07-04,1,4177,ｉ‐ｐｌｕｇ,0.5732618118643722,0.0,-1.6666666666666718,True,True,True
family_screen,raked_logit_net20_c003__e00a4072293f1cad__f_session_market,2024-07-04,2,6836,ぷらっとホーム,0.5621923697795811,0.0,-2.8532608695652217,True,True,True
family_screen,raked_logit_net20_c003__e00a4072293f1cad__f_session_market,2024-07-05,1,3744,サイオス,0.5583516613938505,1.0,2.051282051282044,True,True,True
family_screen,raked_logit_net20_c003__e00a4072293f1cad__f_session_market,2024-07-05,2,4420,イーソル,0.5544306057025812,1.0,2.062975027144409,True,True,True
family_screen,raked_logit_net20_c003__e00a4072293f1cad__f_session_market,2024-07-08,1,2300,きょくとう,0.5901171786956106,1.0,1.5503875968992276,True,True,True
family_screen,raked_logit_net20_c003__e00a4072293f1cad__f_session_market,2024-07-08,2,6620,宮越ホールディングス,0.5866246013104524,1.0,4.298125285779597,True,True,True
family_screen,raked_logit_net20_c003__e00a4072293f1cad__f_session_market,2024-07-09,1,4992,北興化学⼯業,0.578253351665008,1.0,7.407407407407418,True,True,True
family_screen,raked_logit_net20_c003__e00a4072293f1cad__f_session_market,2024-07-09,2,173A,ハンモック,0.5697017543530798,0.0,-1.9466474405191114,True,True,True
family_screen,raked_logit_net20_c003__e00a4072293f1cad__f_session_market,2024-07-10,1,9418,Ｕ−ＮＥＸＴ ＨＯＬＤＩＮＧＳ,0.5602635864812413,1.0,1.4101057579318343,True,True,True
family_screen,raked_logit_net20_c003__e00a4072293f1cad__f_session_market,2024-07-10,2,3878,巴川コーポレーション,0.5575421401964544,0.0,-1.0763209393346407,True,True,True
family_screen,raked_logit_net20_c003__e00a4072293f1cad__f_session_market,2024-07-11,1,9070,トナミホールディングス,0.5785836254678917,1.0,0.1686340640809414,True,True,True
family_screen,raked_logit_net20_c003__e00a4072293f1cad__f_session_market,2024-07-11,2,3915,テラスカイ,0.5692121654853776,0.0,-0.29732408325073845,True,True,True
family_screen,raked_logit_net20_c003__e00a4072293f1cad__f_session_market,2024-07-12,1,2788,アップルインターナショナル,0.5733068855619133,1.0,1.2891344383057168,True,True,True
family_screen,raked_logit_net20_c003__e00a4072293f1cad__f_session_market,2024-07-12,2,9353,櫻島埠頭,0.5628834284341399,1.0,0.4345464421509959,True,True,True
family_screen,raked_logit_net20_c003__e00a4072293f1cad__f_session_market,2024-07-16,1,4196,ネオマーケティング,0.5916196079186824,1.0,1.2762078395624377,True,True,True
family_screen,raked_logit_net20_c003__e00a4072293f1cad__f_session_market,2024-07-16,2,9353,櫻島埠頭,0.5688162201528458,0.0,-3.5769828926905167,True,True,True
family_screen,raked_logit_net20_c003__e00a4072293f1cad__f_session_market,2024-07-17,1,3994,マネーフォワード,0.5654961234627832,0.0,-1.0000000000000009,True,True,True
family_screen,raked_logit_net20_c003__e00a4072293f1cad__f_session_market,2024-07-17,2,7807,幸和製作所,0.5631955851887704,0.0,-2.4207011686143587,True,True,True
family_screen,raked_logit_net20_c003__e00a4072293f1cad__f_session_market,2024-07-18,1,3760,ケイブ,0.5865474047105719,0.0,-6.6016504126031545,True,True,True
family_screen,raked_logit_net20_c003__e00a4072293f1cad__f_session_market,2024-07-18,2,7729,東京精密,0.5584496349301461,1.0,1.1555555555555541,True,True,True
family_screen,raked_logit_net20_c003__e00a4072293f1cad__f_session_market,2024-07-19,1,4385,メルカリ,0.5650386222810682,1.0,0.3216123499142354,True,True,True
family_screen,raked_logit_net20_c003__e00a4072293f1cad__f_session_market,2024-07-19,2,7013,ＩＨＩ,0.5582811632461224,1.0,0.2640845070422504,True,True,True
family_screen,raked_logit_net20_c003__e00a4072293f1cad__f_session_market,2024-07-22,1,8617,光世証券,0.6348233846809144,1.0,1.9230769230769162,True,True,True
family_screen,raked_logit_net20_c003__e00a4072293f1cad__f_session_market,2024-07-22,2,137A,Ｃｏｃｏｌｉｖｅ,0.5791087020418137,0.0,-3.942181340341655,True,True,True
family_screen,raked_logit_net20_c003__e00a4072293f1cad__f_session_market,2024-07-23,1,6858,小野測器,0.6497297882917817,1.0,0.16920473773265332,True,True,True
family_screen,raked_logit_net20_c003__e00a4072293f1cad__f_session_market,2024-07-23,2,4425,Ｋｕｄａｎ,0.6463511533104535,1.0,2.5495750708215192,True,True,True
family_screen,raked_logit_net20_c003__e00a4072293f1cad__f_session_market,2024-07-24,1,9691,両毛システムズ,0.5877500765586182,1.0,0.659340659340657,True,True,True
family_screen,raked_logit_net20_c003__e00a4072293f1cad__f_session_market,2024-07-24,2,7256,河⻄⼯業,0.5452522473450432,0.0,-4.147465437788023,True,True,True
family_screen,raked_logit_net20_c003__e00a4072293f1cad__f_session_market,2024-07-25,1,3628,データホライゾン,0.6230344662245071,0.0,-1.2499999999999956,True,True,True
family_screen,raked_logit_net20_c003__e00a4072293f1cad__f_session_market,2024-07-25,2,6533,Ｏｒｃｈｅｓｔｒａ Ｈｏｌｄｉｎｇｓ,0.6159436045865313,0.0,-1.0673234811165888,True,True,True
family_screen,raked_logit_net20_c003__e00a4072293f1cad__f_session_market,2024-07-26,1,4588,オンコリスバイオファーマ,0.5869827301482962,0.0,0.0,True,True,True
family_screen,raked_logit_net20_c003__e00a4072293f1cad__f_session_market,2024-07-26,2,6533,Ｏｒｃｈｅｓｔｒａ Ｈｏｌｄｉｎｇｓ,0.5818984636296742,0.0,-2.139917695473248,True,True,True
family_screen,raked_logit_net20_c003__e00a4072293f1cad__f_session_market,2024-07-29,1,8609,岡三証券グループ,0.5789271165345365,1.0,3.5190615835777095,True,True,True
family_screen,raked_logit_net20_c003__e00a4072293f1cad__f_session_market,2024-07-29,2,7464,セフテック,0.5689193528007214,0.0,-1.3409961685823757,True,True,True
family_screen,raked_logit_net20_c003__e00a4072293f1cad__f_session_market,2024-07-30,1,7464,セフテック,0.5713349558800132,,,True,True,True
family_screen,raked_logit_net20_c003__e00a4072293f1cad__f_session_market,2024-07-30,2,1884,日本道路,0.5497548427231195,0.0,-2.0588235294117685,True,True,True
family_screen,raked_logit_net20_c003__e00a4072293f1cad__f_session_market,2024-07-31,1,7416,はるやまホールディングス,0.6090041453445244,1.0,2.9565217391304355,True,True,True
family_screen,raked_logit_net20_c003__e00a4072293f1cad__f_session_market,2024-07-31,2,6848,東亜ディーケーケー,0.6082292362376021,1.0,1.948842874543244,True,True,True
family_screen,raked_logit_net20_c003__e00a4072293f1cad__f_session_market,2024-08-01,1,8938,グローム・ホールディングス,0.5541739452430737,0.0,-4.433497536945808,True,True,True
family_screen,raked_logit_net20_c003__e00a4072293f1cad__f_session_market,2024-08-01,2,8133,伊藤忠エネクス,0.5395169873685981,0.0,-4.982415005861663,True,True,True
family_screen,raked_logit_net20_c003__e00a4072293f1cad__f_session_market,2024-08-02,1,4175,ｃｏｌｙ,0.6942856675099208,0.0,-5.769230769230771,True,True,True
family_screen,raked_logit_net20_c003__e00a4072293f1cad__f_session_market,2024-08-02,2,5410,合同製鐵,0.6941608563027193,0.0,-1.3986013986013957,True,True,True
family_screen,raked_logit_net20_c003__e00a4072293f1cad__f_session_market,2024-08-05,1,4175,ｃｏｌｙ,0.7407904204189002,0.0,-16.376306620209057,True,True,True
family_screen,raked_logit_net20_c003__e00a4072293f1cad__f_session_market,2024-08-05,2,168A,イタミアート,0.7288279834117682,0.0,-10.186199342825851,True,True,True
family_screen,raked_logit_net20_c003__e00a4072293f1cad__f_session_market,2024-08-06,1,7035,ａｎｄ ｆａｃｔｏｒｙ,0.9496149585989877,0.0,-7.8767123287671215,True,True,True
family_screen,raked_logit_net20_c003__e00a4072293f1cad__f_session_market,2024-08-06,2,6552,ＧａｍｅＷｉｔｈ,0.944366955596938,0.0,-22.580645161290324,True,True,True
family_screen,raked_logit_net20_c003__e00a4072293f1cad__f_session_market,2024-08-07,1,4814,ネクストウェア,0.5673539578949228,1.0,4.8387096774193505,True,True,True
family_screen,raked_logit_net20_c003__e00a4072293f1cad__f_session_market,2024-08-07,2,6555,ＭＳ＆Ｃｏｎｓｕｌｔｉｎｇ,0.5603949575662165,1.0,2.3762376237623783,True,True,True
family_screen,raked_logit_net20_c003__e00a4072293f1cad__f_session_market,2024-08-08,1,4215,タキロンシーアイ,0.5178592127248255,0.0,-0.11507479861909697,True,True,True
family_screen,raked_logit_net20_c003__e00a4072293f1cad__f_session_market,2024-08-08,2,9996,サトー商会,0.5175441808875687,1.0,2.421307506053272,True,True,True
family_screen,raked_logit_net20_c003__e00a4072293f1cad__f_session_market,2024-08-09,1,7956,ピジョン,0.5071478340773802,1.0,0.9293680297397744,True,True,True
family_screen,raked_logit_net20_c003__e00a4072293f1cad__f_session_market,2024-08-09,2,3094,スーパーバリュー,0.5040736240001994,0.0,-0.9546539379474916,True,True,True
family_screen,raked_logit_net20_c003__e00a4072293f1cad__f_session_market,2024-08-13,1,3712,情報企画,0.5606377837017582,0.0,-3.566878980891719,True,True,True
family_screen,raked_logit_net20_c003__e00a4072293f1cad__f_session_market,2024-08-13,2,4172,東和ハイシステム,0.5503463437089087,0.0,-0.8419689119171014,True,True,True
family_screen,raked_logit_net20_c003__e00a4072293f1cad__f_session_market,2024-08-14,1,4215,タキロンシーアイ,0.5157755863812852,0.0,0.0,True,True,True
family_screen,raked_logit_net20_c003__e00a4072293f1cad__f_session_market,2024-08-14,2,7043,アルー,0.51431495546477,1.0,3.409090909090917,True,True,True
family_screen,raked_logit_net20_c003__e00a4072293f1cad__f_session_market,2024-08-15,1,3397,トリドールホールディングス,0.5332454596573923,0.0,-0.598973188819163,True,True,True
family_screen,raked_logit_net20_c003__e00a4072293f1cad__f_session_market,2024-08-15,2,7818,トランザクション,0.5138645100064384,0.0,-0.21929824561403022,True,True,True
family_screen,raked_logit_net20_c003__e00a4072293f1cad__f_session_market,2024-08-16,1,7036,イーエムネットジャパン,0.5253326196589345,1.0,2.643171806167399,True,True,True
family_screen,raked_logit_net20_c003__e00a4072293f1cad__f_session_market,2024-08-16,2,7043,アルー,0.5160845571088677,0.0,-0.4987531172069848,True,True,True
family_screen,raked_logit_net20_c003__e00a4072293f1cad__f_session_market,2024-08-19,1,2156,セーラー広告,0.5201563122990801,1.0,2.3569023569023573,True,True,True
family_screen,raked_logit_net20_c003__e00a4072293f1cad__f_session_market,2024-08-19,2,1960,サンテック,0.5145518149338482,0.0,-1.139601139601143,True,True,True
family_screen,raked_logit_net20_c003__e00a4072293f1cad__f_session_market,2024-08-20,1,6279,瑞光,0.5717039339566764,0.0,-3.498293515358364,True,True,True
family_screen,raked_logit_net20_c003__e00a4072293f1cad__f_session_market,2024-08-20,2,1712,ダイセキ環境ソリューション,0.5551865936950283,1.0,0.18570102135562205,True,True,True
family_screen,raked_logit_net20_c003__e00a4072293f1cad__f_session_market,2024-08-21,1,4356,応用技術,0.5138775376062411,0.0,-1.0578718108276264,True,True,True
family_screen,raked_logit_net20_c003__e00a4072293f1cad__f_session_market,2024-08-21,2,3892,岡山製紙,0.5117443712885716,1.0,0.8941877794336861,True,True,True
family_screen,raked_logit_net20_c003__e00a4072293f1cad__f_session_market,2024-08-22,1,8254,さいか屋,0.5190731103448609,1.0,0.6550218340611424,True,True,True
family_screen,raked_logit_net20_c003__e00a4072293f1cad__f_session_market,2024-08-22,2,4356,応用技術,0.5152478396306541,1.0,0.5031446540880502,True,True,True
family_screen,raked_logit_net20_c003__e00a4072293f1cad__f_session_market,2024-08-23,1,6334,明治機械,0.5347908446182373,0.0,0.0,True,True,True
family_screen,raked_logit_net20_c003__e00a4072293f1cad__f_session_market,2024-08-23,2,3064,ＭｏｎｏｔａＲＯ,0.5239841029584146,0.0,-2.007108509303779,True,True,True
family_screen,raked_logit_net20_c003__e00a4072293f1cad__f_session_market,2024-08-26,1,1712,ダイセキ環境ソリューション,0.5248509010749719,0.0,-0.1828153564899404,True,True,True
family_screen,raked_logit_net20_c003__e00a4072293f1cad__f_session_market,2024-08-26,2,6381,アネスト岩⽥,0.5222079339998673,0.0,-1.8334606569900713,True,True,True
family_screen,raked_logit_net20_c003__e00a4072293f1cad__f_session_market,2024-08-27,1,4921,ファンケル,0.5435307910617974,1.0,1.2731902510003668,True,True,True
family_screen,raked_logit_net20_c003__e00a4072293f1cad__f_session_market,2024-08-27,2,6445,ジャノメ,0.5427740815621022,0.0,-0.7177033492822948,True,True,True
family_screen,raked_logit_net20_c003__e00a4072293f1cad__f_session_market,2024-08-28,1,2338,クオンタムソリューションズ,0.5410143640312483,0.0,-1.8181818181818188,True,True,True
family_screen,raked_logit_net20_c003__e00a4072293f1cad__f_session_market,2024-08-28,2,5194,相模ゴム⼯業,0.5394005486942756,1.0,1.6634050880626194,True,True,True
family_screen,raked_logit_net20_c003__e00a4072293f1cad__f_session_market,2024-08-29,1,2736,フェスタリアホールディングス,0.6481731064145664,0.0,-0.7027406886858767,True,True,True
family_screen,raked_logit_net20_c003__e00a4072293f1cad__f_session_market,2024-08-29,2,4379,Ｐｈｏｔｏｓｙｎｔｈ,0.5640949677778117,1.0,3.116883116883118,True,True,True
family_screen,raked_logit_net20_c003__e00a4072293f1cad__f_session_market,2024-08-30,1,3077,ホリイフードサービス,0.6413359583212269,0.0,-0.2801120448179262,True,True,True
family_screen,raked_logit_net20_c003__e00a4072293f1cad__f_session_market,2024-08-30,2,3991,ウォンテッドリー,0.5482686561342025,0.0,-0.42016806722688926,True,True,True
family_screen,return_weighted_logit_c003__21f4c6520396e076__f_session_market,2024-07-01,1,8142,トーホー,0.5834522031313105,0.0,-1.0840108401083959,True,True,True
family_screen,return_weighted_logit_c003__21f4c6520396e076__f_session_market,2024-07-01,2,3558,ジェイドグループ,0.575520848924886,0.0,-3.4566403881140073,True,True,True
family_screen,return_weighted_logit_c003__21f4c6520396e076__f_session_market,2024-07-02,1,160A,アズパートナーズ,0.5942744135701119,0.0,-0.5398671096345509,True,True,True
family_screen,return_weighted_logit_c003__21f4c6520396e076__f_session_market,2024-07-02,2,6027,弁護士ドットコム,0.5863630393375674,1.0,2.3474178403755763,True,True,True
family_screen,return_weighted_logit_c003__21f4c6520396e076__f_session_market,2024-07-03,1,9340,アソインターナショナル,0.5465373548536366,1.0,1.8198362147406666,True,True,True
family_screen,return_weighted_logit_c003__21f4c6520396e076__f_session_market,2024-07-03,2,4177,ｉ‐ｐｌｕｇ,0.5425260729883434,0.0,-10.743243243243239,True,True,True
family_screen,return_weighted_logit_c003__21f4c6520396e076__f_session_market,2024-07-04,1,4177,ｉ‐ｐｌｕｇ,0.5743788864199877,0.0,-1.6666666666666718,True,True,True
family_screen,return_weighted_logit_c003__21f4c6520396e076__f_session_market,2024-07-04,2,6836,ぷらっとホーム,0.5555178964785472,0.0,-2.8532608695652217,True,True,True
family_screen,return_weighted_logit_c003__21f4c6520396e076__f_session_market,2024-07-05,1,4420,イーソル,0.5551429152099667,1.0,2.062975027144409,True,True,True
family_screen,return_weighted_logit_c003__21f4c6520396e076__f_session_market,2024-07-05,2,3110,日東紡績,0.5451396230648426,1.0,0.7911392405063333,True,True,True
family_screen,return_weighted_logit_c003__21f4c6520396e076__f_session_market,2024-07-08,1,2300,きょくとう,0.5976220244370734,1.0,1.5503875968992276,True,True,True
family_screen,return_weighted_logit_c003__21f4c6520396e076__f_session_market,2024-07-08,2,4261,アジアクエスト,0.5800724286368649,0.0,-2.193944712593243,True,True,True
family_screen,return_weighted_logit_c003__21f4c6520396e076__f_session_market,2024-07-09,1,7409,ＡｅｒｏＥｄｇｅ,0.5707152225161252,0.0,-0.5822416302765698,True,True,True
family_screen,return_weighted_logit_c003__21f4c6520396e076__f_session_market,2024-07-09,2,173A,ハンモック,0.5699084486023059,0.0,-1.9466474405191114,True,True,True
family_screen,return_weighted_logit_c003__21f4c6520396e076__f_session_market,2024-07-10,1,3878,巴川コーポレーション,0.5496539325773455,0.0,-1.0763209393346407,True,True,True
family_screen,return_weighted_logit_c003__21f4c6520396e076__f_session_market,2024-07-10,2,9418,Ｕ−ＮＥＸＴ ＨＯＬＤＩＮＧＳ,0.5484376453654884,1.0,1.4101057579318343,True,True,True
family_screen,return_weighted_logit_c003__21f4c6520396e076__f_session_market,2024-07-11,1,9070,トナミホールディングス,0.5823677563597401,1.0,0.1686340640809414,True,True,True
family_screen,return_weighted_logit_c003__21f4c6520396e076__f_session_market,2024-07-11,2,3915,テラスカイ,0.5678756179852299,0.0,-0.29732408325073845,True,True,True
family_screen,return_weighted_logit_c003__21f4c6520396e076__f_session_market,2024-07-12,1,2788,アップルインターナショナル,0.5596173903282383,1.0,1.2891344383057168,True,True,True
family_screen,return_weighted_logit_c003__21f4c6520396e076__f_session_market,2024-07-12,2,6777,ｓａｎｔｅｃ Ｈｏｌｄｉｎｇｓ,0.555494462353344,1.0,0.3424657534246478,True,True,True
family_screen,return_weighted_logit_c003__21f4c6520396e076__f_session_market,2024-07-16,1,4196,ネオマーケティング,0.5745712750966055,1.0,1.2762078395624377,True,True,True
family_screen,return_weighted_logit_c003__21f4c6520396e076__f_session_market,2024-07-16,2,3083,シーズメン,0.5408017704269741,1.0,3.716608594657367,True,True,True
family_screen,return_weighted_logit_c003__21f4c6520396e076__f_session_market,2024-07-17,1,7807,幸和製作所,0.5519419667127231,0.0,-2.4207011686143587,True,True,True
family_screen,return_weighted_logit_c003__21f4c6520396e076__f_session_market,2024-07-17,2,4434,サーバーワークス,0.5512431238186658,1.0,2.6470588235294024,True,True,True
family_screen,return_weighted_logit_c003__21f4c6520396e076__f_session_market,2024-07-18,1,3760,ケイブ,0.5823742171490187,0.0,-6.6016504126031545,True,True,True
family_screen,return_weighted_logit_c003__21f4c6520396e076__f_session_market,2024-07-18,2,7729,東京精密,0.5557667744466975,1.0,1.1555555555555541,True,True,True
family_screen,return_weighted_logit_c003__21f4c6520396e076__f_session_market,2024-07-19,1,4385,メルカリ,0.5616989942878297,1.0,0.3216123499142354,True,True,True
family_screen,return_weighted_logit_c003__21f4c6520396e076__f_session_market,2024-07-19,2,6637,寺崎電気産業,0.5545456488531089,1.0,1.3513513513513598,True,True,True
family_screen,return_weighted_logit_c003__21f4c6520396e076__f_session_market,2024-07-22,1,8617,光世証券,0.624177129592761,1.0,1.9230769230769162,True,True,True
family_screen,return_weighted_logit_c003__21f4c6520396e076__f_session_market,2024-07-22,2,137A,Ｃｏｃｏｌｉｖｅ,0.5753971035110693,0.0,-3.942181340341655,True,True,True
family_screen,return_weighted_logit_c003__21f4c6520396e076__f_session_market,2024-07-23,1,6858,小野測器,0.666115345330841,1.0,0.16920473773265332,True,True,True
family_screen,return_weighted_logit_c003__21f4c6520396e076__f_session_market,2024-07-23,2,4425,Ｋｕｄａｎ,0.6520003141449351,1.0,2.5495750708215192,True,True,True
family_screen,return_weighted_logit_c003__21f4c6520396e076__f_session_market,2024-07-24,1,9691,両毛システムズ,0.6073801141896029,1.0,0.659340659340657,True,True,True
family_screen,return_weighted_logit_c003__21f4c6520396e076__f_session_market,2024-07-24,2,6762,ＴＤＫ,0.5366396003589681,0.0,-0.14691478942213676,True,True,True
family_screen,return_weighted_logit_c003__21f4c6520396e076__f_session_market,2024-07-25,1,6533,Ｏｒｃｈｅｓｔｒａ Ｈｏｌｄｉｎｇｓ,0.6299347297467159,0.0,-1.0673234811165888,True,True,True
family_screen,return_weighted_logit_c003__21f4c6520396e076__f_session_market,2024-07-25,2,3628,データホライゾン,0.625305745140345,0.0,-1.2499999999999956,True,True,True
family_screen,return_weighted_logit_c003__21f4c6520396e076__f_session_market,2024-07-26,1,6533,Ｏｒｃｈｅｓｔｒａ Ｈｏｌｄｉｎｇｓ,0.5814210717634037,0.0,-2.139917695473248,True,True,True
family_screen,return_weighted_logit_c003__21f4c6520396e076__f_session_market,2024-07-26,2,2349,エヌアイデイ,0.578374122226832,1.0,2.0626735422451414,True,True,True
family_screen,return_weighted_logit_c003__21f4c6520396e076__f_session_market,2024-07-29,1,8609,岡三証券グループ,0.5738099396105394,1.0,3.5190615835777095,True,True,True
family_screen,return_weighted_logit_c003__21f4c6520396e076__f_session_market,2024-07-29,2,6533,Ｏｒｃｈｅｓｔｒａ Ｈｏｌｄｉｎｇｓ,0.5611347843636256,1.0,0.8950366151342593,True,True,True
family_screen,return_weighted_logit_c003__21f4c6520396e076__f_session_market,2024-07-30,1,1884,日本道路,0.552163612532676,0.0,-2.0588235294117685,True,True,True
family_screen,return_weighted_logit_c003__21f4c6520396e076__f_session_market,2024-07-30,2,3825,リミックスポイント,0.5279026604371451,0.0,-2.197802197802201,True,True,True
family_screen,return_weighted_logit_c003__21f4c6520396e076__f_session_market,2024-07-31,1,6848,東亜ディーケーケー,0.6457718913951191,1.0,1.948842874543244,True,True,True
family_screen,return_weighted_logit_c003__21f4c6520396e076__f_session_market,2024-07-31,2,7442,中山福,0.6232878253718033,1.0,1.6620498614958512,True,True,True
family_screen,return_weighted_logit_c003__21f4c6520396e076__f_session_market,2024-08-01,1,8938,グローム・ホールディングス,0.5467631270023914,0.0,-4.433497536945808,True,True,True
family_screen,return_weighted_logit_c003__21f4c6520396e076__f_session_market,2024-08-01,2,2216,カンロ,0.520394890443295,0.0,-2.887700534759363,True,True,True
family_screen,return_weighted_logit_c003__21f4c6520396e076__f_session_market,2024-08-02,1,4175,ｃｏｌｙ,0.7003382302230301,0.0,-5.769230769230771,True,True,True
family_screen,return_weighted_logit_c003__21f4c6520396e076__f_session_market,2024-08-02,2,5410,合同製鐵,0.6974087091982872,0.0,-1.3986013986013957,True,True,True
family_screen,return_weighted_logit_c003__21f4c6520396e076__f_session_market,2024-08-05,1,4175,ｃｏｌｙ,0.7530083434468031,0.0,-16.376306620209057,True,True,True
family_screen,return_weighted_logit_c003__21f4c6520396e076__f_session_market,2024-08-05,2,168A,イタミアート,0.7332154852873025,0.0,-10.186199342825851,True,True,True
family_screen,return_weighted_logit_c003__21f4c6520396e076__f_session_market,2024-08-06,1,7035,ａｎｄ ｆａｃｔｏｒｙ,0.9604105261671224,0.0,-7.8767123287671215,True,True,True
family_screen,return_weighted_logit_c003__21f4c6520396e076__f_session_market,2024-08-06,2,6552,ＧａｍｅＷｉｔｈ,0.956435055529963,0.0,-22.580645161290324,True,True,True
family_screen,return_weighted_logit_c003__21f4c6520396e076__f_session_market,2024-08-07,1,6555,ＭＳ＆Ｃｏｎｓｕｌｔｉｎｇ,0.5322522422184907,1.0,2.3762376237623783,True,True,True
family_screen,return_weighted_logit_c003__21f4c6520396e076__f_session_market,2024-08-07,2,4814,ネクストウェア,0.5291960736304258,1.0,4.8387096774193505,True,True,True
family_screen,return_weighted_logit_c003__21f4c6520396e076__f_session_market,2024-08-08,1,4215,タキロンシーアイ,0.5282325339894873,0.0,-0.11507479861909697,True,True,True
family_screen,return_weighted_logit_c003__21f4c6520396e076__f_session_market,2024-08-08,2,9996,サトー商会,0.4971341632893444,1.0,2.421307506053272,True,True,True
family_screen,return_weighted_logit_c003__21f4c6520396e076__f_session_market,2024-08-09,1,4215,タキロンシーアイ,0.5110818611555346,0.0,-0.11507479861909697,True,True,True
family_screen,return_weighted_logit_c003__21f4c6520396e076__f_session_market,2024-08-09,2,7769,リズム,0.4973362146391605,0.0,-0.1290322580645209,True,True,True
family_screen,return_weighted_logit_c003__21f4c6520396e076__f_session_market,2024-08-13,1,3712,情報企画,0.5614722556500534,0.0,-3.566878980891719,True,True,True
family_screen,return_weighted_logit_c003__21f4c6520396e076__f_session_market,2024-08-13,2,4172,東和ハイシステム,0.5482427673747042,0.0,-0.8419689119171014,True,True,True
family_screen,return_weighted_logit_c003__21f4c6520396e076__f_session_market,2024-08-14,1,4215,タキロンシーアイ,0.5357394773927459,0.0,0.0,True,True,True
family_screen,return_weighted_logit_c003__21f4c6520396e076__f_session_market,2024-08-14,2,6334,明治機械,0.5118729770139072,1.0,1.744186046511631,True,True,True
family_screen,return_weighted_logit_c003__21f4c6520396e076__f_session_market,2024-08-15,1,4215,タキロンシーアイ,0.5307308076050924,0.0,0.0,True,True,True
family_screen,return_weighted_logit_c003__21f4c6520396e076__f_session_market,2024-08-15,2,3397,トリドールホールディングス,0.5238498586131016,0.0,-0.598973188819163,True,True,True
family_screen,return_weighted_logit_c003__21f4c6520396e076__f_session_market,2024-08-16,1,6824,新コスモス電機,0.5292053958135606,0.0,-1.318587834963847,True,True,True
family_screen,return_weighted_logit_c003__21f4c6520396e076__f_session_market,2024-08-16,2,7043,アルー,0.5250864140889174,0.0,-0.4987531172069848,True,True,True
family_screen,return_weighted_logit_c003__21f4c6520396e076__f_session_market,2024-08-19,1,7265,エイケン⼯業,0.5282269948651606,1.0,0.4411764705882337,True,True,True
family_screen,return_weighted_logit_c003__21f4c6520396e076__f_session_market,2024-08-19,2,7769,リズム,0.5160813062680023,0.0,-1.8915510718789386,True,True,True
family_screen,return_weighted_logit_c003__21f4c6520396e076__f_session_market,2024-08-20,1,6279,瑞光,0.5642917640781272,0.0,-3.498293515358364,True,True,True
family_screen,return_weighted_logit_c003__21f4c6520396e076__f_session_market,2024-08-20,2,9533,東邦瓦斯,0.5572646516199823,1.0,1.1199253383107788,True,True,True
family_screen,return_weighted_logit_c003__21f4c6520396e076__f_session_market,2024-08-21,1,9215,ＣａＳｙ,0.5110829231709669,0.0,0.0,True,True,True
family_screen,return_weighted_logit_c003__21f4c6520396e076__f_session_market,2024-08-21,2,4356,応用技術,0.510627378396824,0.0,-1.0578718108276264,True,True,True
family_screen,return_weighted_logit_c003__21f4c6520396e076__f_session_market,2024-08-22,1,4356,応用技術,0.5153232991002656,1.0,0.5031446540880502,True,True,True
family_screen,return_weighted_logit_c003__21f4c6520396e076__f_session_market,2024-08-22,2,9533,東邦瓦斯,0.5137085428104113,1.0,0.6305464736104716,True,True,True
family_screen,return_weighted_logit_c003__21f4c6520396e076__f_session_market,2024-08-23,1,6334,明治機械,0.5423705076974922,0.0,0.0,True,True,True
family_screen,return_weighted_logit_c003__21f4c6520396e076__f_session_market,2024-08-23,2,3064,ＭｏｎｏｔａＲＯ,0.5258897869479414,0.0,-2.007108509303779,True,True,True
family_screen,return_weighted_logit_c003__21f4c6520396e076__f_session_market,2024-08-26,1,6381,アネスト岩⽥,0.5271322695597331,0.0,-1.8334606569900713,True,True,True
family_screen,return_weighted_logit_c003__21f4c6520396e076__f_session_market,2024-08-26,2,9254,ラバブルマーケティンググループ,0.5254424336228467,1.0,0.8280254777070173,True,True,True
family_screen,return_weighted_logit_c003__21f4c6520396e076__f_session_market,2024-08-27,1,4921,ファンケル,0.5380445033592245,1.0,1.2731902510003668,True,True,True
family_screen,return_weighted_logit_c003__21f4c6520396e076__f_session_market,2024-08-27,2,6445,ジャノメ,0.5306496839513526,0.0,-0.7177033492822948,True,True,True
family_screen,return_weighted_logit_c003__21f4c6520396e076__f_session_market,2024-08-28,1,2338,クオンタムソリューションズ,0.5355466180220969,0.0,-1.8181818181818188,True,True,True
family_screen,return_weighted_logit_c003__21f4c6520396e076__f_session_market,2024-08-28,2,5194,相模ゴム⼯業,0.5339485080249015,1.0,1.6634050880626194,True,True,True
family_screen,return_weighted_logit_c003__21f4c6520396e076__f_session_market,2024-08-29,1,2736,フェスタリアホールディングス,0.6540494034629328,0.0,-0.7027406886858767,True,True,True
family_screen,return_weighted_logit_c003__21f4c6520396e076__f_session_market,2024-08-29,2,4379,Ｐｈｏｔｏｓｙｎｔｈ,0.5642168996620449,1.0,3.116883116883118,True,True,True
family_screen,return_weighted_logit_c003__21f4c6520396e076__f_session_market,2024-08-30,1,3077,ホリイフードサービス,0.6439741080799073,0.0,-0.2801120448179262,True,True,True
family_screen,return_weighted_logit_c003__21f4c6520396e076__f_session_market,2024-08-30,2,3991,ウォンテッドリー,0.5502016621983006,0.0,-0.42016806722688926,True,True,True
family_screen,ridge_return_a10__655513d4e5330198__f_session_market,2024-07-01,1,1766,東建コーポレーション,0.3257439434528351,0.0,-1.0842368640533784,True,True,True
family_screen,ridge_return_a10__655513d4e5330198__f_session_market,2024-07-01,2,6094,フリークアウト・ホールディングス,0.29638931155204773,0.0,-2.0408163265306145,True,True,True
family_screen,ridge_return_a10__655513d4e5330198__f_session_market,2024-07-02,1,6094,フリークアウト・ホールディングス,0.36830809712409973,0.0,-0.24067388688326918,True,True,True
family_screen,ridge_return_a10__655513d4e5330198__f_session_market,2024-07-02,2,7383,ネットプロテクションズホールディングス,0.35309627652168274,0.0,-2.631578947368418,True,True,True
family_screen,ridge_return_a10__655513d4e5330198__f_session_market,2024-07-03,1,6403,水道機⼯,0.19339105486869812,1.0,0.9159482758620774,True,True,True
family_screen,ridge_return_a10__655513d4e5330198__f_session_market,2024-07-03,2,5011,ニチレキ,0.17434900999069214,0.0,-0.24937655860348684,True,True,True
family_screen,ridge_return_a10__655513d4e5330198__f_session_market,2024-07-04,1,1764,⼯藤建設,0.21376293897628784,0.0,-2.4668630338733455,True,True,True
family_screen,ridge_return_a10__655513d4e5330198__f_session_market,2024-07-04,2,7064,ハウテレビジョン,0.17888687551021576,0.0,-0.03571428571428337,True,True,True
family_screen,ridge_return_a10__655513d4e5330198__f_session_market,2024-07-05,1,2790,ナフコ,0.19483725726604462,1.0,0.0678656260604038,True,True,True
family_screen,ridge_return_a10__655513d4e5330198__f_session_market,2024-07-05,2,2469,ヒビノ,0.186103954911232,0.0,-0.26615969581749166,True,True,True
family_screen,ridge_return_a10__655513d4e5330198__f_session_market,2024-07-08,1,2300,きょくとう,0.3549916446208954,1.0,1.5503875968992276,True,True,True
family_screen,ridge_return_a10__655513d4e5330198__f_session_market,2024-07-08,2,3480,ジェイ・エス・ビー,0.33467790484428406,0.0,-0.16937669376694275,True,True,True
family_screen,ridge_return_a10__655513d4e5330198__f_session_market,2024-07-09,1,5992,中央発條,0.28339114785194397,1.0,0.24590163934425924,True,True,True
family_screen,ridge_return_a10__655513d4e5330198__f_session_market,2024-07-09,2,4975,ＪＣＵ,0.2646937668323517,1.0,3.9473684210526327,True,True,True
family_screen,ridge_return_a10__655513d4e5330198__f_session_market,2024-07-10,1,2469,ヒビノ,0.18705889582633972,0.0,-1.1201235998455017,True,True,True
family_screen,ridge_return_a10__655513d4e5330198__f_session_market,2024-07-10,2,1764,⼯藤建設,0.17129473388195038,1.0,0.11691348402183,True,True,True
family_screen,ridge_return_a10__655513d4e5330198__f_session_market,2024-07-11,1,7012,川崎重⼯業,0.2794109284877777,0.0,-0.6353452599899723,True,True,True
family_screen,ridge_return_a10__655513d4e5330198__f_session_market,2024-07-11,2,1976,明星⼯業,0.25893864035606384,0.0,-0.37878787878787845,True,True,True
family_screen,ridge_return_a10__655513d4e5330198__f_session_market,2024-07-12,1,9340,アソインターナショナル,0.20054973661899567,1.0,1.9230769230769162,True,True,True
family_screen,ridge_return_a10__655513d4e5330198__f_session_market,2024-07-12,2,6034,ＭＲＴ,0.1792168766260147,1.0,0.8805031446540879,True,True,True
family_screen,ridge_return_a10__655513d4e5330198__f_session_market,2024-07-16,1,4196,ネオマーケティング,0.5951939821243286,1.0,1.2762078395624377,True,True,True
family_screen,ridge_return_a10__655513d4e5330198__f_session_market,2024-07-16,2,6063,日本エマージェンシーアシスタンス,0.13127557933330536,0.0,-2.977667493796521,True,True,True
family_screen,ridge_return_a10__655513d4e5330198__f_session_market,2024-07-17,1,9353,櫻島埠頭,0.24313174188137054,0.0,0.0,True,True,True
family_screen,ridge_return_a10__655513d4e5330198__f_session_market,2024-07-17,2,8996,ハウスフリーダム,0.20373240113258362,1.0,0.4987531172069737,True,True,True
family_screen,ridge_return_a10__655513d4e5330198__f_session_market,2024-07-18,1,5271,トーヨーアサノ,0.19671179354190826,0.0,-0.5772646536412074,True,True,True
family_screen,ridge_return_a10__655513d4e5330198__f_session_market,2024-07-18,2,6155,高松機械⼯業,0.175736665725708,1.0,0.19047619047618536,True,True,True
family_screen,ridge_return_a10__655513d4e5330198__f_session_market,2024-07-19,1,9722,藤⽥観光,0.16170185804367065,1.0,1.2401352874858995,True,True,True
family_screen,ridge_return_a10__655513d4e5330198__f_session_market,2024-07-19,2,6727,ワコム,0.15805783867835999,1.0,0.881612090680095,True,True,True
family_screen,ridge_return_a10__655513d4e5330198__f_session_market,2024-07-22,1,2411,ゲンダイエージェンシー,0.3136186897754669,0.0,-0.5181347150259086,True,True,True
family_screen,ridge_return_a10__655513d4e5330198__f_session_market,2024-07-22,2,4362,日本精化,0.30233022570610046,0.0,-2.630643441166014,True,True,True
family_screen,ridge_return_a10__655513d4e5330198__f_session_market,2024-07-23,1,6858,小野測器,0.8902614116668701,1.0,0.16920473773265332,True,True,True
family_screen,ridge_return_a10__655513d4e5330198__f_session_market,2024-07-23,2,6533,Ｏｒｃｈｅｓｔｒａ Ｈｏｌｄｉｎｇｓ,0.6638585925102234,0.0,-0.23529411764705577,True,True,True
family_screen,ridge_return_a10__655513d4e5330198__f_session_market,2024-07-24,1,9691,両毛システムズ,0.9522517323493958,1.0,0.659340659340657,True,True,True
family_screen,ridge_return_a10__655513d4e5330198__f_session_market,2024-07-24,2,1773,ワイ・ティー・エル・コーポレーション・バーハッド,0.2215057760477066,0.0,0.0,True,True,True
family_screen,ridge_return_a10__655513d4e5330198__f_session_market,2024-07-25,1,6533,Ｏｒｃｈｅｓｔｒａ Ｈｏｌｄｉｎｇｓ,0.5877971053123474,0.0,-1.0673234811165888,True,True,True
family_screen,ridge_return_a10__655513d4e5330198__f_session_market,2024-07-25,2,7172,ジャパンインベストメントアドバイザー,0.5012322068214417,0.0,-2.348993288590606,True,True,True
family_screen,ridge_return_a10__655513d4e5330198__f_session_market,2024-07-26,1,4593,ヘリオス,0.27131304144859314,0.0,-1.6666666666666718,True,True,True
family_screen,ridge_return_a10__655513d4e5330198__f_session_market,2024-07-26,2,7922,三光産業,0.2489624172449112,0.0,-1.0025062656641603,True,True,True
family_screen,ridge_return_a10__655513d4e5330198__f_session_market,2024-07-29,1,3566,ユニフォームネクスト,0.20549768209457397,1.0,2.998500749625177,True,True,True
family_screen,ridge_return_a10__655513d4e5330198__f_session_market,2024-07-29,2,6018,阪神内燃機⼯業,0.20043303072452545,1.0,0.8771929824561431,True,True,True
family_screen,ridge_return_a10__655513d4e5330198__f_session_market,2024-07-30,1,1884,日本道路,0.3461900055408478,0.0,-2.0588235294117685,True,True,True
family_screen,ridge_return_a10__655513d4e5330198__f_session_market,2024-07-30,2,4073,ジィ・シィ企画,0.2504347264766693,0.0,-0.5221932114882533,True,True,True
family_screen,ridge_return_a10__655513d4e5330198__f_session_market,2024-07-31,1,6848,東亜ディーケーケー,1.612379789352417,1.0,1.948842874543244,True,True,True
family_screen,ridge_return_a10__655513d4e5330198__f_session_market,2024-07-31,2,7442,中山福,1.2476149797439575,1.0,1.6620498614958512,True,True,True
family_screen,ridge_return_a10__655513d4e5330198__f_session_market,2024-08-01,1,4073,ジィ・シィ企画,0.18155941367149353,0.0,-3.6505867014341553,True,True,True
family_screen,ridge_return_a10__655513d4e5330198__f_session_market,2024-08-01,2,6063,日本エマージェンシーアシスタンス,0.0888233482837677,1.0,1.5068493150685036,True,True,True
family_screen,ridge_return_a10__655513d4e5330198__f_session_market,2024-08-02,1,5410,合同製鐵,0.9059312343597412,0.0,-1.3986013986013957,True,True,True
family_screen,ridge_return_a10__655513d4e5330198__f_session_market,2024-08-02,2,2980,ＳＲＥホールディングス,0.7366411685943604,0.0,-3.88235294117647,True,True,True
family_screen,ridge_return_a10__655513d4e5330198__f_session_market,2024-08-05,1,2224,コモ,2.0297722816467285,0.0,-0.0357015351660106,True,True,True
family_screen,ridge_return_a10__655513d4e5330198__f_session_market,2024-08-05,2,2923,サトウ食品,1.5323086977005005,0.0,-1.1272141706924366,True,True,True
family_screen,ridge_return_a10__655513d4e5330198__f_session_market,2024-08-06,1,7035,ａｎｄ ｆａｃｔｏｒｙ,4.137054920196533,0.0,-7.8767123287671215,True,True,True
family_screen,ridge_return_a10__655513d4e5330198__f_session_market,2024-08-06,2,6552,ＧａｍｅＷｉｔｈ,4.028976917266846,0.0,-22.580645161290324,True,True,True
family_screen,ridge_return_a10__655513d4e5330198__f_session_market,2024-08-07,1,9996,サトー商会,0.08753858506679535,1.0,2.60869565217392,True,True,True
family_screen,ridge_return_a10__655513d4e5330198__f_session_market,2024-08-07,2,6342,太平製作所,0.05799403414130211,1.0,1.1195377392560601,True,True,True
family_screen,ridge_return_a10__655513d4e5330198__f_session_market,2024-08-08,1,4215,タキロンシーアイ,0.18045097589492798,0.0,-0.11507479861909697,True,True,True
family_screen,ridge_return_a10__655513d4e5330198__f_session_market,2024-08-08,2,6342,太平製作所,-0.02415396459400654,0.0,-0.035727045373346034,True,True,True
family_screen,ridge_return_a10__655513d4e5330198__f_session_market,2024-08-09,1,4215,タキロンシーアイ,0.09237520396709442,0.0,-0.11507479861909697,True,True,True
family_screen,ridge_return_a10__655513d4e5330198__f_session_market,2024-08-09,2,6342,太平製作所,-0.006383899599313736,0.0,-0.8812125484666922,True,True,True
family_screen,ridge_return_a10__655513d4e5330198__f_session_market,2024-08-13,1,7120,ＳＨＩＮＫＯ,0.23732173442840576,1.0,2.5274725274725185,True,True,True
family_screen,ridge_return_a10__655513d4e5330198__f_session_market,2024-08-13,2,7614,オーエムツーネットワーク,0.23473620414733887,1.0,0.9687034277198192,True,True,True
family_screen,ridge_return_a10__655513d4e5330198__f_session_market,2024-08-14,1,4215,タキロンシーアイ,0.31462469696998596,0.0,0.0,True,True,True
family_screen,ridge_return_a10__655513d4e5330198__f_session_market,2024-08-14,2,6334,明治機械,0.13682149350643158,1.0,1.744186046511631,True,True,True
family_screen,ridge_return_a10__655513d4e5330198__f_session_market,2024-08-15,1,4215,タキロンシーアイ,0.28431081771850586,0.0,0.0,True,True,True
family_screen,ridge_return_a10__655513d4e5330198__f_session_market,2024-08-15,2,7769,リズム,0.16840171813964844,1.0,1.2722646310432628,True,True,True
family_screen,ridge_return_a10__655513d4e5330198__f_session_market,2024-08-16,1,4215,タキロンシーアイ,0.23333019018173218,0.0,0.0,True,True,True
family_screen,ridge_return_a10__655513d4e5330198__f_session_market,2024-08-16,2,6960,フクダ電子,0.1783834546804428,0.0,0.0,True,True,True
family_screen,ridge_return_a10__655513d4e5330198__f_session_market,2024-08-19,1,2152,幼児活動研究会,0.2132049798965454,1.0,0.31372549019608176,True,True,True
family_screen,ridge_return_a10__655513d4e5330198__f_session_market,2024-08-19,2,6662,ユビテック,0.2031223624944687,1.0,0.4405286343612369,True,True,True
family_screen,ridge_return_a10__655513d4e5330198__f_session_market,2024-08-20,1,4360,マナック・ケミカル・パートナーズ,0.34514686465263367,1.0,1.3108614232209659,True,True,True
family_screen,ridge_return_a10__655513d4e5330198__f_session_market,2024-08-20,2,3917,アイリッジ,0.32776564359664917,1.0,0.47281323877068626,True,True,True
family_screen,ridge_return_a10__655513d4e5330198__f_session_market,2024-08-21,1,6342,太平製作所,0.17173349857330322,1.0,0.7233895969686488,True,True,True
family_screen,ridge_return_a10__655513d4e5330198__f_session_market,2024-08-21,2,6662,ユビテック,0.14826437830924988,1.0,0.4405286343612369,True,True,True
family_screen,ridge_return_a10__655513d4e5330198__f_session_market,2024-08-22,1,5237,ノザワ,0.17087379097938538,1.0,0.45662100456620447,True,True,True
family_screen,ridge_return_a10__655513d4e5330198__f_session_market,2024-08-22,2,2303,ドーン,0.14679647982120514,1.0,3.0025445292620967,True,True,True
family_screen,ridge_return_a10__655513d4e5330198__f_session_market,2024-08-23,1,4094,日本化学産業,0.19196408987045288,1.0,1.038062283737018,True,True,True
family_screen,ridge_return_a10__655513d4e5330198__f_session_market,2024-08-23,2,7292,村上開明堂,0.1810397356748581,0.0,-0.5668934240362855,True,True,True
family_screen,ridge_return_a10__655513d4e5330198__f_session_market,2024-08-26,1,6381,アネスト岩⽥,0.21366214752197266,0.0,-1.8334606569900713,True,True,True
family_screen,ridge_return_a10__655513d4e5330198__f_session_market,2024-08-26,2,2108,日本甜菜製糖,0.19141240417957306,0.0,-1.6962220508866643,True,True,True
family_screen,ridge_return_a10__655513d4e5330198__f_session_market,2024-08-27,1,4921,ファンケル,0.362410306930542,1.0,1.2731902510003668,True,True,True
family_screen,ridge_return_a10__655513d4e5330198__f_session_market,2024-08-27,2,6342,太平製作所,0.2065965086221695,0.0,-0.6779661016949157,True,True,True
family_screen,ridge_return_a10__655513d4e5330198__f_session_market,2024-08-28,1,1773,ワイ・ティー・エル・コーポレーション・バーハッド,0.1849689781665802,0.0,-1.9607843137254943,True,True,True
family_screen,ridge_return_a10__655513d4e5330198__f_session_market,2024-08-28,2,6190,フェニックスバイオ,0.13498634099960327,1.0,3.206412825651306,True,True,True
family_screen,ridge_return_a10__655513d4e5330198__f_session_market,2024-08-29,1,2736,フェスタリアホールディングス,1.2590558528900146,0.0,-0.7027406886858767,True,True,True
family_screen,ridge_return_a10__655513d4e5330198__f_session_market,2024-08-29,2,3659,ネクソン,0.22657373547554016,0.0,-0.6960153123368729,True,True,True
family_screen,ridge_return_a10__655513d4e5330198__f_session_market,2024-08-30,1,3077,ホリイフードサービス,1.2855114936828613,0.0,-0.2801120448179262,True,True,True
family_screen,ridge_return_a10__655513d4e5330198__f_session_market,2024-08-30,2,2983,アールプランナー,0.18225833773612976,1.0,1.0309278350515427,True,True,True
family_screen,elastic_net_sgd_return__18fa617ea34f1b1b__f_session_market,2024-07-01,1,5194,相模ゴム⼯業,0.5263020781389754,1.0,2.0127118644067687,True,True,True
family_screen,elastic_net_sgd_return__18fa617ea34f1b1b__f_session_market,2024-07-01,2,2164,地域新聞社,0.5078878191820663,0.0,-1.8181818181818188,True,True,True
family_screen,elastic_net_sgd_return__18fa617ea34f1b1b__f_session_market,2024-07-02,1,6656,インスペック,0.4225654093138259,0.0,-0.5291005291005346,True,True,True
family_screen,elastic_net_sgd_return__18fa617ea34f1b1b__f_session_market,2024-07-02,2,4374,ＲＯＢＯＴ ＰＡＹＭＥＮＴ,0.4160444227568191,0.0,-3.8738019169329063,True,True,True
family_screen,elastic_net_sgd_return__18fa617ea34f1b1b__f_session_market,2024-07-03,1,9214,Ｒｅｃｏｖｅｒｙ Ｉｎｔｅｒｎａｔｉｏｎａｌ,0.44801963246980125,0.0,-3.421052631578947,True,True,True
family_screen,elastic_net_sgd_return__18fa617ea34f1b1b__f_session_market,2024-07-03,2,5586,Ｌａｂｏｒｏ．ＡＩ,0.42141077793755943,0.0,-5.664335664335662,True,True,True
family_screen,elastic_net_sgd_return__18fa617ea34f1b1b__f_session_market,2024-07-04,1,4288,アズジェント,0.4893631426207107,0.0,-7.573812580231065,True,True,True
family_screen,elastic_net_sgd_return__18fa617ea34f1b1b__f_session_market,2024-07-04,2,6416,桂川電機,0.4886674670092147,0.0,-2.4975024975025018,True,True,True
family_screen,elastic_net_sgd_return__18fa617ea34f1b1b__f_session_market,2024-07-05,1,9238,バリュークリエーション,0.6518168238512557,0.0,-2.9565217391304355,True,True,True
family_screen,elastic_net_sgd_return__18fa617ea34f1b1b__f_session_market,2024-07-05,2,6144,⻄部電機,0.4092030910364669,0.0,-6.633906633906639,True,True,True
family_screen,elastic_net_sgd_return__18fa617ea34f1b1b__f_session_market,2024-07-08,1,2962,テクニスコ,0.5575780061594527,0.0,-7.199999999999996,True,True,True
family_screen,elastic_net_sgd_return__18fa617ea34f1b1b__f_session_market,2024-07-08,2,5010,日本精蝋,0.40627107895532066,0.0,-2.941176470588236,True,True,True
family_screen,elastic_net_sgd_return__18fa617ea34f1b1b__f_session_market,2024-07-09,1,6803,ティアック,1.0360082773081345,0.0,-7.199999999999996,True,True,True
family_screen,elastic_net_sgd_return__18fa617ea34f1b1b__f_session_market,2024-07-09,2,3024,クリエイト,0.4461487916819137,0.0,-16.18421052631579,True,True,True
family_screen,elastic_net_sgd_return__18fa617ea34f1b1b__f_session_market,2024-07-10,1,4427,ＥｄｕＬａｂ,0.4195902732721847,1.0,3.6842105263157787,True,True,True
family_screen,elastic_net_sgd_return__18fa617ea34f1b1b__f_session_market,2024-07-10,2,4825,ウェザーニューズ,0.3159616974703353,1.0,1.3059701492537323,True,True,True
family_screen,elastic_net_sgd_return__18fa617ea34f1b1b__f_session_market,2024-07-11,1,3045,カワサキ,0.42861542977014,0.0,-3.4653465346534684,True,True,True
family_screen,elastic_net_sgd_return__18fa617ea34f1b1b__f_session_market,2024-07-11,2,6387,サムコ,0.3878630784861129,0.0,-3.420523138832998,True,True,True
family_screen,elastic_net_sgd_return__18fa617ea34f1b1b__f_session_market,2024-07-12,1,7138,ＴＯＲＩＣＯ,0.49754283703484947,1.0,1.5947467166979257,True,True,True
family_screen,elastic_net_sgd_return__18fa617ea34f1b1b__f_session_market,2024-07-12,2,7601,ポプラ,0.46634007371583397,1.0,1.6000000000000014,True,True,True
family_screen,elastic_net_sgd_return__18fa617ea34f1b1b__f_session_market,2024-07-16,1,1419,タマホーム,0.2848361817709487,1.0,2.870264064293915,True,True,True
family_screen,elastic_net_sgd_return__18fa617ea34f1b1b__f_session_market,2024-07-16,2,7805,プリントネット,0.25701782978692467,1.0,0.5952380952380931,True,True,True
family_screen,elastic_net_sgd_return__18fa617ea34f1b1b__f_session_market,2024-07-17,1,6047,Ｇｕｎｏｓｙ,0.37838820494332726,0.0,-2.7649769585253448,True,True,True
family_screen,elastic_net_sgd_return__18fa617ea34f1b1b__f_session_market,2024-07-17,2,5025,マーキュリーリアルテックイノベーター,0.3730015245787185,0.0,-8.51393188854489,True,True,True
family_screen,elastic_net_sgd_return__18fa617ea34f1b1b__f_session_market,2024-07-18,1,3913,ＧｒｅｅｎＢｅｅ,0.627135732542662,0.0,-13.396624472573837,True,True,True
family_screen,elastic_net_sgd_return__18fa617ea34f1b1b__f_session_market,2024-07-18,2,9270,バリュエンスホールディングス,0.41749329246201927,1.0,2.152852529601712,True,True,True
family_screen,elastic_net_sgd_return__18fa617ea34f1b1b__f_session_market,2024-07-19,1,3633,ＧＭＯペパボ,0.4055553463808578,0.0,-1.6216216216216162,True,True,True
family_screen,elastic_net_sgd_return__18fa617ea34f1b1b__f_session_market,2024-07-19,2,7049,識学,0.39945984758058006,1.0,17.218543046357617,True,True,True
family_screen,elastic_net_sgd_return__18fa617ea34f1b1b__f_session_market,2024-07-22,1,6046,リンクバル,0.6435639647356551,0.0,-10.606060606060607,True,True,True
family_screen,elastic_net_sgd_return__18fa617ea34f1b1b__f_session_market,2024-07-22,2,7049,識学,0.4985026506296676,0.0,-2.08023774145617,True,True,True
family_screen,elastic_net_sgd_return__18fa617ea34f1b1b__f_session_market,2024-07-23,1,4334,ユークス,0.5482574490419906,0.0,-3.340757238307346,True,True,True
family_screen,elastic_net_sgd_return__18fa617ea34f1b1b__f_session_market,2024-07-23,2,7585,かんなん丸,0.40770686544099266,0.0,-1.982378854625555,True,True,True
family_screen,elastic_net_sgd_return__18fa617ea34f1b1b__f_session_market,2024-07-24,1,6279,瑞光,0.5790521887651962,0.0,-4.324324324324325,True,True,True
family_screen,elastic_net_sgd_return__18fa617ea34f1b1b__f_session_market,2024-07-24,2,9330,揚羽,0.29744667686143333,0.0,-12.488849241748435,True,True,True
family_screen,elastic_net_sgd_return__18fa617ea34f1b1b__f_session_market,2024-07-25,1,3841,ジーダット,0.7148765710703414,1.0,20.240354206198607,True,True,True
family_screen,elastic_net_sgd_return__18fa617ea34f1b1b__f_session_market,2024-07-25,2,7886,ヤマト・インダストリー,0.3484016147963088,0.0,-3.018867924528301,True,True,True
family_screen,elastic_net_sgd_return__18fa617ea34f1b1b__f_session_market,2024-07-26,1,3841,ジーダット,0.4262590793482345,0.0,0.0,True,True,True
family_screen,elastic_net_sgd_return__18fa617ea34f1b1b__f_session_market,2024-07-26,2,4409,東邦化学⼯業,0.4003692356459182,0.0,-10.162002945508098,True,True,True
family_screen,elastic_net_sgd_return__18fa617ea34f1b1b__f_session_market,2024-07-29,1,3912,モバイルファクトリー,0.7497433213106673,1.0,1.9656019656019597,True,True,True
family_screen,elastic_net_sgd_return__18fa617ea34f1b1b__f_session_market,2024-07-29,2,5921,川岸⼯業,0.3823830274454635,0.0,-1.1441647597253968,True,True,True
family_screen,elastic_net_sgd_return__18fa617ea34f1b1b__f_session_market,2024-07-30,1,6366,千代⽥化⼯建設,0.35813210285821373,0.0,-0.9584664536741228,True,True,True
family_screen,elastic_net_sgd_return__18fa617ea34f1b1b__f_session_market,2024-07-30,2,7063,Ｂｉｒｄｍａｎ,0.2825953451506179,0.0,-1.141769743101806,True,True,True
family_screen,elastic_net_sgd_return__18fa617ea34f1b1b__f_session_market,2024-07-31,1,6101,ツガミ,0.5733469513765853,0.0,-0.7142857142857117,True,True,True
family_screen,elastic_net_sgd_return__18fa617ea34f1b1b__f_session_market,2024-07-31,2,5481,山陽特殊製鋼,0.41009334601083214,1.0,2.3444976076554935,True,True,True
family_screen,elastic_net_sgd_return__18fa617ea34f1b1b__f_session_market,2024-08-01,1,7218,⽥中精密⼯業,0.6949438056622241,0.0,-0.43744531933508357,True,True,True
family_screen,elastic_net_sgd_return__18fa617ea34f1b1b__f_session_market,2024-08-01,2,1942,関電⼯,0.6141556105290149,0.0,-4.5200372786579734,True,True,True
family_screen,elastic_net_sgd_return__18fa617ea34f1b1b__f_session_market,2024-08-02,1,5476,日本高周波鋼業,0.5122630200062488,0.0,-6.008583690987123,True,True,True
family_screen,elastic_net_sgd_return__18fa617ea34f1b1b__f_session_market,2024-08-02,2,4188,三菱ケミカルグループ,0.43052767726523616,0.0,-2.1477272727272734,True,True,True
family_screen,elastic_net_sgd_return__18fa617ea34f1b1b__f_session_market,2024-08-05,1,5446,北越メタル,0.4353350600872729,0.0,-12.620689655172413,True,True,True
family_screen,elastic_net_sgd_return__18fa617ea34f1b1b__f_session_market,2024-08-05,2,6836,ぷらっとホーム,0.4150067171726916,0.0,0.0,True,True,True
family_screen,elastic_net_sgd_return__18fa617ea34f1b1b__f_session_market,2024-08-06,1,4215,タキロンシーアイ,0.5606000027332996,0.0,0.0,True,True,True
family_screen,elastic_net_sgd_return__18fa617ea34f1b1b__f_session_market,2024-08-06,2,6334,明治機械,0.5233264169369434,0.0,-3.498542274052474,True,True,True
family_screen,elastic_net_sgd_return__18fa617ea34f1b1b__f_session_market,2024-08-07,1,3190,ホットマン,0.7455245456371997,1.0,1.675041876046901,True,True,True
family_screen,elastic_net_sgd_return__18fa617ea34f1b1b__f_session_market,2024-08-07,2,7031,インバウンドテック,0.6013544401798938,0.0,-1.2779552715655007,True,True,True
family_screen,elastic_net_sgd_return__18fa617ea34f1b1b__f_session_market,2024-08-08,1,3094,スーパーバリュー,0.39192708345992305,0.0,-5.568181818181817,True,True,True
family_screen,elastic_net_sgd_return__18fa617ea34f1b1b__f_session_market,2024-08-08,2,2993,⻑栄,0.35246839138610103,0.0,-3.1920199501246915,True,True,True
family_screen,elastic_net_sgd_return__18fa617ea34f1b1b__f_session_market,2024-08-09,1,8007,高島,0.6984999975834583,0.0,-3.16622691292876,True,True,True
family_screen,elastic_net_sgd_return__18fa617ea34f1b1b__f_session_market,2024-08-09,2,3933,チエル,0.24363507839781978,0.0,-0.5059021922428353,True,True,True
family_screen,elastic_net_sgd_return__18fa617ea34f1b1b__f_session_market,2024-08-13,1,7317,松屋アールアンドディ,0.3534801206265185,0.0,-1.944894651539708,True,True,True
family_screen,elastic_net_sgd_return__18fa617ea34f1b1b__f_session_market,2024-08-13,2,6445,ジャノメ,0.3230526349220965,1.0,0.2797202797202747,True,True,True
family_screen,elastic_net_sgd_return__18fa617ea34f1b1b__f_session_market,2024-08-14,1,7550,ゼンショーホールディングス,0.23685128006083705,1.0,2.551984877126645,True,True,True
family_screen,elastic_net_sgd_return__18fa617ea34f1b1b__f_session_market,2024-08-14,2,7874,レック,0.20876227828604915,0.0,-4.809160305343507,True,True,True
family_screen,elastic_net_sgd_return__18fa617ea34f1b1b__f_session_market,2024-08-15,1,2501,サッポロホールディングス,0.3099509677563403,0.0,-1.385778275475924,True,True,True
family_screen,elastic_net_sgd_return__18fa617ea34f1b1b__f_session_market,2024-08-15,2,5922,那須電機鉄⼯,0.25633045050246456,0.0,-0.8688097306689846,True,True,True
family_screen,elastic_net_sgd_return__18fa617ea34f1b1b__f_session_market,2024-08-16,1,6061,ユニバーサル園芸社,0.32621591302497127,0.0,-2.4707412223667125,True,True,True
family_screen,elastic_net_sgd_return__18fa617ea34f1b1b__f_session_market,2024-08-16,2,9265,ヤマシタヘルスケアホールディングス,0.245697607723305,0.0,-1.9033674963396807,True,True,True
family_screen,elastic_net_sgd_return__18fa617ea34f1b1b__f_session_market,2024-08-19,1,9476,中央経済社ホールディングス,0.24537812682730892,0.0,-0.3724394785847296,True,True,True
family_screen,elastic_net_sgd_return__18fa617ea34f1b1b__f_session_market,2024-08-19,2,3865,北越コーポレーション,0.2254198840532992,1.0,0.9084556254367548,True,True,True
family_screen,elastic_net_sgd_return__18fa617ea34f1b1b__f_session_market,2024-08-20,1,3382,セブン＆アイ・ホールディングス,0.953815182176659,0.0,-5.1986267778322715,True,True,True
family_screen,elastic_net_sgd_return__18fa617ea34f1b1b__f_session_market,2024-08-20,2,8410,セブン銀行,0.36966498705489376,1.0,0.5339978640085397,True,True,True
family_screen,elastic_net_sgd_return__18fa617ea34f1b1b__f_session_market,2024-08-21,1,3865,北越コーポレーション,0.2371836951647494,0.0,-1.276324186343336,True,True,True
family_screen,elastic_net_sgd_return__18fa617ea34f1b1b__f_session_market,2024-08-21,2,3076,あい ホールディングス,0.20317271861178615,0.0,-3.1890660592255093,True,True,True
family_screen,elastic_net_sgd_return__18fa617ea34f1b1b__f_session_market,2024-08-22,1,4664,アール・エス・シー,0.26737352224929073,0.0,-1.8726591760299671,True,True,True
family_screen,elastic_net_sgd_return__18fa617ea34f1b1b__f_session_market,2024-08-22,2,8254,さいか屋,0.24006599697215297,1.0,0.6550218340611424,True,True,True
family_screen,elastic_net_sgd_return__18fa617ea34f1b1b__f_session_market,2024-08-23,1,3622,ネットイヤーグループ,0.21880938622100093,0.0,-4.560810810810811,True,True,True
family_screen,elastic_net_sgd_return__18fa617ea34f1b1b__f_session_market,2024-08-23,2,4955,アグロ カネショウ,0.21123298021895626,0.0,-0.14471780028944004,True,True,True
family_screen,elastic_net_sgd_return__18fa617ea34f1b1b__f_session_market,2024-08-26,1,4558,中京医薬品,0.7153947553311084,1.0,8.680555555555557,True,True,True
family_screen,elastic_net_sgd_return__18fa617ea34f1b1b__f_session_market,2024-08-26,2,9082,大和自動車交通,0.4828058979187701,0.0,-2.238805970149249,True,True,True
family_screen,elastic_net_sgd_return__18fa617ea34f1b1b__f_session_market,2024-08-27,1,4558,中京医薬品,0.8717201552067493,0.0,-4.697986577181212,True,True,True
family_screen,elastic_net_sgd_return__18fa617ea34f1b1b__f_session_market,2024-08-27,2,7813,プラッツ,0.534756263223717,0.0,-5.8744993324432615,True,True,True
family_screen,elastic_net_sgd_return__18fa617ea34f1b1b__f_session_market,2024-08-28,1,7271,安永,0.7017592391644214,1.0,9.740259740259738,True,True,True
family_screen,elastic_net_sgd_return__18fa617ea34f1b1b__f_session_market,2024-08-28,2,4875,メディシノバ・インク,0.6783379516278003,0.0,-8.21917808219178,True,True,True
family_screen,elastic_net_sgd_return__18fa617ea34f1b1b__f_session_market,2024-08-29,1,2459,アウンコンサルティング,0.7003251514111255,0.0,-6.349206349206349,True,True,True
family_screen,elastic_net_sgd_return__18fa617ea34f1b1b__f_session_market,2024-08-29,2,6233,ＫＬＡＳＳ,0.4612502655659411,0.0,-1.2711864406779627,True,True,True
family_screen,elastic_net_sgd_return__18fa617ea34f1b1b__f_session_market,2024-08-30,1,5616,雨風太陽,0.4071968397770617,1.0,2.8169014084507005,True,True,True
family_screen,elastic_net_sgd_return__18fa617ea34f1b1b__f_session_market,2024-08-30,2,8152,ソマール,0.39154516669852474,1.0,2.1739130434782705,True,True,True
family_screen,huber_sgd_return__5a70b70a53995f2e__f_session_market,2024-07-01,1,4967,小林製薬,0.10674896282229487,1.0,1.9230769230769162,True,True,True
family_screen,huber_sgd_return__5a70b70a53995f2e__f_session_market,2024-07-01,2,3558,ジェイドグループ,0.1027588639882571,0.0,-3.4566403881140073,True,True,True
family_screen,huber_sgd_return__5a70b70a53995f2e__f_session_market,2024-07-02,1,4664,アール・エス・シー,0.11389560443434779,0.0,-0.6980802792321161,True,True,True
family_screen,huber_sgd_return__5a70b70a53995f2e__f_session_market,2024-07-02,2,160A,アズパートナーズ,0.10875988942656581,0.0,-0.5398671096345509,True,True,True
family_screen,huber_sgd_return__5a70b70a53995f2e__f_session_market,2024-07-03,1,7634,星医療酸器,0.06645038169894282,0.0,0.0,True,True,True
family_screen,huber_sgd_return__5a70b70a53995f2e__f_session_market,2024-07-03,2,4177,ｉ‐ｐｌｕｇ,0.06533070844683711,0.0,-10.743243243243239,True,True,True
family_screen,huber_sgd_return__5a70b70a53995f2e__f_session_market,2024-07-04,1,4177,ｉ‐ｐｌｕｇ,0.08638832909140651,0.0,-1.6666666666666718,True,True,True
family_screen,huber_sgd_return__5a70b70a53995f2e__f_session_market,2024-07-04,2,4119,日本ピグメント,0.08430990022692744,0.0,-0.48000000000000265,True,True,True
family_screen,huber_sgd_return__5a70b70a53995f2e__f_session_market,2024-07-05,1,5753,日本伸銅,0.06923022312197749,1.0,0.3031834259727084,True,True,True
family_screen,huber_sgd_return__5a70b70a53995f2e__f_session_market,2024-07-05,2,9353,櫻島埠頭,0.06120126140389507,1.0,1.0695187165775444,True,True,True
family_screen,huber_sgd_return__5a70b70a53995f2e__f_session_market,2024-07-08,1,2300,きょくとう,0.10361849707636897,1.0,1.5503875968992276,True,True,True
family_screen,huber_sgd_return__5a70b70a53995f2e__f_session_market,2024-07-08,2,4261,アジアクエスト,0.09906593901190822,0.0,-2.193944712593243,True,True,True
family_screen,huber_sgd_return__5a70b70a53995f2e__f_session_market,2024-07-09,1,6034,ＭＲＴ,0.08615497690711085,1.0,2.0961775585696563,True,True,True
family_screen,huber_sgd_return__5a70b70a53995f2e__f_session_market,2024-07-09,2,7611,ハイデイ日高,0.08586242240939204,0.0,-1.0021474588403745,True,True,True
family_screen,huber_sgd_return__5a70b70a53995f2e__f_session_market,2024-07-10,1,8230,はせがわ,0.07207033974204127,1.0,0.28901734104045396,True,True,True
family_screen,huber_sgd_return__5a70b70a53995f2e__f_session_market,2024-07-10,2,7636,ハンズマン,0.06970804375681941,0.0,-1.620370370370372,True,True,True
family_screen,huber_sgd_return__5a70b70a53995f2e__f_session_market,2024-07-11,1,9353,櫻島埠頭,0.11321050864729945,0.0,0.0,True,True,True
family_screen,huber_sgd_return__5a70b70a53995f2e__f_session_market,2024-07-11,2,3974,ＳＣＡＴ,0.09833430689845149,1.0,1.2958963282937441,True,True,True
family_screen,huber_sgd_return__5a70b70a53995f2e__f_session_market,2024-07-12,1,9353,櫻島埠頭,0.06628511292014186,1.0,0.4345464421509959,True,True,True
family_screen,huber_sgd_return__5a70b70a53995f2e__f_session_market,2024-07-12,2,5619,マーソ,0.06275621992621486,1.0,6.8245125348189495,True,True,True
family_screen,huber_sgd_return__5a70b70a53995f2e__f_session_market,2024-07-16,1,4224,ロンシール⼯業,0.0353104118731982,0.0,-1.0125074449076843,True,True,True
family_screen,huber_sgd_return__5a70b70a53995f2e__f_session_market,2024-07-16,2,1764,⼯藤建設,0.032835187437868764,0.0,-0.7539682539682513,True,True,True
family_screen,huber_sgd_return__5a70b70a53995f2e__f_session_market,2024-07-17,1,6342,太平製作所,0.08284435612235133,1.0,0.1413427561837377,True,True,True
family_screen,huber_sgd_return__5a70b70a53995f2e__f_session_market,2024-07-17,2,3275,ハウスコム,0.08268950325522487,0.0,-1.6083254493850507,True,True,True
family_screen,huber_sgd_return__5a70b70a53995f2e__f_session_market,2024-07-18,1,3760,ケイブ,0.10680651110682551,0.0,-6.6016504126031545,True,True,True
family_screen,huber_sgd_return__5a70b70a53995f2e__f_session_market,2024-07-18,2,7729,東京精密,0.07256738287482326,1.0,1.1555555555555541,True,True,True
family_screen,huber_sgd_return__5a70b70a53995f2e__f_session_market,2024-07-19,1,8141,新光商事,0.0681865606931216,0.0,-0.1098901098901095,True,True,True
family_screen,huber_sgd_return__5a70b70a53995f2e__f_session_market,2024-07-19,2,7064,ハウテレビジョン,0.06695244652304713,0.0,-0.8142116950407119,True,True,True
family_screen,huber_sgd_return__5a70b70a53995f2e__f_session_market,2024-07-22,1,8617,光世証券,0.1369745899466044,1.0,1.9230769230769162,True,True,True
family_screen,huber_sgd_return__5a70b70a53995f2e__f_session_market,2024-07-22,2,2411,ゲンダイエージェンシー,0.11997305792841975,0.0,-0.5181347150259086,True,True,True
family_screen,huber_sgd_return__5a70b70a53995f2e__f_session_market,2024-07-23,1,6858,小野測器,0.23769486141476695,1.0,0.16920473773265332,True,True,True
family_screen,huber_sgd_return__5a70b70a53995f2e__f_session_market,2024-07-23,2,4425,Ｋｕｄａｎ,0.19661945295605723,1.0,2.5495750708215192,True,True,True
family_screen,huber_sgd_return__5a70b70a53995f2e__f_session_market,2024-07-24,1,9691,両毛システムズ,0.17157364082608287,1.0,0.659340659340657,True,True,True
family_screen,huber_sgd_return__5a70b70a53995f2e__f_session_market,2024-07-24,2,7614,オーエムツーネットワーク,0.06312262457881038,0.0,-0.6329113924050667,True,True,True
family_screen,huber_sgd_return__5a70b70a53995f2e__f_session_market,2024-07-25,1,3628,データホライゾン,0.17398312878880565,0.0,-1.2499999999999956,True,True,True
family_screen,huber_sgd_return__5a70b70a53995f2e__f_session_market,2024-07-25,2,5820,三ッ星,0.1489854772118098,1.0,0.7047768206734473,True,True,True
family_screen,huber_sgd_return__5a70b70a53995f2e__f_session_market,2024-07-26,1,2349,エヌアイデイ,0.12175888759169642,1.0,2.0626735422451414,True,True,True
family_screen,huber_sgd_return__5a70b70a53995f2e__f_session_market,2024-07-26,2,7922,三光産業,0.11416898113761012,0.0,-1.0025062656641603,True,True,True
family_screen,huber_sgd_return__5a70b70a53995f2e__f_session_market,2024-07-29,1,8609,岡三証券グループ,0.07680950504813258,1.0,3.5190615835777095,True,True,True
family_screen,huber_sgd_return__5a70b70a53995f2e__f_session_market,2024-07-29,2,2108,日本甜菜製糖,0.0665184800055987,0.0,-0.153668843641952,True,True,True
family_screen,huber_sgd_return__5a70b70a53995f2e__f_session_market,2024-07-30,1,7614,オーエムツーネットワーク,0.07454004329714839,1.0,0.2666666666666595,True,True,True
family_screen,huber_sgd_return__5a70b70a53995f2e__f_session_market,2024-07-30,2,1884,日本道路,0.06924816412005488,0.0,-2.0588235294117685,True,True,True
family_screen,huber_sgd_return__5a70b70a53995f2e__f_session_market,2024-07-31,1,6848,東亜ディーケーケー,0.25438608420167036,1.0,1.948842874543244,True,True,True
family_screen,huber_sgd_return__5a70b70a53995f2e__f_session_market,2024-07-31,2,7442,中山福,0.2233868260410792,1.0,1.6620498614958512,True,True,True
family_screen,huber_sgd_return__5a70b70a53995f2e__f_session_market,2024-08-01,1,9976,セキチュー,0.041488834237162354,1.0,0.16934801016088574,True,True,True
family_screen,huber_sgd_return__5a70b70a53995f2e__f_session_market,2024-08-01,2,1764,⼯藤建設,0.04129866189271617,0.0,-1.4388489208633115,True,True,True
family_screen,huber_sgd_return__5a70b70a53995f2e__f_session_market,2024-08-02,1,5410,合同製鐵,0.2923192312470119,0.0,-1.3986013986013957,True,True,True
family_screen,huber_sgd_return__5a70b70a53995f2e__f_session_market,2024-08-02,2,2980,ＳＲＥホールディングス,0.23248777589708972,0.0,-3.88235294117647,True,True,True
family_screen,huber_sgd_return__5a70b70a53995f2e__f_session_market,2024-08-05,1,2224,コモ,0.39620029232412984,0.0,-0.0357015351660106,True,True,True
family_screen,huber_sgd_return__5a70b70a53995f2e__f_session_market,2024-08-05,2,2923,サトウ食品,0.37153046629339864,0.0,-1.1272141706924366,True,True,True
family_screen,huber_sgd_return__5a70b70a53995f2e__f_session_market,2024-08-06,1,7035,ａｎｄ ｆａｃｔｏｒｙ,1.030454509471957,0.0,-7.8767123287671215,True,True,True
family_screen,huber_sgd_return__5a70b70a53995f2e__f_session_market,2024-08-06,2,6552,ＧａｍｅＷｉｔｈ,0.9947851826897304,0.0,-22.580645161290324,True,True,True
family_screen,huber_sgd_return__5a70b70a53995f2e__f_session_market,2024-08-07,1,9996,サトー商会,0.03670008531719852,1.0,2.60869565217392,True,True,True
family_screen,huber_sgd_return__5a70b70a53995f2e__f_session_market,2024-08-07,2,6334,明治機械,0.028139308606688264,1.0,6.707317073170738,True,True,True
family_screen,huber_sgd_return__5a70b70a53995f2e__f_session_market,2024-08-08,1,4215,タキロンシーアイ,0.03339078701049495,0.0,-0.11507479861909697,True,True,True
family_screen,huber_sgd_return__5a70b70a53995f2e__f_session_market,2024-08-08,2,1997,暁飯島⼯業,-0.007769314526166436,1.0,3.0056355666875367,True,True,True
family_screen,huber_sgd_return__5a70b70a53995f2e__f_session_market,2024-08-09,1,7850,総合商研,0.03130450150877643,0.0,-1.4687882496939975,True,True,True
family_screen,huber_sgd_return__5a70b70a53995f2e__f_session_market,2024-08-09,2,6497,ハマイ,0.02350454456121135,1.0,2.052785923753664,True,True,True
family_screen,huber_sgd_return__5a70b70a53995f2e__f_session_market,2024-08-13,1,7749,メディキット,0.09379770657927203,0.0,-0.7017543859649145,True,True,True
family_screen,huber_sgd_return__5a70b70a53995f2e__f_session_market,2024-08-13,2,9365,トレーディア,0.07683693668753314,0.0,0.0,True,True,True
family_screen,huber_sgd_return__5a70b70a53995f2e__f_session_market,2024-08-14,1,4215,タキロンシーアイ,0.06352403811127352,0.0,0.0,True,True,True
family_screen,huber_sgd_return__5a70b70a53995f2e__f_session_market,2024-08-14,2,3045,カワサキ,0.036816709255282166,0.0,-0.2373417721519,True,True,True
family_screen,huber_sgd_return__5a70b70a53995f2e__f_session_market,2024-08-15,1,3397,トリドールホールディングス,0.0675504808774631,0.0,-0.598973188819163,True,True,True
family_screen,huber_sgd_return__5a70b70a53995f2e__f_session_market,2024-08-15,2,4215,タキロンシーアイ,0.06107483855396915,0.0,0.0,True,True,True
family_screen,huber_sgd_return__5a70b70a53995f2e__f_session_market,2024-08-16,1,7749,メディキット,0.07172079435497927,1.0,1.9552079630287933,True,True,True
family_screen,huber_sgd_return__5a70b70a53995f2e__f_session_market,2024-08-16,2,6824,新コスモス電機,0.06608367762476611,0.0,-1.318587834963847,True,True,True
family_screen,huber_sgd_return__5a70b70a53995f2e__f_session_market,2024-08-19,1,7265,エイケン⼯業,0.05900826356321979,1.0,0.4411764705882337,True,True,True
family_screen,huber_sgd_return__5a70b70a53995f2e__f_session_market,2024-08-19,2,7559,ジーエフシー,0.04638795978337932,0.0,0.0,True,True,True
family_screen,huber_sgd_return__5a70b70a53995f2e__f_session_market,2024-08-20,1,6267,ゼネラルパッカー,0.09765442511946368,1.0,2.146416251437322,True,True,True
family_screen,huber_sgd_return__5a70b70a53995f2e__f_session_market,2024-08-20,2,7219,エッチ・ケー・エス,0.09045396051317858,0.0,0.0,True,True,True
family_screen,huber_sgd_return__5a70b70a53995f2e__f_session_market,2024-08-21,1,3800,ユニリタ,0.07351724109560656,1.0,0.10368066355623817,True,True,True
family_screen,huber_sgd_return__5a70b70a53995f2e__f_session_market,2024-08-21,2,3804,システム ディ,0.06473723105103182,0.0,-0.06925207756233176,True,True,True
family_screen,huber_sgd_return__5a70b70a53995f2e__f_session_market,2024-08-22,1,7749,メディキット,0.07603244534641909,1.0,0.14179369018079147,True,True,True
family_screen,huber_sgd_return__5a70b70a53995f2e__f_session_market,2024-08-22,2,2179,成学社,0.04907637885719943,0.0,-0.90673575129534,True,True,True
family_screen,huber_sgd_return__5a70b70a53995f2e__f_session_market,2024-08-23,1,7863,平賀,0.0764754196158092,0.0,-0.5025125628140725,True,True,True
family_screen,huber_sgd_return__5a70b70a53995f2e__f_session_market,2024-08-23,2,6342,太平製作所,0.06631364724547076,0.0,0.0,True,True,True
family_screen,huber_sgd_return__5a70b70a53995f2e__f_session_market,2024-08-26,1,9017,新潟交通,0.06263294867188143,0.0,0.0,True,True,True
family_screen,huber_sgd_return__5a70b70a53995f2e__f_session_market,2024-08-26,2,9254,ラバブルマーケティンググループ,0.060541950677935365,1.0,0.8280254777070173,True,True,True
family_screen,huber_sgd_return__5a70b70a53995f2e__f_session_market,2024-08-27,1,4921,ファンケル,0.12183538875490832,1.0,1.2731902510003668,True,True,True
family_screen,huber_sgd_return__5a70b70a53995f2e__f_session_market,2024-08-27,2,8025,ツカモトコーポレーション,0.06215091100842166,0.0,-1.3029315960912058,True,True,True
family_screen,huber_sgd_return__5a70b70a53995f2e__f_session_market,2024-08-28,1,7863,平賀,0.060625240718428376,0.0,0.0,True,True,True
family_screen,huber_sgd_return__5a70b70a53995f2e__f_session_market,2024-08-28,2,8066,三⾕商事,0.05601602843910861,1.0,0.30066145520144527,True,True,True
family_screen,huber_sgd_return__5a70b70a53995f2e__f_session_market,2024-08-29,1,2736,フェスタリアホールディングス,0.26463928124815633,0.0,-0.7027406886858767,True,True,True
family_screen,huber_sgd_return__5a70b70a53995f2e__f_session_market,2024-08-29,2,9914,植松商会,0.0876610880246799,1.0,0.28571428571428914,True,True,True
family_screen,huber_sgd_return__5a70b70a53995f2e__f_session_market,2024-08-30,1,3077,ホリイフードサービス,0.25703983805090597,0.0,-0.2801120448179262,True,True,True
family_screen,huber_sgd_return__5a70b70a53995f2e__f_session_market,2024-08-30,2,3986,ビーブレイクシステムズ,0.09121405384451556,1.0,0.7166123778501676,True,True,True
family_screen,hgb_return_shallow__258fb5ee8e46d4ed__f_session_market,2024-07-01,1,9072,ニッコンホールディングス,0.2358114450889206,0.0,-2.1428571428571463,True,True,True
family_screen,hgb_return_shallow__258fb5ee8e46d4ed__f_session_market,2024-07-01,2,4203,住友ベークライト,0.23425547836486665,0.0,-2.5854879065888237,True,True,True
family_screen,hgb_return_shallow__258fb5ee8e46d4ed__f_session_market,2024-07-02,1,4809,パラカ,-0.2689156108815137,0.0,-1.1455847255369966,True,True,True
family_screen,hgb_return_shallow__258fb5ee8e46d4ed__f_session_market,2024-07-02,2,3143,オーウイル,-0.2690567209228139,0.0,-0.5148741418764313,True,True,True
family_screen,hgb_return_shallow__258fb5ee8e46d4ed__f_session_market,2024-07-03,1,6554,エスユーエス,0.11987273643956378,1.0,0.2732240437158362,True,True,True
family_screen,hgb_return_shallow__258fb5ee8e46d4ed__f_session_market,2024-07-03,2,7164,全国保証,0.11611984531019592,1.0,0.7073088582014053,True,True,True
family_screen,hgb_return_shallow__258fb5ee8e46d4ed__f_session_market,2024-07-04,1,2931,ユーグレナ,-0.08427309976865065,1.0,0.994035785288272,True,True,True
family_screen,hgb_return_shallow__258fb5ee8e46d4ed__f_session_market,2024-07-04,2,7901,マツモト,-0.09678926007556803,0.0,-2.3255813953488413,True,True,True
family_screen,hgb_return_shallow__258fb5ee8e46d4ed__f_session_market,2024-07-05,1,6870,日本フェンオール,-0.31601061040818107,1.0,0.45977011494253706,True,True,True
family_screen,hgb_return_shallow__258fb5ee8e46d4ed__f_session_market,2024-07-05,2,2795,日本プリメックス,-0.32342727311236563,0.0,-0.22002200220021528,True,True,True
family_screen,hgb_return_shallow__258fb5ee8e46d4ed__f_session_market,2024-07-08,1,3934,ベネフィットジャパン,-0.284223875635838,0.0,0.0,True,True,True
family_screen,hgb_return_shallow__258fb5ee8e46d4ed__f_session_market,2024-07-08,2,4502,武⽥薬品⼯業,-0.28726235328315775,0.0,-0.2830188679245338,True,True,True
family_screen,hgb_return_shallow__258fb5ee8e46d4ed__f_session_market,2024-07-09,1,7725,インターアクション,0.4005328507054354,1.0,1.1418269230769162,True,True,True
family_screen,hgb_return_shallow__258fb5ee8e46d4ed__f_session_market,2024-07-09,2,6986,双葉電子⼯業,0.37704149569676554,1.0,2.6521060842433775,True,True,True
family_screen,hgb_return_shallow__258fb5ee8e46d4ed__f_session_market,2024-07-10,1,5268,旭コンクリート⼯業,-0.3185958632522995,1.0,2.316602316602312,True,True,True
family_screen,hgb_return_shallow__258fb5ee8e46d4ed__f_session_market,2024-07-10,2,3593,ホギメディカル,-0.33303872405167434,1.0,0.12077294685990392,True,True,True
family_screen,hgb_return_shallow__258fb5ee8e46d4ed__f_session_market,2024-07-11,1,2585,ライフドリンク カンパニー,0.3719579935802529,0.0,-2.599388379204892,True,True,True
family_screen,hgb_return_shallow__258fb5ee8e46d4ed__f_session_market,2024-07-11,2,6656,インスペック,0.37058177774323914,1.0,3.409090909090917,True,True,True
family_screen,hgb_return_shallow__258fb5ee8e46d4ed__f_session_market,2024-07-12,1,2291,福留ハム,0.06166766980428978,1.0,0.35211267605634866,True,True,True
family_screen,hgb_return_shallow__258fb5ee8e46d4ed__f_session_market,2024-07-12,2,7506,ハウス オブ ローゼ,0.06007217691593752,0.0,-0.18951358180669953,True,True,True
family_screen,hgb_return_shallow__258fb5ee8e46d4ed__f_session_market,2024-07-16,1,4921,ファンケル,-0.9345768644410225,1.0,0.12929442186921936,True,True,True
family_screen,hgb_return_shallow__258fb5ee8e46d4ed__f_session_market,2024-07-16,2,7938,リーガルコーポレーション,-0.944880503902108,0.0,-0.035561877667145136,True,True,True
family_screen,hgb_return_shallow__258fb5ee8e46d4ed__f_session_market,2024-07-17,1,2342,トランスジェニック,0.3737898719508514,0.0,0.0,True,True,True
family_screen,hgb_return_shallow__258fb5ee8e46d4ed__f_session_market,2024-07-17,2,6418,日本金銭機械,0.37272043936941973,1.0,0.548947849954251,True,True,True
family_screen,hgb_return_shallow__258fb5ee8e46d4ed__f_session_market,2024-07-18,1,6762,ＴＤＫ,0.41248367841019307,1.0,1.7619047619047645,True,True,True
family_screen,hgb_return_shallow__258fb5ee8e46d4ed__f_session_market,2024-07-18,2,9369,キユーソー流通システム,0.4104685263545355,1.0,0.28232636928289256,True,True,True
family_screen,hgb_return_shallow__258fb5ee8e46d4ed__f_session_market,2024-07-19,1,3099,三越伊勢丹ホールディングス,0.3668543873597383,0.0,-0.15174506828528056,True,True,True
family_screen,hgb_return_shallow__258fb5ee8e46d4ed__f_session_market,2024-07-19,2,2108,日本甜菜製糖,0.3648991745777289,1.0,2.1561338289962872,True,True,True
family_screen,hgb_return_shallow__258fb5ee8e46d4ed__f_session_market,2024-07-22,1,7863,平賀,0.3784729809110518,0.0,-2.837573385518588,True,True,True
family_screen,hgb_return_shallow__258fb5ee8e46d4ed__f_session_market,2024-07-22,2,6723,ルネサスエレクトロニクス,0.36798529341240654,0.0,-1.7124394184168001,True,True,True
family_screen,hgb_return_shallow__258fb5ee8e46d4ed__f_session_market,2024-07-23,1,2585,ライフドリンク カンパニー,-0.5578019580620589,1.0,0.592592592592589,True,True,True
family_screen,hgb_return_shallow__258fb5ee8e46d4ed__f_session_market,2024-07-23,2,2108,日本甜菜製糖,-0.5755356231991506,1.0,2.169117647058827,True,True,True
family_screen,hgb_return_shallow__258fb5ee8e46d4ed__f_session_market,2024-07-24,1,6976,太陽誘電,0.4081023867768308,0.0,-1.3096746937051096,True,True,True
family_screen,hgb_return_shallow__258fb5ee8e46d4ed__f_session_market,2024-07-24,2,7841,遠藤製作所,0.4021957831608296,0.0,-5.082212257100149,True,True,True
family_screen,hgb_return_shallow__258fb5ee8e46d4ed__f_session_market,2024-07-25,1,6196,ストライク,1.358034092917133,0.0,-1.4067995310668269,True,True,True
family_screen,hgb_return_shallow__258fb5ee8e46d4ed__f_session_market,2024-07-25,2,4060,ｒａｋｕｍｏ,1.3572559009250693,1.0,0.815494393476035,True,True,True
family_screen,hgb_return_shallow__258fb5ee8e46d4ed__f_session_market,2024-07-26,1,6930,日本アンテナ,0.23002092610327748,1.0,0.8928571428571397,True,True,True
family_screen,hgb_return_shallow__258fb5ee8e46d4ed__f_session_market,2024-07-26,2,2154,オープンアップグループ,0.22219017836139204,0.0,-0.5657708628005631,True,True,True
family_screen,hgb_return_shallow__258fb5ee8e46d4ed__f_session_market,2024-07-29,1,5729,日本精鉱,0.32028795127309806,1.0,1.0736196319018454,True,True,True
family_screen,hgb_return_shallow__258fb5ee8e46d4ed__f_session_market,2024-07-29,2,2216,カンロ,0.3152062975232555,1.0,0.7809594644849316,True,True,True
family_screen,hgb_return_shallow__258fb5ee8e46d4ed__f_session_market,2024-07-30,1,4543,テルモ,0.26247827824376724,1.0,0.29341646799927457,True,True,True
family_screen,hgb_return_shallow__258fb5ee8e46d4ed__f_session_market,2024-07-30,2,6497,ハマイ,0.2414054547739722,1.0,0.7500000000000062,True,True,True
family_screen,hgb_return_shallow__258fb5ee8e46d4ed__f_session_market,2024-07-31,1,5527,ｐｒｏｐｅｒｔｙ ｔｅｃｈｎｏｌｏｇｉｅｓ,-0.28160491840802737,0.0,-0.7920792079207928,True,True,True
family_screen,hgb_return_shallow__258fb5ee8e46d4ed__f_session_market,2024-07-31,2,9927,ワットマン,-0.29047355206547976,1.0,1.764057331863289,True,True,True
family_screen,hgb_return_shallow__258fb5ee8e46d4ed__f_session_market,2024-08-01,1,4076,シイエヌエス,-0.20460122569364336,0.0,-0.23571007660577736,True,True,True
family_screen,hgb_return_shallow__258fb5ee8e46d4ed__f_session_market,2024-08-01,2,3045,カワサキ,-0.21258256341804282,0.0,-1.5567086730911783,True,True,True
family_screen,hgb_return_shallow__258fb5ee8e46d4ed__f_session_market,2024-08-02,1,4479,マクアケ,0.8958195509453927,0.0,-4.296875,True,True,True
family_screen,hgb_return_shallow__258fb5ee8e46d4ed__f_session_market,2024-08-02,2,4371,コアコンセプト・テクノロジー,0.8866479892614361,0.0,-1.4427860696517358,True,True,True
family_screen,hgb_return_shallow__258fb5ee8e46d4ed__f_session_market,2024-08-05,1,8830,住友不動産,0.8417712908510917,0.0,-7.766749379652604,True,True,True
family_screen,hgb_return_shallow__258fb5ee8e46d4ed__f_session_market,2024-08-05,2,9073,京極運輸商事,0.8347593315363803,0.0,-17.016029593094938,True,True,True
family_screen,hgb_return_shallow__258fb5ee8e46d4ed__f_session_market,2024-08-06,1,3985,テモナ,0.7668333274435954,0.0,-4.117647058823525,True,True,True
family_screen,hgb_return_shallow__258fb5ee8e46d4ed__f_session_market,2024-08-06,2,7345,アイ・パートナーズフィナンシャル,0.7515054323652963,0.0,-1.2594458438287104,True,True,True
family_screen,hgb_return_shallow__258fb5ee8e46d4ed__f_session_market,2024-08-07,1,9818,大丸エナウィン,-0.2121517480712466,,,True,True,True
family_screen,hgb_return_shallow__258fb5ee8e46d4ed__f_session_market,2024-08-07,2,3800,ユニリタ,-0.2283884506948054,1.0,0.052356020942401216,True,True,True
family_screen,hgb_return_shallow__258fb5ee8e46d4ed__f_session_market,2024-08-08,1,9539,京葉瓦斯,-0.2001340285204862,0.0,-0.7445141065830718,True,True,True
family_screen,hgb_return_shallow__258fb5ee8e46d4ed__f_session_market,2024-08-08,2,3800,ユニリタ,-0.2248290001119443,1.0,1.1578947368421133,True,True,True
family_screen,hgb_return_shallow__258fb5ee8e46d4ed__f_session_market,2024-08-09,1,8030,中央魚類,-0.017294353566345705,1.0,0.6363027461486981,True,True,True
family_screen,hgb_return_shallow__258fb5ee8e46d4ed__f_session_market,2024-08-09,2,8209,フレンドリー,-0.02071151712212886,0.0,-0.23696682464454666,True,True,True
family_screen,hgb_return_shallow__258fb5ee8e46d4ed__f_session_market,2024-08-13,1,4921,ファンケル,-0.045797953339594265,1.0,0.03579098067287845,True,True,True
family_screen,hgb_return_shallow__258fb5ee8e46d4ed__f_session_market,2024-08-13,2,4926,シーボン,-0.04731825344302151,1.0,1.2021036814425345,True,True,True
family_screen,hgb_return_shallow__258fb5ee8e46d4ed__f_session_market,2024-08-14,1,9539,京葉瓦斯,-0.20357193257467665,1.0,3.273453093812373,True,True,True
family_screen,hgb_return_shallow__258fb5ee8e46d4ed__f_session_market,2024-08-14,2,3045,カワサキ,-0.20436851060924346,0.0,-0.2373417721519,True,True,True
family_screen,hgb_return_shallow__258fb5ee8e46d4ed__f_session_market,2024-08-15,1,3851,日本一ソフトウェア,0.42984338952169004,0.0,-0.33222591362126463,True,True,True
family_screen,hgb_return_shallow__258fb5ee8e46d4ed__f_session_market,2024-08-15,2,2152,幼児活動研究会,0.4274522462378193,1.0,2.5559105431310014,True,True,True
family_screen,hgb_return_shallow__258fb5ee8e46d4ed__f_session_market,2024-08-16,1,2498,オリエンタルコンサルタンツホールディングス,0.0254783263469026,0.0,-0.15408320493066618,True,True,True
family_screen,hgb_return_shallow__258fb5ee8e46d4ed__f_session_market,2024-08-16,2,6189,グローバルキッズＣＯＭＰＡＮＹ,0.020367183301960846,0.0,-1.1080332409972304,True,True,True
family_screen,hgb_return_shallow__258fb5ee8e46d4ed__f_session_market,2024-08-19,1,9225,ブリッジコンサルティンググループ,0.03640300008703957,0.0,-2.034664657121321,True,True,True
family_screen,hgb_return_shallow__258fb5ee8e46d4ed__f_session_market,2024-08-19,2,5905,日本製罐,0.026808323778656294,0.0,0.0,True,True,True
family_screen,hgb_return_shallow__258fb5ee8e46d4ed__f_session_market,2024-08-20,1,1939,四電⼯,0.4042073406847598,1.0,1.3458950201884257,True,True,True
family_screen,hgb_return_shallow__258fb5ee8e46d4ed__f_session_market,2024-08-20,2,2389,デジタルホールディングス,0.40305312776942803,1.0,1.342975206611574,True,True,True
family_screen,hgb_return_shallow__258fb5ee8e46d4ed__f_session_market,2024-08-21,1,4094,日本化学産業,1.0833011226601514,0.0,-0.2071823204419898,True,True,True
family_screen,hgb_return_shallow__258fb5ee8e46d4ed__f_session_market,2024-08-21,2,4356,応用技術,1.0746226539889232,0.0,-1.0578718108276264,True,True,True
family_screen,hgb_return_shallow__258fb5ee8e46d4ed__f_session_market,2024-08-22,1,5817,ＪＭＡＣＳ,-0.2762337960666766,1.0,1.3035381750465591,True,True,True
family_screen,hgb_return_shallow__258fb5ee8e46d4ed__f_session_market,2024-08-22,2,7120,ＳＨＩＮＫＯ,-0.2906964973621187,0.0,-0.3531786074672083,True,True,True
family_screen,hgb_return_shallow__258fb5ee8e46d4ed__f_session_market,2024-08-23,1,1934,ユアテック,0.32946515653134323,1.0,0.7092198581560183,True,True,True
family_screen,hgb_return_shallow__258fb5ee8e46d4ed__f_session_market,2024-08-23,2,3064,ＭｏｎｏｔａＲＯ,0.32172037713641316,0.0,-2.007108509303779,True,True,True
family_screen,hgb_return_shallow__258fb5ee8e46d4ed__f_session_market,2024-08-26,1,2342,トランスジェニック,-0.04243694180542239,0.0,-1.5625,True,True,True
family_screen,hgb_return_shallow__258fb5ee8e46d4ed__f_session_market,2024-08-26,2,5905,日本製罐,-0.05175632582326262,0.0,0.0,True,True,True
family_screen,hgb_return_shallow__258fb5ee8e46d4ed__f_session_market,2024-08-27,1,6406,フジテック,0.05865916384048136,1.0,0.14884116521369783,True,True,True
family_screen,hgb_return_shallow__258fb5ee8e46d4ed__f_session_market,2024-08-27,2,6768,タムラ製作所,0.05764565735605246,1.0,2.8799999999999937,True,True,True
family_screen,hgb_return_shallow__258fb5ee8e46d4ed__f_session_market,2024-08-28,1,6824,新コスモス電機,-0.02679527075964562,0.0,-0.23529411764705577,True,True,True
family_screen,hgb_return_shallow__258fb5ee8e46d4ed__f_session_market,2024-08-28,2,6190,フェニックスバイオ,-0.032247765343033696,1.0,3.206412825651306,True,True,True
family_screen,hgb_return_shallow__258fb5ee8e46d4ed__f_session_market,2024-08-29,1,3753,フライトソリューションズ,0.3352614352663504,0.0,-0.8510638297872353,True,True,True
family_screen,hgb_return_shallow__258fb5ee8e46d4ed__f_session_market,2024-08-29,2,6561,ＨＡＮＡＴＯＵＲ ＪＡＰＡＮ,0.33207268529083733,1.0,2.0223152022315283,True,True,True
family_screen,hgb_return_shallow__258fb5ee8e46d4ed__f_session_market,2024-08-30,1,4428,シノプス,0.27212333018732215,0.0,-0.9910802775024763,True,True,True
family_screen,hgb_return_shallow__258fb5ee8e46d4ed__f_session_market,2024-08-30,2,3655,ブレインパッド,0.263527250810112,1.0,0.786516853932584,True,True,True
family_screen,hgb_return_absolute__0cd4f46183b9c43b__f_session_market,2024-07-01,1,7730,マニー,0.24824668888461499,0.0,-1.830950589415603,True,True,True
family_screen,hgb_return_absolute__0cd4f46183b9c43b__f_session_market,2024-07-01,2,2207,名糖産業,0.24645507140938888,0.0,-0.24863252113376255,True,True,True
family_screen,hgb_return_absolute__0cd4f46183b9c43b__f_session_market,2024-07-02,1,4809,パラカ,-0.09830441931312119,0.0,-1.1455847255369966,True,True,True
family_screen,hgb_return_absolute__0cd4f46183b9c43b__f_session_market,2024-07-02,2,2305,スタジオアリス,-0.1012189069348665,0.0,-0.6575857209957681,True,True,True
family_screen,hgb_return_absolute__0cd4f46183b9c43b__f_session_market,2024-07-03,1,3768,リスクモンスター,0.10876591202705672,0.0,-0.195694716242667,True,True,True
family_screen,hgb_return_absolute__0cd4f46183b9c43b__f_session_market,2024-07-03,2,5015,ビーピー・カストロール,0.1034479672888992,0.0,0.0,True,True,True
family_screen,hgb_return_absolute__0cd4f46183b9c43b__f_session_market,2024-07-04,1,5900,ダイケン,-0.11922510726188286,1.0,1.1778563015312216,True,True,True
family_screen,hgb_return_absolute__0cd4f46183b9c43b__f_session_market,2024-07-04,2,1718,美樹⼯業,-0.12397432391025161,1.0,2.39043824701195,True,True,True
family_screen,hgb_return_absolute__0cd4f46183b9c43b__f_session_market,2024-07-05,1,5906,エムケー精⼯,-0.19010177820426158,0.0,-0.4854368932038833,True,True,True
family_screen,hgb_return_absolute__0cd4f46183b9c43b__f_session_market,2024-07-05,2,4502,武⽥薬品⼯業,-0.1918632787136763,0.0,-0.11770244821092124,True,True,True
family_screen,hgb_return_absolute__0cd4f46183b9c43b__f_session_market,2024-07-08,1,7164,全国保証,-0.10158953833215391,0.0,-0.7082630691399694,True,True,True
family_screen,hgb_return_absolute__0cd4f46183b9c43b__f_session_market,2024-07-08,2,4502,武⽥薬品⼯業,-0.10367214458685917,0.0,-0.2830188679245338,True,True,True
family_screen,hgb_return_absolute__0cd4f46183b9c43b__f_session_market,2024-07-09,1,8163,ＳＲＳホールディングス,0.4386807537181018,0.0,-0.30326004548900665,True,True,True
family_screen,hgb_return_absolute__0cd4f46183b9c43b__f_session_market,2024-07-09,2,1870,矢作建設⼯業,0.43386675761587146,1.0,0.5474452554744547,True,True,True
family_screen,hgb_return_absolute__0cd4f46183b9c43b__f_session_market,2024-07-10,1,9339,コーチ・エィ,-0.17113385733528932,0.0,-0.195694716242667,True,True,True
family_screen,hgb_return_absolute__0cd4f46183b9c43b__f_session_market,2024-07-10,2,5279,日本興業,-0.17993140817439648,1.0,0.5434782608695565,True,True,True
family_screen,hgb_return_absolute__0cd4f46183b9c43b__f_session_market,2024-07-11,1,6262,ＰＥＧＡＳＵＳ,0.4135769568634621,0.0,-0.33670033670033517,True,True,True
family_screen,hgb_return_absolute__0cd4f46183b9c43b__f_session_market,2024-07-11,2,6763,帝国通信⼯業,0.4056081913416332,1.0,1.6730401529636785,True,True,True
family_screen,hgb_return_absolute__0cd4f46183b9c43b__f_session_market,2024-07-12,1,7506,ハウス オブ ローゼ,0.059893755489648724,0.0,-0.18951358180669953,True,True,True
family_screen,hgb_return_absolute__0cd4f46183b9c43b__f_session_market,2024-07-12,2,2291,福留ハム,0.05790609851912824,1.0,0.35211267605634866,True,True,True
family_screen,hgb_return_absolute__0cd4f46183b9c43b__f_session_market,2024-07-16,1,8996,ハウスフリーダム,-0.7002068095959721,0.0,-1.597051597051602,True,True,True
family_screen,hgb_return_absolute__0cd4f46183b9c43b__f_session_market,2024-07-16,2,5126,ポーターズ,-0.7148685835495917,0.0,0.0,True,True,True
family_screen,hgb_return_absolute__0cd4f46183b9c43b__f_session_market,2024-07-17,1,4172,東和ハイシステム,0.30717713481335623,1.0,0.2376708259061111,True,True,True
family_screen,hgb_return_absolute__0cd4f46183b9c43b__f_session_market,2024-07-17,2,1866,北野建設,0.296703778633223,0.0,-1.6597510373444035,True,True,True
family_screen,hgb_return_absolute__0cd4f46183b9c43b__f_session_market,2024-07-18,1,6544,ジャパンエレベーターサービスホールディングス,0.3707806296943255,1.0,0.3631082062454549,True,True,True
family_screen,hgb_return_absolute__0cd4f46183b9c43b__f_session_market,2024-07-18,2,7921,ＴＡＫＡＲＡ ＆ ＣＯＭＰＡＮＹ,0.3666473423448863,0.0,-3.312302839116721,True,True,True
family_screen,hgb_return_absolute__0cd4f46183b9c43b__f_session_market,2024-07-19,1,3546,アレンザホールディングス,0.28451990026959634,1.0,0.4484304932735439,True,True,True
family_screen,hgb_return_absolute__0cd4f46183b9c43b__f_session_market,2024-07-19,2,5020,ＥＮＥＯＳホールディングス,0.2779438087618188,0.0,-1.2315571271796166,True,True,True
family_screen,hgb_return_absolute__0cd4f46183b9c43b__f_session_market,2024-07-22,1,4968,荒川化学⼯業,0.4098684313059438,0.0,-1.6949152542372836,True,True,True
family_screen,hgb_return_absolute__0cd4f46183b9c43b__f_session_market,2024-07-22,2,6143,ソディック,0.4086194699117606,0.0,-0.5502063273727598,True,True,True
family_screen,hgb_return_absolute__0cd4f46183b9c43b__f_session_market,2024-07-23,1,7532,パン・パシフィック・インターナショナルホールディングス,-0.5384123010484182,1.0,0.6000000000000005,True,True,True
family_screen,hgb_return_absolute__0cd4f46183b9c43b__f_session_market,2024-07-23,2,2341,アルバイトタイムス,-0.5551557723627244,1.0,1.3513513513513598,True,True,True
family_screen,hgb_return_absolute__0cd4f46183b9c43b__f_session_market,2024-07-24,1,6301,小松製作所,0.3550496179804571,0.0,-3.109555189456348,True,True,True
family_screen,hgb_return_absolute__0cd4f46183b9c43b__f_session_market,2024-07-24,2,6744,能美防災,0.350508904569561,0.0,-1.5936254980079667,True,True,True
family_screen,hgb_return_absolute__0cd4f46183b9c43b__f_session_market,2024-07-25,1,6458,新晃⼯業,1.4368922306817915,0.0,-2.2900763358778664,True,True,True
family_screen,hgb_return_absolute__0cd4f46183b9c43b__f_session_market,2024-07-25,2,3925,ダブルスタンダード,1.4053413789324933,0.0,-0.5672149744753274,True,True,True
family_screen,hgb_return_absolute__0cd4f46183b9c43b__f_session_market,2024-07-26,1,8012,⻑瀬産業,0.23664062572678515,1.0,0.28230865746550204,True,True,True
family_screen,hgb_return_absolute__0cd4f46183b9c43b__f_session_market,2024-07-26,2,4665,ダスキン,0.22369007903282698,0.0,-0.7430181911350253,True,True,True
family_screen,hgb_return_absolute__0cd4f46183b9c43b__f_session_market,2024-07-29,1,4362,日本精化,0.23498871394866058,1.0,1.179941002949847,True,True,True
family_screen,hgb_return_absolute__0cd4f46183b9c43b__f_session_market,2024-07-29,2,2154,オープンアップグループ,0.23266838798044118,1.0,0.5157055789967169,True,True,True
family_screen,hgb_return_absolute__0cd4f46183b9c43b__f_session_market,2024-07-30,1,5194,相模ゴム⼯業,0.17614325122050958,0.0,-1.875616979269501,True,True,True
family_screen,hgb_return_absolute__0cd4f46183b9c43b__f_session_market,2024-07-30,2,8147,トミタ,0.17384520698217515,0.0,-2.4288688410825765,True,True,True
family_screen,hgb_return_absolute__0cd4f46183b9c43b__f_session_market,2024-07-31,1,2573,北海道コカ・コーラボトリング,-0.10771835269563501,1.0,0.32810791104629367,True,True,True
family_screen,hgb_return_absolute__0cd4f46183b9c43b__f_session_market,2024-07-31,2,2185,シイエム・シイ,-0.11535589614564773,0.0,0.0,True,True,True
family_screen,hgb_return_absolute__0cd4f46183b9c43b__f_session_market,2024-08-01,1,9996,サトー商会,-0.12396447006508504,0.0,-0.05399568034557545,True,True,True
family_screen,hgb_return_absolute__0cd4f46183b9c43b__f_session_market,2024-08-01,2,2185,シイエム・シイ,-0.12435103081059634,0.0,-1.3270882123341154,True,True,True
family_screen,hgb_return_absolute__0cd4f46183b9c43b__f_session_market,2024-08-02,1,4479,マクアケ,0.8988456449384743,0.0,-4.296875,True,True,True
family_screen,hgb_return_absolute__0cd4f46183b9c43b__f_session_market,2024-08-02,2,9726,ＫＮＴ−ＣＴホールディングス,0.8978369027048878,0.0,-4.842428900845508,True,True,True
family_screen,hgb_return_absolute__0cd4f46183b9c43b__f_session_market,2024-08-05,1,8050,セイコーグループ,0.8676677415998286,0.0,-11.65980795610425,True,True,True
family_screen,hgb_return_absolute__0cd4f46183b9c43b__f_session_market,2024-08-05,2,8088,岩⾕産業,0.8657430386205749,0.0,-7.685305591677505,True,True,True
family_screen,hgb_return_absolute__0cd4f46183b9c43b__f_session_market,2024-08-06,1,3636,三菱総合研究所,0.8230176867233667,1.0,0.3658536585365857,True,True,True
family_screen,hgb_return_absolute__0cd4f46183b9c43b__f_session_market,2024-08-06,2,3431,宮地エンジニアリンググループ,0.8140091031369554,1.0,1.8610421836228186,True,True,True
family_screen,hgb_return_absolute__0cd4f46183b9c43b__f_session_market,2024-08-07,1,9818,大丸エナウィン,-0.1449888844296107,,,True,True,True
family_screen,hgb_return_absolute__0cd4f46183b9c43b__f_session_market,2024-08-07,2,9996,サトー商会,-0.1533580845951207,1.0,2.60869565217392,True,True,True
family_screen,hgb_return_absolute__0cd4f46183b9c43b__f_session_market,2024-08-08,1,9996,サトー商会,-0.16970550529926903,1.0,2.421307506053272,True,True,True
family_screen,hgb_return_absolute__0cd4f46183b9c43b__f_session_market,2024-08-08,2,9539,京葉瓦斯,-0.18791369375013944,0.0,-0.7445141065830718,True,True,True
family_screen,hgb_return_absolute__0cd4f46183b9c43b__f_session_market,2024-08-09,1,9064,ヤマトホールディングス,-0.020633517321600136,1.0,0.9696590553644135,True,True,True
family_screen,hgb_return_absolute__0cd4f46183b9c43b__f_session_market,2024-08-09,2,6381,アネスト岩⽥,-0.02979989810102728,1.0,0.38580246913579863,True,True,True
family_screen,hgb_return_absolute__0cd4f46183b9c43b__f_session_market,2024-08-13,1,9072,ニッコンホールディングス,0.033764361125321246,1.0,1.1787819253438192,True,True,True
family_screen,hgb_return_absolute__0cd4f46183b9c43b__f_session_market,2024-08-13,2,4290,プレステージ・インターナショナル,0.0139493595692595,1.0,3.4285714285714253,True,True,True
family_screen,hgb_return_absolute__0cd4f46183b9c43b__f_session_market,2024-08-14,1,9539,京葉瓦斯,-0.14242614847546,1.0,3.273453093812373,True,True,True
family_screen,hgb_return_absolute__0cd4f46183b9c43b__f_session_market,2024-08-14,2,7555,大⽥花き,-0.1447755402509021,0.0,0.0,True,True,True
family_screen,hgb_return_absolute__0cd4f46183b9c43b__f_session_market,2024-08-15,1,3851,日本一ソフトウェア,0.371957661629276,0.0,-0.33222591362126463,True,True,True
family_screen,hgb_return_absolute__0cd4f46183b9c43b__f_session_market,2024-08-15,2,6599,エブレン,0.36978141474875587,0.0,-0.09760858955587537,True,True,True
family_screen,hgb_return_absolute__0cd4f46183b9c43b__f_session_market,2024-08-16,1,6662,ユビテック,0.062346569517332785,1.0,0.8810572687224738,True,True,True
family_screen,hgb_return_absolute__0cd4f46183b9c43b__f_session_market,2024-08-16,2,7120,ＳＨＩＮＫＯ,0.06028945266826832,1.0,2.4802110817941925,True,True,True
family_screen,hgb_return_absolute__0cd4f46183b9c43b__f_session_market,2024-08-19,1,6342,太平製作所,0.08115173656044766,0.0,-0.9456264775413725,True,True,True
family_screen,hgb_return_absolute__0cd4f46183b9c43b__f_session_market,2024-08-19,2,5905,日本製罐,0.07574479239473045,0.0,0.0,True,True,True
family_screen,hgb_return_absolute__0cd4f46183b9c43b__f_session_market,2024-08-20,1,2389,デジタルホールディングス,0.36035710709107177,1.0,1.342975206611574,True,True,True
family_screen,hgb_return_absolute__0cd4f46183b9c43b__f_session_market,2024-08-20,2,3138,富士山マガジンサービス,0.3436628124245757,0.0,-0.5865102639296182,True,True,True
family_screen,hgb_return_absolute__0cd4f46183b9c43b__f_session_market,2024-08-21,1,8742,小林洋行,1.047333965398589,0.0,-0.3831417624521105,True,True,True
family_screen,hgb_return_absolute__0cd4f46183b9c43b__f_session_market,2024-08-21,2,4356,応用技術,0.9990677551589613,0.0,-1.0578718108276264,True,True,True
family_screen,hgb_return_absolute__0cd4f46183b9c43b__f_session_market,2024-08-22,1,9914,植松商会,-0.2107705067004226,0.0,0.0,True,True,True
family_screen,hgb_return_absolute__0cd4f46183b9c43b__f_session_market,2024-08-22,2,6342,太平製作所,-0.21687732311346233,0.0,-0.034482758620690834,True,True,True
family_screen,hgb_return_absolute__0cd4f46183b9c43b__f_session_market,2024-08-23,1,7962,キングジム,0.32238776395344226,1.0,0.6984866123399325,True,True,True
family_screen,hgb_return_absolute__0cd4f46183b9c43b__f_session_market,2024-08-23,2,4464,ソフト９９コーポレーション,0.3127607162207577,0.0,-0.2142857142857113,True,True,True
family_screen,hgb_return_absolute__0cd4f46183b9c43b__f_session_market,2024-08-26,1,7120,ＳＨＩＮＫＯ,0.0395676592919276,1.0,0.3039513677811634,True,True,True
family_screen,hgb_return_absolute__0cd4f46183b9c43b__f_session_market,2024-08-26,2,5817,ＪＭＡＣＳ,0.016855252997210482,1.0,0.18248175182482562,True,True,True
family_screen,hgb_return_absolute__0cd4f46183b9c43b__f_session_market,2024-08-27,1,6768,タムラ製作所,0.09605872286946929,1.0,2.8799999999999937,True,True,True
family_screen,hgb_return_absolute__0cd4f46183b9c43b__f_session_market,2024-08-27,2,6381,アネスト岩⽥,0.09540667099642994,1.0,0.4629629629629539,True,True,True
family_screen,hgb_return_absolute__0cd4f46183b9c43b__f_session_market,2024-08-28,1,9996,サトー商会,0.0032295158253195636,0.0,0.0,True,True,True
family_screen,hgb_return_absolute__0cd4f46183b9c43b__f_session_market,2024-08-28,2,9914,植松商会,-0.004587815136385891,,,True,True,True
family_screen,hgb_return_absolute__0cd4f46183b9c43b__f_session_market,2024-08-29,1,3490,アズ企画設計,0.295854816307672,1.0,3.719912472647713,True,True,True
family_screen,hgb_return_absolute__0cd4f46183b9c43b__f_session_market,2024-08-29,2,3916,デジタル・インフォメーション・テクノロジー,0.28429865767078527,0.0,-0.2745744096650182,True,True,True
family_screen,hgb_return_absolute__0cd4f46183b9c43b__f_session_market,2024-08-30,1,4936,アクシージア,0.21772790746611087,0.0,-1.730103806228378,True,True,True
family_screen,hgb_return_absolute__0cd4f46183b9c43b__f_session_market,2024-08-30,2,6182,メタリアル,0.21702389939147593,0.0,-0.3076923076923088,True,True,True
family_screen,hgb_top_quintile__6e3bda7388430756__f_session_market,2024-07-01,1,7062,フレアス,0.6608217597893838,1.0,5.516265912305518,True,True,True
family_screen,hgb_top_quintile__6e3bda7388430756__f_session_market,2024-07-01,2,6986,双葉電子⼯業,0.6586621390719506,0.0,-1.9696969696969657,True,True,True
family_screen,hgb_top_quintile__6e3bda7388430756__f_session_market,2024-07-02,1,2983,アールプランナー,0.6619576968904409,0.0,-2.4229074889867808,True,True,True
family_screen,hgb_top_quintile__6e3bda7388430756__f_session_market,2024-07-02,2,8927,明豊エンタープライズ,0.660162262052569,0.0,-1.715686274509809,True,True,True
family_screen,hgb_top_quintile__6e3bda7388430756__f_session_market,2024-07-03,1,9340,アソインターナショナル,0.6612201995877618,1.0,1.8198362147406666,True,True,True
family_screen,hgb_top_quintile__6e3bda7388430756__f_session_market,2024-07-03,2,7886,ヤマト・インダストリー,0.6603382258592929,0.0,-0.9756097560975618,True,True,True
family_screen,hgb_top_quintile__6e3bda7388430756__f_session_market,2024-07-04,1,8938,グローム・ホールディングス,0.6644367262558256,1.0,2.395964691046659,True,True,True
family_screen,hgb_top_quintile__6e3bda7388430756__f_session_market,2024-07-04,2,5337,ダントーホールディングス,0.6634523568467394,0.0,-5.710102489019031,True,True,True
family_screen,hgb_top_quintile__6e3bda7388430756__f_session_market,2024-07-05,1,5585,エコナビスタ,0.6597021499876019,0.0,-0.45824847250509615,True,True,True
family_screen,hgb_top_quintile__6e3bda7388430756__f_session_market,2024-07-05,2,6278,ユニオンツール,0.6590619736534513,1.0,1.546391752577314,True,True,True
family_screen,hgb_top_quintile__6e3bda7388430756__f_session_market,2024-07-08,1,2983,アールプランナー,0.662042021181255,0.0,-5.747126436781613,True,True,True
family_screen,hgb_top_quintile__6e3bda7388430756__f_session_market,2024-07-08,2,8938,グローム・ホールディングス,0.661576650652103,0.0,-1.538461538461533,True,True,True
family_screen,hgb_top_quintile__6e3bda7388430756__f_session_market,2024-07-09,1,9561,グラッドキューブ,0.6652631277512394,1.0,6.719367588932812,True,True,True
family_screen,hgb_top_quintile__6e3bda7388430756__f_session_market,2024-07-09,2,8708,アイザワ証券グループ,0.6643213801163409,0.0,-0.17636684303351524,True,True,True
family_screen,hgb_top_quintile__6e3bda7388430756__f_session_market,2024-07-10,1,9369,キユーソー流通システム,0.6591425580281263,0.0,-4.139784946236558,True,True,True
family_screen,hgb_top_quintile__6e3bda7388430756__f_session_market,2024-07-10,2,9927,ワットマン,0.6582040392798649,1.0,0.11312217194570096,True,True,True
family_screen,hgb_top_quintile__6e3bda7388430756__f_session_market,2024-07-11,1,4427,ＥｄｕＬａｂ,0.6622679154892446,0.0,-0.5291005291005346,True,True,True
family_screen,hgb_top_quintile__6e3bda7388430756__f_session_market,2024-07-11,2,6620,宮越ホールディングス,0.6621309675705203,1.0,1.8166089965397925,True,True,True
family_screen,hgb_top_quintile__6e3bda7388430756__f_session_market,2024-07-12,1,7695,交換できるくん,0.6651090226741943,1.0,0.33305578684430515,True,True,True
family_screen,hgb_top_quintile__6e3bda7388430756__f_session_market,2024-07-12,2,9070,トナミホールディングス,0.6622207857417317,0.0,-0.6734006734006703,True,True,True
family_screen,hgb_top_quintile__6e3bda7388430756__f_session_market,2024-07-16,1,9258,ＣＳ−Ｃ,0.6114030072098847,0.0,-6.060606060606055,True,True,True
family_screen,hgb_top_quintile__6e3bda7388430756__f_session_market,2024-07-16,2,5817,ＪＭＡＣＳ,0.6102570649822168,1.0,1.0600706713780994,True,True,True
family_screen,hgb_top_quintile__6e3bda7388430756__f_session_market,2024-07-17,1,7062,フレアス,0.6665708472727225,1.0,0.0671591672263272,True,True,True
family_screen,hgb_top_quintile__6e3bda7388430756__f_session_market,2024-07-17,2,6638,ミマキエンジニアリング,0.666543162098891,0.0,-6.595744680851068,True,True,True
family_screen,hgb_top_quintile__6e3bda7388430756__f_session_market,2024-07-18,1,4888,ステラファーマ,0.668084713296313,0.0,-0.462962962962965,True,True,True
family_screen,hgb_top_quintile__6e3bda7388430756__f_session_market,2024-07-18,2,6254,野村マイクロ・サイエンス,0.6653681706489848,0.0,-1.9035532994923887,True,True,True
family_screen,hgb_top_quintile__6e3bda7388430756__f_session_market,2024-07-19,1,1518,三井松島ホールディングス,0.6670909632799616,0.0,-2.1201413427561877,True,True,True
family_screen,hgb_top_quintile__6e3bda7388430756__f_session_market,2024-07-19,2,6777,ｓａｎｔｅｃ Ｈｏｌｄｉｎｇｓ,0.6665559722585083,1.0,0.11641443538998875,True,True,True
family_screen,hgb_top_quintile__6e3bda7388430756__f_session_market,2024-07-22,1,6574,コンヴァノ,0.6649469528568169,1.0,2.454473475851149,True,True,True
family_screen,hgb_top_quintile__6e3bda7388430756__f_session_market,2024-07-22,2,7062,フレアス,0.6646076728314189,1.0,5.361445783132535,True,True,True
family_screen,hgb_top_quintile__6e3bda7388430756__f_session_market,2024-07-23,1,6590,芝浦メカトロニクス,0.6643707548939228,0.0,-1.8930957683741645,True,True,True
family_screen,hgb_top_quintile__6e3bda7388430756__f_session_market,2024-07-23,2,3914,ＪＩＧ−ＳＡＷ,0.663720620746196,1.0,1.8181818181818077,True,True,True
family_screen,hgb_top_quintile__6e3bda7388430756__f_session_market,2024-07-24,1,5888,ＤＡＩＷＡ ＣＹＣＬＥ,0.6647350133042035,1.0,3.837091888253119,True,True,True
family_screen,hgb_top_quintile__6e3bda7388430756__f_session_market,2024-07-24,2,7062,フレアス,0.6645209360789458,1.0,0.05858230814295151,True,True,True
family_screen,hgb_top_quintile__6e3bda7388430756__f_session_market,2024-07-25,1,4419,Ｆｉｎａｔｅｘｔホールディングス,0.6650743560185276,1.0,2.48508946322068,True,True,True
family_screen,hgb_top_quintile__6e3bda7388430756__f_session_market,2024-07-25,2,6736,サン電子,0.6637326833315838,1.0,0.10362694300518616,True,True,True
family_screen,hgb_top_quintile__6e3bda7388430756__f_session_market,2024-07-26,1,2698,キャンドゥ,0.6617538816043288,0.0,-7.242990654205606,True,True,True
family_screen,hgb_top_quintile__6e3bda7388430756__f_session_market,2024-07-26,2,4375,セーフィー,0.6616815827325188,1.0,0.9162303664921545,True,True,True
family_screen,hgb_top_quintile__6e3bda7388430756__f_session_market,2024-07-29,1,2193,クックパッド,0.6674788617069096,1.0,2.4390243902439046,True,True,True
family_screen,hgb_top_quintile__6e3bda7388430756__f_session_market,2024-07-29,2,7034,プロレド・パートナーズ,0.666816976244733,1.0,3.495145631067964,True,True,True
family_screen,hgb_top_quintile__6e3bda7388430756__f_session_market,2024-07-30,1,2585,ライフドリンク カンパニー,0.6648910714404245,0.0,-1.4388489208633115,True,True,True
family_screen,hgb_top_quintile__6e3bda7388430756__f_session_market,2024-07-30,2,142A,ジンジブ,0.6622571650844563,0.0,-1.273885350318471,True,True,True
family_screen,hgb_top_quintile__6e3bda7388430756__f_session_market,2024-07-31,1,3623,ビリングシステム,0.6618386249065997,1.0,2.9006526468455363,True,True,True
family_screen,hgb_top_quintile__6e3bda7388430756__f_session_market,2024-07-31,2,9369,キユーソー流通システム,0.65970655415632,0.0,-0.7303077725612894,True,True,True
family_screen,hgb_top_quintile__6e3bda7388430756__f_session_market,2024-08-01,1,2983,アールプランナー,0.6124710265771797,0.0,-3.373015873015872,True,True,True
family_screen,hgb_top_quintile__6e3bda7388430756__f_session_market,2024-08-01,2,2216,カンロ,0.6114176859041898,0.0,-2.887700534759363,True,True,True
family_screen,hgb_top_quintile__6e3bda7388430756__f_session_market,2024-08-02,1,9369,キユーソー流通システム,0.6609970312450388,0.0,-1.5179113539769307,True,True,True
family_screen,hgb_top_quintile__6e3bda7388430756__f_session_market,2024-08-02,2,6194,アトラエ,0.6579455571106817,1.0,0.5056890012642201,True,True,True
family_screen,hgb_top_quintile__6e3bda7388430756__f_session_market,2024-08-05,1,6194,アトラエ,0.6595585370368318,0.0,-5.135135135135139,True,True,True
family_screen,hgb_top_quintile__6e3bda7388430756__f_session_market,2024-08-05,2,176A,レジル,0.6587328091011373,0.0,-4.761904761904767,True,True,True
family_screen,hgb_top_quintile__6e3bda7388430756__f_session_market,2024-08-06,1,7581,サイゼリヤ,0.6047171765988397,0.0,-11.228070175438598,True,True,True
family_screen,hgb_top_quintile__6e3bda7388430756__f_session_market,2024-08-06,2,9889,ＪＢＣＣホールディングス,0.601823787160677,0.0,-1.025641025641022,True,True,True
family_screen,hgb_top_quintile__6e3bda7388430756__f_session_market,2024-08-07,1,6915,千代⽥インテグレ,0.589532693523606,1.0,1.1666666666666714,True,True,True
family_screen,hgb_top_quintile__6e3bda7388430756__f_session_market,2024-08-07,2,3659,ネクソン,0.5838377835903547,0.0,-0.1325381047051044,True,True,True
family_screen,hgb_top_quintile__6e3bda7388430756__f_session_market,2024-08-08,1,9996,サトー商会,0.5872276474008136,1.0,2.421307506053272,True,True,True
family_screen,hgb_top_quintile__6e3bda7388430756__f_session_market,2024-08-08,2,3836,アバントグループ,0.5814301655572538,1.0,2.8518288902665834,True,True,True
family_screen,hgb_top_quintile__6e3bda7388430756__f_session_market,2024-08-09,1,3836,アバントグループ,0.607741248518723,1.0,1.2374779021803173,True,True,True
family_screen,hgb_top_quintile__6e3bda7388430756__f_session_market,2024-08-09,2,7606,ユナイテッドアローズ,0.5913151046570652,0.0,-2.0554493307839428,True,True,True
family_screen,hgb_top_quintile__6e3bda7388430756__f_session_market,2024-08-13,1,4193,ファブリカホールディングス,0.5973619320190133,0.0,-2.8523489932885893,True,True,True
family_screen,hgb_top_quintile__6e3bda7388430756__f_session_market,2024-08-13,2,3529,アツギ,0.586705026346377,0.0,-0.9962640099626441,True,True,True
family_screen,hgb_top_quintile__6e3bda7388430756__f_session_market,2024-08-14,1,2749,ＪＰホールディングス,0.5714189642530262,1.0,2.0304568527918843,True,True,True
family_screen,hgb_top_quintile__6e3bda7388430756__f_session_market,2024-08-14,2,3529,アツギ,0.5703507217796326,0.0,-4.114713216957611,True,True,True
family_screen,hgb_top_quintile__6e3bda7388430756__f_session_market,2024-08-15,1,9160,ノバレーゼ,0.5821611107585521,0.0,0.0,True,True,True
family_screen,hgb_top_quintile__6e3bda7388430756__f_session_market,2024-08-15,2,6736,サン電子,0.5810037289865194,1.0,4.251386321626627,True,True,True
family_screen,hgb_top_quintile__6e3bda7388430756__f_session_market,2024-08-16,1,3261,グランディーズ,0.5937822021070204,1.0,4.954128440366978,True,True,True
family_screen,hgb_top_quintile__6e3bda7388430756__f_session_market,2024-08-16,2,7036,イーエムネットジャパン,0.5909850659610713,1.0,2.643171806167399,True,True,True
family_screen,hgb_top_quintile__6e3bda7388430756__f_session_market,2024-08-19,1,4816,東映アニメーション,0.5711112719072242,0.0,-0.7820469228153715,True,True,True
family_screen,hgb_top_quintile__6e3bda7388430756__f_session_market,2024-08-19,2,2749,ＪＰホールディングス,0.5693689523157395,0.0,-0.7552870090634434,True,True,True
family_screen,hgb_top_quintile__6e3bda7388430756__f_session_market,2024-08-20,1,6279,瑞光,0.5887666912717733,0.0,-3.498293515358364,True,True,True
family_screen,hgb_top_quintile__6e3bda7388430756__f_session_market,2024-08-20,2,3865,北越コーポレーション,0.5827696216248248,1.0,7.167235494880542,True,True,True
family_screen,hgb_top_quintile__6e3bda7388430756__f_session_market,2024-08-21,1,2726,パルグループホールディングス,0.5970933023084891,0.0,-0.6796556411418186,True,True,True
family_screen,hgb_top_quintile__6e3bda7388430756__f_session_market,2024-08-21,2,3865,北越コーポレーション,0.5923627010193869,0.0,-1.276324186343336,True,True,True
family_screen,hgb_top_quintile__6e3bda7388430756__f_session_market,2024-08-22,1,8511,日本証券金融,0.5747915131431162,1.0,0.2005012531328232,True,True,True
family_screen,hgb_top_quintile__6e3bda7388430756__f_session_market,2024-08-22,2,9024,⻄武ホールディングス,0.5740628912392194,0.0,-1.6278662699107271,True,True,True
family_screen,hgb_top_quintile__6e3bda7388430756__f_session_market,2024-08-23,1,3064,ＭｏｎｏｔａＲＯ,0.5944284979810714,0.0,-2.007108509303779,True,True,True
family_screen,hgb_top_quintile__6e3bda7388430756__f_session_market,2024-08-23,2,6734,ニューテック,0.589078369678673,1.0,0.29940119760478723,True,True,True
family_screen,hgb_top_quintile__6e3bda7388430756__f_session_market,2024-08-26,1,1921,巴コーポレーション,0.6029188420558336,0.0,-1.2269938650306789,True,True,True
family_screen,hgb_top_quintile__6e3bda7388430756__f_session_market,2024-08-26,2,4015,ペイクラウドホールディングス,0.6012381783067771,0.0,-0.1524390243902385,True,True,True
family_screen,hgb_top_quintile__6e3bda7388430756__f_session_market,2024-08-27,1,6445,ジャノメ,0.6556091293897777,0.0,-0.7177033492822948,True,True,True
family_screen,hgb_top_quintile__6e3bda7388430756__f_session_market,2024-08-27,2,2901,ウェルディッシュ,0.6463745605486357,1.0,1.3745704467353903,True,True,True
family_screen,hgb_top_quintile__6e3bda7388430756__f_session_market,2024-08-28,1,2901,ウェルディッシュ,0.6560216325623073,1.0,4.318936877076407,True,True,True
family_screen,hgb_top_quintile__6e3bda7388430756__f_session_market,2024-08-28,2,2938,オカムラ食品⼯業,0.6552146262723868,0.0,-0.2366863905325478,True,True,True
family_screen,hgb_top_quintile__6e3bda7388430756__f_session_market,2024-08-29,1,6580,ライトアップ,0.6687645274272734,0.0,-0.2887391722810384,True,True,True
family_screen,hgb_top_quintile__6e3bda7388430756__f_session_market,2024-08-29,2,3850,エヌ・ティ・ティ・データ・イントラマート,0.667478932134224,0.0,0.0,True,True,True
family_screen,hgb_top_quintile__6e3bda7388430756__f_session_market,2024-08-30,1,6561,ＨＡＮＡＴＯＵＲ ＪＡＰＡＮ,0.6618817616011456,1.0,0.27100271002709064,True,True,True
family_screen,hgb_top_quintile__6e3bda7388430756__f_session_market,2024-08-30,2,6324,ハーモニック・ドライブ・システムズ,0.6617348845402591,1.0,6.382978723404253,True,True,True
family_screen,hgb_rank_percentile__2e405f38121a2377__f_session_market,2024-07-01,1,3148,クリエイトＳＤホールディングス,0.1126665730413126,0.0,-1.2430939226519389,True,True,True
family_screen,hgb_rank_percentile__2e405f38121a2377__f_session_market,2024-07-01,2,3974,ＳＣＡＴ,0.11053872842216468,1.0,1.2474012474012364,True,True,True
family_screen,hgb_rank_percentile__2e405f38121a2377__f_session_market,2024-07-02,1,9249,日本エコシステム,0.1223258402165645,0.0,0.0,True,True,True
family_screen,hgb_rank_percentile__2e405f38121a2377__f_session_market,2024-07-02,2,8060,キヤノンマーケティングジャパン,0.11677006461333386,1.0,1.0444444444444478,True,True,True
family_screen,hgb_rank_percentile__2e405f38121a2377__f_session_market,2024-07-03,1,7634,星医療酸器,0.08557552696580151,0.0,0.0,True,True,True
family_screen,hgb_rank_percentile__2e405f38121a2377__f_session_market,2024-07-03,2,3768,リスクモンスター,0.08507914488508168,0.0,-0.195694716242667,True,True,True
family_screen,hgb_rank_percentile__2e405f38121a2377__f_session_market,2024-07-04,1,6632,ＪＶＣケンウッド,0.09717285387922343,0.0,-1.5873015873015928,True,True,True
family_screen,hgb_rank_percentile__2e405f38121a2377__f_session_market,2024-07-04,2,7676,グッドスピード,0.09495497330644216,0.0,-0.8130081300813052,True,True,True
family_screen,hgb_rank_percentile__2e405f38121a2377__f_session_market,2024-07-05,1,2790,ナフコ,0.09892783747077229,1.0,0.0678656260604038,True,True,True
family_screen,hgb_rank_percentile__2e405f38121a2377__f_session_market,2024-07-05,2,4381,ビープラッツ,0.09868641018378135,0.0,-0.5144032921810648,True,True,True
family_screen,hgb_rank_percentile__2e405f38121a2377__f_session_market,2024-07-08,1,6877,ＯＢＡＲＡ ＧＲＯＵＰ,0.11687701999763893,0.0,-0.23809523809523725,True,True,True
family_screen,hgb_rank_percentile__2e405f38121a2377__f_session_market,2024-07-08,2,2109,ＤＭ三井製糖ホールディングス,0.1165755742629551,1.0,0.8658008658008587,True,True,True
family_screen,hgb_rank_percentile__2e405f38121a2377__f_session_market,2024-07-09,1,6250,やまびこ,0.10520008099416407,1.0,0.8478357875948195,True,True,True
family_screen,hgb_rank_percentile__2e405f38121a2377__f_session_market,2024-07-09,2,9308,乾汽船,0.09881863793825384,0.0,-0.6734006734006703,True,True,True
family_screen,hgb_rank_percentile__2e405f38121a2377__f_session_market,2024-07-10,1,3333,あさひ,0.1036656106035988,1.0,0.26755852842810235,True,True,True
family_screen,hgb_rank_percentile__2e405f38121a2377__f_session_market,2024-07-10,2,2778,パレモ・ホールディングス,0.10304825525829654,1.0,0.6134969325153339,True,True,True
family_screen,hgb_rank_percentile__2e405f38121a2377__f_session_market,2024-07-11,1,2978,ツクルバ,0.09748860169577815,0.0,-3.0612244897959218,True,True,True
family_screen,hgb_rank_percentile__2e405f38121a2377__f_session_market,2024-07-11,2,3107,ダイワボウホールディングス,0.09635582590966106,1.0,0.1017984390905946,True,True,True
family_screen,hgb_rank_percentile__2e405f38121a2377__f_session_market,2024-07-12,1,9340,アソインターナショナル,0.09009176558042732,1.0,1.9230769230769162,True,True,True
family_screen,hgb_rank_percentile__2e405f38121a2377__f_session_market,2024-07-12,2,4194,ビジョナル,0.08769645604516776,1.0,0.5154639175257714,True,True,True
family_screen,hgb_rank_percentile__2e405f38121a2377__f_session_market,2024-07-16,1,2480,システム・ロケーション,0.1530662333725655,0.0,0.0,True,True,True
family_screen,hgb_rank_percentile__2e405f38121a2377__f_session_market,2024-07-16,2,3293,アズマハウス,0.15084232626742636,0.0,0.0,True,True,True
family_screen,hgb_rank_percentile__2e405f38121a2377__f_session_market,2024-07-17,1,9340,アソインターナショナル,0.09739356774479827,1.0,1.098901098901095,True,True,True
family_screen,hgb_rank_percentile__2e405f38121a2377__f_session_market,2024-07-17,2,9173,東海汽船,0.09140396480842275,0.0,-0.07733952049496784,True,True,True
family_screen,hgb_rank_percentile__2e405f38121a2377__f_session_market,2024-07-18,1,7734,理研計器,0.10038911548150178,0.0,-0.965018094089265,True,True,True
family_screen,hgb_rank_percentile__2e405f38121a2377__f_session_market,2024-07-18,2,6762,ＴＤＫ,0.09740470944728559,1.0,1.7619047619047645,True,True,True
family_screen,hgb_rank_percentile__2e405f38121a2377__f_session_market,2024-07-19,1,6235,オプトラン,0.10216328084827135,1.0,0.8832188420019538,True,True,True
family_screen,hgb_rank_percentile__2e405f38121a2377__f_session_market,2024-07-19,2,6150,タケダ機械,0.1007373505466837,0.0,-5.230769230769228,True,True,True
family_screen,hgb_rank_percentile__2e405f38121a2377__f_session_market,2024-07-22,1,4307,野村総合研究所,0.10262745842003416,0.0,-0.9679500967950116,True,True,True
family_screen,hgb_rank_percentile__2e405f38121a2377__f_session_market,2024-07-22,2,3092,ＺＯＺＯ,0.09844945050111034,0.0,-0.7189239332096475,True,True,True
family_screen,hgb_rank_percentile__2e405f38121a2377__f_session_market,2024-07-23,1,3099,三越伊勢丹ホールディングス,0.0893455039052487,0.0,-1.863164324984723,True,True,True
family_screen,hgb_rank_percentile__2e405f38121a2377__f_session_market,2024-07-23,2,6723,ルネサスエレクトロニクス,0.08831884028011075,0.0,-2.2402597402597424,True,True,True
family_screen,hgb_rank_percentile__2e405f38121a2377__f_session_market,2024-07-24,1,6098,リクルートホールディングス,0.10177279086818256,1.0,0.3368137420006745,True,True,True
family_screen,hgb_rank_percentile__2e405f38121a2377__f_session_market,2024-07-24,2,4099,四国化成ホールディングス,0.09910803967135919,0.0,0.0,True,True,True
family_screen,hgb_rank_percentile__2e405f38121a2377__f_session_market,2024-07-25,1,7011,三菱重⼯業,0.13209134547503995,0.0,-2.5820937412292966,True,True,True
family_screen,hgb_rank_percentile__2e405f38121a2377__f_session_market,2024-07-25,2,2780,コメ兵ホールディングス,0.13109362661191165,0.0,-2.765486725663713,True,True,True
family_screen,hgb_rank_percentile__2e405f38121a2377__f_session_market,2024-07-26,1,8012,⻑瀬産業,0.11800537383520475,1.0,0.28230865746550204,True,True,True
family_screen,hgb_rank_percentile__2e405f38121a2377__f_session_market,2024-07-26,2,1878,大東建託,0.11208775469671212,1.0,0.05884083553986397,True,True,True
family_screen,hgb_rank_percentile__2e405f38121a2377__f_session_market,2024-07-29,1,7731,ニコン,0.10166018469392916,1.0,0.7385524372230501,True,True,True
family_screen,hgb_rank_percentile__2e405f38121a2377__f_session_market,2024-07-29,2,6199,セラク,0.09614193674340335,0.0,-0.5830903790087438,True,True,True
family_screen,hgb_rank_percentile__2e405f38121a2377__f_session_market,2024-07-30,1,6038,イード,0.08792755656478585,0.0,0.0,True,True,True
family_screen,hgb_rank_percentile__2e405f38121a2377__f_session_market,2024-07-30,2,7444,ハリマ共和物産,0.0854017404556794,0.0,-1.2875536480686733,True,True,True
family_screen,hgb_rank_percentile__2e405f38121a2377__f_session_market,2024-07-31,1,6741,日本信号,0.11345201811909553,1.0,2.634146341463417,True,True,True
family_screen,hgb_rank_percentile__2e405f38121a2377__f_session_market,2024-07-31,2,2296,伊藤ハム米久ホールディングス,0.11092275998840986,1.0,1.832760595647187,True,True,True
family_screen,hgb_rank_percentile__2e405f38121a2377__f_session_market,2024-08-01,1,3768,リスクモンスター,0.13103403453196139,0.0,-2.1568627450980427,True,True,True
family_screen,hgb_rank_percentile__2e405f38121a2377__f_session_market,2024-08-01,2,2795,日本プリメックス,0.12876643783192307,0.0,-1.2401352874859106,True,True,True
family_screen,hgb_rank_percentile__2e405f38121a2377__f_session_market,2024-08-02,1,5028,セカンドサイトアナリティカ,0.12362275870739335,0.0,-8.312342569269527,True,True,True
family_screen,hgb_rank_percentile__2e405f38121a2377__f_session_market,2024-08-02,2,6879,ＩＭＡＧＩＣＡ ＧＲＯＵＰ,0.12206448462802523,0.0,-6.183368869936034,True,True,True
family_screen,hgb_rank_percentile__2e405f38121a2377__f_session_market,2024-08-05,1,4479,マクアケ,0.11930763406097003,0.0,-12.393162393162394,True,True,True
family_screen,hgb_rank_percentile__2e405f38121a2377__f_session_market,2024-08-05,2,6373,大同⼯業,0.11909290109879961,0.0,-8.21192052980132,True,True,True
family_screen,hgb_rank_percentile__2e405f38121a2377__f_session_market,2024-08-06,1,3286,トラストホールディングス,0.09283456451907804,1.0,8.814102564102555,True,True,True
family_screen,hgb_rank_percentile__2e405f38121a2377__f_session_market,2024-08-06,2,9244,デジタリフト,0.09129168409775656,1.0,2.564102564102555,True,True,True
family_screen,hgb_rank_percentile__2e405f38121a2377__f_session_market,2024-08-07,1,9996,サトー商会,0.1315941067186542,1.0,2.60869565217392,True,True,True
family_screen,hgb_rank_percentile__2e405f38121a2377__f_session_market,2024-08-07,2,8935,ＦＪネクストホールディングス,0.10963932247905256,0.0,-1.0582010582010581,True,True,True
family_screen,hgb_rank_percentile__2e405f38121a2377__f_session_market,2024-08-08,1,3045,カワサキ,0.11186944364576676,1.0,0.6399999999999961,True,True,True
family_screen,hgb_rank_percentile__2e405f38121a2377__f_session_market,2024-08-08,2,2806,ユタカフーズ,0.10507291590686005,0.0,0.0,True,True,True
family_screen,hgb_rank_percentile__2e405f38121a2377__f_session_market,2024-08-09,1,6381,アネスト岩⽥,0.10219439968277566,1.0,0.38580246913579863,True,True,True
family_screen,hgb_rank_percentile__2e405f38121a2377__f_session_market,2024-08-09,2,7472,鳥羽洋行,0.10189610016066991,0.0,0.0,True,True,True
family_screen,hgb_rank_percentile__2e405f38121a2377__f_session_market,2024-08-13,1,2795,日本プリメックス,0.09159000089767817,1.0,1.1029411764705843,True,True,True
family_screen,hgb_rank_percentile__2e405f38121a2377__f_session_market,2024-08-13,2,3908,コラボス,0.0913933037095371,1.0,2.3569023569023573,True,True,True
family_screen,hgb_rank_percentile__2e405f38121a2377__f_session_market,2024-08-14,1,4215,タキロンシーアイ,0.12212323248593225,0.0,0.0,True,True,True
family_screen,hgb_rank_percentile__2e405f38121a2377__f_session_market,2024-08-14,2,6662,ユビテック,0.12168656520608957,1.0,0.44642857142858094,True,True,True
family_screen,hgb_rank_percentile__2e405f38121a2377__f_session_market,2024-08-15,1,6198,キャリア,0.09767327489976234,1.0,2.1857923497267784,True,True,True
family_screen,hgb_rank_percentile__2e405f38121a2377__f_session_market,2024-08-15,2,4215,タキロンシーアイ,0.08887431229249892,0.0,0.0,True,True,True
family_screen,hgb_rank_percentile__2e405f38121a2377__f_session_market,2024-08-16,1,7621,うかい,0.09899421832782691,0.0,-0.12658227848101333,True,True,True
family_screen,hgb_rank_percentile__2e405f38121a2377__f_session_market,2024-08-16,2,6960,フクダ電子,0.0976320965972013,0.0,0.0,True,True,True
family_screen,hgb_rank_percentile__2e405f38121a2377__f_session_market,2024-08-19,1,6543,日宣,0.10396379679277658,1.0,0.1481481481481417,True,True,True
family_screen,hgb_rank_percentile__2e405f38121a2377__f_session_market,2024-08-19,2,7621,うかい,0.09970023933077508,1.0,0.6337135614702172,True,True,True
family_screen,hgb_rank_percentile__2e405f38121a2377__f_session_market,2024-08-20,1,5019,出光興産,0.08164407749115596,1.0,0.27881040892192566,True,True,True
family_screen,hgb_rank_percentile__2e405f38121a2377__f_session_market,2024-08-20,2,7965,象印マホービン,0.08163402840056534,1.0,1.08108108108107,True,True,True
family_screen,hgb_rank_percentile__2e405f38121a2377__f_session_market,2024-08-21,1,6662,ユビテック,0.09941051980512178,1.0,0.4405286343612369,True,True,True
family_screen,hgb_rank_percentile__2e405f38121a2377__f_session_market,2024-08-21,2,7769,リズム,0.0945546733092084,1.0,0.256081946222797,True,True,True
family_screen,hgb_rank_percentile__2e405f38121a2377__f_session_market,2024-08-22,1,5905,日本製罐,0.11162156346548202,1.0,3.3333333333333437,True,True,True
family_screen,hgb_rank_percentile__2e405f38121a2377__f_session_market,2024-08-22,2,7837,アールシーコア,0.104305418518504,1.0,0.4282655246252709,True,True,True
family_screen,hgb_rank_percentile__2e405f38121a2377__f_session_market,2024-08-23,1,6342,太平製作所,0.10077073929755948,0.0,0.0,True,True,True
family_screen,hgb_rank_percentile__2e405f38121a2377__f_session_market,2024-08-23,2,1934,ユアテック,0.09859454471667328,1.0,0.7092198581560183,True,True,True
family_screen,hgb_rank_percentile__2e405f38121a2377__f_session_market,2024-08-26,1,4979,ＯＡＴアグリオ,0.11259924968673374,1.0,1.0526315789473717,True,True,True
family_screen,hgb_rank_percentile__2e405f38121a2377__f_session_market,2024-08-26,2,6334,明治機械,0.10223216552743437,1.0,2.034883720930236,True,True,True
family_screen,hgb_rank_percentile__2e405f38121a2377__f_session_market,2024-08-27,1,6342,太平製作所,0.11103790647925071,0.0,-0.6779661016949157,True,True,True
family_screen,hgb_rank_percentile__2e405f38121a2377__f_session_market,2024-08-27,2,9914,植松商会,0.1039296653442954,,,True,True,True
family_screen,hgb_rank_percentile__2e405f38121a2377__f_session_market,2024-08-28,1,7621,うかい,0.11112545276995103,1.0,0.12771392081736277,True,True,True
family_screen,hgb_rank_percentile__2e405f38121a2377__f_session_market,2024-08-28,2,7043,アルー,0.11083242868807978,0.0,-0.37974683544304,True,True,True
family_screen,hgb_rank_percentile__2e405f38121a2377__f_session_market,2024-08-29,1,4496,コマースＯｎｅホールディングス,0.10199552707805752,0.0,-0.5312084993359889,True,True,True
family_screen,hgb_rank_percentile__2e405f38121a2377__f_session_market,2024-08-29,2,4439,東名,0.09828447389296165,0.0,-0.7230657989877098,True,True,True
family_screen,hgb_rank_percentile__2e405f38121a2377__f_session_market,2024-08-30,1,8871,ゴールドクレスト,0.1136155456472952,1.0,4.248482684755439,True,True,True
family_screen,hgb_rank_percentile__2e405f38121a2377__f_session_market,2024-08-30,2,6334,明治機械,0.10921679521290138,0.0,0.0,True,True,True
family_screen,extra_trees_return__1ed421003b1be74d__f_session_market,2024-07-01,1,2901,ウェルディッシュ,0.08566164130998322,1.0,1.6042780748663166,True,True,True
family_screen,extra_trees_return__1ed421003b1be74d__f_session_market,2024-07-01,2,4012,アクシス,0.0852668474015785,0.0,-0.9641873278236957,True,True,True
family_screen,extra_trees_return__1ed421003b1be74d__f_session_market,2024-07-02,1,3484,テンポイノベーション,-0.047343711761146545,0.0,0.0,True,True,True
family_screen,extra_trees_return__1ed421003b1be74d__f_session_market,2024-07-02,2,4801,セントラルスポーツ,-0.05093859617374027,0.0,-0.07867820613689513,True,True,True
family_screen,extra_trees_return__1ed421003b1be74d__f_session_market,2024-07-03,1,1377,サカタのタネ,-0.027361388166302035,1.0,0.14450867052022698,True,True,True
family_screen,extra_trees_return__1ed421003b1be74d__f_session_market,2024-07-03,2,9656,グリーンランドリゾート,-0.027978357545086013,0.0,-0.29239766081871066,True,True,True
family_screen,extra_trees_return__1ed421003b1be74d__f_session_market,2024-07-04,1,168A,イタミアート,0.05783915051158049,0.0,-1.8659295093296446,True,True,True
family_screen,extra_trees_return__1ed421003b1be74d__f_session_market,2024-07-04,2,4059,まぐまぐ,0.036327402394466,1.0,0.6578947368421018,True,True,True
family_screen,extra_trees_return__1ed421003b1be74d__f_session_market,2024-07-05,1,7490,日新商事,-0.04923682069187979,0.0,-0.11001100110010764,True,True,True
family_screen,extra_trees_return__1ed421003b1be74d__f_session_market,2024-07-05,2,5753,日本伸銅,-0.0495645601619411,1.0,0.3031834259727084,True,True,True
family_screen,extra_trees_return__1ed421003b1be74d__f_session_market,2024-07-08,1,6161,エスティック,-0.05538731667101624,1.0,0.09718172983479434,True,True,True
family_screen,extra_trees_return__1ed421003b1be74d__f_session_market,2024-07-08,2,4410,ハリマ化成グループ,-0.05632343041099244,1.0,0.5302226935312904,True,True,True
family_screen,extra_trees_return__1ed421003b1be74d__f_session_market,2024-07-09,1,173A,ハンモック,0.20318298473346452,0.0,-1.9466474405191114,True,True,True
family_screen,extra_trees_return__1ed421003b1be74d__f_session_market,2024-07-09,2,7128,フルサト・マルカホールディングス,0.18510689978471953,1.0,0.9713024282560712,True,True,True
family_screen,extra_trees_return__1ed421003b1be74d__f_session_market,2024-07-10,1,1758,太洋基礎⼯業,-0.05589854369556891,0.0,-0.45941807044410643,True,True,True
family_screen,extra_trees_return__1ed421003b1be74d__f_session_market,2024-07-10,2,7079,ＷＤＢココ,-0.05993201764709279,0.0,0.0,True,True,True
family_screen,extra_trees_return__1ed421003b1be74d__f_session_market,2024-07-11,1,6262,ＰＥＧＡＳＵＳ,0.17884893021627352,0.0,-0.33670033670033517,True,True,True
family_screen,extra_trees_return__1ed421003b1be74d__f_session_market,2024-07-11,2,9130,共栄タンカー,0.17547076221889427,1.0,0.1558846453624252,True,True,True
family_screen,extra_trees_return__1ed421003b1be74d__f_session_market,2024-07-12,1,6736,サン電子,0.02398632161869616,1.0,2.499999999999991,True,True,True
family_screen,extra_trees_return__1ed421003b1be74d__f_session_market,2024-07-12,2,6533,Ｏｒｃｈｅｓｔｒａ Ｈｏｌｄｉｎｇｓ,0.022448029768968352,1.0,7.784431137724557,True,True,True
family_screen,extra_trees_return__1ed421003b1be74d__f_session_market,2024-07-16,1,9083,神姫バス,-0.4014461245319116,1.0,0.1443001443001357,True,True,True
family_screen,extra_trees_return__1ed421003b1be74d__f_session_market,2024-07-16,2,7129,ミアヘルサホールディングス,-0.40207245091582705,0.0,-0.4184100418409997,True,True,True
family_screen,extra_trees_return__1ed421003b1be74d__f_session_market,2024-07-17,1,5032,ＡＮＹＣＯＬＯＲ,0.0680944840088965,1.0,1.2573673870333923,True,True,True
family_screen,extra_trees_return__1ed421003b1be74d__f_session_market,2024-07-17,2,4420,イーソル,0.06779536237041867,0.0,-0.5235602094240788,True,True,True
family_screen,extra_trees_return__1ed421003b1be74d__f_session_market,2024-07-18,1,3778,さくらインターネット,0.07401900452443744,0.0,-1.1688311688311637,True,True,True
family_screen,extra_trees_return__1ed421003b1be74d__f_session_market,2024-07-18,2,4040,南海化学,0.07316513239871647,0.0,-1.851851851851849,True,True,True
family_screen,extra_trees_return__1ed421003b1be74d__f_session_market,2024-07-19,1,9337,トリドリ,0.08845098505338089,1.0,2.3323615160349753,True,True,True
family_screen,extra_trees_return__1ed421003b1be74d__f_session_market,2024-07-19,2,6736,サン電子,0.08332862280357864,1.0,8.111111111111114,True,True,True
family_screen,extra_trees_return__1ed421003b1be74d__f_session_market,2024-07-22,1,5384,フジミインコーポレーテッド,0.1507180092393414,0.0,-0.49099836333879043,True,True,True
family_screen,extra_trees_return__1ed421003b1be74d__f_session_market,2024-07-22,2,5985,サンコール,0.14792870056896149,0.0,-2.083333333333337,True,True,True
family_screen,extra_trees_return__1ed421003b1be74d__f_session_market,2024-07-23,1,7886,ヤマト・インダストリー,0.1152036658853233,1.0,1.7977528089887729,True,True,True
family_screen,extra_trees_return__1ed421003b1be74d__f_session_market,2024-07-23,2,3649,ファインデックス,0.1144914441018829,0.0,-1.4967259120673537,True,True,True
family_screen,extra_trees_return__1ed421003b1be74d__f_session_market,2024-07-24,1,9558,ジャパニアス,0.07674857631788927,0.0,-0.7201152184349469,True,True,True
family_screen,extra_trees_return__1ed421003b1be74d__f_session_market,2024-07-24,2,8142,トーホー,0.0760264690630334,0.0,-2.13089802130898,True,True,True
family_screen,extra_trees_return__1ed421003b1be74d__f_session_market,2024-07-25,1,2477,手間いらず,0.7733338162351086,0.0,-0.98314606741573,True,True,True
family_screen,extra_trees_return__1ed421003b1be74d__f_session_market,2024-07-25,2,4442,バルテス・ホールディングス,0.7475548861162453,1.0,0.9225092250922495,True,True,True
family_screen,extra_trees_return__1ed421003b1be74d__f_session_market,2024-07-26,1,6540,船場,0.0725791687544543,1.0,1.3364779874213806,True,True,True
family_screen,extra_trees_return__1ed421003b1be74d__f_session_market,2024-07-26,2,3834,朝日ネット,0.06830387176336353,0.0,-0.15174506828528056,True,True,True
family_screen,extra_trees_return__1ed421003b1be74d__f_session_market,2024-07-29,1,4005,住友化学,0.08668805150669927,1.0,0.6130063965885002,True,True,True
family_screen,extra_trees_return__1ed421003b1be74d__f_session_market,2024-07-29,2,6538,キャリアインデックス,0.08545774793988177,1.0,1.025641025641022,True,True,True
family_screen,extra_trees_return__1ed421003b1be74d__f_session_market,2024-07-30,1,3494,マリオン,0.23237950830134807,0.0,-0.5464480874316946,True,True,True
family_screen,extra_trees_return__1ed421003b1be74d__f_session_market,2024-07-30,2,9250,ＧＲＣＳ,0.21841980098860875,1.0,1.538461538461533,True,True,True
family_screen,extra_trees_return__1ed421003b1be74d__f_session_market,2024-07-31,1,9347,日本管財ホールディングス,-0.05124185939677045,1.0,2.0325203252032464,True,True,True
family_screen,extra_trees_return__1ed421003b1be74d__f_session_market,2024-07-31,2,6402,兼松エンジニアリング,-0.056799149090680526,0.0,0.0,True,True,True
family_screen,extra_trees_return__1ed421003b1be74d__f_session_market,2024-08-01,1,4224,ロンシール⼯業,-0.15375646284665517,0.0,-1.4075887392900888,True,True,True
family_screen,extra_trees_return__1ed421003b1be74d__f_session_market,2024-08-01,2,9955,ヨンキュウ,-0.16471601369571004,0.0,-0.5877034358046984,True,True,True
family_screen,extra_trees_return__1ed421003b1be74d__f_session_market,2024-08-02,1,5578,ＡＲアドバンストテクノロジ,1.0404307867875147,0.0,-6.234567901234566,True,True,True
family_screen,extra_trees_return__1ed421003b1be74d__f_session_market,2024-08-02,2,4264,セキュア,1.017775571725752,0.0,-0.12368583797155441,True,True,True
family_screen,extra_trees_return__1ed421003b1be74d__f_session_market,2024-08-05,1,5998,アドバネクス,1.0322049637520188,0.0,-13.793103448275868,True,True,True
family_screen,extra_trees_return__1ed421003b1be74d__f_session_market,2024-08-05,2,4388,エーアイ,0.9738509051257721,0.0,-8.681135225375625,True,True,True
family_screen,extra_trees_return__1ed421003b1be74d__f_session_market,2024-08-06,1,3985,テモナ,0.8947791833816442,0.0,-4.117647058823525,True,True,True
family_screen,extra_trees_return__1ed421003b1be74d__f_session_market,2024-08-06,2,9514,エフオン,0.8553413143507184,0.0,-2.7027027027026973,True,True,True
family_screen,extra_trees_return__1ed421003b1be74d__f_session_market,2024-08-07,1,5982,マルゼン,-0.18943191898817846,1.0,1.4176663031624903,True,True,True
family_screen,extra_trees_return__1ed421003b1be74d__f_session_market,2024-08-07,2,3045,カワサキ,-0.19136201488231183,1.0,0.16326530612245094,True,True,True
family_screen,extra_trees_return__1ed421003b1be74d__f_session_market,2024-08-08,1,6342,太平製作所,-0.21469577293299866,0.0,-0.035727045373346034,True,True,True
family_screen,extra_trees_return__1ed421003b1be74d__f_session_market,2024-08-08,2,3045,カワサキ,-0.2166591278628139,1.0,0.6399999999999961,True,True,True
family_screen,extra_trees_return__1ed421003b1be74d__f_session_market,2024-08-09,1,7863,平賀,-0.14651570158072805,0.0,0.0,True,True,True
family_screen,extra_trees_return__1ed421003b1be74d__f_session_market,2024-08-09,2,9927,ワットマン,-0.15722490542836387,0.0,-6.589595375722546,True,True,True
family_screen,extra_trees_return__1ed421003b1be74d__f_session_market,2024-08-13,1,6870,日本フェンオール,0.011410373927974235,1.0,0.35460992907800915,True,True,True
family_screen,extra_trees_return__1ed421003b1be74d__f_session_market,2024-08-13,2,6402,兼松エンジニアリング,0.007369758556341909,0.0,-0.37878787878787845,True,True,True
family_screen,extra_trees_return__1ed421003b1be74d__f_session_market,2024-08-14,1,2372,アイロムグループ,-0.1719597946340785,1.0,0.10822510822510178,True,True,True
family_screen,extra_trees_return__1ed421003b1be74d__f_session_market,2024-08-14,2,9055,アルプス物流,-0.17882019648391778,0.0,-0.17331022530329143,True,True,True
family_screen,extra_trees_return__1ed421003b1be74d__f_session_market,2024-08-15,1,3907,シリコンスタジオ,0.12540721909517138,1.0,2.0987654320987703,True,True,True
family_screen,extra_trees_return__1ed421003b1be74d__f_session_market,2024-08-15,2,7769,リズム,0.11012574417231509,1.0,1.2722646310432628,True,True,True
family_screen,extra_trees_return__1ed421003b1be74d__f_session_market,2024-08-16,1,4215,タキロンシーアイ,-0.006062646417842083,0.0,0.0,True,True,True
family_screen,extra_trees_return__1ed421003b1be74d__f_session_market,2024-08-16,2,6662,ユビテック,-0.012101175947625926,1.0,0.8810572687224738,True,True,True
family_screen,extra_trees_return__1ed421003b1be74d__f_session_market,2024-08-19,1,9996,サトー商会,-0.031568227361464266,0.0,0.0,True,True,True
family_screen,extra_trees_return__1ed421003b1be74d__f_session_market,2024-08-19,2,2152,幼児活動研究会,-0.03971970011301037,1.0,0.31372549019608176,True,True,True
family_screen,extra_trees_return__1ed421003b1be74d__f_session_market,2024-08-20,1,7871,フクビ化学⼯業,0.26774997228904457,1.0,0.2680965147453085,True,True,True
family_screen,extra_trees_return__1ed421003b1be74d__f_session_market,2024-08-20,2,6994,指月電機製作所,0.26532343626677174,1.0,0.25062656641603454,True,True,True
family_screen,extra_trees_return__1ed421003b1be74d__f_session_market,2024-08-21,1,4356,応用技術,0.18745414570189262,0.0,-1.0578718108276264,True,True,True
family_screen,extra_trees_return__1ed421003b1be74d__f_session_market,2024-08-21,2,3770,ザッパラス,0.1773855228164898,0.0,0.0,True,True,True
family_screen,extra_trees_return__1ed421003b1be74d__f_session_market,2024-08-22,1,8871,ゴールドクレスト,0.019108419282289724,1.0,0.976971388695036,True,True,True
family_screen,extra_trees_return__1ed421003b1be74d__f_session_market,2024-08-22,2,5905,日本製罐,0.012526377337495172,1.0,3.3333333333333437,True,True,True
family_screen,extra_trees_return__1ed421003b1be74d__f_session_market,2024-08-23,1,6342,太平製作所,0.04037930732237304,0.0,0.0,True,True,True
family_screen,extra_trees_return__1ed421003b1be74d__f_session_market,2024-08-23,2,3064,ＭｏｎｏｔａＲＯ,0.03929330351789937,0.0,-2.007108509303779,True,True,True
family_screen,extra_trees_return__1ed421003b1be74d__f_session_market,2024-08-26,1,7043,アルー,0.01486479990082057,1.0,0.25316455696202667,True,True,True
family_screen,extra_trees_return__1ed421003b1be74d__f_session_market,2024-08-26,2,6381,アネスト岩⽥,0.011852291273522835,0.0,-1.8334606569900713,True,True,True
family_screen,extra_trees_return__1ed421003b1be74d__f_session_market,2024-08-27,1,6342,太平製作所,0.0064703478503772005,0.0,-0.6779661016949157,True,True,True
family_screen,extra_trees_return__1ed421003b1be74d__f_session_market,2024-08-27,2,9996,サトー商会,-0.00920081541969392,0.0,-0.990099009900991,True,True,True
family_screen,extra_trees_return__1ed421003b1be74d__f_session_market,2024-08-28,1,6894,パルステック⼯業,-0.004521321901569089,1.0,0.6307339449541205,True,True,True
family_screen,extra_trees_return__1ed421003b1be74d__f_session_market,2024-08-28,2,6190,フェニックスバイオ,-0.006038719787978412,1.0,3.206412825651306,True,True,True
family_screen,extra_trees_return__1ed421003b1be74d__f_session_market,2024-08-29,1,1723,日本電技,0.10754079510179013,0.0,0.0,True,True,True
family_screen,extra_trees_return__1ed421003b1be74d__f_session_market,2024-08-29,2,6743,大同信号,0.10323686691714927,0.0,-2.1739130434782594,True,True,True
family_screen,extra_trees_return__1ed421003b1be74d__f_session_market,2024-08-30,1,3077,ホリイフードサービス,0.036207639854178374,0.0,-0.2801120448179262,True,True,True
family_screen,extra_trees_return__1ed421003b1be74d__f_session_market,2024-08-30,2,4496,コマースＯｎｅホールディングス,0.031118420189193013,0.0,-0.5340453938584733,True,True,True
family_screen,extra_trees_top_quintile__1489dbd77eda9a51__f_session_market,2024-07-01,1,8142,トーホー,0.6706026265988255,0.0,-1.0840108401083959,True,True,True
family_screen,extra_trees_top_quintile__1489dbd77eda9a51__f_session_market,2024-07-01,2,2872,セイヒョー,0.6638495136451785,1.0,0.8796481407437051,True,True,True
family_screen,extra_trees_top_quintile__1489dbd77eda9a51__f_session_market,2024-07-02,1,6030,アドベンチャー,0.6620833002541153,0.0,-2.358974358974364,True,True,True
family_screen,extra_trees_top_quintile__1489dbd77eda9a51__f_session_market,2024-07-02,2,9419,ワイヤレスゲート,0.6567037080341502,0.0,-0.390625,True,True,True
family_screen,extra_trees_top_quintile__1489dbd77eda9a51__f_session_market,2024-07-03,1,6736,サン電子,0.6767232109050639,1.0,2.0652173913043415,True,True,True
family_screen,extra_trees_top_quintile__1489dbd77eda9a51__f_session_market,2024-07-03,2,2667,イメージ ワン,0.6692457205525987,0.0,-1.3114754098360604,True,True,True
family_screen,extra_trees_top_quintile__1489dbd77eda9a51__f_session_market,2024-07-04,1,4177,ｉ‐ｐｌｕｇ,0.6658859799822875,0.0,-1.6666666666666718,True,True,True
family_screen,extra_trees_top_quintile__1489dbd77eda9a51__f_session_market,2024-07-04,2,6930,日本アンテナ,0.6617145765049357,0.0,-0.12345679012345512,True,True,True
family_screen,extra_trees_top_quintile__1489dbd77eda9a51__f_session_market,2024-07-05,1,3905,データセクション,0.6625183391285602,0.0,-3.0558482613277094,True,True,True
family_screen,extra_trees_top_quintile__1489dbd77eda9a51__f_session_market,2024-07-05,2,6524,湖北⼯業,0.6607516284353583,1.0,0.6830052229811256,True,True,True
family_screen,extra_trees_top_quintile__1489dbd77eda9a51__f_session_market,2024-07-08,1,6620,宮越ホールディングス,0.6654312344439016,1.0,4.298125285779597,True,True,True
family_screen,extra_trees_top_quintile__1489dbd77eda9a51__f_session_market,2024-07-08,2,2983,アールプランナー,0.6601753178650647,0.0,-5.747126436781613,True,True,True
family_screen,extra_trees_top_quintile__1489dbd77eda9a51__f_session_market,2024-07-09,1,8708,アイザワ証券グループ,0.663919402057101,0.0,-0.17636684303351524,True,True,True
family_screen,extra_trees_top_quintile__1489dbd77eda9a51__f_session_market,2024-07-09,2,9561,グラッドキューブ,0.662796267518932,1.0,6.719367588932812,True,True,True
family_screen,extra_trees_top_quintile__1489dbd77eda9a51__f_session_market,2024-07-10,1,4888,ステラファーマ,0.6711122998526893,1.0,2.168674698795181,True,True,True
family_screen,extra_trees_top_quintile__1489dbd77eda9a51__f_session_market,2024-07-10,2,5889,Ｊａｐａｎ Ｅｙｅｗｅａｒ Ｈｏｌｄｉｎｇｓ,0.6691050126131063,1.0,0.6399999999999961,True,True,True
family_screen,extra_trees_top_quintile__1489dbd77eda9a51__f_session_market,2024-07-11,1,6736,サン電子,0.673604538050606,0.0,-3.2366071428571397,True,True,True
family_screen,extra_trees_top_quintile__1489dbd77eda9a51__f_session_market,2024-07-11,2,4165,プレイド,0.6629030223110536,0.0,-6.645569620253166,True,True,True
family_screen,extra_trees_top_quintile__1489dbd77eda9a51__f_session_market,2024-07-12,1,6736,サン電子,0.6683611595977569,1.0,2.499999999999991,True,True,True
family_screen,extra_trees_top_quintile__1489dbd77eda9a51__f_session_market,2024-07-12,2,2585,ライフドリンク カンパニー,0.6607866848819203,1.0,0.4777070063694211,True,True,True
family_screen,extra_trees_top_quintile__1489dbd77eda9a51__f_session_market,2024-07-16,1,3083,シーズメン,0.6453385796960973,1.0,3.716608594657367,True,True,True
family_screen,extra_trees_top_quintile__1489dbd77eda9a51__f_session_market,2024-07-16,2,9070,トナミホールディングス,0.6383018005307953,0.0,-0.5102040816326481,True,True,True
family_screen,extra_trees_top_quintile__1489dbd77eda9a51__f_session_market,2024-07-17,1,138A,光フードサービス,0.666703142623112,0.0,-5.756358768406966,True,True,True
family_screen,extra_trees_top_quintile__1489dbd77eda9a51__f_session_market,2024-07-17,2,4167,ココペリ,0.6645178651839592,0.0,-0.8532423208191142,True,True,True
family_screen,extra_trees_top_quintile__1489dbd77eda9a51__f_session_market,2024-07-18,1,7735,ＳＣＲＥＥＮホールディングス,0.6711954600635605,1.0,0.1477104874446189,True,True,True
family_screen,extra_trees_top_quintile__1489dbd77eda9a51__f_session_market,2024-07-18,2,3760,ケイブ,0.6653591193931239,0.0,-6.6016504126031545,True,True,True
family_screen,extra_trees_top_quintile__1489dbd77eda9a51__f_session_market,2024-07-19,1,7013,ＩＨＩ,0.6755753606984743,1.0,0.2640845070422504,True,True,True
family_screen,extra_trees_top_quintile__1489dbd77eda9a51__f_session_market,2024-07-19,2,4393,バンク・オブ・イノベーション,0.6716935651966004,0.0,-10.114192495921692,True,True,True
family_screen,extra_trees_top_quintile__1489dbd77eda9a51__f_session_market,2024-07-22,1,3083,シーズメン,0.6747089638986842,1.0,2.052451539338662,True,True,True
family_screen,extra_trees_top_quintile__1489dbd77eda9a51__f_session_market,2024-07-22,2,6574,コンヴァノ,0.6644189293757409,1.0,2.454473475851149,True,True,True
family_screen,extra_trees_top_quintile__1489dbd77eda9a51__f_session_market,2024-07-23,1,5137,スマートドライブ,0.6857300229158646,0.0,-2.0570359981299635,True,True,True
family_screen,extra_trees_top_quintile__1489dbd77eda9a51__f_session_market,2024-07-23,2,2929,ファーマフーズ,0.6855901791274559,1.0,7.129455909943716,True,True,True
family_screen,extra_trees_top_quintile__1489dbd77eda9a51__f_session_market,2024-07-24,1,7062,フレアス,0.6818575305974579,1.0,0.05858230814295151,True,True,True
family_screen,extra_trees_top_quintile__1489dbd77eda9a51__f_session_market,2024-07-24,2,5888,ＤＡＩＷＡ ＣＹＣＬＥ,0.66051660925524,1.0,3.837091888253119,True,True,True
family_screen,extra_trees_top_quintile__1489dbd77eda9a51__f_session_market,2024-07-25,1,2872,セイヒョー,0.6833923223458734,0.0,-2.59245139153641,True,True,True
family_screen,extra_trees_top_quintile__1489dbd77eda9a51__f_session_market,2024-07-25,2,3738,ティーガイア,0.6833350615329211,1.0,3.966005665722383,True,True,True
family_screen,extra_trees_top_quintile__1489dbd77eda9a51__f_session_market,2024-07-26,1,3825,リミックスポイント,0.6578405018809516,0.0,0.0,True,True,True
family_screen,extra_trees_top_quintile__1489dbd77eda9a51__f_session_market,2024-07-26,2,6976,太陽誘電,0.6572070828661402,0.0,-0.04545454545454852,True,True,True
family_screen,extra_trees_top_quintile__1489dbd77eda9a51__f_session_market,2024-07-29,1,2108,日本甜菜製糖,0.6645212049351997,0.0,-0.153668843641952,True,True,True
family_screen,extra_trees_top_quintile__1489dbd77eda9a51__f_session_market,2024-07-29,2,4344,ソースネクスト,0.6632343232255475,1.0,2.304147465437789,True,True,True
family_screen,extra_trees_top_quintile__1489dbd77eda9a51__f_session_market,2024-07-30,1,6834,精⼯技研,0.6617014583845767,1.0,0.5072463768115876,True,True,True
family_screen,extra_trees_top_quintile__1489dbd77eda9a51__f_session_market,2024-07-30,2,2585,ライフドリンク カンパニー,0.6511696636391837,0.0,-1.4388489208633115,True,True,True
family_screen,extra_trees_top_quintile__1489dbd77eda9a51__f_session_market,2024-07-31,1,2139,中広,0.664556068162473,0.0,-0.5263157894736858,True,True,True
family_screen,extra_trees_top_quintile__1489dbd77eda9a51__f_session_market,2024-07-31,2,4439,東名,0.6553594097079539,1.0,1.0275229357798121,True,True,True
family_screen,extra_trees_top_quintile__1489dbd77eda9a51__f_session_market,2024-08-01,1,8938,グローム・ホールディングス,0.6640215860782205,0.0,-4.433497536945808,True,True,True
family_screen,extra_trees_top_quintile__1489dbd77eda9a51__f_session_market,2024-08-01,2,4888,ステラファーマ,0.6570134854117538,0.0,-1.9955654101995512,True,True,True
family_screen,extra_trees_top_quintile__1489dbd77eda9a51__f_session_market,2024-08-02,1,9369,キユーソー流通システム,0.6780616637646478,0.0,-1.5179113539769307,True,True,True
family_screen,extra_trees_top_quintile__1489dbd77eda9a51__f_session_market,2024-08-02,2,3719,ジェクシード,0.673427759964676,0.0,-2.450980392156865,True,True,True
family_screen,extra_trees_top_quintile__1489dbd77eda9a51__f_session_market,2024-08-05,1,1518,三井松島ホールディングス,0.668425393826712,0.0,-1.1029411764705843,True,True,True
family_screen,extra_trees_top_quintile__1489dbd77eda9a51__f_session_market,2024-08-05,2,4418,ＪＤＳＣ,0.6656097377502148,0.0,-3.62976406533575,True,True,True
family_screen,extra_trees_top_quintile__1489dbd77eda9a51__f_session_market,2024-08-06,1,2435,シダー,0.6057485157241915,1.0,1.2499999999999956,True,True,True
family_screen,extra_trees_top_quintile__1489dbd77eda9a51__f_session_market,2024-08-06,2,2820,やまみ,0.6051398369248605,1.0,0.7309941520467822,True,True,True
family_screen,extra_trees_top_quintile__1489dbd77eda9a51__f_session_market,2024-08-07,1,7031,インバウンドテック,0.6089480288411994,0.0,-1.2779552715655007,True,True,True
family_screen,extra_trees_top_quintile__1489dbd77eda9a51__f_session_market,2024-08-07,2,2498,オリエンタルコンサルタンツホールディングス,0.5974800916018547,1.0,3.9723661485319584,True,True,True
family_screen,extra_trees_top_quintile__1489dbd77eda9a51__f_session_market,2024-08-08,1,3836,アバントグループ,0.5771884721894016,1.0,2.8518288902665834,True,True,True
family_screen,extra_trees_top_quintile__1489dbd77eda9a51__f_session_market,2024-08-08,2,7867,タカラトミー,0.5745539236967313,1.0,4.723127035830621,True,True,True
family_screen,extra_trees_top_quintile__1489dbd77eda9a51__f_session_market,2024-08-09,1,7606,ユナイテッドアローズ,0.6073646522407098,0.0,-2.0554493307839428,True,True,True
family_screen,extra_trees_top_quintile__1489dbd77eda9a51__f_session_market,2024-08-09,2,5019,出光興産,0.5867027432802219,1.0,2.851323828920571,True,True,True
family_screen,extra_trees_top_quintile__1489dbd77eda9a51__f_session_market,2024-08-13,1,3529,アツギ,0.5931525170384686,0.0,-0.9962640099626441,True,True,True
family_screen,extra_trees_top_quintile__1489dbd77eda9a51__f_session_market,2024-08-13,2,3673,ブロードリーフ,0.5918906746872329,1.0,2.591463414634143,True,True,True
family_screen,extra_trees_top_quintile__1489dbd77eda9a51__f_session_market,2024-08-14,1,3695,ＧＭＯリサーチ＆ＡＩ,0.5779100695330026,,,True,True,True
family_screen,extra_trees_top_quintile__1489dbd77eda9a51__f_session_market,2024-08-14,2,7325,アイリックコーポレーション,0.5752629255551767,1.0,2.7737226277372296,True,True,True
family_screen,extra_trees_top_quintile__1489dbd77eda9a51__f_session_market,2024-08-15,1,7793,イメージ・マジック,0.5825256875894915,0.0,-3.3636363636363686,True,True,True
family_screen,extra_trees_top_quintile__1489dbd77eda9a51__f_session_market,2024-08-15,2,9313,丸八倉庫,0.5784412900402303,0.0,-1.845018450184499,True,True,True
family_screen,extra_trees_top_quintile__1489dbd77eda9a51__f_session_market,2024-08-16,1,3261,グランディーズ,0.6054626888483985,1.0,4.954128440366978,True,True,True
family_screen,extra_trees_top_quintile__1489dbd77eda9a51__f_session_market,2024-08-16,2,2749,ＪＰホールディングス,0.5965699996516411,1.0,3.9246467817896313,True,True,True
family_screen,extra_trees_top_quintile__1489dbd77eda9a51__f_session_market,2024-08-19,1,3865,北越コーポレーション,0.5825334013935395,1.0,0.9084556254367548,True,True,True
family_screen,extra_trees_top_quintile__1489dbd77eda9a51__f_session_market,2024-08-19,2,7585,かんなん丸,0.5737532189291297,0.0,-6.921675774134794,True,True,True
family_screen,extra_trees_top_quintile__1489dbd77eda9a51__f_session_market,2024-08-20,1,9913,日邦産業,0.5917765547498824,0.0,-2.5974025974025983,True,True,True
family_screen,extra_trees_top_quintile__1489dbd77eda9a51__f_session_market,2024-08-20,2,4968,荒川化学⼯業,0.5826142140400432,1.0,5.076923076923068,True,True,True
family_screen,extra_trees_top_quintile__1489dbd77eda9a51__f_session_market,2024-08-21,1,3865,北越コーポレーション,0.6070205348248214,0.0,-1.276324186343336,True,True,True
family_screen,extra_trees_top_quintile__1489dbd77eda9a51__f_session_market,2024-08-21,2,3622,ネットイヤーグループ,0.5959498008101648,1.0,0.5494505494505475,True,True,True
family_screen,extra_trees_top_quintile__1489dbd77eda9a51__f_session_market,2024-08-22,1,8511,日本証券金融,0.5899632953517137,1.0,0.2005012531328232,True,True,True
family_screen,extra_trees_top_quintile__1489dbd77eda9a51__f_session_market,2024-08-22,2,9024,⻄武ホールディングス,0.5768745795634127,0.0,-1.6278662699107271,True,True,True
family_screen,extra_trees_top_quintile__1489dbd77eda9a51__f_session_market,2024-08-23,1,4483,ＪＭＤＣ,0.5873190049672308,1.0,0.49382716049382047,True,True,True
family_screen,extra_trees_top_quintile__1489dbd77eda9a51__f_session_market,2024-08-23,2,2915,ケンコーマヨネーズ,0.5857971788384776,0.0,-2.1026072329688783,True,True,True
family_screen,extra_trees_top_quintile__1489dbd77eda9a51__f_session_market,2024-08-26,1,9082,大和自動車交通,0.6187290094196516,0.0,-2.238805970149249,True,True,True
family_screen,extra_trees_top_quintile__1489dbd77eda9a51__f_session_market,2024-08-26,2,4558,中京医薬品,0.6143582739573079,1.0,8.680555555555557,True,True,True
family_screen,extra_trees_top_quintile__1489dbd77eda9a51__f_session_market,2024-08-27,1,1382,ホーブ,0.628375608908153,1.0,1.367701209889538,True,True,True
family_screen,extra_trees_top_quintile__1489dbd77eda9a51__f_session_market,2024-08-27,2,6445,ジャノメ,0.6261105252013177,0.0,-0.7177033492822948,True,True,True
family_screen,extra_trees_top_quintile__1489dbd77eda9a51__f_session_market,2024-08-28,1,2901,ウェルディッシュ,0.6695834152427957,1.0,4.318936877076407,True,True,True
family_screen,extra_trees_top_quintile__1489dbd77eda9a51__f_session_market,2024-08-28,2,5194,相模ゴム⼯業,0.6502349703085388,1.0,1.6634050880626194,True,True,True
family_screen,extra_trees_top_quintile__1489dbd77eda9a51__f_session_market,2024-08-29,1,4379,Ｐｈｏｔｏｓｙｎｔｈ,0.6491945761289193,1.0,3.116883116883118,True,True,True
family_screen,extra_trees_top_quintile__1489dbd77eda9a51__f_session_market,2024-08-29,2,3850,エヌ・ティ・ティ・データ・イントラマート,0.644756052542919,0.0,0.0,True,True,True
family_screen,extra_trees_top_quintile__1489dbd77eda9a51__f_session_market,2024-08-30,1,6324,ハーモニック・ドライブ・システムズ,0.6490322179105418,1.0,6.382978723404253,True,True,True
family_screen,extra_trees_top_quintile__1489dbd77eda9a51__f_session_market,2024-08-30,2,7841,遠藤製作所,0.6478289640009407,1.0,3.462489694971138,True,True,True
family_screen,random_forest_return__6b794fd70a88d0d8__f_session_market,2024-07-01,1,1375,雪国まいたけ,0.14360073808334056,0.0,-0.9756097560975618,True,True,True
family_screen,random_forest_return__6b794fd70a88d0d8__f_session_market,2024-07-01,2,1379,ホクト,0.14360073808334056,0.0,-0.31578947368421373,True,True,True
family_screen,random_forest_return__6b794fd70a88d0d8__f_session_market,2024-07-02,1,2796,ファーマライズホールディングス,0.0015279962003721542,1.0,0.4731861198738141,True,True,True
family_screen,random_forest_return__6b794fd70a88d0d8__f_session_market,2024-07-02,2,4224,ロンシール⼯業,0.0015279962003721542,0.0,0.0,True,True,True
family_screen,random_forest_return__6b794fd70a88d0d8__f_session_market,2024-07-03,1,1723,日本電技,0.1143212248153547,0.0,-1.1538461538461497,True,True,True
family_screen,random_forest_return__6b794fd70a88d0d8__f_session_market,2024-07-03,2,6156,エーワン精密,0.11043635620617348,1.0,0.11173184357542443,True,True,True
family_screen,random_forest_return__6b794fd70a88d0d8__f_session_market,2024-07-04,1,7555,大⽥花き,-0.08221441282620127,0.0,-0.2557544757033292,True,True,True
family_screen,random_forest_return__6b794fd70a88d0d8__f_session_market,2024-07-04,2,7963,興研,-0.08703186729171522,0.0,-0.42604990870359627,True,True,True
family_screen,random_forest_return__6b794fd70a88d0d8__f_session_market,2024-07-05,1,6579,ログリー,-0.02925936830983047,0.0,-0.8421052631578996,True,True,True
family_screen,random_forest_return__6b794fd70a88d0d8__f_session_market,2024-07-05,2,9242,メディア総研,-0.03775998082350252,0.0,-1.6139044072004949,True,True,True
family_screen,random_forest_return__6b794fd70a88d0d8__f_session_market,2024-07-08,1,7555,大⽥花き,0.0072885244053570875,1.0,0.2541296060991183,True,True,True
family_screen,random_forest_return__6b794fd70a88d0d8__f_session_market,2024-07-08,2,8889,ＡＰＡＭＡＮ,0.0015279962003721542,0.0,-0.20703933747412417,True,True,True
family_screen,random_forest_return__6b794fd70a88d0d8__f_session_market,2024-07-09,1,1333,マルハニチロ,0.1478499677580986,0.0,-0.1280409731113985,True,True,True
family_screen,random_forest_return__6b794fd70a88d0d8__f_session_market,2024-07-09,2,1815,鉄建建設,0.1478499677580986,1.0,1.0200078462142104,True,True,True
family_screen,random_forest_return__6b794fd70a88d0d8__f_session_market,2024-07-10,1,6579,ログリー,-0.01575862948432419,1.0,0.6423982869379063,True,True,True
family_screen,random_forest_return__6b794fd70a88d0d8__f_session_market,2024-07-10,2,3647,ジー・スリーホールディングス,-0.02925936830983047,0.0,-1.8867924528301883,True,True,True
family_screen,random_forest_return__6b794fd70a88d0d8__f_session_market,2024-07-11,1,1966,高⽥⼯業所,0.1478499677580986,0.0,-0.6775067750677488,True,True,True
family_screen,random_forest_return__6b794fd70a88d0d8__f_session_market,2024-07-11,2,2153,Ｅ・Ｊホールディングス,0.1478499677580986,1.0,0.2188183807439792,True,True,True
family_screen,random_forest_return__6b794fd70a88d0d8__f_session_market,2024-07-12,1,5809,タツタ電線,0.07079889596909282,0.0,-0.13736263736263687,True,True,True
family_screen,random_forest_return__6b794fd70a88d0d8__f_session_market,2024-07-12,2,6967,新光電気⼯業,0.03141662194770079,1.0,0.07037297677692234,True,True,True
family_screen,random_forest_return__6b794fd70a88d0d8__f_session_market,2024-07-16,1,3512,日本フエルト,-0.47090603325982394,1.0,0.40160642570281624,True,True,True
family_screen,random_forest_return__6b794fd70a88d0d8__f_session_market,2024-07-16,2,9776,札幌臨床検査センター,-0.4888697831298292,1.0,0.19743336623889718,True,True,True
family_screen,random_forest_return__6b794fd70a88d0d8__f_session_market,2024-07-17,1,6573,アジャイルメディア・ネットワーク,0.1778912487964203,1.0,2.9126213592232997,True,True,True
family_screen,random_forest_return__6b794fd70a88d0d8__f_session_market,2024-07-17,2,8887,クミカ,0.17318402610803155,0.0,-4.7186932849364815,True,True,True
family_screen,random_forest_return__6b794fd70a88d0d8__f_session_market,2024-07-18,1,7172,ジャパンインベストメントアドバイザー,0.14551920572631724,1.0,0.9615384615384581,True,True,True
family_screen,random_forest_return__6b794fd70a88d0d8__f_session_market,2024-07-18,2,4966,上村⼯業,0.14243618661019106,1.0,0.9615384615384581,True,True,True
family_screen,random_forest_return__6b794fd70a88d0d8__f_session_market,2024-07-19,1,5310,東洋炭素,0.17874572355095578,0.0,-1.8045112781954864,True,True,True
family_screen,random_forest_return__6b794fd70a88d0d8__f_session_market,2024-07-19,2,7807,幸和製作所,0.17874572355095578,0.0,-4.533565823888408,True,True,True
family_screen,random_forest_return__6b794fd70a88d0d8__f_session_market,2024-07-22,1,1375,雪国まいたけ,0.14360073808334056,0.0,-0.7944389275074459,True,True,True
family_screen,random_forest_return__6b794fd70a88d0d8__f_session_market,2024-07-22,2,1376,カネコ種苗,0.14360073808334056,0.0,-0.21201413427561766,True,True,True
family_screen,random_forest_return__6b794fd70a88d0d8__f_session_market,2024-07-23,1,6193,バーチャレクス・ホールディングス,-0.1988017179974253,0.0,-0.6521739130434745,True,True,True
family_screen,random_forest_return__6b794fd70a88d0d8__f_session_market,2024-07-23,2,7079,ＷＤＢココ,-0.20652494584193887,0.0,-0.9803921568627416,True,True,True
family_screen,random_forest_return__6b794fd70a88d0d8__f_session_market,2024-07-24,1,2980,ＳＲＥホールディングス,0.1383253778790722,0.0,-0.3976143141153132,True,True,True
family_screen,random_forest_return__6b794fd70a88d0d8__f_session_market,2024-07-24,2,6762,ＴＤＫ,0.13394534675356712,0.0,-0.14691478942213676,True,True,True
family_screen,random_forest_return__6b794fd70a88d0d8__f_session_market,2024-07-25,1,3458,シーアールイー,2.3472897130651575,1.0,0.06337135614702394,True,True,True
family_screen,random_forest_return__6b794fd70a88d0d8__f_session_market,2024-07-25,2,3864,三菱製紙,2.3436953563327783,0.0,-1.0014306151645225,True,True,True
family_screen,random_forest_return__6b794fd70a88d0d8__f_session_market,2024-07-26,1,1446,キャンディル,0.14360073808334056,0.0,0.0,True,True,True
family_screen,random_forest_return__6b794fd70a88d0d8__f_session_market,2024-07-26,2,1726,ビーアールホールディングス,0.14360073808334056,0.0,-0.8130081300813052,True,True,True
family_screen,random_forest_return__6b794fd70a88d0d8__f_session_market,2024-07-29,1,1730,麻生フオームクリート,0.14998448190774064,1.0,1.3745704467353903,True,True,True
family_screen,random_forest_return__6b794fd70a88d0d8__f_session_market,2024-07-29,2,1870,矢作建設⼯業,0.14998448190774064,1.0,1.0461538461538522,True,True,True
family_screen,random_forest_return__6b794fd70a88d0d8__f_session_market,2024-07-30,1,3923,ラクス,0.21773593898568802,0.0,-0.7380952380952377,True,True,True
family_screen,random_forest_return__6b794fd70a88d0d8__f_session_market,2024-07-30,2,9823,マミーマート,0.2115059421272628,0.0,-2.276422764227637,True,True,True
family_screen,random_forest_return__6b794fd70a88d0d8__f_session_market,2024-07-31,1,1383,ベルグアース,0.00012182987970779424,1.0,0.16313213703098572,True,True,True
family_screen,random_forest_return__6b794fd70a88d0d8__f_session_market,2024-07-31,2,2185,シイエム・シイ,-0.001683757167310068,0.0,0.0,True,True,True
family_screen,random_forest_return__6b794fd70a88d0d8__f_session_market,2024-08-01,1,2653,イオン九州,-0.03180595357838831,1.0,0.16666666666667052,True,True,True
family_screen,random_forest_return__6b794fd70a88d0d8__f_session_market,2024-08-01,2,3712,情報企画,-0.035220093377150666,0.0,-1.5677491601343796,True,True,True
family_screen,random_forest_return__6b794fd70a88d0d8__f_session_market,2024-08-02,1,4493,サイバーセキュリティクラウド,1.3833257931351597,0.0,-2.5862068965517238,True,True,True
family_screen,random_forest_return__6b794fd70a88d0d8__f_session_market,2024-08-02,2,9522,リニューアブル・ジャパン,1.377041162102967,0.0,-4.0185471406491535,True,True,True
family_screen,random_forest_return__6b794fd70a88d0d8__f_session_market,2024-08-05,1,4418,ＪＤＳＣ,1.375420731985598,0.0,-3.62976406533575,True,True,True
family_screen,random_forest_return__6b794fd70a88d0d8__f_session_market,2024-08-05,2,6276,シリウスビジョン,1.375420731985598,0.0,-9.909909909909908,True,True,True
family_screen,random_forest_return__6b794fd70a88d0d8__f_session_market,2024-08-06,1,7370,Ｅｎｊｉｎ,1.2116596590734305,1.0,1.9519519519519468,True,True,True
family_screen,random_forest_return__6b794fd70a88d0d8__f_session_market,2024-08-06,2,3041,ビューティカダンホールディングス,1.2079064594375448,0.0,-15.441176470588236,True,True,True
family_screen,random_forest_return__6b794fd70a88d0d8__f_session_market,2024-08-07,1,5809,タツタ電線,-0.05224819354745227,0.0,-0.12820512820512775,True,True,True
family_screen,random_forest_return__6b794fd70a88d0d8__f_session_market,2024-08-07,2,8889,ＡＰＡＭＡＮ,-0.06607039000310425,0.0,0.0,True,True,True
family_screen,random_forest_return__6b794fd70a88d0d8__f_session_market,2024-08-08,1,5809,タツタ電線,-0.08277705875179948,0.0,0.0,True,True,True
family_screen,random_forest_return__6b794fd70a88d0d8__f_session_market,2024-08-08,2,8889,ＡＰＡＭＡＮ,-0.08348592657156355,0.0,0.0,True,True,True
family_screen,random_forest_return__6b794fd70a88d0d8__f_session_market,2024-08-09,1,4918,アイビー化粧品,-0.0003733244538458429,1.0,1.724137931034475,True,True,True
family_screen,random_forest_return__6b794fd70a88d0d8__f_session_market,2024-08-09,2,4840,トライアイズ,-0.003711345478639869,1.0,0.35842293906809264,True,True,True
family_screen,random_forest_return__6b794fd70a88d0d8__f_session_market,2024-08-13,1,4927,ポーラ・オルビスホールディングス,-0.12451140194457326,0.0,-0.4276550249465383,True,True,True
family_screen,random_forest_return__6b794fd70a88d0d8__f_session_market,2024-08-13,2,2224,コモ,-0.1370704492088677,0.0,-0.17574692442882123,True,True,True
family_screen,random_forest_return__6b794fd70a88d0d8__f_session_market,2024-08-14,1,9055,アルプス物流,-0.0701247546185231,0.0,-0.17331022530329143,True,True,True
family_screen,random_forest_return__6b794fd70a88d0d8__f_session_market,2024-08-14,2,2372,アイロムグループ,-0.07165333713723816,1.0,0.10822510822510178,True,True,True
family_screen,random_forest_return__6b794fd70a88d0d8__f_session_market,2024-08-15,1,8742,小林洋行,0.28564700889722416,0.0,0.0,True,True,True
family_screen,random_forest_return__6b794fd70a88d0d8__f_session_market,2024-08-15,2,6819,伊豆シャボテンリゾート,0.27792860242396716,1.0,2.3809523809523725,True,True,True
family_screen,random_forest_return__6b794fd70a88d0d8__f_session_market,2024-08-16,1,7769,リズム,0.002360084719837153,1.0,1.1306532663316604,True,True,True
family_screen,random_forest_return__6b794fd70a88d0d8__f_session_market,2024-08-16,2,7818,トランザクション,-0.007846811967879732,1.0,1.3223140495867813,True,True,True
family_screen,random_forest_return__6b794fd70a88d0d8__f_session_market,2024-08-19,1,7769,リズム,0.0004959454732351368,0.0,-1.8915510718789386,True,True,True
family_screen,random_forest_return__6b794fd70a88d0d8__f_session_market,2024-08-19,2,9996,サトー商会,-0.004268083798644696,0.0,0.0,True,True,True
family_screen,random_forest_return__6b794fd70a88d0d8__f_session_market,2024-08-20,1,4642,オリジナル設計,0.3575321753157739,0.0,-0.6153846153846176,True,True,True
family_screen,random_forest_return__6b794fd70a88d0d8__f_session_market,2024-08-20,2,7980,重松製作所,0.34704660510122554,0.0,-1.597051597051602,True,True,True
family_screen,random_forest_return__6b794fd70a88d0d8__f_session_market,2024-08-21,1,4918,アイビー化粧品,0.2958926629315085,0.0,-1.2820512820512775,True,True,True
family_screen,random_forest_return__6b794fd70a88d0d8__f_session_market,2024-08-21,2,3224,ゼネラル・オイスター,0.2868812397335312,0.0,-0.11827321111768097,True,True,True
family_screen,random_forest_return__6b794fd70a88d0d8__f_session_market,2024-08-22,1,7769,リズム,-0.012546415615913518,1.0,1.0217113665389466,True,True,True
family_screen,random_forest_return__6b794fd70a88d0d8__f_session_market,2024-08-22,2,6342,太平製作所,-0.02862323722607037,0.0,-0.034482758620690834,True,True,True
family_screen,random_forest_return__6b794fd70a88d0d8__f_session_market,2024-08-23,1,4918,アイビー化粧品,0.06694150845857483,0.0,-0.3215434083601254,True,True,True
family_screen,random_forest_return__6b794fd70a88d0d8__f_session_market,2024-08-23,2,5284,ヤマウホールディングス,0.06579107202764188,0.0,-0.8797653958944274,True,True,True
family_screen,random_forest_return__6b794fd70a88d0d8__f_session_market,2024-08-26,1,6342,太平製作所,0.015591068847436123,0.0,-0.5431093007467802,True,True,True
family_screen,random_forest_return__6b794fd70a88d0d8__f_session_market,2024-08-26,2,8038,東都水産,-0.023597821471550567,0.0,-0.3076923076923088,True,True,True
family_screen,random_forest_return__6b794fd70a88d0d8__f_session_market,2024-08-27,1,3045,カワサキ,0.0005620103472251458,1.0,1.1476664116296886,True,True,True
family_screen,random_forest_return__6b794fd70a88d0d8__f_session_market,2024-08-27,2,9996,サトー商会,-0.005101830199566892,0.0,-0.990099009900991,True,True,True
family_screen,random_forest_return__6b794fd70a88d0d8__f_session_market,2024-08-28,1,8038,東都水産,-0.017041191274900523,1.0,0.3129890453834161,True,True,True
family_screen,random_forest_return__6b794fd70a88d0d8__f_session_market,2024-08-28,2,9996,サトー商会,-0.018322390590201607,0.0,0.0,True,True,True
family_screen,random_forest_return__6b794fd70a88d0d8__f_session_market,2024-08-29,1,4320,ＣＥホールディングス,0.18772249517291584,1.0,0.6224066390041472,True,True,True
family_screen,random_forest_return__6b794fd70a88d0d8__f_session_market,2024-08-29,2,4974,タカラバイオ,0.18714426231742393,0.0,-1.051625239005738,True,True,True
family_screen,random_forest_return__6b794fd70a88d0d8__f_session_market,2024-08-30,1,6342,太平製作所,0.03922624271716584,0.0,0.0,True,True,True
family_screen,random_forest_return__6b794fd70a88d0d8__f_session_market,2024-08-30,2,7769,リズム,0.018089439931331518,1.0,0.8905852417302906,True,True,True
family_screen,pairwise_linear_rank__fd8f988094bca60b__f_session_market,2024-07-01,1,4967,小林製薬,0.6461061444839208,1.0,1.9230769230769162,True,True,True
family_screen,pairwise_linear_rank__fd8f988094bca60b__f_session_market,2024-07-01,2,7490,日新商事,0.5310023305055289,1.0,0.5530973451327359,True,True,True
family_screen,pairwise_linear_rank__fd8f988094bca60b__f_session_market,2024-07-02,1,9818,大丸エナウィン,0.39097376278910334,0.0,0.0,True,True,True
family_screen,pairwise_linear_rank__fd8f988094bca60b__f_session_market,2024-07-02,2,7040,サン・ライフホールディング,0.37265063699587064,0.0,-0.09442870632672129,True,True,True
family_screen,pairwise_linear_rank__fd8f988094bca60b__f_session_market,2024-07-03,1,3804,システム ディ,0.4312322992942325,0.0,-1.5725518227305169,True,True,True
family_screen,pairwise_linear_rank__fd8f988094bca60b__f_session_market,2024-07-03,2,3943,大石産業,0.402504750681001,0.0,-3.1221719457013575,True,True,True
family_screen,pairwise_linear_rank__fd8f988094bca60b__f_session_market,2024-07-04,1,4177,ｉ‐ｐｌｕｇ,0.5936565768930103,0.0,-1.6666666666666718,True,True,True
family_screen,pairwise_linear_rank__fd8f988094bca60b__f_session_market,2024-07-04,2,4119,日本ピグメント,0.5470517220093619,0.0,-0.48000000000000265,True,True,True
family_screen,pairwise_linear_rank__fd8f988094bca60b__f_session_market,2024-07-05,1,4728,トーセ,0.6511496135611117,1.0,0.7309941520467822,True,True,True
family_screen,pairwise_linear_rank__fd8f988094bca60b__f_session_market,2024-07-05,2,7500,⻄川計測,0.3920595321882352,1.0,0.6250000000000089,True,True,True
family_screen,pairwise_linear_rank__fd8f988094bca60b__f_session_market,2024-07-08,1,2300,きょくとう,0.8224112407315252,1.0,1.5503875968992276,True,True,True
family_screen,pairwise_linear_rank__fd8f988094bca60b__f_session_market,2024-07-08,2,7064,ハウテレビジョン,0.4148448385394695,0.0,-0.07168458781362519,True,True,True
family_screen,pairwise_linear_rank__fd8f988094bca60b__f_session_market,2024-07-09,1,7064,ハウテレビジョン,0.4131874345455693,1.0,0.5054151624548808,True,True,True
family_screen,pairwise_linear_rank__fd8f988094bca60b__f_session_market,2024-07-09,2,6497,ハマイ,0.4061917820423673,1.0,0.4310344827586299,True,True,True
family_screen,pairwise_linear_rank__fd8f988094bca60b__f_session_market,2024-07-10,1,6566,要興業,0.3709049128204829,1.0,0.22123893805310324,True,True,True
family_screen,pairwise_linear_rank__fd8f988094bca60b__f_session_market,2024-07-10,2,6577,ベストワンドットコム,0.3604387863730266,0.0,-3.811188811188815,True,True,True
family_screen,pairwise_linear_rank__fd8f988094bca60b__f_session_market,2024-07-11,1,5619,マーソ,0.4324979570288794,,,True,True,True
family_screen,pairwise_linear_rank__fd8f988094bca60b__f_session_market,2024-07-11,2,5125,ファインズ,0.42099710829824605,1.0,0.8169934640522847,True,True,True
family_screen,pairwise_linear_rank__fd8f988094bca60b__f_session_market,2024-07-12,1,9244,デジタリフト,0.4877634721246809,1.0,0.3571428571428559,True,True,True
family_screen,pairwise_linear_rank__fd8f988094bca60b__f_session_market,2024-07-12,2,6342,太平製作所,0.4112687414672257,0.0,0.0,True,True,True
family_screen,pairwise_linear_rank__fd8f988094bca60b__f_session_market,2024-07-16,1,4196,ネオマーケティング,0.7488715708788157,1.0,1.2762078395624377,True,True,True
family_screen,pairwise_linear_rank__fd8f988094bca60b__f_session_market,2024-07-16,2,3986,ビーブレイクシステムズ,0.5317277152066301,0.0,-0.92592592592593,True,True,True
family_screen,pairwise_linear_rank__fd8f988094bca60b__f_session_market,2024-07-17,1,6322,タクミナ,0.4230973249923932,0.0,0.0,True,True,True
family_screen,pairwise_linear_rank__fd8f988094bca60b__f_session_market,2024-07-17,2,4659,エイジス,0.40771848901267477,0.0,-0.040766408479409044,True,True,True
family_screen,pairwise_linear_rank__fd8f988094bca60b__f_session_market,2024-07-18,1,3760,ケイブ,0.5866536579334679,0.0,-6.6016504126031545,True,True,True
family_screen,pairwise_linear_rank__fd8f988094bca60b__f_session_market,2024-07-18,2,8123,川辺,0.43969882924936077,1.0,2.015288394718562,True,True,True
family_screen,pairwise_linear_rank__fd8f988094bca60b__f_session_market,2024-07-19,1,7273,イクヨ,0.5298715862638064,0.0,-2.0853080568720372,True,True,True
family_screen,pairwise_linear_rank__fd8f988094bca60b__f_session_market,2024-07-19,2,2268,Ｂ−Ｒ サーティワン アイスクリーム,0.47649643732685076,0.0,-0.23952095808382756,True,True,True
family_screen,pairwise_linear_rank__fd8f988094bca60b__f_session_market,2024-07-22,1,2411,ゲンダイエージェンシー,0.6410783800197178,0.0,-0.5181347150259086,True,True,True
family_screen,pairwise_linear_rank__fd8f988094bca60b__f_session_market,2024-07-22,2,3355,クリヤマホールディングス,0.5029919981891379,0.0,-4.470938897168408,True,True,True
family_screen,pairwise_linear_rank__fd8f988094bca60b__f_session_market,2024-07-23,1,6858,小野測器,1.2991509013654956,1.0,0.16920473773265332,True,True,True
family_screen,pairwise_linear_rank__fd8f988094bca60b__f_session_market,2024-07-23,2,6048,デザインワン・ジャパン,0.553504084818392,0.0,-2.0689655172413834,True,True,True
family_screen,pairwise_linear_rank__fd8f988094bca60b__f_session_market,2024-07-24,1,9691,両毛システムズ,1.7070094310054944,1.0,0.659340659340657,True,True,True
family_screen,pairwise_linear_rank__fd8f988094bca60b__f_session_market,2024-07-24,2,8123,川辺,0.44135361511657223,1.0,1.384083044982698,True,True,True
family_screen,pairwise_linear_rank__fd8f988094bca60b__f_session_market,2024-07-25,1,7273,イクヨ,0.5304150715040015,0.0,-1.1284255776464303,True,True,True
family_screen,pairwise_linear_rank__fd8f988094bca60b__f_session_market,2024-07-25,2,3628,データホライゾン,0.43957747622818183,0.0,-1.2499999999999956,True,True,True
family_screen,pairwise_linear_rank__fd8f988094bca60b__f_session_market,2024-07-26,1,7922,三光産業,0.6317193654344321,0.0,-1.0025062656641603,True,True,True
family_screen,pairwise_linear_rank__fd8f988094bca60b__f_session_market,2024-07-26,2,2349,エヌアイデイ,0.549241364508494,1.0,2.0626735422451414,True,True,True
family_screen,pairwise_linear_rank__fd8f988094bca60b__f_session_market,2024-07-29,1,5921,川岸⼯業,0.6860938486407605,0.0,-1.1441647597253968,True,True,True
family_screen,pairwise_linear_rank__fd8f988094bca60b__f_session_market,2024-07-29,2,3912,モバイルファクトリー,0.5220163996592678,1.0,1.9656019656019597,True,True,True
family_screen,pairwise_linear_rank__fd8f988094bca60b__f_session_market,2024-07-30,1,1884,日本道路,0.976569197517381,0.0,-2.0588235294117685,True,True,True
family_screen,pairwise_linear_rank__fd8f988094bca60b__f_session_market,2024-07-30,2,6022,赤阪鐵⼯所,0.4542017166259785,0.0,-5.108840515326518,True,True,True
family_screen,pairwise_linear_rank__fd8f988094bca60b__f_session_market,2024-07-31,1,6848,東亜ディーケーケー,2.6032115978930306,1.0,1.948842874543244,True,True,True
family_screen,pairwise_linear_rank__fd8f988094bca60b__f_session_market,2024-07-31,2,7442,中山福,2.08465277775347,1.0,1.6620498614958512,True,True,True
family_screen,pairwise_linear_rank__fd8f988094bca60b__f_session_market,2024-08-01,1,4673,川崎地質,0.7304791874711103,0.0,-2.522522522522519,True,True,True
family_screen,pairwise_linear_rank__fd8f988094bca60b__f_session_market,2024-08-01,2,7091,リビングプラットフォーム,0.6502260406442292,0.0,-8.042895442359255,True,True,True
family_screen,pairwise_linear_rank__fd8f988094bca60b__f_session_market,2024-08-02,1,5410,合同製鐵,1.1435276120523525,0.0,-1.3986013986013957,True,True,True
family_screen,pairwise_linear_rank__fd8f988094bca60b__f_session_market,2024-08-02,2,4437,ｇｏｏｄｄａｙｓホールディングス,0.7376467375825194,1.0,1.8387553041018467,True,True,True
family_screen,pairwise_linear_rank__fd8f988094bca60b__f_session_market,2024-08-05,1,2224,コモ,2.987112470468031,0.0,-0.0357015351660106,True,True,True
family_screen,pairwise_linear_rank__fd8f988094bca60b__f_session_market,2024-08-05,2,2923,サトウ食品,2.2781826566474797,0.0,-1.1272141706924366,True,True,True
family_screen,pairwise_linear_rank__fd8f988094bca60b__f_session_market,2024-08-06,1,7035,ａｎｄ ｆａｃｔｏｒｙ,4.155454439798949,0.0,-7.8767123287671215,True,True,True
family_screen,pairwise_linear_rank__fd8f988094bca60b__f_session_market,2024-08-06,2,6552,ＧａｍｅＷｉｔｈ,4.007367091391517,0.0,-22.580645161290324,True,True,True
family_screen,pairwise_linear_rank__fd8f988094bca60b__f_session_market,2024-08-07,1,3190,ホットマン,0.8897859727571827,1.0,1.675041876046901,True,True,True
family_screen,pairwise_linear_rank__fd8f988094bca60b__f_session_market,2024-08-07,2,6555,ＭＳ＆Ｃｏｎｓｕｌｔｉｎｇ,0.7745416986977625,1.0,2.3762376237623783,True,True,True
family_screen,pairwise_linear_rank__fd8f988094bca60b__f_session_market,2024-08-08,1,1997,暁飯島⼯業,0.6035989370242256,1.0,3.0056355666875367,True,True,True
family_screen,pairwise_linear_rank__fd8f988094bca60b__f_session_market,2024-08-08,2,6322,タクミナ,0.5304554412687205,0.0,-4.565322972316654,True,True,True
family_screen,pairwise_linear_rank__fd8f988094bca60b__f_session_market,2024-08-09,1,2349,エヌアイデイ,0.5189431014141667,1.0,2.9333333333333433,True,True,True
family_screen,pairwise_linear_rank__fd8f988094bca60b__f_session_market,2024-08-09,2,4840,トライアイズ,0.5141235577457695,1.0,0.35842293906809264,True,True,True
family_screen,pairwise_linear_rank__fd8f988094bca60b__f_session_market,2024-08-13,1,6038,イード,0.5718805090021903,1.0,3.9735099337748325,True,True,True
family_screen,pairwise_linear_rank__fd8f988094bca60b__f_session_market,2024-08-13,2,6267,ゼネラルパッカー,0.5414177173442316,1.0,1.6472478907191723,True,True,True
family_screen,pairwise_linear_rank__fd8f988094bca60b__f_session_market,2024-08-14,1,5484,東北特殊鋼,0.7360561728398911,0.0,0.0,True,True,True
family_screen,pairwise_linear_rank__fd8f988094bca60b__f_session_market,2024-08-14,2,6894,パルステック⼯業,0.5829053262573631,0.0,0.0,True,True,True
family_screen,pairwise_linear_rank__fd8f988094bca60b__f_session_market,2024-08-15,1,7749,メディキット,0.816823422236058,,,True,True,True
family_screen,pairwise_linear_rank__fd8f988094bca60b__f_session_market,2024-08-15,2,9903,カンセキ,0.6752160275828663,0.0,-0.3205128205128194,True,True,True
family_screen,pairwise_linear_rank__fd8f988094bca60b__f_session_market,2024-08-16,1,9063,岡山県貨物運送,0.6937549141197983,1.0,3.8277511961722466,True,True,True
family_screen,pairwise_linear_rank__fd8f988094bca60b__f_session_market,2024-08-16,2,9313,丸八倉庫,0.5635340411097657,1.0,1.0025062656641603,True,True,True
family_screen,pairwise_linear_rank__fd8f988094bca60b__f_session_market,2024-08-19,1,2877,日東ベスト,0.7440126763117281,0.0,-1.4545454545454528,True,True,True
family_screen,pairwise_linear_rank__fd8f988094bca60b__f_session_market,2024-08-19,2,6930,日本アンテナ,0.5444231532419801,0.0,-1.7615176151761558,True,True,True
family_screen,pairwise_linear_rank__fd8f988094bca60b__f_session_market,2024-08-20,1,4068,ベイシス,0.7151820246958196,0.0,0.0,True,True,True
family_screen,pairwise_linear_rank__fd8f988094bca60b__f_session_market,2024-08-20,2,2152,幼児活動研究会,0.5737346282520105,0.0,0.0,True,True,True
family_screen,pairwise_linear_rank__fd8f988094bca60b__f_session_market,2024-08-21,1,1764,⼯藤建設,0.6870418522862682,0.0,0.0,True,True,True
family_screen,pairwise_linear_rank__fd8f988094bca60b__f_session_market,2024-08-21,2,6824,新コスモス電機,0.6499999918586303,0.0,0.0,True,True,True
family_screen,pairwise_linear_rank__fd8f988094bca60b__f_session_market,2024-08-22,1,3804,システム ディ,0.7789852398981891,1.0,1.1180992313067684,True,True,True
family_screen,pairwise_linear_rank__fd8f988094bca60b__f_session_market,2024-08-22,2,3800,ユニリタ,0.7684682886755542,0.0,-0.20714655618850886,True,True,True
family_screen,pairwise_linear_rank__fd8f988094bca60b__f_session_market,2024-08-23,1,6342,太平製作所,0.5783626499771929,0.0,0.0,True,True,True
family_screen,pairwise_linear_rank__fd8f988094bca60b__f_session_market,2024-08-23,2,6267,ゼネラルパッカー,0.5587161114601397,0.0,0.0,True,True,True
family_screen,pairwise_linear_rank__fd8f988094bca60b__f_session_market,2024-08-26,1,1380,秋川牧園,0.6914911110612122,0.0,-0.09881422924901129,True,True,True
family_screen,pairwise_linear_rank__fd8f988094bca60b__f_session_market,2024-08-26,2,5753,日本伸銅,0.6174694747728482,0.0,-0.7650273224043769,True,True,True
family_screen,pairwise_linear_rank__fd8f988094bca60b__f_session_market,2024-08-27,1,4921,ファンケル,0.781712657896229,1.0,1.2731902510003668,True,True,True
family_screen,pairwise_linear_rank__fd8f988094bca60b__f_session_market,2024-08-27,2,7090,リグア,0.7374792463532285,1.0,1.6826923076923128,True,True,True
family_screen,pairwise_linear_rank__fd8f988094bca60b__f_session_market,2024-08-28,1,6150,タケダ機械,0.6630323120414059,0.0,-1.1736278909216469,True,True,True
family_screen,pairwise_linear_rank__fd8f988094bca60b__f_session_market,2024-08-28,2,6824,新コスモス電機,0.5186586112762275,0.0,-0.23529411764705577,True,True,True
family_screen,pairwise_linear_rank__fd8f988094bca60b__f_session_market,2024-08-29,1,2736,フェスタリアホールディングス,2.070995005722098,0.0,-0.7027406886858767,True,True,True
family_screen,pairwise_linear_rank__fd8f988094bca60b__f_session_market,2024-08-29,2,8066,三⾕商事,0.7001571878493539,0.0,-1.0830324909747335,True,True,True
family_screen,pairwise_linear_rank__fd8f988094bca60b__f_session_market,2024-08-30,1,3077,ホリイフードサービス,2.347420840721441,0.0,-0.2801120448179262,True,True,True
family_screen,pairwise_linear_rank__fd8f988094bca60b__f_session_market,2024-08-30,2,9250,ＧＲＣＳ,0.6569149144546165,0.0,-1.328671328671327,True,True,True
family_screen,multi_threshold_expected_return__7ee1edf83924bbb2__f_session_market,2024-07-01,1,8142,トーホー,0.17988426474814967,0.0,-1.0840108401083959,True,True,True
family_screen,multi_threshold_expected_return__7ee1edf83924bbb2__f_session_market,2024-07-01,2,1766,東建コーポレーション,0.1681791658350605,0.0,-1.0842368640533784,True,True,True
family_screen,multi_threshold_expected_return__7ee1edf83924bbb2__f_session_market,2024-07-02,1,160A,アズパートナーズ,0.23105720141274455,0.0,-0.5398671096345509,True,True,True
family_screen,multi_threshold_expected_return__7ee1edf83924bbb2__f_session_market,2024-07-02,2,3987,エコモット,0.21292607285270593,1.0,2.941176470588225,True,True,True
family_screen,multi_threshold_expected_return__7ee1edf83924bbb2__f_session_market,2024-07-03,1,4177,ｉ‐ｐｌｕｇ,0.09490219034944158,0.0,-10.743243243243239,True,True,True
family_screen,multi_threshold_expected_return__7ee1edf83924bbb2__f_session_market,2024-07-03,2,6034,ＭＲＴ,0.09077518556642222,1.0,3.105590062111796,True,True,True
family_screen,multi_threshold_expected_return__7ee1edf83924bbb2__f_session_market,2024-07-04,1,1764,⼯藤建設,0.08987339800049689,0.0,-2.4668630338733455,True,True,True
family_screen,multi_threshold_expected_return__7ee1edf83924bbb2__f_session_market,2024-07-04,2,4119,日本ピグメント,0.07501257707859246,0.0,-0.48000000000000265,True,True,True
family_screen,multi_threshold_expected_return__7ee1edf83924bbb2__f_session_market,2024-07-05,1,2790,ナフコ,0.08300928861024626,1.0,0.0678656260604038,True,True,True
family_screen,multi_threshold_expected_return__7ee1edf83924bbb2__f_session_market,2024-07-05,2,2469,ヒビノ,0.08053901102280672,0.0,-0.26615969581749166,True,True,True
family_screen,multi_threshold_expected_return__7ee1edf83924bbb2__f_session_market,2024-07-08,1,4261,アジアクエスト,0.20797673351860235,0.0,-2.193944712593243,True,True,True
family_screen,multi_threshold_expected_return__7ee1edf83924bbb2__f_session_market,2024-07-08,2,2300,きょくとう,0.18262379299091008,1.0,1.5503875968992276,True,True,True
family_screen,multi_threshold_expected_return__7ee1edf83924bbb2__f_session_market,2024-07-09,1,173A,ハンモック,0.1612611290892037,0.0,-1.9466474405191114,True,True,True
family_screen,multi_threshold_expected_return__7ee1edf83924bbb2__f_session_market,2024-07-09,2,5575,Ｇｌｏｂｅｅ,0.158750459186699,1.0,1.8452803406671325,True,True,True
family_screen,multi_threshold_expected_return__7ee1edf83924bbb2__f_session_market,2024-07-10,1,1866,北野建設,0.08782438124797345,0.0,-0.4070556309362261,True,True,True
family_screen,multi_threshold_expected_return__7ee1edf83924bbb2__f_session_market,2024-07-10,2,7636,ハンズマン,0.08704403807478607,0.0,-1.620370370370372,True,True,True
family_screen,multi_threshold_expected_return__7ee1edf83924bbb2__f_session_market,2024-07-11,1,9070,トナミホールディングス,0.18315251875660304,1.0,0.1686340640809414,True,True,True
family_screen,multi_threshold_expected_return__7ee1edf83924bbb2__f_session_market,2024-07-11,2,3915,テラスカイ,0.15147730540894605,0.0,-0.29732408325073845,True,True,True
family_screen,multi_threshold_expected_return__7ee1edf83924bbb2__f_session_market,2024-07-12,1,6034,ＭＲＴ,0.08279729374454683,1.0,0.8805031446540879,True,True,True
family_screen,multi_threshold_expected_return__7ee1edf83924bbb2__f_session_market,2024-07-12,2,9887,松屋フーズホールディングス,0.0812378429683332,0.0,-0.33333333333332993,True,True,True
family_screen,multi_threshold_expected_return__7ee1edf83924bbb2__f_session_market,2024-07-16,1,1764,⼯藤建設,0.040276379774526694,0.0,-0.7539682539682513,True,True,True
family_screen,multi_threshold_expected_return__7ee1edf83924bbb2__f_session_market,2024-07-16,2,6190,フェニックスバイオ,0.03743609659727526,1.0,4.0000000000000036,True,True,True
family_screen,multi_threshold_expected_return__7ee1edf83924bbb2__f_session_market,2024-07-17,1,3275,ハウスコム,0.10596291576941749,0.0,-1.6083254493850507,True,True,True
family_screen,multi_threshold_expected_return__7ee1edf83924bbb2__f_session_market,2024-07-17,2,1450,⽥中建設⼯業,0.10209638427665552,0.0,-0.3970004411116057,True,True,True
family_screen,multi_threshold_expected_return__7ee1edf83924bbb2__f_session_market,2024-07-18,1,3760,ケイブ,0.10658616697397305,0.0,-6.6016504126031545,True,True,True
family_screen,multi_threshold_expected_return__7ee1edf83924bbb2__f_session_market,2024-07-18,2,5271,トーヨーアサノ,0.10562107437791884,0.0,-0.5772646536412074,True,True,True
family_screen,multi_threshold_expected_return__7ee1edf83924bbb2__f_session_market,2024-07-19,1,9722,藤⽥観光,0.08781434201221577,1.0,1.2401352874858995,True,True,True
family_screen,multi_threshold_expected_return__7ee1edf83924bbb2__f_session_market,2024-07-19,2,6727,ワコム,0.08287823110025128,1.0,0.881612090680095,True,True,True
family_screen,multi_threshold_expected_return__7ee1edf83924bbb2__f_session_market,2024-07-22,1,2411,ゲンダイエージェンシー,0.17284814004581806,0.0,-0.5181347150259086,True,True,True
family_screen,multi_threshold_expected_return__7ee1edf83924bbb2__f_session_market,2024-07-22,2,4362,日本精化,0.1620294292142086,0.0,-2.630643441166014,True,True,True
family_screen,multi_threshold_expected_return__7ee1edf83924bbb2__f_session_market,2024-07-23,1,6858,小野測器,0.5387803938884383,1.0,0.16920473773265332,True,True,True
family_screen,multi_threshold_expected_return__7ee1edf83924bbb2__f_session_market,2024-07-23,2,4425,Ｋｕｄａｎ,0.4861477140165448,1.0,2.5495750708215192,True,True,True
family_screen,multi_threshold_expected_return__7ee1edf83924bbb2__f_session_market,2024-07-24,1,9691,両毛システムズ,0.3192384384191396,1.0,0.659340659340657,True,True,True
family_screen,multi_threshold_expected_return__7ee1edf83924bbb2__f_session_market,2024-07-24,2,3929,ソーシャルワイヤー,0.08116757305349953,0.0,-3.7735849056603765,True,True,True
family_screen,multi_threshold_expected_return__7ee1edf83924bbb2__f_session_market,2024-07-25,1,6533,Ｏｒｃｈｅｓｔｒａ Ｈｏｌｄｉｎｇｓ,0.395695161108035,0.0,-1.0673234811165888,True,True,True
family_screen,multi_threshold_expected_return__7ee1edf83924bbb2__f_session_market,2024-07-25,2,3628,データホライゾン,0.35034815536711333,0.0,-1.2499999999999956,True,True,True
family_screen,multi_threshold_expected_return__7ee1edf83924bbb2__f_session_market,2024-07-26,1,2349,エヌアイデイ,0.17796991067959317,1.0,2.0626735422451414,True,True,True
family_screen,multi_threshold_expected_return__7ee1edf83924bbb2__f_session_market,2024-07-26,2,6533,Ｏｒｃｈｅｓｔｒａ Ｈｏｌｄｉｎｇｓ,0.1676735586777579,0.0,-2.139917695473248,True,True,True
family_screen,multi_threshold_expected_return__7ee1edf83924bbb2__f_session_market,2024-07-29,1,3566,ユニフォームネクスト,0.11164756835059536,1.0,2.998500749625177,True,True,True
family_screen,multi_threshold_expected_return__7ee1edf83924bbb2__f_session_market,2024-07-29,2,2216,カンロ,0.10453078517693049,1.0,0.7809594644849316,True,True,True
family_screen,multi_threshold_expected_return__7ee1edf83924bbb2__f_session_market,2024-07-30,1,7614,オーエムツーネットワーク,0.08467050588268302,1.0,0.2666666666666595,True,True,True
family_screen,multi_threshold_expected_return__7ee1edf83924bbb2__f_session_market,2024-07-30,2,1884,日本道路,0.07972114756854798,0.0,-2.0588235294117685,True,True,True
family_screen,multi_threshold_expected_return__7ee1edf83924bbb2__f_session_market,2024-07-31,1,6848,東亜ディーケーケー,0.46777188397170444,1.0,1.948842874543244,True,True,True
family_screen,multi_threshold_expected_return__7ee1edf83924bbb2__f_session_market,2024-07-31,2,7442,中山福,0.39348041728252475,1.0,1.6620498614958512,True,True,True
family_screen,multi_threshold_expected_return__7ee1edf83924bbb2__f_session_market,2024-08-01,1,4073,ジィ・シィ企画,0.04868868926819864,0.0,-3.6505867014341553,True,True,True
family_screen,multi_threshold_expected_return__7ee1edf83924bbb2__f_session_market,2024-08-01,2,9244,デジタリフト,0.028606873175507294,0.0,-0.36014405762304635,True,True,True
family_screen,multi_threshold_expected_return__7ee1edf83924bbb2__f_session_market,2024-08-02,1,5410,合同製鐵,0.7116103938568834,0.0,-1.3986013986013957,True,True,True
family_screen,multi_threshold_expected_return__7ee1edf83924bbb2__f_session_market,2024-08-02,2,4175,ｃｏｌｙ,0.6897613857396169,0.0,-5.769230769230771,True,True,True
family_screen,multi_threshold_expected_return__7ee1edf83924bbb2__f_session_market,2024-08-05,1,4175,ｃｏｌｙ,0.9550108070495744,0.0,-16.376306620209057,True,True,True
family_screen,multi_threshold_expected_return__7ee1edf83924bbb2__f_session_market,2024-08-05,2,2923,サトウ食品,0.8516452812913463,0.0,-1.1272141706924366,True,True,True
family_screen,multi_threshold_expected_return__7ee1edf83924bbb2__f_session_market,2024-08-06,1,4171,グローバルインフォメーション,2.116058282610926,1.0,3.8738738738738787,True,True,True
family_screen,multi_threshold_expected_return__7ee1edf83924bbb2__f_session_market,2024-08-06,2,3918,ＰＣＩホールディングス,2.081562970664303,1.0,1.097560975609757,True,True,True
family_screen,multi_threshold_expected_return__7ee1edf83924bbb2__f_session_market,2024-08-07,1,9996,サトー商会,0.049773834158137215,1.0,2.60869565217392,True,True,True
family_screen,multi_threshold_expected_return__7ee1edf83924bbb2__f_session_market,2024-08-07,2,6342,太平製作所,-0.02092313747911098,1.0,1.1195377392560601,True,True,True
family_screen,multi_threshold_expected_return__7ee1edf83924bbb2__f_session_market,2024-08-08,1,4215,タキロンシーアイ,0.059020253728220756,0.0,-0.11507479861909697,True,True,True
family_screen,multi_threshold_expected_return__7ee1edf83924bbb2__f_session_market,2024-08-08,2,6342,太平製作所,-0.07048977528822037,0.0,-0.035727045373346034,True,True,True
family_screen,multi_threshold_expected_return__7ee1edf83924bbb2__f_session_market,2024-08-09,1,4215,タキロンシーアイ,0.03344165702550815,0.0,-0.11507479861909697,True,True,True
family_screen,multi_threshold_expected_return__7ee1edf83924bbb2__f_session_market,2024-08-09,2,6342,太平製作所,-0.0008268350756861081,0.0,-0.8812125484666922,True,True,True
family_screen,multi_threshold_expected_return__7ee1edf83924bbb2__f_session_market,2024-08-13,1,3712,情報企画,0.13055053330702407,0.0,-3.566878980891719,True,True,True
family_screen,multi_threshold_expected_return__7ee1edf83924bbb2__f_session_market,2024-08-13,2,7120,ＳＨＩＮＫＯ,0.13003543723852984,1.0,2.5274725274725185,True,True,True
family_screen,multi_threshold_expected_return__7ee1edf83924bbb2__f_session_market,2024-08-14,1,4215,タキロンシーアイ,0.12000265549061331,0.0,0.0,True,True,True
family_screen,multi_threshold_expected_return__7ee1edf83924bbb2__f_session_market,2024-08-14,2,6342,太平製作所,0.036274298605733,1.0,1.2229210342417973,True,True,True
family_screen,multi_threshold_expected_return__7ee1edf83924bbb2__f_session_market,2024-08-15,1,4215,タキロンシーアイ,0.10961753631853999,0.0,0.0,True,True,True
family_screen,multi_threshold_expected_return__7ee1edf83924bbb2__f_session_market,2024-08-15,2,7769,リズム,0.06009618180775547,1.0,1.2722646310432628,True,True,True
family_screen,multi_threshold_expected_return__7ee1edf83924bbb2__f_session_market,2024-08-16,1,4215,タキロンシーアイ,0.0948294183097415,0.0,0.0,True,True,True
family_screen,multi_threshold_expected_return__7ee1edf83924bbb2__f_session_market,2024-08-16,2,7043,アルー,0.07883722092920113,0.0,-0.4987531172069848,True,True,True
family_screen,multi_threshold_expected_return__7ee1edf83924bbb2__f_session_market,2024-08-19,1,6662,ユビテック,0.07344504133431652,1.0,0.4405286343612369,True,True,True
family_screen,multi_threshold_expected_return__7ee1edf83924bbb2__f_session_market,2024-08-19,2,2152,幼児活動研究会,0.07067600573590843,1.0,0.31372549019608176,True,True,True
family_screen,multi_threshold_expected_return__7ee1edf83924bbb2__f_session_market,2024-08-20,1,3917,アイリッジ,0.15901306929949194,1.0,0.47281323877068626,True,True,True
family_screen,multi_threshold_expected_return__7ee1edf83924bbb2__f_session_market,2024-08-20,2,7837,アールシーコア,0.15698730724082405,0.0,-0.21276595744680327,True,True,True
family_screen,multi_threshold_expected_return__7ee1edf83924bbb2__f_session_market,2024-08-21,1,9996,サトー商会,0.05393518016755297,0.0,-0.05830903790087216,True,True,True
family_screen,multi_threshold_expected_return__7ee1edf83924bbb2__f_session_market,2024-08-21,2,6342,太平製作所,0.052121249320606605,1.0,0.7233895969686488,True,True,True
family_screen,multi_threshold_expected_return__7ee1edf83924bbb2__f_session_market,2024-08-22,1,5237,ノザワ,0.055170591602524716,1.0,0.45662100456620447,True,True,True
family_screen,multi_threshold_expected_return__7ee1edf83924bbb2__f_session_market,2024-08-22,2,3065,ライフフーズ,0.051444095749324806,0.0,-0.2949852507374673,True,True,True
family_screen,multi_threshold_expected_return__7ee1edf83924bbb2__f_session_market,2024-08-23,1,6334,明治機械,0.0900167202120716,0.0,0.0,True,True,True
family_screen,multi_threshold_expected_return__7ee1edf83924bbb2__f_session_market,2024-08-23,2,6342,太平製作所,0.0826688596822931,0.0,0.0,True,True,True
family_screen,multi_threshold_expected_return__7ee1edf83924bbb2__f_session_market,2024-08-26,1,6381,アネスト岩⽥,0.09185326462916604,0.0,-1.8334606569900713,True,True,True
family_screen,multi_threshold_expected_return__7ee1edf83924bbb2__f_session_market,2024-08-26,2,6334,明治機械,0.06310114647898005,1.0,2.034883720930236,True,True,True
family_screen,multi_threshold_expected_return__7ee1edf83924bbb2__f_session_market,2024-08-27,1,4921,ファンケル,0.17705003151415113,1.0,1.2731902510003668,True,True,True
family_screen,multi_threshold_expected_return__7ee1edf83924bbb2__f_session_market,2024-08-27,2,6342,太平製作所,0.07742498911490513,0.0,-0.6779661016949157,True,True,True
family_screen,multi_threshold_expected_return__7ee1edf83924bbb2__f_session_market,2024-08-28,1,7043,アルー,0.04880796790937601,0.0,-0.37974683544304,True,True,True
family_screen,multi_threshold_expected_return__7ee1edf83924bbb2__f_session_market,2024-08-28,2,1773,ワイ・ティー・エル・コーポレーション・バーハッド,0.04474070493102636,0.0,-1.9607843137254943,True,True,True
family_screen,multi_threshold_expected_return__7ee1edf83924bbb2__f_session_market,2024-08-29,1,2736,フェスタリアホールディングス,0.5342145212475402,0.0,-0.7027406886858767,True,True,True
family_screen,multi_threshold_expected_return__7ee1edf83924bbb2__f_session_market,2024-08-29,2,2983,アールプランナー,0.10043648412695802,0.0,-1.0204081632653073,True,True,True
family_screen,multi_threshold_expected_return__7ee1edf83924bbb2__f_session_market,2024-08-30,1,3077,ホリイフードサービス,0.5219194035723381,0.0,-0.2801120448179262,True,True,True
family_screen,multi_threshold_expected_return__7ee1edf83924bbb2__f_session_market,2024-08-30,2,3986,ビーブレイクシステムズ,0.08817570675094537,1.0,0.7166123778501676,True,True,True
