date,code,name,label,oc_return_pct,outcome_observed,source_complete,universe_source_complete,feature_source_max_date,candidate_price_source_max_date,oc_last,oc_mean_5,oc_mean_20,oc_mean_60,oc_win_20,oc_std_20,overnight_last,overnight_mean_20,overnight_mean_60,night_day_corr_60,xrank_atr14_pct,xrank_close_momentum_5,xrank_close_momentum_20,xrank_close_momentum_60,xrank_prior_close_location_20,family_score__g0_raked_logit,family_rank__g0_raked_logit,family_rank_pct__g0_raked_logit,family_score_z__g0_raked_logit,family_score_iqr__g0_raked_logit,family_score__g0_ridge_return,family_rank__g0_ridge_return,family_rank_pct__g0_ridge_return,family_score_z__g0_ridge_return,family_score_iqr__g0_ridge_return,family_score__g0_hgb_rank,family_rank__g0_hgb_rank,family_rank_pct__g0_hgb_rank,family_score_z__g0_hgb_rank,family_score_iqr__g0_hgb_rank,family_score__g0_extra_trees_top_quintile,family_rank__g0_extra_trees_top_quintile,family_rank_pct__g0_extra_trees_top_quintile,family_score_z__g0_extra_trees_top_quintile,family_score_iqr__g0_extra_trees_top_quintile,model_rank,local_margin_iqr,top_tail_slope_iqr,anchor_score_tail_z,anchor_rank_percentile,anchor_score_iqr,slot_is_rank2,family_rank_percentile_mean,family_rank_percentile_std,family_rank_percentile_min,family_top2_vote_rate,family_top5_vote_rate,family_rank_correlation_mean,anchor_model_score,family_model_count,base_model_train_end,base_model_train_sessions,prior_selection_count_5,prior_selection_count_20,sessions_since_selected,last_selected_net_pct,consecutive_selection,anchor_score_change_since_selected,anchor_score_age_sessions,repeat_feature_source_max_date,gate_id,predicted_net_mean_pct,predicted_negative_part_pct,trade_utility_pct,trade_decision,meta_train_end,meta_train_sessions,executed,gross_sleeve_return_pct,net_sleeve_return_pct_20bp,net_sleeve_return_pct_40bp,trade_reason
2024-07-01,8142,トーホー,0.0,-1.0840108401083959,True,True,True,2024-06-28,2024-06-28,-6.234096692111956,-0.753433358451907,0.8618657825077207,0.27272808223058514,0.6,3.4601224580809777,-0.6321112515802807,0.1454885971991582,0.0851775523400087,0.1765911191943904,0.8250521,-0.81434095,0.93692356,0.8185064,0.0419518,0.5371656320741107,1,1.0,3.291755932867612,0.011289958484863027,0.22352742058963015,5,0.998755444928438,2.68199012280652,0.08492304503173015,0.026752006263040355,1276,0.603298070939639,0.18379174560405764,0.045945073957875074,0.6376168023428229,47,0.985687616677038,0.9057283134744644,0.15557522075248864,1,0.11123748269172995,0.853959925220684,3.291755932867612,1.0,0.011289958484863027,0.0,0.8969352831362788,0.1696241951381974,0.603298070939639,0.25,0.5,0.38147635388697115,0.5371656320741107,4,2024-06-28,60,0.0,0.0,,,0.0,,,,forced_top2,,,,True,,,True,-0.5420054200541979,-0.6420054200541979,-0.7420054200541979,utility_positive
2024-07-01,7874,レック,0.0,-2.025931928687197,True,True,True,2024-06-28,2024-06-28,-3.1720856463124503,-1.6284285799050302,0.17250281597220968,0.24544710763856947,0.65,2.190499506211228,-0.6304176516942483,-0.17534132141558248,-0.11365238860992331,-0.042957157107360235,0.87265694,-0.99464446,-0.44064265,0.38351682,-0.97411484,0.5359097655125604,2,0.9996888612321095,3.1805184501758816,0.011289958484863027,0.22888360208515113,4,0.9990665836963286,2.7450611242469387,0.08492304503173015,0.059488302960200634,179,0.9446172993154947,0.8963011373002097,0.045945073957875074,0.6295974768947911,87,0.9732420659614188,0.8541820234596159,0.15557522075248864,2,0.19688677480598138,0.853959925220684,3.1805184501758816,0.9996888612321095,0.011289958484863027,1.0,0.9791537025513379,0.02261595771341019,0.9446172993154947,0.25,0.5,0.38147635388697115,0.5359097655125604,4,2024-06-28,60,0.0,0.0,,,0.0,,,,forced_top2,,,,True,,,True,-1.0129659643435984,-1.1129659643435985,-1.2129659643435984,utility_positive
2024-07-02,4664,アール・エス・シー,0.0,-0.6980802792321161,True,True,True,2024-07-01,2024-07-01,-11.544461778471138,-3.223126167902355,-0.7895405594213406,0.022344112485739843,0.35,2.6373239138293845,0.9448818897637823,0.05555406484711256,-0.30376203525338447,-0.41415100556119666,0.46662712,-0.9952536,-0.9768615,-0.8563798,-0.79115987,0.5542925092849511,1,1.0,4.50756335578255,0.011950584387879104,0.4911467377094675,1,1.0,5.770578373523692,0.08420913370577557,0.05502705146135295,310,0.9038880248833593,0.8072015490768751,0.04713900940763388,0.5939548470280209,486,0.849144634525661,0.6219711557321896,0.15877685319914792,1,0.06714095169451723,1.7203045482220276,4.50756335578255,1.0,0.011950584387879104,0.0,0.938258164852255,0.06470439750042671,0.849144634525661,0.5,0.5,0.44134537465433415,0.5542925092849511,4,2024-06-28,60,0.0,0.0,,,0.0,,,,forced_top2,,,,True,,,True,-0.34904013961605806,-0.44904013961605804,-0.549040139616058,utility_positive
2024-07-02,160A,アズパートナーズ,0.0,-0.5398671096345509,True,True,True,2024-07-01,2024-07-01,-1.6209476309226978,-1.0355076564964167,0.22701240150191698,-0.30299872451973403,0.4,2.79703827377359,0.0,0.6563350373976407,0.035199192315769595,0.15720190890539276,0.9021062,-0.95312965,0.92583805,,-0.18807475,0.5534901356758433,2,0.9996889580093312,4.440422404088033,0.011950584387879104,0.3276840250505734,3,0.9993779160186625,3.829426559398299,0.08420913370577557,-0.023912875815411124,2687,0.16454121306376357,-0.8674184369761245,0.04713900940763388,0.6206675679475296,183,0.9433903576982893,0.7902118053059908,0.15877685319914792,2,1.0276285717634999,1.7203045482220276,4.440422404088033,0.9996889580093312,0.011950584387879104,1.0,0.7767496111975116,0.35420106422914877,0.16454121306376357,0.25,0.5,0.44134537465433415,0.5534901356758433,4,2024-06-28,60,0.0,0.0,,,0.0,,,,forced_top2,,,,True,,,True,-0.26993355481727543,-0.3699335548172754,-0.46993355481727545,utility_positive
2024-07-03,6151,日東⼯器,0.0,-4.340497260851239,True,True,True,2024-07-02,2024-07-02,-3.2746623004502706,-0.7507371901468993,0.3639008906557078,0.6704658326334925,0.75,1.6735008710196946,0.9504132231404894,-0.35137434049373867,-0.3980196187134919,-0.017697308682125535,0.5251927,-0.57794905,-0.33195022,0.7190279,-0.043568466,0.5432222169596274,1,1.0,4.006196866158577,0.011026496059179824,0.30086122057113796,1,1.0,3.887852900994583,0.07987436945257848,0.07678092423139775,16,0.9953445065176909,1.4123627848215272,0.0483393676484684,0.5787782615044085,609,0.8112973308504035,0.5251430070647136,0.15981637290054052,1,0.7344213922967855,0.6189668642593525,4.006196866158577,1.0,0.011026496059179824,0.0,0.9516604593420237,0.08106097427191661,0.8112973308504035,0.5,0.5,0.38752669210314017,0.5432222169596274,4,2024-06-28,60,0.0,0.0,,,0.0,,,,forced_top2,,,,True,,,True,-2.1702486304256197,-2.2702486304256198,-2.37024863042562,utility_positive
2024-07-03,7874,レック,1.0,1.5371477369769515,True,True,True,2024-07-02,2024-07-02,-2.740863787375414,-2.717807565092105,-0.30949270740591456,0.196854043714747,0.55,2.158636593167488,-0.41356492969396585,-0.07873327367243335,-0.09549507249447402,-0.05769447800500096,0.87433314,-0.9940723,-0.9051571,0.26733848,-0.9828097,0.5351241223716895,2,0.999689633767846,3.271775473861792,0.011026496059179824,0.2468083671589012,6,0.9984481688392303,3.2111295192303237,0.07987436945257848,0.053042426612182274,170,0.9475481067659839,0.9212827650776689,0.0483393676484684,0.6350503461496623,59,0.9819987585350713,0.8772476357955504,0.15981637290054052,2,0.366833988814238,0.6189668642593525,3.271775473861792,0.999689633767846,0.011026496059179824,1.0,0.9819211669770329,0.021037903242550005,0.9475481067659839,0.25,0.25,0.38752669210314017,0.5351241223716895,4,2024-06-28,60,1.0,1.0,2.0,-2.225931928687197,0.0,-0.0007856431408709286,2.0,2024-07-01,forced_top2,,,,True,,,True,0.7685738684884758,0.6685738684884758,0.5685738684884758,utility_positive
2024-07-04,168A,イタミアート,0.0,-1.8659295093296446,True,True,True,2024-07-03,2024-07-03,-1.9568151147098534,-1.0342948773226304,-0.4067374556266296,-0.5095324687520839,0.55,3.5627426003059433,1.1604095563140016,0.618672673857501,0.057963161463541815,-0.04819068145310778,0.91033256,-0.5813539,0.004750594,,-0.1104513,0.554902283936885,1,1.0,5.203685677159349,0.010872278165145133,0.3273728840595051,2,0.9996902106567535,4.361686071433658,0.07952912938074094,-0.051465663776896084,2928,0.09324659231722432,-1.1661896511259362,0.04924788604705629,0.606177775078482,333,0.8971499380421314,0.6847111969409668,0.15980886524713023,1,0.6115540140984032,2.0357539747689986,5.203685677159349,1.0,0.010872278165145133,0.0,0.7475216852540273,0.380065381181526,0.09324659231722432,0.5,0.5,0.3505134911028756,0.554902283936885,4,2024-06-28,60,0.0,0.0,,,0.0,,,,forced_top2,,,,True,,,True,-0.9329647546648223,-1.0329647546648224,-1.1329647546648223,utility_positive
2024-07-04,4177,ｉ‐ｐｌｕｇ,0.0,-1.6666666666666718,True,True,True,2024-07-03,2024-07-03,-10.743243243243239,-2.957309067306171,-0.5699013866543551,-0.1906788206773942,0.5,4.144357432424213,0.611828687967364,0.07920469133488317,0.5349330538643198,-0.32169029964472146,0.7975059,-0.9952494,-0.95961994,0.6887437,-0.93052256,0.5482532985825961,2,0.9996902106567535,4.592131663060946,0.010872278165145133,0.3812470523975011,1,1.0,5.039100356708638,0.07952912938074094,0.03493157483277326,582,0.8200123915737298,0.5881443019521085,0.04924788604705629,0.6381148164238234,46,0.9860594795539034,0.8845564389177092,0.15980886524713023,2,0.22131626773556398,2.0357539747689986,4.592131663060946,0.9996902106567535,0.010872278165145133,1.0,0.9514405204460967,0.07608856853787196,0.8200123915737298,0.5,0.5,0.3505134911028756,0.5482532985825961,4,2024-06-28,60,0.0,0.0,,,0.0,,,,forced_top2,,,,True,,,True,-0.8333333333333359,-0.9333333333333359,-1.0333333333333359,utility_positive
2024-07-05,5038,ｅＷｅＬＬ,1.0,1.0752688172043001,True,True,True,2024-07-04,2024-07-04,-4.536222071767093,-1.6948156922261908,0.3236815320400884,0.0425341951950046,0.7,2.7822305130493774,1.9323671497584627,0.44950563209128214,-0.02922983440300583,0.05558552383816964,0.8896142,-0.7916914,0.85845697,-0.30801186,-0.16498516,0.5362086753784534,1,1.0,3.187593057416863,0.011380083286448794,0.2174439263482659,8,0.9978361669242658,2.733568798954695,0.08199910613840761,0.018086689643447527,1390,0.5706336939721792,0.13213180474651876,0.048478782992194006,0.6251786211062652,139,0.9573415765069552,0.8016942883327147,0.1592151673789149,1,0.028285307155857805,0.6580289579186044,3.187593057416863,1.0,0.011380083286448794,0.0,0.88145285935085,0.1802540913517017,0.5706336939721792,0.25,0.25,0.4328928504909903,0.5362086753784534,4,2024-06-28,60,0.0,0.0,,,0.0,,,,forced_top2,,,,True,,,True,0.5376344086021501,0.4376344086021501,0.33763440860215005,utility_positive
2024-07-05,7932,ニッピ,0.0,-3.2786885245901676,True,True,True,2024-07-04,2024-07-04,-3.913043478260869,-2.634179942372046,0.3061498415261387,0.18897213286407716,0.55,2.7440033134121147,0.4366812227074135,0.3937699168518338,0.1059463455283858,0.027640852897971146,0.86646885,-0.9845697,0.8296736,0.75489616,-0.45519286,0.535886786227237,2,0.9996908809891808,3.1593077502610054,0.011380083286448794,0.25437431334952276,3,0.9993817619783617,3.1839442815718044,0.08199910613840761,0.036665194478125024,661,0.7959814528593508,0.515361409286488,0.048478782992194006,0.6461049672035603,25,0.99258114374034,0.9331286638497946,0.1592151673789149,2,0.08426818119989646,0.6580289579186044,3.1593077502610054,0.9996908809891808,0.011380083286448794,1.0,0.9469088098918084,0.08718426880748102,0.7959814528593508,0.25,0.5,0.4328928504909903,0.535886786227237,4,2024-06-28,60,0.0,0.0,,,0.0,,,,forced_top2,,,,True,,,True,-1.6393442622950838,-1.7393442622950839,-1.8393442622950837,utility_positive
2024-07-08,6151,日東⼯器,0.0,-3.8224956063268922,True,True,True,2024-07-05,2024-07-05,-0.8444444444444477,-1.9350469114797655,0.12221210692755005,0.5254366197322502,0.7,1.9009062858128856,0.0,-0.2048594604484916,-0.3854363543706239,-0.0820466701400585,0.47274882,-0.9632701,-0.6516588,0.45616114,-0.80450237,0.5359583403334218,1,1.0,3.062288016766342,0.011182739956263843,0.22516429097992613,6,0.9984615384615385,2.624010719688976,0.08091494897318977,0.06963415131617111,41,0.9876923076923076,1.160538856857011,0.05165930789378704,0.573027698474956,690,0.788,0.46745693523542814,0.16479452870725414,1,0.2272189530771689,0.3717783530202816,3.062288016766342,1.0,0.011182739956263843,0.0,0.9435384615384617,0.08992528127850226,0.788,0.25,0.25,0.41961245703884525,0.5359583403334218,4,2024-06-28,60,1.0,1.0,3.0,-4.5404972608512395,0.0,-0.007263876626205534,3.0,2024-07-03,forced_top2,,,,True,,,True,-1.9112478031634461,-2.011247803163446,-2.111247803163446,utility_positive
2024-07-08,7932,ニッピ,0.0,-4.248861911987856,True,True,True,2024-07-05,2024-07-05,-3.2786885245901676,-2.7601163227867676,0.1508212672759762,0.1462320860256696,0.55,2.8580570974956014,1.2066365007541435,0.454101741889541,0.13198815197630479,-0.017142604347360552,0.8157583,-0.9911137,0.7908768,0.75829387,-0.43661138,0.5334174098680253,2,0.9996923076923077,2.8350690636891733,0.011182739956263843,0.2386404184675252,3,0.9993846153846154,2.7905575402531744,0.08091494897318977,0.03504866997653352,724,0.7775384615384615,0.49104708955059856,0.05165930789378704,0.6378763802172297,52,0.9843076923076923,0.8609692821014625,0.16479452870725414,2,0.03886688435359104,0.3717783530202816,2.8350690636891733,0.9996923076923077,0.011182739956263843,1.0,0.9402307692307692,0.09413609058323943,0.7775384615384615,0.25,0.5,0.41961245703884525,0.5334174098680253,4,2024-06-28,60,1.0,1.0,1.0,-3.4786885245901678,1.0,-0.002469376359211628,1.0,2024-07-05,forced_top2,,,,True,,,True,-2.124430955993928,-2.224430955993928,-2.324430955993928,utility_positive
2024-07-09,6151,日東⼯器,1.0,0.22841480127913094,True,True,True,2024-07-08,2024-07-08,-3.8224956063268922,-2.650081894245555,-0.09799544743801178,0.4160552827037251,0.65,2.0905206205061506,2.0170327207530203,-0.009626788414352494,-0.35262080982640776,-0.1914583823628725,0.5880438,-0.9857946,-0.5933708,0.19064535,-0.95501626,0.5456305336909895,1,1.0,4.028970805324536,0.011323131417397603,0.33516000334664503,2,0.9996928746928747,4.052023991494649,0.08150475685422132,0.06911072027510495,44,0.9867936117936118,1.2050127213011246,0.051330747752137584,0.6018084575611965,407,0.8753071253071253,0.6697581967207773,0.16178590529251707,1,0.005865521669506795,1.5126420405322085,4.028970805324536,1.0,0.011323131417397603,0.0,0.965448402948403,0.05231530507251521,0.8753071253071253,0.5,0.5,0.4050870805792632,0.5456305336909895,4,2024-06-28,60,2.0,2.0,1.0,-4.022495606326892,1.0,0.009672193357567638,1.0,2024-07-08,forced_top2,,,,True,,,True,0.11420740063956547,0.014207400639565465,-0.08579259936043454,utility_positive
2024-07-09,173A,ハンモック,0.0,-1.9466474405191114,True,True,True,2024-07-08,2024-07-08,-0.21913805697589828,-0.20016019879132135,-0.09362680290941569,-0.6624461049714951,0.5,1.9369018607910689,0.0,0.09492624590881182,-0.04622496591425007,-0.11552736063321024,0.86327314,-0.109203905,-0.32110092,,-0.250074,0.545564117618294,2,0.9996928746928747,4.023105283655029,0.011323131417397603,0.3132255874209885,4,0.9990786240786241,3.7829057611944448,0.08150475685422132,-0.03504326773560369,2701,0.17076167076167081,-0.8240632725581569,0.051330747752137584,0.6032501282861894,390,0.8805282555282555,0.6786691752289873,0.16178590529251707,2,0.06130864089483644,1.5126420405322085,4.023105283655029,0.9996928746928747,0.011323131417397603,1.0,0.7625153562653563,0.3450778258688747,0.17076167076167081,0.25,0.5,0.4050870805792632,0.545564117618294,4,2024-06-28,60,0.0,0.0,,,0.0,,,,forced_top2,,,,True,,,True,-0.9733237202595557,-1.0733237202595558,-1.1733237202595557,utility_positive
2024-07-10,9418,Ｕ−ＮＥＸＴ ＨＯＬＤＩＮＧＳ,1.0,1.4101057579318343,True,True,True,2024-07-09,2024-07-09,-7.658643326039383,-1.3663730620707226,-0.2696656236489942,-0.029758787984611765,0.5,2.314624351442865,-0.6521739130434745,-0.31726480636305904,-0.1380692245689889,0.030790801242427956,0.76229995,-0.9697688,-0.94665086,-0.67694134,-0.951393,0.5407772556262447,1,1.0,3.9940565013043217,0.010529730328841636,0.29389330412132253,1,1.0,3.792494840705485,0.07987674154782234,0.05049828914244293,142,0.9566687154271666,0.9147408456568827,0.05031963838285408,0.6269954491109877,117,0.9643515673017824,0.8180330164727887,0.16357454455688863,1,0.7094848049962561,0.7303995606332063,3.9940565013043217,1.0,0.010529730328841636,0.0,0.9802550706822373,0.019930893366313467,0.9566687154271666,0.5,0.5,0.34943161214648416,0.5407772556262447,4,2024-06-28,60,0.0,0.0,,,0.0,,,,forced_top2,,,,True,,,True,0.7050528789659172,0.6050528789659172,0.5050528789659172,utility_positive
2024-07-10,3961,シルバーエッグ・テクノロジー,0.0,-0.19860973187686426,True,True,True,2024-07-09,2024-07-09,-4.003813155386082,-1.5293720141405103,-0.16074607323068527,0.3056101525265125,0.5,2.508200008442708,0.0,-0.2676182101564911,-0.20568039743224056,-0.17071643905977846,0.8079431,-0.9626556,-0.9122703,0.19561352,-0.7981624,0.5333065719572233,2,0.9996926859250154,3.2845716963080656,0.010529730328841636,0.23926916650787788,3,0.9993853718500307,3.10863948362709,0.07987674154782234,0.05086984713748084,137,0.9582052858020897,0.922124801642634,0.05031963838285408,0.6239891580847775,140,0.9572833435771358,0.7996542948058324,0.16357454455688863,2,0.2716196511907481,0.7303995606332063,3.2845716963080656,0.9996926859250154,0.010529730328841636,1.0,0.978641671788568,0.02090018148598487,0.9572833435771358,0.25,0.5,0.34943161214648416,0.5333065719572233,4,2024-06-28,60,0.0,0.0,,,0.0,,,,forced_top2,,,,True,,,True,-0.09930486593843213,-0.19930486593843214,-0.29930486593843214,utility_positive
2024-07-11,9070,トナミホールディングス,1.0,0.1686340640809414,True,True,True,2024-07-10,2024-07-10,-6.842923794712286,-1.4596834912625645,0.7210166792293776,0.27918557730558813,0.6,3.040046126456385,0.0,-0.30625557513116797,0.13333266971527016,-0.23738094904708415,0.85316753,-0.97750145,0.62995857,0.875074,-0.18886915,0.5444195428874686,1,1.0,3.9383100406058755,0.011234859215527249,0.3478142533465,1,1.0,4.351644092611415,0.07869608915826258,0.05671730053697686,124,0.9622351857537611,0.9857593247913038,0.05089309690168802,0.642868769634081,44,0.986797666564323,0.9028649425416566,0.16488628731681154,1,0.36991808081986405,0.8588986287239165,3.9383100406058755,1.0,0.011234859215527249,0.0,0.987258213079521,0.01541971357947487,0.9622351857537611,0.5,0.5,0.43840885165885846,0.5444195428874686,4,2024-06-28,60,0.0,0.0,,,0.0,,,,forced_top2,,,,True,,,True,0.0843170320404707,-0.01568296795952931,-0.11568296795952931,utility_positive
2024-07-11,2437,Ｓｈｉｎｗａ Ｗｉｓｅ Ｈｏｌｄｉｎｇｓ,0.0,-2.570694087403602,True,True,True,2024-07-10,2024-07-10,-6.601466992665039,-0.8126189462389253,-0.4257957972634645,0.0736566078239298,0.45,2.2988811281531376,2.2499999999999964,-0.7885418667671333,-0.2736733036747709,-0.021093669128184042,0.9153345,-1.0,-0.991119,-0.77264655,-0.91415036,0.5402635653281794,2,0.9996929689898679,3.568391959786011,0.011234859215527249,0.31974033757996695,2,0.9996929689898679,3.9949057074284524,0.07869608915826258,0.018946509016434823,1180,0.6380104390543445,0.24359990003660298,0.05089309690168802,0.6273981152865226,124,0.9622351857537611,0.8090387390452238,0.16488628731681154,2,0.08474607940292107,0.8588986287239165,3.568391959786011,0.9996929689898679,0.011234859215527249,1.0,0.8999078906969603,0.15197786893643198,0.6380104390543445,0.5,0.5,0.43840885165885846,0.5402635653281794,4,2024-06-28,60,0.0,0.0,,,0.0,,,,forced_top2,,,,True,,,True,-1.285347043701801,-1.3853470437018012,-1.485347043701801,utility_positive
2024-07-12,175A,Ｗｉｌｌ Ｓｍａｒｔ,1.0,1.2658227848101333,True,True,True,2024-07-11,2024-07-11,1.6894609814963824,0.09404771985625385,0.17453138535222465,-0.16643138736061952,0.55,1.960517703104328,-1.5835312747426777,-0.17625720548331117,-0.11975761383792173,-0.5500345583840747,0.71445495,-0.21919431,-0.5183649,,-0.6072275,0.5406326101501301,1,1.0,3.6003755286298667,0.011488424337924852,0.24414738197185054,3,0.9993838570548367,2.9317129105550612,0.08514254008953676,0.003697994903620374,1656,0.4901417128773875,-0.017722553692155193,0.05121940439074603,0.5900456054172473,525,0.8385705483672212,0.5998640433198417,0.16040265835420586,1,0.008561763785898185,0.9272995778040608,3.6003755286298667,1.0,0.011488424337924852,0.0,0.8320240295748614,0.20805745232574865,0.4901417128773875,0.25,0.5,0.4039924652470841,0.5406326101501301,4,2024-06-28,60,0.0,0.0,,,0.0,,,,forced_top2,,,,True,,,True,0.6329113924050667,0.5329113924050667,0.43291139240506665,utility_positive
2024-07-12,2788,アップルインターナショナル,1.0,1.2891344383057168,True,True,True,2024-07-11,2024-07-11,-7.731092436974785,-1.565377698368466,-0.035870410073630586,0.19071943619930992,0.5,2.6069287319351098,0.0,0.061811464751290644,0.41759853585847695,0.17771489712266067,0.721564,-0.9549763,-0.48163506,0.9496296,-0.8021327,0.5405342489746766,2,0.9996919285274184,3.5918137648439683,0.011488424337924852,0.2809896070833376,2,0.9996919285274184,3.3644252194989033,0.08514254008953676,0.060911309250978055,68,0.9793592113370302,1.0993016489105325,0.05121940439074603,0.6219741357220026,148,0.9547134935304991,0.7989164195856375,0.16040265835420586,2,0.02776666544686794,0.9272995778040608,3.5918137648439683,0.9996919285274184,0.011488424337924852,1.0,0.9833641404805915,0.01850737929251461,0.9547134935304991,0.5,0.5,0.4039924652470841,0.5405342489746766,4,2024-06-28,60,0.0,0.0,,,0.0,,,,forced_top2,,,,True,,,True,0.6445672191528584,0.5445672191528584,0.4445672191528584,utility_positive
2024-07-16,5957,日東精⼯,0.0,-1.0954616588419452,True,True,True,2024-07-12,2024-07-12,-10.098176718092567,-0.02846348553545468,0.06903732850624955,-0.044376167797377325,0.45,3.0824794782445712,3.4833091436865082,0.5048158475678932,0.18650914553659137,0.051123253016304236,0.77988166,0.87514794,0.76035506,0.32366863,-0.2923077,0.5293605150319826,1,1.0,2.957230971554939,0.011823929503929353,0.218651676117255,2,0.9996916435399321,2.6613209861258533,0.1014325315003894,-0.07512812234424068,3045,0.06136293555349981,-1.4065773650755578,0.05469563238271383,0.6118599963540559,248,0.923835954363244,0.7394411032257087,0.16045414987534723,1,0.08910786314625242,0.40835165058388784,2.957230971554939,1.0,0.011823929503929353,0.0,0.7462226333641689,0.396619713459171,0.06136293555349981,0.5,0.5,0.2758159540372411,0.5293605150319826,4,2024-06-28,60,0.0,0.0,,,0.0,,,,forced_top2,,,,True,,,True,-0.5477308294209726,-0.6477308294209726,-0.7477308294209726,utility_positive
2024-07-16,8938,グローム・ホールディングス,1.0,3.2727272727272716,True,True,True,2024-07-12,2024-07-12,0.3654080389768666,-0.3551906492323549,1.3020199480663188,0.7474647930833659,0.75,2.2845357810246365,0.0,-0.24648031762962316,-0.2269553032883822,-0.0866489708604635,0.88816565,-0.8011834,0.96035504,0.8994083,0.5094675,0.5283069099398955,2,0.9996916435399321,2.868123108408687,0.011823929503929353,0.15384941031695867,12,0.9966080789392537,2.0224503512147303,0.1014325315003894,0.060310762963995054,61,0.9814986123959297,1.0696511637500865,0.05469563238271383,0.6608270523851889,6,0.9984582176996608,1.044618975341664,0.16045414987534723,2,0.11894136500734316,0.40835165058388784,2.868123108408687,0.9996916435399321,0.011823929503929353,1.0,0.9940641381436941,0.007337247852871924,0.9814986123959297,0.25,0.25,0.2758159540372411,0.5283069099398955,4,2024-06-28,60,0.0,0.0,,,0.0,,,,forced_top2,,,,True,,,True,1.6363636363636358,1.5363636363636357,1.4363636363636358,utility_positive
2024-07-17,7807,幸和製作所,0.0,-2.4207011686143587,True,True,True,2024-07-16,2024-07-16,-9.316770186335399,-0.6643633658823012,0.2512865070082582,0.30931826092586373,0.7,2.743431245665625,-2.2761760242792084,-0.7776616174467611,-0.4701978313477062,-0.1506040059184037,0.7485918,-0.98339754,-0.95612216,-0.7895049,-0.94367033,0.5551301636935987,1,1.0,5.249239718090174,0.010866842187140291,0.3679373674841809,2,0.9996911673872761,4.516018407810405,0.08607213425070703,0.0531556927429063,226,0.9305126621371217,0.8458736703454021,0.048118704367684804,0.6336029846281804,65,0.9802347127856702,0.8390555795656621,0.16575527736735984,1,0.2726325750215523,2.0990353903320487,5.249239718090174,1.0,0.010866842187140291,0.0,0.977609635577517,0.02834580393828628,0.9305126621371217,0.5,0.5,0.30672482169610155,0.5551301636935987,4,2024-06-28,60,0.0,0.0,,,0.0,,,,forced_top2,,,,True,,,True,-1.2103505843071793,-1.3103505843071794,-1.4103505843071793,utility_positive
2024-07-17,4434,サーバーワークス,1.0,2.6470588235294024,True,True,True,2024-07-16,2024-07-16,-13.471502590673579,-2.2091392451696024,-1.05779199673208,0.08780434007010912,0.5,3.7563414908500654,14.54005934718101,1.3837642434117599,0.5934006025497068,-0.5791116266257944,0.9069078,0.01334124,0.066113256,0.9359621,-0.4645716,0.5521675085257658,2,0.9996911673872761,4.976607143068622,0.010866842187140291,0.47630717064637423,1,1.0,5.775076337599141,0.08607213425070703,-0.040974654719107245,2849,0.12044471896232245,-1.1103375098797432,0.048118704367684804,0.6296680032735841,86,0.9737492279184682,0.8153158747605154,0.16575527736735984,2,0.8405224516237721,2.0990353903320487,4.976607143068622,0.9996911673872761,0.010866842187140291,1.0,0.7734712785670167,0.3771755706158203,0.12044471896232245,0.5,0.5,0.30672482169610155,0.5521675085257658,4,2024-06-28,60,0.0,0.0,,,0.0,,,,forced_top2,,,,True,,,True,1.3235294117647012,1.223529411764701,1.1235294117647012,utility_positive
2024-07-18,3760,ケイブ,0.0,-6.6016504126031545,True,True,True,2024-07-17,2024-07-17,-10.856372218476062,-0.739375075822091,0.014146569105096951,0.07162592390605278,0.45,3.3818785522650083,-1.6578249336870021,-0.31304546993842275,-0.15659734131394396,-0.008598226255489737,0.8225519,-0.9578635,-0.9091988,-0.6908012,-0.98813057,0.5448993884004515,1,1.0,4.06653331941497,0.011699735838586633,0.3010428430327107,1,1.0,3.642894068944445,0.09023967596743107,0.034961296881008005,792,0.7554868624420402,0.41773342804399916,0.0527444592547245,0.6298610351579824,89,0.9727975270479134,0.8293322286407278,0.1626189440846958,1,0.33920563871610115,0.7452677448853787,4.06653331941497,1.0,0.011699735838586633,0.0,0.9320710973724884,0.10255401713784176,0.7554868624420402,0.5,0.5,0.34663362239421175,0.5448993884004515,4,2024-06-28,60,0.0,0.0,,,0.0,,,,forced_top2,,,,True,,,True,-3.3008252063015773,-3.4008252063015774,-3.5008252063015775,utility_positive
2024-07-18,6814,古野電気,0.0,-4.359925788497221,True,True,True,2024-07-17,2024-07-17,-9.105560032232074,-0.5032453392298759,-0.009440443255423415,0.26279510824047003,0.6,2.7019498348304767,2.0559210526315708,0.6388372490322103,0.17237398756596667,-0.08966544867535876,0.7792285,-0.66646886,0.7661721,0.8397626,-0.23679525,0.540930772032514,2,0.9996908809891808,3.727327680698868,0.011699735838586633,0.29655025809890073,3,0.9993817619783617,3.5931090394034317,0.09023967596743107,0.05860656232994582,151,0.9536321483771252,0.8660319940553632,0.0527444592547245,0.6280598269974974,103,0.9684698608964452,0.8182559781422194,0.1626189440846958,2,0.06280754368492938,0.7452677448853787,3.727327680698868,0.9996908809891808,0.011699735838586633,1.0,0.9802936630602782,0.019945214002971542,0.9536321483771252,0.25,0.5,0.34663362239421175,0.540930772032514,4,2024-06-28,60,0.0,0.0,,,0.0,,,,forced_top2,,,,True,,,True,-2.1799628942486104,-2.2799628942486105,-2.3799628942486106,utility_positive
2024-07-19,4385,メルカリ,1.0,0.3216123499142354,True,True,True,2024-07-18,2024-07-18,-4.772542648253452,-0.5564752313415662,0.8637030279228954,0.5159980903541775,0.6,2.9377375074592087,-0.020304568527917954,-0.0804183840943129,0.03578368691149284,0.22797746116605214,0.88231814,-0.7557658,0.88941455,0.8947368,0.3258427,0.5368264427795,1,1.0,3.392807095326503,0.011715170253748686,0.22664544901413633,3,0.9993819530284301,2.9169283316331254,0.08897691843097211,0.050656046338503895,268,0.9174907292954264,0.7759770721673763,0.048817263112892945,0.6564026712781181,10,0.9972187886279357,1.0142396348781224,0.15996881170289534,1,0.06669935591221496,0.7266414221375678,3.392807095326503,1.0,0.011715170253748686,0.0,0.978522867737948,0.03525204969270965,0.9174907292954264,0.25,0.5,0.3549612296338789,0.5368264427795,4,2024-06-28,60,0.0,0.0,,,0.0,,,,forced_top2,,,,True,,,True,0.1608061749571177,0.06080617495711768,-0.039193825042882324,utility_positive
2024-07-19,3760,ケイブ,0.0,-0.23809523809523725,True,True,True,2024-07-18,2024-07-18,-6.6016504126031545,-2.045620651300468,-0.31593595152506077,-0.14858483511634044,0.45,3.6913442742689333,0.8320726172466042,-0.21158268414651515,-0.14738170906790563,-0.06173163464090373,0.8935541,-0.97930217,-0.95387346,-0.9461857,-0.8840923,0.536045048469173,2,0.9996909765142151,3.326107739414288,0.011715170253748686,0.24205172871869657,2,0.9996909765142151,3.090077503083836,0.08897691843097211,0.03902756113184518,600,0.8148949320148331,0.5377727062288942,0.048817263112892945,0.6654284498141868,3,0.9993819530284301,1.0706617489139005,0.15996881170289534,2,0.31072413522191233,0.7266414221375678,3.326107739414288,0.9996909765142151,0.011715170253748686,1.0,0.9534147095179233,0.07997453033573255,0.8148949320148331,0.5,0.75,0.3549612296338789,0.536045048469173,4,2024-06-28,60,1.0,1.0,1.0,-6.801650412603155,1.0,-0.008854339931278488,1.0,2024-07-18,forced_top2,,,,True,,,True,-0.11904761904761862,-0.21904761904761863,-0.31904761904761864,utility_positive
2024-07-22,8617,光世証券,1.0,1.9230769230769162,True,True,True,2024-07-19,2024-07-19,-16.37239165329053,-2.503122502929,-0.8174107536266971,-0.5547189239794273,0.45,4.317393746399791,1.631321370309946,0.2832881514952179,0.13021918810862157,-0.09567956384974846,0.9029011,-0.97809356,-0.95500296,-0.9686205,-0.95204264,0.5612857134593139,1,1.0,5.52862904217527,0.01127137880558643,0.4838137542096053,1,1.0,6.097913475818103,0.08090738979342438,0.009385072140563009,1719,0.46662527165476564,-0.05936588278850654,0.04836006007264424,0.6698533486099978,1,1.0,1.0964339218118235,0.16202706686207563,1,1.4501520223290805,1.5065505229483416,5.52862904217527,1.0,0.01127137880558643,0.0,0.8666563179136915,0.23095803224179845,0.46662527165476564,0.75,0.75,0.40080330934300884,0.5612857134593139,4,2024-06-28,60,0.0,0.0,,,0.0,,,,forced_top2,,,,True,,,True,0.9615384615384581,0.8615384615384581,0.7615384615384582,utility_positive
2024-07-22,7807,幸和製作所,1.0,1.9354838709677358,True,True,True,2024-07-19,2024-07-19,-4.533565823888408,-2.8844932105943943,-0.3432257599978671,0.17184346676234624,0.6,2.916125516894091,-0.434027777777779,-0.5231866342908671,-0.42121111480872725,-0.20332432008645251,0.81823564,-0.99526346,-0.9810539,-0.87921846,-0.88898754,0.5449405006899556,2,0.999689537410742,4.07847701984619,0.01127137880558643,0.3156019381675978,2,0.999689537410742,4.0188473179369515,0.08090738979342438,0.05338697065709403,205,0.9366656317913691,0.8505150902796287,0.04836006007264424,0.6489067933408625,12,0.9965849115181621,0.9671557976391144,0.16202706686207563,2,0.38663001197163227,1.5065505229483416,4.07847701984619,0.999689537410742,0.01127137880558643,1.0,0.9831574045327538,0.026871944995992873,0.9366656317913691,0.5,0.5,0.40080330934300884,0.5449405006899556,4,2024-06-28,60,1.0,1.0,3.0,-2.620701168614359,0.0,-0.010189663003643101,3.0,2024-07-17,forced_top2,,,,True,,,True,0.9677419354838679,0.8677419354838679,0.7677419354838679,utility_positive
2024-07-23,6048,デザインワン・ジャパン,0.0,-2.0689655172413834,True,True,True,2024-07-22,2024-07-22,-10.429447852760731,-1.7045903109390579,-0.13142452809965569,0.1779711489899671,0.55,2.781190775489541,-1.2121212121212088,-0.027092705059572085,0.0003151093232193721,0.06328745622251589,0.83855706,-0.95032525,-0.66499114,0.5048802,-0.45860437,0.554267250548121,1,1.0,3.9321141110613156,0.013123646886316731,0.4091686827153133,1,1.0,4.467107484452994,0.08580413885059543,0.03813426540286718,678,0.7888992828188338,0.5011967711450543,0.053566791583133176,0.63010980342397,79,0.9756782039289055,0.8608561218610762,0.16188244452551498,1,0.6817994019488859,0.7689420363467555,3.9321141110613156,1.0,0.013123646886316731,0.0,0.9411443716869349,0.08845779024769936,0.7888992828188338,0.5,0.5,0.5788522520840399,0.554267250548121,4,2024-06-28,60,0.0,0.0,,,0.0,,,,forced_top2,,,,True,,,True,-1.0344827586206917,-1.1344827586206918,-1.2344827586206917,utility_positive
2024-07-23,3793,ドリコム,1.0,0.6410256410256387,True,True,True,2024-07-22,2024-07-22,-9.710144927536234,-2.9086579974099775,-0.8225584330161391,-0.5469460758894618,0.35,2.5699922472486665,-1.5691868758915817,-0.07947905821190311,-0.18464789639022242,0.14054151663295242,0.8308693,-0.9846245,-0.97871083,-0.99231,-0.693081,0.5453195559496419,2,0.9996881821016527,3.25031470911243,0.013123646886316731,0.3924416027903495,2,0.9996881821016527,4.272162576794291,0.08580413885059543,0.04466134341946318,495,0.8459619582164016,0.6230461077151993,0.053566791583133176,0.6525382863317903,10,0.9971936389148737,0.9994040846964486,0.16188244452551498,2,0.12768327409676028,0.7689420363467555,3.25031470911243,0.9996881821016527,0.013123646886316731,1.0,0.9606329903336451,0.06621318342970994,0.8459619582164016,0.5,0.5,0.5788522520840399,0.5453195559496419,4,2024-06-28,60,0.0,0.0,,,0.0,,,,forced_top2,,,,True,,,True,0.3205128205128194,0.22051282051281937,0.12051282051281936,utility_positive
2024-07-24,7256,河⻄⼯業,0.0,-4.147465437788023,True,True,True,2024-07-23,2024-07-23,-13.438735177865613,-2.8764262808561396,-0.42437705901207545,-0.35500771702709194,0.45,3.6580913734647322,22.815533980582515,1.321229741068532,0.33435160077412945,-0.4682695466543937,0.85794616,0.8745191,0.9206866,-0.59680283,0.012133768,0.5547566866252478,1,1.0,4.7950946022505985,0.01172417513874513,0.5600516926244533,1,1.0,7.026435599036612,0.08058374225685833,-0.10959927943766476,3200,0.005286069651741276,-2.2843353929345267,0.0491245058221411,0.624177767981508,118,0.9636194029850746,0.839992312594589,0.1582094871884106,1,1.7480618010440776,0.5232204037095977,4.7950946022505985,1.0,0.01172417513874513,0.0,0.742226368159204,0.4257318316670912,0.005286069651741276,0.5,0.5,0.46644792635251187,0.5547566866252478,4,2024-06-28,60,0.0,0.0,,,0.0,,,,forced_top2,,,,True,,,True,-2.0737327188940116,-2.1737327188940117,-2.2737327188940117,utility_positive
2024-07-24,6324,ハーモニック・ドライブ・システムズ,0.0,-2.1077283372365363,True,True,True,2024-07-23,2024-07-23,-3.1638418079096065,-1.7713216726430112,-0.11851692781403178,0.23641407300725248,0.55,2.494132918957906,3.75146541617819,-0.09126202888528387,-0.030947024157576723,-0.09145561510163158,0.7798165,-0.9544244,-0.7407517,0.51924217,-0.79757327,0.5342621039164568,2,0.9996890547263682,3.047032801206521,0.01172417513874513,0.25275325995527437,3,0.9993781094527363,3.213030760009973,0.08058374225685833,0.017806169604986044,1075,0.666044776119403,0.30918584275854366,0.0491245058221411,0.6223365760540949,133,0.9589552238805971,0.8283546291652729,0.1582094871884106,2,0.2682491213540693,0.5232204037095977,3.047032801206521,0.9996890547263682,0.01172417513874513,1.0,0.9060167910447762,0.13953482932279168,0.666044776119403,0.25,0.5,0.46644792635251187,0.5342621039164568,4,2024-06-28,60,0.0,0.0,,,0.0,,,,forced_top2,,,,True,,,True,-1.0538641686182681,-1.1538641686182682,-1.253864168618268,utility_positive
2024-07-25,6707,サンケン電気,0.0,-7.9125,True,True,True,2024-07-24,2024-07-24,-7.8790603574238505,-2.4900734261996975,-0.19499187057351422,0.162611534871497,0.65,2.3327523414941203,20.278491280248744,1.0892339033818788,0.2630165989164388,-0.30700831620593905,0.79385704,0.8641465,0.9568813,0.8322504,0.69757825,0.5519522279029735,1,1.0,3.75364735454275,0.01323312367956414,0.5188814500687748,1,1.0,5.720140270031497,0.08523494198469149,-0.03690455208095121,2688,0.1626674976628233,-0.7402272181699158,0.054098912880999814,0.6307193337928428,87,0.9732003739482705,0.8605353587671271,0.1650369855979057,1,0.6547660624673635,0.8589331289757434,3.75364735454275,1.0,0.01323312367956414,0.0,0.7839669679027734,0.3588742313117039,0.1626674976628233,0.5,0.5,0.606801196905283,0.5519522279029735,4,2024-06-28,60,0.0,0.0,,,0.0,,,,forced_top2,,,,True,,,True,-3.95625,-4.0562499999999995,-4.15625,utility_positive
2024-07-25,157A,グリーンモンスター,0.0,-2.0386266094420624,True,True,True,2024-07-24,2024-07-24,-9.999999999999998,-2.7172876938973327,-0.6650869482627958,-0.3660059668617107,0.35,3.0810997147529053,7.614213197969533,0.43891944712541653,0.35794899091846,-0.08899322648242808,0.8292971,-0.9060839,-0.6272888,-0.44300058,-0.485824,0.5432876276171617,2,0.999688376441259,3.098881292075386,0.01323312367956414,0.394325859697178,2,0.999688376441259,4.258819508013879,0.08523494198469149,-0.0011743876456674987,1713,0.46650046743533813,-0.07976728408808738,0.054098912880999814,0.6320126346938855,79,0.9756933624181988,0.8683717894699612,0.1650369855979057,2,0.4251617249576867,0.8589331289757434,3.098881292075386,0.999688376441259,0.01323312367956414,1.0,0.8603926456840137,0.22762463870333388,0.46650046743533813,0.5,0.5,0.606801196905283,0.5432876276171617,4,2024-06-28,60,0.0,0.0,,,0.0,,,,forced_top2,,,,True,,,True,-1.0193133047210312,-1.1193133047210313,-1.2193133047210312,utility_positive
2024-07-26,4588,オンコリスバイオファーマ,0.0,0.0,True,True,True,2024-07-25,2024-07-25,-10.062893081761004,-3.3010996209369843,-0.08102230027628199,-0.12203567084604332,0.5,3.4023074848721686,10.416666666666675,0.5760930546580368,-0.13099543611209422,-0.1230243996836312,0.86796343,-0.7707044,0.88505745,-0.86442673,0.27910402,0.5586035384631413,1,1.0,4.49808027926217,0.012989297087004859,0.5202087206262381,1,1.0,5.974940130361394,0.08465259389096128,0.004384778264660457,1351,0.5770676691729324,0.1504268504586768,0.05019288769809699,0.6455605456044041,17,0.9949874686716792,0.9921622338714635,0.16041263217155194,1,1.4839589363158991,0.5548182054074297,4.49808027926217,1.0,0.012989297087004859,0.0,0.893013784461153,0.18242305272897597,0.5770676691729324,0.5,0.5,0.5510984104054354,0.5586035384631413,4,2024-06-28,60,0.0,0.0,,,0.0,,,,forced_top2,,,,True,,,True,0.0,-0.1,-0.2,utility_positive
2024-07-26,9812,テーオーホールディングス,0.0,-6.020942408376961,True,True,True,2024-07-25,2024-07-25,-6.796116504854366,-0.5451637552122461,0.09324292265972142,0.29705275618563565,0.55,2.5875317031193226,0.0,-0.15853144207908781,-0.09141967253429159,-0.027442970711510438,0.7718833,-0.87150013,0.010904804,0.648099,-0.5310934,0.5393279549744183,2,0.99968671679198,3.0141213429462703,0.012989297087004859,0.2866741841151294,3,0.9993734335839599,3.2161996620903524,0.08465259389096128,0.06510164484157469,53,0.9837092731829574,1.360097569986062,0.05019288769809699,0.6248528137708902,127,0.9605263157894737,0.8630718277532706,0.16041263217155194,2,0.4157565742686743,0.5548182054074297,3.0141213429462703,0.99968671679198,0.012989297087004859,1.0,0.9858239348370927,0.015970339407868194,0.9605263157894737,0.25,0.5,0.5510984104054354,0.5393279549744183,4,2024-06-28,60,0.0,0.0,,,0.0,,,,forced_top2,,,,True,,,True,-3.0104712041884807,-3.1104712041884808,-3.210471204188481,utility_positive
2024-07-29,2108,日本甜菜製糖,0.0,-0.153668843641952,True,True,True,2024-07-26,2024-07-26,-7.840342124019961,-1.4708706076587341,0.46133330643632464,0.2933764239641688,0.6,3.4076371821459595,-0.2842928216062579,0.26872123217186905,0.17576094539405987,0.023700429372803786,0.81085086,-0.62229466,0.9614586,0.9246961,0.5262378,0.5436124110861744,1,1.0,3.504860876403548,0.012543714648729443,0.3133999570160414,3,0.9993694829760403,3.591159405869185,0.0821940258454138,0.055448084629539145,71,0.9779319041614124,1.1629214715713068,0.05294180383223805,0.6397478201474147,18,0.994640605296343,0.9628493031112112,0.15924573829680821,1,0.18907649612529617,0.9789428718455212,3.504860876403548,1.0,0.012543714648729443,0.0,0.9929854981084489,0.008934603657995735,0.9779319041614124,0.25,0.5,0.53588093248339,0.5436124110861744,4,2024-06-28,60,0.0,0.0,,,0.0,,,,forced_top2,,,,True,,,True,-0.076834421820976,-0.176834421820976,-0.276834421820976,utility_positive
2024-07-29,4373,シンプレクス・ホールディングス,0.0,-2.5652565256525706,True,True,True,2024-07-26,2024-07-26,-7.692307692307687,-2.081960330655561,-0.5302645593013849,-0.08073487832178759,0.4,2.170553158984804,-7.677543186180424,-0.6800655509038027,-0.1403682920770725,0.4325068950969318,0.7230952,-0.9952564,-0.97628224,-0.7438482,-0.46516454,0.5412406894719971,2,0.9996847414880202,3.3157843802782514,0.012543714648729443,0.2885772587177484,4,0.9990542244640606,3.2891581589053462,0.0821940258454138,-0.01811852384795875,1985,0.3745271122320303,-0.22665355519989497,0.05294180383223805,0.6313492805778569,51,0.9842370744010088,0.9101098096755732,0.15924573829680821,2,0.044285771230933704,0.9789428718455212,3.3157843802782514,0.9996847414880202,0.012543714648729443,1.0,0.83937578814628,0.26845169365316984,0.3745271122320303,0.25,0.5,0.53588093248339,0.5412406894719971,4,2024-06-28,60,0.0,0.0,,,0.0,,,,forced_top2,,,,True,,,True,-1.2826282628262853,-1.3826282628262854,-1.4826282628262852,utility_positive
2024-07-30,7043,アルー,1.0,2.4242424242424176,True,True,True,2024-07-29,2024-07-29,-1.6806722689075682,-0.022271266416121094,1.0554030059946922,0.8402934628566037,0.7,2.302383413809612,0.0,-0.9262827393217744,-0.928305740500059,-0.5451301663167831,0.51840854,-0.7488124,0.4192399,-0.5421615,0.25356296,0.5358006852723509,1,1.0,3.5169921365190504,0.011390969605127532,0.25702356740083404,7,0.9981214777708203,3.2793331946097974,0.08479231649117741,0.1124591438417357,1,1.0,2.360995525996466,0.050130925400691036,0.5977261330219014,388,0.8788353162179086,0.6706390826861043,0.1594421381780517,1,0.20698213420418662,0.6595468068676061,3.5169921365190504,1.0,0.011390969605127532,0.0,0.9692391984971822,0.05220033957120563,0.8788353162179086,0.5,0.5,0.3389871949356942,0.5358006852723509,4,2024-06-28,60,0.0,0.0,,,0.0,,,,forced_top2,,,,True,,,True,1.2121212121212088,1.1121212121212087,1.0121212121212089,utility_positive
2024-07-30,2413,エムスリー,0.0,-1.0689655172413826,True,True,True,2024-07-29,2024-07-29,-7.7022653721682826,-1.9420019964582516,-0.5876862425650858,-0.20860104976449062,0.4,2.5378029831872606,3.5175879396984966,0.26560156248297506,-0.010714575118394753,-0.4093289736449349,0.8628266,-0.90795726,-0.692399,-0.807601,-0.83729213,0.5334429580728266,2,0.9996869129618033,3.3100100023148635,0.011390969605127532,0.29786372200078315,4,0.9990607388854101,3.760982432299848,0.08479231649117741,0.022464016931612044,651,0.7964934251721979,0.5657937380621241,0.050130925400691036,0.6485038559017285,7,0.9981214777708203,0.989110243823713,0.1594421381780517,2,0.046722992208827537,0.6595468068676061,3.3100100023148635,0.9996869129618033,0.011390969605127532,1.0,0.9483406386975579,0.08767079992525904,0.7964934251721979,0.25,0.5,0.3389871949356942,0.5334429580728266,4,2024-06-28,60,0.0,0.0,,,0.0,,,,forced_top2,,,,True,,,True,-0.5344827586206913,-0.6344827586206913,-0.7344827586206912,utility_positive
2024-07-31,6727,ワコム,0.0,-1.6216216216216162,True,True,True,2024-07-30,2024-07-30,-8.774038461538458,-2.6802094866624793,-0.4867359000936927,0.17337465898637214,0.45,2.7553886274679225,10.49136786188578,0.4574100166018197,0.2617531871395217,-0.10878326735964111,0.7302769,-0.21226555,-0.016969336,0.88806194,0.13337302,0.5504599167035183,1,1.0,4.164950479531775,0.012135028479779653,0.47611992096068106,1,1.0,5.238338526059546,0.08857665505662025,0.008533996943100688,1349,0.5767660910518053,0.150685841080162,0.05314040986976036,0.6186651843679598,166,0.9481946624803768,0.7901070962086524,0.16080522607313363,1,1.0740887632350042,0.5199621172271317,4.164950479531775,1.0,0.012135028479779653,0.0,0.8812401883830455,0.1770558974292531,0.5767660910518053,0.5,0.5,0.47240443959181017,0.5504599167035183,4,2024-06-28,60,0.0,0.0,,,0.0,,,,forced_top2,,,,True,,,True,-0.8108108108108081,-0.9108108108108081,-1.010810810810808,utility_positive
2024-07-31,9340,アソインターナショナル,1.0,3.2032032032031976,True,True,True,2024-07-30,2024-07-30,-4.67557251908397,-1.1197410115321005,-0.20132150782296962,0.3248544871905471,0.6,2.2801232571761894,0.0,-0.38394155419643533,0.08008922352992612,-0.019048485254693198,0.7005061,-0.9339089,-0.87377197,0.85829115,-0.8588866,0.5374258189718503,2,0.9996860282574568,3.090861716296771,0.012135028479779653,0.25868223438377635,5,0.9987441130298274,2.783541757792405,0.08857665505662025,0.03942065053255896,436,0.8634222919937206,0.7319130778507683,0.05314040986976036,0.6191078649738212,158,0.9507064364207222,0.7928599955805924,0.16080522607313363,2,0.18363760851450062,0.5199621172271317,3.090861716296771,0.9996860282574568,0.012135028479779653,1.0,0.9531397174254317,0.05545596729175375,0.8634222919937206,0.25,0.5,0.47240443959181017,0.5374258189718503,4,2024-06-28,60,0.0,0.0,,,0.0,,,,forced_top2,,,,True,,,True,1.6016016016015988,1.5016016016015987,1.4016016016015989,utility_positive
2024-08-01,8938,グローム・ホールディングス,0.0,-4.433497536945808,True,True,True,2024-07-31,2024-07-31,-7.540603248259858,-1.114382107074427,0.5126300405448881,0.6327343708575791,0.55,2.96661274207101,-1.4857142857142902,-0.3444433127851415,-0.30862631788538286,0.04489835483757326,0.8325913,-0.91629565,0.4752152,0.8029089,-0.4392995,0.5607304647652422,1,1.0,4.522057362223474,0.01538467660666043,0.34427294672224595,1,1.0,3.631851732705229,0.11794599820032643,0.055976373486086466,147,0.9544319600499376,1.0245810142472476,0.0586530472528057,0.6497227939754517,10,0.9971910112359551,1.0240633982133265,0.14801130456314338,1,1.3485990921072646,0.6986736707153542,4.522057362223474,1.0,0.01538467660666043,0.0,0.9879057428214733,0.01936009075369757,0.9544319600499376,0.5,0.5,0.2994481683375036,0.5607304647652422,4,2024-07-31,82,0.0,1.0,12.0,3.0727272727272714,0.0,0.032423554825346756,12.0,2024-07-16,forced_top2,,,,True,,,True,-2.216748768472904,-2.316748768472904,-2.416748768472904,utility_positive
2024-08-01,3542,ベガコーポレーション,1.0,0.40650406504065817,True,True,True,2024-07-31,2024-07-31,-6.222865412445733,-1.4346488604021084,-0.06330282245402392,-0.08605155553542906,0.6,2.4152107035500388,-1.9858156028368823,-0.049144831004204234,-0.11129699080288454,-0.2506214437289129,0.7750074,-0.9536955,-0.30305728,-0.8153755,-0.39091718,0.5399827038611361,2,0.9996878901373284,3.1734582701162095,0.01538467660666043,0.2122160417741242,3,0.9993757802746567,2.5122130254739035,0.11794599820032643,0.0679662019294143,68,0.9790886392009988,1.2290005457960418,0.0586530472528057,0.6276551942639317,66,0.9797128589263421,0.8749693828835327,0.14801130456314338,2,0.22590292392525882,0.6986736707153542,3.1734582701162095,0.9996878901373284,0.01538467660666043,1.0,0.9894662921348315,0.010068566937324497,0.9790886392009988,0.25,0.5,0.2994481683375036,0.5399827038611361,4,2024-07-31,82,0.0,0.0,,,0.0,,,,forced_top2,,,,True,,,True,0.20325203252032908,0.10325203252032908,0.0032520325203290734,utility_positive
2024-08-02,7046,ＴＤＳＥ,0.0,-8.113207547169809,True,True,True,2024-08-01,2024-08-01,-9.237379162191194,-1.1767622934224982,-0.008583054496906684,0.15669866532421103,0.5,2.4085050427264436,-2.103049421661407,-0.6215317777875191,-0.3005371306876544,-0.13367605432191035,0.37916788,-0.951018,-0.80171144,-0.55975217,-0.46503392,0.5565164830748498,1,1.0,3.1551932775528555,0.016548878842599812,0.36762792949718825,1,1.0,3.563369352875749,0.09400839946488002,0.061410758392262114,89,0.9721607086365074,1.02917723389469,0.04945550330869591,0.5715915106352025,645,0.7962670041126225,0.5014728368176319,0.1551523161440591,1,0.2710004290684411,0.4662144589386803,3.1551932775528555,1.0,0.016548878842599812,0.0,0.9421069281872825,0.08496429941631034,0.7962670041126225,0.5,0.5,0.5016187152431828,0.5565164830748498,4,2024-07-31,82,0.0,0.0,,,0.0,,,,forced_top2,,,,True,,,True,-4.0566037735849045,-4.156603773584904,-4.256603773584905,utility_positive
2024-08-02,8938,グローム・ホールディングス,0.0,-4.021447721179627,True,True,True,2024-08-01,2024-08-01,-4.433497536945808,-1.9302433618071533,0.1296648411169527,0.5488477427430651,0.5,3.0897507731439067,1.8820577164366359,-0.23106022130778275,-0.2623998482677044,-0.013005404481881068,0.83475953,-0.9232812,0.057244025,0.8099734,-0.22986132,0.5520317298079036,2,0.999683644416324,2.8841928484844144,0.016548878842599812,0.30276154826248014,5,0.9987345776652958,2.8733631236032133,0.09400839946488002,0.03701368809077072,630,0.8010123378677634,0.5358636758623815,0.04945550330869591,0.6435771726776868,12,0.9965200885795634,0.9654405288992988,0.1551523161440591,2,0.10903825541002224,0.4662144589386803,2.8841928484844144,0.999683644416324,0.016548878842599812,1.0,0.9489876621322366,0.08544130497006171,0.8010123378677634,0.25,0.5,0.5016187152431828,0.5520317298079036,4,2024-07-31,82,1.0,2.0,1.0,-4.633497536945808,1.0,-0.008698734957338639,1.0,2024-08-01,forced_top2,,,,True,,,True,-2.0107238605898137,-2.1107238605898138,-2.210723860589814,utility_positive
2024-08-05,7046,ＴＤＳＥ,0.0,-10.760953112990013,True,True,True,2024-08-02,2024-08-02,-8.113207547169809,-2.735301238753896,-0.38574602252897205,0.02681187287138084,0.5,3.015240267485137,-5.917159763313606,-0.9173897659531993,-0.39915646007621447,0.12432476221039293,0.6357227,-0.99412453,-0.92303175,-0.8014101,-0.104582846,0.5676560841287248,1,1.0,3.0800805623810765,0.01855368917722755,0.47507438913322075,1,1.0,3.4003440892180263,0.11096513826562146,-0.006227787840266739,1642,0.4520868113522537,-0.08097151616203892,0.04615789950977901,0.6173434082548495,65,0.9786310517529215,0.889276238367148,0.14907597522496308,1,0.30816851746020024,0.3900273506812837,3.0800805623810765,1.0,0.01855368917722755,0.0,0.8576794657762938,0.23433147270290147,0.4520868113522537,0.5,0.5,0.5947615903726555,0.5676560841287248,4,2024-07-31,82,1.0,1.0,1.0,-8.313207547169808,1.0,0.011139601053875015,1.0,2024-08-02,forced_top2,,,,True,,,True,-5.380476556495006,-5.480476556495006,-5.5804765564950065,utility_positive
2024-08-05,9996,サトー商会,1.0,8.002602472348741,True,True,True,2024-08-02,2024-08-02,-10.480821177741761,-1.324263823711591,-0.049941471039973796,-0.06085676212888947,0.6,2.895876327614321,0.0,-0.4950961468194337,-0.12995501027861014,-0.09916044781065318,0.35663924,-0.8025852,-0.26439482,-0.34841362,0.14365453,0.5619384212415612,2,0.9996661101836394,2.7719120449208763,0.01855368917722755,0.420615333182644,5,0.9986644407345576,2.909567825593535,0.11096513826562146,0.06307731335485846,29,0.9906510851419031,1.4205071458044185,0.04615789950977901,0.5751190483645392,457,0.847746243739566,0.6060356972498312,0.14907597522496308,2,0.19770497928780006,0.3900273506812837,2.7719120449208763,0.9996661101836394,0.01855368917722755,1.0,0.9591819699499164,0.06443224619070506,0.847746243739566,0.25,0.5,0.5947615903726555,0.5619384212415612,4,2024-07-31,82,0.0,0.0,,,0.0,,,,forced_top2,,,,True,,,True,4.0013012361743705,3.9013012361743704,3.8013012361743703,utility_positive
2024-08-06,7035,ａｎｄ ｆａｃｔｏｒｙ,0.0,-7.8767123287671215,True,True,True,2024-08-05,2024-08-05,-25.07936507936508,-6.04826003252338,-1.462786232065922,-0.48156824837116885,0.4,5.672042803292069,0.0,0.04515797379789188,0.08084603122984516,-0.017352543224233824,0.102004714,-0.8001179,-0.5683962,-0.37676886,-0.7494104,0.6168132798571273,1,1.0,2.8260609780767516,0.02919353785943546,0.9077366186035765,1,1.0,3.027698618465028,0.19476379716131337,0.01279779986281661,107,0.9486434108527132,1.0248109682167739,0.03918532343500279,0.5412499257528606,28,0.9869186046511628,0.8344362123834873,0.11644874564679725,1,0.24484872384143228,0.5460954655421347,2.8260609780767516,1.0,0.02919353785943546,0.0,0.983890503875969,0.02103900361017078,0.9486434108527132,0.5,0.5,0.5474359150819655,0.6168132798571273,4,2024-07-31,82,0.0,0.0,,,0.0,,,,forced_top2,,,,True,,,True,-3.9383561643835607,-4.03835616438356,-4.138356164383561,utility_positive
2024-08-06,9162,ブリーチ,0.0,0.0,True,True,True,2024-08-05,2024-08-05,-21.034482758620687,-5.061206939943107,-1.21245155844847,-0.04614713943195626,0.4,4.768304114444909,-1.0238907849829393,-0.14954577299708116,-0.3827182251291415,-0.021707444868843156,0.10790094,-0.5412736,-0.4634434,-0.43573114,0.5495283,0.609665279367828,2,0.999515503875969,2.5812122542353193,0.02919353785943546,0.8739553616691655,2,0.999515503875969,2.8542513072769453,0.19476379716131337,0.017909491937277974,70,0.9665697674418605,1.1552601166827854,0.03918532343500279,0.5352504460952082,62,0.9704457364341085,0.7829158664636654,0.11644874564679725,2,0.006407007681557414,0.5460954655421347,2.5812122542353193,0.999515503875969,0.02919353785943546,1.0,0.9840116279069767,0.015564320159117255,0.9665697674418605,0.5,0.5,0.5474359150819655,0.609665279367828,4,2024-07-31,82,0.0,0.0,,,0.0,,,,forced_top2,,,,True,,,True,0.0,-0.1,-0.2,utility_positive
2024-08-07,4814,ネクストウェア,1.0,4.8387096774193505,True,True,True,2024-08-06,2024-08-06,-15.068493150684937,-4.856595694491482,-1.0920748419061028,-0.36930971962490433,0.45,3.7446614719020666,5.797101449275366,-0.38503336202483535,-0.1907486396360308,-0.3428375424969024,0.08367466,-0.8858982,-0.80280864,-0.8221182,-0.7138678,0.5888431044658752,1,1.0,4.383785711740674,0.019881325690288054,0.7088747440040194,1,1.0,4.718751776207049,0.14707228540638279,0.04249991257647727,19,0.9906976744186047,1.6396315462995632,0.05138641874766263,0.5490037487057093,12,0.9943152454780362,0.9574920093134123,0.11298277077274943,1,1.5170920097289546,0.6322026860990296,4.383785711740674,1.0,0.019881325690288054,0.0,0.9962532299741602,0.0039590577379960004,0.9906976744186047,0.5,0.5,0.37263812082653697,0.5888431044658752,4,2024-07-31,82,0.0,0.0,,,0.0,,,,forced_top2,,,,True,,,True,2.4193548387096753,2.319354838709675,2.219354838709675,utility_positive
2024-08-07,7782,シンシア,1.0,6.02739726027397,True,True,True,2024-08-06,2024-08-06,-12.887828162291171,-6.183248878779895,-1.804228530255747,-0.5921096481996292,0.2,4.06640697647206,21.802325581395344,0.9780130657024728,0.15386144849242647,-0.5992265005349307,-0.09186659,-0.24692802,-0.3943827,-0.732007,-0.53013456,0.5586813041183202,2,0.999483204134367,2.866693702011719,0.019881325690288054,0.5194510553444418,2,0.999483204134367,3.4307885944548135,0.14707228540638279,-0.05120247279721191,1162,0.4,-0.18385387372596332,0.05138641874766263,0.4917962378386447,421,0.7829457364341086,0.4511536492626543,0.11298277077274943,2,0.19712792423374365,0.6322026860990296,2.866693702011719,0.999483204134367,0.019881325690288054,1.0,0.7954780361757107,0.24484492681179307,0.4,0.5,0.5,0.37263812082653697,0.5586813041183202,4,2024-07-31,82,0.0,0.0,,,0.0,,,,forced_top2,,,,True,,,True,3.013698630136985,2.913698630136985,2.813698630136985,utility_positive
2024-08-08,4762,エックスネット,1.0,4.502541757443712,True,True,True,2024-08-07,2024-08-07,-6.006825938566552,-3.7862222824871035,-0.5389845236233393,-0.21211427990064483,0.6,2.7934640310836865,9.328358208955233,0.2791137912647456,0.09058430109922687,-0.5328414489105816,-0.46178436,0.27462947,0.51176983,0.11769834,-0.57686716,0.5437566109047814,1,1.0,2.7457599903308663,0.01639261339126563,0.3400601094508325,1,1.0,2.8672257466434985,0.11986419268505674,-0.01880712258256987,632,0.6404558404558405,0.27204526233508913,0.04807348405603404,0.4317456010018151,868,0.505982905982906,0.012368343356002695,0.10279200648730563,1,0.14810329700270217,0.6285452009967738,2.7457599903308663,1.0,0.01639261339126563,0.0,0.7866096866096866,0.2186224990984149,0.505982905982906,0.5,0.5,0.29905276711945256,0.5437566109047814,4,2024-07-31,82,0.0,0.0,,,0.0,,,,forced_top2,,,,True,,,True,2.251270878721856,2.151270878721856,2.051270878721856,utility_positive
2024-08-08,1997,暁飯島⼯業,1.0,3.0056355666875367,True,True,True,2024-08-07,2024-08-07,-6.231967686093476,-1.4411671336183463,-0.18742674200916468,-0.11800125540168628,0.5,2.2994844162177244,2.3626698168930815,-0.49161996251398266,-0.11016001178693427,0.03873258116010963,-0.6413833,-0.51700085,-0.121185705,-0.19848882,-0.9866318,0.5413288108150444,2,0.9994301994301994,2.597656693328164,0.01639261339126563,0.2837113181352494,2,0.9994301994301994,2.3971204545347904,0.11986419268505674,0.03521889536409899,32,0.9823361823361824,1.3958668244190147,0.04807348405603404,0.37754591310270275,1252,0.28717948717948716,-0.5149069745531362,0.10279200648730563,2,0.16574127255816565,0.6285452009967738,2.597656693328164,0.9994301994301994,0.01639261339126563,1.0,0.8170940170940171,0.30602587675159243,0.28717948717948716,0.5,0.5,0.29905276711945256,0.5413288108150444,4,2024-07-31,82,0.0,0.0,,,0.0,,,,forced_top2,,,,True,,,True,1.5028177833437684,1.4028177833437683,1.3028177833437684,utility_positive
2024-08-09,6488,ヨシタケ,0.0,-0.4854368932038833,True,True,True,2024-08-08,2024-08-08,-6.0747663551401825,-3.8457505251075075,-1.0859684543952008,-0.3931948025258312,0.35,3.924743037754499,0.31250000000000444,-0.17634527635731312,-0.2293065654100642,-0.05579823012167799,-0.4371188,-0.8507116,-0.8001743,-0.9337787,-0.9970956,0.5426477784175023,1,1.0,2.739792724161744,0.014754211033760567,0.31664295276830967,1,1.0,3.238103155399037,0.09392906529010435,0.026912166144473403,147,0.9114614918132201,0.8913633363248851,0.046870109001023584,0.4410532670162853,702,0.5748938750758035,0.1463440016267793,0.09892138093740449,1,0.177060912284178,0.5322610579479663,2.739792724161744,1.0,0.014754211033760567,0.0,0.8715888417222559,0.17506897397817217,0.5748938750758035,0.5,0.5,0.33026402447297,0.5426477784175023,4,2024-07-31,82,0.0,0.0,,,0.0,,,,forced_top2,,,,True,,,True,-0.24271844660194164,-0.3427184466019416,-0.44271844660194165,utility_positive
2024-08-09,6497,ハマイ,1.0,2.052785923753664,True,True,True,2024-08-08,2024-08-08,-1.6393442622950838,0.082112165230639,0.4776972734190365,0.2824565641345498,0.65,2.294473171072551,-0.09633911368015502,-1.1236927994223307,-0.49935145118690044,0.24059884128448444,-0.32500726,-0.5817601,-0.1164682,-0.28027883,-0.8867267,0.5400353843518314,2,0.9993935718617344,2.562731811877566,0.014754211033760567,0.18430063486879494,19,0.989084293511219,1.8291429204518537,0.09392906529010435,0.07829888772556565,3,0.9987871437234688,1.9877277928267896,0.046870109001023584,0.456105099827113,522,0.6840509399636143,0.29850355164713566,0.09892138093740449,2,0.02180383508840745,0.5322610579479663,2.562731811877566,0.9993935718617344,0.014754211033760567,1.0,0.9178289872650092,0.13503379079501093,0.6840509399636143,0.25,0.5,0.33026402447297,0.5400353843518314,4,2024-07-31,82,0.0,0.0,,,0.0,,,,forced_top2,,,,True,,,True,1.026392961876832,0.926392961876832,0.826392961876832,utility_positive
2024-08-13,4527,ロート製薬,0.0,-0.8854961832061026,True,True,True,2024-08-09,2024-08-09,-6.865322816243058,-0.359262060497665,0.037993428686476885,0.08554951723276659,0.65,2.6029844747029265,1.3321492007104752,-0.33062650487935724,0.10460514702405295,0.1550911575089312,-0.17947231,0.18411134,0.41780227,0.8706871,0.08959118,0.5419925975488556,1,1.0,2.5708679659610416,0.014751794701099663,0.26140683436084855,1,1.0,2.440736148241272,0.09738758142230519,0.04485620028760737,93,0.9421747328724073,1.0057209465824577,0.047067161256057505,0.48845140357621736,172,0.8925204274041483,0.6221959110516464,0.10510586823448392,1,0.05601879817409314,0.4966957275724217,2.5708679659610416,1.0,0.014751794701099663,0.0,0.9586737900691389,0.04490043856903294,0.8925204274041483,0.5,0.5,0.2821520667763114,0.5419925975488556,4,2024-07-31,82,0.0,0.0,,,0.0,,,,forced_top2,,,,True,,,True,-0.4427480916030513,-0.5427480916030513,-0.6427480916030512,utility_positive
2024-08-13,3712,情報企画,0.0,-3.566878980891719,True,True,True,2024-08-09,2024-08-09,-4.342581423401692,0.8821747473126365,0.6024051115172085,0.4843932619138706,0.65,3.248052870891245,-3.267211201866982,-0.9099544916999152,-0.3245848787035535,-0.025279963007380606,-0.14583938,-0.57494926,0.38011017,0.838214,-0.23224123,0.5411662197387891,2,0.9993714644877436,2.5148491677869487,0.014751794701099663,0.2095364093804114,14,0.9918290383406663,1.90811767448013,0.09738758142230519,0.06576119070741522,10,0.994343180389692,1.449873299559076,0.047067161256057505,0.5446934160857473,20,0.9880578252671276,1.1572946020596298,0.10510586823448392,2,0.12445766843161642,0.4966957275724217,2.5148491677869487,0.9993714644877436,0.014751794701099663,1.0,0.9934003771213074,0.004109584170528622,0.9880578252671276,0.25,0.25,0.2821520667763114,0.5411662197387891,4,2024-07-31,82,0.0,0.0,,,0.0,,,,forced_top2,,,,True,,,True,-1.7834394904458595,-1.8834394904458596,-1.9834394904458594,utility_positive
2024-08-14,7043,アルー,1.0,3.409090909090917,True,True,True,2024-08-13,2024-08-13,-1.8495684340320562,1.009025664040601,0.886816792700003,1.106135469286662,0.65,1.9951834019629981,-1.8159806295399483,-1.1772582153176465,-1.075871301098558,-0.575625599929167,-0.5196305,-0.9774827,0.3435335,0.45669746,-0.5115473,0.5478270489976078,1,1.0,3.4995217401710614,0.015724309131975533,0.2811963022939661,1,1.0,2.5537784538122255,0.14532101230440622,0.08380269683210971,2,0.9993646759847522,1.5542925959112455,0.049315691201796116,0.49478953608582255,141,0.9110546378653113,0.6686350220193071,0.09293331304308872,1,0.8030005013318681,0.9730363126245029,3.4995217401710614,1.0,0.015724309131975533,0.0,0.9776048284625158,0.03842364587432429,0.9110546378653113,0.75,0.75,0.22766750547250938,0.5478270489976078,4,2024-07-31,82,0.0,1.0,10.0,2.2242424242424175,0.0,0.012026363725256894,10.0,2024-07-30,forced_top2,,,,True,,,True,1.7045454545454586,1.6045454545454585,1.5045454545454586,utility_positive
2024-08-14,5742,エヌアイシ・オートテック,0.0,-0.8534850640113834,True,True,True,2024-08-13,2024-08-13,-5.369127516778526,-0.6730668082130896,-0.10970488045923654,-0.16096788529617526,0.6,2.0320503566289245,6.580829756795414,-0.22936353325803244,0.03027082957049639,-0.12724236929022908,-0.85334873,-0.8879908,0.26270208,-0.15415704,-0.11864896,0.5352004208815342,2,0.9993646759847522,2.6965212388391935,0.015724309131975533,0.24275172273329282,2,0.9993646759847522,2.289229102338243,0.14532101230440622,0.05756418065126387,47,0.9707750952986023,1.0222405138775619,0.049315691201796116,0.33363421243907104,1434,0.08958068614993642,-1.06546137861188,0.09293331304308872,2,0.396150544906033,0.9730363126245029,2.6965212388391935,0.9993646759847522,0.015724309131975533,1.0,0.7647712833545108,0.3899961643466829,0.08958068614993642,0.5,0.5,0.22766750547250938,0.5352004208815342,4,2024-07-31,82,0.0,0.0,,,0.0,,,,forced_top2,,,,True,,,True,-0.4267425320056917,-0.5267425320056917,-0.6267425320056916,utility_positive
2024-08-15,7036,イーエムネットジャパン,0.0,-2.682403433476399,True,True,True,2024-08-14,2024-08-14,-5.8585858585858634,-0.5082175330245354,0.4987281388547341,0.31173804613971423,0.55,2.726821522832132,3.125,-0.4165688738050761,-0.255382054837722,-0.47032829231331374,-0.35197464,-0.8604785,0.81204957,0.5716345,0.15018737,0.5433945374616296,1,1.0,3.1866125785803336,0.01466861272992337,0.3139186894728045,1,1.0,3.1216816337464013,0.11943714344553134,0.07169055915266548,14,0.9916773367477593,1.2654375912825933,0.04564490863144998,0.488259993504634,172,0.8905249679897567,0.6308564416395359,0.09519269887153481,1,0.40193916810399183,0.9437245666256691,3.1866125785803336,1.0,0.01466861272992337,0.0,0.9705505761843789,0.04632757036842569,0.8905249679897567,0.5,0.5,0.2734552105695885,0.5433945374616296,4,2024-07-31,82,0.0,0.0,,,0.0,,,,forced_top2,,,,True,,,True,-1.3412017167381995,-1.4412017167381996,-1.5412017167381995,utility_positive
2024-08-15,3397,トリドールホールディングス,0.0,-0.598973188819163,True,True,True,2024-08-14,2024-08-14,-9.170984455958553,-0.9710018843087042,-0.4409920361264431,-0.1671696476381705,0.45,2.6669757772951526,1.0471204188481575,0.06914546554694143,0.08718571085431928,-0.1009640095454279,-0.4107812,-0.93831074,0.107523784,0.009512828,-0.8725858,0.5374986474637246,2,0.9993597951344431,2.7846734104763415,0.01466861272992337,0.2521567678655106,2,0.9993597951344431,2.6045734727038523,0.11943714344553134,0.047920292809174064,145,0.9078104993597951,0.7446726898689585,0.04564490863144998,0.443648196148941,635,0.5941101152368757,0.16220918313604668,0.09519269887153481,2,0.24322213320512773,0.9437245666256691,2.7846734104763415,0.9993597951344431,0.01466861272992337,1.0,0.8751600512163893,0.16651296575392724,0.5941101152368757,0.5,0.5,0.2734552105695885,0.5374986474637246,4,2024-07-31,82,0.0,0.0,,,0.0,,,,forced_top2,,,,True,,,True,-0.2994865944095815,-0.39948659440958145,-0.4994865944095815,utility_positive
2024-08-16,7043,アルー,0.0,-0.4987531172069848,True,True,True,2024-08-15,2024-08-15,-2.5547445255474477,-0.12710196405455276,0.8051651063244251,1.0071883980520406,0.6,2.21767855380166,0.366300366300365,-1.1134944144154686,-0.9813553983536195,-0.5306581630341904,-0.4226567,-0.93502015,0.26451984,0.4117309,-0.4893617,0.5538161754434453,1,1.0,3.8475998986795097,0.014240114177124563,0.34268401957581063,1,1.0,3.1773016972354466,0.11883346257633129,0.08717782167635645,10,0.9943396226415094,1.5377919066469443,0.047052758355294856,0.4803338465513693,222,0.8610062893081761,0.5616826070852076,0.10358360666851762,1,0.7278154083193069,1.1312265323830895,3.8475998986795097,1.0,0.014240114177124563,0.0,0.9638364779874214,0.059413992851654725,0.8610062893081761,0.5,0.5,0.2976028579067358,0.5538161754434453,4,2024-07-31,82,1.0,2.0,2.0,3.209090909090917,0.0,0.005989126445837489,2.0,2024-08-14,forced_top2,,,,True,,,True,-0.2493765586034924,-0.34937655860349237,-0.4493765586034924,utility_positive
2024-08-16,8139,ナガホリ,1.0,0.8046817849304944,True,True,True,2024-08-15,2024-08-15,-1.1594202898550732,-0.9684595528065287,0.71488207331039,0.6748617783886647,0.65,2.283293277724769,0.0,-0.8186946785683376,-0.6567644268697223,-0.7618825529406211,-0.78493387,-0.8976423,0.6187464,0.4174813,0.3372628,0.5434520009291078,2,0.9993710691823899,3.1197844903602028,0.014240114177124563,0.32527088381353525,2,0.9993710691823899,3.030767754819267,0.11883346257633129,0.10811743023770912,1,1.0,1.982815945476675,0.047052758355294856,0.4267814233114418,768,0.5176100628930818,0.04468551688634135,0.10358360666851762,2,0.5795209571399468,1.1312265323830895,3.1197844903602028,0.9993710691823899,0.014240114177124563,1.0,0.8790880503144655,0.20869957128785283,0.5176100628930818,0.75,0.75,0.2976028579067358,0.5434520009291078,4,2024-07-31,82,0.0,0.0,,,0.0,,,,forced_top2,,,,True,,,True,0.4023408924652472,0.3023408924652472,0.20234089246524717,utility_positive
2024-08-19,7043,アルー,0.0,-0.5031446540880502,True,True,True,2024-08-16,2024-08-16,-0.4987531172069848,-0.29879503353911474,0.6671322123688382,0.9385224655529212,0.55,2.208129905421119,0.12484394506866447,-0.9966585035415465,-0.9170138618157228,-0.51383818926356,-0.39270324,-0.9649526,0.015800057,0.27434644,-0.78569376,0.5422420095196777,1,1.0,3.183887253167519,0.013617888234453257,0.24691918463688034,1,1.0,2.4099584077138347,0.1211422612422314,0.08685797463545811,6,0.9969040247678018,1.5884773642942642,0.04447599559855443,0.4730241453032425,317,0.8043343653250774,0.49134342910605366,0.10504471463357651,1,0.4351498167072221,0.8139931437091905,3.183887253167519,1.0,0.013617888234453257,0.0,0.9503095975232199,0.08428831660165162,0.8043343653250774,0.5,0.5,0.2937079393792668,0.5422420095196777,4,2024-07-31,82,2.0,3.0,1.0,-0.6987531172069847,1.0,-0.011574165923767588,1.0,2024-08-16,forced_top2,,,,True,,,True,-0.2515723270440251,-0.3515723270440251,-0.4515723270440251,utility_positive
2024-08-19,8871,ゴールドクレスト,0.0,-0.8719916288803642,True,True,True,2024-08-16,2024-08-16,0.0,0.6534062734191304,1.4259950110451758,0.7874454223499331,0.65,2.990279340659941,0.5964912280701729,-1.2198231911223574,-0.46078533259662563,-0.38114649380995264,-0.23182994,-0.54840565,0.8241885,0.8873887,0.7937374,0.5363161879505159,2,0.9993808049535604,2.748737436460297,0.013617888234453257,0.20807489751871827,3,0.9987616099071207,2.0893082339442492,0.1211422612422314,0.09145944234689057,3,0.9987616099071207,1.6919369417473662,0.04447599559855443,0.5462053175850771,12,0.993188854489164,1.188010296516848,0.10504471463357651,2,0.21402720484681903,0.8139931437091905,2.748737436460297,0.9993808049535604,0.013617888234453257,1.0,0.9975232198142414,0.0025151821686179568,0.993188854489164,0.25,0.75,0.2937079393792668,0.5363161879505159,4,2024-07-31,82,0.0,0.0,,,0.0,,,,forced_top2,,,,True,,,True,-0.4359958144401821,-0.5359958144401821,-0.635995814440182,utility_positive
2024-08-20,7043,アルー,0.0,-0.37641154328732496,True,True,True,2024-08-19,2024-08-19,-0.5031446540880502,-0.3994239643567248,0.8338354447807148,0.9013675156609854,0.55,1.9623505241676464,-0.3759398496240629,-1.0212762177922492,-0.8912486145760309,-0.514591305662971,-0.43926835,-0.9365533,0.39239782,0.29236925,-0.83480996,0.5424975718868895,1,1.0,3.001764849891959,0.013896167698229323,0.2630968623619754,1,1.0,2.762141320775681,0.10494515900577016,0.10392548737372535,2,0.9993765586034913,1.877503548259033,0.04603819104616593,0.470837302076268,286,0.8223192019950125,0.5223562186175793,0.10191878666845983,1,0.5236430993295449,0.70706130245707,3.001764849891959,1.0,0.013896167698229323,0.0,0.955423940149626,0.07684847788298661,0.8223192019950125,0.75,0.75,0.34569607152225307,0.5424975718868895,4,2024-07-31,82,3.0,4.0,1.0,-0.7031446540880502,1.0,0.0002555623672118035,1.0,2024-08-19,forced_top2,,,,True,,,True,-0.18820577164366248,-0.28820577164366246,-0.3882057716436625,utility_positive
2024-08-20,8871,ゴールドクレスト,1.0,0.8787346221441172,True,True,True,2024-08-19,2024-08-19,-0.8719916288803642,0.7606980884881276,1.3227640598866652,0.7929675535698384,0.6,3.0340765501875335,0.0,-1.171505367213982,-0.4621696072367143,-0.38036777656642584,-0.23635325,-0.47499284,0.7947985,0.89482707,0.7484996,0.5352209395645856,2,0.9993765586034913,2.4781217505624142,0.013896167698229323,0.20826393261955986,2,0.9993765586034913,2.2396500476012733,0.10494515900577016,0.10306221812651976,3,0.9987531172069826,1.8587523934549721,0.04603819104616593,0.5458008859331189,5,0.9975062344139651,1.257878945165593,0.10191878666845983,2,0.12651993896035796,0.70706130245707,2.4781217505624142,0.9993765586034913,0.013896167698229323,1.0,0.9987531172069826,0.0007635566529872615,0.9975062344139651,0.5,1.0,0.34569607152225307,0.5352209395645856,4,2024-07-31,82,1.0,1.0,1.0,-1.0719916288803641,1.0,-0.0010952483859303364,1.0,2024-08-19,forced_top2,,,,True,,,True,0.4393673110720586,0.33936731107205864,0.2393673110720586,utility_positive
2024-08-21,7043,アルー,1.0,0.6369426751592355,True,True,True,2024-08-20,2024-08-20,-0.37641154328732496,-0.10479258620777854,0.5938846464861273,0.8644004758167768,0.5,1.78590209106024,0.7585335018963413,-0.9047522029150864,-0.8609290714398871,-0.5207633603904459,-0.54355896,-0.74235934,-0.113396175,0.14253071,-0.86461014,0.534219640285829,1,1.0,2.8285414025389626,0.012907839851233782,0.20245268846715228,1,1.0,2.653749640417415,0.10013794152349771,0.08697082019831973,8,0.9957805907172996,1.6609161858844919,0.04475469855449254,0.4538781787235703,526,0.6835443037974683,0.29839304015058604,0.10255093112726965,1,0.19656333982531565,0.6835245020846441,2.8285414025389626,1.0,0.012907839851233782,0.0,0.9198312236286921,0.13643119168122148,0.6835443037974683,0.5,0.5,0.3192790046825014,0.534219640285829,4,2024-07-31,82,4.0,5.0,1.0,-0.5764115432873249,1.0,-0.008277931601060495,1.0,2024-08-20,forced_top2,,,,True,,,True,0.31847133757961776,0.21847133757961776,0.11847133757961775,utility_positive
2024-08-21,1905,テノックス,0.0,0.0,True,True,True,2024-08-20,2024-08-20,-2.530541012216403,-0.4982417110024606,0.5047842386971587,0.2203638550047085,0.5263157894736842,2.6907978527315186,0.08733624454149158,-0.8123454844271751,-0.40843137508394106,-0.23883789666857375,-0.5646958,-0.8914596,-0.13396172,-0.5795487,-0.76435304,0.5316824321747402,2,0.9993972272453285,2.631978062713647,0.012907839851233782,0.16313426394625058,4,0.9981916817359855,2.2611070124313435,0.10013794152349771,0.07471691207697899,16,0.9909584086799277,1.3871145847761615,0.04475469855449254,0.4470719824296208,595,0.6419529837251357,0.2320241030855221,0.10255093112726965,2,0.13998951818066746,0.6835245020846441,2.631978062713647,0.9993972272453285,0.012907839851233782,1.0,0.9076250753465944,0.15341980215081463,0.6419529837251357,0.25,0.5,0.3192790046825014,0.5316824321747402,4,2024-07-31,82,0.0,0.0,,,0.0,,,,forced_top2,,,,True,,,True,0.0,-0.1,-0.2,utility_positive
2024-08-22,5905,日本製罐,1.0,3.3333333333333437,True,True,True,2024-08-21,2024-08-21,-1.5837104072398245,-0.41792251989653195,1.2302675740984121,0.6275372002494566,0.5263157894736842,2.52313863898855,-0.1129943502824804,-1.03225531168818,-0.4667672627446736,-0.1890781283446692,-0.5051311,-0.82668185,0.76795894,0.66980326,0.5404789,0.541345756389436,1,1.0,3.15162705730245,0.01358379430228468,0.2867664058921629,1,1.0,3.336447667092089,0.1022211623392237,0.09628708154685961,6,0.9970913321698662,1.8379088791512936,0.04612075604032899,0.48631555782613867,270,0.8435136707388016,0.5558872248151145,0.10680131044577584,1,0.4494836279835803,0.711516171388394,3.15162705730245,1.0,0.01358379430228468,0.0,0.9601512507271669,0.06735120696719883,0.8435136707388016,0.5,0.5,0.3463337799057986,0.541345756389436,4,2024-07-31,82,0.0,0.0,,,0.0,,,,forced_top2,,,,True,,,True,1.6666666666666718,1.5666666666666718,1.466666666666672,utility_positive
2024-08-22,7043,アルー,0.0,-0.37783375314861534,True,True,True,2024-08-21,2024-08-21,0.6369426751592355,-0.6592222329941149,0.5478874688668437,0.905668232319652,0.5,1.7715833898988738,-1.133501259445846,-0.8731919717697313,-0.8612200360825103,-0.5360978095683495,-0.51425314,-0.9218928,-0.060433295,0.36869118,-0.900228,0.5352400632446624,2,0.9994182664339732,2.7021434293188693,0.01358379430228468,0.2213935573787314,2,0.9994182664339732,2.6969240399150674,0.1022211623392237,0.10193948153887805,4,0.9982547993019197,1.9604654128532968,0.04612075604032899,0.46382826779387637,468,0.7283304246655031,0.3453346581995641,0.10680131044577584,2,0.10838999355378132,0.711516171388394,2.7021434293188693,0.9994182664339732,0.01358379430228468,1.0,0.9313554392088423,0.11721750915599424,0.7283304246655031,0.5,0.75,0.3463337799057986,0.5352400632446624,4,2024-07-31,82,4.0,6.0,1.0,0.4369426751592355,1.0,0.0010204229588334224,1.0,2024-08-21,forced_top2,,,,True,,,True,-0.18891687657430767,-0.28891687657430765,-0.3889168765743077,utility_positive
2024-08-23,7043,アルー,0.0,-1.4981273408239737,True,True,True,2024-08-22,2024-08-22,-0.37783375314861534,-0.2238400785143484,0.570811790767358,0.8837989393044986,0.5,1.7556235192280951,0.5063291139240533,-0.7830170255074909,-0.8590961162295457,-0.5477417106436427,-0.47236466,-0.7897436,0.02962963,0.25071225,-0.90655273,0.5341917401635213,1,1.0,2.528675663136736,0.013728495999563883,0.20297483052777968,2,0.9994767137624281,2.5350244211390933,0.10304268802174364,0.09340109015787726,7,0.9968602825745683,1.7336531404915596,0.04714789806074518,0.4589760331891548,753,0.6064887493458921,0.1676862711161191,0.11270035164411796,1,0.1550924132943062,0.5084324910439587,2.528675663136736,1.0,0.013728495999563883,0.0,0.9007064364207221,0.16987082516744134,0.6064887493458921,0.5,0.5,0.35329231683571344,0.5341917401635213,4,2024-07-31,82,5.0,7.0,1.0,-0.5778337531486153,1.0,-0.0010483230811411115,1.0,2024-08-22,forced_top2,,,,True,,,True,-0.7490636704119868,-0.8490636704119868,-0.9490636704119868,utility_positive
2024-08-23,8871,ゴールドクレスト,1.0,0.6606397774687078,True,True,True,2024-08-22,2024-08-22,0.976971388695036,0.35974783741230976,1.4735970271582228,0.7956646852313176,0.65,2.9651212295552556,0.7381370826010647,-1.2203220611666872,-0.44448822629487683,-0.38068425926822413,-0.35840455,-0.10541311,0.74700856,0.8826211,0.8008547,0.5320625545880477,2,0.9994767137624281,2.37358324984243,0.013728495999563883,0.17814160714946792,4,0.9984301412872841,2.2940250464617598,0.10304268802174364,0.08563362790927805,14,0.9931972789115646,1.5689064058950004,0.04714789806074518,0.5202846421797622,117,0.9392987964416536,0.7116828789013906,0.11270035164411796,2,0.2156012295853847,0.5084324910439587,2.37358324984243,0.9994767137624281,0.013728495999563883,1.0,0.9826007326007326,0.025113310158053317,0.9392987964416536,0.25,0.5,0.35329231683571344,0.5320625545880477,4,2024-07-31,82,2.0,2.0,3.0,0.6787346221441173,0.0,-0.0031583849765378647,3.0,2024-08-20,forced_top2,,,,True,,,True,0.3303198887343539,0.2303198887343539,0.1303198887343539,utility_positive
2024-08-26,6262,ＰＥＧＡＳＵＳ,0.0,-0.7692307692307665,True,True,True,2024-08-23,2024-08-23,-1.7077798861480087,-0.7111807333807987,0.3983144856093713,0.2378209166815078,0.6,2.9867281176114866,1.737451737451745,-0.7305311105632601,-0.1600656868769216,0.32808819861379684,0.11536265,-0.42775556,-0.46601942,0.3529412,-0.44060537,0.5369142218161542,1,1.0,2.5526755049589065,0.014675917956945561,0.1523906280768754,9,0.9963201471941122,2.1365746357030417,0.10392158081037618,0.05111307482299442,197,0.9098436062557498,0.8559870668977649,0.05117116675258329,0.5308135979650438,147,0.9328426862925483,0.6648494576272804,0.11920581863653867,1,0.11791009680302209,0.4661243501689297,2.5526755049589065,1.0,0.014675917956945561,0.0,0.9597516099356025,0.039281324516043305,0.9098436062557498,0.25,0.25,0.3843786199447898,0.5369142218161542,4,2024-07-31,82,0.0,0.0,,,0.0,,,,forced_top2,,,,True,,,True,-0.38461538461538325,-0.4846153846153832,-0.5846153846153832,utility_positive
2024-08-26,9250,ＧＲＣＳ,1.0,2.473498233215543,True,True,True,2024-08-23,2024-08-23,-3.1468531468531458,-0.925683698306179,-0.19363692520681594,0.13635129269755886,0.6,2.5727544108964655,0.35087719298245723,-0.5591967992695424,-0.39829639438759534,-0.03579444005681858,-0.4363221,-0.6430611,-0.8686465,-0.83780694,-0.95545405,0.5351837829091776,2,0.999540018399264,2.4347654081558843,0.014675917956945561,0.15418346652938364,8,0.9967801287948482,2.1538264753933904,0.10392158081037618,0.06332059817152344,77,0.9650413983440662,1.094549603639469,0.05117116675258329,0.4341080725508259,1280,0.4116835326586936,-0.14639890692676288,0.11920581863653867,2,0.09416766281522641,0.4661243501689297,2.4347654081558843,0.999540018399264,0.014675917956945561,1.0,0.843261269549218,0.24953999190262666,0.4116835326586936,0.25,0.25,0.3843786199447898,0.5351837829091776,4,2024-07-31,82,0.0,0.0,,,0.0,,,,forced_top2,,,,True,,,True,1.2367491166077715,1.1367491166077714,1.0367491166077716,utility_positive
2024-08-27,4445,リビン・テクノロジーズ,0.0,0.0,True,True,True,2024-08-26,2024-08-26,-1.3157894736842146,1.0929246790011837,1.0658380921693649,0.7889402562336245,0.7894736842105263,3.677270968475865,0.05265929436546468,-1.670453226160195,-0.9402638367042898,-0.36352897892945235,0.5631399,-0.11746302,-0.8174061,-0.6055176,-0.9192264,0.547659426843337,1,1.0,2.8714461762855525,0.01678948381814449,0.1435887672536741,16,0.9946808510638298,1.7995632952333984,0.12636543754128407,0.07301070163930654,55,0.9808510638297873,1.1815910665780707,0.05703205068087859,0.59853799447356,38,0.9868794326241135,0.8843010101650328,0.13025953248797156,1,0.2062369279852499,0.5892122493440215,2.8714461762855525,1.0,0.01678948381814449,0.0,0.9906028368794326,0.007312620789823134,0.9808510638297873,0.25,0.25,0.3367392222116379,0.547659426843337,4,2024-07-31,82,0.0,0.0,,,0.0,,,,forced_top2,,,,True,,,True,0.0,-0.1,-0.2,utility_positive
2024-08-27,3991,ウォンテッドリー,1.0,0.16380016380015405,True,True,True,2024-08-26,2024-08-26,0.41118421052630527,0.6336343162306246,1.7319838658013242,0.8510591126873537,0.75,3.3164024707087636,-0.49099836333879043,-1.943920055332676,-0.7500170532671159,-0.5064688601813154,0.43799773,0.37258247,-0.47895336,0.25142208,-0.14789534,0.5441968152782248,2,0.999645390070922,2.665209248300303,0.01678948381814449,0.19628498302806105,3,0.999290780141844,2.21657776374399,0.12636543754128407,0.09803753210680127,4,0.9989361702127659,1.6204115222466164,0.05703205068087859,0.5975301750133662,40,0.9861702127659574,0.8765639989771041,0.13025953248797156,2,0.1548715209106013,0.5892122493440215,2.665209248300303,0.999645390070922,0.01678948381814449,1.0,0.9960106382978724,0.0056869029928970595,0.9861702127659574,0.25,0.75,0.3367392222116379,0.5441968152782248,4,2024-07-31,82,0.0,0.0,,,0.0,,,,forced_top2,,,,True,,,True,0.08190008190007703,-0.01809991809992298,-0.11809991809992298,utility_positive
2024-08-28,187A,サムティホールディングス,1.0,0.03785011355033063,True,True,True,2024-08-27,2024-08-27,1.1850152905198863,0.2991676547092026,0.2518234109677914,-0.0128211324605761,0.7,1.9515020869038167,-0.11454753722794919,-0.30586751430292997,0.07594359890479899,0.2963504336060133,-0.74545455,-0.33409092,0.23693182,,0.15056819,0.5679017987413465,1,1.0,4.383851331709192,0.01605302605812392,0.2972131763527386,1,1.0,3.0439248926646987,0.13203553579741253,0.04280017404501147,329,0.8931943992184956,0.7838338434544906,0.05981229035092806,0.3899902069370328,2456,0.20058612829697164,-0.759975665918254,0.13754083785740834,1,1.4611515766866858,0.6273749189101143,4.383851331709192,1.0,0.01605302605812392,0.0,0.7734451318788669,0.3336021363660565,0.20058612829697164,0.5,0.5,0.31864409200000865,0.5679017987413465,4,2024-07-31,82,0.0,0.0,,,0.0,,,,forced_top2,,,,True,,,True,0.018925056775165316,-0.08107494322483469,-0.1810749432248347,utility_positive
2024-08-28,4445,リビン・テクノロジーズ,0.0,0.0,True,True,True,2024-08-27,2024-08-27,0.0,0.8226544087309119,0.9508365017218372,0.7672049058597764,0.7368421052631579,3.6744911199714734,0.0,-1.6729012065763522,-0.9667188631593162,-0.3734104784735942,0.6539773,-0.4065341,-0.86988634,-0.6930946,-0.94034094,0.5444458944059263,2,0.9996743731683491,2.922699755022506,0.01605302605812392,0.13149064412000244,20,0.9938130901986324,1.7887890594825548,0.13203553579741253,0.08478332266674794,16,0.995115597525236,1.4857489243753979,0.05981229035092806,0.6126405961220824,47,0.9850211657440573,0.8588191055362886,0.13754083785740834,2,0.04016468856816679,0.6273749189101143,2.922699755022506,0.9996743731683491,0.01605302605812392,1.0,0.9934060566590687,0.005307692384468591,0.9850211657440573,0.25,0.25,0.31864409200000865,0.5444458944059263,4,2024-07-31,82,1.0,1.0,1.0,-0.2,1.0,-0.0032135324374107377,1.0,2024-08-27,forced_top2,,,,True,,,True,0.0,-0.1,-0.2,utility_positive
2024-08-29,3991,ウォンテッドリー,0.0,-1.8092105263157854,True,True,True,2024-08-28,2024-08-28,-2.2508038585209,-0.08692844894763851,1.6483821237611802,0.7466495487114816,0.75,3.3229892076360383,1.7170891251022002,-1.7447725477180493,-0.7077246812852986,-0.52610259000378,0.32290184,-0.0045519206,-0.27908963,0.05320057,-0.3308677,0.5558029021884645,1,1.0,3.390150560761016,0.016114568480427027,0.28979323332748674,2,0.999682640431609,3.0665490177030903,0.11989007418568241,0.08491654695184879,19,0.9942875277689622,1.4652928135556678,0.055640690659007494,0.587065383989832,387,0.877499206601079,0.6343876774673305,0.14094674429216314,1,0.25919669754431784,0.816042220218653,3.390150560761016,1.0,0.016114568480427027,0.0,0.9678673437004126,0.05222343113005282,0.877499206601079,0.5,0.5,0.35851012685042427,0.5558029021884645,4,2024-07-31,82,1.0,1.0,2.0,-0.03619983619984596,0.0,0.011606086910239677,2.0,2024-08-27,forced_top2,,,,True,,,True,-0.9046052631578927,-1.0046052631578928,-1.1046052631578926,utility_positive
2024-08-29,2736,フェスタリアホールディングス,0.0,-0.7027406886858767,True,True,True,2024-08-28,2024-08-28,-6.992574257425743,-1.2974658203782696,0.146520362103909,0.08099601428015978,0.65,2.116559971712853,1.189730745147144,-0.45584735525896586,-0.09389528047571644,-0.08207133415381547,-0.7302987,-0.9732575,-0.42133713,0.07368421,-0.5539118,0.5516260592559861,2,0.999682640431609,3.130953863216698,0.016114568480427027,0.3324159382919861,1,1.0,3.4220638945934536,0.11989007418568241,0.04507649494945798,352,0.8886067914947635,0.7492691350116772,0.055640690659007494,0.40036427975654476,2462,0.21897810218978098,-0.690233938809819,0.14094674429216314,2,0.4285952575256866,0.816042220218653,3.130953863216698,0.999682640431609,0.016114568480427027,1.0,0.7768168835290383,0.32525410780130803,0.21897810218978098,0.5,0.5,0.35851012685042427,0.5516260592559861,4,2024-07-31,82,0.0,0.0,,,0.0,,,,forced_top2,,,,True,,,True,-0.35137034434293835,-0.4513703443429383,-0.5513703443429383,utility_positive
2024-08-30,3991,ウォンテッドリー,0.0,-0.42016806722688926,True,True,True,2024-08-29,2024-08-29,-1.8092105263157854,-0.4652179226318487,1.382414577164579,0.6696795605388028,0.7,3.3785462189979714,0.0,-1.7214806222522108,-0.7130923678124055,-0.5350964635886262,0.4470756,-0.72952926,-0.5805991,-0.27853882,-0.5064194,0.5556385411531881,1,1.0,3.3483353952161825,0.016688170594277962,0.29104486766911963,1,1.0,2.7748583190406206,0.1345391263114238,0.10561556880007923,2,0.9996849401386263,1.819217800230166,0.05900220065906539,0.5932715866295567,321,0.8991808443604284,0.6902282473888063,0.14216984823201212,1,0.37068168350164465,0.781016952077643,3.3483353952161825,1.0,0.016688170594277962,0.0,0.9747164461247637,0.04361068968826477,0.8991808443604284,0.75,0.75,0.3387639433469391,0.5556385411531881,4,2024-07-31,82,2.0,2.0,1.0,-2.0092105263157856,1.0,-0.00016436103527639467,1.0,2024-08-29,forced_top2,,,,True,,,True,-0.21008403361344463,-0.3100840336134446,-0.41008403361344464,utility_positive
2024-08-30,4445,リビン・テクノロジーズ,,,True,True,True,2024-08-29,2024-08-29,0.0,-0.146632471008028,0.8987450860988933,0.7637424100848572,0.65,3.583944509785804,0.7629427792915422,-1.657775673949624,-0.9990070619259371,-0.3677711694348117,0.5577746,-0.7546362,-0.88416547,-0.7265982,-0.946933,0.5494525419827385,2,0.9996849401386263,2.9776537117145376,0.016688170594277962,0.20234211026449186,7,0.998109640831758,2.115550058042229,0.1345391263114238,0.06411666590772201,89,0.9722747321991179,1.1158727990470427,0.05900220065906539,0.5989441920139208,269,0.9155639571518589,0.7301284474305673,0.14216984823201212,2,0.267305926595614,0.781016952077643,2.9776537117145376,0.9996849401386263,0.016688170594277962,1.0,0.9714083175803403,0.03402892634450226,0.9155639571518589,0.25,0.25,0.3387639433469391,0.5494525419827385,4,2024-07-31,82,2.0,2.0,2.0,-0.2,0.0,0.00500664757681224,2.0,2024-08-28,forced_top2,,,,True,,,False,0.0,0.0,0.0,unobserved_outcome
2024-09-02,6634,ネクスグループ,0.0,0.0,True,True,True,2024-08-30,2024-08-30,0.9708737864077666,-0.9296141513555375,-0.5078231095125311,-0.1900819528148681,0.6,5.510536486391701,0.9803921568627416,-0.2224065013815757,-0.031449616034166336,0.5786737972781297,0.56794024,-0.94369435,-0.9638035,-0.8431485,-0.7535191,0.5735802835212679,1,1.0,2.5393656773077704,0.02350918762399201,0.6689762827021799,8,0.9978111319574734,2.8391043602226915,0.1964349825687256,0.07337814014713072,42,0.9871794871794872,1.1339279279502994,0.0586576664859115,0.606992898493211,287,0.9105691056910569,0.7424960994355134,0.1594204757649359,1,0.04368986234700364,0.4220230723666249,2.5393656773077704,1.0,0.02350918762399201,0.0,0.9738899312070044,0.036878512645190924,0.9105691056910569,0.25,0.25,0.34172524562084655,0.5735802835212679,4,2024-08-30,103,0.0,0.0,,,0.0,,,,forced_top2,,,,True,,,True,0.0,-0.1,-0.2,utility_positive
2024-09-02,7046,ＴＤＳＥ,0.0,-1.1612903225806437,True,True,True,2024-08-30,2024-08-30,-1.1194029850746245,-0.6614567355071072,0.5351052797865131,0.48480323650161233,0.55,4.260456005113619,1.5792798483891257,-0.6826271981296107,-0.6086193114079375,0.40237337137360185,0.5937949,-0.40764147,-0.5231255,-0.6529733,0.6483769,0.5725531703500858,2,0.9996873045653534,2.4956758149607667,0.02350918762399201,0.5469976537274182,20,0.9940587867417136,2.2181425163612714,0.1964349825687256,0.060399242211070854,162,0.9496560350218887,0.9126627683623851,0.0586576664859115,0.5986496685844065,375,0.8830519074421513,0.6901613546747051,0.1594204757649359,2,0.07087160586044679,0.4220230723666249,2.4956758149607667,0.9996873045653534,0.02350918762399201,1.0,0.9566135084427767,0.04668301714079677,0.8830519074421513,0.25,0.25,0.34172524562084655,0.5725531703500858,4,2024-08-30,103,0.0,2.0,19.0,-10.960953112990012,0.0,0.00489708622136098,19.0,2024-08-05,forced_top2,,,,True,,,True,-0.5806451612903218,-0.6806451612903218,-0.7806451612903218,utility_positive
2024-09-03,2962,テクニスコ,0.0,-2.5490196078431393,True,True,True,2024-09-02,2024-09-02,-5.333333333333334,-0.6788439828403694,2.0232426361410085,0.5131151052380777,0.65,4.628604420657258,0.0,-1.3641098581200635,-0.468448595811779,0.055416353672876305,0.81246394,-0.7657242,0.51240623,-0.18782458,-0.24927871,0.5693918457891274,1,1.0,2.354280163323782,0.02366554341049487,0.43108740264017487,50,0.9848250232270053,1.855247473949731,0.19274602284865328,0.07097559579623187,58,0.9823474759987613,0.9969883471467652,0.06213634068219462,0.6464217466721802,16,0.9953545989470425,0.9691109410239551,0.16032391445345728,1,0.024632171254101855,0.28503566582926615,2.354280163323782,1.0,0.02366554341049487,0.0,0.9906317745432023,0.007287260832790408,0.9823474759987613,0.25,0.25,0.3614678837799364,0.5693918457891274,4,2024-08-30,103,0.0,0.0,,,0.0,,,,forced_top2,,,,True,,,True,-1.2745098039215697,-1.3745098039215697,-1.4745098039215696,utility_positive
2024-09-03,4422,ＶＡＬＵＥＮＥＸ,0.0,0.0,True,True,True,2024-09-02,2024-09-02,-2.9677419354838697,-0.7178641935581943,0.3265285337670337,-0.025556392990479092,0.6,5.220187434570814,1.4397905759162333,-0.49656374024286964,-0.4406252148430054,0.18856835421767923,0.23946913,-0.8499712,-0.8695903,-0.9723024,-0.6768609,0.5688089120710187,2,0.9996903065964695,2.32964799206968,0.02366554341049487,0.5978260700532078,6,0.9984515329823475,2.7203167757633326,0.19274602284865328,0.07714069720124839,34,0.9897801176834934,1.096207279857155,0.06213634068219462,0.546581984959592,945,0.7076494270672035,0.34637314140784015,0.16032391445345728,2,0.12805496006324746,0.28503566582926615,2.32964799206968,0.9996903065964695,0.02366554341049487,1.0,0.9238928460823784,0.12490656671993314,0.7076494270672035,0.25,0.25,0.3614678837799364,0.5688089120710187,4,2024-08-30,103,0.0,0.0,,,0.0,,,,forced_top2,,,,True,,,True,0.0,-0.1,-0.2,utility_positive
2024-09-04,2962,テクニスコ,0.0,-2.7888446215139417,True,True,True,2024-09-03,2024-09-03,-2.5490196078431393,-1.3051527587779301,2.1003952363115115,0.4706314451073588,0.65,4.5331821168424815,2.6156941649899457,-0.5300284465738624,-0.42485369306194654,0.040236659560411815,0.8209215,-0.8788757,0.62503624,-0.20283976,-0.22457258,0.5615511121122826,1,1.0,2.7987486658471497,0.02258239923515204,0.44334910839001973,4,0.9990732159406858,2.922610501915173,0.19929951425608836,0.0669750335082245,48,0.9854803830707445,1.2120156944810403,0.052188940225835076,0.6475998435513433,19,0.9944392956441149,0.9589972872670683,0.15508883163076792,1,0.3665630088055439,0.5277959934618718,2.7987486658471497,1.0,0.02258239923515204,0.0,0.9947482236638863,0.005750543858197806,0.9854803830707445,0.25,0.5,0.2904551543613135,0.5615511121122826,4,2024-08-30,103,1.0,1.0,1.0,-2.7490196078431395,1.0,-0.007840733676844791,1.0,2024-09-03,forced_top2,,,,True,,,True,-1.3944223107569709,-1.494422310756971,-1.5944223107569708,utility_positive
2024-09-04,4889,レナサイエンス,0.0,-3.385416666666663,True,True,True,2024-09-03,2024-09-03,-6.636155606407323,-1.2749640806238727,0.6766461486080284,-0.24071812929352931,0.5,2.970756957770089,19.72602739726028,1.494607861262646,0.5252633259775517,-0.01973584153221494,0.8464213,0.9831933,0.8965517,0.6699507,-0.29150972,0.5532732399025972,2,0.9996910719802286,2.4321856570416056,0.02258239923515204,0.890224259557555,1,1.0,5.1648395050091125,0.19929951425608836,-0.14202781370463566,3236,0.0006178560395427857,-2.7927187628283177,0.052188940225835076,0.6256843451351567,136,0.9582947173308619,0.8176879603107438,0.15508883163076792,2,0.022621061989839337,0.5277959934618718,2.4321856570416056,0.9996910719802286,0.02258239923515204,1.0,0.7396509113376583,0.4270180042564911,0.0006178560395427857,0.5,0.5,0.2904551543613135,0.5532732399025972,4,2024-08-30,103,0.0,0.0,,,0.0,,,,forced_top2,,,,True,,,True,-1.6927083333333315,-1.7927083333333316,-1.8927083333333314,utility_positive
2024-09-05,189A,Ｄ＆Ｍカンパニー,1.0,0.11428571428571122,True,True,True,2024-09-04,2024-09-04,-2.0247469066366652,-0.9829468007305415,1.0597676342798263,-0.29175840499035066,0.65,2.674583872553361,-2.5219298245614086,-0.17106283757421958,-0.26586284387426024,0.2524888357048287,0.78197676,-0.90465117,0.63546515,,-0.22383721,0.6003318281888281,1,1.0,4.600637790437712,0.021712861159215002,0.5008247713715901,2,0.9996865203761756,3.174696275912481,0.204220560639492,0.042706348467581416,619,0.806269592476489,0.5166288945116779,0.05416454650940855,0.6257152851599175,116,0.9639498432601881,0.8392371523206799,0.15683565837724522,1,1.7576771811216756,0.7280020754134433,4.600637790437712,1.0,0.021712861159215002,0.0,0.9424764890282131,0.07999275844034272,0.806269592476489,0.5,0.5,0.26705219555925175,0.6003318281888281,4,2024-08-30,103,0.0,0.0,,,0.0,,,,forced_top2,,,,True,,,True,0.05714285714285561,-0.0428571428571444,-0.1428571428571444,utility_positive
2024-09-05,2962,テクニスコ,1.0,2.049180327868849,True,True,True,2024-09-04,2024-09-04,-2.7888446215139417,-1.8629216830807185,1.4504818010473326,0.40800083061442616,0.6,4.231122969368599,1.0060362173038184,-0.5730599690420045,-0.4016514163385432,0.03274341146788108,0.7069768,-0.83779067,0.54244184,-0.14451876,0.06744186,0.5621676275924128,2,0.9996865203761756,2.842960609316036,0.021712861159215002,0.48871482546789,3,0.9993730407523511,3.1153979081782075,0.204220560639492,0.0805325136894175,16,0.9952978056426333,1.2149854332351313,0.05416454650940855,0.6314601078346579,74,0.9771159874608151,0.8758667219873056,0.15683565837724522,2,0.36272624802596826,0.7280020754134433,2.842960609316036,0.9996865203761756,0.021712861159215002,1.0,0.9928683385579937,0.009257937531480697,0.9771159874608151,0.25,0.5,0.26705219555925175,0.5621676275924128,4,2024-08-30,103,2.0,2.0,1.0,-2.988844621513942,1.0,0.0006165154801301975,1.0,2024-09-04,forced_top2,,,,True,,,True,1.0245901639344246,0.9245901639344246,0.8245901639344246,utility_positive
2024-09-06,6034,ＭＲＴ,1.0,4.643962848297223,True,True,True,2024-09-05,2024-09-05,0.0,0.7197164022347957,1.0796930854046405,0.2784692659990083,0.55,2.9395854958295717,21.00840336134453,0.860176183097628,-0.0686134203919264,0.01306718523784873,0.47854015,0.99240875,0.9708029,0.66890514,0.9956204,0.5632479241192111,1,1.0,2.7385934225258457,0.022286698843028252,1.1037363206070938,1,1.0,6.549342037767633,0.17974290643754728,-0.08690018104043763,3123,0.01916431039899469,-1.755873583239159,0.05371786421676898,0.5983095835865134,384,0.8796732642161483,0.6776233155051702,0.15934628789027372,1,0.5009926975410252,0.17392782491233214,2.7385934225258457,1.0,0.022286698843028252,0.0,0.7247093936537857,0.4102979105386753,0.01916431039899469,0.5,0.5,0.3093222358057372,0.5632479241192111,4,2024-08-30,103,0.0,0.0,,,0.0,,,,forced_top2,,,,True,,,True,2.3219814241486114,2.2219814241486113,2.1219814241486112,utility_positive
2024-09-06,4056,ニューラルグループ,0.0,-3.2362459546925515,True,True,True,2024-09-05,2024-09-05,-1.9895287958115238,-0.9318437039734342,1.327824246257681,0.2406914241710637,0.55,4.61657223231319,1.5957446808510634,0.056991433868571195,-0.10254815485541613,0.33393133515712936,0.67824817,-0.84350365,0.90832114,0.54452556,0.4779562,0.5520824507465579,2,0.9996858309770656,2.23760072498482,0.022286698843028252,0.3815650996710511,9,0.9974866478165253,2.531541083898194,0.17974290643754728,0.052136728079954134,253,0.9208294062205467,0.832407078094151,0.05371786421676898,0.624078535924696,116,0.9638705623625511,0.8393399935612484,0.15934628789027372,2,0.04184504013218757,0.17392782491233214,2.23760072498482,0.9996858309770656,0.022286698843028252,1.0,0.9704681118441723,0.0319812646426364,0.9208294062205467,0.25,0.25,0.3093222358057372,0.5520824507465579,4,2024-08-30,103,0.0,0.0,,,0.0,,,,forced_top2,,,,True,,,True,-1.6181229773462757,-1.7181229773462758,-1.8181229773462757,utility_positive
2024-09-09,9232,パスコ,0.0,0.0,True,True,True,2024-09-06,2024-09-06,0.0,-0.40957991748087574,0.06206347764266593,-0.07052104594259014,0.45,1.961232954377929,24.140012070006044,1.1977093631678701,0.3668663725564991,0.15204142774490256,0.45241582,0.9941435,0.8986823,0.81493413,0.9944363,0.5710424082070119,1,1.0,2.6935534844113023,0.0237176165770841,1.3725454714992928,1,1.0,8.301377590197514,0.16750628446340482,-0.10632105665251902,3140,0.004755865567533268,-2.2497760340513633,0.050896924464293045,0.5788289393398914,547,0.8268864933417882,0.595076771290776,0.15614338600118616,1,0.36235714096937993,0.362845894483092,2.6935534844113023,1.0,0.0237176165770841,0.0,0.7079105897273305,0.41207228702497967,0.004755865567533268,0.5,0.5,0.4565110793638398,0.5710424082070119,4,2024-08-30,103,0.0,0.0,,,0.0,,,,forced_top2,,,,True,,,True,0.0,-0.1,-0.2,utility_positive
2024-09-09,4890,坪⽥ラボ,1.0,1.4678899082568808,True,True,True,2024-09-06,2024-09-06,0.0,-0.3169701183758063,0.19696352414454105,0.39582410459887524,0.45,3.1363018174749104,18.957345971563978,0.8876192821396118,0.3508197590824414,0.13698348808488928,0.818448,0.9877013,0.8395315,0.9742313,0.9578331,0.5624481604735317,2,0.9996829422954978,2.3311963434419227,0.0237176165770841,1.0473590162618034,2,0.9996829422954978,6.36003875458784,0.16750628446340482,-0.12089086335664768,3150,0.0015852885225110525,-2.5360370774735483,0.050896924464293045,0.6299535216806451,54,0.9831959416613824,0.92249750712883,0.15614338600118616,2,0.04061015425695583,0.362845894483092,2.3311963434419227,0.9996829422954978,0.0237176165770841,1.0,0.7460367786937223,0.42986196692003803,0.0015852885225110525,0.5,0.5,0.4565110793638398,0.5624481604735317,4,2024-08-30,103,0.0,0.0,,,0.0,,,,forced_top2,,,,True,,,True,0.7339449541284404,0.6339449541284404,0.5339449541284405,utility_positive
2024-09-10,9307,杉村倉庫,0.0,-1.1345218800648316,True,True,True,2024-09-09,2024-09-09,-6.307692307692303,-2.0913171275553077,-0.06535792805774206,0.010810702444583983,0.55,2.1515034595357063,12.06896551724137,0.6606682283781595,-0.0020027688950080484,-0.011800229290826483,0.57046586,0.27981248,0.63023734,0.19343494,0.11573396,0.5680596266903909,1,1.0,3.5318010285719703,0.020304987017497056,0.897159191661603,2,0.9996803069053708,5.449626036094673,0.19082768419009488,-0.03558371168125785,2577,0.17647058823529416,-0.7150216892753117,0.05254721773388596,0.57187808545011,609,0.8056265984654731,0.5348059353381854,0.15041495866758403,1,0.6775613470163694,0.5710190552439813,3.5318010285719703,1.0,0.020304987017497056,0.0,0.7454443734015346,0.33793029804145636,0.17647058823529416,0.5,0.5,0.23463658281778363,0.5680596266903909,4,2024-08-30,103,0.0,0.0,,,0.0,,,,forced_top2,,,,True,,,True,-0.5672609400324158,-0.6672609400324158,-0.7672609400324157,utility_positive
2024-09-10,4268,エッジテクノロジー,0.0,0.0,True,True,True,2024-09-09,2024-09-09,0.0,0.8901260811658405,0.3257553491336156,0.028243704174750816,0.6,2.1131569676719915,18.621973929236503,0.6688566167237354,0.37526941501930366,0.07625552517404759,0.71403456,0.9894521,0.8611193,0.89390385,0.9938471,0.5543017523356657,2,0.9996803069053708,2.854239681555601,0.020304987017497056,0.9648953998076164,1,1.0,5.804586106136383,0.19082768419009488,-0.10547491349641047,3120,0.002877237851662384,-2.0450864354070957,0.05254721773388596,0.611901233557297,185,0.9411764705882353,0.8008908278363966,0.15041495866758403,2,0.24441267531827668,0.5710190552439813,2.854239681555601,0.9996803069053708,0.020304987017497056,1.0,0.7359335038363171,0.4239073174131948,0.002877237851662384,0.5,0.5,0.23463658281778363,0.5543017523356657,4,2024-08-30,103,0.0,0.0,,,0.0,,,,forced_top2,,,,True,,,True,0.0,-0.1,-0.2,utility_positive
2024-09-11,4415,ブロードエンタープライズ,0.0,-1.5277777777777724,True,True,True,2024-09-10,2024-09-10,-14.642857142857146,-2.5307771685425324,-0.6819946077101884,-0.012318912676029825,0.4,4.190144650609424,14.28571428571428,0.8156191050601658,-0.04506838570042764,-0.5638809407948375,0.5249853,0.059964728,-0.31628454,-0.17754263,-0.95708406,0.5728769596140572,1,1.0,2.7429350319739254,0.023611128347039267,0.971032963316682,1,1.0,5.717327982624884,0.167578444081751,0.06237291465078674,110,0.9651423089222897,0.9032503641646253,0.05253927259604882,0.5667334470860416,640,0.7956507834985609,0.5101214865167835,0.1509045623676974,1,0.2641910436784149,0.4284569295646658,2.7429350319739254,1.0,0.023611128347039267,0.0,0.9401982731052126,0.08465913233908405,0.7956507834985609,0.5,0.5,0.43934157495799947,0.5728769596140572,4,2024-08-30,103,0.0,0.0,,,0.0,,,,forced_top2,,,,True,,,True,-0.7638888888888862,-0.8638888888888862,-0.9638888888888861,utility_positive
2024-09-11,4053,Ｓｕｎ Ａｓｔｅｒｉｓｋ,0.0,-4.099821746880572,True,True,True,2024-09-10,2024-09-10,1.8018018018018056,-0.8700491113489959,-0.6039252830139114,-0.1534067624544377,0.35,2.370200288545575,1.2773722627737127,-1.1837320279883377,-0.4945241342640291,0.4383975996113777,0.6760729,-0.89006466,-0.99823636,-0.9729571,-0.8048207,0.5666391109736278,2,0.9996802046690119,2.4787439882955105,0.023611128347039267,0.6944115354949392,4,0.9990406140070355,4.066629831454578,0.167578444081751,0.03550359158140734,831,0.7345698752798209,0.39183629728239583,0.05253927259604882,0.6134885640281125,168,0.9465941797249761,0.8199538481663031,0.1509045623676974,2,0.21445572966952317,0.4284569295646658,2.4787439882955105,0.9996802046690119,0.023611128347039267,1.0,0.919971218420211,0.10918783347307172,0.7345698752798209,0.25,0.5,0.43934157495799947,0.5666391109736278,4,2024-08-30,103,0.0,0.0,,,0.0,,,,forced_top2,,,,True,,,True,-2.049910873440286,-2.149910873440286,-2.249910873440286,utility_positive
2024-09-12,7069,サイバー・バズ,0.0,-2.512998266897748,True,True,True,2024-09-11,2024-09-11,-4.121110176619003,-0.16446998485924952,0.2700830549465102,0.2769213463721131,0.6,2.9274865093637144,4.29824561403509,-0.7495183752562163,-0.8756032123693418,-0.027885903908022903,0.788422,-0.7502204,-0.88245666,-0.9747208,0.3479283,0.5714902730695481,1,1.0,2.814602958547123,0.02211657594669375,0.5832968481892848,3,0.9993504384540435,3.5103733338487846,0.1655640787385601,0.07921987092185072,12,0.9964274114972393,1.2303266079740935,0.05017783833863597,0.6291774330684763,26,0.991880480675544,0.9387613410056743,0.15429851750924362,1,0.13889290523688097,0.6166493456188296,2.814602958547123,1.0,0.02211657594669375,0.0,0.9969145826567067,0.0032028390586742363,0.991880480675544,0.25,0.5,0.42927832106938424,0.5714902730695481,4,2024-08-30,103,0.0,0.0,,,0.0,,,,forced_top2,,,,True,,,True,-1.256499133448874,-1.356499133448874,-1.456499133448874,utility_positive
2024-09-12,6227,ＡＩメカテック,0.0,-0.25041736227044975,True,True,True,2024-09-11,2024-09-11,0.0,0.233158835038168,0.2824270726003105,-0.04681316217814704,0.35,2.635644385780304,22.20988339811216,0.788481102359768,-0.023078809248098804,0.1944237951156811,0.76197475,0.99177194,0.94534236,-0.37213403,0.99823684,0.5684184375824197,2,0.9996752192270217,2.675710053310242,0.02211657594669375,1.2134068146524273,1,1.0,7.3162107550090845,0.1655640787385601,-0.10821731360186942,3077,0.0009743423189346734,-2.5051309312439143,0.05017783833863597,0.6031549396166848,234,0.9243260798960702,0.770111026849334,0.15429851750924362,2,0.0022044744632433743,0.6166493456188296,2.675710053310242,0.9996752192270217,0.02211657594669375,1.0,0.7312439103605066,0.4227468419451191,0.0009743423189346734,0.5,0.5,0.42927832106938424,0.5684184375824197,4,2024-08-30,103,0.0,0.0,,,0.0,,,,forced_top2,,,,True,,,True,-0.12520868113522488,-0.22520868113522488,-0.3252086811352249,utility_positive
2024-09-13,6190,フェニックスバイオ,0.0,-1.95227765726681,True,True,True,2024-09-12,2024-09-12,-7.459677419354838,-1.992442343810168,-0.2082184713933156,0.18820347993295788,0.55,2.145627585864474,6.896551724137923,-0.21819426640433015,-0.24685968646418915,-0.25942174291620523,0.49793753,-0.8485563,-0.8803771,-0.062186856,-0.89952856,0.5661801375180168,1,1.0,2.3153033710363053,0.02319265906362089,0.6823110827030707,3,0.9993521218011014,3.0277755447983727,0.1872972889265526,0.09344496613869459,2,0.9996760609005507,1.4716249748892896,0.06003823949783328,0.5797700713990269,467,0.8490443796566245,0.6304410934095712,0.15106522694516,1,0.24549422819105213,0.1854952802291715,2.3153033710363053,1.0,0.02319265906362089,0.0,0.9620181405895691,0.06522583349191322,0.8490443796566245,0.5,0.75,0.3863059072624199,0.5661801375180168,4,2024-08-30,103,0.0,0.0,,,0.0,,,,forced_top2,,,,True,,,True,-0.976138828633405,-1.076138828633405,-1.176138828633405,utility_positive
2024-09-13,4755,楽天グループ,0.0,-0.05278158978148095,True,True,True,2024-09-12,2024-09-12,-1.8723849372384915,-1.4481768635741776,0.6892235101021333,0.3789464557218245,0.55,3.1644090016509017,2.9285099052541064,-0.2187182554449874,-0.10429134193022013,0.20762477429917672,0.7984679,-0.87743074,0.68827343,0.797819,0.081909254,0.560486473581495,2,0.9996760609005507,2.069809142845253,0.02319265906362089,0.5501582565317209,7,0.9980563654033042,2.3221976534751687,0.1872972889265526,0.0444360044918412,396,0.8720440557175251,0.6553291931213704,0.06003823949783328,0.6371820397771037,12,0.9964366699060576,1.0104886367063395,0.15106522694516,2,0.04441594181574744,0.1854952802291715,2.069809142845253,0.9996760609005507,0.02319265906362089,1.0,0.9665532879818595,0.054576949051926046,0.8720440557175251,0.25,0.25,0.3863059072624199,0.560486473581495,4,2024-08-30,103,0.0,0.0,,,0.0,,,,forced_top2,,,,True,,,True,-0.026390794890740477,-0.12639079489074048,-0.2263907948907405,utility_positive
2024-09-17,197A,タウンズ,1.0,0.917431192660545,True,True,True,2024-09-13,2024-09-13,3.8387715930902067,-0.49958285625872223,1.009848449589822,0.1606485581913258,0.5,3.081783929569269,0.3853564547206201,-0.18546055659122435,0.28244501242292586,-0.08371777957358147,0.72533965,-0.6662729,0.9338452,,0.8207324,0.5687583552318294,1,1.0,2.9002753489322943,0.021330609879369522,0.3607689027780608,15,0.995475113122172,2.145360362637059,0.16390643423854423,-0.034041469099401,2574,0.1683904330963154,-0.8560156312754282,0.05457858820579236,0.6149214762652497,105,0.9663865546218487,0.8388067290032589,0.15548091097244332,1,0.4156003294293345,0.4867383304679334,2.9002753489322943,1.0,0.021330609879369522,0.0,0.782563025210084,0.35482723192210697,0.1683904330963154,0.25,0.25,0.3395852948924958,0.5687583552318294,4,2024-08-30,103,0.0,0.0,,,0.0,,,,forced_top2,,,,True,,,True,0.4587155963302725,0.3587155963302725,0.25871559633027247,utility_positive
2024-09-17,3475,グッドコムアセット,0.0,-0.12562814070351536,True,True,True,2024-09-13,2024-09-13,-7.420494699646641,-1.1172925281667871,-0.032104966583863526,0.11111371676387538,0.65,2.087593815485435,-0.2350176263219761,-0.15341132585338035,-0.043170918474196664,0.4249419875585579,0.525694,-0.8989959,-0.37802717,0.47620454,0.20318961,0.5598933467390348,2,0.9996767937944409,2.48467501950296,0.021330609879369522,0.27337563908068135,47,0.9851325145442793,1.6121704112884134,0.16390643423854423,0.04166657903002743,581,0.8125404007756949,0.531122633348896,0.05457858820579236,0.5756563818681171,529,0.8293471234647705,0.5862670818430245,0.15548091097244332,2,0.04904819309810232,0.4867383304679334,2.48467501950296,0.9996767937944409,0.021330609879369522,1.0,0.9066742081447963,0.08608983461406695,0.8125404007756949,0.25,0.25,0.3395852948924958,0.5598933467390348,4,2024-08-30,103,0.0,0.0,,,0.0,,,,forced_top2,,,,True,,,True,-0.06281407035175768,-0.16281407035175768,-0.2628140703517577,utility_positive
2024-09-18,196A,ＭＦＳ,0.0,-1.538461538461533,True,True,True,2024-09-17,2024-09-17,-2.631578947368418,-1.7625235614701995,0.03970325623131865,-0.044497199164150916,0.3,3.175903230981601,0.0,-0.42324676403155237,-0.38036723860464666,0.14960936428894228,0.75879395,-0.94265443,-0.7907183,,-0.93585575,0.6097474811573123,1,1.0,4.406315738426314,0.022214070897337956,0.7404115453579736,6,0.998362802881467,3.7672646650207224,0.17268064391090193,0.0660604020957844,33,0.9895219384413884,0.9765993380149988,0.057205362289420185,0.6280509768864316,27,0.991486574983628,0.9651786272120911,0.15147079350847303,1,1.8257379084131904,0.5824901657519695,4.406315738426314,1.0,0.022214070897337956,0.0,0.9948428290766208,0.004431787060785581,0.9895219384413884,0.25,0.25,0.39602972712318896,0.6097474811573123,4,2024-08-30,103,0.0,0.0,,,0.0,,,,forced_top2,,,,True,,,True,-0.7692307692307665,-0.8692307692307665,-0.9692307692307665,utility_positive
2024-09-18,3653,モルフォ,0.0,-5.727554179566563,True,True,True,2024-09-17,2024-09-17,0.0,-1.0387737348375787,0.05079415946775676,-0.24566117100335633,0.45,2.16252769205949,24.968789013732827,1.1936218983027924,0.5795847344221353,-0.022443206138519297,0.66479456,0.9946793,0.96866685,0.8137197,0.9869938,0.5691904098198641,2,0.9996725605762934,2.580577830013124,0.022214070897337956,1.4400976900952516,1,1.0,7.81917302539431,0.17268064391090193,-0.13210077694824515,3048,0.002292075965946272,-2.4874321987746626,0.057205362289420185,0.6002598309651422,219,0.9286182056319581,0.7817033493874272,0.15147079350847303,2,0.056365925691356136,0.5824901657519695,2.580577830013124,0.9996725605762934,0.022214070897337956,1.0,0.7326457105435493,0.4226710615540957,0.002292075965946272,0.5,0.5,0.39602972712318896,0.5691904098198641,4,2024-08-30,103,0.0,0.0,,,0.0,,,,forced_top2,,,,True,,,True,-2.8637770897832815,-2.9637770897832816,-3.0637770897832817,utility_positive
2024-09-19,5129,ＦＩＸＥＲ,1.0,2.154195011337867,True,True,True,2024-09-18,2024-09-18,-3.858875413450935,-2.033751893047575,-0.5984107216203267,-0.4201019276632225,0.45,2.49132029277501,1.5677491601343796,-0.7188399517325793,-0.2442063264388911,0.41443245947155943,0.7903178,-0.98218,-0.98455596,-0.96851796,-0.99109,0.5741104061798004,1,1.0,2.9004394271138,0.021498921342151922,0.6731660910805416,3,0.9993444772205834,3.442461335481507,0.16702069480367804,0.053968456632569224,186,0.9393641429039659,0.7800801060027679,0.05962716607115085,0.6344734323485856,14,0.9957391019337922,1.0122286279710802,0.15069617978826683,1,0.12114938354858529,0.7088351567599327,2.9004394271138,1.0,0.021498921342151922,0.0,0.9836119305145854,0.025597933717296933,0.9393641429039659,0.25,0.5,0.4133404106573973,0.5741104061798004,4,2024-08-30,103,0.0,0.0,,,0.0,,,,forced_top2,,,,True,,,True,1.0770975056689336,0.9770975056689336,0.8770975056689336,utility_positive
2024-09-19,4884,クリングルファーマ,1.0,4.8309178743961345,True,True,True,2024-09-18,2024-09-18,0.48367593712213,-0.7959648503954952,0.1588142190108849,1.1191419954425053,0.6,4.0965473158018,1.3480392156862697,-0.6382852683582417,-0.8562216723326038,-0.04295515157685829,0.7849718,-0.87466586,-0.85149986,0.59370357,-0.7891298,0.5715058251122391,2,0.9996722386102918,2.7792900435652146,0.021498921342151922,0.5910524302818517,6,0.9983611930514585,2.950823692043314,0.16702069480367804,0.05579850754137069,158,0.9485414618157981,0.8107716687481402,0.05962716607115085,0.6305276519189982,20,0.9937725335955424,0.9860449487621491,0.15069617978826683,2,0.09864405691987292,0.7088351567599327,2.7792900435652146,0.9996722386102918,0.021498921342151922,1.0,0.9850868567682727,0.021212898443027105,0.9485414618157981,0.25,0.25,0.4133404106573973,0.5715058251122391,4,2024-08-30,103,0.0,0.0,,,0.0,,,,forced_top2,,,,True,,,True,2.4154589371980673,2.315458937198067,2.215458937198067,utility_positive
2024-09-20,5247,ＢＴＭ,1.0,1.610169491525415,True,True,True,2024-09-19,2024-09-19,-2.9875518672199175,0.3747812208925193,0.4622260290809638,0.23093066649383787,0.7,2.299588418840095,0.24958402662229595,-1.0007979427213045,-0.7057783778082946,0.26088209400311785,0.6574651,-0.9507272,-0.9133274,-0.9465717,-0.99703175,0.5622245103618676,1,1.0,2.72370842024444,0.02037946942792307,0.30705520633274663,63,0.9798635920753491,1.5476418718843512,0.1715518779471701,0.062289815574396945,79,0.9746670997076973,0.9173332463857523,0.06282101843430489,0.6124526722125898,110,0.9645988957453718,0.8667979615292268,0.1482080334114581,1,0.21971355519420185,0.467982565112637,2.72370842024444,1.0,0.02037946942792307,0.0,0.9797823968821046,0.012898285161638781,0.9645988957453718,0.25,0.25,0.27607558326536624,0.5622245103618676,4,2024-08-30,103,0.0,0.0,,,0.0,,,,forced_top2,,,,True,,,True,0.8050847457627075,0.7050847457627075,0.6050847457627075,utility_positive
2024-09-20,5129,ＦＩＸＥＲ,0.0,0.0,True,True,True,2024-09-19,2024-09-19,2.154195011337867,-1.746062175033582,-0.385485966478868,-0.4162262704774609,0.5,2.537396673783684,1.1467889908256979,-0.43026140969565746,-0.2250931765917961,0.4208101785637354,0.78509945,-0.98456514,-0.957851,-0.9685367,-0.9020481,0.5577468646808871,2,0.9996752192270217,2.503994865050238,0.02037946942792307,0.568900567456909,2,0.9996752192270217,3.0739752717716926,0.1715518779471701,-0.0009364363899378963,1683,0.45371873985060085,-0.08911735788857554,0.06282101843430489,0.6244120475227577,47,0.985060084443001,0.947491126635642,0.1482080334114581,2,0.09721511838853174,0.467982565112637,2.503994865050238,0.9996752192270217,0.02037946942792307,1.0,0.8595323156869112,0.23437253779359507,0.45371873985060085,0.5,0.5,0.27607558326536624,0.5577468646808871,4,2024-08-30,103,1.0,1.0,1.0,1.9541950113378672,1.0,-0.01636354149891328,1.0,2024-09-19,forced_top2,,,,True,,,True,0.0,-0.1,-0.2,utility_positive
2024-09-24,5939,大⾕⼯業,0.0,-1.3642564802182844,True,True,True,2024-09-20,2024-09-20,-13.862559241706162,-0.7398441828104779,0.04307361903602462,0.3795164940846917,0.6,3.974785759763331,8.34403080872914,0.14769195985253702,-0.16714872576429804,-0.20300748504208904,0.56266665,0.5496296,0.26518518,0.6942222,-0.60977775,0.5711199912310937,1,1.0,3.037560053651997,0.02094982890949304,0.6689594945983239,4,0.9990303813833226,3.7460396955445474,0.16711825188569562,-0.03368414190354949,2378,0.23173884938590816,-0.6484559662707243,0.06205299723762965,0.5882542690807373,373,0.8797672915319974,0.7008598488246458,0.15051267397716817,1,0.5891220177237725,0.3949580947706259,3.037560053651997,1.0,0.02094982890949304,0.0,0.7776341305753071,0.3189418913958714,0.23173884938590816,0.25,0.5,0.33805989039740575,0.5711199912310937,4,2024-08-30,103,0.0,0.0,,,0.0,,,,forced_top2,,,,True,,,True,-0.6821282401091422,-0.7821282401091422,-0.8821282401091421,utility_positive
2024-09-24,8591,オリックス,0.0,-1.7655571635311174,True,True,True,2024-09-20,2024-09-20,-2.103746397694528,-1.12434884870918,0.21046084133808432,0.01789248157452054,0.65,1.3401595820140582,1.6105417276720324,-0.2780772792887654,-0.028829635138744043,0.5650275393175583,0.16029629,-0.7736296,-0.2705185,0.18518518,-0.6231111,0.5587779857529653,2,0.9996767937944409,2.4484380359282247,0.02094982890949304,0.4368243341018085,9,0.9974143503555268,2.356992372004509,0.16711825188569562,0.055638407568433884,155,0.9502262443438914,0.7909998770937144,0.06205299723762965,0.5097009607214381,1209,0.6095669036845508,0.17895490697758754,0.15051267397716817,2,0.16031004794079953,0.3949580947706259,2.4484380359282247,0.9996767937944409,0.02094982890949304,1.0,0.8892210730446025,0.1626609486534498,0.6095669036845508,0.25,0.25,0.33805989039740575,0.5587779857529653,4,2024-08-30,103,0.0,0.0,,,0.0,,,,forced_top2,,,,True,,,True,-0.8827785817655587,-0.9827785817655587,-1.0827785817655586,utility_positive
2024-09-25,3696,セレス,0.0,-4.073587385019706,True,True,True,2024-09-24,2024-09-24,0.0,-0.3964965534004678,-0.012190154879749704,-0.07088583584946422,0.4,2.7809139789772632,22.675736961451243,1.13487419307563,0.1769255544253157,0.2909515411868051,0.7914692,0.99526066,0.9632701,0.26222223,0.9905213,0.5765881726347197,1,1.0,3.502757644293711,0.019923739697737253,1.3390364501835332,1,1.0,8.350090548942543,0.15638075667771334,-0.12341623809778345,3085,0.004197610590894407,-2.066776622006746,0.061778300839414116,0.6091336643059794,148,0.9525347110106555,0.8449477265151482,0.15041872914213533,1,0.35518087132460946,0.9711710864740669,3.502757644293711,1.0,0.019923739697737253,0.0,0.7391830804003874,0.42478626690784244,0.004197610590894407,0.5,0.5,0.3219177820095267,0.5765881726347197,4,2024-08-30,103,0.0,0.0,,,0.0,,,,forced_top2,,,,True,,,True,-2.036793692509853,-2.136793692509853,-2.236793692509853,utility_positive
2024-09-25,4512,わかもと製薬,1.0,1.7667844522968101,True,True,True,2024-09-24,2024-09-24,0.0,0.09347077213374355,0.20997612313769398,0.146228115637137,0.6,1.315283035246928,22.540983606557386,0.8469021262896332,0.13209554404484364,-0.04381445452348803,0.49407583,0.9887441,0.9585308,0.8234074,0.4520142,0.5695116414088327,2,0.9996771068776235,3.147576772969102,0.019923739697737253,1.2853132885131318,2,0.9996771068776235,8.006549803829511,0.15638075667771334,-0.07045153065173321,2889,0.06748466257668717,-1.2094414941966407,0.061778300839414116,0.5767520436341582,489,0.8424281562802712,0.6296712057221641,0.15041872914213533,2,0.4327863493229693,0.9711710864740669,3.147576772969102,0.9996771068776235,0.019923739697737253,1.0,0.7273167581530513,0.38632542870171016,0.06748466257668717,0.5,0.5,0.3219177820095267,0.5695116414088327,4,2024-08-30,103,0.0,0.0,,,0.0,,,,forced_top2,,,,True,,,True,0.8833922261484051,0.7833922261484051,0.6833922261484051,utility_positive
2024-09-26,7878,光・彩,0.0,-5.873015873015874,True,True,True,2024-09-25,2024-09-25,0.0,-0.9245083744506413,-0.25181868904270255,-0.029856018845324125,0.5,2.3521524157974376,22.85191956124315,0.9577153845402722,0.2728114928537236,0.1022566942384451,0.7776471,0.9835294,0.8988235,0.7387467,0.9917647,0.5836723688751954,1,1.0,4.028845235788332,0.01987110784761159,1.4981912629635483,1,1.0,9.300614822193674,0.16174988858898287,-0.13145797026571532,3134,0.0015933715742511012,-2.203903710007739,0.060504573047702605,0.6089950931765352,149,0.952836201402167,0.8390079697516043,0.14993950041782517,1,0.8308937813266233,1.128487294065872,4.028845235788332,1.0,0.01987110784761159,0.0,0.7386073932441045,0.42595065445309493,0.0015933715742511012,0.5,0.5,0.2989332911378571,0.5836723688751954,4,2024-08-30,103,0.0,0.0,,,0.0,,,,forced_top2,,,,True,,,True,-2.936507936507937,-3.0365079365079373,-3.1365079365079374,utility_positive
2024-09-26,205A,ロゴスホールディングス,0.0,-0.41943376441803126,True,True,True,2024-09-25,2024-09-25,0.0,0.19891093940109128,0.3814151910996893,0.09755012218930569,0.5,3.0999380610104827,-0.969529085872578,-0.20085741513876493,0.45993859264262854,0.017113346447085766,0.78,-0.7135294,0.42941177,,0.6258823,0.5671615889365442,2,0.9996813256851498,3.1979514544617094,0.01987110784761159,0.1817409747593107,166,0.9474187380497132,1.161812998660896,0.16174988858898287,0.03810387542279903,473,0.8495857233906947,0.5985595939615247,0.060504573047702605,0.6162047906765414,89,0.9719566602931804,0.887092013515359,0.14993950041782517,2,0.13039919369265243,1.128487294065872,3.1979514544617094,0.9996813256851498,0.01987110784761159,1.0,0.9421606118546846,0.056555713432239696,0.8495857233906947,0.25,0.25,0.2989332911378571,0.5671615889365442,4,2024-08-30,103,0.0,0.0,,,0.0,,,,forced_top2,,,,True,,,True,-0.20971688220901563,-0.3097168822090156,-0.40971688220901564,utility_positive
2024-09-27,208A,構造計画研究所ホールディングス,1.0,0.24390243902439046,True,True,True,2024-09-26,2024-09-26,0.48840048840048667,0.1966101457654279,0.1892231427777885,-0.010009074182968555,0.55,1.1591989551171604,-0.24360535931789995,-0.09432546476791755,0.05531007747106963,0.0515129497199355,-0.47,-0.4764706,0.28470588,,0.073529415,0.5698105702117269,1,1.0,3.5143189889634745,0.019188552241376833,0.3745262471968245,9,0.9974763406940063,2.3069872809194854,0.16237979201446087,0.037194482377050773,360,0.8867507886435331,0.7411060221414618,0.059585958301968014,0.4031278064321726,2345,0.26056782334384854,-0.537794480366122,0.151851967658593,1,0.06270913232636235,1.2786288857006316,3.5143189889634745,1.0,0.019188552241376833,0.0,0.7861987381703469,0.30689891591687035,0.26056782334384854,0.25,0.25,0.24533694992168217,0.5698105702117269,4,2024-08-30,103,0.0,0.0,,,0.0,,,,forced_top2,,,,True,,,True,0.12195121951219523,0.021951219512195225,-0.07804878048780478,utility_positive
2024-09-27,3224,ゼネラル・オイスター,0.0,-0.12195121951219523,True,True,True,2024-09-26,2024-09-26,-2.8089887640449396,-1.2610814040146898,-0.659924950789193,-0.5872494982283761,0.3,2.5761453761352846,-0.5586592178770999,-2.3619505540418677,-0.39955246614658974,-0.1510555759866286,0.07882353,-0.98,-0.99941176,-0.997058,-0.9967647,0.5686072727500711,2,0.9996845425867508,3.451609856637112,0.019188552241376833,0.9385130098611327,1,1.0,5.780244363389956,0.16237979201446087,0.03108868465156643,500,0.8425867507886435,0.6386356096570044,0.059585958301968014,0.5226830484672864,1138,0.6413249211356467,0.24951992772840112,0.151851967658593,2,0.6782506783375783,1.2786288857006316,3.451609856637112,0.9996845425867508,0.019188552241376833,1.0,0.8708990536277603,0.14727408573996867,0.6413249211356467,0.5,0.5,0.24533694992168217,0.5686072727500711,4,2024-08-30,103,0.0,0.0,,,0.0,,,,forced_top2,,,,True,,,True,-0.060975609756097615,-0.16097560975609762,-0.2609756097560976,utility_positive
2024-09-30,3695,ＧＭＯリサーチ＆ＡＩ,1.0,2.5274725274725185,True,True,True,2024-09-27,2024-09-27,-2.9505865623889127,-0.6648564753708852,1.1736316214026388,0.39317586665053605,0.5263157894736842,3.2469242203649156,3.6859565057132393,-0.6560754641543306,-0.43353375131629185,-0.041978008718838236,0.37376755,-0.35703614,0.7857783,-0.07172743,0.16133851,0.5533932035713072,1,1.0,2.5995629658009065,0.020376954828844163,0.5280253493542907,3,0.9993640699523052,3.2720501665650294,0.17928977017330647,0.05935996659653204,100,0.9685214626391097,0.9829460100656449,0.05756124250041183,0.5829664917332761,495,0.8429252782193959,0.6117398458669967,0.15715261861324514,1,0.04247349095863545,0.4324436123003565,2.5995629658009065,1.0,0.020376954828844163,0.0,0.9527027027027026,0.06464447698246349,0.8429252782193959,0.25,0.5,0.2746625322248656,0.5533932035713072,4,2024-08-30,103,0.0,0.0,,,0.0,,,,forced_top2,,,,True,,,True,1.2637362637362592,1.1637362637362592,1.0637362637362593,utility_positive
2024-09-30,3224,ゼネラル・オイスター,0.0,-0.12484394506866447,True,True,True,2024-09-27,2024-09-27,-0.12195121951219523,-1.1770117780689726,-0.7196258470834443,-0.5817362724679352,0.25,2.5475717197215926,-5.202312138728327,-2.6190899705020936,-0.5140674114583449,-0.15287417724689595,0.32476845,-0.98745143,-0.99940246,-0.9994023,-0.9928294,0.5525277231646197,2,0.9996820349761526,2.5570894748422712,0.020376954828844163,0.7006907442376937,1,1.0,4.235102295621249,0.17928977017330647,-0.05531846444249662,2744,0.12782193958664545,-1.0093395289097895,0.05756124250041183,0.5667272361044148,672,0.7866454689984101,0.5084055471950392,0.15715261861324514,2,0.12779357681528553,0.4324436123003565,2.5570894748422712,0.9996820349761526,0.020376954828844163,1.0,0.7285373608903021,0.3575776028841353,0.12782193958664545,0.5,0.5,0.2746625322248656,0.5525277231646197,4,2024-08-30,103,1.0,1.0,1.0,-0.32195121951219524,1.0,-0.016079549585451325,1.0,2024-09-27,forced_top2,,,,True,,,True,-0.06242197253433224,-0.16242197253433224,-0.26242197253433225,utility_positive
2024-10-01,3962,チェンジホールディングス,1.0,3.571428571428581,True,True,True,2024-09-30,2024-09-30,-2.515723270440251,-1.0937228169032867,-0.7817787659206832,-0.11164681504366207,0.55,2.415525854577192,13.751987281399035,0.7888632988526572,0.4043879776485125,0.14408671172081688,0.8265276,0.9546945,-0.018777944,0.8295082,0.5272727,0.5500682784024508,1,1.0,3.0166053540534055,0.018220216519433452,0.7643839109352446,1,1.0,4.740042924807484,0.18926156667847188,-0.1339203737698773,3104,0.0003221649484536071,-2.678878298997213,0.052707324617989916,0.6179207145339819,76,0.9758376288659794,0.9590578008359679,0.13940778977227586,1,0.09605688761398191,0.5859442950820997,3.0166053540534055,1.0,0.018220216519433452,0.0,0.7440399484536082,0.42949895288627854,0.0003221649484536071,0.5,0.5,0.22472915693303364,0.5500682784024508,4,2024-09-30,122,0.0,0.0,,,0.0,,,,forced_top2,,,,True,,,True,1.7857142857142905,1.6857142857142904,1.5857142857142905,utility_positive
2024-10-01,7163,住信ＳＢＩネット銀行,1.0,0.952380952380949,True,True,True,2024-09-30,2024-09-30,-2.4008730447435456,-1.8398299552842687,-0.9656389824159971,-0.009165519718503812,0.35,2.427190784261534,5.164498852333588,0.2645583755965314,-0.08804809959055807,0.3212563897227357,0.8247392,-0.95350224,-0.94694483,-0.3138599,-0.81520116,0.5483181011119411,2,0.9996778350515464,2.9205484664394232,0.018220216519433452,0.452028751634447,5,0.9987113402061856,3.0896541808981404,0.18926156667847188,0.05763449606945803,215,0.9310567010309279,0.9554338431515155,0.052707324617989916,0.6326277289368682,17,0.9948453608247423,1.0645541610243794,0.13940778977227586,2,0.05496554079193208,0.5859442950820997,2.9205484664394232,0.9996778350515464,0.018220216519433452,1.0,0.9810728092783505,0.028933367491658295,0.9310567010309279,0.25,0.5,0.22472915693303364,0.5483181011119411,4,2024-09-30,122,0.0,0.0,,,0.0,,,,forced_top2,,,,True,,,True,0.4761904761904745,0.3761904761904745,0.2761904761904745,utility_positive
2024-10-02,9331,キャスター,1.0,0.7619047619047636,True,True,True,2024-10-01,2024-10-01,-4.411764705882348,-0.6252752795875441,0.5854578069701599,0.08390191068634464,0.55,2.6075117624200614,2.835538752362954,-0.2986716493322605,-0.2367892644388877,0.4849849570710661,0.7873734,-0.92197734,0.692972,-0.54198927,0.07176891,0.5548670850893147,1,1.0,3.079207499730067,0.017794690464853435,0.3331046321189571,7,0.9980897803247374,2.42978748750003,0.1498031988803413,0.03360736560065402,740,0.7647246099968164,0.4391607602534076,0.05698955048903509,0.6303549376846761,32,0.9901305316778096,1.0390993286710308,0.13802629049121706,1,0.0648118006845728,0.8997709431283883,3.079207499730067,1.0,0.017794690464853435,0.0,0.9382362304998408,0.10024533853731739,0.7647246099968164,0.25,0.25,0.234818546221064,0.5548670850893147,4,2024-09-30,122,0.0,0.0,,,0.0,,,,forced_top2,,,,True,,,True,0.3809523809523818,0.28095238095238184,0.1809523809523818,utility_positive
2024-10-02,5578,ＡＲアドバンストテクノロジ,0.0,-1.1895321173671647,True,True,True,2024-10-01,2024-10-01,-3.5258814703675867,0.11601896197648695,0.3596721217719546,-0.13297353208532506,0.6,2.4639111404299587,3.978159126365055,-0.8444505203974213,-0.5035465478351594,0.2968866253795315,0.69505656,-0.23823705,-0.8677784,-0.9803454,-0.758785,0.553713779157663,2,0.9996816300541229,3.0143956990454943,0.017794690464853435,0.4070427343951384,1,1.0,2.923355734565575,0.1498031988803413,0.06524853277878492,99,0.9687997453040433,0.9943707400938123,0.05698955048903509,0.599324206008783,290,0.9079910856415154,0.8142817843795855,0.13802629049121706,2,0.49818628029877765,0.8997709431283883,3.0143956990454943,0.9996816300541229,0.017794690464853435,1.0,0.9691181152499204,0.03749811445617353,0.9079910856415154,0.5,0.5,0.234818546221064,0.553713779157663,4,2024-09-30,122,0.0,0.0,,,0.0,,,,forced_top2,,,,True,,,True,-0.5947660586835823,-0.6947660586835823,-0.7947660586835823,utility_positive
2024-10-03,3083,シーズメン,0.0,-3.5278154681139706,True,True,True,2024-10-02,2024-10-02,-5.5771725032425445,-0.6351459280455145,-0.586366201886271,0.29734439285063086,0.5,2.6736504964357026,1.715039577836408,-0.2821538126206608,-0.44741477368815513,0.24145784777219925,0.7948718,-0.85092425,-0.9612403,-0.45259392,-0.7936792,0.5569872490674534,1,1.0,3.0163139967201698,0.018357662128867913,0.3198594344520548,2,0.9996774193548387,2.273562667111208,0.16267672823784762,0.04557355754317592,539,0.8264516129032258,0.5738952065138248,0.046525256409117394,0.6275859835583878,35,0.9890322580645161,1.0388477138379475,0.1376960698727136,1,0.707904850459627,0.23247809727951255,3.0163139967201698,1.0,0.018357662128867913,0.0,0.9537903225806452,0.07365137632204244,0.8264516129032258,0.5,0.5,0.2888522017434824,0.5569872490674534,4,2024-09-30,122,0.0,0.0,,,0.0,,,,forced_top2,,,,True,,,True,-1.7639077340569853,-1.8639077340569854,-1.9639077340569853,utility_positive
2024-10-03,5247,ＢＴＭ,1.0,1.9920318725099584,True,True,True,2024-10-02,2024-10-02,-1.3364779874213806,-0.17897785047744205,-0.03913881688330734,0.22609294328900228,0.65,1.9741940606777837,2.3330651649235756,-0.5077937398443549,-0.5881118020768371,0.2621891628136135,0.37865236,0.4281455,-0.862254,-0.8825283,-0.31961837,0.5439917710033289,2,0.9996774193548387,2.3084091462605425,0.018357662128867913,0.29937164822029066,3,0.9993548387096775,2.1476209515770157,0.16267672823784762,-0.011336046724356631,2383,0.2316129032258064,-0.6493028725488877,0.046525256409117394,0.5433837719477463,808,0.7396774193548388,0.42733998025863706,0.1376960698727136,2,0.014037935109949861,0.23247809727951255,2.3084091462605425,0.9996774193548387,0.018357662128867913,1.0,0.7425806451612903,0.31349968093759023,0.2316129032258064,0.25,0.5,0.2888522017434824,0.5439917710033289,4,2024-09-30,122,0.0,1.0,8.0,1.410169491525415,0.0,-0.018232739358538752,8.0,2024-09-20,forced_top2,,,,True,,,True,0.9960159362549792,0.8960159362549792,0.7960159362549792,utility_positive
2024-10-04,5575,Ｇｌｏｂｅｅ,0.0,-2.329916123019571,True,True,True,2024-10-03,2024-10-03,-5.000000000000004,-2.7160035371403892,-0.21751353394727793,-0.24020428109581313,0.4,2.9041398125035767,2.7077497665732864,-0.3897706609418713,-0.14085683445674288,0.1701431979456239,0.82258064,-0.99044204,-0.8966547,-0.9157706,-0.97192353,0.5566243163317729,1,1.0,2.5691015878839365,0.019132861298205295,0.4688063256688299,2,0.9996796925048046,2.5954864253264947,0.1578286781964181,0.06169683254530509,58,0.981742472773863,1.1141902829067154,0.04950470750061761,0.6385797906649809,13,0.9961563100576554,1.1041525803912,0.13951732824966512,1,0.20401591020004534,0.3902626588479642,2.5691015878839365,1.0,0.019132861298205295,0.0,0.9943946188340806,0.007458764267901977,0.981742472773863,0.5,0.5,0.3487689529096408,0.5566243163317729,4,2024-09-30,122,0.0,0.0,,,0.0,,,,forced_top2,,,,True,,,True,-1.1649580615097854,-1.2649580615097855,-1.3649580615097854,utility_positive
2024-10-04,6524,湖北⼯業,0.0,-0.9803921568627416,True,True,True,2024-10-03,2024-10-03,-0.3289473684210509,-1.6494509479960322,-0.16518357920766563,0.5677720946062748,0.4,3.70603021028053,2.876480541455151,-0.3773534832815459,-0.17356800933953032,0.05177828438346373,0.85842294,-0.94384706,-0.88530463,0.9038232,-0.83273596,0.5527209082192883,2,0.9996796925048046,2.365085677683891,0.019132861298205295,0.48337946752675925,1,1.0,2.687821620833822,0.1578286781964181,0.029929367199600536,636,0.7966047405509289,0.4724843331178346,0.04950470750061761,0.6516032673915665,2,0.9996796925048046,1.1974992412681926,0.13951732824966512,2,0.04225281574491577,0.3902626588479642,2.365085677683891,0.9996796925048046,0.019132861298205295,1.0,0.9489910313901345,0.08798036321470964,0.7966047405509289,0.75,0.75,0.3487689529096408,0.5527209082192883,4,2024-09-30,122,0.0,0.0,,,0.0,,,,forced_top2,,,,True,,,True,-0.4901960784313708,-0.5901960784313708,-0.6901960784313708,utility_positive
2024-10-07,5575,Ｇｌｏｂｅｅ,1.0,0.37383177570093906,True,True,True,2024-10-04,2024-10-04,-2.329916123019571,-3.6174976495164954,-0.3340093400982565,-0.24097393274244838,0.4,2.9414464761106514,2.6794258373205704,-0.1343588330624425,-0.1255424601727617,0.16676538719029088,0.8425481,-0.99158657,-0.92127407,-0.9074519,-0.9567308,0.5537329720317061,1,1.0,3.0346828864928104,0.017641947286644588,0.5092928145170853,1,1.0,3.819781982381755,0.14414808317564146,0.04767690567540191,271,0.9136276391554703,0.8176161138997796,0.0485871690095003,0.6451395287624483,9,0.9974408189379399,1.1382198419307927,0.1394839243792324,1,0.44899483609554863,0.4034572357488792,3.0346828864928104,1.0,0.017641947286644588,0.0,0.9777671145233525,0.03704567902973021,0.9136276391554703,0.5,0.5,0.3124993403694418,0.5537329720317061,4,2024-09-30,122,1.0,1.0,1.0,-2.529916123019571,1.0,-0.002891344300066767,1.0,2024-10-04,forced_top2,,,,True,,,True,0.18691588785046953,0.08691588785046953,-0.01308411214953048,utility_positive
2024-10-07,7061,日本ホスピスホールディングス,1.0,0.6662225183211135,True,True,True,2024-10-04,2024-10-04,-3.2467532467532423,-0.7577407691239096,0.21387132425377936,0.237498066271683,0.7,2.495589158623121,-0.9646302250803873,0.20719320021319768,-0.10441393645525987,0.4169575646746714,0.7229567,-0.8786058,0.74939907,0.5168269,0.0048076925,0.5458118288013328,2,0.9996801023672425,2.5856880503972617,0.017641947286644588,0.18609374513120153,40,0.9875239923224568,1.5776497093353463,0.14414808317564146,0.07670044561493575,25,0.9923224568138196,1.414966001353787,0.0485871690095003,0.614193369074029,154,0.9510556621880998,0.9163580049761476,0.1394839243792324,2,0.003936971066380882,0.4034572357488792,2.5856880503972617,0.9996801023672425,0.017641947286644588,1.0,0.9826455534229047,0.018745257475543026,0.9510556621880998,0.25,0.25,0.3124993403694418,0.5458118288013328,4,2024-09-30,122,0.0,0.0,,,0.0,,,,forced_top2,,,,True,,,True,0.3331112591605567,0.23311125916055672,0.13311125916055672,utility_positive
2024-10-08,9236,ジャパンＭ＆Ａソリューション,0.0,-4.80863591756624,True,True,True,2024-10-07,2024-10-07,-3.0476190476190435,1.0031638434189045,-0.4593983872289371,0.29734482513078053,0.55,3.413189884656218,0.1908396946564972,-1.3039340599061116,-1.118186749867963,0.27272026425692986,0.8430547,0.87492484,-0.998196,-0.9945881,-0.8791341,0.564901505207229,1,1.0,3.5231165663943056,0.01779662849035407,0.49524793390423777,4,0.9990421455938697,3.5621852929424196,0.14145944686458634,-0.016415083013563668,2038,0.34961685823754785,-0.30213131458261305,0.06058394521790339,0.6239112215865991,83,0.9738186462324393,0.9895858827244645,0.14195128859985268,1,0.6611817980385779,0.6563710990381677,3.5231165663943056,1.0,0.01779662849035407,0.0,0.8306194125159642,0.27790532479300173,0.34961685823754785,0.25,0.5,0.2545910324082432,0.564901505207229,4,2024-09-30,122,0.0,0.0,,,0.0,,,,forced_top2,,,,True,,,True,-2.40431795878312,-2.50431795878312,-2.60431795878312,utility_positive
2024-10-08,6664,オプトエレクトロニクス,0.0,-1.0869565217391353,True,True,True,2024-10-07,2024-10-07,-3.4965034965035002,-1.578612013313332,0.39857917402652154,-0.12182035236841103,0.6,3.1519929102907693,3.6231884057970953,-0.3937414494088049,-0.08579492633643272,0.15330251122771,0.80216473,-0.93986773,-0.38665062,-0.7227901,-0.47534576,0.5531346983829522,2,0.9996807151979565,2.8619347683557277,0.01779662849035407,0.41477709437176863,6,0.9984035759897829,2.9933237477004053,0.14145944686458634,0.06845973741085096,49,0.9846743295019157,1.0988144329936433,0.06058394521790339,0.6361900589014475,24,0.9926564495530013,1.076086240952711,0.14195128859985268,2,0.20575791667580481,0.6563710990381677,2.8619347683557277,0.9996807151979565,0.01779662849035407,1.0,0.9938537675606641,0.00592346454778158,0.9846743295019157,0.25,0.25,0.2545910324082432,0.5531346983829522,4,2024-09-30,122,0.0,0.0,,,0.0,,,,forced_top2,,,,True,,,True,-0.5434782608695676,-0.6434782608695676,-0.7434782608695676,utility_positive
2024-10-09,9236,ジャパンＭ＆Ａソリューション,1.0,3.292181069958855,True,True,True,2024-10-08,2024-10-08,-4.80863591756624,-0.1478377880438689,-0.5298955425843734,0.21720089317134317,0.55,3.490773229049153,0.09823182711199419,-1.3618947385703666,-1.1165495527494298,0.26010471290891113,0.7472859,0.48642942,-0.99939686,-0.99638116,-0.90168875,0.5819077018407596,1,1.0,4.427198259085182,0.018266028312658555,0.688653227577329,1,1.0,4.759729223082474,0.15605382633830578,0.023165745213090335,1023,0.6742110296461588,0.33525437974149425,0.04967266569508899,0.6136970901509964,196,0.9378386993943257,0.885616003476161,0.14564886647006092,1,1.6918355377787726,0.4285004937585876,4.427198259085182,1.0,0.018266028312658555,0.0,0.9030124322601212,0.13451405810622052,0.6742110296461588,0.5,0.5,0.3296447207513727,0.5819077018407596,4,2024-09-30,122,1.0,1.0,1.0,-5.00863591756624,1.0,0.017006196633530535,1.0,2024-10-08,forced_top2,,,,True,,,True,1.6460905349794275,1.5460905349794274,1.4460905349794275,utility_positive
2024-10-09,4058,トヨクモ,1.0,3.4151034151034043,True,True,True,2024-10-08,2024-10-08,-3.9981185324553192,-2.8476941900415254,0.2555130027887347,0.3184636415294323,0.45,3.788374418172459,-0.37488284910964786,0.12826430963787436,0.03081800385563974,0.12986618404293748,0.8486128,-0.9837153,0.62846804,0.8606755,-0.2424608,0.5510045860073306,2,0.999681224099458,2.73536272130641,0.018266028312658555,0.3593877833583631,4,0.9990436722983742,2.649781316357275,0.15605382633830578,0.026727141803186506,898,0.7140580172138986,0.40695169133651654,0.04967266569508899,0.6415720008988489,23,0.9929869301880778,1.0770003336355887,0.14564886647006092,2,0.09946972270736225,0.4285004937585876,2.73536272130641,0.999681224099458,0.018266028312658555,1.0,0.9264424609499522,0.1226480438533208,0.7140580172138986,0.25,0.5,0.3296447207513727,0.5510045860073306,4,2024-09-30,122,0.0,0.0,,,0.0,,,,forced_top2,,,,True,,,True,1.7075517075517022,1.607551707551702,1.5075517075517022,utility_positive
2024-10-10,9236,ジャパンＭ＆Ａソリューション,0.0,0.0,True,True,True,2024-10-09,2024-10-09,3.292181069958855,-0.043816358446348326,-0.5803781675067411,0.28410761470769447,0.55,3.4238801512938335,0.20618556701030855,-1.1486084642793912,-1.099339021949396,0.2638644817153885,0.71437216,-0.0408472,-0.99818456,-0.99515885,-0.82632375,0.5628745346128636,1,1.0,3.5939620328213167,0.017432367245347857,0.6370965707158192,1,1.0,4.597113936842867,0.14635535414288314,0.03464453890860437,405,0.8716645489199492,0.6550312142363104,0.05584703456629857,0.6026674153266655,282,0.9107369758576874,0.8208699772042829,0.14520495989542087,1,0.9098335710341008,0.42733760197144854,3.5939620328213167,1.0,0.017432367245347857,0.0,0.9456003811944091,0.05612620016128124,0.8716645489199492,0.5,0.5,0.24922685774622397,0.5628745346128636,4,2024-09-30,122,2.0,2.0,1.0,3.0921810699588548,1.0,-0.019033167227895942,1.0,2024-10-09,forced_top2,,,,True,,,True,0.0,-0.1,-0.2,utility_positive
2024-10-10,3920,アイビーシー,0.0,-2.2727272727272707,True,True,True,2024-10-09,2024-10-09,-5.376344086021501,-0.9075061173948342,0.23772418014496796,0.550557791231491,0.45,3.566569130358016,0.3597122302158251,-0.13882461930840864,-0.4775711190487754,0.17917419347643426,0.8626324,-0.29924357,-0.11225416,0.3065053,-0.9098336,0.5470139816704509,2,0.9996823379923762,2.684128461787216,0.017432367245347857,0.2025838246003494,41,0.9872935196950444,1.6282253118919428,0.14635535414288314,0.04604892922976009,194,0.9386912325285895,0.8592388397570002,0.05584703456629857,0.6336660803420671,50,0.9844345616264295,1.0343521133360472,0.14520495989542087,2,0.15761288608867238,0.42733760197144854,2.684128461787216,0.9996823379923762,0.017432367245347857,1.0,0.9775254129606099,0.023141818971030154,0.9386912325285895,0.25,0.25,0.24922685774622397,0.5470139816704509,4,2024-09-30,122,0.0,0.0,,,0.0,,,,forced_top2,,,,True,,,True,-1.1363636363636354,-1.2363636363636354,-1.3363636363636353,utility_positive
2024-10-11,9236,ジャパンＭ＆Ａソリューション,1.0,3.125,True,True,True,2024-10-10,2024-10-10,0.0,-0.6420217422948019,-0.6310881066548136,0.23840718568325892,0.5,3.406486720221319,-0.3984063745019917,-1.1685287830044908,-1.1059791281910956,0.26131001982582774,0.7060606,-0.7260606,-0.99636364,-0.99454546,-0.7763636,0.575213305193603,1,1.0,4.2833934053543095,0.017546958305972415,0.6962268171698314,1,1.0,5.281505770085042,0.13934002692281916,0.05069237843997244,127,0.9598086124401914,1.0055884739321568,0.05256979777106428,0.6147627131783416,167,0.9470494417862839,0.9104750851278209,0.14646949332578735,1,1.0631726485692594,0.9108464521812736,4.2833934053543095,1.0,0.017546958305972415,0.0,0.9767145135566189,0.023718419706566234,0.9470494417862839,0.5,0.5,0.2999817962312809,0.575213305193603,4,2024-09-30,122,3.0,3.0,1.0,-0.2,1.0,0.0123387705807394,1.0,2024-10-10,forced_top2,,,,True,,,True,1.5625,1.4625,1.3625,utility_positive
2024-10-11,3904,カヤック,0.0,-0.18832391713747842,True,True,True,2024-10-10,2024-10-10,-3.5778175313059046,-4.234861631922124,0.127775309657076,-0.27966857577454557,0.5,5.204487768994742,1.26811594202898,0.30547972936397494,-0.007255040935981364,-0.045743808028849205,0.8575758,-0.9921212,0.6018182,-0.7369697,-0.5230303,0.556557859057108,2,0.9996810207336523,3.2202207567850505,0.017546958305972415,0.580945001072329,2,0.9996810207336523,4.454164060431453,0.13934002692281916,0.043299463015761944,225,0.928548644338118,0.8649580028695548,0.05256979777106428,0.6399246334306025,18,0.9945773524720893,1.0822645798609938,0.14646949332578735,2,0.5381323363131713,0.9108464521812736,3.2202207567850505,0.9996810207336523,0.017546958305972415,1.0,0.980622009569378,0.03013668352340846,0.928548644338118,0.5,0.5,0.2999817962312809,0.556557859057108,4,2024-09-30,122,0.0,0.0,,,0.0,,,,forced_top2,,,,True,,,True,-0.09416195856873921,-0.19416195856873922,-0.2941619585687392,utility_positive
2024-10-15,9236,ジャパンＭ＆Ａソリューション,0.0,-1.7804154302670572,True,True,True,2024-10-11,2024-10-11,3.125,-0.28781477904528485,-0.5738142158698303,0.21802675090065024,0.5,3.4618689014692596,-0.8000000000000007,-1.1114738967929783,-1.1229435435868835,0.2571732258277263,0.67154175,-0.43449116,-0.99573433,-0.99573433,-0.6313224,0.5618950335036124,1,1.0,3.49613924872458,0.018029291486734877,0.6172148066235215,2,0.9996790757381258,4.640613220050181,0.14541255073106138,0.02431602388947873,676,0.7833761232349166,0.5024035164704284,0.05413839718511655,0.6033678332877616,257,0.9178433889602053,0.8208585097696145,0.14773823486072785,1,0.13446249909806346,1.2011594900223788,3.49613924872458,1.0,0.018029291486734877,0.0,0.925224646983312,0.08847358650973002,0.7833761232349166,0.5,0.5,0.29982815707121924,0.5618950335036124,4,2024-09-30,122,4.0,4.0,1.0,2.925,1.0,-0.013318271689990668,1.0,2024-10-11,forced_top2,,,,True,,,True,-0.8902077151335286,-0.9902077151335286,-1.0902077151335285,utility_positive
2024-10-15,9601,松竹,1.0,0.9304812834224574,True,True,True,2024-10-11,2024-10-11,-10.363548230731945,-1.9169045155725997,-0.14314337409269298,0.025731284096175776,0.55,2.8247170573171476,0.0,-0.1791695999439058,-0.021703118359503632,0.05386185672396544,0.6221816,-0.9811091,-0.8769043,0.40767825,-0.7800122,0.5594707699133386,2,0.9996790757381258,3.3616767496265165,0.018029291486734877,0.3008211216029933,12,0.9964698331193839,2.464778442172622,0.14541255073106138,0.03800590349558813,308,0.9014762516046213,0.7552717267962586,0.05413839718511655,0.6071293413501204,222,0.9290757381258024,0.8463191365728576,0.14773823486072785,2,0.5743146045788581,1.2011594900223788,3.3616767496265165,0.9996790757381258,0.018029291486734877,1.0,0.9566752246469833,0.04254879655555802,0.9014762516046213,0.25,0.25,0.29982815707121924,0.5594707699133386,4,2024-09-30,122,0.0,0.0,,,0.0,,,,forced_top2,,,,True,,,True,0.4652406417112287,0.3652406417112287,0.2652406417112287,utility_positive
2024-10-16,211A,カドス・コーポレーション,1.0,0.6006006006006093,True,True,True,2024-10-15,2024-10-15,1.397280966767367,0.8381073139413961,0.20728104205134654,-0.13490720959949878,0.6,1.9182037551936952,0.1512859304084735,0.06488635212150487,-0.04081046516431024,0.26128964163951734,0.20400728,0.91742563,0.46994534,,0.95506984,0.5747403253129412,1,1.0,4.10096077313867,0.01806946065095405,0.3420048147079107,11,0.996814272061166,2.469960453640911,0.14631179028757316,-0.04477694499205631,2525,0.1959222682382924,-0.6971781672659161,0.05545963713835026,0.5345916182269946,941,0.7005415737496018,0.3489456846875706,0.14963734470559903,1,0.1905300240535232,1.7003709487466783,4.10096077313867,1.0,0.01806946065095405,0.0,0.7233195285122651,0.32787885088063273,0.1959222682382924,0.25,0.25,0.2806154303598462,0.5747403253129412,4,2024-09-30,122,0.0,0.0,,,0.0,,,,forced_top2,,,,True,,,True,0.30030030030030463,0.20030030030030463,0.10030030030030462,utility_positive
2024-10-16,9236,ジャパンＭ＆Ａソリューション,1.0,1.2084592145015005,True,True,True,2024-10-15,2024-10-15,-1.7804154302670572,-0.034374055574887576,-0.7900955366129215,0.2251808411087721,0.45,3.39115106698878,-1.1730205278592365,-1.16677820297175,-1.165063330162315,0.2665535596512566,0.7468124,-0.44444445,-0.9987857,-0.99817795,-0.6296296,0.5712975505404807,2,0.9996814272061166,3.9104307490851467,0.01806946065095405,0.6044359348238577,3,0.9993628544122332,4.263603464912548,0.14631179028757316,0.0494738625382364,117,0.9630455559095253,1.0022705199870052,0.05545963713835026,0.6166398591341639,148,0.9531697992991398,0.8972596170725202,0.14963734470559903,2,1.2340975782712755,1.7003709487466783,3.9104307490851467,0.9996814272061166,0.01806946065095405,1.0,0.9788149092067537,0.02099984399448914,0.9531697992991398,0.25,0.5,0.2806154303598462,0.5712975505404807,4,2024-09-30,122,5.0,5.0,1.0,-1.9804154302670571,1.0,0.00940251703686834,1.0,2024-10-15,forced_top2,,,,True,,,True,0.6042296072507503,0.5042296072507503,0.40422960725075024,utility_positive
2024-10-17,4429,リックソフト,0.0,-7.692307692307687,True,True,True,2024-10-16,2024-10-16,-6.087662337662336,-2.1316569653755035,-0.32874482204504063,-0.4411876540783446,0.45,1.903676554517013,-0.16207455429497752,-0.6577952146682758,-0.22386556649644807,0.21287631121994288,0.7531164,-0.99695957,-0.97750074,-0.9659471,-0.9136516,0.5537811831700563,1,1.0,3.1213671721018463,0.0184160896953392,0.3651417444956495,7,0.9980787704130644,2.7179187001519125,0.16604263040895842,0.022537528540367627,871,0.7214217098943323,0.3849819120295154,0.05450526797820784,0.6164322079643272,121,0.9615754082612872,0.9213394865660633,0.14655618066064696,1,0.18080740469273038,0.7245570030015521,3.1213671721018463,1.0,0.0184160896953392,0.0,0.920268972142171,0.11582082809079115,0.7214217098943323,0.25,0.25,0.2571140454510605,0.5537811831700563,4,2024-09-30,122,0.0,0.0,,,0.0,,,,forced_top2,,,,True,,,True,-3.8461538461538436,-3.9461538461538437,-4.046153846153843,utility_positive
2024-10-17,2687,シー・ヴイ・エス・ベイエリア,0.0,-0.17667844522968323,True,True,True,2024-10-16,2024-10-16,-1.5679442508710784,-0.5923404469360614,0.6913059269748473,0.17518942553467992,0.7,1.6801836111456863,1.5929203539823078,-0.6729856641319316,-0.46896521217483006,0.31292225082019454,0.71298265,-0.96777135,-0.25387657,-0.68622684,-0.63028276,0.5504514177876535,2,0.9996797950688441,2.9405597674091157,0.0184160896953392,0.27229905220499195,18,0.994556516170349,2.1587689681705013,0.16604263040895842,0.051592200639030264,177,0.9436439321165546,0.9180436357197687,0.05450526797820784,0.6032094594789235,244,0.9221902017291066,0.8311164169841587,0.14655618066064696,2,0.2137165489866827,0.7245570030015521,2.9405597674091157,0.9996797950688441,0.0184160896953392,1.0,0.9650176112712137,0.03303420597257691,0.9221902017291066,0.25,0.25,0.2571140454510605,0.5504514177876535,4,2024-09-30,122,0.0,0.0,,,0.0,,,,forced_top2,,,,True,,,True,-0.08833922261484162,-0.18833922261484162,-0.28833922261484163,utility_positive
2024-10-18,4429,リックソフト,0.0,-2.2346368715083775,True,True,True,2024-10-17,2024-10-17,-7.692307692307687,-3.5097978625544757,-0.6469266402268585,-0.5311536477936387,0.45,2.5136795821994813,0.0,-0.6543011545704418,-0.22386556649644807,0.19420420937215088,0.8769418,-0.9981724,-0.9902528,-0.97928727,-0.91714895,0.5750676081323192,1,1.0,3.962647957514386,0.019017262277242153,0.631656828175655,2,0.9996787664632187,4.399896621451998,0.15414862311061678,0.041307201187073365,312,0.9000963700610344,0.7538703015250271,0.05224967923861122,0.6465480392141947,5,0.9987150658528751,1.1220523652212657,0.1471024210651497,1,1.4931995736180295,0.2533857537710875,3.962647957514386,1.0,0.019017262277242153,0.0,0.974622550594282,0.04303030841270572,0.9000963700610344,0.5,0.75,0.3469022621549925,0.5750676081323192,4,2024-09-30,122,1.0,1.0,1.0,-7.892307692307687,1.0,0.02128642496226285,1.0,2024-10-17,forced_top2,,,,True,,,True,-1.1173184357541888,-1.2173184357541889,-1.3173184357541887,utility_positive
2024-10-18,2820,やまみ,0.0,-1.8382352941176516,True,True,True,2024-10-17,2024-10-17,-0.12135922330097637,-1.88609420149048,-0.39656343538945465,0.5652553866295001,0.4,2.9933807832158235,1.228501228501222,-0.28988131182760235,-0.08269174453038668,0.09700084684890692,0.8233323,-0.9610113,-0.9518733,0.9530917,-0.7017971,0.546671040208559,2,0.9996787664632187,2.4694483838963563,0.019017262277242153,0.3728510760434845,5,0.9987150658528751,2.7209601060966064,0.15414862311061678,0.01163718531163594,1289,0.5862512046257629,0.18601962171622136,0.05224967923861122,0.639996786094693,13,0.9961451975586251,1.0775170470934954,0.1471024210651497,2,0.04514744123580368,0.2533857537710875,2.4694483838963563,0.9996787664632187,0.019017262277242153,1.0,0.8951975586251204,0.17837493696544207,0.5862512046257629,0.25,0.5,0.3469022621549925,0.546671040208559,4,2024-09-30,122,0.0,0.0,,,0.0,,,,forced_top2,,,,True,,,True,-0.9191176470588258,-1.019117647058826,-1.1191176470588258,utility_positive
2024-10-21,4014,カラダノート,1.0,3.106796116504862,True,True,True,2024-10-18,2024-10-18,-10.154905335628229,-2.3683970776650187,-1.2799033633379626,-0.06865116328467889,0.3,2.8872569957244183,11.516314779270642,0.5217148064575532,0.06063250723640205,-0.029218283813015552,0.8445596,-0.43309966,-0.96037793,-0.073780484,-0.663822,0.5699464018092193,1,1.0,3.9062266094975544,0.018083009503360892,0.7742650270611288,2,0.9996790757381258,5.309352596832588,0.15533543692837187,0.012867778107733131,1223,0.6078305519897305,0.19714548700969242,0.04984542073019508,0.6244166694253123,79,0.9749679075738126,0.9661270334952536,0.14730577913409115,1,0.8585185832215225,0.6759944793889192,3.9062266094975544,1.0,0.018083009503360892,0.0,0.8956193838254172,0.16646496062561653,0.6078305519897305,0.5,0.5,0.31526255221908506,0.5699464018092193,4,2024-09-30,122,0.0,0.0,,,0.0,,,,forced_top2,,,,True,,,True,1.553398058252431,1.4533980582524308,1.353398058252431,utility_positive
2024-10-21,5449,大阪製鐵,0.0,-0.45045045045044585,True,True,True,2024-10-18,2024-10-18,-5.285714285714283,-0.7660322321064041,-0.08956727567215653,0.6127537043509652,0.5,2.290046052310348,5.105105105105112,0.08635919059439215,-0.15048599035985638,0.1538102008290594,0.8293203,-0.6263334,-0.21487351,0.95060974,0.07802499,0.5544218021100126,2,0.9996790757381258,3.047708026276032,0.018083009503360892,0.3672322641218741,6,0.998395378690629,2.689005488741952,0.15533543692837187,0.044538709366815595,238,0.9239409499358151,0.8325284528895857,0.04984542073019508,0.6324828396488436,36,0.9887676508344031,1.0208850360050445,0.14730577913409115,2,0.04477897401188634,0.6759944793889192,3.047708026276032,0.9996790757381258,0.018083009503360892,1.0,0.9776957637997432,0.031320547394901324,0.9239409499358151,0.25,0.25,0.31526255221908506,0.5544218021100126,4,2024-09-30,122,0.0,0.0,,,0.0,,,,forced_top2,,,,True,,,True,-0.22522522522522292,-0.3252252252252229,-0.42522522522522294,utility_positive
2024-10-22,7356,Ｒｅｔｔｙ,0.0,-0.6622516556291425,True,True,True,2024-10-21,2024-10-21,-2.5974025974025983,-0.354243007570894,0.3772980510895735,0.2591790427695026,0.7,1.6538961746977356,0.6535947712418277,-0.3504036759735739,-0.3141727842871704,0.28193962801400685,0.40917432,-0.640367,0.10489297,-0.22752294,-0.05259939,0.5442267242350554,1,1.0,2.563415641330471,0.017676343108056325,0.21235521369855984,21,0.9936040933802367,1.6522129019784368,0.1547173425126211,0.06854107569861538,26,0.9920051167252958,1.279845174830018,0.053087748128709276,0.55438405780602,742,0.7630316597377678,0.47470686486181535,0.1512655570923615,1,0.10006723562399213,0.2710153025479288,2.563415641330471,1.0,0.017676343108056325,0.0,0.9371602174608251,0.10057766524981922,0.7630316597377678,0.25,0.25,0.28673820771455777,0.5442267242350554,4,2024-09-30,122,0.0,0.0,,,0.0,,,,forced_top2,,,,True,,,True,-0.3311258278145712,-0.4311258278145712,-0.5311258278145712,utility_positive
2024-10-22,9236,ジャパンＭ＆Ａソリューション,0.0,-0.5015045135406182,True,True,True,2024-10-21,2024-10-21,-0.30000000000000027,-0.3530957107648007,0.06807443590127568,0.24771770654004657,0.5,2.22745872983689,0.30090270812437314,-0.08686086319537378,-1.1586704315238259,0.28114825541795835,0.6507645,-0.62874615,-0.04648318,-0.9969419,0.08073395,0.542457901444291,2,0.9996802046690119,2.463348405706479,0.017676343108056325,0.26636347276067845,11,0.9968020466901183,2.0012898586079944,0.1547173425126211,0.016002124930680966,1068,0.6587783818356252,0.2901827269040731,0.053087748128709276,0.5904973584806953,380,0.8787975695554845,0.7134479330127418,0.1512655570923615,2,0.06191814553768914,0.2710153025479288,2.463348405706479,0.9996802046690119,0.017676343108056325,1.0,0.88351455068756,0.1386155757993251,0.6587783818356252,0.25,0.25,0.28673820771455777,0.542457901444291,4,2024-09-30,122,2.0,6.0,4.0,1.0084592145015006,0.0,-0.028839649096189746,4.0,2024-10-16,forced_top2,,,,True,,,True,-0.2507522567703091,-0.3507522567703091,-0.4507522567703091,utility_positive
2024-10-23,4176,ココナラ,0.0,-2.6022304832713727,True,True,True,2024-10-22,2024-10-22,-4.982206405693946,-1.7577361062691743,-0.6609597188131355,-0.13151721749168138,0.45,1.9608209049550782,0.0,-0.37680021011060444,-0.408247588091591,0.3598876744754884,0.8363359,-0.96335876,-0.96335876,-0.9535878,-0.8076336,0.5561329081879745,1,1.0,2.8482878598240466,0.018264852204559867,0.3404266711651531,6,0.9984,2.4538616490418192,0.14397591934018955,0.03858586948413599,358,0.88576,0.6886895631242905,0.05114058782843994,0.6258029616788835,97,0.96928,0.9483485594709895,0.15153255490090956,1,0.2750323060441822,0.5000378299313891,2.8482878598240466,1.0,0.018264852204559867,0.0,0.96336,0.04644108525863709,0.88576,0.25,0.25,0.42322583357016197,0.5561329081879745,4,2024-09-30,122,0.0,0.0,,,0.0,,,,forced_top2,,,,True,,,True,-1.3011152416356864,-1.4011152416356865,-1.5011152416356863,utility_positive
2024-10-23,6558,クックビズ,0.0,-1.88866799204771,True,True,True,2024-10-22,2024-10-22,-6.331471135940414,-0.703528151273822,0.1399892104003953,0.3842598822555891,0.45,2.7473107768310663,2.285714285714291,-0.751186751097785,-0.6001746398781491,-0.14696795194313475,0.85160303,-0.84793895,-0.88580155,-0.648855,-0.65801525,0.5511094837665982,2,0.99968,2.5732555537798643,0.018264852204559867,0.27738849872391896,13,0.99616,2.0160233443438917,0.14397591934018955,0.033163259476187555,532,0.83008,0.5826561708969753,0.05114058782843994,0.6370849702559693,26,0.992,1.0228012642674167,0.15153255490090956,2,0.40721831245562784,0.5000378299313891,2.5732555537798643,0.99968,0.018264852204559867,1.0,0.95448,0.07187380051173027,0.83008,0.25,0.25,0.42322583357016197,0.5511094837665982,4,2024-09-30,122,0.0,0.0,,,0.0,,,,forced_top2,,,,True,,,True,-0.944333996023855,-1.0443339960238551,-1.144333996023855,utility_positive
2024-10-24,4176,ココナラ,1.0,3.076923076923066,True,True,True,2024-10-23,2024-10-23,-2.6022304832713727,-1.7970825465660603,-0.7311910034557462,-0.1573438658970814,0.45,2.0056951726478958,0.7490636704119868,-0.384664247133812,-0.3656167680894619,0.3493712345475852,0.8475199,-0.9173301,-0.97060627,-0.9534456,-0.46111453,0.554046417533039,1,1.0,2.6519183655027874,0.018706792170539444,0.40098331017074607,2,0.9996788696210661,2.7966064314972634,0.14115500176632934,0.0363612091168511,322,0.8969171483622351,0.7470850341615923,0.04848911735295177,0.6279207636498958,74,0.9765574823378291,0.9686463778189457,0.1514254992528622,1,0.10830029257081893,0.31146938373030686,2.6519183655027874,1.0,0.018706792170539444,0.0,0.9682883750802826,0.042288356673674206,0.8969171483622351,0.5,0.5,0.447947907751649,0.554046417533039,4,2024-09-30,122,1.0,1.0,1.0,-2.802230483271373,1.0,-0.002086490654935491,1.0,2024-10-23,forced_top2,,,,True,,,True,1.538461538461533,1.438461538461533,1.338461538461533,utility_positive
2024-10-24,1982,日比⾕総合設備,1.0,2.467343976777947,True,True,True,2024-10-23,2024-10-23,-5.745554035567713,-2.2456425701207565,-0.21523402206460043,0.0764937057878806,0.5,2.339265974385418,0.0,0.33629150542327285,0.15628922299668466,0.37546735350744903,0.61849356,-0.9399878,0.6301286,0.80459416,0.16289039,0.552020466467908,2,0.9996788696210661,2.5436180729319684,0.018706792170539444,0.33423403390896933,6,0.9983943481053308,2.3237271468348983,0.14115500176632934,0.04359083831313762,169,0.9460500963391136,0.8961830089434827,0.04848911735295177,0.6043818304152978,266,0.9149004495825305,0.8131974385667076,0.1514254992528622,2,0.04345244158887048,0.31146938373030686,2.5436180729319684,0.9996788696210661,0.018706792170539444,1.0,0.9647559409120103,0.03600913781601358,0.9149004495825305,0.25,0.25,0.447947907751649,0.552020466467908,4,2024-09-30,122,0.0,0.0,,,0.0,,,,forced_top2,,,,True,,,True,1.2336719883889735,1.1336719883889734,1.0336719883889736,utility_positive
2024-10-25,7369,メイホーホールディングス,1.0,0.4672897196261738,True,True,True,2024-10-24,2024-10-24,0.0,-0.8738494239016734,0.6116724171350819,0.28646111692288867,0.7,2.2380176453761105,0.0,-0.64132108391036,-0.3428852610884748,0.05202794598713657,0.6052793,-0.9257213,0.31062,0.041142154,0.37200737,0.5467317589960552,1,1.0,2.4663685005015346,0.01834250372801083,0.3344821022327281,8,0.9977549711353432,2.451130191966574,0.14256696144972963,0.06969434540956115,18,0.9945477870429763,1.516056311998876,0.04825673859215387,0.6033278487095851,290,0.9073123797305965,0.7835554189986301,0.1544147411990036,1,0.0002154789224033986,0.4271236590855267,2.4663685005015346,1.0,0.01834250372801083,0.0,0.974903784477229,0.03907198995980216,0.9073123797305965,0.25,0.25,0.35587091077304894,0.5467317589960552,4,2024-09-30,122,0.0,0.0,,,0.0,,,,forced_top2,,,,True,,,True,0.2336448598130869,0.1336448598130869,0.0336448598130869,utility_positive
2024-10-25,4051,ＧＭＯフィナンシャルゲート,0.0,-3.6111111111111094,True,True,True,2024-10-24,2024-10-24,0.28050490883591017,-1.4490447186188549,0.2032280384506874,0.3401084145309061,0.5,3.0171684969938246,-0.2797202797202747,-0.3573804728696378,-0.2064498348726562,0.21970381191415048,0.91221607,-0.9410681,-0.1276857,0.6217378,0.54972374,0.5467278065731177,2,0.9996792815907634,2.466153021579131,0.01834250372801083,0.3309050011310203,9,0.9974342527261065,2.4260395183256884,0.14256696144972963,-0.0042046548734882595,1593,0.48941629249518925,-0.015315314824341538,0.04825673859215387,0.6406442491450588,15,0.9955099422706863,1.025218877718428,0.1544147411990036,2,0.08368190993386097,0.4271236590855267,2.466153021579131,0.9996792815907634,0.01834250372801083,1.0,0.8705099422706863,0.22002946888097644,0.48941629249518925,0.25,0.25,0.35587091077304894,0.5467278065731177,4,2024-09-30,122,0.0,0.0,,,0.0,,,,forced_top2,,,,True,,,True,-1.8055555555555547,-1.9055555555555548,-2.0055555555555546,utility_positive
2024-10-28,4811,ドリーム・アーツ,1.0,6.919396393080612,True,True,True,2024-10-25,2024-10-25,-3.4446022727272707,-1.9743181100675744,-0.8134804619814128,0.4749444768530277,0.35,2.728162316848758,1.8076644974692746,-0.03158964356160206,-0.13266166831180795,0.19747160653902837,0.8606357,-0.9290953,-0.90220046,0.9088964,-0.15831296,0.556447695956469,1,1.0,2.5938626149404236,0.019155522582908313,0.43236903048401326,6,0.9983933161953727,2.5790833234787165,0.14797292113036428,0.045714407667985346,131,0.9582262210796915,0.9538037381264763,0.04902144356716015,0.6376667352227366,19,0.9942159383033419,1.034318618079156,0.15366707545527514,1,0.021071980485079963,0.4245794389677188,2.5938626149404236,1.0,0.019155522582908313,0.0,0.9877088688946015,0.01715224323843121,0.9582262210796915,0.25,0.25,0.4530930188380779,0.556447695956469,4,2024-09-30,122,0.0,0.0,,,0.0,,,,forced_top2,,,,True,,,True,3.459698196540306,3.359698196540306,3.259698196540306,utility_positive
2024-10-28,7062,フレアス,1.0,3.37254901960784,True,True,True,2024-10-25,2024-10-25,-3.2379518072289115,-1.2795072230780868,-0.3066468152870156,-0.15929112414410532,0.45,2.421546658366725,3.105590062111796,-0.8298700874364506,-0.26188642284959945,0.149157590989117,0.8801956,-0.59902203,-0.9688264,-0.88321614,0.028728606,0.5560440511584205,2,0.9996786632390745,2.5727906344553437,0.019155522582908313,0.48925841403074016,1,1.0,2.9635413926453533,0.14797292113036428,0.007522221987717425,1254,0.5973650385604112,0.17471232626415487,0.04902144356716015,0.6298403834913578,46,0.9855398457583547,0.9833880481558893,0.15366707545527514,2,0.08467735632288394,0.4245794389677188,2.5727906344553437,0.9996786632390745,0.019155522582908313,1.0,0.8956458868894601,0.17231148235036153,0.5973650385604112,0.5,0.5,0.4530930188380779,0.5560440511584205,4,2024-09-30,122,0.0,0.0,,,0.0,,,,forced_top2,,,,True,,,True,1.68627450980392,1.58627450980392,1.48627450980392,utility_positive
2024-10-29,220A,Ｆａｂｅｒ Ｃｏｍｐａｎｙ,1.0,3.7439613526569993,True,True,True,2024-10-28,2024-10-28,3.629536921151444,-0.5547794086516289,-0.6259532179411276,-0.5349986267326571,0.35,2.453825809905703,-1.3580246913580285,-0.07738538980228697,0.05862408909149702,0.006875639370266887,0.7704518,-0.64713067,-0.86752135,,-0.5665446,0.5705578839299452,1,1.0,4.006374941593955,0.018117500910729334,0.4068566553852701,7,0.9980806142034548,2.696164911701495,0.15210588786350088,-0.05977408171486594,2601,0.16826615483045426,-0.7197869425614251,0.05421731281678534,0.6033135341428003,279,0.9110684580934101,0.8102886755350095,0.14962975983408888,1,1.2140560049544082,0.6563557745227832,4.006374941593955,1.0,0.018117500910729334,0.0,0.7693538067818299,0.3488921848523206,0.16826615483045426,0.25,0.25,0.2720976607216408,0.5705578839299452,4,2024-09-30,122,0.0,0.0,,,0.0,,,,forced_top2,,,,True,,,True,1.8719806763284996,1.7719806763284995,1.6719806763284997,utility_positive
2024-10-29,8871,ゴールドクレスト,0.0,-0.658978583196046,True,True,True,2024-10-28,2024-10-28,-2.1035598705501646,-1.5244383424337737,0.021803997886363204,0.7747135371138574,0.6,1.899949135132914,0.6514657980456029,-0.4295131932776086,-0.6258944156032845,-0.3435875536641989,0.73260075,-0.9542124,-0.5680708,0.72458017,-0.89774114,0.5485622231545073,2,0.9996801023672425,2.792318936639547,0.018117500910729334,0.33506873740450266,10,0.9971209213051824,2.2242047595396697,0.15210588786350088,0.050722089848284614,45,0.9859245041586693,1.318236814472539,0.05421731281678534,0.6291181198471819,55,0.982725527831094,0.9827449150758202,0.14962975983408888,2,0.1378275649144169,0.6563557745227832,2.792318936639547,0.9996801023672425,0.018117500910729334,1.0,0.9913627639155471,0.007185245503907939,0.982725527831094,0.25,0.25,0.2720976607216408,0.5485622231545073,4,2024-09-30,122,0.0,0.0,44.0,0.4606397774687078,0.0,0.01649966856645957,44.0,2024-08-23,forced_top2,,,,True,,,True,-0.329489291598023,-0.42948929159802296,-0.5294892915980229,utility_positive
2024-10-30,4612,日本ペイントホールディングス,0.0,-0.7569386038687953,True,True,True,2024-10-29,2024-10-29,-7.5089392133492305,-1.2991661559979952,-0.6065514953396562,-0.06128020296968829,0.4,2.6486645931399826,23.56406480117821,1.0623727304105046,0.4686456473550719,-0.4312000450208128,0.75206107,0.98778623,0.8058015,0.9242748,0.6219847,0.5600291506070074,1,1.0,3.6592862616152155,0.017763513784719964,1.1305927186313494,1,1.0,7.887226523936667,0.15170014432039255,-0.1241181219946975,3116,0.007645747053201646,-2.109193111858275,0.05779698077586823,0.6187601589970751,131,0.9585855367951577,0.8921963150891731,0.15290532659695233,1,0.22584499913584627,1.131857435144735,3.6592862616152155,1.0,0.017763513784719964,0.0,0.7415578209620899,0.42406151720024376,0.007645747053201646,0.5,0.5,0.23666813537021392,0.5600291506070074,4,2024-09-30,122,0.0,0.0,,,0.0,,,,forced_top2,,,,True,,,True,-0.37846930193439765,-0.47846930193439763,-0.5784693019343976,utility_positive
2024-10-30,4598,Ｄｅｌｔａ−Ｆｌｙ Ｐｈａｒｍａ,1.0,5.162523900573612,True,True,True,2024-10-29,2024-10-29,0.37664783427495685,-2.138436368588146,-0.6939295189678724,0.0030832121869730058,0.45,2.85298401631294,9.259259259259256,0.29135923649322326,-0.1328606980640891,0.12889925711074113,0.9108397,-0.85160303,-0.81007636,-0.44366413,-0.02870229,0.5560173498516477,2,0.9996814272061166,3.433441262479369,0.017763513784719964,0.7025385896773841,2,0.9996814272061166,5.065514449293483,0.15170014432039255,-0.01049276190561959,1810,0.42370181586492517,-0.1432537398743406,0.05779698077586823,0.6421678671602056,19,0.9942656897100988,1.0452825985044756,0.15290532659695233,2,0.7382619843360779,1.131857435144735,3.433441262479369,0.9996814272061166,0.017763513784719964,1.0,0.8543325899968143,0.24863462398718258,0.42370181586492517,0.5,0.5,0.23666813537021392,0.5560173498516477,4,2024-09-30,122,0.0,0.0,,,0.0,,,,forced_top2,,,,True,,,True,2.581261950286806,2.481261950286806,2.381261950286806,utility_positive
2024-10-31,3529,アツギ,1.0,9.394313967861567,True,True,True,2024-10-30,2024-10-30,-11.306256860592756,-0.9658257285086531,0.3610594442588866,0.4807147645668469,0.6,3.103830223832592,0.9977827050997812,-0.1679989638255741,-0.15132943810675906,-0.007362362823801425,0.88994193,-0.9792113,0.6869459,0.8648731,-0.4411495,0.564933013168196,1,1.0,4.011286696925893,0.01718371121913198,0.31022398459735656,16,0.9952183614918713,2.633919064257733,0.1470990852123283,0.030798068760962236,614,0.8045903729678037,0.482612002942187,0.05193633426364948,0.6549967491301871,7,0.9980873445967485,1.1444604937327238,0.150298547525756,1,0.3331892160809682,1.5407688029956066,4.011286696925893,1.0,0.01718371121913198,0.0,0.9494740197641058,0.08366592188457649,0.8045903729678037,0.25,0.25,0.22547548653385652,0.564933013168196,4,2024-09-30,122,0.0,0.0,,,0.0,,,,forced_top2,,,,True,,,True,4.697156983930784,4.597156983930784,4.4971569839307834,utility_positive
2024-10-31,7376,ＢＣＣ,0.0,0.0,True,True,True,2024-10-30,2024-10-30,-5.167958656330751,-0.9553738347510233,1.0644136379143088,0.7333008386305722,0.6470588235294118,3.018335619326435,-0.1290322580645209,-1.1216324527708377,-1.1567212378319285,-0.5100624920576428,0.66799146,-0.85081017,0.04860899,-0.8557016,0.34026292,0.5592075858977317,2,0.999681224099458,3.678097480844925,0.01718371121913198,0.34505820397215314,13,0.9961746891934969,2.87072692288252,0.1470990852123283,0.0873288677069293,3,0.9993624481989162,1.571075402361065,0.05193633426364948,0.6294243826695889,43,0.9866114121772394,0.9743166907381139,0.150298547525756,2,0.9057512969187215,1.5407688029956066,3.678097480844925,0.999681224099458,0.01718371121913198,1.0,0.9954574434172776,0.005288102112266219,0.9866114121772394,0.25,0.5,0.22547548653385652,0.5592075858977317,4,2024-09-30,122,0.0,0.0,,,0.0,,,,forced_top2,,,,True,,,True,0.0,-0.1,-0.2,utility_positive
2024-11-01,7376,ＢＣＣ,1.0,5.665722379603388,True,True,True,2024-10-31,2024-10-31,0.0,-0.8363262157034047,1.0241235492761138,0.7176986931277941,0.5882352941176471,3.0282727371388356,0.0,-0.9647697076727989,-1.1321101476652917,-0.5111289558171163,0.58052665,-0.8634415,0.16227801,-0.9430496,0.1729945,0.5534662673971,1,1.0,3.6824998686518806,0.017577408924661864,0.2743352088809454,4,0.9990409207161125,2.683322766249567,0.15563040622979463,0.07686719099810962,18,0.9945652173913043,1.31285525917269,0.05465697148140971,0.6023100590135477,296,0.905690537084399,0.8138386480133888,0.14637045846929642,1,0.7242668856531724,0.5116333784502505,3.6824998686518806,1.0,0.017577408924661864,0.0,0.974824168797954,0.039966991329252036,0.905690537084399,0.25,0.5,0.17854001343361436,0.5534662673971,4,2024-10-31,144,1.0,1.0,1.0,-0.2,1.0,-0.0057413185006316425,1.0,2024-10-31,forced_top2,,,,True,,,True,2.832861189801694,2.732861189801694,2.632861189801694,utility_positive
2024-11-01,9565,ＧＬＯＥ,0.0,-0.666666666666671,True,True,True,2024-10-31,2024-10-31,-1.8895348837209336,-0.6381034699523849,0.2798053255329214,0.29850114889849083,0.6,2.7053326437565097,2.2288261515601704,-0.02095818010371453,-0.5354933312493503,0.057453391033552854,0.5688916,-0.67973053,0.68646663,-0.9283527,0.5933864,0.5407355321773829,2,0.9996803069053708,2.9582329829987084,0.017577408924661864,0.22195395407432517,5,0.9987212276214834,2.3467480821915094,0.15563040622979463,0.04439931436008265,340,0.8916240409207161,0.7188253347545367,0.05465697148140971,0.588296367550814,447,0.8574168797953964,0.7180973925081102,0.14637045846929642,2,0.07124814980586483,0.5116333784502505,2.9582329829987084,0.9996803069053708,0.017577408924661864,1.0,0.9368606138107416,0.06350335381434719,0.8574168797953964,0.25,0.5,0.17854001343361436,0.5407355321773829,4,2024-10-31,144,0.0,0.0,,,0.0,,,,forced_top2,,,,True,,,True,-0.3333333333333355,-0.43333333333333546,-0.5333333333333354,utility_positive
2024-11-05,5449,大阪製鐵,1.0,1.4778325123152802,True,True,True,2024-11-01,2024-11-01,-8.780487804878046,0.1353913549054294,-0.06318230977015168,0.6319010291137893,0.4,3.5781745718022604,-1.0558069381598756,-0.5995508862163891,-0.04926138641613752,-0.06518693678197907,0.90967745,-0.9772657,-0.9047619,0.7800307,-0.90660524,0.5490388104201666,1,1.0,3.5743983344930275,0.017701045017889105,0.021725765773089385,51,0.9839124839124839,1.6603259562126687,0.15080721973938535,-0.003689799000605295,2332,0.25,-0.5763680806046309,0.04479583020136822,0.6415719075587466,22,0.9932432432432432,1.0509340493906814,0.1427294046597235,1,0.553888773434041,0.510260201866629,3.5743983344930275,1.0,0.017701045017889105,0.0,0.8067889317889319,0.3215129835709158,0.25,0.25,0.25,0.18020961059841026,0.5490388104201666,4,2024-10-31,144,0.0,1.0,10.0,-0.6504504504504458,0.0,-0.005382991689846017,10.0,2024-10-21,forced_top2,,,,True,,,True,0.7389162561576401,0.6389162561576401,0.5389162561576402,utility_positive
2024-11-05,7376,ＢＣＣ,1.0,5.898123324396787,True,True,True,2024-11-01,2024-11-01,5.665722379603388,0.09866766576548827,1.4766382202543737,1.0481901055726544,0.6470588235294118,3.1172986124180335,-3.8147138964577665,-1.2291806491611106,-1.2594023939775163,-0.5017379147623435,0.5889401,-0.8488479,0.70875573,-0.9637481,0.6365591,0.5392344003067072,2,0.9996782496782497,3.0205095610589865,0.017701045017889105,0.06577582467333729,21,0.9935649935649936,1.9524211156909228,0.15080721973938535,0.01372397606195668,1849,0.4054054054054054,-0.18763156240008388,0.04479583020136822,0.6107626676448676,238,0.9237451737451737,0.8350763570859298,0.1427294046597235,2,0.005278266909791171,0.510260201866629,3.0205095610589865,0.9996782496782497,0.017701045017889105,1.0,0.8305984555984556,0.24729107863853406,0.4054054054054054,0.25,0.25,0.18020961059841026,0.5392344003067072,4,2024-10-31,144,2.0,2.0,1.0,5.465722379603388,1.0,-0.014231867090392814,1.0,2024-11-01,forced_top2,,,,True,,,True,2.9490616621983934,2.8490616621983933,2.749061662198393,utility_positive
2024-11-06,9270,バリュエンスホールディングス,0.0,-0.13966480446927498,True,True,True,2024-11-05,2024-11-05,-0.5594405594405605,-0.4610000089574372,-0.9832247735985966,0.4001624197654763,0.4,3.208114743631946,0.1400560224089631,-1.1780385006762437,-0.47494131839668946,0.4389063829808164,0.7906977,-0.8929009,-0.99755204,-0.8849449,-0.9467564,0.5731440856767073,1,1.0,4.402307082137507,0.018950244885416634,0.5494725395142481,1,1.0,5.255871269801133,0.12812064868660125,0.08381931775440249,9,0.997444089456869,1.4088988867135235,0.050297910625466444,0.6364874386734617,47,0.9853035143769968,1.0255294486916247,0.14237225122035263,1,0.8497624725232009,1.0718464285979625,4.402307082137507,1.0,0.018950244885416634,0.0,0.9956869009584666,0.006084983052632876,0.9853035143769968,0.5,0.5,0.26443287662206166,0.5731440856767073,4,2024-10-31,144,0.0,0.0,,,0.0,,,,forced_top2,,,,True,,,True,-0.06983240223463749,-0.1698324022346375,-0.2698324022346375,utility_positive
2024-11-06,4968,荒川化学⼯業,1.0,0.16835016835017313,True,True,True,2024-11-05,2024-11-05,-9.917355371900827,-1.4127843877926451,-0.19725739012782295,0.2105432311651902,0.6,2.670652687807789,1.5255530129671957,0.02468269054592742,0.032216463702439135,-0.025902736684353545,0.89167684,-0.94063646,-0.23500612,0.40636474,-0.52080786,0.5570408787279555,2,0.9996805111821087,3.5525446096143067,0.018950244885416634,0.21615923903803758,20,0.9939297124600639,2.654313254812186,0.12812064868660125,0.03565945707487064,731,0.7667731629392971,0.45140661555051564,0.050297910625466444,0.6284181118212433,94,0.9702875399361023,0.9688517830436374,0.14237225122035263,2,0.28761363785564686,1.0718464285979625,3.5525446096143067,0.9996805111821087,0.018950244885416634,1.0,0.9326677316293931,0.09641058139097707,0.7667731629392971,0.25,0.25,0.26443287662206166,0.5570408787279555,4,2024-10-31,144,0.0,0.0,,,0.0,,,,forced_top2,,,,True,,,True,0.08417508417508657,-0.015824915824913438,-0.11582491582491344,utility_positive
2024-11-07,9270,バリュエンスホールディングス,0.0,-0.14025245441795509,True,True,True,2024-11-06,2024-11-06,-0.13966480446927498,-0.5426242450190765,-1.016803758502911,0.18138445657410515,0.35,3.194908764068132,0.7032348804500765,-1.156210089987073,-0.4313736032978931,0.5436422130075863,0.7149877,-0.85012287,-0.99815726,-0.9594595,-0.965602,0.5701008825783164,1,1.0,3.988195861635542,0.01987368276320889,0.5962940312406761,1,1.0,5.25271420111612,0.13356767386624735,0.07745124319644853,12,0.9964788732394366,1.3360571076012746,0.05176488644863353,0.6157356542186659,199,0.9366197183098591,0.8348785006627834,0.14944070960823896,1,1.1366317147400953,0.4184910159135838,3.988195861635542,1.0,0.01987368276320889,0.0,0.9832746478873239,0.026974565926134807,0.9366197183098591,0.5,0.5,0.28396370445554736,0.5701008825783164,4,2024-10-31,144,1.0,1.0,1.0,-0.339664804469275,1.0,-0.003043203098390901,1.0,2024-11-06,forced_top2,,,,True,,,True,-0.07012622720897754,-0.17012622720897755,-0.27012622720897755,utility_positive
2024-11-07,4972,綜研化学,1.0,3.300330033003296,True,True,True,2024-11-06,2024-11-06,-7.462686567164178,-3.07869803682143,-0.7213497242885465,0.3756638271969379,0.25,2.819413865704813,6.687898089171984,0.4289843073854489,-0.041069916090760765,-0.43996724106939167,0.8230958,-0.8697789,-0.5608108,0.6676904,-0.89373463,0.5475118244609696,2,0.9996798975672215,2.851564146895447,0.01987368276320889,0.4211743130805856,3,0.9993597951344431,3.941620632656938,0.13356767386624735,0.036206237531591155,590,0.81145966709347,0.5392813683985057,0.05176488644863353,0.6296114187437835,80,0.9747119078104993,0.9277298031056922,0.14944070960823896,2,0.13150829915687967,0.4184910159135838,2.851564146895447,0.9996798975672215,0.01987368276320889,1.0,0.9463028169014085,0.07850781358570712,0.81145966709347,0.25,0.5,0.28396370445554736,0.5475118244609696,4,2024-10-31,144,0.0,0.0,,,0.0,,,,forced_top2,,,,True,,,True,1.650165016501648,1.5501650165016478,1.450165016501648,utility_positive
2024-11-08,9270,バリュエンスホールディングス,0.0,-0.5641748942172065,True,True,True,2024-11-07,2024-11-07,-0.14025245441795509,-0.08418824941618155,-1.063604179632297,0.11844085506107861,0.3,3.1737456041821708,-0.2797202797202747,-1.1569685907455733,-0.4551926960825031,0.5385258410112427,0.66236955,-0.58809084,-0.99877226,-0.97483116,-0.9791283,0.559834608008334,1,1.0,3.6643104574054046,0.019464566491010138,0.49710397655804156,3,0.999360204734485,4.565743039133459,0.137268065189069,0.06094682670921947,112,0.9644913627639156,0.9534042347618382,0.05573845079912829,0.5991041765442225,360,0.8851567498400512,0.7444845607108015,0.14564947342954981,1,0.6415388722313227,0.3704738816426561,3.6643104574054046,1.0,0.019464566491010138,0.0,0.9622520793346129,0.04677238155526391,0.8851567498400512,0.25,0.5,0.2692123570557327,0.559834608008334,4,2024-10-31,144,2.0,2.0,1.0,-0.3402524544179551,1.0,-0.010266274569982414,1.0,2024-11-07,forced_top2,,,,True,,,True,-0.28208744710860323,-0.3820874471086032,-0.48208744710860324,utility_positive
2024-11-08,4480,メドレー,1.0,4.667609618104662,True,True,True,2024-11-07,2024-11-07,-7.5496688741721885,-1.099326342332827,-0.35569919078411283,0.23556249648843508,0.45,2.6918127141933486,0.5326231691078487,-0.17777655993920946,-0.13915216531965885,0.33622526960506993,0.8999386,-0.8864334,-0.8815224,-0.35359117,-0.99386126,0.5473473319732197,2,0.9996801023672425,3.0227715851740817,0.019464566491010138,0.10427731884415956,73,0.9769673704414588,1.7039946989582393,0.137268065189069,0.024771572890597966,1023,0.673064619321817,0.3043863072813841,0.05573845079912829,0.6264897326977944,105,0.9667306461932181,0.9325082830678765,0.14564947342954981,2,0.058958998096449354,0.3704738816426561,3.0227715851740817,0.9996801023672425,0.019464566491010138,1.0,0.9041106845809341,0.13392642957482032,0.673064619321817,0.25,0.25,0.2692123570557327,0.5473473319732197,4,2024-10-31,144,0.0,0.0,,,0.0,,,,forced_top2,,,,True,,,True,2.333804809052331,2.233804809052331,2.133804809052331,utility_positive
2024-11-11,3103,ユニチカ,1.0,2.0325203252032464,True,True,True,2024-11-08,2024-11-08,-17.567567567567565,-3.1662662590497654,-1.0678269140640415,-0.2955464792379422,0.35,4.235391784586039,0.3389830508474523,-0.16672327179613153,-0.06366635213113665,0.11647170235430175,0.9176145,-0.9956963,-0.98708886,-0.97356284,-0.7989548,0.5834303781067504,1,1.0,4.4484254467261595,0.020417955872776894,0.4872448637503511,6,0.9983989753442203,4.428211868165968,0.13497787803143502,0.062441347749539536,92,0.9708613512648094,0.9495827126048271,0.05305039487956316,0.6551885542598467,5,0.9987191802753762,1.121323949940402,0.14735558048479125,1,0.9934548978793628,0.868534197818879,4.4484254467261595,1.0,0.020417955872776894,0.0,0.9919948767211015,0.012216143360189119,0.9708613512648094,0.25,0.5,0.2896433865627907,0.5834303781067504,4,2024-10-31,144,0.0,0.0,,,0.0,,,,forced_top2,,,,True,,,True,1.0162601626016232,0.9162601626016232,0.8162601626016233,utility_positive
2024-11-11,9270,バリュエンスホールディングス,0.0,-1.7021276595744705,True,True,True,2024-11-08,2024-11-08,-0.5641748942172065,-0.2526560516254083,-1.0050073687876016,0.026600664171795275,0.3,3.171493541192318,-0.4213483146067398,-1.230667585423279,-0.4951099048347205,0.526374537631685,0.69628036,-0.61912084,-0.9993852,-0.98647404,-0.9643406,0.5631460598402555,2,0.9996797950688441,3.4549705488467968,0.020417955872776894,0.538193514844655,5,0.9987191802753762,4.805671136583557,0.13497787803143502,0.06306491407020082,86,0.9727825808517451,0.9613369384136439,0.05305039487956316,0.6092804421484401,267,0.91482548831252,0.8097774719558456,0.14735558048479125,2,0.2600859229991575,0.868534197818879,3.4549705488467968,0.9996797950688441,0.020417955872776894,1.0,0.9715017611271213,0.03445515165122183,0.91482548831252,0.25,0.5,0.2896433865627907,0.5631460598402555,4,2024-10-31,144,3.0,3.0,1.0,-0.7641748942172064,1.0,0.003311451831921497,1.0,2024-11-08,forced_top2,,,,True,,,True,-0.8510638297872353,-0.9510638297872352,-1.0510638297872352,utility_positive
2024-11-12,7083,ＡＨＣグループ,1.0,2.187028657616885,True,True,True,2024-11-11,2024-11-11,-7.4074074074074066,-0.5590759603937421,0.9438334162615002,0.6381148573064775,0.7,4.262408734982432,0.4132231404958775,-0.7307027775946834,-0.45112124363910383,-0.16645030050347975,0.89441377,-0.9042357,0.43093923,0.20687538,0.12891345,0.5764262711905205,1,1.0,4.527014872982723,0.01882616901843831,0.3339455924698948,16,0.9951938481256007,3.3049672551738274,0.13787445047267488,0.08056157099629106,20,0.9939122076257609,1.270509641155841,0.0532538442329014,0.6483542930605944,13,0.9961550785004806,1.0624483490886885,0.14774265357537258,1,0.4793821240865827,1.4633636052002954,4.527014872982723,1.0,0.01882616901843831,0.0,0.9963152835629606,0.002271298763017929,0.9939122076257609,0.25,0.25,0.2181740853760572,0.5764262711905205,4,2024-10-31,144,0.0,0.0,,,0.0,,,,forced_top2,,,,True,,,True,1.0935143288084426,0.9935143288084426,0.8935143288084426,utility_positive
2024-11-12,9270,バリュエンスホールディングス,1.0,0.1443001443001357,True,True,True,2024-11-11,2024-11-11,-1.7021276595744705,-0.6211320744238934,-1.0405642022167756,-0.09990687803938675,0.3,3.1753122418166027,0.0,-1.1334944405469538,-0.5104787572937369,0.521945962510572,0.6599141,-0.7848373,-0.99877226,-0.9895641,-0.9533456,0.5674013422980485,2,0.99967958987504,4.047632748896141,0.01882616901843831,0.6024546981135374,3,0.9993591797500802,5.252457197821744,0.13787445047267488,0.07597470461509562,34,0.9894264658763217,1.1843775234229847,0.0532538442329014,0.6081829139347827,260,0.9170137776353733,0.7905473228537846,0.14774265357537258,2,0.9071895102670784,1.4633636052002954,4.047632748896141,0.99967958987504,0.01882616901843831,1.0,0.9763697532842038,0.034516198371413793,0.9170137776353733,0.25,0.5,0.2181740853760572,0.5674013422980485,4,2024-10-31,144,4.0,4.0,1.0,-1.9021276595744705,1.0,0.004255282457793053,1.0,2024-11-11,forced_top2,,,,True,,,True,0.07215007215006786,-0.02784992784993215,-0.12784992784993215,utility_positive
2024-11-13,9270,バリュエンスホールディングス,1.0,5.660377358490565,True,True,True,2024-11-12,2024-11-12,0.1443001443001357,-0.48038393367575416,-1.128803740456314,-0.05575492637298434,0.3,3.1129378808398487,0.0,-1.1380440310838058,-0.5024889842032928,0.5254885679733035,0.5699847,-0.7151608,-0.99938744,-0.9883614,-0.92465544,0.563744558257875,1,1.0,3.690856877895373,0.01941630897133073,0.6068280058791817,3,0.9993612264452252,5.188342901421175,0.13734126095160076,0.07261877556083074,45,0.9859469817949537,1.0854587957647521,0.05350572386193493,0.5847393967293582,507,0.8383902906419675,0.6313448888839592,0.1467506512824503,1,0.47304470499443646,0.47929103998316347,3.690856877895373,1.0,0.01941630897133073,0.0,0.9559246247205365,0.06809008497389919,0.8383902906419675,0.25,0.5,0.26077686329400945,0.563744558257875,4,2024-10-31,144,5.0,5.0,1.0,-0.0556998556998643,1.0,-0.003656784040173555,1.0,2024-11-12,forced_top2,,,,True,,,True,2.8301886792452824,2.7301886792452823,2.630188679245282,utility_positive
2024-11-13,7083,ＡＨＣグループ,1.0,0.8221225710014934,True,True,True,2024-11-12,2024-11-12,2.187028657616885,-0.5143771012406304,1.3228477704906594,0.6476422580103486,0.75,3.998079802404002,-1.7777777777777781,-0.8725818254540496,-0.4975858901037504,-0.173134318881004,0.90015316,-0.92710567,0.7316998,0.09218989,0.14854518,0.554559776108451,2,0.9996806132226126,3.2178121729009366,0.01941630897133073,0.22731583295954189,32,0.9900990099009901,2.42506426039151,0.13734126095160076,0.03942261294032616,598,0.8093260938997126,0.4650361526441156,0.05350572386193493,0.6491561057045571,13,0.996167358671351,1.070298368219573,0.1467506512824503,2,0.04630259476578706,0.47929103998316347,3.2178121729009366,0.9996806132226126,0.01941630897133073,1.0,0.9488182689236666,0.08060874772019024,0.8093260938997126,0.25,0.25,0.26077686329400945,0.554559776108451,4,2024-10-31,144,1.0,1.0,1.0,1.9870286576168852,1.0,-0.021866495082069504,1.0,2024-11-12,forced_top2,,,,True,,,True,0.4110612855007467,0.31106128550074674,0.2110612855007467,utility_positive
2024-11-14,7083,ＡＨＣグループ,0.0,-1.743745261561791,True,True,True,2024-11-13,2024-11-13,0.8221225710014934,-0.8649143128580092,1.0945158697874624,0.7016567221251757,0.75,3.8823796934187227,-1.2546125461254665,-1.0778302674871643,-0.5210194401091975,-0.17020333335828383,0.87695134,-0.92225283,-0.023569023,0.30456075,0.16498317,0.5693815719147225,1,1.0,3.7765031127033146,0.020167572168189707,0.35413170108368447,12,0.996474358974359,3.1909747138342697,0.14023684916589826,0.06691334786960929,77,0.9756410256410256,1.0622486160641194,0.05036393057424757,0.6475342549082381,13,0.9961538461538462,1.0827014696057577,0.1437779806074453,1,0.772475113979796,0.46554926156650395,3.7765031127033146,1.0,0.020167572168189707,0.0,0.9920673076923077,0.009603023571733222,0.9756410256410256,0.25,0.25,0.3093464192388304,0.5693815719147225,4,2024-10-31,144,2.0,2.0,1.0,0.6221225710014935,1.0,0.01482179580627152,1.0,2024-11-13,forced_top2,,,,True,,,True,-0.8718726307808955,-0.9718726307808955,-1.0718726307808955,utility_positive
2024-11-14,6407,ＣＫＤ,1.0,0.08006405124099114,True,True,True,2024-11-13,2024-11-13,-5.549430356486584,-2.0716820867103984,-0.3273340929035895,-0.23213263498903527,0.5,2.2549771546888215,3.815337657382689,-0.5940929814423901,0.020605089797170115,-0.18653606188034313,0.5280073,-0.75818795,-0.9479645,-0.8647077,-0.5286195,0.5538026243054044,2,0.9996794871794872,3.0040279987235188,0.020167572168189707,0.4480257628088418,6,0.9983974358974359,3.86051387050829,0.14023684916589826,0.1039941209055797,3,0.9993589743589744,1.7985051515087698,0.05036393057424757,0.5777624389831274,569,0.8179487179487179,0.5974267729496154,0.1437779806074453,2,0.09880790782769323,0.46554926156650395,3.0040279987235188,0.9996794871794872,0.020167572168189707,1.0,0.9538461538461538,0.07846183959637203,0.8179487179487179,0.25,0.5,0.3093464192388304,0.5538026243054044,4,2024-10-31,144,0.0,0.0,,,0.0,,,,forced_top2,,,,True,,,True,0.04003202562049557,-0.059967974379504435,-0.15996797437950444,utility_positive
2024-11-15,7837,アールシーコア,0.0,-2.0000000000000018,True,True,True,2024-11-14,2024-11-14,-14.00862068965517,-2.7904532267147975,-0.5514834876963619,-0.08319155921797086,0.5,3.4989184911048112,0.0,-0.10503183027213314,-0.17311550315483556,-0.02979268314034177,0.6393542,-0.9610113,-0.88181543,-0.8379531,-0.47304294,0.5709717821088182,1,1.0,3.642047966762807,0.02096979946972649,0.34685431096547953,13,0.9961414790996784,2.8458023089383793,0.14695209415255753,0.07864297896296173,17,0.9948553054662379,1.328402220092391,0.053105039485097295,0.6177131767178798,167,0.9466237942122186,0.8784336813401489,0.1471435541714058,1,0.12168358960707426,1.0229085993103761,3.642047966762807,1.0,0.02096979946972649,0.0,0.9844051446945337,0.021895075711731438,0.9466237942122186,0.25,0.25,0.353128196450883,0.5709717821088182,4,2024-10-31,144,0.0,0.0,,,0.0,,,,forced_top2,,,,True,,,True,-1.0000000000000009,-1.100000000000001,-1.2000000000000008,utility_positive
2024-11-15,7083,ＡＨＣグループ,0.0,-0.7662835249042099,True,True,True,2024-11-14,2024-11-14,-1.743745261561791,-0.7776960627180516,0.8859325520811483,0.7281087348519217,0.7,3.9188625252651437,-2.223869532987399,-1.0027563957070234,-0.6355432661753834,-0.1280112607264667,0.8824246,-0.90557414,-0.34297898,0.0569601,-0.040511727,0.5684201016360013,2,0.9996784565916399,3.5203643771557327,0.02096979946972649,0.2616667843202244,35,0.9890675241157556,2.2661064077910424,0.14695209415255753,0.08244495581507846,7,0.9980707395498393,1.399995742834873,0.053105039485097295,0.6483557641070388,8,0.9977491961414791,1.0866832887504996,0.1471435541714058,2,0.6034299361265567,1.0229085993103761,3.5203643771557327,0.9996784565916399,0.02096979946972649,1.0,0.9961414790996785,0.0041490314792810255,0.9890675241157556,0.25,0.25,0.353128196450883,0.5684201016360013,4,2024-10-31,144,3.0,3.0,1.0,-1.943745261561791,1.0,-0.0009614702787211771,1.0,2024-11-14,forced_top2,,,,True,,,True,-0.38314176245210496,-0.48314176245210494,-0.5831417624521049,utility_positive
2024-11-18,4346,ＮＥＸＹＺ．Ｇｒｏｕｐ,1.0,1.4598540145985384,True,True,True,2024-11-15,2024-11-15,-11.64556962025316,-3.377304832509367,-0.8081097327882197,0.34676528238332316,0.5,3.065268362204495,6.612685560053988,0.0009405175058222248,-0.08122103421409586,-0.42066048041998494,0.7800122,-0.90067035,-0.9329677,0.7477148,-0.4055454,0.5897625977473617,1,1.0,4.605743526576355,0.02071246297062601,0.7416860974132693,1,1.0,5.420142049122031,0.14951726942790877,0.10223670855878267,2,0.9996762706377469,1.7766116457430214,0.05376167422937571,0.6372669788808649,29,0.9909355778569117,1.0222857572836832,0.14640842539778748,1,0.9833877122308198,0.8662396268712161,4.605743526576355,1.0,0.02071246297062601,0.0,0.9976529621236646,0.0038805348315755304,0.9909355778569117,0.75,0.75,0.3236661662241094,0.5897625977473617,4,2024-10-31,144,0.0,0.0,,,0.0,,,,forced_top2,,,,True,,,True,0.7299270072992692,0.6299270072992692,0.5299270072992692,utility_positive
2024-11-18,7083,ＡＨＣグループ,1.0,5.529595015576327,True,True,True,2024-11-15,2024-11-15,-0.7662835249042099,-1.3816569930510056,1.323987468109006,0.7845828059984562,0.7,3.097087302106199,0.694444444444442,-0.9050712105218384,-0.7388237097123354,-0.06475357307259312,0.86349785,-0.92078,0.73187083,-0.2364412,-0.03351615,0.5693942161720122,2,0.9996762706377469,3.6223558143455357,0.02071246297062601,0.3728323048150169,30,0.9906118484946584,2.9531775706401735,0.14951726942790877,0.0574704279010692,97,0.968921981223697,0.9439314641936737,0.05376167422937571,0.6549710239777605,6,0.9983813531887342,1.1432080679279937,0.14640842539778748,2,0.26060237012933685,0.8662396268712161,3.6223558143455357,0.9996762706377469,0.02071246297062601,1.0,0.989397863386209,0.012319539914675747,0.968921981223697,0.25,0.25,0.3236661662241094,0.5693942161720122,4,2024-10-31,144,4.0,4.0,1.0,-0.9662835249042099,1.0,0.0009741145360109282,1.0,2024-11-15,forced_top2,,,,True,,,True,2.7647975077881637,2.6647975077881636,2.5647975077881635,utility_positive
2024-11-19,6656,インスペック,0.0,-1.883830455259028,True,True,True,2024-11-18,2024-11-18,-10.744985673352437,-3.0254711070116986,-0.8013820579534106,-0.25175204762020614,0.5,2.879164048928388,-0.28571428571428914,-0.3870694180275547,-0.20531333012136313,-0.1593018447543503,0.8318099,-0.97867155,-0.9756246,-0.9524535,-0.6313224,0.5705024953237714,1,1.0,3.8720770543034977,0.019991565641000686,0.4436451008413142,4,0.9990281827016521,3.66189077563623,0.14341708606615203,0.052857463356542934,159,0.94881762228701,0.919946561140107,0.04980433877351484,0.6458746558225152,10,0.9970845481049563,1.0845814444251163,0.14602776548350166,1,0.10675380107638412,1.097216730377966,3.8720770543034977,1.0,0.019991565641000686,0.0,0.9862325882734045,0.02162702923641193,0.94881762228701,0.25,0.5,0.33526085056380234,0.5705024953237714,4,2024-10-31,144,0.0,0.0,,,0.0,,,,forced_top2,,,,True,,,True,-0.941915227629514,-1.041915227629514,-1.141915227629514,utility_positive
2024-11-19,228A,オプロ,1.0,3.3210332103321027,True,True,True,2024-11-18,2024-11-18,3.571428571428581,1.5878812600152645,1.4618897106303839,-0.329981092635447,0.7,2.7207210425066637,-1.7910447761193993,-0.4414555281254822,0.06178441874461522,-0.2533712204402414,0.7202925,0.4527727,0.9384522,,0.9183425,0.5683683197021265,2,0.9996760609005507,3.765323253227114,0.019991565641000686,0.0897536391620552,179,0.942338840298024,1.1943224308434455,0.14341708606615203,-0.02635558107640576,2433,0.21218011013929383,-0.6705382517026034,0.04980433877351484,0.5993790756193242,321,0.8963394881762229,0.7661791183384098,0.14602776548350166,2,0.6821023051517927,1.097216730377966,3.765323253227114,0.9996760609005507,0.019991565641000686,1.0,0.7626336248785228,0.31990600599753527,0.21218011013929383,0.25,0.25,0.33526085056380234,0.5683683197021265,4,2024-10-31,144,0.0,0.0,,,0.0,,,,forced_top2,,,,True,,,True,1.6605166051660514,1.5605166051660513,1.4605166051660514,utility_positive
2024-11-20,6656,インスペック,0.0,-7.667731629392971,True,True,True,2024-11-19,2024-11-19,-1.883830455259028,-3.5361060066311096,-0.8518235807163617,-0.35161557555214457,0.5,2.8893407987878286,2.2471910112359605,-0.2872411957865584,-0.18565374090681377,-0.21713599372339046,0.8339921,-0.98479784,-0.9714199,-0.96837944,-0.7050775,0.5601175367334367,1,1.0,3.2636903449549877,0.02054362740479876,0.6071174536451825,1,1.0,4.795663231287581,0.14278555251022873,0.05915102501741817,106,0.9659863945578231,0.9750984192158421,0.05241386371653735,0.6494686881311134,5,0.9987042436022028,1.1145454595033026,0.14568046485318747,1,0.07453824751823646,0.6325148176341486,3.2636903449549877,1.0,0.02054362740479876,0.0,0.9911726595400064,0.014550915619231353,0.9659863945578231,0.5,0.75,0.3302406005298856,0.5601175367334367,4,2024-10-31,144,1.0,1.0,1.0,-2.083830455259028,1.0,-0.010384958590334725,1.0,2024-11-19,forced_top2,,,,True,,,True,-3.8338658146964857,-3.9338658146964858,-4.033865814696486,utility_positive
2024-11-20,7366,ＬＩＴＡＬＩＣＯ,0.0,-3.730569948186524,True,True,True,2024-11-19,2024-11-19,0.3157894736842026,-0.8244085747535348,0.0005203862746973265,0.06869764810124762,0.65,2.713699793850535,-0.8350730688935326,-1.3341353498126496,-0.4161919557634534,-0.2748455852000428,0.73609,-0.85041046,-0.9866221,-0.91061115,-0.9118273,0.5585862507490154,2,0.9996760609005507,3.189152097436751,0.02054362740479876,0.3925834969004846,5,0.9987042436022028,3.293172587289622,0.14278555251022873,0.03841112128965341,508,0.8357628765792031,0.579403420657264,0.05241386371653735,0.6183343610851214,149,0.952057013281503,0.9008289047314038,0.14568046485318747,2,0.0057230062974177745,0.6325148176341486,3.189152097436751,0.9996760609005507,0.02054362740479876,1.0,0.9465500485908649,0.0667955039348739,0.8357628765792031,0.25,0.5,0.3302406005298856,0.5585862507490154,4,2024-10-31,144,0.0,0.0,,,0.0,,,,forced_top2,,,,True,,,True,-1.865284974093262,-1.965284974093262,-2.065284974093262,utility_positive
2024-11-21,8938,グローム・ホールディングス,1.0,1.7287234042553168,True,True,True,2024-11-20,2024-11-20,-2.5740025740025763,0.20790548481741702,1.2371393121369167,0.8224500860671132,0.85,2.074875392209593,1.5686274509803866,-1.100164074713885,-0.6429676054705503,-0.29141909294529866,0.64381886,-0.6107711,0.24847001,0.5856793,0.37301102,0.5699980882141479,1,1.0,3.979624996595863,0.019136540669128288,0.3341819436615962,9,0.9973932877158683,2.937846884790386,0.14436838164521112,0.0846720402868156,11,0.9967416096448355,1.4644113384910893,0.0481457679118827,0.6080956752979411,249,0.9191919191919192,0.8356910645099194,0.14495758798719727,1,0.08214283874929118,1.2498677674415606,3.979624996595863,1.0,0.019136540669128288,0.0,0.9783317041381557,0.03416613015216429,0.9191919191919192,0.25,0.25,0.3048165859556004,0.5699980882141479,4,2024-10-31,144,0.0,0.0,74.0,-4.2214477211796275,0.0,0.017966358406244276,74.0,2024-08-02,forced_top2,,,,True,,,True,0.8643617021276584,0.7643617021276584,0.6643617021276584,utility_positive
2024-11-21,7366,ＬＩＴＡＬＩＣＯ,1.0,1.4099783080260275,True,True,True,2024-11-20,2024-11-20,-3.730569948186524,-1.2965499616511125,0.06538853691006388,-0.0281141508412349,0.65,2.600310703415698,1.2591815320041944,-1.2159276544279096,-0.3896822608017155,-0.2924423921205306,0.749082,-0.8990208,-0.9840881,-0.93084455,-0.9222766,0.5684261584397444,2,0.9996741609644836,3.897482157846572,0.019136540669128288,0.47771622302815026,3,0.999348321928967,3.9320692881369377,0.14436838164521112,0.04133722995053615,507,0.8351254480286738,0.5643361664512198,0.0481457679118827,0.625934870538546,77,0.9752362333007494,0.9587559932819166,0.14495758798719727,2,0.944564922165437,1.2498677674415606,3.897482157846572,0.9996741609644836,0.019136540669128288,1.0,0.9523460410557185,0.06839918433726512,0.8351254480286738,0.25,0.5,0.3048165859556004,0.5684261584397444,4,2024-10-31,144,1.0,1.0,1.0,-3.930569948186524,1.0,0.009839907690729066,1.0,2024-11-20,forced_top2,,,,True,,,True,0.7049891540130138,0.6049891540130138,0.5049891540130138,utility_positive
2024-11-22,8938,グローム・ホールディングス,1.0,1.182654402102501,True,True,True,2024-11-21,2024-11-21,1.7287234042553168,-0.1386575266392139,1.460749693597968,0.8749028047432363,0.9,1.852357091473152,-0.6605019815059454,-1.0389765223759926,-0.656343396071407,-0.28635789949164725,0.5573921,-0.8745026,0.6204469,0.67431897,0.43128252,0.5603867708134701,1,1.0,3.62593587861842,0.018625085674086495,0.26400414342401946,4,0.9990183246073299,2.663295482995579,0.13880268317066347,0.05666843640674574,212,0.930955497382199,0.7979761181622491,0.05073740878781115,0.5999875024580887,308,0.8995418848167539,0.7757472461587839,0.14438416965733314,1,0.8112988278094174,0.28143201642697874,3.62593587861842,1.0,0.018625085674086495,0.0,0.9573789267015707,0.0435709661874915,0.8995418848167539,0.25,0.5,0.28174360410733446,0.5603867708134701,4,2024-10-31,144,1.0,1.0,1.0,1.5287234042553168,1.0,-0.009611317400677777,1.0,2024-11-21,forced_top2,,,,True,,,True,0.5913272010512505,0.4913272010512505,0.39132720105125046,utility_positive
2024-11-22,4324,電通グループ,0.0,-0.42553191489361764,True,True,True,2024-11-21,2024-11-21,0.8310991957104497,-1.4678831402255146,-0.1883931871824396,-0.07075087590242186,0.55,2.23904554811828,1.029252437703132,-0.7779376394335896,-0.1600276496678062,-0.0408091730796884,0.79981637,-0.99877566,-0.9755127,-0.79981637,-0.6871748,0.5452762606382338,2,0.99967277486911,2.8146370508090026,0.018625085674086495,0.32917461997775693,2,0.99967277486911,3.132814335693893,0.13880268317066347,0.0019343272602425534,1943,0.3645287958115183,-0.28079614187583496,0.05073740878781115,0.6212834844880384,100,0.9676047120418848,0.9232425157613406,0.14438416965733314,2,0.00025891948759265357,0.28143201642697874,2.8146370508090026,0.99967277486911,0.018625085674086495,1.0,0.8328697643979057,0.27071352828108475,0.3645287958115183,0.5,0.5,0.28174360410733446,0.5452762606382338,4,2024-10-31,144,0.0,0.0,,,0.0,,,,forced_top2,,,,True,,,True,-0.21276595744680882,-0.3127659574468088,-0.41276595744680883,utility_positive
2024-11-25,6190,フェニックスバイオ,0.0,-0.27472527472527375,True,True,True,2024-11-22,2024-11-22,-6.666666666666665,-0.9853684490555992,0.1052253231456223,-0.11190923777199475,0.55,2.241382087795285,8.93854748603351,-0.5956568280279217,-0.38886562065626684,-0.5840640372597777,0.86042243,0.17232935,-0.8989899,-0.9546985,-0.4808693,0.55166087989571,1,1.0,3.3535669863579334,0.018057015199148096,0.45862556044871844,1,1.0,4.324669758182538,0.13450799991763535,0.002717140729495276,1912,0.37650897226753666,-0.2513533254147329,0.05087311307741301,0.6288025959159167,47,0.9849918433931485,0.9746111345075242,0.14424413118200957,1,0.039130404763882236,0.7178160582510352,3.3535669863579334,1.0,0.018057015199148096,0.0,0.8403752039151713,0.2678833721636743,0.37650897226753666,0.5,0.5,0.25007056687946355,0.55166087989571,4,2024-10-31,144,0.0,0.0,47.0,-2.15227765726681,0.0,-0.01451925762230677,47.0,2024-09-13,forced_top2,,,,True,,,True,-0.13736263736263687,-0.23736263736263688,-0.3373626373626369,utility_positive
2024-11-25,8938,グローム・ホールディングス,0.0,-0.2597402597402598,True,True,True,2024-11-22,2024-11-22,1.182654402102501,0.0726844369047134,1.505176531350152,0.7653033666173582,0.9,1.833462942561415,-0.5228758169934622,-0.8606069140719278,-0.66745607455607,-0.3236661453781907,0.5433119,-0.84511787,0.7591062,0.35414752,0.42944598,0.5509543015821398,2,0.999673735725938,3.3144365815940513,0.018057015199148096,0.1667879765231985,26,0.9918433931484503,2.1550026446708976,0.13450799991763535,0.06389405626331843,135,0.9562805872756933,0.9511859302571378,0.05087311307741301,0.5993778640062178,306,0.9004893964110929,0.7706185583896769,0.14424413118200957,2,0.3732425739968209,0.7178160582510352,3.3144365815940513,0.999673735725938,0.018057015199148096,1.0,0.9620717781402937,0.03913497127103109,0.9004893964110929,0.25,0.25,0.25007056687946355,0.5509543015821398,4,2024-10-31,144,2.0,2.0,1.0,0.982654402102501,1.0,-0.009432469231330343,1.0,2024-11-22,forced_top2,,,,True,,,True,-0.1298701298701299,-0.22987012987012992,-0.3298701298701299,utility_positive
2024-11-26,7138,ＴＯＲＩＣＯ,0.0,-2.4600246002460024,True,True,True,2024-11-25,2024-11-25,-9.777777777777775,-2.2375492002849318,-0.3869216638728552,-0.07009326320853684,0.55,2.477505231915308,-0.5524861878453025,-0.2620666614130648,-0.35593416048430615,-0.3383643974360004,0.7424103,-0.9975468,-0.93989575,-0.9276296,-0.5010733,0.554082350748056,1,1.0,3.3027592758988535,0.01853557457375149,0.21265314623093318,17,0.9947678221059516,2.3114663566958646,0.13781244464200185,0.048499919039679866,390,0.8727926749509484,0.6245391808277607,0.05181606733606678,0.6234257009354133,77,0.9751471550032701,0.9371457586723762,0.1450057150720837,1,0.17467580882442482,0.6091607352219591,3.3027592758988535,1.0,0.01853557457375149,0.0,0.9606769130150425,0.051578877595328206,0.8727926749509484,0.25,0.25,0.25324334987225217,0.554082350748056,4,2024-10-31,144,0.0,0.0,,,0.0,,,,forced_top2,,,,True,,,True,-1.2300123001230012,-1.3300123001230013,-1.4300123001230012,utility_positive
2024-11-26,9331,キャスター,0.0,-1.0570824524312905,True,True,True,2024-11-25,2024-11-25,-1.3555787278415,-0.036358688147505626,0.5901403836084818,0.697199683701874,0.55,2.1971825316668827,4.125950054288818,-1.0145815973143468,-0.7263962037579887,-0.43464428319881054,0.4271696,-0.5394051,-0.87856483,-0.15486047,-0.64734745,0.5508446342673605,2,0.9996729888816219,3.1280834670744286,0.01853557457375149,0.309761365009899,4,0.9990189666448659,3.0161067760079647,0.13781244464200185,0.09653507571251874,5,0.9986919555264879,1.551571260690059,0.05181606733606678,0.5666931428488801,618,0.7982341399607586,0.5459021579747697,0.1450057150720837,2,0.2792020514964188,0.6091607352219591,3.1280834670744286,0.9996729888816219,0.01853557457375149,1.0,0.9489045127534335,0.08699029737933237,0.7982341399607586,0.25,0.75,0.25324334987225217,0.5508446342673605,4,2024-10-31,144,0.0,0.0,37.0,0.5619047619047637,0.0,-0.004022450821954182,37.0,2024-10-02,forced_top2,,,,True,,,True,-0.5285412262156453,-0.6285412262156452,-0.7285412262156452,utility_positive
2024-11-27,6920,レーザーテック,1.0,1.835138387484947,True,True,True,2024-11-26,2024-11-26,-4.651826484018262,-1.1366086317710167,-0.7582186369724657,-0.48179521039896867,0.45,2.6557575297794562,-0.8769448373408761,-0.5889068577989011,-0.3436691521934295,0.2619214660763382,0.81862897,-0.8450661,-0.9901629,-0.9950815,-0.94712573,0.5507444619658153,1,1.0,3.144422332149009,0.01868586287829138,0.3500715279619667,3,0.9993421052631579,3.3656231164939436,0.13646275585682005,0.03180830811527933,802,0.7365131578947368,0.39371864355314296,0.048581683878180744,0.6352942568001806,25,0.9921052631578947,1.0409619641910515,0.14329567510191987,1,0.05028816975426245,0.26771134963088034,3.144422332149009,1.0,0.01868586287829138,0.0,0.9319901315789473,0.11290118117993626,0.7365131578947368,0.25,0.5,0.30418556576050576,0.5507444619658153,4,2024-10-31,144,0.0,0.0,,,0.0,,,,forced_top2,,,,True,,,True,0.9175691937424735,0.8175691937424735,0.7175691937424735,utility_positive
2024-11-27,9503,関⻄電力,1.0,4.1780447842708845,True,True,True,2024-11-26,2024-11-26,-3.215603584607274,-0.8276575033848133,-0.3760383358665692,-0.1888968855367854,0.45,1.965839443398677,-0.3414762280010475,-0.9921762545599309,-0.2930396213877203,0.2316037472240197,0.83584386,-0.88625884,-0.99139255,-0.9508146,-0.95757765,0.5498047841213869,2,0.999671052631579,3.0941341623947465,0.01868586287829138,0.29638362351152275,8,0.9976973684210526,2.972197788730707,0.13646275585682005,0.016131909869357978,1416,0.5345394736842105,0.07103739839025111,0.048581683878180744,0.6342784312786982,30,0.9904605263157895,1.0338729468793992,0.14329567510191987,2,0.04208552474006326,0.26771134963088034,3.0941341623947465,0.999671052631579,0.01868586287829138,1.0,0.880592105263158,0.19982300426437644,0.5345394736842105,0.25,0.25,0.30418556576050576,0.5498047841213869,4,2024-10-31,144,0.0,0.0,,,0.0,,,,forced_top2,,,,True,,,True,2.0890223921354423,1.9890223921354422,1.8890223921354423,utility_positive
2024-11-28,7013,ＩＨＩ,1.0,1.2638436482084625,True,True,True,2024-11-27,2024-11-27,-3.1617095726068523,-3.4826704468280547,-0.2387375646427648,0.3188813530077418,0.35,4.859479997757818,1.1886697015680348,0.12779959475978211,0.12756752128512405,0.06881008612347543,0.8599939,-0.9963156,-0.4534848,0.9066626,-0.8790298,0.5581953712480828,1,1.0,3.3402622289440465,0.019464279856137634,0.45314381878248383,3,0.9993405868776789,3.9791048415271013,0.13687042365579097,0.04051169992981793,400,0.8684470820969337,0.6794008048427168,0.048071031707733046,0.6510314762064026,4,0.9990108803165183,1.129580267197226,0.1471211361121202,1,0.11171906221243216,0.630076387740449,3.3402622289440465,1.0,0.019464279856137634,0.0,0.9666996373227827,0.05672725706062349,0.8684470820969337,0.25,0.75,0.3536305848991114,0.5581953712480828,4,2024-10-31,144,0.0,0.0,,,0.0,,,,forced_top2,,,,True,,,True,0.6319218241042313,0.5319218241042313,0.43192182410423124,utility_positive
2024-11-28,7859,アルメディオ,1.0,2.8213166144200663,True,True,True,2024-11-27,2024-11-27,-7.514450867052025,-1.3579062460056541,-0.768985645270531,-0.29339952669685265,0.45,2.7096381207816007,7.453416149068315,-0.45620952911698903,0.003588745158475204,-0.07409885970613604,0.6886706,0.59840345,-0.9815781,-0.87780166,-0.4663801,0.5560208401559148,2,0.9996702934388394,3.228543166731614,0.019464279856137634,0.5606141259936812,2,0.9996702934388394,4.764302288431112,0.13687042365579097,-0.05896948175963402,2854,0.05934718100890213,-1.390061367184032,0.048071031707733046,0.6040650738283573,233,0.9235080778107484,0.8103439995935524,0.1471211361121202,2,0.4680455190343192,0.630076387740449,3.228543166731614,0.9996702934388394,0.019464279856137634,1.0,0.7455489614243324,0.3973970411691546,0.05934718100890213,0.5,0.5,0.3536305848991114,0.5560208401559148,4,2024-10-31,144,0.0,0.0,,,0.0,,,,forced_top2,,,,True,,,True,1.4106583072100332,1.310658307210033,1.2106583072100332,utility_positive
2024-11-29,2938,オカムラ食品⼯業,1.0,3.473053892215572,True,True,True,2024-11-28,2024-11-28,0.6016847172081841,-0.8309999999922987,0.6064843382516626,0.19007563569702873,0.65,2.798805989106864,-0.3597122302158251,-0.7846567302821578,-0.148428902922871,-0.008279435737196684,0.850525,-0.9783817,-0.5379864,0.21988882,-0.15472513,0.5473229882321157,1,1.0,3.0885389794560445,0.018348244899192623,0.22516972711370858,13,0.9960291197882197,2.3201992281155612,0.1406465324805807,0.024078527967837333,810,0.7322964923891462,0.44931457042741146,0.04969337769938717,0.6252851917576089,67,0.9781601588352085,0.9715378404996364,0.14402886667120607,1,0.15477526575487854,0.31899931028843825,3.0885389794560445,1.0,0.018348244899192623,0.0,0.9266214427531436,0.11249473752624317,0.7322964923891462,0.25,0.25,0.2786220024954393,0.5473229882321157,4,2024-10-31,144,0.0,0.0,,,0.0,,,,forced_top2,,,,True,,,True,1.736526946107786,1.6365269461077858,1.536526946107786,utility_positive
2024-11-29,9696,ウィザス,1.0,0.7030827474310497,True,True,True,2024-11-28,2024-11-28,0.9708737864077666,-1.0347400068474717,0.86914478344796,0.8949789081047299,0.55,2.3717463622352506,1.2561441835062803,-0.41148198429816096,-0.1541282366909367,0.06443232191117908,0.6627548,-0.93452746,0.7189623,0.9864114,0.2631254,0.5444831337517075,2,0.999669093315685,2.933763713701166,0.018348244899192623,0.20491022611196535,17,0.9947054930509597,2.1761537216645546,0.1406465324805807,0.00651494851783837,1360,0.5502978160158836,0.09587553562790009,0.04969337769938717,0.6301454241177791,50,0.9837855724685639,1.0052826895184466,0.14402886667120607,2,0.0652389279475074,0.31899931028843825,2.933763713701166,0.999669093315685,0.018348244899192623,1.0,0.8821144937127731,0.1916605938064344,0.5502978160158836,0.25,0.25,0.2786220024954393,0.5444831337517075,4,2024-10-31,144,0.0,0.0,,,0.0,,,,forced_top2,,,,True,,,True,0.35154137371552485,0.2515413737155249,0.15154137371552484,utility_positive
2024-12-02,9264,ポエック,1.0,0.07112375533429027,True,True,True,2024-11-29,2024-11-29,-8.810289389067528,-3.3771285198262113,-0.7693086309877571,-0.09524522575984391,0.45,2.7811894141845706,0.4521963824289488,0.034987787157729947,0.3568134909608896,-0.062205982484995766,0.7822456,-0.9962883,-0.902258,0.7395608,-0.86823386,0.5607934130151716,1,1.0,3.501278792028824,0.01939819772073298,0.3583837832291713,3,0.9993386243386243,3.5493053557577467,0.12459700423402204,0.07284315649294752,27,0.9914021164021164,1.445446801530249,0.047012404924791196,0.6342601299510257,32,0.9897486772486772,1.0035600888328136,0.14681566541960556,1,0.5904993803726258,0.42271390440287887,3.501278792028824,1.0,0.01939819772073298,0.0,0.9951223544973544,0.004590341372983384,0.9897486772486772,0.25,0.5,0.32241062922625746,0.5607934130151716,4,2024-11-29,164,0.0,0.0,,,0.0,,,,forced_top2,,,,True,,,True,0.035561877667145136,-0.06443812233285487,-0.16443812233285487,utility_positive
2024-12-02,7345,アイ・パートナーズフィナンシャル,1.0,1.5789473684210575,True,True,True,2024-11-29,2024-11-29,-1.2345679012345734,0.35756766233038534,1.1250586803270974,1.148192567632224,0.5,3.691068536076343,-0.35149384885764245,-0.5234438692223775,-0.7809671422764835,-0.2128335963616343,0.80451596,-0.77141976,0.7748222,0.8552428,0.17073925,0.5493387892807331,2,0.9996693121693122,2.910779411656198,0.01939819772073298,0.10180736776838734,94,0.9692460317460317,1.4900550789302716,0.12459700423402204,0.08827542276179456,9,0.9973544973544973,1.7737062533395118,0.047012404924791196,0.6509865227185597,5,0.9986772486772487,1.1174879365167054,0.14681566541960556,2,0.002774003448699304,0.42271390440287887,2.910779411656198,0.9996693121693122,0.01939819772073298,1.0,0.9912367724867726,0.012722889287837732,0.9692460317460317,0.25,0.5,0.32241062922625746,0.5493387892807331,4,2024-11-29,164,0.0,0.0,,,0.0,,,,forced_top2,,,,True,,,True,0.7894736842105288,0.6894736842105288,0.5894736842105288,utility_positive
2024-12-03,7071,アンビスホールディングス,0.0,-1.925254813137034,True,True,True,2024-12-02,2024-12-02,0.7990867579908745,-0.8374987037777835,-0.9645818787741278,-0.24584167835335602,0.3,2.45301452487036,0.0,-2.621548598108586,-0.9558414157791043,0.09325224556205029,0.8539604,-0.79393566,-1.0,-0.99876237,-0.9579208,0.6034145071557714,1,1.0,5.761030651868686,0.019614200287292938,1.0811301116585212,1,1.0,9.30231488167912,0.12756793437447017,0.035394190199309124,534,0.8236267372600927,0.5912381073802924,0.049221236577697475,0.6315759090334492,43,0.986101919258769,0.9840992545908617,0.14769503287380176,1,2.754668388030138,0.1587352497685552,5.761030651868686,1.0,0.019614200287292938,0.0,0.9524321641297155,0.0745819824426128,0.8236267372600927,0.5,0.5,0.3103258849730912,0.6034145071557714,4,2024-11-29,164,0.0,0.0,,,0.0,,,,forced_top2,,,,True,,,True,-0.962627406568517,-1.062627406568517,-1.162627406568517,utility_positive
2024-12-03,9696,ウィザス,1.0,2.8418230563002744,True,True,True,2024-12-02,2024-12-02,-1.1827956989247324,-0.8904805769441879,0.7681984215496536,0.8268623919693175,0.55,2.3646113577887813,-0.10741138560687036,-0.45486137427121764,-0.18748490532651374,0.06092512897506441,0.76856434,-0.92512375,0.53279704,0.9740099,0.038366336,0.5493838896678739,2,0.999669093315685,3.0063622638385485,0.019614200287292938,0.14465467258704312,39,0.9874255459960292,1.961320895506273,0.12756793437447017,0.051915565482463136,167,0.9450694904037061,0.9268935364566104,0.049221236577697475,0.656625884435581,2,0.999669093315685,1.1537053335138803,0.14769503287380176,2,0.036635779359457665,0.1587352497685552,3.0063622638385485,0.999669093315685,0.019614200287292938,1.0,0.9829583057577763,0.022438913776585755,0.9450694904037061,0.5,0.5,0.3103258849730912,0.5493838896678739,4,2024-11-29,164,1.0,1.0,2.0,0.5030827474310497,0.0,0.004900755916166344,2.0,2024-11-29,forced_top2,,,,True,,,True,1.4209115281501372,1.3209115281501371,1.2209115281501373,utility_positive
2024-12-04,7071,アンビスホールディングス,1.0,0.8196721311475308,True,True,True,2024-12-03,2024-12-03,-1.925254813137034,-0.46905128104458793,-1.0255623613664633,-0.28374224644807466,0.3,2.4613838298948236,0.0,-2.6905317355638747,-0.9667073469058177,0.08914897041798285,0.86794794,-0.7817731,-1.0,-0.99938005,-0.98264104,0.6085263295253339,1,1.0,6.384702595862897,0.01876837252110264,1.089068501170143,1,1.0,9.37371121116433,0.12983163239411133,0.052186776949642986,219,0.9279338842975207,0.825324662732784,0.05307170145186495,0.6372229119049351,29,0.9907438016528926,1.0030639277329918,0.14836128107974433,1,3.114514066510789,0.8022909849613212,6.384702595862897,1.0,0.01876837252110264,0.0,0.9796694214876034,0.03010760929436788,0.9279338842975207,0.5,0.5,0.26563263374851825,0.6085263295253339,4,2024-11-29,164,1.0,1.0,1.0,-2.125254813137034,1.0,0.005111822369562535,1.0,2024-12-03,forced_top2,,,,True,,,True,0.4098360655737654,0.3098360655737654,0.20983606557376538,utility_positive
2024-12-04,6552,ＧａｍｅＷｉｔｈ,1.0,1.382488479262678,True,True,True,2024-12-03,2024-12-03,-1.8018018018018056,-1.5621577492190895,-0.7177070396103961,0.4610772289289765,0.45,3.576651725092697,0.9090909090909038,-0.14529889540767693,0.029214289614672997,-0.17149265319928728,0.867328,-0.91568506,-0.9522629,0.6280223,-0.7904526,0.5500719693028452,2,0.9996694214876033,3.2701885293521076,0.01876837252110264,0.2794027202021737,4,0.9990082644628099,3.137436075146765,0.12983163239411133,0.035039494688204324,660,0.7821487603305786,0.5022281387407856,0.05307170145186495,0.6355006397172547,32,0.9897520661157024,0.9914552911996183,0.14836128107974433,2,0.33996926966949625,0.8022909849613212,3.2701885293521076,0.9996694214876033,0.01876837252110264,1.0,0.9426446280991736,0.09274524361443119,0.7821487603305786,0.25,0.5,0.26563263374851825,0.5500719693028452,4,2024-11-29,164,0.0,0.0,,,0.0,,,,forced_top2,,,,True,,,True,0.691244239631339,0.591244239631339,0.49124423963133895,utility_positive
2024-12-05,7071,アンビスホールディングス,1.0,0.8235294117647118,True,True,True,2024-12-04,2024-12-04,0.8196721311475308,-0.19275730425328375,-0.9418651869698907,-0.3702134507502004,0.35,2.4957357546882744,-1.385681293302543,-2.8105772215487987,-0.9898020351275268,0.08373216354018514,0.8750387,-0.7309001,-1.0,-0.9987628,-0.90473247,0.6035052438848104,1,1.0,5.83539094582491,0.01947110476119296,1.0579955329935393,1,1.0,9.368230328602852,0.12665445883686038,0.0310851291989732,955,0.6866995073891626,0.32671884354456815,0.048244476739733866,0.6344601225910702,46,0.9852216748768473,0.9809240649753214,0.1490036261895844,1,2.8297691787715564,0.40986622211776297,5.83539094582491,1.0,0.01947110476119296,0.0,0.9179802955665025,0.13366625406418575,0.6866995073891626,0.5,0.5,0.3046565100686891,0.6035052438848104,4,2024-11-29,164,2.0,2.0,1.0,0.6196721311475308,1.0,-0.005021085640523504,1.0,2024-12-04,forced_top2,,,,True,,,True,0.4117647058823559,0.31176470588235594,0.2117647058823559,utility_positive
2024-12-05,9362,兵機海運,1.0,0.4746835443038,True,True,True,2024-12-04,2024-12-04,-3.7151702786377694,-1.2567143860552936,-0.038219176389591714,0.369360336677305,0.65,1.2915282441086362,-0.30864197530864335,-0.2634717548130771,0.017150759583377997,0.19612217877839488,0.27868852,-0.94989175,-0.62326014,0.8546242,-0.9115373,0.5484065117549545,2,0.999671592775041,3.0056217670533534,0.01947110476119296,0.16757717360875943,25,0.9921182266009853,2.3379341387805916,0.12665445883686038,0.05512209919164369,224,0.9267651888341544,0.8249514209718986,0.048244476739733866,0.5601506363889772,698,0.7711001642036125,0.48221481807722577,0.1490036261895844,2,0.07041169137268746,0.40986622211776297,3.0056217670533534,0.999671592775041,0.01947110476119296,1.0,0.9224137931034483,0.09184528375881766,0.7711001642036125,0.25,0.25,0.3046565100686891,0.5484065117549545,4,2024-11-29,164,0.0,0.0,,,0.0,,,,forced_top2,,,,True,,,True,0.2373417721519,0.1373417721519,0.03734177215189999,utility_positive
2024-12-06,7071,アンビスホールディングス,0.0,-2.2222222222222254,True,True,True,2024-12-05,2024-12-05,0.8235294117647118,-0.3211743080333762,-0.8008423262126845,-0.312191172071287,0.4,2.5126098217101616,-1.2775842044134733,-2.8237721945672423,-0.989237181703817,0.08252525217632223,0.8805693,-0.87376237,-1.0,-0.99876237,-0.9115099,0.6073888996184559,1,1.0,5.9073870950192795,0.019647164646823034,1.0645543954103223,1,1.0,9.690119903681445,0.12001564168276635,0.031363584246602856,767,0.7504885993485342,0.4355274698196195,0.048956618118018144,0.635816478107296,52,0.9833876221498371,0.9706796559311164,0.15191728256381265,1,2.4907841446118097,0.703515873805961,5.9073870950192795,1.0,0.019647164646823034,0.0,0.9334690553745928,0.10586128161643531,0.7504885993485342,0.5,0.5,0.3085328883210454,0.6073888996184559,4,2024-11-29,164,3.0,3.0,1.0,0.6235294117647119,1.0,0.0038836557336454636,1.0,2024-12-05,forced_top2,,,,True,,,True,-1.1111111111111127,-1.2111111111111128,-1.3111111111111127,utility_positive
2024-12-06,7048,ベルトラ,1.0,0.6410256410256387,True,True,True,2024-12-05,2024-12-05,-2.500000000000002,-1.5815351391088608,0.6156553948505095,-0.013174911995848481,0.5,3.9332786561277056,0.0,-1.1481724679479621,-0.31018100778227287,-0.27185901848695,0.8929455,-0.97648513,-0.8607673,-0.90408415,0.01608911,0.5584520534295714,2,0.9996742671009772,3.41660295040747,0.019647164646823034,0.3122336358409856,6,0.998371335504886,3.421597325950095,0.12001564168276635,0.03623048463031444,589,0.8084690553745928,0.5349399817700795,0.048956618118018144,0.6380725096518608,41,0.9869706840390879,0.9855300502147104,0.15191728256381265,2,0.06466553214921882,0.703515873805961,3.41660295040747,0.9996742671009772,0.019647164646823034,1.0,0.948371335504886,0.08092364994745516,0.8084690553745928,0.25,0.25,0.3085328883210454,0.5584520534295714,4,2024-11-29,164,0.0,0.0,,,0.0,,,,forced_top2,,,,True,,,True,0.3205128205128194,0.22051282051281937,0.12051282051281936,utility_positive
2024-12-09,7071,アンビスホールディングス,1.0,1.0701545778834642,True,True,True,2024-12-06,2024-12-06,-2.2222222222222254,-0.34103774689122845,-0.9119534373237957,-0.2809571730953527,0.4,2.5244385827557623,-0.2333722287047868,-1.7905087265876436,-0.9134907689057796,0.058500645706916425,0.8850788,-0.84491813,-1.0,-0.9987643,-0.92338586,0.5852224642718881,1,1.0,4.580001474565874,0.02048833279044654,0.7679811852502217,1,1.0,7.0122409649538335,0.12438197079588473,0.057635246038236124,123,0.9605305726302168,0.9936448197790081,0.04808728603495675,0.6390664797456334,41,0.9870592041410546,1.0016628684516693,0.15099145648124457,1,1.2346403823635093,0.5478531913195437,4.580001474565874,1.0,0.02048833279044654,0.0,0.9868974441928179,0.016113596895480843,0.9605305726302168,0.5,0.5,0.3520780445176302,0.5852224642718881,4,2024-11-29,164,4.0,4.0,1.0,-2.4222222222222256,1.0,-0.022166435346567814,1.0,2024-12-06,forced_top2,,,,True,,,True,0.5350772889417321,0.43507728894173214,0.3350772889417321,utility_positive
2024-12-09,8798,アドバンスクリエイト,0.0,-0.7843137254901933,True,True,True,2024-12-06,2024-12-06,-4.850746268656714,-3.5211275821471673,-1.5627532285585166,-0.8994240868549402,0.3,2.272450175177186,-1.831501831501836,-0.45066024040172736,-0.21251543724018201,0.20555761488970706,0.8974359,-0.9981464,-0.99752855,-0.9981464,-0.9514983,0.5599267412415003,2,0.9996764801035264,3.3453610922023644,0.02048833279044654,0.5808110045196949,3,0.9993529602070528,5.507439428743415,0.12438197079588473,0.044182376408070406,324,0.8955030734390165,0.7138854334749809,0.04808728603495675,0.6576896234311855,3,0.9993529602070528,1.1250019243131872,0.15099145648124457,2,0.09761124521466116,0.5478531913195437,3.3453610922023644,0.9996764801035264,0.02048833279044654,1.0,0.973471368489162,0.04501520989468734,0.8955030734390165,0.25,0.75,0.3520780445176302,0.5599267412415003,4,2024-11-29,164,0.0,0.0,,,0.0,,,,forced_top2,,,,True,,,True,-0.39215686274509665,-0.4921568627450966,-0.5921568627450966,utility_positive
2024-12-10,9565,ＧＬＯＥ,0.0,-0.4237288135593209,True,True,True,2024-12-09,2024-12-09,-1.3268156424581012,-1.8177808560907849,0.9080601939932678,0.43208907823647924,0.7,2.5992191581396615,1.849217638691325,-0.6661560683524199,-0.4286492753377456,-0.28557625619018695,0.83116883,-0.9764997,0.5003092,-0.22077923,-0.10018553,0.5631367532993427,1,1.0,3.699767292454174,0.01975831855072019,0.354374327677827,5,0.998708427510494,3.8794338391240615,0.1183382469343846,0.06936436215969478,44,0.9861155957378108,1.2389809949497435,0.05195485328132144,0.6399173729140605,36,0.9886987407168227,1.0193692920670254,0.1482427203368818,1,0.24809654154114383,0.6669578756273309,3.699767292454174,1.0,0.01975831855072019,0.0,0.9933806909912819,0.006060162860550028,0.9861155957378108,0.25,0.5,0.2943857176224852,0.5631367532993427,4,2024-11-29,164,0.0,0.0,26.0,-0.8666666666666709,0.0,0.022401221121959747,26.0,2024-11-01,forced_top2,,,,True,,,True,-0.21186440677966045,-0.31186440677966043,-0.41186440677966046,utility_positive
2024-12-10,4587,ペプチドリーム,1.0,0.8797127468581634,True,True,True,2024-12-09,2024-12-09,-0.6293706293706292,-1.2767846903259428,0.7557195377806691,0.376299989704683,0.55,3.6841784255058054,1.7793594306049876,-0.615093717643798,-0.14429939011939874,-0.13165759485482362,0.85776126,-0.8781695,0.19171305,0.6184292,0.31478044,0.5582347828002407,2,0.9996771068776235,3.45167075091303,0.01975831855072019,0.3540240059959502,6,0.9983855343881175,3.8764734971302253,0.1183382469343846,0.037371587424003164,471,0.8482402324830481,0.6232007027322017,0.05195485328132144,0.639175689346669,44,0.9861155957378108,1.0143661218222675,0.1482427203368818,2,0.09664629553736284,0.6669578756273309,3.45167075091303,0.9996771068776235,0.01975831855072019,1.0,0.95810461737165,0.06365065226569205,0.8482402324830481,0.25,0.25,0.2943857176224852,0.5582347828002407,4,2024-11-29,164,0.0,0.0,,,0.0,,,,forced_top2,,,,True,,,True,0.4398563734290817,0.3398563734290817,0.23985637342908167,utility_positive
2024-12-11,7048,ベルトラ,0.0,-2.6666666666666616,True,True,True,2024-12-10,2024-12-10,-2.9126213592232997,-1.578827559558991,0.4936035617293505,-0.053528706425225774,0.5,4.011714778542613,0.32467532467532756,-1.1918750655931754,-0.2602094445189272,-0.2637086568189174,0.76761436,-0.9629172,-0.9351051,-0.91656363,-0.29264525,0.5606692267187756,1,1.0,3.3095780440056792,0.020606729268661972,0.36090172023171835,6,0.998388136686009,3.6130307922423084,0.12550845779234188,0.06599539022439593,41,0.9871050934880722,1.2140398634120195,0.04891145054267705,0.6266586054944405,108,0.9655061250805932,0.9270310069873321,0.15082489858258996,1,0.2575791391809438,0.4354722991208081,3.3095780440056792,1.0,0.020606729268661972,0.0,0.9877498388136685,0.013769879519131865,0.9655061250805932,0.25,0.25,0.3485452440913959,0.5606692267187756,4,2024-11-29,164,1.0,1.0,3.0,0.44102564102563874,0.0,0.002217173289204233,3.0,2024-12-06,forced_top2,,,,True,,,True,-1.3333333333333308,-1.433333333333331,-1.5333333333333308,utility_positive
2024-12-11,3540,⻭愛メディカル,1.0,4.380341880341887,True,True,True,2024-12-10,2024-12-10,-3.1446540880503138,-0.7657878264388482,-0.1253968675170225,-0.005189962549297778,0.5,3.13122708545448,-0.7284079084287187,-1.0245574826807826,-0.32739054731733164,0.011009599754642057,0.8733004,-0.83374536,-0.9746601,-0.92027193,-0.6934487,0.5553613631324189,2,0.9996776273372018,3.0519989048247353,0.020606729268661972,0.27370940593204485,12,0.9964539007092199,2.9183181343596316,0.12550845779234188,0.039550766477103115,385,0.8762088974854932,0.6733766147476009,0.04891145054267705,0.6326781661554347,71,0.9774339136041263,0.9669419283110944,0.15082489858258996,2,0.004907834041816292,0.4354722991208081,3.0519989048247353,0.9996776273372018,0.020606729268661972,1.0,0.9624435847840103,0.05050793691538406,0.8762088974854932,0.25,0.25,0.3485452440913959,0.5553613631324189,4,2024-11-29,164,0.0,0.0,,,0.0,,,,forced_top2,,,,True,,,True,2.1901709401709435,2.0901709401709434,1.9901709401709435,utility_positive
2024-12-12,4587,ペプチドリーム,0.0,-1.0379316852236253,True,True,True,2024-12-11,2024-12-11,-4.326750448833039,-1.899692797832086,0.6667809862547486,0.36025305835838334,0.55,3.776490869333473,-0.8720412884854922,-0.7340717483640468,-0.21296520444670985,-0.11965405627528143,0.89287925,-0.98885447,-0.4520124,0.3609907,-0.24520124,0.565351361167187,1,1.0,3.890230378799487,0.01939238411969524,0.2751875958312974,10,0.9970911441499677,3.228038631398634,0.12181985561561556,0.05379093243605543,158,0.9492566257272139,0.9527950621507433,0.0489477018216026,0.6416940802469199,33,0.9896574014221073,1.0154918334521528,0.15154332519951103,1,0.34356184864952655,0.7259140513650503,3.890230378799487,1.0,0.01939238411969524,0.0,0.9840012928248223,0.02041130994803742,0.9492566257272139,0.25,0.25,0.31037740173641826,0.565351361167187,4,2024-11-29,164,1.0,1.0,2.0,0.6797127468581634,0.0,0.007116578366946236,2.0,2024-12-10,forced_top2,,,,True,,,True,-0.5189658426118127,-0.6189658426118126,-0.7189658426118126,utility_positive
2024-12-12,7048,ベルトラ,0.0,-2.0408163265306145,True,True,True,2024-12-11,2024-12-11,-2.6666666666666616,-1.7440627333831205,0.4602702283960175,-0.1237463467459587,0.5,4.0362194452519,0.0,-1.1214525303819078,-0.3134009338806293,-0.28602243116110515,0.75975233,-0.97832817,-0.9349845,-0.9436532,-0.48266253,0.5586888778293028,2,0.9996767937944409,3.5466685301499603,0.01939238411969524,0.35812227442579797,5,0.9987071751777634,3.908836340240028,0.12181985561561556,0.05607330119681022,134,0.9570135746606335,0.9994237837416615,0.0489477018216026,0.6257239688778518,110,0.964770523594053,0.9101086940229299,0.15154332519951103,2,0.3799648865954094,0.7259140513650503,3.5466685301499603,0.9996767937944409,0.01939238411969524,1.0,0.9800420168067228,0.01934838660582485,0.9570135746606335,0.25,0.5,0.31037740173641826,0.5586888778293028,4,2024-11-29,164,2.0,2.0,1.0,-2.866666666666662,1.0,-0.0019803488894728494,1.0,2024-12-11,forced_top2,,,,True,,,True,-1.0204081632653073,-1.1204081632653073,-1.2204081632653072,utility_positive
2024-12-13,7048,ベルトラ,1.0,0.7017543859649145,True,True,True,2024-12-12,2024-12-12,-2.0408163265306145,-1.6522259986892434,0.3582294120694868,-0.14503730587770303,0.5,4.074087689303272,0.6849315068493178,-1.0580514360890048,-0.2977552903231577,-0.2896950258003708,0.7477533,-0.9671522,-0.9597149,-0.9510381,-0.60768515,0.5569000599215465,1,1.0,3.4189502429123153,0.019558204742519347,0.37542820295082424,1,1.0,3.9928580814545933,0.1225296961145346,0.06486532494648631,52,0.9835111542192047,1.1328653539859392,0.05131419565859118,0.6236550935481187,122,0.960879405108309,0.8994740815083081,0.15085285661836945,1,0.018945520201978476,0.7225988603554472,3.4189502429123153,1.0,0.019558204742519347,0.0,0.9860976398318784,0.016040577505859594,0.960879405108309,0.5,0.5,0.3093642438234161,0.5569000599215465,4,2024-11-29,164,3.0,3.0,1.0,-2.2408163265306147,1.0,-0.0017888179077563127,1.0,2024-12-12,forced_top2,,,,True,,,True,0.35087719298245723,0.25087719298245725,0.15087719298245722,utility_positive
2024-12-13,2970,グッドライフカンパニー,1.0,3.5781544256120457,True,True,True,2024-12-12,2024-12-12,-3.7169726824899274,-2.172739542143087,-0.07095059887639807,0.2029953681343283,0.5,3.295039019397002,1.6848816029143787,-0.23343405212625434,-0.2791587587079642,0.16612085206514754,0.8964983,-0.8983576,-0.80725133,-0.66780293,-0.41927487,0.5565295195584826,2,0.9996766892984158,3.4000047227103365,0.019558204742519347,0.2767636926587388,5,0.9987067571936631,3.1876287091409723,0.1225296961145346,0.04839091263619468,198,0.9363077917879081,0.8118155528763036,0.05131419565859118,0.6361435141679944,44,0.9860976398318785,0.9822595248855537,0.15085285661836945,2,0.5138824787254151,0.7225988603554472,3.4000047227103365,0.9996766892984158,0.019558204742519347,1.0,0.9801972195279663,0.025899563482075862,0.9363077917879081,0.25,0.5,0.3093642438234161,0.5565295195584826,4,2024-11-29,164,0.0,0.0,,,0.0,,,,forced_top2,,,,True,,,True,1.7890772128060228,1.6890772128060227,1.5890772128060229,utility_positive
2024-12-16,3475,グッドコムアセット,1.0,1.4285714285714235,True,True,True,2024-12-13,2024-12-13,-11.719605695509305,-2.185555008443379,-0.11305104109695367,-0.025423306539177126,0.6,3.262701270896709,0.10964912280702066,0.015563446314729145,0.09057817297888757,0.07498776220327372,0.84086686,-0.9851393,-0.54241484,0.050773993,-0.4613003,0.5650767984146311,1,1.0,4.059143772242692,0.019069131022173225,0.215058712178165,11,0.9967637540453075,3.0149309422593564,0.12266638143402267,0.04448692616297856,354,0.8857605177993527,0.6880754428226505,0.0466601019433797,0.6318449269807017,63,0.9799352750809062,0.9561570748630854,0.14927920109396864,1,0.6753320237898868,0.8073495802266856,4.059143772242692,1.0,0.019069131022173225,0.0,0.9656148867313916,0.04672895705408493,0.8857605177993527,0.25,0.25,0.2779595643322823,0.5650767984146311,4,2024-11-29,164,0.0,0.0,61.0,-0.32562814070351537,0.0,0.005183451675596307,61.0,2024-09-17,forced_top2,,,,True,,,True,0.7142857142857117,0.6142857142857118,0.5142857142857118,utility_positive
2024-12-16,2986,ＬＡホールディングス,1.0,1.4399999999999968,True,True,True,2024-12-13,2024-12-13,-5.829596412556048,-1.296209825948198,0.8411989567058635,0.5746199566316206,0.7,2.886929739375776,1.0574018126888296,0.059288094043273995,0.21302294548991405,-0.059196866808796,0.8724458,-0.9250774,0.9411765,0.98018575,0.36904025,0.5521988035695123,2,0.9996763754045307,3.3838117484528043,0.019069131022173225,0.10368618960649878,34,0.9893203883495145,2.1070006579412444,0.12266638143402267,0.06291765481755092,92,0.9705501618122977,1.0830751939362973,0.0466601019433797,0.6816488071894745,1,1.0,1.2897861393529344,0.14927920109396864,2,0.5420252476178983,0.8073495802266856,3.3838117484528043,0.9996763754045307,0.019069131022173225,1.0,0.9898867313915857,0.01196180378728556,0.9705501618122977,0.5,0.5,0.2779595643322823,0.5521988035695123,4,2024-11-29,164,0.0,0.0,,,0.0,,,,forced_top2,,,,True,,,True,0.7199999999999984,0.6199999999999984,0.5199999999999985,utility_positive
2024-12-17,4286,ＣＬホールディングス,0.0,-2.4316109422492405,True,True,True,2024-12-16,2024-12-16,-5.4014598540146,-3.548306594058135,-1.0384910833964773,-0.66231427977313,0.35,2.162825967674951,-0.29112081513827937,-0.3652385794402857,0.06259346538630914,0.38701030417710924,0.8530864,-0.9987654,-0.99444443,-0.9759259,-0.9037037,0.5559504623710106,1,1.0,3.2233969705150387,0.020377209169708588,0.4484521142680618,2,0.9996768982229403,4.675101280478229,0.12176523643962699,0.05781510266273344,95,0.9696284329563812,1.0569171657355003,0.04641000079471615,0.6466140258382238,15,0.9954765751211632,1.060664548592859,0.14942020377160892,1,0.4264714646964916,0.3675115047459121,3.2233969705150387,1.0,0.020377209169708588,0.0,0.9911954765751212,0.01257894392547411,0.9696284329563812,0.5,0.5,0.3352715444111902,0.5559504623710106,4,2024-11-29,164,0.0,0.0,,,0.0,,,,forced_top2,,,,True,,,True,-1.2158054711246202,-1.3158054711246203,-1.4158054711246202,utility_positive
2024-12-17,3475,グッドコムアセット,1.0,0.4700352526439522,True,True,True,2024-12-16,2024-12-16,1.4285714285714235,-1.833395540004841,0.01935314008771514,0.01935057785734869,0.65,3.269161314375885,4.218362282878418,0.29859694507403445,0.1608842110268612,0.09479773189795666,0.8388889,-0.8635802,0.5506173,0.51111114,0.16234568,0.5472601641299782,2,0.9996768982229403,2.796925505818547,0.020377209169708588,0.402712479393103,4,0.9990306946688207,4.299463403754381,0.12176523643962699,-0.0035066861267564284,1960,0.3670436187399031,-0.2643883231554081,0.04641000079471615,0.6344822542695095,41,0.9870759289176091,0.9794722381656971,0.14942020377160892,2,0.1309707874277136,0.3675115047459121,2.796925505818547,0.9996768982229403,0.020377209169708588,1.0,0.8382067851373183,0.2720724529589479,0.3670436187399031,0.25,0.5,0.3352715444111902,0.5472601641299782,4,2024-11-29,164,1.0,1.0,1.0,1.2285714285714235,1.0,-0.017816634284652855,1.0,2024-12-16,forced_top2,,,,True,,,True,0.2350176263219761,0.1350176263219761,0.03501762632197608,utility_positive
2024-12-18,6614,シキノハイテック,0.0,-0.7920792079207928,True,True,True,2024-12-17,2024-12-17,-5.947955390334569,-3.2317805259562804,-0.2803237976749008,-0.1757878026516476,0.4,2.979506756550529,-0.09285051067781103,-0.4604381286881704,-0.3864853005906863,-0.09805494605431092,0.852378,-0.99197036,-0.9369981,-0.95861644,-0.9546016,0.5580263217395716,1,1.0,3.4384081228158165,0.019678252248506833,0.3553554463484381,5,0.9987063389391979,3.9137167723491206,0.11954244698838834,0.07245657384434194,19,0.9941785252263907,1.4496108867388489,0.0444638421565362,0.64301490646216,26,0.9919146183699871,1.0507372864350644,0.14969213014763538,1,0.0035122559753620586,0.8512817691589967,3.4384081228158165,1.0,0.019678252248506833,0.0,0.9961998706338939,0.0032852926348496095,0.9919146183699871,0.25,0.5,0.3353129802475263,0.5580263217395716,4,2024-11-29,164,0.0,0.0,,,0.0,,,,forced_top2,,,,True,,,True,-0.3960396039603964,-0.49603960396039637,-0.5960396039603963,utility_positive
2024-12-18,3452,ビーロット,1.0,3.923076923076918,True,True,True,2024-12-17,2024-12-17,-4.014869888475836,-1.4266740279824974,-0.13322190695526767,0.4309935195395177,0.5,1.54168359811857,0.9759759759759845,-0.5270775370126553,0.052058373926965676,0.3674616184340475,0.87461394,-0.99444103,-0.9240272,0.9110562,-0.7955528,0.5579572066805271,2,0.9996765847347995,3.4348958668404546,0.019678252248506833,0.23537811956751284,13,0.9961190168175937,2.9100789030943686,0.11954244698838834,0.012568343694958515,1380,0.5540103492884865,0.10271355972546949,0.0444638421565362,0.6365822073018265,40,0.9873868046571799,1.007764425042891,0.14969213014763538,2,0.19931368507263303,0.8512817691589967,3.4348958668404546,0.9996765847347995,0.019678252248506833,1.0,0.884298188874515,0.1907441948497779,0.5540103492884865,0.25,0.25,0.3353129802475263,0.5579572066805271,4,2024-11-29,164,0.0,0.0,,,0.0,,,,forced_top2,,,,True,,,True,1.961538461538459,1.861538461538459,1.761538461538459,utility_positive
2024-12-19,9362,兵機海運,0.0,-1.7473118279569877,True,True,True,2024-12-18,2024-12-18,0.540540540540535,-0.1658116696825987,0.7089347581766271,0.649886674250504,0.7,3.4868315383032575,0.0,-0.2500555879222782,-0.0734214198977861,0.20667795597106894,0.8913916,-0.58191913,0.7938908,0.940759,0.51403886,0.551349795489811,1,1.0,3.108102691695264,0.019740111065990107,0.17587445929536172,20,0.9938531219670009,2.359601552554441,0.12196045549789467,0.04284412207897754,270,0.9129731478485927,0.7488177048816598,0.04820709893649254,0.6657647642258094,1,1.0,1.2261371599915951,0.14814155763875447,1,0.10949012641879237,0.4379133078136236,3.108102691695264,1.0,0.019740111065990107,0.0,0.9767065674538984,0.0368819776646275,0.9129731478485927,0.5,0.5,0.32300669289996825,0.551349795489811,4,2024-11-29,164,0.0,1.0,10.0,0.2746835443038,0.0,0.0029432837348565277,10.0,2024-12-05,forced_top2,,,,True,,,True,-0.8736559139784938,-0.9736559139784938,-1.0736559139784938,utility_positive
2024-12-19,3653,モルフォ,1.0,5.173745173745181,True,True,True,2024-12-18,2024-12-18,-2.5584795321637377,-2.505348864928862,-0.5049768563460051,-0.37437932303425053,0.5,1.9415578044171964,0.2932551319648091,-0.45518804762546905,-0.1072291894688256,0.2460786238232562,0.8741129,-0.99814874,-0.9728479,-0.933971,-0.887689,0.5491884482336747,2,0.9996764801035264,2.9986125652764715,0.019740111065990107,0.3164424027494894,9,0.9974118408282109,3.512171398905615,0.12196045549789467,0.03619551551512574,452,0.8540925266903915,0.6109001219835353,0.04820709893649254,0.6386595632371568,28,0.9912649627952119,1.0431689138040594,0.14814155763875447,2,0.044040972280468854,0.4379133078136236,2.9986125652764715,0.9996764801035264,0.019740111065990107,1.0,0.9606114526043352,0.06157569368635433,0.8540925266903915,0.25,0.25,0.32300669289996825,0.5491884482336747,4,2024-11-29,164,0.0,0.0,63.0,-5.927554179566563,0.0,-0.020001961586189387,63.0,2024-09-18,forced_top2,,,,True,,,True,2.5868725868725906,2.4868725868725905,2.3868725868725904,utility_positive
2024-12-20,4175,ｃｏｌｙ,1.0,1.3659237958303372,True,True,True,2024-12-19,2024-12-19,2.35204855842186,-1.492010587141602,0.03241787516258885,0.39633762330969696,0.6,3.8977010035929416,-3.584491587417704,-0.4039048721457383,-0.2063893828013071,0.10000716256284584,0.89874196,-0.9871126,-0.7993249,0.57213014,-0.18625346,0.5509866870875018,1,1.0,3.4447285532156733,0.018534568993663125,0.18584663963925602,6,0.9983886561392201,2.545635435571737,0.1311999274323146,0.03262263719371477,611,0.8034160489848534,0.5913342073617283,0.04270557821114605,0.6389141966096855,36,0.9887205929745407,0.9952837417325516,0.15047463785581644,1,0.32821549090516106,0.4032282892775054,3.4447285532156733,1.0,0.018534568993663125,0.0,0.9476313245246536,0.08337439439726174,0.8034160489848534,0.25,0.25,0.265644583808555,0.5509866870875018,4,2024-11-29,164,0.0,0.0,,,0.0,,,,forced_top2,,,,True,,,True,0.6829618979151686,0.5829618979151686,0.4829618979151686,utility_positive
2024-12-20,5707,東邦亜鉛,0.0,-6.872852233676974,True,True,True,2024-12-19,2024-12-19,-9.370199692780334,-2.7353614036701286,-0.9139673413434426,-0.25497097019394993,0.3,2.29197917588325,-12.027027027027026,-0.5159460845400776,-0.4590973298138603,0.4207076839777486,0.9042651,-0.9993863,-0.990181,-0.98526704,-0.98036206,0.544903354426531,2,0.999677731227844,3.1165130623105126,0.018534568993663125,-0.05208184530409326,453,0.854334514985498,0.7321551265517844,0.1311999274323146,-0.013986466563503247,2289,0.2626490493071222,-0.5000713117667577,0.04270557821114605,0.6467593726864904,14,0.9958105059619723,1.0474199434778724,0.15047463785581644,2,0.012728464629050602,0.4032282892775054,3.1165130623105126,0.999677731227844,0.018534568993663125,1.0,0.7781179503706092,0.3033133437300027,0.2626490493071222,0.25,0.25,0.265644583808555,0.544903354426531,4,2024-11-29,164,0.0,0.0,,,0.0,,,,forced_top2,,,,True,,,True,-3.436426116838487,-3.536426116838487,-3.636426116838487,utility_positive
2024-12-23,245A,ＩＮＧＳ,1.0,2.584181675802655,True,True,True,2024-12-20,2024-12-20,1.6315161161957858,0.25799335908859716,-0.09529285232995843,-0.07839464267110775,0.4,1.7669464952081437,-0.2381897578404124,0.4040502080833619,0.032927061859237994,0.10743200729225742,0.42403904,0.27150702,0.72178155,,0.82123244,0.5754903156688138,1,1.0,4.176935983111281,0.019793847993462288,0.21813185778938446,19,0.9942122186495177,2.469612553824585,0.12352392625493162,-0.04760165433139749,2848,0.0845659163987138,-1.2750396571995184,0.04566995884113316,0.5442050853939502,871,0.7202572347266881,0.380302725417332,0.1507674778341197,1,0.33613249575620113,1.132320273817164,4.176935983111281,1.0,0.019793847993462288,0.0,0.6997588424437299,0.3727365234960651,0.0845659163987138,0.25,0.25,0.36421859335421997,0.5754903156688138,4,2024-11-29,164,0.0,0.0,,,0.0,,,,forced_top2,,,,True,,,True,1.2920908379013274,1.1920908379013273,1.0920908379013274,utility_positive
2024-12-23,4175,ｃｏｌｙ,0.0,-2.867132867132871,True,True,True,2024-12-20,2024-12-20,1.3659237958303372,-1.4851542997573994,0.1542615883811473,0.4204215853077132,0.65,3.899482338683123,3.1134173461823567,-0.292123268847424,-0.17047353459283654,0.1087741808595183,0.88651615,-0.97254425,-0.48322147,0.70311546,0.18730934,0.5688369601421525,2,0.9996784565916399,3.8408034873550796,0.019793847993462288,0.4750429398525085,4,0.9990353697749196,4.549461291249793,0.12352392625493162,-0.0007886002720803839,1940,0.3765273311897106,-0.25001017945988857,0.04566995884113316,0.6458949800912795,15,0.9954983922829582,1.0547843587123624,0.1507674778341197,2,0.19879361811089608,1.132320273817164,3.8408034873550796,0.9996784565916399,0.019793847993462288,1.0,0.8426848874598071,0.26914089646176187,0.3765273311897106,0.25,0.5,0.36421859335421997,0.5688369601421525,4,2024-11-29,164,1.0,1.0,1.0,1.1659237958303372,1.0,0.0178502730546507,1.0,2024-12-20,forced_top2,,,,True,,,True,-1.4335664335664355,-1.5335664335664356,-1.6335664335664355,utility_positive
2024-12-24,247A,Ａｉロボティクス,1.0,0.6036217303822866,True,True,True,2024-12-23,2024-12-23,5.0544050544050645,2.6104176772630465,0.909679609228166,0.21692946713240518,0.65,3.1567684419363577,1.7863522686673905,0.008837676177059772,0.16024192722962316,-0.3132157466460503,0.7695348,0.9708118,0.9470964,,0.868045,0.5644463752335789,1,1.0,3.8823460909783556,0.018850286517802184,0.015533794725181092,369,0.8817480719794344,0.8926329788162793,0.11925400872389569,-0.13235239574364566,3096,0.005462724935732632,-2.9333437788032577,0.048560485159675565,0.6216968425221001,119,0.962082262210797,0.9030502332383108,0.14818362564269655,1,0.8805422388441764,0.4034222829380634,3.8823460909783556,1.0,0.018850286517802184,0.0,0.712323264781491,0.4103334159156336,0.005462724935732632,0.25,0.25,0.29403151782188736,0.5644463752335789,4,2024-11-29,164,0.0,0.0,,,0.0,,,,forced_top2,,,,True,,,True,0.3018108651911433,0.2018108651911433,0.1018108651911433,utility_positive
2024-12-24,8887,クミカ,1.0,1.067615658362997,True,True,True,2024-12-23,2024-12-23,1.0489510489510412,-1.529407779249168,-0.49337900129984347,-0.2027185292251293,0.3,5.497043271806637,-1.379310344827589,-0.4950082491077373,-0.27425209346155943,0.3741663357192634,0.83338404,-0.96837944,-0.9610824,-0.9203163,-0.8063241,0.5478479017403391,2,0.9996786632390745,3.0018038521341794,0.018850286517802184,0.36369633946978447,4,0.9990359897172236,3.812136888749328,0.11925400872389569,0.03656524682617427,580,0.8139460154241646,0.545156117035684,0.048560485159675565,0.6359287658221154,39,0.9877892030848329,0.999092715923487,0.14818362564269655,2,0.11417085910257246,0.4034222829380634,3.0018038521341794,0.9996786632390745,0.018850286517802184,1.0,0.9501124678663239,0.07875778987096074,0.8139460154241646,0.25,0.5,0.29403151782188736,0.5478479017403391,4,2024-11-29,164,0.0,0.0,,,0.0,,,,forced_top2,,,,True,,,True,0.5338078291814985,0.4338078291814985,0.3338078291814985,utility_positive
2024-12-25,7041,ＣＲＧホールディングス,0.0,-4.558404558404561,True,True,True,2024-12-24,2024-12-24,-16.849015317286653,-3.4090464893567174,-0.8967534732099403,-0.5340437435062646,0.35,3.993837154766071,-0.6521739130434745,0.03250027402359856,0.1799563895412139,-0.047051540556778314,0.8000595,-0.99464446,-0.941089,-0.8304076,-0.9794704,0.565871127115645,1,1.0,3.8419435731867893,0.019507804547310048,0.3146494011251744,5,0.9987429289754871,3.46759909757323,0.12090178376019303,0.09650529799460933,4,0.9990571967316153,1.8146739809170591,0.045310049431863564,0.6392106340029886,18,0.9946574481458202,1.03679232722914,0.14686749387475967,1,0.4651290581010599,0.8445941638608453,3.8419435731867893,1.0,0.019507804547310048,0.0,0.9981143934632306,0.0020487751116287332,0.9946574481458202,0.25,0.75,0.3234543935952256,0.565871127115645,4,2024-11-29,164,0.0,0.0,,,0.0,,,,forced_top2,,,,True,,,True,-2.2792022792022806,-2.3792022792022807,-2.4792022792022808,utility_positive
2024-12-25,4169,ＥＮＥＣＨＡＮＧＥ,0.0,-0.6269592476489061,True,True,True,2024-12-24,2024-12-24,-2.4539877300613466,-1.310322749210783,-0.43342279473308815,0.5579902215064514,0.4,3.462425395896501,0.6172839506172867,-0.25567265920125204,-0.1369654482269062,0.16720699252289073,0.86075574,-0.9250223,-0.90241,0.89110386,-0.5257364,0.5567974803609351,2,0.9996857322438718,3.376814515085729,0.019507804547310048,0.29241339132194144,8,0.9978001257071024,3.2836811344823147,0.12090178376019303,0.04384645537228042,436,0.8632935260842238,0.6524849459764479,0.045310049431863564,0.6476693711380315,8,0.9978001257071024,1.0943866723893834,0.14686749387475967,2,0.06368958964228819,0.8445941638608453,3.376814515085729,0.9996857322438718,0.019507804547310048,1.0,0.9646448774355751,0.05852029328005459,0.8632935260842238,0.25,0.25,0.3234543935952256,0.5567974803609351,4,2024-11-29,164,0.0,0.0,,,0.0,,,,forced_top2,,,,True,,,True,-0.31347962382445305,-0.413479623824453,-0.513479623824453,utility_positive
2024-12-26,250A,シマダヤ,1.0,0.4405286343612369,True,True,True,2024-12-25,2024-12-25,0.44215180545319477,-0.6516444774313614,-0.09286923222091903,-0.34859731634732477,0.4,0.8593161378362006,0.36982248520709415,-0.0010012843941725746,-0.05593801987452727,-0.20470917043787928,-0.54634875,-0.66080475,-0.36989567,,-0.3961252,0.5830022828232222,1,1.0,4.876743826479123,0.019123749899244036,0.4099173047778588,3,0.9993686868686869,4.470813255986793,0.11775439359794945,0.03566288235391989,723,0.7720959595959596,0.46559660900198646,0.046403362533309435,0.3884144195318495,2476,0.21875,-0.6810330340216793,0.1466843851512647,1,0.1299114926443323,1.9372074356939926,4.876743826479123,1.0,0.019123749899244036,0.0,0.7475536616161615,0.3191299099250674,0.21875,0.25,0.5,0.3113388369556724,0.5830022828232222,4,2024-11-29,164,0.0,0.0,,,0.0,,,,forced_top2,,,,True,,,True,0.22026431718061845,0.12026431718061845,0.02026431718061844,utility_positive
2024-12-26,256A,飛島ホールディングス,1.0,0.06289308176101738,True,True,True,2024-12-25,2024-12-25,0.0,0.10246246874876519,-0.05598127052008406,0.19449923025797217,0.45,0.7577171640543681,0.44303797468354666,0.07538411685438617,0.05027923928425114,-0.09326506428644933,-0.56363636,0.27630404,-0.043815203,,0.7597616,0.5805178879288545,2,0.9996843434343434,4.74683233383479,0.019123749899244036,0.2762030913956371,10,0.9971590909090909,3.33527844240893,0.11775439359794945,0.039070803374081996,598,0.8115530303030303,0.5390378605430965,0.046403362533309435,0.4126173229650585,2305,0.2727272727272727,-0.5160331711647683,0.1466843851512647,2,0.02654795481152691,1.9372074356939926,4.74683233383479,0.9996843434343434,0.019123749899244036,1.0,0.7702809343434343,0.2972215731242054,0.2727272727272727,0.25,0.25,0.3113388369556724,0.5805178879288545,4,2024-11-29,164,0.0,0.0,,,0.0,,,,forced_top2,,,,True,,,True,0.03144654088050869,-0.06855345911949132,-0.16855345911949132,utility_positive
2024-12-27,9376,ユーラシア旅行社,1.0,0.40733197556008793,True,True,True,2024-12-26,2024-12-26,-0.6085192697768749,-0.5943168062576887,1.742870287018759,0.5813890506441268,0.5,6.004166282486261,-0.8048289738430636,-1.2843211244547166,-0.49987898351453264,0.1802456909700093,0.82386196,-0.86016065,0.19250223,-0.093722105,-0.95239514,0.5661527502427947,1,1.0,4.071234174277002,0.01911632741428354,0.2849582724451542,9,0.9974779319041615,3.3450393500568,0.12176508990061946,0.056225740943688145,140,0.9561790668348046,0.9694093586554599,0.05180805673290211,0.6262619376498036,69,0.978562421185372,0.9543365049630579,0.14643099069400822,1,0.14520253499477165,1.3282766187665411,4.071234174277002,1.0,0.01911632741428354,0.0,0.9830548549810845,0.017590146656108727,0.9561790668348046,0.25,0.25,0.29953360008069113,0.5661527502427947,4,2024-11-29,164,0.0,0.0,,,0.0,,,,forced_top2,,,,True,,,True,0.20366598778004397,0.10366598778004396,0.0036659877800439555,utility_positive
2024-12-27,4395,アクリート,1.0,5.603448275862077,True,True,True,2024-12-26,2024-12-26,-5.212620027434845,-2.8922528755752657,-0.22363336333171896,0.26226794698986156,0.4,3.2959097580594627,0.8298755186721962,-0.34277904777634277,0.04416403971667957,0.012347833132137755,0.8762273,-0.9839333,-0.8744421,0.7720916,-0.95656055,0.5633770110424506,2,0.9996847414880202,3.9260316392822303,0.01911632741428354,0.37369680375103204,3,0.9993694829760403,4.073807598643511,0.12176508990061946,0.056805081259600904,133,0.9583858764186634,0.9805917953737403,0.05180805673290211,0.6442794659128199,9,0.9974779319041615,1.0773810065239802,0.14643099069400822,2,0.5918545459807204,1.3282766187665411,3.9260316392822303,0.9996847414880202,0.01911632741428354,1.0,0.9887295081967213,0.01753922109600793,0.9583858764186634,0.25,0.5,0.29953360008069113,0.5633770110424506,4,2024-11-29,164,0.0,0.0,,,0.0,,,,forced_top2,,,,True,,,True,2.8017241379310387,2.7017241379310386,2.6017241379310385,utility_positive
2024-12-30,9376,ユーラシア旅行社,1.0,1.6227180527383478,True,True,True,2024-12-27,2024-12-27,0.40733197556008793,-0.6302672408912691,1.0270405667783584,0.5881779169034617,0.5,5.170655276208411,0.20408163265306367,-1.3572771259821466,-0.47994323143592343,0.179695918278779,0.7105498,-0.902526,-0.9090639,-0.096582465,-0.9910847,0.5694755542356311,1,1.0,4.659747430496176,0.017833767872063255,0.3604724344382847,3,0.9993720565149137,3.976032119737688,0.12798081926525723,0.06064877431579168,158,0.9507064364207222,0.9591915380132517,0.0566242978212088,0.620833786308419,90,0.9720565149136577,0.9083525757509436,0.14358228723373428,1,1.2334852405885859,0.8536330850584957,4.659747430496176,1.0,0.017833767872063255,0.0,0.9805337519623234,0.020587306960102914,0.9507064364207222,0.25,0.5,0.21378843016048035,0.5694755542356311,4,2024-11-29,164,1.0,1.0,1.0,0.20733197556008792,1.0,0.003322803992836465,1.0,2024-12-27,forced_top2,,,,True,,,True,0.8113590263691739,0.7113590263691739,0.6113590263691739,utility_positive
2024-12-30,4175,ｃｏｌｙ,1.0,0.7331378299120228,True,True,True,2024-12-27,2024-12-27,-0.2913328477785915,-0.4550824641305238,-0.19086818864925673,0.2838112584900799,0.6,3.877015741741486,-0.7230657989877098,-0.2538169517070771,-0.05657875516664355,0.110813114511704,0.8781575,-0.8484398,-0.8757801,0.6077266,-0.48647845,0.5474778647813582,2,0.9996860282574568,3.42626218990759,0.017833767872063255,0.1746035963869335,13,0.9962323390894819,2.523714193360663,0.12798081926525723,0.054492664911327336,247,0.9227629513343799,0.850473025972674,0.0566242978212088,0.6293823051093635,43,0.9868131868131869,0.9678899947852887,0.14358228723373428,2,0.14311929175171875,0.8536330850584957,3.42626218990759,0.9996860282574568,0.017833767872063255,1.0,0.9763736263736263,0.031308646779520125,0.9227629513343799,0.25,0.25,0.21378843016048035,0.5474778647813582,4,2024-11-29,164,1.0,2.0,5.0,-3.0671328671328713,0.0,-0.021359095360794278,5.0,2024-12-23,forced_top2,,,,True,,,True,0.3665689149560114,0.2665689149560114,0.1665689149560114,utility_positive
2025-01-06,9376,ユーラシア旅行社,1.0,0.1988071570576455,True,True,True,2024-12-30,2024-12-30,1.6227180527383478,-0.3448625735921307,0.3200854011140502,0.6085297773540539,0.5,3.847235494567312,0.0,-1.4464036856969416,-0.47660321807586997,0.1802878118929583,0.60023725,-0.8090154,-0.99288255,0.03677343,-0.96559906,0.5655065368449071,1,1.0,4.070421280899186,0.01866438054343822,0.392026703503012,3,0.9993734335839599,4.081485069726325,0.12605743361764368,0.04095165273210853,663,0.7926065162907268,0.46056129213280156,0.04975602555592811,0.6014707290829986,282,0.9119674185463659,0.8183093682923342,0.13806825011426205,1,0.6866721497051532,1.017977365960129,4.070421280899186,1.0,0.01866438054343822,0.0,0.9259868421052632,0.08492701999618264,0.7926065162907268,0.25,0.5,0.2088458324342636,0.5655065368449071,4,2024-12-30,185,2.0,2.0,1.0,1.4227180527383478,1.0,-0.003969017390723972,1.0,2024-12-30,forced_top2,,,,True,,,True,0.09940357852882276,-0.0005964214711772498,-0.10059642147117726,utility_positive
2025-01-06,9362,兵機海運,0.0,0.0,True,True,True,2024-12-30,2024-12-30,0.8108108108108025,0.21766072384811155,1.0404826107521392,0.8106775630995923,0.75,3.5936595858004297,-0.13495276653171517,-0.3503403869785693,-0.20386340779225057,0.24577404551789409,0.6749703,-0.8588375,0.86595494,0.94543296,0.11625148,0.5526902265342294,2,0.99968671679198,3.3837491311940324,0.01866438054343822,0.13625883788757898,10,0.9971804511278195,2.052506228294204,0.12605743361764368,0.06337880317656802,122,0.9620927318295739,0.9113036935581388,0.04975602555592811,0.6320078536021518,37,0.9887218045112782,1.0394834940879567,0.13806825011426205,2,0.3911350063514454,1.017977365960129,3.3837491311940324,0.99968671679198,0.01866438054343822,1.0,0.986920426065163,0.014898872931953489,0.9620927318295739,0.25,0.25,0.2088458324342636,0.5526902265342294,4,2024-12-30,185,0.0,2.0,8.0,-1.9473118279569877,0.0,0.0013404310444183887,8.0,2024-12-19,forced_top2,,,,True,,,True,0.0,-0.1,-0.2,utility_positive
2025-01-07,9376,ユーラシア旅行社,0.0,-1.1881188118811892,True,True,True,2025-01-06,2025-01-06,0.1988071570576455,-0.03166364218060158,0.12482740055380019,0.6445229685337729,0.5,3.7427658750376414,0.3992015968063978,-1.9559443622862733,-0.5032831914624301,0.18988247110088224,0.45094562,-0.39893618,-0.998818,0.14125295,-0.86672574,0.5834848699317495,1,1.0,4.606225477132429,0.019713756617658063,0.5863650642461937,1,1.0,5.7762627501980495,0.11725163094505517,0.058016256419044024,147,0.9543178973717147,0.8316743376231676,0.04942177110244872,0.5656354137418671,634,0.8019399249061326,0.5723901948793971,0.1401259294022334,1,1.5919222597353333,0.5256921442937332,4.606225477132429,1.0,0.019713756617658063,0.0,0.9390644555694618,0.08133585547983313,0.8019399249061326,0.5,0.5,0.24795779798965215,0.5834848699317495,4,2024-12-30,185,3.0,3.0,1.0,-0.0011928429423544995,1.0,0.01797833308684238,1.0,2025-01-06,forced_top2,,,,True,,,True,-0.5940594059405946,-0.6940594059405946,-0.7940594059405945,utility_positive
2025-01-07,5851,リョービ,1.0,0.7441860465116301,True,True,True,2025-01-06,2025-01-06,-5.833333333333335,-0.8279989995047643,0.09693051250983409,0.2055690981153894,0.65,2.1696999798041294,0.219780219780219,-0.09910930050190556,-0.03211384034138583,0.2423453359562759,0.26182032,-0.8132388,-0.13652483,0.6282506,-0.33392435,0.5521021019490949,2,0.9996871088861077,3.0143032173970954,0.019713756617658063,0.19158354254201718,14,0.9959324155193993,2.4093030028391955,0.11725163094505517,0.06757636825143161,44,0.9865456821026283,1.0251136179065468,0.04942177110244872,0.5504061893352211,800,0.75,0.4637077799144245,0.1401259294022334,2,0.13435941220960934,0.5256921442937332,3.0143032173970954,0.9996871088861077,0.019713756617658063,1.0,0.9330413016270338,0.10578727790149443,0.75,0.25,0.25,0.24795779798965215,0.5521021019490949,4,2024-12-30,185,0.0,0.0,,,0.0,,,,forced_top2,,,,True,,,True,0.37209302325581506,0.2720930232558151,0.17209302325581505,utility_positive
2025-01-08,9376,ユーラシア旅行社,0.0,-1.0000000000000009,True,True,True,2025-01-07,2025-01-07,-1.1881188118811892,0.08644382073960344,0.03539142992971027,0.6314144287641333,0.45,3.752158138806424,0.1984126984126977,-1.3218450151448764,-0.49330964648888503,0.18797344137829042,0.24436536,-0.29774615,-0.99288255,0.15658364,-0.93179125,0.5635707540326245,1,1.0,3.905363465054826,0.01864450495329595,0.39143122124297497,2,0.9996861268047709,4.133547286769076,0.11929068511092225,0.07142734154170607,31,0.9905838041431262,1.1326950974718606,0.05021248858619505,0.5389759900481697,926,0.7096672944130571,0.3777271917808408,0.14093721771731904,1,1.0763088989522893,0.34863833797791144,3.905363465054826,1.0,0.01864450495329595,0.0,0.9249843063402385,0.12437084265736428,0.7096672944130571,0.5,0.5,0.2120092614837087,0.5635707540326245,4,2024-12-30,185,4.0,4.0,1.0,-1.3881188118811891,1.0,-0.019914115899125062,1.0,2025-01-07,forced_top2,,,,True,,,True,-0.5000000000000004,-0.6000000000000004,-0.7000000000000004,utility_positive
2025-01-08,3791,ＩＧポート,1.0,0.8917197452229297,True,True,True,2025-01-07,2025-01-07,-2.160365600332359,-1.0634419672253628,-0.42965602548233744,0.44206775673877235,0.45,3.280565860892005,0.5430242272347563,-0.17024465689458693,-0.06561331600799261,-0.04423985273813163,0.88967973,-0.9365362,-0.9341637,0.86061686,-0.97330964,0.543503507434832,2,0.9996861268047709,2.829054566102537,0.01864450495329595,0.17613457601662943,17,0.9949780288763339,2.3287404401477128,0.11929068511092225,0.029768243505040648,934,0.707156308851224,0.3030389858224017,0.05021248858619505,0.6501858095885535,3,0.9993722536095417,1.1668006625189955,0.14093721771731904,2,0.0842931593276832,0.34863833797791144,2.829054566102537,0.9996861268047709,0.01864450495329595,1.0,0.9252981795354676,0.1259580210810919,0.707156308851224,0.25,0.5,0.2120092614837087,0.543503507434832,4,2024-12-30,185,0.0,0.0,,,0.0,,,,forced_top2,,,,True,,,True,0.44585987261146487,0.3458598726114649,0.24585987261146486,utility_positive
2025-01-09,9376,ユーラシア旅行社,1.0,1.4056224899598346,True,True,True,2025-01-08,2025-01-08,-1.0000000000000009,0.008147674694978235,-0.743775236736956,0.6181079771512301,0.4,1.535244386050479,0.2004008016031955,-1.3267503481990446,-0.4899696331288318,0.18674390810976432,0.18522894,0.091875926,-1.0,0.053175777,-0.8762186,0.5570741387125554,1,1.0,3.624103309975802,0.01815512125071328,0.4011544406275679,1,1.0,4.282214178700766,0.11862467753703734,0.0440552681730802,332,0.8966593818295348,0.6597489610623377,0.044364359964531405,0.5308481679605507,1033,0.6778020605682173,0.3165628779849283,0.14295402670769752,1,0.6538203824765008,0.6035397829359322,3.624103309975802,1.0,0.01815512125071328,0.0,0.893615360599438,0.1315484982206089,0.6778020605682173,0.5,0.5,0.22788236686945074,0.5570741387125554,4,2024-12-30,185,5.0,5.0,1.0,-1.2000000000000008,1.0,-0.006496615320069066,1.0,2025-01-08,forced_top2,,,,True,,,True,0.7028112449799173,0.6028112449799173,0.5028112449799174,utility_positive
2025-01-09,7048,ベルトラ,0.0,-0.4166666666666652,True,True,True,2025-01-08,2025-01-08,-5.882352941176472,-2.1623349397988223,-0.8236170009739252,-0.06835954815509968,0.2,3.3840299217965537,0.3937007874015741,-0.42715699278158886,-0.5433231416320774,-0.24485385551699995,0.8611521,-0.98818314,-0.9935007,-0.9846381,-0.9734121,0.5452039503925068,2,0.999687792694349,2.9702829274993015,0.01815512125071328,0.31636005233506925,3,0.9993755853886981,3.567401796883973,0.11862467753703734,0.017525164586895257,1496,0.5332500780518263,0.06174408490960309,0.044364359964531405,0.6427281396697985,5,0.9987511707773962,1.0991919111496409,0.14295402670769752,2,0.15304031757906794,0.6035397829359322,2.9702829274993015,0.999687792694349,0.01815512125071328,1.0,0.8827661567280674,0.20179348388069282,0.5332500780518263,0.25,0.75,0.22788236686945074,0.5452039503925068,4,2024-12-30,185,0.0,4.0,15.0,0.5017543859649145,0.0,-0.011696109529039656,15.0,2024-12-13,forced_top2,,,,True,,,True,-0.2083333333333326,-0.30833333333333257,-0.4083333333333326,utility_positive
2025-01-10,7314,小⽥原機器,0.0,-0.08952551477170445,True,True,True,2025-01-09,2025-01-09,-1.7513134851138368,-2.1706819597073457,-0.2705314629382416,-0.009026678961789318,0.55,1.6582105878935722,0.5281690140845008,-0.6686101336747713,-0.10089116717515166,-0.14341618868550482,0.47800413,-0.98464715,-0.97874224,-0.45969886,-0.9648657,0.5467150132763503,1,1.0,2.7921201006749605,0.01862704437022411,0.2896692240817342,5,0.9987460815047022,3.1816925862480887,0.11434397361395056,0.05022536923173424,98,0.9695924764890282,0.9968760453771288,0.04186198818406947,0.566554758794701,619,0.806269592476489,0.5669501379398063,0.14388965459126857,1,0.1299831994483083,0.34930201762810753,2.7921201006749605,1.0,0.01862704437022411,0.0,0.9436520376175549,0.08024538793331831,0.806269592476489,0.25,0.5,0.2934299263049133,0.5467150132763503,4,2024-12-30,185,0.0,0.0,,,0.0,,,,forced_top2,,,,True,,,True,-0.044762757385852225,-0.14476275738585223,-0.24476275738585224,utility_positive
2025-01-10,6180,ＧＭＯメディア,1.0,1.6568047337278013,True,True,True,2025-01-09,2025-01-09,-1.773049645390068,-1.887920060774777,0.3966969300670236,0.24977429331606532,0.45,3.931474503499055,3.4229828850855792,-0.23201064018553322,0.45809340878975724,-0.03318768002967119,0.8783584,-0.97933275,0.1319752,0.96338946,-0.67050487,0.544293810452843,2,0.9996865203761756,2.6621369012266523,0.01862704437022411,0.2799172230076145,7,0.9981191222570532,3.0964060532905715,0.11434397361395056,0.03945613417655327,314,0.9018808777429467,0.7396203458191419,0.04186198818406947,0.654138005193873,1,1.0,1.175633553352541,0.14388965459126857,2,0.0816686014201389,0.34930201762810753,2.6621369012266523,0.9996865203761756,0.01862704437022411,1.0,0.9749216300940439,0.042176117574088,0.9018808777429467,0.5,0.5,0.2934299263049133,0.544293810452843,4,2024-12-30,185,0.0,0.0,,,0.0,,,,forced_top2,,,,True,,,True,0.8284023668639007,0.7284023668639007,0.6284023668639007,utility_positive
2025-01-14,7205,日野自動車,0.0,-1.4213395638629334,True,True,True,2025-01-10,2025-01-10,-2.3075468129374,-1.4861295699179622,0.975684635461086,0.3219048870669851,0.7,2.1136219471658877,-0.09448223733937722,0.0364237240148646,-0.12868236328293794,0.31377318083415573,0.7781056,-0.9527884,0.96223074,0.6576151,0.48008263,0.5484728884645094,1,1.0,3.011753472836272,0.01810213720053755,0.12185658446351752,53,0.983739837398374,1.6318163802576433,0.11605530022270405,0.06950358913292155,11,0.9968730456535334,1.4836319979274,0.04364102915369142,0.6327239841013855,36,0.9890556597873671,1.0061840640330935,0.1468110758373053,1,0.014575758623576138,0.6310658061046807,3.011753472836272,1.0,0.01810213720053755,0.0,0.9924171357098186,0.006402147894121651,0.983739837398374,0.25,0.25,0.2807852632526073,0.5484728884645094,4,2024-12-30,185,0.0,0.0,,,0.0,,,,forced_top2,,,,True,,,True,-0.7106697819314667,-0.8106697819314667,-0.9106697819314666,utility_positive
2025-01-14,9158,シーユーシー,1.0,1.3265950726468745,True,True,True,2025-01-10,2025-01-10,-5.106888361045126,-2.0276087812534342,-0.28836555719264806,-0.02693220281097699,0.55,1.9880670207580886,2.4330900243308973,-0.008080522099709908,0.05884998693854837,0.1557922550877277,0.7539097,-0.92918265,-0.67896134,-0.071428575,-0.4249041,0.5482090360821035,2,0.9996873045653534,2.997177714212696,0.01810213720053755,0.22749905371840523,5,0.9987492182614134,2.5420933693496135,0.11605530022270405,0.02465778208193749,730,0.7720450281425891,0.4560254560869279,0.04364102915369142,0.6153361585664522,147,0.9543464665415885,0.8877473218747404,0.1468110758373053,2,0.23506575421785333,0.6310658061046807,2.997177714212696,0.9996873045653534,0.01810213720053755,1.0,0.9312070043777361,0.09370094924599807,0.7720450281425891,0.25,0.5,0.2807852632526073,0.5482090360821035,4,2024-12-30,185,0.0,0.0,,,0.0,,,,forced_top2,,,,True,,,True,0.6632975363234372,0.5632975363234373,0.46329753632343723,utility_positive
2025-01-15,8887,クミカ,0.0,-1.038062283737029,True,True,True,2025-01-14,2025-01-14,-3.0303030303030276,-2.178056097393608,-0.5928319222134097,-0.19358452042749455,0.5,2.7060316139204432,-1.3289036544850474,-0.33779981811600573,-0.2556638576968956,0.264049909284507,0.7822889,-0.9646955,-0.96234185,-0.94527805,-0.4857311,0.5505767809713434,1,1.0,2.930037721941121,0.01849351977548014,0.2590983001294317,12,0.9965549639837143,2.827321090500547,0.11182220655331548,0.06879618396600676,8,0.9978077043532728,1.48557420836382,0.042230804473494636,0.6260211460358767,63,0.9805825242718447,0.9754110140347362,0.14653539433314017,1,0.09647068174171194,0.4989018610349301,2.930037721941121,1.0,0.01849351977548014,0.0,0.993736298152208,0.007693779202341524,0.9805825242718447,0.25,0.25,0.29089770332003323,0.5505767809713434,4,2024-12-30,185,0.0,1.0,11.0,0.867615658362997,0.0,0.0027288792310042886,11.0,2024-12-24,forced_top2,,,,True,,,True,-0.5190311418685145,-0.6190311418685145,-0.7190311418685145,utility_positive
2025-01-15,2164,地域新聞社,0.0,-3.2352941176470584,True,True,True,2025-01-14,2025-01-14,-13.089005235602091,-2.798295624778116,-0.7627307531454889,-0.35698295966881993,0.35,3.0512587239151236,17.177914110429437,0.7136312395036037,0.21517281896364887,-0.6900620375627181,0.7252133,0.75228006,-0.3089144,-0.62165344,-0.24389526,0.548792698510799,2,0.9996868149076104,2.833567040199409,0.01849351977548014,0.6020516938727989,1,1.0,5.894273570818945,0.11182220655331548,-0.10145847262994037,3162,0.01002192295646731,-2.545953457721827,0.042230804473494636,0.604240724742069,272,0.9151268399624178,0.8267751066969428,0.14653539433314017,2,0.05416763087777855,0.4989018610349301,2.833567040199409,0.9996868149076104,0.01849351977548014,1.0,0.7312088944566238,0.4178114140164066,0.01002192295646731,0.5,0.5,0.29089770332003323,0.548792698510799,4,2024-12-30,185,0.0,0.0,,,0.0,,,,forced_top2,,,,True,,,True,-1.6176470588235292,-1.7176470588235293,-1.8176470588235292,utility_positive
2025-01-16,261A,日水コン,0.0,-1.7796030116358663,True,True,True,2025-01-15,2025-01-15,-2.491582491582489,0.03133915228368025,0.10647520915771869,0.05311300159290803,0.5,1.3189311578487637,0.6779661016949046,0.09507396712778282,0.08905533968587005,-0.052532428910401004,0.41058823,0.80764705,0.62647057,,0.47323528,0.5943745416723825,1,1.0,5.408807421295461,0.018226526215463168,0.26031776662334877,15,0.9956181533646322,2.660856988363506,0.1139052853924501,-0.004182682767498513,1753,0.4516431924882629,-0.09397952026608584,0.046242634726462194,0.542624835290483,868,0.7286384976525822,0.40215852691428833,0.14674948362698226,1,1.3385411458941996,1.4240599244452063,5.408807421295461,1.0,0.018226526215463168,0.0,0.7939749608763693,0.2261449683814973,0.4516431924882629,0.25,0.25,0.31452484617408744,0.5943745416723825,4,2024-12-30,185,0.0,0.0,,,0.0,,,,forced_top2,,,,True,,,True,-0.8898015058179332,-0.9898015058179331,-1.0898015058179331,utility_positive
2025-01-16,245A,ＩＮＧＳ,0.0,-6.5424806905951876,True,True,True,2025-01-15,2025-01-15,-13.687915526007044,-3.1828149377617247,-0.4736921573573355,-0.2494993509915964,0.55,3.3379268657228773,-5.5411895086811995,-0.18020466117903927,-0.1448880443377689,0.35711963077393377,0.85294116,-0.9929412,-0.91117644,-0.9199765,-0.97411764,0.5699775863862657,2,0.9996870109546165,4.070266275401262,0.018226526215463168,0.14926163285272423,64,0.9802816901408451,1.6858703282801664,0.1139052853924501,0.011794702975625673,1141,0.6431924882629108,0.2515324912712062,0.046242634726462194,0.6326825861905058,39,0.9881064162754304,1.015842123436765,0.14674948362698226,2,0.698438894797654,1.4240599244452063,4.070266275401262,0.9996870109546165,0.018226526215463168,1.0,0.9028169014084506,0.15005311464965618,0.6431924882629108,0.25,0.25,0.31452484617408744,0.5699775863862657,4,2024-12-30,185,0.0,1.0,13.0,2.3841816758026546,0.0,-0.00551272928254809,13.0,2024-12-23,forced_top2,,,,True,,,True,-3.2712403452975938,-3.371240345297594,-3.471240345297594,utility_positive
2025-01-17,4429,リックソフト,0.0,-1.845018450184499,True,True,True,2025-01-16,2025-01-16,-4.30622009569378,-2.644919486451782,-0.49401494456065953,-0.2755702347359248,0.6,2.5472621766800114,0.6016847172081841,-0.7407052791405382,-0.302225499530582,0.6035096075473918,0.8179676,-0.9970545,-0.98291606,-0.97054493,-0.9434462,0.5808227484835649,1,1.0,4.478669451007091,0.01877159257525529,0.5340782978646458,1,1.0,5.15626634755873,0.11010546640079233,0.05249521450171425,56,0.9828125,1.1073624422711554,0.047260727816313505,0.6310396435995145,41,0.9875,1.0020112478135343,0.14765356666919144,1,0.7852685935506969,0.9691468301757689,4.478669451007091,1.0,0.01877159257525529,0.0,0.9925781250000001,0.007604657161692103,0.9828125,0.5,0.5,0.3681487865943478,0.5808227484835649,4,2024-12-30,185,0.0,0.0,59.0,-2.4346368715083777,0.0,0.005755140351245691,59.0,2024-10-18,forced_top2,,,,True,,,True,-0.9225092250922495,-1.0225092250922496,-1.1225092250922495,utility_positive
2025-01-17,4418,ＪＤＳＣ,0.0,-1.187648456057011,True,True,True,2025-01-16,2025-01-16,0.0,-1.1304431993927488,-0.2982870909363452,0.5788200364910525,0.5,3.341649890123701,0.0,-0.9809814395783588,-0.46867500648316174,-0.21679990041391597,0.84506625,-0.9369661,-0.9864507,0.35022092,-0.6748159,0.5660820063832874,2,0.9996875,3.693400857456394,0.01877159257525529,0.4117808171468176,3,0.999375,4.045536020395353,0.11010546640079233,0.0352906024579173,332,0.8965625,0.7433263209768436,0.047260727816313505,0.6252811832862322,75,0.976875,0.963011442775409,0.14765356666919144,2,0.2941739748147415,0.9691468301757689,3.693400857456394,0.9996875,0.01877159257525529,1.0,0.968125,0.04233942551718195,0.8965625,0.25,0.5,0.3681487865943478,0.5660820063832874,4,2024-12-30,185,0.0,0.0,,,0.0,,,,forced_top2,,,,True,,,True,-0.5938242280285055,-0.6938242280285055,-0.7938242280285055,utility_positive
2025-01-20,262A,インターメスティック,1.0,3.428801936264625,True,True,True,2025-01-17,2025-01-17,-0.16339869281045694,-0.8525446479358866,0.07443974656207497,0.7109303687197788,0.45,2.2656727522809716,-0.20383204239706743,-0.34970256992067583,-0.3517033055242184,-0.03909155924730545,0.8798587,-0.8333333,-0.5482921,,-0.20376915,0.6232951101486639,1,1.0,7.347860354926181,0.017732654286235716,0.39231505641603787,6,0.9984375,4.364103412994347,0.1055338225952178,0.019916869189948436,842,0.7371875,0.4084825940517019,0.044664589861194405,0.6170775938425762,144,0.9553125,0.9179105967724187,0.14577388917589362,1,2.281900397695029,2.311350619863731,7.347860354926181,1.0,0.017732654286235716,0.0,0.9227343750000001,0.10861620159095453,0.7371875,0.25,0.25,0.30549482567713365,0.6232951101486639,4,2024-12-30,185,0.0,0.0,,,0.0,,,,forced_top2,,,,True,,,True,1.7144009681323125,1.6144009681323124,1.5144009681323125,utility_positive
2025-01-20,4429,リックソフト,0.0,-1.3597033374536438,True,True,True,2025-01-17,2025-01-17,-1.845018450184499,-3.1087099063465002,-0.5575851787333646,-0.17811541403387163,0.6,2.5651551542733633,1.6250000000000098,-0.6786491371059894,-0.27514216619724846,0.684787923111262,0.8297998,-0.99705535,-0.9858657,-0.93519884,-0.80447584,0.5828309592807142,2,0.9996875,5.0659599572311516,0.017732654286235716,0.6041543460309009,2,0.9996875,6.371415234033817,0.1055338225952178,0.053597582118055404,52,0.9840625,1.162563467351504,0.044664589861194405,0.6353448750441875,28,0.9915625,1.0432230330727879,0.14577388917589362,2,0.7989020434074623,2.311350619863731,5.0659599572311516,0.9996875,0.017732654286235716,1.0,0.99375,0.006502703764588998,0.9840625,0.5,0.5,0.30549482567713365,0.5828309592807142,4,2024-12-30,185,1.0,1.0,1.0,-2.0450184501844992,1.0,0.0020082107971493013,1.0,2025-01-17,forced_top2,,,,True,,,True,-0.6798516687268219,-0.7798516687268219,-0.8798516687268219,utility_positive
2025-01-21,4429,リックソフト,1.0,0.5006257822277815,True,True,True,2025-01-20,2025-01-20,-1.3597033374536438,-3.4182092592832403,-0.6496088071445083,-0.1635331884662927,0.55,2.5589496718843674,1.3784461152882121,-0.6097268313415787,-0.2615313601559279,0.6860445789980298,0.8361815,-0.9970536,-0.98939306,-0.9404832,-0.9039481,0.579113045846601,1,1.0,4.74211583214045,0.018235420090229604,0.5930726127936831,1,1.0,5.981414499630591,0.10999015251963697,0.04980688521887255,105,0.967530440212301,1.1030427412826513,0.04675914148172562,0.6362851995424932,28,0.9915704027474243,1.0494798875106495,0.1444194695701732,1,1.1182112286574573,0.9669317499801905,4.74211583214045,1.0,0.018235420090229604,0.0,0.9897752107399312,0.013296100565544875,0.967530440212301,0.5,0.5,0.2563915561799033,0.579113045846601,4,2024-12-30,185,2.0,2.0,1.0,-1.5597033374536438,1.0,-0.003717913434113207,1.0,2025-01-20,forced_top2,,,,True,,,True,0.25031289111389077,0.15031289111389076,0.050312891113890756,utility_positive
2025-01-21,4418,ＪＤＳＣ,0.0,-1.2956419316843326,True,True,True,2025-01-20,2025-01-20,1.0714285714285676,-0.3458246220869798,-0.23817649188753748,0.6050345900311674,0.5,3.3222675006740694,0.9615384615384581,-1.0244650846371555,-0.4802248611318688,-0.20029603047436767,0.807307,-0.7477902,-0.9882145,0.35179728,-0.82262814,0.5587219943424204,2,0.999687792694349,3.623904603482993,0.018235420090229604,0.36981269147950774,9,0.9975023415547923,3.951597136896088,0.10999015251963697,0.03983113293172292,241,0.9250702466437715,0.8896993827214523,0.04675914148172562,0.6176333299213298,142,0.9559787699032157,0.9203292288309312,0.1444194695701732,2,0.20656675297483665,0.9669317499801905,3.623904603482993,0.999687792694349,0.018235420090229604,1.0,0.9695597876990322,0.031033233430702585,0.9250702466437715,0.25,0.25,0.2563915561799033,0.5587219943424204,4,2024-12-30,185,1.0,1.0,2.0,-1.387648456057011,0.0,-0.007360012040867003,2.0,2025-01-17,forced_top2,,,,True,,,True,-0.6478209658421663,-0.7478209658421663,-0.8478209658421663,utility_positive
2025-01-22,4429,リックソフト,1.0,0.248447204968949,True,True,True,2025-01-21,2025-01-21,0.5006257822277815,-3.3368458289164815,-0.6389729115072073,-0.18037041378295576,0.55,2.5634894463316478,0.12531328320801727,-0.5891071001955324,-0.27372851972150875,0.6839240350894495,0.8614795,-0.9976422,-0.98880047,-0.9475236,-0.87975246,0.5714601692413634,1,1.0,4.45721773018629,0.01773251449425417,0.528025467830977,1,1.0,5.750428573896353,0.10600514510260604,0.04480714855017137,282,0.9121875,0.8182149425522005,0.04398977734020581,0.6351714487963684,26,0.9921875,1.05447271293313,0.14250751664241867,1,0.7171607066023326,0.9596065251233415,4.45721773018629,1.0,0.01773251449425417,0.0,0.97609375,0.03703388703690849,0.9121875,0.5,0.5,0.24808450281776798,0.5714601692413634,4,2024-12-30,185,3.0,3.0,1.0,0.3006257822277815,1.0,-0.007652876605237502,1.0,2025-01-21,forced_top2,,,,True,,,True,0.1242236024844745,0.0242236024844745,-0.0757763975155255,utility_positive
2025-01-22,6836,ぷらっとホーム,1.0,0.3581661891117527,True,True,True,2025-01-21,2025-01-21,-1.586182587240037,-0.35290533425348974,0.12107781675157081,0.8547543825433042,0.5,3.359257426005791,0.6385242993969475,-0.3411794959977132,-0.5268839261670408,0.19680657924563225,0.8773946,-0.8190392,-0.64338344,0.6904481,0.6236369,0.558743106616828,2,0.9996875,3.7400570235839576,0.01773251449425417,0.2045357689727243,19,0.994375,2.6987870847484827,0.10600514510260604,0.048384471341785584,202,0.9371875000000001,0.8995366269960227,0.04398977734020581,0.6502121206669199,7,0.998125,1.160015720241942,0.14250751664241867,2,0.42379678575083884,0.9596065251233415,3.7400570235839576,0.9996875,0.01773251449425417,1.0,0.9823437500000001,0.026142357421672945,0.9371875000000001,0.25,0.25,0.24808450281776798,0.558743106616828,4,2024-12-30,185,0.0,0.0,,,0.0,,,,forced_top2,,,,True,,,True,0.17908309455587634,0.07908309455587634,-0.020916905444123668,utility_positive
2025-01-23,9023,東京地下鉄,1.0,0.17391304347826875,True,True,True,2025-01-22,2025-01-22,-0.28901734104046506,0.14044435738934435,0.24281420078423768,-0.0828198586922548,0.6,1.4185996782353871,0.7571345369831173,0.19648927377229453,0.19749432642253623,0.036320227650709906,-0.28356448,0.41457656,0.80289173,,0.82177633,0.5942855990161622,1,1.0,5.845677062573969,0.017713957268718383,0.34385574315181944,2,0.9996884735202493,3.955280478290126,0.11266509553684306,0.0037208623372879707,1816,0.43457943925233644,-0.11744774886545274,0.0494537535159416,0.4831829377530818,1635,0.4909657320872274,-0.017049331710659723,0.14468410640002688,1,1.9949108643769033,1.0590991181132312,5.845677062573969,1.0,0.017713957268718383,0.0,0.7313084112149533,0.2692748196263028,0.43457943925233644,0.5,0.5,0.20298753646762302,0.5942855990161622,4,2024-12-30,185,0.0,0.0,,,0.0,,,,forced_top2,,,,True,,,True,0.08695652173913437,-0.013043478260865632,-0.11304347826086564,utility_positive
2025-01-23,4429,リックソフト,0.0,-0.987654320987652,True,True,True,2025-01-22,2025-01-22,0.248447204968949,-1.3523737792270385,-0.6026271062826831,-0.14224754485862007,0.6,2.5710270041134975,0.24906600249066102,-0.5766538000709993,-0.27577897006759444,0.6999784733953102,0.861316,-0.861316,-0.9911478,-0.9533648,-0.8748894,0.5589478332096877,2,0.9996884735202493,3.850766198197066,0.017713957268718383,0.354096088181275,1,1.0,4.0461723821283195,0.11266509553684306,0.015155966237734648,1424,0.5566978193146417,0.11378048129832098,0.0494537535159416,0.6258709770775931,66,0.9797507788161994,0.9691546327386433,0.14468410640002688,2,0.11808921659903548,1.0590991181132312,3.850766198197066,0.9996884735202493,0.017713957268718383,1.0,0.8840342679127726,0.18916576548994385,0.5566978193146417,0.5,0.5,0.20298753646762302,0.5589478332096877,4,2024-12-30,185,4.0,4.0,1.0,0.048447204968949,1.0,-0.012512336031675786,1.0,2025-01-22,forced_top2,,,,True,,,True,-0.493827160493826,-0.593827160493826,-0.693827160493826,utility_positive
2025-01-24,3976,シャノン,1.0,3.488372093023262,True,True,True,2025-01-23,2025-01-23,-8.779443254817988,-2.7582826470128183,-0.7593188034519794,0.29253086167221587,0.4,2.487504262717861,-0.6382978723404209,-0.5690557946023753,0.08611566807720168,-0.31408967635784896,0.8639456,-1.0,-0.99231,0.78527063,-0.9834369,0.5685016658568821,1,1.0,4.605564950168864,0.01735281091356139,0.3711935245643584,1,1.0,4.485949039276632,0.11213127231746849,0.03198615700901665,821,0.7439900093662192,0.40716995861713273,0.045155973905378816,0.6406166326963996,17,0.9950046831095848,1.0823805894632859,0.1430096635599603,1,0.9522750911566836,0.8480585062467881,4.605564950168864,1.0,0.01735281091356139,0.0,0.9347486731189509,0.11015344508479316,0.7439900093662192,0.5,0.5,0.20799064292982927,0.5685016658568821,4,2024-12-30,185,0.0,0.0,,,0.0,,,,forced_top2,,,,True,,,True,1.744186046511631,1.644186046511631,1.544186046511631,utility_positive
2025-01-24,4429,リックソフト,1.0,1.750000000000007,True,True,True,2025-01-23,2025-01-23,-0.987654320987652,-0.6886606242858129,-0.62799445249537,-0.16667530807966977,0.6,2.572259206278215,0.3717472118959009,-0.5628741317838963,-0.25223849698380435,0.6994303709671362,0.8645371,-0.23010944,-0.9899438,-0.956226,-0.8787341,0.5519770162623457,2,0.999687792694349,3.65328985901218,0.01735281091356139,0.27206513883269495,5,0.9987511707773962,3.6019103256962772,0.11213127231746849,0.002833360862495718,1993,0.3780830471433032,-0.23843224249159714,0.045155973905378816,0.6155003786071628,160,0.9503590384014986,0.9067543173358349,0.1430096635599603,2,0.019770493198480146,0.8480585062467881,3.65328985901218,0.999687792694349,0.01735281091356139,1.0,0.8317202622541368,0.2626662796323243,0.3780830471433032,0.25,0.5,0.20799064292982927,0.5519770162623457,4,2024-12-30,185,5.0,5.0,1.0,-1.187654320987652,1.0,-0.006970816947341918,1.0,2025-01-23,forced_top2,,,,True,,,True,0.8750000000000036,0.7750000000000036,0.6750000000000036,utility_positive
2025-01-27,268A,リガク・ホールディングス,0.0,-1.8681318681318726,True,True,True,2025-01-24,2025-01-24,-0.9803921568627416,-0.4253881976585586,-0.08689374172895226,-0.26016870252037266,0.4,2.3493931703095083,-1.2903225806451646,0.0511452856017369,-0.16668536349629515,-0.14220508338869892,0.7654723,-0.7453361,-0.35208765,,-0.40983123,0.5975053829997959,1,1.0,6.3195917041893495,0.017345947908404713,0.3006845359992866,1,1.0,3.6223335170294018,0.11999893679880962,0.02286528559414262,1161,0.638854296388543,0.21779004290774365,0.05576599455187546,0.6055635570326076,259,0.9196762141967622,0.8258871097866092,0.144180141081713,1,3.2593200398315023,0.43184391823819945,6.3195917041893495,1.0,0.017345947908404713,0.0,0.8896326276463262,0.14845395100986783,0.638854296388543,0.5,0.5,0.1611429247139403,0.5975053829997959,4,2024-12-30,185,0.0,0.0,,,0.0,,,,forced_top2,,,,True,,,True,-0.9340659340659363,-1.0340659340659364,-1.1340659340659363,utility_positive
2025-01-27,6836,ぷらっとホーム,0.0,-2.447552447552448,True,True,True,2025-01-24,2025-01-24,1.0093727469358438,-0.25384871081792254,0.6580483145271421,0.7442561168648681,0.6,2.6588206465676643,-0.4664513814137017,-0.21716596524109005,-0.5455491864737901,0.1309223943981243,0.8377258,-0.7944921,0.7299378,0.17594786,0.51969206,0.5409693873720591,2,0.9996886674968867,3.060271664357847,0.017345947908404713,0.07666557125299561,33,0.9900373599003736,1.755492270578348,0.11999893679880962,0.006200887833285895,1752,0.4548567870485679,-0.08103718853981756,0.05576599455187546,0.6340231898953697,45,0.9863013698630136,1.0232765189607396,0.144180141081713,2,0.08892385402880437,0.43184391823819945,3.060271664357847,0.9996886674968867,0.017345947908404713,1.0,0.8577210460772104,0.2326450747935949,0.4548567870485679,0.25,0.25,0.1611429247139403,0.5409693873720591,4,2024-12-30,185,1.0,1.0,3.0,0.15816618911175268,0.0,-0.017773719244768893,3.0,2025-01-22,forced_top2,,,,True,,,True,-1.223776223776224,-1.323776223776224,-1.423776223776224,utility_positive
2025-01-28,265A,Ｈｍｃｏｍｍ,0.0,-2.470265324794141,True,True,True,2025-01-27,2025-01-27,-2.4042742653606397,-0.06045396695457646,0.3166383230203279,-0.715785695149808,0.4,3.4109129690730122,-0.5314437555358764,-0.187812820883963,0.9185720662494868,-0.009754370369885312,0.82557106,-0.43636903,0.032927915,,-0.8279442,0.5832256335084984,1,1.0,5.313325649906931,0.01763179612227267,0.18672474928778757,6,0.9984399375975039,2.78250222298243,0.10937909845814969,0.025997117882809433,950,0.7039001560062402,0.32322003682527356,0.05082059703676594,0.6088076473732537,241,0.9251170046801872,0.8474289795960638,0.1450315709469342,1,1.4807339535918727,1.2341669720309478,5.313325649906931,1.0,0.01763179612227267,0.0,0.9068642745709828,0.12102475055865491,0.7039001560062402,0.25,0.25,0.20200886571089738,0.5832256335084984,4,2024-12-30,185,0.0,0.0,,,0.0,,,,forced_top2,,,,True,,,True,-1.2351326623970704,-1.3351326623970705,-1.4351326623970704,utility_positive
2025-01-28,8066,三⾕商事,1.0,1.1657374556512945,True,True,True,2025-01-27,2025-01-27,-3.121951219512198,-0.371831269580567,0.9234349560462345,0.4166392543808501,0.85,1.712834744146316,-0.29182879377431803,-0.7446884030763516,-0.30893027906297876,-0.18442278945882037,0.62385046,-0.9673687,0.28804508,0.18219584,-0.38593888,0.5571176343274398,2,0.9996879875195008,3.8325916963150584,0.01763179612227267,0.15066780295388224,10,0.997191887675507,2.4528510662058784,0.10937909845814969,0.07313777472189185,31,0.9906396255850234,1.2508096282064751,0.05082059703676594,0.6036562163762681,285,0.9113884555382216,0.8119096029296521,0.1450315709469342,2,0.29789122057141865,1.2341669720309478,3.8325916963150584,0.9996879875195008,0.01763179612227267,1.0,0.9747269890795632,0.03671751946880117,0.9113884555382216,0.25,0.25,0.20200886571089738,0.5571176343274398,4,2024-12-30,185,0.0,0.0,,,0.0,,,,forced_top2,,,,True,,,True,0.5828687278256472,0.48286872782564727,0.38286872782564724,utility_positive
2025-01-29,8066,三⾕商事,0.0,-4.674291397314767,True,True,True,2025-01-28,2025-01-28,1.1657374556512945,-0.18687654953464694,0.9425777787244156,0.4360682119750383,0.85,1.7133205754121295,-0.654582074521648,-0.7514569668232024,-0.31983998030500616,-0.18584627676707696,0.682869,-0.95080024,0.25251928,0.28668842,-0.37107292,0.5467412996701516,1,1.0,3.4824271341931343,0.017502507462347994,0.11417721880532261,5,0.9987535057650359,2.189453524043957,0.1269784156888496,0.06518946652742727,94,0.9710190090370832,0.9990952806052984,0.0548030120158138,0.6062619498838306,273,0.915238392022437,0.8123153368046143,0.1446670634211522,1,0.47408928157850955,0.5885436584879302,3.4824271341931343,1.0,0.017502507462347994,0.0,0.971252726706139,0.034352433991948844,0.915238392022437,0.25,0.5,0.16358669166936513,0.5467412996701516,4,2024-12-30,185,1.0,1.0,1.0,0.9657374556512945,1.0,-0.010376334657288155,1.0,2025-01-28,forced_top2,,,,True,,,True,-2.3371456986573835,-2.4371456986573836,-2.5371456986573837,utility_positive
2025-01-29,5888,ＤＡＩＷＡ ＣＹＣＬＥ,1.0,1.58311345646438,True,True,True,2025-01-28,2025-01-28,-2.813299232736577,-1.5030499465725966,-0.2926967575221286,0.31971771630660106,0.35,3.399671407808007,1.558441558441559,-0.2880027182707179,0.3868568713417281,0.014763258244218315,0.8915234,-0.9792531,-0.9573207,0.9525645,-0.9685833,0.5384435484815046,2,0.999688376441259,3.0083378526146247,0.017502507462347994,0.16992180078755162,1,1.0,2.6284618521902665,0.1269784156888496,0.03352893630693516,793,0.7531941414770957,0.4213801321868824,0.0548030120158138,0.653339114311479,5,0.9987535057650359,1.137732631621736,0.1446670634211522,2,0.18402550204971785,0.5885436584879302,3.0083378526146247,0.999688376441259,0.017502507462347994,1.0,0.9379090059208477,0.10664616316984717,0.7531941414770957,0.5,0.75,0.16358669166936513,0.5384435484815046,4,2024-12-30,185,0.0,0.0,,,0.0,,,,forced_top2,,,,True,,,True,0.79155672823219,0.69155672823219,0.5915567282321901,utility_positive
2025-01-30,8066,三⾕商事,1.0,1.2506513809275699,True,True,True,2025-01-29,2025-01-29,-4.674291397314767,-1.1890425213052946,0.7369101236980447,0.3572711355101564,0.85,2.105338522016132,0.7515030060120331,-0.7915617750932895,-0.2993234544456154,-0.2377421577867907,0.76868325,-0.9762752,-0.50118625,0.051601425,-0.91992885,0.5669659504417185,1,1.0,4.607380826030488,0.017188267514296696,0.22312241541406147,3,0.9993759750390016,2.957769042838811,0.12430101355522936,0.06155988678434611,131,0.9594383775351014,0.9454132885186284,0.05153202850254639,0.6222028753610841,109,0.9663026521060842,0.919871474547474,0.1460551507698118,1,1.7622143576278413,0.4234667055603476,4.607380826030488,1.0,0.017188267514296696,0.0,0.9812792511700468,0.018569330441643064,0.9594383775351014,0.25,0.5,0.17679417287002655,0.5669659504417185,4,2024-12-30,185,2.0,2.0,1.0,-4.874291397314767,1.0,0.020224650771566877,1.0,2025-01-29,forced_top2,,,,True,,,True,0.6253256904637849,0.525325690463785,0.42532569046378493,utility_positive
2025-01-30,5851,リョービ,1.0,1.6659359929855233,True,True,True,2025-01-29,2025-01-29,-0.9083044982698962,-0.45770171098695317,0.14271262099504192,0.3584618478199103,0.65,1.7200874463937694,-0.3018542475204833,0.004279208523470546,-0.012347779568756352,0.17891335092074512,0.0047449586,-0.73250294,0.12514828,0.8013049,0.5379597,0.5366765386452766,2,0.9996879875195008,2.8451664684026463,0.017188267514296696,0.1294922889636577,12,0.9965678627145086,2.204515921465009,0.12430101355522936,0.059867902033124316,149,0.9538221528861155,0.9125796353443081,0.05153202850254639,0.5271971491491723,1111,0.6536661466458658,0.26939303738749804,0.1460551507698118,2,0.0013607340832871493,0.4234667055603476,2.8451664684026463,0.9996879875195008,0.017188267514296696,1.0,0.9009360374414976,0.1439068568121072,0.6536661466458658,0.25,0.25,0.17679417287002655,0.5366765386452766,4,2024-12-30,185,0.0,1.0,16.0,0.5441860465116302,0.0,-0.01542556330381828,16.0,2025-01-07,forced_top2,,,,True,,,True,0.8329679964927617,0.7329679964927617,0.6329679964927617,utility_positive
2025-01-31,7901,マツモト,0.0,-1.5503875968992276,True,True,True,2025-01-30,2025-01-30,-12.0,-0.2801409341354706,0.620893263147348,-0.3459367993950711,0.7,3.585574387939516,9.50854700854702,-0.03229867327001816,0.5969623365414104,-0.16763413298823354,0.90098417,-0.119594395,0.7614077,0.48434237,-0.35937965,0.5584162091850138,1,1.0,3.740660802724559,0.018947989044176605,0.3550555935684811,3,0.9993730407523511,3.7674681838094646,0.13501545599185139,-0.013280898219087033,2369,0.25768025078369905,-0.5302189253082733,0.049075594999428145,0.6298401771439807,55,0.9830721003134796,0.9674882099998979,0.14473771613341224,1,0.20934754261440922,1.0512259726188293,3.740660802724559,1.0,0.018947989044176605,0.0,0.8100313479623825,0.3189722565969842,0.25768025078369905,0.25,0.5,0.20269346494470072,0.5584162091850138,4,2024-12-30,185,0.0,0.0,,,0.0,,,,forced_top2,,,,True,,,True,-0.7751937984496138,-0.8751937984496138,-0.9751937984496137,utility_positive
2025-01-31,4319,ＴＡＣ,1.0,3.0000000000000027,True,True,True,2025-01-30,2025-01-30,-8.41121495327103,-1.4846204014548967,-0.08857354722603131,0.4011201811924433,0.55,2.5436952614138595,-0.46511627906976605,0.023558439546303322,0.02027578101973589,0.2145873687961525,0.7614077,-0.9469132,-0.4407993,0.81866986,-0.8568446,0.5544494942411307,2,0.9996865203761756,3.53131326011015,0.018947989044176605,0.1085647152228306,14,0.9959247648902821,1.9418188421479665,0.13501545599185139,0.052417145995465216,248,0.9225705329153605,0.8084921838554118,0.049075594999428145,0.6261276103376028,81,0.9749216300940439,0.9418379033240912,0.14473771613341224,2,0.1652965110001621,1.0512259726188293,3.53131326011015,0.9996865203761756,0.018947989044176605,1.0,0.9732758620689655,0.03075806653626591,0.9225705329153605,0.25,0.25,0.20269346494470072,0.5544494942411307,4,2024-12-30,185,0.0,0.0,,,0.0,,,,forced_top2,,,,True,,,True,1.5000000000000013,1.4000000000000012,1.3000000000000014,utility_positive
2025-02-03,5449,大阪製鐵,0.0,-1.5351812366737771,True,True,True,2025-01-31,2025-01-31,-12.995186967789707,-2.301055881248233,-1.125542703494824,-0.5202223174516969,0.45,3.3034164702116215,-0.8079324274697042,0.02923801010604845,-0.0009607009691498043,0.002854631624001375,0.90014946,-0.9874439,-0.99043345,-0.97369206,-0.8660688,0.5579208041071799,1,1.0,3.577777565913533,0.019137395179306238,0.2431495060555628,5,0.9987429289754871,3.1291997603858785,0.11995192560504693,0.04297583660411353,378,0.8815210559396606,0.6975879456548547,0.04479026359551026,0.6474958455937357,9,0.9974858579509742,1.0766570126235613,0.14980266533107356,1,0.18961883365986532,0.9886781058442984,3.577777565913533,1.0,0.019137395179306238,0.0,0.9694374607165306,0.050766342426951334,0.8815210559396606,0.25,0.5,0.1978936518785488,0.5579208041071799,4,2025-01-31,204,0.0,0.0,59.0,1.2778325123152803,0.0,0.008881993687013368,59.0,2024-11-05,forced_top2,,,,True,,,True,-0.7675906183368886,-0.8675906183368886,-0.9675906183368885,utility_positive
2025-02-03,8066,三⾕商事,0.0,-1.4285714285714235,True,True,True,2025-01-31,2025-01-31,0.6144393241167334,-0.9530828912262734,0.6233035244509599,0.36688480369233967,0.85,2.0607749007731617,0.514668039114774,-0.5554310599573004,-0.2802348959392331,-0.23703060508565857,0.6795217,-0.8941704,0.08699551,0.22571002,-0.528849,0.554291993553992,2,0.9996857322438718,3.388158732253668,0.019137395179306238,0.1973229210511004,11,0.9968573224387178,2.747158498661155,0.11995192560504693,0.07856222296968224,18,0.9946574481458202,1.492099598610071,0.04479026359551026,0.6070892601799122,292,0.9085480829666877,0.8069249265854229,0.14980266533107356,2,0.6618920769106769,0.9886781058442984,3.388158732253668,0.9996857322438718,0.019137395179306238,1.0,0.9749371464487744,0.03837116320669222,0.9085480829666877,0.25,0.25,0.1978936518785488,0.554291993553992,4,2025-01-31,204,3.0,3.0,2.0,1.05065138092757,0.0,-0.012673956887726545,2.0,2025-01-30,forced_top2,,,,True,,,True,-0.7142857142857117,-0.8142857142857117,-0.9142857142857117,utility_positive
2025-02-04,7067,ブランディングテクノロジー,1.0,0.5291005291005346,True,True,True,2025-02-03,2025-02-03,0.10593220338983578,0.02247852665151262,-0.6354972496594377,0.36580109737565025,0.3,1.2246659211228972,-0.21141649048626032,-1.8666395877882038,-0.23761883288219837,0.13193780783909198,-0.82850313,0.0071706004,-0.9988049,-0.3875112,-0.863161,0.5522875794467439,1,1.0,3.1413049183322106,0.019525590718348418,0.5013871221067971,1,1.0,5.061880422365642,0.1226995863095757,0.032829878087819446,618,0.8063402385436284,0.5259533548651725,0.04353818539480718,0.3704569317579084,2635,0.17325800376647837,-0.7586806257985981,0.15064893076691832,1,0.21017202120231754,0.38403453922894326,3.1413049183322106,1.0,0.019525590718348418,0.0,0.7448995605775267,0.3393749750531745,0.17325800376647837,0.5,0.5,0.21870259320155414,0.5522875794467439,4,2025-01-31,204,0.0,0.0,,,0.0,,,,forced_top2,,,,True,,,True,0.2645502645502673,0.1645502645502673,0.0645502645502673,utility_positive
2025-02-04,2736,フェスタリアホールディングス,1.0,0.12658227848101333,True,True,True,2025-02-03,2025-02-03,-1.8633540372670843,0.14328452312483586,1.2594350179008609,0.5059630592885388,0.6,4.594707266616642,0.0,-0.6661076033451163,-0.23192156562918415,0.162305567844883,0.18972214,0.25366,0.8482223,0.68509114,0.07559008,0.5481838465802994,2,0.9996861268047709,2.931132897129893,0.019525590718348418,0.18148759470170236,8,0.9978028876333961,2.454703519601063,0.1226995863095757,0.0643465474538302,41,0.9874450721908349,1.2498390446387697,0.04353818539480718,0.5638752090214161,695,0.7821720025109855,0.5252201379098509,0.15064893076691832,2,0.0866621098869581,0.38403453922894326,2.931132897129893,0.9996861268047709,0.019525590718348418,1.0,0.9417765222849968,0.09226550695219712,0.7821720025109855,0.25,0.25,0.21870259320155414,0.5481838465802994,4,2025-01-31,204,0.0,0.0,104.0,-0.9027406886858766,0.0,-0.0034422126756866733,104.0,2024-08-29,forced_top2,,,,True,,,True,0.06329113924050667,-0.03670886075949334,-0.13670886075949334,utility_positive
2025-02-05,7719,東京衡機,0.0,-2.1739130434782594,True,True,True,2025-02-04,2025-02-04,-15.315315315315313,-1.7155094327225484,-0.4147102392902364,-0.6330450300861313,0.5,3.9766369360732483,21.311475409836067,0.7654249118589258,0.6470726129150904,-0.7508500020362341,0.8448173,0.83702815,0.49430797,-0.51917315,-0.36069503,0.5529090761874228,1,1.0,3.0271826570328786,0.019389606211100974,0.6421848577622915,1,1.0,6.3567949191421835,0.11116473897316208,-0.13698978591455535,3177,0.004700720777185863,-2.851719974609779,0.04824214719647499,0.6123827713720268,241,0.9247884675650266,0.8356863258523844,0.1514880973405583,1,0.12102426920518854,0.4945557493560471,3.0271826570328786,1.0,0.019389606211100974,0.0,0.7323722970855532,0.4212419377162062,0.004700720777185863,0.5,0.5,0.27983111139514366,0.5529090761874228,4,2025-01-31,204,0.0,0.0,,,0.0,,,,forced_top2,,,,True,,,True,-1.0869565217391297,-1.1869565217391298,-1.2869565217391297,utility_positive
2025-02-05,9369,キユーソー流通システム,1.0,0.5392156862745079,True,True,True,2025-02-04,2025-02-04,-1.3487475915221592,-1.195748662888287,0.2659393738904865,0.2751096411247257,0.55,2.516670494305404,0.0,-0.7559494176298898,-0.13973910147666874,-0.04465299704189582,0.7855003,-0.9556621,-0.888556,0.2977831,-0.54403836,0.5505624632655479,2,0.9996866186148543,2.90615838782769,0.019389606211100974,0.18365420977213165,24,0.9927922281416484,2.2320099178401023,0.11116473897316208,0.04347080855500807,153,0.9523660294578502,0.8890047848957331,0.04824214719647499,0.6187046641269052,177,0.9448448762143529,0.8774182695883086,0.1514880973405583,2,0.09078801965004911,0.4945557493560471,2.90615838782769,0.9996866186148543,0.019389606211100974,1.0,0.9724224381071764,0.02408861418110741,0.9448448762143529,0.25,0.25,0.27983111139514366,0.5505624632655479,4,2025-01-31,204,0.0,0.0,,,0.0,,,,forced_top2,,,,True,,,True,0.26960784313725394,0.16960784313725394,0.06960784313725393,utility_positive
2025-02-06,4736,日本ラッド,0.0,-2.2471910112359605,True,True,True,2025-02-05,2025-02-05,-1.8427518427518441,-0.9895132757657411,-0.5944802256992228,0.3259261749852051,0.45,4.794261616969538,3.037974683544298,-0.37047220538467035,0.3562283666092849,0.4333501616231332,0.91306955,-0.13968825,-0.9820144,0.9304556,-0.77458036,0.5631228101966178,1,1.0,3.6294811198797334,0.019495394682486622,0.374608108203791,7,0.99812382739212,4.149695891435675,0.10983105864708098,-0.004950135509040577,1773,0.4459036898061288,-0.10717300154706183,0.04845638109664847,0.6404341227862737,16,0.9953095684803002,1.0316871375129073,0.15024790610626204,1,0.6760210198628879,0.5975792876212848,3.6294811198797334,1.0,0.019495394682486622,0.0,0.8598342714196372,0.238988762951369,0.4459036898061288,0.25,0.25,0.26837526264852546,0.5631228101966178,4,2025-01-31,204,0.0,0.0,,,0.0,,,,forced_top2,,,,True,,,True,-1.1235955056179803,-1.2235955056179804,-1.3235955056179802,utility_positive
2025-02-06,3663,セルシス,0.0,-0.37285607755406236,True,True,True,2025-02-05,2025-02-05,-6.3165365507452105,-2.1736174117302287,-0.26399620341814134,-0.05215136028272149,0.4,3.642381871252513,2.9970760233918092,0.17832619422789348,0.22931729729045283,0.14382715644563868,0.83633095,-0.95803356,-0.38848922,0.48681056,-0.17685851,0.5499435136007337,2,0.9996873045653534,2.9534601000168457,0.019495394682486622,0.27512669031857345,15,0.9956222639149468,3.243928259668779,0.10983105864708098,0.03711136517566095,273,0.9149468417761101,0.7608551039940421,0.04845638109664847,0.6346704713250724,44,0.9865540963101939,0.9933261938527342,0.15024790610626204,2,0.04436109433684057,0.5975792876212848,2.9534601000168457,0.9996873045653534,0.019495394682486622,1.0,0.974202626641651,0.03454010897781957,0.9149468417761101,0.25,0.25,0.26837526264852546,0.5499435136007337,4,2025-01-31,204,0.0,0.0,,,0.0,,,,forced_top2,,,,True,,,True,-0.18642803877703118,-0.28642803877703116,-0.3864280387770312,utility_positive
2025-02-07,205A,ロゴスホールディングス,0.0,-1.4026402640264002,True,True,True,2025-02-06,2025-02-06,1.342281879194629,0.040382558652756105,-0.27779073622510814,-0.08830862361207482,0.35,2.9081861963255595,-0.08382229673092878,-2.701752858954518,-0.7928648362824233,0.032775533671698755,0.8709484,-0.069327734,-1.0,-0.9957983,-0.95138055,0.5839086074323387,1,1.0,4.7950919572613335,0.01936885551458417,0.7078056417707581,2,0.999687597625742,7.113369426256207,0.11346903824386191,-0.025929929356566222,2310,0.27866291783817554,-0.47287454676963275,0.051864984534761474,0.6178741364700506,179,0.9443923773820682,0.8806716869355208,0.14916636561601454,1,1.2831989124482575,1.1902303973382535,4.7950919572613335,1.0,0.01936885551458417,0.0,0.8056857232114965,0.3051177390511898,0.27866291783817554,0.5,0.5,0.21412715061358142,0.5839086074323387,4,2025-01-31,204,0.0,0.0,89.0,-0.6194337644180312,0.0,0.01674701849579452,89.0,2024-09-26,forced_top2,,,,True,,,True,-0.7013201320132001,-0.8013201320132001,-0.9013201320132,utility_positive
2025-02-07,9369,キユーソー流通システム,1.0,1.566324033284383,True,True,True,2025-02-06,2025-02-06,-3.6075036075036038,-1.675654347158721,-0.07912067992228425,0.22137307527284913,0.5,2.5913090291115117,1.3651877133105783,-0.7314865506611667,-0.14828887279546485,-0.06325153115847516,0.7484994,-0.97659063,-0.96938777,0.038415365,-0.877551,0.5590545131006569,2,0.999687597625742,3.511893044813076,0.01936885551458417,0.2991630853702187,4,0.9990627928772259,3.512012062828964,0.11346903824386191,0.028583231933713996,579,0.8194314276788504,0.5781845016283063,0.051864984534761474,0.6200549738119248,166,0.9484536082474226,0.8952918550469305,0.14916636561601454,2,0.006028618964553792,1.1902303973382535,3.511893044813076,0.999687597625742,0.01936885551458417,1.0,0.9416588566073103,0.07356673792512701,0.8194314276788504,0.25,0.5,0.21412715061358142,0.5590545131006569,4,2025-01-31,204,1.0,1.0,2.0,0.3392156862745079,0.0,0.008492049835108983,2.0,2025-02-05,forced_top2,,,,True,,,True,0.7831620166421915,0.6831620166421916,0.5831620166421916,utility_positive
2025-02-10,205A,ロゴスホールディングス,1.0,2.3470243084660503,True,True,True,2025-02-07,2025-02-07,-1.4026402640264002,0.05615080214377279,-0.4691993451711086,-0.08181738309017321,0.3,2.846216140866422,0.3311258278145601,-2.6724631210442658,-0.7993797668296778,0.034966172151296236,0.8541854,-0.056705672,-0.99939996,-0.9969997,-0.9429943,0.5888444734945036,1,1.0,5.221128350107032,0.018648248698307723,0.7427580108692104,1,1.0,7.116048819836046,0.12031110096257892,-0.001203610842995001,1870,0.41648454573837024,-0.16286195235921552,0.0466022839519779,0.6126728042379702,248,0.9228847955042148,0.8402074277719399,0.14717575896632207,1,1.5411875020295425,0.9460692980372593,5.221128350107032,1.0,0.018648248698307723,0.0,0.8348423353106462,0.2435820309998353,0.41648454573837024,0.5,0.5,0.20825994899522524,0.5888444734945036,4,2025-01-31,204,1.0,1.0,1.0,-1.6026402640264001,1.0,0.004935866062164895,1.0,2025-02-07,forced_top2,,,,True,,,True,1.1735121542330251,1.073512154233025,0.9735121542330252,utility_positive
2025-02-10,6787,メイコー,1.0,0.6053268765133124,True,True,True,2025-02-07,2025-02-07,-7.692307692307687,-1.8472226650006227,-0.10578827474058632,0.22444489589922068,0.6,2.651328825378697,5.125284738040992,0.09102317704779225,0.006715633440660943,-0.2935754973420246,0.84638464,-0.91059107,-0.3957396,0.63036305,-0.7029703,0.5601040256659331,2,0.999687792694349,3.679940848077489,0.018648248698307723,0.30299765687324043,4,0.9990633780830471,3.4608553216670677,0.12031110096257892,0.036929623063892046,424,0.8679363097096472,0.6554076832273594,0.0466022839519779,0.6310020153081644,58,0.9822041835778957,0.9647470340150331,0.14717575896632207,2,0.24722776846301636,0.9460692980372593,3.679940848077489,0.999687792694349,0.018648248698307723,1.0,0.9622229160162348,0.05488636399868978,0.8679363097096472,0.25,0.5,0.20825994899522524,0.5601040256659331,4,2025-01-31,204,0.0,0.0,,,0.0,,,,forced_top2,,,,True,,,True,0.3026634382566562,0.2026634382566562,0.10266343825665619,utility_positive
2025-02-12,205A,ロゴスホールディングス,1.0,0.7358953393295176,True,True,True,2025-02-10,2025-02-10,2.3470243084660503,0.3573470851994708,-0.31851479641447256,-0.06442315772435331,0.35,2.9141757501240417,-0.16736401673640433,-2.666290399571156,-0.8272604079845302,0.03170289058048196,0.82030547,0.11111111,-0.99940103,-0.9976041,-0.92812216,0.5788947227440062,1,1.0,4.860499573627006,0.018544594058907127,0.6783096427524006,1,1.0,6.328662623720122,0.12855374842531403,-0.028395618390507287,2482,0.22565543071161054,-0.6629055947052548,0.053933163723351656,0.6110909506166712,260,0.9191635455680399,0.8436834409545938,0.14627523106566398,1,1.2412509134567276,1.0208967005974776,4.860499573627006,1.0,0.018544594058907127,0.0,0.7862047440699126,0.3253115424169213,0.22565543071161054,0.5,0.5,0.15561498899497012,0.5788947227440062,4,2025-01-31,204,2.0,2.0,1.0,2.14702430846605,1.0,-0.009949750750497421,1.0,2025-02-10,forced_top2,,,,True,,,True,0.3679476696647588,0.2679476696647588,0.16794766966475877,utility_positive
2025-02-12,3131,シンデン・ハイテックス,1.0,2.441150828247607,True,True,True,2025-02-10,2025-02-10,-13.340891912320485,-2.7803873483752106,-0.7436573158336064,-0.3160211417336422,0.55,3.0481053115339445,1.926040061633283,0.1505874727794504,0.24027901939404553,-0.39783933205365024,0.4818808,-0.98562443,-0.9514825,-0.5387841,-0.93650794,0.5558762284287035,2,0.9996878901373284,3.6192486601702787,0.018544594058907127,0.26239752198395744,4,0.9990636704119851,3.0933456775940757,0.12855374842531403,0.08154560082980244,23,0.9931335830212235,1.3755659435907277,0.053933163723351656,0.5815788527607708,580,0.8192883895131087,0.6419261260565426,0.14627523106566398,2,0.2219122618650406,1.0208967005974776,3.6192486601702787,0.9996878901373284,0.018544594058907127,1.0,0.9527933832709115,0.07712157499773954,0.8192883895131087,0.25,0.5,0.15561498899497012,0.5558762284287035,4,2025-01-31,204,0.0,0.0,,,0.0,,,,forced_top2,,,,True,,,True,1.2205754141238034,1.1205754141238033,1.0205754141238035,utility_positive
2025-02-13,205A,ロゴスホールディングス,1.0,0.7371007371007376,True,True,True,2025-02-12,2025-02-12,0.7358953393295176,0.48784558592609206,-0.17243041196165776,-0.11829580153976095,0.4,2.888764333133003,0.16380016380015405,-2.6476138141999406,-0.8348823721282334,0.02285051137132556,0.78903204,0.29487565,-0.9994007,-0.99820197,-0.85016483,0.5809789913976752,1,1.0,4.794019066834517,0.019116314885939734,0.6638729792760051,1,1.0,6.559463682617002,0.12289254681040757,0.00020395600039916398,1851,0.42259675405742825,-0.15035421690668427,0.05329388651567808,0.6149212810609074,211,0.9344569288389513,0.8469980239044173,0.14945851216226308,1,0.4670496561831834,1.9140437912749704,4.794019066834517,1.0,0.019116314885939734,0.0,0.839263420724095,0.2420461789271641,0.42259675405742825,0.5,0.5,0.16771285008843909,0.5809789913976752,4,2025-01-31,204,3.0,3.0,1.0,0.5358953393295176,1.0,0.0020842686536689525,1.0,2025-02-12,forced_top2,,,,True,,,True,0.3685503685503688,0.26855036855036885,0.1685503685503688,utility_positive
2025-02-13,3405,クラレ,1.0,2.188417400587128,True,True,True,2025-02-12,2025-02-12,-15.607328658674513,-2.761607973930038,-0.8253260740946426,-0.2672798702166429,0.5,3.6383585970352397,0.7750170959653468,0.030217607776923484,0.10013047851229878,0.06314238639533241,0.7398861,-0.99340725,-0.98142046,-0.7656578,-0.99041057,0.5720507231027075,2,0.9996878901373284,4.326969410651334,0.019116314885939734,0.30534116599613526,3,0.9993757802746567,3.64202220560868,0.12289254681040757,0.08070595678978464,22,0.9934456928838952,1.3601755277330365,0.05329388651567808,0.6373655262046053,36,0.9890761548064919,0.9971684278445475,0.14945851216226308,2,0.2720016147686396,1.9140437912749704,4.326969410651334,0.9996878901373284,0.019116314885939734,1.0,0.995396379525593,0.004415968538336772,0.9890761548064919,0.25,0.5,0.16771285008843909,0.5720507231027075,4,2025-01-31,204,0.0,0.0,,,0.0,,,,forced_top2,,,,True,,,True,1.094208700293564,0.9942087002935641,0.8942087002935641,utility_positive
2025-02-14,9517,イーレックス,0.0,-0.2515723270440251,True,True,True,2025-02-13,2025-02-13,-8.675799086757996,-1.1392906810295014,0.34109109332942644,0.20980305649145806,0.65,2.735532599794156,5.4151624548736566,0.20408782159773492,0.1364106918739777,-0.2148869501007124,0.64585835,-0.72869146,0.635054,0.7773109,-0.44717887,0.554065541551995,1,1.0,3.435872805165072,0.019233294597654438,0.24941483416689875,6,0.9984286612193589,3.1942010113040635,0.1262789483682379,0.046664037661868565,378,0.8815210559396606,0.74460574429799,0.052727679983687686,0.6070642566383728,300,0.9060339409176619,0.795049406376602,0.1485145355734407,1,0.16978387725922514,0.794066028223564,3.435872805165072,1.0,0.019233294597654438,0.0,0.9464959145191704,0.05342892685175872,0.8815210559396606,0.25,0.25,0.16957716419189336,0.554065541551995,4,2025-01-31,204,0.0,0.0,,,0.0,,,,forced_top2,,,,True,,,True,-0.12578616352201255,-0.22578616352201256,-0.32578616352201256,utility_positive
2025-02-14,205A,ロゴスホールディングス,0.0,-3.620273531777951,True,True,True,2025-02-13,2025-02-13,0.7371007371007376,0.7519324000129067,-0.13557537510662088,-0.0899043466777179,0.45,2.8957734796601655,-0.8928571428571397,-1.6179120215791531,-0.8653132255552701,0.025816399281818427,0.7412965,0.32953182,-0.9981993,-0.9981993,-0.69687873,0.5508000382227363,2,0.9996857322438718,3.266088927905847,0.019233294597654438,0.31981249559180874,4,0.9990571967316153,3.7516784240841075,0.1262789483682379,0.004292692835548675,1694,0.46794468887492147,-0.058982519768023725,0.052727679983687686,0.6122710788886755,241,0.9245757385292269,0.8301087507713996,0.1485145355734407,2,0.03773479223383691,0.794066028223564,3.266088927905847,0.9996857322438718,0.019233294597654438,1.0,0.8478158390949089,0.22143429366038497,0.46794468887492147,0.25,0.5,0.16957716419189336,0.5508000382227363,4,2025-01-31,204,4.0,4.0,1.0,0.5371007371007377,1.0,-0.030178953174938905,1.0,2025-02-13,forced_top2,,,,True,,,True,-1.8101367658889755,-1.9101367658889756,-2.0101367658889755,utility_positive
2025-02-17,3928,マイネット,0.0,-0.35335689045936647,True,True,True,2025-02-14,2025-02-14,-22.47191011235955,-3.2566996669305732,-0.6637717699695862,-0.40461440664183784,0.45,5.47462529669235,0.0,0.3020112703981864,0.1202401143523048,-0.05465845163590061,0.89432603,-0.9933954,-0.94115883,-0.94476134,-0.9876914,0.5788440029150147,1,1.0,4.5076341058237785,0.019544045609063698,0.266094441924737,10,0.9971518987341772,3.3433366954298074,0.12281968244908081,0.008714391345619858,1662,0.4743670886075949,-0.04255003064541132,0.04749900569608464,0.6431845009246349,18,0.9946202531645569,1.0527380704871168,0.1478267583856408,1,0.289466645757556,1.675193575992914,4.5076341058237785,1.0,0.019544045609063698,0.0,0.8665348101265822,0.2264261376607723,0.4743670886075949,0.25,0.25,0.20425494998946817,0.5788440029150147,4,2025-01-31,204,0.0,0.0,,,0.0,,,,forced_top2,,,,True,,,True,-0.17667844522968323,-0.2766784452296832,-0.37667844522968325,utility_positive
2025-02-17,7793,イメージ・マジック,0.0,-1.2913640032284124,True,True,True,2025-02-14,2025-02-14,-14.414414414414411,-2.348287738896248,-0.43746950699235293,-0.1740996358844559,0.55,4.096290340538912,0.9090909090909038,-0.2144160216379803,-0.07544019523937613,-0.11942550779014202,0.65716,-0.9561693,-0.9705794,-0.9231462,-0.9519664,0.5731866535880263,2,0.9996835443037975,4.218167460066222,0.019544045609063698,0.31001769096469867,5,0.9987341772151899,3.7009605563950196,0.12281968244908081,0.09096834231782823,16,0.995253164556962,1.68914834423212,0.04749900569608464,0.6282611435119612,78,0.975632911392405,0.9517864053376814,0.1478267583856408,2,0.9164092089323698,1.675193575992914,4.218167460066222,0.9996835443037975,0.019544045609063698,1.0,0.9923259493670886,0.009777853713851488,0.975632911392405,0.25,0.5,0.20425494998946817,0.5731866535880263,4,2025-01-31,204,0.0,0.0,,,0.0,,,,forced_top2,,,,True,,,True,-0.6456820016142062,-0.7456820016142062,-0.8456820016142061,utility_positive
2025-02-18,8914,エリアリンク,1.0,4.271356783919589,True,True,True,2025-02-17,2025-02-17,-7.864122847836208,-2.4530822841013094,-0.431450899367953,0.07113084159774224,0.55,2.908972749925606,0.5615348619560034,-0.12397893484249187,0.0475186961073917,-0.19284453722002212,0.75486964,-0.9430626,-0.9400659,0.20347618,-0.93287385,0.5579961884919046,1,1.0,3.4923055716515594,0.019419768629514833,0.24265115846353147,20,0.9939720812182741,3.029064917104889,0.12546155857982222,0.06844447411674344,73,0.9771573604060914,1.2270823722880304,0.05079435018884121,0.6268019833222709,88,0.9723984771573604,0.9309370609576403,0.14859822627250818,1,0.15865493840922354,0.5045209726906416,3.4923055716515594,1.0,0.019419768629514833,0.0,0.9858819796954315,0.011431229837688118,0.9723984771573604,0.25,0.25,0.1953554217934298,0.5579961884919046,4,2025-01-31,204,0.0,0.0,,,0.0,,,,forced_top2,,,,True,,,True,2.1356783919597944,2.0356783919597943,1.9356783919597944,utility_positive
2025-02-18,4840,トライアイズ,0.0,-3.857566765578635,True,True,True,2025-02-17,2025-02-17,-5.982905982905984,-0.7274926511529148,0.697397588216394,0.6197027547897069,0.65,2.5352009846087515,0.0,-0.19928935729701835,-0.3791256611794234,-0.11017053021789637,0.45639795,-0.8555589,0.5660773,0.60922986,0.03206473,0.5549151462960675,2,0.9996827411167513,3.333650633242336,0.019419768629514833,0.13572133781230208,43,0.9866751269035533,2.176773411550241,0.12546155857982222,0.08068329871137556,21,0.9936548223350253,1.4680309137917824,0.05079435018884121,0.592309260511942,450,0.8575507614213198,0.6988163709900891,0.14859822627250818,2,0.1889076915718921,0.5045209726906416,3.333650633242336,0.9996827411167513,0.019419768629514833,1.0,0.9593908629441623,0.058977308555498806,0.8575507614213198,0.25,0.25,0.1953554217934298,0.5549151462960675,4,2025-01-31,204,0.0,0.0,,,0.0,,,,forced_top2,,,,True,,,True,-1.9287833827893175,-2.0287833827893174,-2.1287833827893174,utility_positive
2025-02-19,7746,岡本硝子,0.0,-2.777777777777779,True,True,True,2025-02-18,2025-02-18,-3.2258064516129004,0.2787694403628148,0.666783418727176,1.3249824501352119,0.5,3.99147430754762,-1.0638297872340385,-0.8715899963690138,-0.32304850317214767,-0.08182343105171028,0.86047906,-0.7979042,-0.8233533,0.96167666,-0.5748503,0.5581467548998699,1,1.0,3.5508296499847014,0.019237526871994926,0.029482755275764376,120,0.962246192893401,1.4032458755329167,0.11797620352818418,0.05534661545262795,168,0.9470177664974619,1.019113676378422,0.04842302330846038,0.658456213614855,1,1.0,1.1421433517199877,0.1495790419827332,1,0.16216098241758795,0.9421167042508538,3.5508296499847014,1.0,0.019237526871994926,0.0,0.9773159898477157,0.023314211071812026,0.9470177664974619,0.5,0.5,0.2189795308806566,0.5581467548998699,4,2025-01-31,204,0.0,0.0,,,0.0,,,,forced_top2,,,,True,,,True,-1.3888888888888895,-1.4888888888888896,-1.5888888888888895,utility_positive
2025-02-19,4840,トライアイズ,0.0,-1.5060240963855387,True,True,True,2025-02-18,2025-02-18,-3.857566765578635,-1.905982748454689,0.4876273580455709,0.5496027744342443,0.6,2.7324173091527655,2.1212121212121238,-0.010172272831096563,-0.3265307465155431,-0.18770384854899416,0.6467066,-0.90598804,0.5727545,0.5494012,-0.21766467,0.5550271786430224,2,0.9996827411167513,3.388668667567113,0.019237526871994926,0.24933149522506048,4,0.9990482233502538,3.266746593258376,0.11797620352818418,0.05808182046324569,139,0.9562182741116751,1.0755993070503065,0.04842302330846038,0.6177147409412286,174,0.9451142131979695,0.8697691465266598,0.1495790419827332,2,0.13903017703397658,0.9421167042508538,3.388668667567113,0.9996827411167513,0.019237526871994926,1.0,0.9750158629441625,0.024665092889186817,0.9451142131979695,0.25,0.5,0.2189795308806566,0.5550271786430224,4,2025-01-31,204,1.0,1.0,1.0,-4.057566765578635,1.0,0.00011203234695489339,1.0,2025-02-18,forced_top2,,,,True,,,True,-0.7530120481927693,-0.8530120481927693,-0.9530120481927693,utility_positive
2025-02-20,7746,岡本硝子,1.0,1.1494252873563315,True,True,True,2025-02-19,2025-02-19,-2.777777777777779,0.12522393505851478,0.890588830356422,1.2926917560798117,0.5,3.6334099989903668,0.0,-0.89763166303568,-0.32304850317214767,-0.08212071988131334,0.84109914,-0.9396655,-0.59438473,0.96117085,-0.7102748,0.5565523533386015,1,1.0,3.4058409862877244,0.019360406774142747,0.045609610420633585,86,0.9730586370839936,1.5405761873511143,0.1151140009979566,0.05816449068660073,128,0.9597464342313787,1.0740250756994483,0.045265479731656906,0.6515895813942927,5,0.9987321711568938,1.1289191179330236,0.1462841219015118,1,0.17399723315749585,0.7754906157606882,3.4058409862877244,1.0,0.019360406774142747,0.0,0.9828843106180666,0.017146476976049443,0.9597464342313787,0.25,0.5,0.24617334537035573,0.5565523533386015,4,2025-01-31,204,1.0,1.0,1.0,-2.977777777777779,1.0,-0.0015944015612683327,1.0,2025-02-19,forced_top2,,,,True,,,True,0.5747126436781658,0.4747126436781658,0.37471264367816576,utility_positive
2025-02-20,8914,エリアリンク,1.0,0.653923541247492,True,True,True,2025-02-19,2025-02-19,-4.240963855421686,-2.5217009388226157,-0.44335407173500396,0.08764564875378986,0.55,3.2177980540966358,0.0,-0.10321569288803453,0.0827480579345671,-0.18467111805515202,0.8572282,-0.94265234,-0.9271207,0.41756272,-0.8172043,0.5531836961270971,2,0.9996830427892235,3.2318437531302284,0.019360406774142747,0.24098989284887856,5,0.9987321711568938,3.2378526327394836,0.1151140009979566,0.04930823844568592,231,0.9270998415213946,0.8783737251909263,0.045265479731656906,0.6363092107965524,40,0.9876386687797147,1.024462322491971,0.1462841219015118,2,0.08592081069018345,0.7754906157606882,3.2318437531302284,0.9996830427892235,0.019360406774142747,1.0,0.9782884310618066,0.029930647188795352,0.9270998415213946,0.25,0.5,0.24617334537035573,0.5531836961270971,4,2025-01-31,204,1.0,1.0,2.0,4.0713567839195886,0.0,-0.004812492364807519,2.0,2025-02-18,forced_top2,,,,True,,,True,0.326961770623746,0.22696177062374598,0.12696177062374597,utility_positive
2025-02-21,4971,メック,1.0,0.6144393241167334,True,True,True,2025-02-20,2025-02-20,-1.0943396226415048,-1.8672181657671971,-0.5870386227756053,-0.08198205655931098,0.5,2.1310827105879357,-1.851851851851849,-0.8030583298347971,-0.2108184954878528,0.2346992700489006,0.7783089,-0.98984164,-0.99223185,-0.90976995,-0.9366597,0.5527721450340712,1,1.0,3.0802287888567377,0.0192908612114841,0.26815308972856217,4,0.9990436722983742,3.390454246487999,0.11036375360332407,0.0035788165627840883,1759,0.4395919668473064,-0.126313682422711,0.04131001638982092,0.6283940580863926,66,0.9792795664647753,0.966831588341871,0.14724102105010595,1,0.000994513925428912,0.5896853980642974,3.0802287888567377,1.0,0.0192908612114841,0.0,0.8544788014026139,0.23967777201158622,0.4395919668473064,0.25,0.5,0.3079463984288057,0.5527721450340712,4,2025-01-31,204,0.0,0.0,,,0.0,,,,forced_top2,,,,True,,,True,0.3072196620583667,0.2072196620583667,0.1072196620583667,utility_positive
2025-02-21,4840,トライアイズ,0.0,-3.459119496855345,True,True,True,2025-02-20,2025-02-20,-3.6474164133738607,-2.998782651648804,-0.2840140383033264,0.42911002314701996,0.5,2.3805952396864387,0.6116207951070374,0.012371860885246888,-0.26402268771727117,-0.24760807582677433,0.6486406,-0.91455036,-0.7209441,0.4412907,-0.4783388,0.5527529600039629,2,0.999681224099458,3.0792342749313084,0.0192908612114841,0.25621201424907264,5,0.9987248963978324,3.2822568076585004,0.11036375360332407,0.07505885616237515,25,0.992349378386994,1.6040182284889546,0.04131001638982092,0.6127650979522582,209,0.9336946126872808,0.8606861675707403,0.14724102105010595,2,0.08916887836840134,0.5896853980642974,3.0792342749313084,0.999681224099458,0.0192908612114841,1.0,0.9811125278928914,0.027521434803798324,0.9336946126872808,0.25,0.5,0.3079463984288057,0.5527529600039629,4,2025-01-31,204,2.0,2.0,2.0,-1.7060240963855386,0.0,-0.002274218639059522,2.0,2025-02-19,forced_top2,,,,True,,,True,-1.7295597484276726,-1.8295597484276727,-1.9295597484276725,utility_positive
2025-02-25,274A,ガーデン,0.0,-0.0366300366300365,True,True,True,2025-02-21,2025-02-21,-1.4388489208633115,-2.1367757711697033,0.16731334971768044,0.19337854769540624,0.55,2.637152858663974,0.0,0.27243803106326914,-0.3132557405613217,-0.14183471709823298,0.6705461,-0.94568783,0.6263802,,-0.16980006,0.6299125366764609,1,1.0,7.309742242148705,0.01889761034029558,0.5177032793581942,2,0.9996794871794872,5.58006286574491,0.11263636572470048,0.060185374639396105,74,0.9766025641025641,1.2504630535479353,0.042344184151303796,0.6070756650101684,246,0.921474358974359,0.8597549118696984,0.14291402382465207,1,4.02583093370242,0.6980875901535877,7.309742242148705,1.0,0.01889761034029558,0.0,0.9744391025641026,0.03201710918640491,0.921474358974359,0.5,0.5,0.2733015043697201,0.6299125366764609,4,2025-01-31,204,0.0,0.0,,,0.0,,,,forced_top2,,,,True,,,True,-0.01831501831501825,-0.11831501831501826,-0.21831501831501826,utility_positive
2025-02-25,3649,ファインデックス,0.0,-0.7042253521126751,True,True,True,2025-02-21,2025-02-21,-4.533333333333333,-2.6434182252214873,-0.6387908822965316,-0.1696036927226535,0.55,2.0135232418803906,0.40160642570281624,-0.4153531213318046,-0.00677797941347944,-0.028417461616159878,0.79826915,-0.9677708,-0.9767234,-0.7791045,-0.9504625,0.5538339523954442,2,0.9996794871794872,3.2839113084462843,0.01889761034029558,0.2812453394779424,5,0.9987179487179487,3.480759160774625,0.11263636572470048,0.04887325225413321,166,0.9471153846153846,0.9833160388636392,0.042344184151303796,0.6298855116315095,45,0.985897435897436,1.019360288661325,0.14291402382465207,2,0.029873651748435814,0.6980875901535877,3.2839113084462843,0.9996794871794872,0.01889761034029558,1.0,0.982852564102564,0.021338187664237444,0.9471153846153846,0.25,0.5,0.2733015043697201,0.5538339523954442,4,2025-01-31,204,0.0,0.0,,,0.0,,,,forced_top2,,,,True,,,True,-0.35211267605633756,-0.45211267605633754,-0.5521126760563375,utility_positive
2025-02-26,7746,岡本硝子,0.0,-1.7241379310344862,True,True,True,2025-02-25,2025-02-25,-1.1627906976744207,-1.2033899279417528,0.13542495855384534,1.3062391965856512,0.4,2.970587553728404,-1.7142857142857126,-0.9884539371334935,-0.38461904047797907,-0.07717166922134237,0.8190985,-0.9584816,-0.94958484,0.96144724,-0.930605,0.5626412599080817,1,1.0,3.823849110330218,0.01870000908356434,0.18238148648988034,7,0.998081228014071,2.5002119201192596,0.11901490798828955,0.045651219045323634,214,0.9318835944995203,0.9051248131053807,0.04101555583935659,0.6511911065962509,3,0.9993604093380236,1.1924961431393897,0.1402146556499178,1,0.2232136122585512,1.226228435545447,3.823849110330218,1.0,0.01870000908356434,0.0,0.9823313079629038,0.02913419274344004,0.9318835944995203,0.25,0.5,0.24400635989694178,0.5626412599080817,4,2025-01-31,204,2.0,2.0,3.0,0.9494252873563316,0.0,0.006088906569480135,3.0,2025-02-20,forced_top2,,,,True,,,True,-0.8620689655172431,-0.9620689655172431,-1.062068965517243,utility_positive
2025-02-26,6185,ＳＭＮ,0.0,-0.5025125628140725,True,True,True,2025-02-25,2025-02-25,1.7948717948717885,-1.196316502693333,0.6671785356560782,0.8202939053130515,0.55,2.5072345187422926,0.25706940874035134,-0.9050734479712486,-0.3421652310858182,0.1963503377504966,0.6743772,-0.7544484,-0.7164887,0.8558719,-0.5216489,0.5584671633312716,2,0.9996802046690119,3.6006354980716666,0.01870000908356434,0.2236664960734051,1,1.0,2.8471013164257037,0.11901490798828955,0.035389300098018196,473,0.8490566037735849,0.6549290340332223,0.04101555583935659,0.61080969076823,188,0.9401982731052126,0.9044990315618128,0.1402146556499178,2,0.608144871025762,1.226228435545447,3.6006354980716666,0.9996802046690119,0.01870000908356434,1.0,0.9472337703869524,0.061691080641186544,0.8490566037735849,0.5,0.5,0.24400635989694178,0.5584671633312716,4,2025-01-31,204,0.0,0.0,,,0.0,,,,forced_top2,,,,True,,,True,-0.25125628140703626,-0.35125628140703624,-0.4512562814070363,utility_positive
2025-02-27,7746,岡本硝子,0.0,-0.588235294117645,True,True,True,2025-02-26,2025-02-26,-1.7241379310344862,-0.90305622382607,0.09872301249717057,1.2775035644017432,0.4,2.9896985163341068,2.35294117647058,-0.797636146602647,-0.35952764798878006,-0.08128269448433992,0.81478184,-0.68506974,-0.9180766,0.96319383,-0.5360641,0.5652211970350263,1,1.0,3.45036825259971,0.020310570751041812,0.27087447867521,9,0.9974268253457703,3.1959135473789395,0.11061489855491657,0.042613901315496486,263,0.9157285300739788,0.8058024519050248,0.040924429608922744,0.650912432878117,2,0.9996783531682213,1.1988098620712282,0.13939139192774214,1,0.2855079309571752,0.7830047316270298,3.45036825259971,1.0,0.020310570751041812,0.0,0.9782084271469926,0.03608640581419179,0.9157285300739788,0.5,0.5,0.3523821110252898,0.5652211970350263,4,2025-01-31,204,3.0,3.0,1.0,-1.9241379310344862,1.0,0.002579937126944598,1.0,2025-02-26,forced_top2,,,,True,,,True,-0.2941176470588225,-0.39411764705882246,-0.4941176470588225,utility_positive
2025-02-27,3359,ｃｏｔｔａ,0.0,0.0,True,True,True,2025-02-26,2025-02-26,-4.793028322440085,-1.7123917345372597,-0.06167998493554925,0.20819898283137298,0.65,1.9860121272457711,0.0,-0.3931484850365929,-0.06690650031113836,0.033008253587497954,0.5197388,-0.9566637,-0.77678835,0.49539924,-0.8521817,0.559422368003337,2,0.9996783531682213,3.1648603216425353,0.020310570751041812,0.23388570899469813,12,0.9964618848504342,2.861521253359448,0.11061489855491657,0.053650949096167216,91,0.9710517851399164,1.075495832757041,0.040924429608922744,0.5828636972902491,438,0.8594403345127051,0.7106252285241077,0.13939139192774214,2,0.19289942246029734,0.7830047316270298,3.1648603216425353,0.9996783531682213,0.020310570751041812,1.0,0.9566580894178192,0.057213537666637046,0.8594403345127051,0.25,0.25,0.3523821110252898,0.559422368003337,4,2025-01-31,204,0.0,0.0,,,0.0,,,,forced_top2,,,,True,,,True,0.0,-0.1,-0.2,utility_positive
2025-02-28,2175,エス・エム・エス,0.0,-3.2312211498111587,True,True,True,2025-02-27,2025-02-27,0.25062656641603454,-0.33983194295714503,0.21691495368160613,0.07215781452236003,0.5,2.842519396818156,-0.24999999999999467,-1.8338758512160047,-0.5268241475927212,0.007719332705572177,0.79351383,-0.760488,-0.9958346,-0.9785778,-0.6994942,0.566180832102712,1,1.0,3.5781339550319355,0.020522792231043696,0.3959214497208468,3,0.9993527508090615,4.238160166522541,0.1157362381739527,0.03356476903093871,434,0.8598705501618122,0.6479698417908336,0.04349303088007721,0.6229865913940271,53,0.9831715210355987,1.0126319807795914,0.13653857212592552,1,0.21469455953908556,0.9078121922174439,3.5781339550319355,1.0,0.020522792231043696,0.0,0.9605987055016182,0.05854492146021457,0.8598705501618122,0.25,0.5,0.2927231493882639,0.566180832102712,4,2025-01-31,204,0.0,0.0,,,0.0,,,,forced_top2,,,,True,,,True,-1.6156105749055794,-1.7156105749055794,-1.8156105749055793,utility_positive
2025-02-28,9159,Ｗ ＴＯＫＹＯ,0.0,-2.4365482233502544,True,True,True,2025-02-27,2025-02-27,-5.531711969480213,-1.427830621918266,0.6415258990124133,0.17834158522608962,0.65,3.6355941713608715,6.500761808024369,-0.09992848338316813,-0.18605760728765938,-0.22070395577314858,0.6756918,-0.6840226,0.7601904,-0.3121095,0.24903302,0.5617747002641559,2,0.9996763754045307,3.36343939549285,0.020522792231043696,0.38574093305322077,4,0.9990291262135922,4.150197080558709,0.1157362381739527,0.04867350185379247,156,0.9498381877022654,0.9953526872060653,0.04349303088007721,0.6218147425717964,57,0.9818770226537217,1.0040494329765426,0.13653857212592552,2,0.20898812211382722,0.9078121922174439,3.36343939549285,0.9996763754045307,0.020522792231043696,1.0,0.9826051779935274,0.020219901824238436,0.9498381877022654,0.25,0.5,0.2927231493882639,0.5617747002641559,4,2025-01-31,204,0.0,0.0,,,0.0,,,,forced_top2,,,,True,,,True,-1.2182741116751272,-1.3182741116751273,-1.4182741116751272,utility_positive
2025-03-03,2175,エス・エム・エス,1.0,1.4243820695433618,True,True,True,2025-02-28,2025-02-28,-3.2312211498111587,-0.6621895332432626,0.10783203030183537,-4.904591100067061e-05,0.5,2.934065880283053,-0.708333333333333,-1.8102317284848037,-0.5587100244334172,0.004199765636123578,0.783848,-0.70427555,-0.9946556,-0.987526,-0.7796912,0.5766084067424541,1,1.0,3.9339295821605846,0.02062279181972848,0.42809075255005663,1,1.0,4.842157665552653,0.10731125552477157,0.04942094270045066,228,0.9260586319218241,0.9133616011937697,0.036793158173846756,0.6248837755754517,30,0.9905537459283388,1.0351366875757262,0.13511959565878462,1,0.6761268596180027,0.8542353643923579,3.9339295821605846,1.0,0.02062279181972848,0.0,0.9791530944625407,0.030895726837653698,0.9260586319218241,0.5,0.5,0.33919458605727604,0.5766084067424541,4,2025-02-28,222,1.0,1.0,1.0,-3.431221149811159,1.0,0.010427574639742088,1.0,2025-02-28,forced_top2,,,,True,,,True,0.7121910347716809,0.6121910347716809,0.5121910347716809,utility_positive
2025-03-03,2491,バリューコマース,1.0,1.5719467956469169,True,True,True,2025-02-28,2025-02-28,0.8557457212713837,-0.14125563811416847,0.21469521760136168,0.09971896711550467,0.45,2.220355794372733,0.1223990208078396,-1.900871314549434,-0.5373832893327871,0.21645433563779448,0.23574822,-0.17280285,-0.9964371,-0.97564596,-0.19061758,0.5626647832728252,2,0.9996742671009772,3.257802722542582,0.02062279181972848,0.41388036193096633,2,0.9996742671009772,4.709735483465613,0.10731125552477157,0.028953143689900235,870,0.7169381107491857,0.35706798503174914,0.036793158173846756,0.5331385748512145,922,0.7,0.35614412341856344,0.13511959565878462,2,0.506686924561279,0.8542353643923579,3.257802722542582,0.9996742671009772,0.02062279181972848,1.0,0.854071661237785,0.14572570563775303,0.7,0.5,0.5,0.33919458605727604,0.5626647832728252,4,2025-02-28,222,0.0,0.0,,,0.0,,,,forced_top2,,,,True,,,True,0.7859733978234584,0.6859733978234585,0.5859733978234585,utility_positive
2025-03-04,2175,エス・エム・エス,0.0,-1.8992568125516085,True,True,True,2025-03-03,2025-03-03,1.4243820695433618,-0.02528692203618732,0.15252593484001092,0.05404709864797704,0.5,2.9476200099198806,3.5125758889852587,-1.6331297460567549,-0.5036014958548534,0.02192068242245872,0.78456974,0.18931751,-0.9934718,-0.97981596,-0.66053414,0.5603506992872535,1,1.0,3.1551510830233704,0.021119554168618992,0.41193098597979116,1,1.0,4.600674642101928,0.10587915911753867,-0.01496857076888934,2172,0.29444263893402667,-0.44189451864697143,0.04711244822101101,0.6140758506369544,99,0.9681507962300943,0.9614403318377764,0.13378451350888576,1,0.09154498148468017,0.694817131423802,3.1551510830233704,1.0,0.021119554168618992,0.0,0.8156483587910303,0.3011990417769429,0.29444263893402667,0.5,0.5,0.28989917998264575,0.5603506992872535,4,2025-02-28,222,2.0,2.0,1.0,1.2243820695433618,1.0,-0.01625770745520061,1.0,2025-03-03,forced_top2,,,,True,,,True,-0.9496284062758042,-1.0496284062758043,-1.1496284062758042,utility_positive
2025-03-04,2491,バリューコマース,0.0,0.0,True,True,True,2025-03-03,2025-03-03,1.5719467956469169,0.2208664179125906,0.2974043994889708,0.12444445821300941,0.5,2.239440299449161,0.24242424242424399,-1.8887501024282216,-0.531870564915469,0.2182059123453678,0.19109793,0.07507418,-0.9958457,-0.9691303,-0.36439168,0.5584173100919225,2,0.9996750081247969,3.0636061015386904,0.021119554168618992,0.3684355406413187,2,0.9996750081247969,4.18987193360868,0.10587915911753867,0.026000039620691473,771,0.7497562560935976,0.42769753051573384,0.04711244822101101,0.5274211106827845,990,0.6785830354241145,0.31372156617949004,0.13378451350888576,2,0.09570164496144273,0.694817131423802,3.0636061015386904,0.9996750081247969,0.021119554168618992,1.0,0.8569223269418265,0.14495354912000316,0.6785830354241145,0.5,0.5,0.28989917998264575,0.5584173100919225,4,2025-02-28,222,1.0,1.0,1.0,1.371946795646917,1.0,-0.004247473180902683,1.0,2025-03-03,forced_top2,,,,True,,,True,0.0,-0.1,-0.2,utility_positive
2025-03-05,2175,エス・エム・エス,0.0,-2.960526315789469,True,True,True,2025-03-04,2025-03-04,-1.8992568125516085,-0.7160626542944071,0.07696028907963444,0.013848387397368081,0.5,2.98138357320831,0.04130524576622108,-1.543113736187089,-0.48994678743997844,0.01947236750156439,0.80142266,-0.4196799,-0.99347955,-0.97866035,-0.332543,0.5681442585767631,1,1.0,3.7171926610592028,0.020026952940155773,0.3787712043867151,5,0.9986991869918699,4.487599966941167,0.10552499167958578,0.031866269018521506,701,0.7723577235772358,0.4880725801889144,0.03834560070979766,0.6175951171370394,68,0.9782113821138212,0.9861446625742596,0.13585374627337166,1,0.04503356052180369,1.1723844315291114,3.7171926610592028,1.0,0.020026952940155773,0.0,0.9373170731707317,0.09563059752934286,0.7723577235772358,0.25,0.5,0.3079137465990174,0.5681442585767631,4,2025-02-28,222,3.0,3.0,1.0,-2.0992568125516087,1.0,0.007793559289509644,1.0,2025-03-04,forced_top2,,,,True,,,True,-1.4802631578947345,-1.5802631578947346,-1.6802631578947345,utility_positive
2025-03-05,2491,バリューコマース,1.0,0.9779951100244544,True,True,True,2025-03-04,2025-03-04,0.0,0.07628810465957851,0.334319904000866,0.12444445821300944,0.5,2.2275222726074135,-1.7857142857142905,-1.9944967220637306,-0.5572155085466318,0.21857350263422168,0.26437464,-0.3435092,-0.9964434,-0.96917605,0.34647304,0.5672423735794653,2,0.9996747967479674,3.672159100537399,0.020026952940155773,0.3759172678702653,6,0.9983739837398374,4.460554842643831,0.10552499167958578,0.05283418782461604,168,0.9456910569105691,1.0348867757672102,0.03834560070979766,0.539766297446226,835,0.728780487804878,0.4132578499117479,0.13585374627337166,2,0.635828431234927,1.1723844315291114,3.672159100537399,0.9996747967479674,0.020026952940155773,1.0,0.9181300813008131,0.11146916662202877,0.728780487804878,0.25,0.25,0.3079137465990174,0.5672423735794653,4,2025-02-28,222,2.0,2.0,1.0,-0.2,1.0,0.00882506348754275,1.0,2025-03-04,forced_top2,,,,True,,,True,0.4889975550122272,0.3889975550122272,0.2889975550122272,utility_positive
2025-03-06,6550,Ｕｎｉｐｏｓ,1.0,1.9480519480519431,True,True,True,2025-03-05,2025-03-05,0.6493506493506551,-0.886794869072624,1.9909318994410128,0.5088905837126453,0.55,8.646466125321842,0.6535947712418277,-0.752071620934238,-0.15412709513379402,-0.3357119490424831,0.7393885,-0.44850105,0.9168893,0.6556842,-0.22410211,0.5542991129697219,1,1.0,3.2156350201923107,0.019541982367005162,0.25593496239523,5,0.9987025624391827,3.4729906412632214,0.10609936684744811,0.025370411288794515,1019,0.6698021407719754,0.2947935302684806,0.04430334393258206,0.6235215752738233,29,0.9909179370742783,1.0296436621300535,0.1341617050114019,1,0.01996584350269402,0.7254422268250803,3.2156350201923107,1.0,0.019541982367005162,0.0,0.9148556600713591,0.14152434327920896,0.6698021407719754,0.25,0.5,0.25408191745707387,0.5542991129697219,4,2025-02-28,222,0.0,0.0,,,0.0,,,,forced_top2,,,,True,,,True,0.9740259740259716,0.8740259740259716,0.7740259740259716,utility_positive
2025-03-06,6315,ＴＯＷＡ,0.0,-1.2666666666666715,True,True,True,2025-03-05,2025-03-05,-1.192052980132452,-1.1933941653209843,-0.1987040312715615,0.17875882009609897,0.5,2.9238776043405488,0.0,-1.072834839769747,-0.15941608816375794,-0.2575380877737498,0.8183437,-0.91629565,-0.9893143,-0.54764026,-0.935886,0.5539089408080499,2,0.9996756406097956,3.195669176689617,0.019541982367005162,0.2647525508871051,4,0.999026921829387,3.556097532038104,0.10609936684744811,0.017764133801224345,1336,0.5669802140771976,0.1231072237191396,0.04430334393258206,0.6179023019681726,69,0.9779435614661044,0.9877593307914413,0.1341617050114019,2,0.00894561220814095,0.7254422268250803,3.195669176689617,0.9996756406097956,0.019541982367005162,1.0,0.8859065844956211,0.18433966185126166,0.5669802140771976,0.25,0.5,0.25408191745707387,0.5539089408080499,4,2025-02-28,222,0.0,0.0,,,0.0,,,,forced_top2,,,,True,,,True,-0.6333333333333357,-0.7333333333333357,-0.8333333333333357,utility_positive
2025-03-07,4783,ＮＣＤ,0.0,-4.134650567142339,True,True,True,2025-03-06,2025-03-06,-0.9352517985611541,1.13778230548125,0.8434057117004101,0.6322777706731135,0.8,2.8718923980225086,0.3247924936846003,-0.9455944396952292,-0.32483753742666455,0.20011376829789695,0.7689338,0.5764776,-0.56281555,0.7611408,0.25749925,0.5590187520486417,1,1.0,3.3511221056624705,0.019543315895875213,0.09345450248648046,53,0.9832582099162911,1.7808569205295597,0.10631915649980173,0.0950710794566108,18,0.9945267224726336,1.7860387001024947,0.04701204488857055,0.6311336845212949,24,0.9925949774629749,1.0521161860228263,0.13657146369050716,1,0.3339989103130802,0.5880409298643445,3.3511221056624705,1.0,0.019543315895875213,0.0,0.992594977462975,0.00603616653549666,0.9832582099162911,0.25,0.25,0.24071730793031443,0.5590187520486417,4,2025-02-28,222,0.0,0.0,,,0.0,,,,forced_top2,,,,True,,,True,-2.0673252835711695,-2.1673252835711696,-2.2673252835711697,utility_positive
2025-03-07,6315,ＴＯＷＡ,1.0,0.689179875947632,True,True,True,2025-03-06,2025-03-06,-1.2666666666666715,-0.7456204875842085,-0.3729841101670256,0.1710552997440636,0.45,2.8756714536220946,0.536193029490617,-1.1338325139349554,-0.18093532427170173,-0.25666547111066706,0.8212058,-0.9013959,-0.992278,-0.6304219,-0.98099196,0.5524913058355151,2,0.9996780424983902,3.0171231953493907,0.019543315895875213,0.2805061810342112,4,0.9990341274951706,3.540198178547155,0.10631915649980173,0.013583153846784058,1465,0.5286542176432711,0.052697259563755885,0.04701204488857055,0.6165901988050101,89,0.9716677398583387,0.9456262552328722,0.13657146369050716,2,0.13639923697745837,0.5880409298643445,3.0171231953493907,0.9996780424983902,0.019543315895875213,1.0,0.8747585318737926,0.2001430105717589,0.5286542176432711,0.25,0.5,0.24071730793031443,0.5524913058355151,4,2025-02-28,222,1.0,1.0,1.0,-1.4666666666666714,1.0,-0.0014176349725347759,1.0,2025-03-06,forced_top2,,,,True,,,True,0.344589937973816,0.24458993797381598,0.14458993797381597,utility_positive
2025-03-10,4783,ＮＣＤ,0.0,-0.03844675124952124,True,True,True,2025-03-07,2025-03-07,-4.134650567142339,-0.488843162098018,0.5331644114134688,0.6124077471575651,0.75,3.06129178130128,-0.7625272331154731,-0.9837208013510029,-0.3112828379899463,0.18686197135782662,0.78869045,-0.8654762,-0.8119048,0.7482143,-0.036309525,0.5847813703039239,1,1.0,4.816987501523643,0.01916621004275204,0.28184789537185007,3,0.9993581514762516,3.488751876428879,0.11838895513896157,0.09831670194570612,9,0.9974326059050064,1.8902401966350282,0.04030054188971887,0.6358351627486113,17,0.9948652118100129,1.074338026479848,0.13521352843144474,1,1.6061064462218395,0.5219636105000968,4.816987501523643,1.0,0.01916621004275204,0.0,0.9979139922978177,0.0019977374194461986,0.9948652118100129,0.25,0.5,0.2295998068841527,0.5847813703039239,4,2025-02-28,222,1.0,1.0,1.0,-4.334650567142339,1.0,0.025762618255282144,1.0,2025-03-07,forced_top2,,,,True,,,True,-0.01922337562476062,-0.11922337562476062,-0.21922337562476063,utility_positive
2025-03-10,7096,ステムセル研究所,1.0,2.5104602510460206,True,True,True,2025-03-07,2025-03-07,3.038194444444442,0.46324389877054484,0.7776918218144147,0.3430066935925258,0.55,3.3842847610177214,-0.6039689387402958,-1.8771826144479387,-0.5563461181421291,-0.21644474691153584,0.8428571,-0.74345237,-0.97559524,-0.8660714,-0.5083333,0.553998396804618,2,0.9996790757381258,3.2108810553018037,0.01916621004275204,0.22050276513491535,6,0.998395378690629,2.9705858856493372,0.11838895513896157,0.01655381319412381,1768,0.43292682926829273,-0.1385883232226899,0.04030054188971887,0.6317716491238116,26,0.9919768934531451,1.0442854594627837,0.13521352843144474,2,0.33826864866813633,0.5219636105000968,3.2108810553018037,0.9996790757381258,0.01916621004275204,1.0,0.8557445442875481,0.2441313596166385,0.43292682926829273,0.25,0.25,0.2295998068841527,0.553998396804618,4,2025-02-28,222,0.0,0.0,,,0.0,,,,forced_top2,,,,True,,,True,1.2552301255230103,1.1552301255230102,1.0552301255230103,utility_positive
2025-03-11,4783,ＮＣＤ,1.0,3.0604133545309997,True,True,True,2025-03-10,2025-03-10,-0.03844675124952124,-0.7298536935364017,0.44902213551594644,0.6338322812975223,0.7,3.052254896509326,-0.725190839694656,-1.0371683804618956,-0.34045955855344096,0.2033748096021242,0.7898184,-0.9100923,-0.8761536,0.743376,-0.062816314,0.5788672090278756,1,1.0,4.188402392904794,0.019742093342533018,0.3112454821587878,5,0.9987325728770595,3.7726248983025905,0.10508003422341025,0.08739394789292863,19,0.9942965779467681,1.6397062721303755,0.04316285838854387,0.6347258693859291,29,0.991128010139417,1.0560829509379508,0.13761994898715718,1,1.5163788412235424,0.29445271034658377,4.188402392904794,1.0,0.019742093342533018,0.0,0.9960392902408112,0.0035390221647161944,0.991128010139417,0.25,0.5,0.2536769396674748,0.5788672090278756,4,2025-02-28,222,2.0,2.0,1.0,-0.23844675124952125,1.0,-0.005914161276048269,1.0,2025-03-10,forced_top2,,,,True,,,True,1.5302066772654999,1.4302066772654998,1.3302066772655,utility_positive
2025-03-11,7345,アイ・パートナーズフィナンシャル,1.0,0.6666666666666599,True,True,True,2025-03-10,2025-03-10,-1.1589403973509937,,1.5244645659118243,0.7651544732815239,0.7777777777777778,2.353295858504289,0.0,-1.6186925691014424,-0.7160024249794347,-0.5941264736483753,0.77195597,-0.4706758,-0.38672224,-0.1205716,0.2884787,0.5489307164017984,2,0.9996831432192649,2.6720235516812516,0.019742093342533018,0.20392529295365658,12,0.9965145754119138,2.751306338613524,0.10508003422341025,0.1252096063001116,1,1.0,2.515821984087484,0.04316285838854387,0.6342286154341783,30,0.9908111533586819,1.0524697105944507,0.13761994898715718,2,0.06179676318285815,0.29445271034658377,2.6720235516812516,0.9996831432192649,0.019742093342533018,1.0,0.996752217997465,0.003690905499753408,0.9908111533586819,0.5,0.5,0.2536769396674748,0.5489307164017984,4,2025-02-28,222,0.0,0.0,64.0,1.3789473684210576,0.0,-0.00040807287893473987,64.0,2024-12-02,forced_top2,,,,True,,,True,0.33333333333332993,0.23333333333332992,0.13333333333332992,utility_positive
2025-03-12,281A,インフォメティス,1.0,2.444444444444449,True,True,True,2025-03-11,2025-03-11,-0.11086474501108556,0.49773316662260514,0.17978280699872393,0.2357792777804067,0.4,3.216379689805324,-0.22123893805309214,-1.1205846610707515,-0.3039913788577019,-0.028309424369503358,0.8711401,0.27108076,-0.9608076,,-0.8159145,0.6329165284926933,1,1.0,7.3931236305048,0.01885153625524344,0.4666754787452721,1,1.0,5.036664262805082,0.11606966804974825,0.0040938286182962405,2129,0.3270082226438963,-0.38625446841834804,0.04028789240240741,0.6165131833807416,134,0.9579380139152435,0.8861404061421528,0.14101724235633095,1,3.3506524108353983,1.398959657184044,7.3931236305048,1.0,0.01885153625524344,0.0,0.821236559139785,0.2858590876242993,0.3270082226438963,0.5,0.5,0.21170513451093223,0.6329165284926933,4,2025-02-28,222,0.0,0.0,,,0.0,,,,forced_top2,,,,True,,,True,1.2222222222222245,1.1222222222222245,1.0222222222222246,utility_positive
2025-03-12,4259,エクサウィザーズ,1.0,0.6369426751592355,True,True,True,2025-03-11,2025-03-11,2.580645161290329,-0.17459088063874004,-0.6967357698162482,0.12759040833024143,0.55,3.8494034326971094,-3.125,-1.4915640185284385,-0.3818051800500823,0.1101056142378884,0.85688835,-0.95486933,-0.9976247,-0.9031779,-0.9186461,0.569751583091111,2,0.9996837444655281,4.042471219669402,0.01885153625524344,0.3979138739354864,2,0.9996837444655281,4.444247605075742,0.11606966804974825,0.006377397738117917,2055,0.35041113219481346,-0.32957319313562267,0.04028789240240741,0.6330847785986531,35,0.989247311827957,1.0036550798161523,0.14101724235633095,2,0.20247180232161774,1.398959657184044,4.042471219669402,0.9996837444655281,0.01885153625524344,1.0,0.8347564832384566,0.2796693754183615,0.35041113219481346,0.5,0.5,0.21170513451093223,0.569751583091111,4,2025-02-28,222,0.0,0.0,,,0.0,,,,forced_top2,,,,True,,,True,0.31847133757961776,0.21847133757961776,0.11847133757961775,utility_positive
2025-03-13,4259,エクサウィザーズ,0.0,-1.253918495297801,True,True,True,2025-03-12,2025-03-12,0.6369426751592355,0.5462694644821283,-0.693297726967377,0.058239789616565354,0.55,3.850623150204586,-1.2578616352201255,-1.7107071002894447,-0.41977634335817265,0.09878555619572796,0.84761906,-0.8095238,-0.9982143,-0.9559524,-0.9577381,0.5774307327469452,1,1.0,4.408677393331841,0.018919246629046316,0.47506562707696837,1,1.0,5.245865103983934,0.10958190544045414,0.04590026966101597,429,0.86481364497789,0.6454194319418146,0.04583494927987543,0.6340401622393945,35,0.9892608970309539,1.0137664700987044,0.14051354346195544,1,0.9230878247359563,0.6958806897193439,4.408677393331841,1.0,0.018919246629046316,0.0,0.963518635502211,0.0571557501356197,0.86481364497789,0.5,0.5,0.18751239150862276,0.5774307327469452,4,2025-02-28,222,1.0,1.0,1.0,0.4369426751592355,1.0,0.007679149655834272,1.0,2025-03-12,forced_top2,,,,True,,,True,-0.6269592476489005,-0.7269592476489005,-0.8269592476489005,utility_positive
2025-03-13,4783,ＮＣＤ,0.0,-2.5522041763341052,True,True,True,2025-03-12,2025-03-12,0.8959875340864842,-0.2303896456671059,0.9374905494862013,0.6921820057003132,0.75,2.30658143560551,-1.002699575780952,-0.661747512558442,-0.41024211179405085,0.1668786118420181,0.76785713,-0.95178574,0.5964286,0.73333335,0.0922619,0.5599666065304958,2,0.9996841440303221,3.485589568595884,0.018919246629046316,0.16203176165081593,19,0.9943145925457991,2.3892450792823876,0.10958190544045414,0.08896697062359703,18,0.994630448515477,1.5850234162204704,0.04583494927987543,0.6346791254263289,33,0.9898926089703095,1.0183138124487132,0.14051354346195544,2,0.246674139337712,0.6958806897193439,3.485589568595884,0.9996841440303221,0.018919246629046316,1.0,0.994630448515477,0.0034672296904769613,0.9898926089703095,0.25,0.25,0.18751239150862276,0.5599666065304958,4,2025-02-28,222,3.0,3.0,2.0,2.8604133545309995,0.0,-0.018900602497379793,2.0,2025-03-11,forced_top2,,,,True,,,True,-1.2761020881670526,-1.3761020881670527,-1.4761020881670526,utility_positive
2025-03-14,4259,エクサウィザーズ,1.0,1.6077170418006492,True,True,True,2025-03-13,2025-03-13,-1.253918495297801,0.17536564530244628,-0.8122788299686654,0.057373199310319874,0.5,3.8281579612008554,0.9493670886076,-1.6820711375728128,-0.40796962280507415,0.09678131384755215,0.8123693,-0.92889154,-0.9976098,-0.9557681,-0.8828802,0.5868162293661366,1,1.0,4.4651963691829915,0.02001265554881393,0.5943687092524745,1,1.0,6.3280726404183705,0.10607167076535656,0.07582353130761814,40,0.9876738305941846,1.3768854707307578,0.03961755576634931,0.6353324253170797,36,0.9889380530973452,1.0219849937126402,0.14086974128891738,1,0.15867207352000726,1.5853248936974027,4.4651963691829915,1.0,0.02001265554881393,0.0,0.9941529709228825,0.005864088279165441,0.9876738305941846,0.5,0.5,0.26546737662084,0.5868162293661366,4,2025-02-28,222,2.0,2.0,1.0,-1.453918495297801,1.0,0.009385496619191414,1.0,2025-03-13,forced_top2,,,,True,,,True,0.8038585209003246,0.7038585209003246,0.6038585209003247,utility_positive
2025-03-14,7075,ＱＬＳホールディングス,0.0,-0.3667481662591676,True,True,True,2025-03-13,2025-03-13,-0.1223990208078285,-0.048664532298992036,-0.2596342275036922,-0.17955266575187537,0.35,0.9974960850008375,-0.24420024420024333,-0.049250734352241365,0.10715923040805947,-0.37568567801285185,-0.4520466,-0.27935463,-0.61756796,,-0.9796833,0.5836407798135647,2,0.9996839443742098,4.306524295662984,0.02001265554881393,0.2546887604664269,15,0.995575221238938,3.1257100648588603,0.10607167076535656,0.022725457845531098,1516,0.5211757269279393,0.03661920657147505,0.03961755576634931,0.3993970847303151,2486,0.21460176991150437,-0.6528625528791578,0.14086974128891738,2,0.8727128728154475,1.5853248936974027,4.306524295662984,0.9996839443742098,0.02001265554881393,1.0,0.682759165613148,0.33300741540448736,0.21460176991150437,0.25,0.25,0.26546737662084,0.5836407798135647,4,2025-02-28,222,0.0,0.0,,,0.0,,,,forced_top2,,,,True,,,True,-0.1833740831295838,-0.2833740831295838,-0.3833740831295838,utility_positive
2025-03-17,286A,ユカリア,1.0,1.3278855975485282,True,True,True,2025-03-14,2025-03-14,2.027748132337237,0.359116698157662,0.17479532155621763,0.021578539905861182,0.6,3.3826261283360366,-0.31914893617021045,-0.3485333843020732,0.009544139687656859,0.12741650599125012,0.88895524,-0.88895524,-0.5038806,,-0.75761193,0.6257939194717391,1,1.0,6.932016270554949,0.018731401067489495,0.36990144393802,3,0.9993704752911552,4.14974863162068,0.11106352885071814,-0.02606486725011745,2678,0.1573811772112056,-1.0323644857279848,0.046184198778434465,0.6239146657388612,100,0.9688385269121813,0.941647210085228,0.1392192540190108,1,2.247592180532583,1.95710411743285,6.932016270554949,1.0,0.018731401067489495,0.0,0.7813975448536356,0.3604961097710565,0.1573811772112056,0.25,0.5,0.175907701586781,0.6257939194717391,4,2025-02-28,222,0.0,0.0,,,0.0,,,,forced_top2,,,,True,,,True,0.6639427987742641,0.5639427987742641,0.4639427987742641,utility_positive
2025-03-17,5380,新東,0.0,-0.06561679790025865,True,True,True,2025-03-14,2025-03-14,0.39525691699604515,0.6803758222202916,-0.8330629015192835,0.6686629523667803,0.35,2.3449693629283366,-0.654450261780104,-2.376586580156331,-0.21933048729945168,0.12240851313210169,-0.032238808,0.22268657,-1.0,0.6578083,-0.9695522,0.58369336890203,2,0.9996852376455776,4.6844240900223655,0.018731401067489495,0.6530530361577787,1,1.0,6.699204741558859,0.11106352885071814,0.04748514761886292,529,0.833805476864967,0.5601718538506564,0.046184198778434465,0.5186920769505277,1233,0.6122127793515896,0.18584235011977304,0.1392192540190108,2,0.4858381899346792,1.95710411743285,4.6844240900223655,0.9996852376455776,0.018731401067489495,1.0,0.8614258734655335,0.15905069389543577,0.6122127793515896,0.5,0.5,0.175907701586781,0.58369336890203,4,2025-02-28,222,0.0,0.0,,,0.0,,,,forced_top2,,,,True,,,True,-0.032808398950129325,-0.13280839895012933,-0.23280839895012934,utility_positive
2025-03-18,7345,アイ・パートナーズフィナンシャル,0.0,-1.7793594306049876,True,True,True,2025-03-17,2025-03-17,-8.910891089108908,-1.6053041569086328,0.9844855595658836,0.5423887754830266,0.7222222222222222,3.3298665656610456,0.16528925619834212,-1.3849424340770107,-0.6336536697709786,-0.5295539189938467,0.8333333,-0.983871,-0.7921147,-0.659994,-0.84080046,0.5875678439941814,1,1.0,4.923348806900696,0.018400766304870142,0.3036457960153864,8,0.9978021978021978,3.5876648405082756,0.1089481486771936,0.06327548267763806,172,0.9463108320251178,0.8399301203152978,0.04845959076437399,0.6324466756276819,57,0.9824175824175824,0.9913725497910613,0.13905199576357524,1,1.4855108385752214,0.7479938066035526,4.923348806900696,1.0,0.018400766304870142,0.0,0.9816326530612245,0.02148872242654799,0.9463108320251178,0.25,0.25,0.16635859084882088,0.5875678439941814,4,2025-02-28,222,1.0,1.0,5.0,0.46666666666665985,0.0,0.038637127592383025,5.0,2025-03-11,forced_top2,,,,True,,,True,-0.8896797153024938,-0.9896797153024938,-1.0896797153024937,utility_positive
2025-03-18,5380,新東,0.0,-0.13140604467805073,True,True,True,2025-03-17,2025-03-17,-0.06561679790025865,0.44297805630778564,-0.8363437414142967,0.6813001157842,0.35,2.343788087625873,0.0,-1.2439004960139362,-0.2331922477430281,0.12356669821721833,-0.04121864,-0.56869775,-0.99820787,0.6313116,-0.916368,0.5602333062102071,2,0.9996860282574568,3.4378379683254745,0.018400766304870142,0.4088930967639286,2,0.9996860282574568,4.553695948208722,0.1089481486771936,0.05398513955529252,393,0.8769230769230769,0.6482169222505813,0.04845959076437399,0.5186802587827288,1246,0.609105180533752,0.1732151675814187,0.13905199576357524,2,0.24711156949610888,0.7479938066035526,3.4378379683254745,0.9996860282574568,0.018400766304870142,1.0,0.8713500784929356,0.159486423263117,0.609105180533752,0.5,0.5,0.16635859084882088,0.5602333062102071,4,2025-02-28,222,1.0,1.0,1.0,-0.26561679790025866,1.0,-0.02346006269182299,1.0,2025-03-17,forced_top2,,,,True,,,True,-0.06570302233902536,-0.16570302233902537,-0.2657030223390254,utility_positive
2025-03-19,7345,アイ・パートナーズフィナンシャル,1.0,3.2608695652173836,True,True,True,2025-03-18,2025-03-18,-1.7793594306049876,-2.094509376362962,0.666082811512036,0.5111719433671497,0.6666666666666666,3.3033378582706905,1.8115942028985588,-1.0997283596819452,-0.6107021171709686,-0.5402488235603788,0.7873615,-0.9898173,-0.85684335,-0.7118898,-0.8781072,0.5717224215045396,1,1.0,4.2926730844343535,0.017563463035039417,0.34214872881116193,2,0.9996849401386263,4.102952863960397,0.10759664705336264,0.059918146479066146,326,0.8976055450535602,0.7264964998744761,0.0502933307476799,0.6249816078745765,95,0.9703843730308759,0.9291808305033576,0.14034599569807793,1,0.7190380236096653,0.8611328646548196,4.2926730844343535,1.0,0.017563463035039417,0.0,0.9669187145557656,0.04178613179243024,0.8976055450535602,0.5,0.5,0.15745905474692962,0.5717224215045396,4,2025-02-28,222,1.0,2.0,1.0,-1.9793594306049875,1.0,-0.015845422489641825,1.0,2025-03-18,forced_top2,,,,True,,,True,1.6304347826086918,1.5304347826086917,1.4304347826086918,utility_positive
2025-03-19,4380,Ｍマート,1.0,4.847986852917008,True,True,True,2025-03-18,2025-03-18,-7.324364723467857,-1.0647457734116124,0.25663245851443434,0.5609729089758873,0.65,2.0804624983627273,2.923076923076917,0.06042177236264046,-0.26257147076606596,-0.12800530181037806,0.42138365,-0.6750524,0.6124588,0.7118898,-0.42737347,0.5590936237560834,2,0.9996849401386263,3.5736350608246883,0.017563463035039417,0.23498224205232837,6,0.9984247006931317,3.106950760793704,0.10759664705336264,0.052272615834941645,507,0.8405797101449275,0.5744777226238323,0.0502933307476799,0.577038806358472,561,0.8235664776307499,0.5875764884796472,0.14034599569807793,2,0.5458841530479568,0.8611328646548196,3.5736350608246883,0.9996849401386263,0.017563463035039417,1.0,0.9155639571518588,0.0837084466112978,0.8235664776307499,0.25,0.25,0.15745905474692962,0.5590936237560834,4,2025-02-28,222,0.0,0.0,,,0.0,,,,forced_top2,,,,True,,,True,2.423993426458504,2.323993426458504,2.2239934264585037,utility_positive
2025-03-21,291A,リスキル,1.0,0.2808988764045006,True,True,True,2025-03-19,2025-03-19,-0.557880055788007,-0.7514412590514064,-0.6261617559110272,-0.5110122002741249,0.3,2.183155383329289,1.2711864406779627,-0.25481159281901583,0.12884016531302026,0.20301993265471077,0.88458073,-0.90922755,-0.96032465,,-0.9230538,0.6191677552665623,1,1.0,6.9367241879876556,0.017690737720794658,0.4931906618679767,1,1.0,5.837860701579794,0.10265914487557523,0.006020225969063256,2248,0.2900473933649289,-0.4487697412038213,0.04418730559501979,0.6191742600281913,140,0.9560821484992101,0.901472704150356,0.13852664200118914,1,1.189789894528458,3.141049844210665,6.9367241879876556,1.0,0.017690737720794658,0.0,0.8115323854660348,0.3016128787186831,0.2900473933649289,0.5,0.5,0.17205996310434926,0.6191677552665623,4,2025-02-28,222,0.0,0.0,,,0.0,,,,forced_top2,,,,True,,,True,0.1404494382022503,0.040449438202250304,-0.0595505617977497,utility_positive
2025-03-21,287A,⿊⽥グループ,0.0,-2.2325581395348792,True,True,True,2025-03-19,2025-03-19,0.6542056074766434,0.2823989541897177,0.3661667909131444,0.18841176878735397,0.55,1.76196818691385,-0.2795899347623476,-0.20479598505614094,0.163551717732694,-0.10352409565744629,0.28884882,0.5575594,0.24797115,,-0.46438232,0.5981194942996074,2,0.9996840442338073,5.746934293459198,0.017690737720794658,0.20341996382209876,5,0.9987361769352291,3.0152120384033636,0.10265914487557523,0.007992349758094744,2197,0.30616113744075835,-0.4041387377408322,0.04418730559501979,0.5398015123547679,986,0.6887835703001579,0.32849449196831204,0.13852664200118914,2,2.569054451308856,3.141049844210665,5.746934293459198,0.9996840442338073,0.017690737720794658,1.0,0.748341232227488,0.28501806469164725,0.30616113744075835,0.25,0.5,0.17205996310434926,0.5981194942996074,4,2025-02-28,222,0.0,0.0,,,0.0,,,,forced_top2,,,,True,,,True,-1.1162790697674396,-1.2162790697674397,-1.3162790697674396,utility_positive
2025-03-24,7211,三菱自動車⼯業,0.0,-1.059513074842211,True,True,True,2025-03-21,2025-03-21,-3.253275109170306,-0.5285989005122407,0.5513937593010066,0.40316787325236175,0.8,1.8020165526938707,3.060306030603055,-0.11835857203202069,-0.190541497799952,0.16567217092178774,0.4366536,0.15798977,0.75142944,0.29801324,-0.14655432,0.5520414894475333,1,1.0,3.209141112499078,0.017338050725246745,0.18063279743507407,4,0.999054820415879,2.8575587742332664,0.10309445250291444,0.017252211434603114,1984,0.3752362948960303,-0.23972888659648903,0.047250280205949874,0.5691336165075718,669,0.7895400126023945,0.5367264470797839,0.13808153066504003,1,0.22971920809364846,0.4647373138126348,3.209141112499078,1.0,0.017338050725246745,0.0,0.7909577819785759,0.2548673141135502,0.3752362948960303,0.25,0.5,0.1730778146554682,0.5520414894475333,4,2025-02-28,222,0.0,0.0,,,0.0,,,,forced_top2,,,,True,,,True,-0.5297565374211055,-0.6297565374211055,-0.7297565374211055,utility_positive
2025-03-24,2371,カカクコム,1.0,0.5815305885089606,True,True,True,2025-03-21,2025-03-21,-7.8085106382978715,-1.2728605978361696,-0.23546165414926365,-0.07848868942288979,0.6,2.185881842085571,3.364855948977352,-0.20179675744335324,-0.03961425788716721,-0.22787535044107501,0.5961481,-0.90069216,-0.85495037,-0.74954844,-0.82485706,0.5480586061650421,2,0.9996849401386263,2.9794219044054295,0.017338050725246745,0.17136528360096628,7,0.998109640831758,2.7676653453521562,0.10309445250291444,0.06407163665802779,315,0.9010712035286704,0.7511525435104387,0.047250280205949874,0.595470420108765,385,0.8790170132325141,0.7274601641406228,0.13808153066504003,2,0.004327493859021125,0.4647373138126348,2.9794219044054295,0.9996849401386263,0.017338050725246745,1.0,0.9444706994328922,0.05498511092345779,0.8790170132325141,0.25,0.25,0.1730778146554682,0.5480586061650421,4,2025-02-28,222,0.0,0.0,,,0.0,,,,forced_top2,,,,True,,,True,0.2907652942544803,0.19076529425448027,0.09076529425448027,utility_positive
2025-03-25,299A,ｄｅｌｙ,1.0,0.8604206500955947,True,True,True,2025-03-24,2025-03-24,-0.7640878701050569,0.25139694317355854,-0.6494632338354583,-0.25895132928539144,0.3,2.711729045291863,2.446183953033265,0.5494296952925464,0.42119912224768197,0.0029068375033484074,0.88521636,0.9657452,-0.6135817,,0.14002404,0.581743841957802,1,1.0,4.542781410325177,0.01823646124350692,0.1531770463814893,13,0.996219281663516,2.5353585192714396,0.09773119678935285,-0.153293097124131,3172,0.000945179584120992,-4.273272261836803,0.042065822174452074,0.608915423256104,269,0.9155639571518589,0.8237372697132661,0.13903125239315733,1,1.1806527157999929,0.8617701040247501,4.542781410325177,1.0,0.01823646124350692,0.0,0.728182104599874,0.4212227440203644,0.000945179584120992,0.25,0.25,0.21069727442069483,0.581743841957802,4,2025-02-28,222,0.0,0.0,,,0.0,,,,forced_top2,,,,True,,,True,0.4302103250477973,0.33021032504779735,0.23021032504779732,utility_positive
2025-03-25,5858,ＳＴＧ,1.0,0.9424436216761922,True,True,True,2025-03-24,2025-03-24,-7.010954616588416,-1.5374113019071252,-0.7706076559500858,0.04999870960329324,0.5,3.0404367582867655,2.2399999999999975,-0.3073641996988707,0.5001816960319537,-0.09675401606781021,0.8094952,-0.94290864,-0.9807692,0.87552613,-0.9735577,0.5602129144640743,2,0.9996849401386263,3.3621286945251843,0.01823646124350692,0.3031457130159717,2,0.9996849401386263,4.069860004582428,0.09773119678935285,0.05729376560726273,380,0.8805923125393825,0.7328550844459918,0.042065822174452074,0.6378239753411125,31,0.9905482041587902,1.0316657144866745,0.13903125239315733,2,0.406176737294924,0.8617701040247501,3.3621286945251843,0.9996849401386263,0.01823646124350692,1.0,0.9676275992438563,0.05038809748314434,0.8805923125393825,0.5,0.5,0.21069727442069483,0.5602129144640743,4,2025-02-28,222,0.0,0.0,,,0.0,,,,forced_top2,,,,True,,,True,0.4712218108380961,0.37122181083809613,0.2712218108380961,utility_positive
2025-03-26,8798,アドバンスクリエイト,1.0,2.6755852842809347,True,True,True,2025-03-25,2025-03-25,1.7123287671232834,0.2746707173214792,0.04825747566774889,-0.013953362887750493,0.35,0.9003766965913659,0.0,-2.81570305174015,-0.5595091843081851,-0.09412755039763233,0.7647059,0.24309725,-1.0,-0.99279714,-0.97959185,0.5618749049536611,1,1.0,3.4953258555906057,0.018363295772712063,0.4685517435689935,2,0.9996870109546165,5.732174233371859,0.09905228913261338,0.025186453069824494,1503,0.5298904538341158,0.05351004394087126,0.0426699557193284,0.5883087324953659,470,0.85320813771518,0.6802435498772383,0.1381571258315012,1,0.021859333800025776,0.9206133831475456,3.4953258555906057,1.0,0.018363295772712063,0.0,0.8456964006259782,0.19190657301950803,0.5298904538341158,0.5,0.5,0.21377227369592675,0.5618749049536611,4,2025-02-28,222,0.0,0.0,69.0,-0.9843137254901932,0.0,0.0019481637121607775,69.0,2024-12-09,forced_top2,,,,True,,,True,1.3377926421404673,1.2377926421404672,1.1377926421404674,utility_positive
2025-03-26,6857,アドバンテスト,0.0,-0.30749519538757486,True,True,True,2025-03-25,2025-03-25,-4.895448954489545,-2.15695157617602,-0.20749768061829874,-0.03980961523971369,0.45,3.0279533173352156,1.5615240474703418,-0.7940659933973336,-0.0879082139982521,0.04727460127234762,0.8979592,-0.97959185,-0.98079234,-0.834934,-0.85234094,0.5614734955416968,2,0.9996870109546165,3.4734665217905802,0.018363295772712063,0.3167877372382332,3,0.9993740219092332,4.200013718357661,0.09905228913261338,0.036752937600714235,980,0.6935837245696401,0.32457862922300734,0.0426699557193284,0.6348087448325478,55,0.9830985915492958,1.01681694091531,0.1381571258315012,2,0.3539245278858313,0.9206133831475456,3.4734665217905802,0.9996870109546165,0.018363295772712063,1.0,0.9189358372456964,0.13027997479919876,0.6935837245696401,0.25,0.5,0.21377227369592675,0.5614734955416968,4,2025-02-28,222,0.0,0.0,,,0.0,,,,forced_top2,,,,True,,,True,-0.15374759769378743,-0.2537475976937874,-0.35374759769378744,utility_positive
2025-03-27,8798,アドバンスクリエイト,0.0,-1.6077170418006381,True,True,True,2025-03-26,2025-03-26,2.6755852842809347,0.809787774177666,0.2088703713665901,0.0047137992576725095,0.4,1.0624614880942853,0.6734006734006703,-2.873107699308732,-0.5445903482511377,-0.08755013106427595,-0.26141828,0.8479567,-1.0,-0.9939886,-0.97055286,0.5555948394132973,1,1.0,3.197721190364454,0.018715125629019558,0.51760211356415,1,1.0,6.17860059507524,0.10228311407706274,-0.024516498433289787,2721,0.14946841776110065,-0.964611195677601,0.046674486733320655,0.4770701066134204,1833,0.4271419637273296,-0.12236878426267131,0.1374827334431043,1,0.24479153660829256,0.6652771005985378,3.197721190364454,1.0,0.018715125629019558,0.0,0.6441525953721076,0.36914116560821203,0.14946841776110065,0.5,0.5,0.1970622920047521,0.5555948394132973,4,2025-02-28,222,1.0,1.0,1.0,2.4755852842809345,1.0,-0.006280065540363755,1.0,2025-03-26,forced_top2,,,,True,,,True,-0.8038585209003191,-0.903858520900319,-1.003858520900319,utility_positive
2025-03-27,3683,サイバーリンクス,1.0,2.5048169556840083,True,True,True,2025-03-26,2025-03-26,-6.181818181818177,-2.345246207481968,-0.8763067673090793,0.46052482799514716,0.4,2.576548901263588,0.0,0.17637186093151624,0.08082398698515107,-0.02393211447061528,0.75961536,-0.99278843,-0.9675481,0.89419895,-0.97836536,0.5510135350527524,2,0.9996873045653534,2.952929653756162,0.018715125629019558,0.18118821992860235,8,0.9978111319574734,2.8895543368425782,0.10228311407706274,0.03883326325075706,870,0.7282676672920576,0.3926562563674968,0.046674486733320655,0.6329679026311654,51,0.9843652282676673,1.0115757636340401,0.1374827334431043,2,0.13469897988100163,0.6652771005985378,2.952929653756162,0.9996873045653534,0.018715125629019558,1.0,0.9275328330206379,0.1151974766300303,0.7282676672920576,0.25,0.25,0.1970622920047521,0.5510135350527524,4,2025-02-28,222,0.0,0.0,,,0.0,,,,forced_top2,,,,True,,,True,1.2524084778420042,1.152408477842004,1.0524084778420042,utility_positive
2025-03-28,8798,アドバンスクリエイト,0.0,-5.177993527508096,True,True,True,2025-03-27,2025-03-27,-1.6077170418006381,0.41998498015200847,0.11949171352116254,-0.007525444015423973,0.35,1.1375652895787496,1.3029315960912058,-2.8079611195041716,-0.5265217946620174,-0.09166525564364228,-0.26912692,0.79837984,-1.0,-0.9927993,-0.9609961,0.5646814524554677,1,1.0,3.8904872617009443,0.01803157042160808,0.5681864213995302,1,1.0,6.639141779367756,0.10581632183184725,0.004970419115357006,2247,0.2979055954985933,-0.4085388499000069,0.04540924039097319,0.4649264496707853,1993,0.37730540793998124,-0.21407774394130946,0.13759078061299906,1,0.5720673339241514,0.8219906241734204,3.8904872617009443,1.0,0.01803157042160808,0.0,0.6688027508596436,0.33238480578255264,0.2979055954985933,0.5,0.5,0.18681795714774974,0.5646814524554677,4,2025-02-28,222,2.0,2.0,1.0,-1.807717041800638,1.0,0.0090866130421704,1.0,2025-03-27,forced_top2,,,,True,,,True,-2.588996763754048,-2.688996763754048,-2.788996763754048,utility_positive
2025-03-28,5482,愛知製鋼,0.0,-5.386740331491713,True,True,True,2025-03-27,2025-03-27,0.9817671809256634,-2.2651877119968393,-0.4144493858130477,0.6112549220510618,0.55,4.479857432734931,0.0,0.12462419571017343,0.05863694493944638,-0.02455201700060432,0.8727873,-0.98979896,-0.89979,0.95319533,-0.6249625,0.5543661800379128,2,0.9996874023132228,3.3184199277767927,0.01803157042160808,0.2250307567347552,5,0.9987496092528916,3.3962047851100667,0.10581632183184725,0.00819407236418174,2149,0.32854016880275083,-0.3375477207582484,0.04540924039097319,0.6530042817352266,10,0.9971866208190059,1.1528585524188877,0.13759078061299906,2,0.23027798490620677,0.8219906241734204,3.3184199277767927,0.9996874023132228,0.01803157042160808,1.0,0.8310409502969678,0.2901203368009479,0.32854016880275083,0.25,0.5,0.18681795714774974,0.5543661800379128,4,2025-02-28,222,0.0,0.0,,,0.0,,,,forced_top2,,,,True,,,True,-2.6933701657458564,-2.7933701657458565,-2.8933701657458566,utility_positive
2025-03-31,8798,アドバンスクリエイト,0.0,-4.406779661016946,True,True,True,2025-03-28,2025-03-28,-5.177993527508096,-0.47955930358090304,-0.1925994522159447,-0.12325874305740968,0.3,1.6191387987034378,0.9803921568627416,-2.8217781364366177,-0.5065108534279613,-0.1029554264537465,-0.08088458,0.38139957,-1.0,-0.9957576,-0.96788853,0.5836577363719356,1,1.0,4.595716230889161,0.018991522621247814,0.7175048367145653,1,1.0,7.311611597244746,0.11715568928604592,-0.011197037536375921,2497,0.21112515802781284,-0.6924865956599038,0.0449916224001104,0.48079309888481725,1735,0.45195954487989887,-0.0913170001170885,0.1337754662379072,1,0.08952542427750192,2.144738922572566,4.595716230889161,1.0,0.018991522621247814,0.0,0.665771175726928,0.34490441750036,0.21112515802781284,0.5,0.5,0.25474876820978715,0.5836577363719356,4,2025-02-28,222,3.0,3.0,1.0,-5.377993527508096,1.0,0.018976283916467884,1.0,2025-03-28,forced_top2,,,,True,,,True,-2.203389830508473,-2.3033898305084732,-2.4033898305084733,utility_positive
2025-03-31,300A,ＭＩＣ,1.0,5.068337129840539,True,True,True,2025-03-28,2025-03-28,-2.8312570781426905,0.9784061058060667,0.1892462295913994,0.24607403635622452,0.5,2.5388840876255125,0.9142857142857119,0.37024849690249884,0.8357361009173362,-0.06393725225060447,0.9127537,0.9133596,0.8467131,,0.54559225,0.5819575122515926,2,0.9996839443742098,4.5061908066116585,0.018991522621247814,-0.027759465582849363,311,0.9020227560050569,0.9502960961444421,0.11715568928604592,-0.08757290987722302,3138,0.008533501896333728,-2.3900442356497806,0.0449916224001104,0.6261859396784482,99,0.9690265486725663,0.9955253401298391,0.1337754662379072,2,0.2314351328200069,2.144738922572566,4.5061908066116585,0.9996839443742098,0.018991522621247814,1.0,0.7198166877370417,0.4121753443313033,0.008533501896333728,0.25,0.25,0.25474876820978715,0.5819575122515926,4,2025-02-28,222,0.0,0.0,,,0.0,,,,forced_top2,,,,True,,,True,2.5341685649202694,2.4341685649202693,2.3341685649202693,utility_positive
2025-04-01,303A,ｖｉｓｕｍｏ,0.0,-3.7865748709122182,True,True,True,2025-03-31,2025-03-31,-3.728251864125931,-1.7680377100396032,-0.5973296893623897,0.15403950072085315,0.25,1.5827374026038867,-1.6299918500407462,0.0025633057897215704,0.4309885678337373,0.11065980347670586,0.61749625,-0.93604827,-0.92156863,,-0.721267,0.6076684130726425,1,1.0,5.673382970587311,0.018520776211141565,0.2639100778744635,6,0.9984126984126984,3.2796604115227823,0.1052982000502253,0.028380403240111512,1292,0.5901587301587301,0.16757202634948998,0.04014092470385794,0.5975568423047334,368,0.8834920634920636,0.7418620457870151,0.1404602775622218,1,0.3165970013941894,2.990205288517568,5.673382970587311,1.0,0.018520776211141565,0.0,0.868015873015873,0.16723280640900157,0.5901587301587301,0.25,0.25,0.23841094041815106,0.6076684130726425,4,2025-03-31,242,0.0,0.0,,,0.0,,,,forced_top2,,,,True,,,True,-1.8932874354561091,-1.9932874354561092,-2.093287435456109,utility_positive
2025-04-01,304A,フォルシア,0.0,-3.193987787693753,True,True,True,2025-03-31,2025-03-31,-0.8383791336748936,-1.8239355290023689,-0.05613400555010077,-0.9155692373952937,0.4,3.270877602636755,-2.2758306781975435,0.4706849733190321,0.22001997043603164,0.04908757626877424,0.8437406,-0.96199095,0.7556561,,0.15233786,0.6018047908607023,2,0.9996825396825397,5.356785969193122,0.018520776211141565,0.38420550567019973,2,0.9996825396825397,4.422086661338615,0.1052982000502253,-0.014082840839819083,2677,0.15047619047619043,-0.8902821310523563,0.04014092470385794,0.6226536368860645,116,0.9634920634920635,0.9205374337109323,0.1404602775622218,2,0.2319325516076574,2.990205288517568,5.356785969193122,0.9996825396825397,0.018520776211141565,1.0,0.7783333333333333,0.3627944629861291,0.15047619047619043,0.5,0.5,0.23841094041815106,0.6018047908607023,4,2025-03-31,242,0.0,0.0,,,0.0,,,,forced_top2,,,,True,,,True,-1.5969938938468764,-1.6969938938468765,-1.7969938938468764,utility_positive
2025-04-02,302A,ビースタイルホールディングス,1.0,2.467343976777947,True,True,True,2025-04-01,2025-04-01,-0.7204610951008661,-1.032778868985598,0.0062741950250078116,-1.0904724165697148,0.4,2.97102105808277,0.4341534008682979,0.18697818646432932,-0.22402493295007772,0.04948456275926326,0.82645375,-0.646279,0.5845134,,0.46670684,0.6154066496433467,1,1.0,5.407079449746073,0.019938644325129817,0.5621840812423282,2,0.9996822370511599,5.369025200403471,0.10314685013948457,-0.02057998935914491,2643,0.1604702891642834,-0.8443790370076483,0.04108818492063923,0.6148673520989815,195,0.9383539879250079,0.8551254313438524,0.14482404082383926,1,0.9096040280145524,2.199786324204996,5.407079449746073,1.0,0.019938644325129817,0.0,0.7746266285351128,0.3554707586047492,0.1604702891642834,0.5,0.5,0.3441357959221975,0.6154066496433467,4,2025-03-31,242,0.0,0.0,,,0.0,,,,forced_top2,,,,True,,,True,1.2336719883889735,1.1336719883889734,1.0336719883889736,utility_positive
2025-04-02,8798,アドバンスクリエイト,0.0,-10.87719298245614,True,True,True,2025-04-01,2025-04-01,-6.7137809187279185,-3.046137172954533,-0.6963626728408185,-0.28694081457253834,0.3,2.3424681900372626,0.35460992907800915,-1.924723976307353,-0.4857020934835734,-0.11239176925253513,0.42693582,-0.933715,-0.9993974,-0.99638337,-0.91382945,0.5972703784520591,2,0.9996822370511599,4.4974754217315205,0.019938644325129817,0.7994130937145772,1,1.0,7.668940439225077,0.10314685013948457,0.07823206226388381,28,0.9914204003813155,1.5604984676541336,0.04108818492063923,0.5786980985028501,537,0.8296790594216714,0.6053792331962202,0.14482404082383926,2,1.2834996516697181,2.199786324204996,4.4974754217315205,0.9996822370511599,0.019938644325129817,1.0,0.9551954242135368,0.07254848939980658,0.8296790594216714,0.5,0.5,0.3441357959221975,0.5972703784520591,4,2025-03-31,242,4.0,4.0,2.0,-4.6067796610169465,0.0,0.013612642080123472,2.0,2025-03-31,forced_top2,,,,True,,,True,-5.43859649122807,-5.53859649122807,-5.63859649122807,utility_positive
2025-04-03,8798,アドバンスクリエイト,0.0,-2.8000000000000025,True,True,True,2025-04-02,2025-04-02,-10.87719298245614,-5.756692826301948,-1.2402223219636255,-0.5443143208018798,0.3,3.2566103274123677,7.954545454545459,-0.6722958488792254,-0.3751527676258776,-0.23916041258899035,0.7226058,-0.98438907,-0.9975983,-0.99819875,-0.92434704,0.6095643562669729,1,1.0,5.368035366312385,0.019116083019847907,1.0172972335536064,1,1.0,10.157958512517528,0.09950754142723117,0.12105913084063805,1,1.0,2.5552334068227314,0.04432407866989626,0.6370081403491475,28,0.9914502849905004,1.0292569503273166,0.14536371874625353,1,1.8750353901575902,1.0413827440732029,5.368035366312385,1.0,0.019116083019847907,0.0,0.9978625712476251,0.0037021351966718993,0.9914502849905004,0.75,0.75,0.3499176762755119,0.6095643562669729,4,2025-03-31,242,4.0,5.0,1.0,-11.07719298245614,1.0,0.012293977814913815,1.0,2025-04-02,forced_top2,,,,True,,,True,-1.4000000000000012,-1.5000000000000013,-1.6000000000000012,utility_positive
2025-04-03,3667,ｅｎｉｓｈ,0.0,-2.7272727272727226,True,True,True,2025-04-02,2025-04-02,-11.538461538461542,-4.386585349287915,-0.7716686877205097,-0.3832140790837329,0.5,3.071629295612302,10.169491525423723,0.47457840438828214,0.06312580137923447,-0.47582957528593994,0.7808466,-0.81567097,-0.7232062,-0.87691385,-0.10417292,0.5737210240835675,2,0.9996833438885371,3.492999976154795,0.019116083019847907,0.5709522947371791,2,0.9996833438885371,5.67241970395562,0.09950754142723117,0.05310604563468328,132,0.9585180493983534,1.0221370121512117,0.04432407866989626,0.6328717996644098,40,0.9876504116529449,1.0008018397920793,0.14536371874625353,2,0.17071250061969728,1.0413827440732029,3.492999976154795,0.9996833438885371,0.019116083019847907,1.0,0.9863837872070931,0.01682156426256293,0.9585180493983534,0.5,0.5,0.3499176762755119,0.5737210240835675,4,2025-03-31,242,0.0,0.0,,,0.0,,,,forced_top2,,,,True,,,True,-1.3636363636363613,-1.4636363636363614,-1.5636363636363613,utility_positive
2025-04-04,7638,ＮＥＷ ＡＲＴ ＨＯＬＤＩＮＧＳ,1.0,1.240310077519391,True,True,True,2025-04-03,2025-04-03,2.024922118380057,-1.2537990757866058,0.1312113695967832,0.16876438465121488,0.65,2.3366095626002883,2.392344497607657,-0.7903100700385994,-0.4363733252213893,-0.23412771604865812,0.81244415,-0.9732063,-0.87198573,-0.78029174,-0.062816314,0.5581280454508849,1,1.0,3.062365770177539,0.018610648621608217,0.30998309438032845,3,0.9993650793650793,3.140908475356604,0.11625883703892703,-0.021279812141337843,2170,0.3114285714285714,-0.3781183361285868,0.0404324474522029,0.6208355647665984,92,0.9711111111111111,0.9292642591692876,0.14181413326008302,1,0.1723016567926458,0.555379349984713,3.062365770177539,1.0,0.018610648621608217,0.0,0.8204761904761905,0.29413023923365184,0.3114285714285714,0.25,0.5,0.18640271925573748,0.5581280454508849,4,2025-03-31,242,0.0,0.0,,,0.0,,,,forced_top2,,,,True,,,True,0.6201550387596955,0.5201550387596955,0.42015503875969545,utility_positive
2025-04-04,4960,ケミプロ化成,0.0,-6.185567010309279,True,True,True,2025-04-03,2025-04-03,-1.661129568106312,-1.9177776455363742,-0.10947065314256799,0.21757577846438897,0.5,2.1240959851981853,0.6688963210702337,-0.5369950853546855,-0.212113337625983,0.1046620445508642,0.7314677,-0.87436736,-0.84221494,0.1866627,-0.3617148,0.554921399859396,2,0.9996825396825397,2.890064113384893,0.018610648621608217,0.2690677281346994,5,0.9987301587301587,2.788975088719257,0.11625883703892703,0.04016195772791235,198,0.9374603174603174,1.1414970653848486,0.0404324474522029,0.6077645104196682,228,0.927936507936508,0.8370939370268654,0.14181413326008302,2,0.027685063009678396,0.555379349984713,2.890064113384893,0.9996825396825397,0.018610648621608217,1.0,0.9659523809523809,0.033425703460083854,0.927936507936508,0.25,0.5,0.18640271925573748,0.554921399859396,4,2025-03-31,242,0.0,0.0,,,0.0,,,,forced_top2,,,,True,,,True,-3.0927835051546393,-3.1927835051546394,-3.2927835051546395,utility_positive
2025-04-07,7036,イーエムネットジャパン,0.0,-8.115942028985511,True,True,True,2025-04-04,2025-04-04,-15.48022598870057,-3.0589003671620674,-0.4795438307458632,0.5287184700055724,0.5555555555555556,4.013780824229304,-1.4476614699331813,-0.7392186459694832,-0.7118245602332991,-0.15033472410439888,0.7169979,-0.9460101,-0.9009196,-0.4280629,-0.96707207,0.6096224529173995,1,1.0,4.128440331940797,0.022612876835658935,0.5169258459614029,1,1.0,4.459841610441211,0.10058955067918457,0.1203696925966242,1,1.0,2.6790455527947263,0.04514698316109361,0.6269168856973601,13,0.9960304333443599,1.0684960316298435,0.13708104155035594,1,1.3926001282587595,0.5628632208290639,4.128440331940797,1.0,0.022612876835658935,0.0,0.9990076083360899,0.001718872782899971,0.9960304333443599,0.75,0.75,0.43865371909939327,0.6096224529173995,4,2025-03-31,242,0.0,0.0,155.0,-2.8824034334763993,0.0,0.06622791545576989,155.0,2024-08-15,forced_top2,,,,True,,,True,-4.057971014492756,-4.157971014492755,-4.257971014492756,utility_positive
2025-04-07,2338,クオンタムソリューションズ,1.0,3.0162412993039345,True,True,True,2025-04-04,2025-04-04,-5.400000000000005,-0.8555039192480768,-0.9974433618512357,0.16131767737800765,0.55,4.8091292126553045,0.6036217303822866,-0.6010074523676395,-0.12722790062787778,-0.005072370741124275,0.69029963,0.39721152,-0.9869475,0.20973004,0.5324829,0.5781317577357613,2,0.9996692027786966,2.7358402036820375,0.022612876835658935,0.4808035544131355,2,0.9996692027786966,4.10073580566956,0.10058955067918457,0.017311939037454392,860,0.7158451869004301,0.39632927048104916,0.04514698316109361,0.6079085807035352,124,0.959311941779689,0.9298313061590905,0.13708104155035594,2,0.11958143211219309,0.5628632208290639,2.7358402036820375,0.9996692027786966,0.022612876835658935,1.0,0.9186238835593781,0.11822796352297915,0.7158451869004301,0.5,0.5,0.43865371909939327,0.5781317577357613,4,2025-03-31,242,0.0,0.0,,,0.0,,,,forced_top2,,,,True,,,True,1.5081206496519672,1.4081206496519671,1.3081206496519673,utility_positive
2025-04-08,5845,全保連,1.0,4.661016949152552,True,True,True,2025-04-07,2025-04-07,-10.427807486631014,-3.753421918367477,-0.8492127083021866,-0.4043652855885477,0.55,3.0678866775169995,-6.499999999999995,-0.7797993282780092,0.3549720463032808,0.2677794079859891,0.39465874,-0.95489615,-0.8848665,0.45697328,-0.49139467,0.5833835608140784,1,1.0,3.490851235998971,0.021579987209330798,0.4443726086073471,2,0.9996017522899243,2.905786145754898,0.1539075562601121,0.036096695852512656,155,0.9386698526483472,1.2673345964113911,0.036249223679503575,0.5666794319004628,47,0.9816806053365194,0.9048218367512774,0.11227747665916948,1,0.36396609222426807,0.7445733525807136,3.490851235998971,1.0,0.021579987209330798,0.0,0.9799880525686977,0.02497615681143499,0.9386698526483472,0.5,0.5,0.1911006804471956,0.5833835608140784,4,2025-03-31,242,0.0,0.0,,,0.0,,,,forced_top2,,,,True,,,True,2.330508474576276,2.230508474576276,2.130508474576276,utility_positive
2025-04-08,5031,モイ,1.0,2.604166666666674,True,True,True,2025-04-07,2025-04-07,-10.447761194029848,-3.2343285513251763,-0.8090429750149781,-0.1260775730934459,0.3,2.9220839807968995,-6.0747663551401825,-1.1364472509322472,-0.34294096130109264,0.2487663940862058,0.441543,-0.8290801,-0.95667654,-0.6866469,-0.90949553,0.5755291771992486,2,0.9996017522899243,3.126885143774703,0.021579987209330798,0.41765380436761174,5,0.9984070091596974,2.732183205853889,0.1539075562601121,0.03169928164556921,188,0.9255276782158502,1.1460240203333198,0.036249223679503575,0.5659134028795157,51,0.9800876144962166,0.8979991948132832,0.11227747665916948,2,0.09069809614521951,0.7445733525807136,3.126885143774703,0.9996017522899243,0.021579987209330798,1.0,0.9759060135404222,0.030096699550664237,0.9255276782158502,0.25,0.5,0.1911006804471956,0.5755291771992486,4,2025-03-31,242,0.0,0.0,,,0.0,,,,forced_top2,,,,True,,,True,1.302083333333337,1.202083333333337,1.102083333333337,utility_positive
2025-04-09,9063,岡山県貨物運送,1.0,3.092783505154628,True,True,True,2025-04-08,2025-04-08,-7.621951219512191,-2.7505415305825576,-0.13403569601817733,0.08621981870148347,0.5,3.276257331605167,11.186440677966104,-0.13168530423199995,0.00826016562385998,-0.368111438317031,0.43134373,-0.68715084,0.29844165,0.67009705,-0.85710084,0.5816736108371653,1,1.0,2.67651019034931,0.022365751571703507,0.7188377119942055,1,1.0,3.331974504488658,0.14652565836370374,0.08193567829623113,34,0.9867203219315895,1.4100875231172412,0.06429184390557592,0.573121969387092,28,0.9891348088531187,0.9436623688816685,0.11132148530461844,1,0.2961046631730994,0.36659983808044594,2.67651019034931,1.0,0.022365751571703507,0.0,0.993963782696177,0.006096280646898648,0.9867203219315895,0.5,0.5,0.4663590257633739,0.5816736108371653,4,2025-03-31,242,0.0,0.0,,,0.0,,,,forced_top2,,,,True,,,True,1.546391752577314,1.446391752577314,1.3463917525773141,utility_positive
2025-04-09,7266,今仙電機製作所,0.0,-3.839441535776611,True,True,True,2025-04-08,2025-04-08,1.3913043478260834,0.2755698451462596,0.6431594593867396,0.3590846955080734,0.8,1.3726007049250444,7.476635514018692,-0.8519026074686824,-0.28229304741458944,-0.03936795730578623,0.2755072,-0.14201705,0.42193472,0.6671567,0.59600115,0.5750510075014128,2,0.9995975855130784,2.3804055271762103,0.022365751571703507,0.5230560697335784,26,0.9899396378269618,1.9958150601498315,0.14652565836370374,0.09280545500145694,20,0.9923541247484909,1.579156817835091,0.06429184390557592,0.552944361115841,145,0.9420523138832998,0.76240707736236,0.11132148530461844,2,0.0925187375504678,0.36659983808044594,2.3804055271762103,0.9995975855130784,0.022365751571703507,1.0,0.9809859154929577,0.022757553254630938,0.9420523138832998,0.25,0.25,0.4663590257633739,0.5750510075014128,4,2025-03-31,242,0.0,0.0,,,0.0,,,,forced_top2,,,,True,,,True,-1.9197207678883055,-2.0197207678883053,-2.1197207678883054,utility_positive
2025-04-10,9165,クオルテック,0.0,-6.797706797706793,True,True,True,2025-04-09,2025-04-09,-6.625980819529209,-0.9295866069308654,0.2033792032837584,0.11806045442873149,0.7,1.909703933946369,2.685765443151289,-0.9937339285257429,-0.3599742413318617,-0.2928802221290954,0.3071051,-0.7480916,-0.44920728,-0.370229,-0.8749266,0.5773932821493145,1,1.0,3.1933065396640767,0.019513750639191585,0.41814201275449114,5,0.9982190560997328,3.199420734343561,0.10317264708409322,0.07843932904998123,64,0.9719501335707925,1.315744998375098,0.04841699332149517,0.5553890308782142,36,0.9844167408726625,0.9545129349945755,0.10026225989198956,1,0.4379948751761498,0.7620982815301257,3.1933065396640767,1.0,0.019513750639191585,0.0,0.988646482635797,0.011370964193341165,0.9719501335707925,0.25,0.5,0.34978274170850937,0.5773932821493145,4,2025-03-31,242,0.0,0.0,,,0.0,,,,forced_top2,,,,True,,,True,-3.3988533988533964,-3.4988533988533965,-3.5988533988533966,utility_positive
2025-04-10,7266,今仙電機製作所,0.0,-3.8461538461538436,True,True,True,2025-04-09,2025-04-09,-3.839441535776611,-0.17883883818461177,0.45937068865355535,0.3156701349323728,0.8,1.6946323794416978,-1.715265866209259,-0.9051455755758937,-0.3108808118514104,0.00019075800281781826,0.29125074,-0.28655314,0.126835,0.498532,-0.015267176,0.5688463593738833,2,0.9995547640249333,2.755311664487927,0.019513750639191585,0.2658930178072063,59,0.9741763134461264,1.7237486521569831,0.10317264708409322,0.09529178307421543,22,0.9906500445235975,1.6638139896140147,0.04841699332149517,0.5540594252320008,44,0.9808548530721283,0.9412516575443586,0.10026225989198956,2,0.12503144794276272,0.7620982815301257,2.755311664487927,0.9995547640249333,0.019513750639191585,1.0,0.9863089937666965,0.00963385610601064,0.9741763134461264,0.25,0.25,0.34978274170850937,0.5688463593738833,4,2025-03-31,242,1.0,1.0,1.0,-4.039441535776611,1.0,-0.006204648127529522,1.0,2025-04-09,forced_top2,,,,True,,,True,-1.9230769230769218,-2.0230769230769217,-2.1230769230769218,utility_positive
2025-04-11,7266,今仙電機製作所,1.0,0.6956521739130528,True,True,True,2025-04-10,2025-04-10,-3.8461538461538436,-1.5460762519336546,0.24247283241143727,0.2545490854392304,0.75,1.9488106382811237,8.529945553539008,-0.4786482978989433,-0.16573886214956984,-0.1708673404502291,0.25517642,-0.6920385,0.062117234,0.5310586,-0.25605133,0.5864319424861293,1,1.0,2.854398343522858,0.02262717805621972,0.6159797670319808,3,0.9990867579908675,2.323830738779857,0.16086253168021444,0.09632014963737331,15,0.993607305936073,1.4854196950304501,0.06667593456620913,0.549662203736407,48,0.9785388127853881,0.945992333805863,0.10135362478511101,1,0.2550580625652403,0.8237085874278076,2.854398343522858,1.0,0.02262717805621972,0.0,0.9928082191780822,0.008593547862507248,0.9785388127853881,0.25,0.5,0.46354251897950327,0.5864319424861293,4,2025-03-31,242,2.0,2.0,1.0,-4.046153846153843,1.0,0.017585583112246006,1.0,2025-04-10,forced_top2,,,,True,,,True,0.3478260869565264,0.2478260869565264,0.14782608695652638,utility_positive
2025-04-11,7901,マツモト,1.0,0.27100271002709064,True,True,True,2025-04-10,2025-04-10,-3.9473684210526327,-2.3027402253317675,-0.02355466063297511,0.09292496956193792,0.6,2.7689800028788936,8.571428571428562,-0.6215827054900935,-0.2864202564810748,-0.3710263550153482,0.24992709,-0.9696705,-0.6459609,-0.58646834,-0.72936714,0.5806606982897912,2,0.9995433789954338,2.5993402809576174,0.02262717805621972,0.6265474676485023,2,0.9995433789954338,2.3895247229919763,0.16086253168021444,0.09340322815090689,20,0.991324200913242,1.4416719544784233,0.06667593456620913,0.5531522597231661,37,0.9835616438356164,0.9804267804688087,0.10135362478511101,2,0.36843715798006543,0.8237085874278076,2.5993402809576174,0.9995433789954338,0.02262717805621972,1.0,0.9934931506849315,0.006643600240617113,0.9835616438356164,0.5,0.5,0.46354251897950327,0.5806606982897912,4,2025-03-31,242,0.0,0.0,47.0,-1.7503875968992275,0.0,0.022244489104777387,47.0,2025-01-31,forced_top2,,,,True,,,True,0.13550135501354532,0.035501355013545316,-0.06449864498645469,utility_positive
2025-04-14,7043,アルー,1.0,2.2222222222222143,True,True,True,2025-04-11,2025-04-11,1.9461077844311392,2.3851080521877117,1.1357078291809661,0.9443254750574062,0.8,2.451134737095238,-1.4749262536873142,-1.2001016336700716,-0.6982430908068924,-0.5590229355823608,0.05358183,-0.56231797,0.45544556,0.80430984,0.82644147,0.555623634599171,1,1.0,3.008983361689281,0.018200886218513013,0.1643346250641783,39,0.9812992125984252,1.4438283112764285,0.12287292754997234,0.11076696999330862,4,0.9985236220472441,2.0245352623148523,0.04762674867851136,0.5856222006577302,7,0.9970472440944882,1.3446336620543522,0.0992658342427512,1,0.26305160035529424,0.7952999572054652,3.008983361689281,1.0,0.018200886218513013,0.0,0.9942175196850394,0.007531095444292748,0.9812992125984252,0.25,0.5,0.2071816377909036,0.555623634599171,4,2025-03-31,242,0.0,0.0,154.0,-1.6981273408239737,0.0,0.021431894435649634,154.0,2024-08-23,forced_top2,,,,True,,,True,1.1111111111111072,1.011111111111107,0.9111111111111072,utility_positive
2025-04-14,8025,ツカモトコーポレーション,1.0,1.3513513513513598,True,True,True,2025-04-11,2025-04-11,-3.6727879799666074,0.17179798392598072,0.678077643196946,0.3066826852200346,0.7,1.6780825418482308,-0.16666666666667052,-0.8534106140180082,-0.20212157162254557,-0.22761797428970398,-0.03843914,-0.15200932,0.24577752,0.5631916,-0.1659872,0.5508358623515065,2,0.999507874015748,2.7459317613339866,0.018200886218513013,0.20097194091980847,17,0.9921259842519685,1.7420007125218515,0.12287292754997234,0.09751992056877919,13,0.9940944881889764,1.7463922063202204,0.04762674867851136,0.5277798839173238,154,0.9247047244094488,0.7619325022680454,0.0992658342427512,2,0.001073337620608022,0.7952999572054652,2.7459317613339866,0.999507874015748,0.018200886218513013,1.0,0.9776082677165354,0.0306632402453427,0.9247047244094488,0.25,0.25,0.2071816377909036,0.5508358623515065,4,2025-03-31,242,0.0,0.0,,,0.0,,,,forced_top2,,,,True,,,True,0.6756756756756799,0.5756756756756799,0.47567567567567987,utility_positive
2025-04-15,7043,アルー,1.0,1.4684287812041008,True,True,True,2025-04-14,2025-04-14,2.2222222222222143,0.7749778577878549,1.2683089116387818,0.9646401040676872,0.85,2.4336588017618017,-0.8810572687224627,-1.2370014212835914,-0.707371823063378,-0.558237121624314,-0.06666667,-0.95942026,0.5466667,0.795942,0.83246374,0.5725922445848487,1,1.0,3.46957389518762,0.017862897133613886,0.32658544612359014,6,0.9975198412698413,2.4656454619831676,0.10216183771445517,0.09296197245100919,17,0.9920634920634921,1.5540060130589555,0.03998368627699035,0.5634420953410136,17,0.9920634920634921,1.2310439361316596,0.09490794969865246,1,1.0395550181486393,0.5199444818198957,3.46957389518762,1.0,0.017862897133613886,0.0,0.9954117063492064,0.003461132375236313,0.9920634920634921,0.25,0.25,0.3016890277345787,0.5725922445848487,4,2025-03-31,242,1.0,1.0,1.0,2.022222222222214,1.0,0.01696860998567773,1.0,2025-04-14,forced_top2,,,,True,,,True,0.7342143906020504,0.6342143906020504,0.5342143906020504,utility_positive
2025-04-15,8025,ツカモトコーポレーション,0.0,-1.4202172096908994,True,True,True,2025-04-14,2025-04-14,1.3513513513513598,-0.25517945222576693,0.6340749628306297,0.33527132845835955,0.7,1.646447632861437,2.5996533795493937,-0.7234279450405385,-0.15425681021505266,-0.2052958640565268,-0.04521739,-0.5550725,0.34376812,0.69739133,0.5373913,0.5540227802309274,2,0.9995039682539683,2.4300188770389806,0.017862897133613886,0.34024557497523106,5,0.998015873015873,2.5993561425782183,0.10216183771445517,0.055958868721054295,294,0.8546626984126984,0.6285509793831513,0.03998368627699035,0.5236676913279271,124,0.9389880952380952,0.8119599274750987,0.09490794969865246,2,0.046971496823008344,0.5199444818198957,2.4300188770389806,0.9995039682539683,0.017862897133613886,1.0,0.9477926587301587,0.05904900641177954,0.8546626984126984,0.25,0.5,0.3016890277345787,0.5540227802309274,4,2025-03-31,242,1.0,1.0,1.0,1.1513513513513598,1.0,0.0031869178794209363,1.0,2025-04-14,forced_top2,,,,True,,,True,-0.7101086048454497,-0.8101086048454497,-0.9101086048454496,utility_positive
2025-04-16,7043,アルー,0.0,0.0,True,True,True,2025-04-15,2025-04-15,1.4684287812041008,1.2163741014732827,1.3848958183248858,0.9697018261282435,0.9,2.38145918897545,-1.30434782608696,-1.3022188125879395,-0.7208328078027965,-0.559377433145672,-0.0810499,-0.24949524,0.6608018,0.77329105,0.86155176,0.5689723994662583,1,1.0,3.0674078509269758,0.01880393918894807,0.26724650794015575,15,0.9930589985126426,1.806146662357313,0.10052917855385196,0.12067435161871655,2,0.9995042141794744,2.283316953138591,0.04075997081045279,0.5683637352536247,13,0.9940505701536936,1.2823029616088077,0.0975484999946557,1,0.6785040122078597,0.46915765175567586,3.0674078509269758,1.0,0.01880393918894807,0.0,0.9966534457114526,0.0031233522975592743,0.9930589985126426,0.5,0.5,0.33471924113632484,0.5689723994662583,4,2025-03-31,242,2.0,2.0,1.0,1.2684287812041009,1.0,-0.00361984511859037,1.0,2025-04-15,forced_top2,,,,True,,,True,0.0,-0.1,-0.2,utility_positive
2025-04-16,9244,デジタリフト,0.0,-0.7052186177715081,True,True,True,2025-04-15,2025-04-15,-1.8005540166205036,0.140729622181619,0.3356771039066984,0.34129603576159945,0.75,1.6572635218363976,2.121640735502117,-0.49936988858267767,-0.3964574947554855,0.05342455281754041,-0.27487743,-0.34352466,0.22930488,-0.1664263,-0.042399768,0.5562138512812445,2,0.9995042141794744,2.388903838719116,0.01880393918894807,0.2886716485568528,11,0.9950421417947447,2.019270264130503,0.10052917855385196,0.11324622829922922,6,0.9975210708973723,2.101076309394498,0.04075997081045279,0.5087321054310361,239,0.8820029747149232,0.6710005856024559,0.0975484999946557,2,0.0037155655433527136,0.46915765175567586,2.388903838719116,0.9995042141794744,0.01880393918894807,1.0,0.9685176003966287,0.04997425159029582,0.8820029747149232,0.25,0.25,0.33471924113632484,0.5562138512812445,4,2025-03-31,242,0.0,0.0,,,0.0,,,,forced_top2,,,,True,,,True,-0.35260930888575404,-0.452609308885754,-0.552609308885754,utility_positive
2025-04-17,7043,アルー,0.0,-0.5772005772005762,True,True,True,2025-04-16,2025-04-16,0.0,1.1865233552046246,1.3703820302261924,0.950257381683799,0.85,2.389352916865116,0.0,-1.3022188125879395,-0.6989029832413929,-0.5610953640413178,-0.11944605,-0.6301212,0.66560876,0.76860934,0.8315061,0.5742576426196042,1,1.0,3.5847196856884818,0.01783431284490644,0.32686483163200875,3,0.9989883662114315,2.457050472873034,0.09894412901073427,0.13067063185508754,2,0.9994941831057157,2.7554109889877374,0.03721386419808705,0.5656499134334316,15,0.9929185634800203,1.2982393319353185,0.09462113282099122,1,1.1746495917328141,0.4654225939216307,3.5847196856884818,1.0,0.01783431284490644,0.0,0.997850278199292,0.0028697030141401456,0.9929185634800203,0.5,0.75,0.31473491438103235,0.5742576426196042,4,2025-03-31,242,3.0,3.0,1.0,-0.2,1.0,0.005285243153345887,1.0,2025-04-16,forced_top2,,,,True,,,True,-0.2886002886002881,-0.38860028860028806,-0.4886002886002881,utility_positive
2025-04-17,9244,デジタリフト,0.0,0.0,True,True,True,2025-04-16,2025-04-16,-0.7052186177715081,-0.30151892064979036,0.37307139098377673,0.33351609221167516,0.75,1.6228578327576015,0.0,-0.6004480556985811,-0.3916571875358234,0.05104667507224803,-0.30755913,-0.35487595,0.18118869,-0.1557992,-0.088863246,0.5533085743174996,2,0.9994941831057157,2.4100700939556674,0.01783431284490644,0.25782956384583017,14,0.9934243803743045,1.7593307751364546,0.09894412901073427,0.09604195433950362,20,0.9903894790085989,1.8248793642347247,0.03721386419808705,0.4978421253793349,304,0.8467374810318664,0.5816151906625785,0.09462113282099122,2,0.2870033681611963,0.4654225939216307,2.4100700939556674,0.9994941831057157,0.01783431284490644,1.0,0.9575113808801213,0.06403929543553626,0.8467374810318664,0.25,0.25,0.31473491438103235,0.5533085743174996,4,2025-03-31,242,1.0,1.0,1.0,-0.905218617771508,1.0,-0.002905276963744874,1.0,2025-04-16,forced_top2,,,,True,,,True,0.0,-0.1,-0.2,utility_positive
2025-04-18,7043,アルー,1.0,0.8771929824561431,True,True,True,2025-04-17,2025-04-17,-0.5772005772005762,1.0119116421313752,1.3196241911471855,0.935063236054871,0.8,2.42077926549534,0.28943560057888007,-1.2443316924721644,-0.6693673596952265,-0.5691756019942792,-0.07105719,0.080300406,0.6799538,0.7862507,0.7810514,0.5660309797966652,1,1.0,3.1308183654852075,0.018957959972534022,0.28452915942958107,10,0.9956437560503388,2.0775774489183325,0.11312542426091748,0.1291431798021449,3,0.9990319457889641,2.531157955380017,0.04011264862754847,0.5631295704858281,18,0.9917715392061955,1.1723498028628405,0.09937984549184165,1,0.6887347366140972,0.564212514250373,3.1308183654852075,1.0,0.018957959972534022,0.0,0.9966118102613747,0.003228863519875681,0.9917715392061955,0.25,0.5,0.3061794740415705,0.5660309797966652,4,2025-03-31,242,4.0,4.0,1.0,-0.7772005772005761,1.0,-0.008226662822939046,1.0,2025-04-17,forced_top2,,,,True,,,True,0.43859649122807154,0.33859649122807156,0.23859649122807153,utility_positive
2025-04-18,5982,マルゼン,0.0,-1.4106583072100332,True,True,True,2025-04-17,2025-04-17,0.15698587127157548,-0.7522556338504693,0.616751302210265,0.23012556056335953,0.8,1.9645857519598395,0.9508716323296307,-0.36776448495499714,-0.24278099242916296,-0.1842814707706852,0.18197574,-0.8870595,0.8463316,0.06585789,0.19641826,0.5529739742282413,2,0.9995159728944821,2.44208362887111,0.018957959972534022,0.2671397983399013,13,0.9941916747337851,1.923859916336336,0.11312542426091748,0.05390409208760719,244,0.8823814133591481,0.6554631237287065,0.04011264862754847,0.5415262477028726,71,0.9661181026137464,0.9549684749282044,0.09937984549184165,2,0.08298562031618599,0.564212514250373,2.44208362887111,0.9995159728944821,0.018957959972534022,1.0,0.9605517909002905,0.046881342274468836,0.8823814133591481,0.25,0.25,0.3061794740415705,0.5529739742282413,4,2025-03-31,242,0.0,0.0,,,0.0,,,,forced_top2,,,,True,,,True,-0.7053291536050166,-0.8053291536050166,-0.9053291536050165,utility_positive
2025-04-21,7043,アルー,1.0,0.8746355685131268,True,True,True,2025-04-18,2025-04-18,0.8771929824561431,0.7981286817363761,1.3417131581219526,0.9496831190958067,0.8,2.414293308658713,-0.7256894049346929,-1.2878836045793636,-0.6953510719996936,-0.5663314885324996,-0.04715071,-0.48741683,0.569569,0.7338733,0.665606,0.5666969171681641,1,1.0,3.3211484532643323,0.018107106602044676,0.2804414786855372,7,0.9972222222222222,2.171515844102653,0.10419852038501318,0.13962319136106635,2,0.999537037037037,2.5619866595327974,0.04748893893104034,0.5629094696391108,30,0.986574074074074,1.064386560912285,0.10386814650255732,1,0.05759438715147781,1.2293952079745718,3.3211484532643323,1.0,0.018107106602044676,0.0,0.9958333333333333,0.005448426988861034,0.986574074074074,0.5,0.5,0.2602272092367354,0.5666969171681641,4,2025-03-31,242,5.0,5.0,1.0,0.6771929824561431,1.0,0.0006659373714988925,1.0,2025-04-18,forced_top2,,,,True,,,True,0.4373177842565634,0.33731778425656345,0.2373177842565634,utility_positive
2025-04-21,8887,クミカ,0.0,-0.5988023952095856,True,True,True,2025-04-18,2025-04-18,-0.5952380952380931,0.3084242249345781,1.4665896682283912,0.5136190841102153,0.7,3.64717702132575,0.5988023952095745,-1.08666886496874,-0.3339665420400835,-0.13967996114879502,-0.032108765,-0.85073763,0.8391669,0.578247,0.8137113,0.5656540494603328,2,0.999537037037037,3.2635540661128544,0.018107106602044676,0.3323527008947236,4,0.9986111111111111,2.6697112313056057,0.10419852038501318,0.09595191130920895,12,0.9949074074074074,1.6423771455094716,0.04748893893104034,0.5560519251417725,48,0.9782407407407407,0.9983649293703233,0.10386814650255732,2,0.5798766892411882,1.2293952079745718,3.2635540661128544,0.999537037037037,0.018107106602044676,1.0,0.992824074074074,0.008596039179457,0.9782407407407407,0.25,0.5,0.2602272092367354,0.5656540494603328,4,2025-03-31,242,0.0,0.0,65.0,-1.238062283737029,0.0,0.015077268488989382,65.0,2025-01-15,forced_top2,,,,True,,,True,-0.2994011976047928,-0.39940119760479276,-0.4994011976047928,utility_positive
2025-04-22,7043,アルー,1.0,1.3157894736842035,True,True,True,2025-04-21,2025-04-21,0.8746355685131268,0.5286113509945586,1.474333825436498,0.9586675374077144,0.85,2.304259264150282,-0.5797101449275366,-1.1940367418835443,-0.6802195193187337,-0.5710714054017254,-0.08306802,-0.48827785,0.7846599,0.7649783,0.6567294,0.5674122834674427,1,1.0,3.330954540282334,0.017695838946214848,0.27857342474707075,6,0.9976679104477612,2.229604422655215,0.10544182409210567,0.12732569263202773,2,0.9995335820895522,2.586743344645333,0.037739098609464304,0.5597805685995948,42,0.9808768656716418,1.0405721787832984,0.10242880269346755,1,0.1597715979799156,1.2071122513826014,3.330954540282334,1.0,0.017695838946214848,0.0,0.9945195895522387,0.007924816388780873,0.9808768656716418,0.5,0.5,0.3181482349006796,0.5674122834674427,4,2025-03-31,242,5.0,6.0,1.0,0.6746355685131269,1.0,0.000715366299278597,1.0,2025-04-21,forced_top2,,,,True,,,True,0.6578947368421018,0.5578947368421018,0.45789473684210175,utility_positive
2025-04-22,8887,クミカ,1.0,2.752293577981657,True,True,True,2025-04-21,2025-04-21,-0.5988023952095856,-0.29618473895582254,1.3893309364805304,0.4981565880497045,0.65,3.6750362994486303,0.0,-1.1024916497788666,-0.31232152039506195,-0.1422089558272016,-0.029232996,-0.8188133,0.7591896,0.5918958,0.73863965,0.5645849910014107,2,0.9995335820895522,3.1711829423024183,0.017695838946214848,0.34422267510338417,3,0.9990671641791045,2.8522155252378814,0.10544182409210567,0.09052097520709537,29,0.9869402985074627,1.6115023139625713,0.037739098609464304,0.549071293195195,64,0.9706156716417911,0.9360188195446008,0.10242880269346755,2,0.20409425463199526,1.2071122513826014,3.1711829423024183,0.9995335820895522,0.017695838946214848,1.0,0.9890391791044776,0.011774165635601044,0.9706156716417911,0.25,0.5,0.3181482349006796,0.5645849910014107,4,2025-03-31,242,1.0,1.0,1.0,-0.7988023952095855,1.0,-0.0010690584589221341,1.0,2025-04-21,forced_top2,,,,True,,,True,1.3761467889908285,1.2761467889908285,1.1761467889908286,utility_positive
2025-04-23,7043,アルー,0.0,-0.575539568345329,True,True,True,2025-04-22,2025-04-22,1.3157894736842035,0.4980834894905791,1.3585801826305421,0.9665207853925409,0.85,2.247678889044787,-1.1560693641618491,-1.2367572538322098,-0.6827649340280088,-0.5718945159792547,-0.1335071,-0.4451202,0.62988704,0.76600057,0.6513177,0.5674879295376098,1,1.0,3.300644061230296,0.018203111160763452,0.28179867140213916,5,0.9981290926099158,2.4366790341505578,0.1013314585276279,0.1294653621634291,4,0.9985968194574368,2.47081991666956,0.04045800609309483,0.5557710205223347,53,0.9756782039289055,0.995848934605929,0.1009761054178519,1,0.6487232018769615,0.7419394581772586,3.300644061230296,1.0,0.018203111160763452,0.0,0.9931010289990646,0.010082605947053248,0.9756782039289055,0.25,0.75,0.3392115447933455,0.5674879295376098,4,2025-03-31,242,5.0,7.0,1.0,1.1157894736842036,1.0,7.564607016719016e-05,1.0,2025-04-22,forced_top2,,,,True,,,True,-0.2877697841726645,-0.3877697841726645,-0.48776978417266453,utility_positive
2025-04-23,3712,情報企画,1.0,0.7559395248380119,True,True,True,2025-04-22,2025-04-22,0.433839479392617,0.5925930572030547,0.49661382605411075,0.7315052492846637,0.6,3.00832781519355,0.43572984749455923,-1.0728203612595961,-0.5168678664421857,-0.32114672441188136,0.22675934,-0.71792644,-0.6617434,0.60092676,-0.7242977,0.5556791489812771,2,0.999532273152479,2.6519208593533343,0.018203111160763452,0.24016742088237586,14,0.9939195509822264,2.025836723927493,0.1013314585276279,0.11115432905976913,14,0.9939195509822264,2.018226354309471,0.04045800609309483,0.5681952310629865,25,0.9887745556594949,1.118890029221718,0.1009761054178519,2,0.03221042779501945,0.7419394581772586,2.6519208593533343,0.999532273152479,0.018203111160763452,1.0,0.9940364826941066,0.003805224531167656,0.9887745556594949,0.25,0.25,0.3392115447933455,0.5556791489812771,4,2025-03-31,242,0.0,0.0,169.0,-3.766878980891719,0.0,0.014512929242488037,169.0,2024-08-13,forced_top2,,,,True,,,True,0.37796976241900593,0.27796976241900595,0.17796976241900592,utility_positive
2025-04-24,7043,アルー,1.0,0.5788712011577379,True,True,True,2025-04-23,2025-04-23,-0.575539568345329,0.3829755758215133,1.2710660529651105,0.9374189832222368,0.8,2.288909140658934,0.28860028860029363,-1.1931301591102248,-0.6807466656780822,-0.5778685522540421,-0.16392021,-0.7730558,0.56345767,0.7322926,0.5727089,0.573671474332416,1,1.0,3.4155346375539395,0.018595341441591584,0.34781471519594803,3,0.999116217410517,2.6480456289920786,0.10862775106296413,0.13971298315546898,2,0.9995581087052585,2.6726196411079135,0.04130621199088701,0.5561722676669361,56,0.9756959787892179,0.9434695222736241,0.10148912967560003,1,1.0136947469241182,0.4194839722072487,3.4155346375539395,1.0,0.018595341441591584,0.0,0.9935925762262483,0.010337328824825081,0.9756959787892179,0.5,0.75,0.320062230326797,0.573671474332416,4,2025-03-31,242,5.0,8.0,1.0,-0.775539568345329,1.0,0.006183544794806206,1.0,2025-04-23,forced_top2,,,,True,,,True,0.28943560057886897,0.18943560057886896,0.08943560057886896,utility_positive
2025-04-24,6226,守⾕輸送機⼯業,0.0,-0.1096892138939709,True,True,True,2025-04-23,2025-04-23,-2.3834560112162673,0.47542163020648315,0.7638003745756725,0.6767902907315816,0.7,1.7402318758702873,0.4577464788732444,-0.5913425933960591,-0.5119547702993029,-0.13890634627296758,0.11477306,-0.46285054,0.7068517,0.5131541,0.48713502,0.5548214743958143,2,0.9995581087052585,2.4018398906298213,0.018595341441591584,0.20096131517670224,61,0.9734865223155104,1.2961498327316476,0.10862775106296413,0.10867589760486218,13,0.9946973044631021,1.9212293766737354,0.04130621199088701,0.577247663734154,15,0.993813521873619,1.1511311322862767,0.10148912967560003,2,0.05492735371647893,0.4194839722072487,2.4018398906298213,0.9995581087052585,0.018595341441591584,1.0,0.9903888643393726,0.01000068927199,0.9734865223155104,0.25,0.25,0.320062230326797,0.5548214743958143,4,2025-03-31,242,0.0,0.0,,,0.0,,,,forced_top2,,,,True,,,True,-0.05484460694698545,-0.15484460694698546,-0.25484460694698546,utility_positive
2025-04-25,7043,アルー,1.0,0.1436781609195359,True,True,True,2025-04-24,2025-04-24,0.5788712011577379,0.6141899314931761,1.2634063919395422,0.933269927082592,0.8,2.2910631130987933,0.0,-1.1495887948141434,-0.6779918447414431,-0.5784186733957041,-0.625687,-0.4168354,0.6719699,0.7680069,0.78247035,0.5665766858748758,1,1.0,2.897037841961915,0.019900877541486617,0.3473641036980472,4,0.9988043045037863,2.7943161080147387,0.10685420355274594,0.12931838199788165,2,0.9996014348345954,2.389374505416083,0.04382124389301779,0.4993864263111451,850,0.6616181745715424,0.27920326915131993,0.11644308435870665,1,0.4957184504763143,0.23585988355204074,2.897037841961915,1.0,0.019900877541486617,0.0,0.915005978477481,0.14629415021107664,0.6616181745715424,0.5,0.75,0.32525408041570586,0.5665766858748758,4,2025-03-31,242,5.0,9.0,1.0,0.3788712011577379,1.0,-0.007094788457540302,1.0,2025-04-24,forced_top2,,,,True,,,True,0.07183908045976795,-0.02816091954023206,-0.12816091954023207,utility_positive
2025-04-25,3387,クリエイト・レストランツ・ホールディングス,0.0,-1.4967925873129007,True,True,True,2025-04-24,2025-04-24,-4.078857919782464,-0.2133190981313815,0.6494574350782828,0.29997704466564984,0.75,2.0333198697218564,-0.2711864406779618,-0.36394120682825715,-0.14634739894624366,-0.04188274165109258,-0.3369974,-0.90338445,0.84784496,0.6129592,0.34104714,0.5567114536968911,2,0.9996014348345954,2.4013193914856004,0.019900877541486617,0.25716803274524297,15,0.9944200876843364,1.950212011461521,0.10685420355274594,0.08185466201303483,55,0.9784774810681547,1.3062532663038038,0.04382124389301779,0.49477526639817143,911,0.6373056994818653,0.23960315087577813,0.11644308435870665,2,0.0615911813684874,0.23585988355204074,2.4013193914856004,0.9996014348345954,0.019900877541486617,1.0,0.9024511757672379,0.15327962706143874,0.6373056994818653,0.25,0.25,0.32525408041570586,0.5567114536968911,4,2025-03-31,242,0.0,0.0,,,0.0,,,,forced_top2,,,,True,,,True,-0.7483962936564503,-0.8483962936564503,-0.9483962936564503,utility_positive
2025-04-28,6967,新光電気⼯業,0.0,-0.23700694091755015,True,True,True,2025-04-25,2025-04-25,-0.21955750717783662,-0.05060726896559675,0.7609075013312155,0.5560416824030959,0.3,8.982790280760264,-0.03376667229444408,-2.20568356346109,-0.2895066037292312,-0.24010563770767385,-0.29936305,-0.40532717,-0.99884194,0.22292994,-1.0,0.5812850817717237,1,1.0,3.6638387776962693,0.020331975853375095,0.6395028798943732,1,1.0,5.280613055745945,0.11578145437071252,0.0635940147807547,123,0.9573277369709688,0.9780338416796526,0.051282709235562815,0.5149916418632439,989,0.6544246239944036,0.2768100112619127,0.12897116009459098,1,0.8983155021491714,0.5184318016055884,3.6638387776962693,1.0,0.020331975853375095,0.0,0.9029380902413431,0.1445330457278175,0.6544246239944036,0.5,0.5,0.3023185279218858,0.5812850817717237,4,2025-03-31,242,0.0,0.0,,,0.0,,,,forced_top2,,,,True,,,True,-0.11850347045877507,-0.21850347045877508,-0.3185034704587751,utility_positive
2025-04-28,7043,アルー,0.0,-0.43041606886656814,True,True,True,2025-04-25,2025-04-25,0.1436781609195359,0.4674869671858547,1.2192706518916772,0.8776214453533074,0.8,2.304333334921272,0.14388489208632116,-1.0987898990470364,-0.6591734019587236,-0.5856226746335309,-0.84713376,-0.02431963,0.59756804,0.72785175,0.7009265,0.5630205526733142,2,0.9996502273522211,2.765523275547098,0.020331975853375095,0.34461490664065647,3,0.9993004547044421,2.7336768917767524,0.11578145437071252,0.1395941544267026,1,1.0,2.46001755078612,0.051282709235562815,0.4408448639814227,1849,0.35362014690451204,-0.2980997424182116,0.12897116009459098,2,0.11002746513108842,0.5184318016055884,2.765523275547098,0.9996502273522211,0.020331975853375095,1.0,0.8381427072402938,0.2797393399730655,0.35362014690451204,0.5,0.75,0.3023185279218858,0.5630205526733142,4,2025-03-31,242,5.0,10.0,1.0,-0.05632183908046412,1.0,-0.003556133201561562,1.0,2025-04-25,forced_top2,,,,True,,,True,-0.21520803443328407,-0.31520803443328405,-0.4152080344332841,utility_positive
2025-04-30,8518,日本アジア投資,0.0,-3.879310344827591,True,True,True,2025-04-28,2025-04-28,-3.347280334728031,0.05048772130142023,-0.15577456539934756,0.5343489055531954,0.5,6.083544698238552,0.0,-0.6760651382966298,-0.2775943658454614,-0.026894386349501,0.7232558,-0.7453488,-0.9877907,0.58313954,-0.7482558,0.5673364732320195,1,1.0,3.062621041972177,0.020700801195524643,0.31276325229115065,6,0.9983471074380166,2.480141368773908,0.13050980383441646,0.05448947168304289,256,0.915702479338843,0.8282130336279878,0.0541331901838164,0.6151854871169935,35,0.9887603305785124,0.9714530640536988,0.13090963044106774,1,0.2996349102402184,0.4473067168395974,3.062621041972177,1.0,0.020700801195524643,0.0,0.9757024793388429,0.0349057880982029,0.915702479338843,0.25,0.25,0.257397985326568,0.5673364732320195,4,2025-03-31,242,0.0,0.0,,,0.0,,,,forced_top2,,,,True,,,True,-1.9396551724137956,-2.0396551724137955,-2.1396551724137955,utility_positive
2025-04-30,7043,アルー,1.0,0.14409221902016434,True,True,True,2025-04-28,2025-04-28,-0.43041606886656814,0.20647663970991567,1.1242204366836432,0.8488028225605098,0.75,2.3324564093727385,0.0,-1.0334778526029145,-0.6378058805912024,-0.5865891991003613,-0.88081396,-0.3633721,0.22616279,0.7,0.49069768,0.5611337905238979,2,0.9996694214876033,2.762986131731959,0.020700801195524643,0.3229887351104915,5,0.9986776859504132,2.5584916728806735,0.13050980383441646,0.1397603135185991,2,0.9996694214876033,2.4034174792926124,0.0541331901838164,0.42518198995502493,2180,0.2796694214876033,-0.47995655739125226,0.13090963044106774,2,0.12558438865990643,0.4473067168395974,2.762986131731959,0.9996694214876033,0.020700801195524643,1.0,0.8194214876033058,0.3116262636802069,0.2796694214876033,0.5,0.75,0.257397985326568,0.5611337905238979,4,2025-03-31,242,5.0,11.0,1.0,-0.6304160688665681,1.0,-0.001886762149416299,1.0,2025-04-28,forced_top2,,,,True,,,True,0.07204610951008217,-0.027953890489917838,-0.12795389048991784,utility_positive
2025-05-01,8518,日本アジア投資,0.0,-2.26244343891403,True,True,True,2025-04-30,2025-04-30,-3.879310344827591,-0.041613663903414456,-0.33237897152961604,0.5557657206198404,0.5,6.1403972526382855,0.43290043290042934,-0.6544201166516084,-0.2625911966366849,-0.03402859118424714,0.7668605,-0.677907,-0.99651164,0.6505814,-0.8366279,0.5749247484455284,1,1.0,3.405236054798649,0.020714579161340285,0.38724840028292556,1,1.0,3.0911353223180518,0.1313543998179504,0.03927757564908029,621,0.7986359207534914,0.5264644755165202,0.05046554609251622,0.6221127960098196,20,0.9938291653134135,0.988742073036527,0.13136543468608475,1,0.5987692414891338,0.40990931399114167,3.405236054798649,1.0,0.020714579161340285,0.0,0.9481162715167262,0.08633928203057266,0.7986359207534914,0.5,0.5,0.25228563656131375,0.5749247484455284,4,2025-04-30,263,1.0,1.0,1.0,-4.079310344827591,1.0,0.00758827521350891,1.0,2025-04-30,forced_top2,,,,True,,,True,-1.131221719457015,-1.2312217194570152,-1.331221719457015,utility_positive
2025-05-01,7043,アルー,1.0,0.2877697841726645,True,True,True,2025-04-30,2025-04-30,0.14409221902016434,-0.027862811222892157,1.072945515470908,0.8405205988604186,0.75,2.3426561134000505,0.0,-0.9899995917333495,-0.6378058805912024,-0.5877648678114277,-0.9180232,-0.36860466,0.12383721,0.65930235,0.40872094,0.5625214955933261,2,0.9996752192270217,2.8064668133095156,0.020714579161340285,0.32740503500186546,2,0.9996752192270217,2.635548258892696,0.1313543998179504,0.12456188447265697,1,1.0,2.216415648683829,0.05046554609251622,0.397677195454187,2474,0.19681714842481324,-0.7197408402347719,0.13136543468608475,2,0.24227983156124988,0.40990931399114167,2.8064668133095156,0.9996752192270217,0.020714579161340285,1.0,0.7990418967197142,0.34769464582213133,0.19681714842481324,0.75,0.75,0.25228563656131375,0.5625214955933261,4,2025-04-30,263,5.0,12.0,1.0,-0.055907780979835675,1.0,0.0013877050694282023,1.0,2025-04-30,forced_top2,,,,True,,,True,0.14388489208633226,0.043884892086332256,-0.05611510791366775,utility_positive
2025-05-02,8518,日本アジア投資,0.0,-0.9216589861751112,True,True,True,2025-05-01,2025-05-01,-2.26244343891403,-0.9365802277924136,-0.35808855606273005,0.5180583299712732,0.5,6.147709558328071,-0.8968609865470878,-0.6818415631915065,-0.30229135499332777,-0.029643526665479127,0.8142649,-0.9429403,-0.9988355,0.46200874,-0.8491994,0.5764681114552943,1,1.0,3.3791108549662807,0.02098122588069795,0.41145045293242705,2,0.9996838444514701,3.4456196628525273,0.127016155320023,0.01653807557486988,1667,0.47328485614922544,-0.048859304402833245,0.04802904659772885,0.6267504597893524,34,0.989566866898514,0.9680620124847331,0.13486325966810309,1,0.5800361322052706,0.5831080735435088,3.3791108549662807,1.0,0.02098122588069795,0.0,0.8656338918748023,0.22656168527110732,0.47328485614922544,0.5,0.5,0.27723866352034243,0.5764681114552943,4,2025-04-30,263,2.0,2.0,1.0,-2.4624434389140304,1.0,0.0015433630097658746,1.0,2025-05-01,forced_top2,,,,True,,,True,-0.4608294930875556,-0.5608294930875556,-0.6608294930875556,utility_positive
2025-05-02,3917,アイリッジ,0.0,-3.669724770642202,True,True,True,2025-05-01,2025-05-01,-2.737226277372262,-0.9001281709377522,1.030268448511743,0.13271040223614303,0.7,4.062278796333796,1.2939001848428777,-0.9958454965503039,-0.24819908368723903,0.00837990881544708,0.34614265,-0.7478894,-0.426492,-0.6768559,0.12401747,0.5642982423465291,2,0.9996838444514701,2.79907472276101,0.02098122588069795,0.2562442644650818,7,0.9981030667088208,2.223679130356514,0.127016155320023,0.06069022536346452,204,0.935820423648435,0.8704208586700366,0.04802904659772885,0.5555563047746502,800,0.7473917167246285,0.44016319712234203,0.13486325966810309,2,0.2981614743467748,0.5831080735435088,2.79907472276101,0.9996838444514701,0.02098122588069795,1.0,0.9202497628833386,0.10306946665912252,0.7473917167246285,0.25,0.25,0.27723866352034243,0.5642982423465291,4,2025-04-30,263,0.0,0.0,,,0.0,,,,forced_top2,,,,True,,,True,-1.834862385321101,-1.934862385321101,-2.034862385321101,utility_positive
2025-05-07,8518,日本アジア投資,0.0,-0.4366812227074246,True,True,True,2025-05-02,2025-05-02,-0.9216589861751112,-1.9981050074835747,-0.44080154200152216,0.4783071029659156,0.45,6.143389700371757,0.4629629629629539,-0.5163446605949601,-0.29457530561061185,-0.031866503073069326,0.752042,-0.9865811,-0.9970828,0.30396733,-0.82905483,0.5738449474688269,1,1.0,3.774289460007721,0.01967123456636999,0.46071335413392267,1,1.0,4.34085763820643,0.12211583200906326,0.013138307245614251,1686,0.47095761381475665,-0.04775540091239688,0.048260859320913396,0.6231704113859281,54,0.9833594976452119,0.8992850462537603,0.1383536587965002,1,0.4432427047690287,1.0113310105636797,3.774289460007721,1.0,0.01967123456636999,0.0,0.8635792778649921,0.22678199828681717,0.47095761381475665,0.5,0.5,0.2558155574765881,0.5738449474688269,4,2025-04-30,263,3.0,3.0,1.0,-1.1216589861751112,1.0,-0.002623163986467447,1.0,2025-05-02,forced_top2,,,,True,,,True,-0.2183406113537123,-0.3183406113537123,-0.4183406113537123,utility_positive
2025-05-07,3917,アイリッジ,0.0,0.0,True,True,True,2025-05-02,2025-05-02,-3.669724770642202,-1.8900146241521134,0.7628269860990355,0.08256760647199618,0.65,4.191335176758969,2.251407129455907,-0.7560024128047811,-0.20245194731911423,-0.007349693143891239,0.31971994,-0.9326138,-0.7345391,-0.747958,-0.10093349,0.565125816253483,2,0.9996860282574568,3.331046755238692,0.01967123456636999,0.2910055813304374,4,0.9990580847723705,2.9511297871044544,0.12211583200906326,0.05344803386580612,319,0.9001569858712716,0.7874913640104984,0.048260859320913396,0.560887393499534,761,0.7613814756671899,0.4491125070655907,0.1383536587965002,2,0.4395909399997189,1.0113310105636797,3.331046755238692,0.9996860282574568,0.01967123456636999,1.0,0.9150706436420721,0.09754028798673516,0.7613814756671899,0.25,0.5,0.2558155574765881,0.565125816253483,4,2025-04-30,263,1.0,1.0,1.0,-3.869724770642202,1.0,0.0008275739069538712,1.0,2025-05-02,forced_top2,,,,True,,,True,0.0,-0.1,-0.2,utility_positive
2025-05-08,319A,技術承継機構,0.0,-0.450958286358516,True,True,True,2025-05-07,2025-05-07,-0.3424657534246589,-1.6550311973552838,-0.18275186489334097,0.15867432815066795,0.35,4.4596126091246795,1.6241299303944245,0.9882261988485481,0.8949307845871142,-0.2309279381918411,0.8647541,-0.90398127,0.57259953,,-0.73009366,0.5780741325235997,1,1.0,4.142157010510701,0.02025506934085386,0.08544686069980507,20,0.9940401505646174,1.7358106546830707,0.12269249378547213,-0.03012990967899815,2633,0.17440401505646175,-0.7795258035417112,0.05276152959155882,0.6109749843675123,181,0.9435382685069009,0.797463980567461,0.13597997069213225,1,1.5776852313785639,0.38504132032170707,4.142157010510701,1.0,0.02025506934085386,0.0,0.777995608531995,0.3491734447087384,0.17440401505646175,0.25,0.25,0.22011617942265674,0.5780741325235997,4,2025-04-30,263,0.0,0.0,,,0.0,,,,forced_top2,,,,True,,,True,-0.225479143179258,-0.32547914317925797,-0.425479143179258,utility_positive
2025-05-08,7375,リファインバースグループ,0.0,0.0,True,True,True,2025-05-07,2025-05-07,-3.213844252163167,0.2063931145233707,0.779896937241273,0.4136434688794018,0.7,2.4946442082628764,-0.12345679012345512,-0.5636316464167161,-0.3225907950244829,0.08948898577473653,0.47892272,-0.8425059,-0.6709602,0.18653001,-0.44115925,0.5461180087639859,2,0.9996863237139272,2.5644717791321368,0.02025506934085386,0.017915136827556147,106,0.9670639899623589,1.1853961852345307,0.12269249378547213,0.08375126355984931,44,0.9865119196988708,1.3788872318731493,0.05276152959155882,0.5755972118905979,605,0.8105395232120451,0.5372949843774848,0.13597997069213225,2,0.04471830299903565,0.38504132032170707,2.5644717791321368,0.9996863237139272,0.02025506934085386,1.0,0.9409504391468005,0.07618181734692026,0.8105395232120451,0.25,0.25,0.22011617942265674,0.5461180087639859,4,2025-04-30,263,0.0,0.0,,,0.0,,,,forced_top2,,,,True,,,True,0.0,-0.1,-0.2,utility_positive
2025-05-09,4475,ＨＥＮＮＧＥ,0.0,-1.305483028720622,True,True,True,2025-05-08,2025-05-08,-15.869565217391301,-3.2549784748621624,-0.036149086268841835,0.12955746864538578,0.4,4.76726728554723,6.9145845438698395,0.9669146789863843,0.018061921087497358,-0.1845674426617729,0.8636096,-0.97824806,0.08788948,0.3180482,-0.7848325,0.5546033786384842,1,1.0,3.4289259930368714,0.021303002894614398,0.2442808745623588,1,1.0,3.627520911275325,0.1353792987835753,0.06754000308428428,73,0.9774153074027604,1.5915522954680388,0.037742957698606666,0.6476416653315651,8,0.9978042659974906,1.0524897260236723,0.13873532985748105,1,0.9284990047142445,0.45653452351134494,3.4289259930368714,1.0,0.021303002894614398,0.0,0.9938048933500627,0.009504896131799634,0.9774153074027604,0.5,0.5,0.2158276626554142,0.5546033786384842,4,2025-04-30,263,0.0,0.0,,,0.0,,,,forced_top2,,,,True,,,True,-0.652741514360311,-0.752741514360311,-0.852741514360311,utility_positive
2025-05-09,7782,シンシア,1.0,6.866952789699576,True,True,True,2025-05-08,2025-05-08,-1.1315417256011262,2.0834171564390274,1.3414774166228323,1.3765062457206332,0.7,3.083416978072196,0.28368794326241176,-0.48580345944700287,-0.6901279489925011,-0.1327990323222323,0.22810112,0.9370958,0.117577896,0.97413284,0.64021164,0.53482356165341,2,0.9996863237139272,2.500426988322627,0.021303002894614398,-0.12631207346829804,252,0.921267252195734,0.8900791357561088,0.1353792987835753,0.08391971874456407,28,0.9915307402760352,2.0255330076072062,0.037742957698606666,0.6148927269252572,139,0.9567126725219574,0.8164363830147217,0.13873532985748105,2,0.08140669149301885,0.45653452351134494,2.500426988322627,0.9996863237139272,0.021303002894614398,1.0,0.9672992471769134,0.0310930382453189,0.921267252195734,0.25,0.25,0.2158276626554142,0.53482356165341,4,2025-04-30,263,0.0,0.0,181.0,5.82739726027397,0.0,-0.023857742464910126,181.0,2024-08-07,forced_top2,,,,True,,,True,3.433476394849788,3.333476394849788,3.233476394849788,utility_positive
2025-05-12,3917,アイリッジ,0.0,0.0,True,True,True,2025-05-09,2025-05-09,-9.328358208955223,-3.4455693140805046,0.12786535681257538,-0.13346813522040205,0.6,3.529022501586597,1.5151515151515138,0.29773438926825113,-0.18412538020115646,-0.03328676854167149,0.7941003,-0.9882006,-0.33097345,-0.9303835,-0.75693214,0.5507497796550883,1,1.0,3.0600870875076756,0.02085638265958195,0.1537082155001387,3,0.9993763642033052,2.630184558916036,0.12482323835742688,0.022636589265463164,934,0.7090739008419082,0.3790680849732188,0.04972553084021271,0.6283653027898486,53,0.983785469285937,0.91976950003897,0.13843112436385663,1,0.034057896135221186,0.8157406224035425,3.0600870875076756,1.0,0.02085638265958195,0.0,0.9230589335827876,0.12371497917952023,0.7090739008419082,0.25,0.5,0.2116049851451082,0.5507497796550883,4,2025-04-30,263,2.0,2.0,3.0,-0.2,0.0,-0.014376036598394704,3.0,2025-05-07,forced_top2,,,,True,,,True,0.0,-0.1,-0.2,utility_positive
2025-05-12,7130,ヤマエグループホールディングス,0.0,-1.703163017031628,True,True,True,2025-05-09,2025-05-09,-10.257380772142321,-2.098111700073475,-0.11601169404745763,0.44736869950074176,0.55,2.933850999012972,1.3425393172228572,0.40212285740690207,-0.1092526457357624,-0.2926097013016383,0.7209439,-0.97935104,-0.5699115,0.8318584,-0.8265487,0.5500394551407118,2,0.9996881821016527,3.0260291913724546,0.02085638265958195,0.1013686848997918,6,0.9984409105082632,2.2108753718680716,0.12482323835742688,0.022009760016194084,951,0.7037729965700031,0.3664623020146955,0.04972553084021271,0.6261125581508407,61,0.9812909260991581,0.9034961030745218,0.13843112436385663,2,0.242211572829525,0.8157406224035425,3.0260291913724546,0.9996881821016527,0.02085638265958195,1.0,0.9207982538197693,0.12551028703436698,0.7037729965700031,0.25,0.25,0.2116049851451082,0.5500394551407118,4,2025-04-30,263,0.0,0.0,,,0.0,,,,forced_top2,,,,True,,,True,-0.851581508515814,-0.951581508515814,-1.051581508515814,utility_positive
2025-05-13,4540,ツムラ,0.0,-3.240615716986228,True,True,True,2025-05-12,2025-05-12,-14.767737462445108,-2.64971128951568,-0.5133376187756689,-0.18544748645839526,0.6,3.4964818466880656,-0.4600874166091562,0.1929913669849874,-0.047364149349775855,0.07100653911906088,0.53978115,-0.9952677,-0.9875776,-0.8166223,-0.978113,0.5649706790819674,1,1.0,3.703146647367874,0.02217191245841771,0.1957049909460311,4,0.9990613266583229,2.8631471843575094,0.14696358058303027,0.03234070375552998,635,0.8016270337922403,0.5647212037237332,0.04918506155675734,0.587853274079312,481,0.8498122653316645,0.6407998937528212,0.136077530764671,1,0.6112967990032526,1.0062136163805284,3.703146647367874,1.0,0.02217191245841771,0.0,0.912625156445557,0.08856017351194057,0.8016270337922403,0.25,0.5,0.18604957850020865,0.5649706790819674,4,2025-04-30,263,0.0,0.0,,,0.0,,,,forced_top2,,,,True,,,True,-1.620307858493114,-1.7203078584931142,-1.820307858493114,utility_positive
2025-05-13,6239,ナガオカ,1.0,2.8524857375713086,True,True,True,2025-05-12,2025-05-12,-9.557273366127895,-1.2846582069877233,0.47199210769251215,0.25385645483303815,0.75,2.766873075958209,11.783189316575026,0.6476702193985833,-0.10436401148160825,-0.40081000792827365,0.3700089,0.13871635,0.63975155,0.3546288,-0.4208814,0.5514170599683563,2,0.9996871088861077,3.091849848364621,0.02217191245841771,0.278156229916958,1,1.0,3.4241789627329973,0.14696358058303027,0.002238177006879986,1691,0.4712140175219024,-0.047304598336370685,0.04918506155675734,0.5604806497109257,802,0.7493742177722152,0.4396452709832194,0.136077530764671,2,0.35456082207730033,1.0062136163805284,3.091849848364621,0.9996871088861077,0.02217191245841771,1.0,0.8050688360450563,0.21819450105361762,0.4712140175219024,0.5,0.5,0.18604957850020865,0.5514170599683563,4,2025-04-30,263,0.0,0.0,,,0.0,,,,forced_top2,,,,True,,,True,1.4262428687856543,1.3262428687856542,1.2262428687856544,utility_positive
2025-05-14,9691,両毛システムズ,1.0,0.7294199374782817,True,True,True,2025-05-13,2025-05-13,-3.806343906510856,-0.390672820573005,0.9460806814160079,0.7178635681700742,0.8888888888888888,1.9649381688284189,0.20073603211776536,-0.15034023473866065,-0.45965415897730777,-0.48290250989745076,0.72250223,-0.42603025,0.5956122,0.70115626,0.17817967,0.5530057797264836,1,1.0,2.896398318778237,0.019845202183261357,0.05086672953163411,55,0.9831302717900656,1.3687566107720266,0.1241373098819851,0.09959849300079852,10,0.9971883786316776,1.55538853381623,0.05501270471900743,0.6192593606550614,137,0.957513277100906,0.8575847277057634,0.13823766495053003,1,0.23694092234430703,0.35034696761128936,2.896398318778237,1.0,0.019845202183261357,0.0,0.9844579818806622,0.016818124586387304,0.957513277100906,0.25,0.25,0.1978495459108924,0.5530057797264836,4,2025-04-30,263,0.0,0.0,,,0.0,,,,forced_top2,,,,True,,,True,0.36470996873914086,0.2647099687391409,0.16470996873914084,utility_positive
2025-05-14,4540,ツムラ,0.0,-1.4500836586726185,True,True,True,2025-05-13,2025-05-13,-3.240615716986228,-3.2607028478583877,-0.7069985749412816,-0.2424914988821891,0.55,3.5367030026734816,0.40672451193057846,0.059076275801982936,-0.06756035931470955,0.056718903993423705,0.5914616,-0.99822116,-0.99229175,-0.89030534,-0.9839905,0.5483036392170724,2,0.999687597625742,2.65945739643393,0.019845202183261357,0.26889344354371125,2,0.999687597625742,3.125091706315428,0.1241373098819851,0.06201645345137149,159,0.950640424867229,0.8722365284496938,0.05501270471900743,0.602742153103098,340,0.8940955951265229,0.7381005946521975,0.13823766495053003,2,0.20636026098005927,0.35034696761128936,2.65945739643393,0.999687597625742,0.019845202183261357,1.0,0.9610278038113089,0.043522917860308416,0.8940955951265229,0.5,0.5,0.1978495459108924,0.5483036392170724,4,2025-04-30,263,1.0,1.0,1.0,-3.4406157169862284,1.0,-0.01666703986489504,1.0,2025-05-13,forced_top2,,,,True,,,True,-0.7250418293363092,-0.8250418293363092,-0.9250418293363092,utility_positive
2025-05-15,7561,ハークスレイ,0.0,-2.828618968386021,True,True,True,2025-05-14,2025-05-14,-14.726507713884995,-2.791913848269698,-0.20520015495080415,-0.09458942597633874,0.55,4.002761527385238,1.4224751066856278,0.21553285852424872,-0.04355850990470369,-0.2052202748773994,0.5157084,-0.984588,-0.7931239,-0.6307054,-0.89419085,0.561381279068296,1,1.0,3.4081333773079803,0.02103949583332565,0.2067519238803187,5,0.9987496092528916,2.7347770468229204,0.13168033226969217,0.04130876664909047,531,0.8343232260081275,0.6456859403125266,0.05003420359414617,0.5854790491535411,515,0.8393247889965614,0.6534481277232014,0.1359336252299932,1,0.2454599113837616,0.729288207279694,3.4081333773079803,1.0,0.02103949583332565,0.0,0.9180994060643951,0.08129583507221422,0.8343232260081275,0.25,0.5,0.21023105428281777,0.561381279068296,4,2025-04-30,263,0.0,0.0,,,0.0,,,,forced_top2,,,,True,,,True,-1.4143094841930104,-1.5143094841930105,-1.6143094841930103,utility_positive
2025-05-15,4069,ＢｌｕｅＭｅｍｅ,1.0,2.57548845470692,True,True,True,2025-05-14,2025-05-14,-8.112449799196785,-0.177812685166899,1.1018283721587132,0.5442720806749504,0.65,2.636511120210636,-4.597701149425292,-1.1424178432831067,-0.5990809492296911,-0.12621820789109042,0.89270896,-0.9270895,-0.8192057,-0.5186722,-0.89508003,0.5562169262854889,2,0.9996874023132228,3.1626734659242186,0.02103949583332565,-0.06375930359847759,525,0.8361988121287902,0.6804746098821705,0.13168033226969217,0.03742433597149637,637,0.8011878712097531,0.568050435026927,0.05003420359414617,0.6380585569340859,21,0.9937480462644577,1.0402509345458897,0.1359336252299932,2,0.03160745037026526,0.729288207279694,3.1626734659242186,0.9996874023132228,0.02103949583332565,1.0,0.9077055329790559,0.08989327251556942,0.8011878712097531,0.25,0.25,0.21023105428281777,0.5562169262854889,4,2025-04-30,263,0.0,0.0,,,0.0,,,,forced_top2,,,,True,,,True,1.28774422735346,1.18774422735346,1.08774422735346,utility_positive
2025-05-16,3513,イチカワ,1.0,0.1818181818181719,True,True,True,2025-05-15,2025-05-15,-12.681354110693178,-2.306116947459702,-0.33169221683199523,-0.10620531771643166,0.7,2.9719351612917326,0.3775620280474623,0.16971088832386017,-0.054047756402778604,-0.13577293234337665,0.025534442,-0.94299287,-0.837886,-0.63301665,-0.9453682,0.5618953189488897,1,1.0,3.4340917955152435,0.020409182805857018,0.2107202554149541,8,0.9977973568281938,2.487544412682138,0.13981188803768188,0.07147639214067271,53,0.9836375078665828,1.2163673597578826,0.049960917088623956,0.5151938321402575,1326,0.5830711139081184,0.13603102112255358,0.14120490236432992,1,0.048273537914011955,0.7259786491811976,3.4340917955152435,1.0,0.020409182805857018,0.0,0.8911264946507238,0.17796665289838717,0.5830711139081184,0.25,0.25,0.18625822598181777,0.5618953189488897,4,2025-04-30,263,0.0,0.0,,,0.0,,,,forced_top2,,,,True,,,True,0.09090909090908594,-0.009090909090914062,-0.10909090909091407,utility_positive
2025-05-16,6039,日本動物高度医療センター,0.0,-0.44989775051125225,True,True,True,2025-05-15,2025-05-15,-10.500747384155451,-2.1958642093694714,-0.22681574788128653,0.4454051905563376,0.45,2.893302695111846,0.3750937734433579,-0.11121314747503275,-0.326732363664554,-0.3605554218674326,0.4881235,-0.9608076,-0.9210214,0.32897863,-0.6389549,0.5609100954889171,2,0.999685336689742,3.3858182576012315,0.020409182805857018,0.22641351940674204,6,0.9984266834487099,2.599789975001977,0.13981188803768188,0.05744223860084751,176,0.9449339207048458,0.9354647191011769,0.049960917088623956,0.5829436378145736,539,0.8307111390811831,0.6158288506590338,0.14120490236432992,2,0.01839016435832318,0.7259786491811976,3.3858182576012315,0.999685336689742,0.020409182805857018,1.0,0.9434392699811202,0.06873336369083373,0.8307111390811831,0.25,0.25,0.18625822598181777,0.5609100954889171,4,2025-04-30,263,0.0,0.0,,,0.0,,,,forced_top2,,,,True,,,True,-0.22494887525562612,-0.3249488752556261,-0.42494887525562614,utility_positive
2025-05-19,4069,ＢｌｕｅＭｅｍｅ,0.0,-0.6926406926406892,True,True,True,2025-05-16,2025-05-16,-1.904761904761909,-0.5354706538664197,0.9651617463112823,0.6519917259932603,0.6,2.7037099200754016,0.0,-1.2248318630134674,-0.6253047254534674,-0.12687613643664633,0.86014813,-0.9217778,-0.89570373,-0.16859259,-0.9502222,0.5588536370315856,1,1.0,3.034223161260483,0.021434311694096764,0.12831213034463645,29,0.9911532385466034,1.8451041573298292,0.13009766386173138,0.06394342200173356,101,0.9684044233807267,1.0310869261452886,0.05204730115644299,0.634063775234725,24,0.9927330173775671,0.9825377647168829,0.1418359372083693,1,0.040272590846728185,0.67196411117442,3.034223161260483,1.0,0.021434311694096764,0.0,0.9880726698262243,0.011835432673284203,0.9684044233807267,0.25,0.25,0.20929848207487253,0.5588536370315856,4,2025-04-30,263,1.0,1.0,2.0,2.37548845470692,0.0,0.0026367107460967265,2.0,2025-05-15,forced_top2,,,,True,,,True,-0.3463203463203446,-0.44632034632034456,-0.5463203463203445,utility_positive
2025-05-19,4375,セーフィー,0.0,-4.469987228607919,True,True,True,2025-05-16,2025-05-16,-9.988649262202042,-1.122362399178232,-0.08054863339702063,0.3608434658034673,0.65,3.1596050456009634,1.7321016166281789,0.3283266022144443,-0.27205298174577996,0.025908961587224107,0.824,-0.6242963,-0.102814816,0.1608889,-0.4471111,0.557990421766648,2,0.9996840442338073,2.993950570413755,0.021434311694096764,0.1437550824195954,19,0.9943127962085309,1.9638069196743693,0.13009766386173138,0.018093879671003878,1333,0.5791469194312796,0.15016627681294734,0.05204730115644299,0.6284028640102461,43,0.9867298578199052,0.9426260798794747,0.1418359372083693,2,0.10525586181157814,0.67196411117442,2.993950570413755,0.9996840442338073,0.021434311694096764,1.0,0.8899684044233808,0.17951187155180495,0.5791469194312796,0.25,0.25,0.20929848207487253,0.557990421766648,4,2025-04-30,263,0.0,0.0,,,0.0,,,,forced_top2,,,,True,,,True,-2.2349936143039595,-2.3349936143039596,-2.4349936143039597,utility_positive
2025-05-20,4069,ＢｌｕｅＭｅｍｅ,0.0,-4.7951176983435095,True,True,True,2025-05-19,2025-05-19,-0.6926406926406892,-1.2362477883784913,0.9305297116792477,0.4949674884605483,0.6,2.72110352498438,1.9417475728155331,-1.136029488515193,-0.607187280151556,-0.17452921062975052,0.84957063,-0.9342612,-0.87681377,-0.6476162,-0.84720165,0.5569571356703218,1,1.0,3.140110759241978,0.020034369437450794,0.17803041571299244,7,0.9980982567353407,2.3661290977832388,0.1261548557819726,0.037877727447401956,710,0.7752773375594295,0.5069197956963362,0.04837556380015372,0.626201225000518,54,0.9832012678288431,0.9503418307826846,0.13824828018603713,1,0.12067929467788105,0.6568553668720025,3.140110759241978,1.0,0.020034369437450794,0.0,0.9391442155309033,0.09483193427188034,0.7752773375594295,0.25,0.25,0.21730952356107314,0.5569571356703218,4,2025-04-30,263,2.0,2.0,1.0,-0.8926406926406891,1.0,-0.001896501361263847,1.0,2025-05-19,forced_top2,,,,True,,,True,-2.3975588491717548,-2.497558849171755,-2.597558849171755,utility_positive
2025-05-20,7815,東京ボード⼯業,1.0,0.16920473773265332,True,True,True,2025-05-19,2025-05-19,1.5254237288135686,0.7365698192563671,1.765712186661202,0.6554730074700446,0.75,2.429742837673547,1.724137931034475,-1.354902969762996,-0.6265763649315094,-0.07172620453999848,0.7731714,-0.7311223,0.11341427,-0.053005625,-0.15724015,0.5545394020972941,2,0.9996830427892235,3.0194314645640974,0.020034369437450794,0.10764269694523869,28,0.9914421553090332,1.8081821338597772,0.1261548557819726,0.05151572948675818,306,0.9033280507131537,0.7888390327660423,0.04837556380015372,0.6270598678462624,48,0.9851030110935024,0.9565527062061545,0.13824828018603713,2,0.03719669242705167,0.6568553668720025,3.0194314645640974,0.9996830427892235,0.020034369437450794,1.0,0.9698890649762282,0.03877515181467327,0.9033280507131537,0.25,0.25,0.21730952356107314,0.5545394020972941,4,2025-04-30,263,0.0,0.0,,,0.0,,,,forced_top2,,,,True,,,True,0.08460236886632666,-0.015397631133673345,-0.11539763113367335,utility_positive
2025-05-21,3034,クオールホールディングス,0.0,-1.5094339622641506,True,True,True,2025-05-20,2025-05-20,-2.976501305483026,-0.3379244123431091,-0.39966702367526985,0.6325773997590347,0.55,3.1909075439980628,1.1621764395139955,-0.5158444438052934,-0.32114876040985046,-0.02656117100271086,0.8173759,-0.16193853,-0.9929078,0.8173759,-0.8540189,0.5609041213015289,1,1.0,3.054144615497474,0.021217699181795946,0.26109996542577124,1,1.0,3.026822989047553,0.1183983776881832,0.03183688710242822,892,0.7171428571428571,0.38647071680893363,0.04366888724341832,0.6267940827647126,47,0.9853968253968254,0.9670903976961074,0.13850792123799405,1,0.07873997462168471,0.930778549462371,3.054144615497474,1.0,0.021217699181795946,0.0,0.9256349206349206,0.12052049188612983,0.7171428571428571,0.5,0.5,0.26534819345028254,0.5609041213015289,4,2025-04-30,263,0.0,0.0,,,0.0,,,,forced_top2,,,,True,,,True,-0.7547169811320753,-0.8547169811320753,-0.9547169811320753,utility_positive
2025-05-21,7815,東京ボード⼯業,0.0,-3.378378378378377,True,True,True,2025-05-20,2025-05-20,0.16920473773265332,0.7386647350568661,1.7741724235478347,0.638794909455461,0.8,2.4235578444606576,-1.3355592654423987,-1.510807492749911,-0.6492129626508721,-0.07168180627984912,0.79846334,-0.79964536,-0.07801419,-0.18085106,-0.13682033,0.5592334402064237,2,0.9996825396825397,2.9754046408757895,0.021217699181795946,0.05990371582878232,81,0.9746031746031746,1.3275070564689484,0.1183983776881832,0.09989819385518839,9,0.9974603174603175,1.945047338497828,0.04366888724341832,0.6288011267411635,35,0.9892063492063492,0.9815808611909876,0.13850792123799405,2,0.5587549053947001,0.930778549462371,2.9754046408757895,0.9996825396825397,0.021217699181795946,1.0,0.9902380952380951,0.00983454711496227,0.9746031746031746,0.25,0.25,0.26534819345028254,0.5592334402064237,4,2025-04-30,263,1.0,1.0,1.0,-0.03079526226734669,1.0,0.004694038109129606,1.0,2025-05-20,forced_top2,,,,True,,,True,-1.6891891891891886,-1.7891891891891887,-1.8891891891891885,utility_positive
2025-05-22,7815,東京ボード⼯業,0.0,-4.720279720279718,True,True,True,2025-05-21,2025-05-21,-3.378378378378377,0.02885936654842789,1.4537383531137646,0.575968034822625,0.75,2.660791094064373,0.0,-1.423241818494219,-0.6354107211668552,-0.07872282521337463,0.7804154,-0.4902077,-0.431454,-0.37785694,-0.35786352,0.5675802754005429,1,1.0,3.5502313638671725,0.020225550235678513,0.1367741572982284,24,0.9926494087567913,1.9146484277507343,0.11400801094652163,0.10001150846413705,6,0.9984020453819111,2.086734074882415,0.042370845009996674,0.6256389495671575,41,0.9872163630552893,0.9504515543619867,0.14206615171165926,1,0.33472241886275894,1.0119650123831099,3.5502313638671725,1.0,0.020225550235678513,0.0,0.9945669542984978,0.005048120485436646,0.9872163630552893,0.25,0.25,0.25010902173433935,0.5675802754005429,4,2025-04-30,263,2.0,2.0,1.0,-3.5783783783783774,1.0,0.008346835194119162,1.0,2025-05-21,forced_top2,,,,True,,,True,-2.360139860139859,-2.460139860139859,-2.5601398601398593,utility_positive
2025-05-22,3034,クオールホールディングス,1.0,0.7700770077007757,True,True,True,2025-05-21,2025-05-21,-1.5094339622641506,-0.7253727021221446,-0.5825948621393541,0.6283319194594836,0.5,3.141588010342023,-0.16146393972013007,-0.5614784008443268,-0.3301370552909962,-0.022869772869577396,0.7964392,-0.525816,-0.9934718,0.8029089,-0.9394659,0.5608103303028263,2,0.9996804090763822,3.2155089450044136,0.020225550235678513,0.2952324657077612,2,0.9996804090763822,3.3045359198135658,0.11400801094652163,0.043088170451081355,370,0.8820709491850431,0.7432787343144934,0.042370845009996674,0.6223630282836072,56,0.9824224992010226,0.9273924284260696,0.14206615171165926,2,0.6171077546254076,1.0119650123831099,3.2155089450044136,0.9996804090763822,0.020225550235678513,1.0,0.9659635666347075,0.04894516996663632,0.8820709491850431,0.5,0.5,0.25010902173433935,0.5608103303028263,4,2025-04-30,263,1.0,1.0,1.0,-1.7094339622641506,1.0,-9.379099870254759e-05,1.0,2025-05-21,forced_top2,,,,True,,,True,0.38503850385038785,0.28503850385038787,0.18503850385038784,utility_positive
2025-05-23,324A,ブッキングリゾート,0.0,-3.790849673202612,True,True,True,2025-05-22,2025-05-22,-1.0309278350515427,1.9042058153754617,0.15302080141376512,-0.2992480756191354,0.55,2.276310196046387,1.1074918566775338,0.4935260226712833,0.5517198249928714,0.13500693653686935,0.37863502,0.9596439,0.6860534,,0.79703265,0.5776045055911334,1,1.0,4.124461701384025,0.020440266329227352,0.05869516868242981,72,0.9772945314998401,1.3166995728974764,0.1267630143820005,-0.0855367071412504,3060,0.02174608250719534,-2.4244504099471156,0.04115137523010649,0.5647802186213554,684,0.7815797889350815,0.5126915236109298,0.1427987518445768,1,0.16993330575814664,1.6943021159119853,4.124461701384025,1.0,0.020440266329227352,0.0,0.6951551007355292,0.39795791346611425,0.02174608250719534,0.25,0.25,0.2251106306731082,0.5776045055911334,4,2025-04-30,263,0.0,0.0,,,0.0,,,,forced_top2,,,,True,,,True,-1.895424836601306,-1.995424836601306,-2.095424836601306,utility_positive
2025-05-23,7815,東京ボード⼯業,1.0,4.553734061930781,True,True,True,2025-05-22,2025-05-22,-4.720279720279718,-1.9151965775075166,1.0969065232336075,0.5402025174025608,0.7,2.9838306475323995,0.0,-1.0772210572485448,-0.6409587252723781,-0.07746382403372562,0.8551929,-0.968546,-0.41780415,-0.5618878,-0.94154304,0.5741310235632309,2,0.9996802046690119,3.9545283956258785,0.020440266329227352,0.22437019745907721,4,0.9990406140070355,2.6236661954912366,0.1267630143820005,0.05729715800248029,117,0.9629037416053725,1.0464874225079448,0.04115137523010649,0.6409002230067244,7,0.998081228014071,1.045749434846867,0.1427987518445768,2,1.063082375973739,1.6943021159119853,3.9545283956258785,0.9996802046690119,0.020440266329227352,1.0,0.9899264470738727,0.015611941656390979,0.9629037416053725,0.25,0.5,0.2251106306731082,0.5741310235632309,4,2025-04-30,263,3.0,3.0,1.0,-4.920279720279718,1.0,0.006550748162687969,1.0,2025-05-22,forced_top2,,,,True,,,True,2.2768670309653904,2.1768670309653904,2.0768670309653903,utility_positive
2025-05-26,3034,クオールホールディングス,0.0,-0.5497526113249052,True,True,True,2025-05-23,2025-05-23,-0.7138934651290452,-0.758358638496015,-0.6204632606580718,0.6462406847676662,0.45,3.1404132596320644,-0.6004366812227047,-0.6289621929681737,-0.34835046986141294,-0.018889674062423954,0.7456922,-0.8051099,-0.9946524,0.7795603,-0.97504455,0.5600137656367083,1,1.0,3.261384900764323,0.02020454933866367,0.3123078502816945,3,0.9993560849967804,3.386325387144854,0.11855481973068877,0.045158448520838425,309,0.9008370895041855,0.8037367269718518,0.041728262275895586,0.6190983933021813,75,0.9761751448808758,0.9124947728819551,0.14090537134378944,1,0.15791488291592953,0.7596227697638167,3.261384900764323,1.0,0.02020454933866367,0.0,0.9690920798454604,0.040558978823627856,0.9008370895041855,0.25,0.5,0.2594438069177203,0.5600137656367083,4,2025-04-30,263,2.0,2.0,2.0,0.5700770077007757,0.0,-0.0007965646661179937,2.0,2025-05-22,forced_top2,,,,True,,,True,-0.2748763056624526,-0.37487630566245256,-0.4748763056624526,utility_positive
2025-05-26,9158,シーユーシー,1.0,0.9183673469387754,True,True,True,2025-05-23,2025-05-23,-2.5465230166503483,-0.6899508371479592,-0.6175954206152379,-0.08562871765166123,0.4,2.3367607649874715,0.09803921568627416,-0.8672781683264358,-0.6102239477609392,0.14133111905367118,0.40998217,-0.9370172,-0.99762326,-0.9946524,-0.95246583,0.5568231665935242,2,0.9996780424983902,3.1034700178483936,0.02020454933866367,0.38377016152929244,1,1.0,3.9891040123406327,0.11855481973068877,0.01949306254094863,1230,0.6043142305215712,0.18867670337926973,0.041728262275895586,0.559101203196784,703,0.7739858338699291,0.4866970227095184,0.14090537134378944,2,0.4991698555700019,0.7596227697638167,3.1034700178483936,0.9996780424983902,0.02020454933866367,1.0,0.8444945267224726,0.16652471756376688,0.6043142305215712,0.5,0.5,0.2594438069177203,0.5568231665935242,4,2025-04-30,263,0.0,0.0,88.0,1.1265950726468745,0.0,0.008614130511420681,88.0,2025-01-14,forced_top2,,,,True,,,True,0.4591836734693877,0.35918367346938773,0.2591836734693877,utility_positive
2025-05-27,3034,クオールホールディングス,1.0,1.1538461538461497,True,True,True,2025-05-26,2025-05-26,-0.5497526113249052,-0.9959008673000703,-0.6310017386819445,0.6143950563460382,0.45,3.1397725452417036,0.6084070796460228,-0.6112861040665868,-0.3221641387736028,-0.021316885297255495,0.7097061,-0.87414664,-0.9934699,0.7376076,-0.9815969,0.5623985895841866,1,1.0,3.2849458884168063,0.020508928935287163,0.35885261104730254,1,1.0,3.8015307064976205,0.11759558879016674,0.049070362453405535,234,0.925032175032175,0.8003053962176643,0.04641655428998588,0.6121046364149922,123,0.9607464607464608,0.8463634155334877,0.1437950942428597,1,0.16935552543432844,0.8715393925859765,3.2849458884168063,1.0,0.020508928935287163,0.0,0.971444658944659,0.031222528377712302,0.925032175032175,0.5,0.5,0.24722738632743715,0.5623985895841866,4,2025-04-30,263,3.0,3.0,1.0,-0.7497526113249051,1.0,0.0023848239474782984,1.0,2025-05-26,forced_top2,,,,True,,,True,0.5769230769230749,0.4769230769230749,0.37692307692307486,utility_positive
2025-05-27,7815,東京ボード⼯業,0.0,-1.2411347517730542,True,True,True,2025-05-26,2025-05-26,-1.5679442508710784,-0.9887327099731482,0.836253789500575,0.5285584806414266,0.65,2.828598378841779,0.0,-0.9851402321940995,-0.6342112836116823,-0.06502777303696473,0.83615315,-0.92282575,-0.6449985,-0.640843,-0.6568715,0.5589252891482558,2,0.9996782496782497,3.115590362982478,0.020508928935287163,0.14466850298088918,17,0.9948519948519948,1.9801689507552718,0.11759558879016674,0.06914666330628462,59,0.9813384813384813,1.232829980603077,0.04641655428998588,0.6349099748250291,10,0.997104247104247,1.0049594965063215,0.1437950942428597,2,0.4413192340718565,0.8715393925859765,3.115590362982478,0.9996782496782497,0.020508928935287163,1.0,0.9932432432432433,0.007082162388370375,0.9813384813384813,0.25,0.25,0.24722738632743715,0.5589252891482558,4,2025-04-30,263,4.0,4.0,2.0,4.353734061930781,0.0,-0.01520573441497508,2.0,2025-05-23,forced_top2,,,,True,,,True,-0.6205673758865271,-0.7205673758865271,-0.8205673758865271,utility_positive
2025-05-28,7815,東京ボード⼯業,,,True,True,True,2025-05-27,2025-05-27,-1.2411347517730542,-1.2708006078742897,0.6796953336988645,0.5129809626728393,0.6,2.8537444067027042,-0.1769911504424737,-0.9261931795467315,-0.6372111336191818,-0.06570499290347323,0.8348188,-0.9601901,-0.81224006,-0.71836007,-0.849079,0.5549183387525766,1,1.0,3.1399743195453635,0.019469919888467635,0.13390363878335176,6,0.9983984625240231,2.1309685474315385,0.11464200467723115,0.03503103800828506,871,0.7213324791800129,0.36863434757563496,0.04644434599248118,0.6274512549685137,31,0.9903907751441384,0.958842107772789,0.14239954636993613,1,0.4274218778139732,0.5352127005226162,3.1399743195453635,1.0,0.019469919888467635,0.0,0.9275304292120435,0.11910408738138768,0.7213324791800129,0.25,0.25,0.2154957620653152,0.5549183387525766,4,2025-04-30,263,4.0,5.0,1.0,-1.4411347517730542,1.0,-0.004006950395679221,1.0,2025-05-27,forced_top2,,,,True,,,False,0.0,0.0,0.0,unobserved_outcome
2025-05-28,3948,光ビジネスフォーム,0.0,-0.3968253968253954,True,True,True,2025-05-27,2025-05-27,-0.3968253968253954,0.12575476191041232,0.9724022723271274,0.802480964735627,0.65,2.4814377072380336,0.29850746268655914,-0.911577224156831,-0.28682180551622605,-0.5116336253424217,0.181224,-0.47296494,-0.3963161,0.9096851,0.12269756,0.5465964690329601,2,0.9996796925048046,2.71255244173139,0.019469919888467635,0.10669016492040899,16,0.9951953875720692,1.8935906863276533,0.11464200467723115,0.09283398107209036,15,0.9955156950672646,1.6131979608335965,0.04644434599248118,0.5760114350190499,555,0.8225496476617553,0.5976062663619631,0.14239954636993613,2,0.1313275549917168,0.5352127005226162,2.71255244173139,0.9996796925048046,0.019469919888467635,1.0,0.9532351057014734,0.07547201812288046,0.8225496476617553,0.25,0.25,0.2154957620653152,0.5465964690329601,4,2025-04-30,263,0.0,0.0,,,0.0,,,,forced_top2,,,,True,,,True,-0.1984126984126977,-0.2984126984126977,-0.3984126984126977,utility_positive
2025-05-29,7345,アイ・パートナーズフィナンシャル,1.0,1.4814814814814836,True,True,True,2025-05-28,2025-05-28,-4.938271604938271,0.7526882031104171,0.668259274954998,0.7471450348772466,0.7,2.1719812655501745,-0.17605633802817433,-0.956378376169431,-0.8563979898001317,-0.4818408359805953,0.4129147,-0.8119076,-0.8086493,-0.6521481,-0.8095379,0.5571907908490334,1,1.0,3.1762329196213495,0.019344355497267485,0.07668589430583851,48,0.9849744245524297,1.5245226281817432,0.1112039736907273,0.107631314954183,4,0.9990409207161125,2.012092615196616,0.04440587488602668,0.5821151306220255,456,0.854539641943734,0.6303183930432106,0.14619562914305134,1,0.5606170204998226,0.4730144162983461,3.1762329196213495,1.0,0.019344355497267485,0.0,0.959638746803069,0.060969829583888135,0.854539641943734,0.25,0.5,0.23766193155408177,0.5571907908490334,4,2025-04-30,263,0.0,0.0,47.0,3.0608695652173834,0.0,-0.014531630655506111,47.0,2025-03-19,forced_top2,,,,True,,,True,0.7407407407407418,0.6407407407407418,0.5407407407407419,utility_positive
2025-05-29,3948,光ビジネスフォーム,1.0,2.020202020202011,True,True,True,2025-05-28,2025-05-28,-0.3968253968253954,0.16531931584563084,1.0926576208433458,0.8197076936008474,0.65,2.3433341548611186,0.3984063745019917,-1.0154192816693552,-0.2888962962244172,-0.511303421638773,0.13270143,-0.31101894,-0.3163507,0.9194074,0.11552133,0.546346015906666,2,0.9996803069053708,2.615615899121527,0.019344355497267485,0.10789721338995577,19,0.9942455242966752,1.8051899285330777,0.1112039736907273,0.093047891185911,14,0.995843989769821,1.6836805794985867,0.04440587488602668,0.574122804940613,560,0.8212915601023018,0.5756496883202256,0.14619562914305134,2,0.015413175829882352,0.4730144162983461,2.615615899121527,0.9996803069053708,0.019344355497267485,1.0,0.9527653452685423,0.07593211553025073,0.8212915601023018,0.25,0.25,0.23766193155408177,0.546346015906666,4,2025-04-30,263,1.0,1.0,1.0,-0.5968253968253954,1.0,-0.00025045312629412564,1.0,2025-05-28,forced_top2,,,,True,,,True,1.0101010101010055,0.9101010101010055,0.8101010101010055,utility_positive
2025-05-30,2726,パルグループホールディングス,0.0,-0.14064697609000865,True,True,True,2025-05-29,2025-05-29,-2.617079889807161,0.02810971022119757,0.21415675286162433,0.5567910514186819,0.5,2.0421479476713453,-1.7591339648173165,-0.7920270584933746,-0.2754572110592072,-0.04614444401489371,0.68249255,-0.90207714,-0.94777447,0.63916916,-0.90089023,0.5423824269260341,1,1.0,2.478684146071273,0.019598925160789094,0.051341234855036486,59,0.9814814814814815,1.4586114007230209,0.10888362254755701,0.048985435358976426,357,0.8863346104725415,0.6964082642871937,0.045627662307372724,0.6079300230521689,186,0.9409323116219668,0.8041644610341873,0.14637905545447077,1,0.018696026898589478,0.19087223394941336,2.478684146071273,1.0,0.019598925160789094,0.0,0.9521871008939975,0.043610362390121546,0.8863346104725415,0.25,0.25,0.22556456320908222,0.5423824269260341,4,2025-04-30,263,0.0,0.0,,,0.0,,,,forced_top2,,,,True,,,True,-0.07032348804500432,-0.17032348804500433,-0.27032348804500433,utility_positive
2025-05-30,9236,ジャパンＭ＆Ａソリューション,0.0,-3.6111111111111094,True,True,True,2025-05-29,2025-05-29,-1.3698630136986356,1.2516687342048598,1.5914041142881092,1.3339617454991308,0.5263157894736842,3.576540570766319,0.0,-0.8586104869803882,-1.0414812148878605,-0.17565109421808325,0.84332347,0.5982196,0.7115727,0.4967359,0.051632047,0.5420160048940446,2,0.9996807151979565,2.459988119172684,0.019598925160789094,-0.01158871711718168,344,0.890485312899106,0.8806553178903407,0.10888362254755701,0.046107915532041965,447,0.8575989782886335,0.6333430165532661,0.045627662307372724,0.6335627297580915,18,0.9945721583652618,0.9792763076459812,0.14637905545447077,2,0.06487977991655638,0.19087223394941336,2.459988119172684,0.9996807151979565,0.019598925160789094,1.0,0.9355842911877394,0.0626568968983077,0.8575989782886335,0.25,0.25,0.22556456320908222,0.5420160048940446,4,2025-04-30,263,0.0,0.0,146.0,-0.7015045135406182,0.0,-0.0004418965502464012,146.0,2024-10-22,forced_top2,,,,True,,,True,-1.8055555555555547,-1.9055555555555548,-2.0055555555555546,utility_positive
2025-06-02,7030,スプリックス,1.0,2.1739130434782705,True,True,True,2025-05-30,2025-05-30,0.7259528130671544,-0.1908553219357434,1.1957472273111658,0.7419364611444179,0.7,3.3524157322920822,0.09082652134422275,-0.45401628983420866,-0.3790871093193232,-0.488502480498266,0.84894437,-0.9119834,0.7573595,0.7793637,0.28635147,0.547318039988876,1,1.0,2.7893141336214335,0.019064199415215644,0.10890529757848866,13,0.996162456028142,1.8163875174100415,0.11512077989113172,0.041609814019588715,686,0.7809401982731052,0.4492541421710045,0.04349482011672532,0.6395525100073945,11,0.9968020466901183,1.027719902266209,0.14338452652733058,1,0.03781269556635958,0.409706120334371,2.7893141336214335,1.0,0.019064199415215644,0.0,0.9434761752478413,0.09385145087222097,0.7809401982731052,0.25,0.25,0.2153867311919151,0.547318039988876,4,2025-05-30,283,0.0,0.0,,,0.0,,,,forced_top2,,,,True,,,True,1.0869565217391353,0.9869565217391353,0.8869565217391353,utility_positive
2025-06-02,7345,アイ・パートナーズフィナンシャル,1.0,0.18348623853210455,True,True,True,2025-05-30,2025-05-30,-1.2773722627737238,0.16333070238691078,0.527739323670766,0.6366714192876953,0.65,2.2035848765471857,0.0,-0.7728853816784204,-0.7843718922688678,-0.5078034296975784,0.46060064,-0.75914365,-0.7656854,-0.7579542,-0.7912578,0.546597171220172,2,0.9996802046690119,2.751501438055074,0.019064199415215644,0.09212846696543908,26,0.9920051167252958,1.6706550907454965,0.11512077989113172,0.10644094605581716,6,0.9984010233450592,1.9398024847608513,0.04349482011672532,0.5817684505314423,483,0.8458586504637032,0.6247192377214333,0.14338452652733058,2,0.13140326044795328,0.409706120334371,2.751501438055074,0.9996802046690119,0.019064199415215644,1.0,0.9589862488007674,0.0653789370537514,0.8458586504637032,0.25,0.25,0.2153867311919151,0.546597171220172,4,2025-05-30,283,1.0,1.0,2.0,1.2814814814814837,0.0,-0.010593619628861406,2.0,2025-05-29,forced_top2,,,,True,,,True,0.09174311926605228,-0.00825688073394773,-0.10825688073394774,utility_positive
2025-06-03,3271,ＴＨＥグローバル社,0.0,-0.6295907660020972,True,True,True,2025-06-02,2025-06-02,-2.8455284552845517,0.01565800546360103,0.5972506745369061,0.7391350567780461,0.7,1.7378799444053126,-0.4048582995951455,-0.6816987772890827,-0.21639858913269952,0.07050685399904824,0.4885246,-0.6554396,-0.58152014,0.90104324,-0.08435171,0.5556636766634393,1,1.0,3.0399377340089737,0.019354485720079306,0.0947511408299008,30,0.9907289002557544,1.698139556632997,0.10888946129735302,0.08278778178668447,39,0.9878516624040921,1.5252169207629807,0.038343739999035766,0.58431069097437,470,0.8500639386189258,0.6090809530020107,0.14537048643785627,1,0.5903999646819139,0.2508456153858058,3.0399377340089737,1.0,0.019354485720079306,0.0,0.9571611253196931,0.06199532475070394,0.8500639386189258,0.25,0.25,0.22556260353171378,0.5556636766634393,4,2025-05-30,283,0.0,0.0,,,0.0,,,,forced_top2,,,,True,,,True,-0.3147953830010486,-0.41479538300104857,-0.5147953830010485,utility_positive
2025-06-03,9424,日本通信,0.0,-3.9106145251396662,True,True,True,2025-06-02,2025-06-02,-8.290155440414503,-1.642259412423206,-0.9360327508070192,0.2538898770919237,0.45,3.0822490842780845,18.404907975460127,1.513184049914249,0.17961591982527977,-0.34218323554415253,0.80566317,0.92667663,0.542772,0.8092399,0.14962742,0.5442367889778679,2,0.9996803069053708,2.4495377693270597,0.019354485720079306,0.45437374905014666,1,1.0,5.0007788013822765,0.10888946129735302,-0.07825939869665521,3044,0.02717391304347827,-2.6748736412789476,0.038343739999035766,0.6370181919392741,10,0.9971227621483376,0.9716545555016883,0.14537048643785627,2,0.05566325331509446,0.2508456153858058,2.4495377693270597,0.9996803069053708,0.019354485720079306,1.0,0.7559942455242967,0.42078609271678613,0.02717391304347827,0.5,0.5,0.22556260353171378,0.5442367889778679,4,2025-05-30,283,0.0,0.0,,,0.0,,,,forced_top2,,,,True,,,True,-1.9553072625698331,-2.055307262569833,-2.155307262569833,utility_positive
2025-06-04,3271,ＴＨＥグローバル社,1.0,0.31847133757962887,True,True,True,2025-06-03,2025-06-03,-0.6295907660020972,-0.5681165473205831,0.4893185368484221,0.7355959802654011,0.65,1.7439852520520096,-0.3138075313807498,-0.6973891538581202,-0.21700550614900838,0.0706308998245264,0.53116614,-0.844915,-0.74053085,0.90575606,-0.19475096,0.5531035940110366,1,1.0,2.742547695062391,0.019981687656910774,0.11962302245489276,25,0.9923469387755102,1.8633326856630679,0.10494317492326541,0.06982741931625218,59,0.9815051020408163,1.2858034552762938,0.03642302117803402,0.5884391691319923,428,0.8638392857142857,0.6564363639610173,0.144473039356943,1,0.10194571166108518,0.41867184159826615,2.742547695062391,1.0,0.019981687656910774,0.0,0.959422831632653,0.05557504912407689,0.8638392857142857,0.25,0.25,0.2594102103781833,0.5531035940110366,4,2025-05-30,283,1.0,1.0,1.0,-0.8295907660020971,1.0,-0.0025600826524027065,1.0,2025-06-03,forced_top2,,,,True,,,True,0.15923566878981443,0.05923566878981443,-0.04076433121018558,utility_positive
2025-06-04,5252,日本ナレッジ,0.0,0.0,True,True,True,2025-06-03,2025-06-03,-2.2222222222222254,-0.9060994582891958,0.7128751503103208,0.5687926479723541,0.6,3.580132798634142,2.2727272727272707,-0.5254728948394005,-0.024712500246830863,0.036176261123385144,0.8592305,-0.22517149,-0.058753356,0.8974053,-0.09633164,0.5510665466426633,2,0.9996811224489796,2.640601983401306,0.019981687656910774,0.1671732319426348,8,0.9977678571428571,2.316437039733838,0.10494317492326541,-0.0004982268387688411,2389,0.23852040816326525,-0.6449986550503745,0.03642302117803402,0.6412999564664355,10,0.9971301020408163,1.0223232281796233,0.144473039356943,2,0.04468020767206444,0.41867184159826615,2.640601983401306,0.9996811224489796,0.019981687656910774,1.0,0.8082748724489794,0.32894923282512123,0.23852040816326525,0.25,0.25,0.2594102103781833,0.5510665466426633,4,2025-05-30,283,0.0,0.0,,,0.0,,,,forced_top2,,,,True,,,True,0.0,-0.1,-0.2,utility_positive
2025-06-05,7685,ＢｕｙＳｅｌｌ Ｔｅｃｈｎｏｌｏｇｉｅｓ,0.0,-4.831261101243333,True,True,True,2025-06-04,2025-06-04,-5.864909390444806,-1.3608429797618602,0.702913565395374,0.3561364531341481,0.45,4.133836484066997,1.675041876046901,-0.9125559170797086,0.016613499899242174,-0.2862327234493624,0.802447,-0.95404357,-0.8066249,0.73321396,-0.98955536,0.552505598445304,1,1.0,2.9274021013929,0.01913821039045005,0.2004532648381895,5,0.998730561726436,2.747067775752794,0.10282010986736875,0.028432973325787165,1253,0.6026658203744844,0.17526995325645722,0.040456517892294666,0.6306677453813174,44,0.9863535385591875,0.9385076644541028,0.14537755075584025,1,0.12771460145869318,0.5095826282609794,2.9274021013929,1.0,0.01913821039045005,0.0,0.896937480165027,0.16998143700352303,0.6026658203744844,0.25,0.5,0.21877524407712187,0.552505598445304,4,2025-05-30,283,0.0,0.0,,,0.0,,,,forced_top2,,,,True,,,True,-2.4156305506216667,-2.5156305506216667,-2.615630550621667,utility_positive
2025-06-05,195A,ライスカレー,0.0,-1.5051740357478804,True,True,True,2025-06-04,2025-06-04,-3.6380597014925353,1.0592626724488614,1.3209380403563853,0.8588189071120881,0.65,3.667831383610673,2.0952380952381056,-0.8539816102816411,-0.2614989565603628,-0.16693246367971998,0.78334826,0.41181737,0.45807222,0.9236049,0.21277231,0.550061369532655,2,0.999682640431609,2.799687499934207,0.01913821039045005,0.08302298461547723,43,0.9866708981275786,1.6049732927359046,0.10282010986736875,0.02007715658885199,1628,0.4836559822278642,-0.031268255473726664,0.040456517892294666,0.6422404728845182,10,0.9971437638844811,1.0181123038432824,0.14537755075584025,2,0.0905340732724184,0.5095826282609794,2.799687499934207,0.999682640431609,0.01913821039045005,1.0,0.8667883211678833,0.22125531798047035,0.4836559822278642,0.25,0.25,0.21877524407712187,0.550061369532655,4,2025-05-30,283,0.0,0.0,,,0.0,,,,forced_top2,,,,True,,,True,-0.7525870178739402,-0.8525870178739402,-0.9525870178739402,utility_positive
2025-06-06,6580,ライトアップ,1.0,2.5871766029246235,True,True,True,2025-06-05,2025-06-05,-1.3982102908277394,-0.06490566301561573,2.498602641113222,0.9706042741243052,0.7,5.888885443551135,0.33670033670034627,-1.0526710991372978,-0.48938250409676093,-0.3895071030402036,0.87208605,-0.7644949,0.9264794,0.79677224,0.3879259,0.5619828203585688,1,1.0,3.3990256378218517,0.019184013907326936,0.12220097957253076,21,0.9937007874015749,2.067221035822078,0.10160691651261003,0.07609689805084786,43,0.9867716535433071,1.3714478025064358,0.038152614652748426,0.6500267984713138,7,0.9981102362204725,1.0751403387529315,0.14393147775195958,1,0.07947082246266299,0.8006489151360413,3.3990256378218517,1.0,0.019184013907326936,0.0,0.9946456692913387,0.0050883446996546474,0.9867716535433071,0.25,0.25,0.23172022418141638,0.5619828203585688,4,2025-05-30,283,0.0,0.0,,,0.0,,,,forced_top2,,,,True,,,True,1.2935883014623117,1.1935883014623117,1.0935883014623118,utility_positive
2025-06-06,9612,ラックランド,0.0,-2.3657870791628732,True,True,True,2025-06-05,2025-06-05,-2.992957746478875,-1.9024115874540626,-0.5879562757675965,-0.2254718681999079,0.35,2.639052064540017,-0.26338893766462146,-1.3465026892588754,-0.4105032634806361,-0.32431278157011156,0.63359237,-0.9874477,-0.99880457,-0.99701136,-0.98356247,0.5604582509952184,2,0.9996850393700787,3.3195548153591887,0.019184013907326936,0.46195829630361657,1,1.0,5.41106147889782,0.10160691651261003,-0.003195139020300207,2484,0.21795275590551177,-0.706837992394807,0.038152614652748426,0.6022402387689826,329,0.8966929133858268,0.7431312435313641,0.14393147775195958,2,0.018641614083133622,0.8006489151360413,3.3195548153591887,0.9996850393700787,0.019184013907326936,1.0,0.7785826771653543,0.32640765230599444,0.21795275590551177,0.5,0.5,0.23172022418141638,0.5604582509952184,4,2025-05-30,283,0.0,0.0,,,0.0,,,,forced_top2,,,,True,,,True,-1.1828935395814366,-1.2828935395814367,-1.3828935395814366,utility_positive
2025-06-09,7782,シンシア,0.0,-1.1686143572620988,True,True,True,2025-06-06,2025-06-06,-1.9704433497536922,-1.6774428865758277,-1.1349106463769558,0.7014738810050726,0.45,5.890818002304302,-0.327332242225864,0.2125375507810207,-0.3095627808622465,-0.19410993184059666,0.78603536,-0.970033,-0.98501647,0.73389274,-0.84177405,0.5674878748413945,1,1.0,3.4789606341567154,0.01983070408234089,0.3918010105668755,2,0.9996839443742098,4.53277301179532,0.10045723196206088,0.011021898413443396,2022,0.361251580278129,-0.30053847939332207,0.034785291363175506,0.6314581832507039,54,0.9832490518331226,0.9391129346242851,0.14541129406998554,1,0.2380078003862815,0.9612561680064954,3.4789606341567154,1.0,0.01983070408234089,0.0,0.8360461441213654,0.27420647805209997,0.361251580278129,0.5,0.5,0.2746848070589378,0.5674878748413945,4,2025-05-30,283,0.0,0.0,21.0,6.666952789699576,0.0,0.03266431318798446,21.0,2025-05-09,forced_top2,,,,True,,,True,-0.5843071786310494,-0.6843071786310494,-0.7843071786310494,utility_positive
2025-06-09,9612,ラックランド,1.0,1.4995313964386137,True,True,True,2025-06-06,2025-06-06,-2.3657870791628732,-2.6711355057496937,-0.7657694392495494,-0.3299519189673473,0.3,2.632717528315237,-0.27223230490017736,-1.3601143045038844,-0.41504046856230575,-0.33846187055211135,0.6248127,-0.99460596,-0.9988013,-0.99760264,-0.9664369,0.5627680125826453,2,0.9996839443742098,3.240952833770434,0.01983070408234089,0.5412894987520784,1,1.0,6.020853912149606,0.10045723196206088,0.04250023409702583,467,0.8527180783817951,0.6043938770711723,0.034785291363175506,0.6024297892157943,324,0.8979140328697851,0.7394833651292331,0.14541129406998554,2,0.44136499735433715,0.9612561680064954,3.240952833770434,0.9996839443742098,0.01983070408234089,1.0,0.9375790139064475,0.06428081166268644,0.8527180783817951,0.5,0.5,0.2746848070589378,0.5627680125826453,4,2025-05-30,283,1.0,1.0,1.0,-2.5657870791628734,1.0,0.002309761587426906,1.0,2025-06-06,forced_top2,,,,True,,,True,0.7497656982193068,0.6497656982193069,0.5497656982193069,utility_positive
2025-06-10,264A,Ｓｃｈｏｏ,1.0,0.2358490566037652,True,True,True,2025-06-09,2025-06-09,2.682926829268295,-0.5585399509211436,0.3669663034625642,0.2835106877752584,0.5,2.449648912155213,0.3671970624234966,-2.922197500304571,-0.9415987685663385,-0.04762743599368922,0.89629185,-0.8619234,-0.99939704,-0.9981911,-0.9312632,0.5960009331319861,1,1.0,5.022718956900266,0.019430197393379645,0.6540971045282307,1,1.0,7.132335706616308,0.10020200530172008,-0.027222068268946086,2710,0.14,-1.1264728334001308,0.03992849596026144,0.6199337039533401,138,0.9565079365079365,0.8731608458220218,0.14682579452671574,1,0.9407946227989894,1.7624383705129012,5.022718956900266,1.0,0.019430197393379645,0.0,0.7741269841269842,0.36654368170400614,0.14,0.5,0.5,0.24677431512943407,0.5960009331319861,4,2025-05-30,283,0.0,0.0,,,0.0,,,,forced_top2,,,,True,,,True,0.1179245283018826,0.017924528301882597,-0.08207547169811741,utility_positive
2025-06-10,3529,アツギ,1.0,0.9874326750448859,True,True,True,2025-06-09,2025-06-09,-10.330912025827278,-2.2350412551239995,0.1532996450977641,0.24568616457809,0.7,3.4999696919940377,2.9925187032418865,0.12317752138460869,-0.16168574588628934,-0.1646676758983854,0.85046726,-0.98492616,0.35664758,-0.064214654,-0.22279169,0.5777211079043716,2,0.9996825396825397,4.081924334101276,0.019430197393379645,0.3494803467446324,4,0.9990476190476191,4.092309143611294,0.10020200530172008,0.02756187560751016,1100,0.6511111111111111,0.24557844373736978,0.03992849596026144,0.6320354735803796,51,0.9841269841269842,0.9555834859721998,0.14682579452671574,2,0.6129647630313344,1.7624383705129012,4.081924334101276,0.9996825396825397,0.019430197393379645,1.0,0.9084920634920636,0.1487292905397235,0.6511111111111111,0.25,0.5,0.24677431512943407,0.5777211079043716,4,2025-05-30,283,0.0,0.0,146.0,9.194313967861568,0.0,0.012788094736175593,146.0,2024-10-31,forced_top2,,,,True,,,True,0.4937163375224429,0.39371633752244295,0.2937163375224429,utility_positive
2025-06-11,264A,Ｓｃｈｏｏ,1.0,0.34883720930232176,True,True,True,2025-06-10,2025-06-10,0.2358490566037652,-0.7175557066106991,0.26713695721199027,0.22690019484401042,0.5,2.4099870354368647,0.7125890736342066,-2.9129706868868865,-0.9226300854242081,-0.05015701689579179,0.88788426,-0.8957203,-1.0,-0.99879444,-0.93429774,0.6036207769178604,1,1.0,5.428499800803224,0.019491696016448623,0.7076124278587912,1,1.0,7.625527137535859,0.1017925670453601,0.000214374562372439,2287,0.2765822784810127,-0.5173404592059248,0.03927005404751794,0.6187435245272819,158,0.9503164556962025,0.8593125588790458,0.14737350183753817,1,2.2657542485779563,0.7061798066795109,5.428499800803224,1.0,0.019491696016448623,0.0,0.8067246835443038,0.3067491901285611,0.2765822784810127,0.5,0.5,0.2437783465832547,0.6036207769178604,4,2025-05-30,283,1.0,1.0,1.0,0.035849056603765195,1.0,0.007619843785874325,1.0,2025-06-10,forced_top2,,,,True,,,True,0.17441860465116088,0.07441860465116087,-0.02558139534883913,utility_positive
2025-06-11,7782,シンシア,0.0,-0.3389830508474523,True,True,True,2025-06-10,2025-06-10,-0.33783783783783994,-0.5961582795725977,-1.397088926235046,0.652544212716068,0.4,5.77458164116448,0.0,0.0413893772426883,-0.26731884320877974,-0.19704166351725805,0.8016878,-0.7968656,-0.9951778,0.7052441,-0.92344785,0.5594573838566019,2,0.9996835443037975,3.162745552225268,0.019491696016448623,0.3815105692550667,3,0.9993670886075949,4.421935086866687,0.1017925670453601,0.020408779369233798,1591,0.49683544303797467,-0.0030960738423210826,0.03927005404751794,0.6225757807650733,120,0.9623417721518988,0.8853162582551791,0.14737350183753817,2,0.09134066365053334,0.7061798066795109,3.162745552225268,0.9996835443037975,0.019491696016448623,1.0,0.8645569620253165,0.21284615810794116,0.49683544303797467,0.25,0.5,0.2437783465832547,0.5594573838566019,4,2025-05-30,283,1.0,1.0,2.0,-1.3686143572620988,0.0,-0.008030490984792582,2.0,2025-06-09,forced_top2,,,,True,,,True,-0.16949152542372614,-0.2694915254237261,-0.36949152542372615,utility_positive
2025-06-12,264A,Ｓｃｈｏｏ,0.0,-2.0809248554913284,True,True,True,2025-06-11,2025-06-11,0.34883720930232176,-0.5126531296150988,0.09986544188092802,0.22820354842259452,0.5,2.271732107265239,1.17647058823529,-2.895894106736522,-0.9293681758493816,-0.05001710450518074,0.8637455,-0.75630254,-0.9993998,-0.9981993,-0.9459784,0.6040574811030565,1,1.0,5.487073815633772,0.0195418104693581,0.729591526852059,1,1.0,7.745414076168957,0.10376145379499016,-0.011281574112747375,2496,0.2139256458727158,-0.7416914544343293,0.04254889784755567,0.6175082796462295,172,0.946124763705104,0.8655296481039153,0.14474146842720986,1,1.5022559436593452,1.6358470444444173,5.487073815633772,1.0,0.0195418104693581,0.0,0.7900126023944549,0.33333039266239317,0.2139256458727158,0.5,0.5,0.24402190937986304,0.6040574811030565,4,2025-05-30,283,2.0,2.0,1.0,0.14883720930232175,1.0,0.00043670418519603516,1.0,2025-06-11,forced_top2,,,,True,,,True,-1.0404624277456642,-1.1404624277456643,-1.2404624277456642,utility_positive
2025-06-12,6577,ベストワンドットコム,1.0,2.6304441569642067,True,True,True,2025-06-11,2025-06-11,-17.008403361344538,-3.4557211441830575,-0.9313782213197769,-0.07671787879576505,0.45,3.8287730704073626,0.2020882452004047,0.16846554393732505,-0.08770430274074043,-0.3411114686033061,0.48259303,-0.99759907,-0.9729892,-0.8565426,-0.99309725,0.5747006801755988,2,0.9996849401386263,3.984817871974426,0.0195418104693581,0.37136969526182634,4,0.999054820415879,4.293054664378136,0.10376145379499016,0.035942409338232825,816,0.7432262129804663,0.368184143758001,0.04254889784755567,0.5845586124359223,521,0.8361688720856963,0.6378846782943308,0.14474146842720986,2,0.6418899908442577,1.6358470444444173,3.984817871974426,0.9996849401386263,0.0195418104693581,1.0,0.8945337114051669,0.10986566420100713,0.7432262129804663,0.25,0.5,0.24402190937986304,0.5747006801755988,4,2025-05-30,283,0.0,0.0,,,0.0,,,,forced_top2,,,,True,,,True,1.3152220784821034,1.2152220784821033,1.1152220784821034,utility_positive
2025-06-13,264A,Ｓｃｈｏｏ,0.0,-1.740139211136893,True,True,True,2025-06-12,2025-06-12,-2.0809248554913284,-0.3102813996824366,-0.21302600973884706,0.23392550790177952,0.45,2.105508425169234,0.2317497103128563,-2.884306621220879,-0.9288794998407937,-0.04974402159071081,0.8830973,-0.18589936,-1.0,-0.99819225,-0.9276891,0.6034415139826429,1,1.0,5.533101008954,0.019478812912968546,0.7197105271910285,1,1.0,7.711199871983572,0.10478318179084231,0.018715418818370244,1713,0.4604475260006303,-0.07528780454547304,0.04229015698192645,0.6176967013517297,178,0.944216829498897,0.858101898959273,0.14721991975338128,1,2.2499813770311117,1.0180635763929438,5.533101008954,1.0,0.019478812912968546,0.0,0.8511660888748819,0.22672808709266554,0.4604475260006303,0.5,0.5,0.22740592591313155,0.6034415139826429,4,2025-05-30,283,3.0,3.0,1.0,-2.2809248554913286,1.0,-0.000615967120413563,1.0,2025-06-12,forced_top2,,,,True,,,True,-0.8700696055684465,-0.9700696055684465,-1.0700696055684464,utility_positive
2025-06-13,9612,ラックランド,0.0,-2.115384615384619,True,True,True,2025-06-12,2025-06-12,-2.8917910447761153,-0.9547413830568076,-0.6775236238509368,-0.3883884862834757,0.4,2.727637295353663,0.0,-1.381555629799296,-0.3902001426705052,-0.3364260437361938,0.63663757,-0.9680627,-0.9987948,-0.99638444,-0.9885508,0.5596145476817905,2,0.9996848408446265,3.283119631922888,0.019478812912968546,0.46675457440535634,2,0.9996848408446265,5.2971106215674375,0.10478318179084231,0.040391613173975854,635,0.800189095493224,0.4372710484488388,0.04229015698192645,0.6016356386260374,337,0.8941065237945163,0.749006181799548,0.14721991975338128,2,0.3264235614726784,1.0180635763929438,3.283119631922888,0.9996848408446265,0.019478812912968546,1.0,0.9234163252442482,0.08318321278494943,0.800189095493224,0.5,0.5,0.22740592591313155,0.5596145476817905,4,2025-05-30,283,2.0,2.0,4.0,1.2995313964386137,0.0,-0.0031534649008547744,4.0,2025-06-09,forced_top2,,,,True,,,True,-1.0576923076923095,-1.1576923076923096,-1.2576923076923094,utility_positive
2025-06-16,264A,Ｓｃｈｏｏ,0.0,-0.4739336492891044,True,True,True,2025-06-13,2025-06-13,-1.740139211136893,-0.11069019429076735,-0.30003297029569165,0.23712930687880548,0.45,2.1320294170240963,1.7709563164108655,-1.6165135223814684,-0.8993635612339459,-0.053471012380195665,0.86586463,0.76842105,-1.0,-0.99638987,-0.57894737,0.5669211175574412,1,1.0,3.4864787622821307,0.01957087547330172,0.4268307899167379,2,0.9996838444514701,4.864021345866505,0.1011415075051611,-0.04512536106950587,2974,0.06006955422067661,-1.6948055524113435,0.03821113326137012,0.6169827194648728,183,0.9424596901675625,0.868304302735113,0.14644063654227069,1,0.05704262574197651,0.9909211899315106,3.4864787622821307,1.0,0.01957087547330172,0.0,0.7505532722099273,0.39933868773641346,0.06006955422067661,0.5,0.5,0.2867881628806124,0.5669211175574412,4,2025-05-30,283,4.0,4.0,1.0,-1.940139211136893,1.0,-0.03652039642520166,1.0,2025-06-13,forced_top2,,,,True,,,True,-0.2369668246445522,-0.3369668246445522,-0.4369668246445522,utility_positive
2025-06-16,9556,ＩＮＴＬＯＯＰ,1.0,7.222222222222219,True,True,True,2025-06-13,2025-06-13,-14.126984126984132,-1.973236847454374,-0.18522003558212602,0.14431305604031794,0.65,3.610059292204291,0.31847133757962887,0.612774498599608,0.1864640947751032,-0.09953552532823656,0.85624063,-0.98977447,0.6396992,0.7027677,-0.41203007,0.5658047434323749,2,0.9996838444514701,3.4294361365401542,0.01957087547330172,0.23106887729594905,9,0.997470755611761,2.9284963823810695,0.1011415075051611,0.035304680232681455,721,0.7723680050584888,0.41007944935066354,0.03821113326137012,0.6374383406393372,45,0.9860891558646854,1.0079897183237008,0.14644063654227069,2,0.1508197831401735,0.9909211899315106,3.4294361365401542,0.9996838444514701,0.01957087547330172,1.0,0.9389029402466014,0.09628724071115813,0.7723680050584888,0.25,0.25,0.2867881628806124,0.5658047434323749,4,2025-05-30,283,0.0,0.0,,,0.0,,,,forced_top2,,,,True,,,True,3.6111111111111094,3.5111111111111093,3.411111111111109,utility_positive
2025-06-17,331A,メディックス,0.0,-1.5444015444015413,True,True,True,2025-06-16,2025-06-16,1.980198019801982,-0.3726766703404884,-0.20239644204093032,-0.5334424889840803,0.4,1.1716212440496605,-0.39447731755424265,0.22279014661367508,-0.049819745863516215,0.1348161511271576,-0.09016888,-0.5319662,-0.24547648,,-0.37153196,0.5955130620376542,1,1.0,4.943749493811589,0.02009165331649926,0.35315027958316403,1,1.0,3.867254162701273,0.10903970756021013,-0.007545606999193581,2304,0.26958452267681576,-0.5457295202550498,0.04258425141079117,0.4547165884799852,1909,0.3948620361560419,-0.23612236401042724,0.14887094158623027,1,0.6530787413790997,2.0525996263688127,4.943749493811589,1.0,0.02009165331649926,0.0,0.6661116397082144,0.3368133668090971,0.26958452267681576,0.5,0.5,0.2254501328553985,0.5955130620376542,4,2025-05-30,283,0.0,0.0,,,0.0,,,,forced_top2,,,,True,,,True,-0.7722007722007707,-0.8722007722007706,-0.9722007722007706,utility_positive
2025-06-17,5016,ＪＸ金属,1.0,3.1102979613172987,True,True,True,2025-06-16,2025-06-16,-0.5967051498248832,-0.06162780752767345,-0.37299231428126634,-0.29468560060392907,0.3,1.3876706781521597,1.0353866317168947,0.16252122822477674,0.22142235605087685,-0.010170827593197632,0.20989144,0.6230398,-0.7617611,,-0.3685163,0.5823916303774896,2,0.9996828417380272,4.290670752432489,0.02009165331649926,0.19752975809591336,11,0.9968284173802727,2.4400628672613127,0.10903970756021013,-0.02783901600442281,2620,0.16936251189343487,-1.022276796135699,0.04258425141079117,0.5085197781840609,1346,0.5734221376466857,0.12528590768315498,0.14887094158623027,2,1.461929207864464,2.0525996263688127,4.290670752432489,0.9996828417380272,0.02009165331649926,1.0,0.6848239771646052,0.3444538312104522,0.16936251189343487,0.25,0.25,0.2254501328553985,0.5823916303774896,4,2025-05-30,283,0.0,0.0,,,0.0,,,,forced_top2,,,,True,,,True,1.5551489806586494,1.4551489806586493,1.3551489806586494,utility_positive
2025-06-18,3843,フリービット,1.0,0.3506311360448766,True,True,True,2025-06-17,2025-06-17,0.3518648838845895,-0.5783100519569183,0.3109085176750015,0.35872029298646074,0.75,1.240036197619002,0.708717221828481,-0.5239452304711367,-0.474886199045018,0.12360787776057464,0.5163044,-0.9782609,-0.83152175,-0.5958925,-0.76086956,0.5474936817221284,1,1.0,2.797054896347796,0.01861802548637237,0.10375599561405247,30,0.9907936507936508,1.9250598291349006,0.09795093510663877,0.05388331084354219,177,0.9441269841269841,0.8138231915795312,0.042536275291720466,0.569863545904741,646,0.7952380952380953,0.5325818729765336,0.14882762224888324,1,0.04366045856558872,0.4327542728386677,2.797054896347796,1.0,0.01861802548637237,0.0,0.9325396825396826,0.08205243854205617,0.7952380952380953,0.25,0.25,0.2199698235441421,0.5474936817221284,4,2025-05-30,283,0.0,0.0,,,0.0,,,,forced_top2,,,,True,,,True,0.1753155680224383,0.0753155680224383,-0.024684431977561705,utility_positive
2025-06-18,4263,サスメド,1.0,0.815660685154973,True,True,True,2025-06-17,2025-06-17,-6.315789473684208,-0.49451820827472376,0.34469991847017545,0.17028107777457815,0.6,3.2244330522653057,-0.5979073243647215,-0.07988005863964923,-0.027553911112885677,0.20249816296922532,0.7475845,-0.9233092,0.29830918,0.24916944,-0.1316425,0.5466808101918076,2,0.9996825396825397,2.753394437782207,0.01861802548637237,0.10714168457367765,28,0.9914285714285714,1.9596249811259379,0.09795093510663877,0.056579761156908374,124,0.960952380952381,0.8772149741198102,0.042536275291720466,0.6149049085636327,183,0.9422222222222222,0.8352230223699532,0.14882762224888324,2,0.15140711602213577,0.4327542728386677,2.753394437782207,0.9996825396825397,0.01861802548637237,1.0,0.9735714285714285,0.023144549984899863,0.9422222222222222,0.25,0.25,0.2199698235441421,0.5466808101918076,4,2025-05-30,283,0.0,0.0,,,0.0,,,,forced_top2,,,,True,,,True,0.4078303425774865,0.30783034257748654,0.2078303425774865,utility_positive
2025-06-19,3843,フリービット,0.0,-0.6271777003484358,True,True,True,2025-06-18,2025-06-18,0.3506311360448766,-0.8002473168114331,0.34185389070796324,0.38375800321932646,0.8,1.2325215091393547,0.0,-0.5105673040497323,-0.474886199045018,0.12813088983433388,0.52074564,-0.98256165,-0.81178594,-0.54285717,-0.7757065,0.5508652566414305,1,1.0,2.905573497593962,0.019172606591348063,0.10472970428237413,19,0.9942875277689622,1.9550028764129455,0.10093769943882083,0.06926940444011832,61,0.9809584258965408,1.1866282283775669,0.04039012761870623,0.5708208550636237,626,0.8016502697556331,0.5404656494354788,0.1476428690589094,1,0.02040535815872988,0.7062489545184449,2.905573497593962,1.0,0.019172606591348063,0.0,0.9442240558552841,0.08260448775702672,0.8016502697556331,0.25,0.25,0.23539913774105092,0.5508652566414305,4,2025-05-30,283,1.0,1.0,1.0,0.1506311360448766,1.0,0.003371574919302067,1.0,2025-06-18,forced_top2,,,,True,,,True,-0.3135888501742179,-0.41358885017421787,-0.5135888501742178,utility_positive
2025-06-19,4571,ＮＡＮＯ ＭＲＮＡ,1.0,8.904109589041088,True,True,True,2025-06-18,2025-06-18,-11.834319526627224,-2.2118963337246917,-0.3479626018509373,-0.31277719593310366,0.5,3.0029313899942736,28.030303030303028,1.3620992235843565,0.37852636021291985,-0.4681442193741305,0.73181,0.9633193,0.8556825,-0.18977444,-0.12507516,0.5504740327370976,2,0.999682640431609,2.885168139435232,0.019172606591348063,0.6269819010490294,1,1.0,7.129008224961598,0.10093769943882083,-0.12597441838835605,3129,0.007299270072992692,-3.647320915621904,0.04039012761870623,0.6096784483569272,234,0.9260552205649,0.8036520365667081,0.1476428690589094,2,0.023563820487402565,0.7062489545184449,2.885168139435232,0.999682640431609,0.019172606591348063,1.0,0.7332592827673754,0.4202142993168231,0.007299270072992692,0.5,0.5,0.23539913774105092,0.5504740327370976,4,2025-05-30,283,0.0,0.0,,,0.0,,,,forced_top2,,,,True,,,True,4.452054794520544,4.352054794520544,4.252054794520544,utility_positive
2025-06-20,334A,ビジュアル・プロセッシング・ジャパン,0.0,-1.0302640051513157,True,True,True,2025-06-19,2025-06-19,2.1052631578947434,-0.9678578109946081,0.2417740857246135,-0.8014588966471703,0.55,3.3452053059043716,0.46265697290150953,0.24907332400529114,-0.15621850808867874,-0.07563939610160683,0.8155515,-0.8402652,0.6238698,,0.1528029,0.6192959371518968,1,1.0,6.58200281533299,0.01875742946432113,0.5320495409916524,1,1.0,6.188580396472256,0.1003853586327764,-0.06520105621569638,3020,0.04006359300476947,-2.376901441387732,0.036607502044759425,0.6170552477221948,161,0.9491255961844197,0.868406709503535,0.1463446313595269,1,3.321820888999886,0.8531576731037416,6.58200281533299,1.0,0.01875742946432113,0.0,0.7472972972972973,0.40884944864384415,0.04006359300476947,0.5,0.5,0.24300787255676812,0.6192959371518968,4,2025-05-30,283,0.0,0.0,,,0.0,,,,forced_top2,,,,True,,,True,-0.5151320025756578,-0.6151320025756578,-0.7151320025756578,utility_positive
2025-06-20,3639,ボルテージ,0.0,-0.37735849056603765,True,True,True,2025-06-19,2025-06-19,-0.3731343283582045,1.124145286206754,-0.9658948724967894,0.6493889090105003,0.4,5.028066752717286,1.9011406844106515,-0.8607773247733862,-0.2921780949356389,0.19962840609169558,0.7896323,0.907173,-1.0,0.49577805,-0.70464134,0.5569871161333729,2,0.9996820349761526,3.260181926333104,0.01875742946432113,0.3556976786052794,2,0.9996820349761526,4.431831555921787,0.1003853586327764,-0.04578214926717137,2944,0.06422893481717007,-1.8464389442530789,0.036607502044759425,0.6241435305210159,88,0.9723370429252782,0.9168422601142523,0.1463446313595269,2,0.39411618209229504,0.8531576731037416,3.260181926333104,0.9996820349761526,0.01875742946432113,1.0,0.7589825119236884,0.40127148216530995,0.06422893481717007,0.5,0.5,0.24300787255676812,0.5569871161333729,4,2025-05-30,283,0.0,0.0,,,0.0,,,,forced_top2,,,,True,,,True,-0.18867924528301883,-0.2886792452830188,-0.38867924528301884,utility_positive
2025-06-23,2323,ｆｏｎｆｕｎ,0.0,-2.8169014084507005,True,True,True,2025-06-20,2025-06-20,-2.2883295194508046,-0.8215737782283462,0.8332306878490628,0.4405654196020342,0.65,2.4337425944512128,0.45977011494253706,-0.39576156160218473,-0.31145302735765806,0.23233520579716063,0.4583836,-0.8986731,0.6290712,0.28468034,-0.15832329,0.5525389865608394,1,1.0,2.9909413221608716,0.01901152659929939,0.18462150908081001,1,1.0,2.7253280308801844,0.09982927132764202,0.06957478179543239,56,0.9824561403508771,1.2949750914319054,0.03567693722837107,0.5842148005922996,485,0.8456140350877193,0.6475801151756894,0.14602532624702663,1,0.2054248603839566,0.5574307924796252,2.9909413221608716,1.0,0.01901152659929939,0.0,0.9570175438596491,0.06471639481200908,0.8456140350877193,0.5,0.5,0.2439239823650304,0.5525389865608394,4,2025-05-30,283,0.0,0.0,,,0.0,,,,forced_top2,,,,True,,,True,-1.4084507042253502,-1.5084507042253503,-1.6084507042253502,utility_positive
2025-06-23,3843,フリービット,0.0,-0.43352601156069204,True,True,True,2025-06-20,2025-06-20,-1.480959097320167,-1.0838492439832013,0.16176480343439656,0.347545737287505,0.7,1.2961222477297558,-0.5610098176718092,-0.46070441550684527,-0.4741978009414037,0.12413116089652211,0.5651387,-0.98733413,-0.889626,-0.6206273,-0.90591073,0.5486335463634925,2,0.9996810207336523,2.785516461776915,0.01901152659929939,0.09980580284176274,19,0.9942583732057416,1.8757204447376379,0.09982927132764202,0.06227843517720073,105,0.9668261562998405,1.0904635165865892,0.03567693722837107,0.5824168896854289,504,0.8395534290271133,0.6352677926965793,0.14602532624702663,2,0.3226818256709734,0.5574307924796252,2.785516461776915,0.9996810207336523,0.01901152659929939,1.0,0.950079744816587,0.06501643361202761,0.8395534290271133,0.25,0.25,0.2439239823650304,0.5486335463634925,4,2025-05-30,283,2.0,2.0,2.0,-0.8271777003484357,0.0,-0.002231710277938004,2.0,2025-06-19,forced_top2,,,,True,,,True,-0.21676300578034602,-0.316763005780346,-0.41676300578034603,utility_positive
2025-06-24,2323,ｆｏｎｆｕｎ,1.0,3.791469194312791,True,True,True,2025-06-23,2025-06-23,-2.8169014084507005,-1.1097247021203205,0.5916299499202309,0.38145161267286787,0.6,2.5474254977646518,-0.23419203747072626,-0.4455422294655687,-0.3153562279821702,0.2290283453545323,0.4944058,-0.8228001,0.12609616,0.07231467,-0.42001814,0.5505697608657585,1,1.0,2.9311403435397017,0.018817763997009074,0.16930754301161385,4,0.9990372272143774,2.4787461867496643,0.1014467204135119,0.068615763219779,66,0.9791399229781772,1.3162685891299004,0.03534054643013579,0.5799579238204702,518,0.8340821566110398,0.6103936344753945,0.14664649308504468,1,0.2543954583189769,0.3919694729884367,2.9311403435397017,1.0,0.018817763997009074,0.0,0.9530648267008986,0.06919746839511166,0.8340821566110398,0.25,0.5,0.2468709246007088,0.5505697608657585,4,2025-05-30,283,1.0,1.0,1.0,-3.0169014084507007,1.0,-0.001969225695080956,1.0,2025-06-23,forced_top2,,,,True,,,True,1.8957345971563955,1.7957345971563954,1.6957345971563955,utility_positive
2025-06-24,4199,ワンダープラネット,1.0,2.2245762711864403,True,True,True,2025-06-23,2025-06-23,-0.5302226935312793,-0.3734463457863037,-0.19118872719495644,0.8384800850236364,0.45,3.156229969711708,-1.1530398322851187,-0.22215407547977079,-0.5194193349004059,0.06419667014930912,0.87602055,-0.90323555,-0.9231932,0.6780635,-0.7732083,0.545782607169201,2,0.9996790757381258,2.6767448852207245,0.018817763997009074,0.11359128606348207,19,0.9942233632862645,1.9295292507952635,0.1014467204135119,0.034121137328373186,922,0.7044287548138639,0.3402048500024443,0.03534054643013579,0.6294023299750804,54,0.9829910141206675,0.947560961933651,0.14664649308504468,2,0.12842523286124152,0.3919694729884367,2.6767448852207245,0.9996790757381258,0.018817763997009074,1.0,0.9203305519897305,0.12479608900180571,0.7044287548138639,0.25,0.25,0.2468709246007088,0.545782607169201,4,2025-05-30,283,0.0,0.0,,,0.0,,,,forced_top2,,,,True,,,True,1.1122881355932202,1.01228813559322,0.9122881355932202,utility_positive
2025-06-25,339A,プログレス・テクノロジーズ グループ,0.0,-1.8037518037518074,True,True,True,2025-06-24,2025-06-24,1.449275362318847,-0.1649705934014123,0.3136017032070426,-0.3114903299055636,0.55,2.094840518286111,0.0,0.06475715379135547,-0.18862845435923187,-0.1344231219914894,0.48927167,-0.26987004,0.6379571,,0.30311272,0.6139916792416968,1,1.0,6.344437167255837,0.018591486506211174,0.4135840139127357,2,0.99968,4.913839178205026,0.09731436974523501,-0.02755121946340237,2649,0.15264,-1.066443310462833,0.0388479178753371,0.5619143913528555,703,0.77536,0.5039804450637244,0.1465864738157574,1,3.595909372526013,0.4104769507604335,6.344437167255837,1.0,0.018591486506211174,0.0,0.73192,0.34677610067592607,0.15264,0.5,0.5,0.23572547740859803,0.6139916792416968,4,2025-05-30,283,0.0,0.0,,,0.0,,,,forced_top2,,,,True,,,True,-0.9018759018759037,-1.0018759018759038,-1.1018759018759037,utility_positive
2025-06-25,9552,Ｍ＆Ａ総研ホールディングス,0.0,-0.32599837000815146,True,True,True,2025-06-24,2025-06-24,-1.8326693227091684,-1.5557146153558385,-0.35011193090857223,0.3025691650900477,0.55,2.6101433252119723,0.23961661341853624,-0.33991198895711666,-0.18356250322096254,-0.25077813193192433,0.6851012,-0.97703236,-0.9740103,0.13914095,-0.9661529,0.5471383786648212,2,0.99968,2.748527794729824,0.018591486506211174,0.20246245623070724,5,0.99872,2.74435939598236,0.09731436974523501,0.005111955217810481,1948,0.37695999999999996,-0.22564729184405086,0.0388479178753371,0.603720516554674,280,0.91072,0.7891781451896176,0.1465864738157574,2,0.1219653259146053,0.4104769507604335,2.748527794729824,0.99968,0.018591486506211174,1.0,0.82152,0.2591963826908084,0.37695999999999996,0.25,0.5,0.23572547740859803,0.5471383786648212,4,2025-05-30,283,0.0,0.0,,,0.0,,,,forced_top2,,,,True,,,True,-0.16299918500407573,-0.2629991850040757,-0.36299918500407574,utility_positive
2025-06-26,4199,ワンダープラネット,1.0,0.10493179433368471,True,True,True,2025-06-25,2025-06-25,-3.57142857142857,-1.0048351439529848,-0.4251918854187542,0.7849766460651497,0.45,3.092933530035559,1.5544041450777257,-0.019600415117371827,-0.4462884793174492,0.05287229303064297,0.7241791,-0.8429851,-0.94208956,0.65123916,-0.80417913,0.5566816738555851,1,1.0,3.2815270535538907,0.018536514350319444,0.23167722502643817,2,0.9996827411167513,3.153230590745018,0.096745968004118,0.06262660601305087,68,0.978743654822335,1.2383772192212241,0.03801276369675647,0.6183044473545878,125,0.9606598984771574,0.8857968959000478,0.14876313915992756,1,0.24633250709542653,0.6340884366435189,3.2815270535538907,1.0,0.018536514350319444,0.0,0.9847715736040609,0.01637037392175625,0.9606598984771574,0.5,0.5,0.27760412821268604,0.5566816738555851,4,2025-05-30,283,1.0,1.0,2.0,2.02457627118644,0.0,0.010899066686384073,2.0,2025-06-24,forced_top2,,,,True,,,True,0.05246589716684236,-0.04753410283315765,-0.14753410283315765,utility_positive
2025-06-26,3399,丸千代山岡家,0.0,-0.5172413793103403,True,True,True,2025-06-25,2025-06-25,-4.597701149425292,-1.5228628775328559,0.3909211515055196,1.0198245687717735,0.6,2.786138605430041,0.0,0.2934168646978586,-0.02972040557838489,0.18458024600740722,0.880597,-0.7653731,0.83044773,0.9838758,0.19432835,0.5521155278028606,2,0.9996827411167513,3.0351945464584644,0.018536514350319444,0.0768275614603286,58,0.9819162436548223,1.5526505690585497,0.096745968004118,0.04493103788110191,276,0.912753807106599,0.7728607344658976,0.03801276369675647,0.6657289373161627,1,1.0,1.2045888374346458,0.14876313915992756,2,0.10001545993159575,0.6340884366435189,3.0351945464584644,0.9996827411167513,0.018536514350319444,1.0,0.9735881979695431,0.03587717911555724,0.912753807106599,0.5,0.5,0.27760412821268604,0.5521155278028606,4,2025-05-30,283,0.0,0.0,,,0.0,,,,forced_top2,,,,True,,,True,-0.25862068965517016,-0.35862068965517013,-0.45862068965517017,utility_positive
2025-06-27,3843,フリービット,0.0,-0.42918454935622075,True,True,True,2025-06-26,2025-06-26,0.0,-0.32556987678721044,0.0233895570512904,0.30392990595349745,0.7,1.176338158969116,0.21505376344086446,-0.5301571148360135,-0.4431093220810214,0.11271406578662328,0.56700414,-0.61048245,-0.94639665,-0.81179273,-0.7903514,0.5408041153098213,1,1.0,2.3930869559209063,0.019541428203673217,0.06809290431377384,62,0.980708412397217,1.5788878870085017,0.10073314418056525,0.07943408220126352,25,0.9924098671726755,1.6477155294746006,0.037662996268756896,0.5724539150562102,602,0.8099304237824162,0.5785983463090558,0.14596944190099115,1,0.030038648433476107,0.1784552807556942,2.3930869559209063,1.0,0.019541428203673217,0.0,0.9457621758380772,0.07872301600044541,0.8099304237824162,0.25,0.25,0.2805887353173669,0.5408041153098213,4,2025-05-30,283,1.0,3.0,4.0,-0.633526011560692,0.0,-0.007829431053671176,4.0,2025-06-23,forced_top2,,,,True,,,True,-0.21459227467811037,-0.31459227467811035,-0.4145922746781104,utility_positive
2025-06-27,9068,丸全昭和運輸,1.0,0.7102272727272707,True,True,True,2025-06-26,2025-06-26,-1.412429378531077,-0.38783606539225063,0.658329548603675,0.48511473359022766,0.7,1.5846187897573405,0.14144271570013522,-0.20046756489234485,-0.2089694859989623,-0.2836864262719058,0.41870162,-0.5842764,0.72483623,0.6033353,0.34365693,0.5402171172181232,2,0.9996837444655281,2.36304830748743,0.019541428203673217,0.09956306640204918,22,0.9933586337760911,1.891299083385582,0.10073314418056525,0.062034718192708116,70,0.9781783681214421,1.1857404947642332,0.037662996268756896,0.5738086173892151,590,0.8137254901960784,0.587879071886699,0.14596944190099115,2,0.00912831169214435,0.1784552807556942,2.36304830748743,0.9996837444655281,0.019541428203673217,1.0,0.946236559139785,0.07690343635186006,0.8137254901960784,0.25,0.25,0.2805887353173669,0.5402171172181232,4,2025-05-30,283,0.0,0.0,,,0.0,,,,forced_top2,,,,True,,,True,0.35511363636363535,0.2551136363636354,0.15511363636363534,utility_positive
2025-06-30,3415,ＴＯＫＹＯ ＢＡＳＥ,1.0,2.682926829268295,True,True,True,2025-06-27,2025-06-27,-3.1325301204819245,-1.5165345804709944,0.9656606280713799,0.6699994968335584,0.65,3.21949077114719,1.2195121951219523,0.19327484771126072,0.06896616243602437,0.3619132076590782,0.7565947,-0.94844127,0.9538369,0.94184655,0.19664268,0.546696641119078,1,1.0,2.7952653527148716,0.018985359031794824,0.07565599979574568,32,0.9901305316778096,1.6474398361569285,0.10253492626258362,0.04774425149157424,274,0.9130850047755492,0.7468655131595919,0.0405255295293593,0.6479222678156303,7,0.9980897803247374,1.11299710899044,0.14371298624588225,1,0.004811372177500559,0.5466868833664711,2.7952653527148716,1.0,0.018985359031794824,0.0,0.975326329194524,0.03612516994758917,0.9130850047755492,0.25,0.25,0.24950444987030732,0.546696641119078,4,2025-05-30,283,0.0,0.0,,,0.0,,,,forced_top2,,,,True,,,True,1.3414634146341475,1.2414634146341474,1.1414634146341476,utility_positive
2025-06-30,4437,ｇｏｏｄｄａｙｓホールディングス,1.0,1.4925373134328401,True,True,True,2025-06-27,2025-06-27,0.14792899408284654,0.5110413599104288,0.9105800479596466,0.6425937167223993,0.8,0.8777790034495361,0.1481481481481417,-0.9158792073548382,-0.560442038887925,-0.49312620300309745,-0.2146283,-0.28597122,-0.28597122,-0.033573143,0.16606715,0.5466052954908526,2,0.9996816300541229,2.790453980537371,0.018985359031794824,0.10963681264262068,15,0.9955428207577205,1.9788470364688775,0.10253492626258362,0.1308043608243796,1,1.0,2.7964404427760274,0.0405255295293593,0.5432544383643187,904,0.7125119388729704,0.3846855472765062,0.14371298624588225,2,0.06328290544079068,0.5466868833664711,2.790453980537371,0.9996816300541229,0.018985359031794824,1.0,0.9269340974212035,0.12380917637455453,0.7125119388729704,0.5,0.5,0.24950444987030732,0.5466052954908526,4,2025-05-30,283,0.0,0.0,,,0.0,,,,forced_top2,,,,True,,,True,0.7462686567164201,0.6462686567164201,0.5462686567164201,utility_positive
2025-07-01,8011,三陽商会,1.0,2.77884986491701,True,True,True,2025-06-30,2025-06-30,-11.720867208672093,-2.1723630042077184,-0.5338388093872116,-0.1423281779005377,0.5,2.73441526029677,-0.5725833614011466,0.11848858714142543,0.0905864423921426,-0.10616488762571183,0.58777714,-0.9796285,-0.9239065,-0.68424207,-0.9376872,0.5461804029087303,1,1.0,2.5301850122339373,0.020294593009076933,0.12849267622656274,9,0.9974554707379135,2.081583291418311,0.10239673442736771,0.009379029565823255,1794,0.42970737913486,-0.12739449920668355,0.045879933440146944,0.5942555518704475,368,0.8832697201017812,0.7349844295656893,0.14689700012957568,1,0.0061000830249226074,0.36465629522855736,2.5301850122339373,1.0,0.020294593009076933,0.0,0.8276081424936387,0.23451561576446142,0.42970737913486,0.25,0.25,0.23230268379368266,0.5461804029087303,4,2025-06-30,304,0.0,0.0,,,0.0,,,,forced_top2,,,,True,,,True,1.389424932458505,1.289424932458505,1.1894249324585051,utility_positive
2025-07-01,4069,ＢｌｕｅＭｅｍｅ,1.0,2.2950819672131084,True,True,True,2025-06-30,2025-06-30,-1.1290322580645107,0.5824524333459559,0.7410368347311165,0.7637534860463971,0.65,1.956260256387709,-2.3622047244094446,-0.5206594041104695,-0.5383472082561316,-0.1797626833194318,0.5212702,-0.910725,0.33073696,0.26123428,0.05062912,0.5460566042064179,2,0.9996819338422391,2.5240849292090144,0.020294593009076933,0.04396643580368814,153,0.9516539440203562,1.2561054000034146,0.10239673442736771,0.10868735948165362,5,0.9987277353689568,2.037131960828048,0.045879933440146944,0.5988150892991405,330,0.8953562340966921,0.7660234393798522,0.14689700012957568,2,0.08506235048113793,0.36465629522855736,2.5240849292090144,0.9996819338422391,0.020294593009076933,1.0,0.9613549618320609,0.042765707040160826,0.8953562340966921,0.25,0.5,0.23230268379368266,0.5460566042064179,4,2025-06-30,304,0.0,0.0,30.0,-4.99511769834351,0.0,-0.010900531463903906,30.0,2025-05-20,forced_top2,,,,True,,,True,1.1475409836065542,1.0475409836065541,0.9475409836065543,utility_positive
2025-07-02,9348,ｉｓｐａｃｅ,0.0,-0.7130124777183555,True,True,True,2025-07-01,2025-07-01,-2.4263431542461023,-0.734273528555063,-0.5326848746389008,0.25188559930151544,0.25,4.545155372767316,0.0,-2.271488439441541,-0.33608926822582863,-0.05494467030869949,0.8730919,-0.5246932,-1.0,-0.9826399,-0.9102065,0.5803070917644951,1,1.0,4.353307942653835,0.02006494669936959,0.553228038829819,1,1.0,6.524023635264567,0.10050710364805454,0.01564306049464735,1657,0.47193877551020413,-0.04935785703389838,0.039637539930921825,0.6275257456529182,64,0.9799107142857143,0.9751263952830631,0.14517871407315636,1,1.7079008972696854,0.37405785272991704,4.353307942653835,1.0,0.02006494669936959,0.0,0.8629623724489797,0.2259065020926379,0.47193877551020413,0.5,0.5,0.2875386236315096,0.5803070917644951,4,2025-06-30,304,0.0,0.0,,,0.0,,,,forced_top2,,,,True,,,True,-0.35650623885917776,-0.45650623885917774,-0.5565062388591777,utility_positive
2025-07-02,4437,ｇｏｏｄｄａｙｓホールディングス,0.0,-0.14598540145985828,True,True,True,2025-07-01,2025-07-01,-0.7299270072992692,0.4236881421093971,0.8735183425517168,0.6633167016754725,0.75,0.9622200566209435,0.7352941176470562,-0.7461726492022812,-0.5348707149185413,-0.5213497404397874,-0.1601317,0.12211913,0.18048489,-0.024244238,0.5046393,0.5460381512929734,2,0.9996811224489796,2.6454070453841494,0.02006494669936959,0.12190916372270467,9,0.9974489795918368,2.2325968658944895,0.10050710364805454,0.10959738230838592,4,0.9990433673469388,2.3209789998315156,0.039637539930921825,0.5360137319855379,992,0.6839923469387755,0.34478596106991216,0.14517871407315636,2,0.13716644792697388,0.37405785272991704,2.6454070453841494,0.9996811224489796,0.02006494669936959,1.0,0.9200414540816326,0.13628544040523266,0.6839923469387755,0.25,0.5,0.2875386236315096,0.5460381512929734,4,2025-06-30,304,1.0,1.0,2.0,1.2925373134328402,0.0,-0.0005671441978791769,2.0,2025-06-30,forced_top2,,,,True,,,True,-0.07299270072992914,-0.17299270072992914,-0.27299270072992915,utility_positive
2025-07-03,343A,ＩＡＣＥトラベル,0.0,-3.5916824196597363,True,True,True,2025-07-02,2025-07-02,-0.6603773584905714,-0.7688216110824907,-0.5620363277496516,-0.33542404569731893,0.4,2.1262785956615895,1.5325670498084198,0.6656036703429746,0.7530973171464656,-0.6261127003299021,0.5988024,0.8371258,0.11556886,,0.15808383,0.5718572178011666,1,1.0,4.085286455635287,0.01973784601595341,0.11200819701058569,10,0.9971070395371263,2.4253817961463096,0.09472980996875133,-0.08937033206070814,3082,0.009643201542912205,-3.06792789886253,0.035302084732731005,0.5780113993392272,521,0.8328511732561877,0.6466640622585152,0.1401198013794977,1,0.1694689386830383,1.349366481771342,4.085286455635287,1.0,0.01973784601595341,0.0,0.7099003535840566,0.40991537795916605,0.009643201542912205,0.25,0.25,0.2875507674955414,0.5718572178011666,4,2025-06-30,304,0.0,0.0,,,0.0,,,,forced_top2,,,,True,,,True,-1.7958412098298682,-1.8958412098298683,-1.9958412098298681,utility_positive
2025-07-03,9348,ｉｓｐａｃｅ,0.0,-0.5309734513274322,True,True,True,2025-07-02,2025-07-02,-0.7130124777183555,0.021224148612837012,-0.5049870822352259,0.3682071862113377,0.25,4.542132077577612,-0.3552397868561319,-2.3720471169168227,-0.33022303836508565,-0.05810858985534497,0.81257486,0.16467066,-1.0,-0.97005093,-0.91736525,0.5685122659849537,2,0.9996785599485696,3.9158175169522487,0.01973784601595341,0.46444531402247874,1,1.0,6.145827526251248,0.09472980996875133,0.0066667452092493374,2085,0.33011893281902926,-0.3474914714660805,0.035302084732731005,0.6183503135722124,111,0.9646415943426551,0.9345528105713399,0.1401198013794977,2,0.8235608939150258,1.349366481771342,3.9158175169522487,0.9996785599485696,0.01973784601595341,1.0,0.8236097717775634,0.28527921142820734,0.33011893281902926,0.5,0.5,0.2875507674955414,0.5685122659849537,4,2025-06-30,304,1.0,1.0,1.0,-0.9130124777183555,1.0,-0.011794825779541385,1.0,2025-07-02,forced_top2,,,,True,,,True,-0.2654867256637161,-0.3654867256637161,-0.4654867256637161,utility_positive
2025-07-04,9348,ｉｓｐａｃｅ,0.0,-2.4955436720142554,True,True,True,2025-07-03,2025-07-03,-0.5309734513274322,-0.410467829175252,-0.20058763315580158,0.3029108075365102,0.25,4.3088349420798755,1.4362657091562037,-2.4239735198183157,-0.0825198444470501,-0.03531196138405387,0.74640286,0.019184653,-1.0,-0.941247,-0.838729,0.5631158004456599,1,1.0,3.737290124205678,0.01991478567631144,0.4345420333780337,1,1.0,6.352106515615994,0.09050526692247807,-6.822015796648353e-05,2150,0.31232000000000004,-0.3883610172391578,0.037439314036475504,0.6123236517963119,192,0.93888,0.8701728596848624,0.1428280380387696,1,0.8631214215950868,0.5124092907078021,3.737290124205678,1.0,0.01991478567631144,0.0,0.8128000000000001,0.2900276179952523,0.31232000000000004,0.5,0.5,0.2924464027240096,0.5631158004456599,4,2025-06-30,304,2.0,2.0,1.0,-0.7309734513274322,1.0,-0.005396465539293849,1.0,2025-07-03,forced_top2,,,,True,,,True,-1.2477718360071277,-1.3477718360071278,-1.4477718360071277,utility_positive
2025-07-04,4069,ＢｌｕｅＭｅｍｅ,1.0,3.3171521035598728,True,True,True,2025-07-03,2025-07-03,-1.3567438148443745,0.7058947482287958,0.9494965281719665,0.6949080032286783,0.7,1.8600282671880155,0.561797752808979,-0.5769062570335698,-0.24997429706549312,0.00042052242851854036,0.35671464,-0.5755396,0.6966427,0.25239807,0.3705036,0.5459269223219605,2,0.99968,2.874168702610591,0.01991478567631144,0.06982023420577656,8,0.99776,2.3222659154588983,0.09050526692247807,0.06836738882443744,34,0.98944,1.4395466446301293,0.037439314036475504,0.5824503773321005,469,0.85024,0.6610173263987261,0.1428280380387696,2,0.19541926708991067,0.5124092907078021,2.874168702610591,0.99968,0.01991478567631144,1.0,0.95928,0.06307181938076624,0.85024,0.25,0.25,0.2924464027240096,0.5459269223219605,4,2025-06-30,304,1.0,1.0,3.0,2.0950819672131082,0.0,-0.00012968188445738882,3.0,2025-07-01,forced_top2,,,,True,,,True,1.6585760517799364,1.5585760517799363,1.4585760517799364,utility_positive
2025-07-07,9348,ｉｓｐａｃｅ,1.0,1.8281535648994485,True,True,True,2025-07-04,2025-07-04,-2.4955436720142554,-1.3366228269232974,-0.32536481675651435,0.20464659435275903,0.25,4.33875020517037,-0.1779359430605032,-0.9960887077759386,-0.27801417913024257,-0.062426451838289196,0.75217,-0.77431905,-0.9970069,-0.9862317,-0.97575575,0.5436694790930551,1,1.0,2.69445790971468,0.019597218387788384,0.24429176652306595,2,0.9996807151979565,3.8884245386393084,0.09167449026106148,0.032617964881169026,611,0.8052362707535121,0.5086097038535862,0.037165447584911394,0.6194365926583579,118,0.9626436781609196,0.9263187804359833,0.1445029830076589,1,0.14009843908427494,0.39728552432794084,2.69445790971468,1.0,0.019597218387788384,0.0,0.9418901660280969,0.08034534170871468,0.8052362707535121,0.5,0.5,0.29806256404026554,0.5436694790930551,4,2025-06-30,304,3.0,3.0,1.0,-2.6955436720142556,1.0,-0.019446321352604823,1.0,2025-07-04,forced_top2,,,,True,,,True,0.9140767824497242,0.8140767824497243,0.7140767824497243,utility_positive
2025-07-07,3469,デュアルタップ,0.0,-3.0878859857482177,True,True,True,2025-07-04,2025-07-04,-5.280898876404494,-2.9451636599382285,-0.9670673941809825,-0.35248636200115074,0.3,1.7220889564625965,0.0,-0.382924422015261,-0.14628686348828837,-0.09682921951364963,0.5624065,-0.9874289,-0.9946124,-0.9958096,-0.97575575,0.5409239393865323,2,0.9996807151979565,2.554359470630405,0.019597218387788384,0.30120873685637156,1,1.0,4.509283952978271,0.09167449026106148,0.023754497551079626,1043,0.6673052362707534,0.2701229397741504,0.037165447584911394,0.585968308244459,428,0.8636653895274585,0.694709136695099,0.1445029830076589,2,0.06182588328219612,0.39728552432794084,2.554359470630405,0.9996807151979565,0.019597218387788384,1.0,0.8826628352490421,0.136199295924364,0.6673052362707534,0.5,0.5,0.29806256404026554,0.5409239393865323,4,2025-06-30,304,0.0,0.0,,,0.0,,,,forced_top2,,,,True,,,True,-1.5439429928741089,-1.643942992874109,-1.7439429928741088,utility_positive
2025-07-08,7679,薬王堂ホールディングス,1.0,2.25390984360625,True,True,True,2025-07-07,2025-07-07,-5.818965517241381,-0.8844308340973072,0.11483241141661882,0.28220870823889127,0.65,1.7666373950476937,0.8695652173912993,-0.122602819995426,0.11820624084860229,-0.031995599173139405,0.28349283,-0.8498804,-0.23086125,0.43779904,-0.35107654,0.5466105545094242,1,1.0,3.080509020039399,0.01859751390526654,0.12174812142059328,11,0.996814272061166,2.7417036223849798,0.09009329151687151,0.0538999030165914,93,0.970691302962727,1.0914681731289515,0.037210545947153985,0.551453986956895,801,0.7451417648932781,0.44841952706171645,0.14635752072701264,1,0.27416055545395573,0.4029734137647712,3.080509020039399,1.0,0.01859751390526654,0.0,0.9281618349792928,0.10627673872027053,0.7451417648932781,0.25,0.25,0.26243663067851686,0.5466105545094242,4,2025-06-30,304,0.0,0.0,,,0.0,,,,forced_top2,,,,True,,,True,1.126954921803125,1.0269549218031249,0.926954921803125,utility_positive
2025-07-08,4626,太陽ホールディングス,0.0,-0.9063444108761365,True,True,True,2025-07-07,2025-07-07,-1.634472511144136,-0.7562001796098243,0.5574462154235624,0.6101679138750721,0.7,1.5134127498044616,0.4477611940298498,-0.049544689862207544,0.13913011481713164,0.056379069561247594,0.57894737,-0.8696172,0.833134,0.8600478,0.20604067,0.5415118497670937,2,0.9996814272061166,2.8063484645854433,0.01859751390526654,0.056735198920518204,28,0.9913985345651481,2.0200858259267354,0.09009329151687151,0.046471532635473004,184,0.9417011787193373,0.8918373912622172,0.037210545947153985,0.6005509306787459,309,0.9018795794839121,0.7838785009358843,0.14635752072701264,2,0.04644370739278469,0.4029734137647712,2.8063484645854433,0.9996814272061166,0.01859751390526654,1.0,0.9586651799936285,0.0395796248131031,0.9018795794839121,0.25,0.25,0.26243663067851686,0.5415118497670937,4,2025-06-30,304,0.0,0.0,,,0.0,,,,forced_top2,,,,True,,,True,-0.45317220543806824,-0.5531722054380682,-0.6531722054380682,utility_positive
2025-07-09,4626,太陽ホールディングス,0.0,0.0,True,True,True,2025-07-08,2025-07-08,-0.9063444108761365,-1.0507835093771214,0.5372126069198894,0.6039463243689985,0.7,1.5309217723698627,0.0,-0.03287802319554105,0.012983325826306066,0.11210073793274343,0.6156839,-0.9700688,0.80963784,0.83238554,-0.011074529,0.5440916860533616,1,1.0,2.7438575974389603,0.019353034447719852,0.0842463948182992,16,0.9952290076335878,2.0993150794372806,0.09479980027496007,0.04635422193469948,362,0.885178117048346,0.666597098185053,0.04242895984680586,0.602278933057485,299,0.9052162849872774,0.8024023077745764,0.14386799199455408,1,0.19600537705898188,0.4408295225040008,2.7438575974389603,1.0,0.019353034447719852,0.0,0.9464058524173027,0.05172390449268355,0.885178117048346,0.25,0.25,0.21550289365021782,0.5440916860533616,4,2025-06-30,304,1.0,1.0,1.0,-1.1063444108761364,1.0,0.0025798362862679003,1.0,2025-07-08,forced_top2,,,,True,,,True,0.0,-0.1,-0.2,utility_positive
2025-07-09,9364,上組,1.0,1.3131813676907855,True,True,True,2025-07-08,2025-07-08,-1.5019379844961267,0.06720848730646489,0.2491970974078633,0.4156763146210015,0.8,0.592788656877883,1.6498399409012654,-0.2103206579433154,-0.11889577870399608,-0.3207296361836493,-0.6276564,0.17150554,-0.059563003,0.40915895,0.3798264,0.5402983872392008,2,0.9996819338422391,2.547852220379978,0.019353034447719852,0.14004108152772876,3,0.9993638676844784,2.6878678669705987,0.09479980027496007,0.059232407823997184,94,0.9704198473282443,0.9701205862883608,0.04242895984680586,0.43883747812459334,2128,0.3234732824427481,-0.3336492396681552,0.14386799199455408,2,0.23344189350713876,0.4408295225040008,2.547852220379978,0.9996819338422391,0.019353034447719852,1.0,0.8232347328244275,0.28878194719921096,0.3234732824427481,0.25,0.5,0.21550289365021782,0.5402983872392008,4,2025-06-30,304,0.0,0.0,,,0.0,,,,forced_top2,,,,True,,,True,0.6565906838453928,0.5565906838453928,0.45659068384539275,utility_positive
2025-07-10,9024,⻄武ホールディングス,0.0,-2.725143708750266,True,True,True,2025-07-09,2025-07-09,-6.2689585439838265,-1.953080166769307,0.5556605575191299,0.4086584322661976,0.65,2.474427064146772,-1.0406243746247767,0.16371526168900702,0.19344525819095884,0.12308787446988292,0.73591655,-0.9928465,0.895082,0.83189267,-0.16989568,0.5475411125227533,1,1.0,2.9138041071463365,0.019398689253490975,0.08397778232989163,16,0.9952651515151515,1.969511639981902,0.10015379525300995,0.057743766115402835,108,0.9662247474747475,0.9002020899942806,0.04554086230000585,0.6344960222395757,25,0.9924242424242424,1.0065422352524547,0.14503867453759844,1,0.1977854918273039,0.5465684606279826,2.9138041071463365,1.0,0.019398689253490975,0.0,0.9884785353535352,0.0131301369544148,0.9662247474747475,0.25,0.25,0.18723881410009,0.5475411125227533,4,2025-06-30,304,0.0,0.0,,,0.0,,,,forced_top2,,,,True,,,True,-1.362571854375133,-1.4625718543751332,-1.562571854375133,utility_positive
2025-07-10,4069,ＢｌｕｅＭｅｍｅ,1.0,4.182804027885356,True,True,True,2025-07-09,2025-07-09,-3.09667673716012,0.5345652277365155,0.8102787670802076,0.6899915817486634,0.7,1.816674295622645,0.0,-0.7600472693257588,-0.48705957171774056,-0.16024504084710747,0.5087928,0.5153502,-0.16065574,-0.08614009,-0.24649777,0.5437043332279465,2,0.9996843434343434,2.7160186153190327,0.019398689253490975,0.0203413471576087,81,0.9747474747474747,1.334124483543909,0.10015379525300995,0.09882083474060013,5,0.9987373737373737,1.8021847611742248,0.04554086230000585,0.5908350461950752,407,0.8718434343434344,0.7055123466127717,0.14503867453759844,2,0.06436623279166104,0.5465684606279826,2.7160186153190327,0.9996843434343434,0.019398689253490975,1.0,0.9612531565656566,0.05257903030714684,0.8718434343434344,0.25,0.5,0.18723881410009,0.5437043332279465,4,2025-06-30,304,1.0,2.0,4.0,3.1171521035598726,0.0,-0.0022225890940139603,4.0,2025-07-04,forced_top2,,,,True,,,True,2.091402013942678,1.991402013942678,1.8914020139426782,utility_positive
2025-07-11,4437,ｇｏｏｄｄａｙｓホールディングス,1.0,0.2928257686676483,True,True,True,2025-07-10,2025-07-10,0.4411764705882337,0.2978263337605488,0.7967943817268404,0.6877587471166348,0.7,1.0067496193471848,0.0,-0.678557033010188,-0.47531144779040274,-0.5684513546308393,-0.56607145,-0.635119,0.1375,0.11309524,0.46815476,0.5436087266023126,1,1.0,2.6719727069726122,0.018925078411520246,0.1420145737493127,4,0.9990571967316153,2.4873637330147798,0.09867974365078586,0.1285111704973661,1,1.0,2.7682806966148052,0.03948418702960195,0.48206431770837793,1656,0.47988686360779387,-0.03712332454630552,0.14667640175280777,1,0.12356839143681174,0.41576187667916376,2.6719727069726122,1.0,0.018925078411520246,0.0,0.8697360150848523,0.22507984164616185,0.47988686360779387,0.5,0.75,0.1956106936029991,0.5436087266023126,4,2025-06-30,304,0.0,2.0,7.0,-0.3459854014598583,0.0,-0.002429424690660764,7.0,2025-07-02,forced_top2,,,,True,,,True,0.14641288433382416,0.04641288433382415,-0.053587115666175855,utility_positive
2025-07-11,7679,薬王堂ホールディングス,0.0,-0.23255813953488857,True,True,True,2025-07-10,2025-07-10,-2.9743127534925695,-1.4170100835152177,0.06209572122776617,0.26159782663880243,0.65,1.972073227306849,0.0,-0.027022237836304974,0.040302452919732286,0.07086635694850955,0.52380955,-0.97738093,-0.16904762,0.42083332,-0.92321426,0.5412701851051855,2,0.9996857322438718,2.5484043155358003,0.018925078411520246,0.10368337228676246,11,0.9968573224387178,2.0989233090286867,0.09867974365078586,0.039136597540744895,566,0.822438717787555,0.5047271152882958,0.03948418702960195,0.5723776592169979,618,0.8060967944688875,0.5786085888996223,0.14667640175280777,2,0.1485049328351727,0.41576187667916376,2.5484043155358003,0.9996857322438718,0.018925078411520246,1.0,0.906269641734758,0.0921885527065626,0.8060967944688875,0.25,0.25,0.1956106936029991,0.5412701851051855,4,2025-06-30,304,1.0,1.0,3.0,2.0539098436062497,0.0,-0.005340369404238654,3.0,2025-07-08,forced_top2,,,,True,,,True,-0.11627906976744429,-0.2162790697674443,-0.3162790697674443,utility_positive
2025-07-14,1921,巴コーポレーション,1.0,1.2137559002022957,True,True,True,2025-07-11,2025-07-11,-3.8461538461538436,0.32270513189933087,0.8604598989153383,0.4742017277653394,0.7,2.1675568183822347,0.0,-0.40001623032309086,-0.1884403650306758,-0.20996216500727646,0.70516264,-0.8340794,0.6800955,0.3243808,0.17397791,0.5466483962101228,1,1.0,2.81207274459462,0.019444554571128814,0.06416776894429237,20,0.9940251572327043,1.7299905076515414,0.10360695189622848,0.08411326568591641,9,0.9974842767295597,1.5920063641913118,0.04142690790136496,0.6160028827761038,160,0.95,0.8742145068831736,0.14493886066170603,1,0.2133726054889486,0.5091377639675811,2.81207274459462,1.0,0.019444554571128814,0.0,0.9853773584905661,0.020534976447598233,0.95,0.25,0.25,0.1819333760757713,0.5466483962101228,4,2025-06-30,304,0.0,0.0,,,0.0,,,,forced_top2,,,,True,,,True,0.6068779501011479,0.5068779501011479,0.40687795010114786,utility_positive
2025-07-14,9024,⻄武ホールディングス,0.0,-3.1450872359963244,True,True,True,2025-07-11,2025-07-11,-4.234313295304959,-2.665515188936124,0.03794364403970962,0.31342862081062556,0.55,2.7212651597519106,-0.2407528999781139,0.21495441033869084,0.17597690077860792,0.12301446926173541,0.8113996,-0.99641895,0.25455087,0.7290361,-0.79767233,0.542499460938709,2,0.9996855345911949,2.598700139105671,0.019444554571128814,0.131932064040311,3,0.9993710691823899,2.3840421311747444,0.10360695189622848,0.035682725066133104,754,0.7632075471698113,0.42294637219061537,0.04142690790136496,0.6346834207094223,41,0.9874213836477987,1.0031001476839503,0.14493886066170603,2,0.03204308907487148,0.5091377639675811,2.598700139105671,0.9996855345911949,0.019444554571128814,1.0,0.9374213836477987,0.10070383415108347,0.7632075471698113,0.25,0.5,0.1819333760757713,0.542499460938709,4,2025-06-30,304,1.0,1.0,2.0,-2.9251437087502663,0.0,-0.005041651584044238,2.0,2025-07-10,forced_top2,,,,True,,,True,-1.5725436179981622,-1.6725436179981623,-1.7725436179981622,utility_positive
2025-07-15,189A,Ｄ＆Ｍカンパニー,0.0,-3.562945368171022,True,True,True,2025-07-14,2025-07-14,-14.46028513238289,-0.8177405479927977,-0.23307888875382546,0.07232275336599034,0.45,3.9726064955002256,0.0,-0.27373430834768175,0.12306366718381255,-0.15407717034635607,0.8376119,-0.9701493,-0.9474627,-0.10865672,-0.9943284,0.5565509545024305,1,1.0,3.498784355129761,0.01872011471298418,0.14464998575130822,2,0.9996851385390428,2.697129914698541,0.10023538629587703,0.000565762537249033,2292,0.2786523929471033,-0.486951976966124,0.041109363234577596,0.6223232611280601,95,0.9704030226700252,0.9261338688775554,0.14230920876960096,1,0.8570431997706393,0.37055481073130025,3.498784355129761,1.0,0.01872011471298418,0.0,0.8121851385390428,0.30826967157967256,0.2786523929471033,0.5,0.5,0.17997430152958796,0.5565509545024305,4,2025-06-30,304,0.0,0.0,208.0,-0.0857142857142888,0.0,-0.0437808736863976,208.0,2024-09-05,forced_top2,,,,True,,,True,-1.781472684085511,-1.8814726840855112,-1.981472684085511,utility_positive
2025-07-15,9024,⻄武ホールディングス,0.0,-1.6792809839167422,True,True,True,2025-07-14,2025-07-14,-3.1450872359963244,-3.326596764391904,-0.24431071776010613,0.24443924380815607,0.5,2.7451105903535233,-0.20618556701030855,0.18192329510704658,0.17254047466176944,0.13506005404988172,0.82328355,-0.998806,-0.61134326,0.6,-0.97791046,0.5405070074887411,2,0.9996851385390428,2.6417411553591217,0.01872011471298418,0.13552457079389985,3,0.9993702770780857,2.606090060465109,0.10023538629587703,0.01708714877127754,1737,0.4534005037783375,-0.0850633332584988,0.041109363234577596,0.6249529803821754,77,0.9760705289672544,0.9446127802343938,0.14230920876960096,2,0.06135199317609947,0.37055481073130025,2.6417411553591217,0.9996851385390428,0.01872011471298418,1.0,0.8571316120906801,0.2332909232520356,0.4534005037783375,0.25,0.5,0.17997430152958796,0.5405070074887411,4,2025-06-30,304,2.0,2.0,1.0,-3.3450872359963246,1.0,-0.0019924534499679014,1.0,2025-07-14,forced_top2,,,,True,,,True,-0.8396404919583711,-0.9396404919583711,-1.039640491958371,utility_positive
2025-07-16,4572,カルナバイオサイエンス,0.0,-1.3513513513513487,True,True,True,2025-07-15,2025-07-15,-2.614379084967322,-1.1042986038881046,0.07200321112571066,0.4586835609427277,0.45,2.892674066672857,0.3278688524590123,-0.7834136004430635,-0.1235236354479106,0.08192729242373346,0.8742515,-0.9922156,-0.9520958,0.43712574,-0.9502994,0.5517742122852098,1,1.0,3.08843114985714,0.018881191340763936,0.18282681164271858,5,0.9987325728770595,3.0883809572960272,0.09194702058147228,0.005105522606518546,2118,0.3292141951837769,-0.3586221549358103,0.03603768662354138,0.6261578068383878,77,0.9759188846641318,0.942443768686844,0.1456190918267486,1,0.1236767827163113,0.5003343796076897,3.08843114985714,1.0,0.018881191340763936,0.0,0.8259664131812421,0.2869600778271565,0.3292141951837769,0.25,0.5,0.2571615571926061,0.5517742122852098,4,2025-06-30,304,0.0,0.0,,,0.0,,,,forced_top2,,,,True,,,True,-0.6756756756756743,-0.7756756756756743,-0.8756756756756743,utility_positive
2025-07-16,6822,大井電気,0.0,-1.5974440894568676,True,True,True,2025-07-15,2025-07-15,-6.726457399103136,-1.5204845479987128,0.6158874294224337,0.3614187147246524,0.55,3.8882428688640234,0.0,0.18535307829435316,-0.09426414247153865,-0.02465487171707801,0.8005988,-0.95089823,0.91197604,0.26347306,0.31257486,0.5494390472863331,2,0.9996831432192649,2.964754367140829,0.018881191340763936,0.13846400061999092,10,0.997148288973384,2.6058986458282107,0.09194702058147228,0.049954009239067024,199,0.9372623574144486,0.8858663468109002,0.03603768662354138,0.6359399211710949,30,0.9908111533586819,1.0096198114020767,0.1456190918267486,2,0.22082169331152485,0.5003343796076897,2.964754367140829,0.9996831432192649,0.018881191340763936,1.0,0.981226235741445,0.025587411240909377,0.9372623574144486,0.25,0.25,0.2571615571926061,0.5494390472863331,4,2025-06-30,304,0.0,0.0,,,0.0,,,,forced_top2,,,,True,,,True,-0.7987220447284338,-0.8987220447284338,-0.9987220447284337,utility_positive
2025-07-17,4572,カルナバイオサイエンス,1.0,1.7182130584192379,True,True,True,2025-07-16,2025-07-16,-1.3513513513513487,-1.3745688741583744,0.12105371935989255,0.344297521359838,0.45,2.8578658884060313,-0.6711409395973145,-0.7451315669631591,-0.14793683100204572,0.07060308793940377,0.87911433,-0.99102336,-0.94494313,0.08916816,-0.7824656,0.5443838351794724,1,1.0,2.680746085050134,0.019319116944168102,0.1359457199221779,11,0.9968374446552815,2.5877443688014776,0.09003543575520095,-0.0019820560782901437,2175,0.31246046805819105,-0.4108908154680776,0.03909425648990361,0.623130566426044,94,0.9705882352941176,0.9359868361300464,0.14620318499960372,1,0.1624365443879454,0.2778648737544098,2.680746085050134,1.0,0.019319116944168102,0.0,0.8199715370018976,0.29323398152514135,0.31246046805819105,0.25,0.25,0.2517869328912431,0.5443838351794724,4,2025-06-30,304,1.0,1.0,1.0,-1.5513513513513486,1.0,-0.007390377105737422,1.0,2025-07-16,forced_top2,,,,True,,,True,0.8591065292096189,0.759106529209619,0.659106529209619,utility_positive
2025-07-17,7043,アルー,1.0,0.2600780234070177,True,True,True,2025-07-16,2025-07-16,0.6493506493506551,0.31216250193129647,0.40525328055029525,0.501619985826285,0.7894736842105263,0.4973287084167273,0.0,-0.3812670932582758,-0.2971169868945415,-0.10078659083980449,-0.9090365,0.06343507,-0.11250748,0.28605625,0.68132854,0.5412457045824351,2,0.9996837444655281,2.5183095406621887,0.019319116944168102,0.13856301876868554,10,0.9971537001897534,2.6168140214838265,0.09003543575520095,0.11350711375515306,1,1.0,2.5432303317973566,0.03909425648990361,0.4046764881093096,2378,0.24826059456040483,-0.5581945547700665,0.14620318499960372,2,0.06571960698927397,0.2778648737544098,2.5183095406621887,0.9996837444655281,0.019319116944168102,1.0,0.8112745098039216,0.3250581073176951,0.24826059456040483,0.5,0.5,0.2517869328912431,0.5412457045824351,4,2025-06-30,304,0.0,0.0,53.0,0.08776978417266451,0.0,-0.021275791010890943,53.0,2025-05-01,forced_top2,,,,True,,,True,0.13003901170350884,0.03003901170350884,-0.06996098829649117,utility_positive
2025-07-18,7043,アルー,1.0,0.1290322580645098,True,True,True,2025-07-17,2025-07-17,0.2600780234070177,0.28625602869062317,0.4462118457309756,0.49120375624821544,0.8421052631578947,0.4465050194827316,-0.7741935483870921,-0.42201412212075434,-0.3004133157667374,-0.09187723424634073,-0.90664274,-0.3237582,-0.18252544,0.20323257,0.039796527,0.5434403553626176,1,1.0,2.8767964986803296,0.018724307376869198,0.12227072511823704,6,0.9984207201516109,2.5604781941112473,0.09431607219342387,0.11688854149233874,1,1.0,2.288738748086993,0.044285258079805635,0.4041648653193574,2418,0.23657612128869232,-0.5837561871732064,0.14573594332001583,1,0.16016711112546655,0.3828030278858843,2.8767964986803296,1.0,0.018724307376869198,0.0,0.8087492103600757,0.33034491617091627,0.23657612128869232,0.5,0.5,0.21709479847144378,0.5434403553626176,4,2025-06-30,304,1.0,1.0,1.0,0.06007802340701768,1.0,0.002194650780182439,1.0,2025-07-17,forced_top2,,,,True,,,True,0.0645161290322549,-0.03548387096774511,-0.1354838709677451,utility_positive
2025-07-18,189A,Ｄ＆Ｍカンパニー,0.0,-1.520467836257311,True,True,True,2025-07-17,2025-07-17,0.5931198102016699,-3.33249778729296,-0.49375464703935396,0.04283994264255483,0.4,4.007533726081451,1.3221153846153744,-0.19494792656928106,0.11617869793138465,-0.08745867068389879,0.89287853,-0.9880311,-0.9634949,-0.079916194,-0.5891682,0.5404413371422392,2,0.9996841440303221,2.716629387554863,0.018724307376869198,0.2559570629849244,2,0.9996841440303221,3.977907215036999,0.09431607219342387,-0.022515538809106346,2622,0.1721415034744157,-0.8591277507426535,0.044285258079805635,0.6277333676197958,53,0.983575489576753,0.9503094469271823,0.14573594332001583,2,0.06378460733290905,0.3828030278858843,2.716629387554863,0.9996841440303221,0.018724307376869198,1.0,0.7887713202779533,0.35607212534602994,0.1721415034744157,0.5,0.5,0.21709479847144378,0.5404413371422392,4,2025-06-30,304,1.0,1.0,3.0,-3.7629453681710223,0.0,-0.01610961736019134,3.0,2025-07-15,forced_top2,,,,True,,,True,-0.7602339181286555,-0.8602339181286555,-0.9602339181286554,utility_positive
2025-07-22,6597,ＨＰＣシステムズ,0.0,-1.6949152542372836,True,True,True,2025-07-18,2025-07-18,-6.004250797024446,-2.093690538856097,-1.0568743616090397,0.34012264525279073,0.4,2.282621706034625,3.9204859193815667,-0.026652831669987352,0.4927113224820811,0.10257964011761445,0.85914654,-0.8734706,-0.9832886,0.94151,-0.84482247,0.5509702113930888,1,1.0,2.843092757166321,0.020185261797730725,0.2619124191079083,3,0.9993706733794839,3.6884707665252514,0.09684565367703578,0.0831266210071605,6,0.9984266834487099,1.8978744256053497,0.03560031429393416,0.6433206681509392,12,0.9965387035871618,1.0560817428149127,0.1471867114455216,1,0.2060856170199308,0.5465979604693719,2.843092757166321,1.0,0.020185261797730725,0.0,0.998584015103839,0.001306894880887024,0.9965387035871618,0.25,0.5,0.29557457010229676,0.5509702113930888,4,2025-06-30,304,0.0,0.0,,,0.0,,,,forced_top2,,,,True,,,True,-0.8474576271186418,-0.9474576271186418,-1.0474576271186418,utility_positive
2025-07-22,7043,アルー,1.0,2.05920205920207,True,True,True,2025-07-18,2025-07-18,0.1290322580645098,0.1816843838237344,0.3705514574993835,0.47108922716991547,0.8421052631578947,0.35941423794057137,0.5188067444876765,-0.381002363638947,-0.27202558511166064,-0.07571123017596716,-0.857356,0.28498957,-0.30587885,0.26410028,0.9904506,0.5468103192607946,2,0.999685336689742,2.63700714014639,0.020185261797730725,0.15672779744876963,8,0.9977973568281938,2.602365013035147,0.09684565367703578,0.09673125882176883,2,0.999685336689742,2.280023799408108,0.03560031429393416,0.4131403682387669,2320,0.2702957835116425,-0.5077842995171038,0.1471867114455216,2,0.12302971902655253,0.5465979604693719,2.63700714014639,0.999685336689742,0.020185261797730725,1.0,0.81686595342983,0.3155633760321241,0.2702957835116425,0.5,0.5,0.29557457010229676,0.5468103192607946,4,2025-06-30,304,2.0,2.0,1.0,-0.07096774193549021,1.0,0.0033699638981770086,1.0,2025-07-18,forced_top2,,,,True,,,True,1.029601029601035,0.929601029601035,0.829601029601035,utility_positive
2025-07-23,352A,ＬＩＦＥ ＣＲＥＡＴＥ,0.0,-1.4234875444839812,True,True,True,2025-07-22,2025-07-22,1.6236162361623618,-0.6491324549796618,0.15374657610603637,-0.25233735879341856,0.55,2.2282968815454645,0.22189349112426981,0.44053114245681535,0.4747502607003681,-0.2807041053779472,0.81807375,-0.5457788,0.80856127,,0.4369798,0.5960281944382172,1,1.0,5.213351223396391,0.01998648653601026,0.20517873881642984,3,0.9993742177722152,3.1366898522455307,0.09773264643159471,-0.08144169177700594,3081,0.03629536921151444,-2.253810101427063,0.041890203455859004,0.6124412120357893,220,0.931476846057572,0.8336151195231403,0.14896331982401567,1,2.5064288692612138,0.34425456133796517,5.213351223396391,1.0,0.01998648653601026,0.0,0.7417866082603254,0.4082663979982797,0.03629536921151444,0.25,0.5,0.24797611728844515,0.5960281944382172,4,2025-06-30,304,0.0,0.0,,,0.0,,,,forced_top2,,,,True,,,True,-0.7117437722419906,-0.8117437722419906,-0.9117437722419905,utility_positive
2025-07-23,4572,カルナバイオサイエンス,1.0,1.730103806228378,True,True,True,2025-07-22,2025-07-22,-2.0408163265306145,-1.129775584423424,0.1796746392833098,0.4245681634787089,0.45,2.5394316901499545,1.379310344827589,-0.6673716286394831,-0.15739526253624625,0.07756130513531602,0.87574315,-0.90546966,-0.92627823,0.36723164,-0.84512484,0.5459334875892605,2,0.9996871088861077,2.706922354135177,0.01998648653601026,0.1530493620221705,7,0.9981226533166458,2.6033023026640723,0.09773264643159471,0.02001563546055422,1287,0.597622027534418,0.1681721012726414,0.041890203455859004,0.6249382891800312,95,0.9705882352941176,0.9175087730682274,0.14896331982401567,2,0.11870834393816197,0.34425456133796517,2.706922354135177,0.9996871088861077,0.01998648653601026,1.0,0.8915050062578223,0.17006767203938614,0.597622027534418,0.25,0.25,0.24797611728844515,0.5459334875892605,4,2025-06-30,304,2.0,2.0,3.0,1.518213058419238,0.0,0.0015496524097881048,3.0,2025-07-17,forced_top2,,,,True,,,True,0.865051903114189,0.765051903114189,0.665051903114189,utility_positive
2025-07-24,3271,ＴＨＥグローバル社,1.0,1.1607142857142927,True,True,True,2025-07-23,2025-07-23,-10.143769968051119,-0.10266822584635235,0.7664505905398356,0.6479398334132934,0.75,3.3186098129338704,0.3205128205128194,-0.23520379795076005,-0.41361243397733344,-0.05583023884754052,0.7785714,-0.62708336,0.72440475,0.23630953,-0.3175595,0.5751167566973614,1,1.0,4.279500941289324,0.019646044049650424,0.1964602591692235,5,0.9987542821550919,2.956966259078405,0.1033721156189685,0.0966548919162141,3,0.9993771410775459,1.6014573816001707,0.0527170967483514,0.6256275943870598,76,0.9766427904079726,0.92271893065065,0.14480056172614408,1,0.31125459316162835,1.9031248922591766,4.279500941289324,1.0,0.019646044049650424,0.0,0.9936935534101525,0.009854109951562181,0.9766427904079726,0.25,0.75,0.1826413166115705,0.5751167566973614,4,2025-06-30,304,0.0,0.0,35.0,0.11847133757962885,0.0,0.022013162686324805,35.0,2025-06-04,forced_top2,,,,True,,,True,0.5803571428571463,0.48035714285714637,0.38035714285714634,utility_positive
2025-07-24,7709,クボテック,0.0,0.0,True,True,True,2025-07-23,2025-07-23,0.0,-0.9226124873202209,-1.9296152624425027,0.28436275086147506,0.35,6.076081616836406,0.5319148936170137,-0.460683724510076,-0.11420833203988551,-0.021673891882637207,0.8886905,-0.94166666,-1.0,-0.4232143,-0.98571426,0.569001835249452,2,0.9996885705387729,3.9682463481276957,0.019646044049650424,0.5157675097753537,1,1.0,6.045877119557478,0.1033721156189685,0.03011235730789951,873,0.7284335098100281,0.3392001877725242,0.0527170967483514,0.6349620460125903,32,0.990345686701962,0.9871831255008356,0.14480056172614408,2,1.3152076484055697,1.9031248922591766,3.9682463481276957,0.9996885705387729,0.019646044049650424,1.0,0.9296169417626908,0.11621807282036671,0.7284335098100281,0.5,0.5,0.1826413166115705,0.569001835249452,4,2025-06-30,304,0.0,0.0,,,0.0,,,,forced_top2,,,,True,,,True,0.0,-0.1,-0.2,utility_positive
2025-07-25,7709,クボテック,0.0,-2.617801047120416,True,True,True,2025-07-24,2025-07-24,0.0,-1.0241353299598128,-1.9927067450923446,0.17683586914104507,0.3,6.04768364610433,0.0,-0.3983784285599201,-0.11420833203988551,-0.02329732813642165,0.72940826,-0.9577758,-0.99940526,-0.7579542,-0.98989,0.5608148106287729,1,1.0,3.7054569948507328,0.018870591712283558,0.484561227468655,1,1.0,6.0722402803166196,0.09984975134364628,0.05198844309939162,246,0.9236046149048955,0.7528469477443565,0.047400320717820625,0.617077826668892,168,0.9479264109759901,0.8568364567766716,0.14433187321737956,1,0.8034382059993126,0.702726787378667,3.7054569948507328,1.0,0.018870591712283558,0.0,0.9678827564702214,0.03324847443818429,0.9236046149048955,0.5,0.5,0.18410050939311376,0.5608148106287729,4,2025-06-30,304,1.0,1.0,1.0,-0.2,1.0,-0.008187024620679106,1.0,2025-07-24,forced_top2,,,,True,,,True,-1.308900523560208,-1.4089005235602081,-1.508900523560208,utility_positive
2025-07-25,3271,ＴＨＥグローバル社,0.0,-1.6014234875444844,True,True,True,2025-07-24,2025-07-24,1.1607142857142927,0.20002136850991006,0.9270253673255502,0.670618404841865,0.8,3.2521508199530453,-0.4444444444444473,-0.2574260201729824,-0.41935483971973925,-0.05456426739428749,0.79185253,-0.47368422,0.80493605,0.29289326,-0.36782634,0.5456534562773103,2,0.9996881821016527,2.9020187888514206,0.018870591712283558,0.061128678269667946,22,0.9934518241347053,1.8315431979404475,0.09984975134364628,0.08625175293858169,4,0.9990645463049579,1.4756966947569,0.047400320717820625,0.626607876246164,68,0.9791082008107266,0.9228651818588903,0.14433187321737956,2,0.14108904180208243,0.702726787378667,2.9020187888514206,0.9996881821016527,0.018870591712283558,1.0,0.9928281883380106,0.008285207518295229,0.9791082008107266,0.25,0.5,0.18410050939311376,0.5456534562773103,4,2025-06-30,304,1.0,1.0,1.0,0.9607142857142927,1.0,-0.029463300420051075,1.0,2025-07-24,forced_top2,,,,True,,,True,-0.8007117437722422,-0.9007117437722422,-1.0007117437722421,utility_positive
2025-07-28,7709,クボテック,1.0,1.538461538461533,True,True,True,2025-07-25,2025-07-25,-2.617801047120416,-1.4466854383737944,-2.3122760427313844,0.14153918502237148,0.25,5.8938558773157315,1.0582010582010692,-0.2987394036872498,-0.11340666457155128,-0.02769392888881857,0.7151353,-0.9595599,-0.99940526,-0.80493605,-0.9934582,0.5694968752222295,1,1.0,4.180481970429572,0.018675735460780718,0.5774973732246672,1,1.0,7.037368466964612,0.09904004681179679,0.04123412422153727,569,0.8229978186350888,0.5600403280339266,0.042853247057866174,0.6204185153919465,136,0.9579308195699595,0.88894333989477,0.14485193231236648,1,0.6003855926955701,1.3310000130433566,4.180481970429572,1.0,0.018675735460780718,0.0,0.945232159551262,0.07263181596297617,0.8229978186350888,0.5,0.5,0.1986709509526741,0.5694968752222295,4,2025-06-30,304,2.0,2.0,1.0,-2.8178010471204162,1.0,0.008682064593456551,1.0,2025-07-25,forced_top2,,,,True,,,True,0.7692307692307665,0.6692307692307665,0.5692307692307665,utility_positive
2025-07-28,3271,ＴＨＥグローバル社,1.0,0.5454545454545379,True,True,True,2025-07-25,2025-07-25,-1.6014234875444844,-0.7027876008436468,0.7871336545634812,0.6322613467161239,0.75,3.2997791429321794,-0.7943512797881747,-0.29714358416239117,-0.43593404107626205,-0.05009502439886379,0.8209932,-0.9530181,0.62592924,0.13291703,-0.52720785,0.558284232718583,2,0.999688376441259,3.5800963777340016,0.018675735460780718,0.14507818694445107,7,0.9981302586475538,2.6712640455689822,0.09904004681179679,0.0763655839995285,16,0.9953256466188843,1.379848911746429,0.042853247057866174,0.6319913034519701,41,0.9875350576503583,0.9688372555317905,0.14485193231236648,2,0.5322061867642685,1.3310000130433566,3.5800963777340016,0.999688376441259,0.018675735460780718,1.0,0.9951698348395139,0.004676949523154788,0.9875350576503583,0.25,0.25,0.1986709509526741,0.558284232718583,4,2025-06-30,304,2.0,2.0,1.0,-1.8014234875444843,1.0,0.01263077644127264,1.0,2025-07-25,forced_top2,,,,True,,,True,0.27272727272726893,0.17272727272726893,0.07272727272726892,utility_positive
2025-07-29,3271,ＴＨＥグローバル社,1.0,1.8867924528301883,True,True,True,2025-07-28,2025-07-28,0.5454545454545379,-1.1904571350604993,0.5394572983331526,0.6860394454793268,0.75,3.107819772024945,-0.5424954792043413,-0.16170678176792813,-0.4449756323963344,-0.04330097632225565,0.8306595,-0.98871064,0.4818776,0.30124778,-0.58467025,0.5580726413772421,1,1.0,3.3934166812847044,0.019737368514238518,0.17498424176259247,2,0.9996891513832763,2.8504467736780366,0.103198054927545,0.04697500744437347,390,0.879079888094498,0.630922821580299,0.04611585953188657,0.6285818410163921,74,0.9773080509791732,0.9591296971255113,0.14443719501739505,1,0.5787161032774362,0.5605680662566351,3.3934166812847044,1.0,0.019737368514238518,0.0,0.9640192726142368,0.04989549996650757,0.879079888094498,0.5,0.5,0.2132227371190455,0.5580726413772421,4,2025-06-30,304,3.0,3.0,1.0,0.34545454545453785,1.0,-0.00021159134134085544,1.0,2025-07-28,forced_top2,,,,True,,,True,0.9433962264150941,0.8433962264150942,0.7433962264150942,utility_positive
2025-07-29,7709,クボテック,0.0,-6.030150753768848,True,True,True,2025-07-28,2025-07-28,1.538461538461533,-0.8344246027627051,-2.3925856702108232,0.2176852611684475,0.25,5.826140302620122,4.8387096774193505,0.12501426200189958,-0.02438629390099424,-0.017512054130273333,0.7290553,0.043077838,-0.9994058,-0.2982769,-0.9408794,0.5466503083817312,2,0.9996891513832763,2.814700578007268,0.019737368514238518,0.4917310467675609,1,1.0,5.919756609288362,0.103198054927545,-0.026500706643716627,2703,0.16008703761268261,-0.9623623266079441,0.04611585953188657,0.6065826183906498,301,0.9067454149829033,0.8068197424556429,0.14443719501739505,2,0.2648421802490531,0.5605680662566351,2.814700578007268,0.9996891513832763,0.019737368514238518,1.0,0.7666304009947156,0.3522445243294293,0.16008703761268261,0.5,0.5,0.2132227371190455,0.5466503083817312,4,2025-06-30,304,3.0,3.0,1.0,1.338461538461533,1.0,-0.02284656684049824,1.0,2025-07-28,forced_top2,,,,True,,,True,-3.015075376884424,-3.115075376884424,-3.2150753768844242,utility_positive
2025-07-30,7709,クボテック,0.0,-1.0471204188481686,True,True,True,2025-07-29,2025-07-29,-6.030150753768848,-1.421898052485547,-2.602350088633211,0.14377849328648437,0.25,5.880275270769156,0.5050505050504972,0.16551068969344884,0.018753436738736327,-0.02899251275980478,0.8067202,-0.68718404,-0.9988106,-0.4564377,-0.98096937,0.5657877400761422,1,1.0,3.8450174718660026,0.01948530935544024,0.510925233841735,1,1.0,6.30876395211657,0.10072236153018126,0.013878876289946529,1890,0.4107922645040549,-0.16380152155931374,0.04038619154909577,0.6255550318608263,95,0.9706799750467873,0.9450573985795934,0.142328691219072,1,0.2921392027036109,1.435012591427078,3.8450174718660026,1.0,0.01948530935544024,0.0,0.8453680598877106,0.25118781410527957,0.4107922645040549,0.5,0.5,0.21861464588415505,0.5657877400761422,4,2025-06-30,304,4.0,4.0,1.0,-6.230150753768848,1.0,0.019137431694410956,1.0,2025-07-29,forced_top2,,,,True,,,True,-0.5235602094240843,-0.6235602094240843,-0.7235602094240843,utility_positive
2025-07-30,3271,ＴＨＥグローバル社,0.0,-1.5817223198594021,True,True,True,2025-07-29,2025-07-29,1.8867924528301883,-1.6304464343193175,0.5901076005863126,0.7037826633039888,0.75,3.121778828060057,0.6329113924050667,-0.10110368319014591,-0.4225223472848214,-0.0362258319880364,0.83467144,-0.98632175,0.7091882,0.43443355,-0.34225395,0.5600953173366107,2,0.9996880848409233,3.5528782691623917,0.01948530935544024,0.22798134808536286,2,0.9996880848409233,3.4996172893708937,0.10072236153018126,0.00645760347920576,2163,0.3256394260761073,-0.34755920026291326,0.04038619154909577,0.6340401856616461,38,0.988459139114161,1.0046740066446496,0.142328691219072,2,0.8290434562623236,1.435012591427078,3.5528782691623917,0.9996880848409233,0.01948530935544024,1.0,0.8283686837180286,0.2902870711900346,0.3256394260761073,0.5,0.5,0.21861464588415505,0.5600953173366107,4,2025-06-30,304,4.0,4.0,1.0,1.6867924528301883,1.0,0.0020226759593685584,1.0,2025-07-29,forced_top2,,,,True,,,True,-0.7908611599297011,-0.890861159929701,-0.990861159929701,utility_positive
2025-07-31,5449,大阪製鐵,1.0,4.2804728903383715,True,True,True,2025-07-30,2025-07-30,-12.987934705464866,-3.3591304434715923,-0.5706800413982122,-0.13539832993155676,0.5,3.3178751916779947,-1.2959719789842339,0.09735556520785837,0.2564132328136145,0.10909623466347998,0.83591884,-0.9958234,-0.9504773,-0.19272077,-0.900358,0.5602448590444278,1,1.0,3.490293973621298,0.01961763254573018,0.20857276724014157,3,0.9993744135126681,3.287747893213537,0.10072858774442403,0.004460521288027697,2107,0.341257428839537,-0.331093152980936,0.04371627742190822,0.6244803107143712,94,0.9709102283390679,0.9354841085831973,0.1413410557350387,1,0.47344521247751137,1.0136201544615158,3.490293973621298,1.0,0.01961763254573018,0.0,0.8278855176728183,0.28120046280448263,0.341257428839537,0.25,0.5,0.21687350119835283,0.5602448590444278,4,2025-06-30,304,0.0,0.0,121.0,-1.735181236673777,0.0,0.0023240549372478547,121.0,2025-02-03,forced_top2,,,,True,,,True,2.1402364451691858,2.0402364451691857,1.9402364451691858,utility_positive
2025-07-31,4099,四国化成ホールディングス,0.0,-0.8962264150943366,True,True,True,2025-07-30,2025-07-30,-9.584937954642703,-1.9586471630782647,0.47552384679451387,0.19193614462192046,0.55,3.2072539408555936,1.037613488975353,-0.02066220036731905,0.05380940194898081,-0.3138457609692775,0.87410504,-0.977327,0.6139618,0.35381863,-0.64797133,0.5509569848355088,2,0.999687206756334,3.0168487611437866,0.01961763254573018,0.17161804282765603,5,0.9987488270253363,2.9208736498631804,0.10072858774442403,0.011676940337661756,1855,0.42008132624335315,-0.16601919254308817,0.04371627742190822,0.6301283385283188,53,0.9837347513293713,0.9754443861159732,0.1413410557350387,2,0.10752043635129445,1.0136201544615158,3.0168487611437866,0.999687206756334,0.01961763254573018,1.0,0.8505630278385987,0.2486193150000326,0.42008132624335315,0.25,0.5,0.21687350119835283,0.5509569848355088,4,2025-06-30,304,0.0,0.0,,,0.0,,,,forced_top2,,,,True,,,True,-0.4481132075471683,-0.5481132075471683,-0.6481132075471683,utility_positive
