date,policy_id,hypothesis_id,capacity,slot,code,name,uplift_score_pct,oc_return_pct,label
2024-07-01,U01_MATCHED_NO_EVENT_K1,U01_MATCHED_NO_EVENT,1,1,4967,小林製薬,0.4645485205087294,1.9230769230769162,1.0
2024-07-02,U01_MATCHED_NO_EVENT_K1,U01_MATCHED_NO_EVENT,1,1,1946,トーエネック,1.2539973589730617,-2.9090909090909056,0.0
2024-07-03,U01_MATCHED_NO_EVENT_K1,U01_MATCHED_NO_EVENT,1,1,5208,有沢製作所,0.4208287638448045,0.8160703075957398,1.0
2024-07-04,U01_MATCHED_NO_EVENT_K1,U01_MATCHED_NO_EVENT,1,1,,,,,
2024-07-05,U01_MATCHED_NO_EVENT_K1,U01_MATCHED_NO_EVENT,1,1,,,,,
2024-07-08,U01_MATCHED_NO_EVENT_K1,U01_MATCHED_NO_EVENT,1,1,2659,サンエー,0.6029360313373333,-3.6633663366336666,0.0
2024-07-09,U01_MATCHED_NO_EVENT_K1,U01_MATCHED_NO_EVENT,1,1,2654,アスモ,0.5337338927050027,0.0,0.0
2024-07-10,U01_MATCHED_NO_EVENT_K1,U01_MATCHED_NO_EVENT,1,1,6098,リクルートホールディングス,0.8359806729203665,2.529729729729735,1.0
2024-07-11,U01_MATCHED_NO_EVENT_K1,U01_MATCHED_NO_EVENT,1,1,6525,ＫＯＫＵＳＡＩ ＥＬＥＣＴＲＩＣ,1.2096488022806,0.9090909090909038,1.0
2024-07-12,U01_MATCHED_NO_EVENT_K1,U01_MATCHED_NO_EVENT,1,1,4443,Ｓａｎｓａｎ,0.7587892455591565,0.0,0.0
2024-07-16,U01_MATCHED_NO_EVENT_K1,U01_MATCHED_NO_EVENT,1,1,2722,ＩＫホールディングス,1.4474334547549648,0.0,0.0
2024-07-17,U01_MATCHED_NO_EVENT_K1,U01_MATCHED_NO_EVENT,1,1,3810,サイバーステップ,0.6459188618638695,0.8695652173912993,1.0
2024-07-18,U01_MATCHED_NO_EVENT_K1,U01_MATCHED_NO_EVENT,1,1,1866,北野建設,0.4032995524078705,1.5471167369901506,1.0
2024-07-19,U01_MATCHED_NO_EVENT_K1,U01_MATCHED_NO_EVENT,1,1,,,,,
2024-07-22,U01_MATCHED_NO_EVENT_K1,U01_MATCHED_NO_EVENT,1,1,6557,ＡＩＡＩグループ,0.5799039142710168,0.0,0.0
2024-07-23,U01_MATCHED_NO_EVENT_K1,U01_MATCHED_NO_EVENT,1,1,,,,,
2024-07-24,U01_MATCHED_NO_EVENT_K1,U01_MATCHED_NO_EVENT,1,1,6594,ニデック,1.315642221392585,0.02778549597111102,1.0
2024-07-25,U01_MATCHED_NO_EVENT_K1,U01_MATCHED_NO_EVENT,1,1,7213,レシップホールディングス,0.4281564182604256,-2.2222222222222254,0.0
2024-07-26,U01_MATCHED_NO_EVENT_K1,U01_MATCHED_NO_EVENT,1,1,,,,,
2024-07-29,U01_MATCHED_NO_EVENT_K1,U01_MATCHED_NO_EVENT,1,1,,,,,
2024-07-30,U01_MATCHED_NO_EVENT_K1,U01_MATCHED_NO_EVENT,1,1,8886,ウッドフレンズ,0.6093073981752396,,
2024-07-31,U01_MATCHED_NO_EVENT_K1,U01_MATCHED_NO_EVENT,1,1,7513,コジマ,0.4351528612898077,0.4646840148698983,1.0
2025-04-01,U01_MATCHED_NO_EVENT_K1,U01_MATCHED_NO_EVENT,1,1,9696,ウィザス,0.7703918976138047,-0.8181818181818179,0.0
2025-04-02,U01_MATCHED_NO_EVENT_K1,U01_MATCHED_NO_EVENT,1,1,,,,,
2025-04-03,U01_MATCHED_NO_EVENT_K1,U01_MATCHED_NO_EVENT,1,1,,,,,
2025-04-04,U01_MATCHED_NO_EVENT_K1,U01_MATCHED_NO_EVENT,1,1,7089,フォースタートアップス,1.0140187541400025,-2.200000000000002,0.0
2025-04-07,U01_MATCHED_NO_EVENT_K1,U01_MATCHED_NO_EVENT,1,1,,,,,
2025-04-08,U01_MATCHED_NO_EVENT_K1,U01_MATCHED_NO_EVENT,1,1,,,,,
2025-04-09,U01_MATCHED_NO_EVENT_K1,U01_MATCHED_NO_EVENT,1,1,,,,,
2025-04-10,U01_MATCHED_NO_EVENT_K1,U01_MATCHED_NO_EVENT,1,1,,,,,
2025-04-11,U01_MATCHED_NO_EVENT_K1,U01_MATCHED_NO_EVENT,1,1,2999,ホームポジション,0.4472793574049211,0.0,0.0
2025-04-14,U01_MATCHED_NO_EVENT_K1,U01_MATCHED_NO_EVENT,1,1,9778,昴,0.6290804510153226,0.0,0.0
2025-04-22,U01_MATCHED_NO_EVENT_K1,U01_MATCHED_NO_EVENT,1,1,,,,,
2025-04-23,U01_MATCHED_NO_EVENT_K1,U01_MATCHED_NO_EVENT,1,1,,,,,
2025-04-24,U01_MATCHED_NO_EVENT_K1,U01_MATCHED_NO_EVENT,1,1,1878,大東建託,0.6515249031608791,-0.19243104554201862,0.0
2025-04-25,U01_MATCHED_NO_EVENT_K1,U01_MATCHED_NO_EVENT,1,1,,,,,
2025-04-30,U01_MATCHED_NO_EVENT_K1,U01_MATCHED_NO_EVENT,1,1,5332,ＴＯＴＯ,0.6132498459217177,3.23809523809524,1.0
2025-05-01,U01_MATCHED_NO_EVENT_K1,U01_MATCHED_NO_EVENT,1,1,9206,スターフライヤー,0.6238610346801349,1.9991840065279431,1.0
2025-05-08,U01_MATCHED_NO_EVENT_K1,U01_MATCHED_NO_EVENT,1,1,4551,鳥居薬品,0.5305305655066411,-0.15748031496063408,0.0
2025-05-09,U01_MATCHED_NO_EVENT_K1,U01_MATCHED_NO_EVENT,1,1,,,,,
2025-05-12,U01_MATCHED_NO_EVENT_K1,U01_MATCHED_NO_EVENT,1,1,7846,パイロットコーポレーション,1.1122376513960857,-0.975847767748228,0.0
2025-05-13,U01_MATCHED_NO_EVENT_K1,U01_MATCHED_NO_EVENT,1,1,5976,高周波熱錬,0.7718983922962355,0.0,0.0
2025-05-14,U01_MATCHED_NO_EVENT_K1,U01_MATCHED_NO_EVENT,1,1,6822,大井電気,0.4407129734840069,-2.271880819366856,0.0
2025-05-15,U01_MATCHED_NO_EVENT_K1,U01_MATCHED_NO_EVENT,1,1,7313,テイ・エス テック,1.1575793559419358,-0.4878048780487809,0.0
2025-05-16,U01_MATCHED_NO_EVENT_K1,U01_MATCHED_NO_EVENT,1,1,9780,ハリマビステム,0.49760026734964785,-1.4084507042253502,0.0
2025-05-19,U01_MATCHED_NO_EVENT_K1,U01_MATCHED_NO_EVENT,1,1,8803,平和不動産,0.4115294433805012,0.8888888888888946,1.0
2025-05-20,U01_MATCHED_NO_EVENT_K1,U01_MATCHED_NO_EVENT,1,1,,,,,
2025-05-21,U01_MATCHED_NO_EVENT_K1,U01_MATCHED_NO_EVENT,1,1,,,,,
2025-05-27,U01_MATCHED_NO_EVENT_K1,U01_MATCHED_NO_EVENT,1,1,,,,,
2025-05-28,U01_MATCHED_NO_EVENT_K1,U01_MATCHED_NO_EVENT,1,1,5939,大⾕⼯業,0.6140184988626606,2.0408163265306145,1.0
2025-05-29,U01_MATCHED_NO_EVENT_K1,U01_MATCHED_NO_EVENT,1,1,,,,,
2025-05-30,U01_MATCHED_NO_EVENT_K1,U01_MATCHED_NO_EVENT,1,1,7202,いすゞ自動車,1.0539382329071956,2.243673362901122,1.0
2025-06-02,U01_MATCHED_NO_EVENT_K1,U01_MATCHED_NO_EVENT,1,1,6973,協栄産業,1.646083026291138,0.0,0.0
2025-06-03,U01_MATCHED_NO_EVENT_K1,U01_MATCHED_NO_EVENT,1,1,,,,,
2025-06-04,U01_MATCHED_NO_EVENT_K1,U01_MATCHED_NO_EVENT,1,1,6201,豊⽥自動織機,0.6681283030307603,1.2812499999999893,1.0
2025-06-05,U01_MATCHED_NO_EVENT_K1,U01_MATCHED_NO_EVENT,1,1,,,,,
2025-06-06,U01_MATCHED_NO_EVENT_K1,U01_MATCHED_NO_EVENT,1,1,,,,,
2025-06-09,U01_MATCHED_NO_EVENT_K1,U01_MATCHED_NO_EVENT,1,1,7605,フジ・コーポレーション,0.7127670442724856,0.0,0.0
2025-06-10,U01_MATCHED_NO_EVENT_K1,U01_MATCHED_NO_EVENT,1,1,9444,トーシンホールディングス,0.7914575557495556,0.32102728731941976,1.0
2025-06-11,U01_MATCHED_NO_EVENT_K1,U01_MATCHED_NO_EVENT,1,1,,,,,
2025-06-12,U01_MATCHED_NO_EVENT_K1,U01_MATCHED_NO_EVENT,1,1,,,,,
2025-06-13,U01_MATCHED_NO_EVENT_K1,U01_MATCHED_NO_EVENT,1,1,8267,イオン,0.41891917778472854,2.7957486136783727,1.0
2025-06-17,U01_MATCHED_NO_EVENT_K1,U01_MATCHED_NO_EVENT,1,1,3688,ＣＡＲＴＡ ＨＯＬＤＩＮＧＳ,1.5789965738761522,0.0,0.0
2025-06-18,U01_MATCHED_NO_EVENT_K1,U01_MATCHED_NO_EVENT,1,1,,,,,
2025-06-19,U01_MATCHED_NO_EVENT_K1,U01_MATCHED_NO_EVENT,1,1,6371,椿本チエイン,0.5099240495196642,-0.7847533632286963,0.0
2025-06-20,U01_MATCHED_NO_EVENT_K1,U01_MATCHED_NO_EVENT,1,1,,,,,
2025-06-24,U01_MATCHED_NO_EVENT_K1,U01_MATCHED_NO_EVENT,1,1,,,,,
2025-06-25,U01_MATCHED_NO_EVENT_K1,U01_MATCHED_NO_EVENT,1,1,4732,ユー・エス・エス,0.678790586125809,-0.09646302250804206,0.0
2025-06-26,U01_MATCHED_NO_EVENT_K1,U01_MATCHED_NO_EVENT,1,1,,,,,
2025-06-27,U01_MATCHED_NO_EVENT_K1,U01_MATCHED_NO_EVENT,1,1,,,,,
2025-06-30,U01_MATCHED_NO_EVENT_K1,U01_MATCHED_NO_EVENT,1,1,7060,ギークス,1.0022844024277826,5.624999999999991,1.0
2025-07-01,U01_MATCHED_NO_EVENT_K1,U01_MATCHED_NO_EVENT,1,1,9386,日本コンセプト,0.8363882792516509,0.0,0.0
2025-07-02,U01_MATCHED_NO_EVENT_K1,U01_MATCHED_NO_EVENT,1,1,,,,,
2025-07-07,U01_MATCHED_NO_EVENT_K1,U01_MATCHED_NO_EVENT,1,1,,,,,
2025-07-08,U01_MATCHED_NO_EVENT_K1,U01_MATCHED_NO_EVENT,1,1,5463,丸一鋼管,0.665468287384544,0.5932203389830581,1.0
2025-07-09,U01_MATCHED_NO_EVENT_K1,U01_MATCHED_NO_EVENT,1,1,,,,,
2025-07-10,U01_MATCHED_NO_EVENT_K1,U01_MATCHED_NO_EVENT,1,1,,,,,
2025-07-11,U01_MATCHED_NO_EVENT_K1,U01_MATCHED_NO_EVENT,1,1,3697,ＳＨＩＦＴ,0.4108958603709463,-4.557042702358194,0.0
2025-07-14,U01_MATCHED_NO_EVENT_K1,U01_MATCHED_NO_EVENT,1,1,,,,,
2025-07-15,U01_MATCHED_NO_EVENT_K1,U01_MATCHED_NO_EVENT,1,1,3073,ＤＤグループ,1.1382330796750806,0.05899705014749124,1.0
2025-07-16,U01_MATCHED_NO_EVENT_K1,U01_MATCHED_NO_EVENT,1,1,,,,,
2025-07-23,U01_MATCHED_NO_EVENT_K1,U01_MATCHED_NO_EVENT,1,1,7818,トランザクション,0.6072535294173784,0.8957654723126929,1.0
2025-07-24,U01_MATCHED_NO_EVENT_K1,U01_MATCHED_NO_EVENT,1,1,,,,,
2025-07-25,U01_MATCHED_NO_EVENT_K1,U01_MATCHED_NO_EVENT,1,1,,,,,
2025-07-28,U01_MATCHED_NO_EVENT_K1,U01_MATCHED_NO_EVENT,1,1,6338,タカトリ,0.5363081677643141,-0.37336652146857663,0.0
2025-07-29,U01_MATCHED_NO_EVENT_K1,U01_MATCHED_NO_EVENT,1,1,,,,,
2025-07-30,U01_MATCHED_NO_EVENT_K1,U01_MATCHED_NO_EVENT,1,1,4498,サイバートラスト,0.5704091572916007,-0.9589041095890427,0.0
2025-07-31,U01_MATCHED_NO_EVENT_K1,U01_MATCHED_NO_EVENT,1,1,4114,日本触媒,0.8832039894470795,0.49722140976893314,1.0
2024-07-01,U01_MATCHED_NO_EVENT_K2,U01_MATCHED_NO_EVENT,2,1,4967,小林製薬,0.4645485205087294,1.9230769230769162,1.0
2024-07-01,U01_MATCHED_NO_EVENT_K2,U01_MATCHED_NO_EVENT,2,2,,,,,
2024-07-02,U01_MATCHED_NO_EVENT_K2,U01_MATCHED_NO_EVENT,2,1,1946,トーエネック,1.2539973589730617,-2.9090909090909056,0.0
2024-07-02,U01_MATCHED_NO_EVENT_K2,U01_MATCHED_NO_EVENT,2,2,,,,,
2024-07-03,U01_MATCHED_NO_EVENT_K2,U01_MATCHED_NO_EVENT,2,1,5208,有沢製作所,0.4208287638448045,0.8160703075957398,1.0
2024-07-03,U01_MATCHED_NO_EVENT_K2,U01_MATCHED_NO_EVENT,2,2,,,,,
2024-07-04,U01_MATCHED_NO_EVENT_K2,U01_MATCHED_NO_EVENT,2,1,,,,,
2024-07-04,U01_MATCHED_NO_EVENT_K2,U01_MATCHED_NO_EVENT,2,2,,,,,
2024-07-05,U01_MATCHED_NO_EVENT_K2,U01_MATCHED_NO_EVENT,2,1,,,,,
2024-07-05,U01_MATCHED_NO_EVENT_K2,U01_MATCHED_NO_EVENT,2,2,,,,,
2024-07-08,U01_MATCHED_NO_EVENT_K2,U01_MATCHED_NO_EVENT,2,1,2659,サンエー,0.6029360313373333,-3.6633663366336666,0.0
2024-07-08,U01_MATCHED_NO_EVENT_K2,U01_MATCHED_NO_EVENT,2,2,,,,,
2024-07-09,U01_MATCHED_NO_EVENT_K2,U01_MATCHED_NO_EVENT,2,1,2654,アスモ,0.5337338927050027,0.0,0.0
2024-07-09,U01_MATCHED_NO_EVENT_K2,U01_MATCHED_NO_EVENT,2,2,,,,,
2024-07-10,U01_MATCHED_NO_EVENT_K2,U01_MATCHED_NO_EVENT,2,1,6098,リクルートホールディングス,0.8359806729203665,2.529729729729735,1.0
2024-07-10,U01_MATCHED_NO_EVENT_K2,U01_MATCHED_NO_EVENT,2,2,,,,,
2024-07-11,U01_MATCHED_NO_EVENT_K2,U01_MATCHED_NO_EVENT,2,1,6525,ＫＯＫＵＳＡＩ ＥＬＥＣＴＲＩＣ,1.2096488022806,0.9090909090909038,1.0
2024-07-11,U01_MATCHED_NO_EVENT_K2,U01_MATCHED_NO_EVENT,2,2,,,,,
2024-07-12,U01_MATCHED_NO_EVENT_K2,U01_MATCHED_NO_EVENT,2,1,4443,Ｓａｎｓａｎ,0.7587892455591565,0.0,0.0
2024-07-12,U01_MATCHED_NO_EVENT_K2,U01_MATCHED_NO_EVENT,2,2,2998,クリアル,0.45856509269272794,8.94941634241244,1.0
2024-07-16,U01_MATCHED_NO_EVENT_K2,U01_MATCHED_NO_EVENT,2,1,2722,ＩＫホールディングス,1.4474334547549648,0.0,0.0
2024-07-16,U01_MATCHED_NO_EVENT_K2,U01_MATCHED_NO_EVENT,2,2,2340,極楽湯ホールディングス,0.629460959126873,-0.24999999999999467,0.0
2024-07-17,U01_MATCHED_NO_EVENT_K2,U01_MATCHED_NO_EVENT,2,1,3810,サイバーステップ,0.6459188618638695,0.8695652173912993,1.0
2024-07-17,U01_MATCHED_NO_EVENT_K2,U01_MATCHED_NO_EVENT,2,2,4712,ＫｅｙＨｏｌｄｅｒ,0.4463829132302721,1.4723926380368013,1.0
2024-07-18,U01_MATCHED_NO_EVENT_K2,U01_MATCHED_NO_EVENT,2,1,1866,北野建設,0.4032995524078705,1.5471167369901506,1.0
2024-07-18,U01_MATCHED_NO_EVENT_K2,U01_MATCHED_NO_EVENT,2,2,,,,,
2024-07-19,U01_MATCHED_NO_EVENT_K2,U01_MATCHED_NO_EVENT,2,1,,,,,
2024-07-19,U01_MATCHED_NO_EVENT_K2,U01_MATCHED_NO_EVENT,2,2,,,,,
2024-07-22,U01_MATCHED_NO_EVENT_K2,U01_MATCHED_NO_EVENT,2,1,6557,ＡＩＡＩグループ,0.5799039142710168,0.0,0.0
2024-07-22,U01_MATCHED_NO_EVENT_K2,U01_MATCHED_NO_EVENT,2,2,,,,,
2024-07-23,U01_MATCHED_NO_EVENT_K2,U01_MATCHED_NO_EVENT,2,1,,,,,
2024-07-23,U01_MATCHED_NO_EVENT_K2,U01_MATCHED_NO_EVENT,2,2,,,,,
2024-07-24,U01_MATCHED_NO_EVENT_K2,U01_MATCHED_NO_EVENT,2,1,6594,ニデック,1.315642221392585,0.02778549597111102,1.0
2024-07-24,U01_MATCHED_NO_EVENT_K2,U01_MATCHED_NO_EVENT,2,2,9367,大東港運,0.7756133487976993,0.496277915632759,1.0
2024-07-25,U01_MATCHED_NO_EVENT_K2,U01_MATCHED_NO_EVENT,2,1,7213,レシップホールディングス,0.4281564182604256,-2.2222222222222254,0.0
2024-07-25,U01_MATCHED_NO_EVENT_K2,U01_MATCHED_NO_EVENT,2,2,,,,,
2024-07-26,U01_MATCHED_NO_EVENT_K2,U01_MATCHED_NO_EVENT,2,1,,,,,
2024-07-26,U01_MATCHED_NO_EVENT_K2,U01_MATCHED_NO_EVENT,2,2,,,,,
2024-07-29,U01_MATCHED_NO_EVENT_K2,U01_MATCHED_NO_EVENT,2,1,,,,,
2024-07-29,U01_MATCHED_NO_EVENT_K2,U01_MATCHED_NO_EVENT,2,2,,,,,
2024-07-30,U01_MATCHED_NO_EVENT_K2,U01_MATCHED_NO_EVENT,2,1,8886,ウッドフレンズ,0.6093073981752396,,
2024-07-30,U01_MATCHED_NO_EVENT_K2,U01_MATCHED_NO_EVENT,2,2,,,,,
2024-07-31,U01_MATCHED_NO_EVENT_K2,U01_MATCHED_NO_EVENT,2,1,7513,コジマ,0.4351528612898077,0.4646840148698983,1.0
2024-07-31,U01_MATCHED_NO_EVENT_K2,U01_MATCHED_NO_EVENT,2,2,,,,,
2025-04-01,U01_MATCHED_NO_EVENT_K2,U01_MATCHED_NO_EVENT,2,1,9696,ウィザス,0.7703918976138047,-0.8181818181818179,0.0
2025-04-01,U01_MATCHED_NO_EVENT_K2,U01_MATCHED_NO_EVENT,2,2,,,,,
2025-04-02,U01_MATCHED_NO_EVENT_K2,U01_MATCHED_NO_EVENT,2,1,,,,,
2025-04-02,U01_MATCHED_NO_EVENT_K2,U01_MATCHED_NO_EVENT,2,2,,,,,
2025-04-03,U01_MATCHED_NO_EVENT_K2,U01_MATCHED_NO_EVENT,2,1,,,,,
2025-04-03,U01_MATCHED_NO_EVENT_K2,U01_MATCHED_NO_EVENT,2,2,,,,,
2025-04-04,U01_MATCHED_NO_EVENT_K2,U01_MATCHED_NO_EVENT,2,1,7089,フォースタートアップス,1.0140187541400025,-2.200000000000002,0.0
2025-04-04,U01_MATCHED_NO_EVENT_K2,U01_MATCHED_NO_EVENT,2,2,,,,,
2025-04-07,U01_MATCHED_NO_EVENT_K2,U01_MATCHED_NO_EVENT,2,1,,,,,
2025-04-07,U01_MATCHED_NO_EVENT_K2,U01_MATCHED_NO_EVENT,2,2,,,,,
2025-04-08,U01_MATCHED_NO_EVENT_K2,U01_MATCHED_NO_EVENT,2,1,,,,,
2025-04-08,U01_MATCHED_NO_EVENT_K2,U01_MATCHED_NO_EVENT,2,2,,,,,
2025-04-09,U01_MATCHED_NO_EVENT_K2,U01_MATCHED_NO_EVENT,2,1,,,,,
2025-04-09,U01_MATCHED_NO_EVENT_K2,U01_MATCHED_NO_EVENT,2,2,,,,,
2025-04-10,U01_MATCHED_NO_EVENT_K2,U01_MATCHED_NO_EVENT,2,1,,,,,
2025-04-10,U01_MATCHED_NO_EVENT_K2,U01_MATCHED_NO_EVENT,2,2,,,,,
2025-04-11,U01_MATCHED_NO_EVENT_K2,U01_MATCHED_NO_EVENT,2,1,2999,ホームポジション,0.4472793574049211,0.0,0.0
2025-04-11,U01_MATCHED_NO_EVENT_K2,U01_MATCHED_NO_EVENT,2,2,,,,,
2025-04-14,U01_MATCHED_NO_EVENT_K2,U01_MATCHED_NO_EVENT,2,1,9778,昴,0.6290804510153226,0.0,0.0
2025-04-14,U01_MATCHED_NO_EVENT_K2,U01_MATCHED_NO_EVENT,2,2,7450,サンデー,0.42535117639902253,0.8204193254329972,1.0
2025-04-22,U01_MATCHED_NO_EVENT_K2,U01_MATCHED_NO_EVENT,2,1,,,,,
2025-04-22,U01_MATCHED_NO_EVENT_K2,U01_MATCHED_NO_EVENT,2,2,,,,,
2025-04-23,U01_MATCHED_NO_EVENT_K2,U01_MATCHED_NO_EVENT,2,1,,,,,
2025-04-23,U01_MATCHED_NO_EVENT_K2,U01_MATCHED_NO_EVENT,2,2,,,,,
2025-04-24,U01_MATCHED_NO_EVENT_K2,U01_MATCHED_NO_EVENT,2,1,1878,大東建託,0.6515249031608791,-0.19243104554201862,0.0
2025-04-24,U01_MATCHED_NO_EVENT_K2,U01_MATCHED_NO_EVENT,2,2,,,,,
2025-04-25,U01_MATCHED_NO_EVENT_K2,U01_MATCHED_NO_EVENT,2,1,,,,,
2025-04-25,U01_MATCHED_NO_EVENT_K2,U01_MATCHED_NO_EVENT,2,2,,,,,
2025-04-30,U01_MATCHED_NO_EVENT_K2,U01_MATCHED_NO_EVENT,2,1,5332,ＴＯＴＯ,0.6132498459217177,3.23809523809524,1.0
2025-04-30,U01_MATCHED_NO_EVENT_K2,U01_MATCHED_NO_EVENT,2,2,8281,ゼビオホールディングス,0.4651273406693973,0.9273570324574987,1.0
2025-05-01,U01_MATCHED_NO_EVENT_K2,U01_MATCHED_NO_EVENT,2,1,9206,スターフライヤー,0.6238610346801349,1.9991840065279431,1.0
2025-05-01,U01_MATCHED_NO_EVENT_K2,U01_MATCHED_NO_EVENT,2,2,,,,,
2025-05-08,U01_MATCHED_NO_EVENT_K2,U01_MATCHED_NO_EVENT,2,1,4551,鳥居薬品,0.5305305655066411,-0.15748031496063408,0.0
2025-05-08,U01_MATCHED_NO_EVENT_K2,U01_MATCHED_NO_EVENT,2,2,9878,セキド,0.5158817050243869,-1.86513629842181,0.0
2025-05-09,U01_MATCHED_NO_EVENT_K2,U01_MATCHED_NO_EVENT,2,1,,,,,
2025-05-09,U01_MATCHED_NO_EVENT_K2,U01_MATCHED_NO_EVENT,2,2,,,,,
2025-05-12,U01_MATCHED_NO_EVENT_K2,U01_MATCHED_NO_EVENT,2,1,7846,パイロットコーポレーション,1.1122376513960857,-0.975847767748228,0.0
2025-05-12,U01_MATCHED_NO_EVENT_K2,U01_MATCHED_NO_EVENT,2,2,6877,ＯＢＡＲＡ ＧＲＯＵＰ,0.8951278687531716,6.392045454545459,1.0
2025-05-13,U01_MATCHED_NO_EVENT_K2,U01_MATCHED_NO_EVENT,2,1,5976,高周波熱錬,0.7718983922962355,0.0,0.0
2025-05-13,U01_MATCHED_NO_EVENT_K2,U01_MATCHED_NO_EVENT,2,2,9006,京浜急行電鉄,0.5305607310474865,-0.8191349934469239,0.0
2025-05-14,U01_MATCHED_NO_EVENT_K2,U01_MATCHED_NO_EVENT,2,1,6822,大井電気,0.4407129734840069,-2.271880819366856,0.0
2025-05-14,U01_MATCHED_NO_EVENT_K2,U01_MATCHED_NO_EVENT,2,2,1925,大和ハウス⼯業,0.4233783199472661,1.1649294911097563,1.0
2025-05-15,U01_MATCHED_NO_EVENT_K2,U01_MATCHED_NO_EVENT,2,1,7313,テイ・エス テック,1.1575793559419358,-0.4878048780487809,0.0
2025-05-15,U01_MATCHED_NO_EVENT_K2,U01_MATCHED_NO_EVENT,2,2,8746,ＵＮＢＡＮＫＥＤ,0.8698761722054444,-2.166064981949456,0.0
2025-05-16,U01_MATCHED_NO_EVENT_K2,U01_MATCHED_NO_EVENT,2,1,9780,ハリマビステム,0.49760026734964785,-1.4084507042253502,0.0
2025-05-16,U01_MATCHED_NO_EVENT_K2,U01_MATCHED_NO_EVENT,2,2,7047,ポート,0.4562395973117699,3.290676416819016,1.0
2025-05-19,U01_MATCHED_NO_EVENT_K2,U01_MATCHED_NO_EVENT,2,1,8803,平和不動産,0.4115294433805012,0.8888888888888946,1.0
2025-05-19,U01_MATCHED_NO_EVENT_K2,U01_MATCHED_NO_EVENT,2,2,,,,,
2025-05-20,U01_MATCHED_NO_EVENT_K2,U01_MATCHED_NO_EVENT,2,1,,,,,
2025-05-20,U01_MATCHED_NO_EVENT_K2,U01_MATCHED_NO_EVENT,2,2,,,,,
2025-05-21,U01_MATCHED_NO_EVENT_K2,U01_MATCHED_NO_EVENT,2,1,,,,,
2025-05-21,U01_MATCHED_NO_EVENT_K2,U01_MATCHED_NO_EVENT,2,2,,,,,
2025-05-27,U01_MATCHED_NO_EVENT_K2,U01_MATCHED_NO_EVENT,2,1,,,,,
2025-05-27,U01_MATCHED_NO_EVENT_K2,U01_MATCHED_NO_EVENT,2,2,,,,,
2025-05-28,U01_MATCHED_NO_EVENT_K2,U01_MATCHED_NO_EVENT,2,1,5939,大⾕⼯業,0.6140184988626606,2.0408163265306145,1.0
2025-05-28,U01_MATCHED_NO_EVENT_K2,U01_MATCHED_NO_EVENT,2,2,,,,,
2025-05-29,U01_MATCHED_NO_EVENT_K2,U01_MATCHED_NO_EVENT,2,1,,,,,
2025-05-29,U01_MATCHED_NO_EVENT_K2,U01_MATCHED_NO_EVENT,2,2,,,,,
2025-05-30,U01_MATCHED_NO_EVENT_K2,U01_MATCHED_NO_EVENT,2,1,7202,いすゞ自動車,1.0539382329071956,2.243673362901122,1.0
2025-05-30,U01_MATCHED_NO_EVENT_K2,U01_MATCHED_NO_EVENT,2,2,7163,住信ＳＢＩネット銀行,0.781561460567655,0.0,0.0
2025-06-02,U01_MATCHED_NO_EVENT_K2,U01_MATCHED_NO_EVENT,2,1,6973,協栄産業,1.646083026291138,0.0,0.0
2025-06-02,U01_MATCHED_NO_EVENT_K2,U01_MATCHED_NO_EVENT,2,2,7984,コクヨ,0.6549153337962829,1.441383728379253,1.0
2025-06-03,U01_MATCHED_NO_EVENT_K2,U01_MATCHED_NO_EVENT,2,1,,,,,
2025-06-03,U01_MATCHED_NO_EVENT_K2,U01_MATCHED_NO_EVENT,2,2,,,,,
2025-06-04,U01_MATCHED_NO_EVENT_K2,U01_MATCHED_NO_EVENT,2,1,6201,豊⽥自動織機,0.6681283030307603,1.2812499999999893,1.0
2025-06-04,U01_MATCHED_NO_EVENT_K2,U01_MATCHED_NO_EVENT,2,2,6135,牧野フライス製作所,0.5803907165993403,0.25839793281654533,1.0
2025-06-05,U01_MATCHED_NO_EVENT_K2,U01_MATCHED_NO_EVENT,2,1,,,,,
2025-06-05,U01_MATCHED_NO_EVENT_K2,U01_MATCHED_NO_EVENT,2,2,,,,,
2025-06-06,U01_MATCHED_NO_EVENT_K2,U01_MATCHED_NO_EVENT,2,1,,,,,
2025-06-06,U01_MATCHED_NO_EVENT_K2,U01_MATCHED_NO_EVENT,2,2,,,,,
2025-06-09,U01_MATCHED_NO_EVENT_K2,U01_MATCHED_NO_EVENT,2,1,7605,フジ・コーポレーション,0.7127670442724856,0.0,0.0
2025-06-09,U01_MATCHED_NO_EVENT_K2,U01_MATCHED_NO_EVENT,2,2,,,,,
2025-06-10,U01_MATCHED_NO_EVENT_K2,U01_MATCHED_NO_EVENT,2,1,9444,トーシンホールディングス,0.7914575557495556,0.32102728731941976,1.0
2025-06-10,U01_MATCHED_NO_EVENT_K2,U01_MATCHED_NO_EVENT,2,2,9696,ウィザス,0.7422821292572256,-0.15503875968991832,0.0
2025-06-11,U01_MATCHED_NO_EVENT_K2,U01_MATCHED_NO_EVENT,2,1,,,,,
2025-06-11,U01_MATCHED_NO_EVENT_K2,U01_MATCHED_NO_EVENT,2,2,,,,,
2025-06-12,U01_MATCHED_NO_EVENT_K2,U01_MATCHED_NO_EVENT,2,1,,,,,
2025-06-12,U01_MATCHED_NO_EVENT_K2,U01_MATCHED_NO_EVENT,2,2,,,,,
2025-06-13,U01_MATCHED_NO_EVENT_K2,U01_MATCHED_NO_EVENT,2,1,8267,イオン,0.41891917778472854,2.7957486136783727,1.0
2025-06-13,U01_MATCHED_NO_EVENT_K2,U01_MATCHED_NO_EVENT,2,2,,,,,
2025-06-17,U01_MATCHED_NO_EVENT_K2,U01_MATCHED_NO_EVENT,2,1,3688,ＣＡＲＴＡ ＨＯＬＤＩＮＧＳ,1.5789965738761522,0.0,0.0
2025-06-17,U01_MATCHED_NO_EVENT_K2,U01_MATCHED_NO_EVENT,2,2,6297,鉱研⼯業,0.9441081785893687,0.0,0.0
2025-06-18,U01_MATCHED_NO_EVENT_K2,U01_MATCHED_NO_EVENT,2,1,,,,,
2025-06-18,U01_MATCHED_NO_EVENT_K2,U01_MATCHED_NO_EVENT,2,2,,,,,
2025-06-19,U01_MATCHED_NO_EVENT_K2,U01_MATCHED_NO_EVENT,2,1,6371,椿本チエイン,0.5099240495196642,-0.7847533632286963,0.0
2025-06-19,U01_MATCHED_NO_EVENT_K2,U01_MATCHED_NO_EVENT,2,2,,,,,
2025-06-20,U01_MATCHED_NO_EVENT_K2,U01_MATCHED_NO_EVENT,2,1,,,,,
2025-06-20,U01_MATCHED_NO_EVENT_K2,U01_MATCHED_NO_EVENT,2,2,,,,,
2025-06-24,U01_MATCHED_NO_EVENT_K2,U01_MATCHED_NO_EVENT,2,1,,,,,
2025-06-24,U01_MATCHED_NO_EVENT_K2,U01_MATCHED_NO_EVENT,2,2,,,,,
2025-06-25,U01_MATCHED_NO_EVENT_K2,U01_MATCHED_NO_EVENT,2,1,4732,ユー・エス・エス,0.678790586125809,-0.09646302250804206,0.0
2025-06-25,U01_MATCHED_NO_EVENT_K2,U01_MATCHED_NO_EVENT,2,2,,,,,
2025-06-26,U01_MATCHED_NO_EVENT_K2,U01_MATCHED_NO_EVENT,2,1,,,,,
2025-06-26,U01_MATCHED_NO_EVENT_K2,U01_MATCHED_NO_EVENT,2,2,,,,,
2025-06-27,U01_MATCHED_NO_EVENT_K2,U01_MATCHED_NO_EVENT,2,1,,,,,
2025-06-27,U01_MATCHED_NO_EVENT_K2,U01_MATCHED_NO_EVENT,2,2,,,,,
2025-06-30,U01_MATCHED_NO_EVENT_K2,U01_MATCHED_NO_EVENT,2,1,7060,ギークス,1.0022844024277826,5.624999999999991,1.0
2025-06-30,U01_MATCHED_NO_EVENT_K2,U01_MATCHED_NO_EVENT,2,2,,,,,
2025-07-01,U01_MATCHED_NO_EVENT_K2,U01_MATCHED_NO_EVENT,2,1,9386,日本コンセプト,0.8363882792516509,0.0,0.0
2025-07-01,U01_MATCHED_NO_EVENT_K2,U01_MATCHED_NO_EVENT,2,2,,,,,
2025-07-02,U01_MATCHED_NO_EVENT_K2,U01_MATCHED_NO_EVENT,2,1,,,,,
2025-07-02,U01_MATCHED_NO_EVENT_K2,U01_MATCHED_NO_EVENT,2,2,,,,,
2025-07-07,U01_MATCHED_NO_EVENT_K2,U01_MATCHED_NO_EVENT,2,1,,,,,
2025-07-07,U01_MATCHED_NO_EVENT_K2,U01_MATCHED_NO_EVENT,2,2,,,,,
2025-07-08,U01_MATCHED_NO_EVENT_K2,U01_MATCHED_NO_EVENT,2,1,5463,丸一鋼管,0.665468287384544,0.5932203389830581,1.0
2025-07-08,U01_MATCHED_NO_EVENT_K2,U01_MATCHED_NO_EVENT,2,2,,,,,
2025-07-09,U01_MATCHED_NO_EVENT_K2,U01_MATCHED_NO_EVENT,2,1,,,,,
2025-07-09,U01_MATCHED_NO_EVENT_K2,U01_MATCHED_NO_EVENT,2,2,,,,,
2025-07-10,U01_MATCHED_NO_EVENT_K2,U01_MATCHED_NO_EVENT,2,1,,,,,
2025-07-10,U01_MATCHED_NO_EVENT_K2,U01_MATCHED_NO_EVENT,2,2,,,,,
2025-07-11,U01_MATCHED_NO_EVENT_K2,U01_MATCHED_NO_EVENT,2,1,3697,ＳＨＩＦＴ,0.4108958603709463,-4.557042702358194,0.0
2025-07-11,U01_MATCHED_NO_EVENT_K2,U01_MATCHED_NO_EVENT,2,2,,,,,
2025-07-14,U01_MATCHED_NO_EVENT_K2,U01_MATCHED_NO_EVENT,2,1,,,,,
2025-07-14,U01_MATCHED_NO_EVENT_K2,U01_MATCHED_NO_EVENT,2,2,,,,,
2025-07-15,U01_MATCHED_NO_EVENT_K2,U01_MATCHED_NO_EVENT,2,1,3073,ＤＤグループ,1.1382330796750806,0.05899705014749124,1.0
2025-07-15,U01_MATCHED_NO_EVENT_K2,U01_MATCHED_NO_EVENT,2,2,6312,フロイント産業,1.0465645621519335,0.0,0.0
2025-07-16,U01_MATCHED_NO_EVENT_K2,U01_MATCHED_NO_EVENT,2,1,,,,,
2025-07-16,U01_MATCHED_NO_EVENT_K2,U01_MATCHED_NO_EVENT,2,2,,,,,
2025-07-23,U01_MATCHED_NO_EVENT_K2,U01_MATCHED_NO_EVENT,2,1,7818,トランザクション,0.6072535294173784,0.8957654723126929,1.0
2025-07-23,U01_MATCHED_NO_EVENT_K2,U01_MATCHED_NO_EVENT,2,2,,,,,
2025-07-24,U01_MATCHED_NO_EVENT_K2,U01_MATCHED_NO_EVENT,2,1,,,,,
2025-07-24,U01_MATCHED_NO_EVENT_K2,U01_MATCHED_NO_EVENT,2,2,,,,,
2025-07-25,U01_MATCHED_NO_EVENT_K2,U01_MATCHED_NO_EVENT,2,1,,,,,
2025-07-25,U01_MATCHED_NO_EVENT_K2,U01_MATCHED_NO_EVENT,2,2,,,,,
2025-07-28,U01_MATCHED_NO_EVENT_K2,U01_MATCHED_NO_EVENT,2,1,6338,タカトリ,0.5363081677643141,-0.37336652146857663,0.0
2025-07-28,U01_MATCHED_NO_EVENT_K2,U01_MATCHED_NO_EVENT,2,2,9436,沖縄セルラー電話,0.5023345505550744,-6.057692307692308,0.0
2025-07-29,U01_MATCHED_NO_EVENT_K2,U01_MATCHED_NO_EVENT,2,1,,,,,
2025-07-29,U01_MATCHED_NO_EVENT_K2,U01_MATCHED_NO_EVENT,2,2,,,,,
2025-07-30,U01_MATCHED_NO_EVENT_K2,U01_MATCHED_NO_EVENT,2,1,4498,サイバートラスト,0.5704091572916007,-0.9589041095890427,0.0
2025-07-30,U01_MATCHED_NO_EVENT_K2,U01_MATCHED_NO_EVENT,2,2,6406,フジテック,0.5282255290725844,-0.2664298401420906,0.0
2025-07-31,U01_MATCHED_NO_EVENT_K2,U01_MATCHED_NO_EVENT,2,1,4114,日本触媒,0.8832039894470795,0.49722140976893314,1.0
2025-07-31,U01_MATCHED_NO_EVENT_K2,U01_MATCHED_NO_EVENT,2,2,,,,,
2024-07-01,U02_FAMILY_T_LEARNER_K1,U02_FAMILY_T_LEARNER,1,1,2186,ソーバル,0.6137569852938614,0.9960159362549792,1.0
2024-07-02,U02_FAMILY_T_LEARNER_K1,U02_FAMILY_T_LEARNER,1,1,3840,パス,0.8155885986559739,-0.6896551724137945,0.0
2024-07-03,U02_FAMILY_T_LEARNER_K1,U02_FAMILY_T_LEARNER,1,1,8113,ユニ・チャーム,0.6369978257469929,0.621963070942666,1.0
2024-07-04,U02_FAMILY_T_LEARNER_K1,U02_FAMILY_T_LEARNER,1,1,3770,ザッパラス,0.4073873919081581,0.22988505747125743,1.0
2024-07-05,U02_FAMILY_T_LEARNER_K1,U02_FAMILY_T_LEARNER,1,1,,,,,
2024-07-08,U02_FAMILY_T_LEARNER_K1,U02_FAMILY_T_LEARNER,1,1,7975,リヒトラブ,1.2138797691051613,1.4754098360655776,1.0
2024-07-09,U02_FAMILY_T_LEARNER_K1,U02_FAMILY_T_LEARNER,1,1,3148,クリエイトＳＤホールディングス,1.0030861775418527,-4.046242774566478,0.0
2024-07-10,U02_FAMILY_T_LEARNER_K1,U02_FAMILY_T_LEARNER,1,1,2599,ジャパンフーズ,0.708593573721496,-0.0410677618069788,0.0
2024-07-11,U02_FAMILY_T_LEARNER_K1,U02_FAMILY_T_LEARNER,1,1,1514,住石ホールディングス,2.2682017909797167,-0.4562737642585524,0.0
2024-07-12,U02_FAMILY_T_LEARNER_K1,U02_FAMILY_T_LEARNER,1,1,6489,前澤⼯業,3.221122639642659,6.266666666666665,1.0
2024-07-16,U02_FAMILY_T_LEARNER_K1,U02_FAMILY_T_LEARNER,1,1,156A,マテリアルグループ,1.4516468618549936,-0.6335797254487852,0.0
2024-07-17,U02_FAMILY_T_LEARNER_K1,U02_FAMILY_T_LEARNER,1,1,4267,ライトワークス,1.2617114394292759,0.0,0.0
2024-07-18,U02_FAMILY_T_LEARNER_K1,U02_FAMILY_T_LEARNER,1,1,9251,ＡＢ＆Ｃｏｍｐａｎｙ,0.6725059518121412,-0.10604453870625141,0.0
2024-07-19,U02_FAMILY_T_LEARNER_K1,U02_FAMILY_T_LEARNER,1,1,7744,ノーリツ鋼機,0.6621559944982057,3.1325301204819356,1.0
2024-07-22,U02_FAMILY_T_LEARNER_K1,U02_FAMILY_T_LEARNER,1,1,4766,ピーエイ,1.2179297618364386,-0.8130081300813052,0.0
2024-07-23,U02_FAMILY_T_LEARNER_K1,U02_FAMILY_T_LEARNER,1,1,,,,,
2024-07-24,U02_FAMILY_T_LEARNER_K1,U02_FAMILY_T_LEARNER,1,1,9367,大東港運,0.7358998915070594,0.496277915632759,1.0
2024-07-25,U02_FAMILY_T_LEARNER_K1,U02_FAMILY_T_LEARNER,1,1,,,,,
2024-07-26,U02_FAMILY_T_LEARNER_K1,U02_FAMILY_T_LEARNER,1,1,6702,富士通,0.9246721795289307,0.821508588498876,1.0
2024-07-29,U02_FAMILY_T_LEARNER_K1,U02_FAMILY_T_LEARNER,1,1,3850,エヌ・ティ・ティ・データ・イントラマート,1.1246789228073286,-3.9484978540772486,0.0
2024-07-30,U02_FAMILY_T_LEARNER_K1,U02_FAMILY_T_LEARNER,1,1,8699,ＨＳホールディングス,0.5743593099973481,0.9574468085106425,1.0
2024-07-31,U02_FAMILY_T_LEARNER_K1,U02_FAMILY_T_LEARNER,1,1,9828,元気寿司,1.0262997715022726,1.5625,1.0
2025-04-01,U02_FAMILY_T_LEARNER_K1,U02_FAMILY_T_LEARNER,1,1,6545,インターネットインフィニティー,1.7913468475830383,3.14569536423841,1.0
2025-04-02,U02_FAMILY_T_LEARNER_K1,U02_FAMILY_T_LEARNER,1,1,,,,,
2025-04-03,U02_FAMILY_T_LEARNER_K1,U02_FAMILY_T_LEARNER,1,1,8624,いちよし証券,0.4353792432418655,-3.9563437926330103,0.0
2025-04-04,U02_FAMILY_T_LEARNER_K1,U02_FAMILY_T_LEARNER,1,1,7089,フォースタートアップス,0.8752901123825535,-2.200000000000002,0.0
2025-04-07,U02_FAMILY_T_LEARNER_K1,U02_FAMILY_T_LEARNER,1,1,6093,エスクロー・エージェント・ジャパン,1.113563255144884,-0.8474576271186418,0.0
2025-04-08,U02_FAMILY_T_LEARNER_K1,U02_FAMILY_T_LEARNER,1,1,9558,ジャパニアス,2.041777634069001,1.4806980433633044,1.0
2025-04-09,U02_FAMILY_T_LEARNER_K1,U02_FAMILY_T_LEARNER,1,1,,,,,
2025-04-10,U02_FAMILY_T_LEARNER_K1,U02_FAMILY_T_LEARNER,1,1,8031,三井物産,0.7434598683647163,-2.08069477112357,0.0
2025-04-11,U02_FAMILY_T_LEARNER_K1,U02_FAMILY_T_LEARNER,1,1,5277,スパンクリートコーポレーション,0.4060067735129873,0.0,0.0
2025-04-14,U02_FAMILY_T_LEARNER_K1,U02_FAMILY_T_LEARNER,1,1,9331,キャスター,1.2971238036208712,-2.01117318435754,0.0
2025-04-22,U02_FAMILY_T_LEARNER_K1,U02_FAMILY_T_LEARNER,1,1,7975,リヒトラブ,0.5704811785719661,0.0,0.0
2025-04-23,U02_FAMILY_T_LEARNER_K1,U02_FAMILY_T_LEARNER,1,1,,,,,
2025-04-24,U02_FAMILY_T_LEARNER_K1,U02_FAMILY_T_LEARNER,1,1,6183,ベルシステム２４ホールディングス,0.6785744483444599,0.17152658662091813,1.0
2025-04-25,U02_FAMILY_T_LEARNER_K1,U02_FAMILY_T_LEARNER,1,1,4307,野村総合研究所,0.929019023034299,-3.226969533080948,0.0
2025-04-30,U02_FAMILY_T_LEARNER_K1,U02_FAMILY_T_LEARNER,1,1,6503,三菱電機,2.06849175014188,4.130516786118443,1.0
2025-05-01,U02_FAMILY_T_LEARNER_K1,U02_FAMILY_T_LEARNER,1,1,6981,村⽥製作所,1.384414291150754,5.491803278688523,1.0
2025-05-08,U02_FAMILY_T_LEARNER_K1,U02_FAMILY_T_LEARNER,1,1,1723,日本電技,0.6775884435196992,4.924760601915179,1.0
2025-05-09,U02_FAMILY_T_LEARNER_K1,U02_FAMILY_T_LEARNER,1,1,9532,大阪瓦斯,1.1879406042610603,-2.838949323427964,0.0
2025-05-12,U02_FAMILY_T_LEARNER_K1,U02_FAMILY_T_LEARNER,1,1,9513,電源開発,2.006858062528517,0.08004802881729223,1.0
2025-05-13,U02_FAMILY_T_LEARNER_K1,U02_FAMILY_T_LEARNER,1,1,5988,パイオラックス,1.5235119734259142,-1.2968967114404872,0.0
2025-05-14,U02_FAMILY_T_LEARNER_K1,U02_FAMILY_T_LEARNER,1,1,7943,ニチハ,1.768036910683544,1.6995241332427025,1.0
2025-05-15,U02_FAMILY_T_LEARNER_K1,U02_FAMILY_T_LEARNER,1,1,3986,ビーブレイクシステムズ,1.5094548638779697,,
2025-05-16,U02_FAMILY_T_LEARNER_K1,U02_FAMILY_T_LEARNER,1,1,8306,三菱ＵＦＪフィナンシャル・グループ,2.156601382105999,-0.4092071611253245,0.0
2025-05-19,U02_FAMILY_T_LEARNER_K1,U02_FAMILY_T_LEARNER,1,1,9782,ディーエムエス,1.1554551136837725,0.596910112359561,1.0
2025-05-20,U02_FAMILY_T_LEARNER_K1,U02_FAMILY_T_LEARNER,1,1,6044,三機サービス,1.0993132172758076,-0.08340283569641116,0.0
2025-05-21,U02_FAMILY_T_LEARNER_K1,U02_FAMILY_T_LEARNER,1,1,8766,東京海上ホールディングス,1.6304209827761011,-0.03539196602371231,0.0
2025-05-27,U02_FAMILY_T_LEARNER_K1,U02_FAMILY_T_LEARNER,1,1,7114,フーディソン,1.101250781597252,2.073170731707319,1.0
2025-05-28,U02_FAMILY_T_LEARNER_K1,U02_FAMILY_T_LEARNER,1,1,6594,ニデック,1.3361495129305239,-1.3157894736842146,0.0
2025-05-29,U02_FAMILY_T_LEARNER_K1,U02_FAMILY_T_LEARNER,1,1,3201,日本毛織,1.1503930596901628,2.6334026334026372,1.0
2025-05-30,U02_FAMILY_T_LEARNER_K1,U02_FAMILY_T_LEARNER,1,1,7217,テイン,0.6255970964078356,3.2765399737876733,1.0
2025-06-02,U02_FAMILY_T_LEARNER_K1,U02_FAMILY_T_LEARNER,1,1,8119,三栄コーポレーション,0.47175087197323984,0.36452004860267895,1.0
2025-06-03,U02_FAMILY_T_LEARNER_K1,U02_FAMILY_T_LEARNER,1,1,8217,オークワ,0.44529885970054095,-0.7777777777777772,0.0
2025-06-04,U02_FAMILY_T_LEARNER_K1,U02_FAMILY_T_LEARNER,1,1,7203,トヨタ自動車,1.944985110556958,-0.20146520146520075,0.0
2025-06-05,U02_FAMILY_T_LEARNER_K1,U02_FAMILY_T_LEARNER,1,1,,,,,
2025-06-06,U02_FAMILY_T_LEARNER_K1,U02_FAMILY_T_LEARNER,1,1,3475,グッドコムアセット,0.5866356274952504,1.0270774976657293,1.0
2025-06-09,U02_FAMILY_T_LEARNER_K1,U02_FAMILY_T_LEARNER,1,1,3360,シップヘルスケアホールディングス,0.8596971350812291,1.3284709559781227,1.0
2025-06-10,U02_FAMILY_T_LEARNER_K1,U02_FAMILY_T_LEARNER,1,1,,,,,
2025-06-11,U02_FAMILY_T_LEARNER_K1,U02_FAMILY_T_LEARNER,1,1,7202,いすゞ自動車,1.0097059307927219,0.32537960954446277,1.0
2025-06-12,U02_FAMILY_T_LEARNER_K1,U02_FAMILY_T_LEARNER,1,1,,,,,
2025-06-13,U02_FAMILY_T_LEARNER_K1,U02_FAMILY_T_LEARNER,1,1,8141,新光商事,1.0429762528072826,-1.942740286298572,0.0
2025-06-17,U02_FAMILY_T_LEARNER_K1,U02_FAMILY_T_LEARNER,1,1,6730,アクセル,1.0846428879493395,1.731160896130346,1.0
2025-06-18,U02_FAMILY_T_LEARNER_K1,U02_FAMILY_T_LEARNER,1,1,2602,日清オイリオグループ,0.7643537755276943,2.5176233635448186,1.0
2025-06-19,U02_FAMILY_T_LEARNER_K1,U02_FAMILY_T_LEARNER,1,1,1518,三井松島ホールディングス,1.9230982273471469,0.7056451612903247,1.0
2025-06-20,U02_FAMILY_T_LEARNER_K1,U02_FAMILY_T_LEARNER,1,1,,,,,
2025-06-24,U02_FAMILY_T_LEARNER_K1,U02_FAMILY_T_LEARNER,1,1,,,,,
2025-06-25,U02_FAMILY_T_LEARNER_K1,U02_FAMILY_T_LEARNER,1,1,,,,,
2025-06-26,U02_FAMILY_T_LEARNER_K1,U02_FAMILY_T_LEARNER,1,1,9023,東京地下鉄,1.2777917822919014,0.17804154302669684,1.0
2025-06-27,U02_FAMILY_T_LEARNER_K1,U02_FAMILY_T_LEARNER,1,1,1803,清水建設,0.46333435198191114,-0.5362776025236604,0.0
2025-06-30,U02_FAMILY_T_LEARNER_K1,U02_FAMILY_T_LEARNER,1,1,2353,日本駐車場開発,0.5447857141661254,-2.583025830258301,0.0
2025-07-01,U02_FAMILY_T_LEARNER_K1,U02_FAMILY_T_LEARNER,1,1,9211,エフ・コード,0.4836131062093344,-3.6456125476897028,0.0
2025-07-02,U02_FAMILY_T_LEARNER_K1,U02_FAMILY_T_LEARNER,1,1,195A,ＭＵＳＣＡＴ ＧＲＯＵＰ,0.7706778156249895,-1.688182720953324,0.0
2025-07-07,U02_FAMILY_T_LEARNER_K1,U02_FAMILY_T_LEARNER,1,1,9984,ソフトバンクグループ,1.5175502632381694,-0.5169172932330879,0.0
2025-07-08,U02_FAMILY_T_LEARNER_K1,U02_FAMILY_T_LEARNER,1,1,5463,丸一鋼管,0.469918226748387,0.5932203389830581,1.0
2025-07-09,U02_FAMILY_T_LEARNER_K1,U02_FAMILY_T_LEARNER,1,1,4055,ティアンドエスグループ,0.46802418839886967,5.199306759098787,1.0
2025-07-10,U02_FAMILY_T_LEARNER_K1,U02_FAMILY_T_LEARNER,1,1,3686,ディー・エル・イー,0.8655110253993776,0.0,0.0
2025-07-11,U02_FAMILY_T_LEARNER_K1,U02_FAMILY_T_LEARNER,1,1,,,,,
2025-07-14,U02_FAMILY_T_LEARNER_K1,U02_FAMILY_T_LEARNER,1,1,7373,アイドマ・ホールディングス,1.7870230934895064,7.548806941431674,1.0
2025-07-15,U02_FAMILY_T_LEARNER_K1,U02_FAMILY_T_LEARNER,1,1,6047,Ｇｕｎｏｓｙ,1.0411296934598528,4.761904761904767,1.0
2025-07-16,U02_FAMILY_T_LEARNER_K1,U02_FAMILY_T_LEARNER,1,1,146A,コロンビア・ワークス,0.6777569174349808,0.0,0.0
2025-07-23,U02_FAMILY_T_LEARNER_K1,U02_FAMILY_T_LEARNER,1,1,3121,マーチャント・バンカーズ,0.6934667043442937,-0.8797653958944274,0.0
2025-07-24,U02_FAMILY_T_LEARNER_K1,U02_FAMILY_T_LEARNER,1,1,3608,ＴＳＩホールディングス,1.205379785593251,-5.281385281385287,0.0
2025-07-25,U02_FAMILY_T_LEARNER_K1,U02_FAMILY_T_LEARNER,1,1,9478,ＳＥホールディングス・アンド・インキュベーションズ,1.5139834994248407,1.1173184357541999,1.0
2025-07-28,U02_FAMILY_T_LEARNER_K1,U02_FAMILY_T_LEARNER,1,1,1401,エムビーエス,1.653173341518271,1.4399999999999968,1.0
2025-07-29,U02_FAMILY_T_LEARNER_K1,U02_FAMILY_T_LEARNER,1,1,7732,トプコン,0.4208192569869698,0.12158054711246535,1.0
2025-07-30,U02_FAMILY_T_LEARNER_K1,U02_FAMILY_T_LEARNER,1,1,1418,インターライフホールディングス,0.9331449894832762,-1.1904761904761862,0.0
2025-07-31,U02_FAMILY_T_LEARNER_K1,U02_FAMILY_T_LEARNER,1,1,,,,,
2024-07-01,U02_FAMILY_T_LEARNER_K2,U02_FAMILY_T_LEARNER,2,1,2186,ソーバル,0.6137569852938614,0.9960159362549792,1.0
2024-07-01,U02_FAMILY_T_LEARNER_K2,U02_FAMILY_T_LEARNER,2,2,9417,スマートバリュー,0.5398154740260075,-2.7568922305764465,0.0
2024-07-02,U02_FAMILY_T_LEARNER_K2,U02_FAMILY_T_LEARNER,2,1,3840,パス,0.8155885986559739,-0.6896551724137945,0.0
2024-07-02,U02_FAMILY_T_LEARNER_K2,U02_FAMILY_T_LEARNER,2,2,,,,,
2024-07-03,U02_FAMILY_T_LEARNER_K2,U02_FAMILY_T_LEARNER,2,1,8113,ユニ・チャーム,0.6369978257469929,0.621963070942666,1.0
2024-07-03,U02_FAMILY_T_LEARNER_K2,U02_FAMILY_T_LEARNER,2,2,5388,クニミネ⼯業,0.4453835050787522,-0.7017543859649145,0.0
2024-07-04,U02_FAMILY_T_LEARNER_K2,U02_FAMILY_T_LEARNER,2,1,3770,ザッパラス,0.4073873919081581,0.22988505747125743,1.0
2024-07-04,U02_FAMILY_T_LEARNER_K2,U02_FAMILY_T_LEARNER,2,2,,,,,
2024-07-05,U02_FAMILY_T_LEARNER_K2,U02_FAMILY_T_LEARNER,2,1,,,,,
2024-07-05,U02_FAMILY_T_LEARNER_K2,U02_FAMILY_T_LEARNER,2,2,,,,,
2024-07-08,U02_FAMILY_T_LEARNER_K2,U02_FAMILY_T_LEARNER,2,1,7975,リヒトラブ,1.2138797691051613,1.4754098360655776,1.0
2024-07-08,U02_FAMILY_T_LEARNER_K2,U02_FAMILY_T_LEARNER,2,2,4760,アルファ,1.1039932466426159,0.0,0.0
2024-07-09,U02_FAMILY_T_LEARNER_K2,U02_FAMILY_T_LEARNER,2,1,3148,クリエイトＳＤホールディングス,1.0030861775418527,-4.046242774566478,0.0
2024-07-09,U02_FAMILY_T_LEARNER_K2,U02_FAMILY_T_LEARNER,2,2,,,,,
2024-07-10,U02_FAMILY_T_LEARNER_K2,U02_FAMILY_T_LEARNER,2,1,2599,ジャパンフーズ,0.708593573721496,-0.0410677618069788,0.0
2024-07-10,U02_FAMILY_T_LEARNER_K2,U02_FAMILY_T_LEARNER,2,2,1333,マルハニチロ,0.5857506660074486,0.0,0.0
2024-07-11,U02_FAMILY_T_LEARNER_K2,U02_FAMILY_T_LEARNER,2,1,1514,住石ホールディングス,2.2682017909797167,-0.4562737642585524,0.0
2024-07-11,U02_FAMILY_T_LEARNER_K2,U02_FAMILY_T_LEARNER,2,2,6525,ＫＯＫＵＳＡＩ ＥＬＥＣＴＲＩＣ,1.4117895590641036,0.9090909090909038,1.0
2024-07-12,U02_FAMILY_T_LEARNER_K2,U02_FAMILY_T_LEARNER,2,1,6489,前澤⼯業,3.221122639642659,6.266666666666665,1.0
2024-07-12,U02_FAMILY_T_LEARNER_K2,U02_FAMILY_T_LEARNER,2,2,6532,ベイカレント・コンサルティング,0.5623357974923886,7.805486284289276,1.0
2024-07-16,U02_FAMILY_T_LEARNER_K2,U02_FAMILY_T_LEARNER,2,1,156A,マテリアルグループ,1.4516468618549936,-0.6335797254487852,0.0
2024-07-16,U02_FAMILY_T_LEARNER_K2,U02_FAMILY_T_LEARNER,2,2,7689,コパ・コーポレーション,1.1812806906370283,-1.1058451816745696,0.0
2024-07-17,U02_FAMILY_T_LEARNER_K2,U02_FAMILY_T_LEARNER,2,1,4267,ライトワークス,1.2617114394292759,0.0,0.0
2024-07-17,U02_FAMILY_T_LEARNER_K2,U02_FAMILY_T_LEARNER,2,2,3172,ティーライフ,0.42560385527971534,0.0,0.0
2024-07-18,U02_FAMILY_T_LEARNER_K2,U02_FAMILY_T_LEARNER,2,1,9251,ＡＢ＆Ｃｏｍｐａｎｙ,0.6725059518121412,-0.10604453870625141,0.0
2024-07-18,U02_FAMILY_T_LEARNER_K2,U02_FAMILY_T_LEARNER,2,2,,,,,
2024-07-19,U02_FAMILY_T_LEARNER_K2,U02_FAMILY_T_LEARNER,2,1,7744,ノーリツ鋼機,0.6621559944982057,3.1325301204819356,1.0
2024-07-19,U02_FAMILY_T_LEARNER_K2,U02_FAMILY_T_LEARNER,2,2,7777,スリー・ディー・マトリックス,0.5801011671974854,-0.6849315068493178,0.0
2024-07-22,U02_FAMILY_T_LEARNER_K2,U02_FAMILY_T_LEARNER,2,1,4766,ピーエイ,1.2179297618364386,-0.8130081300813052,0.0
2024-07-22,U02_FAMILY_T_LEARNER_K2,U02_FAMILY_T_LEARNER,2,2,3321,ミタチ産業,0.9809116860835039,-0.08368200836820217,0.0
2024-07-23,U02_FAMILY_T_LEARNER_K2,U02_FAMILY_T_LEARNER,2,1,,,,,
2024-07-23,U02_FAMILY_T_LEARNER_K2,U02_FAMILY_T_LEARNER,2,2,,,,,
2024-07-24,U02_FAMILY_T_LEARNER_K2,U02_FAMILY_T_LEARNER,2,1,9367,大東港運,0.7358998915070594,0.496277915632759,1.0
2024-07-24,U02_FAMILY_T_LEARNER_K2,U02_FAMILY_T_LEARNER,2,2,5136,ｔｒｉｐｌａ,0.5468435803404306,-2.154921374490393,0.0
2024-07-25,U02_FAMILY_T_LEARNER_K2,U02_FAMILY_T_LEARNER,2,1,,,,,
2024-07-25,U02_FAMILY_T_LEARNER_K2,U02_FAMILY_T_LEARNER,2,2,,,,,
2024-07-26,U02_FAMILY_T_LEARNER_K2,U02_FAMILY_T_LEARNER,2,1,6702,富士通,0.9246721795289307,0.821508588498876,1.0
2024-07-26,U02_FAMILY_T_LEARNER_K2,U02_FAMILY_T_LEARNER,2,2,3968,セグエグループ,0.9149902766472743,-3.0546623794212246,0.0
2024-07-29,U02_FAMILY_T_LEARNER_K2,U02_FAMILY_T_LEARNER,2,1,3850,エヌ・ティ・ティ・データ・イントラマート,1.1246789228073286,-3.9484978540772486,0.0
2024-07-29,U02_FAMILY_T_LEARNER_K2,U02_FAMILY_T_LEARNER,2,2,2804,ブルドックソース,0.5995703952263318,0.05012531328321135,1.0
2024-07-30,U02_FAMILY_T_LEARNER_K2,U02_FAMILY_T_LEARNER,2,1,8699,ＨＳホールディングス,0.5743593099973481,0.9574468085106425,1.0
2024-07-30,U02_FAMILY_T_LEARNER_K2,U02_FAMILY_T_LEARNER,2,2,4689,ＬＩＮＥヤフー,0.40392996566010136,-1.0526315789473606,0.0
2024-07-31,U02_FAMILY_T_LEARNER_K2,U02_FAMILY_T_LEARNER,2,1,9828,元気寿司,1.0262997715022726,1.5625,1.0
2024-07-31,U02_FAMILY_T_LEARNER_K2,U02_FAMILY_T_LEARNER,2,2,7185,ヒロセ通商,0.8351329378932594,0.8495145631068013,1.0
2025-04-01,U02_FAMILY_T_LEARNER_K2,U02_FAMILY_T_LEARNER,2,1,6545,インターネットインフィニティー,1.7913468475830383,3.14569536423841,1.0
2025-04-01,U02_FAMILY_T_LEARNER_K2,U02_FAMILY_T_LEARNER,2,2,9696,ウィザス,0.7325529242085663,-0.8181818181818179,0.0
2025-04-02,U02_FAMILY_T_LEARNER_K2,U02_FAMILY_T_LEARNER,2,1,,,,,
2025-04-02,U02_FAMILY_T_LEARNER_K2,U02_FAMILY_T_LEARNER,2,2,,,,,
2025-04-03,U02_FAMILY_T_LEARNER_K2,U02_FAMILY_T_LEARNER,2,1,8624,いちよし証券,0.4353792432418655,-3.9563437926330103,0.0
2025-04-03,U02_FAMILY_T_LEARNER_K2,U02_FAMILY_T_LEARNER,2,2,,,,,
2025-04-04,U02_FAMILY_T_LEARNER_K2,U02_FAMILY_T_LEARNER,2,1,7089,フォースタートアップス,0.8752901123825535,-2.200000000000002,0.0
2025-04-04,U02_FAMILY_T_LEARNER_K2,U02_FAMILY_T_LEARNER,2,2,6071,ＩＢＪ,0.6594958631023093,-3.8834951456310662,0.0
2025-04-07,U02_FAMILY_T_LEARNER_K2,U02_FAMILY_T_LEARNER,2,1,6093,エスクロー・エージェント・ジャパン,1.113563255144884,-0.8474576271186418,0.0
2025-04-07,U02_FAMILY_T_LEARNER_K2,U02_FAMILY_T_LEARNER,2,2,3353,メディカル一光グループ,0.8555972077782801,-5.1724137931034475,0.0
2025-04-08,U02_FAMILY_T_LEARNER_K2,U02_FAMILY_T_LEARNER,2,1,9558,ジャパニアス,2.041777634069001,1.4806980433633044,1.0
2025-04-08,U02_FAMILY_T_LEARNER_K2,U02_FAMILY_T_LEARNER,2,2,7679,薬王堂ホールディングス,1.2995270237171603,0.7972665148063829,1.0
2025-04-09,U02_FAMILY_T_LEARNER_K2,U02_FAMILY_T_LEARNER,2,1,,,,,
2025-04-09,U02_FAMILY_T_LEARNER_K2,U02_FAMILY_T_LEARNER,2,2,,,,,
2025-04-10,U02_FAMILY_T_LEARNER_K2,U02_FAMILY_T_LEARNER,2,1,8031,三井物産,0.7434598683647163,-2.08069477112357,0.0
2025-04-10,U02_FAMILY_T_LEARNER_K2,U02_FAMILY_T_LEARNER,2,2,6183,ベルシステム２４ホールディングス,0.6246266543404475,-3.6666666666666625,0.0
2025-04-11,U02_FAMILY_T_LEARNER_K2,U02_FAMILY_T_LEARNER,2,1,5277,スパンクリートコーポレーション,0.4060067735129873,0.0,0.0
2025-04-11,U02_FAMILY_T_LEARNER_K2,U02_FAMILY_T_LEARNER,2,2,,,,,
2025-04-14,U02_FAMILY_T_LEARNER_K2,U02_FAMILY_T_LEARNER,2,1,9331,キャスター,1.2971238036208712,-2.01117318435754,0.0
2025-04-14,U02_FAMILY_T_LEARNER_K2,U02_FAMILY_T_LEARNER,2,2,7603,マックハウス,1.1674801161820612,0.5747126436781658,1.0
2025-04-22,U02_FAMILY_T_LEARNER_K2,U02_FAMILY_T_LEARNER,2,1,7975,リヒトラブ,0.5704811785719661,0.0,0.0
2025-04-22,U02_FAMILY_T_LEARNER_K2,U02_FAMILY_T_LEARNER,2,2,,,,,
2025-04-23,U02_FAMILY_T_LEARNER_K2,U02_FAMILY_T_LEARNER,2,1,,,,,
2025-04-23,U02_FAMILY_T_LEARNER_K2,U02_FAMILY_T_LEARNER,2,2,,,,,
2025-04-24,U02_FAMILY_T_LEARNER_K2,U02_FAMILY_T_LEARNER,2,1,6183,ベルシステム２４ホールディングス,0.6785744483444599,0.17152658662091813,1.0
2025-04-24,U02_FAMILY_T_LEARNER_K2,U02_FAMILY_T_LEARNER,2,2,8060,キヤノンマーケティングジャパン,0.44704523805129065,0.0,0.0
2025-04-25,U02_FAMILY_T_LEARNER_K2,U02_FAMILY_T_LEARNER,2,1,4307,野村総合研究所,0.929019023034299,-3.226969533080948,0.0
2025-04-25,U02_FAMILY_T_LEARNER_K2,U02_FAMILY_T_LEARNER,2,2,2664,カワチ薬品,0.7601397466665658,-0.5743000717875035,0.0
2025-04-30,U02_FAMILY_T_LEARNER_K2,U02_FAMILY_T_LEARNER,2,1,6503,三菱電機,2.06849175014188,4.130516786118443,1.0
2025-04-30,U02_FAMILY_T_LEARNER_K2,U02_FAMILY_T_LEARNER,2,2,8699,ＨＳホールディングス,1.390630958218456,1.1458333333333348,1.0
2025-05-01,U02_FAMILY_T_LEARNER_K2,U02_FAMILY_T_LEARNER,2,1,6981,村⽥製作所,1.384414291150754,5.491803278688523,1.0
2025-05-01,U02_FAMILY_T_LEARNER_K2,U02_FAMILY_T_LEARNER,2,2,8700,丸八証券,0.8724436109064725,-0.12987012987012436,0.0
2025-05-08,U02_FAMILY_T_LEARNER_K2,U02_FAMILY_T_LEARNER,2,1,1723,日本電技,0.6775884435196992,4.924760601915179,1.0
2025-05-08,U02_FAMILY_T_LEARNER_K2,U02_FAMILY_T_LEARNER,2,2,6420,ガリレイ,0.4644677184574322,2.9268292682926855,1.0
2025-05-09,U02_FAMILY_T_LEARNER_K2,U02_FAMILY_T_LEARNER,2,1,9532,大阪瓦斯,1.1879406042610603,-2.838949323427964,0.0
2025-05-09,U02_FAMILY_T_LEARNER_K2,U02_FAMILY_T_LEARNER,2,2,3626,ＴＩＳ,1.0447750840389893,6.234184495054063,1.0
2025-05-12,U02_FAMILY_T_LEARNER_K2,U02_FAMILY_T_LEARNER,2,1,9513,電源開発,2.006858062528517,0.08004802881729223,1.0
2025-05-12,U02_FAMILY_T_LEARNER_K2,U02_FAMILY_T_LEARNER,2,2,4286,ＣＬホールディングス,1.9606973311556852,0.6242197253433224,1.0
2025-05-13,U02_FAMILY_T_LEARNER_K2,U02_FAMILY_T_LEARNER,2,1,5988,パイオラックス,1.5235119734259142,-1.2968967114404872,0.0
2025-05-13,U02_FAMILY_T_LEARNER_K2,U02_FAMILY_T_LEARNER,2,2,8802,三菱地所,1.092896054791823,2.2502960915909975,1.0
2025-05-14,U02_FAMILY_T_LEARNER_K2,U02_FAMILY_T_LEARNER,2,1,7943,ニチハ,1.768036910683544,1.6995241332427025,1.0
2025-05-14,U02_FAMILY_T_LEARNER_K2,U02_FAMILY_T_LEARNER,2,2,8308,りそなホールディングス,1.7659910141114374,1.585365853658538,1.0
2025-05-15,U02_FAMILY_T_LEARNER_K2,U02_FAMILY_T_LEARNER,2,1,3986,ビーブレイクシステムズ,1.5094548638779697,,
2025-05-15,U02_FAMILY_T_LEARNER_K2,U02_FAMILY_T_LEARNER,2,2,8316,三井住友フィナンシャルグループ,1.3237537282863447,-3.166299559471364,0.0
2025-05-16,U02_FAMILY_T_LEARNER_K2,U02_FAMILY_T_LEARNER,2,1,8306,三菱ＵＦＪフィナンシャル・グループ,2.156601382105999,-0.4092071611253245,0.0
2025-05-16,U02_FAMILY_T_LEARNER_K2,U02_FAMILY_T_LEARNER,2,2,6706,電気興業,1.7556007327353995,-3.7725823591923446,0.0
2025-05-19,U02_FAMILY_T_LEARNER_K2,U02_FAMILY_T_LEARNER,2,1,9782,ディーエムエス,1.1554551136837725,0.596910112359561,1.0
2025-05-19,U02_FAMILY_T_LEARNER_K2,U02_FAMILY_T_LEARNER,2,2,4071,プラスアルファ・コンサルティング,0.9956015377030959,-2.3696682464455,0.0
2025-05-20,U02_FAMILY_T_LEARNER_K2,U02_FAMILY_T_LEARNER,2,1,6044,三機サービス,1.0993132172758076,-0.08340283569641116,0.0
2025-05-20,U02_FAMILY_T_LEARNER_K2,U02_FAMILY_T_LEARNER,2,2,6750,エレコム,0.8023718665154003,-0.6402793946449381,0.0
2025-05-21,U02_FAMILY_T_LEARNER_K2,U02_FAMILY_T_LEARNER,2,1,8766,東京海上ホールディングス,1.6304209827761011,-0.03539196602371231,0.0
2025-05-21,U02_FAMILY_T_LEARNER_K2,U02_FAMILY_T_LEARNER,2,2,8630,ＳＯＭＰＯホールディングス,1.5933613437623524,-3.512773722627738,0.0
2025-05-27,U02_FAMILY_T_LEARNER_K2,U02_FAMILY_T_LEARNER,2,1,7114,フーディソン,1.101250781597252,2.073170731707319,1.0
2025-05-27,U02_FAMILY_T_LEARNER_K2,U02_FAMILY_T_LEARNER,2,2,3835,ｅＢＡＳＥ,0.8135140685732639,-0.7782101167315147,0.0
2025-05-28,U02_FAMILY_T_LEARNER_K2,U02_FAMILY_T_LEARNER,2,1,6594,ニデック,1.3361495129305239,-1.3157894736842146,0.0
2025-05-28,U02_FAMILY_T_LEARNER_K2,U02_FAMILY_T_LEARNER,2,2,2437,Ｓｈｉｎｗａ Ｗｉｓｅ Ｈｏｌｄｉｎｇｓ,0.8994953663594749,-3.5820895522388096,0.0
2025-05-29,U02_FAMILY_T_LEARNER_K2,U02_FAMILY_T_LEARNER,2,1,3201,日本毛織,1.1503930596901628,2.6334026334026372,1.0
2025-05-29,U02_FAMILY_T_LEARNER_K2,U02_FAMILY_T_LEARNER,2,2,8737,あかつき本社,0.5893296513847863,-0.7968127490039834,0.0
2025-05-30,U02_FAMILY_T_LEARNER_K2,U02_FAMILY_T_LEARNER,2,1,7217,テイン,0.6255970964078356,3.2765399737876733,1.0
2025-05-30,U02_FAMILY_T_LEARNER_K2,U02_FAMILY_T_LEARNER,2,2,3997,トレードワークス,0.543265937834521,-1.6949152542372836,0.0
2025-06-02,U02_FAMILY_T_LEARNER_K2,U02_FAMILY_T_LEARNER,2,1,8119,三栄コーポレーション,0.47175087197323984,0.36452004860267895,1.0
2025-06-02,U02_FAMILY_T_LEARNER_K2,U02_FAMILY_T_LEARNER,2,2,,,,,
2025-06-03,U02_FAMILY_T_LEARNER_K2,U02_FAMILY_T_LEARNER,2,1,8217,オークワ,0.44529885970054095,-0.7777777777777772,0.0
2025-06-03,U02_FAMILY_T_LEARNER_K2,U02_FAMILY_T_LEARNER,2,2,2183,リニカル,0.44320243564780437,-0.31347962382445305,0.0
2025-06-04,U02_FAMILY_T_LEARNER_K2,U02_FAMILY_T_LEARNER,2,1,7203,トヨタ自動車,1.944985110556958,-0.20146520146520075,0.0
2025-06-04,U02_FAMILY_T_LEARNER_K2,U02_FAMILY_T_LEARNER,2,2,7259,アイシン,1.6390521457892189,-1.8131868131868178,0.0
2025-06-05,U02_FAMILY_T_LEARNER_K2,U02_FAMILY_T_LEARNER,2,1,,,,,
2025-06-05,U02_FAMILY_T_LEARNER_K2,U02_FAMILY_T_LEARNER,2,2,,,,,
2025-06-06,U02_FAMILY_T_LEARNER_K2,U02_FAMILY_T_LEARNER,2,1,3475,グッドコムアセット,0.5866356274952504,1.0270774976657293,1.0
2025-06-06,U02_FAMILY_T_LEARNER_K2,U02_FAMILY_T_LEARNER,2,2,9612,ラックランド,0.5439531311293819,-2.3657870791628732,0.0
2025-06-09,U02_FAMILY_T_LEARNER_K2,U02_FAMILY_T_LEARNER,2,1,3360,シップヘルスケアホールディングス,0.8596971350812291,1.3284709559781227,1.0
2025-06-09,U02_FAMILY_T_LEARNER_K2,U02_FAMILY_T_LEARNER,2,2,9107,川崎汽船,0.5733621370102989,-1.3471253307673847,0.0
2025-06-10,U02_FAMILY_T_LEARNER_K2,U02_FAMILY_T_LEARNER,2,1,,,,,
2025-06-10,U02_FAMILY_T_LEARNER_K2,U02_FAMILY_T_LEARNER,2,2,,,,,
2025-06-11,U02_FAMILY_T_LEARNER_K2,U02_FAMILY_T_LEARNER,2,1,7202,いすゞ自動車,1.0097059307927219,0.32537960954446277,1.0
2025-06-11,U02_FAMILY_T_LEARNER_K2,U02_FAMILY_T_LEARNER,2,2,,,,,
2025-06-12,U02_FAMILY_T_LEARNER_K2,U02_FAMILY_T_LEARNER,2,1,,,,,
2025-06-12,U02_FAMILY_T_LEARNER_K2,U02_FAMILY_T_LEARNER,2,2,,,,,
2025-06-13,U02_FAMILY_T_LEARNER_K2,U02_FAMILY_T_LEARNER,2,1,8141,新光商事,1.0429762528072826,-1.942740286298572,0.0
2025-06-13,U02_FAMILY_T_LEARNER_K2,U02_FAMILY_T_LEARNER,2,2,4447,ピー・ビーシステムズ,0.8645629228352446,1.200000000000001,1.0
2025-06-17,U02_FAMILY_T_LEARNER_K2,U02_FAMILY_T_LEARNER,2,1,6730,アクセル,1.0846428879493395,1.731160896130346,1.0
2025-06-17,U02_FAMILY_T_LEARNER_K2,U02_FAMILY_T_LEARNER,2,2,286A,ユカリア,0.8171529525143549,-1.0923535253227423,0.0
2025-06-18,U02_FAMILY_T_LEARNER_K2,U02_FAMILY_T_LEARNER,2,1,2602,日清オイリオグループ,0.7643537755276943,2.5176233635448186,1.0
2025-06-18,U02_FAMILY_T_LEARNER_K2,U02_FAMILY_T_LEARNER,2,2,4177,ｉ‐ｐｌｕｇ,0.44617462131733754,1.673640167364021,1.0
2025-06-19,U02_FAMILY_T_LEARNER_K2,U02_FAMILY_T_LEARNER,2,1,1518,三井松島ホールディングス,1.9230982273471469,0.7056451612903247,1.0
2025-06-19,U02_FAMILY_T_LEARNER_K2,U02_FAMILY_T_LEARNER,2,2,,,,,
2025-06-20,U02_FAMILY_T_LEARNER_K2,U02_FAMILY_T_LEARNER,2,1,,,,,
2025-06-20,U02_FAMILY_T_LEARNER_K2,U02_FAMILY_T_LEARNER,2,2,,,,,
2025-06-24,U02_FAMILY_T_LEARNER_K2,U02_FAMILY_T_LEARNER,2,1,,,,,
2025-06-24,U02_FAMILY_T_LEARNER_K2,U02_FAMILY_T_LEARNER,2,2,,,,,
2025-06-25,U02_FAMILY_T_LEARNER_K2,U02_FAMILY_T_LEARNER,2,1,,,,,
2025-06-25,U02_FAMILY_T_LEARNER_K2,U02_FAMILY_T_LEARNER,2,2,,,,,
2025-06-26,U02_FAMILY_T_LEARNER_K2,U02_FAMILY_T_LEARNER,2,1,9023,東京地下鉄,1.2777917822919014,0.17804154302669684,1.0
2025-06-26,U02_FAMILY_T_LEARNER_K2,U02_FAMILY_T_LEARNER,2,2,6424,高見沢サイバネティックス,0.6517952006600696,-0.5102040816326481,0.0
2025-06-27,U02_FAMILY_T_LEARNER_K2,U02_FAMILY_T_LEARNER,2,1,1803,清水建設,0.46333435198191114,-0.5362776025236604,0.0
2025-06-27,U02_FAMILY_T_LEARNER_K2,U02_FAMILY_T_LEARNER,2,2,6198,キャリア,0.40003002231570167,0.0,0.0
2025-06-30,U02_FAMILY_T_LEARNER_K2,U02_FAMILY_T_LEARNER,2,1,2353,日本駐車場開発,0.5447857141661254,-2.583025830258301,0.0
2025-06-30,U02_FAMILY_T_LEARNER_K2,U02_FAMILY_T_LEARNER,2,2,6550,Ｕｎｉｐｏｓ,0.4096741224208024,-0.5847953216374324,0.0
2025-07-01,U02_FAMILY_T_LEARNER_K2,U02_FAMILY_T_LEARNER,2,1,9211,エフ・コード,0.4836131062093344,-3.6456125476897028,0.0
2025-07-01,U02_FAMILY_T_LEARNER_K2,U02_FAMILY_T_LEARNER,2,2,7031,インバウンドテック,0.43121013050273815,-0.8303677342823224,0.0
2025-07-02,U02_FAMILY_T_LEARNER_K2,U02_FAMILY_T_LEARNER,2,1,195A,ＭＵＳＣＡＴ ＧＲＯＵＰ,0.7706778156249895,-1.688182720953324,0.0
2025-07-02,U02_FAMILY_T_LEARNER_K2,U02_FAMILY_T_LEARNER,2,2,,,,,
2025-07-07,U02_FAMILY_T_LEARNER_K2,U02_FAMILY_T_LEARNER,2,1,9984,ソフトバンクグループ,1.5175502632381694,-0.5169172932330879,0.0
2025-07-07,U02_FAMILY_T_LEARNER_K2,U02_FAMILY_T_LEARNER,2,2,7379,サーキュレーション,0.4245867747812925,0.0,0.0
2025-07-08,U02_FAMILY_T_LEARNER_K2,U02_FAMILY_T_LEARNER,2,1,5463,丸一鋼管,0.469918226748387,0.5932203389830581,1.0
2025-07-08,U02_FAMILY_T_LEARNER_K2,U02_FAMILY_T_LEARNER,2,2,,,,,
2025-07-09,U02_FAMILY_T_LEARNER_K2,U02_FAMILY_T_LEARNER,2,1,4055,ティアンドエスグループ,0.46802418839886967,5.199306759098787,1.0
2025-07-09,U02_FAMILY_T_LEARNER_K2,U02_FAMILY_T_LEARNER,2,2,,,,,
2025-07-10,U02_FAMILY_T_LEARNER_K2,U02_FAMILY_T_LEARNER,2,1,3686,ディー・エル・イー,0.8655110253993776,0.0,0.0
2025-07-10,U02_FAMILY_T_LEARNER_K2,U02_FAMILY_T_LEARNER,2,2,,,,,
2025-07-11,U02_FAMILY_T_LEARNER_K2,U02_FAMILY_T_LEARNER,2,1,,,,,
2025-07-11,U02_FAMILY_T_LEARNER_K2,U02_FAMILY_T_LEARNER,2,2,,,,,
2025-07-14,U02_FAMILY_T_LEARNER_K2,U02_FAMILY_T_LEARNER,2,1,7373,アイドマ・ホールディングス,1.7870230934895064,7.548806941431674,1.0
2025-07-14,U02_FAMILY_T_LEARNER_K2,U02_FAMILY_T_LEARNER,2,2,4992,北興化学⼯業,0.9713291808458909,2.2582921665490474,1.0
2025-07-15,U02_FAMILY_T_LEARNER_K2,U02_FAMILY_T_LEARNER,2,1,6047,Ｇｕｎｏｓｙ,1.0411296934598528,4.761904761904767,1.0
2025-07-15,U02_FAMILY_T_LEARNER_K2,U02_FAMILY_T_LEARNER,2,2,3608,ＴＳＩホールディングス,0.49261132476167546,-2.72873194221509,0.0
2025-07-16,U02_FAMILY_T_LEARNER_K2,U02_FAMILY_T_LEARNER,2,1,146A,コロンビア・ワークス,0.6777569174349808,0.0,0.0
2025-07-16,U02_FAMILY_T_LEARNER_K2,U02_FAMILY_T_LEARNER,2,2,6551,ツナググループ・ホールディングス,0.44678165816716897,0.9538950715421324,1.0
2025-07-23,U02_FAMILY_T_LEARNER_K2,U02_FAMILY_T_LEARNER,2,1,3121,マーチャント・バンカーズ,0.6934667043442937,-0.8797653958944274,0.0
2025-07-23,U02_FAMILY_T_LEARNER_K2,U02_FAMILY_T_LEARNER,2,2,6772,東京コスモス電機,0.42904807671501954,-0.3208556149732589,0.0
2025-07-24,U02_FAMILY_T_LEARNER_K2,U02_FAMILY_T_LEARNER,2,1,3608,ＴＳＩホールディングス,1.205379785593251,-5.281385281385287,0.0
2025-07-24,U02_FAMILY_T_LEARNER_K2,U02_FAMILY_T_LEARNER,2,2,,,,,
2025-07-25,U02_FAMILY_T_LEARNER_K2,U02_FAMILY_T_LEARNER,2,1,9478,ＳＥホールディングス・アンド・インキュベーションズ,1.5139834994248407,1.1173184357541999,1.0
2025-07-25,U02_FAMILY_T_LEARNER_K2,U02_FAMILY_T_LEARNER,2,2,9564,ＦＣＥ,0.6305151976027223,0.4907975460122671,1.0
2025-07-28,U02_FAMILY_T_LEARNER_K2,U02_FAMILY_T_LEARNER,2,1,1401,エムビーエス,1.653173341518271,1.4399999999999968,1.0
2025-07-28,U02_FAMILY_T_LEARNER_K2,U02_FAMILY_T_LEARNER,2,2,4829,日本エンタープライズ,0.8447193257228801,0.8403361344537785,1.0
2025-07-29,U02_FAMILY_T_LEARNER_K2,U02_FAMILY_T_LEARNER,2,1,7732,トプコン,0.4208192569869698,0.12158054711246535,1.0
2025-07-29,U02_FAMILY_T_LEARNER_K2,U02_FAMILY_T_LEARNER,2,2,,,,,
2025-07-30,U02_FAMILY_T_LEARNER_K2,U02_FAMILY_T_LEARNER,2,1,1418,インターライフホールディングス,0.9331449894832762,-1.1904761904761862,0.0
2025-07-30,U02_FAMILY_T_LEARNER_K2,U02_FAMILY_T_LEARNER,2,2,7751,キヤノン,0.7378528326308915,2.1190476190476204,1.0
2025-07-31,U02_FAMILY_T_LEARNER_K2,U02_FAMILY_T_LEARNER,2,1,,,,,
2025-07-31,U02_FAMILY_T_LEARNER_K2,U02_FAMILY_T_LEARNER,2,2,,,,,
2024-07-01,U03_AIPW_CATE_K1,U03_AIPW_CATE,1,1,3646,駅探,1.784904425777381,0.4683840749414525,1.0
2024-07-02,U03_AIPW_CATE_K1,U03_AIPW_CATE,1,1,1946,トーエネック,3.057675619596322,-2.9090909090909056,0.0
2024-07-03,U03_AIPW_CATE_K1,U03_AIPW_CATE,1,1,5208,有沢製作所,1.4917832843318957,0.8160703075957398,1.0
2024-07-04,U03_AIPW_CATE_K1,U03_AIPW_CATE,1,1,7138,ＴＯＲＩＣＯ,1.4065241919636278,0.3976143141153132,1.0
2024-07-05,U03_AIPW_CATE_K1,U03_AIPW_CATE,1,1,9104,商船三井,0.8628412869638792,-3.566037735849059,0.0
2024-07-08,U03_AIPW_CATE_K1,U03_AIPW_CATE,1,1,3133,海帆,2.2972272470047317,-0.8648648648648671,0.0
2024-07-09,U03_AIPW_CATE_K1,U03_AIPW_CATE,1,1,2654,アスモ,1.6644844041180025,0.0,0.0
2024-07-10,U03_AIPW_CATE_K1,U03_AIPW_CATE,1,1,6098,リクルートホールディングス,2.1620148256451155,2.529729729729735,1.0
2024-07-11,U03_AIPW_CATE_K1,U03_AIPW_CATE,1,1,6525,ＫＯＫＵＳＡＩ ＥＬＥＣＴＲＩＣ,3.157902695692623,0.9090909090909038,1.0
2024-07-12,U03_AIPW_CATE_K1,U03_AIPW_CATE,1,1,4443,Ｓａｎｓａｎ,1.642417212756373,0.0,0.0
2024-07-16,U03_AIPW_CATE_K1,U03_AIPW_CATE,1,1,2340,極楽湯ホールディングス,2.1261138126669965,-0.24999999999999467,0.0
2024-07-17,U03_AIPW_CATE_K1,U03_AIPW_CATE,1,1,3810,サイバーステップ,1.7638771600910492,0.8695652173912993,1.0
2024-07-18,U03_AIPW_CATE_K1,U03_AIPW_CATE,1,1,1866,北野建設,1.4609200071966413,1.5471167369901506,1.0
2024-07-19,U03_AIPW_CATE_K1,U03_AIPW_CATE,1,1,3491,ＧＡ ｔｅｃｈｎｏｌｏｇｉｅｓ,2.217883007572897,1.4958863126402377,1.0
2024-07-22,U03_AIPW_CATE_K1,U03_AIPW_CATE,1,1,5809,タツタ電線,2.5697381572642604,-2.652519893899208,0.0
2024-07-23,U03_AIPW_CATE_K1,U03_AIPW_CATE,1,1,3133,海帆,2.245667444677303,1.3745704467353903,1.0
2024-07-24,U03_AIPW_CATE_K1,U03_AIPW_CATE,1,1,6937,古河電池,4.29508526353132,-1.0721944245889903,0.0
2024-07-25,U03_AIPW_CATE_K1,U03_AIPW_CATE,1,1,7213,レシップホールディングス,1.519667763373814,-2.2222222222222254,0.0
2024-07-26,U03_AIPW_CATE_K1,U03_AIPW_CATE,1,1,7074,トゥエンティーフォーセブン,1.4324354813532318,2.9962546816479474,1.0
2024-07-29,U03_AIPW_CATE_K1,U03_AIPW_CATE,1,1,5020,ＥＮＥＯＳホールディングス,1.5826735516117947,1.57014157014157,1.0
2024-07-30,U03_AIPW_CATE_K1,U03_AIPW_CATE,1,1,8886,ウッドフレンズ,3.068864973467741,,
2024-07-31,U03_AIPW_CATE_K1,U03_AIPW_CATE,1,1,4918,アイビー化粧品,1.468825269588089,0.5524861878453136,1.0
2025-04-01,U03_AIPW_CATE_K1,U03_AIPW_CATE,1,1,1911,住友林業,1.52301017037213,-2.413043478260868,0.0
2025-04-02,U03_AIPW_CATE_K1,U03_AIPW_CATE,1,1,3923,ラクス,0.7736875754938211,0.2577319587628857,1.0
2025-04-03,U03_AIPW_CATE_K1,U03_AIPW_CATE,1,1,7638,ＮＥＷ ＡＲＴ ＨＯＬＤＩＮＧＳ,0.9823671675112333,2.024922118380057,1.0
2025-04-04,U03_AIPW_CATE_K1,U03_AIPW_CATE,1,1,7089,フォースタートアップス,1.5021818480130646,-2.200000000000002,0.0
2025-04-07,U03_AIPW_CATE_K1,U03_AIPW_CATE,1,1,3121,マーチャント・バンカーズ,1.2075909958385471,-3.57142857142857,0.0
2025-04-08,U03_AIPW_CATE_K1,U03_AIPW_CATE,1,1,6694,ズーム,0.6762788375488729,5.38336052202284,1.0
2025-04-09,U03_AIPW_CATE_K1,U03_AIPW_CATE,1,1,1911,住友林業,1.4304612574806053,-3.397190293742014,0.0
2025-04-10,U03_AIPW_CATE_K1,U03_AIPW_CATE,1,1,3758,アエリア,1.9041454762830985,0.92592592592593,1.0
2025-04-11,U03_AIPW_CATE_K1,U03_AIPW_CATE,1,1,8247,大和,1.5057816202121361,4.75000000000001,1.0
2025-04-14,U03_AIPW_CATE_K1,U03_AIPW_CATE,1,1,6118,アイダエンジニアリング,1.6460821427633712,4.756097560975614,1.0
2025-04-22,U03_AIPW_CATE_K1,U03_AIPW_CATE,1,1,3978,マクロミル,0.5529936696670258,-0.8553654743390315,0.0
2025-04-23,U03_AIPW_CATE_K1,U03_AIPW_CATE,1,1,4519,中外製薬,0.9325176333980223,-0.40111826911389814,0.0
2025-04-24,U03_AIPW_CATE_K1,U03_AIPW_CATE,1,1,1878,大東建託,1.3433169499334832,-0.19243104554201862,0.0
2025-04-25,U03_AIPW_CATE_K1,U03_AIPW_CATE,1,1,3064,ＭｏｎｏｔａＲＯ,0.5658832793887578,-0.2765996680804017,0.0
2025-04-30,U03_AIPW_CATE_K1,U03_AIPW_CATE,1,1,5332,ＴＯＴＯ,1.894815537419809,3.23809523809524,1.0
2025-05-01,U03_AIPW_CATE_K1,U03_AIPW_CATE,1,1,4526,理研ビタミン,1.5879035284574876,0.8658008658008587,1.0
2025-05-08,U03_AIPW_CATE_K1,U03_AIPW_CATE,1,1,4551,鳥居薬品,3.3085887053927565,-0.15748031496063408,0.0
2025-05-09,U03_AIPW_CATE_K1,U03_AIPW_CATE,1,1,7451,三菱食品,2.477145721190682,0.15822784810126667,1.0
2025-05-12,U03_AIPW_CATE_K1,U03_AIPW_CATE,1,1,2726,パルグループホールディングス,3.3299598104913044,-2.5367156208277675,0.0
2025-05-13,U03_AIPW_CATE_K1,U03_AIPW_CATE,1,1,5976,高周波熱錬,2.171051892630353,0.0,0.0
2025-05-14,U03_AIPW_CATE_K1,U03_AIPW_CATE,1,1,6822,大井電気,1.4311614947778917,-2.271880819366856,0.0
2025-05-15,U03_AIPW_CATE_K1,U03_AIPW_CATE,1,1,7313,テイ・エス テック,3.391568558322685,-0.4878048780487809,0.0
2025-05-16,U03_AIPW_CATE_K1,U03_AIPW_CATE,1,1,6095,メドピア,1.3349362906141387,0.0,0.0
2025-05-19,U03_AIPW_CATE_K1,U03_AIPW_CATE,1,1,9215,ＣａＳｙ,1.2834932088298452,-2.111111111111108,0.0
2025-05-20,U03_AIPW_CATE_K1,U03_AIPW_CATE,1,1,7458,第一興商,1.5006784592916764,-1.749999999999996,0.0
2025-05-21,U03_AIPW_CATE_K1,U03_AIPW_CATE,1,1,4196,ネオマーケティング,1.6743457517274491,4.4117647058823595,1.0
2025-05-27,U03_AIPW_CATE_K1,U03_AIPW_CATE,1,1,2170,リンクアンドモチベーション,1.519475774193038,0.5736137667303964,1.0
2025-05-28,U03_AIPW_CATE_K1,U03_AIPW_CATE,1,1,6594,ニデック,1.547581235712753,-1.3157894736842146,0.0
2025-05-29,U03_AIPW_CATE_K1,U03_AIPW_CATE,1,1,4507,塩野義製薬,1.8238217163372963,0.25188916876575096,1.0
2025-05-30,U03_AIPW_CATE_K1,U03_AIPW_CATE,1,1,7202,いすゞ自動車,3.3218569833707794,2.243673362901122,1.0
2025-06-02,U03_AIPW_CATE_K1,U03_AIPW_CATE,1,1,6973,協栄産業,4.7597259560181655,0.0,0.0
2025-06-03,U03_AIPW_CATE_K1,U03_AIPW_CATE,1,1,4475,ＨＥＮＮＧＥ,1.0966429425873032,-0.5851755526657954,0.0
2025-06-04,U03_AIPW_CATE_K1,U03_AIPW_CATE,1,1,6201,豊⽥自動織機,3.625704896280687,1.2812499999999893,1.0
2025-06-05,U03_AIPW_CATE_K1,U03_AIPW_CATE,1,1,4507,塩野義製薬,1.9118484000542832,0.4349627174813575,1.0
2025-06-06,U03_AIPW_CATE_K1,U03_AIPW_CATE,1,1,9434,ソフトバンク,1.1548321307081475,0.45662100456620447,1.0
2025-06-09,U03_AIPW_CATE_K1,U03_AIPW_CATE,1,1,7605,フジ・コーポレーション,2.942831224251701,0.0,0.0
2025-06-10,U03_AIPW_CATE_K1,U03_AIPW_CATE,1,1,9696,ウィザス,3.5711766500012225,-0.15503875968991832,0.0
2025-06-11,U03_AIPW_CATE_K1,U03_AIPW_CATE,1,1,9164,トライト,3.4729663596921028,0.0,0.0
2025-06-12,U03_AIPW_CATE_K1,U03_AIPW_CATE,1,1,4929,アジュバンホールディングス,1.1355139575105129,0.26595744680850686,1.0
2025-06-13,U03_AIPW_CATE_K1,U03_AIPW_CATE,1,1,7022,サノヤスホールディングス,1.9311336400639332,1.4814814814814836,1.0
2025-06-17,U03_AIPW_CATE_K1,U03_AIPW_CATE,1,1,3688,ＣＡＲＴＡ ＨＯＬＤＩＮＧＳ,4.49841817577218,0.0,0.0
2025-06-18,U03_AIPW_CATE_K1,U03_AIPW_CATE,1,1,2782,セリア,1.149024567389347,0.4431314623338345,1.0
2025-06-19,U03_AIPW_CATE_K1,U03_AIPW_CATE,1,1,1518,三井松島ホールディングス,2.08567767764947,0.7056451612903247,1.0
2025-06-20,U03_AIPW_CATE_K1,U03_AIPW_CATE,1,1,3608,ＴＳＩホールディングス,1.0754243430437438,0.2702702702702675,1.0
2025-06-24,U03_AIPW_CATE_K1,U03_AIPW_CATE,1,1,9432,日本電信電話,1.1406773207126089,-0.1323626737260053,0.0
2025-06-25,U03_AIPW_CATE_K1,U03_AIPW_CATE,1,1,4732,ユー・エス・エス,1.3215871503735697,-0.09646302250804206,0.0
2025-06-26,U03_AIPW_CATE_K1,U03_AIPW_CATE,1,1,6957,芝浦電子,2.0342599168410325,0.0,0.0
2025-06-27,U03_AIPW_CATE_K1,U03_AIPW_CATE,1,1,1803,清水建設,1.1036087688224951,-0.5362776025236604,0.0
2025-06-30,U03_AIPW_CATE_K1,U03_AIPW_CATE,1,1,7060,ギークス,2.2812973093953133,5.624999999999991,1.0
2025-07-01,U03_AIPW_CATE_K1,U03_AIPW_CATE,1,1,9386,日本コンセプト,3.8047134993954685,0.0,0.0
2025-07-02,U03_AIPW_CATE_K1,U03_AIPW_CATE,1,1,5976,高周波熱錬,0.9133139530009691,1.0064043915827936,1.0
2025-07-07,U03_AIPW_CATE_K1,U03_AIPW_CATE,1,1,7279,ハイレックスコーポレーション,1.0633344466621297,-1.4678899082568808,0.0
2025-07-08,U03_AIPW_CATE_K1,U03_AIPW_CATE,1,1,5463,丸一鋼管,1.4836026900375046,0.5932203389830581,1.0
2025-07-09,U03_AIPW_CATE_K1,U03_AIPW_CATE,1,1,4055,ティアンドエスグループ,0.9374274404598493,5.199306759098787,1.0
2025-07-10,U03_AIPW_CATE_K1,U03_AIPW_CATE,1,1,9425,ＲｅＹｕｕ Ｊａｐａｎ,1.0059491831158383,-1.0654490106544956,0.0
2025-07-11,U03_AIPW_CATE_K1,U03_AIPW_CATE,1,1,6957,芝浦電子,0.8561874512727058,-0.6611570247933907,0.0
2025-07-14,U03_AIPW_CATE_K1,U03_AIPW_CATE,1,1,2437,Ｓｈｉｎｗａ Ｗｉｓｅ Ｈｏｌｄｉｎｇｓ,2.3870671780477255,-2.405498281786944,0.0
2025-07-15,U03_AIPW_CATE_K1,U03_AIPW_CATE,1,1,3073,ＤＤグループ,3.7430107529270797,0.05899705014749124,1.0
2025-07-16,U03_AIPW_CATE_K1,U03_AIPW_CATE,1,1,3121,マーチャント・バンカーズ,0.8693879134990822,-3.672316384180796,0.0
2025-07-23,U03_AIPW_CATE_K1,U03_AIPW_CATE,1,1,7818,トランザクション,1.975762016554654,0.8957654723126929,1.0
2025-07-24,U03_AIPW_CATE_K1,U03_AIPW_CATE,1,1,3993,ＰＫＳＨＡ Ｔｅｃｈｎｏｌｏｇｙ,1.741515308297248,0.8670520231213841,1.0
2025-07-25,U03_AIPW_CATE_K1,U03_AIPW_CATE,1,1,6095,メドピア,1.628392505712077,-0.5698005698005715,0.0
2025-07-28,U03_AIPW_CATE_K1,U03_AIPW_CATE,1,1,7250,太平洋⼯業,3.145816460632673,1.6666666666666607,1.0
2025-07-29,U03_AIPW_CATE_K1,U03_AIPW_CATE,1,1,8334,群馬銀行,1.141425649288901,1.458789204959876,1.0
2025-07-30,U03_AIPW_CATE_K1,U03_AIPW_CATE,1,1,6406,フジテック,3.697639292659605,-0.2664298401420906,0.0
2025-07-31,U03_AIPW_CATE_K1,U03_AIPW_CATE,1,1,4114,日本触媒,2.089048100698903,0.49722140976893314,1.0
2024-07-01,U03_AIPW_CATE_K2,U03_AIPW_CATE,2,1,3646,駅探,1.784904425777381,0.4683840749414525,1.0
2024-07-01,U03_AIPW_CATE_K2,U03_AIPW_CATE,2,2,8927,明豊エンタープライズ,1.2178291859460972,0.49999999999998934,1.0
2024-07-02,U03_AIPW_CATE_K2,U03_AIPW_CATE,2,1,1946,トーエネック,3.057675619596322,-2.9090909090909056,0.0
2024-07-02,U03_AIPW_CATE_K2,U03_AIPW_CATE,2,2,7806,ＭＴＧ,1.9703210261290791,-0.975292587776333,0.0
2024-07-03,U03_AIPW_CATE_K2,U03_AIPW_CATE,2,1,5208,有沢製作所,1.4917832843318957,0.8160703075957398,1.0
2024-07-03,U03_AIPW_CATE_K2,U03_AIPW_CATE,2,2,7380,十六フィナンシャルグループ,1.3733793019089973,-1.2526096033402934,0.0
2024-07-04,U03_AIPW_CATE_K2,U03_AIPW_CATE,2,1,7138,ＴＯＲＩＣＯ,1.4065241919636278,0.3976143141153132,1.0
2024-07-04,U03_AIPW_CATE_K2,U03_AIPW_CATE,2,2,7958,天馬,1.3331735986948958,-2.3841961852861027,0.0
2024-07-05,U03_AIPW_CATE_K2,U03_AIPW_CATE,2,1,9104,商船三井,0.8628412869638792,-3.566037735849059,0.0
2024-07-05,U03_AIPW_CATE_K2,U03_AIPW_CATE,2,2,6898,トミタ電機,0.8442017252194534,-0.9887936717205004,0.0
2024-07-08,U03_AIPW_CATE_K2,U03_AIPW_CATE,2,1,3133,海帆,2.2972272470047317,-0.8648648648648671,0.0
2024-07-08,U03_AIPW_CATE_K2,U03_AIPW_CATE,2,2,3391,ツルハホールディングス,1.8721793553049864,0.2850877192982493,1.0
2024-07-09,U03_AIPW_CATE_K2,U03_AIPW_CATE,2,1,2654,アスモ,1.6644844041180025,0.0,0.0
2024-07-09,U03_AIPW_CATE_K2,U03_AIPW_CATE,2,2,5759,日本電解,1.5068714386241533,-0.8832188420019649,0.0
2024-07-10,U03_AIPW_CATE_K2,U03_AIPW_CATE,2,1,6098,リクルートホールディングス,2.1620148256451155,2.529729729729735,1.0
2024-07-10,U03_AIPW_CATE_K2,U03_AIPW_CATE,2,2,6866,日置電機,1.5893719544936622,3.3823529411764808,1.0
2024-07-11,U03_AIPW_CATE_K2,U03_AIPW_CATE,2,1,6525,ＫＯＫＵＳＡＩ ＥＬＥＣＴＲＩＣ,3.157902695692623,0.9090909090909038,1.0
2024-07-11,U03_AIPW_CATE_K2,U03_AIPW_CATE,2,2,3979,うるる,1.446783272576703,0.2617801047120505,1.0
2024-07-12,U03_AIPW_CATE_K2,U03_AIPW_CATE,2,1,4443,Ｓａｎｓａｎ,1.642417212756373,0.0,0.0
2024-07-12,U03_AIPW_CATE_K2,U03_AIPW_CATE,2,2,2998,クリアル,1.5668506493751635,8.94941634241244,1.0
2024-07-16,U03_AIPW_CATE_K2,U03_AIPW_CATE,2,1,2340,極楽湯ホールディングス,2.1261138126669965,-0.24999999999999467,0.0
2024-07-16,U03_AIPW_CATE_K2,U03_AIPW_CATE,2,2,6804,ホシデン,2.0880688110222327,-1.5503875968992276,0.0
2024-07-17,U03_AIPW_CATE_K2,U03_AIPW_CATE,2,1,3810,サイバーステップ,1.7638771600910492,0.8695652173912993,1.0
2024-07-17,U03_AIPW_CATE_K2,U03_AIPW_CATE,2,2,4577,ダイト,1.535228038304409,-1.0914051841746208,0.0
2024-07-18,U03_AIPW_CATE_K2,U03_AIPW_CATE,2,1,1866,北野建設,1.4609200071966413,1.5471167369901506,1.0
2024-07-18,U03_AIPW_CATE_K2,U03_AIPW_CATE,2,2,3077,ホリイフードサービス,1.2749733861523587,-0.5167958656330796,0.0
2024-07-19,U03_AIPW_CATE_K2,U03_AIPW_CATE,2,1,3491,ＧＡ ｔｅｃｈｎｏｌｏｇｉｅｓ,2.217883007572897,1.4958863126402377,1.0
2024-07-19,U03_AIPW_CATE_K2,U03_AIPW_CATE,2,2,3407,旭化成,1.2239372290340413,0.2838221381267658,1.0
2024-07-22,U03_AIPW_CATE_K2,U03_AIPW_CATE,2,1,5809,タツタ電線,2.5697381572642604,-2.652519893899208,0.0
2024-07-22,U03_AIPW_CATE_K2,U03_AIPW_CATE,2,2,5020,ＥＮＥＯＳホールディングス,1.6460527121406026,-1.1111111111111072,0.0
2024-07-23,U03_AIPW_CATE_K2,U03_AIPW_CATE,2,1,3133,海帆,2.245667444677303,1.3745704467353903,1.0
2024-07-23,U03_AIPW_CATE_K2,U03_AIPW_CATE,2,2,4179,ジーネクスト,1.526857552617228,-0.6968641114982632,0.0
2024-07-24,U03_AIPW_CATE_K2,U03_AIPW_CATE,2,1,6937,古河電池,4.29508526353132,-1.0721944245889903,0.0
2024-07-24,U03_AIPW_CATE_K2,U03_AIPW_CATE,2,2,6594,ニデック,2.1728427762697886,0.02778549597111102,1.0
2024-07-25,U03_AIPW_CATE_K2,U03_AIPW_CATE,2,1,7213,レシップホールディングス,1.519667763373814,-2.2222222222222254,0.0
2024-07-25,U03_AIPW_CATE_K2,U03_AIPW_CATE,2,2,6736,サン電子,1.2287684098892884,0.10362694300518616,1.0
2024-07-26,U03_AIPW_CATE_K2,U03_AIPW_CATE,2,1,7074,トゥエンティーフォーセブン,1.4324354813532318,2.9962546816479474,1.0
2024-07-26,U03_AIPW_CATE_K2,U03_AIPW_CATE,2,2,4095,日本パーカライジング,1.304211212968314,-0.5695687550854367,0.0
2024-07-29,U03_AIPW_CATE_K2,U03_AIPW_CATE,2,1,5020,ＥＮＥＯＳホールディングス,1.5826735516117947,1.57014157014157,1.0
2024-07-29,U03_AIPW_CATE_K2,U03_AIPW_CATE,2,2,4394,エクスモーション,1.5746073012595145,-0.1225490196078427,0.0
2024-07-30,U03_AIPW_CATE_K2,U03_AIPW_CATE,2,1,8886,ウッドフレンズ,3.068864973467741,,
2024-07-30,U03_AIPW_CATE_K2,U03_AIPW_CATE,2,2,4932,アルマード,0.7805275861137909,-1.5898251192368873,0.0
2024-07-31,U03_AIPW_CATE_K2,U03_AIPW_CATE,2,1,4918,アイビー化粧品,1.468825269588089,0.5524861878453136,1.0
2024-07-31,U03_AIPW_CATE_K2,U03_AIPW_CATE,2,2,7808,シー・エス・ランバー,1.450271383983953,0.45941807044409533,1.0
2025-04-01,U03_AIPW_CATE_K2,U03_AIPW_CATE,2,1,1911,住友林業,1.52301017037213,-2.413043478260868,0.0
2025-04-01,U03_AIPW_CATE_K2,U03_AIPW_CATE,2,2,6545,インターネットインフィニティー,1.335573406899732,3.14569536423841,1.0
2025-04-02,U03_AIPW_CATE_K2,U03_AIPW_CATE,2,1,3923,ラクス,0.7736875754938211,0.2577319587628857,1.0
2025-04-02,U03_AIPW_CATE_K2,U03_AIPW_CATE,2,2,9782,ディーエムエス,0.6290492009559009,-0.13778849466069554,0.0
2025-04-03,U03_AIPW_CATE_K2,U03_AIPW_CATE,2,1,7638,ＮＥＷ ＡＲＴ ＨＯＬＤＩＮＧＳ,0.9823671675112333,2.024922118380057,1.0
2025-04-03,U03_AIPW_CATE_K2,U03_AIPW_CATE,2,2,9211,エフ・コード,0.8709406801295317,2.0706455542021995,1.0
2025-04-04,U03_AIPW_CATE_K2,U03_AIPW_CATE,2,1,7089,フォースタートアップス,1.5021818480130646,-2.200000000000002,0.0
2025-04-04,U03_AIPW_CATE_K2,U03_AIPW_CATE,2,2,6594,ニデック,0.9477565567899899,-1.7124831004957208,0.0
2025-04-07,U03_AIPW_CATE_K2,U03_AIPW_CATE,2,1,3121,マーチャント・バンカーズ,1.2075909958385471,-3.57142857142857,0.0
2025-04-07,U03_AIPW_CATE_K2,U03_AIPW_CATE,2,2,146A,コロンビア・ワークス,1.1674912186425557,-0.9036144578313254,0.0
2025-04-08,U03_AIPW_CATE_K2,U03_AIPW_CATE,2,1,6694,ズーム,0.6762788375488729,5.38336052202284,1.0
2025-04-08,U03_AIPW_CATE_K2,U03_AIPW_CATE,2,2,3645,メディカルネット,0.6440411481577246,0.0,0.0
2025-04-09,U03_AIPW_CATE_K2,U03_AIPW_CATE,2,1,1911,住友林業,1.4304612574806053,-3.397190293742014,0.0
2025-04-09,U03_AIPW_CATE_K2,U03_AIPW_CATE,2,2,4183,三井化学,0.5814013320343137,-2.2265077138849954,0.0
2025-04-10,U03_AIPW_CATE_K2,U03_AIPW_CATE,2,1,3758,アエリア,1.9041454762830985,0.92592592592593,1.0
2025-04-10,U03_AIPW_CATE_K2,U03_AIPW_CATE,2,2,5290,ベルテクスコーポレーション,1.044572357546151,-3.6255411255411207,0.0
2025-04-11,U03_AIPW_CATE_K2,U03_AIPW_CATE,2,1,8247,大和,1.5057816202121361,4.75000000000001,1.0
2025-04-11,U03_AIPW_CATE_K2,U03_AIPW_CATE,2,2,9702,アイ・エス・ビー,0.8126743006048986,1.8883415435139606,1.0
2025-04-14,U03_AIPW_CATE_K2,U03_AIPW_CATE,2,1,6118,アイダエンジニアリング,1.6460821427633712,4.756097560975614,1.0
2025-04-14,U03_AIPW_CATE_K2,U03_AIPW_CATE,2,2,9075,福山通運,1.07379050540528,1.011560693641611,1.0
2025-04-22,U03_AIPW_CATE_K2,U03_AIPW_CATE,2,1,3978,マクロミル,0.5529936696670258,-0.8553654743390315,0.0
2025-04-22,U03_AIPW_CATE_K2,U03_AIPW_CATE,2,2,7472,鳥羽洋行,0.49905222946317274,0.8915304606240682,1.0
2025-04-23,U03_AIPW_CATE_K2,U03_AIPW_CATE,2,1,4519,中外製薬,0.9325176333980223,-0.40111826911389814,0.0
2025-04-23,U03_AIPW_CATE_K2,U03_AIPW_CATE,2,2,2437,Ｓｈｉｎｗａ Ｗｉｓｅ Ｈｏｌｄｉｎｇｓ,0.7742336598702786,1.538461538461533,1.0
2025-04-24,U03_AIPW_CATE_K2,U03_AIPW_CATE,2,1,1878,大東建託,1.3433169499334832,-0.19243104554201862,0.0
2025-04-24,U03_AIPW_CATE_K2,U03_AIPW_CATE,2,2,4317,レイ,0.9433807240367218,-2.314814814814814,0.0
2025-04-25,U03_AIPW_CATE_K2,U03_AIPW_CATE,2,1,3064,ＭｏｎｏｔａＲＯ,0.5658832793887578,-0.2765996680804017,0.0
2025-04-25,U03_AIPW_CATE_K2,U03_AIPW_CATE,2,2,4668,明光ネットワークジャパン,0.5629983445596232,0.27932960893854997,1.0
2025-04-30,U03_AIPW_CATE_K2,U03_AIPW_CATE,2,1,5332,ＴＯＴＯ,1.894815537419809,3.23809523809524,1.0
2025-04-30,U03_AIPW_CATE_K2,U03_AIPW_CATE,2,2,4578,大塚ホールディングス,1.0251396017056076,3.1124944419742118,1.0
2025-05-01,U03_AIPW_CATE_K2,U03_AIPW_CATE,2,1,4526,理研ビタミン,1.5879035284574876,0.8658008658008587,1.0
2025-05-01,U03_AIPW_CATE_K2,U03_AIPW_CATE,2,2,9206,スターフライヤー,1.3931737918126,1.9991840065279431,1.0
2025-05-08,U03_AIPW_CATE_K2,U03_AIPW_CATE,2,1,4551,鳥居薬品,3.3085887053927565,-0.15748031496063408,0.0
2025-05-08,U03_AIPW_CATE_K2,U03_AIPW_CATE,2,2,9878,セキド,1.5473333295961578,-1.86513629842181,0.0
2025-05-09,U03_AIPW_CATE_K2,U03_AIPW_CATE,2,1,7451,三菱食品,2.477145721190682,0.15822784810126667,1.0
2025-05-09,U03_AIPW_CATE_K2,U03_AIPW_CATE,2,2,9432,日本電信電話,1.255609492400087,0.3916449086162066,1.0
2025-05-12,U03_AIPW_CATE_K2,U03_AIPW_CATE,2,1,2726,パルグループホールディングス,3.3299598104913044,-2.5367156208277675,0.0
2025-05-12,U03_AIPW_CATE_K2,U03_AIPW_CATE,2,2,7846,パイロットコーポレーション,2.698612810468523,-0.975847767748228,0.0
2025-05-13,U03_AIPW_CATE_K2,U03_AIPW_CATE,2,1,5976,高周波熱錬,2.171051892630353,0.0,0.0
2025-05-13,U03_AIPW_CATE_K2,U03_AIPW_CATE,2,2,9006,京浜急行電鉄,2.003077519748406,-0.8191349934469239,0.0
2025-05-14,U03_AIPW_CATE_K2,U03_AIPW_CATE,2,1,6822,大井電気,1.4311614947778917,-2.271880819366856,0.0
2025-05-14,U03_AIPW_CATE_K2,U03_AIPW_CATE,2,2,7815,東京ボード⼯業,1.2428187606782422,0.17064846416381396,1.0
2025-05-15,U03_AIPW_CATE_K2,U03_AIPW_CATE,2,1,7313,テイ・エス テック,3.391568558322685,-0.4878048780487809,0.0
2025-05-15,U03_AIPW_CATE_K2,U03_AIPW_CATE,2,2,8746,ＵＮＢＡＮＫＥＤ,2.5525667776863723,-2.166064981949456,0.0
2025-05-16,U03_AIPW_CATE_K2,U03_AIPW_CATE,2,1,6095,メドピア,1.3349362906141387,0.0,0.0
2025-05-16,U03_AIPW_CATE_K2,U03_AIPW_CATE,2,2,5357,ヨータイ,1.2299081467578523,2.78422273781902,1.0
2025-05-19,U03_AIPW_CATE_K2,U03_AIPW_CATE,2,1,9215,ＣａＳｙ,1.2834932088298452,-2.111111111111108,0.0
2025-05-19,U03_AIPW_CATE_K2,U03_AIPW_CATE,2,2,3627,テクミラホールディングス,1.2287819425379136,-3.833865814696491,0.0
2025-05-20,U03_AIPW_CATE_K2,U03_AIPW_CATE,2,1,7458,第一興商,1.5006784592916764,-1.749999999999996,0.0
2025-05-20,U03_AIPW_CATE_K2,U03_AIPW_CATE,2,2,3661,エムアップホールディングス,1.1639540350327495,5.2688172043010795,1.0
2025-05-21,U03_AIPW_CATE_K2,U03_AIPW_CATE,2,1,4196,ネオマーケティング,1.6743457517274491,4.4117647058823595,1.0
2025-05-21,U03_AIPW_CATE_K2,U03_AIPW_CATE,2,2,7090,リグア,1.2322431069552808,-1.2707722385141729,0.0
2025-05-27,U03_AIPW_CATE_K2,U03_AIPW_CATE,2,1,2170,リンクアンドモチベーション,1.519475774193038,0.5736137667303964,1.0
2025-05-27,U03_AIPW_CATE_K2,U03_AIPW_CATE,2,2,7114,フーディソン,1.2678421271189904,2.073170731707319,1.0
2025-05-28,U03_AIPW_CATE_K2,U03_AIPW_CATE,2,1,6594,ニデック,1.547581235712753,-1.3157894736842146,0.0
2025-05-28,U03_AIPW_CATE_K2,U03_AIPW_CATE,2,2,2437,Ｓｈｉｎｗａ Ｗｉｓｅ Ｈｏｌｄｉｎｇｓ,1.321997909382659,-3.5820895522388096,0.0
2025-05-29,U03_AIPW_CATE_K2,U03_AIPW_CATE,2,1,4507,塩野義製薬,1.8238217163372963,0.25188916876575096,1.0
2025-05-29,U03_AIPW_CATE_K2,U03_AIPW_CATE,2,2,3201,日本毛織,1.2964282588439697,2.6334026334026372,1.0
2025-05-30,U03_AIPW_CATE_K2,U03_AIPW_CATE,2,1,7202,いすゞ自動車,3.3218569833707794,2.243673362901122,1.0
2025-05-30,U03_AIPW_CATE_K2,U03_AIPW_CATE,2,2,7163,住信ＳＢＩネット銀行,2.9966832241453485,0.0,0.0
2025-06-02,U03_AIPW_CATE_K2,U03_AIPW_CATE,2,1,6973,協栄産業,4.7597259560181655,0.0,0.0
2025-06-02,U03_AIPW_CATE_K2,U03_AIPW_CATE,2,2,9682,ＤＴＳ,1.4199499480619553,0.9137055837563413,1.0
2025-06-03,U03_AIPW_CATE_K2,U03_AIPW_CATE,2,1,4475,ＨＥＮＮＧＥ,1.0966429425873032,-0.5851755526657954,0.0
2025-06-03,U03_AIPW_CATE_K2,U03_AIPW_CATE,2,2,6890,フェローテックホールディングス,1.0584244986110112,-0.5782575173477245,0.0
2025-06-04,U03_AIPW_CATE_K2,U03_AIPW_CATE,2,1,6201,豊⽥自動織機,3.625704896280687,1.2812499999999893,1.0
2025-06-04,U03_AIPW_CATE_K2,U03_AIPW_CATE,2,2,6135,牧野フライス製作所,3.3399965395290265,0.25839793281654533,1.0
2025-06-05,U03_AIPW_CATE_K2,U03_AIPW_CATE,2,1,4507,塩野義製薬,1.9118484000542832,0.4349627174813575,1.0
2025-06-05,U03_AIPW_CATE_K2,U03_AIPW_CATE,2,2,6479,ミネベアミツミ,1.1284117624894991,0.12886597938144284,1.0
2025-06-06,U03_AIPW_CATE_K2,U03_AIPW_CATE,2,1,9434,ソフトバンク,1.1548321307081475,0.45662100456620447,1.0
2025-06-06,U03_AIPW_CATE_K2,U03_AIPW_CATE,2,2,9984,ソフトバンクグループ,1.1507250487951162,0.040760869565215074,1.0
2025-06-09,U03_AIPW_CATE_K2,U03_AIPW_CATE,2,1,7605,フジ・コーポレーション,2.942831224251701,0.0,0.0
2025-06-09,U03_AIPW_CATE_K2,U03_AIPW_CATE,2,2,9441,ベルパーク,1.1452883047854456,-0.31578947368421373,0.0
2025-06-10,U03_AIPW_CATE_K2,U03_AIPW_CATE,2,1,9696,ウィザス,3.5711766500012225,-0.15503875968991832,0.0
2025-06-10,U03_AIPW_CATE_K2,U03_AIPW_CATE,2,2,9444,トーシンホールディングス,2.677102558036849,0.32102728731941976,1.0
2025-06-11,U03_AIPW_CATE_K2,U03_AIPW_CATE,2,1,9164,トライト,3.4729663596921028,0.0,0.0
2025-06-11,U03_AIPW_CATE_K2,U03_AIPW_CATE,2,2,9338,ＩＮＦＯＲＩＣＨ,1.0183183009292798,-0.3316749585406287,0.0
2025-06-12,U03_AIPW_CATE_K2,U03_AIPW_CATE,2,1,4929,アジュバンホールディングス,1.1355139575105129,0.26595744680850686,1.0
2025-06-12,U03_AIPW_CATE_K2,U03_AIPW_CATE,2,2,2432,ディー・エヌ・エー,0.5339309322267539,0.38888888888888307,1.0
2025-06-13,U03_AIPW_CATE_K2,U03_AIPW_CATE,2,1,7022,サノヤスホールディングス,1.9311336400639332,1.4814814814814836,1.0
2025-06-13,U03_AIPW_CATE_K2,U03_AIPW_CATE,2,2,4447,ピー・ビーシステムズ,1.30435081101321,1.200000000000001,1.0
2025-06-17,U03_AIPW_CATE_K2,U03_AIPW_CATE,2,1,3688,ＣＡＲＴＡ ＨＯＬＤＩＮＧＳ,4.49841817577218,0.0,0.0
2025-06-17,U03_AIPW_CATE_K2,U03_AIPW_CATE,2,2,6297,鉱研⼯業,3.747842374653832,0.0,0.0
2025-06-18,U03_AIPW_CATE_K2,U03_AIPW_CATE,2,1,2782,セリア,1.149024567389347,0.4431314623338345,1.0
2025-06-18,U03_AIPW_CATE_K2,U03_AIPW_CATE,2,2,6957,芝浦電子,1.0820574730108887,1.1666666666666714,1.0
2025-06-19,U03_AIPW_CATE_K2,U03_AIPW_CATE,2,1,1518,三井松島ホールディングス,2.08567767764947,0.7056451612903247,1.0
2025-06-19,U03_AIPW_CATE_K2,U03_AIPW_CATE,2,2,6371,椿本チエイン,2.0673569654314186,-0.7847533632286963,0.0
2025-06-20,U03_AIPW_CATE_K2,U03_AIPW_CATE,2,1,3608,ＴＳＩホールディングス,1.0754243430437438,0.2702702702702675,1.0
2025-06-20,U03_AIPW_CATE_K2,U03_AIPW_CATE,2,2,7780,メニコン,0.9270274042209665,1.324503311258285,1.0
2025-06-24,U03_AIPW_CATE_K2,U03_AIPW_CATE,2,1,9432,日本電信電話,1.1406773207126089,-0.1323626737260053,0.0
2025-06-24,U03_AIPW_CATE_K2,U03_AIPW_CATE,2,2,8267,イオン,0.4170859001183004,-1.4336917562724039,0.0
2025-06-25,U03_AIPW_CATE_K2,U03_AIPW_CATE,2,1,4732,ユー・エス・エス,1.3215871503735697,-0.09646302250804206,0.0
2025-06-25,U03_AIPW_CATE_K2,U03_AIPW_CATE,2,2,1911,住友林業,0.9510862911297093,0.022946305644788723,1.0
2025-06-26,U03_AIPW_CATE_K2,U03_AIPW_CATE,2,1,6957,芝浦電子,2.0342599168410325,0.0,0.0
2025-06-26,U03_AIPW_CATE_K2,U03_AIPW_CATE,2,2,6095,メドピア,1.9620152826579502,5.947441217150762,1.0
2025-06-27,U03_AIPW_CATE_K2,U03_AIPW_CATE,2,1,1803,清水建設,1.1036087688224951,-0.5362776025236604,0.0
2025-06-27,U03_AIPW_CATE_K2,U03_AIPW_CATE,2,2,4316,ビーマップ,1.1030855333444258,-2.099737532808399,0.0
2025-06-30,U03_AIPW_CATE_K2,U03_AIPW_CATE,2,1,7060,ギークス,2.2812973093953133,5.624999999999991,1.0
2025-06-30,U03_AIPW_CATE_K2,U03_AIPW_CATE,2,2,6928,エノモト,1.3054189546794002,-1.017441860465118,0.0
2025-07-01,U03_AIPW_CATE_K2,U03_AIPW_CATE,2,1,9386,日本コンセプト,3.8047134993954685,0.0,0.0
2025-07-01,U03_AIPW_CATE_K2,U03_AIPW_CATE,2,2,4689,ＬＩＮＥヤフー,1.0398197681728925,0.6542056074766434,1.0
2025-07-02,U03_AIPW_CATE_K2,U03_AIPW_CATE,2,1,5976,高周波熱錬,0.9133139530009691,1.0064043915827936,1.0
2025-07-02,U03_AIPW_CATE_K2,U03_AIPW_CATE,2,2,4816,東映アニメーション,0.7756955060651739,-1.8181818181818188,0.0
2025-07-07,U03_AIPW_CATE_K2,U03_AIPW_CATE,2,1,7279,ハイレックスコーポレーション,1.0633344466621297,-1.4678899082568808,0.0
2025-07-07,U03_AIPW_CATE_K2,U03_AIPW_CATE,2,2,7366,ＬＩＴＡＬＩＣＯ,1.0151952275030376,-0.5503144654088077,0.0
2025-07-08,U03_AIPW_CATE_K2,U03_AIPW_CATE,2,1,5463,丸一鋼管,1.4836026900375046,0.5932203389830581,1.0
2025-07-08,U03_AIPW_CATE_K2,U03_AIPW_CATE,2,2,6395,タダノ,0.8376194196660453,8.906798925397808,1.0
2025-07-09,U03_AIPW_CATE_K2,U03_AIPW_CATE,2,1,4055,ティアンドエスグループ,0.9374274404598493,5.199306759098787,1.0
2025-07-09,U03_AIPW_CATE_K2,U03_AIPW_CATE,2,2,9206,スターフライヤー,0.9012060839187275,0.18501387604070718,1.0
2025-07-10,U03_AIPW_CATE_K2,U03_AIPW_CATE,2,1,9425,ＲｅＹｕｕ Ｊａｐａｎ,1.0059491831158383,-1.0654490106544956,0.0
2025-07-10,U03_AIPW_CATE_K2,U03_AIPW_CATE,2,2,2734,サーラコーポレーション,0.9246186917487298,0.43478260869564966,1.0
2025-07-11,U03_AIPW_CATE_K2,U03_AIPW_CATE,2,1,6957,芝浦電子,0.8561874512727058,-0.6611570247933907,0.0
2025-07-11,U03_AIPW_CATE_K2,U03_AIPW_CATE,2,2,5076,インフロニア・ホールディングス,0.8104479321453819,-0.2802241793434801,0.0
2025-07-14,U03_AIPW_CATE_K2,U03_AIPW_CATE,2,1,2437,Ｓｈｉｎｗａ Ｗｉｓｅ Ｈｏｌｄｉｎｇｓ,2.3870671780477255,-2.405498281786944,0.0
2025-07-14,U03_AIPW_CATE_K2,U03_AIPW_CATE,2,2,7060,ギークス,1.3301774481873427,0.0,0.0
2025-07-15,U03_AIPW_CATE_K2,U03_AIPW_CATE,2,1,3073,ＤＤグループ,3.7430107529270797,0.05899705014749124,1.0
2025-07-15,U03_AIPW_CATE_K2,U03_AIPW_CATE,2,2,6312,フロイント産業,3.7425523735813213,0.0,0.0
2025-07-16,U03_AIPW_CATE_K2,U03_AIPW_CATE,2,1,3121,マーチャント・バンカーズ,0.8693879134990822,-3.672316384180796,0.0
2025-07-16,U03_AIPW_CATE_K2,U03_AIPW_CATE,2,2,6082,ライドオンエクスプレスホールディングス,0.5352841941582615,-0.30000000000000027,0.0
2025-07-23,U03_AIPW_CATE_K2,U03_AIPW_CATE,2,1,7818,トランザクション,1.975762016554654,0.8957654723126929,1.0
2025-07-23,U03_AIPW_CATE_K2,U03_AIPW_CATE,2,2,3951,朝日印刷,1.1964828936148486,0.0,0.0
2025-07-24,U03_AIPW_CATE_K2,U03_AIPW_CATE,2,1,3993,ＰＫＳＨＡ Ｔｅｃｈｎｏｌｏｇｙ,1.741515308297248,0.8670520231213841,1.0
2025-07-24,U03_AIPW_CATE_K2,U03_AIPW_CATE,2,2,2935,ピックルスホールディングス,0.5307411791564473,0.30364372469635637,1.0
2025-07-25,U03_AIPW_CATE_K2,U03_AIPW_CATE,2,1,6095,メドピア,1.628392505712077,-0.5698005698005715,0.0
2025-07-25,U03_AIPW_CATE_K2,U03_AIPW_CATE,2,2,4494,バリオセキュア,0.8595808295172596,-0.9126466753585416,0.0
2025-07-28,U03_AIPW_CATE_K2,U03_AIPW_CATE,2,1,7250,太平洋⼯業,3.145816460632673,1.6666666666666607,1.0
2025-07-28,U03_AIPW_CATE_K2,U03_AIPW_CATE,2,2,6862,ミナトホールディングス,2.0404062194370107,-0.11764705882353343,0.0
2025-07-29,U03_AIPW_CATE_K2,U03_AIPW_CATE,2,1,8334,群馬銀行,1.141425649288901,1.458789204959876,1.0
2025-07-29,U03_AIPW_CATE_K2,U03_AIPW_CATE,2,2,6552,ＧａｍｅＷｉｔｈ,0.8006288738135394,0.9661835748792313,1.0
2025-07-30,U03_AIPW_CATE_K2,U03_AIPW_CATE,2,1,6406,フジテック,3.697639292659605,-0.2664298401420906,0.0
2025-07-30,U03_AIPW_CATE_K2,U03_AIPW_CATE,2,2,160A,アズパートナーズ,1.415698818121618,-0.5337399923751485,0.0
2025-07-31,U03_AIPW_CATE_K2,U03_AIPW_CATE,2,1,4114,日本触媒,2.089048100698903,0.49722140976893314,1.0
2025-07-31,U03_AIPW_CATE_K2,U03_AIPW_CATE,2,2,3003,ヒューリック,0.9650767023594544,0.5215577190542442,1.0
2024-07-01,U04_DATE_RESIDUAL_UPLIFT_K1,U04_DATE_RESIDUAL_UPLIFT,1,1,3646,駅探,0.4576904627342884,0.4683840749414525,1.0
2024-07-02,U04_DATE_RESIDUAL_UPLIFT_K1,U04_DATE_RESIDUAL_UPLIFT,1,1,1946,トーエネック,1.5551278532311317,-2.9090909090909056,0.0
2024-07-03,U04_DATE_RESIDUAL_UPLIFT_K1,U04_DATE_RESIDUAL_UPLIFT,1,1,5208,有沢製作所,0.522890469004706,0.8160703075957398,1.0
2024-07-04,U04_DATE_RESIDUAL_UPLIFT_K1,U04_DATE_RESIDUAL_UPLIFT,1,1,,,,,
2024-07-05,U04_DATE_RESIDUAL_UPLIFT_K1,U04_DATE_RESIDUAL_UPLIFT,1,1,,,,,
2024-07-08,U04_DATE_RESIDUAL_UPLIFT_K1,U04_DATE_RESIDUAL_UPLIFT,1,1,2659,サンエー,0.8560649692648613,-3.6633663366336666,0.0
2024-07-09,U04_DATE_RESIDUAL_UPLIFT_K1,U04_DATE_RESIDUAL_UPLIFT,1,1,2654,アスモ,0.6037223920479325,0.0,0.0
2024-07-10,U04_DATE_RESIDUAL_UPLIFT_K1,U04_DATE_RESIDUAL_UPLIFT,1,1,6098,リクルートホールディングス,1.2682558158943649,2.529729729729735,1.0
2024-07-11,U04_DATE_RESIDUAL_UPLIFT_K1,U04_DATE_RESIDUAL_UPLIFT,1,1,6525,ＫＯＫＵＳＡＩ ＥＬＥＣＴＲＩＣ,1.3630912497009389,0.9090909090909038,1.0
2024-07-12,U04_DATE_RESIDUAL_UPLIFT_K1,U04_DATE_RESIDUAL_UPLIFT,1,1,4443,Ｓａｎｓａｎ,1.2166727536140942,0.0,0.0
2024-07-16,U04_DATE_RESIDUAL_UPLIFT_K1,U04_DATE_RESIDUAL_UPLIFT,1,1,2722,ＩＫホールディングス,1.9288982501400365,0.0,0.0
2024-07-17,U04_DATE_RESIDUAL_UPLIFT_K1,U04_DATE_RESIDUAL_UPLIFT,1,1,3810,サイバーステップ,0.5446729901707223,0.8695652173912993,1.0
2024-07-18,U04_DATE_RESIDUAL_UPLIFT_K1,U04_DATE_RESIDUAL_UPLIFT,1,1,1866,北野建設,0.4870005646737564,1.5471167369901506,1.0
2024-07-19,U04_DATE_RESIDUAL_UPLIFT_K1,U04_DATE_RESIDUAL_UPLIFT,1,1,,,,,
2024-07-22,U04_DATE_RESIDUAL_UPLIFT_K1,U04_DATE_RESIDUAL_UPLIFT,1,1,6557,ＡＩＡＩグループ,0.8409951496435232,0.0,0.0
2024-07-23,U04_DATE_RESIDUAL_UPLIFT_K1,U04_DATE_RESIDUAL_UPLIFT,1,1,4078,堺化学⼯業,0.500185385365362,-0.5931612002791353,0.0
2024-07-24,U04_DATE_RESIDUAL_UPLIFT_K1,U04_DATE_RESIDUAL_UPLIFT,1,1,6594,ニデック,1.9953815912892954,0.02778549597111102,1.0
2024-07-25,U04_DATE_RESIDUAL_UPLIFT_K1,U04_DATE_RESIDUAL_UPLIFT,1,1,7213,レシップホールディングス,0.504068412189938,-2.2222222222222254,0.0
2024-07-26,U04_DATE_RESIDUAL_UPLIFT_K1,U04_DATE_RESIDUAL_UPLIFT,1,1,,,,,
2024-07-29,U04_DATE_RESIDUAL_UPLIFT_K1,U04_DATE_RESIDUAL_UPLIFT,1,1,,,,,
2024-07-30,U04_DATE_RESIDUAL_UPLIFT_K1,U04_DATE_RESIDUAL_UPLIFT,1,1,8886,ウッドフレンズ,0.500897615727215,,
2024-07-31,U04_DATE_RESIDUAL_UPLIFT_K1,U04_DATE_RESIDUAL_UPLIFT,1,1,6458,新晃⼯業,0.42062763452493734,5.405405405405395,1.0
2025-04-01,U04_DATE_RESIDUAL_UPLIFT_K1,U04_DATE_RESIDUAL_UPLIFT,1,1,9696,ウィザス,0.8833384840724126,-0.8181818181818179,0.0
2025-04-02,U04_DATE_RESIDUAL_UPLIFT_K1,U04_DATE_RESIDUAL_UPLIFT,1,1,,,,,
2025-04-03,U04_DATE_RESIDUAL_UPLIFT_K1,U04_DATE_RESIDUAL_UPLIFT,1,1,,,,,
2025-04-04,U04_DATE_RESIDUAL_UPLIFT_K1,U04_DATE_RESIDUAL_UPLIFT,1,1,7089,フォースタートアップス,1.1739317899267934,-2.200000000000002,0.0
2025-04-07,U04_DATE_RESIDUAL_UPLIFT_K1,U04_DATE_RESIDUAL_UPLIFT,1,1,146A,コロンビア・ワークス,0.5167322464586519,-0.9036144578313254,0.0
2025-04-08,U04_DATE_RESIDUAL_UPLIFT_K1,U04_DATE_RESIDUAL_UPLIFT,1,1,6694,ズーム,0.6760746633445773,5.38336052202284,1.0
2025-04-09,U04_DATE_RESIDUAL_UPLIFT_K1,U04_DATE_RESIDUAL_UPLIFT,1,1,,,,,
2025-04-10,U04_DATE_RESIDUAL_UPLIFT_K1,U04_DATE_RESIDUAL_UPLIFT,1,1,3758,アエリア,0.5288517626362266,0.92592592592593,1.0
2025-04-11,U04_DATE_RESIDUAL_UPLIFT_K1,U04_DATE_RESIDUAL_UPLIFT,1,1,2999,ホームポジション,0.40281014861615677,0.0,0.0
2025-04-14,U04_DATE_RESIDUAL_UPLIFT_K1,U04_DATE_RESIDUAL_UPLIFT,1,1,9778,昴,0.8821649505368208,0.0,0.0
2025-04-22,U04_DATE_RESIDUAL_UPLIFT_K1,U04_DATE_RESIDUAL_UPLIFT,1,1,,,,,
2025-04-23,U04_DATE_RESIDUAL_UPLIFT_K1,U04_DATE_RESIDUAL_UPLIFT,1,1,,,,,
2025-04-24,U04_DATE_RESIDUAL_UPLIFT_K1,U04_DATE_RESIDUAL_UPLIFT,1,1,1878,大東建託,0.8579141832029458,-0.19243104554201862,0.0
2025-04-25,U04_DATE_RESIDUAL_UPLIFT_K1,U04_DATE_RESIDUAL_UPLIFT,1,1,,,,,
2025-04-30,U04_DATE_RESIDUAL_UPLIFT_K1,U04_DATE_RESIDUAL_UPLIFT,1,1,5332,ＴＯＴＯ,1.0152168239427928,3.23809523809524,1.0
2025-05-01,U04_DATE_RESIDUAL_UPLIFT_K1,U04_DATE_RESIDUAL_UPLIFT,1,1,9206,スターフライヤー,0.46320647895564115,1.9991840065279431,1.0
2025-05-08,U04_DATE_RESIDUAL_UPLIFT_K1,U04_DATE_RESIDUAL_UPLIFT,1,1,,,,,
2025-05-09,U04_DATE_RESIDUAL_UPLIFT_K1,U04_DATE_RESIDUAL_UPLIFT,1,1,,,,,
2025-05-12,U04_DATE_RESIDUAL_UPLIFT_K1,U04_DATE_RESIDUAL_UPLIFT,1,1,7846,パイロットコーポレーション,1.6510382536250665,-0.975847767748228,0.0
2025-05-13,U04_DATE_RESIDUAL_UPLIFT_K1,U04_DATE_RESIDUAL_UPLIFT,1,1,5976,高周波熱錬,1.1557383252960425,0.0,0.0
2025-05-14,U04_DATE_RESIDUAL_UPLIFT_K1,U04_DATE_RESIDUAL_UPLIFT,1,1,4418,ＪＤＳＣ,0.8459106484601502,3.1182795698924792,1.0
2025-05-15,U04_DATE_RESIDUAL_UPLIFT_K1,U04_DATE_RESIDUAL_UPLIFT,1,1,7313,テイ・エス テック,1.533141301352965,-0.4878048780487809,0.0
2025-05-16,U04_DATE_RESIDUAL_UPLIFT_K1,U04_DATE_RESIDUAL_UPLIFT,1,1,9780,ハリマビステム,0.7506130144564982,-1.4084507042253502,0.0
2025-05-19,U04_DATE_RESIDUAL_UPLIFT_K1,U04_DATE_RESIDUAL_UPLIFT,1,1,4612,日本ペイントホールディングス,0.42096594747207156,0.8506616257088817,1.0
2025-05-20,U04_DATE_RESIDUAL_UPLIFT_K1,U04_DATE_RESIDUAL_UPLIFT,1,1,,,,,
2025-05-21,U04_DATE_RESIDUAL_UPLIFT_K1,U04_DATE_RESIDUAL_UPLIFT,1,1,,,,,
2025-05-27,U04_DATE_RESIDUAL_UPLIFT_K1,U04_DATE_RESIDUAL_UPLIFT,1,1,,,,,
2025-05-28,U04_DATE_RESIDUAL_UPLIFT_K1,U04_DATE_RESIDUAL_UPLIFT,1,1,5939,大⾕⼯業,0.6668372424840722,2.0408163265306145,1.0
2025-05-29,U04_DATE_RESIDUAL_UPLIFT_K1,U04_DATE_RESIDUAL_UPLIFT,1,1,,,,,
2025-05-30,U04_DATE_RESIDUAL_UPLIFT_K1,U04_DATE_RESIDUAL_UPLIFT,1,1,7202,いすゞ自動車,1.4716777266008627,2.243673362901122,1.0
2025-06-02,U04_DATE_RESIDUAL_UPLIFT_K1,U04_DATE_RESIDUAL_UPLIFT,1,1,6973,協栄産業,1.77311834021655,0.0,0.0
2025-06-03,U04_DATE_RESIDUAL_UPLIFT_K1,U04_DATE_RESIDUAL_UPLIFT,1,1,,,,,
2025-06-04,U04_DATE_RESIDUAL_UPLIFT_K1,U04_DATE_RESIDUAL_UPLIFT,1,1,6201,豊⽥自動織機,0.4263586017172265,1.2812499999999893,1.0
2025-06-05,U04_DATE_RESIDUAL_UPLIFT_K1,U04_DATE_RESIDUAL_UPLIFT,1,1,,,,,
2025-06-06,U04_DATE_RESIDUAL_UPLIFT_K1,U04_DATE_RESIDUAL_UPLIFT,1,1,,,,,
2025-06-09,U04_DATE_RESIDUAL_UPLIFT_K1,U04_DATE_RESIDUAL_UPLIFT,1,1,3662,エイチームホールディングス,0.63596015602506,-3.650793650793649,0.0
2025-06-10,U04_DATE_RESIDUAL_UPLIFT_K1,U04_DATE_RESIDUAL_UPLIFT,1,1,9444,トーシンホールディングス,0.64766636475608,0.32102728731941976,1.0
2025-06-11,U04_DATE_RESIDUAL_UPLIFT_K1,U04_DATE_RESIDUAL_UPLIFT,1,1,,,,,
2025-06-12,U04_DATE_RESIDUAL_UPLIFT_K1,U04_DATE_RESIDUAL_UPLIFT,1,1,,,,,
2025-06-13,U04_DATE_RESIDUAL_UPLIFT_K1,U04_DATE_RESIDUAL_UPLIFT,1,1,7022,サノヤスホールディングス,0.4685277918215013,1.4814814814814836,1.0
2025-06-17,U04_DATE_RESIDUAL_UPLIFT_K1,U04_DATE_RESIDUAL_UPLIFT,1,1,3688,ＣＡＲＴＡ ＨＯＬＤＩＮＧＳ,1.7258419962923088,0.0,0.0
2025-06-18,U04_DATE_RESIDUAL_UPLIFT_K1,U04_DATE_RESIDUAL_UPLIFT,1,1,,,,,
2025-06-19,U04_DATE_RESIDUAL_UPLIFT_K1,U04_DATE_RESIDUAL_UPLIFT,1,1,6371,椿本チエイン,0.617577120880262,-0.7847533632286963,0.0
2025-06-20,U04_DATE_RESIDUAL_UPLIFT_K1,U04_DATE_RESIDUAL_UPLIFT,1,1,,,,,
2025-06-24,U04_DATE_RESIDUAL_UPLIFT_K1,U04_DATE_RESIDUAL_UPLIFT,1,1,,,,,
2025-06-25,U04_DATE_RESIDUAL_UPLIFT_K1,U04_DATE_RESIDUAL_UPLIFT,1,1,4732,ユー・エス・エス,1.084154897450415,-0.09646302250804206,0.0
2025-06-26,U04_DATE_RESIDUAL_UPLIFT_K1,U04_DATE_RESIDUAL_UPLIFT,1,1,,,,,
2025-06-27,U04_DATE_RESIDUAL_UPLIFT_K1,U04_DATE_RESIDUAL_UPLIFT,1,1,6198,キャリア,0.42556709460286557,0.0,0.0
2025-06-30,U04_DATE_RESIDUAL_UPLIFT_K1,U04_DATE_RESIDUAL_UPLIFT,1,1,7060,ギークス,1.3449556002681025,5.624999999999991,1.0
2025-07-01,U04_DATE_RESIDUAL_UPLIFT_K1,U04_DATE_RESIDUAL_UPLIFT,1,1,9386,日本コンセプト,0.7786602116160849,0.0,0.0
2025-07-02,U04_DATE_RESIDUAL_UPLIFT_K1,U04_DATE_RESIDUAL_UPLIFT,1,1,195A,ＭＵＳＣＡＴ ＧＲＯＵＰ,0.4001855080903091,-1.688182720953324,0.0
2025-07-07,U04_DATE_RESIDUAL_UPLIFT_K1,U04_DATE_RESIDUAL_UPLIFT,1,1,,,,,
2025-07-08,U04_DATE_RESIDUAL_UPLIFT_K1,U04_DATE_RESIDUAL_UPLIFT,1,1,5463,丸一鋼管,0.7688684864301558,0.5932203389830581,1.0
2025-07-09,U04_DATE_RESIDUAL_UPLIFT_K1,U04_DATE_RESIDUAL_UPLIFT,1,1,,,,,
2025-07-10,U04_DATE_RESIDUAL_UPLIFT_K1,U04_DATE_RESIDUAL_UPLIFT,1,1,,,,,
2025-07-11,U04_DATE_RESIDUAL_UPLIFT_K1,U04_DATE_RESIDUAL_UPLIFT,1,1,4530,久光製薬,0.7456770119110014,-0.3039513677811523,0.0
2025-07-14,U04_DATE_RESIDUAL_UPLIFT_K1,U04_DATE_RESIDUAL_UPLIFT,1,1,4465,ニイタカ,0.5828415207664731,-1.8339768339768359,0.0
2025-07-15,U04_DATE_RESIDUAL_UPLIFT_K1,U04_DATE_RESIDUAL_UPLIFT,1,1,3073,ＤＤグループ,1.3149963540556937,0.05899705014749124,1.0
2025-07-16,U04_DATE_RESIDUAL_UPLIFT_K1,U04_DATE_RESIDUAL_UPLIFT,1,1,,,,,
2025-07-23,U04_DATE_RESIDUAL_UPLIFT_K1,U04_DATE_RESIDUAL_UPLIFT,1,1,7818,トランザクション,0.7586355968058794,0.8957654723126929,1.0
2025-07-24,U04_DATE_RESIDUAL_UPLIFT_K1,U04_DATE_RESIDUAL_UPLIFT,1,1,,,,,
2025-07-25,U04_DATE_RESIDUAL_UPLIFT_K1,U04_DATE_RESIDUAL_UPLIFT,1,1,,,,,
2025-07-28,U04_DATE_RESIDUAL_UPLIFT_K1,U04_DATE_RESIDUAL_UPLIFT,1,1,6338,タカトリ,0.8221683735260857,-0.37336652146857663,0.0
2025-07-29,U04_DATE_RESIDUAL_UPLIFT_K1,U04_DATE_RESIDUAL_UPLIFT,1,1,,,,,
2025-07-30,U04_DATE_RESIDUAL_UPLIFT_K1,U04_DATE_RESIDUAL_UPLIFT,1,1,4498,サイバートラスト,0.9125406636754745,-0.9589041095890427,0.0
2025-07-31,U04_DATE_RESIDUAL_UPLIFT_K1,U04_DATE_RESIDUAL_UPLIFT,1,1,4114,日本触媒,1.1785764623560444,0.49722140976893314,1.0
2024-07-01,U04_DATE_RESIDUAL_UPLIFT_K2,U04_DATE_RESIDUAL_UPLIFT,2,1,3646,駅探,0.4576904627342884,0.4683840749414525,1.0
2024-07-01,U04_DATE_RESIDUAL_UPLIFT_K2,U04_DATE_RESIDUAL_UPLIFT,2,2,4967,小林製薬,0.4491835669301252,1.9230769230769162,1.0
2024-07-02,U04_DATE_RESIDUAL_UPLIFT_K2,U04_DATE_RESIDUAL_UPLIFT,2,1,1946,トーエネック,1.5551278532311317,-2.9090909090909056,0.0
2024-07-02,U04_DATE_RESIDUAL_UPLIFT_K2,U04_DATE_RESIDUAL_UPLIFT,2,2,,,,,
2024-07-03,U04_DATE_RESIDUAL_UPLIFT_K2,U04_DATE_RESIDUAL_UPLIFT,2,1,5208,有沢製作所,0.522890469004706,0.8160703075957398,1.0
2024-07-03,U04_DATE_RESIDUAL_UPLIFT_K2,U04_DATE_RESIDUAL_UPLIFT,2,2,,,,,
2024-07-04,U04_DATE_RESIDUAL_UPLIFT_K2,U04_DATE_RESIDUAL_UPLIFT,2,1,,,,,
2024-07-04,U04_DATE_RESIDUAL_UPLIFT_K2,U04_DATE_RESIDUAL_UPLIFT,2,2,,,,,
2024-07-05,U04_DATE_RESIDUAL_UPLIFT_K2,U04_DATE_RESIDUAL_UPLIFT,2,1,,,,,
2024-07-05,U04_DATE_RESIDUAL_UPLIFT_K2,U04_DATE_RESIDUAL_UPLIFT,2,2,,,,,
2024-07-08,U04_DATE_RESIDUAL_UPLIFT_K2,U04_DATE_RESIDUAL_UPLIFT,2,1,2659,サンエー,0.8560649692648613,-3.6633663366336666,0.0
2024-07-08,U04_DATE_RESIDUAL_UPLIFT_K2,U04_DATE_RESIDUAL_UPLIFT,2,2,3391,ツルハホールディングス,0.42469107701870223,0.2850877192982493,1.0
2024-07-09,U04_DATE_RESIDUAL_UPLIFT_K2,U04_DATE_RESIDUAL_UPLIFT,2,1,2654,アスモ,0.6037223920479325,0.0,0.0
2024-07-09,U04_DATE_RESIDUAL_UPLIFT_K2,U04_DATE_RESIDUAL_UPLIFT,2,2,,,,,
2024-07-10,U04_DATE_RESIDUAL_UPLIFT_K2,U04_DATE_RESIDUAL_UPLIFT,2,1,6098,リクルートホールディングス,1.2682558158943649,2.529729729729735,1.0
2024-07-10,U04_DATE_RESIDUAL_UPLIFT_K2,U04_DATE_RESIDUAL_UPLIFT,2,2,,,,,
2024-07-11,U04_DATE_RESIDUAL_UPLIFT_K2,U04_DATE_RESIDUAL_UPLIFT,2,1,6525,ＫＯＫＵＳＡＩ ＥＬＥＣＴＲＩＣ,1.3630912497009389,0.9090909090909038,1.0
2024-07-11,U04_DATE_RESIDUAL_UPLIFT_K2,U04_DATE_RESIDUAL_UPLIFT,2,2,,,,,
2024-07-12,U04_DATE_RESIDUAL_UPLIFT_K2,U04_DATE_RESIDUAL_UPLIFT,2,1,4443,Ｓａｎｓａｎ,1.2166727536140942,0.0,0.0
2024-07-12,U04_DATE_RESIDUAL_UPLIFT_K2,U04_DATE_RESIDUAL_UPLIFT,2,2,2998,クリアル,0.5072808576742033,8.94941634241244,1.0
2024-07-16,U04_DATE_RESIDUAL_UPLIFT_K2,U04_DATE_RESIDUAL_UPLIFT,2,1,2722,ＩＫホールディングス,1.9288982501400365,0.0,0.0
2024-07-16,U04_DATE_RESIDUAL_UPLIFT_K2,U04_DATE_RESIDUAL_UPLIFT,2,2,7638,ＮＥＷ ＡＲＴ ＨＯＬＤＩＮＧＳ,0.9699084938350798,1.9075144508670538,1.0
2024-07-17,U04_DATE_RESIDUAL_UPLIFT_K2,U04_DATE_RESIDUAL_UPLIFT,2,1,3810,サイバーステップ,0.5446729901707223,0.8695652173912993,1.0
2024-07-17,U04_DATE_RESIDUAL_UPLIFT_K2,U04_DATE_RESIDUAL_UPLIFT,2,2,4577,ダイト,0.47446348020755635,-1.0914051841746208,0.0
2024-07-18,U04_DATE_RESIDUAL_UPLIFT_K2,U04_DATE_RESIDUAL_UPLIFT,2,1,1866,北野建設,0.4870005646737564,1.5471167369901506,1.0
2024-07-18,U04_DATE_RESIDUAL_UPLIFT_K2,U04_DATE_RESIDUAL_UPLIFT,2,2,,,,,
2024-07-19,U04_DATE_RESIDUAL_UPLIFT_K2,U04_DATE_RESIDUAL_UPLIFT,2,1,,,,,
2024-07-19,U04_DATE_RESIDUAL_UPLIFT_K2,U04_DATE_RESIDUAL_UPLIFT,2,2,,,,,
2024-07-22,U04_DATE_RESIDUAL_UPLIFT_K2,U04_DATE_RESIDUAL_UPLIFT,2,1,6557,ＡＩＡＩグループ,0.8409951496435232,0.0,0.0
2024-07-22,U04_DATE_RESIDUAL_UPLIFT_K2,U04_DATE_RESIDUAL_UPLIFT,2,2,5809,タツタ電線,0.4389008114018159,-2.652519893899208,0.0
2024-07-23,U04_DATE_RESIDUAL_UPLIFT_K2,U04_DATE_RESIDUAL_UPLIFT,2,1,4078,堺化学⼯業,0.500185385365362,-0.5931612002791353,0.0
2024-07-23,U04_DATE_RESIDUAL_UPLIFT_K2,U04_DATE_RESIDUAL_UPLIFT,2,2,,,,,
2024-07-24,U04_DATE_RESIDUAL_UPLIFT_K2,U04_DATE_RESIDUAL_UPLIFT,2,1,6594,ニデック,1.9953815912892954,0.02778549597111102,1.0
2024-07-24,U04_DATE_RESIDUAL_UPLIFT_K2,U04_DATE_RESIDUAL_UPLIFT,2,2,9367,大東港運,0.7762560370355435,0.496277915632759,1.0
2024-07-25,U04_DATE_RESIDUAL_UPLIFT_K2,U04_DATE_RESIDUAL_UPLIFT,2,1,7213,レシップホールディングス,0.504068412189938,-2.2222222222222254,0.0
2024-07-25,U04_DATE_RESIDUAL_UPLIFT_K2,U04_DATE_RESIDUAL_UPLIFT,2,2,4684,オービック,0.46185431401290544,3.0583873957367835,1.0
2024-07-26,U04_DATE_RESIDUAL_UPLIFT_K2,U04_DATE_RESIDUAL_UPLIFT,2,1,,,,,
2024-07-26,U04_DATE_RESIDUAL_UPLIFT_K2,U04_DATE_RESIDUAL_UPLIFT,2,2,,,,,
2024-07-29,U04_DATE_RESIDUAL_UPLIFT_K2,U04_DATE_RESIDUAL_UPLIFT,2,1,,,,,
2024-07-29,U04_DATE_RESIDUAL_UPLIFT_K2,U04_DATE_RESIDUAL_UPLIFT,2,2,,,,,
2024-07-30,U04_DATE_RESIDUAL_UPLIFT_K2,U04_DATE_RESIDUAL_UPLIFT,2,1,8886,ウッドフレンズ,0.500897615727215,,
2024-07-30,U04_DATE_RESIDUAL_UPLIFT_K2,U04_DATE_RESIDUAL_UPLIFT,2,2,,,,,
2024-07-31,U04_DATE_RESIDUAL_UPLIFT_K2,U04_DATE_RESIDUAL_UPLIFT,2,1,6458,新晃⼯業,0.42062763452493734,5.405405405405395,1.0
2024-07-31,U04_DATE_RESIDUAL_UPLIFT_K2,U04_DATE_RESIDUAL_UPLIFT,2,2,,,,,
2025-04-01,U04_DATE_RESIDUAL_UPLIFT_K2,U04_DATE_RESIDUAL_UPLIFT,2,1,9696,ウィザス,0.8833384840724126,-0.8181818181818179,0.0
2025-04-01,U04_DATE_RESIDUAL_UPLIFT_K2,U04_DATE_RESIDUAL_UPLIFT,2,2,,,,,
2025-04-02,U04_DATE_RESIDUAL_UPLIFT_K2,U04_DATE_RESIDUAL_UPLIFT,2,1,,,,,
2025-04-02,U04_DATE_RESIDUAL_UPLIFT_K2,U04_DATE_RESIDUAL_UPLIFT,2,2,,,,,
2025-04-03,U04_DATE_RESIDUAL_UPLIFT_K2,U04_DATE_RESIDUAL_UPLIFT,2,1,,,,,
2025-04-03,U04_DATE_RESIDUAL_UPLIFT_K2,U04_DATE_RESIDUAL_UPLIFT,2,2,,,,,
2025-04-04,U04_DATE_RESIDUAL_UPLIFT_K2,U04_DATE_RESIDUAL_UPLIFT,2,1,7089,フォースタートアップス,1.1739317899267934,-2.200000000000002,0.0
2025-04-04,U04_DATE_RESIDUAL_UPLIFT_K2,U04_DATE_RESIDUAL_UPLIFT,2,2,,,,,
2025-04-07,U04_DATE_RESIDUAL_UPLIFT_K2,U04_DATE_RESIDUAL_UPLIFT,2,1,146A,コロンビア・ワークス,0.5167322464586519,-0.9036144578313254,0.0
2025-04-07,U04_DATE_RESIDUAL_UPLIFT_K2,U04_DATE_RESIDUAL_UPLIFT,2,2,3498,霞ヶ関キャピタル,0.4591391541715108,4.694323144104806,1.0
2025-04-08,U04_DATE_RESIDUAL_UPLIFT_K2,U04_DATE_RESIDUAL_UPLIFT,2,1,6694,ズーム,0.6760746633445773,5.38336052202284,1.0
2025-04-08,U04_DATE_RESIDUAL_UPLIFT_K2,U04_DATE_RESIDUAL_UPLIFT,2,2,5491,日本金属,0.6103267996000179,-0.7233273056057921,0.0
2025-04-09,U04_DATE_RESIDUAL_UPLIFT_K2,U04_DATE_RESIDUAL_UPLIFT,2,1,,,,,
2025-04-09,U04_DATE_RESIDUAL_UPLIFT_K2,U04_DATE_RESIDUAL_UPLIFT,2,2,,,,,
2025-04-10,U04_DATE_RESIDUAL_UPLIFT_K2,U04_DATE_RESIDUAL_UPLIFT,2,1,3758,アエリア,0.5288517626362266,0.92592592592593,1.0
2025-04-10,U04_DATE_RESIDUAL_UPLIFT_K2,U04_DATE_RESIDUAL_UPLIFT,2,2,,,,,
2025-04-11,U04_DATE_RESIDUAL_UPLIFT_K2,U04_DATE_RESIDUAL_UPLIFT,2,1,2999,ホームポジション,0.40281014861615677,0.0,0.0
2025-04-11,U04_DATE_RESIDUAL_UPLIFT_K2,U04_DATE_RESIDUAL_UPLIFT,2,2,,,,,
2025-04-14,U04_DATE_RESIDUAL_UPLIFT_K2,U04_DATE_RESIDUAL_UPLIFT,2,1,9778,昴,0.8821649505368208,0.0,0.0
2025-04-14,U04_DATE_RESIDUAL_UPLIFT_K2,U04_DATE_RESIDUAL_UPLIFT,2,2,7450,サンデー,0.4216688436525449,0.8204193254329972,1.0
2025-04-22,U04_DATE_RESIDUAL_UPLIFT_K2,U04_DATE_RESIDUAL_UPLIFT,2,1,,,,,
2025-04-22,U04_DATE_RESIDUAL_UPLIFT_K2,U04_DATE_RESIDUAL_UPLIFT,2,2,,,,,
2025-04-23,U04_DATE_RESIDUAL_UPLIFT_K2,U04_DATE_RESIDUAL_UPLIFT,2,1,,,,,
2025-04-23,U04_DATE_RESIDUAL_UPLIFT_K2,U04_DATE_RESIDUAL_UPLIFT,2,2,,,,,
2025-04-24,U04_DATE_RESIDUAL_UPLIFT_K2,U04_DATE_RESIDUAL_UPLIFT,2,1,1878,大東建託,0.8579141832029458,-0.19243104554201862,0.0
2025-04-24,U04_DATE_RESIDUAL_UPLIFT_K2,U04_DATE_RESIDUAL_UPLIFT,2,2,,,,,
2025-04-25,U04_DATE_RESIDUAL_UPLIFT_K2,U04_DATE_RESIDUAL_UPLIFT,2,1,,,,,
2025-04-25,U04_DATE_RESIDUAL_UPLIFT_K2,U04_DATE_RESIDUAL_UPLIFT,2,2,,,,,
2025-04-30,U04_DATE_RESIDUAL_UPLIFT_K2,U04_DATE_RESIDUAL_UPLIFT,2,1,5332,ＴＯＴＯ,1.0152168239427928,3.23809523809524,1.0
2025-04-30,U04_DATE_RESIDUAL_UPLIFT_K2,U04_DATE_RESIDUAL_UPLIFT,2,2,8281,ゼビオホールディングス,0.6418143511250691,0.9273570324574987,1.0
2025-05-01,U04_DATE_RESIDUAL_UPLIFT_K2,U04_DATE_RESIDUAL_UPLIFT,2,1,9206,スターフライヤー,0.46320647895564115,1.9991840065279431,1.0
2025-05-01,U04_DATE_RESIDUAL_UPLIFT_K2,U04_DATE_RESIDUAL_UPLIFT,2,2,,,,,
2025-05-08,U04_DATE_RESIDUAL_UPLIFT_K2,U04_DATE_RESIDUAL_UPLIFT,2,1,,,,,
2025-05-08,U04_DATE_RESIDUAL_UPLIFT_K2,U04_DATE_RESIDUAL_UPLIFT,2,2,,,,,
2025-05-09,U04_DATE_RESIDUAL_UPLIFT_K2,U04_DATE_RESIDUAL_UPLIFT,2,1,,,,,
2025-05-09,U04_DATE_RESIDUAL_UPLIFT_K2,U04_DATE_RESIDUAL_UPLIFT,2,2,,,,,
2025-05-12,U04_DATE_RESIDUAL_UPLIFT_K2,U04_DATE_RESIDUAL_UPLIFT,2,1,7846,パイロットコーポレーション,1.6510382536250665,-0.975847767748228,0.0
2025-05-12,U04_DATE_RESIDUAL_UPLIFT_K2,U04_DATE_RESIDUAL_UPLIFT,2,2,6877,ＯＢＡＲＡ ＧＲＯＵＰ,1.3670472378490237,6.392045454545459,1.0
2025-05-13,U04_DATE_RESIDUAL_UPLIFT_K2,U04_DATE_RESIDUAL_UPLIFT,2,1,5976,高周波熱錬,1.1557383252960425,0.0,0.0
2025-05-13,U04_DATE_RESIDUAL_UPLIFT_K2,U04_DATE_RESIDUAL_UPLIFT,2,2,9006,京浜急行電鉄,0.824314471001425,-0.8191349934469239,0.0
2025-05-14,U04_DATE_RESIDUAL_UPLIFT_K2,U04_DATE_RESIDUAL_UPLIFT,2,1,4418,ＪＤＳＣ,0.8459106484601502,3.1182795698924792,1.0
2025-05-14,U04_DATE_RESIDUAL_UPLIFT_K2,U04_DATE_RESIDUAL_UPLIFT,2,2,1925,大和ハウス⼯業,0.47927124281970557,1.1649294911097563,1.0
2025-05-15,U04_DATE_RESIDUAL_UPLIFT_K2,U04_DATE_RESIDUAL_UPLIFT,2,1,7313,テイ・エス テック,1.533141301352965,-0.4878048780487809,0.0
2025-05-15,U04_DATE_RESIDUAL_UPLIFT_K2,U04_DATE_RESIDUAL_UPLIFT,2,2,9401,ＴＢＳホールディングス,1.3172395827875893,0.26654820079965447,1.0
2025-05-16,U04_DATE_RESIDUAL_UPLIFT_K2,U04_DATE_RESIDUAL_UPLIFT,2,1,9780,ハリマビステム,0.7506130144564982,-1.4084507042253502,0.0
2025-05-16,U04_DATE_RESIDUAL_UPLIFT_K2,U04_DATE_RESIDUAL_UPLIFT,2,2,3726,フォーシーズＨＤ,0.5077656890630687,5.215827338129486,1.0
2025-05-19,U04_DATE_RESIDUAL_UPLIFT_K2,U04_DATE_RESIDUAL_UPLIFT,2,1,4612,日本ペイントホールディングス,0.42096594747207156,0.8506616257088817,1.0
2025-05-19,U04_DATE_RESIDUAL_UPLIFT_K2,U04_DATE_RESIDUAL_UPLIFT,2,2,,,,,
2025-05-20,U04_DATE_RESIDUAL_UPLIFT_K2,U04_DATE_RESIDUAL_UPLIFT,2,1,,,,,
2025-05-20,U04_DATE_RESIDUAL_UPLIFT_K2,U04_DATE_RESIDUAL_UPLIFT,2,2,,,,,
2025-05-21,U04_DATE_RESIDUAL_UPLIFT_K2,U04_DATE_RESIDUAL_UPLIFT,2,1,,,,,
2025-05-21,U04_DATE_RESIDUAL_UPLIFT_K2,U04_DATE_RESIDUAL_UPLIFT,2,2,,,,,
2025-05-27,U04_DATE_RESIDUAL_UPLIFT_K2,U04_DATE_RESIDUAL_UPLIFT,2,1,,,,,
2025-05-27,U04_DATE_RESIDUAL_UPLIFT_K2,U04_DATE_RESIDUAL_UPLIFT,2,2,,,,,
2025-05-28,U04_DATE_RESIDUAL_UPLIFT_K2,U04_DATE_RESIDUAL_UPLIFT,2,1,5939,大⾕⼯業,0.6668372424840722,2.0408163265306145,1.0
2025-05-28,U04_DATE_RESIDUAL_UPLIFT_K2,U04_DATE_RESIDUAL_UPLIFT,2,2,,,,,
2025-05-29,U04_DATE_RESIDUAL_UPLIFT_K2,U04_DATE_RESIDUAL_UPLIFT,2,1,,,,,
2025-05-29,U04_DATE_RESIDUAL_UPLIFT_K2,U04_DATE_RESIDUAL_UPLIFT,2,2,,,,,
2025-05-30,U04_DATE_RESIDUAL_UPLIFT_K2,U04_DATE_RESIDUAL_UPLIFT,2,1,7202,いすゞ自動車,1.4716777266008627,2.243673362901122,1.0
2025-05-30,U04_DATE_RESIDUAL_UPLIFT_K2,U04_DATE_RESIDUAL_UPLIFT,2,2,7163,住信ＳＢＩネット銀行,0.5274615760014797,0.0,0.0
2025-06-02,U04_DATE_RESIDUAL_UPLIFT_K2,U04_DATE_RESIDUAL_UPLIFT,2,1,6973,協栄産業,1.77311834021655,0.0,0.0
2025-06-02,U04_DATE_RESIDUAL_UPLIFT_K2,U04_DATE_RESIDUAL_UPLIFT,2,2,7984,コクヨ,0.7488241982640217,1.441383728379253,1.0
2025-06-03,U04_DATE_RESIDUAL_UPLIFT_K2,U04_DATE_RESIDUAL_UPLIFT,2,1,,,,,
2025-06-03,U04_DATE_RESIDUAL_UPLIFT_K2,U04_DATE_RESIDUAL_UPLIFT,2,2,,,,,
2025-06-04,U04_DATE_RESIDUAL_UPLIFT_K2,U04_DATE_RESIDUAL_UPLIFT,2,1,6201,豊⽥自動織機,0.4263586017172265,1.2812499999999893,1.0
2025-06-04,U04_DATE_RESIDUAL_UPLIFT_K2,U04_DATE_RESIDUAL_UPLIFT,2,2,,,,,
2025-06-05,U04_DATE_RESIDUAL_UPLIFT_K2,U04_DATE_RESIDUAL_UPLIFT,2,1,,,,,
2025-06-05,U04_DATE_RESIDUAL_UPLIFT_K2,U04_DATE_RESIDUAL_UPLIFT,2,2,,,,,
2025-06-06,U04_DATE_RESIDUAL_UPLIFT_K2,U04_DATE_RESIDUAL_UPLIFT,2,1,,,,,
2025-06-06,U04_DATE_RESIDUAL_UPLIFT_K2,U04_DATE_RESIDUAL_UPLIFT,2,2,,,,,
2025-06-09,U04_DATE_RESIDUAL_UPLIFT_K2,U04_DATE_RESIDUAL_UPLIFT,2,1,3662,エイチームホールディングス,0.63596015602506,-3.650793650793649,0.0
2025-06-09,U04_DATE_RESIDUAL_UPLIFT_K2,U04_DATE_RESIDUAL_UPLIFT,2,2,7605,フジ・コーポレーション,0.5722861751440754,0.0,0.0
2025-06-10,U04_DATE_RESIDUAL_UPLIFT_K2,U04_DATE_RESIDUAL_UPLIFT,2,1,9444,トーシンホールディングス,0.64766636475608,0.32102728731941976,1.0
2025-06-10,U04_DATE_RESIDUAL_UPLIFT_K2,U04_DATE_RESIDUAL_UPLIFT,2,2,9696,ウィザス,0.5316694171455264,-0.15503875968991832,0.0
2025-06-11,U04_DATE_RESIDUAL_UPLIFT_K2,U04_DATE_RESIDUAL_UPLIFT,2,1,,,,,
2025-06-11,U04_DATE_RESIDUAL_UPLIFT_K2,U04_DATE_RESIDUAL_UPLIFT,2,2,,,,,
2025-06-12,U04_DATE_RESIDUAL_UPLIFT_K2,U04_DATE_RESIDUAL_UPLIFT,2,1,,,,,
2025-06-12,U04_DATE_RESIDUAL_UPLIFT_K2,U04_DATE_RESIDUAL_UPLIFT,2,2,,,,,
2025-06-13,U04_DATE_RESIDUAL_UPLIFT_K2,U04_DATE_RESIDUAL_UPLIFT,2,1,7022,サノヤスホールディングス,0.4685277918215013,1.4814814814814836,1.0
2025-06-13,U04_DATE_RESIDUAL_UPLIFT_K2,U04_DATE_RESIDUAL_UPLIFT,2,2,8267,イオン,0.40066265603639306,2.7957486136783727,1.0
2025-06-17,U04_DATE_RESIDUAL_UPLIFT_K2,U04_DATE_RESIDUAL_UPLIFT,2,1,3688,ＣＡＲＴＡ ＨＯＬＤＩＮＧＳ,1.7258419962923088,0.0,0.0
2025-06-17,U04_DATE_RESIDUAL_UPLIFT_K2,U04_DATE_RESIDUAL_UPLIFT,2,2,6297,鉱研⼯業,0.775540033654287,0.0,0.0
2025-06-18,U04_DATE_RESIDUAL_UPLIFT_K2,U04_DATE_RESIDUAL_UPLIFT,2,1,,,,,
2025-06-18,U04_DATE_RESIDUAL_UPLIFT_K2,U04_DATE_RESIDUAL_UPLIFT,2,2,,,,,
2025-06-19,U04_DATE_RESIDUAL_UPLIFT_K2,U04_DATE_RESIDUAL_UPLIFT,2,1,6371,椿本チエイン,0.617577120880262,-0.7847533632286963,0.0
2025-06-19,U04_DATE_RESIDUAL_UPLIFT_K2,U04_DATE_RESIDUAL_UPLIFT,2,2,3480,ジェイ・エス・ビー,0.42577697936657,1.7832647462277196,1.0
2025-06-20,U04_DATE_RESIDUAL_UPLIFT_K2,U04_DATE_RESIDUAL_UPLIFT,2,1,,,,,
2025-06-20,U04_DATE_RESIDUAL_UPLIFT_K2,U04_DATE_RESIDUAL_UPLIFT,2,2,,,,,
2025-06-24,U04_DATE_RESIDUAL_UPLIFT_K2,U04_DATE_RESIDUAL_UPLIFT,2,1,,,,,
2025-06-24,U04_DATE_RESIDUAL_UPLIFT_K2,U04_DATE_RESIDUAL_UPLIFT,2,2,,,,,
2025-06-25,U04_DATE_RESIDUAL_UPLIFT_K2,U04_DATE_RESIDUAL_UPLIFT,2,1,4732,ユー・エス・エス,1.084154897450415,-0.09646302250804206,0.0
2025-06-25,U04_DATE_RESIDUAL_UPLIFT_K2,U04_DATE_RESIDUAL_UPLIFT,2,2,,,,,
2025-06-26,U04_DATE_RESIDUAL_UPLIFT_K2,U04_DATE_RESIDUAL_UPLIFT,2,1,,,,,
2025-06-26,U04_DATE_RESIDUAL_UPLIFT_K2,U04_DATE_RESIDUAL_UPLIFT,2,2,,,,,
2025-06-27,U04_DATE_RESIDUAL_UPLIFT_K2,U04_DATE_RESIDUAL_UPLIFT,2,1,6198,キャリア,0.42556709460286557,0.0,0.0
2025-06-27,U04_DATE_RESIDUAL_UPLIFT_K2,U04_DATE_RESIDUAL_UPLIFT,2,2,,,,,
2025-06-30,U04_DATE_RESIDUAL_UPLIFT_K2,U04_DATE_RESIDUAL_UPLIFT,2,1,7060,ギークス,1.3449556002681025,5.624999999999991,1.0
2025-06-30,U04_DATE_RESIDUAL_UPLIFT_K2,U04_DATE_RESIDUAL_UPLIFT,2,2,,,,,
2025-07-01,U04_DATE_RESIDUAL_UPLIFT_K2,U04_DATE_RESIDUAL_UPLIFT,2,1,9386,日本コンセプト,0.7786602116160849,0.0,0.0
2025-07-01,U04_DATE_RESIDUAL_UPLIFT_K2,U04_DATE_RESIDUAL_UPLIFT,2,2,,,,,
2025-07-02,U04_DATE_RESIDUAL_UPLIFT_K2,U04_DATE_RESIDUAL_UPLIFT,2,1,195A,ＭＵＳＣＡＴ ＧＲＯＵＰ,0.4001855080903091,-1.688182720953324,0.0
2025-07-02,U04_DATE_RESIDUAL_UPLIFT_K2,U04_DATE_RESIDUAL_UPLIFT,2,2,,,,,
2025-07-07,U04_DATE_RESIDUAL_UPLIFT_K2,U04_DATE_RESIDUAL_UPLIFT,2,1,,,,,
2025-07-07,U04_DATE_RESIDUAL_UPLIFT_K2,U04_DATE_RESIDUAL_UPLIFT,2,2,,,,,
2025-07-08,U04_DATE_RESIDUAL_UPLIFT_K2,U04_DATE_RESIDUAL_UPLIFT,2,1,5463,丸一鋼管,0.7688684864301558,0.5932203389830581,1.0
2025-07-08,U04_DATE_RESIDUAL_UPLIFT_K2,U04_DATE_RESIDUAL_UPLIFT,2,2,,,,,
2025-07-09,U04_DATE_RESIDUAL_UPLIFT_K2,U04_DATE_RESIDUAL_UPLIFT,2,1,,,,,
2025-07-09,U04_DATE_RESIDUAL_UPLIFT_K2,U04_DATE_RESIDUAL_UPLIFT,2,2,,,,,
2025-07-10,U04_DATE_RESIDUAL_UPLIFT_K2,U04_DATE_RESIDUAL_UPLIFT,2,1,,,,,
2025-07-10,U04_DATE_RESIDUAL_UPLIFT_K2,U04_DATE_RESIDUAL_UPLIFT,2,2,,,,,
2025-07-11,U04_DATE_RESIDUAL_UPLIFT_K2,U04_DATE_RESIDUAL_UPLIFT,2,1,4530,久光製薬,0.7456770119110014,-0.3039513677811523,0.0
2025-07-11,U04_DATE_RESIDUAL_UPLIFT_K2,U04_DATE_RESIDUAL_UPLIFT,2,2,3697,ＳＨＩＦＴ,0.5664055928950824,-4.557042702358194,0.0
2025-07-14,U04_DATE_RESIDUAL_UPLIFT_K2,U04_DATE_RESIDUAL_UPLIFT,2,1,4465,ニイタカ,0.5828415207664731,-1.8339768339768359,0.0
2025-07-14,U04_DATE_RESIDUAL_UPLIFT_K2,U04_DATE_RESIDUAL_UPLIFT,2,2,3697,ＳＨＩＦＴ,0.4932585484971855,2.503337783711612,1.0
2025-07-15,U04_DATE_RESIDUAL_UPLIFT_K2,U04_DATE_RESIDUAL_UPLIFT,2,1,3073,ＤＤグループ,1.3149963540556937,0.05899705014749124,1.0
2025-07-15,U04_DATE_RESIDUAL_UPLIFT_K2,U04_DATE_RESIDUAL_UPLIFT,2,2,6312,フロイント産業,1.1099765360676765,0.0,0.0
2025-07-16,U04_DATE_RESIDUAL_UPLIFT_K2,U04_DATE_RESIDUAL_UPLIFT,2,1,,,,,
2025-07-16,U04_DATE_RESIDUAL_UPLIFT_K2,U04_DATE_RESIDUAL_UPLIFT,2,2,,,,,
2025-07-23,U04_DATE_RESIDUAL_UPLIFT_K2,U04_DATE_RESIDUAL_UPLIFT,2,1,7818,トランザクション,0.7586355968058794,0.8957654723126929,1.0
2025-07-23,U04_DATE_RESIDUAL_UPLIFT_K2,U04_DATE_RESIDUAL_UPLIFT,2,2,,,,,
2025-07-24,U04_DATE_RESIDUAL_UPLIFT_K2,U04_DATE_RESIDUAL_UPLIFT,2,1,,,,,
2025-07-24,U04_DATE_RESIDUAL_UPLIFT_K2,U04_DATE_RESIDUAL_UPLIFT,2,2,,,,,
2025-07-25,U04_DATE_RESIDUAL_UPLIFT_K2,U04_DATE_RESIDUAL_UPLIFT,2,1,,,,,
2025-07-25,U04_DATE_RESIDUAL_UPLIFT_K2,U04_DATE_RESIDUAL_UPLIFT,2,2,,,,,
2025-07-28,U04_DATE_RESIDUAL_UPLIFT_K2,U04_DATE_RESIDUAL_UPLIFT,2,1,6338,タカトリ,0.8221683735260857,-0.37336652146857663,0.0
2025-07-28,U04_DATE_RESIDUAL_UPLIFT_K2,U04_DATE_RESIDUAL_UPLIFT,2,2,9436,沖縄セルラー電話,0.7287043988699918,-6.057692307692308,0.0
2025-07-29,U04_DATE_RESIDUAL_UPLIFT_K2,U04_DATE_RESIDUAL_UPLIFT,2,1,,,,,
2025-07-29,U04_DATE_RESIDUAL_UPLIFT_K2,U04_DATE_RESIDUAL_UPLIFT,2,2,,,,,
2025-07-30,U04_DATE_RESIDUAL_UPLIFT_K2,U04_DATE_RESIDUAL_UPLIFT,2,1,4498,サイバートラスト,0.9125406636754745,-0.9589041095890427,0.0
2025-07-30,U04_DATE_RESIDUAL_UPLIFT_K2,U04_DATE_RESIDUAL_UPLIFT,2,2,,,,,
2025-07-31,U04_DATE_RESIDUAL_UPLIFT_K2,U04_DATE_RESIDUAL_UPLIFT,2,1,4114,日本触媒,1.1785764623560444,0.49722140976893314,1.0
2025-07-31,U04_DATE_RESIDUAL_UPLIFT_K2,U04_DATE_RESIDUAL_UPLIFT,2,2,,,,,
2024-07-01,U05_ISSUER_SELF_CONTROL_K1,U05_ISSUER_SELF_CONTROL,1,1,6085,アーキテクツ・スタジオ・ジャパン,1.1088673701158784,0.9380863039399667,1.0
2024-07-02,U05_ISSUER_SELF_CONTROL_K1,U05_ISSUER_SELF_CONTROL,1,1,5337,ダントーホールディングス,0.9095312399585296,-6.995884773662553,0.0
2024-07-03,U05_ISSUER_SELF_CONTROL_K1,U05_ISSUER_SELF_CONTROL,1,1,4978,リプロセル,0.6689685650687387,0.7194244604316502,1.0
2024-07-04,U05_ISSUER_SELF_CONTROL_K1,U05_ISSUER_SELF_CONTROL,1,1,9842,アークランズ,0.6139730962003078,0.3121748178980255,1.0
2024-07-05,U05_ISSUER_SELF_CONTROL_K1,U05_ISSUER_SELF_CONTROL,1,1,3182,オイシックス・ラ・大地,0.8861476798559934,0.7177033492822948,1.0
2024-07-08,U05_ISSUER_SELF_CONTROL_K1,U05_ISSUER_SELF_CONTROL,1,1,9522,リニューアブル・ジャパン,1.4040773264805133,4.218362282878418,1.0
2024-07-09,U05_ISSUER_SELF_CONTROL_K1,U05_ISSUER_SELF_CONTROL,1,1,3236,プロパスト,0.5093574802284169,-2.1164021164021163,0.0
2024-07-10,U05_ISSUER_SELF_CONTROL_K1,U05_ISSUER_SELF_CONTROL,1,1,3010,ポラリス・ホールディングス,0.5995998649331399,4.464285714285721,1.0
2024-07-11,U05_ISSUER_SELF_CONTROL_K1,U05_ISSUER_SELF_CONTROL,1,1,1514,住石ホールディングス,0.8810866231235752,-0.4562737642585524,0.0
2024-07-12,U05_ISSUER_SELF_CONTROL_K1,U05_ISSUER_SELF_CONTROL,1,1,5574,ＡＢＥＪＡ,1.7710450686374308,5.699855699855694,1.0
2024-07-16,U05_ISSUER_SELF_CONTROL_K1,U05_ISSUER_SELF_CONTROL,1,1,9270,バリュエンスホールディングス,1.3002820320070603,0.0,0.0
2024-07-17,U05_ISSUER_SELF_CONTROL_K1,U05_ISSUER_SELF_CONTROL,1,1,3865,北越コーポレーション,0.6681214541058487,1.5539305301645268,1.0
2024-07-18,U05_ISSUER_SELF_CONTROL_K1,U05_ISSUER_SELF_CONTROL,1,1,4978,リプロセル,0.6689685650687387,-1.3245033112582738,0.0
2024-07-19,U05_ISSUER_SELF_CONTROL_K1,U05_ISSUER_SELF_CONTROL,1,1,7777,スリー・ディー・マトリックス,0.647560856310625,-0.6849315068493178,0.0
2024-07-22,U05_ISSUER_SELF_CONTROL_K1,U05_ISSUER_SELF_CONTROL,1,1,5871,ＳＯＬＩＺＥ,0.6907292672535779,-3.4526854219948833,0.0
2024-07-23,U05_ISSUER_SELF_CONTROL_K1,U05_ISSUER_SELF_CONTROL,1,1,1514,住石ホールディングス,0.8810866231235752,-0.16380016380016515,0.0
2024-07-24,U05_ISSUER_SELF_CONTROL_K1,U05_ISSUER_SELF_CONTROL,1,1,4425,Ｋｕｄａｎ,0.6569931023720759,0.928454396504641,1.0
2024-07-25,U05_ISSUER_SELF_CONTROL_K1,U05_ISSUER_SELF_CONTROL,1,1,7046,ＴＤＳＥ,0.5508693662416978,-1.004759386567955,0.0
2024-07-26,U05_ISSUER_SELF_CONTROL_K1,U05_ISSUER_SELF_CONTROL,1,1,1514,住石ホールディングス,0.8810866231235752,-4.09090909090909,0.0
2024-07-29,U05_ISSUER_SELF_CONTROL_K1,U05_ISSUER_SELF_CONTROL,1,1,1436,ＧｒｅｅｎＥｎｅｒｇｙ ＆ Ｃｏｍｐａｎｙ,1.184400804584849,1.6352201257861632,1.0
2024-07-30,U05_ISSUER_SELF_CONTROL_K1,U05_ISSUER_SELF_CONTROL,1,1,4425,Ｋｕｄａｎ,0.6569931023720759,-1.3506212857914646,0.0
2024-07-31,U05_ISSUER_SELF_CONTROL_K1,U05_ISSUER_SELF_CONTROL,1,1,5871,ＳＯＬＩＺＥ,0.6907292672535779,-0.5647058823529449,0.0
2025-04-01,U05_ISSUER_SELF_CONTROL_K1,U05_ISSUER_SELF_CONTROL,1,1,5337,ダントーホールディングス,1.001293379437571,0.60606060606061,1.0
2025-04-02,U05_ISSUER_SELF_CONTROL_K1,U05_ISSUER_SELF_CONTROL,1,1,1518,三井松島ホールディングス,1.0327474364087708,-0.1242236024844745,0.0
2025-04-03,U05_ISSUER_SELF_CONTROL_K1,U05_ISSUER_SELF_CONTROL,1,1,5027,ＡｎｙＭｉｎｄ Ｇｒｏｕｐ,0.5922492146022507,0.21551724137931494,1.0
2025-04-04,U05_ISSUER_SELF_CONTROL_K1,U05_ISSUER_SELF_CONTROL,1,1,9842,アークランズ,0.48599452049101854,0.0,0.0
2025-04-07,U05_ISSUER_SELF_CONTROL_K1,U05_ISSUER_SELF_CONTROL,1,1,4506,住友ファーマ,0.6601616235464651,-4.285714285714281,0.0
2025-04-08,U05_ISSUER_SELF_CONTROL_K1,U05_ISSUER_SELF_CONTROL,1,1,7678,あさくま,0.5127798338675611,3.571428571428581,1.0
2025-04-09,U05_ISSUER_SELF_CONTROL_K1,U05_ISSUER_SELF_CONTROL,1,1,7769,リズム,0.6854103511105171,-2.898550724637683,0.0
2025-04-10,U05_ISSUER_SELF_CONTROL_K1,U05_ISSUER_SELF_CONTROL,1,1,9331,キャスター,0.5936248707619547,-0.11098779134295356,0.0
2025-04-11,U05_ISSUER_SELF_CONTROL_K1,U05_ISSUER_SELF_CONTROL,1,1,6866,日置電機,0.6763850184458312,-0.1626016260162566,0.0
2025-04-14,U05_ISSUER_SELF_CONTROL_K1,U05_ISSUER_SELF_CONTROL,1,1,6489,前澤⼯業,0.703287939667453,-0.14534883720930258,0.0
2025-04-22,U05_ISSUER_SELF_CONTROL_K1,U05_ISSUER_SELF_CONTROL,1,1,7678,あさくま,0.5127798338675611,0.0,0.0
2025-04-23,U05_ISSUER_SELF_CONTROL_K1,U05_ISSUER_SELF_CONTROL,1,1,7388,ＦＰパートナー,0.6489991197648105,0.5412156536219737,1.0
2025-04-24,U05_ISSUER_SELF_CONTROL_K1,U05_ISSUER_SELF_CONTROL,1,1,7769,リズム,0.6854103511105171,0.0,0.0
2025-04-25,U05_ISSUER_SELF_CONTROL_K1,U05_ISSUER_SELF_CONTROL,1,1,6200,インソース,0.8299573549694143,-0.5592841163310935,0.0
2025-04-30,U05_ISSUER_SELF_CONTROL_K1,U05_ISSUER_SELF_CONTROL,1,1,5337,ダントーホールディングス,1.001293379437571,5.615550755939536,1.0
2025-05-01,U05_ISSUER_SELF_CONTROL_K1,U05_ISSUER_SELF_CONTROL,1,1,4417,グローバルセキュリティエキスパート,0.8083671060212675,1.1278195488721776,1.0
2025-05-08,U05_ISSUER_SELF_CONTROL_K1,U05_ISSUER_SELF_CONTROL,1,1,9211,エフ・コード,0.759799561271131,-1.5444015444015413,0.0
2025-05-09,U05_ISSUER_SELF_CONTROL_K1,U05_ISSUER_SELF_CONTROL,1,1,4414,フレクト,0.595091283678549,4.086317722681354,1.0
2025-05-12,U05_ISSUER_SELF_CONTROL_K1,U05_ISSUER_SELF_CONTROL,1,1,151A,ダイブ,1.1216065277636014,4.648648648648646,1.0
2025-05-13,U05_ISSUER_SELF_CONTROL_K1,U05_ISSUER_SELF_CONTROL,1,1,9517,イーレックス,0.7925123550830668,-1.5348288075560768,0.0
2025-05-14,U05_ISSUER_SELF_CONTROL_K1,U05_ISSUER_SELF_CONTROL,1,1,2667,イメージ ワン,1.4067150368659171,-3.539823008849563,0.0
2025-05-15,U05_ISSUER_SELF_CONTROL_K1,U05_ISSUER_SELF_CONTROL,1,1,2970,グッドライフカンパニー,1.0842028350591582,-4.4510385756676545,0.0
2025-05-16,U05_ISSUER_SELF_CONTROL_K1,U05_ISSUER_SELF_CONTROL,1,1,2667,イメージ ワン,1.4067150368659171,-1.8181818181818188,0.0
2025-05-19,U05_ISSUER_SELF_CONTROL_K1,U05_ISSUER_SELF_CONTROL,1,1,6228,ジェイ・イー・ティ,0.7851920879568963,1.4251781472684133,1.0
2025-05-20,U05_ISSUER_SELF_CONTROL_K1,U05_ISSUER_SELF_CONTROL,1,1,3996,サインポスト,0.9468426370512032,-3.1073446327683607,0.0
2025-05-21,U05_ISSUER_SELF_CONTROL_K1,U05_ISSUER_SELF_CONTROL,1,1,6532,ベイカレント,0.6716148666323765,0.29925187032417977,1.0
2025-05-27,U05_ISSUER_SELF_CONTROL_K1,U05_ISSUER_SELF_CONTROL,1,1,3741,セック,0.6761469866232952,2.2267206477732726,1.0
2025-05-28,U05_ISSUER_SELF_CONTROL_K1,U05_ISSUER_SELF_CONTROL,1,1,2445,タカミヤ,0.4879696607595533,0.591715976331364,1.0
2025-05-29,U05_ISSUER_SELF_CONTROL_K1,U05_ISSUER_SELF_CONTROL,1,1,9270,バリュエンスホールディングス,0.6776023889230012,-0.6651884700665134,0.0
2025-05-30,U05_ISSUER_SELF_CONTROL_K1,U05_ISSUER_SELF_CONTROL,1,1,135A,ＶＲＡＩＮ Ｓｏｌｕｔｉｏｎ,0.6426000555053886,2.733755942947691,1.0
2025-06-02,U05_ISSUER_SELF_CONTROL_K1,U05_ISSUER_SELF_CONTROL,1,1,135A,ＶＲＡＩＮ Ｓｏｌｕｔｉｏｎ,0.9390885398191512,-1.9490254872563728,0.0
2025-06-03,U05_ISSUER_SELF_CONTROL_K1,U05_ISSUER_SELF_CONTROL,1,1,141A,トライアルホールディングス,0.831754488532074,-2.9272898961284266,0.0
2025-06-04,U05_ISSUER_SELF_CONTROL_K1,U05_ISSUER_SELF_CONTROL,1,1,3135,マーケットエンタープライズ,0.6544007462429691,1.6816816816816793,1.0
2025-06-05,U05_ISSUER_SELF_CONTROL_K1,U05_ISSUER_SELF_CONTROL,1,1,1436,グリーンエナジー＆カンパニー,0.8714449593727323,-2.0557332115121008,0.0
2025-06-06,U05_ISSUER_SELF_CONTROL_K1,U05_ISSUER_SELF_CONTROL,1,1,7090,リグア,0.5185237354569124,-0.1996007984031989,0.0
2025-06-09,U05_ISSUER_SELF_CONTROL_K1,U05_ISSUER_SELF_CONTROL,1,1,7422,東邦レマック,0.8103119726118468,-0.6880733944954143,0.0
2025-06-10,U05_ISSUER_SELF_CONTROL_K1,U05_ISSUER_SELF_CONTROL,1,1,6558,クックビズ,0.5076877740351646,1.4084507042253502,1.0
2025-06-11,U05_ISSUER_SELF_CONTROL_K1,U05_ISSUER_SELF_CONTROL,1,1,1436,グリーンエナジー＆カンパニー,0.8714449593727323,-2.4010671409515294,0.0
2025-06-12,U05_ISSUER_SELF_CONTROL_K1,U05_ISSUER_SELF_CONTROL,1,1,7725,インターアクション,0.8019745322164448,-1.6170212765957426,0.0
2025-06-13,U05_ISSUER_SELF_CONTROL_K1,U05_ISSUER_SELF_CONTROL,1,1,6619,ダブル・スコープ,0.9784596470480127,-6.319702602230482,0.0
2025-06-17,U05_ISSUER_SELF_CONTROL_K1,U05_ISSUER_SELF_CONTROL,1,1,4833,Ｄｅｆ ｃｏｎｓｕｌｔｉｎｇ,0.9748818160033115,2.970297029702973,1.0
2025-06-18,U05_ISSUER_SELF_CONTROL_K1,U05_ISSUER_SELF_CONTROL,1,1,3135,マーケットエンタープライズ,0.6544007462429691,-1.4634146341463428,0.0
2025-06-19,U05_ISSUER_SELF_CONTROL_K1,U05_ISSUER_SELF_CONTROL,1,1,1518,三井松島ホールディングス,1.0606092020404208,0.7056451612903247,1.0
2025-06-20,U05_ISSUER_SELF_CONTROL_K1,U05_ISSUER_SELF_CONTROL,1,1,5727,東邦チタニウム,0.8737816386151688,0.31250000000000444,1.0
2025-06-24,U05_ISSUER_SELF_CONTROL_K1,U05_ISSUER_SELF_CONTROL,1,1,3496,アズーム,0.6951457975699176,1.3237063778579916,1.0
2025-06-25,U05_ISSUER_SELF_CONTROL_K1,U05_ISSUER_SELF_CONTROL,1,1,6231,木村⼯機,0.8101212247184375,-2.6522593320235766,0.0
2025-06-26,U05_ISSUER_SELF_CONTROL_K1,U05_ISSUER_SELF_CONTROL,1,1,147A,ソラコム,0.7719405689431733,0.0,0.0
2025-06-27,U05_ISSUER_SELF_CONTROL_K1,U05_ISSUER_SELF_CONTROL,1,1,2778,パレモ・ホールディングス,1.3970521099079216,-1.9108280254777066,0.0
2025-06-30,U05_ISSUER_SELF_CONTROL_K1,U05_ISSUER_SELF_CONTROL,1,1,2778,パレモ・ホールディングス,1.3970521099079216,-2.631578947368418,0.0
2025-07-01,U05_ISSUER_SELF_CONTROL_K1,U05_ISSUER_SELF_CONTROL,1,1,9211,エフ・コード,1.0571898847397576,-3.6456125476897028,0.0
2025-07-02,U05_ISSUER_SELF_CONTROL_K1,U05_ISSUER_SELF_CONTROL,1,1,141A,トライアルホールディングス,0.8306445984164832,-1.995012468827928,0.0
2025-07-07,U05_ISSUER_SELF_CONTROL_K1,U05_ISSUER_SELF_CONTROL,1,1,215A,タイミー,0.8469041295755216,1.7905588714053122,1.0
2025-07-08,U05_ISSUER_SELF_CONTROL_K1,U05_ISSUER_SELF_CONTROL,1,1,245A,ＩＮＧＳ,0.6245255950628759,0.11507479861909697,1.0
2025-07-09,U05_ISSUER_SELF_CONTROL_K1,U05_ISSUER_SELF_CONTROL,1,1,5337,ダントーホールディングス,0.669792068416299,1.4285714285714235,1.0
2025-07-10,U05_ISSUER_SELF_CONTROL_K1,U05_ISSUER_SELF_CONTROL,1,1,206A,ＰＲＩＳＭ ＢｉｏＬａｂ,1.0146307919523898,0.43859649122806044,1.0
2025-07-11,U05_ISSUER_SELF_CONTROL_K1,U05_ISSUER_SELF_CONTROL,1,1,141A,トライアルホールディングス,0.8306445984164832,-0.4188880426504227,0.0
2025-07-14,U05_ISSUER_SELF_CONTROL_K1,U05_ISSUER_SELF_CONTROL,1,1,6255,エヌ・ピー・シー,1.5089523576992474,3.106508875739644,1.0
2025-07-15,U05_ISSUER_SELF_CONTROL_K1,U05_ISSUER_SELF_CONTROL,1,1,135A,ＶＲＡＩＮ Ｓｏｌｕｔｉｏｎ,0.8286103009416883,0.0,0.0
2025-07-16,U05_ISSUER_SELF_CONTROL_K1,U05_ISSUER_SELF_CONTROL,1,1,7388,ＦＰパートナー,0.698851500346221,1.3903192584963975,1.0
2025-07-23,U05_ISSUER_SELF_CONTROL_K1,U05_ISSUER_SELF_CONTROL,1,1,6200,インソース,0.7611364728153807,0.32188841201716833,1.0
2025-07-24,U05_ISSUER_SELF_CONTROL_K1,U05_ISSUER_SELF_CONTROL,1,1,3010,ポラリス・ホールディングス,0.7842026984369586,0.92592592592593,1.0
2025-07-25,U05_ISSUER_SELF_CONTROL_K1,U05_ISSUER_SELF_CONTROL,1,1,6315,ＴＯＷＡ,0.9978638035410967,0.46391752577319423,1.0
2025-07-28,U05_ISSUER_SELF_CONTROL_K1,U05_ISSUER_SELF_CONTROL,1,1,6666,リバーエレテック,0.9320015186060544,1.9417475728155331,1.0
2025-07-29,U05_ISSUER_SELF_CONTROL_K1,U05_ISSUER_SELF_CONTROL,1,1,206A,ＰＲＩＳＭ ＢｉｏＬａｂ,1.0146307919523898,4.347826086956519,1.0
2025-07-30,U05_ISSUER_SELF_CONTROL_K1,U05_ISSUER_SELF_CONTROL,1,1,3911,Ａｉｍｉｎｇ,1.104481750103777,-1.6891891891891886,0.0
2025-07-31,U05_ISSUER_SELF_CONTROL_K1,U05_ISSUER_SELF_CONTROL,1,1,4390,ＩＰＳ,0.7216462269153847,0.0,0.0
2024-07-01,U05_ISSUER_SELF_CONTROL_K2,U05_ISSUER_SELF_CONTROL,2,1,6085,アーキテクツ・スタジオ・ジャパン,1.1088673701158784,0.9380863039399667,1.0
2024-07-01,U05_ISSUER_SELF_CONTROL_K2,U05_ISSUER_SELF_CONTROL,2,2,1514,住石ホールディングス,0.8810866231235752,-1.849112426035504,0.0
2024-07-02,U05_ISSUER_SELF_CONTROL_K2,U05_ISSUER_SELF_CONTROL,2,1,5337,ダントーホールディングス,0.9095312399585296,-6.995884773662553,0.0
2024-07-02,U05_ISSUER_SELF_CONTROL_K2,U05_ISSUER_SELF_CONTROL,2,2,3679,じげん,0.7683991750553675,-0.6711409395973145,0.0
2024-07-03,U05_ISSUER_SELF_CONTROL_K2,U05_ISSUER_SELF_CONTROL,2,1,4978,リプロセル,0.6689685650687387,0.7194244604316502,1.0
2024-07-03,U05_ISSUER_SELF_CONTROL_K2,U05_ISSUER_SELF_CONTROL,2,2,4425,Ｋｕｄａｎ,0.6569931023720759,2.51781472684085,1.0
2024-07-04,U05_ISSUER_SELF_CONTROL_K2,U05_ISSUER_SELF_CONTROL,2,1,9842,アークランズ,0.6139730962003078,0.3121748178980255,1.0
2024-07-04,U05_ISSUER_SELF_CONTROL_K2,U05_ISSUER_SELF_CONTROL,2,2,2670,エービーシー・マート,0.4877208749923917,0.16513761467888965,1.0
2024-07-05,U05_ISSUER_SELF_CONTROL_K2,U05_ISSUER_SELF_CONTROL,2,1,3182,オイシックス・ラ・大地,0.8861476798559934,0.7177033492822948,1.0
2024-07-05,U05_ISSUER_SELF_CONTROL_K2,U05_ISSUER_SELF_CONTROL,2,2,4978,リプロセル,0.6689685650687387,1.4598540145985384,1.0
2024-07-08,U05_ISSUER_SELF_CONTROL_K2,U05_ISSUER_SELF_CONTROL,2,1,9522,リニューアブル・ジャパン,1.4040773264805133,4.218362282878418,1.0
2024-07-08,U05_ISSUER_SELF_CONTROL_K2,U05_ISSUER_SELF_CONTROL,2,2,1518,三井松島ホールディングス,0.6271396978384232,7.047619047619058,1.0
2024-07-09,U05_ISSUER_SELF_CONTROL_K2,U05_ISSUER_SELF_CONTROL,2,1,3236,プロパスト,0.5093574802284169,-2.1164021164021163,0.0
2024-07-09,U05_ISSUER_SELF_CONTROL_K2,U05_ISSUER_SELF_CONTROL,2,2,3093,トレジャー・ファクトリー,0.4486284599155562,-0.520833333333337,0.0
2024-07-10,U05_ISSUER_SELF_CONTROL_K2,U05_ISSUER_SELF_CONTROL,2,1,3010,ポラリス・ホールディングス,0.5995998649331399,4.464285714285721,1.0
2024-07-10,U05_ISSUER_SELF_CONTROL_K2,U05_ISSUER_SELF_CONTROL,2,2,2986,ＬＡホールディングス,0.5379518909146774,-0.11520737327188613,0.0
2024-07-11,U05_ISSUER_SELF_CONTROL_K2,U05_ISSUER_SELF_CONTROL,2,1,1514,住石ホールディングス,0.8810866231235752,-0.4562737642585524,0.0
2024-07-11,U05_ISSUER_SELF_CONTROL_K2,U05_ISSUER_SELF_CONTROL,2,2,4425,Ｋｕｄａｎ,0.6569931023720759,-0.20356234096692294,0.0
2024-07-12,U05_ISSUER_SELF_CONTROL_K2,U05_ISSUER_SELF_CONTROL,2,1,5574,ＡＢＥＪＡ,1.7710450686374308,5.699855699855694,1.0
2024-07-12,U05_ISSUER_SELF_CONTROL_K2,U05_ISSUER_SELF_CONTROL,2,2,6085,アーキテクツ・スタジオ・ジャパン,1.1088673701158784,-3.68421052631579,0.0
2024-07-16,U05_ISSUER_SELF_CONTROL_K2,U05_ISSUER_SELF_CONTROL,2,1,9270,バリュエンスホールディングス,1.3002820320070603,0.0,0.0
2024-07-16,U05_ISSUER_SELF_CONTROL_K2,U05_ISSUER_SELF_CONTROL,2,2,9331,キャスター,0.6714273125347288,-0.16116035455278066,0.0
2024-07-17,U05_ISSUER_SELF_CONTROL_K2,U05_ISSUER_SELF_CONTROL,2,1,3865,北越コーポレーション,0.6681214541058487,1.5539305301645268,1.0
2024-07-17,U05_ISSUER_SELF_CONTROL_K2,U05_ISSUER_SELF_CONTROL,2,2,4425,Ｋｕｄａｎ,0.6569931023720759,0.5544354838709742,1.0
2024-07-18,U05_ISSUER_SELF_CONTROL_K2,U05_ISSUER_SELF_CONTROL,2,1,4978,リプロセル,0.6689685650687387,-1.3245033112582738,0.0
2024-07-18,U05_ISSUER_SELF_CONTROL_K2,U05_ISSUER_SELF_CONTROL,2,2,,,,,
2024-07-19,U05_ISSUER_SELF_CONTROL_K2,U05_ISSUER_SELF_CONTROL,2,1,7777,スリー・ディー・マトリックス,0.647560856310625,-0.6849315068493178,0.0
2024-07-19,U05_ISSUER_SELF_CONTROL_K2,U05_ISSUER_SELF_CONTROL,2,2,,,,,
2024-07-22,U05_ISSUER_SELF_CONTROL_K2,U05_ISSUER_SELF_CONTROL,2,1,5871,ＳＯＬＩＺＥ,0.6907292672535779,-3.4526854219948833,0.0
2024-07-22,U05_ISSUER_SELF_CONTROL_K2,U05_ISSUER_SELF_CONTROL,2,2,7214,ＧＭＢ,0.6609269155277472,-0.3931847968545177,0.0
2024-07-23,U05_ISSUER_SELF_CONTROL_K2,U05_ISSUER_SELF_CONTROL,2,1,1514,住石ホールディングス,0.8810866231235752,-0.16380016380016515,0.0
2024-07-23,U05_ISSUER_SELF_CONTROL_K2,U05_ISSUER_SELF_CONTROL,2,2,6200,インソース,0.8178217157866436,0.11764705882353343,1.0
2024-07-24,U05_ISSUER_SELF_CONTROL_K2,U05_ISSUER_SELF_CONTROL,2,1,4425,Ｋｕｄａｎ,0.6569931023720759,0.928454396504641,1.0
2024-07-24,U05_ISSUER_SELF_CONTROL_K2,U05_ISSUER_SELF_CONTROL,2,2,6999,ＫＯＡ,0.4932407648704994,-5.236728837876614,0.0
2024-07-25,U05_ISSUER_SELF_CONTROL_K2,U05_ISSUER_SELF_CONTROL,2,1,7046,ＴＤＳＥ,0.5508693662416978,-1.004759386567955,0.0
2024-07-25,U05_ISSUER_SELF_CONTROL_K2,U05_ISSUER_SELF_CONTROL,2,2,3839,ＯＤＫソリューションズ,0.4672701023828111,-0.16313213703099683,0.0
2024-07-26,U05_ISSUER_SELF_CONTROL_K2,U05_ISSUER_SELF_CONTROL,2,1,1514,住石ホールディングス,0.8810866231235752,-4.09090909090909,0.0
2024-07-26,U05_ISSUER_SELF_CONTROL_K2,U05_ISSUER_SELF_CONTROL,2,2,7222,日産車体,0.5254748143127053,3.203661327231111,1.0
2024-07-29,U05_ISSUER_SELF_CONTROL_K2,U05_ISSUER_SELF_CONTROL,2,1,1436,ＧｒｅｅｎＥｎｅｒｇｙ ＆ Ｃｏｍｐａｎｙ,1.184400804584849,1.6352201257861632,1.0
2024-07-29,U05_ISSUER_SELF_CONTROL_K2,U05_ISSUER_SELF_CONTROL,2,2,2585,ライフドリンク カンパニー,0.5975609367871443,-2.1067415730337102,0.0
2024-07-30,U05_ISSUER_SELF_CONTROL_K2,U05_ISSUER_SELF_CONTROL,2,1,4425,Ｋｕｄａｎ,0.6569931023720759,-1.3506212857914646,0.0
2024-07-30,U05_ISSUER_SELF_CONTROL_K2,U05_ISSUER_SELF_CONTROL,2,2,7777,スリー・ディー・マトリックス,0.647560856310625,0.0,0.0
2024-07-31,U05_ISSUER_SELF_CONTROL_K2,U05_ISSUER_SELF_CONTROL,2,1,5871,ＳＯＬＩＺＥ,0.6907292672535779,-0.5647058823529449,0.0
2024-07-31,U05_ISSUER_SELF_CONTROL_K2,U05_ISSUER_SELF_CONTROL,2,2,4761,さくらケーシーエス,0.41634596325911155,1.8882769472855943,1.0
2025-04-01,U05_ISSUER_SELF_CONTROL_K2,U05_ISSUER_SELF_CONTROL,2,1,5337,ダントーホールディングス,1.001293379437571,0.60606060606061,1.0
2025-04-01,U05_ISSUER_SELF_CONTROL_K2,U05_ISSUER_SELF_CONTROL,2,2,3558,ジェイドグループ,0.8024404269151177,-1.7174082747853259,0.0
2025-04-02,U05_ISSUER_SELF_CONTROL_K2,U05_ISSUER_SELF_CONTROL,2,1,1518,三井松島ホールディングス,1.0327474364087708,-0.1242236024844745,0.0
2025-04-02,U05_ISSUER_SELF_CONTROL_K2,U05_ISSUER_SELF_CONTROL,2,2,1436,グリーンエナジー＆カンパニー,0.9765875864426964,-3.5002035002035026,0.0
2025-04-03,U05_ISSUER_SELF_CONTROL_K2,U05_ISSUER_SELF_CONTROL,2,1,5027,ＡｎｙＭｉｎｄ Ｇｒｏｕｐ,0.5922492146022507,0.21551724137931494,1.0
2025-04-03,U05_ISSUER_SELF_CONTROL_K2,U05_ISSUER_SELF_CONTROL,2,2,9211,エフ・コード,0.5537753750051201,2.0706455542021995,1.0
2025-04-04,U05_ISSUER_SELF_CONTROL_K2,U05_ISSUER_SELF_CONTROL,2,1,9842,アークランズ,0.48599452049101854,0.0,0.0
2025-04-04,U05_ISSUER_SELF_CONTROL_K2,U05_ISSUER_SELF_CONTROL,2,2,8016,オンワードホールディングス,0.41587001585050043,-0.5484460694698323,0.0
2025-04-07,U05_ISSUER_SELF_CONTROL_K2,U05_ISSUER_SELF_CONTROL,2,1,4506,住友ファーマ,0.6601616235464651,-4.285714285714281,0.0
2025-04-07,U05_ISSUER_SELF_CONTROL_K2,U05_ISSUER_SELF_CONTROL,2,2,7744,ノーリツ鋼機,0.6424217327480755,-0.9345794392523366,0.0
2025-04-08,U05_ISSUER_SELF_CONTROL_K2,U05_ISSUER_SELF_CONTROL,2,1,7678,あさくま,0.5127798338675611,3.571428571428581,1.0
2025-04-08,U05_ISSUER_SELF_CONTROL_K2,U05_ISSUER_SELF_CONTROL,2,2,3645,メディカルネット,0.4629647734829492,0.0,0.0
2025-04-09,U05_ISSUER_SELF_CONTROL_K2,U05_ISSUER_SELF_CONTROL,2,1,7769,リズム,0.6854103511105171,-2.898550724637683,0.0
2025-04-09,U05_ISSUER_SELF_CONTROL_K2,U05_ISSUER_SELF_CONTROL,2,2,6044,三機サービス,0.5155431450214446,-0.5676442762535427,0.0
2025-04-10,U05_ISSUER_SELF_CONTROL_K2,U05_ISSUER_SELF_CONTROL,2,1,9331,キャスター,0.5936248707619547,-0.11098779134295356,0.0
2025-04-10,U05_ISSUER_SELF_CONTROL_K2,U05_ISSUER_SELF_CONTROL,2,2,3758,アエリア,0.5327834289735782,0.92592592592593,1.0
2025-04-11,U05_ISSUER_SELF_CONTROL_K2,U05_ISSUER_SELF_CONTROL,2,1,6866,日置電機,0.6763850184458312,-0.1626016260162566,0.0
2025-04-11,U05_ISSUER_SELF_CONTROL_K2,U05_ISSUER_SELF_CONTROL,2,2,1419,タマホーム,0.6216533969889354,4.341736694677878,1.0
2025-04-14,U05_ISSUER_SELF_CONTROL_K2,U05_ISSUER_SELF_CONTROL,2,1,6489,前澤⼯業,0.703287939667453,-0.14534883720930258,0.0
2025-04-14,U05_ISSUER_SELF_CONTROL_K2,U05_ISSUER_SELF_CONTROL,2,2,1419,タマホーム,0.6216533969889354,-1.192052980132452,0.0
2025-04-22,U05_ISSUER_SELF_CONTROL_K2,U05_ISSUER_SELF_CONTROL,2,1,7678,あさくま,0.5127798338675611,0.0,0.0
2025-04-22,U05_ISSUER_SELF_CONTROL_K2,U05_ISSUER_SELF_CONTROL,2,2,4712,ＫｅｙＨｏｌｄｅｒ,0.4022621464170725,0.13605442176871652,1.0
2025-04-23,U05_ISSUER_SELF_CONTROL_K2,U05_ISSUER_SELF_CONTROL,2,1,7388,ＦＰパートナー,0.6489991197648105,0.5412156536219737,1.0
2025-04-23,U05_ISSUER_SELF_CONTROL_K2,U05_ISSUER_SELF_CONTROL,2,2,,,,,
2025-04-24,U05_ISSUER_SELF_CONTROL_K2,U05_ISSUER_SELF_CONTROL,2,1,7769,リズム,0.6854103511105171,0.0,0.0
2025-04-24,U05_ISSUER_SELF_CONTROL_K2,U05_ISSUER_SELF_CONTROL,2,2,4761,さくらケーシーエス,0.6149384106815327,0.17683465959328348,1.0
2025-04-25,U05_ISSUER_SELF_CONTROL_K2,U05_ISSUER_SELF_CONTROL,2,1,6200,インソース,0.8299573549694143,-0.5592841163310935,0.0
2025-04-25,U05_ISSUER_SELF_CONTROL_K2,U05_ISSUER_SELF_CONTROL,2,2,1433,ベステラ,0.4575571752027775,1.0526315789473717,1.0
2025-04-30,U05_ISSUER_SELF_CONTROL_K2,U05_ISSUER_SELF_CONTROL,2,1,5337,ダントーホールディングス,1.001293379437571,5.615550755939536,1.0
2025-04-30,U05_ISSUER_SELF_CONTROL_K2,U05_ISSUER_SELF_CONTROL,2,2,2983,アールプランナー,0.5233452567506746,-1.2239020878329732,0.0
2025-05-01,U05_ISSUER_SELF_CONTROL_K2,U05_ISSUER_SELF_CONTROL,2,1,4417,グローバルセキュリティエキスパート,0.8083671060212675,1.1278195488721776,1.0
2025-05-01,U05_ISSUER_SELF_CONTROL_K2,U05_ISSUER_SELF_CONTROL,2,2,9264,ポエック,0.5893585095680971,1.7830609212481363,1.0
2025-05-08,U05_ISSUER_SELF_CONTROL_K2,U05_ISSUER_SELF_CONTROL,2,1,9211,エフ・コード,0.759799561271131,-1.5444015444015413,0.0
2025-05-08,U05_ISSUER_SELF_CONTROL_K2,U05_ISSUER_SELF_CONTROL,2,2,9107,川崎汽船,0.7043545851980269,0.6496751624187835,1.0
2025-05-09,U05_ISSUER_SELF_CONTROL_K2,U05_ISSUER_SELF_CONTROL,2,1,4414,フレクト,0.595091283678549,4.086317722681354,1.0
2025-05-09,U05_ISSUER_SELF_CONTROL_K2,U05_ISSUER_SELF_CONTROL,2,2,4477,ＢＡＳＥ,0.5293345134644426,-7.482993197278908,0.0
2025-05-12,U05_ISSUER_SELF_CONTROL_K2,U05_ISSUER_SELF_CONTROL,2,1,151A,ダイブ,1.1216065277636014,4.648648648648646,1.0
2025-05-12,U05_ISSUER_SELF_CONTROL_K2,U05_ISSUER_SELF_CONTROL,2,2,6315,ＴＯＷＡ,1.0298282709303475,3.4482758620689724,1.0
2025-05-13,U05_ISSUER_SELF_CONTROL_K2,U05_ISSUER_SELF_CONTROL,2,1,9517,イーレックス,0.7925123550830668,-1.5348288075560768,0.0
2025-05-13,U05_ISSUER_SELF_CONTROL_K2,U05_ISSUER_SELF_CONTROL,2,2,3741,セック,0.6761469866232952,-0.3171247357293905,0.0
2025-05-14,U05_ISSUER_SELF_CONTROL_K2,U05_ISSUER_SELF_CONTROL,2,1,2667,イメージ ワン,1.4067150368659171,-3.539823008849563,0.0
2025-05-14,U05_ISSUER_SELF_CONTROL_K2,U05_ISSUER_SELF_CONTROL,2,2,1518,三井松島ホールディングス,0.961150175143749,0.0,0.0
2025-05-15,U05_ISSUER_SELF_CONTROL_K2,U05_ISSUER_SELF_CONTROL,2,1,2970,グッドライフカンパニー,1.0842028350591582,-4.4510385756676545,0.0
2025-05-15,U05_ISSUER_SELF_CONTROL_K2,U05_ISSUER_SELF_CONTROL,2,2,1518,三井松島ホールディングス,0.961150175143749,2.1696252465483346,1.0
2025-05-16,U05_ISSUER_SELF_CONTROL_K2,U05_ISSUER_SELF_CONTROL,2,1,2667,イメージ ワン,1.4067150368659171,-1.8181818181818188,0.0
2025-05-16,U05_ISSUER_SELF_CONTROL_K2,U05_ISSUER_SELF_CONTROL,2,2,285A,キオクシアホールディングス,0.8648228006933731,-2.6304252520824245,0.0
2025-05-19,U05_ISSUER_SELF_CONTROL_K2,U05_ISSUER_SELF_CONTROL,2,1,6228,ジェイ・イー・ティ,0.7851920879568963,1.4251781472684133,1.0
2025-05-19,U05_ISSUER_SELF_CONTROL_K2,U05_ISSUER_SELF_CONTROL,2,2,5257,ノバシステム,0.5661940304098729,0.2597402597402487,1.0
2025-05-20,U05_ISSUER_SELF_CONTROL_K2,U05_ISSUER_SELF_CONTROL,2,1,3996,サインポスト,0.9468426370512032,-3.1073446327683607,0.0
2025-05-20,U05_ISSUER_SELF_CONTROL_K2,U05_ISSUER_SELF_CONTROL,2,2,6526,ソシオネクスト,0.5701278189568506,-1.433594806599947,0.0
2025-05-21,U05_ISSUER_SELF_CONTROL_K2,U05_ISSUER_SELF_CONTROL,2,1,6532,ベイカレント,0.6716148666323765,0.29925187032417977,1.0
2025-05-21,U05_ISSUER_SELF_CONTROL_K2,U05_ISSUER_SELF_CONTROL,2,2,7090,リグア,0.6522526437658152,-1.2707722385141729,0.0
2025-05-27,U05_ISSUER_SELF_CONTROL_K2,U05_ISSUER_SELF_CONTROL,2,1,3741,セック,0.6761469866232952,2.2267206477732726,1.0
2025-05-27,U05_ISSUER_SELF_CONTROL_K2,U05_ISSUER_SELF_CONTROL,2,2,6532,ベイカレント,0.6716148666323765,0.605916597362488,1.0
2025-05-28,U05_ISSUER_SELF_CONTROL_K2,U05_ISSUER_SELF_CONTROL,2,1,2445,タカミヤ,0.4879696607595533,0.591715976331364,1.0
2025-05-28,U05_ISSUER_SELF_CONTROL_K2,U05_ISSUER_SELF_CONTROL,2,2,,,,,
2025-05-29,U05_ISSUER_SELF_CONTROL_K2,U05_ISSUER_SELF_CONTROL,2,1,9270,バリュエンスホールディングス,0.6776023889230012,-0.6651884700665134,0.0
2025-05-29,U05_ISSUER_SELF_CONTROL_K2,U05_ISSUER_SELF_CONTROL,2,2,135A,ＶＲＡＩＮ Ｓｏｌｕｔｉｏｎ,0.6426000555053886,1.4056224899598346,1.0
2025-05-30,U05_ISSUER_SELF_CONTROL_K2,U05_ISSUER_SELF_CONTROL,2,1,135A,ＶＲＡＩＮ Ｓｏｌｕｔｉｏｎ,0.6426000555053886,2.733755942947691,1.0
2025-05-30,U05_ISSUER_SELF_CONTROL_K2,U05_ISSUER_SELF_CONTROL,2,2,9264,ポエック,0.5893585095680971,-0.6756756756756799,0.0
2025-06-02,U05_ISSUER_SELF_CONTROL_K2,U05_ISSUER_SELF_CONTROL,2,1,135A,ＶＲＡＩＮ Ｓｏｌｕｔｉｏｎ,0.9390885398191512,-1.9490254872563728,0.0
2025-06-02,U05_ISSUER_SELF_CONTROL_K2,U05_ISSUER_SELF_CONTROL,2,2,8119,三栄コーポレーション,0.9374687121256811,0.36452004860267895,1.0
2025-06-03,U05_ISSUER_SELF_CONTROL_K2,U05_ISSUER_SELF_CONTROL,2,1,141A,トライアルホールディングス,0.831754488532074,-2.9272898961284266,0.0
2025-06-03,U05_ISSUER_SELF_CONTROL_K2,U05_ISSUER_SELF_CONTROL,2,2,6200,インソース,0.757603046492161,0.6958250497017815,1.0
2025-06-04,U05_ISSUER_SELF_CONTROL_K2,U05_ISSUER_SELF_CONTROL,2,1,3135,マーケットエンタープライズ,0.6544007462429691,1.6816816816816793,1.0
2025-06-04,U05_ISSUER_SELF_CONTROL_K2,U05_ISSUER_SELF_CONTROL,2,2,6637,寺崎電気産業,0.6378424173348137,-0.9273570324574987,0.0
2025-06-05,U05_ISSUER_SELF_CONTROL_K2,U05_ISSUER_SELF_CONTROL,2,1,1436,グリーンエナジー＆カンパニー,0.8714449593727323,-2.0557332115121008,0.0
2025-06-05,U05_ISSUER_SELF_CONTROL_K2,U05_ISSUER_SELF_CONTROL,2,2,,,,,
2025-06-06,U05_ISSUER_SELF_CONTROL_K2,U05_ISSUER_SELF_CONTROL,2,1,7090,リグア,0.5185237354569124,-0.1996007984031989,0.0
2025-06-06,U05_ISSUER_SELF_CONTROL_K2,U05_ISSUER_SELF_CONTROL,2,2,7609,ダイトロン,0.4344579629092633,1.3404825737265424,1.0
2025-06-09,U05_ISSUER_SELF_CONTROL_K2,U05_ISSUER_SELF_CONTROL,2,1,7422,東邦レマック,0.8103119726118468,-0.6880733944954143,0.0
2025-06-09,U05_ISSUER_SELF_CONTROL_K2,U05_ISSUER_SELF_CONTROL,2,2,3496,アズーム,0.6951457975699176,2.6900584795321647,1.0
2025-06-10,U05_ISSUER_SELF_CONTROL_K2,U05_ISSUER_SELF_CONTROL,2,1,6558,クックビズ,0.5076877740351646,1.4084507042253502,1.0
2025-06-10,U05_ISSUER_SELF_CONTROL_K2,U05_ISSUER_SELF_CONTROL,2,2,1433,ベステラ,0.4796064003774788,-8.668242710795903,0.0
2025-06-11,U05_ISSUER_SELF_CONTROL_K2,U05_ISSUER_SELF_CONTROL,2,1,1436,グリーンエナジー＆カンパニー,0.8714449593727323,-2.4010671409515294,0.0
2025-06-11,U05_ISSUER_SELF_CONTROL_K2,U05_ISSUER_SELF_CONTROL,2,2,141A,トライアルホールディングス,0.831754488532074,3.0303030303030276,1.0
2025-06-12,U05_ISSUER_SELF_CONTROL_K2,U05_ISSUER_SELF_CONTROL,2,1,7725,インターアクション,0.8019745322164448,-1.6170212765957426,0.0
2025-06-12,U05_ISSUER_SELF_CONTROL_K2,U05_ISSUER_SELF_CONTROL,2,2,3205,ダイドーリミテッド,0.5433582285780836,0.2012072434607548,1.0
2025-06-13,U05_ISSUER_SELF_CONTROL_K2,U05_ISSUER_SELF_CONTROL,2,1,6619,ダブル・スコープ,0.9784596470480127,-6.319702602230482,0.0
2025-06-13,U05_ISSUER_SELF_CONTROL_K2,U05_ISSUER_SELF_CONTROL,2,2,8142,トーホー,0.6180386508579465,-3.7540453074433655,0.0
2025-06-17,U05_ISSUER_SELF_CONTROL_K2,U05_ISSUER_SELF_CONTROL,2,1,4833,Ｄｅｆ ｃｏｎｓｕｌｔｉｎｇ,0.9748818160033115,2.970297029702973,1.0
2025-06-17,U05_ISSUER_SELF_CONTROL_K2,U05_ISSUER_SELF_CONTROL,2,2,4499,Ｓｐｅｅｅ,0.774370591218406,1.4396887159533023,1.0
2025-06-18,U05_ISSUER_SELF_CONTROL_K2,U05_ISSUER_SELF_CONTROL,2,1,3135,マーケットエンタープライズ,0.6544007462429691,-1.4634146341463428,0.0
2025-06-18,U05_ISSUER_SELF_CONTROL_K2,U05_ISSUER_SELF_CONTROL,2,2,3660,アイスタイル,0.5444615471345591,-0.1831501831501825,0.0
2025-06-19,U05_ISSUER_SELF_CONTROL_K2,U05_ISSUER_SELF_CONTROL,2,1,1518,三井松島ホールディングス,1.0606092020404208,0.7056451612903247,1.0
2025-06-19,U05_ISSUER_SELF_CONTROL_K2,U05_ISSUER_SELF_CONTROL,2,2,6532,ベイカレント,0.7165590134830122,-1.602861306133263,0.0
2025-06-20,U05_ISSUER_SELF_CONTROL_K2,U05_ISSUER_SELF_CONTROL,2,1,5727,東邦チタニウム,0.8737816386151688,0.31250000000000444,1.0
2025-06-20,U05_ISSUER_SELF_CONTROL_K2,U05_ISSUER_SELF_CONTROL,2,2,1436,グリーンエナジー＆カンパニー,0.8714449593727323,-0.603528319405755,0.0
2025-06-24,U05_ISSUER_SELF_CONTROL_K2,U05_ISSUER_SELF_CONTROL,2,1,3496,アズーム,0.6951457975699176,1.3237063778579916,1.0
2025-06-24,U05_ISSUER_SELF_CONTROL_K2,U05_ISSUER_SELF_CONTROL,2,2,9552,Ｍ＆Ａ総研ホールディングス,0.6205128458420923,-1.8326693227091684,0.0
2025-06-25,U05_ISSUER_SELF_CONTROL_K2,U05_ISSUER_SELF_CONTROL,2,1,6231,木村⼯機,0.8101212247184375,-2.6522593320235766,0.0
2025-06-25,U05_ISSUER_SELF_CONTROL_K2,U05_ISSUER_SELF_CONTROL,2,2,147A,ソラコム,0.7719405689431733,-0.24539877300613355,0.0
2025-06-26,U05_ISSUER_SELF_CONTROL_K2,U05_ISSUER_SELF_CONTROL,2,1,147A,ソラコム,0.7719405689431733,0.0,0.0
2025-06-26,U05_ISSUER_SELF_CONTROL_K2,U05_ISSUER_SELF_CONTROL,2,2,1514,住石ホールディングス,0.6789175176095079,0.0,0.0
2025-06-27,U05_ISSUER_SELF_CONTROL_K2,U05_ISSUER_SELF_CONTROL,2,1,2778,パレモ・ホールディングス,1.3970521099079216,-1.9108280254777066,0.0
2025-06-27,U05_ISSUER_SELF_CONTROL_K2,U05_ISSUER_SELF_CONTROL,2,2,7794,イーディーピー,0.9752180464796646,-1.7006802721088454,0.0
2025-06-30,U05_ISSUER_SELF_CONTROL_K2,U05_ISSUER_SELF_CONTROL,2,1,2778,パレモ・ホールディングス,1.3970521099079216,-2.631578947368418,0.0
2025-06-30,U05_ISSUER_SELF_CONTROL_K2,U05_ISSUER_SELF_CONTROL,2,2,6550,Ｕｎｉｐｏｓ,0.8899529914796868,-0.5847953216374324,0.0
2025-07-01,U05_ISSUER_SELF_CONTROL_K2,U05_ISSUER_SELF_CONTROL,2,1,9211,エフ・コード,1.0571898847397576,-3.6456125476897028,0.0
2025-07-01,U05_ISSUER_SELF_CONTROL_K2,U05_ISSUER_SELF_CONTROL,2,2,2667,イメージ ワン,0.881189170771263,1.8050541516245522,1.0
2025-07-02,U05_ISSUER_SELF_CONTROL_K2,U05_ISSUER_SELF_CONTROL,2,1,141A,トライアルホールディングス,0.8306445984164832,-1.995012468827928,0.0
2025-07-02,U05_ISSUER_SELF_CONTROL_K2,U05_ISSUER_SELF_CONTROL,2,2,5337,ダントーホールディングス,0.669792068416299,-1.2101210121012063,0.0
2025-07-07,U05_ISSUER_SELF_CONTROL_K2,U05_ISSUER_SELF_CONTROL,2,1,215A,タイミー,0.8469041295755216,1.7905588714053122,1.0
2025-07-07,U05_ISSUER_SELF_CONTROL_K2,U05_ISSUER_SELF_CONTROL,2,2,7422,東邦レマック,0.5976153560135509,-0.5154639175257714,0.0
2025-07-08,U05_ISSUER_SELF_CONTROL_K2,U05_ISSUER_SELF_CONTROL,2,1,245A,ＩＮＧＳ,0.6245255950628759,0.11507479861909697,1.0
2025-07-08,U05_ISSUER_SELF_CONTROL_K2,U05_ISSUER_SELF_CONTROL,2,2,6425,ユニバーサルエンターテインメント,0.5334893509977837,1.0460251046025215,1.0
2025-07-09,U05_ISSUER_SELF_CONTROL_K2,U05_ISSUER_SELF_CONTROL,2,1,5337,ダントーホールディングス,0.669792068416299,1.4285714285714235,1.0
2025-07-09,U05_ISSUER_SELF_CONTROL_K2,U05_ISSUER_SELF_CONTROL,2,2,6866,日置電機,0.6378915963573702,-2.732240437158473,0.0
2025-07-10,U05_ISSUER_SELF_CONTROL_K2,U05_ISSUER_SELF_CONTROL,2,1,206A,ＰＲＩＳＭ ＢｉｏＬａｂ,1.0146307919523898,0.43859649122806044,1.0
2025-07-10,U05_ISSUER_SELF_CONTROL_K2,U05_ISSUER_SELF_CONTROL,2,2,7161,じもとホールディングス,0.5944385617037563,-0.8720930232558155,0.0
2025-07-11,U05_ISSUER_SELF_CONTROL_K2,U05_ISSUER_SELF_CONTROL,2,1,141A,トライアルホールディングス,0.8306445984164832,-0.4188880426504227,0.0
2025-07-11,U05_ISSUER_SELF_CONTROL_K2,U05_ISSUER_SELF_CONTROL,2,2,4017,クリーマ,0.6202088205371749,-4.029304029304026,0.0
2025-07-14,U05_ISSUER_SELF_CONTROL_K2,U05_ISSUER_SELF_CONTROL,2,1,6255,エヌ・ピー・シー,1.5089523576992474,3.106508875739644,1.0
2025-07-14,U05_ISSUER_SELF_CONTROL_K2,U05_ISSUER_SELF_CONTROL,2,2,215A,タイミー,0.8469041295755216,3.1958762886598047,1.0
2025-07-15,U05_ISSUER_SELF_CONTROL_K2,U05_ISSUER_SELF_CONTROL,2,1,135A,ＶＲＡＩＮ Ｓｏｌｕｔｉｏｎ,0.8286103009416883,0.0,0.0
2025-07-15,U05_ISSUER_SELF_CONTROL_K2,U05_ISSUER_SELF_CONTROL,2,2,3996,サインポスト,0.7760561558357035,-1.273885350318471,0.0
2025-07-16,U05_ISSUER_SELF_CONTROL_K2,U05_ISSUER_SELF_CONTROL,2,1,7388,ＦＰパートナー,0.698851500346221,1.3903192584963975,1.0
2025-07-16,U05_ISSUER_SELF_CONTROL_K2,U05_ISSUER_SELF_CONTROL,2,2,6866,日置電機,0.6378915963573702,1.862197392923659,1.0
2025-07-23,U05_ISSUER_SELF_CONTROL_K2,U05_ISSUER_SELF_CONTROL,2,1,6200,インソース,0.7611364728153807,0.32188841201716833,1.0
2025-07-23,U05_ISSUER_SELF_CONTROL_K2,U05_ISSUER_SELF_CONTROL,2,2,7725,インターアクション,0.6761740249115319,0.0,0.0
2025-07-24,U05_ISSUER_SELF_CONTROL_K2,U05_ISSUER_SELF_CONTROL,2,1,3010,ポラリス・ホールディングス,0.7842026984369586,0.92592592592593,1.0
2025-07-24,U05_ISSUER_SELF_CONTROL_K2,U05_ISSUER_SELF_CONTROL,2,2,4390,ＩＰＳ,0.7216462269153847,1.2340237990304148,1.0
2025-07-25,U05_ISSUER_SELF_CONTROL_K2,U05_ISSUER_SELF_CONTROL,2,1,6315,ＴＯＷＡ,0.9978638035410967,0.46391752577319423,1.0
2025-07-25,U05_ISSUER_SELF_CONTROL_K2,U05_ISSUER_SELF_CONTROL,2,2,7388,ＦＰパートナー,0.698851500346221,0.39292730844793233,1.0
2025-07-28,U05_ISSUER_SELF_CONTROL_K2,U05_ISSUER_SELF_CONTROL,2,1,6666,リバーエレテック,0.9320015186060544,1.9417475728155331,1.0
2025-07-28,U05_ISSUER_SELF_CONTROL_K2,U05_ISSUER_SELF_CONTROL,2,2,3010,ポラリス・ホールディングス,0.7842026984369586,-1.3452914798206317,0.0
2025-07-29,U05_ISSUER_SELF_CONTROL_K2,U05_ISSUER_SELF_CONTROL,2,1,206A,ＰＲＩＳＭ ＢｉｏＬａｂ,1.0146307919523898,4.347826086956519,1.0
2025-07-29,U05_ISSUER_SELF_CONTROL_K2,U05_ISSUER_SELF_CONTROL,2,2,5612,日本鋳鉄管,0.7343820956940001,-2.0979020979020935,0.0
2025-07-30,U05_ISSUER_SELF_CONTROL_K2,U05_ISSUER_SELF_CONTROL,2,1,3911,Ａｉｍｉｎｇ,1.104481750103777,-1.6891891891891886,0.0
2025-07-30,U05_ISSUER_SELF_CONTROL_K2,U05_ISSUER_SELF_CONTROL,2,2,9211,エフ・コード,1.0571898847397576,-0.879120879120876,0.0
2025-07-31,U05_ISSUER_SELF_CONTROL_K2,U05_ISSUER_SELF_CONTROL,2,1,4390,ＩＰＳ,0.7216462269153847,0.0,0.0
2025-07-31,U05_ISSUER_SELF_CONTROL_K2,U05_ISSUER_SELF_CONTROL,2,2,9552,Ｍ＆Ａ総研ホールディングス,0.5484230850852336,2.692595362752437,1.0
2024-07-01,U06_PROPENSITY_OVERLAP_T_K1,U06_PROPENSITY_OVERLAP_T,1,1,,,,,
2024-07-02,U06_PROPENSITY_OVERLAP_T_K1,U06_PROPENSITY_OVERLAP_T,1,1,,,,,
2024-07-03,U06_PROPENSITY_OVERLAP_T_K1,U06_PROPENSITY_OVERLAP_T,1,1,,,,,
2024-07-04,U06_PROPENSITY_OVERLAP_T_K1,U06_PROPENSITY_OVERLAP_T,1,1,,,,,
2024-07-05,U06_PROPENSITY_OVERLAP_T_K1,U06_PROPENSITY_OVERLAP_T,1,1,,,,,
2024-07-08,U06_PROPENSITY_OVERLAP_T_K1,U06_PROPENSITY_OVERLAP_T,1,1,,,,,
2024-07-09,U06_PROPENSITY_OVERLAP_T_K1,U06_PROPENSITY_OVERLAP_T,1,1,,,,,
2024-07-10,U06_PROPENSITY_OVERLAP_T_K1,U06_PROPENSITY_OVERLAP_T,1,1,,,,,
2024-07-11,U06_PROPENSITY_OVERLAP_T_K1,U06_PROPENSITY_OVERLAP_T,1,1,,,,,
2024-07-12,U06_PROPENSITY_OVERLAP_T_K1,U06_PROPENSITY_OVERLAP_T,1,1,,,,,
2024-07-16,U06_PROPENSITY_OVERLAP_T_K1,U06_PROPENSITY_OVERLAP_T,1,1,,,,,
2024-07-17,U06_PROPENSITY_OVERLAP_T_K1,U06_PROPENSITY_OVERLAP_T,1,1,,,,,
2024-07-18,U06_PROPENSITY_OVERLAP_T_K1,U06_PROPENSITY_OVERLAP_T,1,1,,,,,
2024-07-19,U06_PROPENSITY_OVERLAP_T_K1,U06_PROPENSITY_OVERLAP_T,1,1,,,,,
2024-07-22,U06_PROPENSITY_OVERLAP_T_K1,U06_PROPENSITY_OVERLAP_T,1,1,,,,,
2024-07-23,U06_PROPENSITY_OVERLAP_T_K1,U06_PROPENSITY_OVERLAP_T,1,1,,,,,
2024-07-24,U06_PROPENSITY_OVERLAP_T_K1,U06_PROPENSITY_OVERLAP_T,1,1,,,,,
2024-07-25,U06_PROPENSITY_OVERLAP_T_K1,U06_PROPENSITY_OVERLAP_T,1,1,,,,,
2024-07-26,U06_PROPENSITY_OVERLAP_T_K1,U06_PROPENSITY_OVERLAP_T,1,1,,,,,
2024-07-29,U06_PROPENSITY_OVERLAP_T_K1,U06_PROPENSITY_OVERLAP_T,1,1,,,,,
2024-07-30,U06_PROPENSITY_OVERLAP_T_K1,U06_PROPENSITY_OVERLAP_T,1,1,,,,,
2024-07-31,U06_PROPENSITY_OVERLAP_T_K1,U06_PROPENSITY_OVERLAP_T,1,1,,,,,
2025-04-01,U06_PROPENSITY_OVERLAP_T_K1,U06_PROPENSITY_OVERLAP_T,1,1,,,,,
2025-04-02,U06_PROPENSITY_OVERLAP_T_K1,U06_PROPENSITY_OVERLAP_T,1,1,,,,,
2025-04-03,U06_PROPENSITY_OVERLAP_T_K1,U06_PROPENSITY_OVERLAP_T,1,1,,,,,
2025-04-04,U06_PROPENSITY_OVERLAP_T_K1,U06_PROPENSITY_OVERLAP_T,1,1,,,,,
2025-04-07,U06_PROPENSITY_OVERLAP_T_K1,U06_PROPENSITY_OVERLAP_T,1,1,,,,,
2025-04-08,U06_PROPENSITY_OVERLAP_T_K1,U06_PROPENSITY_OVERLAP_T,1,1,,,,,
2025-04-09,U06_PROPENSITY_OVERLAP_T_K1,U06_PROPENSITY_OVERLAP_T,1,1,,,,,
2025-04-10,U06_PROPENSITY_OVERLAP_T_K1,U06_PROPENSITY_OVERLAP_T,1,1,,,,,
2025-04-11,U06_PROPENSITY_OVERLAP_T_K1,U06_PROPENSITY_OVERLAP_T,1,1,,,,,
2025-04-14,U06_PROPENSITY_OVERLAP_T_K1,U06_PROPENSITY_OVERLAP_T,1,1,,,,,
2025-04-22,U06_PROPENSITY_OVERLAP_T_K1,U06_PROPENSITY_OVERLAP_T,1,1,,,,,
2025-04-23,U06_PROPENSITY_OVERLAP_T_K1,U06_PROPENSITY_OVERLAP_T,1,1,,,,,
2025-04-24,U06_PROPENSITY_OVERLAP_T_K1,U06_PROPENSITY_OVERLAP_T,1,1,,,,,
2025-04-25,U06_PROPENSITY_OVERLAP_T_K1,U06_PROPENSITY_OVERLAP_T,1,1,,,,,
2025-04-30,U06_PROPENSITY_OVERLAP_T_K1,U06_PROPENSITY_OVERLAP_T,1,1,,,,,
2025-05-01,U06_PROPENSITY_OVERLAP_T_K1,U06_PROPENSITY_OVERLAP_T,1,1,,,,,
2025-05-08,U06_PROPENSITY_OVERLAP_T_K1,U06_PROPENSITY_OVERLAP_T,1,1,,,,,
2025-05-09,U06_PROPENSITY_OVERLAP_T_K1,U06_PROPENSITY_OVERLAP_T,1,1,,,,,
2025-05-12,U06_PROPENSITY_OVERLAP_T_K1,U06_PROPENSITY_OVERLAP_T,1,1,,,,,
2025-05-13,U06_PROPENSITY_OVERLAP_T_K1,U06_PROPENSITY_OVERLAP_T,1,1,,,,,
2025-05-14,U06_PROPENSITY_OVERLAP_T_K1,U06_PROPENSITY_OVERLAP_T,1,1,,,,,
2025-05-15,U06_PROPENSITY_OVERLAP_T_K1,U06_PROPENSITY_OVERLAP_T,1,1,,,,,
2025-05-16,U06_PROPENSITY_OVERLAP_T_K1,U06_PROPENSITY_OVERLAP_T,1,1,,,,,
2025-05-19,U06_PROPENSITY_OVERLAP_T_K1,U06_PROPENSITY_OVERLAP_T,1,1,,,,,
2025-05-20,U06_PROPENSITY_OVERLAP_T_K1,U06_PROPENSITY_OVERLAP_T,1,1,,,,,
2025-05-21,U06_PROPENSITY_OVERLAP_T_K1,U06_PROPENSITY_OVERLAP_T,1,1,,,,,
2025-05-27,U06_PROPENSITY_OVERLAP_T_K1,U06_PROPENSITY_OVERLAP_T,1,1,,,,,
2025-05-28,U06_PROPENSITY_OVERLAP_T_K1,U06_PROPENSITY_OVERLAP_T,1,1,,,,,
2025-05-29,U06_PROPENSITY_OVERLAP_T_K1,U06_PROPENSITY_OVERLAP_T,1,1,,,,,
2025-05-30,U06_PROPENSITY_OVERLAP_T_K1,U06_PROPENSITY_OVERLAP_T,1,1,,,,,
2025-06-02,U06_PROPENSITY_OVERLAP_T_K1,U06_PROPENSITY_OVERLAP_T,1,1,,,,,
2025-06-03,U06_PROPENSITY_OVERLAP_T_K1,U06_PROPENSITY_OVERLAP_T,1,1,,,,,
2025-06-04,U06_PROPENSITY_OVERLAP_T_K1,U06_PROPENSITY_OVERLAP_T,1,1,,,,,
2025-06-05,U06_PROPENSITY_OVERLAP_T_K1,U06_PROPENSITY_OVERLAP_T,1,1,,,,,
2025-06-06,U06_PROPENSITY_OVERLAP_T_K1,U06_PROPENSITY_OVERLAP_T,1,1,,,,,
2025-06-09,U06_PROPENSITY_OVERLAP_T_K1,U06_PROPENSITY_OVERLAP_T,1,1,,,,,
2025-06-10,U06_PROPENSITY_OVERLAP_T_K1,U06_PROPENSITY_OVERLAP_T,1,1,,,,,
2025-06-11,U06_PROPENSITY_OVERLAP_T_K1,U06_PROPENSITY_OVERLAP_T,1,1,,,,,
2025-06-12,U06_PROPENSITY_OVERLAP_T_K1,U06_PROPENSITY_OVERLAP_T,1,1,,,,,
2025-06-13,U06_PROPENSITY_OVERLAP_T_K1,U06_PROPENSITY_OVERLAP_T,1,1,,,,,
2025-06-17,U06_PROPENSITY_OVERLAP_T_K1,U06_PROPENSITY_OVERLAP_T,1,1,,,,,
2025-06-18,U06_PROPENSITY_OVERLAP_T_K1,U06_PROPENSITY_OVERLAP_T,1,1,,,,,
2025-06-19,U06_PROPENSITY_OVERLAP_T_K1,U06_PROPENSITY_OVERLAP_T,1,1,,,,,
2025-06-20,U06_PROPENSITY_OVERLAP_T_K1,U06_PROPENSITY_OVERLAP_T,1,1,,,,,
2025-06-24,U06_PROPENSITY_OVERLAP_T_K1,U06_PROPENSITY_OVERLAP_T,1,1,,,,,
2025-06-25,U06_PROPENSITY_OVERLAP_T_K1,U06_PROPENSITY_OVERLAP_T,1,1,,,,,
2025-06-26,U06_PROPENSITY_OVERLAP_T_K1,U06_PROPENSITY_OVERLAP_T,1,1,,,,,
2025-06-27,U06_PROPENSITY_OVERLAP_T_K1,U06_PROPENSITY_OVERLAP_T,1,1,,,,,
2025-06-30,U06_PROPENSITY_OVERLAP_T_K1,U06_PROPENSITY_OVERLAP_T,1,1,,,,,
2025-07-01,U06_PROPENSITY_OVERLAP_T_K1,U06_PROPENSITY_OVERLAP_T,1,1,,,,,
2025-07-02,U06_PROPENSITY_OVERLAP_T_K1,U06_PROPENSITY_OVERLAP_T,1,1,,,,,
2025-07-07,U06_PROPENSITY_OVERLAP_T_K1,U06_PROPENSITY_OVERLAP_T,1,1,,,,,
2025-07-08,U06_PROPENSITY_OVERLAP_T_K1,U06_PROPENSITY_OVERLAP_T,1,1,,,,,
2025-07-09,U06_PROPENSITY_OVERLAP_T_K1,U06_PROPENSITY_OVERLAP_T,1,1,,,,,
2025-07-10,U06_PROPENSITY_OVERLAP_T_K1,U06_PROPENSITY_OVERLAP_T,1,1,,,,,
2025-07-11,U06_PROPENSITY_OVERLAP_T_K1,U06_PROPENSITY_OVERLAP_T,1,1,,,,,
2025-07-14,U06_PROPENSITY_OVERLAP_T_K1,U06_PROPENSITY_OVERLAP_T,1,1,,,,,
2025-07-15,U06_PROPENSITY_OVERLAP_T_K1,U06_PROPENSITY_OVERLAP_T,1,1,,,,,
2025-07-16,U06_PROPENSITY_OVERLAP_T_K1,U06_PROPENSITY_OVERLAP_T,1,1,,,,,
2025-07-23,U06_PROPENSITY_OVERLAP_T_K1,U06_PROPENSITY_OVERLAP_T,1,1,,,,,
2025-07-24,U06_PROPENSITY_OVERLAP_T_K1,U06_PROPENSITY_OVERLAP_T,1,1,,,,,
2025-07-25,U06_PROPENSITY_OVERLAP_T_K1,U06_PROPENSITY_OVERLAP_T,1,1,,,,,
2025-07-28,U06_PROPENSITY_OVERLAP_T_K1,U06_PROPENSITY_OVERLAP_T,1,1,,,,,
2025-07-29,U06_PROPENSITY_OVERLAP_T_K1,U06_PROPENSITY_OVERLAP_T,1,1,,,,,
2025-07-30,U06_PROPENSITY_OVERLAP_T_K1,U06_PROPENSITY_OVERLAP_T,1,1,,,,,
2025-07-31,U06_PROPENSITY_OVERLAP_T_K1,U06_PROPENSITY_OVERLAP_T,1,1,,,,,
2024-07-01,U06_PROPENSITY_OVERLAP_T_K2,U06_PROPENSITY_OVERLAP_T,2,1,,,,,
2024-07-01,U06_PROPENSITY_OVERLAP_T_K2,U06_PROPENSITY_OVERLAP_T,2,2,,,,,
2024-07-02,U06_PROPENSITY_OVERLAP_T_K2,U06_PROPENSITY_OVERLAP_T,2,1,,,,,
2024-07-02,U06_PROPENSITY_OVERLAP_T_K2,U06_PROPENSITY_OVERLAP_T,2,2,,,,,
2024-07-03,U06_PROPENSITY_OVERLAP_T_K2,U06_PROPENSITY_OVERLAP_T,2,1,,,,,
2024-07-03,U06_PROPENSITY_OVERLAP_T_K2,U06_PROPENSITY_OVERLAP_T,2,2,,,,,
2024-07-04,U06_PROPENSITY_OVERLAP_T_K2,U06_PROPENSITY_OVERLAP_T,2,1,,,,,
2024-07-04,U06_PROPENSITY_OVERLAP_T_K2,U06_PROPENSITY_OVERLAP_T,2,2,,,,,
2024-07-05,U06_PROPENSITY_OVERLAP_T_K2,U06_PROPENSITY_OVERLAP_T,2,1,,,,,
2024-07-05,U06_PROPENSITY_OVERLAP_T_K2,U06_PROPENSITY_OVERLAP_T,2,2,,,,,
2024-07-08,U06_PROPENSITY_OVERLAP_T_K2,U06_PROPENSITY_OVERLAP_T,2,1,,,,,
2024-07-08,U06_PROPENSITY_OVERLAP_T_K2,U06_PROPENSITY_OVERLAP_T,2,2,,,,,
2024-07-09,U06_PROPENSITY_OVERLAP_T_K2,U06_PROPENSITY_OVERLAP_T,2,1,,,,,
2024-07-09,U06_PROPENSITY_OVERLAP_T_K2,U06_PROPENSITY_OVERLAP_T,2,2,,,,,
2024-07-10,U06_PROPENSITY_OVERLAP_T_K2,U06_PROPENSITY_OVERLAP_T,2,1,,,,,
2024-07-10,U06_PROPENSITY_OVERLAP_T_K2,U06_PROPENSITY_OVERLAP_T,2,2,,,,,
2024-07-11,U06_PROPENSITY_OVERLAP_T_K2,U06_PROPENSITY_OVERLAP_T,2,1,,,,,
2024-07-11,U06_PROPENSITY_OVERLAP_T_K2,U06_PROPENSITY_OVERLAP_T,2,2,,,,,
2024-07-12,U06_PROPENSITY_OVERLAP_T_K2,U06_PROPENSITY_OVERLAP_T,2,1,,,,,
2024-07-12,U06_PROPENSITY_OVERLAP_T_K2,U06_PROPENSITY_OVERLAP_T,2,2,,,,,
2024-07-16,U06_PROPENSITY_OVERLAP_T_K2,U06_PROPENSITY_OVERLAP_T,2,1,,,,,
2024-07-16,U06_PROPENSITY_OVERLAP_T_K2,U06_PROPENSITY_OVERLAP_T,2,2,,,,,
2024-07-17,U06_PROPENSITY_OVERLAP_T_K2,U06_PROPENSITY_OVERLAP_T,2,1,,,,,
2024-07-17,U06_PROPENSITY_OVERLAP_T_K2,U06_PROPENSITY_OVERLAP_T,2,2,,,,,
2024-07-18,U06_PROPENSITY_OVERLAP_T_K2,U06_PROPENSITY_OVERLAP_T,2,1,,,,,
2024-07-18,U06_PROPENSITY_OVERLAP_T_K2,U06_PROPENSITY_OVERLAP_T,2,2,,,,,
2024-07-19,U06_PROPENSITY_OVERLAP_T_K2,U06_PROPENSITY_OVERLAP_T,2,1,,,,,
2024-07-19,U06_PROPENSITY_OVERLAP_T_K2,U06_PROPENSITY_OVERLAP_T,2,2,,,,,
2024-07-22,U06_PROPENSITY_OVERLAP_T_K2,U06_PROPENSITY_OVERLAP_T,2,1,,,,,
2024-07-22,U06_PROPENSITY_OVERLAP_T_K2,U06_PROPENSITY_OVERLAP_T,2,2,,,,,
2024-07-23,U06_PROPENSITY_OVERLAP_T_K2,U06_PROPENSITY_OVERLAP_T,2,1,,,,,
2024-07-23,U06_PROPENSITY_OVERLAP_T_K2,U06_PROPENSITY_OVERLAP_T,2,2,,,,,
2024-07-24,U06_PROPENSITY_OVERLAP_T_K2,U06_PROPENSITY_OVERLAP_T,2,1,,,,,
2024-07-24,U06_PROPENSITY_OVERLAP_T_K2,U06_PROPENSITY_OVERLAP_T,2,2,,,,,
2024-07-25,U06_PROPENSITY_OVERLAP_T_K2,U06_PROPENSITY_OVERLAP_T,2,1,,,,,
2024-07-25,U06_PROPENSITY_OVERLAP_T_K2,U06_PROPENSITY_OVERLAP_T,2,2,,,,,
2024-07-26,U06_PROPENSITY_OVERLAP_T_K2,U06_PROPENSITY_OVERLAP_T,2,1,,,,,
2024-07-26,U06_PROPENSITY_OVERLAP_T_K2,U06_PROPENSITY_OVERLAP_T,2,2,,,,,
2024-07-29,U06_PROPENSITY_OVERLAP_T_K2,U06_PROPENSITY_OVERLAP_T,2,1,,,,,
2024-07-29,U06_PROPENSITY_OVERLAP_T_K2,U06_PROPENSITY_OVERLAP_T,2,2,,,,,
2024-07-30,U06_PROPENSITY_OVERLAP_T_K2,U06_PROPENSITY_OVERLAP_T,2,1,,,,,
2024-07-30,U06_PROPENSITY_OVERLAP_T_K2,U06_PROPENSITY_OVERLAP_T,2,2,,,,,
2024-07-31,U06_PROPENSITY_OVERLAP_T_K2,U06_PROPENSITY_OVERLAP_T,2,1,,,,,
2024-07-31,U06_PROPENSITY_OVERLAP_T_K2,U06_PROPENSITY_OVERLAP_T,2,2,,,,,
2025-04-01,U06_PROPENSITY_OVERLAP_T_K2,U06_PROPENSITY_OVERLAP_T,2,1,,,,,
2025-04-01,U06_PROPENSITY_OVERLAP_T_K2,U06_PROPENSITY_OVERLAP_T,2,2,,,,,
2025-04-02,U06_PROPENSITY_OVERLAP_T_K2,U06_PROPENSITY_OVERLAP_T,2,1,,,,,
2025-04-02,U06_PROPENSITY_OVERLAP_T_K2,U06_PROPENSITY_OVERLAP_T,2,2,,,,,
2025-04-03,U06_PROPENSITY_OVERLAP_T_K2,U06_PROPENSITY_OVERLAP_T,2,1,,,,,
2025-04-03,U06_PROPENSITY_OVERLAP_T_K2,U06_PROPENSITY_OVERLAP_T,2,2,,,,,
2025-04-04,U06_PROPENSITY_OVERLAP_T_K2,U06_PROPENSITY_OVERLAP_T,2,1,,,,,
2025-04-04,U06_PROPENSITY_OVERLAP_T_K2,U06_PROPENSITY_OVERLAP_T,2,2,,,,,
2025-04-07,U06_PROPENSITY_OVERLAP_T_K2,U06_PROPENSITY_OVERLAP_T,2,1,,,,,
2025-04-07,U06_PROPENSITY_OVERLAP_T_K2,U06_PROPENSITY_OVERLAP_T,2,2,,,,,
2025-04-08,U06_PROPENSITY_OVERLAP_T_K2,U06_PROPENSITY_OVERLAP_T,2,1,,,,,
2025-04-08,U06_PROPENSITY_OVERLAP_T_K2,U06_PROPENSITY_OVERLAP_T,2,2,,,,,
2025-04-09,U06_PROPENSITY_OVERLAP_T_K2,U06_PROPENSITY_OVERLAP_T,2,1,,,,,
2025-04-09,U06_PROPENSITY_OVERLAP_T_K2,U06_PROPENSITY_OVERLAP_T,2,2,,,,,
2025-04-10,U06_PROPENSITY_OVERLAP_T_K2,U06_PROPENSITY_OVERLAP_T,2,1,,,,,
2025-04-10,U06_PROPENSITY_OVERLAP_T_K2,U06_PROPENSITY_OVERLAP_T,2,2,,,,,
2025-04-11,U06_PROPENSITY_OVERLAP_T_K2,U06_PROPENSITY_OVERLAP_T,2,1,,,,,
2025-04-11,U06_PROPENSITY_OVERLAP_T_K2,U06_PROPENSITY_OVERLAP_T,2,2,,,,,
2025-04-14,U06_PROPENSITY_OVERLAP_T_K2,U06_PROPENSITY_OVERLAP_T,2,1,,,,,
2025-04-14,U06_PROPENSITY_OVERLAP_T_K2,U06_PROPENSITY_OVERLAP_T,2,2,,,,,
2025-04-22,U06_PROPENSITY_OVERLAP_T_K2,U06_PROPENSITY_OVERLAP_T,2,1,,,,,
2025-04-22,U06_PROPENSITY_OVERLAP_T_K2,U06_PROPENSITY_OVERLAP_T,2,2,,,,,
2025-04-23,U06_PROPENSITY_OVERLAP_T_K2,U06_PROPENSITY_OVERLAP_T,2,1,,,,,
2025-04-23,U06_PROPENSITY_OVERLAP_T_K2,U06_PROPENSITY_OVERLAP_T,2,2,,,,,
2025-04-24,U06_PROPENSITY_OVERLAP_T_K2,U06_PROPENSITY_OVERLAP_T,2,1,,,,,
2025-04-24,U06_PROPENSITY_OVERLAP_T_K2,U06_PROPENSITY_OVERLAP_T,2,2,,,,,
2025-04-25,U06_PROPENSITY_OVERLAP_T_K2,U06_PROPENSITY_OVERLAP_T,2,1,,,,,
2025-04-25,U06_PROPENSITY_OVERLAP_T_K2,U06_PROPENSITY_OVERLAP_T,2,2,,,,,
2025-04-30,U06_PROPENSITY_OVERLAP_T_K2,U06_PROPENSITY_OVERLAP_T,2,1,,,,,
2025-04-30,U06_PROPENSITY_OVERLAP_T_K2,U06_PROPENSITY_OVERLAP_T,2,2,,,,,
2025-05-01,U06_PROPENSITY_OVERLAP_T_K2,U06_PROPENSITY_OVERLAP_T,2,1,,,,,
2025-05-01,U06_PROPENSITY_OVERLAP_T_K2,U06_PROPENSITY_OVERLAP_T,2,2,,,,,
2025-05-08,U06_PROPENSITY_OVERLAP_T_K2,U06_PROPENSITY_OVERLAP_T,2,1,,,,,
2025-05-08,U06_PROPENSITY_OVERLAP_T_K2,U06_PROPENSITY_OVERLAP_T,2,2,,,,,
2025-05-09,U06_PROPENSITY_OVERLAP_T_K2,U06_PROPENSITY_OVERLAP_T,2,1,,,,,
2025-05-09,U06_PROPENSITY_OVERLAP_T_K2,U06_PROPENSITY_OVERLAP_T,2,2,,,,,
2025-05-12,U06_PROPENSITY_OVERLAP_T_K2,U06_PROPENSITY_OVERLAP_T,2,1,,,,,
2025-05-12,U06_PROPENSITY_OVERLAP_T_K2,U06_PROPENSITY_OVERLAP_T,2,2,,,,,
2025-05-13,U06_PROPENSITY_OVERLAP_T_K2,U06_PROPENSITY_OVERLAP_T,2,1,,,,,
2025-05-13,U06_PROPENSITY_OVERLAP_T_K2,U06_PROPENSITY_OVERLAP_T,2,2,,,,,
2025-05-14,U06_PROPENSITY_OVERLAP_T_K2,U06_PROPENSITY_OVERLAP_T,2,1,,,,,
2025-05-14,U06_PROPENSITY_OVERLAP_T_K2,U06_PROPENSITY_OVERLAP_T,2,2,,,,,
2025-05-15,U06_PROPENSITY_OVERLAP_T_K2,U06_PROPENSITY_OVERLAP_T,2,1,,,,,
2025-05-15,U06_PROPENSITY_OVERLAP_T_K2,U06_PROPENSITY_OVERLAP_T,2,2,,,,,
2025-05-16,U06_PROPENSITY_OVERLAP_T_K2,U06_PROPENSITY_OVERLAP_T,2,1,,,,,
2025-05-16,U06_PROPENSITY_OVERLAP_T_K2,U06_PROPENSITY_OVERLAP_T,2,2,,,,,
2025-05-19,U06_PROPENSITY_OVERLAP_T_K2,U06_PROPENSITY_OVERLAP_T,2,1,,,,,
2025-05-19,U06_PROPENSITY_OVERLAP_T_K2,U06_PROPENSITY_OVERLAP_T,2,2,,,,,
2025-05-20,U06_PROPENSITY_OVERLAP_T_K2,U06_PROPENSITY_OVERLAP_T,2,1,,,,,
2025-05-20,U06_PROPENSITY_OVERLAP_T_K2,U06_PROPENSITY_OVERLAP_T,2,2,,,,,
2025-05-21,U06_PROPENSITY_OVERLAP_T_K2,U06_PROPENSITY_OVERLAP_T,2,1,,,,,
2025-05-21,U06_PROPENSITY_OVERLAP_T_K2,U06_PROPENSITY_OVERLAP_T,2,2,,,,,
2025-05-27,U06_PROPENSITY_OVERLAP_T_K2,U06_PROPENSITY_OVERLAP_T,2,1,,,,,
2025-05-27,U06_PROPENSITY_OVERLAP_T_K2,U06_PROPENSITY_OVERLAP_T,2,2,,,,,
2025-05-28,U06_PROPENSITY_OVERLAP_T_K2,U06_PROPENSITY_OVERLAP_T,2,1,,,,,
2025-05-28,U06_PROPENSITY_OVERLAP_T_K2,U06_PROPENSITY_OVERLAP_T,2,2,,,,,
2025-05-29,U06_PROPENSITY_OVERLAP_T_K2,U06_PROPENSITY_OVERLAP_T,2,1,,,,,
2025-05-29,U06_PROPENSITY_OVERLAP_T_K2,U06_PROPENSITY_OVERLAP_T,2,2,,,,,
2025-05-30,U06_PROPENSITY_OVERLAP_T_K2,U06_PROPENSITY_OVERLAP_T,2,1,,,,,
2025-05-30,U06_PROPENSITY_OVERLAP_T_K2,U06_PROPENSITY_OVERLAP_T,2,2,,,,,
2025-06-02,U06_PROPENSITY_OVERLAP_T_K2,U06_PROPENSITY_OVERLAP_T,2,1,,,,,
2025-06-02,U06_PROPENSITY_OVERLAP_T_K2,U06_PROPENSITY_OVERLAP_T,2,2,,,,,
2025-06-03,U06_PROPENSITY_OVERLAP_T_K2,U06_PROPENSITY_OVERLAP_T,2,1,,,,,
2025-06-03,U06_PROPENSITY_OVERLAP_T_K2,U06_PROPENSITY_OVERLAP_T,2,2,,,,,
2025-06-04,U06_PROPENSITY_OVERLAP_T_K2,U06_PROPENSITY_OVERLAP_T,2,1,,,,,
2025-06-04,U06_PROPENSITY_OVERLAP_T_K2,U06_PROPENSITY_OVERLAP_T,2,2,,,,,
2025-06-05,U06_PROPENSITY_OVERLAP_T_K2,U06_PROPENSITY_OVERLAP_T,2,1,,,,,
2025-06-05,U06_PROPENSITY_OVERLAP_T_K2,U06_PROPENSITY_OVERLAP_T,2,2,,,,,
2025-06-06,U06_PROPENSITY_OVERLAP_T_K2,U06_PROPENSITY_OVERLAP_T,2,1,,,,,
2025-06-06,U06_PROPENSITY_OVERLAP_T_K2,U06_PROPENSITY_OVERLAP_T,2,2,,,,,
2025-06-09,U06_PROPENSITY_OVERLAP_T_K2,U06_PROPENSITY_OVERLAP_T,2,1,,,,,
2025-06-09,U06_PROPENSITY_OVERLAP_T_K2,U06_PROPENSITY_OVERLAP_T,2,2,,,,,
2025-06-10,U06_PROPENSITY_OVERLAP_T_K2,U06_PROPENSITY_OVERLAP_T,2,1,,,,,
2025-06-10,U06_PROPENSITY_OVERLAP_T_K2,U06_PROPENSITY_OVERLAP_T,2,2,,,,,
2025-06-11,U06_PROPENSITY_OVERLAP_T_K2,U06_PROPENSITY_OVERLAP_T,2,1,,,,,
2025-06-11,U06_PROPENSITY_OVERLAP_T_K2,U06_PROPENSITY_OVERLAP_T,2,2,,,,,
2025-06-12,U06_PROPENSITY_OVERLAP_T_K2,U06_PROPENSITY_OVERLAP_T,2,1,,,,,
2025-06-12,U06_PROPENSITY_OVERLAP_T_K2,U06_PROPENSITY_OVERLAP_T,2,2,,,,,
2025-06-13,U06_PROPENSITY_OVERLAP_T_K2,U06_PROPENSITY_OVERLAP_T,2,1,,,,,
2025-06-13,U06_PROPENSITY_OVERLAP_T_K2,U06_PROPENSITY_OVERLAP_T,2,2,,,,,
2025-06-17,U06_PROPENSITY_OVERLAP_T_K2,U06_PROPENSITY_OVERLAP_T,2,1,,,,,
2025-06-17,U06_PROPENSITY_OVERLAP_T_K2,U06_PROPENSITY_OVERLAP_T,2,2,,,,,
2025-06-18,U06_PROPENSITY_OVERLAP_T_K2,U06_PROPENSITY_OVERLAP_T,2,1,,,,,
2025-06-18,U06_PROPENSITY_OVERLAP_T_K2,U06_PROPENSITY_OVERLAP_T,2,2,,,,,
2025-06-19,U06_PROPENSITY_OVERLAP_T_K2,U06_PROPENSITY_OVERLAP_T,2,1,,,,,
2025-06-19,U06_PROPENSITY_OVERLAP_T_K2,U06_PROPENSITY_OVERLAP_T,2,2,,,,,
2025-06-20,U06_PROPENSITY_OVERLAP_T_K2,U06_PROPENSITY_OVERLAP_T,2,1,,,,,
2025-06-20,U06_PROPENSITY_OVERLAP_T_K2,U06_PROPENSITY_OVERLAP_T,2,2,,,,,
2025-06-24,U06_PROPENSITY_OVERLAP_T_K2,U06_PROPENSITY_OVERLAP_T,2,1,,,,,
2025-06-24,U06_PROPENSITY_OVERLAP_T_K2,U06_PROPENSITY_OVERLAP_T,2,2,,,,,
2025-06-25,U06_PROPENSITY_OVERLAP_T_K2,U06_PROPENSITY_OVERLAP_T,2,1,,,,,
2025-06-25,U06_PROPENSITY_OVERLAP_T_K2,U06_PROPENSITY_OVERLAP_T,2,2,,,,,
2025-06-26,U06_PROPENSITY_OVERLAP_T_K2,U06_PROPENSITY_OVERLAP_T,2,1,,,,,
2025-06-26,U06_PROPENSITY_OVERLAP_T_K2,U06_PROPENSITY_OVERLAP_T,2,2,,,,,
2025-06-27,U06_PROPENSITY_OVERLAP_T_K2,U06_PROPENSITY_OVERLAP_T,2,1,,,,,
2025-06-27,U06_PROPENSITY_OVERLAP_T_K2,U06_PROPENSITY_OVERLAP_T,2,2,,,,,
2025-06-30,U06_PROPENSITY_OVERLAP_T_K2,U06_PROPENSITY_OVERLAP_T,2,1,,,,,
2025-06-30,U06_PROPENSITY_OVERLAP_T_K2,U06_PROPENSITY_OVERLAP_T,2,2,,,,,
2025-07-01,U06_PROPENSITY_OVERLAP_T_K2,U06_PROPENSITY_OVERLAP_T,2,1,,,,,
2025-07-01,U06_PROPENSITY_OVERLAP_T_K2,U06_PROPENSITY_OVERLAP_T,2,2,,,,,
2025-07-02,U06_PROPENSITY_OVERLAP_T_K2,U06_PROPENSITY_OVERLAP_T,2,1,,,,,
2025-07-02,U06_PROPENSITY_OVERLAP_T_K2,U06_PROPENSITY_OVERLAP_T,2,2,,,,,
2025-07-07,U06_PROPENSITY_OVERLAP_T_K2,U06_PROPENSITY_OVERLAP_T,2,1,,,,,
2025-07-07,U06_PROPENSITY_OVERLAP_T_K2,U06_PROPENSITY_OVERLAP_T,2,2,,,,,
2025-07-08,U06_PROPENSITY_OVERLAP_T_K2,U06_PROPENSITY_OVERLAP_T,2,1,,,,,
2025-07-08,U06_PROPENSITY_OVERLAP_T_K2,U06_PROPENSITY_OVERLAP_T,2,2,,,,,
2025-07-09,U06_PROPENSITY_OVERLAP_T_K2,U06_PROPENSITY_OVERLAP_T,2,1,,,,,
2025-07-09,U06_PROPENSITY_OVERLAP_T_K2,U06_PROPENSITY_OVERLAP_T,2,2,,,,,
2025-07-10,U06_PROPENSITY_OVERLAP_T_K2,U06_PROPENSITY_OVERLAP_T,2,1,,,,,
2025-07-10,U06_PROPENSITY_OVERLAP_T_K2,U06_PROPENSITY_OVERLAP_T,2,2,,,,,
2025-07-11,U06_PROPENSITY_OVERLAP_T_K2,U06_PROPENSITY_OVERLAP_T,2,1,,,,,
2025-07-11,U06_PROPENSITY_OVERLAP_T_K2,U06_PROPENSITY_OVERLAP_T,2,2,,,,,
2025-07-14,U06_PROPENSITY_OVERLAP_T_K2,U06_PROPENSITY_OVERLAP_T,2,1,,,,,
2025-07-14,U06_PROPENSITY_OVERLAP_T_K2,U06_PROPENSITY_OVERLAP_T,2,2,,,,,
2025-07-15,U06_PROPENSITY_OVERLAP_T_K2,U06_PROPENSITY_OVERLAP_T,2,1,,,,,
2025-07-15,U06_PROPENSITY_OVERLAP_T_K2,U06_PROPENSITY_OVERLAP_T,2,2,,,,,
2025-07-16,U06_PROPENSITY_OVERLAP_T_K2,U06_PROPENSITY_OVERLAP_T,2,1,,,,,
2025-07-16,U06_PROPENSITY_OVERLAP_T_K2,U06_PROPENSITY_OVERLAP_T,2,2,,,,,
2025-07-23,U06_PROPENSITY_OVERLAP_T_K2,U06_PROPENSITY_OVERLAP_T,2,1,,,,,
2025-07-23,U06_PROPENSITY_OVERLAP_T_K2,U06_PROPENSITY_OVERLAP_T,2,2,,,,,
2025-07-24,U06_PROPENSITY_OVERLAP_T_K2,U06_PROPENSITY_OVERLAP_T,2,1,,,,,
2025-07-24,U06_PROPENSITY_OVERLAP_T_K2,U06_PROPENSITY_OVERLAP_T,2,2,,,,,
2025-07-25,U06_PROPENSITY_OVERLAP_T_K2,U06_PROPENSITY_OVERLAP_T,2,1,,,,,
2025-07-25,U06_PROPENSITY_OVERLAP_T_K2,U06_PROPENSITY_OVERLAP_T,2,2,,,,,
2025-07-28,U06_PROPENSITY_OVERLAP_T_K2,U06_PROPENSITY_OVERLAP_T,2,1,,,,,
2025-07-28,U06_PROPENSITY_OVERLAP_T_K2,U06_PROPENSITY_OVERLAP_T,2,2,,,,,
2025-07-29,U06_PROPENSITY_OVERLAP_T_K2,U06_PROPENSITY_OVERLAP_T,2,1,,,,,
2025-07-29,U06_PROPENSITY_OVERLAP_T_K2,U06_PROPENSITY_OVERLAP_T,2,2,,,,,
2025-07-30,U06_PROPENSITY_OVERLAP_T_K2,U06_PROPENSITY_OVERLAP_T,2,1,,,,,
2025-07-30,U06_PROPENSITY_OVERLAP_T_K2,U06_PROPENSITY_OVERLAP_T,2,2,,,,,
2025-07-31,U06_PROPENSITY_OVERLAP_T_K2,U06_PROPENSITY_OVERLAP_T,2,1,,,,,
2025-07-31,U06_PROPENSITY_OVERLAP_T_K2,U06_PROPENSITY_OVERLAP_T,2,2,,,,,
2024-07-01,U07_POSITIVE_TAIL_UPLIFT_K1,U07_POSITIVE_TAIL_UPLIFT,1,1,,,,,
2024-07-02,U07_POSITIVE_TAIL_UPLIFT_K1,U07_POSITIVE_TAIL_UPLIFT,1,1,,,,,
2024-07-03,U07_POSITIVE_TAIL_UPLIFT_K1,U07_POSITIVE_TAIL_UPLIFT,1,1,,,,,
2024-07-04,U07_POSITIVE_TAIL_UPLIFT_K1,U07_POSITIVE_TAIL_UPLIFT,1,1,,,,,
2024-07-05,U07_POSITIVE_TAIL_UPLIFT_K1,U07_POSITIVE_TAIL_UPLIFT,1,1,,,,,
2024-07-08,U07_POSITIVE_TAIL_UPLIFT_K1,U07_POSITIVE_TAIL_UPLIFT,1,1,,,,,
2024-07-09,U07_POSITIVE_TAIL_UPLIFT_K1,U07_POSITIVE_TAIL_UPLIFT,1,1,,,,,
2024-07-10,U07_POSITIVE_TAIL_UPLIFT_K1,U07_POSITIVE_TAIL_UPLIFT,1,1,,,,,
2024-07-11,U07_POSITIVE_TAIL_UPLIFT_K1,U07_POSITIVE_TAIL_UPLIFT,1,1,,,,,
2024-07-12,U07_POSITIVE_TAIL_UPLIFT_K1,U07_POSITIVE_TAIL_UPLIFT,1,1,,,,,
2024-07-16,U07_POSITIVE_TAIL_UPLIFT_K1,U07_POSITIVE_TAIL_UPLIFT,1,1,,,,,
2024-07-17,U07_POSITIVE_TAIL_UPLIFT_K1,U07_POSITIVE_TAIL_UPLIFT,1,1,,,,,
2024-07-18,U07_POSITIVE_TAIL_UPLIFT_K1,U07_POSITIVE_TAIL_UPLIFT,1,1,,,,,
2024-07-19,U07_POSITIVE_TAIL_UPLIFT_K1,U07_POSITIVE_TAIL_UPLIFT,1,1,,,,,
2024-07-22,U07_POSITIVE_TAIL_UPLIFT_K1,U07_POSITIVE_TAIL_UPLIFT,1,1,,,,,
2024-07-23,U07_POSITIVE_TAIL_UPLIFT_K1,U07_POSITIVE_TAIL_UPLIFT,1,1,,,,,
2024-07-24,U07_POSITIVE_TAIL_UPLIFT_K1,U07_POSITIVE_TAIL_UPLIFT,1,1,9367,大東港運,0.5201770558171465,0.496277915632759,1.0
2024-07-25,U07_POSITIVE_TAIL_UPLIFT_K1,U07_POSITIVE_TAIL_UPLIFT,1,1,,,,,
2024-07-26,U07_POSITIVE_TAIL_UPLIFT_K1,U07_POSITIVE_TAIL_UPLIFT,1,1,,,,,
2024-07-29,U07_POSITIVE_TAIL_UPLIFT_K1,U07_POSITIVE_TAIL_UPLIFT,1,1,,,,,
2024-07-30,U07_POSITIVE_TAIL_UPLIFT_K1,U07_POSITIVE_TAIL_UPLIFT,1,1,,,,,
2024-07-31,U07_POSITIVE_TAIL_UPLIFT_K1,U07_POSITIVE_TAIL_UPLIFT,1,1,,,,,
2025-04-01,U07_POSITIVE_TAIL_UPLIFT_K1,U07_POSITIVE_TAIL_UPLIFT,1,1,,,,,
2025-04-02,U07_POSITIVE_TAIL_UPLIFT_K1,U07_POSITIVE_TAIL_UPLIFT,1,1,,,,,
2025-04-03,U07_POSITIVE_TAIL_UPLIFT_K1,U07_POSITIVE_TAIL_UPLIFT,1,1,,,,,
2025-04-04,U07_POSITIVE_TAIL_UPLIFT_K1,U07_POSITIVE_TAIL_UPLIFT,1,1,7089,フォースタートアップス,0.4012332833798495,-2.200000000000002,0.0
2025-04-07,U07_POSITIVE_TAIL_UPLIFT_K1,U07_POSITIVE_TAIL_UPLIFT,1,1,,,,,
2025-04-08,U07_POSITIVE_TAIL_UPLIFT_K1,U07_POSITIVE_TAIL_UPLIFT,1,1,,,,,
2025-04-09,U07_POSITIVE_TAIL_UPLIFT_K1,U07_POSITIVE_TAIL_UPLIFT,1,1,,,,,
2025-04-10,U07_POSITIVE_TAIL_UPLIFT_K1,U07_POSITIVE_TAIL_UPLIFT,1,1,,,,,
2025-04-11,U07_POSITIVE_TAIL_UPLIFT_K1,U07_POSITIVE_TAIL_UPLIFT,1,1,,,,,
2025-04-14,U07_POSITIVE_TAIL_UPLIFT_K1,U07_POSITIVE_TAIL_UPLIFT,1,1,9778,昴,0.4551951029713715,0.0,0.0
2025-04-22,U07_POSITIVE_TAIL_UPLIFT_K1,U07_POSITIVE_TAIL_UPLIFT,1,1,,,,,
2025-04-23,U07_POSITIVE_TAIL_UPLIFT_K1,U07_POSITIVE_TAIL_UPLIFT,1,1,,,,,
2025-04-24,U07_POSITIVE_TAIL_UPLIFT_K1,U07_POSITIVE_TAIL_UPLIFT,1,1,,,,,
2025-04-25,U07_POSITIVE_TAIL_UPLIFT_K1,U07_POSITIVE_TAIL_UPLIFT,1,1,,,,,
2025-04-30,U07_POSITIVE_TAIL_UPLIFT_K1,U07_POSITIVE_TAIL_UPLIFT,1,1,,,,,
2025-05-01,U07_POSITIVE_TAIL_UPLIFT_K1,U07_POSITIVE_TAIL_UPLIFT,1,1,,,,,
2025-05-08,U07_POSITIVE_TAIL_UPLIFT_K1,U07_POSITIVE_TAIL_UPLIFT,1,1,,,,,
2025-05-09,U07_POSITIVE_TAIL_UPLIFT_K1,U07_POSITIVE_TAIL_UPLIFT,1,1,,,,,
2025-05-12,U07_POSITIVE_TAIL_UPLIFT_K1,U07_POSITIVE_TAIL_UPLIFT,1,1,,,,,
2025-05-13,U07_POSITIVE_TAIL_UPLIFT_K1,U07_POSITIVE_TAIL_UPLIFT,1,1,,,,,
2025-05-14,U07_POSITIVE_TAIL_UPLIFT_K1,U07_POSITIVE_TAIL_UPLIFT,1,1,,,,,
2025-05-15,U07_POSITIVE_TAIL_UPLIFT_K1,U07_POSITIVE_TAIL_UPLIFT,1,1,,,,,
2025-05-16,U07_POSITIVE_TAIL_UPLIFT_K1,U07_POSITIVE_TAIL_UPLIFT,1,1,,,,,
2025-05-19,U07_POSITIVE_TAIL_UPLIFT_K1,U07_POSITIVE_TAIL_UPLIFT,1,1,,,,,
2025-05-20,U07_POSITIVE_TAIL_UPLIFT_K1,U07_POSITIVE_TAIL_UPLIFT,1,1,,,,,
2025-05-21,U07_POSITIVE_TAIL_UPLIFT_K1,U07_POSITIVE_TAIL_UPLIFT,1,1,,,,,
2025-05-27,U07_POSITIVE_TAIL_UPLIFT_K1,U07_POSITIVE_TAIL_UPLIFT,1,1,,,,,
2025-05-28,U07_POSITIVE_TAIL_UPLIFT_K1,U07_POSITIVE_TAIL_UPLIFT,1,1,,,,,
2025-05-29,U07_POSITIVE_TAIL_UPLIFT_K1,U07_POSITIVE_TAIL_UPLIFT,1,1,,,,,
2025-05-30,U07_POSITIVE_TAIL_UPLIFT_K1,U07_POSITIVE_TAIL_UPLIFT,1,1,,,,,
2025-06-02,U07_POSITIVE_TAIL_UPLIFT_K1,U07_POSITIVE_TAIL_UPLIFT,1,1,,,,,
2025-06-03,U07_POSITIVE_TAIL_UPLIFT_K1,U07_POSITIVE_TAIL_UPLIFT,1,1,,,,,
2025-06-04,U07_POSITIVE_TAIL_UPLIFT_K1,U07_POSITIVE_TAIL_UPLIFT,1,1,,,,,
2025-06-05,U07_POSITIVE_TAIL_UPLIFT_K1,U07_POSITIVE_TAIL_UPLIFT,1,1,,,,,
2025-06-06,U07_POSITIVE_TAIL_UPLIFT_K1,U07_POSITIVE_TAIL_UPLIFT,1,1,,,,,
2025-06-09,U07_POSITIVE_TAIL_UPLIFT_K1,U07_POSITIVE_TAIL_UPLIFT,1,1,,,,,
2025-06-10,U07_POSITIVE_TAIL_UPLIFT_K1,U07_POSITIVE_TAIL_UPLIFT,1,1,,,,,
2025-06-11,U07_POSITIVE_TAIL_UPLIFT_K1,U07_POSITIVE_TAIL_UPLIFT,1,1,,,,,
2025-06-12,U07_POSITIVE_TAIL_UPLIFT_K1,U07_POSITIVE_TAIL_UPLIFT,1,1,,,,,
2025-06-13,U07_POSITIVE_TAIL_UPLIFT_K1,U07_POSITIVE_TAIL_UPLIFT,1,1,,,,,
2025-06-17,U07_POSITIVE_TAIL_UPLIFT_K1,U07_POSITIVE_TAIL_UPLIFT,1,1,,,,,
2025-06-18,U07_POSITIVE_TAIL_UPLIFT_K1,U07_POSITIVE_TAIL_UPLIFT,1,1,,,,,
2025-06-19,U07_POSITIVE_TAIL_UPLIFT_K1,U07_POSITIVE_TAIL_UPLIFT,1,1,,,,,
2025-06-20,U07_POSITIVE_TAIL_UPLIFT_K1,U07_POSITIVE_TAIL_UPLIFT,1,1,,,,,
2025-06-24,U07_POSITIVE_TAIL_UPLIFT_K1,U07_POSITIVE_TAIL_UPLIFT,1,1,,,,,
2025-06-25,U07_POSITIVE_TAIL_UPLIFT_K1,U07_POSITIVE_TAIL_UPLIFT,1,1,,,,,
2025-06-26,U07_POSITIVE_TAIL_UPLIFT_K1,U07_POSITIVE_TAIL_UPLIFT,1,1,,,,,
2025-06-27,U07_POSITIVE_TAIL_UPLIFT_K1,U07_POSITIVE_TAIL_UPLIFT,1,1,,,,,
2025-06-30,U07_POSITIVE_TAIL_UPLIFT_K1,U07_POSITIVE_TAIL_UPLIFT,1,1,,,,,
2025-07-01,U07_POSITIVE_TAIL_UPLIFT_K1,U07_POSITIVE_TAIL_UPLIFT,1,1,,,,,
2025-07-02,U07_POSITIVE_TAIL_UPLIFT_K1,U07_POSITIVE_TAIL_UPLIFT,1,1,,,,,
2025-07-07,U07_POSITIVE_TAIL_UPLIFT_K1,U07_POSITIVE_TAIL_UPLIFT,1,1,,,,,
2025-07-08,U07_POSITIVE_TAIL_UPLIFT_K1,U07_POSITIVE_TAIL_UPLIFT,1,1,,,,,
2025-07-09,U07_POSITIVE_TAIL_UPLIFT_K1,U07_POSITIVE_TAIL_UPLIFT,1,1,,,,,
2025-07-10,U07_POSITIVE_TAIL_UPLIFT_K1,U07_POSITIVE_TAIL_UPLIFT,1,1,,,,,
2025-07-11,U07_POSITIVE_TAIL_UPLIFT_K1,U07_POSITIVE_TAIL_UPLIFT,1,1,,,,,
2025-07-14,U07_POSITIVE_TAIL_UPLIFT_K1,U07_POSITIVE_TAIL_UPLIFT,1,1,,,,,
2025-07-15,U07_POSITIVE_TAIL_UPLIFT_K1,U07_POSITIVE_TAIL_UPLIFT,1,1,,,,,
2025-07-16,U07_POSITIVE_TAIL_UPLIFT_K1,U07_POSITIVE_TAIL_UPLIFT,1,1,,,,,
2025-07-23,U07_POSITIVE_TAIL_UPLIFT_K1,U07_POSITIVE_TAIL_UPLIFT,1,1,,,,,
2025-07-24,U07_POSITIVE_TAIL_UPLIFT_K1,U07_POSITIVE_TAIL_UPLIFT,1,1,,,,,
2025-07-25,U07_POSITIVE_TAIL_UPLIFT_K1,U07_POSITIVE_TAIL_UPLIFT,1,1,,,,,
2025-07-28,U07_POSITIVE_TAIL_UPLIFT_K1,U07_POSITIVE_TAIL_UPLIFT,1,1,,,,,
2025-07-29,U07_POSITIVE_TAIL_UPLIFT_K1,U07_POSITIVE_TAIL_UPLIFT,1,1,,,,,
2025-07-30,U07_POSITIVE_TAIL_UPLIFT_K1,U07_POSITIVE_TAIL_UPLIFT,1,1,,,,,
2025-07-31,U07_POSITIVE_TAIL_UPLIFT_K1,U07_POSITIVE_TAIL_UPLIFT,1,1,,,,,
2024-07-01,U07_POSITIVE_TAIL_UPLIFT_K2,U07_POSITIVE_TAIL_UPLIFT,2,1,,,,,
2024-07-01,U07_POSITIVE_TAIL_UPLIFT_K2,U07_POSITIVE_TAIL_UPLIFT,2,2,,,,,
2024-07-02,U07_POSITIVE_TAIL_UPLIFT_K2,U07_POSITIVE_TAIL_UPLIFT,2,1,,,,,
2024-07-02,U07_POSITIVE_TAIL_UPLIFT_K2,U07_POSITIVE_TAIL_UPLIFT,2,2,,,,,
2024-07-03,U07_POSITIVE_TAIL_UPLIFT_K2,U07_POSITIVE_TAIL_UPLIFT,2,1,,,,,
2024-07-03,U07_POSITIVE_TAIL_UPLIFT_K2,U07_POSITIVE_TAIL_UPLIFT,2,2,,,,,
2024-07-04,U07_POSITIVE_TAIL_UPLIFT_K2,U07_POSITIVE_TAIL_UPLIFT,2,1,,,,,
2024-07-04,U07_POSITIVE_TAIL_UPLIFT_K2,U07_POSITIVE_TAIL_UPLIFT,2,2,,,,,
2024-07-05,U07_POSITIVE_TAIL_UPLIFT_K2,U07_POSITIVE_TAIL_UPLIFT,2,1,,,,,
2024-07-05,U07_POSITIVE_TAIL_UPLIFT_K2,U07_POSITIVE_TAIL_UPLIFT,2,2,,,,,
2024-07-08,U07_POSITIVE_TAIL_UPLIFT_K2,U07_POSITIVE_TAIL_UPLIFT,2,1,,,,,
2024-07-08,U07_POSITIVE_TAIL_UPLIFT_K2,U07_POSITIVE_TAIL_UPLIFT,2,2,,,,,
2024-07-09,U07_POSITIVE_TAIL_UPLIFT_K2,U07_POSITIVE_TAIL_UPLIFT,2,1,,,,,
2024-07-09,U07_POSITIVE_TAIL_UPLIFT_K2,U07_POSITIVE_TAIL_UPLIFT,2,2,,,,,
2024-07-10,U07_POSITIVE_TAIL_UPLIFT_K2,U07_POSITIVE_TAIL_UPLIFT,2,1,,,,,
2024-07-10,U07_POSITIVE_TAIL_UPLIFT_K2,U07_POSITIVE_TAIL_UPLIFT,2,2,,,,,
2024-07-11,U07_POSITIVE_TAIL_UPLIFT_K2,U07_POSITIVE_TAIL_UPLIFT,2,1,,,,,
2024-07-11,U07_POSITIVE_TAIL_UPLIFT_K2,U07_POSITIVE_TAIL_UPLIFT,2,2,,,,,
2024-07-12,U07_POSITIVE_TAIL_UPLIFT_K2,U07_POSITIVE_TAIL_UPLIFT,2,1,,,,,
2024-07-12,U07_POSITIVE_TAIL_UPLIFT_K2,U07_POSITIVE_TAIL_UPLIFT,2,2,,,,,
2024-07-16,U07_POSITIVE_TAIL_UPLIFT_K2,U07_POSITIVE_TAIL_UPLIFT,2,1,,,,,
2024-07-16,U07_POSITIVE_TAIL_UPLIFT_K2,U07_POSITIVE_TAIL_UPLIFT,2,2,,,,,
2024-07-17,U07_POSITIVE_TAIL_UPLIFT_K2,U07_POSITIVE_TAIL_UPLIFT,2,1,,,,,
2024-07-17,U07_POSITIVE_TAIL_UPLIFT_K2,U07_POSITIVE_TAIL_UPLIFT,2,2,,,,,
2024-07-18,U07_POSITIVE_TAIL_UPLIFT_K2,U07_POSITIVE_TAIL_UPLIFT,2,1,,,,,
2024-07-18,U07_POSITIVE_TAIL_UPLIFT_K2,U07_POSITIVE_TAIL_UPLIFT,2,2,,,,,
2024-07-19,U07_POSITIVE_TAIL_UPLIFT_K2,U07_POSITIVE_TAIL_UPLIFT,2,1,,,,,
2024-07-19,U07_POSITIVE_TAIL_UPLIFT_K2,U07_POSITIVE_TAIL_UPLIFT,2,2,,,,,
2024-07-22,U07_POSITIVE_TAIL_UPLIFT_K2,U07_POSITIVE_TAIL_UPLIFT,2,1,,,,,
2024-07-22,U07_POSITIVE_TAIL_UPLIFT_K2,U07_POSITIVE_TAIL_UPLIFT,2,2,,,,,
2024-07-23,U07_POSITIVE_TAIL_UPLIFT_K2,U07_POSITIVE_TAIL_UPLIFT,2,1,,,,,
2024-07-23,U07_POSITIVE_TAIL_UPLIFT_K2,U07_POSITIVE_TAIL_UPLIFT,2,2,,,,,
2024-07-24,U07_POSITIVE_TAIL_UPLIFT_K2,U07_POSITIVE_TAIL_UPLIFT,2,1,9367,大東港運,0.5201770558171465,0.496277915632759,1.0
2024-07-24,U07_POSITIVE_TAIL_UPLIFT_K2,U07_POSITIVE_TAIL_UPLIFT,2,2,,,,,
2024-07-25,U07_POSITIVE_TAIL_UPLIFT_K2,U07_POSITIVE_TAIL_UPLIFT,2,1,,,,,
2024-07-25,U07_POSITIVE_TAIL_UPLIFT_K2,U07_POSITIVE_TAIL_UPLIFT,2,2,,,,,
2024-07-26,U07_POSITIVE_TAIL_UPLIFT_K2,U07_POSITIVE_TAIL_UPLIFT,2,1,,,,,
2024-07-26,U07_POSITIVE_TAIL_UPLIFT_K2,U07_POSITIVE_TAIL_UPLIFT,2,2,,,,,
2024-07-29,U07_POSITIVE_TAIL_UPLIFT_K2,U07_POSITIVE_TAIL_UPLIFT,2,1,,,,,
2024-07-29,U07_POSITIVE_TAIL_UPLIFT_K2,U07_POSITIVE_TAIL_UPLIFT,2,2,,,,,
2024-07-30,U07_POSITIVE_TAIL_UPLIFT_K2,U07_POSITIVE_TAIL_UPLIFT,2,1,,,,,
2024-07-30,U07_POSITIVE_TAIL_UPLIFT_K2,U07_POSITIVE_TAIL_UPLIFT,2,2,,,,,
2024-07-31,U07_POSITIVE_TAIL_UPLIFT_K2,U07_POSITIVE_TAIL_UPLIFT,2,1,,,,,
2024-07-31,U07_POSITIVE_TAIL_UPLIFT_K2,U07_POSITIVE_TAIL_UPLIFT,2,2,,,,,
2025-04-01,U07_POSITIVE_TAIL_UPLIFT_K2,U07_POSITIVE_TAIL_UPLIFT,2,1,,,,,
2025-04-01,U07_POSITIVE_TAIL_UPLIFT_K2,U07_POSITIVE_TAIL_UPLIFT,2,2,,,,,
2025-04-02,U07_POSITIVE_TAIL_UPLIFT_K2,U07_POSITIVE_TAIL_UPLIFT,2,1,,,,,
2025-04-02,U07_POSITIVE_TAIL_UPLIFT_K2,U07_POSITIVE_TAIL_UPLIFT,2,2,,,,,
2025-04-03,U07_POSITIVE_TAIL_UPLIFT_K2,U07_POSITIVE_TAIL_UPLIFT,2,1,,,,,
2025-04-03,U07_POSITIVE_TAIL_UPLIFT_K2,U07_POSITIVE_TAIL_UPLIFT,2,2,,,,,
2025-04-04,U07_POSITIVE_TAIL_UPLIFT_K2,U07_POSITIVE_TAIL_UPLIFT,2,1,7089,フォースタートアップス,0.4012332833798495,-2.200000000000002,0.0
2025-04-04,U07_POSITIVE_TAIL_UPLIFT_K2,U07_POSITIVE_TAIL_UPLIFT,2,2,,,,,
2025-04-07,U07_POSITIVE_TAIL_UPLIFT_K2,U07_POSITIVE_TAIL_UPLIFT,2,1,,,,,
2025-04-07,U07_POSITIVE_TAIL_UPLIFT_K2,U07_POSITIVE_TAIL_UPLIFT,2,2,,,,,
2025-04-08,U07_POSITIVE_TAIL_UPLIFT_K2,U07_POSITIVE_TAIL_UPLIFT,2,1,,,,,
2025-04-08,U07_POSITIVE_TAIL_UPLIFT_K2,U07_POSITIVE_TAIL_UPLIFT,2,2,,,,,
2025-04-09,U07_POSITIVE_TAIL_UPLIFT_K2,U07_POSITIVE_TAIL_UPLIFT,2,1,,,,,
2025-04-09,U07_POSITIVE_TAIL_UPLIFT_K2,U07_POSITIVE_TAIL_UPLIFT,2,2,,,,,
2025-04-10,U07_POSITIVE_TAIL_UPLIFT_K2,U07_POSITIVE_TAIL_UPLIFT,2,1,,,,,
2025-04-10,U07_POSITIVE_TAIL_UPLIFT_K2,U07_POSITIVE_TAIL_UPLIFT,2,2,,,,,
2025-04-11,U07_POSITIVE_TAIL_UPLIFT_K2,U07_POSITIVE_TAIL_UPLIFT,2,1,,,,,
2025-04-11,U07_POSITIVE_TAIL_UPLIFT_K2,U07_POSITIVE_TAIL_UPLIFT,2,2,,,,,
2025-04-14,U07_POSITIVE_TAIL_UPLIFT_K2,U07_POSITIVE_TAIL_UPLIFT,2,1,9778,昴,0.4551951029713715,0.0,0.0
2025-04-14,U07_POSITIVE_TAIL_UPLIFT_K2,U07_POSITIVE_TAIL_UPLIFT,2,2,,,,,
2025-04-22,U07_POSITIVE_TAIL_UPLIFT_K2,U07_POSITIVE_TAIL_UPLIFT,2,1,,,,,
2025-04-22,U07_POSITIVE_TAIL_UPLIFT_K2,U07_POSITIVE_TAIL_UPLIFT,2,2,,,,,
2025-04-23,U07_POSITIVE_TAIL_UPLIFT_K2,U07_POSITIVE_TAIL_UPLIFT,2,1,,,,,
2025-04-23,U07_POSITIVE_TAIL_UPLIFT_K2,U07_POSITIVE_TAIL_UPLIFT,2,2,,,,,
2025-04-24,U07_POSITIVE_TAIL_UPLIFT_K2,U07_POSITIVE_TAIL_UPLIFT,2,1,,,,,
2025-04-24,U07_POSITIVE_TAIL_UPLIFT_K2,U07_POSITIVE_TAIL_UPLIFT,2,2,,,,,
2025-04-25,U07_POSITIVE_TAIL_UPLIFT_K2,U07_POSITIVE_TAIL_UPLIFT,2,1,,,,,
2025-04-25,U07_POSITIVE_TAIL_UPLIFT_K2,U07_POSITIVE_TAIL_UPLIFT,2,2,,,,,
2025-04-30,U07_POSITIVE_TAIL_UPLIFT_K2,U07_POSITIVE_TAIL_UPLIFT,2,1,,,,,
2025-04-30,U07_POSITIVE_TAIL_UPLIFT_K2,U07_POSITIVE_TAIL_UPLIFT,2,2,,,,,
2025-05-01,U07_POSITIVE_TAIL_UPLIFT_K2,U07_POSITIVE_TAIL_UPLIFT,2,1,,,,,
2025-05-01,U07_POSITIVE_TAIL_UPLIFT_K2,U07_POSITIVE_TAIL_UPLIFT,2,2,,,,,
2025-05-08,U07_POSITIVE_TAIL_UPLIFT_K2,U07_POSITIVE_TAIL_UPLIFT,2,1,,,,,
2025-05-08,U07_POSITIVE_TAIL_UPLIFT_K2,U07_POSITIVE_TAIL_UPLIFT,2,2,,,,,
2025-05-09,U07_POSITIVE_TAIL_UPLIFT_K2,U07_POSITIVE_TAIL_UPLIFT,2,1,,,,,
2025-05-09,U07_POSITIVE_TAIL_UPLIFT_K2,U07_POSITIVE_TAIL_UPLIFT,2,2,,,,,
2025-05-12,U07_POSITIVE_TAIL_UPLIFT_K2,U07_POSITIVE_TAIL_UPLIFT,2,1,,,,,
2025-05-12,U07_POSITIVE_TAIL_UPLIFT_K2,U07_POSITIVE_TAIL_UPLIFT,2,2,,,,,
2025-05-13,U07_POSITIVE_TAIL_UPLIFT_K2,U07_POSITIVE_TAIL_UPLIFT,2,1,,,,,
2025-05-13,U07_POSITIVE_TAIL_UPLIFT_K2,U07_POSITIVE_TAIL_UPLIFT,2,2,,,,,
2025-05-14,U07_POSITIVE_TAIL_UPLIFT_K2,U07_POSITIVE_TAIL_UPLIFT,2,1,,,,,
2025-05-14,U07_POSITIVE_TAIL_UPLIFT_K2,U07_POSITIVE_TAIL_UPLIFT,2,2,,,,,
2025-05-15,U07_POSITIVE_TAIL_UPLIFT_K2,U07_POSITIVE_TAIL_UPLIFT,2,1,,,,,
2025-05-15,U07_POSITIVE_TAIL_UPLIFT_K2,U07_POSITIVE_TAIL_UPLIFT,2,2,,,,,
2025-05-16,U07_POSITIVE_TAIL_UPLIFT_K2,U07_POSITIVE_TAIL_UPLIFT,2,1,,,,,
2025-05-16,U07_POSITIVE_TAIL_UPLIFT_K2,U07_POSITIVE_TAIL_UPLIFT,2,2,,,,,
2025-05-19,U07_POSITIVE_TAIL_UPLIFT_K2,U07_POSITIVE_TAIL_UPLIFT,2,1,,,,,
2025-05-19,U07_POSITIVE_TAIL_UPLIFT_K2,U07_POSITIVE_TAIL_UPLIFT,2,2,,,,,
2025-05-20,U07_POSITIVE_TAIL_UPLIFT_K2,U07_POSITIVE_TAIL_UPLIFT,2,1,,,,,
2025-05-20,U07_POSITIVE_TAIL_UPLIFT_K2,U07_POSITIVE_TAIL_UPLIFT,2,2,,,,,
2025-05-21,U07_POSITIVE_TAIL_UPLIFT_K2,U07_POSITIVE_TAIL_UPLIFT,2,1,,,,,
2025-05-21,U07_POSITIVE_TAIL_UPLIFT_K2,U07_POSITIVE_TAIL_UPLIFT,2,2,,,,,
2025-05-27,U07_POSITIVE_TAIL_UPLIFT_K2,U07_POSITIVE_TAIL_UPLIFT,2,1,,,,,
2025-05-27,U07_POSITIVE_TAIL_UPLIFT_K2,U07_POSITIVE_TAIL_UPLIFT,2,2,,,,,
2025-05-28,U07_POSITIVE_TAIL_UPLIFT_K2,U07_POSITIVE_TAIL_UPLIFT,2,1,,,,,
2025-05-28,U07_POSITIVE_TAIL_UPLIFT_K2,U07_POSITIVE_TAIL_UPLIFT,2,2,,,,,
2025-05-29,U07_POSITIVE_TAIL_UPLIFT_K2,U07_POSITIVE_TAIL_UPLIFT,2,1,,,,,
2025-05-29,U07_POSITIVE_TAIL_UPLIFT_K2,U07_POSITIVE_TAIL_UPLIFT,2,2,,,,,
2025-05-30,U07_POSITIVE_TAIL_UPLIFT_K2,U07_POSITIVE_TAIL_UPLIFT,2,1,,,,,
2025-05-30,U07_POSITIVE_TAIL_UPLIFT_K2,U07_POSITIVE_TAIL_UPLIFT,2,2,,,,,
2025-06-02,U07_POSITIVE_TAIL_UPLIFT_K2,U07_POSITIVE_TAIL_UPLIFT,2,1,,,,,
2025-06-02,U07_POSITIVE_TAIL_UPLIFT_K2,U07_POSITIVE_TAIL_UPLIFT,2,2,,,,,
2025-06-03,U07_POSITIVE_TAIL_UPLIFT_K2,U07_POSITIVE_TAIL_UPLIFT,2,1,,,,,
2025-06-03,U07_POSITIVE_TAIL_UPLIFT_K2,U07_POSITIVE_TAIL_UPLIFT,2,2,,,,,
2025-06-04,U07_POSITIVE_TAIL_UPLIFT_K2,U07_POSITIVE_TAIL_UPLIFT,2,1,,,,,
2025-06-04,U07_POSITIVE_TAIL_UPLIFT_K2,U07_POSITIVE_TAIL_UPLIFT,2,2,,,,,
2025-06-05,U07_POSITIVE_TAIL_UPLIFT_K2,U07_POSITIVE_TAIL_UPLIFT,2,1,,,,,
2025-06-05,U07_POSITIVE_TAIL_UPLIFT_K2,U07_POSITIVE_TAIL_UPLIFT,2,2,,,,,
2025-06-06,U07_POSITIVE_TAIL_UPLIFT_K2,U07_POSITIVE_TAIL_UPLIFT,2,1,,,,,
2025-06-06,U07_POSITIVE_TAIL_UPLIFT_K2,U07_POSITIVE_TAIL_UPLIFT,2,2,,,,,
2025-06-09,U07_POSITIVE_TAIL_UPLIFT_K2,U07_POSITIVE_TAIL_UPLIFT,2,1,,,,,
2025-06-09,U07_POSITIVE_TAIL_UPLIFT_K2,U07_POSITIVE_TAIL_UPLIFT,2,2,,,,,
2025-06-10,U07_POSITIVE_TAIL_UPLIFT_K2,U07_POSITIVE_TAIL_UPLIFT,2,1,,,,,
2025-06-10,U07_POSITIVE_TAIL_UPLIFT_K2,U07_POSITIVE_TAIL_UPLIFT,2,2,,,,,
2025-06-11,U07_POSITIVE_TAIL_UPLIFT_K2,U07_POSITIVE_TAIL_UPLIFT,2,1,,,,,
2025-06-11,U07_POSITIVE_TAIL_UPLIFT_K2,U07_POSITIVE_TAIL_UPLIFT,2,2,,,,,
2025-06-12,U07_POSITIVE_TAIL_UPLIFT_K2,U07_POSITIVE_TAIL_UPLIFT,2,1,,,,,
2025-06-12,U07_POSITIVE_TAIL_UPLIFT_K2,U07_POSITIVE_TAIL_UPLIFT,2,2,,,,,
2025-06-13,U07_POSITIVE_TAIL_UPLIFT_K2,U07_POSITIVE_TAIL_UPLIFT,2,1,,,,,
2025-06-13,U07_POSITIVE_TAIL_UPLIFT_K2,U07_POSITIVE_TAIL_UPLIFT,2,2,,,,,
2025-06-17,U07_POSITIVE_TAIL_UPLIFT_K2,U07_POSITIVE_TAIL_UPLIFT,2,1,,,,,
2025-06-17,U07_POSITIVE_TAIL_UPLIFT_K2,U07_POSITIVE_TAIL_UPLIFT,2,2,,,,,
2025-06-18,U07_POSITIVE_TAIL_UPLIFT_K2,U07_POSITIVE_TAIL_UPLIFT,2,1,,,,,
2025-06-18,U07_POSITIVE_TAIL_UPLIFT_K2,U07_POSITIVE_TAIL_UPLIFT,2,2,,,,,
2025-06-19,U07_POSITIVE_TAIL_UPLIFT_K2,U07_POSITIVE_TAIL_UPLIFT,2,1,,,,,
2025-06-19,U07_POSITIVE_TAIL_UPLIFT_K2,U07_POSITIVE_TAIL_UPLIFT,2,2,,,,,
2025-06-20,U07_POSITIVE_TAIL_UPLIFT_K2,U07_POSITIVE_TAIL_UPLIFT,2,1,,,,,
2025-06-20,U07_POSITIVE_TAIL_UPLIFT_K2,U07_POSITIVE_TAIL_UPLIFT,2,2,,,,,
2025-06-24,U07_POSITIVE_TAIL_UPLIFT_K2,U07_POSITIVE_TAIL_UPLIFT,2,1,,,,,
2025-06-24,U07_POSITIVE_TAIL_UPLIFT_K2,U07_POSITIVE_TAIL_UPLIFT,2,2,,,,,
2025-06-25,U07_POSITIVE_TAIL_UPLIFT_K2,U07_POSITIVE_TAIL_UPLIFT,2,1,,,,,
2025-06-25,U07_POSITIVE_TAIL_UPLIFT_K2,U07_POSITIVE_TAIL_UPLIFT,2,2,,,,,
2025-06-26,U07_POSITIVE_TAIL_UPLIFT_K2,U07_POSITIVE_TAIL_UPLIFT,2,1,,,,,
2025-06-26,U07_POSITIVE_TAIL_UPLIFT_K2,U07_POSITIVE_TAIL_UPLIFT,2,2,,,,,
2025-06-27,U07_POSITIVE_TAIL_UPLIFT_K2,U07_POSITIVE_TAIL_UPLIFT,2,1,,,,,
2025-06-27,U07_POSITIVE_TAIL_UPLIFT_K2,U07_POSITIVE_TAIL_UPLIFT,2,2,,,,,
2025-06-30,U07_POSITIVE_TAIL_UPLIFT_K2,U07_POSITIVE_TAIL_UPLIFT,2,1,,,,,
2025-06-30,U07_POSITIVE_TAIL_UPLIFT_K2,U07_POSITIVE_TAIL_UPLIFT,2,2,,,,,
2025-07-01,U07_POSITIVE_TAIL_UPLIFT_K2,U07_POSITIVE_TAIL_UPLIFT,2,1,,,,,
2025-07-01,U07_POSITIVE_TAIL_UPLIFT_K2,U07_POSITIVE_TAIL_UPLIFT,2,2,,,,,
2025-07-02,U07_POSITIVE_TAIL_UPLIFT_K2,U07_POSITIVE_TAIL_UPLIFT,2,1,,,,,
2025-07-02,U07_POSITIVE_TAIL_UPLIFT_K2,U07_POSITIVE_TAIL_UPLIFT,2,2,,,,,
2025-07-07,U07_POSITIVE_TAIL_UPLIFT_K2,U07_POSITIVE_TAIL_UPLIFT,2,1,,,,,
2025-07-07,U07_POSITIVE_TAIL_UPLIFT_K2,U07_POSITIVE_TAIL_UPLIFT,2,2,,,,,
2025-07-08,U07_POSITIVE_TAIL_UPLIFT_K2,U07_POSITIVE_TAIL_UPLIFT,2,1,,,,,
2025-07-08,U07_POSITIVE_TAIL_UPLIFT_K2,U07_POSITIVE_TAIL_UPLIFT,2,2,,,,,
2025-07-09,U07_POSITIVE_TAIL_UPLIFT_K2,U07_POSITIVE_TAIL_UPLIFT,2,1,,,,,
2025-07-09,U07_POSITIVE_TAIL_UPLIFT_K2,U07_POSITIVE_TAIL_UPLIFT,2,2,,,,,
2025-07-10,U07_POSITIVE_TAIL_UPLIFT_K2,U07_POSITIVE_TAIL_UPLIFT,2,1,,,,,
2025-07-10,U07_POSITIVE_TAIL_UPLIFT_K2,U07_POSITIVE_TAIL_UPLIFT,2,2,,,,,
2025-07-11,U07_POSITIVE_TAIL_UPLIFT_K2,U07_POSITIVE_TAIL_UPLIFT,2,1,,,,,
2025-07-11,U07_POSITIVE_TAIL_UPLIFT_K2,U07_POSITIVE_TAIL_UPLIFT,2,2,,,,,
2025-07-14,U07_POSITIVE_TAIL_UPLIFT_K2,U07_POSITIVE_TAIL_UPLIFT,2,1,,,,,
2025-07-14,U07_POSITIVE_TAIL_UPLIFT_K2,U07_POSITIVE_TAIL_UPLIFT,2,2,,,,,
2025-07-15,U07_POSITIVE_TAIL_UPLIFT_K2,U07_POSITIVE_TAIL_UPLIFT,2,1,,,,,
2025-07-15,U07_POSITIVE_TAIL_UPLIFT_K2,U07_POSITIVE_TAIL_UPLIFT,2,2,,,,,
2025-07-16,U07_POSITIVE_TAIL_UPLIFT_K2,U07_POSITIVE_TAIL_UPLIFT,2,1,,,,,
2025-07-16,U07_POSITIVE_TAIL_UPLIFT_K2,U07_POSITIVE_TAIL_UPLIFT,2,2,,,,,
2025-07-23,U07_POSITIVE_TAIL_UPLIFT_K2,U07_POSITIVE_TAIL_UPLIFT,2,1,,,,,
2025-07-23,U07_POSITIVE_TAIL_UPLIFT_K2,U07_POSITIVE_TAIL_UPLIFT,2,2,,,,,
2025-07-24,U07_POSITIVE_TAIL_UPLIFT_K2,U07_POSITIVE_TAIL_UPLIFT,2,1,,,,,
2025-07-24,U07_POSITIVE_TAIL_UPLIFT_K2,U07_POSITIVE_TAIL_UPLIFT,2,2,,,,,
2025-07-25,U07_POSITIVE_TAIL_UPLIFT_K2,U07_POSITIVE_TAIL_UPLIFT,2,1,,,,,
2025-07-25,U07_POSITIVE_TAIL_UPLIFT_K2,U07_POSITIVE_TAIL_UPLIFT,2,2,,,,,
2025-07-28,U07_POSITIVE_TAIL_UPLIFT_K2,U07_POSITIVE_TAIL_UPLIFT,2,1,,,,,
2025-07-28,U07_POSITIVE_TAIL_UPLIFT_K2,U07_POSITIVE_TAIL_UPLIFT,2,2,,,,,
2025-07-29,U07_POSITIVE_TAIL_UPLIFT_K2,U07_POSITIVE_TAIL_UPLIFT,2,1,,,,,
2025-07-29,U07_POSITIVE_TAIL_UPLIFT_K2,U07_POSITIVE_TAIL_UPLIFT,2,2,,,,,
2025-07-30,U07_POSITIVE_TAIL_UPLIFT_K2,U07_POSITIVE_TAIL_UPLIFT,2,1,,,,,
2025-07-30,U07_POSITIVE_TAIL_UPLIFT_K2,U07_POSITIVE_TAIL_UPLIFT,2,2,,,,,
2025-07-31,U07_POSITIVE_TAIL_UPLIFT_K2,U07_POSITIVE_TAIL_UPLIFT,2,1,,,,,
2025-07-31,U07_POSITIVE_TAIL_UPLIFT_K2,U07_POSITIVE_TAIL_UPLIFT,2,2,,,,,
2024-07-01,U08_HONEST_CROSSFIT_POLICY_TREE_K1,U08_HONEST_CROSSFIT_POLICY_TREE,1,1,1375,雪国まいたけ,1.1483721082343004,-0.9756097560975618,0.0
2024-07-02,U08_HONEST_CROSSFIT_POLICY_TREE_K1,U08_HONEST_CROSSFIT_POLICY_TREE,1,1,1450,⽥中建設⼯業,1.1483721082343004,-0.08594757198109315,0.0
2024-07-03,U08_HONEST_CROSSFIT_POLICY_TREE_K1,U08_HONEST_CROSSFIT_POLICY_TREE,1,1,2670,エービーシー・マート,1.1483721082343004,-2.1109976166155953,0.0
2024-07-04,U08_HONEST_CROSSFIT_POLICY_TREE_K1,U08_HONEST_CROSSFIT_POLICY_TREE,1,1,1721,コムシスホールディングス,1.1483721082343004,0.18564356435644136,1.0
2024-07-05,U08_HONEST_CROSSFIT_POLICY_TREE_K1,U08_HONEST_CROSSFIT_POLICY_TREE,1,1,2789,カルラ,1.1483721082343004,1.7543859649122862,1.0
2024-07-08,U08_HONEST_CROSSFIT_POLICY_TREE_K1,U08_HONEST_CROSSFIT_POLICY_TREE,1,1,1518,三井松島ホールディングス,1.1483721082343004,7.047619047619058,1.0
2024-07-09,U08_HONEST_CROSSFIT_POLICY_TREE_K1,U08_HONEST_CROSSFIT_POLICY_TREE,1,1,1926,ライト⼯業,1.1483721082343004,0.7572172266919086,1.0
2024-07-10,U08_HONEST_CROSSFIT_POLICY_TREE_K1,U08_HONEST_CROSSFIT_POLICY_TREE,1,1,1333,マルハニチロ,1.1483721082343004,0.0,0.0
2024-07-11,U08_HONEST_CROSSFIT_POLICY_TREE_K1,U08_HONEST_CROSSFIT_POLICY_TREE,1,1,141A,トライアルホールディングス,1.1483721082343004,-2.538071065989844,0.0
2024-07-12,U08_HONEST_CROSSFIT_POLICY_TREE_K1,U08_HONEST_CROSSFIT_POLICY_TREE,1,1,2222,寿スピリッツ,1.1483721082343004,1.1785805790417658,1.0
2024-07-16,U08_HONEST_CROSSFIT_POLICY_TREE_K1,U08_HONEST_CROSSFIT_POLICY_TREE,1,1,1726,ビーアールホールディングス,1.1483721082343004,-0.544959128065392,0.0
2024-07-17,U08_HONEST_CROSSFIT_POLICY_TREE_K1,U08_HONEST_CROSSFIT_POLICY_TREE,1,1,1419,タマホーム,1.1483721082343004,0.8869179600886845,1.0
2024-07-18,U08_HONEST_CROSSFIT_POLICY_TREE_K1,U08_HONEST_CROSSFIT_POLICY_TREE,1,1,165A,ＳＢＩレオスひふみ,1.1483721082343004,-1.7988552739165997,0.0
2024-07-19,U08_HONEST_CROSSFIT_POLICY_TREE_K1,U08_HONEST_CROSSFIT_POLICY_TREE,1,1,2267,ヤクルト本社,1.1483721082343004,-0.8576329331046351,0.0
2024-07-22,U08_HONEST_CROSSFIT_POLICY_TREE_K1,U08_HONEST_CROSSFIT_POLICY_TREE,1,1,146A,コロンビア・ワークス,1.1483721082343004,-2.717391304347827,0.0
2024-07-23,U08_HONEST_CROSSFIT_POLICY_TREE_K1,U08_HONEST_CROSSFIT_POLICY_TREE,1,1,1514,住石ホールディングス,1.1483721082343004,-0.16380016380016515,0.0
2024-07-24,U08_HONEST_CROSSFIT_POLICY_TREE_K1,U08_HONEST_CROSSFIT_POLICY_TREE,1,1,1375,雪国まいたけ,1.1483721082343004,-0.990099009900991,0.0
2024-07-25,U08_HONEST_CROSSFIT_POLICY_TREE_K1,U08_HONEST_CROSSFIT_POLICY_TREE,1,1,1941,中電⼯,1.1483721082343004,0.6201550387596955,1.0
2024-07-26,U08_HONEST_CROSSFIT_POLICY_TREE_K1,U08_HONEST_CROSSFIT_POLICY_TREE,1,1,1419,タマホーム,1.1483721082343004,-1.7797552836484987,0.0
2024-07-29,U08_HONEST_CROSSFIT_POLICY_TREE_K1,U08_HONEST_CROSSFIT_POLICY_TREE,1,1,1436,ＧｒｅｅｎＥｎｅｒｇｙ ＆ Ｃｏｍｐａｎｙ,1.1483721082343004,1.6352201257861632,1.0
2024-07-30,U08_HONEST_CROSSFIT_POLICY_TREE_K1,U08_HONEST_CROSSFIT_POLICY_TREE,1,1,2678,アスクル,1.1483721082343004,-3.561643835616435,0.0
2024-07-31,U08_HONEST_CROSSFIT_POLICY_TREE_K1,U08_HONEST_CROSSFIT_POLICY_TREE,1,1,3191,ジョイフル本⽥,1.1483721082343004,1.3488372093023226,1.0
2025-04-01,U08_HONEST_CROSSFIT_POLICY_TREE_K1,U08_HONEST_CROSSFIT_POLICY_TREE,1,1,2354,ＹＥ ＤＩＧＩＴＡＬ,0.7184527821754074,3.0694668820678617,1.0
2025-04-02,U08_HONEST_CROSSFIT_POLICY_TREE_K1,U08_HONEST_CROSSFIT_POLICY_TREE,1,1,,,,,
2025-04-03,U08_HONEST_CROSSFIT_POLICY_TREE_K1,U08_HONEST_CROSSFIT_POLICY_TREE,1,1,7447,ナガイレーベン,0.7184527821754074,-0.8836524300441795,0.0
2025-04-04,U08_HONEST_CROSSFIT_POLICY_TREE_K1,U08_HONEST_CROSSFIT_POLICY_TREE,1,1,3549,クスリのアオキホールディングス,0.7184527821754074,-2.918820310124659,0.0
2025-04-07,U08_HONEST_CROSSFIT_POLICY_TREE_K1,U08_HONEST_CROSSFIT_POLICY_TREE,1,1,2685,アダストリア,0.7184527821754074,-4.279444038039504,0.0
2025-04-08,U08_HONEST_CROSSFIT_POLICY_TREE_K1,U08_HONEST_CROSSFIT_POLICY_TREE,1,1,3186,ネクステージ,0.7184527821754074,-12.308673469387754,0.0
2025-04-09,U08_HONEST_CROSSFIT_POLICY_TREE_K1,U08_HONEST_CROSSFIT_POLICY_TREE,1,1,3454,ファーストブラザーズ,0.7184527821754074,-2.4261603375527407,0.0
2025-04-10,U08_HONEST_CROSSFIT_POLICY_TREE_K1,U08_HONEST_CROSSFIT_POLICY_TREE,1,1,2670,エービーシー・マート,0.7184527821754074,-2.1804511278195493,0.0
2025-04-11,U08_HONEST_CROSSFIT_POLICY_TREE_K1,U08_HONEST_CROSSFIT_POLICY_TREE,1,1,1419,タマホーム,0.7184527821754074,4.341736694677878,1.0
2025-04-14,U08_HONEST_CROSSFIT_POLICY_TREE_K1,U08_HONEST_CROSSFIT_POLICY_TREE,1,1,2186,ソーバル,0.7184527821754074,0.4514672686230181,1.0
2025-04-22,U08_HONEST_CROSSFIT_POLICY_TREE_K1,U08_HONEST_CROSSFIT_POLICY_TREE,1,1,,,,,
2025-04-23,U08_HONEST_CROSSFIT_POLICY_TREE_K1,U08_HONEST_CROSSFIT_POLICY_TREE,1,1,2268,Ｂ−Ｒ サーティワン アイスクリーム,0.7184527821754074,-0.9791921664626724,0.0
2025-04-24,U08_HONEST_CROSSFIT_POLICY_TREE_K1,U08_HONEST_CROSSFIT_POLICY_TREE,1,1,5576,オービーシステム,0.7184527821754074,-2.182539682539686,0.0
2025-04-25,U08_HONEST_CROSSFIT_POLICY_TREE_K1,U08_HONEST_CROSSFIT_POLICY_TREE,1,1,2211,不二家,0.7184527821754074,-0.08474576271186862,0.0
2025-04-30,U08_HONEST_CROSSFIT_POLICY_TREE_K1,U08_HONEST_CROSSFIT_POLICY_TREE,1,1,1718,美樹⼯業,0.7184527821754074,0.743494423791824,1.0
2025-05-01,U08_HONEST_CROSSFIT_POLICY_TREE_K1,U08_HONEST_CROSSFIT_POLICY_TREE,1,1,1939,四電⼯,0.48260652216511224,-0.9441384736427971,0.0
2025-05-08,U08_HONEST_CROSSFIT_POLICY_TREE_K1,U08_HONEST_CROSSFIT_POLICY_TREE,1,1,1723,日本電技,0.48260652216511224,4.924760601915179,1.0
2025-05-09,U08_HONEST_CROSSFIT_POLICY_TREE_K1,U08_HONEST_CROSSFIT_POLICY_TREE,1,1,2060,フィード・ワン,0.48260652216511224,-0.6315789473684164,0.0
2025-05-12,U08_HONEST_CROSSFIT_POLICY_TREE_K1,U08_HONEST_CROSSFIT_POLICY_TREE,1,1,1375,ユキグニファクトリー,0.48260652216511224,-0.7213706041478862,0.0
2025-05-13,U08_HONEST_CROSSFIT_POLICY_TREE_K1,U08_HONEST_CROSSFIT_POLICY_TREE,1,1,1333,マルハニチロ,0.48260652216511224,-2.4311183144246407,0.0
2025-05-14,U08_HONEST_CROSSFIT_POLICY_TREE_K1,U08_HONEST_CROSSFIT_POLICY_TREE,1,1,1417,ミライト・ワン,0.48260652216511224,3.541666666666665,1.0
2025-05-15,U08_HONEST_CROSSFIT_POLICY_TREE_K1,U08_HONEST_CROSSFIT_POLICY_TREE,1,1,146A,コロンビア・ワークス,0.48260652216511224,1.7676767676767735,1.0
2025-05-16,U08_HONEST_CROSSFIT_POLICY_TREE_K1,U08_HONEST_CROSSFIT_POLICY_TREE,1,1,142A,ジンジブ,0.48260652216511224,4.921259842519676,1.0
2025-05-19,U08_HONEST_CROSSFIT_POLICY_TREE_K1,U08_HONEST_CROSSFIT_POLICY_TREE,1,1,2329,東北新社,0.48260652216511224,0.3389830508474523,1.0
2025-05-20,U08_HONEST_CROSSFIT_POLICY_TREE_K1,U08_HONEST_CROSSFIT_POLICY_TREE,1,1,5194,相模ゴム⼯業,0.48260652216511224,-0.8781558726673966,0.0
2025-05-21,U08_HONEST_CROSSFIT_POLICY_TREE_K1,U08_HONEST_CROSSFIT_POLICY_TREE,1,1,1443,技研ホールディングス,0.48260652216511224,-3.535353535353536,0.0
2025-05-27,U08_HONEST_CROSSFIT_POLICY_TREE_K1,U08_HONEST_CROSSFIT_POLICY_TREE,1,1,9360,鈴与シンワート,0.48260652216511224,-0.636042402826853,0.0
2025-05-28,U08_HONEST_CROSSFIT_POLICY_TREE_K1,U08_HONEST_CROSSFIT_POLICY_TREE,1,1,5122,オカモト,0.48260652216511224,-0.7692307692307665,0.0
2025-05-29,U08_HONEST_CROSSFIT_POLICY_TREE_K1,U08_HONEST_CROSSFIT_POLICY_TREE,1,1,,,,,
2025-05-30,U08_HONEST_CROSSFIT_POLICY_TREE_K1,U08_HONEST_CROSSFIT_POLICY_TREE,1,1,5121,藤倉コンポジット,0.48260652216511224,1.0000000000000009,1.0
2025-06-02,U08_HONEST_CROSSFIT_POLICY_TREE_K1,U08_HONEST_CROSSFIT_POLICY_TREE,1,1,3917,アイリッジ,0.8944571003726702,-0.3780718336483968,0.0
2025-06-03,U08_HONEST_CROSSFIT_POLICY_TREE_K1,U08_HONEST_CROSSFIT_POLICY_TREE,1,1,,,,,
2025-06-04,U08_HONEST_CROSSFIT_POLICY_TREE_K1,U08_HONEST_CROSSFIT_POLICY_TREE,1,1,,,,,
2025-06-05,U08_HONEST_CROSSFIT_POLICY_TREE_K1,U08_HONEST_CROSSFIT_POLICY_TREE,1,1,,,,,
2025-06-06,U08_HONEST_CROSSFIT_POLICY_TREE_K1,U08_HONEST_CROSSFIT_POLICY_TREE,1,1,8746,ＵＮＢＡＮＫＥＤ,0.8944571003726702,-2.9090909090909056,0.0
2025-06-09,U08_HONEST_CROSSFIT_POLICY_TREE_K1,U08_HONEST_CROSSFIT_POLICY_TREE,1,1,2681,ゲオホールディングス,0.8944571003726702,-1.4593908629441654,0.0
2025-06-10,U08_HONEST_CROSSFIT_POLICY_TREE_K1,U08_HONEST_CROSSFIT_POLICY_TREE,1,1,,,,,
2025-06-11,U08_HONEST_CROSSFIT_POLICY_TREE_K1,U08_HONEST_CROSSFIT_POLICY_TREE,1,1,9632,スバル興業,0.8944571003726702,-4.0322580645161255,0.0
2025-06-12,U08_HONEST_CROSSFIT_POLICY_TREE_K1,U08_HONEST_CROSSFIT_POLICY_TREE,1,1,2375,ギグワークス,0.8944571003726702,-1.7391304347826098,0.0
2025-06-13,U08_HONEST_CROSSFIT_POLICY_TREE_K1,U08_HONEST_CROSSFIT_POLICY_TREE,1,1,215A,タイミー,0.8944571003726702,6.662735849056611,1.0
2025-06-17,U08_HONEST_CROSSFIT_POLICY_TREE_K1,U08_HONEST_CROSSFIT_POLICY_TREE,1,1,2342,トランスジェニックグループ,0.8944571003726702,16.393442622950815,1.0
2025-06-18,U08_HONEST_CROSSFIT_POLICY_TREE_K1,U08_HONEST_CROSSFIT_POLICY_TREE,1,1,6324,ハーモニック・ドライブ・システムズ,0.8944571003726702,1.0337698139214258,1.0
2025-06-19,U08_HONEST_CROSSFIT_POLICY_TREE_K1,U08_HONEST_CROSSFIT_POLICY_TREE,1,1,,,,,
2025-06-20,U08_HONEST_CROSSFIT_POLICY_TREE_K1,U08_HONEST_CROSSFIT_POLICY_TREE,1,1,2418,ツカダ・グローバルホールディング,0.8944571003726702,-1.7543859649122862,0.0
2025-06-24,U08_HONEST_CROSSFIT_POLICY_TREE_K1,U08_HONEST_CROSSFIT_POLICY_TREE,1,1,2196,エスクリ,0.8944571003726702,-2.314814814814814,0.0
2025-06-25,U08_HONEST_CROSSFIT_POLICY_TREE_K1,U08_HONEST_CROSSFIT_POLICY_TREE,1,1,,,,,
2025-06-26,U08_HONEST_CROSSFIT_POLICY_TREE_K1,U08_HONEST_CROSSFIT_POLICY_TREE,1,1,7202,いすゞ自動車,0.8944571003726702,-0.5532503457814641,0.0
2025-06-27,U08_HONEST_CROSSFIT_POLICY_TREE_K1,U08_HONEST_CROSSFIT_POLICY_TREE,1,1,3858,ユビキタスＡＩ,0.8944571003726702,-2.020202020202022,0.0
2025-06-30,U08_HONEST_CROSSFIT_POLICY_TREE_K1,U08_HONEST_CROSSFIT_POLICY_TREE,1,1,8630,ＳＯＭＰＯホールディングス,0.8944571003726702,0.6719184430027836,1.0
2025-07-01,U08_HONEST_CROSSFIT_POLICY_TREE_K1,U08_HONEST_CROSSFIT_POLICY_TREE,1,1,2975,スター・マイカ・ホールディングス,1.0053644015886178,-2.7055150884495283,0.0
2025-07-02,U08_HONEST_CROSSFIT_POLICY_TREE_K1,U08_HONEST_CROSSFIT_POLICY_TREE,1,1,,,,,
2025-07-07,U08_HONEST_CROSSFIT_POLICY_TREE_K1,U08_HONEST_CROSSFIT_POLICY_TREE,1,1,6492,岡野バルブ製造,1.0053644015886178,-0.8445945945945943,0.0
2025-07-08,U08_HONEST_CROSSFIT_POLICY_TREE_K1,U08_HONEST_CROSSFIT_POLICY_TREE,1,1,3186,ネクステージ,1.0053644015886178,-2.8836251287332693,0.0
2025-07-09,U08_HONEST_CROSSFIT_POLICY_TREE_K1,U08_HONEST_CROSSFIT_POLICY_TREE,1,1,4735,京進,1.0053644015886178,3.289473684210531,1.0
2025-07-10,U08_HONEST_CROSSFIT_POLICY_TREE_K1,U08_HONEST_CROSSFIT_POLICY_TREE,1,1,3093,トレジャー・ファクトリー,1.0053644015886178,8.573072497123135,1.0
2025-07-11,U08_HONEST_CROSSFIT_POLICY_TREE_K1,U08_HONEST_CROSSFIT_POLICY_TREE,1,1,3907,シリコンスタジオ,1.0053644015886178,-5.000000000000004,0.0
2025-07-14,U08_HONEST_CROSSFIT_POLICY_TREE_K1,U08_HONEST_CROSSFIT_POLICY_TREE,1,1,198A,ＰｏｓｔＰｒｉｍｅ,1.0053644015886178,5.555555555555558,1.0
2025-07-15,U08_HONEST_CROSSFIT_POLICY_TREE_K1,U08_HONEST_CROSSFIT_POLICY_TREE,1,1,135A,ＶＲＡＩＮ Ｓｏｌｕｔｉｏｎ,1.0053644015886178,0.0,0.0
2025-07-16,U08_HONEST_CROSSFIT_POLICY_TREE_K1,U08_HONEST_CROSSFIT_POLICY_TREE,1,1,2345,クシム,1.0053644015886178,-2.7906976744186074,0.0
2025-07-23,U08_HONEST_CROSSFIT_POLICY_TREE_K1,U08_HONEST_CROSSFIT_POLICY_TREE,1,1,296A,令和アカウンティング・ホールディングス,1.0053644015886178,-3.042876901798064,0.0
2025-07-24,U08_HONEST_CROSSFIT_POLICY_TREE_K1,U08_HONEST_CROSSFIT_POLICY_TREE,1,1,4684,オービック,1.0053644015886178,-2.035398230088492,0.0
2025-07-25,U08_HONEST_CROSSFIT_POLICY_TREE_K1,U08_HONEST_CROSSFIT_POLICY_TREE,1,1,4519,中外製薬,1.0053644015886178,1.3530305122186892,1.0
2025-07-28,U08_HONEST_CROSSFIT_POLICY_TREE_K1,U08_HONEST_CROSSFIT_POLICY_TREE,1,1,4107,伊勢化学⼯業,1.0053644015886178,3.7769784172661858,1.0
2025-07-29,U08_HONEST_CROSSFIT_POLICY_TREE_K1,U08_HONEST_CROSSFIT_POLICY_TREE,1,1,3635,コーエーテクモホールディングス,1.0053644015886178,1.2392513909964542,1.0
2025-07-30,U08_HONEST_CROSSFIT_POLICY_TREE_K1,U08_HONEST_CROSSFIT_POLICY_TREE,1,1,2760,東京エレクトロン デバイス,1.0053644015886178,2.3219205037386947,1.0
2025-07-31,U08_HONEST_CROSSFIT_POLICY_TREE_K1,U08_HONEST_CROSSFIT_POLICY_TREE,1,1,2327,日鉄ソリューションズ,1.0053644015886178,-1.2465373961218829,0.0
2024-07-01,U08_HONEST_CROSSFIT_POLICY_TREE_K2,U08_HONEST_CROSSFIT_POLICY_TREE,2,1,1375,雪国まいたけ,1.1483721082343004,-0.9756097560975618,0.0
2024-07-01,U08_HONEST_CROSSFIT_POLICY_TREE_K2,U08_HONEST_CROSSFIT_POLICY_TREE,2,2,143A,イシン,1.1483721082343004,2.5709219858156107,1.0
2024-07-02,U08_HONEST_CROSSFIT_POLICY_TREE_K2,U08_HONEST_CROSSFIT_POLICY_TREE,2,1,1450,⽥中建設⼯業,1.1483721082343004,-0.08594757198109315,0.0
2024-07-02,U08_HONEST_CROSSFIT_POLICY_TREE_K2,U08_HONEST_CROSSFIT_POLICY_TREE,2,2,1866,北野建設,1.1483721082343004,-0.6622516556291425,0.0
2024-07-03,U08_HONEST_CROSSFIT_POLICY_TREE_K2,U08_HONEST_CROSSFIT_POLICY_TREE,2,1,2670,エービーシー・マート,1.1483721082343004,-2.1109976166155953,0.0
2024-07-03,U08_HONEST_CROSSFIT_POLICY_TREE_K2,U08_HONEST_CROSSFIT_POLICY_TREE,2,2,2678,アスクル,1.1483721082343004,0.46511627906977715,1.0
2024-07-04,U08_HONEST_CROSSFIT_POLICY_TREE_K2,U08_HONEST_CROSSFIT_POLICY_TREE,2,1,1721,コムシスホールディングス,1.1483721082343004,0.18564356435644136,1.0
2024-07-04,U08_HONEST_CROSSFIT_POLICY_TREE_K2,U08_HONEST_CROSSFIT_POLICY_TREE,2,2,2337,いちご,1.1483721082343004,1.9607843137254832,1.0
2024-07-05,U08_HONEST_CROSSFIT_POLICY_TREE_K2,U08_HONEST_CROSSFIT_POLICY_TREE,2,1,2789,カルラ,1.1483721082343004,1.7543859649122862,1.0
2024-07-05,U08_HONEST_CROSSFIT_POLICY_TREE_K2,U08_HONEST_CROSSFIT_POLICY_TREE,2,2,3031,ラクーンホールディングス,1.1483721082343004,-2.4955436720142554,0.0
2024-07-08,U08_HONEST_CROSSFIT_POLICY_TREE_K2,U08_HONEST_CROSSFIT_POLICY_TREE,2,1,1518,三井松島ホールディングス,1.1483721082343004,7.047619047619058,1.0
2024-07-08,U08_HONEST_CROSSFIT_POLICY_TREE_K2,U08_HONEST_CROSSFIT_POLICY_TREE,2,2,1852,淺沼組,1.1483721082343004,0.6510416666666741,1.0
2024-07-09,U08_HONEST_CROSSFIT_POLICY_TREE_K2,U08_HONEST_CROSSFIT_POLICY_TREE,2,1,1926,ライト⼯業,1.1483721082343004,0.7572172266919086,1.0
2024-07-09,U08_HONEST_CROSSFIT_POLICY_TREE_K2,U08_HONEST_CROSSFIT_POLICY_TREE,2,2,2175,エス・エム・エス,1.1483721082343004,0.10277492291881352,1.0
2024-07-10,U08_HONEST_CROSSFIT_POLICY_TREE_K2,U08_HONEST_CROSSFIT_POLICY_TREE,2,1,1333,マルハニチロ,1.1483721082343004,0.0,0.0
2024-07-10,U08_HONEST_CROSSFIT_POLICY_TREE_K2,U08_HONEST_CROSSFIT_POLICY_TREE,2,2,2282,日本ハム,1.1483721082343004,1.221052631578945,1.0
2024-07-11,U08_HONEST_CROSSFIT_POLICY_TREE_K2,U08_HONEST_CROSSFIT_POLICY_TREE,2,1,141A,トライアルホールディングス,1.1483721082343004,-2.538071065989844,0.0
2024-07-11,U08_HONEST_CROSSFIT_POLICY_TREE_K2,U08_HONEST_CROSSFIT_POLICY_TREE,2,2,1514,住石ホールディングス,1.1483721082343004,-0.4562737642585524,0.0
2024-07-12,U08_HONEST_CROSSFIT_POLICY_TREE_K2,U08_HONEST_CROSSFIT_POLICY_TREE,2,1,2222,寿スピリッツ,1.1483721082343004,1.1785805790417658,1.0
2024-07-12,U08_HONEST_CROSSFIT_POLICY_TREE_K2,U08_HONEST_CROSSFIT_POLICY_TREE,2,2,2340,極楽湯ホールディングス,1.1483721082343004,0.0,0.0
2024-07-16,U08_HONEST_CROSSFIT_POLICY_TREE_K2,U08_HONEST_CROSSFIT_POLICY_TREE,2,1,1726,ビーアールホールディングス,1.1483721082343004,-0.544959128065392,0.0
2024-07-16,U08_HONEST_CROSSFIT_POLICY_TREE_K2,U08_HONEST_CROSSFIT_POLICY_TREE,2,2,2286,林兼産業,1.1483721082343004,0.38387715930903177,1.0
2024-07-17,U08_HONEST_CROSSFIT_POLICY_TREE_K2,U08_HONEST_CROSSFIT_POLICY_TREE,2,1,1419,タマホーム,1.1483721082343004,0.8869179600886845,1.0
2024-07-17,U08_HONEST_CROSSFIT_POLICY_TREE_K2,U08_HONEST_CROSSFIT_POLICY_TREE,2,2,148A,ハッチ・ワーク,1.1483721082343004,-0.435161009573537,0.0
2024-07-18,U08_HONEST_CROSSFIT_POLICY_TREE_K2,U08_HONEST_CROSSFIT_POLICY_TREE,2,1,165A,ＳＢＩレオスひふみ,1.1483721082343004,-1.7988552739165997,0.0
2024-07-18,U08_HONEST_CROSSFIT_POLICY_TREE_K2,U08_HONEST_CROSSFIT_POLICY_TREE,2,2,1799,第一建設⼯業,1.1483721082343004,-2.408111533586821,0.0
2024-07-19,U08_HONEST_CROSSFIT_POLICY_TREE_K2,U08_HONEST_CROSSFIT_POLICY_TREE,2,1,2267,ヤクルト本社,1.1483721082343004,-0.8576329331046351,0.0
2024-07-19,U08_HONEST_CROSSFIT_POLICY_TREE_K2,U08_HONEST_CROSSFIT_POLICY_TREE,2,2,2462,ライク,1.1483721082343004,-0.887372013651877,0.0
2024-07-22,U08_HONEST_CROSSFIT_POLICY_TREE_K2,U08_HONEST_CROSSFIT_POLICY_TREE,2,1,146A,コロンビア・ワークス,1.1483721082343004,-2.717391304347827,0.0
2024-07-22,U08_HONEST_CROSSFIT_POLICY_TREE_K2,U08_HONEST_CROSSFIT_POLICY_TREE,2,2,1887,日本国土開発,1.1483721082343004,-0.8350730688935326,0.0
2024-07-23,U08_HONEST_CROSSFIT_POLICY_TREE_K2,U08_HONEST_CROSSFIT_POLICY_TREE,2,1,1514,住石ホールディングス,1.1483721082343004,-0.16380016380016515,0.0
2024-07-23,U08_HONEST_CROSSFIT_POLICY_TREE_K2,U08_HONEST_CROSSFIT_POLICY_TREE,2,2,1975,朝日⼯業社,1.1483721082343004,-0.8955223880596996,0.0
2024-07-24,U08_HONEST_CROSSFIT_POLICY_TREE_K2,U08_HONEST_CROSSFIT_POLICY_TREE,2,1,1375,雪国まいたけ,1.1483721082343004,-0.990099009900991,0.0
2024-07-24,U08_HONEST_CROSSFIT_POLICY_TREE_K2,U08_HONEST_CROSSFIT_POLICY_TREE,2,2,3002,グンゼ,1.1483721082343004,-0.18018018018017834,0.0
2024-07-25,U08_HONEST_CROSSFIT_POLICY_TREE_K2,U08_HONEST_CROSSFIT_POLICY_TREE,2,1,1941,中電⼯,1.1483721082343004,0.6201550387596955,1.0
2024-07-25,U08_HONEST_CROSSFIT_POLICY_TREE_K2,U08_HONEST_CROSSFIT_POLICY_TREE,2,2,1973,ＮＥＣネッツエスアイ,1.1483721082343004,0.24067388688326918,1.0
2024-07-26,U08_HONEST_CROSSFIT_POLICY_TREE_K2,U08_HONEST_CROSSFIT_POLICY_TREE,2,1,1419,タマホーム,1.1483721082343004,-1.7797552836484987,0.0
2024-07-26,U08_HONEST_CROSSFIT_POLICY_TREE_K2,U08_HONEST_CROSSFIT_POLICY_TREE,2,2,1770,藤⽥エンジニアリング,1.1483721082343004,-0.8295625942684737,0.0
2024-07-29,U08_HONEST_CROSSFIT_POLICY_TREE_K2,U08_HONEST_CROSSFIT_POLICY_TREE,2,1,1436,ＧｒｅｅｎＥｎｅｒｇｙ ＆ Ｃｏｍｐａｎｙ,1.1483721082343004,1.6352201257861632,1.0
2024-07-29,U08_HONEST_CROSSFIT_POLICY_TREE_K2,U08_HONEST_CROSSFIT_POLICY_TREE,2,2,147A,ソラコム,1.1483721082343004,-0.3834355828220892,0.0
2024-07-30,U08_HONEST_CROSSFIT_POLICY_TREE_K2,U08_HONEST_CROSSFIT_POLICY_TREE,2,1,2678,アスクル,1.1483721082343004,-3.561643835616435,0.0
2024-07-30,U08_HONEST_CROSSFIT_POLICY_TREE_K2,U08_HONEST_CROSSFIT_POLICY_TREE,2,2,3294,イーグランド,1.1483721082343004,-2.40103828682674,0.0
2024-07-31,U08_HONEST_CROSSFIT_POLICY_TREE_K2,U08_HONEST_CROSSFIT_POLICY_TREE,2,1,3191,ジョイフル本⽥,1.1483721082343004,1.3488372093023226,1.0
2024-07-31,U08_HONEST_CROSSFIT_POLICY_TREE_K2,U08_HONEST_CROSSFIT_POLICY_TREE,2,2,3433,トーカロ,1.1483721082343004,3.014553014553023,1.0
2025-04-01,U08_HONEST_CROSSFIT_POLICY_TREE_K2,U08_HONEST_CROSSFIT_POLICY_TREE,2,1,2354,ＹＥ ＤＩＧＩＴＡＬ,0.7184527821754074,3.0694668820678617,1.0
2025-04-01,U08_HONEST_CROSSFIT_POLICY_TREE_K2,U08_HONEST_CROSSFIT_POLICY_TREE,2,2,4286,ＣＬホールディングス,0.7184527821754074,-0.7380073800738018,0.0
2025-04-02,U08_HONEST_CROSSFIT_POLICY_TREE_K2,U08_HONEST_CROSSFIT_POLICY_TREE,2,1,,,,,
2025-04-02,U08_HONEST_CROSSFIT_POLICY_TREE_K2,U08_HONEST_CROSSFIT_POLICY_TREE,2,2,,,,,
2025-04-03,U08_HONEST_CROSSFIT_POLICY_TREE_K2,U08_HONEST_CROSSFIT_POLICY_TREE,2,1,7447,ナガイレーベン,0.7184527821754074,-0.8836524300441795,0.0
2025-04-03,U08_HONEST_CROSSFIT_POLICY_TREE_K2,U08_HONEST_CROSSFIT_POLICY_TREE,2,2,,,,,
2025-04-04,U08_HONEST_CROSSFIT_POLICY_TREE_K2,U08_HONEST_CROSSFIT_POLICY_TREE,2,1,3549,クスリのアオキホールディングス,0.7184527821754074,-2.918820310124659,0.0
2025-04-04,U08_HONEST_CROSSFIT_POLICY_TREE_K2,U08_HONEST_CROSSFIT_POLICY_TREE,2,2,5932,三協立山,0.7184527821754074,0.3539823008849474,1.0
2025-04-07,U08_HONEST_CROSSFIT_POLICY_TREE_K2,U08_HONEST_CROSSFIT_POLICY_TREE,2,1,2685,アダストリア,0.7184527821754074,-4.279444038039504,0.0
2025-04-07,U08_HONEST_CROSSFIT_POLICY_TREE_K2,U08_HONEST_CROSSFIT_POLICY_TREE,2,2,3353,メディカル一光グループ,0.7184527821754074,-5.1724137931034475,0.0
2025-04-08,U08_HONEST_CROSSFIT_POLICY_TREE_K2,U08_HONEST_CROSSFIT_POLICY_TREE,2,1,3186,ネクステージ,0.7184527821754074,-12.308673469387754,0.0
2025-04-08,U08_HONEST_CROSSFIT_POLICY_TREE_K2,U08_HONEST_CROSSFIT_POLICY_TREE,2,2,,,,,
2025-04-09,U08_HONEST_CROSSFIT_POLICY_TREE_K2,U08_HONEST_CROSSFIT_POLICY_TREE,2,1,3454,ファーストブラザーズ,0.7184527821754074,-2.4261603375527407,0.0
2025-04-09,U08_HONEST_CROSSFIT_POLICY_TREE_K2,U08_HONEST_CROSSFIT_POLICY_TREE,2,2,9793,ダイセキ,0.7184527821754074,-3.597122302158273,0.0
2025-04-10,U08_HONEST_CROSSFIT_POLICY_TREE_K2,U08_HONEST_CROSSFIT_POLICY_TREE,2,1,2670,エービーシー・マート,0.7184527821754074,-2.1804511278195493,0.0
2025-04-10,U08_HONEST_CROSSFIT_POLICY_TREE_K2,U08_HONEST_CROSSFIT_POLICY_TREE,2,2,3093,トレジャー・ファクトリー,0.7184527821754074,1.930099113197703,1.0
2025-04-11,U08_HONEST_CROSSFIT_POLICY_TREE_K2,U08_HONEST_CROSSFIT_POLICY_TREE,2,1,1419,タマホーム,0.7184527821754074,4.341736694677878,1.0
2025-04-11,U08_HONEST_CROSSFIT_POLICY_TREE_K2,U08_HONEST_CROSSFIT_POLICY_TREE,2,2,2918,わらべや日洋ホールディングス,0.7184527821754074,4.54744206383908,1.0
2025-04-14,U08_HONEST_CROSSFIT_POLICY_TREE_K2,U08_HONEST_CROSSFIT_POLICY_TREE,2,1,2186,ソーバル,0.7184527821754074,0.4514672686230181,1.0
2025-04-14,U08_HONEST_CROSSFIT_POLICY_TREE_K2,U08_HONEST_CROSSFIT_POLICY_TREE,2,2,2449,プラップジャパン,0.7184527821754074,1.199563794983649,1.0
2025-04-22,U08_HONEST_CROSSFIT_POLICY_TREE_K2,U08_HONEST_CROSSFIT_POLICY_TREE,2,1,,,,,
2025-04-22,U08_HONEST_CROSSFIT_POLICY_TREE_K2,U08_HONEST_CROSSFIT_POLICY_TREE,2,2,,,,,
2025-04-23,U08_HONEST_CROSSFIT_POLICY_TREE_K2,U08_HONEST_CROSSFIT_POLICY_TREE,2,1,2268,Ｂ−Ｒ サーティワン アイスクリーム,0.7184527821754074,-0.9791921664626724,0.0
2025-04-23,U08_HONEST_CROSSFIT_POLICY_TREE_K2,U08_HONEST_CROSSFIT_POLICY_TREE,2,2,,,,,
2025-04-24,U08_HONEST_CROSSFIT_POLICY_TREE_K2,U08_HONEST_CROSSFIT_POLICY_TREE,2,1,5576,オービーシステム,0.7184527821754074,-2.182539682539686,0.0
2025-04-24,U08_HONEST_CROSSFIT_POLICY_TREE_K2,U08_HONEST_CROSSFIT_POLICY_TREE,2,2,,,,,
2025-04-25,U08_HONEST_CROSSFIT_POLICY_TREE_K2,U08_HONEST_CROSSFIT_POLICY_TREE,2,1,2211,不二家,0.7184527821754074,-0.08474576271186862,0.0
2025-04-25,U08_HONEST_CROSSFIT_POLICY_TREE_K2,U08_HONEST_CROSSFIT_POLICY_TREE,2,2,3075,銚子丸,0.7184527821754074,0.0,0.0
2025-04-30,U08_HONEST_CROSSFIT_POLICY_TREE_K2,U08_HONEST_CROSSFIT_POLICY_TREE,2,1,1718,美樹⼯業,0.7184527821754074,0.743494423791824,1.0
2025-04-30,U08_HONEST_CROSSFIT_POLICY_TREE_K2,U08_HONEST_CROSSFIT_POLICY_TREE,2,2,1930,北陸電気⼯事,0.7184527821754074,-0.0843170320404707,0.0
2025-05-01,U08_HONEST_CROSSFIT_POLICY_TREE_K2,U08_HONEST_CROSSFIT_POLICY_TREE,2,1,1939,四電⼯,0.48260652216511224,-0.9441384736427971,0.0
2025-05-01,U08_HONEST_CROSSFIT_POLICY_TREE_K2,U08_HONEST_CROSSFIT_POLICY_TREE,2,2,1950,日本電設⼯業,0.48260652216511224,2.5459098497495836,1.0
2025-05-08,U08_HONEST_CROSSFIT_POLICY_TREE_K2,U08_HONEST_CROSSFIT_POLICY_TREE,2,1,1723,日本電技,0.48260652216511224,4.924760601915179,1.0
2025-05-08,U08_HONEST_CROSSFIT_POLICY_TREE_K2,U08_HONEST_CROSSFIT_POLICY_TREE,2,2,2281,プリマハム,0.48260652216511224,1.0757507844016079,1.0
2025-05-09,U08_HONEST_CROSSFIT_POLICY_TREE_K2,U08_HONEST_CROSSFIT_POLICY_TREE,2,1,2060,フィード・ワン,0.48260652216511224,-0.6315789473684164,0.0
2025-05-09,U08_HONEST_CROSSFIT_POLICY_TREE_K2,U08_HONEST_CROSSFIT_POLICY_TREE,2,2,2136,ヒップ,0.48260652216511224,-0.5927180355630779,0.0
2025-05-12,U08_HONEST_CROSSFIT_POLICY_TREE_K2,U08_HONEST_CROSSFIT_POLICY_TREE,2,1,1375,ユキグニファクトリー,0.48260652216511224,-0.7213706041478862,0.0
2025-05-12,U08_HONEST_CROSSFIT_POLICY_TREE_K2,U08_HONEST_CROSSFIT_POLICY_TREE,2,2,1414,ショーボンドホールディングス,0.48260652216511224,-2.04241948153967,0.0
2025-05-13,U08_HONEST_CROSSFIT_POLICY_TREE_K2,U08_HONEST_CROSSFIT_POLICY_TREE,2,1,1333,マルハニチロ,0.48260652216511224,-2.4311183144246407,0.0
2025-05-13,U08_HONEST_CROSSFIT_POLICY_TREE_K2,U08_HONEST_CROSSFIT_POLICY_TREE,2,2,1890,東洋建設,0.48260652216511224,-0.14513788098693414,0.0
2025-05-14,U08_HONEST_CROSSFIT_POLICY_TREE_K2,U08_HONEST_CROSSFIT_POLICY_TREE,2,1,1417,ミライト・ワン,0.48260652216511224,3.541666666666665,1.0
2025-05-14,U08_HONEST_CROSSFIT_POLICY_TREE_K2,U08_HONEST_CROSSFIT_POLICY_TREE,2,2,1431,Ｌｉｂ Ｗｏｒｋ,0.48260652216511224,1.027900146842886,1.0
2025-05-15,U08_HONEST_CROSSFIT_POLICY_TREE_K2,U08_HONEST_CROSSFIT_POLICY_TREE,2,1,146A,コロンビア・ワークス,0.48260652216511224,1.7676767676767735,1.0
2025-05-15,U08_HONEST_CROSSFIT_POLICY_TREE_K2,U08_HONEST_CROSSFIT_POLICY_TREE,2,2,167A,リョーサン菱洋ホールディングス,0.48260652216511224,-0.4014452027298221,0.0
2025-05-16,U08_HONEST_CROSSFIT_POLICY_TREE_K2,U08_HONEST_CROSSFIT_POLICY_TREE,2,1,142A,ジンジブ,0.48260652216511224,4.921259842519676,1.0
2025-05-16,U08_HONEST_CROSSFIT_POLICY_TREE_K2,U08_HONEST_CROSSFIT_POLICY_TREE,2,2,145A,Ｌ ｉｓ Ｂ,0.48260652216511224,0.9655172413793212,1.0
2025-05-19,U08_HONEST_CROSSFIT_POLICY_TREE_K2,U08_HONEST_CROSSFIT_POLICY_TREE,2,1,2329,東北新社,0.48260652216511224,0.3389830508474523,1.0
2025-05-19,U08_HONEST_CROSSFIT_POLICY_TREE_K2,U08_HONEST_CROSSFIT_POLICY_TREE,2,2,3417,大木ヘルスケアホールディングス,0.48260652216511224,1.5238095238095273,1.0
2025-05-20,U08_HONEST_CROSSFIT_POLICY_TREE_K2,U08_HONEST_CROSSFIT_POLICY_TREE,2,1,5194,相模ゴム⼯業,0.48260652216511224,-0.8781558726673966,0.0
2025-05-20,U08_HONEST_CROSSFIT_POLICY_TREE_K2,U08_HONEST_CROSSFIT_POLICY_TREE,2,2,5363,東京窯業,0.48260652216511224,8.695652173913038,1.0
2025-05-21,U08_HONEST_CROSSFIT_POLICY_TREE_K2,U08_HONEST_CROSSFIT_POLICY_TREE,2,1,1443,技研ホールディングス,0.48260652216511224,-3.535353535353536,0.0
2025-05-21,U08_HONEST_CROSSFIT_POLICY_TREE_K2,U08_HONEST_CROSSFIT_POLICY_TREE,2,2,1847,イチケン,0.48260652216511224,-1.8750000000000044,0.0
2025-05-27,U08_HONEST_CROSSFIT_POLICY_TREE_K2,U08_HONEST_CROSSFIT_POLICY_TREE,2,1,9360,鈴与シンワート,0.48260652216511224,-0.636042402826853,0.0
2025-05-27,U08_HONEST_CROSSFIT_POLICY_TREE_K2,U08_HONEST_CROSSFIT_POLICY_TREE,2,2,,,,,
2025-05-28,U08_HONEST_CROSSFIT_POLICY_TREE_K2,U08_HONEST_CROSSFIT_POLICY_TREE,2,1,5122,オカモト,0.48260652216511224,-0.7692307692307665,0.0
2025-05-28,U08_HONEST_CROSSFIT_POLICY_TREE_K2,U08_HONEST_CROSSFIT_POLICY_TREE,2,2,7916,光村印刷,0.48260652216511224,-0.22988505747126853,0.0
2025-05-29,U08_HONEST_CROSSFIT_POLICY_TREE_K2,U08_HONEST_CROSSFIT_POLICY_TREE,2,1,,,,,
2025-05-29,U08_HONEST_CROSSFIT_POLICY_TREE_K2,U08_HONEST_CROSSFIT_POLICY_TREE,2,2,,,,,
2025-05-30,U08_HONEST_CROSSFIT_POLICY_TREE_K2,U08_HONEST_CROSSFIT_POLICY_TREE,2,1,5121,藤倉コンポジット,0.48260652216511224,1.0000000000000009,1.0
2025-05-30,U08_HONEST_CROSSFIT_POLICY_TREE_K2,U08_HONEST_CROSSFIT_POLICY_TREE,2,2,,,,,
2025-06-02,U08_HONEST_CROSSFIT_POLICY_TREE_K2,U08_HONEST_CROSSFIT_POLICY_TREE,2,1,3917,アイリッジ,0.8944571003726702,-0.3780718336483968,0.0
2025-06-02,U08_HONEST_CROSSFIT_POLICY_TREE_K2,U08_HONEST_CROSSFIT_POLICY_TREE,2,2,3967,エルテス,0.8944571003726702,1.3157894736842035,1.0
2025-06-03,U08_HONEST_CROSSFIT_POLICY_TREE_K2,U08_HONEST_CROSSFIT_POLICY_TREE,2,1,,,,,
2025-06-03,U08_HONEST_CROSSFIT_POLICY_TREE_K2,U08_HONEST_CROSSFIT_POLICY_TREE,2,2,,,,,
2025-06-04,U08_HONEST_CROSSFIT_POLICY_TREE_K2,U08_HONEST_CROSSFIT_POLICY_TREE,2,1,,,,,
2025-06-04,U08_HONEST_CROSSFIT_POLICY_TREE_K2,U08_HONEST_CROSSFIT_POLICY_TREE,2,2,,,,,
2025-06-05,U08_HONEST_CROSSFIT_POLICY_TREE_K2,U08_HONEST_CROSSFIT_POLICY_TREE,2,1,,,,,
2025-06-05,U08_HONEST_CROSSFIT_POLICY_TREE_K2,U08_HONEST_CROSSFIT_POLICY_TREE,2,2,,,,,
2025-06-06,U08_HONEST_CROSSFIT_POLICY_TREE_K2,U08_HONEST_CROSSFIT_POLICY_TREE,2,1,8746,ＵＮＢＡＮＫＥＤ,0.8944571003726702,-2.9090909090909056,0.0
2025-06-06,U08_HONEST_CROSSFIT_POLICY_TREE_K2,U08_HONEST_CROSSFIT_POLICY_TREE,2,2,,,,,
2025-06-09,U08_HONEST_CROSSFIT_POLICY_TREE_K2,U08_HONEST_CROSSFIT_POLICY_TREE,2,1,2681,ゲオホールディングス,0.8944571003726702,-1.4593908629441654,0.0
2025-06-09,U08_HONEST_CROSSFIT_POLICY_TREE_K2,U08_HONEST_CROSSFIT_POLICY_TREE,2,2,3662,エイチームホールディングス,0.8944571003726702,-3.650793650793649,0.0
2025-06-10,U08_HONEST_CROSSFIT_POLICY_TREE_K2,U08_HONEST_CROSSFIT_POLICY_TREE,2,1,,,,,
2025-06-10,U08_HONEST_CROSSFIT_POLICY_TREE_K2,U08_HONEST_CROSSFIT_POLICY_TREE,2,2,,,,,
2025-06-11,U08_HONEST_CROSSFIT_POLICY_TREE_K2,U08_HONEST_CROSSFIT_POLICY_TREE,2,1,9632,スバル興業,0.8944571003726702,-4.0322580645161255,0.0
2025-06-11,U08_HONEST_CROSSFIT_POLICY_TREE_K2,U08_HONEST_CROSSFIT_POLICY_TREE,2,2,,,,,
2025-06-12,U08_HONEST_CROSSFIT_POLICY_TREE_K2,U08_HONEST_CROSSFIT_POLICY_TREE,2,1,2375,ギグワークス,0.8944571003726702,-1.7391304347826098,0.0
2025-06-12,U08_HONEST_CROSSFIT_POLICY_TREE_K2,U08_HONEST_CROSSFIT_POLICY_TREE,2,2,2432,ディー・エヌ・エー,0.8944571003726702,0.38888888888888307,1.0
2025-06-13,U08_HONEST_CROSSFIT_POLICY_TREE_K2,U08_HONEST_CROSSFIT_POLICY_TREE,2,1,215A,タイミー,0.8944571003726702,6.662735849056611,1.0
2025-06-13,U08_HONEST_CROSSFIT_POLICY_TREE_K2,U08_HONEST_CROSSFIT_POLICY_TREE,2,2,3038,神⼾物産,0.8944571003726702,-1.4022787028922012,0.0
2025-06-17,U08_HONEST_CROSSFIT_POLICY_TREE_K2,U08_HONEST_CROSSFIT_POLICY_TREE,2,1,2342,トランスジェニックグループ,0.8944571003726702,16.393442622950815,1.0
2025-06-17,U08_HONEST_CROSSFIT_POLICY_TREE_K2,U08_HONEST_CROSSFIT_POLICY_TREE,2,2,3565,アセンテック,0.8944571003726702,3.335283791691057,1.0
2025-06-18,U08_HONEST_CROSSFIT_POLICY_TREE_K2,U08_HONEST_CROSSFIT_POLICY_TREE,2,1,6324,ハーモニック・ドライブ・システムズ,0.8944571003726702,1.0337698139214258,1.0
2025-06-18,U08_HONEST_CROSSFIT_POLICY_TREE_K2,U08_HONEST_CROSSFIT_POLICY_TREE,2,2,,,,,
2025-06-19,U08_HONEST_CROSSFIT_POLICY_TREE_K2,U08_HONEST_CROSSFIT_POLICY_TREE,2,1,,,,,
2025-06-19,U08_HONEST_CROSSFIT_POLICY_TREE_K2,U08_HONEST_CROSSFIT_POLICY_TREE,2,2,,,,,
2025-06-20,U08_HONEST_CROSSFIT_POLICY_TREE_K2,U08_HONEST_CROSSFIT_POLICY_TREE,2,1,2418,ツカダ・グローバルホールディング,0.8944571003726702,-1.7543859649122862,0.0
2025-06-20,U08_HONEST_CROSSFIT_POLICY_TREE_K2,U08_HONEST_CROSSFIT_POLICY_TREE,2,2,,,,,
2025-06-24,U08_HONEST_CROSSFIT_POLICY_TREE_K2,U08_HONEST_CROSSFIT_POLICY_TREE,2,1,2196,エスクリ,0.8944571003726702,-2.314814814814814,0.0
2025-06-24,U08_HONEST_CROSSFIT_POLICY_TREE_K2,U08_HONEST_CROSSFIT_POLICY_TREE,2,2,2445,タカミヤ,0.8944571003726702,-1.4970059880239472,0.0
2025-06-25,U08_HONEST_CROSSFIT_POLICY_TREE_K2,U08_HONEST_CROSSFIT_POLICY_TREE,2,1,,,,,
2025-06-25,U08_HONEST_CROSSFIT_POLICY_TREE_K2,U08_HONEST_CROSSFIT_POLICY_TREE,2,2,,,,,
2025-06-26,U08_HONEST_CROSSFIT_POLICY_TREE_K2,U08_HONEST_CROSSFIT_POLICY_TREE,2,1,7202,いすゞ自動車,0.8944571003726702,-0.5532503457814641,0.0
2025-06-26,U08_HONEST_CROSSFIT_POLICY_TREE_K2,U08_HONEST_CROSSFIT_POLICY_TREE,2,2,9843,ニトリホールディングス,0.8944571003726702,1.1940298507462588,1.0
2025-06-27,U08_HONEST_CROSSFIT_POLICY_TREE_K2,U08_HONEST_CROSSFIT_POLICY_TREE,2,1,3858,ユビキタスＡＩ,0.8944571003726702,-2.020202020202022,0.0
2025-06-27,U08_HONEST_CROSSFIT_POLICY_TREE_K2,U08_HONEST_CROSSFIT_POLICY_TREE,2,2,4498,サイバートラスト,0.8944571003726702,-1.0443864229765065,0.0
2025-06-30,U08_HONEST_CROSSFIT_POLICY_TREE_K2,U08_HONEST_CROSSFIT_POLICY_TREE,2,1,8630,ＳＯＭＰＯホールディングス,0.8944571003726702,0.6719184430027836,1.0
2025-06-30,U08_HONEST_CROSSFIT_POLICY_TREE_K2,U08_HONEST_CROSSFIT_POLICY_TREE,2,2,9158,シーユーシー,0.8944571003726702,3.90334572490707,1.0
2025-07-01,U08_HONEST_CROSSFIT_POLICY_TREE_K2,U08_HONEST_CROSSFIT_POLICY_TREE,2,1,2975,スター・マイカ・ホールディングス,1.0053644015886178,-2.7055150884495283,0.0
2025-07-01,U08_HONEST_CROSSFIT_POLICY_TREE_K2,U08_HONEST_CROSSFIT_POLICY_TREE,2,2,3933,チエル,1.0053644015886178,-2.4358974358974383,0.0
2025-07-02,U08_HONEST_CROSSFIT_POLICY_TREE_K2,U08_HONEST_CROSSFIT_POLICY_TREE,2,1,,,,,
2025-07-02,U08_HONEST_CROSSFIT_POLICY_TREE_K2,U08_HONEST_CROSSFIT_POLICY_TREE,2,2,,,,,
2025-07-07,U08_HONEST_CROSSFIT_POLICY_TREE_K2,U08_HONEST_CROSSFIT_POLICY_TREE,2,1,6492,岡野バルブ製造,1.0053644015886178,-0.8445945945945943,0.0
2025-07-07,U08_HONEST_CROSSFIT_POLICY_TREE_K2,U08_HONEST_CROSSFIT_POLICY_TREE,2,2,6506,安川電機,1.0053644015886178,-5.6499999999999995,0.0
2025-07-08,U08_HONEST_CROSSFIT_POLICY_TREE_K2,U08_HONEST_CROSSFIT_POLICY_TREE,2,1,3186,ネクステージ,1.0053644015886178,-2.8836251287332693,0.0
2025-07-08,U08_HONEST_CROSSFIT_POLICY_TREE_K2,U08_HONEST_CROSSFIT_POLICY_TREE,2,2,4825,ウェザーニューズ,1.0053644015886178,5.093167701863344,1.0
2025-07-09,U08_HONEST_CROSSFIT_POLICY_TREE_K2,U08_HONEST_CROSSFIT_POLICY_TREE,2,1,4735,京進,1.0053644015886178,3.289473684210531,1.0
2025-07-09,U08_HONEST_CROSSFIT_POLICY_TREE_K2,U08_HONEST_CROSSFIT_POLICY_TREE,2,2,5243,ｎｏｔｅ,1.0053644015886178,-4.224422442244224,0.0
2025-07-10,U08_HONEST_CROSSFIT_POLICY_TREE_K2,U08_HONEST_CROSSFIT_POLICY_TREE,2,1,3093,トレジャー・ファクトリー,1.0053644015886178,8.573072497123135,1.0
2025-07-10,U08_HONEST_CROSSFIT_POLICY_TREE_K2,U08_HONEST_CROSSFIT_POLICY_TREE,2,2,3697,ＳＨＩＦＴ,1.0053644015886178,-7.3755924170616165,0.0
2025-07-11,U08_HONEST_CROSSFIT_POLICY_TREE_K2,U08_HONEST_CROSSFIT_POLICY_TREE,2,1,3907,シリコンスタジオ,1.0053644015886178,-5.000000000000004,0.0
2025-07-11,U08_HONEST_CROSSFIT_POLICY_TREE_K2,U08_HONEST_CROSSFIT_POLICY_TREE,2,2,4397,チームスピリット,1.0053644015886178,-4.121863799283155,0.0
2025-07-14,U08_HONEST_CROSSFIT_POLICY_TREE_K2,U08_HONEST_CROSSFIT_POLICY_TREE,2,1,198A,ＰｏｓｔＰｒｉｍｅ,1.0053644015886178,5.555555555555558,1.0
2025-07-14,U08_HONEST_CROSSFIT_POLICY_TREE_K2,U08_HONEST_CROSSFIT_POLICY_TREE,2,2,2437,Ｓｈｉｎｗａ Ｗｉｓｅ Ｈｏｌｄｉｎｇｓ,1.0053644015886178,-2.405498281786944,0.0
2025-07-15,U08_HONEST_CROSSFIT_POLICY_TREE_K2,U08_HONEST_CROSSFIT_POLICY_TREE,2,1,135A,ＶＲＡＩＮ Ｓｏｌｕｔｉｏｎ,1.0053644015886178,0.0,0.0
2025-07-15,U08_HONEST_CROSSFIT_POLICY_TREE_K2,U08_HONEST_CROSSFIT_POLICY_TREE,2,2,1401,エムビーエス,1.0053644015886178,-6.349206349206349,0.0
2025-07-16,U08_HONEST_CROSSFIT_POLICY_TREE_K2,U08_HONEST_CROSSFIT_POLICY_TREE,2,1,2345,クシム,1.0053644015886178,-2.7906976744186074,0.0
2025-07-16,U08_HONEST_CROSSFIT_POLICY_TREE_K2,U08_HONEST_CROSSFIT_POLICY_TREE,2,2,2484,出前館,1.0053644015886178,-1.4634146341463428,0.0
2025-07-23,U08_HONEST_CROSSFIT_POLICY_TREE_K2,U08_HONEST_CROSSFIT_POLICY_TREE,2,1,296A,令和アカウンティング・ホールディングス,1.0053644015886178,-3.042876901798064,0.0
2025-07-23,U08_HONEST_CROSSFIT_POLICY_TREE_K2,U08_HONEST_CROSSFIT_POLICY_TREE,2,2,6200,インソース,1.0053644015886178,0.32188841201716833,1.0
2025-07-24,U08_HONEST_CROSSFIT_POLICY_TREE_K2,U08_HONEST_CROSSFIT_POLICY_TREE,2,1,4684,オービック,1.0053644015886178,-2.035398230088492,0.0
2025-07-24,U08_HONEST_CROSSFIT_POLICY_TREE_K2,U08_HONEST_CROSSFIT_POLICY_TREE,2,2,4722,フューチャー,1.0053644015886178,2.2768670309653904,1.0
2025-07-25,U08_HONEST_CROSSFIT_POLICY_TREE_K2,U08_HONEST_CROSSFIT_POLICY_TREE,2,1,4519,中外製薬,1.0053644015886178,1.3530305122186892,1.0
2025-07-25,U08_HONEST_CROSSFIT_POLICY_TREE_K2,U08_HONEST_CROSSFIT_POLICY_TREE,2,2,6594,ニデック,1.0053644015886178,-2.591013447031809,0.0
2025-07-28,U08_HONEST_CROSSFIT_POLICY_TREE_K2,U08_HONEST_CROSSFIT_POLICY_TREE,2,1,4107,伊勢化学⼯業,1.0053644015886178,3.7769784172661858,1.0
2025-07-28,U08_HONEST_CROSSFIT_POLICY_TREE_K2,U08_HONEST_CROSSFIT_POLICY_TREE,2,2,6629,テクノホライゾン,1.0053644015886178,-1.025641025641022,0.0
2025-07-29,U08_HONEST_CROSSFIT_POLICY_TREE_K2,U08_HONEST_CROSSFIT_POLICY_TREE,2,1,3635,コーエーテクモホールディングス,1.0053644015886178,1.2392513909964542,1.0
2025-07-29,U08_HONEST_CROSSFIT_POLICY_TREE_K2,U08_HONEST_CROSSFIT_POLICY_TREE,2,2,3778,さくらインターネット,1.0053644015886178,0.0,0.0
2025-07-30,U08_HONEST_CROSSFIT_POLICY_TREE_K2,U08_HONEST_CROSSFIT_POLICY_TREE,2,1,2760,東京エレクトロン デバイス,1.0053644015886178,2.3219205037386947,1.0
2025-07-30,U08_HONEST_CROSSFIT_POLICY_TREE_K2,U08_HONEST_CROSSFIT_POLICY_TREE,2,2,3793,ドリコム,1.0053644015886178,-2.079002079002079,0.0
2025-07-31,U08_HONEST_CROSSFIT_POLICY_TREE_K2,U08_HONEST_CROSSFIT_POLICY_TREE,2,1,2327,日鉄ソリューションズ,1.0053644015886178,-1.2465373961218829,0.0
2025-07-31,U08_HONEST_CROSSFIT_POLICY_TREE_K2,U08_HONEST_CROSSFIT_POLICY_TREE,2,2,3626,ＴＩＳ,1.0053644015886178,2.2626348065130086,1.0
