date,model_rank,code,name,model_score,trade_allowed,label,oc_return_pct,hypothesis_id,policy_id,capacity,executed
2024-07-01,1,7043,アルー,0.15182997286319733,True,1.0,0.49999999999998934,C00_DAILY_RANK_RIDGE,C00_DAILY_RANK_RIDGE_K1,1,True
2024-07-02,1,7043,アルー,0.14636975526809692,True,0.0,-0.49813200498132204,C00_DAILY_RANK_RIDGE,C00_DAILY_RANK_RIDGE_K1,1,True
2024-07-03,1,7043,アルー,0.13983601331710815,True,1.0,1.643489254108732,C00_DAILY_RANK_RIDGE,C00_DAILY_RANK_RIDGE_K1,1,True
2024-07-04,1,6151,日東⼯器,0.12767218053340912,True,0.0,-0.9683098591549255,C00_DAILY_RANK_RIDGE,C00_DAILY_RANK_RIDGE_K1,1,True
2024-07-05,1,7043,アルー,0.12477243691682816,True,1.0,7.800511508951402,C00_DAILY_RANK_RIDGE,C00_DAILY_RANK_RIDGE_K1,1,True
2024-07-08,1,6151,日東⼯器,0.10352980345487595,True,0.0,-3.8224956063268922,C00_DAILY_RANK_RIDGE,C00_DAILY_RANK_RIDGE_K1,1,True
2024-07-09,1,6151,日東⼯器,0.10802064090967178,True,1.0,0.22841480127913094,C00_DAILY_RANK_RIDGE,C00_DAILY_RANK_RIDGE_K1,1,True
2024-07-10,1,1866,北野建設,0.09766771644353867,True,0.0,-0.4070556309362261,C00_DAILY_RANK_RIDGE,C00_DAILY_RANK_RIDGE_K1,1,True
2024-07-11,1,3974,ＳＣＡＴ,0.09691739082336426,True,1.0,1.2958963282937441,C00_DAILY_RANK_RIDGE,C00_DAILY_RANK_RIDGE_K1,1,True
2024-07-12,1,4344,ソースネクスト,0.11127766966819763,True,1.0,9.478672985782,C00_DAILY_RANK_RIDGE,C00_DAILY_RANK_RIDGE_K1,1,True
2024-07-16,1,8938,グローム・ホールディングス,0.09741141647100449,True,1.0,3.2727272727272716,C00_DAILY_RANK_RIDGE,C00_DAILY_RANK_RIDGE_K1,1,True
2024-07-17,1,7807,幸和製作所,0.13296376168727875,True,0.0,-2.4207011686143587,C00_DAILY_RANK_RIDGE,C00_DAILY_RANK_RIDGE_K1,1,True
2024-07-18,1,6870,日本フェンオール,0.10422135889530182,True,1.0,0.2875215641173101,C00_DAILY_RANK_RIDGE,C00_DAILY_RANK_RIDGE_K1,1,True
2024-07-19,1,5252,日本ナレッジ,0.10383930802345276,True,1.0,0.6545454545454632,C00_DAILY_RANK_RIDGE,C00_DAILY_RANK_RIDGE_K1,1,True
2024-07-22,1,7043,アルー,0.13593925535678864,True,1.0,4.422604422604426,C00_DAILY_RANK_RIDGE,C00_DAILY_RANK_RIDGE_K1,1,True
2024-07-23,1,6048,デザインワン・ジャパン,0.10897582024335861,True,0.0,-2.0689655172413834,C00_DAILY_RANK_RIDGE,C00_DAILY_RANK_RIDGE_K1,1,True
2024-07-24,1,6762,ＴＤＫ,0.10525308549404144,True,0.0,-0.14691478942213676,C00_DAILY_RANK_RIDGE,C00_DAILY_RANK_RIDGE_K1,1,True
2024-07-25,1,7043,アルー,0.0983048751950264,True,1.0,1.0882708585247869,C00_DAILY_RANK_RIDGE,C00_DAILY_RANK_RIDGE_K1,1,True
2024-07-26,1,5256,Ｆｕｓｉｃ,0.09308794140815735,True,0.0,-0.45385779122542047,C00_DAILY_RANK_RIDGE,C00_DAILY_RANK_RIDGE_K1,1,True
2024-07-29,1,5247,ＢＴＭ,0.09515225887298584,True,1.0,3.5409836065573685,C00_DAILY_RANK_RIDGE,C00_DAILY_RANK_RIDGE_K1,1,True
2024-07-30,1,7043,アルー,0.12298814207315445,True,1.0,2.4242424242424176,C00_DAILY_RANK_RIDGE,C00_DAILY_RANK_RIDGE_K1,1,True
2024-07-31,1,9340,アソインターナショナル,0.09679090231657028,True,1.0,3.2032032032031976,C00_DAILY_RANK_RIDGE,C00_DAILY_RANK_RIDGE_K1,1,True
2024-08-01,1,8139,ナガホリ,0.13014839589595795,True,1.0,2.3668639053254337,C00_DAILY_RANK_RIDGE,C00_DAILY_RANK_RIDGE_K1,1,True
2024-08-02,1,3673,ブロードリーフ,0.1203913688659668,True,0.0,-3.0411449016100156,C00_DAILY_RANK_RIDGE,C00_DAILY_RANK_RIDGE_K1,1,True
2024-08-05,1,9996,サトー商会,0.10980315506458282,True,1.0,8.002602472348741,C00_DAILY_RANK_RIDGE,C00_DAILY_RANK_RIDGE_K1,1,True
2024-08-06,1,9162,ブリーチ,0.1110185906291008,True,0.0,0.0,C00_DAILY_RANK_RIDGE,C00_DAILY_RANK_RIDGE_K1,1,True
2024-08-07,1,4814,ネクストウェア,0.09109694510698318,True,1.0,4.8387096774193505,C00_DAILY_RANK_RIDGE,C00_DAILY_RANK_RIDGE_K1,1,True
2024-08-08,1,7043,アルー,0.08292742818593979,True,1.0,0.3597122302158251,C00_DAILY_RANK_RIDGE,C00_DAILY_RANK_RIDGE_K1,1,True
2024-08-09,1,7043,アルー,0.10098069906234741,True,0.0,0.0,C00_DAILY_RANK_RIDGE,C00_DAILY_RANK_RIDGE_K1,1,True
2024-08-13,1,7043,アルー,0.12339101731777191,True,0.0,-1.8495684340320562,C00_DAILY_RANK_RIDGE,C00_DAILY_RANK_RIDGE_K1,1,True
2024-08-14,1,7043,アルー,0.16623809933662415,True,1.0,3.409090909090917,C00_DAILY_RANK_RIDGE,C00_DAILY_RANK_RIDGE_K1,1,True
2024-08-15,1,8139,ナガホリ,0.13301604986190796,True,0.0,-1.1594202898550732,C00_DAILY_RANK_RIDGE,C00_DAILY_RANK_RIDGE_K1,1,True
2024-08-16,1,7043,アルー,0.1507362723350525,True,0.0,-0.4987531172069848,C00_DAILY_RANK_RIDGE,C00_DAILY_RANK_RIDGE_K1,1,True
2024-08-19,1,7043,アルー,0.12453504651784897,True,0.0,-0.5031446540880502,C00_DAILY_RANK_RIDGE,C00_DAILY_RANK_RIDGE_K1,1,True
2024-08-20,1,7043,アルー,0.12095419317483902,True,0.0,-0.37641154328732496,C00_DAILY_RANK_RIDGE,C00_DAILY_RANK_RIDGE_K1,1,True
2024-08-21,1,7043,アルー,0.11042632907629013,True,1.0,0.6369426751592355,C00_DAILY_RANK_RIDGE,C00_DAILY_RANK_RIDGE_K1,1,True
2024-08-22,1,7043,アルー,0.11447203904390335,True,0.0,-0.37783375314861534,C00_DAILY_RANK_RIDGE,C00_DAILY_RANK_RIDGE_K1,1,True
2024-08-23,1,7043,アルー,0.11054253578186035,True,0.0,-1.4981273408239737,C00_DAILY_RANK_RIDGE,C00_DAILY_RANK_RIDGE_K1,1,True
2024-08-26,1,7043,アルー,0.09927552938461304,True,1.0,0.25316455696202667,C00_DAILY_RANK_RIDGE,C00_DAILY_RANK_RIDGE_K1,1,True
2024-08-27,1,3738,ティーガイア,0.10347440838813782,True,1.0,1.206434316353877,C00_DAILY_RANK_RIDGE,C00_DAILY_RANK_RIDGE_K1,1,True
2024-08-28,1,9914,植松商会,0.11778032779693604,True,,,C00_DAILY_RANK_RIDGE,C00_DAILY_RANK_RIDGE_K1,1,False
2024-08-29,1,2736,フェスタリアホールディングス,0.12411275506019592,True,0.0,-0.7027406886858767,C00_DAILY_RANK_RIDGE,C00_DAILY_RANK_RIDGE_K1,1,True
2024-08-30,1,3991,ウォンテッドリー,0.12020718306303024,True,0.0,-0.42016806722688926,C00_DAILY_RANK_RIDGE,C00_DAILY_RANK_RIDGE_K1,1,True
2024-09-02,1,4445,リビン・テクノロジーズ,0.1443287581205368,True,0.0,-0.43266630611140666,C00_DAILY_RANK_RIDGE,C00_DAILY_RANK_RIDGE_K1,1,True
2024-09-03,1,3092,ＺＯＺＯ,0.11994824558496475,True,1.0,3.397947548460656,C00_DAILY_RANK_RIDGE,C00_DAILY_RANK_RIDGE_K1,1,True
2024-09-04,1,7514,ヒマラヤ,0.1110118106007576,True,1.0,0.22446689113355678,C00_DAILY_RANK_RIDGE,C00_DAILY_RANK_RIDGE_K1,1,True
2024-09-05,1,3436,ＳＵＭＣＯ,0.10059750080108643,True,0.0,-0.8289124668435011,C00_DAILY_RANK_RIDGE,C00_DAILY_RANK_RIDGE_K1,1,True
2024-09-06,1,4445,リビン・テクノロジーズ,0.10913131386041641,True,0.0,-0.38461538461538325,C00_DAILY_RANK_RIDGE,C00_DAILY_RANK_RIDGE_K1,1,True
2024-09-09,1,7689,コパ・コーポレーション,0.10909322649240494,True,1.0,1.5050167224080369,C00_DAILY_RANK_RIDGE,C00_DAILY_RANK_RIDGE_K1,1,True
2024-09-10,1,7273,イクヨ,0.1265866607427597,True,,,C00_DAILY_RANK_RIDGE,C00_DAILY_RANK_RIDGE_K1,1,False
2024-09-11,1,4445,リビン・テクノロジーズ,0.11859102547168732,True,1.0,1.1148272017837302,C00_DAILY_RANK_RIDGE,C00_DAILY_RANK_RIDGE_K1,1,True
2024-09-12,1,7069,サイバー・バズ,0.1298815906047821,True,0.0,-2.512998266897748,C00_DAILY_RANK_RIDGE,C00_DAILY_RANK_RIDGE_K1,1,True
2024-09-13,1,6190,フェニックスバイオ,0.11676283925771713,True,0.0,-1.95227765726681,C00_DAILY_RANK_RIDGE,C00_DAILY_RANK_RIDGE_K1,1,True
2024-09-17,1,4503,アステラス製薬,0.11569970846176147,True,0.0,-1.6880093131548257,C00_DAILY_RANK_RIDGE,C00_DAILY_RANK_RIDGE_K1,1,True
2024-09-18,1,4507,塩野義製薬,0.10803252458572388,True,0.0,-1.2378564713256046,C00_DAILY_RANK_RIDGE,C00_DAILY_RANK_RIDGE_K1,1,True
2024-09-19,1,4884,クリングルファーマ,0.12718994915485382,True,1.0,4.8309178743961345,C00_DAILY_RANK_RIDGE,C00_DAILY_RANK_RIDGE_K1,1,True
2024-09-20,1,5247,ＢＴＭ,0.1260557621717453,True,1.0,1.610169491525415,C00_DAILY_RANK_RIDGE,C00_DAILY_RANK_RIDGE_K1,1,True
2024-09-24,1,4840,トライアイズ,0.12139394134283066,True,1.0,3.205128205128216,C00_DAILY_RANK_RIDGE,C00_DAILY_RANK_RIDGE_K1,1,True
2024-09-25,1,2372,アイロムグループ,0.11846248805522919,True,0.0,0.0,C00_DAILY_RANK_RIDGE,C00_DAILY_RANK_RIDGE_K1,1,True
2024-09-26,1,3092,ＺＯＺＯ,0.12259014695882797,True,1.0,3.1114774366371334,C00_DAILY_RANK_RIDGE,C00_DAILY_RANK_RIDGE_K1,1,True
2024-09-27,1,3787,テクノマセマティカル,0.12975171208381653,True,1.0,1.6245487364620947,C00_DAILY_RANK_RIDGE,C00_DAILY_RANK_RIDGE_K1,1,True
2024-09-30,1,3787,テクノマセマティカル,0.12973202764987946,True,0.0,0.0,C00_DAILY_RANK_RIDGE,C00_DAILY_RANK_RIDGE_K1,1,True
2024-10-01,1,3787,テクノマセマティカル,0.12397270649671555,True,1.0,0.17152658662091813,C00_DAILY_RANK_RIDGE,C00_DAILY_RANK_RIDGE_K1,1,True
2024-10-02,1,7815,東京ボード⼯業,0.12328550219535828,True,1.0,0.670016750418756,C00_DAILY_RANK_RIDGE,C00_DAILY_RANK_RIDGE_K1,1,True
2024-10-03,1,7815,東京ボード⼯業,0.11541061848402023,True,1.0,0.9819967266775809,C00_DAILY_RANK_RIDGE,C00_DAILY_RANK_RIDGE_K1,1,True
2024-10-04,1,3726,フォーシーズＨＤ,0.10984653234481812,True,0.0,-0.4158004158004158,C00_DAILY_RANK_RIDGE,C00_DAILY_RANK_RIDGE_K1,1,True
2024-10-07,1,1925,大和ハウス⼯業,0.09019076824188232,True,0.0,-0.1295896328293744,C00_DAILY_RANK_RIDGE,C00_DAILY_RANK_RIDGE_K1,1,True
2024-10-08,1,4361,川口化学⼯業,0.11909795552492142,True,1.0,0.12853470437017567,C00_DAILY_RANK_RIDGE,C00_DAILY_RANK_RIDGE_K1,1,True
2024-10-09,1,2229,カルビー,0.1077909767627716,True,1.0,0.9381413075344458,C00_DAILY_RANK_RIDGE,C00_DAILY_RANK_RIDGE_K1,1,True
2024-10-10,1,2334,イオレ,0.10946431756019592,True,1.0,0.9230769230769154,C00_DAILY_RANK_RIDGE,C00_DAILY_RANK_RIDGE_K1,1,True
2024-10-11,1,2334,イオレ,0.10678347200155258,True,0.0,-0.1524390243902385,C00_DAILY_RANK_RIDGE,C00_DAILY_RANK_RIDGE_K1,1,True
2024-10-15,1,9601,松竹,0.10258885473012924,True,1.0,0.9304812834224574,C00_DAILY_RANK_RIDGE,C00_DAILY_RANK_RIDGE_K1,1,True
2024-10-16,1,8871,ゴールドクレスト,0.11580927670001984,True,1.0,2.8037383177569986,C00_DAILY_RANK_RIDGE,C00_DAILY_RANK_RIDGE_K1,1,True
2024-10-17,1,8025,ツカモトコーポレーション,0.0961296409368515,True,0.0,-2.1015761821365997,C00_DAILY_RANK_RIDGE,C00_DAILY_RANK_RIDGE_K1,1,True
2024-10-18,1,3195,ジェネレーションパス,0.10285371541976929,True,1.0,4.680851063829783,C00_DAILY_RANK_RIDGE,C00_DAILY_RANK_RIDGE_K1,1,True
2024-10-21,1,9064,ヤマトホールディングス,0.092967189848423,True,1.0,0.061538461538468425,C00_DAILY_RANK_RIDGE,C00_DAILY_RANK_RIDGE_K1,1,True
2024-10-22,1,7072,インティメート・マージャー,0.10573290288448334,True,0.0,-0.8474576271186418,C00_DAILY_RANK_RIDGE,C00_DAILY_RANK_RIDGE_K1,1,True
2024-10-23,1,8871,ゴールドクレスト,0.12809306383132935,True,0.0,-2.7156549520766737,C00_DAILY_RANK_RIDGE,C00_DAILY_RANK_RIDGE_K1,1,True
2024-10-24,1,8871,ゴールドクレスト,0.1326667070388794,True,1.0,0.8291873963515828,C00_DAILY_RANK_RIDGE,C00_DAILY_RANK_RIDGE_K1,1,True
2024-10-25,1,7815,東京ボード⼯業,0.12165997922420502,True,1.0,1.1513157894736947,C00_DAILY_RANK_RIDGE,C00_DAILY_RANK_RIDGE_K1,1,True
2024-10-28,1,8871,ゴールドクレスト,0.12383042275905609,True,0.0,-2.1035598705501646,C00_DAILY_RANK_RIDGE,C00_DAILY_RANK_RIDGE_K1,1,True
2024-10-29,1,8871,ゴールドクレスト,0.12576067447662354,True,0.0,-0.658978583196046,C00_DAILY_RANK_RIDGE,C00_DAILY_RANK_RIDGE_K1,1,True
2024-10-30,1,7379,サーキュレーション,0.11748479306697845,True,1.0,1.1513157894736947,C00_DAILY_RANK_RIDGE,C00_DAILY_RANK_RIDGE_K1,1,True
2024-10-31,1,7376,ＢＣＣ,0.13629628717899323,True,0.0,0.0,C00_DAILY_RANK_RIDGE,C00_DAILY_RANK_RIDGE_K1,1,True
2024-11-01,1,9913,日邦産業,0.12137085944414139,True,1.0,0.7228915662650603,C00_DAILY_RANK_RIDGE,C00_DAILY_RANK_RIDGE_K1,1,True
2024-11-05,1,3537,昭栄薬品,0.12806271016597748,True,0.0,-0.4511278195488688,C00_DAILY_RANK_RIDGE,C00_DAILY_RANK_RIDGE_K1,1,True
2024-11-06,1,4840,トライアイズ,0.11607756465673447,True,0.0,-1.0101010101010055,C00_DAILY_RANK_RIDGE,C00_DAILY_RANK_RIDGE_K1,1,True
2024-11-07,1,4840,トライアイズ,0.0998433455824852,True,1.0,0.340136054421758,C00_DAILY_RANK_RIDGE,C00_DAILY_RANK_RIDGE_K1,1,True
2024-11-08,1,4091,日本酸素ホールディングス,0.10761221498250961,True,0.0,-0.9712750568299233,C00_DAILY_RANK_RIDGE,C00_DAILY_RANK_RIDGE_K1,1,True
2024-11-11,1,4840,トライアイズ,0.1024189218878746,True,1.0,3.4482758620689724,C00_DAILY_RANK_RIDGE,C00_DAILY_RANK_RIDGE_K1,1,True
2024-11-12,1,5587,インバウンドプラットフォーム,0.11154469847679138,True,1.0,1.3254786450662692,C00_DAILY_RANK_RIDGE,C00_DAILY_RANK_RIDGE_K1,1,True
2024-11-13,1,4073,ジィ・シィ企画,0.10215424746274948,True,0.0,-0.658978583196046,C00_DAILY_RANK_RIDGE,C00_DAILY_RANK_RIDGE_K1,1,True
2024-11-14,1,7284,盟和産業,0.10537823289632797,True,0.0,-0.5897219882055604,C00_DAILY_RANK_RIDGE,C00_DAILY_RANK_RIDGE_K1,1,True
2024-11-15,1,9219,ギックス,0.11042047291994095,True,0.0,-0.6362672322375418,C00_DAILY_RANK_RIDGE,C00_DAILY_RANK_RIDGE_K1,1,True
2024-11-18,1,4387,ＺＵＵ,0.11414648592472076,True,0.0,-0.2902757619738794,C00_DAILY_RANK_RIDGE,C00_DAILY_RANK_RIDGE_K1,1,True
2024-11-19,1,7815,東京ボード⼯業,0.11489726603031158,True,1.0,1.4999999999999902,C00_DAILY_RANK_RIDGE,C00_DAILY_RANK_RIDGE_K1,1,True
2024-11-20,1,8938,グローム・ホールディングス,0.11216797679662704,True,0.0,-2.5740025740025763,C00_DAILY_RANK_RIDGE,C00_DAILY_RANK_RIDGE_K1,1,True
2024-11-21,1,8938,グローム・ホールディングス,0.15048815310001373,True,1.0,1.7287234042553168,C00_DAILY_RANK_RIDGE,C00_DAILY_RANK_RIDGE_K1,1,True
2024-11-22,1,8938,グローム・ホールディングス,0.1452900767326355,True,1.0,1.182654402102501,C00_DAILY_RANK_RIDGE,C00_DAILY_RANK_RIDGE_K1,1,True
2024-11-25,1,8938,グローム・ホールディングス,0.13619041442871094,True,0.0,-0.2597402597402598,C00_DAILY_RANK_RIDGE,C00_DAILY_RANK_RIDGE_K1,1,True
2024-11-26,1,4267,ライトワークス,0.15628410875797272,True,1.0,0.9708737864077666,C00_DAILY_RANK_RIDGE,C00_DAILY_RANK_RIDGE_K1,1,True
2024-11-27,1,4267,ライトワークス,0.12542445957660675,True,1.0,1.1650485436893288,C00_DAILY_RANK_RIDGE,C00_DAILY_RANK_RIDGE_K1,1,True
2024-11-28,1,4267,ライトワークス,0.10999620705842972,True,1.0,1.4548981571290032,C00_DAILY_RANK_RIDGE,C00_DAILY_RANK_RIDGE_K1,1,True
2024-11-29,1,4424,Ａｍａｚｉａ,0.11488843709230423,True,0.0,-0.8695652173912993,C00_DAILY_RANK_RIDGE,C00_DAILY_RANK_RIDGE_K1,1,True
2024-12-02,1,4267,ライトワークス,0.11545183509588242,True,1.0,3.9024390243902474,C00_DAILY_RANK_RIDGE,C00_DAILY_RANK_RIDGE_K1,1,True
2024-12-03,1,4465,ニイタカ,0.11106108874082565,True,1.0,0.8086253369272267,C00_DAILY_RANK_RIDGE,C00_DAILY_RANK_RIDGE_K1,1,True
2024-12-04,1,4465,ニイタカ,0.11851318180561066,True,0.0,-0.2134471718249764,C00_DAILY_RANK_RIDGE,C00_DAILY_RANK_RIDGE_K1,1,True
2024-12-05,1,4267,ライトワークス,0.13122284412384033,True,0.0,0.0,C00_DAILY_RANK_RIDGE,C00_DAILY_RANK_RIDGE_K1,1,True
2024-12-06,1,4267,ライトワークス,0.1295972615480423,True,0.0,-0.0970873786407811,C00_DAILY_RANK_RIDGE,C00_DAILY_RANK_RIDGE_K1,1,True
2024-12-09,1,4267,ライトワークス,0.1236300840973854,True,1.0,1.4577259475218707,C00_DAILY_RANK_RIDGE,C00_DAILY_RANK_RIDGE_K1,1,True
2024-12-10,1,4267,ライトワークス,0.13869038224220276,True,1.0,0.674373795761074,C00_DAILY_RANK_RIDGE,C00_DAILY_RANK_RIDGE_K1,1,True
2024-12-11,1,4267,ライトワークス,0.12275578081607819,True,1.0,0.4812319538017418,C00_DAILY_RANK_RIDGE,C00_DAILY_RANK_RIDGE_K1,1,True
2024-12-12,1,4267,ライトワークス,0.11501143872737885,True,1.0,1.9361084220716362,C00_DAILY_RANK_RIDGE,C00_DAILY_RANK_RIDGE_K1,1,True
2024-12-13,1,6898,トミタ電機,0.10768412798643112,True,0.0,-0.27260336210813696,C00_DAILY_RANK_RIDGE,C00_DAILY_RANK_RIDGE_K1,1,True
2024-12-16,1,9159,Ｗ ＴＯＫＹＯ,0.11205931007862091,True,0.0,-1.2820512820512775,C00_DAILY_RANK_RIDGE,C00_DAILY_RANK_RIDGE_K1,1,True
2024-12-17,1,9159,Ｗ ＴＯＫＹＯ,0.12393818795681,True,1.0,0.6999999999999895,C00_DAILY_RANK_RIDGE,C00_DAILY_RANK_RIDGE_K1,1,True
2024-12-18,1,4267,ライトワークス,0.1212352067232132,True,1.0,1.4778325123152802,C00_DAILY_RANK_RIDGE,C00_DAILY_RANK_RIDGE_K1,1,True
2024-12-19,1,7345,アイ・パートナーズフィナンシャル,0.10937527567148209,True,0.0,0.0,C00_DAILY_RANK_RIDGE,C00_DAILY_RANK_RIDGE_K1,1,True
2024-12-20,1,7345,アイ・パートナーズフィナンシャル,0.12858307361602783,True,0.0,-1.379310344827589,C00_DAILY_RANK_RIDGE,C00_DAILY_RANK_RIDGE_K1,1,True
2024-12-23,1,7345,アイ・パートナーズフィナンシャル,0.13395540416240692,True,1.0,3.6231884057970953,C00_DAILY_RANK_RIDGE,C00_DAILY_RANK_RIDGE_K1,1,True
2024-12-24,1,9159,Ｗ ＴＯＫＹＯ,0.10716656595468521,True,0.0,-1.4609571788413045,C00_DAILY_RANK_RIDGE,C00_DAILY_RANK_RIDGE_K1,1,True
2024-12-25,1,9159,Ｗ ＴＯＫＹＯ,0.12743984162807465,True,0.0,-3.490759753593431,C00_DAILY_RANK_RIDGE,C00_DAILY_RANK_RIDGE_K1,1,True
2024-12-26,1,9159,Ｗ ＴＯＫＹＯ,0.1268637776374817,True,0.0,-2.6687598116169498,C00_DAILY_RANK_RIDGE,C00_DAILY_RANK_RIDGE_K1,1,True
2024-12-27,1,9159,Ｗ ＴＯＫＹＯ,0.10644185543060303,True,1.0,2.5515743756786113,C00_DAILY_RANK_RIDGE,C00_DAILY_RANK_RIDGE_K1,1,True
2024-12-30,1,3800,ユニリタ,0.11077114939689636,True,0.0,0.0,C00_DAILY_RANK_RIDGE,C00_DAILY_RANK_RIDGE_K1,1,True
2025-01-06,1,3800,ユニリタ,0.11270362883806229,True,0.0,0.0,C00_DAILY_RANK_RIDGE,C00_DAILY_RANK_RIDGE_K1,1,True
2025-01-07,1,1994,高橋カーテンウォール⼯業,0.10852880030870438,True,0.0,-2.0905923344947785,C00_DAILY_RANK_RIDGE,C00_DAILY_RANK_RIDGE_K1,1,True
2025-01-08,1,1994,高橋カーテンウォール⼯業,0.11980918794870377,True,1.0,1.073345259391778,C00_DAILY_RANK_RIDGE,C00_DAILY_RANK_RIDGE_K1,1,True
2025-01-09,1,3800,ユニリタ,0.11122303456068039,True,0.0,-0.10035122930256435,C00_DAILY_RANK_RIDGE,C00_DAILY_RANK_RIDGE_K1,1,True
2025-01-10,1,1994,高橋カーテンウォール⼯業,0.08326845616102219,True,0.0,0.0,C00_DAILY_RANK_RIDGE,C00_DAILY_RANK_RIDGE_K1,1,True
2025-01-14,1,9661,歌舞伎座,0.07620629668235779,True,0.0,-0.6571741511500528,C00_DAILY_RANK_RIDGE,C00_DAILY_RANK_RIDGE_K1,1,True
2025-01-15,1,9355,リンコーコーポレーション,0.0999467596411705,True,0.0,-1.1571254567600442,C00_DAILY_RANK_RIDGE,C00_DAILY_RANK_RIDGE_K1,1,True
2025-01-16,1,4429,リックソフト,0.09775319695472717,True,0.0,-4.30622009569378,C00_DAILY_RANK_RIDGE,C00_DAILY_RANK_RIDGE_K1,1,True
2025-01-17,1,9250,ＧＲＣＳ,0.10304135829210281,True,0.0,-0.5751258087706712,C00_DAILY_RANK_RIDGE,C00_DAILY_RANK_RIDGE_K1,1,True
2025-01-20,1,9241,フューチャーリンクネットワーク,0.09930925071239471,True,1.0,2.305721605465405,C00_DAILY_RANK_RIDGE,C00_DAILY_RANK_RIDGE_K1,1,True
2025-01-21,1,9362,兵機海運,0.1131458729505539,True,0.0,0.0,C00_DAILY_RANK_RIDGE,C00_DAILY_RANK_RIDGE_K1,1,True
2025-01-22,1,9241,フューチャーリンクネットワーク,0.1072089672088623,True,1.0,1.6142050040355072,C00_DAILY_RANK_RIDGE,C00_DAILY_RANK_RIDGE_K1,1,True
2025-01-23,1,3238,セントラル総合開発,0.12510165572166443,True,1.0,0.42105263157894424,C00_DAILY_RANK_RIDGE,C00_DAILY_RANK_RIDGE_K1,1,True
2025-01-24,1,3238,セントラル総合開発,0.12733352184295654,True,1.0,0.21052631578948322,C00_DAILY_RANK_RIDGE,C00_DAILY_RANK_RIDGE_K1,1,True
2025-01-27,1,3238,セントラル総合開発,0.14122645556926727,True,0.0,-0.42105263157894424,C00_DAILY_RANK_RIDGE,C00_DAILY_RANK_RIDGE_K1,1,True
2025-01-28,1,8066,三⾕商事,0.12115754932165146,True,1.0,1.1657374556512945,C00_DAILY_RANK_RIDGE,C00_DAILY_RANK_RIDGE_K1,1,True
2025-01-29,1,3238,セントラル総合開発,0.13608674705028534,True,1.0,0.2123142250530785,C00_DAILY_RANK_RIDGE,C00_DAILY_RANK_RIDGE_K1,1,True
2025-01-30,1,3238,セントラル総合開発,0.12565268576145172,True,1.0,0.6382978723404209,C00_DAILY_RANK_RIDGE,C00_DAILY_RANK_RIDGE_K1,1,True
2025-01-31,1,3238,セントラル総合開発,0.11973346769809723,True,0.0,-0.6342494714587699,C00_DAILY_RANK_RIDGE,C00_DAILY_RANK_RIDGE_K1,1,True
2025-02-03,1,3238,セントラル総合開発,0.10675884038209915,True,1.0,0.42553191489360653,C00_DAILY_RANK_RIDGE,C00_DAILY_RANK_RIDGE_K1,1,True
2025-02-04,1,4424,Ａｍａｚｉａ,0.10659737139940262,True,1.0,0.6514657980456029,C00_DAILY_RANK_RIDGE,C00_DAILY_RANK_RIDGE_K1,1,True
2025-02-05,1,4380,Ｍマート,0.11910618096590042,True,1.0,0.43859649122806044,C00_DAILY_RANK_RIDGE,C00_DAILY_RANK_RIDGE_K1,1,True
2025-02-06,1,4380,Ｍマート,0.09958318620920181,True,0.0,0.0,C00_DAILY_RANK_RIDGE,C00_DAILY_RANK_RIDGE_K1,1,True
2025-02-07,1,6193,バーチャレクス・ホールディングス,0.10618797689676285,True,0.0,0.0,C00_DAILY_RANK_RIDGE,C00_DAILY_RANK_RIDGE_K1,1,True
2025-02-10,1,6161,エスティック,0.0978996753692627,True,1.0,1.661129568106312,C00_DAILY_RANK_RIDGE,C00_DAILY_RANK_RIDGE_K1,1,True
2025-02-12,1,4783,ＮＣＤ,0.11839522421360016,True,1.0,1.0204081632652962,C00_DAILY_RANK_RIDGE,C00_DAILY_RANK_RIDGE_K1,1,True
2025-02-13,1,7043,アルー,0.11957889795303345,True,1.0,4.813664596273282,C00_DAILY_RANK_RIDGE,C00_DAILY_RANK_RIDGE_K1,1,True
2025-02-14,1,3800,ユニリタ,0.12169740349054337,True,1.0,0.10040160642570406,C00_DAILY_RANK_RIDGE,C00_DAILY_RANK_RIDGE_K1,1,True
2025-02-17,1,3800,ユニリタ,0.10657308250665665,True,1.0,0.05025125628139726,C00_DAILY_RANK_RIDGE,C00_DAILY_RANK_RIDGE_K1,1,True
2025-02-18,1,3238,セントラル総合開発,0.11127059906721115,True,1.0,1.0845986984815648,C00_DAILY_RANK_RIDGE,C00_DAILY_RANK_RIDGE_K1,1,True
2025-02-19,1,7043,アルー,0.11297076940536499,True,1.0,2.84005979073243,C00_DAILY_RANK_RIDGE,C00_DAILY_RANK_RIDGE_K1,1,True
2025-02-20,1,3800,ユニリタ,0.10621674358844757,True,1.0,0.1506024096385561,C00_DAILY_RANK_RIDGE,C00_DAILY_RANK_RIDGE_K1,1,True
2025-02-21,1,7638,ＮＥＷ ＡＲＴ ＨＯＬＤＩＮＧＳ,0.11407212913036346,True,0.0,-1.2578616352201255,C00_DAILY_RANK_RIDGE,C00_DAILY_RANK_RIDGE_K1,1,True
2025-02-25,1,9244,デジタリフト,0.1075628474354744,True,0.0,-0.2645502645502673,C00_DAILY_RANK_RIDGE,C00_DAILY_RANK_RIDGE_K1,1,True
2025-02-26,1,4057,インターファクトリー,0.09889678657054901,True,0.0,-0.8247422680412342,C00_DAILY_RANK_RIDGE,C00_DAILY_RANK_RIDGE_K1,1,True
2025-02-27,1,3359,ｃｏｔｔａ,0.09540452063083649,True,0.0,0.0,C00_DAILY_RANK_RIDGE,C00_DAILY_RANK_RIDGE_K1,1,True
2025-02-28,1,3490,アズ企画設計,0.10810442268848419,True,0.0,-0.49545829892650994,C00_DAILY_RANK_RIDGE,C00_DAILY_RANK_RIDGE_K1,1,True
2025-03-03,1,3490,アズ企画設計,0.1089453250169754,True,0.0,-0.4161464835622186,C00_DAILY_RANK_RIDGE,C00_DAILY_RANK_RIDGE_K1,1,True
2025-03-04,1,2300,きょくとう,0.1051473394036293,True,0.0,-0.6024096385542133,C00_DAILY_RANK_RIDGE,C00_DAILY_RANK_RIDGE_K1,1,True
2025-03-05,1,6312,フロイント産業,0.10925121605396271,True,0.0,-0.2645502645502673,C00_DAILY_RANK_RIDGE,C00_DAILY_RANK_RIDGE_K1,1,True
2025-03-06,1,3063,ジェイグループホールディングス,0.11690207570791245,True,0.0,-0.5780346820809301,C00_DAILY_RANK_RIDGE,C00_DAILY_RANK_RIDGE_K1,1,True
2025-03-07,1,3800,ユニリタ,0.10576619952917099,True,0.0,-0.05002501250624958,C00_DAILY_RANK_RIDGE,C00_DAILY_RANK_RIDGE_K1,1,True
2025-03-10,1,4783,ＮＣＤ,0.12248841673135757,True,0.0,-0.03844675124952124,C00_DAILY_RANK_RIDGE,C00_DAILY_RANK_RIDGE_K1,1,True
2025-03-11,1,7345,アイ・パートナーズフィナンシャル,0.13132134079933167,True,1.0,0.6666666666666599,C00_DAILY_RANK_RIDGE,C00_DAILY_RANK_RIDGE_K1,1,True
2025-03-12,1,8139,ナガホリ,0.10872341692447662,True,1.0,1.231884057971011,C00_DAILY_RANK_RIDGE,C00_DAILY_RANK_RIDGE_K1,1,True
2025-03-13,1,7345,アイ・パートナーズフィナンシャル,0.10707814991474152,True,1.0,1.683501683501687,C00_DAILY_RANK_RIDGE,C00_DAILY_RANK_RIDGE_K1,1,True
2025-03-14,1,4387,ＺＵＵ,0.10167766362428665,True,1.0,0.2421307506053294,C00_DAILY_RANK_RIDGE,C00_DAILY_RANK_RIDGE_K1,1,True
2025-03-17,1,2332,クエスト,0.11716548353433609,True,1.0,0.6666666666666599,C00_DAILY_RANK_RIDGE,C00_DAILY_RANK_RIDGE_K1,1,True
2025-03-18,1,7345,アイ・パートナーズフィナンシャル,0.12500911951065063,True,0.0,-1.7793594306049876,C00_DAILY_RANK_RIDGE,C00_DAILY_RANK_RIDGE_K1,1,True
2025-03-19,1,2332,クエスト,0.1360103338956833,True,1.0,0.589101620029453,C00_DAILY_RANK_RIDGE,C00_DAILY_RANK_RIDGE_K1,1,True
2025-03-21,1,5277,スパンクリートコーポレーション,0.13111916184425354,True,0.0,-0.22421524663677195,C00_DAILY_RANK_RIDGE,C00_DAILY_RANK_RIDGE_K1,1,True
2025-03-24,1,5277,スパンクリートコーポレーション,0.14133912324905396,True,1.0,0.22421524663676085,C00_DAILY_RANK_RIDGE,C00_DAILY_RANK_RIDGE_K1,1,True
2025-03-25,1,5277,スパンクリートコーポレーション,0.15355539321899414,True,0.0,-0.22371364653244186,C00_DAILY_RANK_RIDGE,C00_DAILY_RANK_RIDGE_K1,1,True
2025-03-26,1,5277,スパンクリートコーポレーション,0.14853841066360474,True,1.0,0.4474272930648837,C00_DAILY_RANK_RIDGE,C00_DAILY_RANK_RIDGE_K1,1,True
2025-03-27,1,5277,スパンクリートコーポレーション,0.14392082393169403,True,1.0,0.44642857142858094,C00_DAILY_RANK_RIDGE,C00_DAILY_RANK_RIDGE_K1,1,True
2025-03-28,1,5277,スパンクリートコーポレーション,0.14410419762134552,True,1.0,0.6696428571428603,C00_DAILY_RANK_RIDGE,C00_DAILY_RANK_RIDGE_K1,1,True
2025-03-31,1,5277,スパンクリートコーポレーション,0.11767937242984772,True,0.0,0.0,C00_DAILY_RANK_RIDGE,C00_DAILY_RANK_RIDGE_K1,1,True
2025-04-01,1,3434,アルファＣｏ,0.11579068005084991,True,0.0,-1.4388489208633115,C00_DAILY_RANK_RIDGE,C00_DAILY_RANK_RIDGE_K1,1,True
2025-04-02,1,7318,セレンディップ・ホールディングス,0.12515942752361298,True,0.0,-0.9044657998869443,C00_DAILY_RANK_RIDGE,C00_DAILY_RANK_RIDGE_K1,1,True
2025-04-03,1,5845,全保連,0.1139523983001709,True,0.0,-0.6127450980392135,C00_DAILY_RANK_RIDGE,C00_DAILY_RANK_RIDGE_K1,1,True
2025-04-04,1,9685,ＫＹＣＯＭホールディングス,0.0955691784620285,True,0.0,-8.062015503875974,C00_DAILY_RANK_RIDGE,C00_DAILY_RANK_RIDGE_K1,1,True
2025-04-07,1,7036,イーエムネットジャパン,0.13011805713176727,True,0.0,-8.115942028985511,C00_DAILY_RANK_RIDGE,C00_DAILY_RANK_RIDGE_K1,1,True
2025-04-08,1,1662,石油資源開発,0.10013080388307571,True,0.0,-0.29880478087649376,C00_DAILY_RANK_RIDGE,C00_DAILY_RANK_RIDGE_K1,1,True
2025-04-09,1,1662,石油資源開発,0.09937082976102829,True,0.0,-2.7551020408163263,C00_DAILY_RANK_RIDGE,C00_DAILY_RANK_RIDGE_K1,1,True
2025-04-10,1,2332,クエスト,0.10872300714254379,True,1.0,0.39777247414478634,C00_DAILY_RANK_RIDGE,C00_DAILY_RANK_RIDGE_K1,1,True
2025-04-11,1,7043,アルー,0.11751970648765564,True,1.0,1.9461077844311392,C00_DAILY_RANK_RIDGE,C00_DAILY_RANK_RIDGE_K1,1,True
2025-04-14,1,7043,アルー,0.1398598700761795,True,1.0,2.2222222222222143,C00_DAILY_RANK_RIDGE,C00_DAILY_RANK_RIDGE_K1,1,True
2025-04-15,1,3986,ビーブレイクシステムズ,0.166106179356575,True,1.0,0.20964360587001352,C00_DAILY_RANK_RIDGE,C00_DAILY_RANK_RIDGE_K1,1,True
2025-04-16,1,3986,ビーブレイクシステムズ,0.15501990914344788,True,,,C00_DAILY_RANK_RIDGE,C00_DAILY_RANK_RIDGE_K1,1,False
2025-04-17,1,3986,ビーブレイクシステムズ,0.15965519845485687,True,0.0,-2.0689655172413834,C00_DAILY_RANK_RIDGE,C00_DAILY_RANK_RIDGE_K1,1,True
2025-04-18,1,3986,ビーブレイクシステムズ,0.13977853953838348,True,1.0,1.0563380281690238,C00_DAILY_RANK_RIDGE,C00_DAILY_RANK_RIDGE_K1,1,True
2025-04-21,1,7043,アルー,0.12453115731477737,True,1.0,0.8746355685131268,C00_DAILY_RANK_RIDGE,C00_DAILY_RANK_RIDGE_K1,1,True
2025-04-22,1,7043,アルー,0.12472189217805862,True,1.0,1.3157894736842035,C00_DAILY_RANK_RIDGE,C00_DAILY_RANK_RIDGE_K1,1,True
2025-04-23,1,7043,アルー,0.12666068971157074,True,0.0,-0.575539568345329,C00_DAILY_RANK_RIDGE,C00_DAILY_RANK_RIDGE_K1,1,True
2025-04-24,1,7043,アルー,0.14393402636051178,True,1.0,0.5788712011577379,C00_DAILY_RANK_RIDGE,C00_DAILY_RANK_RIDGE_K1,1,True
2025-04-25,1,7043,アルー,0.13371630012989044,True,1.0,0.1436781609195359,C00_DAILY_RANK_RIDGE,C00_DAILY_RANK_RIDGE_K1,1,True
2025-04-28,1,7043,アルー,0.11892694979906082,True,0.0,-0.43041606886656814,C00_DAILY_RANK_RIDGE,C00_DAILY_RANK_RIDGE_K1,1,True
2025-04-30,1,7043,アルー,0.13169662654399872,True,1.0,0.14409221902016434,C00_DAILY_RANK_RIDGE,C00_DAILY_RANK_RIDGE_K1,1,True
2025-05-01,1,7043,アルー,0.12369668483734131,True,1.0,0.2877697841726645,C00_DAILY_RANK_RIDGE,C00_DAILY_RANK_RIDGE_K1,1,True
2025-05-02,1,7043,アルー,0.11070363223552704,True,0.0,-0.1436781609195359,C00_DAILY_RANK_RIDGE,C00_DAILY_RANK_RIDGE_K1,1,True
2025-05-07,1,7043,アルー,0.1300651878118515,True,1.0,1.5827338129496438,C00_DAILY_RANK_RIDGE,C00_DAILY_RANK_RIDGE_K1,1,True
2025-05-08,1,6034,ＭＲＴ,0.11421359330415726,True,0.0,-0.14492753623188692,C00_DAILY_RANK_RIDGE,C00_DAILY_RANK_RIDGE_K1,1,True
2025-05-09,1,6492,岡野バルブ製造,0.1161099448800087,True,1.0,3.750000000000009,C00_DAILY_RANK_RIDGE,C00_DAILY_RANK_RIDGE_K1,1,True
2025-05-12,1,7345,アイ・パートナーズフィナンシャル,0.13120310008525848,True,1.0,1.6042780748663166,C00_DAILY_RANK_RIDGE,C00_DAILY_RANK_RIDGE_K1,1,True
2025-05-13,1,7345,アイ・パートナーズフィナンシャル,0.1275835633277893,True,0.0,-1.0714285714285676,C00_DAILY_RANK_RIDGE,C00_DAILY_RANK_RIDGE_K1,1,True
2025-05-14,1,7345,アイ・パートナーズフィナンシャル,0.1413748860359192,True,1.0,3.392857142857153,C00_DAILY_RANK_RIDGE,C00_DAILY_RANK_RIDGE_K1,1,True
2025-05-15,1,3353,メディカル一光グループ,0.11939515918493271,True,1.0,0.2565198802907176,C00_DAILY_RANK_RIDGE,C00_DAILY_RANK_RIDGE_K1,1,True
2025-05-16,1,7345,アイ・パートナーズフィナンシャル,0.13216856122016907,True,1.0,0.8928571428571397,C00_DAILY_RANK_RIDGE,C00_DAILY_RANK_RIDGE_K1,1,True
2025-05-19,1,6034,ＭＲＴ,0.11776278167963028,True,0.0,-1.3274336283185861,C00_DAILY_RANK_RIDGE,C00_DAILY_RANK_RIDGE_K1,1,True
2025-05-20,1,7345,アイ・パートナーズフィナンシャル,0.11788061261177063,True,1.0,0.727272727272732,C00_DAILY_RANK_RIDGE,C00_DAILY_RANK_RIDGE_K1,1,True
2025-05-21,1,6346,キクカワエンタープライズ,0.10589868575334549,True,1.0,0.8944543828264706,C00_DAILY_RANK_RIDGE,C00_DAILY_RANK_RIDGE_K1,1,True
2025-05-22,1,7345,アイ・パートナーズフィナンシャル,0.11020250618457794,True,1.0,1.6666666666666607,C00_DAILY_RANK_RIDGE,C00_DAILY_RANK_RIDGE_K1,1,True
2025-05-23,1,7345,アイ・パートナーズフィナンシャル,0.11587204784154892,True,1.0,1.4842300556586308,C00_DAILY_RANK_RIDGE,C00_DAILY_RANK_RIDGE_K1,1,True
2025-05-26,1,7345,アイ・パートナーズフィナンシャル,0.1271151900291443,True,1.0,0.3656307129798808,C00_DAILY_RANK_RIDGE,C00_DAILY_RANK_RIDGE_K1,1,True
2025-05-27,1,7345,アイ・パートナーズフィナンシャル,0.11255007982254028,True,1.0,5.185185185185182,C00_DAILY_RANK_RIDGE,C00_DAILY_RANK_RIDGE_K1,1,True
2025-05-28,1,5945,天龍製鋸,0.12473420798778534,True,1.0,0.37776578521315773,C00_DAILY_RANK_RIDGE,C00_DAILY_RANK_RIDGE_K1,1,True
2025-05-29,1,7345,アイ・パートナーズフィナンシャル,0.14234168827533722,True,1.0,1.4814814814814836,C00_DAILY_RANK_RIDGE,C00_DAILY_RANK_RIDGE_K1,1,True
2025-05-30,1,5945,天龍製鋸,0.12981337308883667,True,1.0,0.2702702702702675,C00_DAILY_RANK_RIDGE,C00_DAILY_RANK_RIDGE_K1,1,True
2025-06-02,1,5945,天龍製鋸,0.11691570281982422,True,0.0,-0.48179871520342976,C00_DAILY_RANK_RIDGE,C00_DAILY_RANK_RIDGE_K1,1,True
2025-06-03,1,3271,ＴＨＥグローバル社,0.10619739443063736,True,0.0,-0.6295907660020972,C00_DAILY_RANK_RIDGE,C00_DAILY_RANK_RIDGE_K1,1,True
2025-06-04,1,6346,キクカワエンタープライズ,0.11081898212432861,True,1.0,1.0869565217391353,C00_DAILY_RANK_RIDGE,C00_DAILY_RANK_RIDGE_K1,1,True
2025-06-05,1,6346,キクカワエンタープライズ,0.10646670311689377,True,,,C00_DAILY_RANK_RIDGE,C00_DAILY_RANK_RIDGE_K1,1,False
2025-06-06,1,3948,光ビジネスフォーム,0.1150374487042427,True,1.0,1.6999999999999904,C00_DAILY_RANK_RIDGE,C00_DAILY_RANK_RIDGE_K1,1,True
2025-06-09,1,3271,ＴＨＥグローバル社,0.09623394906520844,True,0.0,0.0,C00_DAILY_RANK_RIDGE,C00_DAILY_RANK_RIDGE_K1,1,True
2025-06-10,1,9142,九州旅客鉄道,0.09278213977813721,True,0.0,-0.42440318302386926,C00_DAILY_RANK_RIDGE,C00_DAILY_RANK_RIDGE_K1,1,True
2025-06-11,1,175A,Ｗｉｌｌ Ｓｍａｒｔ,0.09783383458852768,True,1.0,2.1437578814627933,C00_DAILY_RANK_RIDGE,C00_DAILY_RANK_RIDGE_K1,1,True
2025-06-12,1,6158,和井⽥製作所,0.10020768642425537,True,0.0,-0.3386004514672636,C00_DAILY_RANK_RIDGE,C00_DAILY_RANK_RIDGE_K1,1,True
2025-06-13,1,1866,北野建設,0.10521543771028519,True,1.0,2.9484029484029506,C00_DAILY_RANK_RIDGE,C00_DAILY_RANK_RIDGE_K1,1,True
2025-06-16,1,7345,アイ・パートナーズフィナンシャル,0.12984763085842133,True,1.0,2.177858439201441,C00_DAILY_RANK_RIDGE,C00_DAILY_RANK_RIDGE_K1,1,True
2025-06-17,1,7255,桜井製作所,0.11936652660369873,True,1.0,1.7513134851138368,C00_DAILY_RANK_RIDGE,C00_DAILY_RANK_RIDGE_K1,1,True
2025-06-18,1,7255,桜井製作所,0.10762407630681992,True,1.0,0.17241379310344307,C00_DAILY_RANK_RIDGE,C00_DAILY_RANK_RIDGE_K1,1,True
2025-06-19,1,9767,日建⼯学,0.11926901340484619,True,1.0,1.6702977487291104,C00_DAILY_RANK_RIDGE,C00_DAILY_RANK_RIDGE_K1,1,True
2025-06-20,1,3843,フリービット,0.10096728056669235,True,0.0,-1.480959097320167,C00_DAILY_RANK_RIDGE,C00_DAILY_RANK_RIDGE_K1,1,True
2025-06-23,1,6648,かわでん,0.10886794328689575,True,1.0,0.11428571428571122,C00_DAILY_RANK_RIDGE,C00_DAILY_RANK_RIDGE_K1,1,True
2025-06-24,1,2327,日鉄ソリューションズ,0.10152567923069,True,0.0,-0.42918454935622075,C00_DAILY_RANK_RIDGE,C00_DAILY_RANK_RIDGE_K1,1,True
2025-06-25,1,4437,ｇｏｏｄｄａｙｓホールディングス,0.11598190665245056,True,0.0,-0.295857988165682,C00_DAILY_RANK_RIDGE,C00_DAILY_RANK_RIDGE_K1,1,True
2025-06-26,1,4437,ｇｏｏｄｄａｙｓホールディングス,0.09942115098237991,True,1.0,1.5037593984962516,C00_DAILY_RANK_RIDGE,C00_DAILY_RANK_RIDGE_K1,1,True
2025-06-27,1,4437,ｇｏｏｄｄａｙｓホールディングス,0.09965471178293228,True,1.0,0.14792899408284654,C00_DAILY_RANK_RIDGE,C00_DAILY_RANK_RIDGE_K1,1,True
2025-06-30,1,7043,アルー,0.12005479633808136,True,1.0,0.9150326797385588,C00_DAILY_RANK_RIDGE,C00_DAILY_RANK_RIDGE_K1,1,True
2025-07-01,1,4437,ｇｏｏｄｄａｙｓホールディングス,0.10883337259292603,True,0.0,-0.7299270072992692,C00_DAILY_RANK_RIDGE,C00_DAILY_RANK_RIDGE_K1,1,True
2025-07-02,1,9361,伏木海陸運送,0.09895016252994537,True,0.0,-0.5518087063151489,C00_DAILY_RANK_RIDGE,C00_DAILY_RANK_RIDGE_K1,1,True
2025-07-03,1,7043,アルー,0.1305340677499771,True,1.0,0.5221932114882533,C00_DAILY_RANK_RIDGE,C00_DAILY_RANK_RIDGE_K1,1,True
2025-07-04,1,7043,アルー,0.10522747784852982,True,1.0,0.26041666666667407,C00_DAILY_RANK_RIDGE,C00_DAILY_RANK_RIDGE_K1,1,True
2025-07-07,1,7043,アルー,0.10746738314628601,True,1.0,0.26041666666667407,C00_DAILY_RANK_RIDGE,C00_DAILY_RANK_RIDGE_K1,1,True
2025-07-08,1,7043,アルー,0.11007554084062576,True,1.0,0.39215686274509665,C00_DAILY_RANK_RIDGE,C00_DAILY_RANK_RIDGE_K1,1,True
2025-07-09,1,7043,アルー,0.13547641038894653,True,1.0,0.78125,C00_DAILY_RANK_RIDGE,C00_DAILY_RANK_RIDGE_K1,1,True
2025-07-10,1,4437,ｇｏｏｄｄａｙｓホールディングス,0.11888939142227173,True,1.0,0.4411764705882337,C00_DAILY_RANK_RIDGE,C00_DAILY_RANK_RIDGE_K1,1,True
2025-07-11,1,4437,ｇｏｏｄｄａｙｓホールディングス,0.11960016936063766,True,1.0,0.2928257686676483,C00_DAILY_RANK_RIDGE,C00_DAILY_RANK_RIDGE_K1,1,True
2025-07-14,1,4437,ｇｏｏｄｄａｙｓホールディングス,0.12257001549005508,True,0.0,-0.7246376811594235,C00_DAILY_RANK_RIDGE,C00_DAILY_RANK_RIDGE_K1,1,True
2025-07-15,1,7043,アルー,0.1246880292892456,True,0.0,0.0,C00_DAILY_RANK_RIDGE,C00_DAILY_RANK_RIDGE_K1,1,True
2025-07-16,1,7043,アルー,0.11036369204521179,True,1.0,0.6493506493506551,C00_DAILY_RANK_RIDGE,C00_DAILY_RANK_RIDGE_K1,1,True
2025-07-17,1,7043,アルー,0.10959325730800629,True,1.0,0.2600780234070177,C00_DAILY_RANK_RIDGE,C00_DAILY_RANK_RIDGE_K1,1,True
2025-07-18,1,7043,アルー,0.126993790268898,True,1.0,0.1290322580645098,C00_DAILY_RANK_RIDGE,C00_DAILY_RANK_RIDGE_K1,1,True
2025-07-22,1,7043,アルー,0.1160256415605545,True,1.0,2.05920205920207,C00_DAILY_RANK_RIDGE,C00_DAILY_RANK_RIDGE_K1,1,True
2025-07-23,1,7808,シー・エス・ランバー,0.09095500409603119,True,1.0,0.4366812227074135,C00_DAILY_RANK_RIDGE,C00_DAILY_RANK_RIDGE_K1,1,True
2025-07-24,1,7808,シー・エス・ランバー,0.11184637248516083,True,1.0,1.655629139072845,C00_DAILY_RANK_RIDGE,C00_DAILY_RANK_RIDGE_K1,1,True
2025-07-25,1,7634,星医療酸器,0.1182258203625679,True,1.0,0.439560439560438,C00_DAILY_RANK_RIDGE,C00_DAILY_RANK_RIDGE_K1,1,True
2025-07-28,1,7634,星医療酸器,0.11726275831460953,True,0.0,0.0,C00_DAILY_RANK_RIDGE,C00_DAILY_RANK_RIDGE_K1,1,True
2025-07-29,1,9259,タカヨシホールディングス,0.11569518595933914,True,0.0,0.0,C00_DAILY_RANK_RIDGE,C00_DAILY_RANK_RIDGE_K1,1,True
2025-07-30,1,7043,アルー,0.11428114026784897,True,1.0,2.130325814536338,C00_DAILY_RANK_RIDGE,C00_DAILY_RANK_RIDGE_K1,1,True
2025-07-31,1,9259,タカヨシホールディングス,0.11013015359640121,True,1.0,0.14265335235377208,C00_DAILY_RANK_RIDGE,C00_DAILY_RANK_RIDGE_K1,1,True
2024-07-01,1,7043,アルー,0.15182997286319733,True,1.0,0.49999999999998934,C00_DAILY_RANK_RIDGE,C00_DAILY_RANK_RIDGE_K2,2,True
2024-07-01,2,8139,ナガホリ,0.12033767253160477,True,1.0,2.382671480144394,C00_DAILY_RANK_RIDGE,C00_DAILY_RANK_RIDGE_K2,2,True
2024-07-02,1,7043,アルー,0.14636975526809692,True,0.0,-0.49813200498132204,C00_DAILY_RANK_RIDGE,C00_DAILY_RANK_RIDGE_K2,2,True
2024-07-02,2,6151,日東⼯器,0.10890908539295197,True,0.0,-3.2746623004502706,C00_DAILY_RANK_RIDGE,C00_DAILY_RANK_RIDGE_K2,2,True
2024-07-03,1,7043,アルー,0.13983601331710815,True,1.0,1.643489254108732,C00_DAILY_RANK_RIDGE,C00_DAILY_RANK_RIDGE_K2,2,True
2024-07-03,2,6151,日東⼯器,0.12844346463680267,True,0.0,-4.340497260851239,C00_DAILY_RANK_RIDGE,C00_DAILY_RANK_RIDGE_K2,2,True
2024-07-04,1,6151,日東⼯器,0.12767218053340912,True,0.0,-0.9683098591549255,C00_DAILY_RANK_RIDGE,C00_DAILY_RANK_RIDGE_K2,2,True
2024-07-04,2,7043,アルー,0.10960620641708374,True,0.0,0.0,C00_DAILY_RANK_RIDGE,C00_DAILY_RANK_RIDGE_K2,2,True
2024-07-05,1,7043,アルー,0.12477243691682816,True,1.0,7.800511508951402,C00_DAILY_RANK_RIDGE,C00_DAILY_RANK_RIDGE_K2,2,True
2024-07-05,2,2480,システム・ロケーション,0.11147290468215942,True,1.0,1.8436578171091345,C00_DAILY_RANK_RIDGE,C00_DAILY_RANK_RIDGE_K2,2,True
2024-07-08,1,6151,日東⼯器,0.10352980345487595,True,0.0,-3.8224956063268922,C00_DAILY_RANK_RIDGE,C00_DAILY_RANK_RIDGE_K2,2,True
2024-07-08,2,7676,グッドスピード,0.09684381633996964,True,0.0,0.0,C00_DAILY_RANK_RIDGE,C00_DAILY_RANK_RIDGE_K2,2,True
2024-07-09,1,6151,日東⼯器,0.10802064090967178,True,1.0,0.22841480127913094,C00_DAILY_RANK_RIDGE,C00_DAILY_RANK_RIDGE_K2,2,True
2024-07-09,2,8139,ナガホリ,0.09375351667404175,True,1.0,1.9607843137254832,C00_DAILY_RANK_RIDGE,C00_DAILY_RANK_RIDGE_K2,2,True
2024-07-10,1,1866,北野建設,0.09766771644353867,True,0.0,-0.4070556309362261,C00_DAILY_RANK_RIDGE,C00_DAILY_RANK_RIDGE_K2,2,True
2024-07-10,2,4491,コンピューターマネージメント,0.09753544628620148,True,1.0,1.4251781472684133,C00_DAILY_RANK_RIDGE,C00_DAILY_RANK_RIDGE_K2,2,True
2024-07-11,1,3974,ＳＣＡＴ,0.09691739082336426,True,1.0,1.2958963282937441,C00_DAILY_RANK_RIDGE,C00_DAILY_RANK_RIDGE_K2,2,True
2024-07-11,2,9070,トナミホールディングス,0.09457847476005554,True,1.0,0.1686340640809414,C00_DAILY_RANK_RIDGE,C00_DAILY_RANK_RIDGE_K2,2,True
2024-07-12,1,4344,ソースネクスト,0.11127766966819763,True,1.0,9.478672985782,C00_DAILY_RANK_RIDGE,C00_DAILY_RANK_RIDGE_K2,2,True
2024-07-12,2,3991,ウォンテッドリー,0.1035846471786499,True,1.0,2.132352941176463,C00_DAILY_RANK_RIDGE,C00_DAILY_RANK_RIDGE_K2,2,True
2024-07-16,1,8938,グローム・ホールディングス,0.09741141647100449,True,1.0,3.2727272727272716,C00_DAILY_RANK_RIDGE,C00_DAILY_RANK_RIDGE_K2,2,True
2024-07-16,2,1866,北野建設,0.09670551866292953,True,0.0,-0.4132231404958664,C00_DAILY_RANK_RIDGE,C00_DAILY_RANK_RIDGE_K2,2,True
2024-07-17,1,7807,幸和製作所,0.13296376168727875,True,0.0,-2.4207011686143587,C00_DAILY_RANK_RIDGE,C00_DAILY_RANK_RIDGE_K2,2,True
2024-07-17,2,3892,岡山製紙,0.11788975447416306,True,1.0,0.06756756756756133,C00_DAILY_RANK_RIDGE,C00_DAILY_RANK_RIDGE_K2,2,True
2024-07-18,1,6870,日本フェンオール,0.10422135889530182,True,1.0,0.2875215641173101,C00_DAILY_RANK_RIDGE,C00_DAILY_RANK_RIDGE_K2,2,True
2024-07-18,2,7043,アルー,0.1028863936662674,True,1.0,2.261904761904754,C00_DAILY_RANK_RIDGE,C00_DAILY_RANK_RIDGE_K2,2,True
2024-07-19,1,5252,日本ナレッジ,0.10383930802345276,True,1.0,0.6545454545454632,C00_DAILY_RANK_RIDGE,C00_DAILY_RANK_RIDGE_K2,2,True
2024-07-19,2,7590,タカショー,0.10269179940223694,True,1.0,0.18552875695732052,C00_DAILY_RANK_RIDGE,C00_DAILY_RANK_RIDGE_K2,2,True
2024-07-22,1,7043,アルー,0.13593925535678864,True,1.0,4.422604422604426,C00_DAILY_RANK_RIDGE,C00_DAILY_RANK_RIDGE_K2,2,True
2024-07-22,2,4362,日本精化,0.0988481417298317,True,0.0,-2.630643441166014,C00_DAILY_RANK_RIDGE,C00_DAILY_RANK_RIDGE_K2,2,True
2024-07-23,1,6048,デザインワン・ジャパン,0.10897582024335861,True,0.0,-2.0689655172413834,C00_DAILY_RANK_RIDGE,C00_DAILY_RANK_RIDGE_K2,2,True
2024-07-23,2,6707,サンケン電気,0.10122836381196976,True,0.0,-1.3733333333333375,C00_DAILY_RANK_RIDGE,C00_DAILY_RANK_RIDGE_K2,2,True
2024-07-24,1,6762,ＴＤＫ,0.10525308549404144,True,0.0,-0.14691478942213676,C00_DAILY_RANK_RIDGE,C00_DAILY_RANK_RIDGE_K2,2,True
2024-07-24,2,9246,プロジェクトホールディングス,0.10205941647291183,True,0.0,-0.07347538574578039,C00_DAILY_RANK_RIDGE,C00_DAILY_RANK_RIDGE_K2,2,True
2024-07-25,1,7043,アルー,0.0983048751950264,True,1.0,1.0882708585247869,C00_DAILY_RANK_RIDGE,C00_DAILY_RANK_RIDGE_K2,2,True
2024-07-25,2,6113,アマダ,0.09185821563005447,True,0.0,-2.4864246927693623,C00_DAILY_RANK_RIDGE,C00_DAILY_RANK_RIDGE_K2,2,True
2024-07-26,1,5256,Ｆｕｓｉｃ,0.09308794140815735,True,0.0,-0.45385779122542047,C00_DAILY_RANK_RIDGE,C00_DAILY_RANK_RIDGE_K2,2,True
2024-07-26,2,9812,テーオーホールディングス,0.09082985669374466,True,0.0,-6.020942408376961,C00_DAILY_RANK_RIDGE,C00_DAILY_RANK_RIDGE_K2,2,True
2024-07-29,1,5247,ＢＴＭ,0.09515225887298584,True,1.0,3.5409836065573685,C00_DAILY_RANK_RIDGE,C00_DAILY_RANK_RIDGE_K2,2,True
2024-07-29,2,7175,今村証券,0.08136018365621567,True,1.0,0.29390154298309934,C00_DAILY_RANK_RIDGE,C00_DAILY_RANK_RIDGE_K2,2,True
2024-07-30,1,7043,アルー,0.12298814207315445,True,1.0,2.4242424242424176,C00_DAILY_RANK_RIDGE,C00_DAILY_RANK_RIDGE_K2,2,True
2024-07-30,2,9818,大丸エナウィン,0.08737540990114212,True,0.0,0.0,C00_DAILY_RANK_RIDGE,C00_DAILY_RANK_RIDGE_K2,2,True
2024-07-31,1,9340,アソインターナショナル,0.09679090231657028,True,1.0,3.2032032032031976,C00_DAILY_RANK_RIDGE,C00_DAILY_RANK_RIDGE_K2,2,True
2024-07-31,2,3934,ベネフィットジャパン,0.09350881725549698,True,0.0,-1.4705882352941124,C00_DAILY_RANK_RIDGE,C00_DAILY_RANK_RIDGE_K2,2,True
2024-08-01,1,8139,ナガホリ,0.13014839589595795,True,1.0,2.3668639053254337,C00_DAILY_RANK_RIDGE,C00_DAILY_RANK_RIDGE_K2,2,True
2024-08-01,2,4496,コマースＯｎｅホールディングス,0.11583669483661652,True,1.0,1.4084507042253502,C00_DAILY_RANK_RIDGE,C00_DAILY_RANK_RIDGE_K2,2,True
2024-08-02,1,3673,ブロードリーフ,0.1203913688659668,True,0.0,-3.0411449016100156,C00_DAILY_RANK_RIDGE,C00_DAILY_RANK_RIDGE_K2,2,True
2024-08-02,2,8139,ナガホリ,0.11745631694793701,True,0.0,0.0,C00_DAILY_RANK_RIDGE,C00_DAILY_RANK_RIDGE_K2,2,True
2024-08-05,1,9996,サトー商会,0.10980315506458282,True,1.0,8.002602472348741,C00_DAILY_RANK_RIDGE,C00_DAILY_RANK_RIDGE_K2,2,True
2024-08-05,2,6754,アンリツ,0.10884436219930649,True,0.0,-3.919191919191911,C00_DAILY_RANK_RIDGE,C00_DAILY_RANK_RIDGE_K2,2,True
2024-08-06,1,9162,ブリーチ,0.1110185906291008,True,0.0,0.0,C00_DAILY_RANK_RIDGE,C00_DAILY_RANK_RIDGE_K2,2,True
2024-08-06,2,4496,コマースＯｎｅホールディングス,0.10333150625228882,True,1.0,12.53968253968254,C00_DAILY_RANK_RIDGE,C00_DAILY_RANK_RIDGE_K2,2,True
2024-08-07,1,4814,ネクストウェア,0.09109694510698318,True,1.0,4.8387096774193505,C00_DAILY_RANK_RIDGE,C00_DAILY_RANK_RIDGE_K2,2,True
2024-08-07,2,7043,アルー,0.08152440935373306,True,1.0,2.836004932182501,C00_DAILY_RANK_RIDGE,C00_DAILY_RANK_RIDGE_K2,2,True
2024-08-08,1,7043,アルー,0.08292742818593979,True,1.0,0.3597122302158251,C00_DAILY_RANK_RIDGE,C00_DAILY_RANK_RIDGE_K2,2,True
2024-08-08,2,1997,暁飯島⼯業,0.050365228205919266,True,1.0,3.0056355666875367,C00_DAILY_RANK_RIDGE,C00_DAILY_RANK_RIDGE_K2,2,True
2024-08-09,1,7043,アルー,0.10098069906234741,True,0.0,0.0,C00_DAILY_RANK_RIDGE,C00_DAILY_RANK_RIDGE_K2,2,True
2024-08-09,2,8139,ナガホリ,0.08019612729549408,True,0.0,-3.1884057971014457,C00_DAILY_RANK_RIDGE,C00_DAILY_RANK_RIDGE_K2,2,True
2024-08-13,1,7043,アルー,0.12339101731777191,True,0.0,-1.8495684340320562,C00_DAILY_RANK_RIDGE,C00_DAILY_RANK_RIDGE_K2,2,True
2024-08-13,2,8139,ナガホリ,0.11927054077386856,True,1.0,0.5098324836125379,C00_DAILY_RANK_RIDGE,C00_DAILY_RANK_RIDGE_K2,2,True
2024-08-14,1,7043,アルー,0.16623809933662415,True,1.0,3.409090909090917,C00_DAILY_RANK_RIDGE,C00_DAILY_RANK_RIDGE_K2,2,True
2024-08-14,2,8139,ナガホリ,0.13652245700359344,True,0.0,0.0,C00_DAILY_RANK_RIDGE,C00_DAILY_RANK_RIDGE_K2,2,True
2024-08-15,1,8139,ナガホリ,0.13301604986190796,True,0.0,-1.1594202898550732,C00_DAILY_RANK_RIDGE,C00_DAILY_RANK_RIDGE_K2,2,True
2024-08-15,2,7043,アルー,0.1264856606721878,True,0.0,-2.5547445255474477,C00_DAILY_RANK_RIDGE,C00_DAILY_RANK_RIDGE_K2,2,True
2024-08-16,1,7043,アルー,0.1507362723350525,True,0.0,-0.4987531172069848,C00_DAILY_RANK_RIDGE,C00_DAILY_RANK_RIDGE_K2,2,True
2024-08-16,2,8139,ナガホリ,0.1367775946855545,True,1.0,0.8046817849304944,C00_DAILY_RANK_RIDGE,C00_DAILY_RANK_RIDGE_K2,2,True
2024-08-19,1,7043,アルー,0.12453504651784897,True,0.0,-0.5031446540880502,C00_DAILY_RANK_RIDGE,C00_DAILY_RANK_RIDGE_K2,2,True
2024-08-19,2,8139,ナガホリ,0.12280246615409851,True,1.0,1.7492711370262315,C00_DAILY_RANK_RIDGE,C00_DAILY_RANK_RIDGE_K2,2,True
2024-08-20,1,7043,アルー,0.12095419317483902,True,0.0,-0.37641154328732496,C00_DAILY_RANK_RIDGE,C00_DAILY_RANK_RIDGE_K2,2,True
2024-08-20,2,3804,システム ディ,0.0965559259057045,True,,,C00_DAILY_RANK_RIDGE,C00_DAILY_RANK_RIDGE_K2,2,False
2024-08-21,1,7043,アルー,0.11042632907629013,True,1.0,0.6369426751592355,C00_DAILY_RANK_RIDGE,C00_DAILY_RANK_RIDGE_K2,2,True
2024-08-21,2,8139,ナガホリ,0.10793730616569519,True,1.0,0.28571428571428914,C00_DAILY_RANK_RIDGE,C00_DAILY_RANK_RIDGE_K2,2,True
2024-08-22,1,7043,アルー,0.11447203904390335,True,0.0,-0.37783375314861534,C00_DAILY_RANK_RIDGE,C00_DAILY_RANK_RIDGE_K2,2,True
2024-08-22,2,5905,日本製罐,0.1008712649345398,True,1.0,3.3333333333333437,C00_DAILY_RANK_RIDGE,C00_DAILY_RANK_RIDGE_K2,2,True
2024-08-23,1,7043,アルー,0.11054253578186035,True,0.0,-1.4981273408239737,C00_DAILY_RANK_RIDGE,C00_DAILY_RANK_RIDGE_K2,2,True
2024-08-23,2,8247,大和,0.08777301013469696,True,1.0,0.9195402298850519,C00_DAILY_RANK_RIDGE,C00_DAILY_RANK_RIDGE_K2,2,True
2024-08-26,1,7043,アルー,0.09927552938461304,True,1.0,0.25316455696202667,C00_DAILY_RANK_RIDGE,C00_DAILY_RANK_RIDGE_K2,2,True
2024-08-26,2,3738,ティーガイア,0.09820500761270523,True,0.0,-1.331557922769644,C00_DAILY_RANK_RIDGE,C00_DAILY_RANK_RIDGE_K2,2,True
2024-08-27,1,3738,ティーガイア,0.10347440838813782,True,1.0,1.206434316353877,C00_DAILY_RANK_RIDGE,C00_DAILY_RANK_RIDGE_K2,2,True
2024-08-27,2,8871,ゴールドクレスト,0.09679123014211655,True,1.0,0.3517411185367525,C00_DAILY_RANK_RIDGE,C00_DAILY_RANK_RIDGE_K2,2,True
2024-08-28,1,9914,植松商会,0.11778032779693604,True,,,C00_DAILY_RANK_RIDGE,C00_DAILY_RANK_RIDGE_K2,2,False
2024-08-28,2,7043,アルー,0.10066302865743637,True,0.0,-0.37974683544304,C00_DAILY_RANK_RIDGE,C00_DAILY_RANK_RIDGE_K2,2,True
2024-08-29,1,2736,フェスタリアホールディングス,0.12411275506019592,True,0.0,-0.7027406886858767,C00_DAILY_RANK_RIDGE,C00_DAILY_RANK_RIDGE_K2,2,True
2024-08-29,2,9914,植松商会,0.1160358265042305,True,1.0,0.28571428571428914,C00_DAILY_RANK_RIDGE,C00_DAILY_RANK_RIDGE_K2,2,True
2024-08-30,1,3991,ウォンテッドリー,0.12020718306303024,True,0.0,-0.42016806722688926,C00_DAILY_RANK_RIDGE,C00_DAILY_RANK_RIDGE_K2,2,True
2024-08-30,2,3738,ティーガイア,0.10682111978530884,True,0.0,-0.6784260515603768,C00_DAILY_RANK_RIDGE,C00_DAILY_RANK_RIDGE_K2,2,True
2024-09-02,1,4445,リビン・テクノロジーズ,0.1443287581205368,True,0.0,-0.43266630611140666,C00_DAILY_RANK_RIDGE,C00_DAILY_RANK_RIDGE_K2,2,True
2024-09-02,2,3991,ウォンテッドリー,0.1233837679028511,True,0.0,-0.5922165820642977,C00_DAILY_RANK_RIDGE,C00_DAILY_RANK_RIDGE_K2,2,True
2024-09-03,1,3092,ＺＯＺＯ,0.11994824558496475,True,1.0,3.397947548460656,C00_DAILY_RANK_RIDGE,C00_DAILY_RANK_RIDGE_K2,2,True
2024-09-03,2,4445,リビン・テクノロジーズ,0.11770186573266983,True,1.0,1.5752308527973824,C00_DAILY_RANK_RIDGE,C00_DAILY_RANK_RIDGE_K2,2,True
2024-09-04,1,7514,ヒマラヤ,0.1110118106007576,True,1.0,0.22446689113355678,C00_DAILY_RANK_RIDGE,C00_DAILY_RANK_RIDGE_K2,2,True
2024-09-04,2,8167,リテールパートナーズ,0.10737863183021545,True,0.0,-0.07215007215006786,C00_DAILY_RANK_RIDGE,C00_DAILY_RANK_RIDGE_K2,2,True
2024-09-05,1,3436,ＳＵＭＣＯ,0.10059750080108643,True,0.0,-0.8289124668435011,C00_DAILY_RANK_RIDGE,C00_DAILY_RANK_RIDGE_K2,2,True
2024-09-05,2,6190,フェニックスバイオ,0.09705543518066406,True,0.0,0.0,C00_DAILY_RANK_RIDGE,C00_DAILY_RANK_RIDGE_K2,2,True
2024-09-06,1,4445,リビン・テクノロジーズ,0.10913131386041641,True,0.0,-0.38461538461538325,C00_DAILY_RANK_RIDGE,C00_DAILY_RANK_RIDGE_K2,2,True
2024-09-06,2,7689,コパ・コーポレーション,0.10768795758485794,True,1.0,0.16207455429497752,C00_DAILY_RANK_RIDGE,C00_DAILY_RANK_RIDGE_K2,2,True
2024-09-09,1,7689,コパ・コーポレーション,0.10909322649240494,True,1.0,1.5050167224080369,C00_DAILY_RANK_RIDGE,C00_DAILY_RANK_RIDGE_K2,2,True
2024-09-09,2,7138,ＴＯＲＩＣＯ,0.10567426681518555,True,1.0,4.3010752688172005,C00_DAILY_RANK_RIDGE,C00_DAILY_RANK_RIDGE_K2,2,True
2024-09-10,1,7273,イクヨ,0.1265866607427597,True,,,C00_DAILY_RANK_RIDGE,C00_DAILY_RANK_RIDGE_K2,2,False
2024-09-10,2,7689,コパ・コーポレーション,0.1047254353761673,True,0.0,-1.1419249592169667,C00_DAILY_RANK_RIDGE,C00_DAILY_RANK_RIDGE_K2,2,True
2024-09-11,1,4445,リビン・テクノロジーズ,0.11859102547168732,True,1.0,1.1148272017837302,C00_DAILY_RANK_RIDGE,C00_DAILY_RANK_RIDGE_K2,2,True
2024-09-11,2,7689,コパ・コーポレーション,0.11387047171592712,True,0.0,0.0,C00_DAILY_RANK_RIDGE,C00_DAILY_RANK_RIDGE_K2,2,True
2024-09-12,1,7069,サイバー・バズ,0.1298815906047821,True,0.0,-2.512998266897748,C00_DAILY_RANK_RIDGE,C00_DAILY_RANK_RIDGE_K2,2,True
2024-09-12,2,4445,リビン・テクノロジーズ,0.1251680552959442,True,0.0,-0.2739726027397249,C00_DAILY_RANK_RIDGE,C00_DAILY_RANK_RIDGE_K2,2,True
2024-09-13,1,6190,フェニックスバイオ,0.11676283925771713,True,0.0,-1.95227765726681,C00_DAILY_RANK_RIDGE,C00_DAILY_RANK_RIDGE_K2,2,True
2024-09-13,2,8746,ＵＮＢＡＮＫＥＤ,0.10337915271520615,True,1.0,0.917431192660545,C00_DAILY_RANK_RIDGE,C00_DAILY_RANK_RIDGE_K2,2,True
2024-09-17,1,4503,アステラス製薬,0.11569970846176147,True,0.0,-1.6880093131548257,C00_DAILY_RANK_RIDGE,C00_DAILY_RANK_RIDGE_K2,2,True
2024-09-17,2,7886,ヤマト・インダストリー,0.11429425328969955,True,,,C00_DAILY_RANK_RIDGE,C00_DAILY_RANK_RIDGE_K2,2,False
2024-09-18,1,4507,塩野義製薬,0.10803252458572388,True,0.0,-1.2378564713256046,C00_DAILY_RANK_RIDGE,C00_DAILY_RANK_RIDGE_K2,2,True
2024-09-18,2,4503,アステラス製薬,0.10779235512018204,True,1.0,0.7959905660377409,C00_DAILY_RANK_RIDGE,C00_DAILY_RANK_RIDGE_K2,2,True
2024-09-19,1,4884,クリングルファーマ,0.12718994915485382,True,1.0,4.8309178743961345,C00_DAILY_RANK_RIDGE,C00_DAILY_RANK_RIDGE_K2,2,True
2024-09-19,2,4507,塩野義製薬,0.10332935303449631,True,0.0,-0.2963194011228909,C00_DAILY_RANK_RIDGE,C00_DAILY_RANK_RIDGE_K2,2,True
2024-09-20,1,5247,ＢＴＭ,0.1260557621717453,True,1.0,1.610169491525415,C00_DAILY_RANK_RIDGE,C00_DAILY_RANK_RIDGE_K2,2,True
2024-09-20,2,4840,トライアイズ,0.12254749983549118,True,1.0,0.31847133757962887,C00_DAILY_RANK_RIDGE,C00_DAILY_RANK_RIDGE_K2,2,True
2024-09-24,1,4840,トライアイズ,0.12139394134283066,True,1.0,3.205128205128216,C00_DAILY_RANK_RIDGE,C00_DAILY_RANK_RIDGE_K2,2,True
2024-09-24,2,3092,ＺＯＺＯ,0.11783985048532486,True,0.0,-0.2240325865580428,C00_DAILY_RANK_RIDGE,C00_DAILY_RANK_RIDGE_K2,2,True
2024-09-25,1,2372,アイロムグループ,0.11846248805522919,True,0.0,0.0,C00_DAILY_RANK_RIDGE,C00_DAILY_RANK_RIDGE_K2,2,True
2024-09-25,2,5247,ＢＴＭ,0.1156521737575531,True,1.0,2.7205276174773196,C00_DAILY_RANK_RIDGE,C00_DAILY_RANK_RIDGE_K2,2,True
2024-09-26,1,3092,ＺＯＺＯ,0.12259014695882797,True,1.0,3.1114774366371334,C00_DAILY_RANK_RIDGE,C00_DAILY_RANK_RIDGE_K2,2,True
2024-09-26,2,4267,ライトワークス,0.11965619772672653,True,1.0,0.20263424518742745,C00_DAILY_RANK_RIDGE,C00_DAILY_RANK_RIDGE_K2,2,True
2024-09-27,1,3787,テクノマセマティカル,0.12975171208381653,True,1.0,1.6245487364620947,C00_DAILY_RANK_RIDGE,C00_DAILY_RANK_RIDGE_K2,2,True
2024-09-27,2,8139,ナガホリ,0.12022195756435394,True,1.0,0.2090592334494712,C00_DAILY_RANK_RIDGE,C00_DAILY_RANK_RIDGE_K2,2,True
2024-09-30,1,3787,テクノマセマティカル,0.12973202764987946,True,0.0,0.0,C00_DAILY_RANK_RIDGE,C00_DAILY_RANK_RIDGE_K2,2,True
2024-09-30,2,8139,ナガホリ,0.11603858321905136,True,1.0,0.34843205574912606,C00_DAILY_RANK_RIDGE,C00_DAILY_RANK_RIDGE_K2,2,True
2024-10-01,1,3787,テクノマセマティカル,0.12397270649671555,True,1.0,0.17152658662091813,C00_DAILY_RANK_RIDGE,C00_DAILY_RANK_RIDGE_K2,2,True
2024-10-01,2,2114,フジ日本,0.11475017666816711,True,0.0,-0.6673021925643452,C00_DAILY_RANK_RIDGE,C00_DAILY_RANK_RIDGE_K2,2,True
2024-10-02,1,7815,東京ボード⼯業,0.12328550219535828,True,1.0,0.670016750418756,C00_DAILY_RANK_RIDGE,C00_DAILY_RANK_RIDGE_K2,2,True
2024-10-02,2,3804,システム ディ,0.11418397724628448,True,1.0,0.2142857142857224,C00_DAILY_RANK_RIDGE,C00_DAILY_RANK_RIDGE_K2,2,True
2024-10-03,1,7815,東京ボード⼯業,0.11541061848402023,True,1.0,0.9819967266775809,C00_DAILY_RANK_RIDGE,C00_DAILY_RANK_RIDGE_K2,2,True
2024-10-03,2,3804,システム ディ,0.11129820346832275,True,0.0,-0.07127583749109156,C00_DAILY_RANK_RIDGE,C00_DAILY_RANK_RIDGE_K2,2,True
2024-10-04,1,3726,フォーシーズＨＤ,0.10984653234481812,True,0.0,-0.4158004158004158,C00_DAILY_RANK_RIDGE,C00_DAILY_RANK_RIDGE_K2,2,True
2024-10-04,2,2331,綜合警備保障,0.1055627316236496,True,1.0,0.2936857562408246,C00_DAILY_RANK_RIDGE,C00_DAILY_RANK_RIDGE_K2,2,True
2024-10-07,1,1925,大和ハウス⼯業,0.09019076824188232,True,0.0,-0.1295896328293744,C00_DAILY_RANK_RIDGE,C00_DAILY_RANK_RIDGE_K2,2,True
2024-10-07,2,3712,情報企画,0.0872793048620224,True,0.0,0.0,C00_DAILY_RANK_RIDGE,C00_DAILY_RANK_RIDGE_K2,2,True
2024-10-08,1,4361,川口化学⼯業,0.11909795552492142,True,1.0,0.12853470437017567,C00_DAILY_RANK_RIDGE,C00_DAILY_RANK_RIDGE_K2,2,True
2024-10-08,2,2229,カルビー,0.11448024958372116,True,1.0,0.5899705014749346,C00_DAILY_RANK_RIDGE,C00_DAILY_RANK_RIDGE_K2,2,True
2024-10-09,1,2229,カルビー,0.1077909767627716,True,1.0,0.9381413075344458,C00_DAILY_RANK_RIDGE,C00_DAILY_RANK_RIDGE_K2,2,True
2024-10-09,2,2334,イオレ,0.10257438570261002,True,0.0,-0.30674846625766694,C00_DAILY_RANK_RIDGE,C00_DAILY_RANK_RIDGE_K2,2,True
2024-10-10,1,2334,イオレ,0.10946431756019592,True,1.0,0.9230769230769154,C00_DAILY_RANK_RIDGE,C00_DAILY_RANK_RIDGE_K2,2,True
2024-10-10,2,8871,ゴールドクレスト,0.10928955674171448,True,1.0,1.273885350318471,C00_DAILY_RANK_RIDGE,C00_DAILY_RANK_RIDGE_K2,2,True
2024-10-11,1,2334,イオレ,0.10678347200155258,True,0.0,-0.1524390243902385,C00_DAILY_RANK_RIDGE,C00_DAILY_RANK_RIDGE_K2,2,True
2024-10-11,2,8871,ゴールドクレスト,0.10185769945383072,True,1.0,1.572327044025168,C00_DAILY_RANK_RIDGE,C00_DAILY_RANK_RIDGE_K2,2,True
2024-10-15,1,9601,松竹,0.10258885473012924,True,1.0,0.9304812834224574,C00_DAILY_RANK_RIDGE,C00_DAILY_RANK_RIDGE_K2,2,True
2024-10-15,2,2334,イオレ,0.09805162250995636,True,0.0,-0.3039513677811523,C00_DAILY_RANK_RIDGE,C00_DAILY_RANK_RIDGE_K2,2,True
2024-10-16,1,8871,ゴールドクレスト,0.11580927670001984,True,1.0,2.8037383177569986,C00_DAILY_RANK_RIDGE,C00_DAILY_RANK_RIDGE_K2,2,True
2024-10-16,2,8267,イオン,0.09624241292476654,True,1.0,1.3246823465801638,C00_DAILY_RANK_RIDGE,C00_DAILY_RANK_RIDGE_K2,2,True
2024-10-17,1,8025,ツカモトコーポレーション,0.0961296409368515,True,0.0,-2.1015761821365997,C00_DAILY_RANK_RIDGE,C00_DAILY_RANK_RIDGE_K2,2,True
2024-10-17,2,9143,ＳＧホールディングス,0.09584472328424454,True,1.0,0.4330446369087193,C00_DAILY_RANK_RIDGE,C00_DAILY_RANK_RIDGE_K2,2,True
2024-10-18,1,3195,ジェネレーションパス,0.10285371541976929,True,1.0,4.680851063829783,C00_DAILY_RANK_RIDGE,C00_DAILY_RANK_RIDGE_K2,2,True
2024-10-18,2,3490,アズ企画設計,0.09647618234157562,True,0.0,-0.08996851102114345,C00_DAILY_RANK_RIDGE,C00_DAILY_RANK_RIDGE_K2,2,True
2024-10-21,1,9064,ヤマトホールディングス,0.092967189848423,True,1.0,0.061538461538468425,C00_DAILY_RANK_RIDGE,C00_DAILY_RANK_RIDGE_K2,2,True
2024-10-21,2,7043,アルー,0.09273850917816162,True,0.0,-0.26595744680850686,C00_DAILY_RANK_RIDGE,C00_DAILY_RANK_RIDGE_K2,2,True
2024-10-22,1,7072,インティメート・マージャー,0.10573290288448334,True,0.0,-0.8474576271186418,C00_DAILY_RANK_RIDGE,C00_DAILY_RANK_RIDGE_K2,2,True
2024-10-22,2,9347,日本管財ホールディングス,0.1051618680357933,True,0.0,-1.9593345656192196,C00_DAILY_RANK_RIDGE,C00_DAILY_RANK_RIDGE_K2,2,True
2024-10-23,1,8871,ゴールドクレスト,0.12809306383132935,True,0.0,-2.7156549520766737,C00_DAILY_RANK_RIDGE,C00_DAILY_RANK_RIDGE_K2,2,True
2024-10-23,2,2268,Ｂ−Ｒ サーティワン アイスクリーム,0.10918743908405304,True,0.0,-0.7194244604316502,C00_DAILY_RANK_RIDGE,C00_DAILY_RANK_RIDGE_K2,2,True
2024-10-24,1,8871,ゴールドクレスト,0.1326667070388794,True,1.0,0.8291873963515828,C00_DAILY_RANK_RIDGE,C00_DAILY_RANK_RIDGE_K2,2,True
2024-10-24,2,7369,メイホーホールディングス,0.11786116659641266,True,0.0,0.0,C00_DAILY_RANK_RIDGE,C00_DAILY_RANK_RIDGE_K2,2,True
2024-10-25,1,7815,東京ボード⼯業,0.12165997922420502,True,1.0,1.1513157894736947,C00_DAILY_RANK_RIDGE,C00_DAILY_RANK_RIDGE_K2,2,True
2024-10-25,2,8871,ゴールドクレスト,0.11853642016649246,True,1.0,0.6557377049180246,C00_DAILY_RANK_RIDGE,C00_DAILY_RANK_RIDGE_K2,2,True
2024-10-28,1,8871,ゴールドクレスト,0.12383042275905609,True,0.0,-2.1035598705501646,C00_DAILY_RANK_RIDGE,C00_DAILY_RANK_RIDGE_K2,2,True
2024-10-28,2,7379,サーキュレーション,0.11391068249940872,True,1.0,0.16286644951140072,C00_DAILY_RANK_RIDGE,C00_DAILY_RANK_RIDGE_K2,2,True
2024-10-29,1,8871,ゴールドクレスト,0.12576067447662354,True,0.0,-0.658978583196046,C00_DAILY_RANK_RIDGE,C00_DAILY_RANK_RIDGE_K2,2,True
2024-10-29,2,7815,東京ボード⼯業,0.11735569685697556,True,1.0,1.342281879194629,C00_DAILY_RANK_RIDGE,C00_DAILY_RANK_RIDGE_K2,2,True
2024-10-30,1,7379,サーキュレーション,0.11748479306697845,True,1.0,1.1513157894736947,C00_DAILY_RANK_RIDGE,C00_DAILY_RANK_RIDGE_K2,2,True
2024-10-30,2,8871,ゴールドクレスト,0.10914476215839386,True,1.0,0.2673796791443861,C00_DAILY_RANK_RIDGE,C00_DAILY_RANK_RIDGE_K2,2,True
2024-10-31,1,7376,ＢＣＣ,0.13629628717899323,True,0.0,0.0,C00_DAILY_RANK_RIDGE,C00_DAILY_RANK_RIDGE_K2,2,True
2024-10-31,2,3529,アツギ,0.11233446002006531,True,1.0,9.394313967861567,C00_DAILY_RANK_RIDGE,C00_DAILY_RANK_RIDGE_K2,2,True
2024-11-01,1,9913,日邦産業,0.12137085944414139,True,1.0,0.7228915662650603,C00_DAILY_RANK_RIDGE,C00_DAILY_RANK_RIDGE_K2,2,True
2024-11-01,2,2653,イオン九州,0.10794565826654434,True,1.0,0.6120367222033352,C00_DAILY_RANK_RIDGE,C00_DAILY_RANK_RIDGE_K2,2,True
2024-11-05,1,3537,昭栄薬品,0.12806271016597748,True,0.0,-0.4511278195488688,C00_DAILY_RANK_RIDGE,C00_DAILY_RANK_RIDGE_K2,2,True
2024-11-05,2,9913,日邦産業,0.11551395058631897,True,0.0,-0.09523809523809268,C00_DAILY_RANK_RIDGE,C00_DAILY_RANK_RIDGE_K2,2,True
2024-11-06,1,4840,トライアイズ,0.11607756465673447,True,0.0,-1.0101010101010055,C00_DAILY_RANK_RIDGE,C00_DAILY_RANK_RIDGE_K2,2,True
2024-11-06,2,4073,ジィ・シィ企画,0.09956519305706024,True,0.0,-0.48000000000000265,C00_DAILY_RANK_RIDGE,C00_DAILY_RANK_RIDGE_K2,2,True
2024-11-07,1,4840,トライアイズ,0.0998433455824852,True,1.0,0.340136054421758,C00_DAILY_RANK_RIDGE,C00_DAILY_RANK_RIDGE_K2,2,True
2024-11-07,2,9244,デジタリフト,0.09654183685779572,True,,,C00_DAILY_RANK_RIDGE,C00_DAILY_RANK_RIDGE_K2,2,False
2024-11-08,1,4091,日本酸素ホールディングス,0.10761221498250961,True,0.0,-0.9712750568299233,C00_DAILY_RANK_RIDGE,C00_DAILY_RANK_RIDGE_K2,2,True
2024-11-08,2,3800,ユニリタ,0.10037829726934433,True,1.0,0.30975735673721694,C00_DAILY_RANK_RIDGE,C00_DAILY_RANK_RIDGE_K2,2,True
2024-11-11,1,4840,トライアイズ,0.1024189218878746,True,1.0,3.4482758620689724,C00_DAILY_RANK_RIDGE,C00_DAILY_RANK_RIDGE_K2,2,True
2024-11-11,2,6810,マクセル,0.10210364311933517,True,0.0,-1.0614525139664766,C00_DAILY_RANK_RIDGE,C00_DAILY_RANK_RIDGE_K2,2,True
2024-11-12,1,5587,インバウンドプラットフォーム,0.11154469847679138,True,1.0,1.3254786450662692,C00_DAILY_RANK_RIDGE,C00_DAILY_RANK_RIDGE_K2,2,True
2024-11-12,2,7083,ＡＨＣグループ,0.10662969946861267,True,1.0,2.187028657616885,C00_DAILY_RANK_RIDGE,C00_DAILY_RANK_RIDGE_K2,2,True
2024-11-13,1,4073,ジィ・シィ企画,0.10215424746274948,True,0.0,-0.658978583196046,C00_DAILY_RANK_RIDGE,C00_DAILY_RANK_RIDGE_K2,2,True
2024-11-13,2,4452,花王,0.10180171579122543,True,0.0,-0.18894662257912254,C00_DAILY_RANK_RIDGE,C00_DAILY_RANK_RIDGE_K2,2,True
2024-11-14,1,7284,盟和産業,0.10537823289632797,True,0.0,-0.5897219882055604,C00_DAILY_RANK_RIDGE,C00_DAILY_RANK_RIDGE_K2,2,True
2024-11-14,2,6193,バーチャレクス・ホールディングス,0.10291207581758499,True,1.0,0.13280212483399723,C00_DAILY_RANK_RIDGE,C00_DAILY_RANK_RIDGE_K2,2,True
2024-11-15,1,9219,ギックス,0.11042047291994095,True,0.0,-0.6362672322375418,C00_DAILY_RANK_RIDGE,C00_DAILY_RANK_RIDGE_K2,2,True
2024-11-15,2,7083,ＡＨＣグループ,0.10471463948488235,True,0.0,-0.7662835249042099,C00_DAILY_RANK_RIDGE,C00_DAILY_RANK_RIDGE_K2,2,True
2024-11-18,1,4387,ＺＵＵ,0.11414648592472076,True,0.0,-0.2902757619738794,C00_DAILY_RANK_RIDGE,C00_DAILY_RANK_RIDGE_K2,2,True
2024-11-18,2,4346,ＮＥＸＹＺ．Ｇｒｏｕｐ,0.11253775656223297,True,1.0,1.4598540145985384,C00_DAILY_RANK_RIDGE,C00_DAILY_RANK_RIDGE_K2,2,True
2024-11-19,1,7815,東京ボード⼯業,0.11489726603031158,True,1.0,1.4999999999999902,C00_DAILY_RANK_RIDGE,C00_DAILY_RANK_RIDGE_K2,2,True
2024-11-19,2,7426,山大,0.10240048170089722,True,1.0,1.0000000000000009,C00_DAILY_RANK_RIDGE,C00_DAILY_RANK_RIDGE_K2,2,True
2024-11-20,1,8938,グローム・ホールディングス,0.11216797679662704,True,0.0,-2.5740025740025763,C00_DAILY_RANK_RIDGE,C00_DAILY_RANK_RIDGE_K2,2,True
2024-11-20,2,4398,ブロードバンドセキュリティ,0.10996886342763901,True,0.0,-1.8132975151108122,C00_DAILY_RANK_RIDGE,C00_DAILY_RANK_RIDGE_K2,2,True
2024-11-21,1,8938,グローム・ホールディングス,0.15048815310001373,True,1.0,1.7287234042553168,C00_DAILY_RANK_RIDGE,C00_DAILY_RANK_RIDGE_K2,2,True
2024-11-21,2,4398,ブロードバンドセキュリティ,0.11921703070402145,True,1.0,1.7699115044247815,C00_DAILY_RANK_RIDGE,C00_DAILY_RANK_RIDGE_K2,2,True
2024-11-22,1,8938,グローム・ホールディングス,0.1452900767326355,True,1.0,1.182654402102501,C00_DAILY_RANK_RIDGE,C00_DAILY_RANK_RIDGE_K2,2,True
2024-11-22,2,4267,ライトワークス,0.11597628146409988,True,1.0,1.6650342801175277,C00_DAILY_RANK_RIDGE,C00_DAILY_RANK_RIDGE_K2,2,True
2024-11-25,1,8938,グローム・ホールディングス,0.13619041442871094,True,0.0,-0.2597402597402598,C00_DAILY_RANK_RIDGE,C00_DAILY_RANK_RIDGE_K2,2,True
2024-11-25,2,9331,キャスター,0.11253181844949722,True,0.0,-1.3555787278415,C00_DAILY_RANK_RIDGE,C00_DAILY_RANK_RIDGE_K2,2,True
2024-11-26,1,4267,ライトワークス,0.15628410875797272,True,1.0,0.9708737864077666,C00_DAILY_RANK_RIDGE,C00_DAILY_RANK_RIDGE_K2,2,True
2024-11-26,2,4073,ジィ・シィ企画,0.12439408153295517,True,1.0,0.1697792869269854,C00_DAILY_RANK_RIDGE,C00_DAILY_RANK_RIDGE_K2,2,True
2024-11-27,1,4267,ライトワークス,0.12542445957660675,True,1.0,1.1650485436893288,C00_DAILY_RANK_RIDGE,C00_DAILY_RANK_RIDGE_K2,2,True
2024-11-27,2,4073,ジィ・シィ企画,0.10404009371995926,True,1.0,1.724137931034475,C00_DAILY_RANK_RIDGE,C00_DAILY_RANK_RIDGE_K2,2,True
2024-11-28,1,4267,ライトワークス,0.10999620705842972,True,1.0,1.4548981571290032,C00_DAILY_RANK_RIDGE,C00_DAILY_RANK_RIDGE_K2,2,True
2024-11-28,2,4073,ジィ・シィ企画,0.10262411087751389,True,1.0,0.688468158347666,C00_DAILY_RANK_RIDGE,C00_DAILY_RANK_RIDGE_K2,2,True
2024-11-29,1,4424,Ａｍａｚｉａ,0.11488843709230423,True,0.0,-0.8695652173912993,C00_DAILY_RANK_RIDGE,C00_DAILY_RANK_RIDGE_K2,2,True
2024-11-29,2,4073,ジィ・シィ企画,0.11299479752779007,True,1.0,1.1925042589437718,C00_DAILY_RANK_RIDGE,C00_DAILY_RANK_RIDGE_K2,2,True
2024-12-02,1,4267,ライトワークス,0.11545183509588242,True,1.0,3.9024390243902474,C00_DAILY_RANK_RIDGE,C00_DAILY_RANK_RIDGE_K2,2,True
2024-12-02,2,4465,ニイタカ,0.10437610000371933,True,1.0,0.6511123168746691,C00_DAILY_RANK_RIDGE,C00_DAILY_RANK_RIDGE_K2,2,True
2024-12-03,1,4465,ニイタカ,0.11106108874082565,True,1.0,0.8086253369272267,C00_DAILY_RANK_RIDGE,C00_DAILY_RANK_RIDGE_K2,2,True
2024-12-03,2,9362,兵機海運,0.10278616100549698,True,0.0,-2.114803625377648,C00_DAILY_RANK_RIDGE,C00_DAILY_RANK_RIDGE_K2,2,True
2024-12-04,1,4465,ニイタカ,0.11851318180561066,True,0.0,-0.2134471718249764,C00_DAILY_RANK_RIDGE,C00_DAILY_RANK_RIDGE_K2,2,True
2024-12-04,2,4267,ライトワークス,0.11042318493127823,True,1.0,0.5780346820809301,C00_DAILY_RANK_RIDGE,C00_DAILY_RANK_RIDGE_K2,2,True
2024-12-05,1,4267,ライトワークス,0.13122284412384033,True,0.0,0.0,C00_DAILY_RANK_RIDGE,C00_DAILY_RANK_RIDGE_K2,2,True
2024-12-05,2,4465,ニイタカ,0.11727860569953918,True,0.0,0.0,C00_DAILY_RANK_RIDGE,C00_DAILY_RANK_RIDGE_K2,2,True
2024-12-06,1,4267,ライトワークス,0.1295972615480423,True,0.0,-0.0970873786407811,C00_DAILY_RANK_RIDGE,C00_DAILY_RANK_RIDGE_K2,2,True
2024-12-06,2,4073,ジィ・シィ企画,0.1063317134976387,True,1.0,17.07317073170731,C00_DAILY_RANK_RIDGE,C00_DAILY_RANK_RIDGE_K2,2,True
2024-12-09,1,4267,ライトワークス,0.1236300840973854,True,1.0,1.4577259475218707,C00_DAILY_RANK_RIDGE,C00_DAILY_RANK_RIDGE_K2,2,True
2024-12-09,2,9691,両毛システムズ,0.09804205596446991,True,1.0,1.7717346518335342,C00_DAILY_RANK_RIDGE,C00_DAILY_RANK_RIDGE_K2,2,True
2024-12-10,1,4267,ライトワークス,0.13869038224220276,True,1.0,0.674373795761074,C00_DAILY_RANK_RIDGE,C00_DAILY_RANK_RIDGE_K2,2,True
2024-12-10,2,9691,両毛システムズ,0.09706490486860275,True,0.0,0.0,C00_DAILY_RANK_RIDGE,C00_DAILY_RANK_RIDGE_K2,2,True
2024-12-11,1,4267,ライトワークス,0.12275578081607819,True,1.0,0.4812319538017418,C00_DAILY_RANK_RIDGE,C00_DAILY_RANK_RIDGE_K2,2,True
2024-12-11,2,9265,ヤマシタヘルスケアホールディングス,0.093929722905159,True,1.0,0.9296148738379806,C00_DAILY_RANK_RIDGE,C00_DAILY_RANK_RIDGE_K2,2,True
2024-12-12,1,4267,ライトワークス,0.11501143872737885,True,1.0,1.9361084220716362,C00_DAILY_RANK_RIDGE,C00_DAILY_RANK_RIDGE_K2,2,True
2024-12-12,2,6898,トミタ電機,0.11441124975681305,True,0.0,-0.13464991023339756,C00_DAILY_RANK_RIDGE,C00_DAILY_RANK_RIDGE_K2,2,True
2024-12-13,1,6898,トミタ電機,0.10768412798643112,True,0.0,-0.27260336210813696,C00_DAILY_RANK_RIDGE,C00_DAILY_RANK_RIDGE_K2,2,True
2024-12-13,2,211A,カドス・コーポレーション,0.10089151561260223,True,0.0,-0.11881188118811892,C00_DAILY_RANK_RIDGE,C00_DAILY_RANK_RIDGE_K2,2,True
2024-12-16,1,9159,Ｗ ＴＯＫＹＯ,0.11205931007862091,True,0.0,-1.2820512820512775,C00_DAILY_RANK_RIDGE,C00_DAILY_RANK_RIDGE_K2,2,True
2024-12-16,2,6898,トミタ電機,0.10932116955518723,True,0.0,0.0,C00_DAILY_RANK_RIDGE,C00_DAILY_RANK_RIDGE_K2,2,True
2024-12-17,1,9159,Ｗ ＴＯＫＹＯ,0.12393818795681,True,1.0,0.6999999999999895,C00_DAILY_RANK_RIDGE,C00_DAILY_RANK_RIDGE_K2,2,True
2024-12-17,2,7345,アイ・パートナーズフィナンシャル,0.12235300987958908,True,0.0,-0.3424657534246589,C00_DAILY_RANK_RIDGE,C00_DAILY_RANK_RIDGE_K2,2,True
2024-12-18,1,4267,ライトワークス,0.1212352067232132,True,1.0,1.4778325123152802,C00_DAILY_RANK_RIDGE,C00_DAILY_RANK_RIDGE_K2,2,True
2024-12-18,2,7345,アイ・パートナーズフィナンシャル,0.11613091826438904,True,1.0,2.2727272727272707,C00_DAILY_RANK_RIDGE,C00_DAILY_RANK_RIDGE_K2,2,True
2024-12-19,1,7345,アイ・パートナーズフィナンシャル,0.10937527567148209,True,0.0,0.0,C00_DAILY_RANK_RIDGE,C00_DAILY_RANK_RIDGE_K2,2,True
2024-12-19,2,9159,Ｗ ＴＯＫＹＯ,0.10179264843463898,True,1.0,0.39940089865202477,C00_DAILY_RANK_RIDGE,C00_DAILY_RANK_RIDGE_K2,2,True
2024-12-20,1,7345,アイ・パートナーズフィナンシャル,0.12858307361602783,True,0.0,-1.379310344827589,C00_DAILY_RANK_RIDGE,C00_DAILY_RANK_RIDGE_K2,2,True
2024-12-20,2,9159,Ｗ ＴＯＫＹＯ,0.11042521893978119,True,0.0,-0.24863252113376255,C00_DAILY_RANK_RIDGE,C00_DAILY_RANK_RIDGE_K2,2,True
2024-12-23,1,7345,アイ・パートナーズフィナンシャル,0.13395540416240692,True,1.0,3.6231884057970953,C00_DAILY_RANK_RIDGE,C00_DAILY_RANK_RIDGE_K2,2,True
2024-12-23,2,3382,セブン＆アイ・ホールディングス,0.10531387478113174,True,1.0,0.6866416978776435,C00_DAILY_RANK_RIDGE,C00_DAILY_RANK_RIDGE_K2,2,True
2024-12-24,1,9159,Ｗ ＴＯＫＹＯ,0.10716656595468521,True,0.0,-1.4609571788413045,C00_DAILY_RANK_RIDGE,C00_DAILY_RANK_RIDGE_K2,2,True
2024-12-24,2,4762,エックスネット,0.09820294380187988,True,0.0,-0.8861622358554921,C00_DAILY_RANK_RIDGE,C00_DAILY_RANK_RIDGE_K2,2,True
2024-12-25,1,9159,Ｗ ＴＯＫＹＯ,0.12743984162807465,True,0.0,-3.490759753593431,C00_DAILY_RANK_RIDGE,C00_DAILY_RANK_RIDGE_K2,2,True
2024-12-25,2,7345,アイ・パートナーズフィナンシャル,0.11655572801828384,True,1.0,0.8960573476702427,C00_DAILY_RANK_RIDGE,C00_DAILY_RANK_RIDGE_K2,2,True
2024-12-26,1,9159,Ｗ ＴＯＫＹＯ,0.1268637776374817,True,0.0,-2.6687598116169498,C00_DAILY_RANK_RIDGE,C00_DAILY_RANK_RIDGE_K2,2,True
2024-12-26,2,7345,アイ・パートナーズフィナンシャル,0.11710391938686371,True,0.0,-1.0291595197255532,C00_DAILY_RANK_RIDGE,C00_DAILY_RANK_RIDGE_K2,2,True
2024-12-27,1,9159,Ｗ ＴＯＫＹＯ,0.10644185543060303,True,1.0,2.5515743756786113,C00_DAILY_RANK_RIDGE,C00_DAILY_RANK_RIDGE_K2,2,True
2024-12-27,2,5248,テクノロジーズ,0.09808430075645447,True,1.0,0.14492753623187582,C00_DAILY_RANK_RIDGE,C00_DAILY_RANK_RIDGE_K2,2,True
2024-12-30,1,3800,ユニリタ,0.11077114939689636,True,0.0,0.0,C00_DAILY_RANK_RIDGE,C00_DAILY_RANK_RIDGE_K2,2,True
2024-12-30,2,9355,リンコーコーポレーション,0.10422967374324799,True,1.0,1.981981981981984,C00_DAILY_RANK_RIDGE,C00_DAILY_RANK_RIDGE_K2,2,True
2025-01-06,1,3800,ユニリタ,0.11270362883806229,True,0.0,0.0,C00_DAILY_RANK_RIDGE,C00_DAILY_RANK_RIDGE_K2,2,True
2025-01-06,2,7314,小⽥原機器,0.11142457276582718,True,0.0,-2.049180327868849,C00_DAILY_RANK_RIDGE,C00_DAILY_RANK_RIDGE_K2,2,True
2025-01-07,1,1994,高橋カーテンウォール⼯業,0.10852880030870438,True,0.0,-2.0905923344947785,C00_DAILY_RANK_RIDGE,C00_DAILY_RANK_RIDGE_K2,2,True
2025-01-07,2,3800,ユニリタ,0.10739535838365555,True,1.0,0.10035122930256435,C00_DAILY_RANK_RIDGE,C00_DAILY_RANK_RIDGE_K2,2,True
2025-01-08,1,1994,高橋カーテンウォール⼯業,0.11980918794870377,True,1.0,1.073345259391778,C00_DAILY_RANK_RIDGE,C00_DAILY_RANK_RIDGE_K2,2,True
2025-01-08,2,3800,ユニリタ,0.1191919669508934,True,1.0,0.2004008016031955,C00_DAILY_RANK_RIDGE,C00_DAILY_RANK_RIDGE_K2,2,True
2025-01-09,1,3800,ユニリタ,0.11122303456068039,True,0.0,-0.10035122930256435,C00_DAILY_RANK_RIDGE,C00_DAILY_RANK_RIDGE_K2,2,True
2025-01-09,2,1994,高橋カーテンウォール⼯業,0.09595988690853119,True,1.0,0.17730496453900457,C00_DAILY_RANK_RIDGE,C00_DAILY_RANK_RIDGE_K2,2,True
2025-01-10,1,1994,高橋カーテンウォール⼯業,0.08326845616102219,True,0.0,0.0,C00_DAILY_RANK_RIDGE,C00_DAILY_RANK_RIDGE_K2,2,True
2025-01-10,2,3800,ユニリタ,0.08115879446268082,True,1.0,0.050226017076848706,C00_DAILY_RANK_RIDGE,C00_DAILY_RANK_RIDGE_K2,2,True
2025-01-14,1,9661,歌舞伎座,0.07620629668235779,True,0.0,-0.6571741511500528,C00_DAILY_RANK_RIDGE,C00_DAILY_RANK_RIDGE_K2,2,True
2025-01-14,2,5161,⻄川ゴム⼯業,0.07605728507041931,True,0.0,-0.6363636363636349,C00_DAILY_RANK_RIDGE,C00_DAILY_RANK_RIDGE_K2,2,True
2025-01-15,1,9355,リンコーコーポレーション,0.0999467596411705,True,0.0,-1.1571254567600442,C00_DAILY_RANK_RIDGE,C00_DAILY_RANK_RIDGE_K2,2,True
2025-01-15,2,3804,システム ディ,0.08636599034070969,True,1.0,0.06993006993007977,C00_DAILY_RANK_RIDGE,C00_DAILY_RANK_RIDGE_K2,2,True
2025-01-16,1,4429,リックソフト,0.09775319695472717,True,0.0,-4.30622009569378,C00_DAILY_RANK_RIDGE,C00_DAILY_RANK_RIDGE_K2,2,True
2025-01-16,2,9241,フューチャーリンクネットワーク,0.09747523069381714,True,1.0,4.906333630686888,C00_DAILY_RANK_RIDGE,C00_DAILY_RANK_RIDGE_K2,2,True
2025-01-17,1,9250,ＧＲＣＳ,0.10304135829210281,True,0.0,-0.5751258087706712,C00_DAILY_RANK_RIDGE,C00_DAILY_RANK_RIDGE_K2,2,True
2025-01-17,2,9241,フューチャーリンクネットワーク,0.08540314435958862,True,1.0,2.8268551236749095,C00_DAILY_RANK_RIDGE,C00_DAILY_RANK_RIDGE_K2,2,True
2025-01-20,1,9241,フューチャーリンクネットワーク,0.09930925071239471,True,1.0,2.305721605465405,C00_DAILY_RANK_RIDGE,C00_DAILY_RANK_RIDGE_K2,2,True
2025-01-20,2,4424,Ａｍａｚｉａ,0.07924607396125793,True,0.0,-0.5970149253731294,C00_DAILY_RANK_RIDGE,C00_DAILY_RANK_RIDGE_K2,2,True
2025-01-21,1,9362,兵機海運,0.1131458729505539,True,0.0,0.0,C00_DAILY_RANK_RIDGE,C00_DAILY_RANK_RIDGE_K2,2,True
2025-01-21,2,9241,フューチャーリンクネットワーク,0.10812673717737198,True,1.0,3.255425709515869,C00_DAILY_RANK_RIDGE,C00_DAILY_RANK_RIDGE_K2,2,True
2025-01-22,1,9241,フューチャーリンクネットワーク,0.1072089672088623,True,1.0,1.6142050040355072,C00_DAILY_RANK_RIDGE,C00_DAILY_RANK_RIDGE_K2,2,True
2025-01-22,2,7064,ハウテレビジョン,0.10692482441663742,True,0.0,-0.7240204429301511,C00_DAILY_RANK_RIDGE,C00_DAILY_RANK_RIDGE_K2,2,True
2025-01-23,1,3238,セントラル総合開発,0.12510165572166443,True,1.0,0.42105263157894424,C00_DAILY_RANK_RIDGE,C00_DAILY_RANK_RIDGE_K2,2,True
2025-01-23,2,4437,ｇｏｏｄｄａｙｓホールディングス,0.11689989268779755,True,1.0,0.4484304932735439,C00_DAILY_RANK_RIDGE,C00_DAILY_RANK_RIDGE_K2,2,True
2025-01-24,1,3238,セントラル総合開発,0.12733352184295654,True,1.0,0.21052631578948322,C00_DAILY_RANK_RIDGE,C00_DAILY_RANK_RIDGE_K2,2,True
2025-01-24,2,7043,アルー,0.12585420906543732,True,1.0,1.17056856187292,C00_DAILY_RANK_RIDGE,C00_DAILY_RANK_RIDGE_K2,2,True
2025-01-27,1,3238,セントラル総合開発,0.14122645556926727,True,0.0,-0.42105263157894424,C00_DAILY_RANK_RIDGE,C00_DAILY_RANK_RIDGE_K2,2,True
2025-01-27,2,4437,ｇｏｏｄｄａｙｓホールディングス,0.1237829402089119,True,0.0,0.0,C00_DAILY_RANK_RIDGE,C00_DAILY_RANK_RIDGE_K2,2,True
2025-01-28,1,8066,三⾕商事,0.12115754932165146,True,1.0,1.1657374556512945,C00_DAILY_RANK_RIDGE,C00_DAILY_RANK_RIDGE_K2,2,True
2025-01-28,2,3238,セントラル総合開発,0.11922556906938553,True,1.0,0.424628450106157,C00_DAILY_RANK_RIDGE,C00_DAILY_RANK_RIDGE_K2,2,True
2025-01-29,1,3238,セントラル総合開発,0.13608674705028534,True,1.0,0.2123142250530785,C00_DAILY_RANK_RIDGE,C00_DAILY_RANK_RIDGE_K2,2,True
2025-01-29,2,2806,ユタカフーズ,0.11138178408145905,True,0.0,-1.0965837199493844,C00_DAILY_RANK_RIDGE,C00_DAILY_RANK_RIDGE_K2,2,True
2025-01-30,1,3238,セントラル総合開発,0.12565268576145172,True,1.0,0.6382978723404209,C00_DAILY_RANK_RIDGE,C00_DAILY_RANK_RIDGE_K2,2,True
2025-01-30,2,2806,ユタカフーズ,0.12229619920253754,True,1.0,0.7268063274903813,C00_DAILY_RANK_RIDGE,C00_DAILY_RANK_RIDGE_K2,2,True
2025-01-31,1,3238,セントラル総合開発,0.11973346769809723,True,0.0,-0.6342494714587699,C00_DAILY_RANK_RIDGE,C00_DAILY_RANK_RIDGE_K2,2,True
2025-01-31,2,9265,ヤマシタヘルスケアホールディングス,0.10872839391231537,True,1.0,0.9726725335803543,C00_DAILY_RANK_RIDGE,C00_DAILY_RANK_RIDGE_K2,2,True
2025-02-03,1,3238,セントラル総合開発,0.10675884038209915,True,1.0,0.42553191489360653,C00_DAILY_RANK_RIDGE,C00_DAILY_RANK_RIDGE_K2,2,True
2025-02-03,2,6161,エスティック,0.09557067602872849,True,1.0,0.4366812227074135,C00_DAILY_RANK_RIDGE,C00_DAILY_RANK_RIDGE_K2,2,True
2025-02-04,1,4424,Ａｍａｚｉａ,0.10659737139940262,True,1.0,0.6514657980456029,C00_DAILY_RANK_RIDGE,C00_DAILY_RANK_RIDGE_K2,2,True
2025-02-04,2,4272,日本化薬,0.09782426059246063,True,1.0,1.653764954257575,C00_DAILY_RANK_RIDGE,C00_DAILY_RANK_RIDGE_K2,2,True
2025-02-05,1,4380,Ｍマート,0.11910618096590042,True,1.0,0.43859649122806044,C00_DAILY_RANK_RIDGE,C00_DAILY_RANK_RIDGE_K2,2,True
2025-02-05,2,2282,日本ハム,0.09262457489967346,True,1.0,0.6587914584279764,C00_DAILY_RANK_RIDGE,C00_DAILY_RANK_RIDGE_K2,2,True
2025-02-06,1,4380,Ｍマート,0.09958318620920181,True,0.0,0.0,C00_DAILY_RANK_RIDGE,C00_DAILY_RANK_RIDGE_K2,2,True
2025-02-06,2,7678,あさくま,0.09380660951137543,True,1.0,1.526717557251911,C00_DAILY_RANK_RIDGE,C00_DAILY_RANK_RIDGE_K2,2,True
2025-02-07,1,6193,バーチャレクス・ホールディングス,0.10618797689676285,True,0.0,0.0,C00_DAILY_RANK_RIDGE,C00_DAILY_RANK_RIDGE_K2,2,True
2025-02-07,2,3480,ジェイ・エス・ビー,0.09871389716863632,True,0.0,-1.3029315960912058,C00_DAILY_RANK_RIDGE,C00_DAILY_RANK_RIDGE_K2,2,True
2025-02-10,1,6161,エスティック,0.0978996753692627,True,1.0,1.661129568106312,C00_DAILY_RANK_RIDGE,C00_DAILY_RANK_RIDGE_K2,2,True
2025-02-10,2,3800,ユニリタ,0.09515893459320068,True,1.0,0.7556675062972307,C00_DAILY_RANK_RIDGE,C00_DAILY_RANK_RIDGE_K2,2,True
2025-02-12,1,4783,ＮＣＤ,0.11839522421360016,True,1.0,1.0204081632652962,C00_DAILY_RANK_RIDGE,C00_DAILY_RANK_RIDGE_K2,2,True
2025-02-12,2,3674,オークファン,0.11777269840240479,True,0.0,-0.2564102564102555,C00_DAILY_RANK_RIDGE,C00_DAILY_RANK_RIDGE_K2,2,True
2025-02-13,1,7043,アルー,0.11957889795303345,True,1.0,4.813664596273282,C00_DAILY_RANK_RIDGE,C00_DAILY_RANK_RIDGE_K2,2,True
2025-02-13,2,6312,フロイント産業,0.11736836284399033,True,1.0,0.8771929824561431,C00_DAILY_RANK_RIDGE,C00_DAILY_RANK_RIDGE_K2,2,True
2025-02-14,1,3800,ユニリタ,0.12169740349054337,True,1.0,0.10040160642570406,C00_DAILY_RANK_RIDGE,C00_DAILY_RANK_RIDGE_K2,2,True
2025-02-14,2,2120,ＬＩＦＵＬＬ,0.11569998413324356,True,1.0,1.1111111111111072,C00_DAILY_RANK_RIDGE,C00_DAILY_RANK_RIDGE_K2,2,True
2025-02-17,1,3800,ユニリタ,0.10657308250665665,True,1.0,0.05025125628139726,C00_DAILY_RANK_RIDGE,C00_DAILY_RANK_RIDGE_K2,2,True
2025-02-17,2,7938,リーガルコーポレーション,0.10545103996992111,True,1.0,1.455721795390219,C00_DAILY_RANK_RIDGE,C00_DAILY_RANK_RIDGE_K2,2,True
2025-02-18,1,3238,セントラル総合開発,0.11127059906721115,True,1.0,1.0845986984815648,C00_DAILY_RANK_RIDGE,C00_DAILY_RANK_RIDGE_K2,2,True
2025-02-18,2,3800,ユニリタ,0.10789153724908829,True,0.0,0.0,C00_DAILY_RANK_RIDGE,C00_DAILY_RANK_RIDGE_K2,2,True
2025-02-19,1,7043,アルー,0.11297076940536499,True,1.0,2.84005979073243,C00_DAILY_RANK_RIDGE,C00_DAILY_RANK_RIDGE_K2,2,True
2025-02-19,2,6193,バーチャレクス・ホールディングス,0.1036471575498581,True,1.0,0.7547169811320753,C00_DAILY_RANK_RIDGE,C00_DAILY_RANK_RIDGE_K2,2,True
2025-02-20,1,3800,ユニリタ,0.10621674358844757,True,1.0,0.1506024096385561,C00_DAILY_RANK_RIDGE,C00_DAILY_RANK_RIDGE_K2,2,True
2025-02-20,2,3238,セントラル総合開発,0.10243003815412521,True,0.0,-0.21505376344086446,C00_DAILY_RANK_RIDGE,C00_DAILY_RANK_RIDGE_K2,2,True
2025-02-21,1,7638,ＮＥＷ ＡＲＴ ＨＯＬＤＩＮＧＳ,0.11407212913036346,True,0.0,-1.2578616352201255,C00_DAILY_RANK_RIDGE,C00_DAILY_RANK_RIDGE_K2,2,True
2025-02-21,2,3238,セントラル総合開発,0.09876267611980438,True,0.0,0.0,C00_DAILY_RANK_RIDGE,C00_DAILY_RANK_RIDGE_K2,2,True
2025-02-25,1,9244,デジタリフト,0.1075628474354744,True,0.0,-0.2645502645502673,C00_DAILY_RANK_RIDGE,C00_DAILY_RANK_RIDGE_K2,2,True
2025-02-25,2,4380,Ｍマート,0.09587349742650986,True,1.0,0.42016806722688926,C00_DAILY_RANK_RIDGE,C00_DAILY_RANK_RIDGE_K2,2,True
2025-02-26,1,4057,インターファクトリー,0.09889678657054901,True,0.0,-0.8247422680412342,C00_DAILY_RANK_RIDGE,C00_DAILY_RANK_RIDGE_K2,2,True
2025-02-26,2,7345,アイ・パートナーズフィナンシャル,0.09676480293273926,True,1.0,5.263157894736836,C00_DAILY_RANK_RIDGE,C00_DAILY_RANK_RIDGE_K2,2,True
2025-02-27,1,3359,ｃｏｔｔａ,0.09540452063083649,True,0.0,0.0,C00_DAILY_RANK_RIDGE,C00_DAILY_RANK_RIDGE_K2,2,True
2025-02-27,2,8995,誠建設⼯業,0.09260986000299454,True,0.0,0.0,C00_DAILY_RANK_RIDGE,C00_DAILY_RANK_RIDGE_K2,2,True
2025-02-28,1,3490,アズ企画設計,0.10810442268848419,True,0.0,-0.49545829892650994,C00_DAILY_RANK_RIDGE,C00_DAILY_RANK_RIDGE_K2,2,True
2025-02-28,2,2300,きょくとう,0.10800668597221375,True,1.0,0.20366598778003286,C00_DAILY_RANK_RIDGE,C00_DAILY_RANK_RIDGE_K2,2,True
2025-03-03,1,3490,アズ企画設計,0.1089453250169754,True,0.0,-0.4161464835622186,C00_DAILY_RANK_RIDGE,C00_DAILY_RANK_RIDGE_K2,2,True
2025-03-03,2,2300,きょくとう,0.10715849697589874,True,1.0,1.2195121951219523,C00_DAILY_RANK_RIDGE,C00_DAILY_RANK_RIDGE_K2,2,True
2025-03-04,1,2300,きょくとう,0.1051473394036293,True,0.0,-0.6024096385542133,C00_DAILY_RANK_RIDGE,C00_DAILY_RANK_RIDGE_K2,2,True
2025-03-04,2,3063,ジェイグループホールディングス,0.100848488509655,True,1.0,0.8771929824561431,C00_DAILY_RANK_RIDGE,C00_DAILY_RANK_RIDGE_K2,2,True
2025-03-05,1,6312,フロイント産業,0.10925121605396271,True,0.0,-0.2645502645502673,C00_DAILY_RANK_RIDGE,C00_DAILY_RANK_RIDGE_K2,2,True
2025-03-05,2,2300,きょくとう,0.10790262371301651,True,0.0,-1.0040160642570295,C00_DAILY_RANK_RIDGE,C00_DAILY_RANK_RIDGE_K2,2,True
2025-03-06,1,3063,ジェイグループホールディングス,0.11690207570791245,True,0.0,-0.5780346820809301,C00_DAILY_RANK_RIDGE,C00_DAILY_RANK_RIDGE_K2,2,True
2025-03-06,2,4356,応用技術,0.10553929209709167,True,1.0,0.974658869395717,C00_DAILY_RANK_RIDGE,C00_DAILY_RANK_RIDGE_K2,2,True
2025-03-07,1,3800,ユニリタ,0.10576619952917099,True,0.0,-0.05002501250624958,C00_DAILY_RANK_RIDGE,C00_DAILY_RANK_RIDGE_K2,2,True
2025-03-07,2,8139,ナガホリ,0.10535401105880737,True,1.0,1.2949640287769792,C00_DAILY_RANK_RIDGE,C00_DAILY_RANK_RIDGE_K2,2,True
2025-03-10,1,4783,ＮＣＤ,0.12248841673135757,True,0.0,-0.03844675124952124,C00_DAILY_RANK_RIDGE,C00_DAILY_RANK_RIDGE_K2,2,True
2025-03-10,2,7036,イーエムネットジャパン,0.10617873072624207,True,1.0,3.4445640473627526,C00_DAILY_RANK_RIDGE,C00_DAILY_RANK_RIDGE_K2,2,True
2025-03-11,1,7345,アイ・パートナーズフィナンシャル,0.13132134079933167,True,1.0,0.6666666666666599,C00_DAILY_RANK_RIDGE,C00_DAILY_RANK_RIDGE_K2,2,True
2025-03-11,2,9312,ケイヒン,0.1094631627202034,True,0.0,-0.862440707201384,C00_DAILY_RANK_RIDGE,C00_DAILY_RANK_RIDGE_K2,2,True
2025-03-12,1,8139,ナガホリ,0.10872341692447662,True,1.0,1.231884057971011,C00_DAILY_RANK_RIDGE,C00_DAILY_RANK_RIDGE_K2,2,True
2025-03-12,2,9312,ケイヒン,0.10124393552541733,True,0.0,-0.39113428943937656,C00_DAILY_RANK_RIDGE,C00_DAILY_RANK_RIDGE_K2,2,True
2025-03-13,1,7345,アイ・パートナーズフィナンシャル,0.10707814991474152,True,1.0,1.683501683501687,C00_DAILY_RANK_RIDGE,C00_DAILY_RANK_RIDGE_K2,2,True
2025-03-13,2,8139,ナガホリ,0.10312593728303909,True,1.0,0.2871500358937462,C00_DAILY_RANK_RIDGE,C00_DAILY_RANK_RIDGE_K2,2,True
2025-03-14,1,4387,ＺＵＵ,0.10167766362428665,True,1.0,0.2421307506053294,C00_DAILY_RANK_RIDGE,C00_DAILY_RANK_RIDGE_K2,2,True
2025-03-14,2,7345,アイ・パートナーズフィナンシャル,0.09751579165458679,True,0.0,-1.4657980456026065,C00_DAILY_RANK_RIDGE,C00_DAILY_RANK_RIDGE_K2,2,True
2025-03-17,1,2332,クエスト,0.11716548353433609,True,1.0,0.6666666666666599,C00_DAILY_RANK_RIDGE,C00_DAILY_RANK_RIDGE_K2,2,True
2025-03-17,2,8139,ナガホリ,0.11252646893262863,True,0.0,-0.785153461812993,C00_DAILY_RANK_RIDGE,C00_DAILY_RANK_RIDGE_K2,2,True
2025-03-18,1,7345,アイ・パートナーズフィナンシャル,0.12500911951065063,True,0.0,-1.7793594306049876,C00_DAILY_RANK_RIDGE,C00_DAILY_RANK_RIDGE_K2,2,True
2025-03-18,2,2332,クエスト,0.1183445155620575,True,1.0,0.07369196757553986,C00_DAILY_RANK_RIDGE,C00_DAILY_RANK_RIDGE_K2,2,True
2025-03-19,1,2332,クエスト,0.1360103338956833,True,1.0,0.589101620029453,C00_DAILY_RANK_RIDGE,C00_DAILY_RANK_RIDGE_K2,2,True
2025-03-19,2,7266,今仙電機製作所,0.12396778911352158,True,1.0,3.703703703703698,C00_DAILY_RANK_RIDGE,C00_DAILY_RANK_RIDGE_K2,2,True
2025-03-21,1,5277,スパンクリートコーポレーション,0.13111916184425354,True,0.0,-0.22421524663677195,C00_DAILY_RANK_RIDGE,C00_DAILY_RANK_RIDGE_K2,2,True
2025-03-21,2,9685,ＫＹＣＯＭホールディングス,0.12395378947257996,True,1.0,0.2881844380403509,C00_DAILY_RANK_RIDGE,C00_DAILY_RANK_RIDGE_K2,2,True
2025-03-24,1,5277,スパンクリートコーポレーション,0.14133912324905396,True,1.0,0.22421524663676085,C00_DAILY_RANK_RIDGE,C00_DAILY_RANK_RIDGE_K2,2,True
2025-03-24,2,4356,応用技術,0.12095155566930771,True,0.0,-0.25889967637540146,C00_DAILY_RANK_RIDGE,C00_DAILY_RANK_RIDGE_K2,2,True
2025-03-25,1,5277,スパンクリートコーポレーション,0.15355539321899414,True,0.0,-0.22371364653244186,C00_DAILY_RANK_RIDGE,C00_DAILY_RANK_RIDGE_K2,2,True
2025-03-25,2,4356,応用技術,0.11363539844751358,True,0.0,-0.5851755526657954,C00_DAILY_RANK_RIDGE,C00_DAILY_RANK_RIDGE_K2,2,True
2025-03-26,1,5277,スパンクリートコーポレーション,0.14853841066360474,True,1.0,0.4474272930648837,C00_DAILY_RANK_RIDGE,C00_DAILY_RANK_RIDGE_K2,2,True
2025-03-26,2,2332,クエスト,0.12116001546382904,True,1.0,0.6588579795022032,C00_DAILY_RANK_RIDGE,C00_DAILY_RANK_RIDGE_K2,2,True
2025-03-27,1,5277,スパンクリートコーポレーション,0.14392082393169403,True,1.0,0.44642857142858094,C00_DAILY_RANK_RIDGE,C00_DAILY_RANK_RIDGE_K2,2,True
2025-03-27,2,4356,応用技術,0.11268814653158188,True,0.0,-0.2614379084967311,C00_DAILY_RANK_RIDGE,C00_DAILY_RANK_RIDGE_K2,2,True
2025-03-28,1,5277,スパンクリートコーポレーション,0.14410419762134552,True,1.0,0.6696428571428603,C00_DAILY_RANK_RIDGE,C00_DAILY_RANK_RIDGE_K2,2,True
2025-03-28,2,2332,クエスト,0.11744562536478043,True,1.0,0.6024096385542244,C00_DAILY_RANK_RIDGE,C00_DAILY_RANK_RIDGE_K2,2,True
2025-03-31,1,5277,スパンクリートコーポレーション,0.11767937242984772,True,0.0,0.0,C00_DAILY_RANK_RIDGE,C00_DAILY_RANK_RIDGE_K2,2,True
2025-03-31,2,3096,オーシャンシステム,0.11682900786399841,True,0.0,-0.08576329331045907,C00_DAILY_RANK_RIDGE,C00_DAILY_RANK_RIDGE_K2,2,True
2025-04-01,1,3434,アルファＣｏ,0.11579068005084991,True,0.0,-1.4388489208633115,C00_DAILY_RANK_RIDGE,C00_DAILY_RANK_RIDGE_K2,2,True
2025-04-01,2,2179,成学社,0.11357692629098892,True,0.0,-0.5167958656330796,C00_DAILY_RANK_RIDGE,C00_DAILY_RANK_RIDGE_K2,2,True
2025-04-02,1,7318,セレンディップ・ホールディングス,0.12515942752361298,True,0.0,-0.9044657998869443,C00_DAILY_RANK_RIDGE,C00_DAILY_RANK_RIDGE_K2,2,True
2025-04-02,2,3096,オーシャンシステム,0.1042160913348198,True,1.0,0.8658008658008587,C00_DAILY_RANK_RIDGE,C00_DAILY_RANK_RIDGE_K2,2,True
2025-04-03,1,5845,全保連,0.1139523983001709,True,0.0,-0.6127450980392135,C00_DAILY_RANK_RIDGE,C00_DAILY_RANK_RIDGE_K2,2,True
2025-04-03,2,7638,ＮＥＷ ＡＲＴ ＨＯＬＤＩＮＧＳ,0.10382458567619324,True,1.0,2.024922118380057,C00_DAILY_RANK_RIDGE,C00_DAILY_RANK_RIDGE_K2,2,True
2025-04-04,1,9685,ＫＹＣＯＭホールディングス,0.0955691784620285,True,0.0,-8.062015503875974,C00_DAILY_RANK_RIDGE,C00_DAILY_RANK_RIDGE_K2,2,True
2025-04-04,2,2332,クエスト,0.09544863551855087,True,0.0,-0.8000000000000007,C00_DAILY_RANK_RIDGE,C00_DAILY_RANK_RIDGE_K2,2,True
2025-04-07,1,7036,イーエムネットジャパン,0.13011805713176727,True,0.0,-8.115942028985511,C00_DAILY_RANK_RIDGE,C00_DAILY_RANK_RIDGE_K2,2,True
2025-04-07,2,9685,ＫＹＣＯＭホールディングス,0.1063155010342598,True,1.0,2.982107355864816,C00_DAILY_RANK_RIDGE,C00_DAILY_RANK_RIDGE_K2,2,True
2025-04-08,1,1662,石油資源開発,0.10013080388307571,True,0.0,-0.29880478087649376,C00_DAILY_RANK_RIDGE,C00_DAILY_RANK_RIDGE_K2,2,True
2025-04-08,2,9250,ＧＲＣＳ,0.09747414290904999,True,1.0,6.661251015434599,C00_DAILY_RANK_RIDGE,C00_DAILY_RANK_RIDGE_K2,2,True
2025-04-09,1,1662,石油資源開発,0.09937082976102829,True,0.0,-2.7551020408163263,C00_DAILY_RANK_RIDGE,C00_DAILY_RANK_RIDGE_K2,2,True
2025-04-09,2,7317,松屋アールアンドディ,0.09914643317461014,True,1.0,1.6274864376130127,C00_DAILY_RANK_RIDGE,C00_DAILY_RANK_RIDGE_K2,2,True
2025-04-10,1,2332,クエスト,0.10872300714254379,True,1.0,0.39777247414478634,C00_DAILY_RANK_RIDGE,C00_DAILY_RANK_RIDGE_K2,2,True
2025-04-10,2,9165,クオルテック,0.1081063523888588,True,0.0,-6.797706797706793,C00_DAILY_RANK_RIDGE,C00_DAILY_RANK_RIDGE_K2,2,True
2025-04-11,1,7043,アルー,0.11751970648765564,True,1.0,1.9461077844311392,C00_DAILY_RANK_RIDGE,C00_DAILY_RANK_RIDGE_K2,2,True
2025-04-11,2,3991,ウォンテッドリー,0.11363299936056137,True,1.0,10.946196660482377,C00_DAILY_RANK_RIDGE,C00_DAILY_RANK_RIDGE_K2,2,True
2025-04-14,1,7043,アルー,0.1398598700761795,True,1.0,2.2222222222222143,C00_DAILY_RANK_RIDGE,C00_DAILY_RANK_RIDGE_K2,2,True
2025-04-14,2,2282,日本ハム,0.11491858959197998,True,1.0,0.9356725146198785,C00_DAILY_RANK_RIDGE,C00_DAILY_RANK_RIDGE_K2,2,True
2025-04-15,1,3986,ビーブレイクシステムズ,0.166106179356575,True,1.0,0.20964360587001352,C00_DAILY_RANK_RIDGE,C00_DAILY_RANK_RIDGE_K2,2,True
2025-04-15,2,7043,アルー,0.151202991604805,True,1.0,1.4684287812041008,C00_DAILY_RANK_RIDGE,C00_DAILY_RANK_RIDGE_K2,2,True
2025-04-16,1,3986,ビーブレイクシステムズ,0.15501990914344788,True,,,C00_DAILY_RANK_RIDGE,C00_DAILY_RANK_RIDGE_K2,2,False
2025-04-16,2,5277,スパンクリートコーポレーション,0.14416342973709106,True,0.0,-0.22123893805309214,C00_DAILY_RANK_RIDGE,C00_DAILY_RANK_RIDGE_K2,2,True
2025-04-17,1,3986,ビーブレイクシステムズ,0.15965519845485687,True,0.0,-2.0689655172413834,C00_DAILY_RANK_RIDGE,C00_DAILY_RANK_RIDGE_K2,2,True
2025-04-17,2,7043,アルー,0.14896833896636963,True,0.0,-0.5772005772005762,C00_DAILY_RANK_RIDGE,C00_DAILY_RANK_RIDGE_K2,2,True
2025-04-18,1,3986,ビーブレイクシステムズ,0.13977853953838348,True,1.0,1.0563380281690238,C00_DAILY_RANK_RIDGE,C00_DAILY_RANK_RIDGE_K2,2,True
2025-04-18,2,7988,ニフコ,0.11489792168140411,True,1.0,1.0153756890049381,C00_DAILY_RANK_RIDGE,C00_DAILY_RANK_RIDGE_K2,2,True
2025-04-21,1,7043,アルー,0.12453115731477737,True,1.0,0.8746355685131268,C00_DAILY_RANK_RIDGE,C00_DAILY_RANK_RIDGE_K2,2,True
2025-04-21,2,3986,ビーブレイクシステムズ,0.12292017042636871,True,0.0,-1.7796030116358663,C00_DAILY_RANK_RIDGE,C00_DAILY_RANK_RIDGE_K2,2,True
2025-04-22,1,7043,アルー,0.12472189217805862,True,1.0,1.3157894736842035,C00_DAILY_RANK_RIDGE,C00_DAILY_RANK_RIDGE_K2,2,True
2025-04-22,2,9537,北陸瓦斯,0.11749871075153351,True,,,C00_DAILY_RANK_RIDGE,C00_DAILY_RANK_RIDGE_K2,2,False
2025-04-23,1,7043,アルー,0.12666068971157074,True,0.0,-0.575539568345329,C00_DAILY_RANK_RIDGE,C00_DAILY_RANK_RIDGE_K2,2,True
2025-04-23,2,5945,天龍製鋸,0.11814418435096741,True,0.0,0.0,C00_DAILY_RANK_RIDGE,C00_DAILY_RANK_RIDGE_K2,2,True
2025-04-24,1,7043,アルー,0.14393402636051178,True,1.0,0.5788712011577379,C00_DAILY_RANK_RIDGE,C00_DAILY_RANK_RIDGE_K2,2,True
2025-04-24,2,9434,ソフトバンク,0.1296127736568451,True,0.0,-1.4358499305233918,C00_DAILY_RANK_RIDGE,C00_DAILY_RANK_RIDGE_K2,2,True
2025-04-25,1,7043,アルー,0.13371630012989044,True,1.0,0.1436781609195359,C00_DAILY_RANK_RIDGE,C00_DAILY_RANK_RIDGE_K2,2,True
2025-04-25,2,9434,ソフトバンク,0.1268244981765747,True,0.0,-0.04699248120302313,C00_DAILY_RANK_RIDGE,C00_DAILY_RANK_RIDGE_K2,2,True
2025-04-28,1,7043,アルー,0.11892694979906082,True,0.0,-0.43041606886656814,C00_DAILY_RANK_RIDGE,C00_DAILY_RANK_RIDGE_K2,2,True
2025-04-28,2,6734,ニューテック,0.11479417979717255,True,0.0,-0.37783375314861534,C00_DAILY_RANK_RIDGE,C00_DAILY_RANK_RIDGE_K2,2,True
2025-04-30,1,7043,アルー,0.13169662654399872,True,1.0,0.14409221902016434,C00_DAILY_RANK_RIDGE,C00_DAILY_RANK_RIDGE_K2,2,True
2025-04-30,2,7255,桜井製作所,0.11228734254837036,True,0.0,-0.5291005291005346,C00_DAILY_RANK_RIDGE,C00_DAILY_RANK_RIDGE_K2,2,True
2025-05-01,1,7043,アルー,0.12369668483734131,True,1.0,0.2877697841726645,C00_DAILY_RANK_RIDGE,C00_DAILY_RANK_RIDGE_K2,2,True
2025-05-01,2,5076,インフロニア・ホールディングス,0.10642948746681213,True,1.0,0.32867707477404196,C00_DAILY_RANK_RIDGE,C00_DAILY_RANK_RIDGE_K2,2,True
2025-05-02,1,7043,アルー,0.11070363223552704,True,0.0,-0.1436781609195359,C00_DAILY_RANK_RIDGE,C00_DAILY_RANK_RIDGE_K2,2,True
2025-05-02,2,2282,日本ハム,0.10789792984724045,True,1.0,1.1668827560659345,C00_DAILY_RANK_RIDGE,C00_DAILY_RANK_RIDGE_K2,2,True
2025-05-07,1,7043,アルー,0.1300651878118515,True,1.0,1.5827338129496438,C00_DAILY_RANK_RIDGE,C00_DAILY_RANK_RIDGE_K2,2,True
2025-05-07,2,6034,ＭＲＴ,0.11742381006479263,True,1.0,2.6666666666666616,C00_DAILY_RANK_RIDGE,C00_DAILY_RANK_RIDGE_K2,2,True
2025-05-08,1,6034,ＭＲＴ,0.11421359330415726,True,0.0,-0.14492753623188692,C00_DAILY_RANK_RIDGE,C00_DAILY_RANK_RIDGE_K2,2,True
2025-05-08,2,2908,フジッコ,0.11239093542098999,True,1.0,0.6815365551424923,C00_DAILY_RANK_RIDGE,C00_DAILY_RANK_RIDGE_K2,2,True
2025-05-09,1,6492,岡野バルブ製造,0.1161099448800087,True,1.0,3.750000000000009,C00_DAILY_RANK_RIDGE,C00_DAILY_RANK_RIDGE_K2,2,True
2025-05-09,2,7043,アルー,0.1148480549454689,True,1.0,2.384291725105192,C00_DAILY_RANK_RIDGE,C00_DAILY_RANK_RIDGE_K2,2,True
2025-05-12,1,7345,アイ・パートナーズフィナンシャル,0.13120310008525848,True,1.0,1.6042780748663166,C00_DAILY_RANK_RIDGE,C00_DAILY_RANK_RIDGE_K2,2,True
2025-05-12,2,8699,ＨＳホールディングス,0.11228768527507782,True,1.0,0.5268703898840821,C00_DAILY_RANK_RIDGE,C00_DAILY_RANK_RIDGE_K2,2,True
2025-05-13,1,7345,アイ・パートナーズフィナンシャル,0.1275835633277893,True,0.0,-1.0714285714285676,C00_DAILY_RANK_RIDGE,C00_DAILY_RANK_RIDGE_K2,2,True
2025-05-13,2,2282,日本ハム,0.12567314505577087,True,0.0,-0.43330821401658115,C00_DAILY_RANK_RIDGE,C00_DAILY_RANK_RIDGE_K2,2,True
2025-05-14,1,7345,アイ・パートナーズフィナンシャル,0.1413748860359192,True,1.0,3.392857142857153,C00_DAILY_RANK_RIDGE,C00_DAILY_RANK_RIDGE_K2,2,True
2025-05-14,2,1898,世紀東急⼯業,0.12641508877277374,True,0.0,-1.261387526278912,C00_DAILY_RANK_RIDGE,C00_DAILY_RANK_RIDGE_K2,2,True
2025-05-15,1,3353,メディカル一光グループ,0.11939515918493271,True,1.0,0.2565198802907176,C00_DAILY_RANK_RIDGE,C00_DAILY_RANK_RIDGE_K2,2,True
2025-05-15,2,4069,ＢｌｕｅＭｅｍｅ,0.11466094106435776,True,1.0,2.57548845470692,C00_DAILY_RANK_RIDGE,C00_DAILY_RANK_RIDGE_K2,2,True
2025-05-16,1,7345,アイ・パートナーズフィナンシャル,0.13216856122016907,True,1.0,0.8928571428571397,C00_DAILY_RANK_RIDGE,C00_DAILY_RANK_RIDGE_K2,2,True
2025-05-16,2,3513,イチカワ,0.11779424548149109,True,1.0,0.1818181818181719,C00_DAILY_RANK_RIDGE,C00_DAILY_RANK_RIDGE_K2,2,True
2025-05-19,1,6034,ＭＲＴ,0.11776278167963028,True,0.0,-1.3274336283185861,C00_DAILY_RANK_RIDGE,C00_DAILY_RANK_RIDGE_K2,2,True
2025-05-19,2,7815,東京ボード⼯業,0.10874521732330322,True,1.0,1.5254237288135686,C00_DAILY_RANK_RIDGE,C00_DAILY_RANK_RIDGE_K2,2,True
2025-05-20,1,7345,アイ・パートナーズフィナンシャル,0.11788061261177063,True,1.0,0.727272727272732,C00_DAILY_RANK_RIDGE,C00_DAILY_RANK_RIDGE_K2,2,True
2025-05-20,2,9416,ビジョン,0.11207987368106842,True,0.0,-0.08643042350907626,C00_DAILY_RANK_RIDGE,C00_DAILY_RANK_RIDGE_K2,2,True
2025-05-21,1,6346,キクカワエンタープライズ,0.10589868575334549,True,1.0,0.8944543828264706,C00_DAILY_RANK_RIDGE,C00_DAILY_RANK_RIDGE_K2,2,True
2025-05-21,2,6670,ＭＣＪ,0.10493473708629608,True,0.0,-1.5128593040847238,C00_DAILY_RANK_RIDGE,C00_DAILY_RANK_RIDGE_K2,2,True
2025-05-22,1,7345,アイ・パートナーズフィナンシャル,0.11020250618457794,True,1.0,1.6666666666666607,C00_DAILY_RANK_RIDGE,C00_DAILY_RANK_RIDGE_K2,2,True
2025-05-22,2,6670,ＭＣＪ,0.10798633843660355,True,0.0,-0.5426356589147252,C00_DAILY_RANK_RIDGE,C00_DAILY_RANK_RIDGE_K2,2,True
2025-05-23,1,7345,アイ・パートナーズフィナンシャル,0.11587204784154892,True,1.0,1.4842300556586308,C00_DAILY_RANK_RIDGE,C00_DAILY_RANK_RIDGE_K2,2,True
2025-05-23,2,9142,九州旅客鉄道,0.09212545305490494,True,0.0,-0.18087855297157507,C00_DAILY_RANK_RIDGE,C00_DAILY_RANK_RIDGE_K2,2,True
2025-05-26,1,7345,アイ・パートナーズフィナンシャル,0.1271151900291443,True,1.0,0.3656307129798808,C00_DAILY_RANK_RIDGE,C00_DAILY_RANK_RIDGE_K2,2,True
2025-05-26,2,4437,ｇｏｏｄｄａｙｓホールディングス,0.10529349744319916,True,1.0,0.2989536621823552,C00_DAILY_RANK_RIDGE,C00_DAILY_RANK_RIDGE_K2,2,True
2025-05-27,1,7345,アイ・パートナーズフィナンシャル,0.11255007982254028,True,1.0,5.185185185185182,C00_DAILY_RANK_RIDGE,C00_DAILY_RANK_RIDGE_K2,2,True
2025-05-27,2,5945,天龍製鋸,0.11169694364070892,True,1.0,0.10804970286331095,C00_DAILY_RANK_RIDGE,C00_DAILY_RANK_RIDGE_K2,2,True
2025-05-28,1,5945,天龍製鋸,0.12473420798778534,True,1.0,0.37776578521315773,C00_DAILY_RANK_RIDGE,C00_DAILY_RANK_RIDGE_K2,2,True
2025-05-28,2,7255,桜井製作所,0.09867123514413834,True,0.0,-0.7220216606498187,C00_DAILY_RANK_RIDGE,C00_DAILY_RANK_RIDGE_K2,2,True
2025-05-29,1,7345,アイ・パートナーズフィナンシャル,0.14234168827533722,True,1.0,1.4814814814814836,C00_DAILY_RANK_RIDGE,C00_DAILY_RANK_RIDGE_K2,2,True
2025-05-29,2,5945,天龍製鋸,0.12526509165763855,True,0.0,-0.32171581769436797,C00_DAILY_RANK_RIDGE,C00_DAILY_RANK_RIDGE_K2,2,True
2025-05-30,1,5945,天龍製鋸,0.12981337308883667,True,1.0,0.2702702702702675,C00_DAILY_RANK_RIDGE,C00_DAILY_RANK_RIDGE_K2,2,True
2025-05-30,2,9265,ヤマシタヘルスケアホールディングス,0.11158163845539093,True,1.0,0.34749034749035346,C00_DAILY_RANK_RIDGE,C00_DAILY_RANK_RIDGE_K2,2,True
2025-06-02,1,5945,天龍製鋸,0.11691570281982422,True,0.0,-0.48179871520342976,C00_DAILY_RANK_RIDGE,C00_DAILY_RANK_RIDGE_K2,2,True
2025-06-02,2,9265,ヤマシタヘルスケアホールディングス,0.10203085839748383,True,1.0,1.1769321302471658,C00_DAILY_RANK_RIDGE,C00_DAILY_RANK_RIDGE_K2,2,True
2025-06-03,1,3271,ＴＨＥグローバル社,0.10619739443063736,True,0.0,-0.6295907660020972,C00_DAILY_RANK_RIDGE,C00_DAILY_RANK_RIDGE_K2,2,True
2025-06-03,2,6570,共和コーポレーション,0.10144715011119843,True,1.0,0.7172131147541005,C00_DAILY_RANK_RIDGE,C00_DAILY_RANK_RIDGE_K2,2,True
2025-06-04,1,6346,キクカワエンタープライズ,0.11081898212432861,True,1.0,1.0869565217391353,C00_DAILY_RANK_RIDGE,C00_DAILY_RANK_RIDGE_K2,2,True
2025-06-04,2,9265,ヤマシタヘルスケアホールディングス,0.0983193963766098,True,0.0,-0.11787819253438192,C00_DAILY_RANK_RIDGE,C00_DAILY_RANK_RIDGE_K2,2,True
2025-06-05,1,6346,キクカワエンタープライズ,0.10646670311689377,True,,,C00_DAILY_RANK_RIDGE,C00_DAILY_RANK_RIDGE_K2,2,False
2025-06-05,2,9142,九州旅客鉄道,0.10523563623428345,True,1.0,0.42350449973531656,C00_DAILY_RANK_RIDGE,C00_DAILY_RANK_RIDGE_K2,2,True
2025-06-06,1,3948,光ビジネスフォーム,0.1150374487042427,True,1.0,1.6999999999999904,C00_DAILY_RANK_RIDGE,C00_DAILY_RANK_RIDGE_K2,2,True
2025-06-06,2,3097,物語コーポレーション,0.09793484956026077,True,1.0,2.7259684361549574,C00_DAILY_RANK_RIDGE,C00_DAILY_RANK_RIDGE_K2,2,True
2025-06-09,1,3271,ＴＨＥグローバル社,0.09623394906520844,True,0.0,0.0,C00_DAILY_RANK_RIDGE,C00_DAILY_RANK_RIDGE_K2,2,True
2025-06-09,2,9142,九州旅客鉄道,0.09364809095859528,True,0.0,-1.2057667103538616,C00_DAILY_RANK_RIDGE,C00_DAILY_RANK_RIDGE_K2,2,True
2025-06-10,1,9142,九州旅客鉄道,0.09278213977813721,True,0.0,-0.42440318302386926,C00_DAILY_RANK_RIDGE,C00_DAILY_RANK_RIDGE_K2,2,True
2025-06-10,2,1882,東亜道路⼯業,0.09132128208875656,True,0.0,-0.2666666666666706,C00_DAILY_RANK_RIDGE,C00_DAILY_RANK_RIDGE_K2,2,True
2025-06-11,1,175A,Ｗｉｌｌ Ｓｍａｒｔ,0.09783383458852768,True,1.0,2.1437578814627933,C00_DAILY_RANK_RIDGE,C00_DAILY_RANK_RIDGE_K2,2,True
2025-06-11,2,6570,共和コーポレーション,0.096247099339962,True,1.0,0.5117707267144223,C00_DAILY_RANK_RIDGE,C00_DAILY_RANK_RIDGE_K2,2,True
2025-06-12,1,6158,和井⽥製作所,0.10020768642425537,True,0.0,-0.3386004514672636,C00_DAILY_RANK_RIDGE,C00_DAILY_RANK_RIDGE_K2,2,True
2025-06-12,2,7255,桜井製作所,0.10003820061683655,True,1.0,1.5706806282722585,C00_DAILY_RANK_RIDGE,C00_DAILY_RANK_RIDGE_K2,2,True
2025-06-13,1,1866,北野建設,0.10521543771028519,True,1.0,2.9484029484029506,C00_DAILY_RANK_RIDGE,C00_DAILY_RANK_RIDGE_K2,2,True
2025-06-13,2,7345,アイ・パートナーズフィナンシャル,0.10289464145898819,True,0.0,-0.8960573476702538,C00_DAILY_RANK_RIDGE,C00_DAILY_RANK_RIDGE_K2,2,True
2025-06-16,1,7345,アイ・パートナーズフィナンシャル,0.12984763085842133,True,1.0,2.177858439201441,C00_DAILY_RANK_RIDGE,C00_DAILY_RANK_RIDGE_K2,2,True
2025-06-16,2,3441,山王,0.09940502047538757,True,1.0,2.4801587301587213,C00_DAILY_RANK_RIDGE,C00_DAILY_RANK_RIDGE_K2,2,True
2025-06-17,1,7255,桜井製作所,0.11936652660369873,True,1.0,1.7513134851138368,C00_DAILY_RANK_RIDGE,C00_DAILY_RANK_RIDGE_K2,2,True
2025-06-17,2,3843,フリービット,0.1168510690331459,True,1.0,0.3518648838845895,C00_DAILY_RANK_RIDGE,C00_DAILY_RANK_RIDGE_K2,2,True
2025-06-18,1,7255,桜井製作所,0.10762407630681992,True,1.0,0.17241379310344307,C00_DAILY_RANK_RIDGE,C00_DAILY_RANK_RIDGE_K2,2,True
2025-06-18,2,7058,共栄セキュリティーサービス,0.10571518540382385,True,1.0,3.462321792260692,C00_DAILY_RANK_RIDGE,C00_DAILY_RANK_RIDGE_K2,2,True
2025-06-19,1,9767,日建⼯学,0.11926901340484619,True,1.0,1.6702977487291104,C00_DAILY_RANK_RIDGE,C00_DAILY_RANK_RIDGE_K2,2,True
2025-06-19,2,6648,かわでん,0.10746078938245773,True,1.0,0.5701254275940704,C00_DAILY_RANK_RIDGE,C00_DAILY_RANK_RIDGE_K2,2,True
2025-06-20,1,3843,フリービット,0.10096728056669235,True,0.0,-1.480959097320167,C00_DAILY_RANK_RIDGE,C00_DAILY_RANK_RIDGE_K2,2,True
2025-06-20,2,7255,桜井製作所,0.0972302183508873,True,1.0,0.8635578583765069,C00_DAILY_RANK_RIDGE,C00_DAILY_RANK_RIDGE_K2,2,True
2025-06-23,1,6648,かわでん,0.10886794328689575,True,1.0,0.11428571428571122,C00_DAILY_RANK_RIDGE,C00_DAILY_RANK_RIDGE_K2,2,True
2025-06-23,2,9691,両毛システムズ,0.10542846471071243,True,1.0,2.1021021021021102,C00_DAILY_RANK_RIDGE,C00_DAILY_RANK_RIDGE_K2,2,True
2025-06-24,1,2327,日鉄ソリューションズ,0.10152567923069,True,0.0,-0.42918454935622075,C00_DAILY_RANK_RIDGE,C00_DAILY_RANK_RIDGE_K2,2,True
2025-06-24,2,7043,アルー,0.09797173738479614,True,1.0,0.5221932114882533,C00_DAILY_RANK_RIDGE,C00_DAILY_RANK_RIDGE_K2,2,True
2025-06-25,1,4437,ｇｏｏｄｄａｙｓホールディングス,0.11598190665245056,True,0.0,-0.295857988165682,C00_DAILY_RANK_RIDGE,C00_DAILY_RANK_RIDGE_K2,2,True
2025-06-25,2,9869,加藤産業,0.10425072908401489,True,1.0,1.1152416356877248,C00_DAILY_RANK_RIDGE,C00_DAILY_RANK_RIDGE_K2,2,True
2025-06-26,1,4437,ｇｏｏｄｄａｙｓホールディングス,0.09942115098237991,True,1.0,1.5037593984962516,C00_DAILY_RANK_RIDGE,C00_DAILY_RANK_RIDGE_K2,2,True
2025-06-26,2,9364,上組,0.09586901217699051,True,1.0,0.28032619775739676,C00_DAILY_RANK_RIDGE,C00_DAILY_RANK_RIDGE_K2,2,True
2025-06-27,1,4437,ｇｏｏｄｄａｙｓホールディングス,0.09965471178293228,True,1.0,0.14792899408284654,C00_DAILY_RANK_RIDGE,C00_DAILY_RANK_RIDGE_K2,2,True
2025-06-27,2,6648,かわでん,0.09884826838970184,True,0.0,-1.851851851851849,C00_DAILY_RANK_RIDGE,C00_DAILY_RANK_RIDGE_K2,2,True
2025-06-30,1,7043,アルー,0.12005479633808136,True,1.0,0.9150326797385588,C00_DAILY_RANK_RIDGE,C00_DAILY_RANK_RIDGE_K2,2,True
2025-06-30,2,4437,ｇｏｏｄｄａｙｓホールディングス,0.11960069090127945,True,1.0,1.4925373134328401,C00_DAILY_RANK_RIDGE,C00_DAILY_RANK_RIDGE_K2,2,True
2025-07-01,1,4437,ｇｏｏｄｄａｙｓホールディングス,0.10883337259292603,True,0.0,-0.7299270072992692,C00_DAILY_RANK_RIDGE,C00_DAILY_RANK_RIDGE_K2,2,True
2025-07-01,2,9361,伏木海陸運送,0.10689113289117813,True,0.0,-0.3056234718826434,C00_DAILY_RANK_RIDGE,C00_DAILY_RANK_RIDGE_K2,2,True
2025-07-02,1,9361,伏木海陸運送,0.09895016252994537,True,0.0,-0.5518087063151489,C00_DAILY_RANK_RIDGE,C00_DAILY_RANK_RIDGE_K2,2,True
2025-07-02,2,7043,アルー,0.09883517771959305,True,,,C00_DAILY_RANK_RIDGE,C00_DAILY_RANK_RIDGE_K2,2,False
2025-07-03,1,7043,アルー,0.1305340677499771,True,1.0,0.5221932114882533,C00_DAILY_RANK_RIDGE,C00_DAILY_RANK_RIDGE_K2,2,True
2025-07-03,2,4391,ロジザード,0.09254352003335953,True,0.0,0.0,C00_DAILY_RANK_RIDGE,C00_DAILY_RANK_RIDGE_K2,2,True
2025-07-04,1,7043,アルー,0.10522747784852982,True,1.0,0.26041666666667407,C00_DAILY_RANK_RIDGE,C00_DAILY_RANK_RIDGE_K2,2,True
2025-07-04,2,4391,ロジザード,0.08715712279081345,True,0.0,-1.56378600823045,C00_DAILY_RANK_RIDGE,C00_DAILY_RANK_RIDGE_K2,2,True
2025-07-07,1,7043,アルー,0.10746738314628601,True,1.0,0.26041666666667407,C00_DAILY_RANK_RIDGE,C00_DAILY_RANK_RIDGE_K2,2,True
2025-07-07,2,2798,ワイズテーブルコーポレーション,0.09992657601833344,True,0.0,-0.8681135225375614,C00_DAILY_RANK_RIDGE,C00_DAILY_RANK_RIDGE_K2,2,True
2025-07-08,1,7043,アルー,0.11007554084062576,True,1.0,0.39215686274509665,C00_DAILY_RANK_RIDGE,C00_DAILY_RANK_RIDGE_K2,2,True
2025-07-08,2,2798,ワイズテーブルコーポレーション,0.09509487450122833,True,0.0,-0.03370407819346388,C00_DAILY_RANK_RIDGE,C00_DAILY_RANK_RIDGE_K2,2,True
2025-07-09,1,7043,アルー,0.13547641038894653,True,1.0,0.78125,C00_DAILY_RANK_RIDGE,C00_DAILY_RANK_RIDGE_K2,2,True
2025-07-09,2,9364,上組,0.10102835297584534,True,1.0,1.3131813676907855,C00_DAILY_RANK_RIDGE,C00_DAILY_RANK_RIDGE_K2,2,True
2025-07-10,1,4437,ｇｏｏｄｄａｙｓホールディングス,0.11888939142227173,True,1.0,0.4411764705882337,C00_DAILY_RANK_RIDGE,C00_DAILY_RANK_RIDGE_K2,2,True
2025-07-10,2,7043,アルー,0.11873458325862885,True,1.0,0.3896103896103842,C00_DAILY_RANK_RIDGE,C00_DAILY_RANK_RIDGE_K2,2,True
2025-07-11,1,4437,ｇｏｏｄｄａｙｓホールディングス,0.11960016936063766,True,1.0,0.2928257686676483,C00_DAILY_RANK_RIDGE,C00_DAILY_RANK_RIDGE_K2,2,True
2025-07-11,2,7043,アルー,0.10909140110015869,True,1.0,0.6518904823989535,C00_DAILY_RANK_RIDGE,C00_DAILY_RANK_RIDGE_K2,2,True
2025-07-14,1,4437,ｇｏｏｄｄａｙｓホールディングス,0.12257001549005508,True,0.0,-0.7246376811594235,C00_DAILY_RANK_RIDGE,C00_DAILY_RANK_RIDGE_K2,2,True
2025-07-14,2,7043,アルー,0.11798862367868423,True,0.0,-0.13003901170350884,C00_DAILY_RANK_RIDGE,C00_DAILY_RANK_RIDGE_K2,2,True
2025-07-15,1,7043,アルー,0.1246880292892456,True,0.0,0.0,C00_DAILY_RANK_RIDGE,C00_DAILY_RANK_RIDGE_K2,2,True
2025-07-15,2,4976,東洋ドライルーブ,0.10652503371238708,True,0.0,-0.37359900373599153,C00_DAILY_RANK_RIDGE,C00_DAILY_RANK_RIDGE_K2,2,True
2025-07-16,1,7043,アルー,0.11036369204521179,True,1.0,0.6493506493506551,C00_DAILY_RANK_RIDGE,C00_DAILY_RANK_RIDGE_K2,2,True
2025-07-16,2,4437,ｇｏｏｄｄａｙｓホールディングス,0.09367918223142624,True,1.0,2.499999999999991,C00_DAILY_RANK_RIDGE,C00_DAILY_RANK_RIDGE_K2,2,True
2025-07-17,1,7043,アルー,0.10959325730800629,True,1.0,0.2600780234070177,C00_DAILY_RANK_RIDGE,C00_DAILY_RANK_RIDGE_K2,2,True
2025-07-17,2,6558,クックビズ,0.09611857682466507,True,0.0,0.0,C00_DAILY_RANK_RIDGE,C00_DAILY_RANK_RIDGE_K2,2,True
2025-07-18,1,7043,アルー,0.126993790268898,True,1.0,0.1290322580645098,C00_DAILY_RANK_RIDGE,C00_DAILY_RANK_RIDGE_K2,2,True
2025-07-18,2,7808,シー・エス・ランバー,0.09949077665805817,True,1.0,0.33444816053511683,C00_DAILY_RANK_RIDGE,C00_DAILY_RANK_RIDGE_K2,2,True
2025-07-22,1,7043,アルー,0.1160256415605545,True,1.0,2.05920205920207,C00_DAILY_RANK_RIDGE,C00_DAILY_RANK_RIDGE_K2,2,True
2025-07-22,2,8584,ジャックス,0.08403807133436203,True,1.0,0.49200492004919383,C00_DAILY_RANK_RIDGE,C00_DAILY_RANK_RIDGE_K2,2,True
2025-07-23,1,7808,シー・エス・ランバー,0.09095500409603119,True,1.0,0.4366812227074135,C00_DAILY_RANK_RIDGE,C00_DAILY_RANK_RIDGE_K2,2,True
2025-07-23,2,5446,北越メタル,0.08428102731704712,True,1.0,1.0569105691056846,C00_DAILY_RANK_RIDGE,C00_DAILY_RANK_RIDGE_K2,2,True
2025-07-24,1,7808,シー・エス・ランバー,0.11184637248516083,True,1.0,1.655629139072845,C00_DAILY_RANK_RIDGE,C00_DAILY_RANK_RIDGE_K2,2,True
2025-07-24,2,7634,星医療酸器,0.1071445643901825,True,0.0,0.0,C00_DAILY_RANK_RIDGE,C00_DAILY_RANK_RIDGE_K2,2,True
2025-07-25,1,7634,星医療酸器,0.1182258203625679,True,1.0,0.439560439560438,C00_DAILY_RANK_RIDGE,C00_DAILY_RANK_RIDGE_K2,2,True
2025-07-25,2,9259,タカヨシホールディングス,0.11531426012516022,True,0.0,0.0,C00_DAILY_RANK_RIDGE,C00_DAILY_RANK_RIDGE_K2,2,True
2025-07-28,1,7634,星医療酸器,0.11726275831460953,True,0.0,0.0,C00_DAILY_RANK_RIDGE,C00_DAILY_RANK_RIDGE_K2,2,True
2025-07-28,2,9259,タカヨシホールディングス,0.11617022007703781,True,0.0,-0.14265335235378318,C00_DAILY_RANK_RIDGE,C00_DAILY_RANK_RIDGE_K2,2,True
2025-07-29,1,9259,タカヨシホールディングス,0.11569518595933914,True,0.0,0.0,C00_DAILY_RANK_RIDGE,C00_DAILY_RANK_RIDGE_K2,2,True
2025-07-29,2,7043,アルー,0.11293058097362518,True,0.0,-0.37641154328732496,C00_DAILY_RANK_RIDGE,C00_DAILY_RANK_RIDGE_K2,2,True
2025-07-30,1,7043,アルー,0.11428114026784897,True,1.0,2.130325814536338,C00_DAILY_RANK_RIDGE,C00_DAILY_RANK_RIDGE_K2,2,True
2025-07-30,2,9254,ラバブルマーケティンググループ,0.10431287437677383,True,0.0,0.0,C00_DAILY_RANK_RIDGE,C00_DAILY_RANK_RIDGE_K2,2,True
2025-07-31,1,9259,タカヨシホールディングス,0.11013015359640121,True,1.0,0.14265335235377208,C00_DAILY_RANK_RIDGE,C00_DAILY_RANK_RIDGE_K2,2,True
2025-07-31,2,9254,ラバブルマーケティンググループ,0.10794541984796524,True,1.0,1.717967072297788,C00_DAILY_RANK_RIDGE,C00_DAILY_RANK_RIDGE_K2,2,True
2024-07-01,1,7043,アルー,0.1592196673154831,True,1.0,0.49999999999998934,S01_DENSITY_RATIO_RECENT,S01_DENSITY_RATIO_RECENT_K1,1,True
2024-07-02,1,7043,アルー,0.1570599377155304,True,0.0,-0.49813200498132204,S01_DENSITY_RATIO_RECENT,S01_DENSITY_RATIO_RECENT_K1,1,True
2024-07-03,1,7043,アルー,0.14939895272254944,True,1.0,1.643489254108732,S01_DENSITY_RATIO_RECENT,S01_DENSITY_RATIO_RECENT_K1,1,True
2024-07-04,1,6151,日東⼯器,0.13373436033725739,True,0.0,-0.9683098591549255,S01_DENSITY_RATIO_RECENT,S01_DENSITY_RATIO_RECENT_K1,1,True
2024-07-05,1,7043,アルー,0.12603479623794556,True,1.0,7.800511508951402,S01_DENSITY_RATIO_RECENT,S01_DENSITY_RATIO_RECENT_K1,1,True
2024-07-08,1,6151,日東⼯器,0.11597774922847748,True,0.0,-3.8224956063268922,S01_DENSITY_RATIO_RECENT,S01_DENSITY_RATIO_RECENT_K1,1,True
2024-07-09,1,6151,日東⼯器,0.12421806156635284,True,1.0,0.22841480127913094,S01_DENSITY_RATIO_RECENT,S01_DENSITY_RATIO_RECENT_K1,1,True
2024-07-10,1,4491,コンピューターマネージメント,0.10826340317726135,True,1.0,1.4251781472684133,S01_DENSITY_RATIO_RECENT,S01_DENSITY_RATIO_RECENT_K1,1,True
2024-07-11,1,4628,エスケー化研,0.09851673990488052,True,0.0,-3.2362459546925515,S01_DENSITY_RATIO_RECENT,S01_DENSITY_RATIO_RECENT_K1,1,True
2024-07-12,1,4344,ソースネクスト,0.11011693626642227,True,1.0,9.478672985782,S01_DENSITY_RATIO_RECENT,S01_DENSITY_RATIO_RECENT_K1,1,True
2024-07-16,1,1866,北野建設,0.10425511002540588,True,0.0,-0.4132231404958664,S01_DENSITY_RATIO_RECENT,S01_DENSITY_RATIO_RECENT_K1,1,True
2024-07-17,1,7807,幸和製作所,0.12205680459737778,True,0.0,-2.4207011686143587,S01_DENSITY_RATIO_RECENT,S01_DENSITY_RATIO_RECENT_K1,1,True
2024-07-18,1,1980,ダイダン,0.09969679266214371,True,0.0,-0.13440860215053752,S01_DENSITY_RATIO_RECENT,S01_DENSITY_RATIO_RECENT_K1,1,True
2024-07-19,1,7590,タカショー,0.1044626459479332,True,1.0,0.18552875695732052,S01_DENSITY_RATIO_RECENT,S01_DENSITY_RATIO_RECENT_K1,1,True
2024-07-22,1,7043,アルー,0.12111549824476242,True,1.0,4.422604422604426,S01_DENSITY_RATIO_RECENT,S01_DENSITY_RATIO_RECENT_K1,1,True
2024-07-23,1,6048,デザインワン・ジャパン,0.11632269620895386,True,0.0,-2.0689655172413834,S01_DENSITY_RATIO_RECENT,S01_DENSITY_RATIO_RECENT_K1,1,True
2024-07-24,1,9246,プロジェクトホールディングス,0.11618197709321976,True,0.0,-0.07347538574578039,S01_DENSITY_RATIO_RECENT,S01_DENSITY_RATIO_RECENT_K1,1,True
2024-07-25,1,9221,フルハシＥＰＯ,0.10530859231948853,True,1.0,0.6829268292682933,S01_DENSITY_RATIO_RECENT,S01_DENSITY_RATIO_RECENT_K1,1,True
2024-07-26,1,5247,ＢＴＭ,0.09617431461811066,True,0.0,-1.8927444794952675,S01_DENSITY_RATIO_RECENT,S01_DENSITY_RATIO_RECENT_K1,1,True
2024-07-29,1,5247,ＢＴＭ,0.10352367162704468,True,1.0,3.5409836065573685,S01_DENSITY_RATIO_RECENT,S01_DENSITY_RATIO_RECENT_K1,1,True
2024-07-30,1,7043,アルー,0.11129090934991837,True,1.0,2.4242424242424176,S01_DENSITY_RATIO_RECENT,S01_DENSITY_RATIO_RECENT_K1,1,True
2024-07-31,1,3934,ベネフィットジャパン,0.0985725000500679,True,0.0,-1.4705882352941124,S01_DENSITY_RATIO_RECENT,S01_DENSITY_RATIO_RECENT_K1,1,True
2024-08-01,1,8139,ナガホリ,0.114412322640419,True,1.0,2.3668639053254337,S01_DENSITY_RATIO_RECENT,S01_DENSITY_RATIO_RECENT_K1,1,True
2024-08-02,1,4549,栄研化学,0.11258768290281296,True,0.0,-2.6889197960129785,S01_DENSITY_RATIO_RECENT,S01_DENSITY_RATIO_RECENT_K1,1,True
2024-08-05,1,1764,⼯藤建設,0.11224721372127533,True,0.0,-6.146025878003691,S01_DENSITY_RATIO_RECENT,S01_DENSITY_RATIO_RECENT_K1,1,True
2024-08-06,1,9162,ブリーチ,0.108436219394207,True,0.0,0.0,S01_DENSITY_RATIO_RECENT,S01_DENSITY_RATIO_RECENT_K1,1,True
2024-08-07,1,4814,ネクストウェア,0.07332869619131088,True,1.0,4.8387096774193505,S01_DENSITY_RATIO_RECENT,S01_DENSITY_RATIO_RECENT_K1,1,True
2024-08-08,1,7043,アルー,0.0421629473567009,True,1.0,0.3597122302158251,S01_DENSITY_RATIO_RECENT,S01_DENSITY_RATIO_RECENT_K1,1,True
2024-08-09,1,7043,アルー,0.06071111932396889,True,0.0,0.0,S01_DENSITY_RATIO_RECENT,S01_DENSITY_RATIO_RECENT_K1,1,True
2024-08-13,1,7043,アルー,0.08765028417110443,True,0.0,-1.8495684340320562,S01_DENSITY_RATIO_RECENT,S01_DENSITY_RATIO_RECENT_K1,1,True
2024-08-14,1,7043,アルー,0.13120685517787933,True,1.0,3.409090909090917,S01_DENSITY_RATIO_RECENT,S01_DENSITY_RATIO_RECENT_K1,1,True
2024-08-15,1,8139,ナガホリ,0.11155460774898529,True,0.0,-1.1594202898550732,S01_DENSITY_RATIO_RECENT,S01_DENSITY_RATIO_RECENT_K1,1,True
2024-08-16,1,7043,アルー,0.11483469605445862,True,0.0,-0.4987531172069848,S01_DENSITY_RATIO_RECENT,S01_DENSITY_RATIO_RECENT_K1,1,True
2024-08-19,1,8139,ナガホリ,0.10095378011465073,True,1.0,1.7492711370262315,S01_DENSITY_RATIO_RECENT,S01_DENSITY_RATIO_RECENT_K1,1,True
2024-08-20,1,3804,システム ディ,0.09592646360397339,True,,,S01_DENSITY_RATIO_RECENT,S01_DENSITY_RATIO_RECENT_K1,1,False
2024-08-21,1,3804,システム ディ,0.1059277132153511,True,0.0,-0.06925207756233176,S01_DENSITY_RATIO_RECENT,S01_DENSITY_RATIO_RECENT_K1,1,True
2024-08-22,1,7043,アルー,0.08542186766862869,True,0.0,-0.37783375314861534,S01_DENSITY_RATIO_RECENT,S01_DENSITY_RATIO_RECENT_K1,1,True
2024-08-23,1,7043,アルー,0.07981976121664047,True,0.0,-1.4981273408239737,S01_DENSITY_RATIO_RECENT,S01_DENSITY_RATIO_RECENT_K1,1,True
2024-08-26,1,3738,ティーガイア,0.08891463279724121,True,0.0,-1.331557922769644,S01_DENSITY_RATIO_RECENT,S01_DENSITY_RATIO_RECENT_K1,1,True
2024-08-27,1,3738,ティーガイア,0.09250975400209427,True,1.0,1.206434316353877,S01_DENSITY_RATIO_RECENT,S01_DENSITY_RATIO_RECENT_K1,1,True
2024-08-28,1,9914,植松商会,0.10637959837913513,True,,,S01_DENSITY_RATIO_RECENT,S01_DENSITY_RATIO_RECENT_K1,1,False
2024-08-29,1,2736,フェスタリアホールディングス,0.10930237174034119,True,0.0,-0.7027406886858767,S01_DENSITY_RATIO_RECENT,S01_DENSITY_RATIO_RECENT_K1,1,True
2024-08-30,1,3738,ティーガイア,0.09838460385799408,True,0.0,-0.6784260515603768,S01_DENSITY_RATIO_RECENT,S01_DENSITY_RATIO_RECENT_K1,1,True
2024-09-02,1,4445,リビン・テクノロジーズ,0.11665837466716766,True,0.0,-0.43266630611140666,S01_DENSITY_RATIO_RECENT,S01_DENSITY_RATIO_RECENT_K1,1,True
2024-09-03,1,3768,リスクモンスター,0.11569923162460327,True,0.0,0.0,S01_DENSITY_RATIO_RECENT,S01_DENSITY_RATIO_RECENT_K1,1,True
2024-09-04,1,8167,リテールパートナーズ,0.12372550368309021,True,0.0,-0.07215007215006786,S01_DENSITY_RATIO_RECENT,S01_DENSITY_RATIO_RECENT_K1,1,True
2024-09-05,1,8200,リンガーハット,0.10738814622163773,True,0.0,-2.117863720073665,S01_DENSITY_RATIO_RECENT,S01_DENSITY_RATIO_RECENT_K1,1,True
2024-09-06,1,7733,オリンパス,0.112185999751091,True,0.0,-0.6090373280942973,S01_DENSITY_RATIO_RECENT,S01_DENSITY_RATIO_RECENT_K1,1,True
2024-09-09,1,3961,シルバーエッグ・テクノロジー,0.10160524398088455,True,0.0,0.0,S01_DENSITY_RATIO_RECENT,S01_DENSITY_RATIO_RECENT_K1,1,True
2024-09-10,1,6724,セイコーエプソン,0.10373278707265854,True,0.0,-0.5951238241505119,S01_DENSITY_RATIO_RECENT,S01_DENSITY_RATIO_RECENT_K1,1,True
2024-09-11,1,8630,ＳＯＭＰＯホールディングス,0.11495567113161087,True,0.0,-0.8958912573370448,S01_DENSITY_RATIO_RECENT,S01_DENSITY_RATIO_RECENT_K1,1,True
2024-09-12,1,8591,オリックス,0.10565001517534256,True,1.0,0.028985507246370723,S01_DENSITY_RATIO_RECENT,S01_DENSITY_RATIO_RECENT_K1,1,True
2024-09-13,1,6190,フェニックスバイオ,0.1042734682559967,True,0.0,-1.95227765726681,S01_DENSITY_RATIO_RECENT,S01_DENSITY_RATIO_RECENT_K1,1,True
2024-09-17,1,4503,アステラス製薬,0.11101441830396652,True,0.0,-1.6880093131548257,S01_DENSITY_RATIO_RECENT,S01_DENSITY_RATIO_RECENT_K1,1,True
2024-09-18,1,4507,塩野義製薬,0.11641031503677368,True,0.0,-1.2378564713256046,S01_DENSITY_RATIO_RECENT,S01_DENSITY_RATIO_RECENT_K1,1,True
2024-09-19,1,3107,ダイワボウホールディングス,0.11213349550962448,True,1.0,0.07385524372229835,S01_DENSITY_RATIO_RECENT,S01_DENSITY_RATIO_RECENT_K1,1,True
2024-09-20,1,2594,キーコーヒー,0.1256571263074875,True,1.0,0.8866995073891548,S01_DENSITY_RATIO_RECENT,S01_DENSITY_RATIO_RECENT_K1,1,True
2024-09-24,1,4840,トライアイズ,0.11881286650896072,True,1.0,3.205128205128216,S01_DENSITY_RATIO_RECENT,S01_DENSITY_RATIO_RECENT_K1,1,True
2024-09-25,1,2372,アイロムグループ,0.13017170131206512,True,0.0,0.0,S01_DENSITY_RATIO_RECENT,S01_DENSITY_RATIO_RECENT_K1,1,True
2024-09-26,1,2372,アイロムグループ,0.12145394086837769,True,1.0,0.21629416005768398,S01_DENSITY_RATIO_RECENT,S01_DENSITY_RATIO_RECENT_K1,1,True
2024-09-27,1,2372,アイロムグループ,0.12745824456214905,True,1.0,0.21590500179919925,S01_DENSITY_RATIO_RECENT,S01_DENSITY_RATIO_RECENT_K1,1,True
2024-09-30,1,3787,テクノマセマティカル,0.12185841798782349,True,0.0,0.0,S01_DENSITY_RATIO_RECENT,S01_DENSITY_RATIO_RECENT_K1,1,True
2024-10-01,1,3787,テクノマセマティカル,0.11820633709430695,True,1.0,0.17152658662091813,S01_DENSITY_RATIO_RECENT,S01_DENSITY_RATIO_RECENT_K1,1,True
2024-10-02,1,7815,東京ボード⼯業,0.12716947495937347,True,1.0,0.670016750418756,S01_DENSITY_RATIO_RECENT,S01_DENSITY_RATIO_RECENT_K1,1,True
2024-10-03,1,7815,東京ボード⼯業,0.11809790879487991,True,1.0,0.9819967266775809,S01_DENSITY_RATIO_RECENT,S01_DENSITY_RATIO_RECENT_K1,1,True
2024-10-04,1,3726,フォーシーズＨＤ,0.10093614459037781,True,0.0,-0.4158004158004158,S01_DENSITY_RATIO_RECENT,S01_DENSITY_RATIO_RECENT_K1,1,True
2024-10-07,1,1925,大和ハウス⼯業,0.09514732658863068,True,0.0,-0.1295896328293744,S01_DENSITY_RATIO_RECENT,S01_DENSITY_RATIO_RECENT_K1,1,True
2024-10-08,1,4361,川口化学⼯業,0.12163903564214706,True,1.0,0.12853470437017567,S01_DENSITY_RATIO_RECENT,S01_DENSITY_RATIO_RECENT_K1,1,True
2024-10-09,1,8871,ゴールドクレスト,0.10351026803255081,True,1.0,0.31948881789136685,S01_DENSITY_RATIO_RECENT,S01_DENSITY_RATIO_RECENT_K1,1,True
2024-10-10,1,8871,ゴールドクレスト,0.11299711465835571,True,1.0,1.273885350318471,S01_DENSITY_RATIO_RECENT,S01_DENSITY_RATIO_RECENT_K1,1,True
2024-10-11,1,8871,ゴールドクレスト,0.10463141649961472,True,1.0,1.572327044025168,S01_DENSITY_RATIO_RECENT,S01_DENSITY_RATIO_RECENT_K1,1,True
2024-10-15,1,2334,イオレ,0.1033148318529129,True,0.0,-0.3039513677811523,S01_DENSITY_RATIO_RECENT,S01_DENSITY_RATIO_RECENT_K1,1,True
2024-10-16,1,8871,ゴールドクレスト,0.12029440701007843,True,1.0,2.8037383177569986,S01_DENSITY_RATIO_RECENT,S01_DENSITY_RATIO_RECENT_K1,1,True
2024-10-17,1,8267,イオン,0.09616909921169281,True,0.0,-0.8574490889603381,S01_DENSITY_RATIO_RECENT,S01_DENSITY_RATIO_RECENT_K1,1,True
2024-10-18,1,3490,アズ企画設計,0.10823189467191696,True,0.0,-0.08996851102114345,S01_DENSITY_RATIO_RECENT,S01_DENSITY_RATIO_RECENT_K1,1,True
2024-10-21,1,9064,ヤマトホールディングス,0.09714492410421371,True,1.0,0.061538461538468425,S01_DENSITY_RATIO_RECENT,S01_DENSITY_RATIO_RECENT_K1,1,True
2024-10-22,1,9347,日本管財ホールディングス,0.10782492160797119,True,0.0,-1.9593345656192196,S01_DENSITY_RATIO_RECENT,S01_DENSITY_RATIO_RECENT_K1,1,True
2024-10-23,1,8871,ゴールドクレスト,0.1333518773317337,True,0.0,-2.7156549520766737,S01_DENSITY_RATIO_RECENT,S01_DENSITY_RATIO_RECENT_K1,1,True
2024-10-24,1,8871,ゴールドクレスト,0.13797786831855774,True,1.0,0.8291873963515828,S01_DENSITY_RATIO_RECENT,S01_DENSITY_RATIO_RECENT_K1,1,True
2024-10-25,1,7815,東京ボード⼯業,0.13937807083129883,True,1.0,1.1513157894736947,S01_DENSITY_RATIO_RECENT,S01_DENSITY_RATIO_RECENT_K1,1,True
2024-10-28,1,7379,サーキュレーション,0.13639110326766968,True,1.0,0.16286644951140072,S01_DENSITY_RATIO_RECENT,S01_DENSITY_RATIO_RECENT_K1,1,True
2024-10-29,1,7815,東京ボード⼯業,0.13025793433189392,True,1.0,1.342281879194629,S01_DENSITY_RATIO_RECENT,S01_DENSITY_RATIO_RECENT_K1,1,True
2024-10-30,1,7379,サーキュレーション,0.1340874582529068,True,1.0,1.1513157894736947,S01_DENSITY_RATIO_RECENT,S01_DENSITY_RATIO_RECENT_K1,1,True
2024-10-31,1,7376,ＢＣＣ,0.12952201068401337,True,0.0,0.0,S01_DENSITY_RATIO_RECENT,S01_DENSITY_RATIO_RECENT_K1,1,True
2024-11-01,1,9913,日邦産業,0.10694754868745804,True,1.0,0.7228915662650603,S01_DENSITY_RATIO_RECENT,S01_DENSITY_RATIO_RECENT_K1,1,True
2024-11-05,1,9913,日邦産業,0.11654586344957352,True,0.0,-0.09523809523809268,S01_DENSITY_RATIO_RECENT,S01_DENSITY_RATIO_RECENT_K1,1,True
2024-11-06,1,4840,トライアイズ,0.10654366761445999,True,0.0,-1.0101010101010055,S01_DENSITY_RATIO_RECENT,S01_DENSITY_RATIO_RECENT_K1,1,True
2024-11-07,1,4394,エクスモーション,0.08850426226854324,True,0.0,-1.1842105263157876,S01_DENSITY_RATIO_RECENT,S01_DENSITY_RATIO_RECENT_K1,1,True
2024-11-08,1,4091,日本酸素ホールディングス,0.10400208085775375,True,0.0,-0.9712750568299233,S01_DENSITY_RATIO_RECENT,S01_DENSITY_RATIO_RECENT_K1,1,True
2024-11-11,1,2806,ユタカフーズ,0.10361664742231369,True,0.0,-0.19175455417066445,S01_DENSITY_RATIO_RECENT,S01_DENSITY_RATIO_RECENT_K1,1,True
2024-11-12,1,5587,インバウンドプラットフォーム,0.11048408597707748,True,1.0,1.3254786450662692,S01_DENSITY_RATIO_RECENT,S01_DENSITY_RATIO_RECENT_K1,1,True
2024-11-13,1,4452,花王,0.09427697956562042,True,0.0,-0.18894662257912254,S01_DENSITY_RATIO_RECENT,S01_DENSITY_RATIO_RECENT_K1,1,True
2024-11-14,1,4346,ＮＥＸＹＺ．Ｇｒｏｕｐ,0.09469589591026306,True,0.0,-2.1136063408190187,S01_DENSITY_RATIO_RECENT,S01_DENSITY_RATIO_RECENT_K1,1,True
2024-11-15,1,7837,アールシーコア,0.10887736082077026,True,0.0,-2.0000000000000018,S01_DENSITY_RATIO_RECENT,S01_DENSITY_RATIO_RECENT_K1,1,True
2024-11-18,1,4346,ＮＥＸＹＺ．Ｇｒｏｕｐ,0.12131695449352264,True,1.0,1.4598540145985384,S01_DENSITY_RATIO_RECENT,S01_DENSITY_RATIO_RECENT_K1,1,True
2024-11-19,1,6656,インスペック,0.09223577380180359,True,0.0,-1.883830455259028,S01_DENSITY_RATIO_RECENT,S01_DENSITY_RATIO_RECENT_K1,1,True
2024-11-20,1,3788,ＧＭＯグローバルサイン・ホールディングス,0.09192162752151489,True,0.0,-2.484241750092697,S01_DENSITY_RATIO_RECENT,S01_DENSITY_RATIO_RECENT_K1,1,True
2024-11-21,1,8938,グローム・ホールディングス,0.13053631782531738,True,1.0,1.7287234042553168,S01_DENSITY_RATIO_RECENT,S01_DENSITY_RATIO_RECENT_K1,1,True
2024-11-22,1,8938,グローム・ホールディングス,0.12014699727296829,True,1.0,1.182654402102501,S01_DENSITY_RATIO_RECENT,S01_DENSITY_RATIO_RECENT_K1,1,True
2024-11-25,1,8938,グローム・ホールディングス,0.11459387838840485,True,0.0,-0.2597402597402598,S01_DENSITY_RATIO_RECENT,S01_DENSITY_RATIO_RECENT_K1,1,True
2024-11-26,1,4267,ライトワークス,0.13955505192279816,True,1.0,0.9708737864077666,S01_DENSITY_RATIO_RECENT,S01_DENSITY_RATIO_RECENT_K1,1,True
2024-11-27,1,4267,ライトワークス,0.10716617852449417,True,1.0,1.1650485436893288,S01_DENSITY_RATIO_RECENT,S01_DENSITY_RATIO_RECENT_K1,1,True
2024-11-28,1,4073,ジィ・シィ企画,0.09192989021539688,True,1.0,0.688468158347666,S01_DENSITY_RATIO_RECENT,S01_DENSITY_RATIO_RECENT_K1,1,True
2024-11-29,1,4073,ジィ・シィ企画,0.1008976399898529,True,1.0,1.1925042589437718,S01_DENSITY_RATIO_RECENT,S01_DENSITY_RATIO_RECENT_K1,1,True
2024-12-02,1,4267,ライトワークス,0.10209260135889053,True,1.0,3.9024390243902474,S01_DENSITY_RATIO_RECENT,S01_DENSITY_RATIO_RECENT_K1,1,True
2024-12-03,1,4465,ニイタカ,0.1033230572938919,True,1.0,0.8086253369272267,S01_DENSITY_RATIO_RECENT,S01_DENSITY_RATIO_RECENT_K1,1,True
2024-12-04,1,4465,ニイタカ,0.1104508489370346,True,0.0,-0.2134471718249764,S01_DENSITY_RATIO_RECENT,S01_DENSITY_RATIO_RECENT_K1,1,True
2024-12-05,1,4267,ライトワークス,0.11882992088794708,True,0.0,0.0,S01_DENSITY_RATIO_RECENT,S01_DENSITY_RATIO_RECENT_K1,1,True
2024-12-06,1,4267,ライトワークス,0.11929690837860107,True,0.0,-0.0970873786407811,S01_DENSITY_RATIO_RECENT,S01_DENSITY_RATIO_RECENT_K1,1,True
2024-12-09,1,4267,ライトワークス,0.11358692497015,True,1.0,1.4577259475218707,S01_DENSITY_RATIO_RECENT,S01_DENSITY_RATIO_RECENT_K1,1,True
2024-12-10,1,4267,ライトワークス,0.12413214147090912,True,1.0,0.674373795761074,S01_DENSITY_RATIO_RECENT,S01_DENSITY_RATIO_RECENT_K1,1,True
2024-12-11,1,4267,ライトワークス,0.10949669033288956,True,1.0,0.4812319538017418,S01_DENSITY_RATIO_RECENT,S01_DENSITY_RATIO_RECENT_K1,1,True
2024-12-12,1,6898,トミタ電機,0.11826255917549133,True,0.0,-0.13464991023339756,S01_DENSITY_RATIO_RECENT,S01_DENSITY_RATIO_RECENT_K1,1,True
2024-12-13,1,6898,トミタ電機,0.10887685418128967,True,0.0,-0.27260336210813696,S01_DENSITY_RATIO_RECENT,S01_DENSITY_RATIO_RECENT_K1,1,True
2024-12-16,1,6898,トミタ電機,0.1113646849989891,True,0.0,0.0,S01_DENSITY_RATIO_RECENT,S01_DENSITY_RATIO_RECENT_K1,1,True
2024-12-17,1,7345,アイ・パートナーズフィナンシャル,0.12187986820936203,True,0.0,-0.3424657534246589,S01_DENSITY_RATIO_RECENT,S01_DENSITY_RATIO_RECENT_K1,1,True
2024-12-18,1,4267,ライトワークス,0.11937607824802399,True,1.0,1.4778325123152802,S01_DENSITY_RATIO_RECENT,S01_DENSITY_RATIO_RECENT_K1,1,True
2024-12-19,1,7345,アイ・パートナーズフィナンシャル,0.10616351664066315,True,0.0,0.0,S01_DENSITY_RATIO_RECENT,S01_DENSITY_RATIO_RECENT_K1,1,True
2024-12-20,1,7345,アイ・パートナーズフィナンシャル,0.12574419379234314,True,0.0,-1.379310344827589,S01_DENSITY_RATIO_RECENT,S01_DENSITY_RATIO_RECENT_K1,1,True
2024-12-23,1,7345,アイ・パートナーズフィナンシャル,0.13056473433971405,True,1.0,3.6231884057970953,S01_DENSITY_RATIO_RECENT,S01_DENSITY_RATIO_RECENT_K1,1,True
2024-12-24,1,9159,Ｗ ＴＯＫＹＯ,0.0986802875995636,True,0.0,-1.4609571788413045,S01_DENSITY_RATIO_RECENT,S01_DENSITY_RATIO_RECENT_K1,1,True
2024-12-25,1,9159,Ｗ ＴＯＫＹＯ,0.11957184970378876,True,0.0,-3.490759753593431,S01_DENSITY_RATIO_RECENT,S01_DENSITY_RATIO_RECENT_K1,1,True
2024-12-26,1,9159,Ｗ ＴＯＫＹＯ,0.12119081616401672,True,0.0,-2.6687598116169498,S01_DENSITY_RATIO_RECENT,S01_DENSITY_RATIO_RECENT_K1,1,True
2024-12-27,1,9159,Ｗ ＴＯＫＹＯ,0.0993165448307991,True,1.0,2.5515743756786113,S01_DENSITY_RATIO_RECENT,S01_DENSITY_RATIO_RECENT_K1,1,True
2024-12-30,1,3800,ユニリタ,0.10040298849344254,True,0.0,0.0,S01_DENSITY_RATIO_RECENT,S01_DENSITY_RATIO_RECENT_K1,1,True
2025-01-06,1,7314,小⽥原機器,0.11559608578681946,True,0.0,-2.049180327868849,S01_DENSITY_RATIO_RECENT,S01_DENSITY_RATIO_RECENT_K1,1,True
2025-01-07,1,7314,小⽥原機器,0.10660365223884583,True,0.0,-3.3444816053511683,S01_DENSITY_RATIO_RECENT,S01_DENSITY_RATIO_RECENT_K1,1,True
2025-01-08,1,1994,高橋カーテンウォール⼯業,0.11974223703145981,True,1.0,1.073345259391778,S01_DENSITY_RATIO_RECENT,S01_DENSITY_RATIO_RECENT_K1,1,True
2025-01-09,1,3800,ユニリタ,0.10265917330980301,True,0.0,-0.10035122930256435,S01_DENSITY_RATIO_RECENT,S01_DENSITY_RATIO_RECENT_K1,1,True
2025-01-10,1,7730,マニー,0.08664484322071075,True,0.0,-2.0689655172413834,S01_DENSITY_RATIO_RECENT,S01_DENSITY_RATIO_RECENT_K1,1,True
2025-01-14,1,4783,ＮＣＤ,0.08277010917663574,True,1.0,2.5123715264560254,S01_DENSITY_RATIO_RECENT,S01_DENSITY_RATIO_RECENT_K1,1,True
2025-01-15,1,9355,リンコーコーポレーション,0.09982357919216156,True,0.0,-1.1571254567600442,S01_DENSITY_RATIO_RECENT,S01_DENSITY_RATIO_RECENT_K1,1,True
2025-01-16,1,4429,リックソフト,0.10060692578554153,True,0.0,-4.30622009569378,S01_DENSITY_RATIO_RECENT,S01_DENSITY_RATIO_RECENT_K1,1,True
2025-01-17,1,9250,ＧＲＣＳ,0.11039476841688156,True,0.0,-0.5751258087706712,S01_DENSITY_RATIO_RECENT,S01_DENSITY_RATIO_RECENT_K1,1,True
2025-01-20,1,9241,フューチャーリンクネットワーク,0.09372369199991226,True,1.0,2.305721605465405,S01_DENSITY_RATIO_RECENT,S01_DENSITY_RATIO_RECENT_K1,1,True
2025-01-21,1,9362,兵機海運,0.11302444338798523,True,0.0,0.0,S01_DENSITY_RATIO_RECENT,S01_DENSITY_RATIO_RECENT_K1,1,True
2025-01-22,1,9241,フューチャーリンクネットワーク,0.10626571625471115,True,1.0,1.6142050040355072,S01_DENSITY_RATIO_RECENT,S01_DENSITY_RATIO_RECENT_K1,1,True
2025-01-23,1,3238,セントラル総合開発,0.11139430105686188,True,1.0,0.42105263157894424,S01_DENSITY_RATIO_RECENT,S01_DENSITY_RATIO_RECENT_K1,1,True
2025-01-24,1,7043,アルー,0.11593375355005264,True,1.0,1.17056856187292,S01_DENSITY_RATIO_RECENT,S01_DENSITY_RATIO_RECENT_K1,1,True
2025-01-27,1,3238,セントラル総合開発,0.13145405054092407,True,0.0,-0.42105263157894424,S01_DENSITY_RATIO_RECENT,S01_DENSITY_RATIO_RECENT_K1,1,True
2025-01-28,1,8066,三⾕商事,0.12346435338258743,True,1.0,1.1657374556512945,S01_DENSITY_RATIO_RECENT,S01_DENSITY_RATIO_RECENT_K1,1,True
2025-01-29,1,3238,セントラル総合開発,0.12815070152282715,True,1.0,0.2123142250530785,S01_DENSITY_RATIO_RECENT,S01_DENSITY_RATIO_RECENT_K1,1,True
2025-01-30,1,8066,三⾕商事,0.12863579392433167,True,1.0,1.2506513809275699,S01_DENSITY_RATIO_RECENT,S01_DENSITY_RATIO_RECENT_K1,1,True
2025-01-31,1,3238,セントラル総合開発,0.11417986452579498,True,0.0,-0.6342494714587699,S01_DENSITY_RATIO_RECENT,S01_DENSITY_RATIO_RECENT_K1,1,True
2025-02-03,1,4816,東映アニメーション,0.11485978960990906,True,1.0,0.7800312012480548,S01_DENSITY_RATIO_RECENT,S01_DENSITY_RATIO_RECENT_K1,1,True
2025-02-04,1,2282,日本ハム,0.11940334737300873,True,0.0,-1.7699115044247815,S01_DENSITY_RATIO_RECENT,S01_DENSITY_RATIO_RECENT_K1,1,True
2025-02-05,1,4380,Ｍマート,0.11632811278104782,True,1.0,0.43859649122806044,S01_DENSITY_RATIO_RECENT,S01_DENSITY_RATIO_RECENT_K1,1,True
2025-02-06,1,7678,あさくま,0.09819107502698898,True,1.0,1.526717557251911,S01_DENSITY_RATIO_RECENT,S01_DENSITY_RATIO_RECENT_K1,1,True
2025-02-07,1,6193,バーチャレクス・ホールディングス,0.10461250692605972,True,0.0,0.0,S01_DENSITY_RATIO_RECENT,S01_DENSITY_RATIO_RECENT_K1,1,True
2025-02-10,1,2216,カンロ,0.10506508499383926,True,0.0,-1.4598540145985384,S01_DENSITY_RATIO_RECENT,S01_DENSITY_RATIO_RECENT_K1,1,True
2025-02-12,1,4783,ＮＣＤ,0.15241345763206482,True,1.0,1.0204081632652962,S01_DENSITY_RATIO_RECENT,S01_DENSITY_RATIO_RECENT_K1,1,True
2025-02-13,1,7043,アルー,0.1291101574897766,True,1.0,4.813664596273282,S01_DENSITY_RATIO_RECENT,S01_DENSITY_RATIO_RECENT_K1,1,True
2025-02-14,1,2120,ＬＩＦＵＬＬ,0.14534930884838104,True,1.0,1.1111111111111072,S01_DENSITY_RATIO_RECENT,S01_DENSITY_RATIO_RECENT_K1,1,True
2025-02-17,1,4182,三菱瓦斯化学,0.11504102498292923,True,0.0,-1.6203240648129613,S01_DENSITY_RATIO_RECENT,S01_DENSITY_RATIO_RECENT_K1,1,True
2025-02-18,1,3238,セントラル総合開発,0.1183377057313919,True,1.0,1.0845986984815648,S01_DENSITY_RATIO_RECENT,S01_DENSITY_RATIO_RECENT_K1,1,True
2025-02-19,1,7043,アルー,0.11200921982526779,True,1.0,2.84005979073243,S01_DENSITY_RATIO_RECENT,S01_DENSITY_RATIO_RECENT_K1,1,True
2025-02-20,1,6193,バーチャレクス・ホールディングス,0.10464920103549957,True,1.0,1.0101010101010166,S01_DENSITY_RATIO_RECENT,S01_DENSITY_RATIO_RECENT_K1,1,True
2025-02-21,1,7638,ＮＥＷ ＡＲＴ ＨＯＬＤＩＮＧＳ,0.1201506033539772,True,0.0,-1.2578616352201255,S01_DENSITY_RATIO_RECENT,S01_DENSITY_RATIO_RECENT_K1,1,True
2025-02-25,1,9244,デジタリフト,0.10748856514692307,True,0.0,-0.2645502645502673,S01_DENSITY_RATIO_RECENT,S01_DENSITY_RATIO_RECENT_K1,1,True
2025-02-26,1,3359,ｃｏｔｔａ,0.10399863123893738,True,0.0,-4.793028322440085,S01_DENSITY_RATIO_RECENT,S01_DENSITY_RATIO_RECENT_K1,1,True
2025-02-27,1,3359,ｃｏｔｔａ,0.10644445568323135,True,0.0,0.0,S01_DENSITY_RATIO_RECENT,S01_DENSITY_RATIO_RECENT_K1,1,True
2025-02-28,1,3490,アズ企画設計,0.12076122313737869,True,0.0,-0.49545829892650994,S01_DENSITY_RATIO_RECENT,S01_DENSITY_RATIO_RECENT_K1,1,True
2025-03-03,1,3490,アズ企画設計,0.1063218042254448,True,0.0,-0.4161464835622186,S01_DENSITY_RATIO_RECENT,S01_DENSITY_RATIO_RECENT_K1,1,True
2025-03-04,1,3490,アズ企画設計,0.10062708705663681,True,0.0,-0.8779264214046845,S01_DENSITY_RATIO_RECENT,S01_DENSITY_RATIO_RECENT_K1,1,True
2025-03-05,1,6312,フロイント産業,0.10919414460659027,True,0.0,-0.2645502645502673,S01_DENSITY_RATIO_RECENT,S01_DENSITY_RATIO_RECENT_K1,1,True
2025-03-06,1,3063,ジェイグループホールディングス,0.11204662919044495,True,0.0,-0.5780346820809301,S01_DENSITY_RATIO_RECENT,S01_DENSITY_RATIO_RECENT_K1,1,True
2025-03-07,1,3674,オークファン,0.10382834821939468,True,0.0,-0.5333333333333301,S01_DENSITY_RATIO_RECENT,S01_DENSITY_RATIO_RECENT_K1,1,True
2025-03-10,1,4783,ＮＣＤ,0.13140510022640228,True,0.0,-0.03844675124952124,S01_DENSITY_RATIO_RECENT,S01_DENSITY_RATIO_RECENT_K1,1,True
2025-03-11,1,7345,アイ・パートナーズフィナンシャル,0.12442426383495331,True,1.0,0.6666666666666599,S01_DENSITY_RATIO_RECENT,S01_DENSITY_RATIO_RECENT_K1,1,True
2025-03-12,1,8139,ナガホリ,0.10051242262125015,True,1.0,1.231884057971011,S01_DENSITY_RATIO_RECENT,S01_DENSITY_RATIO_RECENT_K1,1,True
2025-03-13,1,4057,インターファクトリー,0.09959033131599426,True,1.0,1.9027484143763207,S01_DENSITY_RATIO_RECENT,S01_DENSITY_RATIO_RECENT_K1,1,True
2025-03-14,1,5136,ｔｒｉｐｌａ,0.10128369182348251,True,1.0,4.413542926239411,S01_DENSITY_RATIO_RECENT,S01_DENSITY_RATIO_RECENT_K1,1,True
2025-03-17,1,2332,クエスト,0.10873754322528839,True,1.0,0.6666666666666599,S01_DENSITY_RATIO_RECENT,S01_DENSITY_RATIO_RECENT_K1,1,True
2025-03-18,1,7345,アイ・パートナーズフィナンシャル,0.13640935719013214,True,0.0,-1.7793594306049876,S01_DENSITY_RATIO_RECENT,S01_DENSITY_RATIO_RECENT_K1,1,True
2025-03-19,1,2332,クエスト,0.1270940750837326,True,1.0,0.589101620029453,S01_DENSITY_RATIO_RECENT,S01_DENSITY_RATIO_RECENT_K1,1,True
2025-03-21,1,5277,スパンクリートコーポレーション,0.13839471340179443,True,0.0,-0.22421524663677195,S01_DENSITY_RATIO_RECENT,S01_DENSITY_RATIO_RECENT_K1,1,True
2025-03-24,1,5277,スパンクリートコーポレーション,0.15362903475761414,True,1.0,0.22421524663676085,S01_DENSITY_RATIO_RECENT,S01_DENSITY_RATIO_RECENT_K1,1,True
2025-03-25,1,5277,スパンクリートコーポレーション,0.16198110580444336,True,0.0,-0.22371364653244186,S01_DENSITY_RATIO_RECENT,S01_DENSITY_RATIO_RECENT_K1,1,True
2025-03-26,1,5277,スパンクリートコーポレーション,0.15927690267562866,True,1.0,0.4474272930648837,S01_DENSITY_RATIO_RECENT,S01_DENSITY_RATIO_RECENT_K1,1,True
2025-03-27,1,5277,スパンクリートコーポレーション,0.1516294628381729,True,1.0,0.44642857142858094,S01_DENSITY_RATIO_RECENT,S01_DENSITY_RATIO_RECENT_K1,1,True
2025-03-28,1,5277,スパンクリートコーポレーション,0.1527079939842224,True,1.0,0.6696428571428603,S01_DENSITY_RATIO_RECENT,S01_DENSITY_RATIO_RECENT_K1,1,True
2025-03-31,1,3434,アルファＣｏ,0.1301463097333908,True,0.0,-2.035398230088492,S01_DENSITY_RATIO_RECENT,S01_DENSITY_RATIO_RECENT_K1,1,True
2025-04-01,1,3434,アルファＣｏ,0.1149335652589798,True,0.0,-1.4388489208633115,S01_DENSITY_RATIO_RECENT,S01_DENSITY_RATIO_RECENT_K1,1,True
2025-04-02,1,7318,セレンディップ・ホールディングス,0.12771131098270416,True,0.0,-0.9044657998869443,S01_DENSITY_RATIO_RECENT,S01_DENSITY_RATIO_RECENT_K1,1,True
2025-04-03,1,5845,全保連,0.1282520741224289,True,0.0,-0.6127450980392135,S01_DENSITY_RATIO_RECENT,S01_DENSITY_RATIO_RECENT_K1,1,True
2025-04-04,1,9685,ＫＹＣＯＭホールディングス,0.09516536444425583,True,0.0,-8.062015503875974,S01_DENSITY_RATIO_RECENT,S01_DENSITY_RATIO_RECENT_K1,1,True
2025-04-07,1,7036,イーエムネットジャパン,0.1509588062763214,True,0.0,-8.115942028985511,S01_DENSITY_RATIO_RECENT,S01_DENSITY_RATIO_RECENT_K1,1,True
2025-04-08,1,9250,ＧＲＣＳ,0.0955248549580574,True,1.0,6.661251015434599,S01_DENSITY_RATIO_RECENT,S01_DENSITY_RATIO_RECENT_K1,1,True
2025-04-09,1,7317,松屋アールアンドディ,0.0846954733133316,True,1.0,1.6274864376130127,S01_DENSITY_RATIO_RECENT,S01_DENSITY_RATIO_RECENT_K1,1,True
2025-04-10,1,9165,クオルテック,0.10257596522569656,True,0.0,-6.797706797706793,S01_DENSITY_RATIO_RECENT,S01_DENSITY_RATIO_RECENT_K1,1,True
2025-04-11,1,7043,アルー,0.10106850415468216,True,1.0,1.9461077844311392,S01_DENSITY_RATIO_RECENT,S01_DENSITY_RATIO_RECENT_K1,1,True
2025-04-14,1,7043,アルー,0.12294793128967285,True,1.0,2.2222222222222143,S01_DENSITY_RATIO_RECENT,S01_DENSITY_RATIO_RECENT_K1,1,True
2025-04-15,1,3986,ビーブレイクシステムズ,0.1509937047958374,True,1.0,0.20964360587001352,S01_DENSITY_RATIO_RECENT,S01_DENSITY_RATIO_RECENT_K1,1,True
2025-04-16,1,5277,スパンクリートコーポレーション,0.13941249251365662,True,0.0,-0.22123893805309214,S01_DENSITY_RATIO_RECENT,S01_DENSITY_RATIO_RECENT_K1,1,True
2025-04-17,1,3986,ビーブレイクシステムズ,0.1463579535484314,True,0.0,-2.0689655172413834,S01_DENSITY_RATIO_RECENT,S01_DENSITY_RATIO_RECENT_K1,1,True
2025-04-18,1,3986,ビーブレイクシステムズ,0.12669017910957336,True,1.0,1.0563380281690238,S01_DENSITY_RATIO_RECENT,S01_DENSITY_RATIO_RECENT_K1,1,True
2025-04-21,1,7043,アルー,0.11035007983446121,True,1.0,0.8746355685131268,S01_DENSITY_RATIO_RECENT,S01_DENSITY_RATIO_RECENT_K1,1,True
2025-04-22,1,7043,アルー,0.11174619197845459,True,1.0,1.3157894736842035,S01_DENSITY_RATIO_RECENT,S01_DENSITY_RATIO_RECENT_K1,1,True
2025-04-23,1,7043,アルー,0.11317702382802963,True,0.0,-0.575539568345329,S01_DENSITY_RATIO_RECENT,S01_DENSITY_RATIO_RECENT_K1,1,True
2025-04-24,1,7043,アルー,0.1305808424949646,True,1.0,0.5788712011577379,S01_DENSITY_RATIO_RECENT,S01_DENSITY_RATIO_RECENT_K1,1,True
2025-04-25,1,7043,アルー,0.1184624657034874,True,1.0,0.1436781609195359,S01_DENSITY_RATIO_RECENT,S01_DENSITY_RATIO_RECENT_K1,1,True
2025-04-28,1,6734,ニューテック,0.10602123290300369,True,0.0,-0.37783375314861534,S01_DENSITY_RATIO_RECENT,S01_DENSITY_RATIO_RECENT_K1,1,True
2025-04-30,1,7043,アルー,0.12168997526168823,True,1.0,0.14409221902016434,S01_DENSITY_RATIO_RECENT,S01_DENSITY_RATIO_RECENT_K1,1,True
2025-05-01,1,7043,アルー,0.12302693724632263,True,1.0,0.2877697841726645,S01_DENSITY_RATIO_RECENT,S01_DENSITY_RATIO_RECENT_K1,1,True
2025-05-02,1,4394,エクスモーション,0.11215005815029144,True,1.0,1.7857142857142794,S01_DENSITY_RATIO_RECENT,S01_DENSITY_RATIO_RECENT_K1,1,True
2025-05-07,1,7043,アルー,0.1289932131767273,True,1.0,1.5827338129496438,S01_DENSITY_RATIO_RECENT,S01_DENSITY_RATIO_RECENT_K1,1,True
2025-05-08,1,2908,フジッコ,0.12033944576978683,True,1.0,0.6815365551424923,S01_DENSITY_RATIO_RECENT,S01_DENSITY_RATIO_RECENT_K1,1,True
2025-05-09,1,6492,岡野バルブ製造,0.12640178203582764,True,1.0,3.750000000000009,S01_DENSITY_RATIO_RECENT,S01_DENSITY_RATIO_RECENT_K1,1,True
2025-05-12,1,7345,アイ・パートナーズフィナンシャル,0.14025813341140747,True,1.0,1.6042780748663166,S01_DENSITY_RATIO_RECENT,S01_DENSITY_RATIO_RECENT_K1,1,True
2025-05-13,1,2282,日本ハム,0.1346750259399414,True,0.0,-0.43330821401658115,S01_DENSITY_RATIO_RECENT,S01_DENSITY_RATIO_RECENT_K1,1,True
2025-05-14,1,7345,アイ・パートナーズフィナンシャル,0.1504337042570114,True,1.0,3.392857142857153,S01_DENSITY_RATIO_RECENT,S01_DENSITY_RATIO_RECENT_K1,1,True
2025-05-15,1,4069,ＢｌｕｅＭｅｍｅ,0.1321442574262619,True,1.0,2.57548845470692,S01_DENSITY_RATIO_RECENT,S01_DENSITY_RATIO_RECENT_K1,1,True
2025-05-16,1,7345,アイ・パートナーズフィナンシャル,0.1406736671924591,True,1.0,0.8928571428571397,S01_DENSITY_RATIO_RECENT,S01_DENSITY_RATIO_RECENT_K1,1,True
2025-05-19,1,6034,ＭＲＴ,0.12737299501895905,True,0.0,-1.3274336283185861,S01_DENSITY_RATIO_RECENT,S01_DENSITY_RATIO_RECENT_K1,1,True
2025-05-20,1,7345,アイ・パートナーズフィナンシャル,0.12416146695613861,True,1.0,0.727272727272732,S01_DENSITY_RATIO_RECENT,S01_DENSITY_RATIO_RECENT_K1,1,True
2025-05-21,1,6346,キクカワエンタープライズ,0.11064963787794113,True,1.0,0.8944543828264706,S01_DENSITY_RATIO_RECENT,S01_DENSITY_RATIO_RECENT_K1,1,True
2025-05-22,1,6670,ＭＣＪ,0.1131480410695076,True,0.0,-0.5426356589147252,S01_DENSITY_RATIO_RECENT,S01_DENSITY_RATIO_RECENT_K1,1,True
2025-05-23,1,7345,アイ・パートナーズフィナンシャル,0.11945591121912003,True,1.0,1.4842300556586308,S01_DENSITY_RATIO_RECENT,S01_DENSITY_RATIO_RECENT_K1,1,True
2025-05-26,1,7345,アイ・パートナーズフィナンシャル,0.13122382760047913,True,1.0,0.3656307129798808,S01_DENSITY_RATIO_RECENT,S01_DENSITY_RATIO_RECENT_K1,1,True
2025-05-27,1,7345,アイ・パートナーズフィナンシャル,0.11809487640857697,True,1.0,5.185185185185182,S01_DENSITY_RATIO_RECENT,S01_DENSITY_RATIO_RECENT_K1,1,True
2025-05-28,1,5945,天龍製鋸,0.12698233127593994,True,1.0,0.37776578521315773,S01_DENSITY_RATIO_RECENT,S01_DENSITY_RATIO_RECENT_K1,1,True
2025-05-29,1,7345,アイ・パートナーズフィナンシャル,0.1533878743648529,True,1.0,1.4814814814814836,S01_DENSITY_RATIO_RECENT,S01_DENSITY_RATIO_RECENT_K1,1,True
2025-05-30,1,5945,天龍製鋸,0.13094915449619293,True,1.0,0.2702702702702675,S01_DENSITY_RATIO_RECENT,S01_DENSITY_RATIO_RECENT_K1,1,True
2025-06-02,1,5945,天龍製鋸,0.12157163769006729,True,0.0,-0.48179871520342976,S01_DENSITY_RATIO_RECENT,S01_DENSITY_RATIO_RECENT_K1,1,True
2025-06-03,1,3271,ＴＨＥグローバル社,0.11253108084201813,True,0.0,-0.6295907660020972,S01_DENSITY_RATIO_RECENT,S01_DENSITY_RATIO_RECENT_K1,1,True
2025-06-04,1,6346,キクカワエンタープライズ,0.11372885853052139,True,1.0,1.0869565217391353,S01_DENSITY_RATIO_RECENT,S01_DENSITY_RATIO_RECENT_K1,1,True
2025-06-05,1,6346,キクカワエンタープライズ,0.10854370892047882,True,,,S01_DENSITY_RATIO_RECENT,S01_DENSITY_RATIO_RECENT_K1,1,False
2025-06-06,1,3948,光ビジネスフォーム,0.11899841576814651,True,1.0,1.6999999999999904,S01_DENSITY_RATIO_RECENT,S01_DENSITY_RATIO_RECENT_K1,1,True
2025-06-09,1,3271,ＴＨＥグローバル社,0.10215730965137482,True,0.0,0.0,S01_DENSITY_RATIO_RECENT,S01_DENSITY_RATIO_RECENT_K1,1,True
2025-06-10,1,9142,九州旅客鉄道,0.09557458758354187,True,0.0,-0.42440318302386926,S01_DENSITY_RATIO_RECENT,S01_DENSITY_RATIO_RECENT_K1,1,True
2025-06-11,1,175A,Ｗｉｌｌ Ｓｍａｒｔ,0.1049497202038765,True,1.0,2.1437578814627933,S01_DENSITY_RATIO_RECENT,S01_DENSITY_RATIO_RECENT_K1,1,True
2025-06-12,1,7255,桜井製作所,0.10762020200490952,True,1.0,1.5706806282722585,S01_DENSITY_RATIO_RECENT,S01_DENSITY_RATIO_RECENT_K1,1,True
2025-06-13,1,1866,北野建設,0.11267215758562088,True,1.0,2.9484029484029506,S01_DENSITY_RATIO_RECENT,S01_DENSITY_RATIO_RECENT_K1,1,True
2025-06-16,1,7345,アイ・パートナーズフィナンシャル,0.13428200781345367,True,1.0,2.177858439201441,S01_DENSITY_RATIO_RECENT,S01_DENSITY_RATIO_RECENT_K1,1,True
2025-06-17,1,3843,フリービット,0.13005247712135315,True,1.0,0.3518648838845895,S01_DENSITY_RATIO_RECENT,S01_DENSITY_RATIO_RECENT_K1,1,True
2025-06-18,1,7058,共栄セキュリティーサービス,0.11194689571857452,True,1.0,3.462321792260692,S01_DENSITY_RATIO_RECENT,S01_DENSITY_RATIO_RECENT_K1,1,True
2025-06-19,1,9767,日建⼯学,0.12432155758142471,True,1.0,1.6702977487291104,S01_DENSITY_RATIO_RECENT,S01_DENSITY_RATIO_RECENT_K1,1,True
2025-06-20,1,3843,フリービット,0.10917596518993378,True,0.0,-1.480959097320167,S01_DENSITY_RATIO_RECENT,S01_DENSITY_RATIO_RECENT_K1,1,True
2025-06-23,1,6648,かわでん,0.11221152544021606,True,1.0,0.11428571428571122,S01_DENSITY_RATIO_RECENT,S01_DENSITY_RATIO_RECENT_K1,1,True
2025-06-24,1,2327,日鉄ソリューションズ,0.10708779841661453,True,0.0,-0.42918454935622075,S01_DENSITY_RATIO_RECENT,S01_DENSITY_RATIO_RECENT_K1,1,True
2025-06-25,1,4437,ｇｏｏｄｄａｙｓホールディングス,0.11825519055128098,True,0.0,-0.295857988165682,S01_DENSITY_RATIO_RECENT,S01_DENSITY_RATIO_RECENT_K1,1,True
2025-06-26,1,4437,ｇｏｏｄｄａｙｓホールディングス,0.10400034487247467,True,1.0,1.5037593984962516,S01_DENSITY_RATIO_RECENT,S01_DENSITY_RATIO_RECENT_K1,1,True
2025-06-27,1,4437,ｇｏｏｄｄａｙｓホールディングス,0.10478686541318893,True,1.0,0.14792899408284654,S01_DENSITY_RATIO_RECENT,S01_DENSITY_RATIO_RECENT_K1,1,True
2025-06-30,1,4437,ｇｏｏｄｄａｙｓホールディングス,0.12531928718090057,True,1.0,1.4925373134328401,S01_DENSITY_RATIO_RECENT,S01_DENSITY_RATIO_RECENT_K1,1,True
2025-07-01,1,4437,ｇｏｏｄｄａｙｓホールディングス,0.11646837741136551,True,0.0,-0.7299270072992692,S01_DENSITY_RATIO_RECENT,S01_DENSITY_RATIO_RECENT_K1,1,True
2025-07-02,1,7043,アルー,0.10550907999277115,True,,,S01_DENSITY_RATIO_RECENT,S01_DENSITY_RATIO_RECENT_K1,1,False
2025-07-03,1,7043,アルー,0.144819974899292,True,1.0,0.5221932114882533,S01_DENSITY_RATIO_RECENT,S01_DENSITY_RATIO_RECENT_K1,1,True
2025-07-04,1,7043,アルー,0.11868930608034134,True,1.0,0.26041666666667407,S01_DENSITY_RATIO_RECENT,S01_DENSITY_RATIO_RECENT_K1,1,True
2025-07-07,1,7043,アルー,0.11966203153133392,True,1.0,0.26041666666667407,S01_DENSITY_RATIO_RECENT,S01_DENSITY_RATIO_RECENT_K1,1,True
2025-07-08,1,7043,アルー,0.12288206815719604,True,1.0,0.39215686274509665,S01_DENSITY_RATIO_RECENT,S01_DENSITY_RATIO_RECENT_K1,1,True
2025-07-09,1,7043,アルー,0.14680062234401703,True,1.0,0.78125,S01_DENSITY_RATIO_RECENT,S01_DENSITY_RATIO_RECENT_K1,1,True
2025-07-10,1,7043,アルー,0.12488657236099243,True,1.0,0.3896103896103842,S01_DENSITY_RATIO_RECENT,S01_DENSITY_RATIO_RECENT_K1,1,True
2025-07-11,1,4437,ｇｏｏｄｄａｙｓホールディングス,0.12478990852832794,True,1.0,0.2928257686676483,S01_DENSITY_RATIO_RECENT,S01_DENSITY_RATIO_RECENT_K1,1,True
2025-07-14,1,4437,ｇｏｏｄｄａｙｓホールディングス,0.12977442145347595,True,0.0,-0.7246376811594235,S01_DENSITY_RATIO_RECENT,S01_DENSITY_RATIO_RECENT_K1,1,True
2025-07-15,1,7043,アルー,0.12960825860500336,True,0.0,0.0,S01_DENSITY_RATIO_RECENT,S01_DENSITY_RATIO_RECENT_K1,1,True
2025-07-16,1,7043,アルー,0.1159481331706047,True,1.0,0.6493506493506551,S01_DENSITY_RATIO_RECENT,S01_DENSITY_RATIO_RECENT_K1,1,True
2025-07-17,1,7043,アルー,0.11656855046749115,True,1.0,0.2600780234070177,S01_DENSITY_RATIO_RECENT,S01_DENSITY_RATIO_RECENT_K1,1,True
2025-07-18,1,7043,アルー,0.13323630392551422,True,1.0,0.1290322580645098,S01_DENSITY_RATIO_RECENT,S01_DENSITY_RATIO_RECENT_K1,1,True
2025-07-22,1,7043,アルー,0.1256793588399887,True,1.0,2.05920205920207,S01_DENSITY_RATIO_RECENT,S01_DENSITY_RATIO_RECENT_K1,1,True
2025-07-23,1,7808,シー・エス・ランバー,0.09794065356254578,True,1.0,0.4366812227074135,S01_DENSITY_RATIO_RECENT,S01_DENSITY_RATIO_RECENT_K1,1,True
2025-07-24,1,7808,シー・エス・ランバー,0.11745148152112961,True,1.0,1.655629139072845,S01_DENSITY_RATIO_RECENT,S01_DENSITY_RATIO_RECENT_K1,1,True
2025-07-25,1,7634,星医療酸器,0.1253407597541809,True,1.0,0.439560439560438,S01_DENSITY_RATIO_RECENT,S01_DENSITY_RATIO_RECENT_K1,1,True
2025-07-28,1,7634,星医療酸器,0.12587019801139832,True,0.0,0.0,S01_DENSITY_RATIO_RECENT,S01_DENSITY_RATIO_RECENT_K1,1,True
2025-07-29,1,9259,タカヨシホールディングス,0.1190415769815445,True,0.0,0.0,S01_DENSITY_RATIO_RECENT,S01_DENSITY_RATIO_RECENT_K1,1,True
2025-07-30,1,7043,アルー,0.11946985125541687,True,1.0,2.130325814536338,S01_DENSITY_RATIO_RECENT,S01_DENSITY_RATIO_RECENT_K1,1,True
2025-07-31,1,9254,ラバブルマーケティンググループ,0.11468219757080078,True,1.0,1.717967072297788,S01_DENSITY_RATIO_RECENT,S01_DENSITY_RATIO_RECENT_K1,1,True
2024-07-01,1,7043,アルー,0.1592196673154831,True,1.0,0.49999999999998934,S01_DENSITY_RATIO_RECENT,S01_DENSITY_RATIO_RECENT_K2,2,True
2024-07-01,2,7490,日新商事,0.11872444301843643,True,1.0,0.5530973451327359,S01_DENSITY_RATIO_RECENT,S01_DENSITY_RATIO_RECENT_K2,2,True
2024-07-02,1,7043,アルー,0.1570599377155304,True,0.0,-0.49813200498132204,S01_DENSITY_RATIO_RECENT,S01_DENSITY_RATIO_RECENT_K2,2,True
2024-07-02,2,4664,アール・エス・シー,0.11647471785545349,True,0.0,-0.6980802792321161,S01_DENSITY_RATIO_RECENT,S01_DENSITY_RATIO_RECENT_K2,2,True
2024-07-03,1,7043,アルー,0.14939895272254944,True,1.0,1.643489254108732,S01_DENSITY_RATIO_RECENT,S01_DENSITY_RATIO_RECENT_K2,2,True
2024-07-03,2,6151,日東⼯器,0.12923048436641693,True,0.0,-4.340497260851239,S01_DENSITY_RATIO_RECENT,S01_DENSITY_RATIO_RECENT_K2,2,True
2024-07-04,1,6151,日東⼯器,0.13373436033725739,True,0.0,-0.9683098591549255,S01_DENSITY_RATIO_RECENT,S01_DENSITY_RATIO_RECENT_K2,2,True
2024-07-04,2,7043,アルー,0.11265135556459427,True,0.0,0.0,S01_DENSITY_RATIO_RECENT,S01_DENSITY_RATIO_RECENT_K2,2,True
2024-07-05,1,7043,アルー,0.12603479623794556,True,1.0,7.800511508951402,S01_DENSITY_RATIO_RECENT,S01_DENSITY_RATIO_RECENT_K2,2,True
2024-07-05,2,6151,日東⼯器,0.11401570588350296,True,0.0,-0.8444444444444477,S01_DENSITY_RATIO_RECENT,S01_DENSITY_RATIO_RECENT_K2,2,True
2024-07-08,1,6151,日東⼯器,0.11597774922847748,True,0.0,-3.8224956063268922,S01_DENSITY_RATIO_RECENT,S01_DENSITY_RATIO_RECENT_K2,2,True
2024-07-08,2,3302,帝国繊維,0.09574230015277863,True,0.0,-3.299293008641002,S01_DENSITY_RATIO_RECENT,S01_DENSITY_RATIO_RECENT_K2,2,True
2024-07-09,1,6151,日東⼯器,0.12421806156635284,True,1.0,0.22841480127913094,S01_DENSITY_RATIO_RECENT,S01_DENSITY_RATIO_RECENT_K2,2,True
2024-07-09,2,8139,ナガホリ,0.09637514501810074,True,1.0,1.9607843137254832,S01_DENSITY_RATIO_RECENT,S01_DENSITY_RATIO_RECENT_K2,2,True
2024-07-10,1,4491,コンピューターマネージメント,0.10826340317726135,True,1.0,1.4251781472684133,S01_DENSITY_RATIO_RECENT,S01_DENSITY_RATIO_RECENT_K2,2,True
2024-07-10,2,1866,北野建設,0.09826771914958954,True,0.0,-0.4070556309362261,S01_DENSITY_RATIO_RECENT,S01_DENSITY_RATIO_RECENT_K2,2,True
2024-07-11,1,4628,エスケー化研,0.09851673990488052,True,0.0,-3.2362459546925515,S01_DENSITY_RATIO_RECENT,S01_DENSITY_RATIO_RECENT_K2,2,True
2024-07-11,2,3974,ＳＣＡＴ,0.09832609444856644,True,1.0,1.2958963282937441,S01_DENSITY_RATIO_RECENT,S01_DENSITY_RATIO_RECENT_K2,2,True
2024-07-12,1,4344,ソースネクスト,0.11011693626642227,True,1.0,9.478672985782,S01_DENSITY_RATIO_RECENT,S01_DENSITY_RATIO_RECENT_K2,2,True
2024-07-12,2,3991,ウォンテッドリー,0.10554971545934677,True,1.0,2.132352941176463,S01_DENSITY_RATIO_RECENT,S01_DENSITY_RATIO_RECENT_K2,2,True
2024-07-16,1,1866,北野建設,0.10425511002540588,True,0.0,-0.4132231404958664,S01_DENSITY_RATIO_RECENT,S01_DENSITY_RATIO_RECENT_K2,2,True
2024-07-16,2,6382,トリニティ⼯業,0.0915653184056282,True,0.0,-0.3289473684210509,S01_DENSITY_RATIO_RECENT,S01_DENSITY_RATIO_RECENT_K2,2,True
2024-07-17,1,7807,幸和製作所,0.12205680459737778,True,0.0,-2.4207011686143587,S01_DENSITY_RATIO_RECENT,S01_DENSITY_RATIO_RECENT_K2,2,True
2024-07-17,2,3892,岡山製紙,0.10823195427656174,True,1.0,0.06756756756756133,S01_DENSITY_RATIO_RECENT,S01_DENSITY_RATIO_RECENT_K2,2,True
2024-07-18,1,1980,ダイダン,0.09969679266214371,True,0.0,-0.13440860215053752,S01_DENSITY_RATIO_RECENT,S01_DENSITY_RATIO_RECENT_K2,2,True
2024-07-18,2,4307,野村総合研究所,0.09479467570781708,True,1.0,0.8333333333333304,S01_DENSITY_RATIO_RECENT,S01_DENSITY_RATIO_RECENT_K2,2,True
2024-07-19,1,7590,タカショー,0.1044626459479332,True,1.0,0.18552875695732052,S01_DENSITY_RATIO_RECENT,S01_DENSITY_RATIO_RECENT_K2,2,True
2024-07-19,2,8233,高島屋,0.09542574733495712,True,1.0,1.7421602787456525,S01_DENSITY_RATIO_RECENT,S01_DENSITY_RATIO_RECENT_K2,2,True
2024-07-22,1,7043,アルー,0.12111549824476242,True,1.0,4.422604422604426,S01_DENSITY_RATIO_RECENT,S01_DENSITY_RATIO_RECENT_K2,2,True
2024-07-22,2,4362,日本精化,0.09749440103769302,True,0.0,-2.630643441166014,S01_DENSITY_RATIO_RECENT,S01_DENSITY_RATIO_RECENT_K2,2,True
2024-07-23,1,6048,デザインワン・ジャパン,0.11632269620895386,True,0.0,-2.0689655172413834,S01_DENSITY_RATIO_RECENT,S01_DENSITY_RATIO_RECENT_K2,2,True
2024-07-23,2,4362,日本精化,0.10512824356555939,True,0.0,-1.7090909090909046,S01_DENSITY_RATIO_RECENT,S01_DENSITY_RATIO_RECENT_K2,2,True
2024-07-24,1,9246,プロジェクトホールディングス,0.11618197709321976,True,0.0,-0.07347538574578039,S01_DENSITY_RATIO_RECENT,S01_DENSITY_RATIO_RECENT_K2,2,True
2024-07-24,2,6762,ＴＤＫ,0.09638812392950058,True,0.0,-0.14691478942213676,S01_DENSITY_RATIO_RECENT,S01_DENSITY_RATIO_RECENT_K2,2,True
2024-07-25,1,9221,フルハシＥＰＯ,0.10530859231948853,True,1.0,0.6829268292682933,S01_DENSITY_RATIO_RECENT,S01_DENSITY_RATIO_RECENT_K2,2,True
2024-07-25,2,9246,プロジェクトホールディングス,0.10377828031778336,True,1.0,3.308823529411775,S01_DENSITY_RATIO_RECENT,S01_DENSITY_RATIO_RECENT_K2,2,True
2024-07-26,1,5247,ＢＴＭ,0.09617431461811066,True,0.0,-1.8927444794952675,S01_DENSITY_RATIO_RECENT,S01_DENSITY_RATIO_RECENT_K2,2,True
2024-07-26,2,6103,オークマ,0.0954318419098854,True,0.0,-0.43055555555555625,S01_DENSITY_RATIO_RECENT,S01_DENSITY_RATIO_RECENT_K2,2,True
2024-07-29,1,5247,ＢＴＭ,0.10352367162704468,True,1.0,3.5409836065573685,S01_DENSITY_RATIO_RECENT,S01_DENSITY_RATIO_RECENT_K2,2,True
2024-07-29,2,8609,岡三証券グループ,0.09796247631311417,True,1.0,3.5190615835777095,S01_DENSITY_RATIO_RECENT,S01_DENSITY_RATIO_RECENT_K2,2,True
2024-07-30,1,7043,アルー,0.11129090934991837,True,1.0,2.4242424242424176,S01_DENSITY_RATIO_RECENT,S01_DENSITY_RATIO_RECENT_K2,2,True
2024-07-30,2,4395,アクリート,0.09567275643348694,True,1.0,0.6125574272588086,S01_DENSITY_RATIO_RECENT,S01_DENSITY_RATIO_RECENT_K2,2,True
2024-07-31,1,3934,ベネフィットジャパン,0.0985725000500679,True,0.0,-1.4705882352941124,S01_DENSITY_RATIO_RECENT,S01_DENSITY_RATIO_RECENT_K2,2,True
2024-07-31,2,2222,寿スピリッツ,0.09830287098884583,True,1.0,1.180792442928369,S01_DENSITY_RATIO_RECENT,S01_DENSITY_RATIO_RECENT_K2,2,True
2024-08-01,1,8139,ナガホリ,0.114412322640419,True,1.0,2.3668639053254337,S01_DENSITY_RATIO_RECENT,S01_DENSITY_RATIO_RECENT_K2,2,True
2024-08-01,2,4496,コマースＯｎｅホールディングス,0.10062508285045624,True,1.0,1.4084507042253502,S01_DENSITY_RATIO_RECENT,S01_DENSITY_RATIO_RECENT_K2,2,True
2024-08-02,1,4549,栄研化学,0.11258768290281296,True,0.0,-2.6889197960129785,S01_DENSITY_RATIO_RECENT,S01_DENSITY_RATIO_RECENT_K2,2,True
2024-08-02,2,3673,ブロードリーフ,0.11093955487012863,True,0.0,-3.0411449016100156,S01_DENSITY_RATIO_RECENT,S01_DENSITY_RATIO_RECENT_K2,2,True
2024-08-05,1,1764,⼯藤建設,0.11224721372127533,True,0.0,-6.146025878003691,S01_DENSITY_RATIO_RECENT,S01_DENSITY_RATIO_RECENT_K2,2,True
2024-08-05,2,2222,寿スピリッツ,0.10757827013731003,True,0.0,-10.637636080870916,S01_DENSITY_RATIO_RECENT,S01_DENSITY_RATIO_RECENT_K2,2,True
2024-08-06,1,9162,ブリーチ,0.108436219394207,True,0.0,0.0,S01_DENSITY_RATIO_RECENT,S01_DENSITY_RATIO_RECENT_K2,2,True
2024-08-06,2,9028,ゼロ,0.09851940721273422,True,1.0,3.2346868547832086,S01_DENSITY_RATIO_RECENT,S01_DENSITY_RATIO_RECENT_K2,2,True
2024-08-07,1,4814,ネクストウェア,0.07332869619131088,True,1.0,4.8387096774193505,S01_DENSITY_RATIO_RECENT,S01_DENSITY_RATIO_RECENT_K2,2,True
2024-08-07,2,7043,アルー,0.04647450894117355,True,1.0,2.836004932182501,S01_DENSITY_RATIO_RECENT,S01_DENSITY_RATIO_RECENT_K2,2,True
2024-08-08,1,7043,アルー,0.0421629473567009,True,1.0,0.3597122302158251,S01_DENSITY_RATIO_RECENT,S01_DENSITY_RATIO_RECENT_K2,2,True
2024-08-08,2,1997,暁飯島⼯業,0.03070395067334175,True,1.0,3.0056355666875367,S01_DENSITY_RATIO_RECENT,S01_DENSITY_RATIO_RECENT_K2,2,True
2024-08-09,1,7043,アルー,0.06071111932396889,True,0.0,0.0,S01_DENSITY_RATIO_RECENT,S01_DENSITY_RATIO_RECENT_K2,2,True
2024-08-09,2,8139,ナガホリ,0.05106782168149948,True,0.0,-3.1884057971014457,S01_DENSITY_RATIO_RECENT,S01_DENSITY_RATIO_RECENT_K2,2,True
2024-08-13,1,7043,アルー,0.08765028417110443,True,0.0,-1.8495684340320562,S01_DENSITY_RATIO_RECENT,S01_DENSITY_RATIO_RECENT_K2,2,True
2024-08-13,2,8139,ナガホリ,0.08763497322797775,True,1.0,0.5098324836125379,S01_DENSITY_RATIO_RECENT,S01_DENSITY_RATIO_RECENT_K2,2,True
2024-08-14,1,7043,アルー,0.13120685517787933,True,1.0,3.409090909090917,S01_DENSITY_RATIO_RECENT,S01_DENSITY_RATIO_RECENT_K2,2,True
2024-08-14,2,8139,ナガホリ,0.11036057770252228,True,0.0,0.0,S01_DENSITY_RATIO_RECENT,S01_DENSITY_RATIO_RECENT_K2,2,True
2024-08-15,1,8139,ナガホリ,0.11155460774898529,True,0.0,-1.1594202898550732,S01_DENSITY_RATIO_RECENT,S01_DENSITY_RATIO_RECENT_K2,2,True
2024-08-15,2,2372,アイロムグループ,0.0924888476729393,True,0.0,-0.18018018018017834,S01_DENSITY_RATIO_RECENT,S01_DENSITY_RATIO_RECENT_K2,2,True
2024-08-16,1,7043,アルー,0.11483469605445862,True,0.0,-0.4987531172069848,S01_DENSITY_RATIO_RECENT,S01_DENSITY_RATIO_RECENT_K2,2,True
2024-08-16,2,8139,ナガホリ,0.1142013743519783,True,1.0,0.8046817849304944,S01_DENSITY_RATIO_RECENT,S01_DENSITY_RATIO_RECENT_K2,2,True
2024-08-19,1,8139,ナガホリ,0.10095378011465073,True,1.0,1.7492711370262315,S01_DENSITY_RATIO_RECENT,S01_DENSITY_RATIO_RECENT_K2,2,True
2024-08-19,2,2372,アイロムグループ,0.0924871638417244,True,0.0,-0.07220216606498298,S01_DENSITY_RATIO_RECENT,S01_DENSITY_RATIO_RECENT_K2,2,True
2024-08-20,1,3804,システム ディ,0.09592646360397339,True,,,S01_DENSITY_RATIO_RECENT,S01_DENSITY_RATIO_RECENT_K2,2,False
2024-08-20,2,2372,アイロムグループ,0.08801057934761047,True,1.0,0.03611412062116681,S01_DENSITY_RATIO_RECENT,S01_DENSITY_RATIO_RECENT_K2,2,True
2024-08-21,1,3804,システム ディ,0.1059277132153511,True,0.0,-0.06925207756233176,S01_DENSITY_RATIO_RECENT,S01_DENSITY_RATIO_RECENT_K2,2,True
2024-08-21,2,8139,ナガホリ,0.0893501415848732,True,1.0,0.28571428571428914,S01_DENSITY_RATIO_RECENT,S01_DENSITY_RATIO_RECENT_K2,2,True
2024-08-22,1,7043,アルー,0.08542186766862869,True,0.0,-0.37783375314861534,S01_DENSITY_RATIO_RECENT,S01_DENSITY_RATIO_RECENT_K2,2,True
2024-08-22,2,2372,アイロムグループ,0.08158597350120544,True,1.0,0.21652832912306685,S01_DENSITY_RATIO_RECENT,S01_DENSITY_RATIO_RECENT_K2,2,True
2024-08-23,1,7043,アルー,0.07981976121664047,True,0.0,-1.4981273408239737,S01_DENSITY_RATIO_RECENT,S01_DENSITY_RATIO_RECENT_K2,2,True
2024-08-23,2,2372,アイロムグループ,0.07865836471319199,True,0.0,-0.1800504141159509,S01_DENSITY_RATIO_RECENT,S01_DENSITY_RATIO_RECENT_K2,2,True
2024-08-26,1,3738,ティーガイア,0.08891463279724121,True,0.0,-1.331557922769644,S01_DENSITY_RATIO_RECENT,S01_DENSITY_RATIO_RECENT_K2,2,True
2024-08-26,2,4686,ジャストシステム,0.07906016707420349,True,1.0,6.885758998435065,S01_DENSITY_RATIO_RECENT,S01_DENSITY_RATIO_RECENT_K2,2,True
2024-08-27,1,3738,ティーガイア,0.09250975400209427,True,1.0,1.206434316353877,S01_DENSITY_RATIO_RECENT,S01_DENSITY_RATIO_RECENT_K2,2,True
2024-08-27,2,8139,ナガホリ,0.0767010748386383,True,0.0,-0.1423487544483959,S01_DENSITY_RATIO_RECENT,S01_DENSITY_RATIO_RECENT_K2,2,True
2024-08-28,1,9914,植松商会,0.10637959837913513,True,,,S01_DENSITY_RATIO_RECENT,S01_DENSITY_RATIO_RECENT_K2,2,False
2024-08-28,2,7514,ヒマラヤ,0.07194986194372177,True,1.0,0.21857923497268228,S01_DENSITY_RATIO_RECENT,S01_DENSITY_RATIO_RECENT_K2,2,True
2024-08-29,1,2736,フェスタリアホールディングス,0.10930237174034119,True,0.0,-0.7027406886858767,S01_DENSITY_RATIO_RECENT,S01_DENSITY_RATIO_RECENT_K2,2,True
2024-08-29,2,9914,植松商会,0.10513676702976227,True,1.0,0.28571428571428914,S01_DENSITY_RATIO_RECENT,S01_DENSITY_RATIO_RECENT_K2,2,True
2024-08-30,1,3738,ティーガイア,0.09838460385799408,True,0.0,-0.6784260515603768,S01_DENSITY_RATIO_RECENT,S01_DENSITY_RATIO_RECENT_K2,2,True
2024-08-30,2,5273,三⾕セキサン,0.08383747935295105,True,1.0,1.1131725417439675,S01_DENSITY_RATIO_RECENT,S01_DENSITY_RATIO_RECENT_K2,2,True
2024-09-02,1,4445,リビン・テクノロジーズ,0.11665837466716766,True,0.0,-0.43266630611140666,S01_DENSITY_RATIO_RECENT,S01_DENSITY_RATIO_RECENT_K2,2,True
2024-09-02,2,7938,リーガルコーポレーション,0.10836020112037659,True,0.0,-0.11600928074245731,S01_DENSITY_RATIO_RECENT,S01_DENSITY_RATIO_RECENT_K2,2,True
2024-09-03,1,3768,リスクモンスター,0.11569923162460327,True,0.0,0.0,S01_DENSITY_RATIO_RECENT,S01_DENSITY_RATIO_RECENT_K2,2,True
2024-09-03,2,8167,リテールパートナーズ,0.11348701268434525,True,1.0,0.7896625987078298,S01_DENSITY_RATIO_RECENT,S01_DENSITY_RATIO_RECENT_K2,2,True
2024-09-04,1,8167,リテールパートナーズ,0.12372550368309021,True,0.0,-0.07215007215006786,S01_DENSITY_RATIO_RECENT,S01_DENSITY_RATIO_RECENT_K2,2,True
2024-09-04,2,2594,キーコーヒー,0.12012060731649399,True,0.0,-0.3370245546461259,S01_DENSITY_RATIO_RECENT,S01_DENSITY_RATIO_RECENT_K2,2,True
2024-09-05,1,8200,リンガーハット,0.10738814622163773,True,0.0,-2.117863720073665,S01_DENSITY_RATIO_RECENT,S01_DENSITY_RATIO_RECENT_K2,2,True
2024-09-05,2,3768,リスクモンスター,0.10683438926935196,True,1.0,1.1627906976744207,S01_DENSITY_RATIO_RECENT,S01_DENSITY_RATIO_RECENT_K2,2,True
2024-09-06,1,7733,オリンパス,0.112185999751091,True,0.0,-0.6090373280942973,S01_DENSITY_RATIO_RECENT,S01_DENSITY_RATIO_RECENT_K2,2,True
2024-09-06,2,6723,ルネサスエレクトロニクス,0.11109049618244171,True,0.0,-2.1107580571947393,S01_DENSITY_RATIO_RECENT,S01_DENSITY_RATIO_RECENT_K2,2,True
2024-09-09,1,3961,シルバーエッグ・テクノロジー,0.10160524398088455,True,0.0,0.0,S01_DENSITY_RATIO_RECENT,S01_DENSITY_RATIO_RECENT_K2,2,True
2024-09-09,2,3768,リスクモンスター,0.10133863240480423,True,0.0,-0.23148148148147696,S01_DENSITY_RATIO_RECENT,S01_DENSITY_RATIO_RECENT_K2,2,True
2024-09-10,1,6724,セイコーエプソン,0.10373278707265854,True,0.0,-0.5951238241505119,S01_DENSITY_RATIO_RECENT,S01_DENSITY_RATIO_RECENT_K2,2,True
2024-09-10,2,8591,オリックス,0.09737154841423035,True,1.0,0.2044989775051187,S01_DENSITY_RATIO_RECENT,S01_DENSITY_RATIO_RECENT_K2,2,True
2024-09-11,1,8630,ＳＯＭＰＯホールディングス,0.11495567113161087,True,0.0,-0.8958912573370448,S01_DENSITY_RATIO_RECENT,S01_DENSITY_RATIO_RECENT_K2,2,True
2024-09-11,2,8591,オリックス,0.11076206713914871,True,0.0,-1.4117647058823568,S01_DENSITY_RATIO_RECENT,S01_DENSITY_RATIO_RECENT_K2,2,True
2024-09-12,1,8591,オリックス,0.10565001517534256,True,1.0,0.028985507246370723,S01_DENSITY_RATIO_RECENT,S01_DENSITY_RATIO_RECENT_K2,2,True
2024-09-12,2,7069,サイバー・バズ,0.10512629896402359,True,0.0,-2.512998266897748,S01_DENSITY_RATIO_RECENT,S01_DENSITY_RATIO_RECENT_K2,2,True
2024-09-13,1,6190,フェニックスバイオ,0.1042734682559967,True,0.0,-1.95227765726681,S01_DENSITY_RATIO_RECENT,S01_DENSITY_RATIO_RECENT_K2,2,True
2024-09-13,2,3288,オープンハウスグループ,0.09696217626333237,True,0.0,-0.7641921397379958,S01_DENSITY_RATIO_RECENT,S01_DENSITY_RATIO_RECENT_K2,2,True
2024-09-17,1,4503,アステラス製薬,0.11101441830396652,True,0.0,-1.6880093131548257,S01_DENSITY_RATIO_RECENT,S01_DENSITY_RATIO_RECENT_K2,2,True
2024-09-17,2,4507,塩野義製薬,0.11099058389663696,True,1.0,0.09450307134981628,S01_DENSITY_RATIO_RECENT,S01_DENSITY_RATIO_RECENT_K2,2,True
2024-09-18,1,4507,塩野義製薬,0.11641031503677368,True,0.0,-1.2378564713256046,S01_DENSITY_RATIO_RECENT,S01_DENSITY_RATIO_RECENT_K2,2,True
2024-09-18,2,4503,アステラス製薬,0.10816679149866104,True,1.0,0.7959905660377409,S01_DENSITY_RATIO_RECENT,S01_DENSITY_RATIO_RECENT_K2,2,True
2024-09-19,1,3107,ダイワボウホールディングス,0.11213349550962448,True,1.0,0.07385524372229835,S01_DENSITY_RATIO_RECENT,S01_DENSITY_RATIO_RECENT_K2,2,True
2024-09-19,2,9744,メイテックグループホールディングス,0.11125900596380234,True,1.0,0.6404391582799596,S01_DENSITY_RATIO_RECENT,S01_DENSITY_RATIO_RECENT_K2,2,True
2024-09-20,1,2594,キーコーヒー,0.1256571263074875,True,1.0,0.8866995073891548,S01_DENSITY_RATIO_RECENT,S01_DENSITY_RATIO_RECENT_K2,2,True
2024-09-20,2,5247,ＢＴＭ,0.1202811747789383,True,1.0,1.610169491525415,S01_DENSITY_RATIO_RECENT,S01_DENSITY_RATIO_RECENT_K2,2,True
2024-09-24,1,4840,トライアイズ,0.11881286650896072,True,1.0,3.205128205128216,S01_DENSITY_RATIO_RECENT,S01_DENSITY_RATIO_RECENT_K2,2,True
2024-09-24,2,2594,キーコーヒー,0.11371531337499619,True,0.0,-0.48828125,S01_DENSITY_RATIO_RECENT,S01_DENSITY_RATIO_RECENT_K2,2,True
2024-09-25,1,2372,アイロムグループ,0.13017170131206512,True,0.0,0.0,S01_DENSITY_RATIO_RECENT,S01_DENSITY_RATIO_RECENT_K2,2,True
2024-09-25,2,5247,ＢＴＭ,0.1166369691491127,True,1.0,2.7205276174773196,S01_DENSITY_RATIO_RECENT,S01_DENSITY_RATIO_RECENT_K2,2,True
2024-09-26,1,2372,アイロムグループ,0.12145394086837769,True,1.0,0.21629416005768398,S01_DENSITY_RATIO_RECENT,S01_DENSITY_RATIO_RECENT_K2,2,True
2024-09-26,2,4267,ライトワークス,0.1135525107383728,True,1.0,0.20263424518742745,S01_DENSITY_RATIO_RECENT,S01_DENSITY_RATIO_RECENT_K2,2,True
2024-09-27,1,2372,アイロムグループ,0.12745824456214905,True,1.0,0.21590500179919925,S01_DENSITY_RATIO_RECENT,S01_DENSITY_RATIO_RECENT_K2,2,True
2024-09-27,2,3787,テクノマセマティカル,0.11995059251785278,True,1.0,1.6245487364620947,S01_DENSITY_RATIO_RECENT,S01_DENSITY_RATIO_RECENT_K2,2,True
2024-09-30,1,3787,テクノマセマティカル,0.12185841798782349,True,0.0,0.0,S01_DENSITY_RATIO_RECENT,S01_DENSITY_RATIO_RECENT_K2,2,True
2024-09-30,2,2372,アイロムグループ,0.12108560651540756,True,0.0,0.0,S01_DENSITY_RATIO_RECENT,S01_DENSITY_RATIO_RECENT_K2,2,True
2024-10-01,1,3787,テクノマセマティカル,0.11820633709430695,True,1.0,0.17152658662091813,S01_DENSITY_RATIO_RECENT,S01_DENSITY_RATIO_RECENT_K2,2,True
2024-10-01,2,2114,フジ日本,0.10869501531124115,True,0.0,-0.6673021925643452,S01_DENSITY_RATIO_RECENT,S01_DENSITY_RATIO_RECENT_K2,2,True
2024-10-02,1,7815,東京ボード⼯業,0.12716947495937347,True,1.0,0.670016750418756,S01_DENSITY_RATIO_RECENT,S01_DENSITY_RATIO_RECENT_K2,2,True
2024-10-02,2,3804,システム ディ,0.11111420392990112,True,1.0,0.2142857142857224,S01_DENSITY_RATIO_RECENT,S01_DENSITY_RATIO_RECENT_K2,2,True
2024-10-03,1,7815,東京ボード⼯業,0.11809790879487991,True,1.0,0.9819967266775809,S01_DENSITY_RATIO_RECENT,S01_DENSITY_RATIO_RECENT_K2,2,True
2024-10-03,2,2157,コシダカホールディングス,0.11109250038862228,True,0.0,-0.8032128514056214,S01_DENSITY_RATIO_RECENT,S01_DENSITY_RATIO_RECENT_K2,2,True
2024-10-04,1,3726,フォーシーズＨＤ,0.10093614459037781,True,0.0,-0.4158004158004158,S01_DENSITY_RATIO_RECENT,S01_DENSITY_RATIO_RECENT_K2,2,True
2024-10-04,2,1925,大和ハウス⼯業,0.10069592297077179,True,0.0,-0.15250544662309684,S01_DENSITY_RATIO_RECENT,S01_DENSITY_RATIO_RECENT_K2,2,True
2024-10-07,1,1925,大和ハウス⼯業,0.09514732658863068,True,0.0,-0.1295896328293744,S01_DENSITY_RATIO_RECENT,S01_DENSITY_RATIO_RECENT_K2,2,True
2024-10-07,2,4912,ライオン,0.0905013233423233,True,0.0,-0.4737839545167377,S01_DENSITY_RATIO_RECENT,S01_DENSITY_RATIO_RECENT_K2,2,True
2024-10-08,1,4361,川口化学⼯業,0.12163903564214706,True,1.0,0.12853470437017567,S01_DENSITY_RATIO_RECENT,S01_DENSITY_RATIO_RECENT_K2,2,True
2024-10-08,2,4912,ライオン,0.11128690838813782,True,1.0,0.41706769329483695,S01_DENSITY_RATIO_RECENT,S01_DENSITY_RATIO_RECENT_K2,2,True
2024-10-09,1,8871,ゴールドクレスト,0.10351026803255081,True,1.0,0.31948881789136685,S01_DENSITY_RATIO_RECENT,S01_DENSITY_RATIO_RECENT_K2,2,True
2024-10-09,2,2229,カルビー,0.10340248793363571,True,1.0,0.9381413075344458,S01_DENSITY_RATIO_RECENT,S01_DENSITY_RATIO_RECENT_K2,2,True
2024-10-10,1,8871,ゴールドクレスト,0.11299711465835571,True,1.0,1.273885350318471,S01_DENSITY_RATIO_RECENT,S01_DENSITY_RATIO_RECENT_K2,2,True
2024-10-10,2,4361,川口化学⼯業,0.10214146226644516,True,0.0,-0.7024265644955285,S01_DENSITY_RATIO_RECENT,S01_DENSITY_RATIO_RECENT_K2,2,True
2024-10-11,1,8871,ゴールドクレスト,0.10463141649961472,True,1.0,1.572327044025168,S01_DENSITY_RATIO_RECENT,S01_DENSITY_RATIO_RECENT_K2,2,True
2024-10-11,2,8267,イオン,0.10042072087526321,True,1.0,1.8867924528301883,S01_DENSITY_RATIO_RECENT,S01_DENSITY_RATIO_RECENT_K2,2,True
2024-10-15,1,2334,イオレ,0.1033148318529129,True,0.0,-0.3039513677811523,S01_DENSITY_RATIO_RECENT,S01_DENSITY_RATIO_RECENT_K2,2,True
2024-10-15,2,7815,東京ボード⼯業,0.10270549356937408,True,1.0,1.6000000000000014,S01_DENSITY_RATIO_RECENT,S01_DENSITY_RATIO_RECENT_K2,2,True
2024-10-16,1,8871,ゴールドクレスト,0.12029440701007843,True,1.0,2.8037383177569986,S01_DENSITY_RATIO_RECENT,S01_DENSITY_RATIO_RECENT_K2,2,True
2024-10-16,2,8267,イオン,0.10175056010484695,True,1.0,1.3246823465801638,S01_DENSITY_RATIO_RECENT,S01_DENSITY_RATIO_RECENT_K2,2,True
2024-10-17,1,8267,イオン,0.09616909921169281,True,0.0,-0.8574490889603381,S01_DENSITY_RATIO_RECENT,S01_DENSITY_RATIO_RECENT_K2,2,True
2024-10-17,2,8025,ツカモトコーポレーション,0.09442725777626038,True,0.0,-2.1015761821365997,S01_DENSITY_RATIO_RECENT,S01_DENSITY_RATIO_RECENT_K2,2,True
2024-10-18,1,3490,アズ企画設計,0.10823189467191696,True,0.0,-0.08996851102114345,S01_DENSITY_RATIO_RECENT,S01_DENSITY_RATIO_RECENT_K2,2,True
2024-10-18,2,3195,ジェネレーションパス,0.10136444866657257,True,1.0,4.680851063829783,S01_DENSITY_RATIO_RECENT,S01_DENSITY_RATIO_RECENT_K2,2,True
2024-10-21,1,9064,ヤマトホールディングス,0.09714492410421371,True,1.0,0.061538461538468425,S01_DENSITY_RATIO_RECENT,S01_DENSITY_RATIO_RECENT_K2,2,True
2024-10-21,2,5449,大阪製鐵,0.09407296031713486,True,0.0,-0.45045045045044585,S01_DENSITY_RATIO_RECENT,S01_DENSITY_RATIO_RECENT_K2,2,True
2024-10-22,1,9347,日本管財ホールディングス,0.10782492160797119,True,0.0,-1.9593345656192196,S01_DENSITY_RATIO_RECENT,S01_DENSITY_RATIO_RECENT_K2,2,True
2024-10-22,2,7815,東京ボード⼯業,0.10552718490362167,True,1.0,0.3278688524590123,S01_DENSITY_RATIO_RECENT,S01_DENSITY_RATIO_RECENT_K2,2,True
2024-10-23,1,8871,ゴールドクレスト,0.1333518773317337,True,0.0,-2.7156549520766737,S01_DENSITY_RATIO_RECENT,S01_DENSITY_RATIO_RECENT_K2,2,True
2024-10-23,2,7815,東京ボード⼯業,0.12014102190732956,True,1.0,2.3255813953488413,S01_DENSITY_RATIO_RECENT,S01_DENSITY_RATIO_RECENT_K2,2,True
2024-10-24,1,8871,ゴールドクレスト,0.13797786831855774,True,1.0,0.8291873963515828,S01_DENSITY_RATIO_RECENT,S01_DENSITY_RATIO_RECENT_K2,2,True
2024-10-24,2,7369,メイホーホールディングス,0.11850518733263016,True,0.0,0.0,S01_DENSITY_RATIO_RECENT,S01_DENSITY_RATIO_RECENT_K2,2,True
2024-10-25,1,7815,東京ボード⼯業,0.13937807083129883,True,1.0,1.1513157894736947,S01_DENSITY_RATIO_RECENT,S01_DENSITY_RATIO_RECENT_K2,2,True
2024-10-25,2,8871,ゴールドクレスト,0.12672418355941772,True,1.0,0.6557377049180246,S01_DENSITY_RATIO_RECENT,S01_DENSITY_RATIO_RECENT_K2,2,True
2024-10-28,1,7379,サーキュレーション,0.13639110326766968,True,1.0,0.16286644951140072,S01_DENSITY_RATIO_RECENT,S01_DENSITY_RATIO_RECENT_K2,2,True
2024-10-28,2,8871,ゴールドクレスト,0.13375765085220337,True,0.0,-2.1035598705501646,S01_DENSITY_RATIO_RECENT,S01_DENSITY_RATIO_RECENT_K2,2,True
2024-10-29,1,7815,東京ボード⼯業,0.13025793433189392,True,1.0,1.342281879194629,S01_DENSITY_RATIO_RECENT,S01_DENSITY_RATIO_RECENT_K2,2,True
2024-10-29,2,8871,ゴールドクレスト,0.1289481222629547,True,0.0,-0.658978583196046,S01_DENSITY_RATIO_RECENT,S01_DENSITY_RATIO_RECENT_K2,2,True
2024-10-30,1,7379,サーキュレーション,0.1340874582529068,True,1.0,1.1513157894736947,S01_DENSITY_RATIO_RECENT,S01_DENSITY_RATIO_RECENT_K2,2,True
2024-10-30,2,8871,ゴールドクレスト,0.10971864312887192,True,1.0,0.2673796791443861,S01_DENSITY_RATIO_RECENT,S01_DENSITY_RATIO_RECENT_K2,2,True
2024-10-31,1,7376,ＢＣＣ,0.12952201068401337,True,0.0,0.0,S01_DENSITY_RATIO_RECENT,S01_DENSITY_RATIO_RECENT_K2,2,True
2024-10-31,2,7815,東京ボード⼯業,0.12174205482006073,True,1.0,1.1532125205930832,S01_DENSITY_RATIO_RECENT,S01_DENSITY_RATIO_RECENT_K2,2,True
2024-11-01,1,9913,日邦産業,0.10694754868745804,True,1.0,0.7228915662650603,S01_DENSITY_RATIO_RECENT,S01_DENSITY_RATIO_RECENT_K2,2,True
2024-11-01,2,2653,イオン九州,0.10509616881608963,True,1.0,0.6120367222033352,S01_DENSITY_RATIO_RECENT,S01_DENSITY_RATIO_RECENT_K2,2,True
2024-11-05,1,9913,日邦産業,0.11654586344957352,True,0.0,-0.09523809523809268,S01_DENSITY_RATIO_RECENT,S01_DENSITY_RATIO_RECENT_K2,2,True
2024-11-05,2,3537,昭栄薬品,0.10756901651620865,True,0.0,-0.4511278195488688,S01_DENSITY_RATIO_RECENT,S01_DENSITY_RATIO_RECENT_K2,2,True
2024-11-06,1,4840,トライアイズ,0.10654366761445999,True,0.0,-1.0101010101010055,S01_DENSITY_RATIO_RECENT,S01_DENSITY_RATIO_RECENT_K2,2,True
2024-11-06,2,4968,荒川化学⼯業,0.10528845340013504,True,1.0,0.16835016835017313,S01_DENSITY_RATIO_RECENT,S01_DENSITY_RATIO_RECENT_K2,2,True
2024-11-07,1,4394,エクスモーション,0.08850426226854324,True,0.0,-1.1842105263157876,S01_DENSITY_RATIO_RECENT,S01_DENSITY_RATIO_RECENT_K2,2,True
2024-11-07,2,9244,デジタリフト,0.08813294023275375,True,,,S01_DENSITY_RATIO_RECENT,S01_DENSITY_RATIO_RECENT_K2,2,False
2024-11-08,1,4091,日本酸素ホールディングス,0.10400208085775375,True,0.0,-0.9712750568299233,S01_DENSITY_RATIO_RECENT,S01_DENSITY_RATIO_RECENT_K2,2,True
2024-11-08,2,9020,東日本旅客鉄道,0.09688286483287811,True,0.0,-0.29910269192422456,S01_DENSITY_RATIO_RECENT,S01_DENSITY_RATIO_RECENT_K2,2,True
2024-11-11,1,2806,ユタカフーズ,0.10361664742231369,True,0.0,-0.19175455417066445,S01_DENSITY_RATIO_RECENT,S01_DENSITY_RATIO_RECENT_K2,2,True
2024-11-11,2,6810,マクセル,0.10033777356147766,True,0.0,-1.0614525139664766,S01_DENSITY_RATIO_RECENT,S01_DENSITY_RATIO_RECENT_K2,2,True
2024-11-12,1,5587,インバウンドプラットフォーム,0.11048408597707748,True,1.0,1.3254786450662692,S01_DENSITY_RATIO_RECENT,S01_DENSITY_RATIO_RECENT_K2,2,True
2024-11-12,2,4047,関東電化⼯業,0.09797529131174088,True,1.0,1.7486338797814138,S01_DENSITY_RATIO_RECENT,S01_DENSITY_RATIO_RECENT_K2,2,True
2024-11-13,1,4452,花王,0.09427697956562042,True,0.0,-0.18894662257912254,S01_DENSITY_RATIO_RECENT,S01_DENSITY_RATIO_RECENT_K2,2,True
2024-11-13,2,4267,ライトワークス,0.0906098335981369,True,1.0,0.8806262230919737,S01_DENSITY_RATIO_RECENT,S01_DENSITY_RATIO_RECENT_K2,2,True
2024-11-14,1,4346,ＮＥＸＹＺ．Ｇｒｏｕｐ,0.09469589591026306,True,0.0,-2.1136063408190187,S01_DENSITY_RATIO_RECENT,S01_DENSITY_RATIO_RECENT_K2,2,True
2024-11-14,2,7284,盟和産業,0.0938773900270462,True,0.0,-0.5897219882055604,S01_DENSITY_RATIO_RECENT,S01_DENSITY_RATIO_RECENT_K2,2,True
2024-11-15,1,7837,アールシーコア,0.10887736082077026,True,0.0,-2.0000000000000018,S01_DENSITY_RATIO_RECENT,S01_DENSITY_RATIO_RECENT_K2,2,True
2024-11-15,2,3397,トリドールホールディングス,0.09855867177248001,True,0.0,-1.2021246854906353,S01_DENSITY_RATIO_RECENT,S01_DENSITY_RATIO_RECENT_K2,2,True
2024-11-18,1,4346,ＮＥＸＹＺ．Ｇｒｏｕｐ,0.12131695449352264,True,1.0,1.4598540145985384,S01_DENSITY_RATIO_RECENT,S01_DENSITY_RATIO_RECENT_K2,2,True
2024-11-18,2,4387,ＺＵＵ,0.11893114447593689,True,0.0,-0.2902757619738794,S01_DENSITY_RATIO_RECENT,S01_DENSITY_RATIO_RECENT_K2,2,True
2024-11-19,1,6656,インスペック,0.09223577380180359,True,0.0,-1.883830455259028,S01_DENSITY_RATIO_RECENT,S01_DENSITY_RATIO_RECENT_K2,2,True
2024-11-19,2,7815,東京ボード⼯業,0.08849673718214035,True,1.0,1.4999999999999902,S01_DENSITY_RATIO_RECENT,S01_DENSITY_RATIO_RECENT_K2,2,True
2024-11-20,1,3788,ＧＭＯグローバルサイン・ホールディングス,0.09192162752151489,True,0.0,-2.484241750092697,S01_DENSITY_RATIO_RECENT,S01_DENSITY_RATIO_RECENT_K2,2,True
2024-11-20,2,4398,ブロードバンドセキュリティ,0.09005986154079437,True,0.0,-1.8132975151108122,S01_DENSITY_RATIO_RECENT,S01_DENSITY_RATIO_RECENT_K2,2,True
2024-11-21,1,8938,グローム・ホールディングス,0.13053631782531738,True,1.0,1.7287234042553168,S01_DENSITY_RATIO_RECENT,S01_DENSITY_RATIO_RECENT_K2,2,True
2024-11-21,2,7718,スター精密,0.1002349928021431,True,1.0,0.3775620280474623,S01_DENSITY_RATIO_RECENT,S01_DENSITY_RATIO_RECENT_K2,2,True
2024-11-22,1,8938,グローム・ホールディングス,0.12014699727296829,True,1.0,1.182654402102501,S01_DENSITY_RATIO_RECENT,S01_DENSITY_RATIO_RECENT_K2,2,True
2024-11-22,2,4267,ライトワークス,0.0999668762087822,True,1.0,1.6650342801175277,S01_DENSITY_RATIO_RECENT,S01_DENSITY_RATIO_RECENT_K2,2,True
2024-11-25,1,8938,グローム・ホールディングス,0.11459387838840485,True,0.0,-0.2597402597402598,S01_DENSITY_RATIO_RECENT,S01_DENSITY_RATIO_RECENT_K2,2,True
2024-11-25,2,6193,バーチャレクス・ホールディングス,0.10304374992847443,True,0.0,-0.40322580645161255,S01_DENSITY_RATIO_RECENT,S01_DENSITY_RATIO_RECENT_K2,2,True
2024-11-26,1,4267,ライトワークス,0.13955505192279816,True,1.0,0.9708737864077666,S01_DENSITY_RATIO_RECENT,S01_DENSITY_RATIO_RECENT_K2,2,True
2024-11-26,2,4073,ジィ・シィ企画,0.11757081747055054,True,1.0,0.1697792869269854,S01_DENSITY_RATIO_RECENT,S01_DENSITY_RATIO_RECENT_K2,2,True
2024-11-27,1,4267,ライトワークス,0.10716617852449417,True,1.0,1.1650485436893288,S01_DENSITY_RATIO_RECENT,S01_DENSITY_RATIO_RECENT_K2,2,True
2024-11-27,2,4073,ジィ・シィ企画,0.09439239650964737,True,1.0,1.724137931034475,S01_DENSITY_RATIO_RECENT,S01_DENSITY_RATIO_RECENT_K2,2,True
2024-11-28,1,4073,ジィ・シィ企画,0.09192989021539688,True,1.0,0.688468158347666,S01_DENSITY_RATIO_RECENT,S01_DENSITY_RATIO_RECENT_K2,2,True
2024-11-28,2,4267,ライトワークス,0.08981616795063019,True,1.0,1.4548981571290032,S01_DENSITY_RATIO_RECENT,S01_DENSITY_RATIO_RECENT_K2,2,True
2024-11-29,1,4073,ジィ・シィ企画,0.1008976399898529,True,1.0,1.1925042589437718,S01_DENSITY_RATIO_RECENT,S01_DENSITY_RATIO_RECENT_K2,2,True
2024-11-29,2,4424,Ａｍａｚｉａ,0.10005628317594528,True,0.0,-0.8695652173912993,S01_DENSITY_RATIO_RECENT,S01_DENSITY_RATIO_RECENT_K2,2,True
2024-12-02,1,4267,ライトワークス,0.10209260135889053,True,1.0,3.9024390243902474,S01_DENSITY_RATIO_RECENT,S01_DENSITY_RATIO_RECENT_K2,2,True
2024-12-02,2,4465,ニイタカ,0.09638255834579468,True,1.0,0.6511123168746691,S01_DENSITY_RATIO_RECENT,S01_DENSITY_RATIO_RECENT_K2,2,True
2024-12-03,1,4465,ニイタカ,0.1033230572938919,True,1.0,0.8086253369272267,S01_DENSITY_RATIO_RECENT,S01_DENSITY_RATIO_RECENT_K2,2,True
2024-12-03,2,4047,関東電化⼯業,0.10048608481884003,True,1.0,4.3558850787766445,S01_DENSITY_RATIO_RECENT,S01_DENSITY_RATIO_RECENT_K2,2,True
2024-12-04,1,4465,ニイタカ,0.1104508489370346,True,0.0,-0.2134471718249764,S01_DENSITY_RATIO_RECENT,S01_DENSITY_RATIO_RECENT_K2,2,True
2024-12-04,2,9362,兵機海運,0.10589570552110672,True,0.0,-3.7151702786377694,S01_DENSITY_RATIO_RECENT,S01_DENSITY_RATIO_RECENT_K2,2,True
2024-12-05,1,4267,ライトワークス,0.11882992088794708,True,0.0,0.0,S01_DENSITY_RATIO_RECENT,S01_DENSITY_RATIO_RECENT_K2,2,True
2024-12-05,2,4465,ニイタカ,0.11031734198331833,True,0.0,0.0,S01_DENSITY_RATIO_RECENT,S01_DENSITY_RATIO_RECENT_K2,2,True
2024-12-06,1,4267,ライトワークス,0.11929690837860107,True,0.0,-0.0970873786407811,S01_DENSITY_RATIO_RECENT,S01_DENSITY_RATIO_RECENT_K2,2,True
2024-12-06,2,9565,ＧＬＯＥ,0.10164617002010345,True,1.0,1.0057471264367734,S01_DENSITY_RATIO_RECENT,S01_DENSITY_RATIO_RECENT_K2,2,True
2024-12-09,1,4267,ライトワークス,0.11358692497015,True,1.0,1.4577259475218707,S01_DENSITY_RATIO_RECENT,S01_DENSITY_RATIO_RECENT_K2,2,True
2024-12-09,2,9691,両毛システムズ,0.09259684383869171,True,1.0,1.7717346518335342,S01_DENSITY_RATIO_RECENT,S01_DENSITY_RATIO_RECENT_K2,2,True
2024-12-10,1,4267,ライトワークス,0.12413214147090912,True,1.0,0.674373795761074,S01_DENSITY_RATIO_RECENT,S01_DENSITY_RATIO_RECENT_K2,2,True
2024-12-10,2,8938,グローム・ホールディングス,0.09436729550361633,True,0.0,-1.538461538461533,S01_DENSITY_RATIO_RECENT,S01_DENSITY_RATIO_RECENT_K2,2,True
2024-12-11,1,4267,ライトワークス,0.10949669033288956,True,1.0,0.4812319538017418,S01_DENSITY_RATIO_RECENT,S01_DENSITY_RATIO_RECENT_K2,2,True
2024-12-11,2,4776,サイボウズ,0.09743095934391022,True,1.0,1.8491484184914864,S01_DENSITY_RATIO_RECENT,S01_DENSITY_RATIO_RECENT_K2,2,True
2024-12-12,1,6898,トミタ電機,0.11826255917549133,True,0.0,-0.13464991023339756,S01_DENSITY_RATIO_RECENT,S01_DENSITY_RATIO_RECENT_K2,2,True
2024-12-12,2,4267,ライトワークス,0.10282374918460846,True,1.0,1.9361084220716362,S01_DENSITY_RATIO_RECENT,S01_DENSITY_RATIO_RECENT_K2,2,True
2024-12-13,1,6898,トミタ電機,0.10887685418128967,True,0.0,-0.27260336210813696,S01_DENSITY_RATIO_RECENT,S01_DENSITY_RATIO_RECENT_K2,2,True
2024-12-13,2,211A,カドス・コーポレーション,0.10259529948234558,True,0.0,-0.11881188118811892,S01_DENSITY_RATIO_RECENT,S01_DENSITY_RATIO_RECENT_K2,2,True
2024-12-16,1,6898,トミタ電機,0.1113646849989891,True,0.0,0.0,S01_DENSITY_RATIO_RECENT,S01_DENSITY_RATIO_RECENT_K2,2,True
2024-12-16,2,3475,グッドコムアセット,0.1056782454252243,True,1.0,1.4285714285714235,S01_DENSITY_RATIO_RECENT,S01_DENSITY_RATIO_RECENT_K2,2,True
2024-12-17,1,7345,アイ・パートナーズフィナンシャル,0.12187986820936203,True,0.0,-0.3424657534246589,S01_DENSITY_RATIO_RECENT,S01_DENSITY_RATIO_RECENT_K2,2,True
2024-12-17,2,9159,Ｗ ＴＯＫＹＯ,0.11660446971654892,True,1.0,0.6999999999999895,S01_DENSITY_RATIO_RECENT,S01_DENSITY_RATIO_RECENT_K2,2,True
2024-12-18,1,4267,ライトワークス,0.11937607824802399,True,1.0,1.4778325123152802,S01_DENSITY_RATIO_RECENT,S01_DENSITY_RATIO_RECENT_K2,2,True
2024-12-18,2,7345,アイ・パートナーズフィナンシャル,0.11534325033426285,True,1.0,2.2727272727272707,S01_DENSITY_RATIO_RECENT,S01_DENSITY_RATIO_RECENT_K2,2,True
2024-12-19,1,7345,アイ・パートナーズフィナンシャル,0.10616351664066315,True,0.0,0.0,S01_DENSITY_RATIO_RECENT,S01_DENSITY_RATIO_RECENT_K2,2,True
2024-12-19,2,9159,Ｗ ＴＯＫＹＯ,0.09204685688018799,True,1.0,0.39940089865202477,S01_DENSITY_RATIO_RECENT,S01_DENSITY_RATIO_RECENT_K2,2,True
2024-12-20,1,7345,アイ・パートナーズフィナンシャル,0.12574419379234314,True,0.0,-1.379310344827589,S01_DENSITY_RATIO_RECENT,S01_DENSITY_RATIO_RECENT_K2,2,True
2024-12-20,2,9159,Ｗ ＴＯＫＹＯ,0.09995800256729126,True,0.0,-0.24863252113376255,S01_DENSITY_RATIO_RECENT,S01_DENSITY_RATIO_RECENT_K2,2,True
2024-12-23,1,7345,アイ・パートナーズフィナンシャル,0.13056473433971405,True,1.0,3.6231884057970953,S01_DENSITY_RATIO_RECENT,S01_DENSITY_RATIO_RECENT_K2,2,True
2024-12-23,2,3382,セブン＆アイ・ホールディングス,0.10325700044631958,True,1.0,0.6866416978776435,S01_DENSITY_RATIO_RECENT,S01_DENSITY_RATIO_RECENT_K2,2,True
2024-12-24,1,9159,Ｗ ＴＯＫＹＯ,0.0986802875995636,True,0.0,-1.4609571788413045,S01_DENSITY_RATIO_RECENT,S01_DENSITY_RATIO_RECENT_K2,2,True
2024-12-24,2,4762,エックスネット,0.09227441251277924,True,0.0,-0.8861622358554921,S01_DENSITY_RATIO_RECENT,S01_DENSITY_RATIO_RECENT_K2,2,True
2024-12-25,1,9159,Ｗ ＴＯＫＹＯ,0.11957184970378876,True,0.0,-3.490759753593431,S01_DENSITY_RATIO_RECENT,S01_DENSITY_RATIO_RECENT_K2,2,True
2024-12-25,2,7345,アイ・パートナーズフィナンシャル,0.11579295247793198,True,1.0,0.8960573476702427,S01_DENSITY_RATIO_RECENT,S01_DENSITY_RATIO_RECENT_K2,2,True
2024-12-26,1,9159,Ｗ ＴＯＫＹＯ,0.12119081616401672,True,0.0,-2.6687598116169498,S01_DENSITY_RATIO_RECENT,S01_DENSITY_RATIO_RECENT_K2,2,True
2024-12-26,2,7345,アイ・パートナーズフィナンシャル,0.1110152155160904,True,0.0,-1.0291595197255532,S01_DENSITY_RATIO_RECENT,S01_DENSITY_RATIO_RECENT_K2,2,True
2024-12-27,1,9159,Ｗ ＴＯＫＹＯ,0.0993165448307991,True,1.0,2.5515743756786113,S01_DENSITY_RATIO_RECENT,S01_DENSITY_RATIO_RECENT_K2,2,True
2024-12-27,2,5248,テクノロジーズ,0.09473496675491333,True,1.0,0.14492753623187582,S01_DENSITY_RATIO_RECENT,S01_DENSITY_RATIO_RECENT_K2,2,True
2024-12-30,1,3800,ユニリタ,0.10040298849344254,True,0.0,0.0,S01_DENSITY_RATIO_RECENT,S01_DENSITY_RATIO_RECENT_K2,2,True
2024-12-30,2,5248,テクノロジーズ,0.09821182489395142,True,1.0,0.5788712011577379,S01_DENSITY_RATIO_RECENT,S01_DENSITY_RATIO_RECENT_K2,2,True
2025-01-06,1,7314,小⽥原機器,0.11559608578681946,True,0.0,-2.049180327868849,S01_DENSITY_RATIO_RECENT,S01_DENSITY_RATIO_RECENT_K2,2,True
2025-01-06,2,5015,ビーピー・カストロール,0.10756625980138779,True,0.0,-0.6896551724137945,S01_DENSITY_RATIO_RECENT,S01_DENSITY_RATIO_RECENT_K2,2,True
2025-01-07,1,7314,小⽥原機器,0.10660365223884583,True,0.0,-3.3444816053511683,S01_DENSITY_RATIO_RECENT,S01_DENSITY_RATIO_RECENT_K2,2,True
2025-01-07,2,1994,高橋カーテンウォール⼯業,0.10572932660579681,True,0.0,-2.0905923344947785,S01_DENSITY_RATIO_RECENT,S01_DENSITY_RATIO_RECENT_K2,2,True
2025-01-08,1,1994,高橋カーテンウォール⼯業,0.11974223703145981,True,1.0,1.073345259391778,S01_DENSITY_RATIO_RECENT,S01_DENSITY_RATIO_RECENT_K2,2,True
2025-01-08,2,3800,ユニリタ,0.11324968189001083,True,1.0,0.2004008016031955,S01_DENSITY_RATIO_RECENT,S01_DENSITY_RATIO_RECENT_K2,2,True
2025-01-09,1,3800,ユニリタ,0.10265917330980301,True,0.0,-0.10035122930256435,S01_DENSITY_RATIO_RECENT,S01_DENSITY_RATIO_RECENT_K2,2,True
2025-01-09,2,1994,高橋カーテンウォール⼯業,0.09145753085613251,True,1.0,0.17730496453900457,S01_DENSITY_RATIO_RECENT,S01_DENSITY_RATIO_RECENT_K2,2,True
2025-01-10,1,7730,マニー,0.08664484322071075,True,0.0,-2.0689655172413834,S01_DENSITY_RATIO_RECENT,S01_DENSITY_RATIO_RECENT_K2,2,True
2025-01-10,2,4902,コニカミノルタ,0.08243466913700104,True,0.0,-0.33333333333334103,S01_DENSITY_RATIO_RECENT,S01_DENSITY_RATIO_RECENT_K2,2,True
2025-01-14,1,4783,ＮＣＤ,0.08277010917663574,True,1.0,2.5123715264560254,S01_DENSITY_RATIO_RECENT,S01_DENSITY_RATIO_RECENT_K2,2,True
2025-01-14,2,7205,日野自動車,0.07331760972738266,True,0.0,-1.4213395638629334,S01_DENSITY_RATIO_RECENT,S01_DENSITY_RATIO_RECENT_K2,2,True
2025-01-15,1,9355,リンコーコーポレーション,0.09982357919216156,True,0.0,-1.1571254567600442,S01_DENSITY_RATIO_RECENT,S01_DENSITY_RATIO_RECENT_K2,2,True
2025-01-15,2,4343,イオンファンタジー,0.09114781022071838,True,1.0,1.1829652996845352,S01_DENSITY_RATIO_RECENT,S01_DENSITY_RATIO_RECENT_K2,2,True
2025-01-16,1,4429,リックソフト,0.10060692578554153,True,0.0,-4.30622009569378,S01_DENSITY_RATIO_RECENT,S01_DENSITY_RATIO_RECENT_K2,2,True
2025-01-16,2,9250,ＧＲＣＳ,0.10058443993330002,True,0.0,-3.601108033240996,S01_DENSITY_RATIO_RECENT,S01_DENSITY_RATIO_RECENT_K2,2,True
2025-01-17,1,9250,ＧＲＣＳ,0.11039476841688156,True,0.0,-0.5751258087706712,S01_DENSITY_RATIO_RECENT,S01_DENSITY_RATIO_RECENT_K2,2,True
2025-01-17,2,4735,京進,0.08622154593467712,True,1.0,0.2732240437158362,S01_DENSITY_RATIO_RECENT,S01_DENSITY_RATIO_RECENT_K2,2,True
2025-01-20,1,9241,フューチャーリンクネットワーク,0.09372369199991226,True,1.0,2.305721605465405,S01_DENSITY_RATIO_RECENT,S01_DENSITY_RATIO_RECENT_K2,2,True
2025-01-20,2,3976,シャノン,0.09320394694805145,True,1.0,3.5196687370600444,S01_DENSITY_RATIO_RECENT,S01_DENSITY_RATIO_RECENT_K2,2,True
2025-01-21,1,9362,兵機海運,0.11302444338798523,True,0.0,0.0,S01_DENSITY_RATIO_RECENT,S01_DENSITY_RATIO_RECENT_K2,2,True
2025-01-21,2,9241,フューチャーリンクネットワーク,0.10513807833194733,True,1.0,3.255425709515869,S01_DENSITY_RATIO_RECENT,S01_DENSITY_RATIO_RECENT_K2,2,True
2025-01-22,1,9241,フューチャーリンクネットワーク,0.10626571625471115,True,1.0,1.6142050040355072,S01_DENSITY_RATIO_RECENT,S01_DENSITY_RATIO_RECENT_K2,2,True
2025-01-22,2,7064,ハウテレビジョン,0.09792190045118332,True,0.0,-0.7240204429301511,S01_DENSITY_RATIO_RECENT,S01_DENSITY_RATIO_RECENT_K2,2,True
2025-01-23,1,3238,セントラル総合開発,0.11139430105686188,True,1.0,0.42105263157894424,S01_DENSITY_RATIO_RECENT,S01_DENSITY_RATIO_RECENT_K2,2,True
2025-01-23,2,7036,イーエムネットジャパン,0.10796967893838882,True,0.0,-1.413043478260867,S01_DENSITY_RATIO_RECENT,S01_DENSITY_RATIO_RECENT_K2,2,True
2025-01-24,1,7043,アルー,0.11593375355005264,True,1.0,1.17056856187292,S01_DENSITY_RATIO_RECENT,S01_DENSITY_RATIO_RECENT_K2,2,True
2025-01-24,2,3238,セントラル総合開発,0.11577321588993073,True,1.0,0.21052631578948322,S01_DENSITY_RATIO_RECENT,S01_DENSITY_RATIO_RECENT_K2,2,True
2025-01-27,1,3238,セントラル総合開発,0.13145405054092407,True,0.0,-0.42105263157894424,S01_DENSITY_RATIO_RECENT,S01_DENSITY_RATIO_RECENT_K2,2,True
2025-01-27,2,4437,ｇｏｏｄｄａｙｓホールディングス,0.11736330389976501,True,0.0,0.0,S01_DENSITY_RATIO_RECENT,S01_DENSITY_RATIO_RECENT_K2,2,True
2025-01-28,1,8066,三⾕商事,0.12346435338258743,True,1.0,1.1657374556512945,S01_DENSITY_RATIO_RECENT,S01_DENSITY_RATIO_RECENT_K2,2,True
2025-01-28,2,3238,セントラル総合開発,0.11083289980888367,True,1.0,0.424628450106157,S01_DENSITY_RATIO_RECENT,S01_DENSITY_RATIO_RECENT_K2,2,True
2025-01-29,1,3238,セントラル総合開発,0.12815070152282715,True,1.0,0.2123142250530785,S01_DENSITY_RATIO_RECENT,S01_DENSITY_RATIO_RECENT_K2,2,True
2025-01-29,2,2806,ユタカフーズ,0.10114262998104095,True,0.0,-1.0965837199493844,S01_DENSITY_RATIO_RECENT,S01_DENSITY_RATIO_RECENT_K2,2,True
2025-01-30,1,8066,三⾕商事,0.12863579392433167,True,1.0,1.2506513809275699,S01_DENSITY_RATIO_RECENT,S01_DENSITY_RATIO_RECENT_K2,2,True
2025-01-30,2,3238,セントラル総合開発,0.12126004695892334,True,1.0,0.6382978723404209,S01_DENSITY_RATIO_RECENT,S01_DENSITY_RATIO_RECENT_K2,2,True
2025-01-31,1,3238,セントラル総合開発,0.11417986452579498,True,0.0,-0.6342494714587699,S01_DENSITY_RATIO_RECENT,S01_DENSITY_RATIO_RECENT_K2,2,True
2025-01-31,2,9265,ヤマシタヘルスケアホールディングス,0.11329386383295059,True,1.0,0.9726725335803543,S01_DENSITY_RATIO_RECENT,S01_DENSITY_RATIO_RECENT_K2,2,True
2025-02-03,1,4816,東映アニメーション,0.11485978960990906,True,1.0,0.7800312012480548,S01_DENSITY_RATIO_RECENT,S01_DENSITY_RATIO_RECENT_K2,2,True
2025-02-03,2,2127,日本Ｍ＆Ａセンターホールディングス,0.10654938220977783,True,0.0,-1.565074135090605,S01_DENSITY_RATIO_RECENT,S01_DENSITY_RATIO_RECENT_K2,2,True
2025-02-04,1,2282,日本ハム,0.11940334737300873,True,0.0,-1.7699115044247815,S01_DENSITY_RATIO_RECENT,S01_DENSITY_RATIO_RECENT_K2,2,True
2025-02-04,2,4424,Ａｍａｚｉａ,0.11748933047056198,True,1.0,0.6514657980456029,S01_DENSITY_RATIO_RECENT,S01_DENSITY_RATIO_RECENT_K2,2,True
2025-02-05,1,4380,Ｍマート,0.11632811278104782,True,1.0,0.43859649122806044,S01_DENSITY_RATIO_RECENT,S01_DENSITY_RATIO_RECENT_K2,2,True
2025-02-05,2,2282,日本ハム,0.09979766607284546,True,1.0,0.6587914584279764,S01_DENSITY_RATIO_RECENT,S01_DENSITY_RATIO_RECENT_K2,2,True
2025-02-06,1,7678,あさくま,0.09819107502698898,True,1.0,1.526717557251911,S01_DENSITY_RATIO_RECENT,S01_DENSITY_RATIO_RECENT_K2,2,True
2025-02-06,2,3844,コムチュア,0.09767530858516693,True,0.0,-1.7664376840039298,S01_DENSITY_RATIO_RECENT,S01_DENSITY_RATIO_RECENT_K2,2,True
2025-02-07,1,6193,バーチャレクス・ホールディングス,0.10461250692605972,True,0.0,0.0,S01_DENSITY_RATIO_RECENT,S01_DENSITY_RATIO_RECENT_K2,2,True
2025-02-07,2,3480,ジェイ・エス・ビー,0.10137664526700974,True,0.0,-1.3029315960912058,S01_DENSITY_RATIO_RECENT,S01_DENSITY_RATIO_RECENT_K2,2,True
2025-02-10,1,2216,カンロ,0.10506508499383926,True,0.0,-1.4598540145985384,S01_DENSITY_RATIO_RECENT,S01_DENSITY_RATIO_RECENT_K2,2,True
2025-02-10,2,3480,ジェイ・エス・ビー,0.09940607845783234,True,1.0,1.4802631578947345,S01_DENSITY_RATIO_RECENT,S01_DENSITY_RATIO_RECENT_K2,2,True
2025-02-12,1,4783,ＮＣＤ,0.15241345763206482,True,1.0,1.0204081632652962,S01_DENSITY_RATIO_RECENT,S01_DENSITY_RATIO_RECENT_K2,2,True
2025-02-12,2,3179,シュッピン,0.11504844576120377,True,0.0,-0.0983284169124854,S01_DENSITY_RATIO_RECENT,S01_DENSITY_RATIO_RECENT_K2,2,True
2025-02-13,1,7043,アルー,0.1291101574897766,True,1.0,4.813664596273282,S01_DENSITY_RATIO_RECENT,S01_DENSITY_RATIO_RECENT_K2,2,True
2025-02-13,2,7938,リーガルコーポレーション,0.12673082947731018,True,0.0,-0.19638648860957897,S01_DENSITY_RATIO_RECENT,S01_DENSITY_RATIO_RECENT_K2,2,True
2025-02-14,1,2120,ＬＩＦＵＬＬ,0.14534930884838104,True,1.0,1.1111111111111072,S01_DENSITY_RATIO_RECENT,S01_DENSITY_RATIO_RECENT_K2,2,True
2025-02-14,2,3674,オークファン,0.12121427059173584,True,1.0,0.7894736842105177,S01_DENSITY_RATIO_RECENT,S01_DENSITY_RATIO_RECENT_K2,2,True
2025-02-17,1,4182,三菱瓦斯化学,0.11504102498292923,True,0.0,-1.6203240648129613,S01_DENSITY_RATIO_RECENT,S01_DENSITY_RATIO_RECENT_K2,2,True
2025-02-17,2,3649,ファインデックス,0.112271748483181,True,0.0,-3.794369645042839,S01_DENSITY_RATIO_RECENT,S01_DENSITY_RATIO_RECENT_K2,2,True
2025-02-18,1,3238,セントラル総合開発,0.1183377057313919,True,1.0,1.0845986984815648,S01_DENSITY_RATIO_RECENT,S01_DENSITY_RATIO_RECENT_K2,2,True
2025-02-18,2,6193,バーチャレクス・ホールディングス,0.10897081345319748,True,1.0,0.6211180124223503,S01_DENSITY_RATIO_RECENT,S01_DENSITY_RATIO_RECENT_K2,2,True
2025-02-19,1,7043,アルー,0.11200921982526779,True,1.0,2.84005979073243,S01_DENSITY_RATIO_RECENT,S01_DENSITY_RATIO_RECENT_K2,2,True
2025-02-19,2,7746,岡本硝子,0.10797140747308731,True,0.0,-2.777777777777779,S01_DENSITY_RATIO_RECENT,S01_DENSITY_RATIO_RECENT_K2,2,True
2025-02-20,1,6193,バーチャレクス・ホールディングス,0.10464920103549957,True,1.0,1.0101010101010166,S01_DENSITY_RATIO_RECENT,S01_DENSITY_RATIO_RECENT_K2,2,True
2025-02-20,2,3238,セントラル総合開発,0.10458444058895111,True,0.0,-0.21505376344086446,S01_DENSITY_RATIO_RECENT,S01_DENSITY_RATIO_RECENT_K2,2,True
2025-02-21,1,7638,ＮＥＷ ＡＲＴ ＨＯＬＤＩＮＧＳ,0.1201506033539772,True,0.0,-1.2578616352201255,S01_DENSITY_RATIO_RECENT,S01_DENSITY_RATIO_RECENT_K2,2,True
2025-02-21,2,3238,セントラル総合開発,0.10071048885583878,True,0.0,0.0,S01_DENSITY_RATIO_RECENT,S01_DENSITY_RATIO_RECENT_K2,2,True
2025-02-25,1,9244,デジタリフト,0.10748856514692307,True,0.0,-0.2645502645502673,S01_DENSITY_RATIO_RECENT,S01_DENSITY_RATIO_RECENT_K2,2,True
2025-02-25,2,3359,ｃｏｔｔａ,0.09526476263999939,True,0.0,-3.7735849056603765,S01_DENSITY_RATIO_RECENT,S01_DENSITY_RATIO_RECENT_K2,2,True
2025-02-26,1,3359,ｃｏｔｔａ,0.10399863123893738,True,0.0,-4.793028322440085,S01_DENSITY_RATIO_RECENT,S01_DENSITY_RATIO_RECENT_K2,2,True
2025-02-26,2,4057,インターファクトリー,0.10273217409849167,True,0.0,-0.8247422680412342,S01_DENSITY_RATIO_RECENT,S01_DENSITY_RATIO_RECENT_K2,2,True
2025-02-27,1,3359,ｃｏｔｔａ,0.10644445568323135,True,0.0,0.0,S01_DENSITY_RATIO_RECENT,S01_DENSITY_RATIO_RECENT_K2,2,True
2025-02-27,2,4394,エクスモーション,0.09141043573617935,True,1.0,0.11764705882353343,S01_DENSITY_RATIO_RECENT,S01_DENSITY_RATIO_RECENT_K2,2,True
2025-02-28,1,3490,アズ企画設計,0.12076122313737869,True,0.0,-0.49545829892650994,S01_DENSITY_RATIO_RECENT,S01_DENSITY_RATIO_RECENT_K2,2,True
2025-02-28,2,2300,きょくとう,0.1204460859298706,True,1.0,0.20366598778003286,S01_DENSITY_RATIO_RECENT,S01_DENSITY_RATIO_RECENT_K2,2,True
2025-03-03,1,3490,アズ企画設計,0.1063218042254448,True,0.0,-0.4161464835622186,S01_DENSITY_RATIO_RECENT,S01_DENSITY_RATIO_RECENT_K2,2,True
2025-03-03,2,2300,きょくとう,0.10277127474546432,True,1.0,1.2195121951219523,S01_DENSITY_RATIO_RECENT,S01_DENSITY_RATIO_RECENT_K2,2,True
2025-03-04,1,3490,アズ企画設計,0.10062708705663681,True,0.0,-0.8779264214046845,S01_DENSITY_RATIO_RECENT,S01_DENSITY_RATIO_RECENT_K2,2,True
2025-03-04,2,2300,きょくとう,0.10000442713499069,True,0.0,-0.6024096385542133,S01_DENSITY_RATIO_RECENT,S01_DENSITY_RATIO_RECENT_K2,2,True
2025-03-05,1,6312,フロイント産業,0.10919414460659027,True,0.0,-0.2645502645502673,S01_DENSITY_RATIO_RECENT,S01_DENSITY_RATIO_RECENT_K2,2,True
2025-03-05,2,2300,きょくとう,0.1046476811170578,True,0.0,-1.0040160642570295,S01_DENSITY_RATIO_RECENT,S01_DENSITY_RATIO_RECENT_K2,2,True
2025-03-06,1,3063,ジェイグループホールディングス,0.11204662919044495,True,0.0,-0.5780346820809301,S01_DENSITY_RATIO_RECENT,S01_DENSITY_RATIO_RECENT_K2,2,True
2025-03-06,2,4356,応用技術,0.1065378338098526,True,1.0,0.974658869395717,S01_DENSITY_RATIO_RECENT,S01_DENSITY_RATIO_RECENT_K2,2,True
2025-03-07,1,3674,オークファン,0.10382834821939468,True,0.0,-0.5333333333333301,S01_DENSITY_RATIO_RECENT,S01_DENSITY_RATIO_RECENT_K2,2,True
2025-03-07,2,3800,ユニリタ,0.09938603639602661,True,0.0,-0.05002501250624958,S01_DENSITY_RATIO_RECENT,S01_DENSITY_RATIO_RECENT_K2,2,True
2025-03-10,1,4783,ＮＣＤ,0.13140510022640228,True,0.0,-0.03844675124952124,S01_DENSITY_RATIO_RECENT,S01_DENSITY_RATIO_RECENT_K2,2,True
2025-03-10,2,7036,イーエムネットジャパン,0.10975075513124466,True,1.0,3.4445640473627526,S01_DENSITY_RATIO_RECENT,S01_DENSITY_RATIO_RECENT_K2,2,True
2025-03-11,1,7345,アイ・パートナーズフィナンシャル,0.12442426383495331,True,1.0,0.6666666666666599,S01_DENSITY_RATIO_RECENT,S01_DENSITY_RATIO_RECENT_K2,2,True
2025-03-11,2,9312,ケイヒン,0.1066107228398323,True,0.0,-0.862440707201384,S01_DENSITY_RATIO_RECENT,S01_DENSITY_RATIO_RECENT_K2,2,True
2025-03-12,1,8139,ナガホリ,0.10051242262125015,True,1.0,1.231884057971011,S01_DENSITY_RATIO_RECENT,S01_DENSITY_RATIO_RECENT_K2,2,True
2025-03-12,2,9312,ケイヒン,0.09986379742622375,True,0.0,-0.39113428943937656,S01_DENSITY_RATIO_RECENT,S01_DENSITY_RATIO_RECENT_K2,2,True
2025-03-13,1,4057,インターファクトリー,0.09959033131599426,True,1.0,1.9027484143763207,S01_DENSITY_RATIO_RECENT,S01_DENSITY_RATIO_RECENT_K2,2,True
2025-03-13,2,7345,アイ・パートナーズフィナンシャル,0.09741879254579544,True,1.0,1.683501683501687,S01_DENSITY_RATIO_RECENT,S01_DENSITY_RATIO_RECENT_K2,2,True
2025-03-14,1,5136,ｔｒｉｐｌａ,0.10128369182348251,True,1.0,4.413542926239411,S01_DENSITY_RATIO_RECENT,S01_DENSITY_RATIO_RECENT_K2,2,True
2025-03-14,2,4387,ＺＵＵ,0.10109380632638931,True,1.0,0.2421307506053294,S01_DENSITY_RATIO_RECENT,S01_DENSITY_RATIO_RECENT_K2,2,True
2025-03-17,1,2332,クエスト,0.10873754322528839,True,1.0,0.6666666666666599,S01_DENSITY_RATIO_RECENT,S01_DENSITY_RATIO_RECENT_K2,2,True
2025-03-17,2,8139,ナガホリ,0.10298261791467667,True,0.0,-0.785153461812993,S01_DENSITY_RATIO_RECENT,S01_DENSITY_RATIO_RECENT_K2,2,True
2025-03-18,1,7345,アイ・パートナーズフィナンシャル,0.13640935719013214,True,0.0,-1.7793594306049876,S01_DENSITY_RATIO_RECENT,S01_DENSITY_RATIO_RECENT_K2,2,True
2025-03-18,2,2934,ジェイフロンティア,0.11442308127880096,True,1.0,3.9423076923077005,S01_DENSITY_RATIO_RECENT,S01_DENSITY_RATIO_RECENT_K2,2,True
2025-03-19,1,2332,クエスト,0.1270940750837326,True,1.0,0.589101620029453,S01_DENSITY_RATIO_RECENT,S01_DENSITY_RATIO_RECENT_K2,2,True
2025-03-19,2,7266,今仙電機製作所,0.11988220363855362,True,1.0,3.703703703703698,S01_DENSITY_RATIO_RECENT,S01_DENSITY_RATIO_RECENT_K2,2,True
2025-03-21,1,5277,スパンクリートコーポレーション,0.13839471340179443,True,0.0,-0.22421524663677195,S01_DENSITY_RATIO_RECENT,S01_DENSITY_RATIO_RECENT_K2,2,True
2025-03-21,2,4356,応用技術,0.11609188467264175,True,0.0,-0.32030749519538215,S01_DENSITY_RATIO_RECENT,S01_DENSITY_RATIO_RECENT_K2,2,True
2025-03-24,1,5277,スパンクリートコーポレーション,0.15362903475761414,True,1.0,0.22421524663676085,S01_DENSITY_RATIO_RECENT,S01_DENSITY_RATIO_RECENT_K2,2,True
2025-03-24,2,4356,応用技術,0.12015477567911148,True,0.0,-0.25889967637540146,S01_DENSITY_RATIO_RECENT,S01_DENSITY_RATIO_RECENT_K2,2,True
2025-03-25,1,5277,スパンクリートコーポレーション,0.16198110580444336,True,0.0,-0.22371364653244186,S01_DENSITY_RATIO_RECENT,S01_DENSITY_RATIO_RECENT_K2,2,True
2025-03-25,2,7036,イーエムネットジャパン,0.11984162032604218,True,0.0,-1.5135135135135092,S01_DENSITY_RATIO_RECENT,S01_DENSITY_RATIO_RECENT_K2,2,True
2025-03-26,1,5277,スパンクリートコーポレーション,0.15927690267562866,True,1.0,0.4474272930648837,S01_DENSITY_RATIO_RECENT,S01_DENSITY_RATIO_RECENT_K2,2,True
2025-03-26,2,4356,応用技術,0.11827926337718964,True,0.0,-0.1306335728282204,S01_DENSITY_RATIO_RECENT,S01_DENSITY_RATIO_RECENT_K2,2,True
2025-03-27,1,5277,スパンクリートコーポレーション,0.1516294628381729,True,1.0,0.44642857142858094,S01_DENSITY_RATIO_RECENT,S01_DENSITY_RATIO_RECENT_K2,2,True
2025-03-27,2,4356,応用技術,0.1151583194732666,True,0.0,-0.2614379084967311,S01_DENSITY_RATIO_RECENT,S01_DENSITY_RATIO_RECENT_K2,2,True
2025-03-28,1,5277,スパンクリートコーポレーション,0.1527079939842224,True,1.0,0.6696428571428603,S01_DENSITY_RATIO_RECENT,S01_DENSITY_RATIO_RECENT_K2,2,True
2025-03-28,2,2332,クエスト,0.11379721760749817,True,1.0,0.6024096385542244,S01_DENSITY_RATIO_RECENT,S01_DENSITY_RATIO_RECENT_K2,2,True
2025-03-31,1,3434,アルファＣｏ,0.1301463097333908,True,0.0,-2.035398230088492,S01_DENSITY_RATIO_RECENT,S01_DENSITY_RATIO_RECENT_K2,2,True
2025-03-31,2,3096,オーシャンシステム,0.12766432762145996,True,0.0,-0.08576329331045907,S01_DENSITY_RATIO_RECENT,S01_DENSITY_RATIO_RECENT_K2,2,True
2025-04-01,1,3434,アルファＣｏ,0.1149335652589798,True,0.0,-1.4388489208633115,S01_DENSITY_RATIO_RECENT,S01_DENSITY_RATIO_RECENT_K2,2,True
2025-04-01,2,2179,成学社,0.11124558001756668,True,0.0,-0.5167958656330796,S01_DENSITY_RATIO_RECENT,S01_DENSITY_RATIO_RECENT_K2,2,True
2025-04-02,1,7318,セレンディップ・ホールディングス,0.12771131098270416,True,0.0,-0.9044657998869443,S01_DENSITY_RATIO_RECENT,S01_DENSITY_RATIO_RECENT_K2,2,True
2025-04-02,2,7638,ＮＥＷ ＡＲＴ ＨＯＬＤＩＮＧＳ,0.10234224796295166,True,0.0,-6.765799256505578,S01_DENSITY_RATIO_RECENT,S01_DENSITY_RATIO_RECENT_K2,2,True
2025-04-03,1,5845,全保連,0.1282520741224289,True,0.0,-0.6127450980392135,S01_DENSITY_RATIO_RECENT,S01_DENSITY_RATIO_RECENT_K2,2,True
2025-04-03,2,7638,ＮＥＷ ＡＲＴ ＨＯＬＤＩＮＧＳ,0.10669190436601639,True,1.0,2.024922118380057,S01_DENSITY_RATIO_RECENT,S01_DENSITY_RATIO_RECENT_K2,2,True
2025-04-04,1,9685,ＫＹＣＯＭホールディングス,0.09516536444425583,True,0.0,-8.062015503875974,S01_DENSITY_RATIO_RECENT,S01_DENSITY_RATIO_RECENT_K2,2,True
2025-04-04,2,3224,ゼネラル・オイスター,0.09054167568683624,True,0.0,-7.586206896551728,S01_DENSITY_RATIO_RECENT,S01_DENSITY_RATIO_RECENT_K2,2,True
2025-04-07,1,7036,イーエムネットジャパン,0.1509588062763214,True,0.0,-8.115942028985511,S01_DENSITY_RATIO_RECENT,S01_DENSITY_RATIO_RECENT_K2,2,True
2025-04-07,2,9685,ＫＹＣＯＭホールディングス,0.12214413285255432,True,1.0,2.982107355864816,S01_DENSITY_RATIO_RECENT,S01_DENSITY_RATIO_RECENT_K2,2,True
2025-04-08,1,9250,ＧＲＣＳ,0.0955248549580574,True,1.0,6.661251015434599,S01_DENSITY_RATIO_RECENT,S01_DENSITY_RATIO_RECENT_K2,2,True
2025-04-08,2,7375,リファインバースグループ,0.09520885348320007,True,0.0,-4.444444444444439,S01_DENSITY_RATIO_RECENT,S01_DENSITY_RATIO_RECENT_K2,2,True
2025-04-09,1,7317,松屋アールアンドディ,0.0846954733133316,True,1.0,1.6274864376130127,S01_DENSITY_RATIO_RECENT,S01_DENSITY_RATIO_RECENT_K2,2,True
2025-04-09,2,5277,スパンクリートコーポレーション,0.07766633480787277,True,0.0,0.0,S01_DENSITY_RATIO_RECENT,S01_DENSITY_RATIO_RECENT_K2,2,True
2025-04-10,1,9165,クオルテック,0.10257596522569656,True,0.0,-6.797706797706793,S01_DENSITY_RATIO_RECENT,S01_DENSITY_RATIO_RECENT_K2,2,True
2025-04-10,2,7266,今仙電機製作所,0.09832029789686203,True,0.0,-3.8461538461538436,S01_DENSITY_RATIO_RECENT,S01_DENSITY_RATIO_RECENT_K2,2,True
2025-04-11,1,7043,アルー,0.10106850415468216,True,1.0,1.9461077844311392,S01_DENSITY_RATIO_RECENT,S01_DENSITY_RATIO_RECENT_K2,2,True
2025-04-11,2,3991,ウォンテッドリー,0.09708018600940704,True,1.0,10.946196660482377,S01_DENSITY_RATIO_RECENT,S01_DENSITY_RATIO_RECENT_K2,2,True
2025-04-14,1,7043,アルー,0.12294793128967285,True,1.0,2.2222222222222143,S01_DENSITY_RATIO_RECENT,S01_DENSITY_RATIO_RECENT_K2,2,True
2025-04-14,2,7988,ニフコ,0.10417835414409637,True,1.0,0.0903614457831381,S01_DENSITY_RATIO_RECENT,S01_DENSITY_RATIO_RECENT_K2,2,True
2025-04-15,1,3986,ビーブレイクシステムズ,0.1509937047958374,True,1.0,0.20964360587001352,S01_DENSITY_RATIO_RECENT,S01_DENSITY_RATIO_RECENT_K2,2,True
2025-04-15,2,7043,アルー,0.134355366230011,True,1.0,1.4684287812041008,S01_DENSITY_RATIO_RECENT,S01_DENSITY_RATIO_RECENT_K2,2,True
2025-04-16,1,5277,スパンクリートコーポレーション,0.13941249251365662,True,0.0,-0.22123893805309214,S01_DENSITY_RATIO_RECENT,S01_DENSITY_RATIO_RECENT_K2,2,True
2025-04-16,2,3986,ビーブレイクシステムズ,0.13486208021640778,True,,,S01_DENSITY_RATIO_RECENT,S01_DENSITY_RATIO_RECENT_K2,2,False
2025-04-17,1,3986,ビーブレイクシステムズ,0.1463579535484314,True,0.0,-2.0689655172413834,S01_DENSITY_RATIO_RECENT,S01_DENSITY_RATIO_RECENT_K2,2,True
2025-04-17,2,5277,スパンクリートコーポレーション,0.14064481854438782,True,0.0,0.0,S01_DENSITY_RATIO_RECENT,S01_DENSITY_RATIO_RECENT_K2,2,True
2025-04-18,1,3986,ビーブレイクシステムズ,0.12669017910957336,True,1.0,1.0563380281690238,S01_DENSITY_RATIO_RECENT,S01_DENSITY_RATIO_RECENT_K2,2,True
2025-04-18,2,7988,ニフコ,0.10371081531047821,True,1.0,1.0153756890049381,S01_DENSITY_RATIO_RECENT,S01_DENSITY_RATIO_RECENT_K2,2,True
2025-04-21,1,7043,アルー,0.11035007983446121,True,1.0,0.8746355685131268,S01_DENSITY_RATIO_RECENT,S01_DENSITY_RATIO_RECENT_K2,2,True
2025-04-21,2,3986,ビーブレイクシステムズ,0.10953690856695175,True,0.0,-1.7796030116358663,S01_DENSITY_RATIO_RECENT,S01_DENSITY_RATIO_RECENT_K2,2,True
2025-04-22,1,7043,アルー,0.11174619197845459,True,1.0,1.3157894736842035,S01_DENSITY_RATIO_RECENT,S01_DENSITY_RATIO_RECENT_K2,2,True
2025-04-22,2,9537,北陸瓦斯,0.10638362914323807,True,,,S01_DENSITY_RATIO_RECENT,S01_DENSITY_RATIO_RECENT_K2,2,False
2025-04-23,1,7043,アルー,0.11317702382802963,True,0.0,-0.575539568345329,S01_DENSITY_RATIO_RECENT,S01_DENSITY_RATIO_RECENT_K2,2,True
2025-04-23,2,5945,天龍製鋸,0.10717166215181351,True,0.0,0.0,S01_DENSITY_RATIO_RECENT,S01_DENSITY_RATIO_RECENT_K2,2,True
2025-04-24,1,7043,アルー,0.1305808424949646,True,1.0,0.5788712011577379,S01_DENSITY_RATIO_RECENT,S01_DENSITY_RATIO_RECENT_K2,2,True
2025-04-24,2,9434,ソフトバンク,0.11450722068548203,True,0.0,-1.4358499305233918,S01_DENSITY_RATIO_RECENT,S01_DENSITY_RATIO_RECENT_K2,2,True
2025-04-25,1,7043,アルー,0.1184624657034874,True,1.0,0.1436781609195359,S01_DENSITY_RATIO_RECENT,S01_DENSITY_RATIO_RECENT_K2,2,True
2025-04-25,2,9434,ソフトバンク,0.11651770025491714,True,0.0,-0.04699248120302313,S01_DENSITY_RATIO_RECENT,S01_DENSITY_RATIO_RECENT_K2,2,True
2025-04-28,1,6734,ニューテック,0.10602123290300369,True,0.0,-0.37783375314861534,S01_DENSITY_RATIO_RECENT,S01_DENSITY_RATIO_RECENT_K2,2,True
2025-04-28,2,7043,アルー,0.10539998859167099,True,0.0,-0.43041606886656814,S01_DENSITY_RATIO_RECENT,S01_DENSITY_RATIO_RECENT_K2,2,True
2025-04-30,1,7043,アルー,0.12168997526168823,True,1.0,0.14409221902016434,S01_DENSITY_RATIO_RECENT,S01_DENSITY_RATIO_RECENT_K2,2,True
2025-04-30,2,7255,桜井製作所,0.11247501522302628,True,0.0,-0.5291005291005346,S01_DENSITY_RATIO_RECENT,S01_DENSITY_RATIO_RECENT_K2,2,True
2025-05-01,1,7043,アルー,0.12302693724632263,True,1.0,0.2877697841726645,S01_DENSITY_RATIO_RECENT,S01_DENSITY_RATIO_RECENT_K2,2,True
2025-05-01,2,5619,マーソ,0.1084475889801979,True,1.0,1.7410228509249226,S01_DENSITY_RATIO_RECENT,S01_DENSITY_RATIO_RECENT_K2,2,True
2025-05-02,1,4394,エクスモーション,0.11215005815029144,True,1.0,1.7857142857142794,S01_DENSITY_RATIO_RECENT,S01_DENSITY_RATIO_RECENT_K2,2,True
2025-05-02,2,7043,アルー,0.1101352795958519,True,0.0,-0.1436781609195359,S01_DENSITY_RATIO_RECENT,S01_DENSITY_RATIO_RECENT_K2,2,True
2025-05-07,1,7043,アルー,0.1289932131767273,True,1.0,1.5827338129496438,S01_DENSITY_RATIO_RECENT,S01_DENSITY_RATIO_RECENT_K2,2,True
2025-05-07,2,6034,ＭＲＴ,0.12114990502595901,True,1.0,2.6666666666666616,S01_DENSITY_RATIO_RECENT,S01_DENSITY_RATIO_RECENT_K2,2,True
2025-05-08,1,2908,フジッコ,0.12033944576978683,True,1.0,0.6815365551424923,S01_DENSITY_RATIO_RECENT,S01_DENSITY_RATIO_RECENT_K2,2,True
2025-05-08,2,6034,ＭＲＴ,0.11338932067155838,True,0.0,-0.14492753623188692,S01_DENSITY_RATIO_RECENT,S01_DENSITY_RATIO_RECENT_K2,2,True
2025-05-09,1,6492,岡野バルブ製造,0.12640178203582764,True,1.0,3.750000000000009,S01_DENSITY_RATIO_RECENT,S01_DENSITY_RATIO_RECENT_K2,2,True
2025-05-09,2,9048,名古屋鉄道,0.1186700314283371,True,0.0,-0.691842029403289,S01_DENSITY_RATIO_RECENT,S01_DENSITY_RATIO_RECENT_K2,2,True
2025-05-12,1,7345,アイ・パートナーズフィナンシャル,0.14025813341140747,True,1.0,1.6042780748663166,S01_DENSITY_RATIO_RECENT,S01_DENSITY_RATIO_RECENT_K2,2,True
2025-05-12,2,2269,明治ホールディングス,0.1185673400759697,True,1.0,0.3722084367245637,S01_DENSITY_RATIO_RECENT,S01_DENSITY_RATIO_RECENT_K2,2,True
2025-05-13,1,2282,日本ハム,0.1346750259399414,True,0.0,-0.43330821401658115,S01_DENSITY_RATIO_RECENT,S01_DENSITY_RATIO_RECENT_K2,2,True
2025-05-13,2,7345,アイ・パートナーズフィナンシャル,0.13334402441978455,True,0.0,-1.0714285714285676,S01_DENSITY_RATIO_RECENT,S01_DENSITY_RATIO_RECENT_K2,2,True
2025-05-14,1,7345,アイ・パートナーズフィナンシャル,0.1504337042570114,True,1.0,3.392857142857153,S01_DENSITY_RATIO_RECENT,S01_DENSITY_RATIO_RECENT_K2,2,True
2025-05-14,2,1898,世紀東急⼯業,0.13844825327396393,True,0.0,-1.261387526278912,S01_DENSITY_RATIO_RECENT,S01_DENSITY_RATIO_RECENT_K2,2,True
2025-05-15,1,4069,ＢｌｕｅＭｅｍｅ,0.1321442574262619,True,1.0,2.57548845470692,S01_DENSITY_RATIO_RECENT,S01_DENSITY_RATIO_RECENT_K2,2,True
2025-05-15,2,3353,メディカル一光グループ,0.12458013743162155,True,1.0,0.2565198802907176,S01_DENSITY_RATIO_RECENT,S01_DENSITY_RATIO_RECENT_K2,2,True
2025-05-16,1,7345,アイ・パートナーズフィナンシャル,0.1406736671924591,True,1.0,0.8928571428571397,S01_DENSITY_RATIO_RECENT,S01_DENSITY_RATIO_RECENT_K2,2,True
2025-05-16,2,3513,イチカワ,0.1346578449010849,True,1.0,0.1818181818181719,S01_DENSITY_RATIO_RECENT,S01_DENSITY_RATIO_RECENT_K2,2,True
2025-05-19,1,6034,ＭＲＴ,0.12737299501895905,True,0.0,-1.3274336283185861,S01_DENSITY_RATIO_RECENT,S01_DENSITY_RATIO_RECENT_K2,2,True
2025-05-19,2,7815,東京ボード⼯業,0.11930911988019943,True,1.0,1.5254237288135686,S01_DENSITY_RATIO_RECENT,S01_DENSITY_RATIO_RECENT_K2,2,True
2025-05-20,1,7345,アイ・パートナーズフィナンシャル,0.12416146695613861,True,1.0,0.727272727272732,S01_DENSITY_RATIO_RECENT,S01_DENSITY_RATIO_RECENT_K2,2,True
2025-05-20,2,9416,ビジョン,0.11969345808029175,True,0.0,-0.08643042350907626,S01_DENSITY_RATIO_RECENT,S01_DENSITY_RATIO_RECENT_K2,2,True
2025-05-21,1,6346,キクカワエンタープライズ,0.11064963787794113,True,1.0,0.8944543828264706,S01_DENSITY_RATIO_RECENT,S01_DENSITY_RATIO_RECENT_K2,2,True
2025-05-21,2,6670,ＭＣＪ,0.108519047498703,True,0.0,-1.5128593040847238,S01_DENSITY_RATIO_RECENT,S01_DENSITY_RATIO_RECENT_K2,2,True
2025-05-22,1,6670,ＭＣＪ,0.1131480410695076,True,0.0,-0.5426356589147252,S01_DENSITY_RATIO_RECENT,S01_DENSITY_RATIO_RECENT_K2,2,True
2025-05-22,2,7345,アイ・パートナーズフィナンシャル,0.11264750361442566,True,1.0,1.6666666666666607,S01_DENSITY_RATIO_RECENT,S01_DENSITY_RATIO_RECENT_K2,2,True
2025-05-23,1,7345,アイ・パートナーズフィナンシャル,0.11945591121912003,True,1.0,1.4842300556586308,S01_DENSITY_RATIO_RECENT,S01_DENSITY_RATIO_RECENT_K2,2,True
2025-05-23,2,9142,九州旅客鉄道,0.09207126498222351,True,0.0,-0.18087855297157507,S01_DENSITY_RATIO_RECENT,S01_DENSITY_RATIO_RECENT_K2,2,True
2025-05-26,1,7345,アイ・パートナーズフィナンシャル,0.13122382760047913,True,1.0,0.3656307129798808,S01_DENSITY_RATIO_RECENT,S01_DENSITY_RATIO_RECENT_K2,2,True
2025-05-26,2,4437,ｇｏｏｄｄａｙｓホールディングス,0.10865989327430725,True,1.0,0.2989536621823552,S01_DENSITY_RATIO_RECENT,S01_DENSITY_RATIO_RECENT_K2,2,True
2025-05-27,1,7345,アイ・パートナーズフィナンシャル,0.11809487640857697,True,1.0,5.185185185185182,S01_DENSITY_RATIO_RECENT,S01_DENSITY_RATIO_RECENT_K2,2,True
2025-05-27,2,5945,天龍製鋸,0.11467160284519196,True,1.0,0.10804970286331095,S01_DENSITY_RATIO_RECENT,S01_DENSITY_RATIO_RECENT_K2,2,True
2025-05-28,1,5945,天龍製鋸,0.12698233127593994,True,1.0,0.37776578521315773,S01_DENSITY_RATIO_RECENT,S01_DENSITY_RATIO_RECENT_K2,2,True
2025-05-28,2,7255,桜井製作所,0.10123652964830399,True,0.0,-0.7220216606498187,S01_DENSITY_RATIO_RECENT,S01_DENSITY_RATIO_RECENT_K2,2,True
2025-05-29,1,7345,アイ・パートナーズフィナンシャル,0.1533878743648529,True,1.0,1.4814814814814836,S01_DENSITY_RATIO_RECENT,S01_DENSITY_RATIO_RECENT_K2,2,True
2025-05-29,2,5945,天龍製鋸,0.12630614638328552,True,0.0,-0.32171581769436797,S01_DENSITY_RATIO_RECENT,S01_DENSITY_RATIO_RECENT_K2,2,True
2025-05-30,1,5945,天龍製鋸,0.13094915449619293,True,1.0,0.2702702702702675,S01_DENSITY_RATIO_RECENT,S01_DENSITY_RATIO_RECENT_K2,2,True
2025-05-30,2,9265,ヤマシタヘルスケアホールディングス,0.116755910217762,True,1.0,0.34749034749035346,S01_DENSITY_RATIO_RECENT,S01_DENSITY_RATIO_RECENT_K2,2,True
2025-06-02,1,5945,天龍製鋸,0.12157163769006729,True,0.0,-0.48179871520342976,S01_DENSITY_RATIO_RECENT,S01_DENSITY_RATIO_RECENT_K2,2,True
2025-06-02,2,9265,ヤマシタヘルスケアホールディングス,0.10370692610740662,True,1.0,1.1769321302471658,S01_DENSITY_RATIO_RECENT,S01_DENSITY_RATIO_RECENT_K2,2,True
2025-06-03,1,3271,ＴＨＥグローバル社,0.11253108084201813,True,0.0,-0.6295907660020972,S01_DENSITY_RATIO_RECENT,S01_DENSITY_RATIO_RECENT_K2,2,True
2025-06-03,2,6570,共和コーポレーション,0.10534003376960754,True,1.0,0.7172131147541005,S01_DENSITY_RATIO_RECENT,S01_DENSITY_RATIO_RECENT_K2,2,True
2025-06-04,1,6346,キクカワエンタープライズ,0.11372885853052139,True,1.0,1.0869565217391353,S01_DENSITY_RATIO_RECENT,S01_DENSITY_RATIO_RECENT_K2,2,True
2025-06-04,2,9265,ヤマシタヘルスケアホールディングス,0.10019958764314651,True,0.0,-0.11787819253438192,S01_DENSITY_RATIO_RECENT,S01_DENSITY_RATIO_RECENT_K2,2,True
2025-06-05,1,6346,キクカワエンタープライズ,0.10854370892047882,True,,,S01_DENSITY_RATIO_RECENT,S01_DENSITY_RATIO_RECENT_K2,2,False
2025-06-05,2,9142,九州旅客鉄道,0.10834350436925888,True,1.0,0.42350449973531656,S01_DENSITY_RATIO_RECENT,S01_DENSITY_RATIO_RECENT_K2,2,True
2025-06-06,1,3948,光ビジネスフォーム,0.11899841576814651,True,1.0,1.6999999999999904,S01_DENSITY_RATIO_RECENT,S01_DENSITY_RATIO_RECENT_K2,2,True
2025-06-06,2,3097,物語コーポレーション,0.10134570300579071,True,1.0,2.7259684361549574,S01_DENSITY_RATIO_RECENT,S01_DENSITY_RATIO_RECENT_K2,2,True
2025-06-09,1,3271,ＴＨＥグローバル社,0.10215730965137482,True,0.0,0.0,S01_DENSITY_RATIO_RECENT,S01_DENSITY_RATIO_RECENT_K2,2,True
2025-06-09,2,9142,九州旅客鉄道,0.09610949456691742,True,0.0,-1.2057667103538616,S01_DENSITY_RATIO_RECENT,S01_DENSITY_RATIO_RECENT_K2,2,True
2025-06-10,1,9142,九州旅客鉄道,0.09557458758354187,True,0.0,-0.42440318302386926,S01_DENSITY_RATIO_RECENT,S01_DENSITY_RATIO_RECENT_K2,2,True
2025-06-10,2,1882,東亜道路⼯業,0.09550903737545013,True,0.0,-0.2666666666666706,S01_DENSITY_RATIO_RECENT,S01_DENSITY_RATIO_RECENT_K2,2,True
2025-06-11,1,175A,Ｗｉｌｌ Ｓｍａｒｔ,0.1049497202038765,True,1.0,2.1437578814627933,S01_DENSITY_RATIO_RECENT,S01_DENSITY_RATIO_RECENT_K2,2,True
2025-06-11,2,6570,共和コーポレーション,0.10160299390554428,True,1.0,0.5117707267144223,S01_DENSITY_RATIO_RECENT,S01_DENSITY_RATIO_RECENT_K2,2,True
2025-06-12,1,7255,桜井製作所,0.10762020200490952,True,1.0,1.5706806282722585,S01_DENSITY_RATIO_RECENT,S01_DENSITY_RATIO_RECENT_K2,2,True
2025-06-12,2,7345,アイ・パートナーズフィナンシャル,0.10688414424657822,True,0.0,0.0,S01_DENSITY_RATIO_RECENT,S01_DENSITY_RATIO_RECENT_K2,2,True
2025-06-13,1,1866,北野建設,0.11267215758562088,True,1.0,2.9484029484029506,S01_DENSITY_RATIO_RECENT,S01_DENSITY_RATIO_RECENT_K2,2,True
2025-06-13,2,7345,アイ・パートナーズフィナンシャル,0.11129484325647354,True,0.0,-0.8960573476702538,S01_DENSITY_RATIO_RECENT,S01_DENSITY_RATIO_RECENT_K2,2,True
2025-06-16,1,7345,アイ・パートナーズフィナンシャル,0.13428200781345367,True,1.0,2.177858439201441,S01_DENSITY_RATIO_RECENT,S01_DENSITY_RATIO_RECENT_K2,2,True
2025-06-16,2,3441,山王,0.10622415691614151,True,1.0,2.4801587301587213,S01_DENSITY_RATIO_RECENT,S01_DENSITY_RATIO_RECENT_K2,2,True
2025-06-17,1,3843,フリービット,0.13005247712135315,True,1.0,0.3518648838845895,S01_DENSITY_RATIO_RECENT,S01_DENSITY_RATIO_RECENT_K2,2,True
2025-06-17,2,7255,桜井製作所,0.1226838156580925,True,1.0,1.7513134851138368,S01_DENSITY_RATIO_RECENT,S01_DENSITY_RATIO_RECENT_K2,2,True
2025-06-18,1,7058,共栄セキュリティーサービス,0.11194689571857452,True,1.0,3.462321792260692,S01_DENSITY_RATIO_RECENT,S01_DENSITY_RATIO_RECENT_K2,2,True
2025-06-18,2,7255,桜井製作所,0.1108940839767456,True,1.0,0.17241379310344307,S01_DENSITY_RATIO_RECENT,S01_DENSITY_RATIO_RECENT_K2,2,True
2025-06-19,1,9767,日建⼯学,0.12432155758142471,True,1.0,1.6702977487291104,S01_DENSITY_RATIO_RECENT,S01_DENSITY_RATIO_RECENT_K2,2,True
2025-06-19,2,3843,フリービット,0.11198727786540985,True,0.0,-0.6271777003484358,S01_DENSITY_RATIO_RECENT,S01_DENSITY_RATIO_RECENT_K2,2,True
2025-06-20,1,3843,フリービット,0.10917596518993378,True,0.0,-1.480959097320167,S01_DENSITY_RATIO_RECENT,S01_DENSITY_RATIO_RECENT_K2,2,True
2025-06-20,2,7255,桜井製作所,0.10296085476875305,True,1.0,0.8635578583765069,S01_DENSITY_RATIO_RECENT,S01_DENSITY_RATIO_RECENT_K2,2,True
2025-06-23,1,6648,かわでん,0.11221152544021606,True,1.0,0.11428571428571122,S01_DENSITY_RATIO_RECENT,S01_DENSITY_RATIO_RECENT_K2,2,True
2025-06-23,2,9691,両毛システムズ,0.11005985736846924,True,1.0,2.1021021021021102,S01_DENSITY_RATIO_RECENT,S01_DENSITY_RATIO_RECENT_K2,2,True
2025-06-24,1,2327,日鉄ソリューションズ,0.10708779841661453,True,0.0,-0.42918454935622075,S01_DENSITY_RATIO_RECENT,S01_DENSITY_RATIO_RECENT_K2,2,True
2025-06-24,2,7043,アルー,0.10250754654407501,True,1.0,0.5221932114882533,S01_DENSITY_RATIO_RECENT,S01_DENSITY_RATIO_RECENT_K2,2,True
2025-06-25,1,4437,ｇｏｏｄｄａｙｓホールディングス,0.11825519055128098,True,0.0,-0.295857988165682,S01_DENSITY_RATIO_RECENT,S01_DENSITY_RATIO_RECENT_K2,2,True
2025-06-25,2,6201,豊⽥自動織機,0.1090928390622139,True,1.0,0.06134969325153339,S01_DENSITY_RATIO_RECENT,S01_DENSITY_RATIO_RECENT_K2,2,True
2025-06-26,1,4437,ｇｏｏｄｄａｙｓホールディングス,0.10400034487247467,True,1.0,1.5037593984962516,S01_DENSITY_RATIO_RECENT,S01_DENSITY_RATIO_RECENT_K2,2,True
2025-06-26,2,6201,豊⽥自動織機,0.09946390986442566,True,0.0,-0.06131207847945852,S01_DENSITY_RATIO_RECENT,S01_DENSITY_RATIO_RECENT_K2,2,True
2025-06-27,1,4437,ｇｏｏｄｄａｙｓホールディングス,0.10478686541318893,True,1.0,0.14792899408284654,S01_DENSITY_RATIO_RECENT,S01_DENSITY_RATIO_RECENT_K2,2,True
2025-06-27,2,6648,かわでん,0.10303046554327011,True,0.0,-1.851851851851849,S01_DENSITY_RATIO_RECENT,S01_DENSITY_RATIO_RECENT_K2,2,True
2025-06-30,1,4437,ｇｏｏｄｄａｙｓホールディングス,0.12531928718090057,True,1.0,1.4925373134328401,S01_DENSITY_RATIO_RECENT,S01_DENSITY_RATIO_RECENT_K2,2,True
2025-06-30,2,7043,アルー,0.1250680834054947,True,1.0,0.9150326797385588,S01_DENSITY_RATIO_RECENT,S01_DENSITY_RATIO_RECENT_K2,2,True
2025-07-01,1,4437,ｇｏｏｄｄａｙｓホールディングス,0.11646837741136551,True,0.0,-0.7299270072992692,S01_DENSITY_RATIO_RECENT,S01_DENSITY_RATIO_RECENT_K2,2,True
2025-07-01,2,9361,伏木海陸運送,0.11087029427289963,True,0.0,-0.3056234718826434,S01_DENSITY_RATIO_RECENT,S01_DENSITY_RATIO_RECENT_K2,2,True
2025-07-02,1,7043,アルー,0.10550907999277115,True,,,S01_DENSITY_RATIO_RECENT,S01_DENSITY_RATIO_RECENT_K2,2,False
2025-07-02,2,9331,キャスター,0.10415663570165634,True,0.0,-0.23041474654378336,S01_DENSITY_RATIO_RECENT,S01_DENSITY_RATIO_RECENT_K2,2,True
2025-07-03,1,7043,アルー,0.144819974899292,True,1.0,0.5221932114882533,S01_DENSITY_RATIO_RECENT,S01_DENSITY_RATIO_RECENT_K2,2,True
2025-07-03,2,4391,ロジザード,0.09659259766340256,True,0.0,0.0,S01_DENSITY_RATIO_RECENT,S01_DENSITY_RATIO_RECENT_K2,2,True
2025-07-04,1,7043,アルー,0.11868930608034134,True,1.0,0.26041666666667407,S01_DENSITY_RATIO_RECENT,S01_DENSITY_RATIO_RECENT_K2,2,True
2025-07-04,2,4391,ロジザード,0.09257984161376953,True,0.0,-1.56378600823045,S01_DENSITY_RATIO_RECENT,S01_DENSITY_RATIO_RECENT_K2,2,True
2025-07-07,1,7043,アルー,0.11966203153133392,True,1.0,0.26041666666667407,S01_DENSITY_RATIO_RECENT,S01_DENSITY_RATIO_RECENT_K2,2,True
2025-07-07,2,2798,ワイズテーブルコーポレーション,0.10917526483535767,True,0.0,-0.8681135225375614,S01_DENSITY_RATIO_RECENT,S01_DENSITY_RATIO_RECENT_K2,2,True
2025-07-08,1,7043,アルー,0.12288206815719604,True,1.0,0.39215686274509665,S01_DENSITY_RATIO_RECENT,S01_DENSITY_RATIO_RECENT_K2,2,True
2025-07-08,2,2798,ワイズテーブルコーポレーション,0.10490100085735321,True,0.0,-0.03370407819346388,S01_DENSITY_RATIO_RECENT,S01_DENSITY_RATIO_RECENT_K2,2,True
2025-07-09,1,7043,アルー,0.14680062234401703,True,1.0,0.78125,S01_DENSITY_RATIO_RECENT,S01_DENSITY_RATIO_RECENT_K2,2,True
2025-07-09,2,9364,上組,0.1083141565322876,True,1.0,1.3131813676907855,S01_DENSITY_RATIO_RECENT,S01_DENSITY_RATIO_RECENT_K2,2,True
2025-07-10,1,7043,アルー,0.12488657236099243,True,1.0,0.3896103896103842,S01_DENSITY_RATIO_RECENT,S01_DENSITY_RATIO_RECENT_K2,2,True
2025-07-10,2,4437,ｇｏｏｄｄａｙｓホールディングス,0.12414141744375229,True,1.0,0.4411764705882337,S01_DENSITY_RATIO_RECENT,S01_DENSITY_RATIO_RECENT_K2,2,True
2025-07-11,1,4437,ｇｏｏｄｄａｙｓホールディングス,0.12478990852832794,True,1.0,0.2928257686676483,S01_DENSITY_RATIO_RECENT,S01_DENSITY_RATIO_RECENT_K2,2,True
2025-07-11,2,7043,アルー,0.11559810489416122,True,1.0,0.6518904823989535,S01_DENSITY_RATIO_RECENT,S01_DENSITY_RATIO_RECENT_K2,2,True
2025-07-14,1,4437,ｇｏｏｄｄａｙｓホールディングス,0.12977442145347595,True,0.0,-0.7246376811594235,S01_DENSITY_RATIO_RECENT,S01_DENSITY_RATIO_RECENT_K2,2,True
2025-07-14,2,7043,アルー,0.1242494210600853,True,0.0,-0.13003901170350884,S01_DENSITY_RATIO_RECENT,S01_DENSITY_RATIO_RECENT_K2,2,True
2025-07-15,1,7043,アルー,0.12960825860500336,True,0.0,0.0,S01_DENSITY_RATIO_RECENT,S01_DENSITY_RATIO_RECENT_K2,2,True
2025-07-15,2,4976,東洋ドライルーブ,0.11781281232833862,True,0.0,-0.37359900373599153,S01_DENSITY_RATIO_RECENT,S01_DENSITY_RATIO_RECENT_K2,2,True
2025-07-16,1,7043,アルー,0.1159481331706047,True,1.0,0.6493506493506551,S01_DENSITY_RATIO_RECENT,S01_DENSITY_RATIO_RECENT_K2,2,True
2025-07-16,2,4437,ｇｏｏｄｄａｙｓホールディングス,0.10164415091276169,True,1.0,2.499999999999991,S01_DENSITY_RATIO_RECENT,S01_DENSITY_RATIO_RECENT_K2,2,True
2025-07-17,1,7043,アルー,0.11656855046749115,True,1.0,0.2600780234070177,S01_DENSITY_RATIO_RECENT,S01_DENSITY_RATIO_RECENT_K2,2,True
2025-07-17,2,6558,クックビズ,0.1027543768286705,True,0.0,0.0,S01_DENSITY_RATIO_RECENT,S01_DENSITY_RATIO_RECENT_K2,2,True
2025-07-18,1,7043,アルー,0.13323630392551422,True,1.0,0.1290322580645098,S01_DENSITY_RATIO_RECENT,S01_DENSITY_RATIO_RECENT_K2,2,True
2025-07-18,2,7808,シー・エス・ランバー,0.1044556051492691,True,1.0,0.33444816053511683,S01_DENSITY_RATIO_RECENT,S01_DENSITY_RATIO_RECENT_K2,2,True
2025-07-22,1,7043,アルー,0.1256793588399887,True,1.0,2.05920205920207,S01_DENSITY_RATIO_RECENT,S01_DENSITY_RATIO_RECENT_K2,2,True
2025-07-22,2,5945,天龍製鋸,0.09300421923398972,True,1.0,0.5208333333333259,S01_DENSITY_RATIO_RECENT,S01_DENSITY_RATIO_RECENT_K2,2,True
2025-07-23,1,7808,シー・エス・ランバー,0.09794065356254578,True,1.0,0.4366812227074135,S01_DENSITY_RATIO_RECENT,S01_DENSITY_RATIO_RECENT_K2,2,True
2025-07-23,2,5945,天龍製鋸,0.09302516281604767,True,1.0,0.4145077720207224,S01_DENSITY_RATIO_RECENT,S01_DENSITY_RATIO_RECENT_K2,2,True
2025-07-24,1,7808,シー・エス・ランバー,0.11745148152112961,True,1.0,1.655629139072845,S01_DENSITY_RATIO_RECENT,S01_DENSITY_RATIO_RECENT_K2,2,True
2025-07-24,2,7634,星医療酸器,0.11494118720293045,True,0.0,0.0,S01_DENSITY_RATIO_RECENT,S01_DENSITY_RATIO_RECENT_K2,2,True
2025-07-25,1,7634,星医療酸器,0.1253407597541809,True,1.0,0.439560439560438,S01_DENSITY_RATIO_RECENT,S01_DENSITY_RATIO_RECENT_K2,2,True
2025-07-25,2,7043,アルー,0.11996372044086456,True,0.0,-0.25094102885822034,S01_DENSITY_RATIO_RECENT,S01_DENSITY_RATIO_RECENT_K2,2,True
2025-07-28,1,7634,星医療酸器,0.12587019801139832,True,0.0,0.0,S01_DENSITY_RATIO_RECENT,S01_DENSITY_RATIO_RECENT_K2,2,True
2025-07-28,2,9259,タカヨシホールディングス,0.12020368129014969,True,0.0,-0.14265335235378318,S01_DENSITY_RATIO_RECENT,S01_DENSITY_RATIO_RECENT_K2,2,True
2025-07-29,1,9259,タカヨシホールディングス,0.1190415769815445,True,0.0,0.0,S01_DENSITY_RATIO_RECENT,S01_DENSITY_RATIO_RECENT_K2,2,True
2025-07-29,2,7043,アルー,0.11796791106462479,True,0.0,-0.37641154328732496,S01_DENSITY_RATIO_RECENT,S01_DENSITY_RATIO_RECENT_K2,2,True
2025-07-30,1,7043,アルー,0.11946985125541687,True,1.0,2.130325814536338,S01_DENSITY_RATIO_RECENT,S01_DENSITY_RATIO_RECENT_K2,2,True
2025-07-30,2,9345,ビズメイツ,0.1133866235613823,True,0.0,-0.20202020202020332,S01_DENSITY_RATIO_RECENT,S01_DENSITY_RATIO_RECENT_K2,2,True
2025-07-31,1,9254,ラバブルマーケティンググループ,0.11468219757080078,True,1.0,1.717967072297788,S01_DENSITY_RATIO_RECENT,S01_DENSITY_RATIO_RECENT_K2,2,True
2025-07-31,2,9259,タカヨシホールディングス,0.11458325386047363,True,1.0,0.14265335235377208,S01_DENSITY_RATIO_RECENT,S01_DENSITY_RATIO_RECENT_K2,2,True
2024-07-01,1,,,,,,,S02_COVARIATE_CHANGEPOINT_RESET,S02_COVARIATE_CHANGEPOINT_RESET_K1,1,False
2024-07-02,1,,,,,,,S02_COVARIATE_CHANGEPOINT_RESET,S02_COVARIATE_CHANGEPOINT_RESET_K1,1,False
2024-07-03,1,,,,,,,S02_COVARIATE_CHANGEPOINT_RESET,S02_COVARIATE_CHANGEPOINT_RESET_K1,1,False
2024-07-04,1,,,,,,,S02_COVARIATE_CHANGEPOINT_RESET,S02_COVARIATE_CHANGEPOINT_RESET_K1,1,False
2024-07-05,1,,,,,,,S02_COVARIATE_CHANGEPOINT_RESET,S02_COVARIATE_CHANGEPOINT_RESET_K1,1,False
2024-07-08,1,,,,,,,S02_COVARIATE_CHANGEPOINT_RESET,S02_COVARIATE_CHANGEPOINT_RESET_K1,1,False
2024-07-09,1,,,,,,,S02_COVARIATE_CHANGEPOINT_RESET,S02_COVARIATE_CHANGEPOINT_RESET_K1,1,False
2024-07-10,1,,,,,,,S02_COVARIATE_CHANGEPOINT_RESET,S02_COVARIATE_CHANGEPOINT_RESET_K1,1,False
2024-07-11,1,,,,,,,S02_COVARIATE_CHANGEPOINT_RESET,S02_COVARIATE_CHANGEPOINT_RESET_K1,1,False
2024-07-12,1,,,,,,,S02_COVARIATE_CHANGEPOINT_RESET,S02_COVARIATE_CHANGEPOINT_RESET_K1,1,False
2024-07-16,1,,,,,,,S02_COVARIATE_CHANGEPOINT_RESET,S02_COVARIATE_CHANGEPOINT_RESET_K1,1,False
2024-07-17,1,,,,,,,S02_COVARIATE_CHANGEPOINT_RESET,S02_COVARIATE_CHANGEPOINT_RESET_K1,1,False
2024-07-18,1,,,,,,,S02_COVARIATE_CHANGEPOINT_RESET,S02_COVARIATE_CHANGEPOINT_RESET_K1,1,False
2024-07-19,1,,,,,,,S02_COVARIATE_CHANGEPOINT_RESET,S02_COVARIATE_CHANGEPOINT_RESET_K1,1,False
2024-07-22,1,,,,,,,S02_COVARIATE_CHANGEPOINT_RESET,S02_COVARIATE_CHANGEPOINT_RESET_K1,1,False
2024-07-23,1,,,,,,,S02_COVARIATE_CHANGEPOINT_RESET,S02_COVARIATE_CHANGEPOINT_RESET_K1,1,False
2024-07-24,1,,,,,,,S02_COVARIATE_CHANGEPOINT_RESET,S02_COVARIATE_CHANGEPOINT_RESET_K1,1,False
2024-07-25,1,,,,,,,S02_COVARIATE_CHANGEPOINT_RESET,S02_COVARIATE_CHANGEPOINT_RESET_K1,1,False
2024-07-26,1,,,,,,,S02_COVARIATE_CHANGEPOINT_RESET,S02_COVARIATE_CHANGEPOINT_RESET_K1,1,False
2024-07-29,1,,,,,,,S02_COVARIATE_CHANGEPOINT_RESET,S02_COVARIATE_CHANGEPOINT_RESET_K1,1,False
2024-07-30,1,,,,,,,S02_COVARIATE_CHANGEPOINT_RESET,S02_COVARIATE_CHANGEPOINT_RESET_K1,1,False
2024-07-31,1,,,,,,,S02_COVARIATE_CHANGEPOINT_RESET,S02_COVARIATE_CHANGEPOINT_RESET_K1,1,False
2024-08-01,1,8139,ナガホリ,0.13128983974456787,True,1.0,2.3668639053254337,S02_COVARIATE_CHANGEPOINT_RESET,S02_COVARIATE_CHANGEPOINT_RESET_K1,1,True
2024-08-02,1,7046,ＴＤＳＥ,0.15224745869636536,True,0.0,-8.113207547169809,S02_COVARIATE_CHANGEPOINT_RESET,S02_COVARIATE_CHANGEPOINT_RESET_K1,1,True
2024-08-05,1,7046,ＴＤＳＥ,0.1511985957622528,True,0.0,-10.760953112990013,S02_COVARIATE_CHANGEPOINT_RESET,S02_COVARIATE_CHANGEPOINT_RESET_K1,1,True
2024-08-06,1,9162,ブリーチ,0.1605183184146881,True,0.0,0.0,S02_COVARIATE_CHANGEPOINT_RESET,S02_COVARIATE_CHANGEPOINT_RESET_K1,1,True
2024-08-07,1,4814,ネクストウェア,0.1314300000667572,True,1.0,4.8387096774193505,S02_COVARIATE_CHANGEPOINT_RESET,S02_COVARIATE_CHANGEPOINT_RESET_K1,1,True
2024-08-08,1,7043,アルー,0.08514095097780228,True,1.0,0.3597122302158251,S02_COVARIATE_CHANGEPOINT_RESET,S02_COVARIATE_CHANGEPOINT_RESET_K1,1,True
2024-08-09,1,4445,リビン・テクノロジーズ,0.10829319804906845,True,1.0,1.0928961748633892,S02_COVARIATE_CHANGEPOINT_RESET,S02_COVARIATE_CHANGEPOINT_RESET_K1,1,True
2024-08-13,1,8139,ナガホリ,0.1353517770767212,True,1.0,0.5098324836125379,S02_COVARIATE_CHANGEPOINT_RESET,S02_COVARIATE_CHANGEPOINT_RESET_K1,1,True
2024-08-14,1,7043,アルー,0.18677592277526855,True,1.0,3.409090909090917,S02_COVARIATE_CHANGEPOINT_RESET,S02_COVARIATE_CHANGEPOINT_RESET_K1,1,True
2024-08-15,1,8139,ナガホリ,0.148178368806839,True,0.0,-1.1594202898550732,S02_COVARIATE_CHANGEPOINT_RESET,S02_COVARIATE_CHANGEPOINT_RESET_K1,1,True
2024-08-16,1,7043,アルー,0.17236393690109253,True,0.0,-0.4987531172069848,S02_COVARIATE_CHANGEPOINT_RESET,S02_COVARIATE_CHANGEPOINT_RESET_K1,1,True
2024-08-19,1,7043,アルー,0.14652284979820251,True,0.0,-0.5031446540880502,S02_COVARIATE_CHANGEPOINT_RESET,S02_COVARIATE_CHANGEPOINT_RESET_K1,1,True
2024-08-20,1,7043,アルー,0.14440646767616272,True,0.0,-0.37641154328732496,S02_COVARIATE_CHANGEPOINT_RESET,S02_COVARIATE_CHANGEPOINT_RESET_K1,1,True
2024-08-21,1,7043,アルー,0.13025036454200745,True,1.0,0.6369426751592355,S02_COVARIATE_CHANGEPOINT_RESET,S02_COVARIATE_CHANGEPOINT_RESET_K1,1,True
2024-08-22,1,7043,アルー,0.13666316866874695,True,0.0,-0.37783375314861534,S02_COVARIATE_CHANGEPOINT_RESET,S02_COVARIATE_CHANGEPOINT_RESET_K1,1,True
2024-08-23,1,7043,アルー,0.12790247797966003,True,0.0,-1.4981273408239737,S02_COVARIATE_CHANGEPOINT_RESET,S02_COVARIATE_CHANGEPOINT_RESET_K1,1,True
2024-08-26,1,7043,アルー,0.11927195638418198,True,1.0,0.25316455696202667,S02_COVARIATE_CHANGEPOINT_RESET,S02_COVARIATE_CHANGEPOINT_RESET_K1,1,True
2024-08-27,1,4445,リビン・テクノロジーズ,0.1311091184616089,True,0.0,0.0,S02_COVARIATE_CHANGEPOINT_RESET,S02_COVARIATE_CHANGEPOINT_RESET_K1,1,True
2024-08-28,1,9914,植松商会,0.15169617533683777,True,,,S02_COVARIATE_CHANGEPOINT_RESET,S02_COVARIATE_CHANGEPOINT_RESET_K1,1,False
2024-08-29,1,9914,植松商会,0.14639592170715332,True,1.0,0.28571428571428914,S02_COVARIATE_CHANGEPOINT_RESET,S02_COVARIATE_CHANGEPOINT_RESET_K1,1,True
2024-08-30,1,3991,ウォンテッドリー,0.16925939917564392,True,0.0,-0.42016806722688926,S02_COVARIATE_CHANGEPOINT_RESET,S02_COVARIATE_CHANGEPOINT_RESET_K1,1,True
2024-09-02,1,3436,ＳＵＭＣＯ,0.17311632633209229,True,0.0,-1.4335868929198359,S02_COVARIATE_CHANGEPOINT_RESET,S02_COVARIATE_CHANGEPOINT_RESET_K1,1,True
2024-09-03,1,3436,ＳＵＭＣＯ,0.16036146879196167,True,0.0,-2.500000000000002,S02_COVARIATE_CHANGEPOINT_RESET,S02_COVARIATE_CHANGEPOINT_RESET_K1,1,True
2024-09-04,1,3436,ＳＵＭＣＯ,0.1510230004787445,True,0.0,-2.1935483870967776,S02_COVARIATE_CHANGEPOINT_RESET,S02_COVARIATE_CHANGEPOINT_RESET_K1,1,True
2024-09-05,1,3436,ＳＵＭＣＯ,0.15019679069519043,True,0.0,-0.8289124668435011,S02_COVARIATE_CHANGEPOINT_RESET,S02_COVARIATE_CHANGEPOINT_RESET_K1,1,True
2024-09-06,1,3436,ＳＵＭＣＯ,0.1530219316482544,True,0.0,-0.29890401859846705,S02_COVARIATE_CHANGEPOINT_RESET,S02_COVARIATE_CHANGEPOINT_RESET_K1,1,True
2024-09-09,1,7273,イクヨ,0.16928987205028534,True,,,S02_COVARIATE_CHANGEPOINT_RESET,S02_COVARIATE_CHANGEPOINT_RESET_K1,1,False
2024-09-10,1,7273,イクヨ,0.16493606567382812,True,,,S02_COVARIATE_CHANGEPOINT_RESET,S02_COVARIATE_CHANGEPOINT_RESET_K1,1,False
2024-09-11,1,4445,リビン・テクノロジーズ,0.16515010595321655,True,1.0,1.1148272017837302,S02_COVARIATE_CHANGEPOINT_RESET,S02_COVARIATE_CHANGEPOINT_RESET_K1,1,True
2024-09-12,1,7069,サイバー・バズ,0.16056767106056213,True,0.0,-2.512998266897748,S02_COVARIATE_CHANGEPOINT_RESET,S02_COVARIATE_CHANGEPOINT_RESET_K1,1,True
2024-09-13,1,8746,ＵＮＢＡＮＫＥＤ,0.13688154518604279,True,1.0,0.917431192660545,S02_COVARIATE_CHANGEPOINT_RESET,S02_COVARIATE_CHANGEPOINT_RESET_K1,1,True
2024-09-17,1,7689,コパ・コーポレーション,0.13210175931453705,True,0.0,-0.8264462809917328,S02_COVARIATE_CHANGEPOINT_RESET,S02_COVARIATE_CHANGEPOINT_RESET_K1,1,True
2024-09-18,1,3436,ＳＵＭＣＯ,0.14288614690303802,True,1.0,2.2424667133847276,S02_COVARIATE_CHANGEPOINT_RESET,S02_COVARIATE_CHANGEPOINT_RESET_K1,1,True
2024-09-19,1,4884,クリングルファーマ,0.17660151422023773,True,1.0,4.8309178743961345,S02_COVARIATE_CHANGEPOINT_RESET,S02_COVARIATE_CHANGEPOINT_RESET_K1,1,True
2024-09-20,1,5247,ＢＴＭ,0.15760716795921326,True,1.0,1.610169491525415,S02_COVARIATE_CHANGEPOINT_RESET,S02_COVARIATE_CHANGEPOINT_RESET_K1,1,True
2024-09-24,1,4884,クリングルファーマ,0.1395283192396164,True,0.0,-1.94508009153318,S02_COVARIATE_CHANGEPOINT_RESET,S02_COVARIATE_CHANGEPOINT_RESET_K1,1,True
2024-09-25,1,5247,ＢＴＭ,0.1507614552974701,True,1.0,2.7205276174773196,S02_COVARIATE_CHANGEPOINT_RESET,S02_COVARIATE_CHANGEPOINT_RESET_K1,1,True
2024-09-26,1,3092,ＺＯＺＯ,0.12933014333248138,True,1.0,3.1114774366371334,S02_COVARIATE_CHANGEPOINT_RESET,S02_COVARIATE_CHANGEPOINT_RESET_K1,1,True
2024-09-27,1,3787,テクノマセマティカル,0.15751248598098755,True,1.0,1.6245487364620947,S02_COVARIATE_CHANGEPOINT_RESET,S02_COVARIATE_CHANGEPOINT_RESET_K1,1,True
2024-09-30,1,7886,ヤマト・インダストリー,0.16449828445911407,True,,,S02_COVARIATE_CHANGEPOINT_RESET,S02_COVARIATE_CHANGEPOINT_RESET_K1,1,False
2024-10-01,1,3787,テクノマセマティカル,0.11998327076435089,True,1.0,0.17152658662091813,S02_COVARIATE_CHANGEPOINT_RESET,S02_COVARIATE_CHANGEPOINT_RESET_K1,1,True
2024-10-02,1,7815,東京ボード⼯業,0.1381004899740219,True,1.0,0.670016750418756,S02_COVARIATE_CHANGEPOINT_RESET,S02_COVARIATE_CHANGEPOINT_RESET_K1,1,True
2024-10-03,1,7815,東京ボード⼯業,0.13490726053714752,True,1.0,0.9819967266775809,S02_COVARIATE_CHANGEPOINT_RESET,S02_COVARIATE_CHANGEPOINT_RESET_K1,1,True
2024-10-04,1,7815,東京ボード⼯業,0.11587919294834137,True,1.0,2.2364217252396124,S02_COVARIATE_CHANGEPOINT_RESET,S02_COVARIATE_CHANGEPOINT_RESET_K1,1,True
2024-10-07,1,3804,システム ディ,0.09441322088241577,True,0.0,-0.3676470588235281,S02_COVARIATE_CHANGEPOINT_RESET,S02_COVARIATE_CHANGEPOINT_RESET_K1,1,True
2024-10-08,1,2229,カルビー,0.11969298124313354,True,1.0,0.5899705014749346,S02_COVARIATE_CHANGEPOINT_RESET,S02_COVARIATE_CHANGEPOINT_RESET_K1,1,True
2024-10-09,1,2334,イオレ,0.125059112906456,True,0.0,-0.30674846625766694,S02_COVARIATE_CHANGEPOINT_RESET,S02_COVARIATE_CHANGEPOINT_RESET_K1,1,True
2024-10-10,1,2334,イオレ,0.1342889964580536,True,1.0,0.9230769230769154,S02_COVARIATE_CHANGEPOINT_RESET,S02_COVARIATE_CHANGEPOINT_RESET_K1,1,True
2024-10-11,1,2334,イオレ,0.1296420693397522,True,0.0,-0.1524390243902385,S02_COVARIATE_CHANGEPOINT_RESET,S02_COVARIATE_CHANGEPOINT_RESET_K1,1,True
2024-10-15,1,2334,イオレ,0.11068147420883179,True,0.0,-0.3039513677811523,S02_COVARIATE_CHANGEPOINT_RESET,S02_COVARIATE_CHANGEPOINT_RESET_K1,1,True
2024-10-16,1,8871,ゴールドクレスト,0.11994136869907379,True,1.0,2.8037383177569986,S02_COVARIATE_CHANGEPOINT_RESET,S02_COVARIATE_CHANGEPOINT_RESET_K1,1,True
2024-10-17,1,6543,日宣,0.09977420419454575,True,0.0,-1.526717557251911,S02_COVARIATE_CHANGEPOINT_RESET,S02_COVARIATE_CHANGEPOINT_RESET_K1,1,True
2024-10-18,1,3038,神⼾物産,0.1032751053571701,True,1.0,0.26271793647003605,S02_COVARIATE_CHANGEPOINT_RESET,S02_COVARIATE_CHANGEPOINT_RESET_K1,1,True
2024-10-21,1,6543,日宣,0.0964316874742508,True,0.0,-0.6211180124223614,S02_COVARIATE_CHANGEPOINT_RESET,S02_COVARIATE_CHANGEPOINT_RESET_K1,1,True
2024-10-22,1,7072,インティメート・マージャー,0.1068899855017662,True,0.0,-0.8474576271186418,S02_COVARIATE_CHANGEPOINT_RESET,S02_COVARIATE_CHANGEPOINT_RESET_K1,1,True
2024-10-23,1,8871,ゴールドクレスト,0.13221773505210876,True,0.0,-2.7156549520766737,S02_COVARIATE_CHANGEPOINT_RESET,S02_COVARIATE_CHANGEPOINT_RESET_K1,1,True
2024-10-24,1,8871,ゴールドクレスト,0.1408195048570633,True,1.0,0.8291873963515828,S02_COVARIATE_CHANGEPOINT_RESET,S02_COVARIATE_CHANGEPOINT_RESET_K1,1,True
2024-10-25,1,8871,ゴールドクレスト,0.1297725886106491,True,1.0,0.6557377049180246,S02_COVARIATE_CHANGEPOINT_RESET,S02_COVARIATE_CHANGEPOINT_RESET_K1,1,True
2024-10-28,1,8871,ゴールドクレスト,0.1294449269771576,True,0.0,-2.1035598705501646,S02_COVARIATE_CHANGEPOINT_RESET,S02_COVARIATE_CHANGEPOINT_RESET_K1,1,True
2024-10-29,1,8871,ゴールドクレスト,0.13803322613239288,True,0.0,-0.658978583196046,S02_COVARIATE_CHANGEPOINT_RESET,S02_COVARIATE_CHANGEPOINT_RESET_K1,1,True
2024-10-30,1,7379,サーキュレーション,0.128126859664917,True,1.0,1.1513157894736947,S02_COVARIATE_CHANGEPOINT_RESET,S02_COVARIATE_CHANGEPOINT_RESET_K1,1,True
2024-10-31,1,8871,ゴールドクレスト,0.1183011457324028,True,0.0,-0.5647840531561421,S02_COVARIATE_CHANGEPOINT_RESET,S02_COVARIATE_CHANGEPOINT_RESET_K1,1,True
2024-11-01,1,6196,ストライク,0.16146521270275116,True,1.0,3.43878954607979,S02_COVARIATE_CHANGEPOINT_RESET,S02_COVARIATE_CHANGEPOINT_RESET_K1,1,True
2024-11-05,1,4091,日本酸素ホールディングス,0.19686393439769745,True,1.0,2.499999999999991,S02_COVARIATE_CHANGEPOINT_RESET,S02_COVARIATE_CHANGEPOINT_RESET_K1,1,True
2024-11-06,1,6141,ＤＭＧ森精機,0.18121542036533356,True,1.0,3.2380231016852834,S02_COVARIATE_CHANGEPOINT_RESET,S02_COVARIATE_CHANGEPOINT_RESET_K1,1,True
2024-11-07,1,6670,ＭＣＪ,0.13726136088371277,True,1.0,0.14440433212996595,S02_COVARIATE_CHANGEPOINT_RESET,S02_COVARIATE_CHANGEPOINT_RESET_K1,1,True
2024-11-08,1,4091,日本酸素ホールディングス,0.1546250879764557,True,0.0,-0.9712750568299233,S02_COVARIATE_CHANGEPOINT_RESET,S02_COVARIATE_CHANGEPOINT_RESET_K1,1,True
2024-11-11,1,6976,太陽誘電,0.1924634873867035,True,1.0,2.0302375809935214,S02_COVARIATE_CHANGEPOINT_RESET,S02_COVARIATE_CHANGEPOINT_RESET_K1,1,True
2024-11-12,1,4634,ａｒｔｉｅｎｃｅ,0.17366774380207062,True,0.0,-1.449275362318836,S02_COVARIATE_CHANGEPOINT_RESET,S02_COVARIATE_CHANGEPOINT_RESET_K1,1,True
2024-11-13,1,9259,タカヨシホールディングス,0.14835521578788757,True,0.0,-2.1630615640598982,S02_COVARIATE_CHANGEPOINT_RESET,S02_COVARIATE_CHANGEPOINT_RESET_K1,1,True
2024-11-14,1,3788,ＧＭＯグローバルサイン・ホールディングス,0.1858496069908142,True,1.0,4.1387465510445365,S02_COVARIATE_CHANGEPOINT_RESET,S02_COVARIATE_CHANGEPOINT_RESET_K1,1,True
2024-11-15,1,4527,ロート製薬,0.19664710760116577,True,0.0,-3.226375176304652,S02_COVARIATE_CHANGEPOINT_RESET,S02_COVARIATE_CHANGEPOINT_RESET_K1,1,True
2024-11-18,1,6061,ユニバーサル園芸社,0.19854481518268585,True,1.0,1.7543859649122862,S02_COVARIATE_CHANGEPOINT_RESET,S02_COVARIATE_CHANGEPOINT_RESET_K1,1,True
2024-11-19,1,3191,ジョイフル本⽥,0.14418572187423706,True,1.0,1.8686296715741735,S02_COVARIATE_CHANGEPOINT_RESET,S02_COVARIATE_CHANGEPOINT_RESET_K1,1,True
2024-11-20,1,9073,京極運輸商事,0.18239597976207733,True,0.0,-4.751131221719462,S02_COVARIATE_CHANGEPOINT_RESET,S02_COVARIATE_CHANGEPOINT_RESET_K1,1,True
2024-11-21,1,7718,スター精密,0.1394864022731781,True,1.0,0.3775620280474623,S02_COVARIATE_CHANGEPOINT_RESET,S02_COVARIATE_CHANGEPOINT_RESET_K1,1,True
2024-11-22,1,4267,ライトワークス,0.12976273894309998,True,1.0,1.6650342801175277,S02_COVARIATE_CHANGEPOINT_RESET,S02_COVARIATE_CHANGEPOINT_RESET_K1,1,True
2024-11-25,1,4267,ライトワークス,0.13127616047859192,True,0.0,-0.770712909441229,S02_COVARIATE_CHANGEPOINT_RESET,S02_COVARIATE_CHANGEPOINT_RESET_K1,1,True
2024-11-26,1,4267,ライトワークス,0.16349995136260986,True,1.0,0.9708737864077666,S02_COVARIATE_CHANGEPOINT_RESET,S02_COVARIATE_CHANGEPOINT_RESET_K1,1,True
2024-11-27,1,4267,ライトワークス,0.12197468429803848,True,1.0,1.1650485436893288,S02_COVARIATE_CHANGEPOINT_RESET,S02_COVARIATE_CHANGEPOINT_RESET_K1,1,True
2024-11-28,1,9248,人・夢・技術グループ,0.14143340289592743,True,0.0,-1.807980049875313,S02_COVARIATE_CHANGEPOINT_RESET,S02_COVARIATE_CHANGEPOINT_RESET_K1,1,True
2024-11-29,1,5967,ＴＯＮＥ,0.18685808777809143,True,0.0,-3.2520325203251987,S02_COVARIATE_CHANGEPOINT_RESET,S02_COVARIATE_CHANGEPOINT_RESET_K1,1,True
2024-12-02,1,4465,ニイタカ,0.1295049786567688,True,1.0,0.6511123168746691,S02_COVARIATE_CHANGEPOINT_RESET,S02_COVARIATE_CHANGEPOINT_RESET_K1,1,True
2024-12-03,1,4465,ニイタカ,0.11971911787986755,True,1.0,0.8086253369272267,S02_COVARIATE_CHANGEPOINT_RESET,S02_COVARIATE_CHANGEPOINT_RESET_K1,1,True
2024-12-04,1,4465,ニイタカ,0.12917160987854004,True,0.0,-0.2134471718249764,S02_COVARIATE_CHANGEPOINT_RESET,S02_COVARIATE_CHANGEPOINT_RESET_K1,1,True
2024-12-05,1,4267,ライトワークス,0.1374865621328354,True,0.0,0.0,S02_COVARIATE_CHANGEPOINT_RESET,S02_COVARIATE_CHANGEPOINT_RESET_K1,1,True
2024-12-06,1,4267,ライトワークス,0.12787842750549316,True,0.0,-0.0970873786407811,S02_COVARIATE_CHANGEPOINT_RESET,S02_COVARIATE_CHANGEPOINT_RESET_K1,1,True
2024-12-09,1,4267,ライトワークス,0.12037631869316101,True,1.0,1.4577259475218707,S02_COVARIATE_CHANGEPOINT_RESET,S02_COVARIATE_CHANGEPOINT_RESET_K1,1,True
2024-12-10,1,4267,ライトワークス,0.1258733868598938,True,1.0,0.674373795761074,S02_COVARIATE_CHANGEPOINT_RESET,S02_COVARIATE_CHANGEPOINT_RESET_K1,1,True
2024-12-11,1,7554,幸楽苑,0.1626967489719391,True,0.0,-1.4146772767462457,S02_COVARIATE_CHANGEPOINT_RESET,S02_COVARIATE_CHANGEPOINT_RESET_K1,1,True
2024-12-12,1,3657,ポールトゥウィンホールディングス,0.14171697199344635,True,0.0,-0.46511627906976605,S02_COVARIATE_CHANGEPOINT_RESET,S02_COVARIATE_CHANGEPOINT_RESET_K1,1,True
2024-12-13,1,3770,ザッパラス,0.12603145837783813,True,0.0,-3.8560411311054033,S02_COVARIATE_CHANGEPOINT_RESET,S02_COVARIATE_CHANGEPOINT_RESET_K1,1,True
2024-12-16,1,9159,Ｗ ＴＯＫＹＯ,0.11798760294914246,True,0.0,-1.2820512820512775,S02_COVARIATE_CHANGEPOINT_RESET,S02_COVARIATE_CHANGEPOINT_RESET_K1,1,True
2024-12-17,1,3452,ビーロット,0.1561426818370819,True,0.0,-4.014869888475836,S02_COVARIATE_CHANGEPOINT_RESET,S02_COVARIATE_CHANGEPOINT_RESET_K1,1,True
2024-12-18,1,4267,ライトワークス,0.12870843708515167,True,1.0,1.4778325123152802,S02_COVARIATE_CHANGEPOINT_RESET,S02_COVARIATE_CHANGEPOINT_RESET_K1,1,True
2024-12-19,1,7064,ハウテレビジョン,0.11888201534748077,True,1.0,1.6326530612244872,S02_COVARIATE_CHANGEPOINT_RESET,S02_COVARIATE_CHANGEPOINT_RESET_K1,1,True
2024-12-20,1,7345,アイ・パートナーズフィナンシャル,0.1342414766550064,True,0.0,-1.379310344827589,S02_COVARIATE_CHANGEPOINT_RESET,S02_COVARIATE_CHANGEPOINT_RESET_K1,1,True
2024-12-23,1,9468,ＫＡＤＯＫＡＷＡ,0.17319507896900177,True,1.0,1.2353706111833507,S02_COVARIATE_CHANGEPOINT_RESET,S02_COVARIATE_CHANGEPOINT_RESET_K1,1,True
2024-12-24,1,9159,Ｗ ＴＯＫＹＯ,0.10473588109016418,True,0.0,-1.4609571788413045,S02_COVARIATE_CHANGEPOINT_RESET,S02_COVARIATE_CHANGEPOINT_RESET_K1,1,True
2024-12-25,1,7345,アイ・パートナーズフィナンシャル,0.12736007571220398,True,1.0,0.8960573476702427,S02_COVARIATE_CHANGEPOINT_RESET,S02_COVARIATE_CHANGEPOINT_RESET_K1,1,True
2024-12-26,1,2354,ＹＥ ＤＩＧＩＴＡＬ,0.1455378383398056,True,0.0,-0.8223684210526327,S02_COVARIATE_CHANGEPOINT_RESET,S02_COVARIATE_CHANGEPOINT_RESET_K1,1,True
2024-12-27,1,3800,ユニリタ,0.10331432521343231,True,1.0,0.30105368790767084,S02_COVARIATE_CHANGEPOINT_RESET,S02_COVARIATE_CHANGEPOINT_RESET_K1,1,True
2024-12-30,1,7314,小⽥原機器,0.1548539251089096,True,0.0,-2.749410840534172,S02_COVARIATE_CHANGEPOINT_RESET,S02_COVARIATE_CHANGEPOINT_RESET_K1,1,True
2025-01-06,1,3800,ユニリタ,0.12047959864139557,True,0.0,0.0,S02_COVARIATE_CHANGEPOINT_RESET,S02_COVARIATE_CHANGEPOINT_RESET_K1,1,True
2025-01-07,1,1994,高橋カーテンウォール⼯業,0.11621883511543274,True,0.0,-2.0905923344947785,S02_COVARIATE_CHANGEPOINT_RESET,S02_COVARIATE_CHANGEPOINT_RESET_K1,1,True
2025-01-08,1,1994,高橋カーテンウォール⼯業,0.12793374061584473,True,1.0,1.073345259391778,S02_COVARIATE_CHANGEPOINT_RESET,S02_COVARIATE_CHANGEPOINT_RESET_K1,1,True
2025-01-09,1,3800,ユニリタ,0.11929132044315338,True,0.0,-0.10035122930256435,S02_COVARIATE_CHANGEPOINT_RESET,S02_COVARIATE_CHANGEPOINT_RESET_K1,1,True
2025-01-10,1,7730,マニー,0.1340031772851944,True,0.0,-2.0689655172413834,S02_COVARIATE_CHANGEPOINT_RESET,S02_COVARIATE_CHANGEPOINT_RESET_K1,1,True
2025-01-14,1,9369,キユーソー流通システム,0.11029914021492004,True,0.0,-3.1563845050215256,S02_COVARIATE_CHANGEPOINT_RESET,S02_COVARIATE_CHANGEPOINT_RESET_K1,1,True
2025-01-15,1,4735,京進,0.13327911496162415,True,0.0,-0.7853403141361293,S02_COVARIATE_CHANGEPOINT_RESET,S02_COVARIATE_CHANGEPOINT_RESET_K1,1,True
2025-01-16,1,9250,ＧＲＣＳ,0.18259163200855255,True,0.0,-3.601108033240996,S02_COVARIATE_CHANGEPOINT_RESET,S02_COVARIATE_CHANGEPOINT_RESET_K1,1,True
2025-01-17,1,9250,ＧＲＣＳ,0.09741595387458801,True,0.0,-0.5751258087706712,S02_COVARIATE_CHANGEPOINT_RESET,S02_COVARIATE_CHANGEPOINT_RESET_K1,1,True
2025-01-20,1,3976,シャノン,0.12225282937288284,True,1.0,3.5196687370600444,S02_COVARIATE_CHANGEPOINT_RESET,S02_COVARIATE_CHANGEPOINT_RESET_K1,1,True
2025-01-21,1,9362,兵機海運,0.13872234523296356,True,0.0,0.0,S02_COVARIATE_CHANGEPOINT_RESET,S02_COVARIATE_CHANGEPOINT_RESET_K1,1,True
2025-01-22,1,9241,フューチャーリンクネットワーク,0.12423629313707352,True,1.0,1.6142050040355072,S02_COVARIATE_CHANGEPOINT_RESET,S02_COVARIATE_CHANGEPOINT_RESET_K1,1,True
2025-01-23,1,4437,ｇｏｏｄｄａｙｓホールディングス,0.13351108133792877,True,1.0,0.4484304932735439,S02_COVARIATE_CHANGEPOINT_RESET,S02_COVARIATE_CHANGEPOINT_RESET_K1,1,True
2025-01-24,1,3238,セントラル総合開発,0.140442356467247,True,1.0,0.21052631578948322,S02_COVARIATE_CHANGEPOINT_RESET,S02_COVARIATE_CHANGEPOINT_RESET_K1,1,True
2025-01-27,1,3238,セントラル総合開発,0.15523704886436462,True,0.0,-0.42105263157894424,S02_COVARIATE_CHANGEPOINT_RESET,S02_COVARIATE_CHANGEPOINT_RESET_K1,1,True
2025-01-28,1,166A,タスキホールディングス,0.14218151569366455,True,0.0,-0.6015037593984918,S02_COVARIATE_CHANGEPOINT_RESET,S02_COVARIATE_CHANGEPOINT_RESET_K1,1,True
2025-01-29,1,3238,セントラル総合開発,0.14877654612064362,True,1.0,0.2123142250530785,S02_COVARIATE_CHANGEPOINT_RESET,S02_COVARIATE_CHANGEPOINT_RESET_K1,1,True
2025-01-30,1,2806,ユタカフーズ,0.14673644304275513,True,1.0,0.7268063274903813,S02_COVARIATE_CHANGEPOINT_RESET,S02_COVARIATE_CHANGEPOINT_RESET_K1,1,True
2025-01-31,1,2997,ストレージ王,0.16825328767299652,True,0.0,-1.6913319238900604,S02_COVARIATE_CHANGEPOINT_RESET,S02_COVARIATE_CHANGEPOINT_RESET_K1,1,True
2025-02-03,1,6196,ストライク,0.13864068686962128,True,0.0,-2.8346456692913358,S02_COVARIATE_CHANGEPOINT_RESET,S02_COVARIATE_CHANGEPOINT_RESET_K1,1,True
2025-02-04,1,2491,バリューコマース,0.1502590924501419,True,0.0,-5.000000000000004,S02_COVARIATE_CHANGEPOINT_RESET,S02_COVARIATE_CHANGEPOINT_RESET_K1,1,True
2025-02-05,1,6632,ＪＶＣケンウッド,0.1402672827243805,True,1.0,4.688546550569317,S02_COVARIATE_CHANGEPOINT_RESET,S02_COVARIATE_CHANGEPOINT_RESET_K1,1,True
2025-02-06,1,3844,コムチュア,0.1161358430981636,True,0.0,-1.7664376840039298,S02_COVARIATE_CHANGEPOINT_RESET,S02_COVARIATE_CHANGEPOINT_RESET_K1,1,True
2025-02-07,1,6193,バーチャレクス・ホールディングス,0.10632601380348206,True,0.0,0.0,S02_COVARIATE_CHANGEPOINT_RESET,S02_COVARIATE_CHANGEPOINT_RESET_K1,1,True
2025-02-10,1,2216,カンロ,0.12573522329330444,True,0.0,-1.4598540145985384,S02_COVARIATE_CHANGEPOINT_RESET,S02_COVARIATE_CHANGEPOINT_RESET_K1,1,True
2025-02-12,1,4783,ＮＣＤ,0.16900958120822906,True,1.0,1.0204081632652962,S02_COVARIATE_CHANGEPOINT_RESET,S02_COVARIATE_CHANGEPOINT_RESET_K1,1,True
2025-02-13,1,7938,リーガルコーポレーション,0.1488034427165985,True,0.0,-0.19638648860957897,S02_COVARIATE_CHANGEPOINT_RESET,S02_COVARIATE_CHANGEPOINT_RESET_K1,1,True
2025-02-14,1,2120,ＬＩＦＵＬＬ,0.14312982559204102,True,1.0,1.1111111111111072,S02_COVARIATE_CHANGEPOINT_RESET,S02_COVARIATE_CHANGEPOINT_RESET_K1,1,True
2025-02-17,1,3649,ファインデックス,0.13660737872123718,True,0.0,-3.794369645042839,S02_COVARIATE_CHANGEPOINT_RESET,S02_COVARIATE_CHANGEPOINT_RESET_K1,1,True
2025-02-18,1,5010,日本精蝋,0.1414649486541748,True,0.0,-3.240740740740744,S02_COVARIATE_CHANGEPOINT_RESET,S02_COVARIATE_CHANGEPOINT_RESET_K1,1,True
2025-02-19,1,7043,アルー,0.11341489851474762,True,1.0,2.84005979073243,S02_COVARIATE_CHANGEPOINT_RESET,S02_COVARIATE_CHANGEPOINT_RESET_K1,1,True
2025-02-20,1,6193,バーチャレクス・ホールディングス,0.11605561524629593,True,1.0,1.0101010101010166,S02_COVARIATE_CHANGEPOINT_RESET,S02_COVARIATE_CHANGEPOINT_RESET_K1,1,True
2025-02-21,1,7638,ＮＥＷ ＡＲＴ ＨＯＬＤＩＮＧＳ,0.14333945512771606,True,0.0,-1.2578616352201255,S02_COVARIATE_CHANGEPOINT_RESET,S02_COVARIATE_CHANGEPOINT_RESET_K1,1,True
2025-02-25,1,9857,英和,0.11477111279964447,True,0.0,0.0,S02_COVARIATE_CHANGEPOINT_RESET,S02_COVARIATE_CHANGEPOINT_RESET_K1,1,True
2025-02-26,1,9244,デジタリフト,0.11520134657621384,True,1.0,1.5978695073235683,S02_COVARIATE_CHANGEPOINT_RESET,S02_COVARIATE_CHANGEPOINT_RESET_K1,1,True
2025-02-27,1,8995,誠建設⼯業,0.09874201565980911,True,0.0,0.0,S02_COVARIATE_CHANGEPOINT_RESET,S02_COVARIATE_CHANGEPOINT_RESET_K1,1,True
2025-02-28,1,3490,アズ企画設計,0.13922394812107086,True,0.0,-0.49545829892650994,S02_COVARIATE_CHANGEPOINT_RESET,S02_COVARIATE_CHANGEPOINT_RESET_K1,1,True
2025-03-03,1,7345,アイ・パートナーズフィナンシャル,0.1138618215918541,True,1.0,6.326889279437609,S02_COVARIATE_CHANGEPOINT_RESET,S02_COVARIATE_CHANGEPOINT_RESET_K1,1,True
2025-03-04,1,9238,バリュークリエーション,0.10349181294441223,True,1.0,0.8247422680412342,S02_COVARIATE_CHANGEPOINT_RESET,S02_COVARIATE_CHANGEPOINT_RESET_K1,1,True
2025-03-05,1,3063,ジェイグループホールディングス,0.11022549867630005,True,0.0,-0.14492753623188692,S02_COVARIATE_CHANGEPOINT_RESET,S02_COVARIATE_CHANGEPOINT_RESET_K1,1,True
2025-03-06,1,3063,ジェイグループホールディングス,0.12290948629379272,True,0.0,-0.5780346820809301,S02_COVARIATE_CHANGEPOINT_RESET,S02_COVARIATE_CHANGEPOINT_RESET_K1,1,True
2025-03-07,1,3674,オークファン,0.11587159335613251,True,0.0,-0.5333333333333301,S02_COVARIATE_CHANGEPOINT_RESET,S02_COVARIATE_CHANGEPOINT_RESET_K1,1,True
2025-03-10,1,7036,イーエムネットジャパン,0.11901243031024933,True,1.0,3.4445640473627526,S02_COVARIATE_CHANGEPOINT_RESET,S02_COVARIATE_CHANGEPOINT_RESET_K1,1,True
2025-03-11,1,7345,アイ・パートナーズフィナンシャル,0.1248892992734909,True,1.0,0.6666666666666599,S02_COVARIATE_CHANGEPOINT_RESET,S02_COVARIATE_CHANGEPOINT_RESET_K1,1,True
2025-03-12,1,8139,ナガホリ,0.10575584322214127,True,1.0,1.231884057971011,S02_COVARIATE_CHANGEPOINT_RESET,S02_COVARIATE_CHANGEPOINT_RESET_K1,1,True
2025-03-13,1,6870,日本フェンオール,0.11072570830583572,True,0.0,-1.8572257690075422,S02_COVARIATE_CHANGEPOINT_RESET,S02_COVARIATE_CHANGEPOINT_RESET_K1,1,True
2025-03-14,1,4387,ＺＵＵ,0.10567925125360489,True,1.0,0.2421307506053294,S02_COVARIATE_CHANGEPOINT_RESET,S02_COVARIATE_CHANGEPOINT_RESET_K1,1,True
2025-03-17,1,2332,クエスト,0.11533598601818085,True,1.0,0.6666666666666599,S02_COVARIATE_CHANGEPOINT_RESET,S02_COVARIATE_CHANGEPOINT_RESET_K1,1,True
2025-03-18,1,2332,クエスト,0.11653915792703629,True,1.0,0.07369196757553986,S02_COVARIATE_CHANGEPOINT_RESET,S02_COVARIATE_CHANGEPOINT_RESET_K1,1,True
2025-03-19,1,184A,学びエイド,0.1511845588684082,True,0.0,-1.4778325123152691,S02_COVARIATE_CHANGEPOINT_RESET,S02_COVARIATE_CHANGEPOINT_RESET_K1,1,True
2025-03-21,1,5277,スパンクリートコーポレーション,0.13020285964012146,True,0.0,-0.22421524663677195,S02_COVARIATE_CHANGEPOINT_RESET,S02_COVARIATE_CHANGEPOINT_RESET_K1,1,True
2025-03-24,1,5277,スパンクリートコーポレーション,0.1465635746717453,True,1.0,0.22421524663676085,S02_COVARIATE_CHANGEPOINT_RESET,S02_COVARIATE_CHANGEPOINT_RESET_K1,1,True
2025-03-25,1,5277,スパンクリートコーポレーション,0.15840259194374084,True,0.0,-0.22371364653244186,S02_COVARIATE_CHANGEPOINT_RESET,S02_COVARIATE_CHANGEPOINT_RESET_K1,1,True
2025-03-26,1,5277,スパンクリートコーポレーション,0.1528564840555191,True,1.0,0.4474272930648837,S02_COVARIATE_CHANGEPOINT_RESET,S02_COVARIATE_CHANGEPOINT_RESET_K1,1,True
2025-03-27,1,5277,スパンクリートコーポレーション,0.1494106948375702,True,1.0,0.44642857142858094,S02_COVARIATE_CHANGEPOINT_RESET,S02_COVARIATE_CHANGEPOINT_RESET_K1,1,True
2025-03-28,1,5277,スパンクリートコーポレーション,0.15137864649295807,True,1.0,0.6696428571428603,S02_COVARIATE_CHANGEPOINT_RESET,S02_COVARIATE_CHANGEPOINT_RESET_K1,1,True
2025-03-31,1,4310,ドリームインキュベータ,0.14636829495429993,True,0.0,0.0,S02_COVARIATE_CHANGEPOINT_RESET,S02_COVARIATE_CHANGEPOINT_RESET_K1,1,True
2025-04-01,1,3434,アルファＣｏ,0.11706903576850891,True,0.0,-1.4388489208633115,S02_COVARIATE_CHANGEPOINT_RESET,S02_COVARIATE_CHANGEPOINT_RESET_K1,1,True
2025-04-02,1,7318,セレンディップ・ホールディングス,0.11075842380523682,True,0.0,-0.9044657998869443,S02_COVARIATE_CHANGEPOINT_RESET,S02_COVARIATE_CHANGEPOINT_RESET_K1,1,True
2025-04-03,1,7089,フォースタートアップス,0.1244201585650444,True,,,S02_COVARIATE_CHANGEPOINT_RESET,S02_COVARIATE_CHANGEPOINT_RESET_K1,1,False
2025-04-04,1,2332,クエスト,0.10275962948799133,True,0.0,-0.8000000000000007,S02_COVARIATE_CHANGEPOINT_RESET,S02_COVARIATE_CHANGEPOINT_RESET_K1,1,True
2025-04-07,1,7036,イーエムネットジャパン,0.12178394198417664,True,0.0,-8.115942028985511,S02_COVARIATE_CHANGEPOINT_RESET,S02_COVARIATE_CHANGEPOINT_RESET_K1,1,True
2025-04-08,1,9250,ＧＲＣＳ,0.1308841109275818,True,1.0,6.661251015434599,S02_COVARIATE_CHANGEPOINT_RESET,S02_COVARIATE_CHANGEPOINT_RESET_K1,1,True
2025-04-09,1,7317,松屋アールアンドディ,0.10090669244527817,True,1.0,1.6274864376130127,S02_COVARIATE_CHANGEPOINT_RESET,S02_COVARIATE_CHANGEPOINT_RESET_K1,1,True
2025-04-10,1,2332,クエスト,0.11793936789035797,True,1.0,0.39777247414478634,S02_COVARIATE_CHANGEPOINT_RESET,S02_COVARIATE_CHANGEPOINT_RESET_K1,1,True
2025-04-11,1,7043,アルー,0.11324197053909302,True,1.0,1.9461077844311392,S02_COVARIATE_CHANGEPOINT_RESET,S02_COVARIATE_CHANGEPOINT_RESET_K1,1,True
2025-04-14,1,7043,アルー,0.141352578997612,True,1.0,2.2222222222222143,S02_COVARIATE_CHANGEPOINT_RESET,S02_COVARIATE_CHANGEPOINT_RESET_K1,1,True
2025-04-15,1,3986,ビーブレイクシステムズ,0.16729141771793365,True,1.0,0.20964360587001352,S02_COVARIATE_CHANGEPOINT_RESET,S02_COVARIATE_CHANGEPOINT_RESET_K1,1,True
2025-04-16,1,3986,ビーブレイクシステムズ,0.14770497381687164,True,,,S02_COVARIATE_CHANGEPOINT_RESET,S02_COVARIATE_CHANGEPOINT_RESET_K1,1,False
2025-04-17,1,3986,ビーブレイクシステムズ,0.1482083797454834,True,0.0,-2.0689655172413834,S02_COVARIATE_CHANGEPOINT_RESET,S02_COVARIATE_CHANGEPOINT_RESET_K1,1,True
2025-04-18,1,3986,ビーブレイクシステムズ,0.14184154570102692,True,1.0,1.0563380281690238,S02_COVARIATE_CHANGEPOINT_RESET,S02_COVARIATE_CHANGEPOINT_RESET_K1,1,True
2025-04-21,1,3986,ビーブレイクシステムズ,0.12102553993463516,True,0.0,-1.7796030116358663,S02_COVARIATE_CHANGEPOINT_RESET,S02_COVARIATE_CHANGEPOINT_RESET_K1,1,True
2025-04-22,1,9537,北陸瓦斯,0.132417231798172,True,,,S02_COVARIATE_CHANGEPOINT_RESET,S02_COVARIATE_CHANGEPOINT_RESET_K1,1,False
2025-04-23,1,7043,アルー,0.10736564546823502,True,0.0,-0.575539568345329,S02_COVARIATE_CHANGEPOINT_RESET,S02_COVARIATE_CHANGEPOINT_RESET_K1,1,True
2025-04-24,1,7043,アルー,0.12430525571107864,True,1.0,0.5788712011577379,S02_COVARIATE_CHANGEPOINT_RESET,S02_COVARIATE_CHANGEPOINT_RESET_K1,1,True
2025-04-25,1,9434,ソフトバンク,0.11686036735773087,True,0.0,-0.04699248120302313,S02_COVARIATE_CHANGEPOINT_RESET,S02_COVARIATE_CHANGEPOINT_RESET_K1,1,True
2025-04-28,1,6734,ニューテック,0.12355362623929977,True,0.0,-0.37783375314861534,S02_COVARIATE_CHANGEPOINT_RESET,S02_COVARIATE_CHANGEPOINT_RESET_K1,1,True
2025-04-30,1,7043,アルー,0.1174287423491478,True,1.0,0.14409221902016434,S02_COVARIATE_CHANGEPOINT_RESET,S02_COVARIATE_CHANGEPOINT_RESET_K1,1,True
2025-05-01,1,7043,アルー,0.10905606299638748,True,1.0,0.2877697841726645,S02_COVARIATE_CHANGEPOINT_RESET,S02_COVARIATE_CHANGEPOINT_RESET_K1,1,True
2025-05-02,1,4394,エクスモーション,0.10988941043615341,True,1.0,1.7857142857142794,S02_COVARIATE_CHANGEPOINT_RESET,S02_COVARIATE_CHANGEPOINT_RESET_K1,1,True
2025-05-07,1,7043,アルー,0.12379070371389389,True,1.0,1.5827338129496438,S02_COVARIATE_CHANGEPOINT_RESET,S02_COVARIATE_CHANGEPOINT_RESET_K1,1,True
2025-05-08,1,6034,ＭＲＴ,0.11524424701929092,True,0.0,-0.14492753623188692,S02_COVARIATE_CHANGEPOINT_RESET,S02_COVARIATE_CHANGEPOINT_RESET_K1,1,True
2025-05-09,1,6492,岡野バルブ製造,0.1396300196647644,True,1.0,3.750000000000009,S02_COVARIATE_CHANGEPOINT_RESET,S02_COVARIATE_CHANGEPOINT_RESET_K1,1,True
2025-05-12,1,7345,アイ・パートナーズフィナンシャル,0.1298593431711197,True,1.0,1.6042780748663166,S02_COVARIATE_CHANGEPOINT_RESET,S02_COVARIATE_CHANGEPOINT_RESET_K1,1,True
2025-05-13,1,2282,日本ハム,0.13062156736850739,True,0.0,-0.43330821401658115,S02_COVARIATE_CHANGEPOINT_RESET,S02_COVARIATE_CHANGEPOINT_RESET_K1,1,True
2025-05-14,1,7345,アイ・パートナーズフィナンシャル,0.1407177597284317,True,1.0,3.392857142857153,S02_COVARIATE_CHANGEPOINT_RESET,S02_COVARIATE_CHANGEPOINT_RESET_K1,1,True
2025-05-15,1,4069,ＢｌｕｅＭｅｍｅ,0.12269014120101929,True,1.0,2.57548845470692,S02_COVARIATE_CHANGEPOINT_RESET,S02_COVARIATE_CHANGEPOINT_RESET_K1,1,True
2025-05-16,1,7345,アイ・パートナーズフィナンシャル,0.13071580231189728,True,1.0,0.8928571428571397,S02_COVARIATE_CHANGEPOINT_RESET,S02_COVARIATE_CHANGEPOINT_RESET_K1,1,True
2025-05-19,1,6034,ＭＲＴ,0.12154018133878708,True,0.0,-1.3274336283185861,S02_COVARIATE_CHANGEPOINT_RESET,S02_COVARIATE_CHANGEPOINT_RESET_K1,1,True
2025-05-20,1,7345,アイ・パートナーズフィナンシャル,0.1123887151479721,True,1.0,0.727272727272732,S02_COVARIATE_CHANGEPOINT_RESET,S02_COVARIATE_CHANGEPOINT_RESET_K1,1,True
2025-05-21,1,6346,キクカワエンタープライズ,0.1133742555975914,True,1.0,0.8944543828264706,S02_COVARIATE_CHANGEPOINT_RESET,S02_COVARIATE_CHANGEPOINT_RESET_K1,1,True
2025-05-22,1,6670,ＭＣＪ,0.10518676042556763,True,0.0,-0.5426356589147252,S02_COVARIATE_CHANGEPOINT_RESET,S02_COVARIATE_CHANGEPOINT_RESET_K1,1,True
2025-05-23,1,7345,アイ・パートナーズフィナンシャル,0.11454920470714569,True,1.0,1.4842300556586308,S02_COVARIATE_CHANGEPOINT_RESET,S02_COVARIATE_CHANGEPOINT_RESET_K1,1,True
2025-05-26,1,7345,アイ・パートナーズフィナンシャル,0.12715598940849304,True,1.0,0.3656307129798808,S02_COVARIATE_CHANGEPOINT_RESET,S02_COVARIATE_CHANGEPOINT_RESET_K1,1,True
2025-05-27,1,7345,アイ・パートナーズフィナンシャル,0.11416938900947571,True,1.0,5.185185185185182,S02_COVARIATE_CHANGEPOINT_RESET,S02_COVARIATE_CHANGEPOINT_RESET_K1,1,True
2025-05-28,1,5945,天龍製鋸,0.124289371073246,True,1.0,0.37776578521315773,S02_COVARIATE_CHANGEPOINT_RESET,S02_COVARIATE_CHANGEPOINT_RESET_K1,1,True
2025-05-29,1,7345,アイ・パートナーズフィナンシャル,0.14641661942005157,True,1.0,1.4814814814814836,S02_COVARIATE_CHANGEPOINT_RESET,S02_COVARIATE_CHANGEPOINT_RESET_K1,1,True
2025-05-30,1,5945,天龍製鋸,0.1259869784116745,True,1.0,0.2702702702702675,S02_COVARIATE_CHANGEPOINT_RESET,S02_COVARIATE_CHANGEPOINT_RESET_K1,1,True
2025-06-02,1,5945,天龍製鋸,0.10993614047765732,True,0.0,-0.48179871520342976,S02_COVARIATE_CHANGEPOINT_RESET,S02_COVARIATE_CHANGEPOINT_RESET_K1,1,True
2025-06-03,1,3271,ＴＨＥグローバル社,0.10006017982959747,True,0.0,-0.6295907660020972,S02_COVARIATE_CHANGEPOINT_RESET,S02_COVARIATE_CHANGEPOINT_RESET_K1,1,True
2025-06-04,1,6346,キクカワエンタープライズ,0.111973837018013,True,1.0,1.0869565217391353,S02_COVARIATE_CHANGEPOINT_RESET,S02_COVARIATE_CHANGEPOINT_RESET_K1,1,True
2025-06-05,1,6346,キクカワエンタープライズ,0.10441217571496964,True,,,S02_COVARIATE_CHANGEPOINT_RESET,S02_COVARIATE_CHANGEPOINT_RESET_K1,1,False
2025-06-06,1,3948,光ビジネスフォーム,0.10373453795909882,True,1.0,1.6999999999999904,S02_COVARIATE_CHANGEPOINT_RESET,S02_COVARIATE_CHANGEPOINT_RESET_K1,1,True
2025-06-09,1,9142,九州旅客鉄道,0.08992210775613785,True,0.0,-1.2057667103538616,S02_COVARIATE_CHANGEPOINT_RESET,S02_COVARIATE_CHANGEPOINT_RESET_K1,1,True
2025-06-10,1,9142,九州旅客鉄道,0.08900626748800278,True,0.0,-0.42440318302386926,S02_COVARIATE_CHANGEPOINT_RESET,S02_COVARIATE_CHANGEPOINT_RESET_K1,1,True
2025-06-11,1,2806,ユタカフーズ,0.09129209816455841,True,0.0,-0.24295432458697475,S02_COVARIATE_CHANGEPOINT_RESET,S02_COVARIATE_CHANGEPOINT_RESET_K1,1,True
2025-06-12,1,6599,エブレン,0.10489082336425781,True,1.0,0.23201856148491462,S02_COVARIATE_CHANGEPOINT_RESET,S02_COVARIATE_CHANGEPOINT_RESET_K1,1,True
2025-06-13,1,1866,北野建設,0.11788558959960938,True,1.0,2.9484029484029506,S02_COVARIATE_CHANGEPOINT_RESET,S02_COVARIATE_CHANGEPOINT_RESET_K1,1,True
2025-06-16,1,7345,アイ・パートナーズフィナンシャル,0.13251249492168427,True,1.0,2.177858439201441,S02_COVARIATE_CHANGEPOINT_RESET,S02_COVARIATE_CHANGEPOINT_RESET_K1,1,True
2025-06-17,1,3843,フリービット,0.12392213940620422,True,1.0,0.3518648838845895,S02_COVARIATE_CHANGEPOINT_RESET,S02_COVARIATE_CHANGEPOINT_RESET_K1,1,True
2025-06-18,1,7058,共栄セキュリティーサービス,0.11736918985843658,True,1.0,3.462321792260692,S02_COVARIATE_CHANGEPOINT_RESET,S02_COVARIATE_CHANGEPOINT_RESET_K1,1,True
2025-06-19,1,9767,日建⼯学,0.13009560108184814,True,1.0,1.6702977487291104,S02_COVARIATE_CHANGEPOINT_RESET,S02_COVARIATE_CHANGEPOINT_RESET_K1,1,True
2025-06-20,1,9767,日建⼯学,0.10121237486600876,True,1.0,0.575539568345329,S02_COVARIATE_CHANGEPOINT_RESET,S02_COVARIATE_CHANGEPOINT_RESET_K1,1,True
2025-06-23,1,4437,ｇｏｏｄｄａｙｓホールディングス,0.10842782258987427,True,1.0,1.3473053892215647,S02_COVARIATE_CHANGEPOINT_RESET,S02_COVARIATE_CHANGEPOINT_RESET_K1,1,True
2025-06-24,1,4437,ｇｏｏｄｄａｙｓホールディングス,0.10105663537979126,True,0.0,-0.14792899408283544,S02_COVARIATE_CHANGEPOINT_RESET,S02_COVARIATE_CHANGEPOINT_RESET_K1,1,True
2025-06-25,1,4437,ｇｏｏｄｄａｙｓホールディングス,0.11456266045570374,True,0.0,-0.295857988165682,S02_COVARIATE_CHANGEPOINT_RESET,S02_COVARIATE_CHANGEPOINT_RESET_K1,1,True
2025-06-26,1,4437,ｇｏｏｄｄａｙｓホールディングス,0.0941738560795784,True,1.0,1.5037593984962516,S02_COVARIATE_CHANGEPOINT_RESET,S02_COVARIATE_CHANGEPOINT_RESET_K1,1,True
2025-06-27,1,6648,かわでん,0.0952683687210083,True,0.0,-1.851851851851849,S02_COVARIATE_CHANGEPOINT_RESET,S02_COVARIATE_CHANGEPOINT_RESET_K1,1,True
2025-06-30,1,7043,アルー,0.11524909734725952,True,1.0,0.9150326797385588,S02_COVARIATE_CHANGEPOINT_RESET,S02_COVARIATE_CHANGEPOINT_RESET_K1,1,True
2025-07-01,1,8011,三陽商会,0.10420505702495575,True,1.0,2.77884986491701,S02_COVARIATE_CHANGEPOINT_RESET,S02_COVARIATE_CHANGEPOINT_RESET_K1,1,True
2025-07-02,1,9331,キャスター,0.09363791346549988,True,0.0,-0.23041474654378336,S02_COVARIATE_CHANGEPOINT_RESET,S02_COVARIATE_CHANGEPOINT_RESET_K1,1,True
2025-07-03,1,7043,アルー,0.12389881908893585,True,1.0,0.5221932114882533,S02_COVARIATE_CHANGEPOINT_RESET,S02_COVARIATE_CHANGEPOINT_RESET_K1,1,True
2025-07-04,1,7043,アルー,0.09865394234657288,True,1.0,0.26041666666667407,S02_COVARIATE_CHANGEPOINT_RESET,S02_COVARIATE_CHANGEPOINT_RESET_K1,1,True
2025-07-07,1,7043,アルー,0.09915699809789658,True,1.0,0.26041666666667407,S02_COVARIATE_CHANGEPOINT_RESET,S02_COVARIATE_CHANGEPOINT_RESET_K1,1,True
2025-07-08,1,7043,アルー,0.10242076963186264,True,1.0,0.39215686274509665,S02_COVARIATE_CHANGEPOINT_RESET,S02_COVARIATE_CHANGEPOINT_RESET_K1,1,True
2025-07-09,1,7043,アルー,0.12247872352600098,True,1.0,0.78125,S02_COVARIATE_CHANGEPOINT_RESET,S02_COVARIATE_CHANGEPOINT_RESET_K1,1,True
2025-07-10,1,4437,ｇｏｏｄｄａｙｓホールディングス,0.09669068455696106,True,1.0,0.4411764705882337,S02_COVARIATE_CHANGEPOINT_RESET,S02_COVARIATE_CHANGEPOINT_RESET_K1,1,True
2025-07-11,1,8273,イズミ,0.09314142912626266,True,0.0,-1.5238095238095273,S02_COVARIATE_CHANGEPOINT_RESET,S02_COVARIATE_CHANGEPOINT_RESET_K1,1,True
2025-07-14,1,4437,ｇｏｏｄｄａｙｓホールディングス,0.09330156445503235,True,0.0,-0.7246376811594235,S02_COVARIATE_CHANGEPOINT_RESET,S02_COVARIATE_CHANGEPOINT_RESET_K1,1,True
2025-07-15,1,7043,アルー,0.0968886986374855,True,0.0,0.0,S02_COVARIATE_CHANGEPOINT_RESET,S02_COVARIATE_CHANGEPOINT_RESET_K1,1,True
2025-07-16,1,7599,ＩＤＯＭ,0.10598699748516083,True,0.0,-0.10010010010009784,S02_COVARIATE_CHANGEPOINT_RESET,S02_COVARIATE_CHANGEPOINT_RESET_K1,1,True
2025-07-17,1,6558,クックビズ,0.10888106375932693,True,0.0,0.0,S02_COVARIATE_CHANGEPOINT_RESET,S02_COVARIATE_CHANGEPOINT_RESET_K1,1,True
2025-07-18,1,7043,アルー,0.09866314381361008,True,1.0,0.1290322580645098,S02_COVARIATE_CHANGEPOINT_RESET,S02_COVARIATE_CHANGEPOINT_RESET_K1,1,True
2025-07-22,1,5423,東京製鐵,0.0880214273929596,True,1.0,0.2597402597402487,S02_COVARIATE_CHANGEPOINT_RESET,S02_COVARIATE_CHANGEPOINT_RESET_K1,1,True
2025-07-23,1,2471,エスプール,0.08878671377897263,True,1.0,0.6349206349206327,S02_COVARIATE_CHANGEPOINT_RESET,S02_COVARIATE_CHANGEPOINT_RESET_K1,1,True
2025-07-24,1,3271,ＴＨＥグローバル社,0.12510980665683746,True,1.0,1.1607142857142927,S02_COVARIATE_CHANGEPOINT_RESET,S02_COVARIATE_CHANGEPOINT_RESET_K1,1,True
2025-07-25,1,4875,メディシノバ・インク,0.09781493246555328,True,1.0,7.567567567567557,S02_COVARIATE_CHANGEPOINT_RESET,S02_COVARIATE_CHANGEPOINT_RESET_K1,1,True
2025-07-28,1,9259,タカヨシホールディングス,0.09341100603342056,True,0.0,-0.14265335235378318,S02_COVARIATE_CHANGEPOINT_RESET,S02_COVARIATE_CHANGEPOINT_RESET_K1,1,True
2025-07-29,1,4387,ＺＵＵ,0.11418566852807999,True,0.0,-0.2732240437158473,S02_COVARIATE_CHANGEPOINT_RESET,S02_COVARIATE_CHANGEPOINT_RESET_K1,1,True
2025-07-30,1,9932,杉本商事,0.08823559433221817,True,0.0,-0.8670520231213841,S02_COVARIATE_CHANGEPOINT_RESET,S02_COVARIATE_CHANGEPOINT_RESET_K1,1,True
2025-07-31,1,3931,バリューゴルフ,0.11163127422332764,True,1.0,0.34149117814457064,S02_COVARIATE_CHANGEPOINT_RESET,S02_COVARIATE_CHANGEPOINT_RESET_K1,1,True
2024-07-01,1,,,,,,,S02_COVARIATE_CHANGEPOINT_RESET,S02_COVARIATE_CHANGEPOINT_RESET_K2,2,False
2024-07-01,2,,,,,,,S02_COVARIATE_CHANGEPOINT_RESET,S02_COVARIATE_CHANGEPOINT_RESET_K2,2,False
2024-07-02,1,,,,,,,S02_COVARIATE_CHANGEPOINT_RESET,S02_COVARIATE_CHANGEPOINT_RESET_K2,2,False
2024-07-02,2,,,,,,,S02_COVARIATE_CHANGEPOINT_RESET,S02_COVARIATE_CHANGEPOINT_RESET_K2,2,False
2024-07-03,1,,,,,,,S02_COVARIATE_CHANGEPOINT_RESET,S02_COVARIATE_CHANGEPOINT_RESET_K2,2,False
2024-07-03,2,,,,,,,S02_COVARIATE_CHANGEPOINT_RESET,S02_COVARIATE_CHANGEPOINT_RESET_K2,2,False
2024-07-04,1,,,,,,,S02_COVARIATE_CHANGEPOINT_RESET,S02_COVARIATE_CHANGEPOINT_RESET_K2,2,False
2024-07-04,2,,,,,,,S02_COVARIATE_CHANGEPOINT_RESET,S02_COVARIATE_CHANGEPOINT_RESET_K2,2,False
2024-07-05,1,,,,,,,S02_COVARIATE_CHANGEPOINT_RESET,S02_COVARIATE_CHANGEPOINT_RESET_K2,2,False
2024-07-05,2,,,,,,,S02_COVARIATE_CHANGEPOINT_RESET,S02_COVARIATE_CHANGEPOINT_RESET_K2,2,False
2024-07-08,1,,,,,,,S02_COVARIATE_CHANGEPOINT_RESET,S02_COVARIATE_CHANGEPOINT_RESET_K2,2,False
2024-07-08,2,,,,,,,S02_COVARIATE_CHANGEPOINT_RESET,S02_COVARIATE_CHANGEPOINT_RESET_K2,2,False
2024-07-09,1,,,,,,,S02_COVARIATE_CHANGEPOINT_RESET,S02_COVARIATE_CHANGEPOINT_RESET_K2,2,False
2024-07-09,2,,,,,,,S02_COVARIATE_CHANGEPOINT_RESET,S02_COVARIATE_CHANGEPOINT_RESET_K2,2,False
2024-07-10,1,,,,,,,S02_COVARIATE_CHANGEPOINT_RESET,S02_COVARIATE_CHANGEPOINT_RESET_K2,2,False
2024-07-10,2,,,,,,,S02_COVARIATE_CHANGEPOINT_RESET,S02_COVARIATE_CHANGEPOINT_RESET_K2,2,False
2024-07-11,1,,,,,,,S02_COVARIATE_CHANGEPOINT_RESET,S02_COVARIATE_CHANGEPOINT_RESET_K2,2,False
2024-07-11,2,,,,,,,S02_COVARIATE_CHANGEPOINT_RESET,S02_COVARIATE_CHANGEPOINT_RESET_K2,2,False
2024-07-12,1,,,,,,,S02_COVARIATE_CHANGEPOINT_RESET,S02_COVARIATE_CHANGEPOINT_RESET_K2,2,False
2024-07-12,2,,,,,,,S02_COVARIATE_CHANGEPOINT_RESET,S02_COVARIATE_CHANGEPOINT_RESET_K2,2,False
2024-07-16,1,,,,,,,S02_COVARIATE_CHANGEPOINT_RESET,S02_COVARIATE_CHANGEPOINT_RESET_K2,2,False
2024-07-16,2,,,,,,,S02_COVARIATE_CHANGEPOINT_RESET,S02_COVARIATE_CHANGEPOINT_RESET_K2,2,False
2024-07-17,1,,,,,,,S02_COVARIATE_CHANGEPOINT_RESET,S02_COVARIATE_CHANGEPOINT_RESET_K2,2,False
2024-07-17,2,,,,,,,S02_COVARIATE_CHANGEPOINT_RESET,S02_COVARIATE_CHANGEPOINT_RESET_K2,2,False
2024-07-18,1,,,,,,,S02_COVARIATE_CHANGEPOINT_RESET,S02_COVARIATE_CHANGEPOINT_RESET_K2,2,False
2024-07-18,2,,,,,,,S02_COVARIATE_CHANGEPOINT_RESET,S02_COVARIATE_CHANGEPOINT_RESET_K2,2,False
2024-07-19,1,,,,,,,S02_COVARIATE_CHANGEPOINT_RESET,S02_COVARIATE_CHANGEPOINT_RESET_K2,2,False
2024-07-19,2,,,,,,,S02_COVARIATE_CHANGEPOINT_RESET,S02_COVARIATE_CHANGEPOINT_RESET_K2,2,False
2024-07-22,1,,,,,,,S02_COVARIATE_CHANGEPOINT_RESET,S02_COVARIATE_CHANGEPOINT_RESET_K2,2,False
2024-07-22,2,,,,,,,S02_COVARIATE_CHANGEPOINT_RESET,S02_COVARIATE_CHANGEPOINT_RESET_K2,2,False
2024-07-23,1,,,,,,,S02_COVARIATE_CHANGEPOINT_RESET,S02_COVARIATE_CHANGEPOINT_RESET_K2,2,False
2024-07-23,2,,,,,,,S02_COVARIATE_CHANGEPOINT_RESET,S02_COVARIATE_CHANGEPOINT_RESET_K2,2,False
2024-07-24,1,,,,,,,S02_COVARIATE_CHANGEPOINT_RESET,S02_COVARIATE_CHANGEPOINT_RESET_K2,2,False
2024-07-24,2,,,,,,,S02_COVARIATE_CHANGEPOINT_RESET,S02_COVARIATE_CHANGEPOINT_RESET_K2,2,False
2024-07-25,1,,,,,,,S02_COVARIATE_CHANGEPOINT_RESET,S02_COVARIATE_CHANGEPOINT_RESET_K2,2,False
2024-07-25,2,,,,,,,S02_COVARIATE_CHANGEPOINT_RESET,S02_COVARIATE_CHANGEPOINT_RESET_K2,2,False
2024-07-26,1,,,,,,,S02_COVARIATE_CHANGEPOINT_RESET,S02_COVARIATE_CHANGEPOINT_RESET_K2,2,False
2024-07-26,2,,,,,,,S02_COVARIATE_CHANGEPOINT_RESET,S02_COVARIATE_CHANGEPOINT_RESET_K2,2,False
2024-07-29,1,,,,,,,S02_COVARIATE_CHANGEPOINT_RESET,S02_COVARIATE_CHANGEPOINT_RESET_K2,2,False
2024-07-29,2,,,,,,,S02_COVARIATE_CHANGEPOINT_RESET,S02_COVARIATE_CHANGEPOINT_RESET_K2,2,False
2024-07-30,1,,,,,,,S02_COVARIATE_CHANGEPOINT_RESET,S02_COVARIATE_CHANGEPOINT_RESET_K2,2,False
2024-07-30,2,,,,,,,S02_COVARIATE_CHANGEPOINT_RESET,S02_COVARIATE_CHANGEPOINT_RESET_K2,2,False
2024-07-31,1,,,,,,,S02_COVARIATE_CHANGEPOINT_RESET,S02_COVARIATE_CHANGEPOINT_RESET_K2,2,False
2024-07-31,2,,,,,,,S02_COVARIATE_CHANGEPOINT_RESET,S02_COVARIATE_CHANGEPOINT_RESET_K2,2,False
2024-08-01,1,8139,ナガホリ,0.13128983974456787,True,1.0,2.3668639053254337,S02_COVARIATE_CHANGEPOINT_RESET,S02_COVARIATE_CHANGEPOINT_RESET_K2,2,True
2024-08-01,2,4496,コマースＯｎｅホールディングス,0.12048899382352829,True,1.0,1.4084507042253502,S02_COVARIATE_CHANGEPOINT_RESET,S02_COVARIATE_CHANGEPOINT_RESET_K2,2,True
2024-08-02,1,7046,ＴＤＳＥ,0.15224745869636536,True,0.0,-8.113207547169809,S02_COVARIATE_CHANGEPOINT_RESET,S02_COVARIATE_CHANGEPOINT_RESET_K2,2,True
2024-08-02,2,6754,アンリツ,0.13090455532073975,True,0.0,-4.0900735294117645,S02_COVARIATE_CHANGEPOINT_RESET,S02_COVARIATE_CHANGEPOINT_RESET_K2,2,True
2024-08-05,1,7046,ＴＤＳＥ,0.1511985957622528,True,0.0,-10.760953112990013,S02_COVARIATE_CHANGEPOINT_RESET,S02_COVARIATE_CHANGEPOINT_RESET_K2,2,True
2024-08-05,2,1764,⼯藤建設,0.14785194396972656,True,0.0,-6.146025878003691,S02_COVARIATE_CHANGEPOINT_RESET,S02_COVARIATE_CHANGEPOINT_RESET_K2,2,True
2024-08-06,1,9162,ブリーチ,0.1605183184146881,True,0.0,0.0,S02_COVARIATE_CHANGEPOINT_RESET,S02_COVARIATE_CHANGEPOINT_RESET_K2,2,True
2024-08-06,2,4496,コマースＯｎｅホールディングス,0.14590638875961304,True,1.0,12.53968253968254,S02_COVARIATE_CHANGEPOINT_RESET,S02_COVARIATE_CHANGEPOINT_RESET_K2,2,True
2024-08-07,1,4814,ネクストウェア,0.1314300000667572,True,1.0,4.8387096774193505,S02_COVARIATE_CHANGEPOINT_RESET,S02_COVARIATE_CHANGEPOINT_RESET_K2,2,True
2024-08-07,2,7043,アルー,0.09419475495815277,True,1.0,2.836004932182501,S02_COVARIATE_CHANGEPOINT_RESET,S02_COVARIATE_CHANGEPOINT_RESET_K2,2,True
2024-08-08,1,7043,アルー,0.08514095097780228,True,1.0,0.3597122302158251,S02_COVARIATE_CHANGEPOINT_RESET,S02_COVARIATE_CHANGEPOINT_RESET_K2,2,True
2024-08-08,2,5868,ロココ,0.07697486132383347,True,1.0,4.80109739368999,S02_COVARIATE_CHANGEPOINT_RESET,S02_COVARIATE_CHANGEPOINT_RESET_K2,2,True
2024-08-09,1,4445,リビン・テクノロジーズ,0.10829319804906845,True,1.0,1.0928961748633892,S02_COVARIATE_CHANGEPOINT_RESET,S02_COVARIATE_CHANGEPOINT_RESET_K2,2,True
2024-08-09,2,9250,ＧＲＣＳ,0.10519899427890778,True,0.0,-1.8811136192626088,S02_COVARIATE_CHANGEPOINT_RESET,S02_COVARIATE_CHANGEPOINT_RESET_K2,2,True
2024-08-13,1,8139,ナガホリ,0.1353517770767212,True,1.0,0.5098324836125379,S02_COVARIATE_CHANGEPOINT_RESET,S02_COVARIATE_CHANGEPOINT_RESET_K2,2,True
2024-08-13,2,7043,アルー,0.13436001539230347,True,0.0,-1.8495684340320562,S02_COVARIATE_CHANGEPOINT_RESET,S02_COVARIATE_CHANGEPOINT_RESET_K2,2,True
2024-08-14,1,7043,アルー,0.18677592277526855,True,1.0,3.409090909090917,S02_COVARIATE_CHANGEPOINT_RESET,S02_COVARIATE_CHANGEPOINT_RESET_K2,2,True
2024-08-14,2,8139,ナガホリ,0.13905072212219238,True,0.0,0.0,S02_COVARIATE_CHANGEPOINT_RESET,S02_COVARIATE_CHANGEPOINT_RESET_K2,2,True
2024-08-15,1,8139,ナガホリ,0.148178368806839,True,0.0,-1.1594202898550732,S02_COVARIATE_CHANGEPOINT_RESET,S02_COVARIATE_CHANGEPOINT_RESET_K2,2,True
2024-08-15,2,7043,アルー,0.13897228240966797,True,0.0,-2.5547445255474477,S02_COVARIATE_CHANGEPOINT_RESET,S02_COVARIATE_CHANGEPOINT_RESET_K2,2,True
2024-08-16,1,7043,アルー,0.17236393690109253,True,0.0,-0.4987531172069848,S02_COVARIATE_CHANGEPOINT_RESET,S02_COVARIATE_CHANGEPOINT_RESET_K2,2,True
2024-08-16,2,8139,ナガホリ,0.1612088978290558,True,1.0,0.8046817849304944,S02_COVARIATE_CHANGEPOINT_RESET,S02_COVARIATE_CHANGEPOINT_RESET_K2,2,True
2024-08-19,1,7043,アルー,0.14652284979820251,True,0.0,-0.5031446540880502,S02_COVARIATE_CHANGEPOINT_RESET,S02_COVARIATE_CHANGEPOINT_RESET_K2,2,True
2024-08-19,2,8139,ナガホリ,0.14404737949371338,True,1.0,1.7492711370262315,S02_COVARIATE_CHANGEPOINT_RESET,S02_COVARIATE_CHANGEPOINT_RESET_K2,2,True
2024-08-20,1,7043,アルー,0.14440646767616272,True,0.0,-0.37641154328732496,S02_COVARIATE_CHANGEPOINT_RESET,S02_COVARIATE_CHANGEPOINT_RESET_K2,2,True
2024-08-20,2,6662,ユビテック,0.12750554084777832,True,0.0,0.0,S02_COVARIATE_CHANGEPOINT_RESET,S02_COVARIATE_CHANGEPOINT_RESET_K2,2,True
2024-08-21,1,7043,アルー,0.13025036454200745,True,1.0,0.6369426751592355,S02_COVARIATE_CHANGEPOINT_RESET,S02_COVARIATE_CHANGEPOINT_RESET_K2,2,True
2024-08-21,2,8139,ナガホリ,0.1258118450641632,True,1.0,0.28571428571428914,S02_COVARIATE_CHANGEPOINT_RESET,S02_COVARIATE_CHANGEPOINT_RESET_K2,2,True
2024-08-22,1,7043,アルー,0.13666316866874695,True,0.0,-0.37783375314861534,S02_COVARIATE_CHANGEPOINT_RESET,S02_COVARIATE_CHANGEPOINT_RESET_K2,2,True
2024-08-22,2,5905,日本製罐,0.12324313819408417,True,1.0,3.3333333333333437,S02_COVARIATE_CHANGEPOINT_RESET,S02_COVARIATE_CHANGEPOINT_RESET_K2,2,True
2024-08-23,1,7043,アルー,0.12790247797966003,True,0.0,-1.4981273408239737,S02_COVARIATE_CHANGEPOINT_RESET,S02_COVARIATE_CHANGEPOINT_RESET_K2,2,True
2024-08-23,2,6662,ユビテック,0.12238936871290207,True,0.0,0.0,S02_COVARIATE_CHANGEPOINT_RESET,S02_COVARIATE_CHANGEPOINT_RESET_K2,2,True
2024-08-26,1,7043,アルー,0.11927195638418198,True,1.0,0.25316455696202667,S02_COVARIATE_CHANGEPOINT_RESET,S02_COVARIATE_CHANGEPOINT_RESET_K2,2,True
2024-08-26,2,6342,太平製作所,0.1135917603969574,True,0.0,-0.5431093007467802,S02_COVARIATE_CHANGEPOINT_RESET,S02_COVARIATE_CHANGEPOINT_RESET_K2,2,True
2024-08-27,1,4445,リビン・テクノロジーズ,0.1311091184616089,True,0.0,0.0,S02_COVARIATE_CHANGEPOINT_RESET,S02_COVARIATE_CHANGEPOINT_RESET_K2,2,True
2024-08-27,2,3991,ウォンテッドリー,0.12275385111570358,True,1.0,0.16380016380015405,S02_COVARIATE_CHANGEPOINT_RESET,S02_COVARIATE_CHANGEPOINT_RESET_K2,2,True
2024-08-28,1,9914,植松商会,0.15169617533683777,True,,,S02_COVARIATE_CHANGEPOINT_RESET,S02_COVARIATE_CHANGEPOINT_RESET_K2,2,False
2024-08-28,2,4445,リビン・テクノロジーズ,0.12967610359191895,True,0.0,0.0,S02_COVARIATE_CHANGEPOINT_RESET,S02_COVARIATE_CHANGEPOINT_RESET_K2,2,True
2024-08-29,1,9914,植松商会,0.14639592170715332,True,1.0,0.28571428571428914,S02_COVARIATE_CHANGEPOINT_RESET,S02_COVARIATE_CHANGEPOINT_RESET_K2,2,True
2024-08-29,2,4445,リビン・テクノロジーズ,0.14503803849220276,True,0.0,0.0,S02_COVARIATE_CHANGEPOINT_RESET,S02_COVARIATE_CHANGEPOINT_RESET_K2,2,True
2024-08-30,1,3991,ウォンテッドリー,0.16925939917564392,True,0.0,-0.42016806722688926,S02_COVARIATE_CHANGEPOINT_RESET,S02_COVARIATE_CHANGEPOINT_RESET_K2,2,True
2024-08-30,2,3986,ビーブレイクシステムズ,0.1420971155166626,True,1.0,0.7166123778501676,S02_COVARIATE_CHANGEPOINT_RESET,S02_COVARIATE_CHANGEPOINT_RESET_K2,2,True
2024-09-02,1,3436,ＳＵＭＣＯ,0.17311632633209229,True,0.0,-1.4335868929198359,S02_COVARIATE_CHANGEPOINT_RESET,S02_COVARIATE_CHANGEPOINT_RESET_K2,2,True
2024-09-02,2,4445,リビン・テクノロジーズ,0.17140601575374603,True,0.0,-0.43266630611140666,S02_COVARIATE_CHANGEPOINT_RESET,S02_COVARIATE_CHANGEPOINT_RESET_K2,2,True
2024-09-03,1,3436,ＳＵＭＣＯ,0.16036146879196167,True,0.0,-2.500000000000002,S02_COVARIATE_CHANGEPOINT_RESET,S02_COVARIATE_CHANGEPOINT_RESET_K2,2,True
2024-09-03,2,3991,ウォンテッドリー,0.15685559809207916,True,0.0,-0.6849315068493178,S02_COVARIATE_CHANGEPOINT_RESET,S02_COVARIATE_CHANGEPOINT_RESET_K2,2,True
2024-09-04,1,3436,ＳＵＭＣＯ,0.1510230004787445,True,0.0,-2.1935483870967776,S02_COVARIATE_CHANGEPOINT_RESET,S02_COVARIATE_CHANGEPOINT_RESET_K2,2,True
2024-09-04,2,3991,ウォンテッドリー,0.14225657284259796,True,0.0,-0.43290043290042934,S02_COVARIATE_CHANGEPOINT_RESET,S02_COVARIATE_CHANGEPOINT_RESET_K2,2,True
2024-09-05,1,3436,ＳＵＭＣＯ,0.15019679069519043,True,0.0,-0.8289124668435011,S02_COVARIATE_CHANGEPOINT_RESET,S02_COVARIATE_CHANGEPOINT_RESET_K2,2,True
2024-09-05,2,3991,ウォンテッドリー,0.13586930930614471,True,1.0,0.17528483786153348,S02_COVARIATE_CHANGEPOINT_RESET,S02_COVARIATE_CHANGEPOINT_RESET_K2,2,True
2024-09-06,1,3436,ＳＵＭＣＯ,0.1530219316482544,True,0.0,-0.29890401859846705,S02_COVARIATE_CHANGEPOINT_RESET,S02_COVARIATE_CHANGEPOINT_RESET_K2,2,True
2024-09-06,2,7689,コパ・コーポレーション,0.1406078338623047,True,1.0,0.16207455429497752,S02_COVARIATE_CHANGEPOINT_RESET,S02_COVARIATE_CHANGEPOINT_RESET_K2,2,True
2024-09-09,1,7273,イクヨ,0.16928987205028534,True,,,S02_COVARIATE_CHANGEPOINT_RESET,S02_COVARIATE_CHANGEPOINT_RESET_K2,2,False
2024-09-09,2,7689,コパ・コーポレーション,0.14271433651447296,True,1.0,1.5050167224080369,S02_COVARIATE_CHANGEPOINT_RESET,S02_COVARIATE_CHANGEPOINT_RESET_K2,2,True
2024-09-10,1,7273,イクヨ,0.16493606567382812,True,,,S02_COVARIATE_CHANGEPOINT_RESET,S02_COVARIATE_CHANGEPOINT_RESET_K2,2,False
2024-09-10,2,4445,リビン・テクノロジーズ,0.15342867374420166,True,1.0,1.0101010101010166,S02_COVARIATE_CHANGEPOINT_RESET,S02_COVARIATE_CHANGEPOINT_RESET_K2,2,True
2024-09-11,1,4445,リビン・テクノロジーズ,0.16515010595321655,True,1.0,1.1148272017837302,S02_COVARIATE_CHANGEPOINT_RESET,S02_COVARIATE_CHANGEPOINT_RESET_K2,2,True
2024-09-11,2,3436,ＳＵＭＣＯ,0.14404869079589844,True,0.0,-1.993127147766327,S02_COVARIATE_CHANGEPOINT_RESET,S02_COVARIATE_CHANGEPOINT_RESET_K2,2,True
2024-09-12,1,7069,サイバー・バズ,0.16056767106056213,True,0.0,-2.512998266897748,S02_COVARIATE_CHANGEPOINT_RESET,S02_COVARIATE_CHANGEPOINT_RESET_K2,2,True
2024-09-12,2,4445,リビン・テクノロジーズ,0.16002559661865234,True,0.0,-0.2739726027397249,S02_COVARIATE_CHANGEPOINT_RESET,S02_COVARIATE_CHANGEPOINT_RESET_K2,2,True
2024-09-13,1,8746,ＵＮＢＡＮＫＥＤ,0.13688154518604279,True,1.0,0.917431192660545,S02_COVARIATE_CHANGEPOINT_RESET,S02_COVARIATE_CHANGEPOINT_RESET_K2,2,True
2024-09-13,2,6190,フェニックスバイオ,0.1321869194507599,True,0.0,-1.95227765726681,S02_COVARIATE_CHANGEPOINT_RESET,S02_COVARIATE_CHANGEPOINT_RESET_K2,2,True
2024-09-17,1,7689,コパ・コーポレーション,0.13210175931453705,True,0.0,-0.8264462809917328,S02_COVARIATE_CHANGEPOINT_RESET,S02_COVARIATE_CHANGEPOINT_RESET_K2,2,True
2024-09-17,2,5247,ＢＴＭ,0.1313023567199707,True,1.0,0.08474576271186862,S02_COVARIATE_CHANGEPOINT_RESET,S02_COVARIATE_CHANGEPOINT_RESET_K2,2,True
2024-09-18,1,3436,ＳＵＭＣＯ,0.14288614690303802,True,1.0,2.2424667133847276,S02_COVARIATE_CHANGEPOINT_RESET,S02_COVARIATE_CHANGEPOINT_RESET_K2,2,True
2024-09-18,2,5247,ＢＴＭ,0.13755789399147034,True,1.0,1.606086221470826,S02_COVARIATE_CHANGEPOINT_RESET,S02_COVARIATE_CHANGEPOINT_RESET_K2,2,True
2024-09-19,1,4884,クリングルファーマ,0.17660151422023773,True,1.0,4.8309178743961345,S02_COVARIATE_CHANGEPOINT_RESET,S02_COVARIATE_CHANGEPOINT_RESET_K2,2,True
2024-09-19,2,5247,ＢＴＭ,0.14159150421619415,True,0.0,-2.9875518672199175,S02_COVARIATE_CHANGEPOINT_RESET,S02_COVARIATE_CHANGEPOINT_RESET_K2,2,True
2024-09-20,1,5247,ＢＴＭ,0.15760716795921326,True,1.0,1.610169491525415,S02_COVARIATE_CHANGEPOINT_RESET,S02_COVARIATE_CHANGEPOINT_RESET_K2,2,True
2024-09-20,2,4840,トライアイズ,0.13565245270729065,True,1.0,0.31847133757962887,S02_COVARIATE_CHANGEPOINT_RESET,S02_COVARIATE_CHANGEPOINT_RESET_K2,2,True
2024-09-24,1,4884,クリングルファーマ,0.1395283192396164,True,0.0,-1.94508009153318,S02_COVARIATE_CHANGEPOINT_RESET,S02_COVARIATE_CHANGEPOINT_RESET_K2,2,True
2024-09-24,2,4840,トライアイズ,0.13591691851615906,True,1.0,3.205128205128216,S02_COVARIATE_CHANGEPOINT_RESET,S02_COVARIATE_CHANGEPOINT_RESET_K2,2,True
2024-09-25,1,5247,ＢＴＭ,0.1507614552974701,True,1.0,2.7205276174773196,S02_COVARIATE_CHANGEPOINT_RESET,S02_COVARIATE_CHANGEPOINT_RESET_K2,2,True
2024-09-25,2,4884,クリングルファーマ,0.13273534178733826,True,0.0,-0.8168028004667427,S02_COVARIATE_CHANGEPOINT_RESET,S02_COVARIATE_CHANGEPOINT_RESET_K2,2,True
2024-09-26,1,3092,ＺＯＺＯ,0.12933014333248138,True,1.0,3.1114774366371334,S02_COVARIATE_CHANGEPOINT_RESET,S02_COVARIATE_CHANGEPOINT_RESET_K2,2,True
2024-09-26,2,4267,ライトワークス,0.1268049031496048,True,1.0,0.20263424518742745,S02_COVARIATE_CHANGEPOINT_RESET,S02_COVARIATE_CHANGEPOINT_RESET_K2,2,True
2024-09-27,1,3787,テクノマセマティカル,0.15751248598098755,True,1.0,1.6245487364620947,S02_COVARIATE_CHANGEPOINT_RESET,S02_COVARIATE_CHANGEPOINT_RESET_K2,2,True
2024-09-27,2,4884,クリングルファーマ,0.1417308896780014,True,1.0,2.741358760429091,S02_COVARIATE_CHANGEPOINT_RESET,S02_COVARIATE_CHANGEPOINT_RESET_K2,2,True
2024-09-30,1,7886,ヤマト・インダストリー,0.16449828445911407,True,,,S02_COVARIATE_CHANGEPOINT_RESET,S02_COVARIATE_CHANGEPOINT_RESET_K2,2,False
2024-09-30,2,3787,テクノマセマティカル,0.15759305655956268,True,0.0,0.0,S02_COVARIATE_CHANGEPOINT_RESET,S02_COVARIATE_CHANGEPOINT_RESET_K2,2,True
2024-10-01,1,3787,テクノマセマティカル,0.11998327076435089,True,1.0,0.17152658662091813,S02_COVARIATE_CHANGEPOINT_RESET,S02_COVARIATE_CHANGEPOINT_RESET_K2,2,True
2024-10-01,2,2114,フジ日本,0.11912388354539871,True,0.0,-0.6673021925643452,S02_COVARIATE_CHANGEPOINT_RESET,S02_COVARIATE_CHANGEPOINT_RESET_K2,2,True
2024-10-02,1,7815,東京ボード⼯業,0.1381004899740219,True,1.0,0.670016750418756,S02_COVARIATE_CHANGEPOINT_RESET,S02_COVARIATE_CHANGEPOINT_RESET_K2,2,True
2024-10-02,2,3804,システム ディ,0.12392539530992508,True,1.0,0.2142857142857224,S02_COVARIATE_CHANGEPOINT_RESET,S02_COVARIATE_CHANGEPOINT_RESET_K2,2,True
2024-10-03,1,7815,東京ボード⼯業,0.13490726053714752,True,1.0,0.9819967266775809,S02_COVARIATE_CHANGEPOINT_RESET,S02_COVARIATE_CHANGEPOINT_RESET_K2,2,True
2024-10-03,2,3804,システム ディ,0.12192131578922272,True,0.0,-0.07127583749109156,S02_COVARIATE_CHANGEPOINT_RESET,S02_COVARIATE_CHANGEPOINT_RESET_K2,2,True
2024-10-04,1,7815,東京ボード⼯業,0.11587919294834137,True,1.0,2.2364217252396124,S02_COVARIATE_CHANGEPOINT_RESET,S02_COVARIATE_CHANGEPOINT_RESET_K2,2,True
2024-10-04,2,3726,フォーシーズＨＤ,0.11399179697036743,True,0.0,-0.4158004158004158,S02_COVARIATE_CHANGEPOINT_RESET,S02_COVARIATE_CHANGEPOINT_RESET_K2,2,True
2024-10-07,1,3804,システム ディ,0.09441322088241577,True,0.0,-0.3676470588235281,S02_COVARIATE_CHANGEPOINT_RESET,S02_COVARIATE_CHANGEPOINT_RESET_K2,2,True
2024-10-07,2,3850,エヌ・ティ・ティ・データ・イントラマート,0.09401611983776093,True,1.0,3.160173160173163,S02_COVARIATE_CHANGEPOINT_RESET,S02_COVARIATE_CHANGEPOINT_RESET_K2,2,True
2024-10-08,1,2229,カルビー,0.11969298124313354,True,1.0,0.5899705014749346,S02_COVARIATE_CHANGEPOINT_RESET,S02_COVARIATE_CHANGEPOINT_RESET_K2,2,True
2024-10-08,2,4361,川口化学⼯業,0.11433442682027817,True,1.0,0.12853470437017567,S02_COVARIATE_CHANGEPOINT_RESET,S02_COVARIATE_CHANGEPOINT_RESET_K2,2,True
2024-10-09,1,2334,イオレ,0.125059112906456,True,0.0,-0.30674846625766694,S02_COVARIATE_CHANGEPOINT_RESET,S02_COVARIATE_CHANGEPOINT_RESET_K2,2,True
2024-10-09,2,2229,カルビー,0.11210541427135468,True,1.0,0.9381413075344458,S02_COVARIATE_CHANGEPOINT_RESET,S02_COVARIATE_CHANGEPOINT_RESET_K2,2,True
2024-10-10,1,2334,イオレ,0.1342889964580536,True,1.0,0.9230769230769154,S02_COVARIATE_CHANGEPOINT_RESET,S02_COVARIATE_CHANGEPOINT_RESET_K2,2,True
2024-10-10,2,8871,ゴールドクレスト,0.1157926693558693,True,1.0,1.273885350318471,S02_COVARIATE_CHANGEPOINT_RESET,S02_COVARIATE_CHANGEPOINT_RESET_K2,2,True
2024-10-11,1,2334,イオレ,0.1296420693397522,True,0.0,-0.1524390243902385,S02_COVARIATE_CHANGEPOINT_RESET,S02_COVARIATE_CHANGEPOINT_RESET_K2,2,True
2024-10-11,2,9236,ジャパンＭ＆Ａソリューション,0.12192726135253906,True,1.0,3.125,S02_COVARIATE_CHANGEPOINT_RESET,S02_COVARIATE_CHANGEPOINT_RESET_K2,2,True
2024-10-15,1,2334,イオレ,0.11068147420883179,True,0.0,-0.3039513677811523,S02_COVARIATE_CHANGEPOINT_RESET,S02_COVARIATE_CHANGEPOINT_RESET_K2,2,True
2024-10-15,2,9601,松竹,0.10331991314888,True,1.0,0.9304812834224574,S02_COVARIATE_CHANGEPOINT_RESET,S02_COVARIATE_CHANGEPOINT_RESET_K2,2,True
2024-10-16,1,8871,ゴールドクレスト,0.11994136869907379,True,1.0,2.8037383177569986,S02_COVARIATE_CHANGEPOINT_RESET,S02_COVARIATE_CHANGEPOINT_RESET_K2,2,True
2024-10-16,2,9236,ジャパンＭ＆Ａソリューション,0.11729013174772263,True,1.0,1.2084592145015005,S02_COVARIATE_CHANGEPOINT_RESET,S02_COVARIATE_CHANGEPOINT_RESET_K2,2,True
2024-10-17,1,6543,日宣,0.09977420419454575,True,0.0,-1.526717557251911,S02_COVARIATE_CHANGEPOINT_RESET,S02_COVARIATE_CHANGEPOINT_RESET_K2,2,True
2024-10-17,2,5577,アイデミー,0.09964614361524582,True,0.0,-1.4591439688715901,S02_COVARIATE_CHANGEPOINT_RESET,S02_COVARIATE_CHANGEPOINT_RESET_K2,2,True
2024-10-18,1,3038,神⼾物産,0.1032751053571701,True,1.0,0.26271793647003605,S02_COVARIATE_CHANGEPOINT_RESET,S02_COVARIATE_CHANGEPOINT_RESET_K2,2,True
2024-10-18,2,8267,イオン,0.0989946499466896,True,0.0,-0.29689608636976894,S02_COVARIATE_CHANGEPOINT_RESET,S02_COVARIATE_CHANGEPOINT_RESET_K2,2,True
2024-10-21,1,6543,日宣,0.0964316874742508,True,0.0,-0.6211180124223614,S02_COVARIATE_CHANGEPOINT_RESET,S02_COVARIATE_CHANGEPOINT_RESET_K2,2,True
2024-10-21,2,4937,Ｗａｑｏｏ,0.09639570862054825,True,0.0,-2.913385826771653,S02_COVARIATE_CHANGEPOINT_RESET,S02_COVARIATE_CHANGEPOINT_RESET_K2,2,True
2024-10-22,1,7072,インティメート・マージャー,0.1068899855017662,True,0.0,-0.8474576271186418,S02_COVARIATE_CHANGEPOINT_RESET,S02_COVARIATE_CHANGEPOINT_RESET_K2,2,True
2024-10-22,2,3623,ビリングシステム,0.10244224220514297,True,0.0,-2.7006751687921993,S02_COVARIATE_CHANGEPOINT_RESET,S02_COVARIATE_CHANGEPOINT_RESET_K2,2,True
2024-10-23,1,8871,ゴールドクレスト,0.13221773505210876,True,0.0,-2.7156549520766737,S02_COVARIATE_CHANGEPOINT_RESET,S02_COVARIATE_CHANGEPOINT_RESET_K2,2,True
2024-10-23,2,2268,Ｂ−Ｒ サーティワン アイスクリーム,0.10766571760177612,True,0.0,-0.7194244604316502,S02_COVARIATE_CHANGEPOINT_RESET,S02_COVARIATE_CHANGEPOINT_RESET_K2,2,True
2024-10-24,1,8871,ゴールドクレスト,0.1408195048570633,True,1.0,0.8291873963515828,S02_COVARIATE_CHANGEPOINT_RESET,S02_COVARIATE_CHANGEPOINT_RESET_K2,2,True
2024-10-24,2,7369,メイホーホールディングス,0.10877419263124466,True,0.0,0.0,S02_COVARIATE_CHANGEPOINT_RESET,S02_COVARIATE_CHANGEPOINT_RESET_K2,2,True
2024-10-25,1,8871,ゴールドクレスト,0.1297725886106491,True,1.0,0.6557377049180246,S02_COVARIATE_CHANGEPOINT_RESET,S02_COVARIATE_CHANGEPOINT_RESET_K2,2,True
2024-10-25,2,7815,東京ボード⼯業,0.114554263651371,True,1.0,1.1513157894736947,S02_COVARIATE_CHANGEPOINT_RESET,S02_COVARIATE_CHANGEPOINT_RESET_K2,2,True
2024-10-28,1,8871,ゴールドクレスト,0.1294449269771576,True,0.0,-2.1035598705501646,S02_COVARIATE_CHANGEPOINT_RESET,S02_COVARIATE_CHANGEPOINT_RESET_K2,2,True
2024-10-28,2,7379,サーキュレーション,0.11425065249204636,True,1.0,0.16286644951140072,S02_COVARIATE_CHANGEPOINT_RESET,S02_COVARIATE_CHANGEPOINT_RESET_K2,2,True
2024-10-29,1,8871,ゴールドクレスト,0.13803322613239288,True,0.0,-0.658978583196046,S02_COVARIATE_CHANGEPOINT_RESET,S02_COVARIATE_CHANGEPOINT_RESET_K2,2,True
2024-10-29,2,7815,東京ボード⼯業,0.11804447323083878,True,1.0,1.342281879194629,S02_COVARIATE_CHANGEPOINT_RESET,S02_COVARIATE_CHANGEPOINT_RESET_K2,2,True
2024-10-30,1,7379,サーキュレーション,0.128126859664917,True,1.0,1.1513157894736947,S02_COVARIATE_CHANGEPOINT_RESET,S02_COVARIATE_CHANGEPOINT_RESET_K2,2,True
2024-10-30,2,8871,ゴールドクレスト,0.12676192820072174,True,1.0,0.2673796791443861,S02_COVARIATE_CHANGEPOINT_RESET,S02_COVARIATE_CHANGEPOINT_RESET_K2,2,True
2024-10-31,1,8871,ゴールドクレスト,0.1183011457324028,True,0.0,-0.5647840531561421,S02_COVARIATE_CHANGEPOINT_RESET,S02_COVARIATE_CHANGEPOINT_RESET_K2,2,True
2024-10-31,2,7376,ＢＣＣ,0.1182795837521553,True,0.0,0.0,S02_COVARIATE_CHANGEPOINT_RESET,S02_COVARIATE_CHANGEPOINT_RESET_K2,2,True
2024-11-01,1,6196,ストライク,0.16146521270275116,True,1.0,3.43878954607979,S02_COVARIATE_CHANGEPOINT_RESET,S02_COVARIATE_CHANGEPOINT_RESET_K2,2,True
2024-11-01,2,2413,エムスリー,0.15599952638149261,True,0.0,-0.9262216544235091,S02_COVARIATE_CHANGEPOINT_RESET,S02_COVARIATE_CHANGEPOINT_RESET_K2,2,True
2024-11-05,1,4091,日本酸素ホールディングス,0.19686393439769745,True,1.0,2.499999999999991,S02_COVARIATE_CHANGEPOINT_RESET,S02_COVARIATE_CHANGEPOINT_RESET_K2,2,True
2024-11-05,2,6961,エンプラス,0.19531390070915222,True,0.0,-15.39763113367174,S02_COVARIATE_CHANGEPOINT_RESET,S02_COVARIATE_CHANGEPOINT_RESET_K2,2,True
2024-11-06,1,6141,ＤＭＧ森精機,0.18121542036533356,True,1.0,3.2380231016852834,S02_COVARIATE_CHANGEPOINT_RESET,S02_COVARIATE_CHANGEPOINT_RESET_K2,2,True
2024-11-06,2,7859,アルメディオ,0.1688176989555359,True,0.0,-4.385964912280704,S02_COVARIATE_CHANGEPOINT_RESET,S02_COVARIATE_CHANGEPOINT_RESET_K2,2,True
2024-11-07,1,6670,ＭＣＪ,0.13726136088371277,True,1.0,0.14440433212996595,S02_COVARIATE_CHANGEPOINT_RESET,S02_COVARIATE_CHANGEPOINT_RESET_K2,2,True
2024-11-07,2,4091,日本酸素ホールディングス,0.12500444054603577,True,0.0,-4.005636070853457,S02_COVARIATE_CHANGEPOINT_RESET,S02_COVARIATE_CHANGEPOINT_RESET_K2,2,True
2024-11-08,1,4091,日本酸素ホールディングス,0.1546250879764557,True,0.0,-0.9712750568299233,S02_COVARIATE_CHANGEPOINT_RESET,S02_COVARIATE_CHANGEPOINT_RESET_K2,2,True
2024-11-08,2,6193,バーチャレクス・ホールディングス,0.1233256533741951,True,0.0,-0.6711409395973145,S02_COVARIATE_CHANGEPOINT_RESET,S02_COVARIATE_CHANGEPOINT_RESET_K2,2,True
2024-11-11,1,6976,太陽誘電,0.1924634873867035,True,1.0,2.0302375809935214,S02_COVARIATE_CHANGEPOINT_RESET,S02_COVARIATE_CHANGEPOINT_RESET_K2,2,True
2024-11-11,2,6963,ローム,0.1666305661201477,True,0.0,-1.2144455097475193,S02_COVARIATE_CHANGEPOINT_RESET,S02_COVARIATE_CHANGEPOINT_RESET_K2,2,True
2024-11-12,1,4634,ａｒｔｉｅｎｃｅ,0.17366774380207062,True,0.0,-1.449275362318836,S02_COVARIATE_CHANGEPOINT_RESET,S02_COVARIATE_CHANGEPOINT_RESET_K2,2,True
2024-11-12,2,5816,オーナンバ,0.17292648553848267,True,0.0,-1.17647058823529,S02_COVARIATE_CHANGEPOINT_RESET,S02_COVARIATE_CHANGEPOINT_RESET_K2,2,True
2024-11-13,1,9259,タカヨシホールディングス,0.14835521578788757,True,0.0,-2.1630615640598982,S02_COVARIATE_CHANGEPOINT_RESET,S02_COVARIATE_CHANGEPOINT_RESET_K2,2,True
2024-11-13,2,4971,メック,0.14267778396606445,True,0.0,-0.4424778761061954,S02_COVARIATE_CHANGEPOINT_RESET,S02_COVARIATE_CHANGEPOINT_RESET_K2,2,True
2024-11-14,1,3788,ＧＭＯグローバルサイン・ホールディングス,0.1858496069908142,True,1.0,4.1387465510445365,S02_COVARIATE_CHANGEPOINT_RESET,S02_COVARIATE_CHANGEPOINT_RESET_K2,2,True
2024-11-14,2,6458,新晃⼯業,0.14337822794914246,True,0.0,-3.5110533159947943,S02_COVARIATE_CHANGEPOINT_RESET,S02_COVARIATE_CHANGEPOINT_RESET_K2,2,True
2024-11-15,1,4527,ロート製薬,0.19664710760116577,True,0.0,-3.226375176304652,S02_COVARIATE_CHANGEPOINT_RESET,S02_COVARIATE_CHANGEPOINT_RESET_K2,2,True
2024-11-15,2,2146,ＵＴグループ,0.15635256469249725,True,0.0,-0.389294403892948,S02_COVARIATE_CHANGEPOINT_RESET,S02_COVARIATE_CHANGEPOINT_RESET_K2,2,True
2024-11-18,1,6061,ユニバーサル園芸社,0.19854481518268585,True,1.0,1.7543859649122862,S02_COVARIATE_CHANGEPOINT_RESET,S02_COVARIATE_CHANGEPOINT_RESET_K2,2,True
2024-11-18,2,6190,フェニックスバイオ,0.18286560475826263,True,0.0,-2.2346368715083775,S02_COVARIATE_CHANGEPOINT_RESET,S02_COVARIATE_CHANGEPOINT_RESET_K2,2,True
2024-11-19,1,3191,ジョイフル本⽥,0.14418572187423706,True,1.0,1.8686296715741735,S02_COVARIATE_CHANGEPOINT_RESET,S02_COVARIATE_CHANGEPOINT_RESET_K2,2,True
2024-11-19,2,8304,あおぞら銀行,0.13531221449375153,True,1.0,0.5750545310331256,S02_COVARIATE_CHANGEPOINT_RESET,S02_COVARIATE_CHANGEPOINT_RESET_K2,2,True
2024-11-20,1,9073,京極運輸商事,0.18239597976207733,True,0.0,-4.751131221719462,S02_COVARIATE_CHANGEPOINT_RESET,S02_COVARIATE_CHANGEPOINT_RESET_K2,2,True
2024-11-20,2,7426,山大,0.1327524334192276,True,1.0,1.7985611510791477,S02_COVARIATE_CHANGEPOINT_RESET,S02_COVARIATE_CHANGEPOINT_RESET_K2,2,True
2024-11-21,1,7718,スター精密,0.1394864022731781,True,1.0,0.3775620280474623,S02_COVARIATE_CHANGEPOINT_RESET,S02_COVARIATE_CHANGEPOINT_RESET_K2,2,True
2024-11-21,2,9331,キャスター,0.13564668595790863,True,1.0,0.21459227467810482,S02_COVARIATE_CHANGEPOINT_RESET,S02_COVARIATE_CHANGEPOINT_RESET_K2,2,True
2024-11-22,1,4267,ライトワークス,0.12976273894309998,True,1.0,1.6650342801175277,S02_COVARIATE_CHANGEPOINT_RESET,S02_COVARIATE_CHANGEPOINT_RESET_K2,2,True
2024-11-22,2,8938,グローム・ホールディングス,0.11564067751169205,True,1.0,1.182654402102501,S02_COVARIATE_CHANGEPOINT_RESET,S02_COVARIATE_CHANGEPOINT_RESET_K2,2,True
2024-11-25,1,4267,ライトワークス,0.13127616047859192,True,0.0,-0.770712909441229,S02_COVARIATE_CHANGEPOINT_RESET,S02_COVARIATE_CHANGEPOINT_RESET_K2,2,True
2024-11-25,2,9331,キャスター,0.1201656311750412,True,0.0,-1.3555787278415,S02_COVARIATE_CHANGEPOINT_RESET,S02_COVARIATE_CHANGEPOINT_RESET_K2,2,True
2024-11-26,1,4267,ライトワークス,0.16349995136260986,True,1.0,0.9708737864077666,S02_COVARIATE_CHANGEPOINT_RESET,S02_COVARIATE_CHANGEPOINT_RESET_K2,2,True
2024-11-26,2,2752,フジオフードグループ本社,0.14915728569030762,True,1.0,1.4297729184188368,S02_COVARIATE_CHANGEPOINT_RESET,S02_COVARIATE_CHANGEPOINT_RESET_K2,2,True
2024-11-27,1,4267,ライトワークス,0.12197468429803848,True,1.0,1.1650485436893288,S02_COVARIATE_CHANGEPOINT_RESET,S02_COVARIATE_CHANGEPOINT_RESET_K2,2,True
2024-11-27,2,8209,フレンドリー,0.12036266922950745,True,0.0,-0.2564102564102555,S02_COVARIATE_CHANGEPOINT_RESET,S02_COVARIATE_CHANGEPOINT_RESET_K2,2,True
2024-11-28,1,9248,人・夢・技術グループ,0.14143340289592743,True,0.0,-1.807980049875313,S02_COVARIATE_CHANGEPOINT_RESET,S02_COVARIATE_CHANGEPOINT_RESET_K2,2,True
2024-11-28,2,8136,サンリオ,0.13491693139076233,True,1.0,5.184514376273497,S02_COVARIATE_CHANGEPOINT_RESET,S02_COVARIATE_CHANGEPOINT_RESET_K2,2,True
2024-11-29,1,5967,ＴＯＮＥ,0.18685808777809143,True,0.0,-3.2520325203251987,S02_COVARIATE_CHANGEPOINT_RESET,S02_COVARIATE_CHANGEPOINT_RESET_K2,2,True
2024-11-29,2,4197,アスマーク,0.1707608848810196,True,1.0,0.20669698222406385,S02_COVARIATE_CHANGEPOINT_RESET,S02_COVARIATE_CHANGEPOINT_RESET_K2,2,True
2024-12-02,1,4465,ニイタカ,0.1295049786567688,True,1.0,0.6511123168746691,S02_COVARIATE_CHANGEPOINT_RESET,S02_COVARIATE_CHANGEPOINT_RESET_K2,2,True
2024-12-02,2,3454,ファーストブラザーズ,0.10940691828727722,True,0.0,-1.7699115044247815,S02_COVARIATE_CHANGEPOINT_RESET,S02_COVARIATE_CHANGEPOINT_RESET_K2,2,True
2024-12-03,1,4465,ニイタカ,0.11971911787986755,True,1.0,0.8086253369272267,S02_COVARIATE_CHANGEPOINT_RESET,S02_COVARIATE_CHANGEPOINT_RESET_K2,2,True
2024-12-03,2,7388,ＦＰパートナー,0.1190742552280426,True,0.0,-1.8074821353509907,S02_COVARIATE_CHANGEPOINT_RESET,S02_COVARIATE_CHANGEPOINT_RESET_K2,2,True
2024-12-04,1,4465,ニイタカ,0.12917160987854004,True,0.0,-0.2134471718249764,S02_COVARIATE_CHANGEPOINT_RESET,S02_COVARIATE_CHANGEPOINT_RESET_K2,2,True
2024-12-04,2,3800,ユニリタ,0.1243065744638443,True,0.0,-0.05012531328321135,S02_COVARIATE_CHANGEPOINT_RESET,S02_COVARIATE_CHANGEPOINT_RESET_K2,2,True
2024-12-05,1,4267,ライトワークス,0.1374865621328354,True,0.0,0.0,S02_COVARIATE_CHANGEPOINT_RESET,S02_COVARIATE_CHANGEPOINT_RESET_K2,2,True
2024-12-05,2,137A,Ｃｏｃｏｌｉｖｅ,0.126311257481575,True,0.0,-1.717557251908397,S02_COVARIATE_CHANGEPOINT_RESET,S02_COVARIATE_CHANGEPOINT_RESET_K2,2,True
2024-12-06,1,4267,ライトワークス,0.12787842750549316,True,0.0,-0.0970873786407811,S02_COVARIATE_CHANGEPOINT_RESET,S02_COVARIATE_CHANGEPOINT_RESET_K2,2,True
2024-12-06,2,137A,Ｃｏｃｏｌｉｖｅ,0.12245644629001617,True,0.0,-0.5000000000000004,S02_COVARIATE_CHANGEPOINT_RESET,S02_COVARIATE_CHANGEPOINT_RESET_K2,2,True
2024-12-09,1,4267,ライトワークス,0.12037631869316101,True,1.0,1.4577259475218707,S02_COVARIATE_CHANGEPOINT_RESET,S02_COVARIATE_CHANGEPOINT_RESET_K2,2,True
2024-12-09,2,9691,両毛システムズ,0.11499445140361786,True,1.0,1.7717346518335342,S02_COVARIATE_CHANGEPOINT_RESET,S02_COVARIATE_CHANGEPOINT_RESET_K2,2,True
2024-12-10,1,4267,ライトワークス,0.1258733868598938,True,1.0,0.674373795761074,S02_COVARIATE_CHANGEPOINT_RESET,S02_COVARIATE_CHANGEPOINT_RESET_K2,2,True
2024-12-10,2,9691,両毛システムズ,0.1128094494342804,True,0.0,0.0,S02_COVARIATE_CHANGEPOINT_RESET,S02_COVARIATE_CHANGEPOINT_RESET_K2,2,True
2024-12-11,1,7554,幸楽苑,0.1626967489719391,True,0.0,-1.4146772767462457,S02_COVARIATE_CHANGEPOINT_RESET,S02_COVARIATE_CHANGEPOINT_RESET_K2,2,True
2024-12-11,2,4267,ライトワークス,0.11438076198101044,True,1.0,0.4812319538017418,S02_COVARIATE_CHANGEPOINT_RESET,S02_COVARIATE_CHANGEPOINT_RESET_K2,2,True
2024-12-12,1,3657,ポールトゥウィンホールディングス,0.14171697199344635,True,0.0,-0.46511627906976605,S02_COVARIATE_CHANGEPOINT_RESET,S02_COVARIATE_CHANGEPOINT_RESET_K2,2,True
2024-12-12,2,6898,トミタ電機,0.11613385379314423,True,0.0,-0.13464991023339756,S02_COVARIATE_CHANGEPOINT_RESET,S02_COVARIATE_CHANGEPOINT_RESET_K2,2,True
2024-12-13,1,3770,ザッパラス,0.12603145837783813,True,0.0,-3.8560411311054033,S02_COVARIATE_CHANGEPOINT_RESET,S02_COVARIATE_CHANGEPOINT_RESET_K2,2,True
2024-12-13,2,2695,くら寿司,0.12371143698692322,True,0.0,-3.533026113671278,S02_COVARIATE_CHANGEPOINT_RESET,S02_COVARIATE_CHANGEPOINT_RESET_K2,2,True
2024-12-16,1,9159,Ｗ ＴＯＫＹＯ,0.11798760294914246,True,0.0,-1.2820512820512775,S02_COVARIATE_CHANGEPOINT_RESET,S02_COVARIATE_CHANGEPOINT_RESET_K2,2,True
2024-12-16,2,6898,トミタ電機,0.11785450577735901,True,0.0,0.0,S02_COVARIATE_CHANGEPOINT_RESET,S02_COVARIATE_CHANGEPOINT_RESET_K2,2,True
2024-12-17,1,3452,ビーロット,0.1561426818370819,True,0.0,-4.014869888475836,S02_COVARIATE_CHANGEPOINT_RESET,S02_COVARIATE_CHANGEPOINT_RESET_K2,2,True
2024-12-17,2,4446,Ｌｉｎｋ−Ｕグループ,0.15490679442882538,True,0.0,-4.1860465116279055,S02_COVARIATE_CHANGEPOINT_RESET,S02_COVARIATE_CHANGEPOINT_RESET_K2,2,True
2024-12-18,1,4267,ライトワークス,0.12870843708515167,True,1.0,1.4778325123152802,S02_COVARIATE_CHANGEPOINT_RESET,S02_COVARIATE_CHANGEPOINT_RESET_K2,2,True
2024-12-18,2,3320,クロスプラス,0.11882150173187256,True,1.0,1.3265306122449028,S02_COVARIATE_CHANGEPOINT_RESET,S02_COVARIATE_CHANGEPOINT_RESET_K2,2,True
2024-12-19,1,7064,ハウテレビジョン,0.11888201534748077,True,1.0,1.6326530612244872,S02_COVARIATE_CHANGEPOINT_RESET,S02_COVARIATE_CHANGEPOINT_RESET_K2,2,True
2024-12-19,2,7345,アイ・パートナーズフィナンシャル,0.1171998381614685,True,0.0,0.0,S02_COVARIATE_CHANGEPOINT_RESET,S02_COVARIATE_CHANGEPOINT_RESET_K2,2,True
2024-12-20,1,7345,アイ・パートナーズフィナンシャル,0.1342414766550064,True,0.0,-1.379310344827589,S02_COVARIATE_CHANGEPOINT_RESET,S02_COVARIATE_CHANGEPOINT_RESET_K2,2,True
2024-12-20,2,2408,ＫＧ情報,0.13177230954170227,True,0.0,-0.4983388704318914,S02_COVARIATE_CHANGEPOINT_RESET,S02_COVARIATE_CHANGEPOINT_RESET_K2,2,True
2024-12-23,1,9468,ＫＡＤＯＫＡＷＡ,0.17319507896900177,True,1.0,1.2353706111833507,S02_COVARIATE_CHANGEPOINT_RESET,S02_COVARIATE_CHANGEPOINT_RESET_K2,2,True
2024-12-23,2,7345,アイ・パートナーズフィナンシャル,0.12526260316371918,True,1.0,3.6231884057970953,S02_COVARIATE_CHANGEPOINT_RESET,S02_COVARIATE_CHANGEPOINT_RESET_K2,2,True
2024-12-24,1,9159,Ｗ ＴＯＫＹＯ,0.10473588109016418,True,0.0,-1.4609571788413045,S02_COVARIATE_CHANGEPOINT_RESET,S02_COVARIATE_CHANGEPOINT_RESET_K2,2,True
2024-12-24,2,9246,プロジェクトホールディングス,0.10017348825931549,True,0.0,-2.0568070519098924,S02_COVARIATE_CHANGEPOINT_RESET,S02_COVARIATE_CHANGEPOINT_RESET_K2,2,True
2024-12-25,1,7345,アイ・パートナーズフィナンシャル,0.12736007571220398,True,1.0,0.8960573476702427,S02_COVARIATE_CHANGEPOINT_RESET,S02_COVARIATE_CHANGEPOINT_RESET_K2,2,True
2024-12-25,2,9159,Ｗ ＴＯＫＹＯ,0.12357273697853088,True,0.0,-3.490759753593431,S02_COVARIATE_CHANGEPOINT_RESET,S02_COVARIATE_CHANGEPOINT_RESET_K2,2,True
2024-12-26,1,2354,ＹＥ ＤＩＧＩＴＡＬ,0.1455378383398056,True,0.0,-0.8223684210526327,S02_COVARIATE_CHANGEPOINT_RESET,S02_COVARIATE_CHANGEPOINT_RESET_K2,2,True
2024-12-26,2,9159,Ｗ ＴＯＫＹＯ,0.12229034304618835,True,0.0,-2.6687598116169498,S02_COVARIATE_CHANGEPOINT_RESET,S02_COVARIATE_CHANGEPOINT_RESET_K2,2,True
2024-12-27,1,3800,ユニリタ,0.10331432521343231,True,1.0,0.30105368790767084,S02_COVARIATE_CHANGEPOINT_RESET,S02_COVARIATE_CHANGEPOINT_RESET_K2,2,True
2024-12-27,2,3382,セブン＆アイ・ホールディングス,0.10256941616535187,True,1.0,0.20251113811260435,S02_COVARIATE_CHANGEPOINT_RESET,S02_COVARIATE_CHANGEPOINT_RESET_K2,2,True
2024-12-30,1,7314,小⽥原機器,0.1548539251089096,True,0.0,-2.749410840534172,S02_COVARIATE_CHANGEPOINT_RESET,S02_COVARIATE_CHANGEPOINT_RESET_K2,2,True
2024-12-30,2,9339,コーチ・エィ,0.14987462759017944,True,1.0,0.15151515151514694,S02_COVARIATE_CHANGEPOINT_RESET,S02_COVARIATE_CHANGEPOINT_RESET_K2,2,True
2025-01-06,1,3800,ユニリタ,0.12047959864139557,True,0.0,0.0,S02_COVARIATE_CHANGEPOINT_RESET,S02_COVARIATE_CHANGEPOINT_RESET_K2,2,True
2025-01-06,2,7314,小⽥原機器,0.12045876681804657,True,0.0,-2.049180327868849,S02_COVARIATE_CHANGEPOINT_RESET,S02_COVARIATE_CHANGEPOINT_RESET_K2,2,True
2025-01-07,1,1994,高橋カーテンウォール⼯業,0.11621883511543274,True,0.0,-2.0905923344947785,S02_COVARIATE_CHANGEPOINT_RESET,S02_COVARIATE_CHANGEPOINT_RESET_K2,2,True
2025-01-07,2,3800,ユニリタ,0.11363276839256287,True,1.0,0.10035122930256435,S02_COVARIATE_CHANGEPOINT_RESET,S02_COVARIATE_CHANGEPOINT_RESET_K2,2,True
2025-01-08,1,1994,高橋カーテンウォール⼯業,0.12793374061584473,True,1.0,1.073345259391778,S02_COVARIATE_CHANGEPOINT_RESET,S02_COVARIATE_CHANGEPOINT_RESET_K2,2,True
2025-01-08,2,3800,ユニリタ,0.12582844495773315,True,1.0,0.2004008016031955,S02_COVARIATE_CHANGEPOINT_RESET,S02_COVARIATE_CHANGEPOINT_RESET_K2,2,True
2025-01-09,1,3800,ユニリタ,0.11929132044315338,True,0.0,-0.10035122930256435,S02_COVARIATE_CHANGEPOINT_RESET,S02_COVARIATE_CHANGEPOINT_RESET_K2,2,True
2025-01-09,2,2349,エヌアイデイ,0.0973391979932785,True,,,S02_COVARIATE_CHANGEPOINT_RESET,S02_COVARIATE_CHANGEPOINT_RESET_K2,2,False
2025-01-10,1,7730,マニー,0.1340031772851944,True,0.0,-2.0689655172413834,S02_COVARIATE_CHANGEPOINT_RESET,S02_COVARIATE_CHANGEPOINT_RESET_K2,2,True
2025-01-10,2,3800,ユニリタ,0.08759327977895737,True,1.0,0.050226017076848706,S02_COVARIATE_CHANGEPOINT_RESET,S02_COVARIATE_CHANGEPOINT_RESET_K2,2,True
2025-01-14,1,9369,キユーソー流通システム,0.11029914021492004,True,0.0,-3.1563845050215256,S02_COVARIATE_CHANGEPOINT_RESET,S02_COVARIATE_CHANGEPOINT_RESET_K2,2,True
2025-01-14,2,2349,エヌアイデイ,0.08545403927564621,True,1.0,2.008032128514059,S02_COVARIATE_CHANGEPOINT_RESET,S02_COVARIATE_CHANGEPOINT_RESET_K2,2,True
2025-01-15,1,4735,京進,0.13327911496162415,True,0.0,-0.7853403141361293,S02_COVARIATE_CHANGEPOINT_RESET,S02_COVARIATE_CHANGEPOINT_RESET_K2,2,True
2025-01-15,2,4343,イオンファンタジー,0.11651193350553513,True,1.0,1.1829652996845352,S02_COVARIATE_CHANGEPOINT_RESET,S02_COVARIATE_CHANGEPOINT_RESET_K2,2,True
2025-01-16,1,9250,ＧＲＣＳ,0.18259163200855255,True,0.0,-3.601108033240996,S02_COVARIATE_CHANGEPOINT_RESET,S02_COVARIATE_CHANGEPOINT_RESET_K2,2,True
2025-01-16,2,9241,フューチャーリンクネットワーク,0.17201340198516846,True,1.0,4.906333630686888,S02_COVARIATE_CHANGEPOINT_RESET,S02_COVARIATE_CHANGEPOINT_RESET_K2,2,True
2025-01-17,1,9250,ＧＲＣＳ,0.09741595387458801,True,0.0,-0.5751258087706712,S02_COVARIATE_CHANGEPOINT_RESET,S02_COVARIATE_CHANGEPOINT_RESET_K2,2,True
2025-01-17,2,3440,日創プロニティ,0.08803034573793411,True,0.0,-0.5747126436781658,S02_COVARIATE_CHANGEPOINT_RESET,S02_COVARIATE_CHANGEPOINT_RESET_K2,2,True
2025-01-20,1,3976,シャノン,0.12225282937288284,True,1.0,3.5196687370600444,S02_COVARIATE_CHANGEPOINT_RESET,S02_COVARIATE_CHANGEPOINT_RESET_K2,2,True
2025-01-20,2,9241,フューチャーリンクネットワーク,0.1195233166217804,True,1.0,2.305721605465405,S02_COVARIATE_CHANGEPOINT_RESET,S02_COVARIATE_CHANGEPOINT_RESET_K2,2,True
2025-01-21,1,9362,兵機海運,0.13872234523296356,True,0.0,0.0,S02_COVARIATE_CHANGEPOINT_RESET,S02_COVARIATE_CHANGEPOINT_RESET_K2,2,True
2025-01-21,2,9241,フューチャーリンクネットワーク,0.11449041217565536,True,1.0,3.255425709515869,S02_COVARIATE_CHANGEPOINT_RESET,S02_COVARIATE_CHANGEPOINT_RESET_K2,2,True
2025-01-22,1,9241,フューチャーリンクネットワーク,0.12423629313707352,True,1.0,1.6142050040355072,S02_COVARIATE_CHANGEPOINT_RESET,S02_COVARIATE_CHANGEPOINT_RESET_K2,2,True
2025-01-22,2,2911,旭松食品,0.10531369596719742,True,1.0,0.21626297577854725,S02_COVARIATE_CHANGEPOINT_RESET,S02_COVARIATE_CHANGEPOINT_RESET_K2,2,True
2025-01-23,1,4437,ｇｏｏｄｄａｙｓホールディングス,0.13351108133792877,True,1.0,0.4484304932735439,S02_COVARIATE_CHANGEPOINT_RESET,S02_COVARIATE_CHANGEPOINT_RESET_K2,2,True
2025-01-23,2,3238,セントラル総合開発,0.12472429871559143,True,1.0,0.42105263157894424,S02_COVARIATE_CHANGEPOINT_RESET,S02_COVARIATE_CHANGEPOINT_RESET_K2,2,True
2025-01-24,1,3238,セントラル総合開発,0.140442356467247,True,1.0,0.21052631578948322,S02_COVARIATE_CHANGEPOINT_RESET,S02_COVARIATE_CHANGEPOINT_RESET_K2,2,True
2025-01-24,2,7043,アルー,0.13047048449516296,True,1.0,1.17056856187292,S02_COVARIATE_CHANGEPOINT_RESET,S02_COVARIATE_CHANGEPOINT_RESET_K2,2,True
2025-01-27,1,3238,セントラル総合開発,0.15523704886436462,True,0.0,-0.42105263157894424,S02_COVARIATE_CHANGEPOINT_RESET,S02_COVARIATE_CHANGEPOINT_RESET_K2,2,True
2025-01-27,2,2911,旭松食品,0.13289868831634521,True,0.0,-0.1295896328293744,S02_COVARIATE_CHANGEPOINT_RESET,S02_COVARIATE_CHANGEPOINT_RESET_K2,2,True
2025-01-28,1,166A,タスキホールディングス,0.14218151569366455,True,0.0,-0.6015037593984918,S02_COVARIATE_CHANGEPOINT_RESET,S02_COVARIATE_CHANGEPOINT_RESET_K2,2,True
2025-01-28,2,3238,セントラル総合開発,0.1337577849626541,True,1.0,0.424628450106157,S02_COVARIATE_CHANGEPOINT_RESET,S02_COVARIATE_CHANGEPOINT_RESET_K2,2,True
2025-01-29,1,3238,セントラル総合開発,0.14877654612064362,True,1.0,0.2123142250530785,S02_COVARIATE_CHANGEPOINT_RESET,S02_COVARIATE_CHANGEPOINT_RESET_K2,2,True
2025-01-29,2,2911,旭松食品,0.12995761632919312,True,1.0,0.043177892918833116,S02_COVARIATE_CHANGEPOINT_RESET,S02_COVARIATE_CHANGEPOINT_RESET_K2,2,True
2025-01-30,1,2806,ユタカフーズ,0.14673644304275513,True,1.0,0.7268063274903813,S02_COVARIATE_CHANGEPOINT_RESET,S02_COVARIATE_CHANGEPOINT_RESET_K2,2,True
2025-01-30,2,2911,旭松食品,0.13737748563289642,True,0.0,0.0,S02_COVARIATE_CHANGEPOINT_RESET,S02_COVARIATE_CHANGEPOINT_RESET_K2,2,True
2025-01-31,1,2997,ストレージ王,0.16825328767299652,True,0.0,-1.6913319238900604,S02_COVARIATE_CHANGEPOINT_RESET,S02_COVARIATE_CHANGEPOINT_RESET_K2,2,True
2025-01-31,2,6654,不二電機⼯業,0.139325812458992,True,1.0,0.3802281368821214,S02_COVARIATE_CHANGEPOINT_RESET,S02_COVARIATE_CHANGEPOINT_RESET_K2,2,True
2025-02-03,1,6196,ストライク,0.13864068686962128,True,0.0,-2.8346456692913358,S02_COVARIATE_CHANGEPOINT_RESET,S02_COVARIATE_CHANGEPOINT_RESET_K2,2,True
2025-02-03,2,2127,日本Ｍ＆Ａセンターホールディングス,0.13780280947685242,True,0.0,-1.565074135090605,S02_COVARIATE_CHANGEPOINT_RESET,S02_COVARIATE_CHANGEPOINT_RESET_K2,2,True
2025-02-04,1,2491,バリューコマース,0.1502590924501419,True,0.0,-5.000000000000004,S02_COVARIATE_CHANGEPOINT_RESET,S02_COVARIATE_CHANGEPOINT_RESET_K2,2,True
2025-02-04,2,2282,日本ハム,0.14806999266147614,True,0.0,-1.7699115044247815,S02_COVARIATE_CHANGEPOINT_RESET,S02_COVARIATE_CHANGEPOINT_RESET_K2,2,True
2025-02-05,1,6632,ＪＶＣケンウッド,0.1402672827243805,True,1.0,4.688546550569317,S02_COVARIATE_CHANGEPOINT_RESET,S02_COVARIATE_CHANGEPOINT_RESET_K2,2,True
2025-02-05,2,4380,Ｍマート,0.12603822350502014,True,1.0,0.43859649122806044,S02_COVARIATE_CHANGEPOINT_RESET,S02_COVARIATE_CHANGEPOINT_RESET_K2,2,True
2025-02-06,1,3844,コムチュア,0.1161358430981636,True,0.0,-1.7664376840039298,S02_COVARIATE_CHANGEPOINT_RESET,S02_COVARIATE_CHANGEPOINT_RESET_K2,2,True
2025-02-06,2,4380,Ｍマート,0.10311198234558105,True,0.0,0.0,S02_COVARIATE_CHANGEPOINT_RESET,S02_COVARIATE_CHANGEPOINT_RESET_K2,2,True
2025-02-07,1,6193,バーチャレクス・ホールディングス,0.10632601380348206,True,0.0,0.0,S02_COVARIATE_CHANGEPOINT_RESET,S02_COVARIATE_CHANGEPOINT_RESET_K2,2,True
2025-02-07,2,6632,ＪＶＣケンウッド,0.10393715649843216,True,1.0,1.4581983149708266,S02_COVARIATE_CHANGEPOINT_RESET,S02_COVARIATE_CHANGEPOINT_RESET_K2,2,True
2025-02-10,1,2216,カンロ,0.12573522329330444,True,0.0,-1.4598540145985384,S02_COVARIATE_CHANGEPOINT_RESET,S02_COVARIATE_CHANGEPOINT_RESET_K2,2,True
2025-02-10,2,8111,ゴールドウイン,0.10614921152591705,True,0.0,-0.6511746680285979,S02_COVARIATE_CHANGEPOINT_RESET,S02_COVARIATE_CHANGEPOINT_RESET_K2,2,True
2025-02-12,1,4783,ＮＣＤ,0.16900958120822906,True,1.0,1.0204081632652962,S02_COVARIATE_CHANGEPOINT_RESET,S02_COVARIATE_CHANGEPOINT_RESET_K2,2,True
2025-02-12,2,3179,シュッピン,0.13557268679141998,True,0.0,-0.0983284169124854,S02_COVARIATE_CHANGEPOINT_RESET,S02_COVARIATE_CHANGEPOINT_RESET_K2,2,True
2025-02-13,1,7938,リーガルコーポレーション,0.1488034427165985,True,0.0,-0.19638648860957897,S02_COVARIATE_CHANGEPOINT_RESET,S02_COVARIATE_CHANGEPOINT_RESET_K2,2,True
2025-02-13,2,7043,アルー,0.13047470152378082,True,1.0,4.813664596273282,S02_COVARIATE_CHANGEPOINT_RESET,S02_COVARIATE_CHANGEPOINT_RESET_K2,2,True
2025-02-14,1,2120,ＬＩＦＵＬＬ,0.14312982559204102,True,1.0,1.1111111111111072,S02_COVARIATE_CHANGEPOINT_RESET,S02_COVARIATE_CHANGEPOINT_RESET_K2,2,True
2025-02-14,2,6268,ナブテスコ,0.1366375982761383,True,0.0,-2.850743229484831,S02_COVARIATE_CHANGEPOINT_RESET,S02_COVARIATE_CHANGEPOINT_RESET_K2,2,True
2025-02-17,1,3649,ファインデックス,0.13660737872123718,True,0.0,-3.794369645042839,S02_COVARIATE_CHANGEPOINT_RESET,S02_COVARIATE_CHANGEPOINT_RESET_K2,2,True
2025-02-17,2,7638,ＮＥＷ ＡＲＴ ＨＯＬＤＩＮＧＳ,0.1364406794309616,True,1.0,1.4656895403064585,S02_COVARIATE_CHANGEPOINT_RESET,S02_COVARIATE_CHANGEPOINT_RESET_K2,2,True
2025-02-18,1,5010,日本精蝋,0.1414649486541748,True,0.0,-3.240740740740744,S02_COVARIATE_CHANGEPOINT_RESET,S02_COVARIATE_CHANGEPOINT_RESET_K2,2,True
2025-02-18,2,5571,エキサイトホールディングス,0.1372963786125183,True,1.0,3.588748787584861,S02_COVARIATE_CHANGEPOINT_RESET,S02_COVARIATE_CHANGEPOINT_RESET_K2,2,True
2025-02-19,1,7043,アルー,0.11341489851474762,True,1.0,2.84005979073243,S02_COVARIATE_CHANGEPOINT_RESET,S02_COVARIATE_CHANGEPOINT_RESET_K2,2,True
2025-02-19,2,6193,バーチャレクス・ホールディングス,0.10803201049566269,True,1.0,0.7547169811320753,S02_COVARIATE_CHANGEPOINT_RESET,S02_COVARIATE_CHANGEPOINT_RESET_K2,2,True
2025-02-20,1,6193,バーチャレクス・ホールディングス,0.11605561524629593,True,1.0,1.0101010101010166,S02_COVARIATE_CHANGEPOINT_RESET,S02_COVARIATE_CHANGEPOINT_RESET_K2,2,True
2025-02-20,2,3800,ユニリタ,0.11401448398828506,True,1.0,0.1506024096385561,S02_COVARIATE_CHANGEPOINT_RESET,S02_COVARIATE_CHANGEPOINT_RESET_K2,2,True
2025-02-21,1,7638,ＮＥＷ ＡＲＴ ＨＯＬＤＩＮＧＳ,0.14333945512771606,True,0.0,-1.2578616352201255,S02_COVARIATE_CHANGEPOINT_RESET,S02_COVARIATE_CHANGEPOINT_RESET_K2,2,True
2025-02-21,2,3238,セントラル総合開発,0.10333483666181564,True,0.0,0.0,S02_COVARIATE_CHANGEPOINT_RESET,S02_COVARIATE_CHANGEPOINT_RESET_K2,2,True
2025-02-25,1,9857,英和,0.11477111279964447,True,0.0,0.0,S02_COVARIATE_CHANGEPOINT_RESET,S02_COVARIATE_CHANGEPOINT_RESET_K2,2,True
2025-02-25,2,9244,デジタリフト,0.11030759662389755,True,0.0,-0.2645502645502673,S02_COVARIATE_CHANGEPOINT_RESET,S02_COVARIATE_CHANGEPOINT_RESET_K2,2,True
2025-02-26,1,9244,デジタリフト,0.11520134657621384,True,1.0,1.5978695073235683,S02_COVARIATE_CHANGEPOINT_RESET,S02_COVARIATE_CHANGEPOINT_RESET_K2,2,True
2025-02-26,2,5973,トーアミ,0.11508604139089584,True,0.0,0.0,S02_COVARIATE_CHANGEPOINT_RESET,S02_COVARIATE_CHANGEPOINT_RESET_K2,2,True
2025-02-27,1,8995,誠建設⼯業,0.09874201565980911,True,0.0,0.0,S02_COVARIATE_CHANGEPOINT_RESET,S02_COVARIATE_CHANGEPOINT_RESET_K2,2,True
2025-02-27,2,4380,Ｍマート,0.08785799890756607,True,1.0,1.610169491525415,S02_COVARIATE_CHANGEPOINT_RESET,S02_COVARIATE_CHANGEPOINT_RESET_K2,2,True
2025-02-28,1,3490,アズ企画設計,0.13922394812107086,True,0.0,-0.49545829892650994,S02_COVARIATE_CHANGEPOINT_RESET,S02_COVARIATE_CHANGEPOINT_RESET_K2,2,True
2025-02-28,2,2300,きょくとう,0.13671875,True,1.0,0.20366598778003286,S02_COVARIATE_CHANGEPOINT_RESET,S02_COVARIATE_CHANGEPOINT_RESET_K2,2,True
2025-03-03,1,7345,アイ・パートナーズフィナンシャル,0.1138618215918541,True,1.0,6.326889279437609,S02_COVARIATE_CHANGEPOINT_RESET,S02_COVARIATE_CHANGEPOINT_RESET_K2,2,True
2025-03-03,2,3490,アズ企画設計,0.10970192402601242,True,0.0,-0.4161464835622186,S02_COVARIATE_CHANGEPOINT_RESET,S02_COVARIATE_CHANGEPOINT_RESET_K2,2,True
2025-03-04,1,9238,バリュークリエーション,0.10349181294441223,True,1.0,0.8247422680412342,S02_COVARIATE_CHANGEPOINT_RESET,S02_COVARIATE_CHANGEPOINT_RESET_K2,2,True
2025-03-04,2,3063,ジェイグループホールディングス,0.10273102670907974,True,1.0,0.8771929824561431,S02_COVARIATE_CHANGEPOINT_RESET,S02_COVARIATE_CHANGEPOINT_RESET_K2,2,True
2025-03-05,1,3063,ジェイグループホールディングス,0.11022549867630005,True,0.0,-0.14492753623188692,S02_COVARIATE_CHANGEPOINT_RESET,S02_COVARIATE_CHANGEPOINT_RESET_K2,2,True
2025-03-05,2,6312,フロイント産業,0.10958444327116013,True,0.0,-0.2645502645502673,S02_COVARIATE_CHANGEPOINT_RESET,S02_COVARIATE_CHANGEPOINT_RESET_K2,2,True
2025-03-06,1,3063,ジェイグループホールディングス,0.12290948629379272,True,0.0,-0.5780346820809301,S02_COVARIATE_CHANGEPOINT_RESET,S02_COVARIATE_CHANGEPOINT_RESET_K2,2,True
2025-03-06,2,3800,ユニリタ,0.1126214861869812,True,0.0,-0.10000000000000009,S02_COVARIATE_CHANGEPOINT_RESET,S02_COVARIATE_CHANGEPOINT_RESET_K2,2,True
2025-03-07,1,3674,オークファン,0.11587159335613251,True,0.0,-0.5333333333333301,S02_COVARIATE_CHANGEPOINT_RESET,S02_COVARIATE_CHANGEPOINT_RESET_K2,2,True
2025-03-07,2,7297,カーメイト,0.11267021298408508,True,,,S02_COVARIATE_CHANGEPOINT_RESET,S02_COVARIATE_CHANGEPOINT_RESET_K2,2,False
2025-03-10,1,7036,イーエムネットジャパン,0.11901243031024933,True,1.0,3.4445640473627526,S02_COVARIATE_CHANGEPOINT_RESET,S02_COVARIATE_CHANGEPOINT_RESET_K2,2,True
2025-03-10,2,4783,ＮＣＤ,0.11474699527025223,True,0.0,-0.03844675124952124,S02_COVARIATE_CHANGEPOINT_RESET,S02_COVARIATE_CHANGEPOINT_RESET_K2,2,True
2025-03-11,1,7345,アイ・パートナーズフィナンシャル,0.1248892992734909,True,1.0,0.6666666666666599,S02_COVARIATE_CHANGEPOINT_RESET,S02_COVARIATE_CHANGEPOINT_RESET_K2,2,True
2025-03-11,2,8139,ナガホリ,0.10495717078447342,True,0.0,-0.6433166547534008,S02_COVARIATE_CHANGEPOINT_RESET,S02_COVARIATE_CHANGEPOINT_RESET_K2,2,True
2025-03-12,1,8139,ナガホリ,0.10575584322214127,True,1.0,1.231884057971011,S02_COVARIATE_CHANGEPOINT_RESET,S02_COVARIATE_CHANGEPOINT_RESET_K2,2,True
2025-03-12,2,2806,ユタカフーズ,0.09974031895399094,True,1.0,0.04391743522178526,S02_COVARIATE_CHANGEPOINT_RESET,S02_COVARIATE_CHANGEPOINT_RESET_K2,2,True
2025-03-13,1,6870,日本フェンオール,0.11072570830583572,True,0.0,-1.8572257690075422,S02_COVARIATE_CHANGEPOINT_RESET,S02_COVARIATE_CHANGEPOINT_RESET_K2,2,True
2025-03-13,2,8139,ナガホリ,0.10079092532396317,True,1.0,0.2871500358937462,S02_COVARIATE_CHANGEPOINT_RESET,S02_COVARIATE_CHANGEPOINT_RESET_K2,2,True
2025-03-14,1,4387,ＺＵＵ,0.10567925125360489,True,1.0,0.2421307506053294,S02_COVARIATE_CHANGEPOINT_RESET,S02_COVARIATE_CHANGEPOINT_RESET_K2,2,True
2025-03-14,2,2332,クエスト,0.09657403826713562,True,1.0,0.0742390497401546,S02_COVARIATE_CHANGEPOINT_RESET,S02_COVARIATE_CHANGEPOINT_RESET_K2,2,True
2025-03-17,1,2332,クエスト,0.11533598601818085,True,1.0,0.6666666666666599,S02_COVARIATE_CHANGEPOINT_RESET,S02_COVARIATE_CHANGEPOINT_RESET_K2,2,True
2025-03-17,2,8139,ナガホリ,0.10359949618577957,True,0.0,-0.785153461812993,S02_COVARIATE_CHANGEPOINT_RESET,S02_COVARIATE_CHANGEPOINT_RESET_K2,2,True
2025-03-18,1,2332,クエスト,0.11653915792703629,True,1.0,0.07369196757553986,S02_COVARIATE_CHANGEPOINT_RESET,S02_COVARIATE_CHANGEPOINT_RESET_K2,2,True
2025-03-18,2,6193,バーチャレクス・ホールディングス,0.1134602278470993,True,0.0,-0.4938271604938316,S02_COVARIATE_CHANGEPOINT_RESET,S02_COVARIATE_CHANGEPOINT_RESET_K2,2,True
2025-03-19,1,184A,学びエイド,0.1511845588684082,True,0.0,-1.4778325123152691,S02_COVARIATE_CHANGEPOINT_RESET,S02_COVARIATE_CHANGEPOINT_RESET_K2,2,True
2025-03-19,2,2332,クエスト,0.1366182416677475,True,1.0,0.589101620029453,S02_COVARIATE_CHANGEPOINT_RESET,S02_COVARIATE_CHANGEPOINT_RESET_K2,2,True
2025-03-21,1,5277,スパンクリートコーポレーション,0.13020285964012146,True,0.0,-0.22421524663677195,S02_COVARIATE_CHANGEPOINT_RESET,S02_COVARIATE_CHANGEPOINT_RESET_K2,2,True
2025-03-21,2,9685,ＫＹＣＯＭホールディングス,0.12777182459831238,True,1.0,0.2881844380403509,S02_COVARIATE_CHANGEPOINT_RESET,S02_COVARIATE_CHANGEPOINT_RESET_K2,2,True
2025-03-24,1,5277,スパンクリートコーポレーション,0.1465635746717453,True,1.0,0.22421524663676085,S02_COVARIATE_CHANGEPOINT_RESET,S02_COVARIATE_CHANGEPOINT_RESET_K2,2,True
2025-03-24,2,5742,エヌアイシ・オートテック,0.11907786130905151,True,0.0,-0.4987531172069848,S02_COVARIATE_CHANGEPOINT_RESET,S02_COVARIATE_CHANGEPOINT_RESET_K2,2,True
2025-03-25,1,5277,スパンクリートコーポレーション,0.15840259194374084,True,0.0,-0.22371364653244186,S02_COVARIATE_CHANGEPOINT_RESET,S02_COVARIATE_CHANGEPOINT_RESET_K2,2,True
2025-03-25,2,7043,アルー,0.11918755620718002,True,1.0,3.6308623298033194,S02_COVARIATE_CHANGEPOINT_RESET,S02_COVARIATE_CHANGEPOINT_RESET_K2,2,True
2025-03-26,1,5277,スパンクリートコーポレーション,0.1528564840555191,True,1.0,0.4474272930648837,S02_COVARIATE_CHANGEPOINT_RESET,S02_COVARIATE_CHANGEPOINT_RESET_K2,2,True
2025-03-26,2,2332,クエスト,0.12233617901802063,True,1.0,0.6588579795022032,S02_COVARIATE_CHANGEPOINT_RESET,S02_COVARIATE_CHANGEPOINT_RESET_K2,2,True
2025-03-27,1,5277,スパンクリートコーポレーション,0.1494106948375702,True,1.0,0.44642857142858094,S02_COVARIATE_CHANGEPOINT_RESET,S02_COVARIATE_CHANGEPOINT_RESET_K2,2,True
2025-03-27,2,9767,日建⼯学,0.11648574471473694,True,1.0,0.21739130434783593,S02_COVARIATE_CHANGEPOINT_RESET,S02_COVARIATE_CHANGEPOINT_RESET_K2,2,True
2025-03-28,1,5277,スパンクリートコーポレーション,0.15137864649295807,True,1.0,0.6696428571428603,S02_COVARIATE_CHANGEPOINT_RESET,S02_COVARIATE_CHANGEPOINT_RESET_K2,2,True
2025-03-28,2,9767,日建⼯学,0.13456667959690094,True,1.0,2.1513353115726996,S02_COVARIATE_CHANGEPOINT_RESET,S02_COVARIATE_CHANGEPOINT_RESET_K2,2,True
2025-03-31,1,4310,ドリームインキュベータ,0.14636829495429993,True,0.0,0.0,S02_COVARIATE_CHANGEPOINT_RESET,S02_COVARIATE_CHANGEPOINT_RESET_K2,2,True
2025-03-31,2,3434,アルファＣｏ,0.14265504479408264,True,0.0,-2.035398230088492,S02_COVARIATE_CHANGEPOINT_RESET,S02_COVARIATE_CHANGEPOINT_RESET_K2,2,True
2025-04-01,1,3434,アルファＣｏ,0.11706903576850891,True,0.0,-1.4388489208633115,S02_COVARIATE_CHANGEPOINT_RESET,S02_COVARIATE_CHANGEPOINT_RESET_K2,2,True
2025-04-01,2,2179,成学社,0.11612428724765778,True,0.0,-0.5167958656330796,S02_COVARIATE_CHANGEPOINT_RESET,S02_COVARIATE_CHANGEPOINT_RESET_K2,2,True
2025-04-02,1,7318,セレンディップ・ホールディングス,0.11075842380523682,True,0.0,-0.9044657998869443,S02_COVARIATE_CHANGEPOINT_RESET,S02_COVARIATE_CHANGEPOINT_RESET_K2,2,True
2025-04-02,2,7638,ＮＥＷ ＡＲＴ ＨＯＬＤＩＮＧＳ,0.10489577054977417,True,0.0,-6.765799256505578,S02_COVARIATE_CHANGEPOINT_RESET,S02_COVARIATE_CHANGEPOINT_RESET_K2,2,True
2025-04-03,1,7089,フォースタートアップス,0.1244201585650444,True,,,S02_COVARIATE_CHANGEPOINT_RESET,S02_COVARIATE_CHANGEPOINT_RESET_K2,2,False
2025-04-03,2,5845,全保連,0.11813720315694809,True,0.0,-0.6127450980392135,S02_COVARIATE_CHANGEPOINT_RESET,S02_COVARIATE_CHANGEPOINT_RESET_K2,2,True
2025-04-04,1,2332,クエスト,0.10275962948799133,True,0.0,-0.8000000000000007,S02_COVARIATE_CHANGEPOINT_RESET,S02_COVARIATE_CHANGEPOINT_RESET_K2,2,True
2025-04-04,2,8025,ツカモトコーポレーション,0.09899923205375671,True,1.0,2.8622540250447193,S02_COVARIATE_CHANGEPOINT_RESET,S02_COVARIATE_CHANGEPOINT_RESET_K2,2,True
2025-04-07,1,7036,イーエムネットジャパン,0.12178394198417664,True,0.0,-8.115942028985511,S02_COVARIATE_CHANGEPOINT_RESET,S02_COVARIATE_CHANGEPOINT_RESET_K2,2,True
2025-04-07,2,7878,光・彩,0.11005714535713196,True,1.0,0.23640661938533203,S02_COVARIATE_CHANGEPOINT_RESET,S02_COVARIATE_CHANGEPOINT_RESET_K2,2,True
2025-04-08,1,9250,ＧＲＣＳ,0.1308841109275818,True,1.0,6.661251015434599,S02_COVARIATE_CHANGEPOINT_RESET,S02_COVARIATE_CHANGEPOINT_RESET_K2,2,True
2025-04-08,2,1662,石油資源開発,0.11420571804046631,True,0.0,-0.29880478087649376,S02_COVARIATE_CHANGEPOINT_RESET,S02_COVARIATE_CHANGEPOINT_RESET_K2,2,True
2025-04-09,1,7317,松屋アールアンドディ,0.10090669244527817,True,1.0,1.6274864376130127,S02_COVARIATE_CHANGEPOINT_RESET,S02_COVARIATE_CHANGEPOINT_RESET_K2,2,True
2025-04-09,2,7043,アルー,0.090593121945858,True,1.0,0.14925373134329067,S02_COVARIATE_CHANGEPOINT_RESET,S02_COVARIATE_CHANGEPOINT_RESET_K2,2,True
2025-04-10,1,2332,クエスト,0.11793936789035797,True,1.0,0.39777247414478634,S02_COVARIATE_CHANGEPOINT_RESET,S02_COVARIATE_CHANGEPOINT_RESET_K2,2,True
2025-04-10,2,7317,松屋アールアンドディ,0.10991210490465164,True,0.0,-5.405405405405405,S02_COVARIATE_CHANGEPOINT_RESET,S02_COVARIATE_CHANGEPOINT_RESET_K2,2,True
2025-04-11,1,7043,アルー,0.11324197053909302,True,1.0,1.9461077844311392,S02_COVARIATE_CHANGEPOINT_RESET,S02_COVARIATE_CHANGEPOINT_RESET_K2,2,True
2025-04-11,2,3991,ウォンテッドリー,0.10784345865249634,True,1.0,10.946196660482377,S02_COVARIATE_CHANGEPOINT_RESET,S02_COVARIATE_CHANGEPOINT_RESET_K2,2,True
2025-04-14,1,7043,アルー,0.141352578997612,True,1.0,2.2222222222222143,S02_COVARIATE_CHANGEPOINT_RESET,S02_COVARIATE_CHANGEPOINT_RESET_K2,2,True
2025-04-14,2,2282,日本ハム,0.12134816497564316,True,1.0,0.9356725146198785,S02_COVARIATE_CHANGEPOINT_RESET,S02_COVARIATE_CHANGEPOINT_RESET_K2,2,True
2025-04-15,1,3986,ビーブレイクシステムズ,0.16729141771793365,True,1.0,0.20964360587001352,S02_COVARIATE_CHANGEPOINT_RESET,S02_COVARIATE_CHANGEPOINT_RESET_K2,2,True
2025-04-15,2,7043,アルー,0.13246574997901917,True,1.0,1.4684287812041008,S02_COVARIATE_CHANGEPOINT_RESET,S02_COVARIATE_CHANGEPOINT_RESET_K2,2,True
2025-04-16,1,3986,ビーブレイクシステムズ,0.14770497381687164,True,,,S02_COVARIATE_CHANGEPOINT_RESET,S02_COVARIATE_CHANGEPOINT_RESET_K2,2,False
2025-04-16,2,2795,日本プリメックス,0.13740363717079163,True,1.0,2.0809248554913395,S02_COVARIATE_CHANGEPOINT_RESET,S02_COVARIATE_CHANGEPOINT_RESET_K2,2,True
2025-04-17,1,3986,ビーブレイクシステムズ,0.1482083797454834,True,0.0,-2.0689655172413834,S02_COVARIATE_CHANGEPOINT_RESET,S02_COVARIATE_CHANGEPOINT_RESET_K2,2,True
2025-04-17,2,5277,スパンクリートコーポレーション,0.13663944602012634,True,0.0,0.0,S02_COVARIATE_CHANGEPOINT_RESET,S02_COVARIATE_CHANGEPOINT_RESET_K2,2,True
2025-04-18,1,3986,ビーブレイクシステムズ,0.14184154570102692,True,1.0,1.0563380281690238,S02_COVARIATE_CHANGEPOINT_RESET,S02_COVARIATE_CHANGEPOINT_RESET_K2,2,True
2025-04-18,2,7988,ニフコ,0.1110844612121582,True,1.0,1.0153756890049381,S02_COVARIATE_CHANGEPOINT_RESET,S02_COVARIATE_CHANGEPOINT_RESET_K2,2,True
2025-04-21,1,3986,ビーブレイクシステムズ,0.12102553993463516,True,0.0,-1.7796030116358663,S02_COVARIATE_CHANGEPOINT_RESET,S02_COVARIATE_CHANGEPOINT_RESET_K2,2,True
2025-04-21,2,7345,アイ・パートナーズフィナンシャル,0.10927879810333252,True,0.0,-1.3722126929674117,S02_COVARIATE_CHANGEPOINT_RESET,S02_COVARIATE_CHANGEPOINT_RESET_K2,2,True
2025-04-22,1,9537,北陸瓦斯,0.132417231798172,True,,,S02_COVARIATE_CHANGEPOINT_RESET,S02_COVARIATE_CHANGEPOINT_RESET_K2,2,False
2025-04-22,2,7043,アルー,0.10446255654096603,True,1.0,1.3157894736842035,S02_COVARIATE_CHANGEPOINT_RESET,S02_COVARIATE_CHANGEPOINT_RESET_K2,2,True
2025-04-23,1,7043,アルー,0.10736564546823502,True,0.0,-0.575539568345329,S02_COVARIATE_CHANGEPOINT_RESET,S02_COVARIATE_CHANGEPOINT_RESET_K2,2,True
2025-04-23,2,3375,ＺＯＡ,0.10212022811174393,True,1.0,2.4630541871921263,S02_COVARIATE_CHANGEPOINT_RESET,S02_COVARIATE_CHANGEPOINT_RESET_K2,2,True
2025-04-24,1,7043,アルー,0.12430525571107864,True,1.0,0.5788712011577379,S02_COVARIATE_CHANGEPOINT_RESET,S02_COVARIATE_CHANGEPOINT_RESET_K2,2,True
2025-04-24,2,9691,両毛システムズ,0.12021081894636154,True,1.0,2.8901734104046284,S02_COVARIATE_CHANGEPOINT_RESET,S02_COVARIATE_CHANGEPOINT_RESET_K2,2,True
2025-04-25,1,9434,ソフトバンク,0.11686036735773087,True,0.0,-0.04699248120302313,S02_COVARIATE_CHANGEPOINT_RESET,S02_COVARIATE_CHANGEPOINT_RESET_K2,2,True
2025-04-25,2,7043,アルー,0.11607351899147034,True,1.0,0.1436781609195359,S02_COVARIATE_CHANGEPOINT_RESET,S02_COVARIATE_CHANGEPOINT_RESET_K2,2,True
2025-04-28,1,6734,ニューテック,0.12355362623929977,True,0.0,-0.37783375314861534,S02_COVARIATE_CHANGEPOINT_RESET,S02_COVARIATE_CHANGEPOINT_RESET_K2,2,True
2025-04-28,2,2664,カワチ薬品,0.10259708762168884,True,1.0,0.32514450867051625,S02_COVARIATE_CHANGEPOINT_RESET,S02_COVARIATE_CHANGEPOINT_RESET_K2,2,True
2025-04-30,1,7043,アルー,0.1174287423491478,True,1.0,0.14409221902016434,S02_COVARIATE_CHANGEPOINT_RESET,S02_COVARIATE_CHANGEPOINT_RESET_K2,2,True
2025-04-30,2,7255,桜井製作所,0.11711618304252625,True,0.0,-0.5291005291005346,S02_COVARIATE_CHANGEPOINT_RESET,S02_COVARIATE_CHANGEPOINT_RESET_K2,2,True
2025-05-01,1,7043,アルー,0.10905606299638748,True,1.0,0.2877697841726645,S02_COVARIATE_CHANGEPOINT_RESET,S02_COVARIATE_CHANGEPOINT_RESET_K2,2,True
2025-05-01,2,7408,ジャムコ,0.10407032817602158,True,0.0,0.0,S02_COVARIATE_CHANGEPOINT_RESET,S02_COVARIATE_CHANGEPOINT_RESET_K2,2,True
2025-05-02,1,4394,エクスモーション,0.10988941043615341,True,1.0,1.7857142857142794,S02_COVARIATE_CHANGEPOINT_RESET,S02_COVARIATE_CHANGEPOINT_RESET_K2,2,True
2025-05-02,2,3843,フリービット,0.10087373852729797,True,0.0,-0.7437457741717335,S02_COVARIATE_CHANGEPOINT_RESET,S02_COVARIATE_CHANGEPOINT_RESET_K2,2,True
2025-05-07,1,7043,アルー,0.12379070371389389,True,1.0,1.5827338129496438,S02_COVARIATE_CHANGEPOINT_RESET,S02_COVARIATE_CHANGEPOINT_RESET_K2,2,True
2025-05-07,2,6034,ＭＲＴ,0.12088754028081894,True,1.0,2.6666666666666616,S02_COVARIATE_CHANGEPOINT_RESET,S02_COVARIATE_CHANGEPOINT_RESET_K2,2,True
2025-05-08,1,6034,ＭＲＴ,0.11524424701929092,True,0.0,-0.14492753623188692,S02_COVARIATE_CHANGEPOINT_RESET,S02_COVARIATE_CHANGEPOINT_RESET_K2,2,True
2025-05-08,2,2908,フジッコ,0.1141803115606308,True,1.0,0.6815365551424923,S02_COVARIATE_CHANGEPOINT_RESET,S02_COVARIATE_CHANGEPOINT_RESET_K2,2,True
2025-05-09,1,6492,岡野バルブ製造,0.1396300196647644,True,1.0,3.750000000000009,S02_COVARIATE_CHANGEPOINT_RESET,S02_COVARIATE_CHANGEPOINT_RESET_K2,2,True
2025-05-09,2,7043,アルー,0.1266421228647232,True,1.0,2.384291725105192,S02_COVARIATE_CHANGEPOINT_RESET,S02_COVARIATE_CHANGEPOINT_RESET_K2,2,True
2025-05-12,1,7345,アイ・パートナーズフィナンシャル,0.1298593431711197,True,1.0,1.6042780748663166,S02_COVARIATE_CHANGEPOINT_RESET,S02_COVARIATE_CHANGEPOINT_RESET_K2,2,True
2025-05-12,2,9470,学研ホールディングス,0.11456302553415298,True,0.0,-2.189054726368156,S02_COVARIATE_CHANGEPOINT_RESET,S02_COVARIATE_CHANGEPOINT_RESET_K2,2,True
2025-05-13,1,2282,日本ハム,0.13062156736850739,True,0.0,-0.43330821401658115,S02_COVARIATE_CHANGEPOINT_RESET,S02_COVARIATE_CHANGEPOINT_RESET_K2,2,True
2025-05-13,2,3160,大光,0.12667721509933472,True,0.0,-0.3401360544217691,S02_COVARIATE_CHANGEPOINT_RESET,S02_COVARIATE_CHANGEPOINT_RESET_K2,2,True
2025-05-14,1,7345,アイ・パートナーズフィナンシャル,0.1407177597284317,True,1.0,3.392857142857153,S02_COVARIATE_CHANGEPOINT_RESET,S02_COVARIATE_CHANGEPOINT_RESET_K2,2,True
2025-05-14,2,1898,世紀東急⼯業,0.1345491260290146,True,0.0,-1.261387526278912,S02_COVARIATE_CHANGEPOINT_RESET,S02_COVARIATE_CHANGEPOINT_RESET_K2,2,True
2025-05-15,1,4069,ＢｌｕｅＭｅｍｅ,0.12269014120101929,True,1.0,2.57548845470692,S02_COVARIATE_CHANGEPOINT_RESET,S02_COVARIATE_CHANGEPOINT_RESET_K2,2,True
2025-05-15,2,3353,メディカル一光グループ,0.11801721900701523,True,1.0,0.2565198802907176,S02_COVARIATE_CHANGEPOINT_RESET,S02_COVARIATE_CHANGEPOINT_RESET_K2,2,True
2025-05-16,1,7345,アイ・パートナーズフィナンシャル,0.13071580231189728,True,1.0,0.8928571428571397,S02_COVARIATE_CHANGEPOINT_RESET,S02_COVARIATE_CHANGEPOINT_RESET_K2,2,True
2025-05-16,2,2152,幼児活動研究会,0.12480618804693222,True,,,S02_COVARIATE_CHANGEPOINT_RESET,S02_COVARIATE_CHANGEPOINT_RESET_K2,2,False
2025-05-19,1,6034,ＭＲＴ,0.12154018133878708,True,0.0,-1.3274336283185861,S02_COVARIATE_CHANGEPOINT_RESET,S02_COVARIATE_CHANGEPOINT_RESET_K2,2,True
2025-05-19,2,5571,エキサイトホールディングス,0.12005235254764557,True,0.0,-3.9763113367174308,S02_COVARIATE_CHANGEPOINT_RESET,S02_COVARIATE_CHANGEPOINT_RESET_K2,2,True
2025-05-20,1,7345,アイ・パートナーズフィナンシャル,0.1123887151479721,True,1.0,0.727272727272732,S02_COVARIATE_CHANGEPOINT_RESET,S02_COVARIATE_CHANGEPOINT_RESET_K2,2,True
2025-05-20,2,9416,ビジョン,0.10896828770637512,True,0.0,-0.08643042350907626,S02_COVARIATE_CHANGEPOINT_RESET,S02_COVARIATE_CHANGEPOINT_RESET_K2,2,True
2025-05-21,1,6346,キクカワエンタープライズ,0.1133742555975914,True,1.0,0.8944543828264706,S02_COVARIATE_CHANGEPOINT_RESET,S02_COVARIATE_CHANGEPOINT_RESET_K2,2,True
2025-05-21,2,4819,デジタルガレージ,0.11221667379140854,True,0.0,-0.9422850412249661,S02_COVARIATE_CHANGEPOINT_RESET,S02_COVARIATE_CHANGEPOINT_RESET_K2,2,True
2025-05-22,1,6670,ＭＣＪ,0.10518676042556763,True,0.0,-0.5426356589147252,S02_COVARIATE_CHANGEPOINT_RESET,S02_COVARIATE_CHANGEPOINT_RESET_K2,2,True
2025-05-22,2,7345,アイ・パートナーズフィナンシャル,0.10290400683879852,True,1.0,1.6666666666666607,S02_COVARIATE_CHANGEPOINT_RESET,S02_COVARIATE_CHANGEPOINT_RESET_K2,2,True
2025-05-23,1,7345,アイ・パートナーズフィナンシャル,0.11454920470714569,True,1.0,1.4842300556586308,S02_COVARIATE_CHANGEPOINT_RESET,S02_COVARIATE_CHANGEPOINT_RESET_K2,2,True
2025-05-23,2,8006,ユアサ・フナショク,0.09513219445943832,True,0.0,-0.364077669902918,S02_COVARIATE_CHANGEPOINT_RESET,S02_COVARIATE_CHANGEPOINT_RESET_K2,2,True
2025-05-26,1,7345,アイ・パートナーズフィナンシャル,0.12715598940849304,True,1.0,0.3656307129798808,S02_COVARIATE_CHANGEPOINT_RESET,S02_COVARIATE_CHANGEPOINT_RESET_K2,2,True
2025-05-26,2,4437,ｇｏｏｄｄａｙｓホールディングス,0.1051446869969368,True,1.0,0.2989536621823552,S02_COVARIATE_CHANGEPOINT_RESET,S02_COVARIATE_CHANGEPOINT_RESET_K2,2,True
2025-05-27,1,7345,アイ・パートナーズフィナンシャル,0.11416938900947571,True,1.0,5.185185185185182,S02_COVARIATE_CHANGEPOINT_RESET,S02_COVARIATE_CHANGEPOINT_RESET_K2,2,True
2025-05-27,2,5945,天龍製鋸,0.1127786710858345,True,1.0,0.10804970286331095,S02_COVARIATE_CHANGEPOINT_RESET,S02_COVARIATE_CHANGEPOINT_RESET_K2,2,True
2025-05-28,1,5945,天龍製鋸,0.124289371073246,True,1.0,0.37776578521315773,S02_COVARIATE_CHANGEPOINT_RESET,S02_COVARIATE_CHANGEPOINT_RESET_K2,2,True
2025-05-28,2,7255,桜井製作所,0.10171893984079361,True,0.0,-0.7220216606498187,S02_COVARIATE_CHANGEPOINT_RESET,S02_COVARIATE_CHANGEPOINT_RESET_K2,2,True
2025-05-29,1,7345,アイ・パートナーズフィナンシャル,0.14641661942005157,True,1.0,1.4814814814814836,S02_COVARIATE_CHANGEPOINT_RESET,S02_COVARIATE_CHANGEPOINT_RESET_K2,2,True
2025-05-29,2,5945,天龍製鋸,0.12411890178918839,True,0.0,-0.32171581769436797,S02_COVARIATE_CHANGEPOINT_RESET,S02_COVARIATE_CHANGEPOINT_RESET_K2,2,True
2025-05-30,1,5945,天龍製鋸,0.1259869784116745,True,1.0,0.2702702702702675,S02_COVARIATE_CHANGEPOINT_RESET,S02_COVARIATE_CHANGEPOINT_RESET_K2,2,True
2025-05-30,2,9265,ヤマシタヘルスケアホールディングス,0.1156349703669548,True,1.0,0.34749034749035346,S02_COVARIATE_CHANGEPOINT_RESET,S02_COVARIATE_CHANGEPOINT_RESET_K2,2,True
2025-06-02,1,5945,天龍製鋸,0.10993614047765732,True,0.0,-0.48179871520342976,S02_COVARIATE_CHANGEPOINT_RESET,S02_COVARIATE_CHANGEPOINT_RESET_K2,2,True
2025-06-02,2,9265,ヤマシタヘルスケアホールディングス,0.09663528203964233,True,1.0,1.1769321302471658,S02_COVARIATE_CHANGEPOINT_RESET,S02_COVARIATE_CHANGEPOINT_RESET_K2,2,True
2025-06-03,1,3271,ＴＨＥグローバル社,0.10006017982959747,True,0.0,-0.6295907660020972,S02_COVARIATE_CHANGEPOINT_RESET,S02_COVARIATE_CHANGEPOINT_RESET_K2,2,True
2025-06-03,2,5900,ダイケン,0.09852033853530884,True,1.0,1.8252933507170832,S02_COVARIATE_CHANGEPOINT_RESET,S02_COVARIATE_CHANGEPOINT_RESET_K2,2,True
2025-06-04,1,6346,キクカワエンタープライズ,0.111973837018013,True,1.0,1.0869565217391353,S02_COVARIATE_CHANGEPOINT_RESET,S02_COVARIATE_CHANGEPOINT_RESET_K2,2,True
2025-06-04,2,9265,ヤマシタヘルスケアホールディングス,0.09498632699251175,True,0.0,-0.11787819253438192,S02_COVARIATE_CHANGEPOINT_RESET,S02_COVARIATE_CHANGEPOINT_RESET_K2,2,True
2025-06-05,1,6346,キクカワエンタープライズ,0.10441217571496964,True,,,S02_COVARIATE_CHANGEPOINT_RESET,S02_COVARIATE_CHANGEPOINT_RESET_K2,2,False
2025-06-05,2,9142,九州旅客鉄道,0.10086333751678467,True,1.0,0.42350449973531656,S02_COVARIATE_CHANGEPOINT_RESET,S02_COVARIATE_CHANGEPOINT_RESET_K2,2,True
2025-06-06,1,3948,光ビジネスフォーム,0.10373453795909882,True,1.0,1.6999999999999904,S02_COVARIATE_CHANGEPOINT_RESET,S02_COVARIATE_CHANGEPOINT_RESET_K2,2,True
2025-06-06,2,3097,物語コーポレーション,0.09383051097393036,True,1.0,2.7259684361549574,S02_COVARIATE_CHANGEPOINT_RESET,S02_COVARIATE_CHANGEPOINT_RESET_K2,2,True
2025-06-09,1,9142,九州旅客鉄道,0.08992210775613785,True,0.0,-1.2057667103538616,S02_COVARIATE_CHANGEPOINT_RESET,S02_COVARIATE_CHANGEPOINT_RESET_K2,2,True
2025-06-09,2,6249,ゲームカード・ジョイコホールディングス,0.08716310560703278,True,0.0,-0.3001715265866234,S02_COVARIATE_CHANGEPOINT_RESET,S02_COVARIATE_CHANGEPOINT_RESET_K2,2,True
2025-06-10,1,9142,九州旅客鉄道,0.08900626748800278,True,0.0,-0.42440318302386926,S02_COVARIATE_CHANGEPOINT_RESET,S02_COVARIATE_CHANGEPOINT_RESET_K2,2,True
2025-06-10,2,1882,東亜道路⼯業,0.08663088828325272,True,0.0,-0.2666666666666706,S02_COVARIATE_CHANGEPOINT_RESET,S02_COVARIATE_CHANGEPOINT_RESET_K2,2,True
2025-06-11,1,2806,ユタカフーズ,0.09129209816455841,True,0.0,-0.24295432458697475,S02_COVARIATE_CHANGEPOINT_RESET,S02_COVARIATE_CHANGEPOINT_RESET_K2,2,True
2025-06-11,2,175A,Ｗｉｌｌ Ｓｍａｒｔ,0.09020175784826279,True,1.0,2.1437578814627933,S02_COVARIATE_CHANGEPOINT_RESET,S02_COVARIATE_CHANGEPOINT_RESET_K2,2,True
2025-06-12,1,6599,エブレン,0.10489082336425781,True,1.0,0.23201856148491462,S02_COVARIATE_CHANGEPOINT_RESET,S02_COVARIATE_CHANGEPOINT_RESET_K2,2,True
2025-06-12,2,7255,桜井製作所,0.10109571367502213,True,1.0,1.5706806282722585,S02_COVARIATE_CHANGEPOINT_RESET,S02_COVARIATE_CHANGEPOINT_RESET_K2,2,True
2025-06-13,1,1866,北野建設,0.11788558959960938,True,1.0,2.9484029484029506,S02_COVARIATE_CHANGEPOINT_RESET,S02_COVARIATE_CHANGEPOINT_RESET_K2,2,True
2025-06-13,2,7345,アイ・パートナーズフィナンシャル,0.10657353699207306,True,0.0,-0.8960573476702538,S02_COVARIATE_CHANGEPOINT_RESET,S02_COVARIATE_CHANGEPOINT_RESET_K2,2,True
2025-06-16,1,7345,アイ・パートナーズフィナンシャル,0.13251249492168427,True,1.0,2.177858439201441,S02_COVARIATE_CHANGEPOINT_RESET,S02_COVARIATE_CHANGEPOINT_RESET_K2,2,True
2025-06-16,2,7255,桜井製作所,0.10129876434803009,True,1.0,0.17574692442883233,S02_COVARIATE_CHANGEPOINT_RESET,S02_COVARIATE_CHANGEPOINT_RESET_K2,2,True
2025-06-17,1,3843,フリービット,0.12392213940620422,True,1.0,0.3518648838845895,S02_COVARIATE_CHANGEPOINT_RESET,S02_COVARIATE_CHANGEPOINT_RESET_K2,2,True
2025-06-17,2,7255,桜井製作所,0.11559277772903442,True,1.0,1.7513134851138368,S02_COVARIATE_CHANGEPOINT_RESET,S02_COVARIATE_CHANGEPOINT_RESET_K2,2,True
2025-06-18,1,7058,共栄セキュリティーサービス,0.11736918985843658,True,1.0,3.462321792260692,S02_COVARIATE_CHANGEPOINT_RESET,S02_COVARIATE_CHANGEPOINT_RESET_K2,2,True
2025-06-18,2,9767,日建⼯学,0.10848399251699448,True,0.0,0.0,S02_COVARIATE_CHANGEPOINT_RESET,S02_COVARIATE_CHANGEPOINT_RESET_K2,2,True
2025-06-19,1,9767,日建⼯学,0.13009560108184814,True,1.0,1.6702977487291104,S02_COVARIATE_CHANGEPOINT_RESET,S02_COVARIATE_CHANGEPOINT_RESET_K2,2,True
2025-06-19,2,6648,かわでん,0.10596343874931335,True,1.0,0.5701254275940704,S02_COVARIATE_CHANGEPOINT_RESET,S02_COVARIATE_CHANGEPOINT_RESET_K2,2,True
2025-06-20,1,9767,日建⼯学,0.10121237486600876,True,1.0,0.575539568345329,S02_COVARIATE_CHANGEPOINT_RESET,S02_COVARIATE_CHANGEPOINT_RESET_K2,2,True
2025-06-20,2,4437,ｇｏｏｄｄａｙｓホールディングス,0.0962354838848114,True,1.0,1.6491754122938573,S02_COVARIATE_CHANGEPOINT_RESET,S02_COVARIATE_CHANGEPOINT_RESET_K2,2,True
2025-06-23,1,4437,ｇｏｏｄｄａｙｓホールディングス,0.10842782258987427,True,1.0,1.3473053892215647,S02_COVARIATE_CHANGEPOINT_RESET,S02_COVARIATE_CHANGEPOINT_RESET_K2,2,True
2025-06-23,2,3537,昭栄薬品,0.10515648871660233,True,0.0,-1.7272185824895758,S02_COVARIATE_CHANGEPOINT_RESET,S02_COVARIATE_CHANGEPOINT_RESET_K2,2,True
2025-06-24,1,4437,ｇｏｏｄｄａｙｓホールディングス,0.10105663537979126,True,0.0,-0.14792899408283544,S02_COVARIATE_CHANGEPOINT_RESET,S02_COVARIATE_CHANGEPOINT_RESET_K2,2,True
2025-06-24,2,3537,昭栄薬品,0.09864644706249237,True,0.0,-0.6626506024096424,S02_COVARIATE_CHANGEPOINT_RESET,S02_COVARIATE_CHANGEPOINT_RESET_K2,2,True
2025-06-25,1,4437,ｇｏｏｄｄａｙｓホールディングス,0.11456266045570374,True,0.0,-0.295857988165682,S02_COVARIATE_CHANGEPOINT_RESET,S02_COVARIATE_CHANGEPOINT_RESET_K2,2,True
2025-06-25,2,7077,ＡＬｉＮＫインターネット,0.1142832338809967,True,1.0,0.6560449859418949,S02_COVARIATE_CHANGEPOINT_RESET,S02_COVARIATE_CHANGEPOINT_RESET_K2,2,True
2025-06-26,1,4437,ｇｏｏｄｄａｙｓホールディングス,0.0941738560795784,True,1.0,1.5037593984962516,S02_COVARIATE_CHANGEPOINT_RESET,S02_COVARIATE_CHANGEPOINT_RESET_K2,2,True
2025-06-26,2,7077,ＡＬｉＮＫインターネット,0.09159253537654877,True,0.0,-0.18621973929237035,S02_COVARIATE_CHANGEPOINT_RESET,S02_COVARIATE_CHANGEPOINT_RESET_K2,2,True
2025-06-27,1,6648,かわでん,0.0952683687210083,True,0.0,-1.851851851851849,S02_COVARIATE_CHANGEPOINT_RESET,S02_COVARIATE_CHANGEPOINT_RESET_K2,2,True
2025-06-27,2,4437,ｇｏｏｄｄａｙｓホールディングス,0.09447208046913147,True,1.0,0.14792899408284654,S02_COVARIATE_CHANGEPOINT_RESET,S02_COVARIATE_CHANGEPOINT_RESET_K2,2,True
2025-06-30,1,7043,アルー,0.11524909734725952,True,1.0,0.9150326797385588,S02_COVARIATE_CHANGEPOINT_RESET,S02_COVARIATE_CHANGEPOINT_RESET_K2,2,True
2025-06-30,2,9331,キャスター,0.11407256126403809,True,1.0,3.3333333333333437,S02_COVARIATE_CHANGEPOINT_RESET,S02_COVARIATE_CHANGEPOINT_RESET_K2,2,True
2025-07-01,1,8011,三陽商会,0.10420505702495575,True,1.0,2.77884986491701,S02_COVARIATE_CHANGEPOINT_RESET,S02_COVARIATE_CHANGEPOINT_RESET_K2,2,True
2025-07-01,2,4069,ＢｌｕｅＭｅｍｅ,0.09478287398815155,True,1.0,2.2950819672131084,S02_COVARIATE_CHANGEPOINT_RESET,S02_COVARIATE_CHANGEPOINT_RESET_K2,2,True
2025-07-02,1,9331,キャスター,0.09363791346549988,True,0.0,-0.23041474654378336,S02_COVARIATE_CHANGEPOINT_RESET,S02_COVARIATE_CHANGEPOINT_RESET_K2,2,True
2025-07-02,2,2432,ディー・エヌ・エー,0.08890938758850098,True,0.0,-2.2749752720079175,S02_COVARIATE_CHANGEPOINT_RESET,S02_COVARIATE_CHANGEPOINT_RESET_K2,2,True
2025-07-03,1,7043,アルー,0.12389881908893585,True,1.0,0.5221932114882533,S02_COVARIATE_CHANGEPOINT_RESET,S02_COVARIATE_CHANGEPOINT_RESET_K2,2,True
2025-07-03,2,4391,ロジザード,0.08423403650522232,True,0.0,0.0,S02_COVARIATE_CHANGEPOINT_RESET,S02_COVARIATE_CHANGEPOINT_RESET_K2,2,True
2025-07-04,1,7043,アルー,0.09865394234657288,True,1.0,0.26041666666667407,S02_COVARIATE_CHANGEPOINT_RESET,S02_COVARIATE_CHANGEPOINT_RESET_K2,2,True
2025-07-04,2,9404,日本テレビホールディングス,0.07248836010694504,True,0.0,-0.39190071848465013,S02_COVARIATE_CHANGEPOINT_RESET,S02_COVARIATE_CHANGEPOINT_RESET_K2,2,True
2025-07-07,1,7043,アルー,0.09915699809789658,True,1.0,0.26041666666667407,S02_COVARIATE_CHANGEPOINT_RESET,S02_COVARIATE_CHANGEPOINT_RESET_K2,2,True
2025-07-07,2,4391,ロジザード,0.07920944690704346,True,0.0,-0.8382229673092989,S02_COVARIATE_CHANGEPOINT_RESET,S02_COVARIATE_CHANGEPOINT_RESET_K2,2,True
2025-07-08,1,7043,アルー,0.10242076963186264,True,1.0,0.39215686274509665,S02_COVARIATE_CHANGEPOINT_RESET,S02_COVARIATE_CHANGEPOINT_RESET_K2,2,True
2025-07-08,2,2678,アスクル,0.09173204004764557,True,0.0,-0.14316392269148048,S02_COVARIATE_CHANGEPOINT_RESET,S02_COVARIATE_CHANGEPOINT_RESET_K2,2,True
2025-07-09,1,7043,アルー,0.12247872352600098,True,1.0,0.78125,S02_COVARIATE_CHANGEPOINT_RESET,S02_COVARIATE_CHANGEPOINT_RESET_K2,2,True
2025-07-09,2,4556,カイノス,0.08427271246910095,True,0.0,0.0,S02_COVARIATE_CHANGEPOINT_RESET,S02_COVARIATE_CHANGEPOINT_RESET_K2,2,True
2025-07-10,1,4437,ｇｏｏｄｄａｙｓホールディングス,0.09669068455696106,True,1.0,0.4411764705882337,S02_COVARIATE_CHANGEPOINT_RESET,S02_COVARIATE_CHANGEPOINT_RESET_K2,2,True
2025-07-10,2,4556,カイノス,0.08768986910581589,True,0.0,0.0,S02_COVARIATE_CHANGEPOINT_RESET,S02_COVARIATE_CHANGEPOINT_RESET_K2,2,True
2025-07-11,1,8273,イズミ,0.09314142912626266,True,0.0,-1.5238095238095273,S02_COVARIATE_CHANGEPOINT_RESET,S02_COVARIATE_CHANGEPOINT_RESET_K2,2,True
2025-07-11,2,4437,ｇｏｏｄｄａｙｓホールディングス,0.09282165765762329,True,1.0,0.2928257686676483,S02_COVARIATE_CHANGEPOINT_RESET,S02_COVARIATE_CHANGEPOINT_RESET_K2,2,True
2025-07-14,1,4437,ｇｏｏｄｄａｙｓホールディングス,0.09330156445503235,True,0.0,-0.7246376811594235,S02_COVARIATE_CHANGEPOINT_RESET,S02_COVARIATE_CHANGEPOINT_RESET_K2,2,True
2025-07-14,2,3048,ビックカメラ,0.09284036606550217,True,1.0,0.8620689655172376,S02_COVARIATE_CHANGEPOINT_RESET,S02_COVARIATE_CHANGEPOINT_RESET_K2,2,True
2025-07-15,1,7043,アルー,0.0968886986374855,True,0.0,0.0,S02_COVARIATE_CHANGEPOINT_RESET,S02_COVARIATE_CHANGEPOINT_RESET_K2,2,True
2025-07-15,2,189A,Ｄ＆Ｍカンパニー,0.09684618562459946,True,0.0,-3.562945368171022,S02_COVARIATE_CHANGEPOINT_RESET,S02_COVARIATE_CHANGEPOINT_RESET_K2,2,True
2025-07-16,1,7599,ＩＤＯＭ,0.10598699748516083,True,0.0,-0.10010010010009784,S02_COVARIATE_CHANGEPOINT_RESET,S02_COVARIATE_CHANGEPOINT_RESET_K2,2,True
2025-07-16,2,4490,ビザスク,0.08518640697002411,True,0.0,-2.592087312414737,S02_COVARIATE_CHANGEPOINT_RESET,S02_COVARIATE_CHANGEPOINT_RESET_K2,2,True
2025-07-17,1,6558,クックビズ,0.10888106375932693,True,0.0,0.0,S02_COVARIATE_CHANGEPOINT_RESET,S02_COVARIATE_CHANGEPOINT_RESET_K2,2,True
2025-07-17,2,4016,ＭＩＴホールディングス,0.08094742149114609,True,1.0,0.363196125907983,S02_COVARIATE_CHANGEPOINT_RESET,S02_COVARIATE_CHANGEPOINT_RESET_K2,2,True
2025-07-18,1,7043,アルー,0.09866314381361008,True,1.0,0.1290322580645098,S02_COVARIATE_CHANGEPOINT_RESET,S02_COVARIATE_CHANGEPOINT_RESET_K2,2,True
2025-07-18,2,1793,大本組,0.07911662757396698,True,1.0,0.6578947368421018,S02_COVARIATE_CHANGEPOINT_RESET,S02_COVARIATE_CHANGEPOINT_RESET_K2,2,True
2025-07-22,1,5423,東京製鐵,0.0880214273929596,True,1.0,0.2597402597402487,S02_COVARIATE_CHANGEPOINT_RESET,S02_COVARIATE_CHANGEPOINT_RESET_K2,2,True
2025-07-22,2,5945,天龍製鋸,0.08175542950630188,True,1.0,0.5208333333333259,S02_COVARIATE_CHANGEPOINT_RESET,S02_COVARIATE_CHANGEPOINT_RESET_K2,2,True
2025-07-23,1,2471,エスプール,0.08878671377897263,True,1.0,0.6349206349206327,S02_COVARIATE_CHANGEPOINT_RESET,S02_COVARIATE_CHANGEPOINT_RESET_K2,2,True
2025-07-23,2,4875,メディシノバ・インク,0.08710435032844543,True,1.0,0.5494505494505475,S02_COVARIATE_CHANGEPOINT_RESET,S02_COVARIATE_CHANGEPOINT_RESET_K2,2,True
2025-07-24,1,3271,ＴＨＥグローバル社,0.12510980665683746,True,1.0,1.1607142857142927,S02_COVARIATE_CHANGEPOINT_RESET,S02_COVARIATE_CHANGEPOINT_RESET_K2,2,True
2025-07-24,2,7808,シー・エス・ランバー,0.09116905182600021,True,1.0,1.655629139072845,S02_COVARIATE_CHANGEPOINT_RESET,S02_COVARIATE_CHANGEPOINT_RESET_K2,2,True
2025-07-25,1,4875,メディシノバ・インク,0.09781493246555328,True,1.0,7.567567567567557,S02_COVARIATE_CHANGEPOINT_RESET,S02_COVARIATE_CHANGEPOINT_RESET_K2,2,True
2025-07-25,2,9259,タカヨシホールディングス,0.09308520704507828,True,0.0,0.0,S02_COVARIATE_CHANGEPOINT_RESET,S02_COVARIATE_CHANGEPOINT_RESET_K2,2,True
2025-07-28,1,9259,タカヨシホールディングス,0.09341100603342056,True,0.0,-0.14265335235378318,S02_COVARIATE_CHANGEPOINT_RESET,S02_COVARIATE_CHANGEPOINT_RESET_K2,2,True
2025-07-28,2,2664,カワチ薬品,0.08824242651462555,True,0.0,-0.40000000000000036,S02_COVARIATE_CHANGEPOINT_RESET,S02_COVARIATE_CHANGEPOINT_RESET_K2,2,True
2025-07-29,1,4387,ＺＵＵ,0.11418566852807999,True,0.0,-0.2732240437158473,S02_COVARIATE_CHANGEPOINT_RESET,S02_COVARIATE_CHANGEPOINT_RESET_K2,2,True
2025-07-29,2,7808,シー・エス・ランバー,0.09389349073171616,True,1.0,0.5679919812896728,S02_COVARIATE_CHANGEPOINT_RESET,S02_COVARIATE_CHANGEPOINT_RESET_K2,2,True
2025-07-30,1,9932,杉本商事,0.08823559433221817,True,0.0,-0.8670520231213841,S02_COVARIATE_CHANGEPOINT_RESET,S02_COVARIATE_CHANGEPOINT_RESET_K2,2,True
2025-07-30,2,2349,エヌアイデイ,0.08556763827800751,True,,,S02_COVARIATE_CHANGEPOINT_RESET,S02_COVARIATE_CHANGEPOINT_RESET_K2,2,False
2025-07-31,1,3931,バリューゴルフ,0.11163127422332764,True,1.0,0.34149117814457064,S02_COVARIATE_CHANGEPOINT_RESET,S02_COVARIATE_CHANGEPOINT_RESET_K2,2,True
2025-07-31,2,7309,シマノ,0.10893502086400986,True,1.0,2.251696483652066,S02_COVARIATE_CHANGEPOINT_RESET,S02_COVARIATE_CHANGEPOINT_RESET_K2,2,True
2024-07-01,1,7043,アルー,0.08933109790086746,True,1.0,0.49999999999998934,S03_WORST_MONTH_GROUP_DRO,S03_WORST_MONTH_GROUP_DRO_K1,1,True
2024-07-02,1,7043,アルー,0.08568112552165985,True,0.0,-0.49813200498132204,S03_WORST_MONTH_GROUP_DRO,S03_WORST_MONTH_GROUP_DRO_K1,1,True
2024-07-03,1,7043,アルー,0.08310745656490326,True,1.0,1.643489254108732,S03_WORST_MONTH_GROUP_DRO,S03_WORST_MONTH_GROUP_DRO_K1,1,True
2024-07-04,1,6151,日東⼯器,0.07029306143522263,True,0.0,-0.9683098591549255,S03_WORST_MONTH_GROUP_DRO,S03_WORST_MONTH_GROUP_DRO_K1,1,True
2024-07-05,1,7043,アルー,0.07236053794622421,True,1.0,7.800511508951402,S03_WORST_MONTH_GROUP_DRO,S03_WORST_MONTH_GROUP_DRO_K1,1,True
2024-07-08,1,6151,日東⼯器,0.06300028413534164,True,0.0,-3.8224956063268922,S03_WORST_MONTH_GROUP_DRO,S03_WORST_MONTH_GROUP_DRO_K1,1,True
2024-07-09,1,6151,日東⼯器,0.06584620475769043,True,1.0,0.22841480127913094,S03_WORST_MONTH_GROUP_DRO,S03_WORST_MONTH_GROUP_DRO_K1,1,True
2024-07-10,1,4491,コンピューターマネージメント,0.06335615366697311,True,1.0,1.4251781472684133,S03_WORST_MONTH_GROUP_DRO,S03_WORST_MONTH_GROUP_DRO_K1,1,True
2024-07-11,1,3986,ビーブレイクシステムズ,0.06391693651676178,True,1.0,0.4310344827586299,S03_WORST_MONTH_GROUP_DRO,S03_WORST_MONTH_GROUP_DRO_K1,1,True
2024-07-12,1,4491,コンピューターマネージメント,0.057799410074949265,True,,,S03_WORST_MONTH_GROUP_DRO,S03_WORST_MONTH_GROUP_DRO_K1,1,False
2024-07-16,1,8139,ナガホリ,0.05473606288433075,True,0.0,-0.42553191489361764,S03_WORST_MONTH_GROUP_DRO,S03_WORST_MONTH_GROUP_DRO_K1,1,True
2024-07-17,1,7807,幸和製作所,0.07817235589027405,True,0.0,-2.4207011686143587,S03_WORST_MONTH_GROUP_DRO,S03_WORST_MONTH_GROUP_DRO_K1,1,True
2024-07-18,1,7273,イクヨ,0.05736538767814636,True,0.0,-1.3615023474178423,S03_WORST_MONTH_GROUP_DRO,S03_WORST_MONTH_GROUP_DRO_K1,1,True
2024-07-19,1,7273,イクヨ,0.06335511803627014,True,0.0,-2.0853080568720372,S03_WORST_MONTH_GROUP_DRO,S03_WORST_MONTH_GROUP_DRO_K1,1,True
2024-07-22,1,7043,アルー,0.07412424683570862,True,1.0,4.422604422604426,S03_WORST_MONTH_GROUP_DRO,S03_WORST_MONTH_GROUP_DRO_K1,1,True
2024-07-23,1,4362,日本精化,0.05931742489337921,True,0.0,-1.7090909090909046,S03_WORST_MONTH_GROUP_DRO,S03_WORST_MONTH_GROUP_DRO_K1,1,True
2024-07-24,1,5252,日本ナレッジ,0.054584432393312454,True,1.0,0.8843036109064117,S03_WORST_MONTH_GROUP_DRO,S03_WORST_MONTH_GROUP_DRO_K1,1,True
2024-07-25,1,7273,イクヨ,0.05942840874195099,True,0.0,-1.1284255776464303,S03_WORST_MONTH_GROUP_DRO,S03_WORST_MONTH_GROUP_DRO_K1,1,True
2024-07-26,1,6762,ＴＤＫ,0.0553680919110775,True,1.0,0.4612159329140386,S03_WORST_MONTH_GROUP_DRO,S03_WORST_MONTH_GROUP_DRO_K1,1,True
2024-07-29,1,5247,ＢＴＭ,0.053794752806425095,True,1.0,3.5409836065573685,S03_WORST_MONTH_GROUP_DRO,S03_WORST_MONTH_GROUP_DRO_K1,1,True
2024-07-30,1,7043,アルー,0.07331176847219467,True,1.0,2.4242424242424176,S03_WORST_MONTH_GROUP_DRO,S03_WORST_MONTH_GROUP_DRO_K1,1,True
2024-07-31,1,3934,ベネフィットジャパン,0.05949383229017258,True,0.0,-1.4705882352941124,S03_WORST_MONTH_GROUP_DRO,S03_WORST_MONTH_GROUP_DRO_K1,1,True
2024-08-01,1,8139,ナガホリ,0.06732181459665298,True,1.0,2.3668639053254337,S03_WORST_MONTH_GROUP_DRO,S03_WORST_MONTH_GROUP_DRO_K1,1,True
2024-08-02,1,4549,栄研化学,0.06906890869140625,True,0.0,-2.6889197960129785,S03_WORST_MONTH_GROUP_DRO,S03_WORST_MONTH_GROUP_DRO_K1,1,True
2024-08-05,1,6930,日本アンテナ,0.07678832113742828,True,0.0,-7.152875175315565,S03_WORST_MONTH_GROUP_DRO,S03_WORST_MONTH_GROUP_DRO_K1,1,True
2024-08-06,1,6497,ハマイ,0.07968871295452118,True,1.0,3.0364372469635637,S03_WORST_MONTH_GROUP_DRO,S03_WORST_MONTH_GROUP_DRO_K1,1,True
2024-08-07,1,4814,ネクストウェア,0.06709323823451996,True,1.0,4.8387096774193505,S03_WORST_MONTH_GROUP_DRO,S03_WORST_MONTH_GROUP_DRO_K1,1,True
2024-08-08,1,7043,アルー,0.05805925652384758,True,1.0,0.3597122302158251,S03_WORST_MONTH_GROUP_DRO,S03_WORST_MONTH_GROUP_DRO_K1,1,True
2024-08-09,1,7043,アルー,0.0678294226527214,True,0.0,0.0,S03_WORST_MONTH_GROUP_DRO,S03_WORST_MONTH_GROUP_DRO_K1,1,True
2024-08-13,1,8139,ナガホリ,0.08255239576101303,True,1.0,0.5098324836125379,S03_WORST_MONTH_GROUP_DRO,S03_WORST_MONTH_GROUP_DRO_K1,1,True
2024-08-14,1,7043,アルー,0.10686879605054855,True,1.0,3.409090909090917,S03_WORST_MONTH_GROUP_DRO,S03_WORST_MONTH_GROUP_DRO_K1,1,True
2024-08-15,1,7043,アルー,0.08079679310321808,True,0.0,-2.5547445255474477,S03_WORST_MONTH_GROUP_DRO,S03_WORST_MONTH_GROUP_DRO_K1,1,True
2024-08-16,1,7043,アルー,0.10102776437997818,True,0.0,-0.4987531172069848,S03_WORST_MONTH_GROUP_DRO,S03_WORST_MONTH_GROUP_DRO_K1,1,True
2024-08-19,1,7043,アルー,0.0878184363245964,True,0.0,-0.5031446540880502,S03_WORST_MONTH_GROUP_DRO,S03_WORST_MONTH_GROUP_DRO_K1,1,True
2024-08-20,1,7043,アルー,0.09010069817304611,True,0.0,-0.37641154328732496,S03_WORST_MONTH_GROUP_DRO,S03_WORST_MONTH_GROUP_DRO_K1,1,True
2024-08-21,1,7043,アルー,0.07978615164756775,True,1.0,0.6369426751592355,S03_WORST_MONTH_GROUP_DRO,S03_WORST_MONTH_GROUP_DRO_K1,1,True
2024-08-22,1,7043,アルー,0.0850033238530159,True,0.0,-0.37783375314861534,S03_WORST_MONTH_GROUP_DRO,S03_WORST_MONTH_GROUP_DRO_K1,1,True
2024-08-23,1,7043,アルー,0.07979487627744675,True,0.0,-1.4981273408239737,S03_WORST_MONTH_GROUP_DRO,S03_WORST_MONTH_GROUP_DRO_K1,1,True
2024-08-26,1,7043,アルー,0.0747065544128418,True,1.0,0.25316455696202667,S03_WORST_MONTH_GROUP_DRO,S03_WORST_MONTH_GROUP_DRO_K1,1,True
2024-08-27,1,7043,アルー,0.07002247869968414,True,0.0,-0.631313131313127,S03_WORST_MONTH_GROUP_DRO,S03_WORST_MONTH_GROUP_DRO_K1,1,True
2024-08-28,1,9914,植松商会,0.07762972265481949,True,,,S03_WORST_MONTH_GROUP_DRO,S03_WORST_MONTH_GROUP_DRO_K1,1,False
2024-08-29,1,3991,ウォンテッドリー,0.07949153333902359,True,0.0,-1.8092105263157854,S03_WORST_MONTH_GROUP_DRO,S03_WORST_MONTH_GROUP_DRO_K1,1,True
2024-08-30,1,3991,ウォンテッドリー,0.08562152832746506,True,0.0,-0.42016806722688926,S03_WORST_MONTH_GROUP_DRO,S03_WORST_MONTH_GROUP_DRO_K1,1,True
2024-09-02,1,4445,リビン・テクノロジーズ,0.09755722433328629,True,0.0,-0.43266630611140666,S03_WORST_MONTH_GROUP_DRO,S03_WORST_MONTH_GROUP_DRO_K1,1,True
2024-09-03,1,7273,イクヨ,0.09825938940048218,True,0.0,-4.38721983786361,S03_WORST_MONTH_GROUP_DRO,S03_WORST_MONTH_GROUP_DRO_K1,1,True
2024-09-04,1,7273,イクヨ,0.10271015763282776,True,0.0,-3.824861600402618,S03_WORST_MONTH_GROUP_DRO,S03_WORST_MONTH_GROUP_DRO_K1,1,True
2024-09-05,1,3436,ＳＵＭＣＯ,0.07598301023244858,True,0.0,-0.8289124668435011,S03_WORST_MONTH_GROUP_DRO,S03_WORST_MONTH_GROUP_DRO_K1,1,True
2024-09-06,1,4445,リビン・テクノロジーズ,0.0838339701294899,True,0.0,-0.38461538461538325,S03_WORST_MONTH_GROUP_DRO,S03_WORST_MONTH_GROUP_DRO_K1,1,True
2024-09-09,1,7273,イクヨ,0.08340005576610565,True,,,S03_WORST_MONTH_GROUP_DRO,S03_WORST_MONTH_GROUP_DRO_K1,1,False
2024-09-10,1,7273,イクヨ,0.08919726312160492,True,,,S03_WORST_MONTH_GROUP_DRO,S03_WORST_MONTH_GROUP_DRO_K1,1,False
2024-09-11,1,4445,リビン・テクノロジーズ,0.07858869433403015,True,1.0,1.1148272017837302,S03_WORST_MONTH_GROUP_DRO,S03_WORST_MONTH_GROUP_DRO_K1,1,True
2024-09-12,1,4445,リビン・テクノロジーズ,0.07477676123380661,True,0.0,-0.2739726027397249,S03_WORST_MONTH_GROUP_DRO,S03_WORST_MONTH_GROUP_DRO_K1,1,True
2024-09-13,1,6190,フェニックスバイオ,0.06365546584129333,True,0.0,-1.95227765726681,S03_WORST_MONTH_GROUP_DRO,S03_WORST_MONTH_GROUP_DRO_K1,1,True
2024-09-17,1,7689,コパ・コーポレーション,0.0670800507068634,True,0.0,-0.8264462809917328,S03_WORST_MONTH_GROUP_DRO,S03_WORST_MONTH_GROUP_DRO_K1,1,True
2024-09-18,1,3436,ＳＵＭＣＯ,0.06464837491512299,True,1.0,2.2424667133847276,S03_WORST_MONTH_GROUP_DRO,S03_WORST_MONTH_GROUP_DRO_K1,1,True
2024-09-19,1,4884,クリングルファーマ,0.07283162325620651,True,1.0,4.8309178743961345,S03_WORST_MONTH_GROUP_DRO,S03_WORST_MONTH_GROUP_DRO_K1,1,True
2024-09-20,1,5247,ＢＴＭ,0.07504747062921524,True,1.0,1.610169491525415,S03_WORST_MONTH_GROUP_DRO,S03_WORST_MONTH_GROUP_DRO_K1,1,True
2024-09-24,1,4840,トライアイズ,0.07201385498046875,True,1.0,3.205128205128216,S03_WORST_MONTH_GROUP_DRO,S03_WORST_MONTH_GROUP_DRO_K1,1,True
2024-09-25,1,5247,ＢＴＭ,0.06776826828718185,True,1.0,2.7205276174773196,S03_WORST_MONTH_GROUP_DRO,S03_WORST_MONTH_GROUP_DRO_K1,1,True
2024-09-26,1,4267,ライトワークス,0.0663662776350975,True,1.0,0.20263424518742745,S03_WORST_MONTH_GROUP_DRO,S03_WORST_MONTH_GROUP_DRO_K1,1,True
2024-09-27,1,3787,テクノマセマティカル,0.07821120321750641,True,1.0,1.6245487364620947,S03_WORST_MONTH_GROUP_DRO,S03_WORST_MONTH_GROUP_DRO_K1,1,True
2024-09-30,1,3787,テクノマセマティカル,0.0788671225309372,True,0.0,0.0,S03_WORST_MONTH_GROUP_DRO,S03_WORST_MONTH_GROUP_DRO_K1,1,True
2024-10-01,1,3787,テクノマセマティカル,0.07341039925813675,True,1.0,0.17152658662091813,S03_WORST_MONTH_GROUP_DRO,S03_WORST_MONTH_GROUP_DRO_K1,1,True
2024-10-02,1,7815,東京ボード⼯業,0.06677544862031937,True,1.0,0.670016750418756,S03_WORST_MONTH_GROUP_DRO,S03_WORST_MONTH_GROUP_DRO_K1,1,True
2024-10-03,1,3804,システム ディ,0.061642564833164215,True,0.0,-0.07127583749109156,S03_WORST_MONTH_GROUP_DRO,S03_WORST_MONTH_GROUP_DRO_K1,1,True
2024-10-04,1,3726,フォーシーズＨＤ,0.06255901604890823,True,0.0,-0.4158004158004158,S03_WORST_MONTH_GROUP_DRO,S03_WORST_MONTH_GROUP_DRO_K1,1,True
2024-10-07,1,3712,情報企画,0.05222030729055405,True,0.0,0.0,S03_WORST_MONTH_GROUP_DRO,S03_WORST_MONTH_GROUP_DRO_K1,1,True
2024-10-08,1,7043,アルー,0.060724176466464996,True,1.0,0.8042895442359255,S03_WORST_MONTH_GROUP_DRO,S03_WORST_MONTH_GROUP_DRO_K1,1,True
2024-10-09,1,8871,ゴールドクレスト,0.06373066455125809,True,1.0,0.31948881789136685,S03_WORST_MONTH_GROUP_DRO,S03_WORST_MONTH_GROUP_DRO_K1,1,True
2024-10-10,1,4378,ＣＩＮＣ,0.07070492208003998,True,1.0,0.4552352048558417,S03_WORST_MONTH_GROUP_DRO,S03_WORST_MONTH_GROUP_DRO_K1,1,True
2024-10-11,1,2334,イオレ,0.056857530027627945,True,0.0,-0.1524390243902385,S03_WORST_MONTH_GROUP_DRO,S03_WORST_MONTH_GROUP_DRO_K1,1,True
2024-10-15,1,5938,ＬＩＸＩＬ,0.056792065501213074,True,0.0,-0.5062537224538421,S03_WORST_MONTH_GROUP_DRO,S03_WORST_MONTH_GROUP_DRO_K1,1,True
2024-10-16,1,7603,マックハウス,0.06818709522485733,True,1.0,0.9345794392523255,S03_WORST_MONTH_GROUP_DRO,S03_WORST_MONTH_GROUP_DRO_K1,1,True
2024-10-17,1,2687,シー・ヴイ・エス・ベイエリア,0.056800782680511475,True,0.0,-0.17667844522968323,S03_WORST_MONTH_GROUP_DRO,S03_WORST_MONTH_GROUP_DRO_K1,1,True
2024-10-18,1,4884,クリングルファーマ,0.056495774537324905,True,0.0,-1.7942583732057371,S03_WORST_MONTH_GROUP_DRO,S03_WORST_MONTH_GROUP_DRO_K1,1,True
2024-10-21,1,5587,インバウンドプラットフォーム,0.057161279022693634,True,1.0,1.3372956909361022,S03_WORST_MONTH_GROUP_DRO,S03_WORST_MONTH_GROUP_DRO_K1,1,True
2024-10-22,1,7072,インティメート・マージャー,0.06164758279919624,True,0.0,-0.8474576271186418,S03_WORST_MONTH_GROUP_DRO,S03_WORST_MONTH_GROUP_DRO_K1,1,True
2024-10-23,1,8871,ゴールドクレスト,0.06790550798177719,True,0.0,-2.7156549520766737,S03_WORST_MONTH_GROUP_DRO,S03_WORST_MONTH_GROUP_DRO_K1,1,True
2024-10-24,1,8871,ゴールドクレスト,0.07414938509464264,True,1.0,0.8291873963515828,S03_WORST_MONTH_GROUP_DRO,S03_WORST_MONTH_GROUP_DRO_K1,1,True
2024-10-25,1,8871,ゴールドクレスト,0.06687528640031815,True,1.0,0.6557377049180246,S03_WORST_MONTH_GROUP_DRO,S03_WORST_MONTH_GROUP_DRO_K1,1,True
2024-10-28,1,8871,ゴールドクレスト,0.06153426691889763,True,0.0,-2.1035598705501646,S03_WORST_MONTH_GROUP_DRO,S03_WORST_MONTH_GROUP_DRO_K1,1,True
2024-10-29,1,8871,ゴールドクレスト,0.07270533591508865,True,0.0,-0.658978583196046,S03_WORST_MONTH_GROUP_DRO,S03_WORST_MONTH_GROUP_DRO_K1,1,True
2024-10-30,1,7379,サーキュレーション,0.06345459818840027,True,1.0,1.1513157894736947,S03_WORST_MONTH_GROUP_DRO,S03_WORST_MONTH_GROUP_DRO_K1,1,True
2024-10-31,1,7376,ＢＣＣ,0.08550775051116943,True,0.0,0.0,S03_WORST_MONTH_GROUP_DRO,S03_WORST_MONTH_GROUP_DRO_K1,1,True
2024-11-01,1,9313,丸八倉庫,0.07409166544675827,True,1.0,0.11976047904191933,S03_WORST_MONTH_GROUP_DRO,S03_WORST_MONTH_GROUP_DRO_K1,1,True
2024-11-05,1,9313,丸八倉庫,0.07567109912633896,True,1.0,1.0765550239234534,S03_WORST_MONTH_GROUP_DRO,S03_WORST_MONTH_GROUP_DRO_K1,1,True
2024-11-06,1,9313,丸八倉庫,0.06407308578491211,True,0.0,-0.4711425206124886,S03_WORST_MONTH_GROUP_DRO,S03_WORST_MONTH_GROUP_DRO_K1,1,True
2024-11-07,1,4073,ジィ・シィ企画,0.06289947032928467,True,0.0,-2.733118971061088,S03_WORST_MONTH_GROUP_DRO,S03_WORST_MONTH_GROUP_DRO_K1,1,True
2024-11-08,1,4073,ジィ・シィ企画,0.06748373061418533,True,1.0,1.812191103789118,S03_WORST_MONTH_GROUP_DRO,S03_WORST_MONTH_GROUP_DRO_K1,1,True
2024-11-11,1,9331,キャスター,0.06357701867818832,True,0.0,-0.5994005994006013,S03_WORST_MONTH_GROUP_DRO,S03_WORST_MONTH_GROUP_DRO_K1,1,True
2024-11-12,1,4073,ジィ・シィ企画,0.07015164941549301,True,1.0,0.8264462809917328,S03_WORST_MONTH_GROUP_DRO,S03_WORST_MONTH_GROUP_DRO_K1,1,True
2024-11-13,1,4073,ジィ・シィ企画,0.06669148057699203,True,0.0,-0.658978583196046,S03_WORST_MONTH_GROUP_DRO,S03_WORST_MONTH_GROUP_DRO_K1,1,True
2024-11-14,1,4073,ジィ・シィ企画,0.0654684454202652,True,1.0,0.6655574043261225,S03_WORST_MONTH_GROUP_DRO,S03_WORST_MONTH_GROUP_DRO_K1,1,True
2024-11-15,1,6497,ハマイ,0.06965173780918121,True,0.0,-0.5565862708719838,S03_WORST_MONTH_GROUP_DRO,S03_WORST_MONTH_GROUP_DRO_K1,1,True
2024-11-18,1,7083,ＡＨＣグループ,0.062709279358387,True,1.0,5.529595015576327,S03_WORST_MONTH_GROUP_DRO,S03_WORST_MONTH_GROUP_DRO_K1,1,True
2024-11-19,1,7815,東京ボード⼯業,0.0722949355840683,True,1.0,1.4999999999999902,S03_WORST_MONTH_GROUP_DRO,S03_WORST_MONTH_GROUP_DRO_K1,1,True
2024-11-20,1,8938,グローム・ホールディングス,0.06832939386367798,True,0.0,-2.5740025740025763,S03_WORST_MONTH_GROUP_DRO,S03_WORST_MONTH_GROUP_DRO_K1,1,True
2024-11-21,1,8938,グローム・ホールディングス,0.08200525492429733,True,1.0,1.7287234042553168,S03_WORST_MONTH_GROUP_DRO,S03_WORST_MONTH_GROUP_DRO_K1,1,True
2024-11-22,1,8938,グローム・ホールディングス,0.08342042565345764,True,1.0,1.182654402102501,S03_WORST_MONTH_GROUP_DRO,S03_WORST_MONTH_GROUP_DRO_K1,1,True
2024-11-25,1,8938,グローム・ホールディングス,0.07784805446863174,True,0.0,-0.2597402597402598,S03_WORST_MONTH_GROUP_DRO,S03_WORST_MONTH_GROUP_DRO_K1,1,True
2024-11-26,1,4267,ライトワークス,0.08031241595745087,True,1.0,0.9708737864077666,S03_WORST_MONTH_GROUP_DRO,S03_WORST_MONTH_GROUP_DRO_K1,1,True
2024-11-27,1,4267,ライトワークス,0.06777243316173553,True,1.0,1.1650485436893288,S03_WORST_MONTH_GROUP_DRO,S03_WORST_MONTH_GROUP_DRO_K1,1,True
2024-11-28,1,9331,キャスター,0.06734325736761093,True,1.0,16.722037652270206,S03_WORST_MONTH_GROUP_DRO,S03_WORST_MONTH_GROUP_DRO_K1,1,True
2024-11-29,1,4073,ジィ・シィ企画,0.06594691425561905,True,1.0,1.1925042589437718,S03_WORST_MONTH_GROUP_DRO,S03_WORST_MONTH_GROUP_DRO_K1,1,True
2024-12-02,1,4267,ライトワークス,0.06750358641147614,True,1.0,3.9024390243902474,S03_WORST_MONTH_GROUP_DRO,S03_WORST_MONTH_GROUP_DRO_K1,1,True
2024-12-03,1,7426,山大,0.06119372323155403,True,0.0,-2.8469750889679735,S03_WORST_MONTH_GROUP_DRO,S03_WORST_MONTH_GROUP_DRO_K1,1,True
2024-12-04,1,4267,ライトワークス,0.06362585723400116,True,1.0,0.5780346820809301,S03_WORST_MONTH_GROUP_DRO,S03_WORST_MONTH_GROUP_DRO_K1,1,True
2024-12-05,1,4267,ライトワークス,0.0729309692978859,True,0.0,0.0,S03_WORST_MONTH_GROUP_DRO,S03_WORST_MONTH_GROUP_DRO_K1,1,True
2024-12-06,1,4267,ライトワークス,0.07384079694747925,True,0.0,-0.0970873786407811,S03_WORST_MONTH_GROUP_DRO,S03_WORST_MONTH_GROUP_DRO_K1,1,True
2024-12-09,1,4267,ライトワークス,0.07237868756055832,True,1.0,1.4577259475218707,S03_WORST_MONTH_GROUP_DRO,S03_WORST_MONTH_GROUP_DRO_K1,1,True
2024-12-10,1,4267,ライトワークス,0.07527686655521393,True,1.0,0.674373795761074,S03_WORST_MONTH_GROUP_DRO,S03_WORST_MONTH_GROUP_DRO_K1,1,True
2024-12-11,1,4267,ライトワークス,0.07138554751873016,True,1.0,0.4812319538017418,S03_WORST_MONTH_GROUP_DRO,S03_WORST_MONTH_GROUP_DRO_K1,1,True
2024-12-12,1,4267,ライトワークス,0.06817474961280823,True,1.0,1.9361084220716362,S03_WORST_MONTH_GROUP_DRO,S03_WORST_MONTH_GROUP_DRO_K1,1,True
2024-12-13,1,6898,トミタ電機,0.054763924330472946,True,0.0,-0.27260336210813696,S03_WORST_MONTH_GROUP_DRO,S03_WORST_MONTH_GROUP_DRO_K1,1,True
2024-12-16,1,9159,Ｗ ＴＯＫＹＯ,0.05939062684774399,True,0.0,-1.2820512820512775,S03_WORST_MONTH_GROUP_DRO,S03_WORST_MONTH_GROUP_DRO_K1,1,True
2024-12-17,1,7345,アイ・パートナーズフィナンシャル,0.06616158038377762,True,0.0,-0.3424657534246589,S03_WORST_MONTH_GROUP_DRO,S03_WORST_MONTH_GROUP_DRO_K1,1,True
2024-12-18,1,4267,ライトワークス,0.0699651911854744,True,1.0,1.4778325123152802,S03_WORST_MONTH_GROUP_DRO,S03_WORST_MONTH_GROUP_DRO_K1,1,True
2024-12-19,1,7345,アイ・パートナーズフィナンシャル,0.05767379701137543,True,0.0,0.0,S03_WORST_MONTH_GROUP_DRO,S03_WORST_MONTH_GROUP_DRO_K1,1,True
2024-12-20,1,7345,アイ・パートナーズフィナンシャル,0.07189878821372986,True,0.0,-1.379310344827589,S03_WORST_MONTH_GROUP_DRO,S03_WORST_MONTH_GROUP_DRO_K1,1,True
2024-12-23,1,9468,ＫＡＤＯＫＡＷＡ,0.07404804229736328,True,1.0,1.2353706111833507,S03_WORST_MONTH_GROUP_DRO,S03_WORST_MONTH_GROUP_DRO_K1,1,True
2024-12-24,1,9159,Ｗ ＴＯＫＹＯ,0.060964569449424744,True,0.0,-1.4609571788413045,S03_WORST_MONTH_GROUP_DRO,S03_WORST_MONTH_GROUP_DRO_K1,1,True
2024-12-25,1,9159,Ｗ ＴＯＫＹＯ,0.06840881705284119,True,0.0,-3.490759753593431,S03_WORST_MONTH_GROUP_DRO,S03_WORST_MONTH_GROUP_DRO_K1,1,True
2024-12-26,1,9159,Ｗ ＴＯＫＹＯ,0.07071655243635178,True,0.0,-2.6687598116169498,S03_WORST_MONTH_GROUP_DRO,S03_WORST_MONTH_GROUP_DRO_K1,1,True
2024-12-27,1,9159,Ｗ ＴＯＫＹＯ,0.060418568551540375,True,1.0,2.5515743756786113,S03_WORST_MONTH_GROUP_DRO,S03_WORST_MONTH_GROUP_DRO_K1,1,True
2024-12-30,1,7634,星医療酸器,0.06430505961179733,True,0.0,0.0,S03_WORST_MONTH_GROUP_DRO,S03_WORST_MONTH_GROUP_DRO_K1,1,True
2025-01-06,1,5015,ビーピー・カストロール,0.0548865981400013,True,0.0,-0.6896551724137945,S03_WORST_MONTH_GROUP_DRO,S03_WORST_MONTH_GROUP_DRO_K1,1,True
2025-01-07,1,9339,コーチ・エィ,0.05865059047937393,True,0.0,-3.4348165495706517,S03_WORST_MONTH_GROUP_DRO,S03_WORST_MONTH_GROUP_DRO_K1,1,True
2025-01-08,1,1994,高橋カーテンウォール⼯業,0.060424622148275375,True,1.0,1.073345259391778,S03_WORST_MONTH_GROUP_DRO,S03_WORST_MONTH_GROUP_DRO_K1,1,True
2025-01-09,1,2349,エヌアイデイ,0.052522942423820496,True,,,S03_WORST_MONTH_GROUP_DRO,S03_WORST_MONTH_GROUP_DRO_K1,1,False
2025-01-10,1,7730,マニー,0.047277599573135376,True,0.0,-2.0689655172413834,S03_WORST_MONTH_GROUP_DRO,S03_WORST_MONTH_GROUP_DRO_K1,1,True
2025-01-14,1,9339,コーチ・エィ,0.04380495101213455,True,0.0,-1.7470881863560717,S03_WORST_MONTH_GROUP_DRO,S03_WORST_MONTH_GROUP_DRO_K1,1,True
2025-01-15,1,9355,リンコーコーポレーション,0.05195789411664009,True,0.0,-1.1571254567600442,S03_WORST_MONTH_GROUP_DRO,S03_WORST_MONTH_GROUP_DRO_K1,1,True
2025-01-16,1,4429,リックソフト,0.06762177497148514,True,0.0,-4.30622009569378,S03_WORST_MONTH_GROUP_DRO,S03_WORST_MONTH_GROUP_DRO_K1,1,True
2025-01-17,1,9250,ＧＲＣＳ,0.058455854654312134,True,0.0,-0.5751258087706712,S03_WORST_MONTH_GROUP_DRO,S03_WORST_MONTH_GROUP_DRO_K1,1,True
2025-01-20,1,9250,ＧＲＣＳ,0.049799978733062744,True,1.0,0.14388489208632116,S03_WORST_MONTH_GROUP_DRO,S03_WORST_MONTH_GROUP_DRO_K1,1,True
2025-01-21,1,9362,兵機海運,0.057314250618219376,True,0.0,0.0,S03_WORST_MONTH_GROUP_DRO,S03_WORST_MONTH_GROUP_DRO_K1,1,True
2025-01-22,1,7064,ハウテレビジョン,0.07334686070680618,True,0.0,-0.7240204429301511,S03_WORST_MONTH_GROUP_DRO,S03_WORST_MONTH_GROUP_DRO_K1,1,True
2025-01-23,1,7036,イーエムネットジャパン,0.07553951442241669,True,0.0,-1.413043478260867,S03_WORST_MONTH_GROUP_DRO,S03_WORST_MONTH_GROUP_DRO_K1,1,True
2025-01-24,1,7064,ハウテレビジョン,0.06904377043247223,True,0.0,-0.6479481641468721,S03_WORST_MONTH_GROUP_DRO,S03_WORST_MONTH_GROUP_DRO_K1,1,True
2025-01-27,1,7064,ハウテレビジョン,0.06882848590612411,True,0.0,-0.6938421509106729,S03_WORST_MONTH_GROUP_DRO,S03_WORST_MONTH_GROUP_DRO_K1,1,True
2025-01-28,1,8066,三⾕商事,0.06888920813798904,True,1.0,1.1657374556512945,S03_WORST_MONTH_GROUP_DRO,S03_WORST_MONTH_GROUP_DRO_K1,1,True
2025-01-29,1,3238,セントラル総合開発,0.06804735958576202,True,1.0,0.2123142250530785,S03_WORST_MONTH_GROUP_DRO,S03_WORST_MONTH_GROUP_DRO_K1,1,True
2025-01-30,1,8066,三⾕商事,0.07231219112873077,True,1.0,1.2506513809275699,S03_WORST_MONTH_GROUP_DRO,S03_WORST_MONTH_GROUP_DRO_K1,1,True
2025-01-31,1,9265,ヤマシタヘルスケアホールディングス,0.06460285186767578,True,1.0,0.9726725335803543,S03_WORST_MONTH_GROUP_DRO,S03_WORST_MONTH_GROUP_DRO_K1,1,True
2025-02-03,1,3238,セントラル総合開発,0.05895696207880974,True,1.0,0.42553191489360653,S03_WORST_MONTH_GROUP_DRO,S03_WORST_MONTH_GROUP_DRO_K1,1,True
2025-02-04,1,4424,Ａｍａｚｉａ,0.06631787866353989,True,1.0,0.6514657980456029,S03_WORST_MONTH_GROUP_DRO,S03_WORST_MONTH_GROUP_DRO_K1,1,True
2025-02-05,1,4380,Ｍマート,0.05700146034359932,True,1.0,0.43859649122806044,S03_WORST_MONTH_GROUP_DRO,S03_WORST_MONTH_GROUP_DRO_K1,1,True
2025-02-06,1,4424,Ａｍａｚｉａ,0.05274173617362976,True,0.0,0.0,S03_WORST_MONTH_GROUP_DRO,S03_WORST_MONTH_GROUP_DRO_K1,1,True
2025-02-07,1,6193,バーチャレクス・ホールディングス,0.06870905309915543,True,0.0,0.0,S03_WORST_MONTH_GROUP_DRO,S03_WORST_MONTH_GROUP_DRO_K1,1,True
2025-02-10,1,9246,プロジェクトホールディングス,0.05162354186177254,True,1.0,1.388888888888884,S03_WORST_MONTH_GROUP_DRO,S03_WORST_MONTH_GROUP_DRO_K1,1,True
2025-02-12,1,4783,ＮＣＤ,0.062023453414440155,True,1.0,1.0204081632652962,S03_WORST_MONTH_GROUP_DRO,S03_WORST_MONTH_GROUP_DRO_K1,1,True
2025-02-13,1,7043,アルー,0.0688406229019165,True,1.0,4.813664596273282,S03_WORST_MONTH_GROUP_DRO,S03_WORST_MONTH_GROUP_DRO_K1,1,True
2025-02-14,1,3674,オークファン,0.06630399078130722,True,1.0,0.7894736842105177,S03_WORST_MONTH_GROUP_DRO,S03_WORST_MONTH_GROUP_DRO_K1,1,True
2025-02-17,1,7938,リーガルコーポレーション,0.058887552469968796,True,1.0,1.455721795390219,S03_WORST_MONTH_GROUP_DRO,S03_WORST_MONTH_GROUP_DRO_K1,1,True
2025-02-18,1,3674,オークファン,0.05864236503839493,True,1.0,0.2702702702702675,S03_WORST_MONTH_GROUP_DRO,S03_WORST_MONTH_GROUP_DRO_K1,1,True
2025-02-19,1,7043,アルー,0.05600113049149513,True,1.0,2.84005979073243,S03_WORST_MONTH_GROUP_DRO,S03_WORST_MONTH_GROUP_DRO_K1,1,True
2025-02-20,1,4690,日本パレットプール,0.059560373425483704,True,1.0,0.06784260515604323,S03_WORST_MONTH_GROUP_DRO,S03_WORST_MONTH_GROUP_DRO_K1,1,True
2025-02-21,1,9244,デジタリフト,0.05613706633448601,True,,,S03_WORST_MONTH_GROUP_DRO,S03_WORST_MONTH_GROUP_DRO_K1,1,False
2025-02-25,1,9244,デジタリフト,0.0651225820183754,True,0.0,-0.2645502645502673,S03_WORST_MONTH_GROUP_DRO,S03_WORST_MONTH_GROUP_DRO_K1,1,True
2025-02-26,1,7746,岡本硝子,0.05558273568749428,True,0.0,-1.7241379310344862,S03_WORST_MONTH_GROUP_DRO,S03_WORST_MONTH_GROUP_DRO_K1,1,True
2025-02-27,1,8995,誠建設⼯業,0.06133716553449631,True,0.0,0.0,S03_WORST_MONTH_GROUP_DRO,S03_WORST_MONTH_GROUP_DRO_K1,1,True
2025-02-28,1,2747,北雄ラッキー,0.067629374563694,True,1.0,1.5703307718008652,S03_WORST_MONTH_GROUP_DRO,S03_WORST_MONTH_GROUP_DRO_K1,1,True
2025-03-03,1,3844,コムチュア,0.05657310038805008,True,0.0,0.0,S03_WORST_MONTH_GROUP_DRO,S03_WORST_MONTH_GROUP_DRO_K1,1,True
2025-03-04,1,2747,北雄ラッキー,0.05467284843325615,True,0.0,-0.16744809109175973,S03_WORST_MONTH_GROUP_DRO,S03_WORST_MONTH_GROUP_DRO_K1,1,True
2025-03-05,1,2300,きょくとう,0.054410170763731,True,0.0,-1.0040160642570295,S03_WORST_MONTH_GROUP_DRO,S03_WORST_MONTH_GROUP_DRO_K1,1,True
2025-03-06,1,7634,星医療酸器,0.05848284810781479,True,1.0,0.8111239860950192,S03_WORST_MONTH_GROUP_DRO,S03_WORST_MONTH_GROUP_DRO_K1,1,True
2025-03-07,1,7345,アイ・パートナーズフィナンシャル,0.0812535285949707,True,,,S03_WORST_MONTH_GROUP_DRO,S03_WORST_MONTH_GROUP_DRO_K1,1,False
2025-03-10,1,7345,アイ・パートナーズフィナンシャル,0.07553746551275253,True,0.0,-1.1589403973509937,S03_WORST_MONTH_GROUP_DRO,S03_WORST_MONTH_GROUP_DRO_K1,1,True
2025-03-11,1,7345,アイ・パートナーズフィナンシャル,0.08276096731424332,True,1.0,0.6666666666666599,S03_WORST_MONTH_GROUP_DRO,S03_WORST_MONTH_GROUP_DRO_K1,1,True
2025-03-12,1,7345,アイ・パートナーズフィナンシャル,0.06334339082241058,True,0.0,0.0,S03_WORST_MONTH_GROUP_DRO,S03_WORST_MONTH_GROUP_DRO_K1,1,True
2025-03-13,1,7345,アイ・パートナーズフィナンシャル,0.07289930433034897,True,1.0,1.683501683501687,S03_WORST_MONTH_GROUP_DRO,S03_WORST_MONTH_GROUP_DRO_K1,1,True
2025-03-14,1,7345,アイ・パートナーズフィナンシャル,0.07099754363298416,True,0.0,-1.4657980456026065,S03_WORST_MONTH_GROUP_DRO,S03_WORST_MONTH_GROUP_DRO_K1,1,True
2025-03-17,1,7345,アイ・パートナーズフィナンシャル,0.060771673917770386,True,0.0,-8.910891089108908,S03_WORST_MONTH_GROUP_DRO,S03_WORST_MONTH_GROUP_DRO_K1,1,True
2025-03-18,1,7345,アイ・パートナーズフィナンシャル,0.08352140337228775,True,0.0,-1.7793594306049876,S03_WORST_MONTH_GROUP_DRO,S03_WORST_MONTH_GROUP_DRO_K1,1,True
2025-03-19,1,7036,イーエムネットジャパン,0.06848303973674774,True,1.0,1.0928961748633892,S03_WORST_MONTH_GROUP_DRO,S03_WORST_MONTH_GROUP_DRO_K1,1,True
2025-03-21,1,5277,スパンクリートコーポレーション,0.07114587724208832,True,0.0,-0.22421524663677195,S03_WORST_MONTH_GROUP_DRO,S03_WORST_MONTH_GROUP_DRO_K1,1,True
2025-03-24,1,5277,スパンクリートコーポレーション,0.07794217020273209,True,1.0,0.22421524663676085,S03_WORST_MONTH_GROUP_DRO,S03_WORST_MONTH_GROUP_DRO_K1,1,True
2025-03-25,1,5277,スパンクリートコーポレーション,0.07604659348726273,True,0.0,-0.22371364653244186,S03_WORST_MONTH_GROUP_DRO,S03_WORST_MONTH_GROUP_DRO_K1,1,True
2025-03-26,1,5277,スパンクリートコーポレーション,0.07834438979625702,True,1.0,0.4474272930648837,S03_WORST_MONTH_GROUP_DRO,S03_WORST_MONTH_GROUP_DRO_K1,1,True
2025-03-27,1,5277,スパンクリートコーポレーション,0.07159581780433655,True,1.0,0.44642857142858094,S03_WORST_MONTH_GROUP_DRO,S03_WORST_MONTH_GROUP_DRO_K1,1,True
2025-03-28,1,5277,スパンクリートコーポレーション,0.07286788523197174,True,1.0,0.6696428571428603,S03_WORST_MONTH_GROUP_DRO,S03_WORST_MONTH_GROUP_DRO_K1,1,True
2025-03-31,1,3096,オーシャンシステム,0.06717515736818314,True,0.0,-0.08576329331045907,S03_WORST_MONTH_GROUP_DRO,S03_WORST_MONTH_GROUP_DRO_K1,1,True
2025-04-01,1,6238,フリュー,0.0626036673784256,True,1.0,0.10256410256410664,S03_WORST_MONTH_GROUP_DRO,S03_WORST_MONTH_GROUP_DRO_K1,1,True
2025-04-02,1,7318,セレンディップ・ホールディングス,0.06268642842769623,True,0.0,-0.9044657998869443,S03_WORST_MONTH_GROUP_DRO,S03_WORST_MONTH_GROUP_DRO_K1,1,True
2025-04-03,1,7638,ＮＥＷ ＡＲＴ ＨＯＬＤＩＮＧＳ,0.060833364725112915,True,1.0,2.024922118380057,S03_WORST_MONTH_GROUP_DRO,S03_WORST_MONTH_GROUP_DRO_K1,1,True
2025-04-04,1,7036,イーエムネットジャパン,0.06187483295798302,True,0.0,-15.48022598870057,S03_WORST_MONTH_GROUP_DRO,S03_WORST_MONTH_GROUP_DRO_K1,1,True
2025-04-07,1,7036,イーエムネットジャパン,0.08119223266839981,True,0.0,-8.115942028985511,S03_WORST_MONTH_GROUP_DRO,S03_WORST_MONTH_GROUP_DRO_K1,1,True
2025-04-08,1,7375,リファインバースグループ,0.07203304767608643,True,0.0,-4.444444444444439,S03_WORST_MONTH_GROUP_DRO,S03_WORST_MONTH_GROUP_DRO_K1,1,True
2025-04-09,1,5277,スパンクリートコーポレーション,0.05560516193509102,True,0.0,0.0,S03_WORST_MONTH_GROUP_DRO,S03_WORST_MONTH_GROUP_DRO_K1,1,True
2025-04-10,1,9165,クオルテック,0.06550241261720657,True,0.0,-6.797706797706793,S03_WORST_MONTH_GROUP_DRO,S03_WORST_MONTH_GROUP_DRO_K1,1,True
2025-04-11,1,5619,マーソ,0.0654786080121994,True,1.0,0.4410143329658167,S03_WORST_MONTH_GROUP_DRO,S03_WORST_MONTH_GROUP_DRO_K1,1,True
2025-04-14,1,9913,日邦産業,0.06889115273952484,True,1.0,2.1798365122615904,S03_WORST_MONTH_GROUP_DRO,S03_WORST_MONTH_GROUP_DRO_K1,1,True
2025-04-15,1,3986,ビーブレイクシステムズ,0.09757447987794876,True,1.0,0.20964360587001352,S03_WORST_MONTH_GROUP_DRO,S03_WORST_MONTH_GROUP_DRO_K1,1,True
2025-04-16,1,3986,ビーブレイクシステムズ,0.08735716342926025,True,,,S03_WORST_MONTH_GROUP_DRO,S03_WORST_MONTH_GROUP_DRO_K1,1,False
2025-04-17,1,3986,ビーブレイクシステムズ,0.09850266575813293,True,0.0,-2.0689655172413834,S03_WORST_MONTH_GROUP_DRO,S03_WORST_MONTH_GROUP_DRO_K1,1,True
2025-04-18,1,9767,日建⼯学,0.08139079064130783,True,1.0,2.095808383233533,S03_WORST_MONTH_GROUP_DRO,S03_WORST_MONTH_GROUP_DRO_K1,1,True
2025-04-21,1,9244,デジタリフト,0.07445768266916275,True,1.0,2.8449502133712556,S03_WORST_MONTH_GROUP_DRO,S03_WORST_MONTH_GROUP_DRO_K1,1,True
2025-04-22,1,5945,天龍製鋸,0.07464628666639328,True,,,S03_WORST_MONTH_GROUP_DRO,S03_WORST_MONTH_GROUP_DRO_K1,1,False
2025-04-23,1,5945,天龍製鋸,0.0875043198466301,True,0.0,0.0,S03_WORST_MONTH_GROUP_DRO,S03_WORST_MONTH_GROUP_DRO_K1,1,True
2025-04-24,1,9691,両毛システムズ,0.08022084087133408,True,1.0,2.8901734104046284,S03_WORST_MONTH_GROUP_DRO,S03_WORST_MONTH_GROUP_DRO_K1,1,True
2025-04-25,1,7043,アルー,0.07516439259052277,True,1.0,0.1436781609195359,S03_WORST_MONTH_GROUP_DRO,S03_WORST_MONTH_GROUP_DRO_K1,1,True
2025-04-28,1,7043,アルー,0.07154134660959244,True,0.0,-0.43041606886656814,S03_WORST_MONTH_GROUP_DRO,S03_WORST_MONTH_GROUP_DRO_K1,1,True
2025-04-30,1,9767,日建⼯学,0.0786530002951622,True,0.0,0.0,S03_WORST_MONTH_GROUP_DRO,S03_WORST_MONTH_GROUP_DRO_K1,1,True
2025-05-01,1,7043,アルー,0.07273515313863754,True,1.0,0.2877697841726645,S03_WORST_MONTH_GROUP_DRO,S03_WORST_MONTH_GROUP_DRO_K1,1,True
2025-05-02,1,6034,ＭＲＴ,0.07487231492996216,True,1.0,0.8968609865470878,S03_WORST_MONTH_GROUP_DRO,S03_WORST_MONTH_GROUP_DRO_K1,1,True
2025-05-07,1,6034,ＭＲＴ,0.07658637315034866,True,1.0,2.6666666666666616,S03_WORST_MONTH_GROUP_DRO,S03_WORST_MONTH_GROUP_DRO_K1,1,True
2025-05-08,1,7345,アイ・パートナーズフィナンシャル,0.06848738342523575,True,1.0,1.243339253996445,S03_WORST_MONTH_GROUP_DRO,S03_WORST_MONTH_GROUP_DRO_K1,1,True
2025-05-09,1,7345,アイ・パートナーズフィナンシャル,0.06915228068828583,True,0.0,-0.5357142857142838,S03_WORST_MONTH_GROUP_DRO,S03_WORST_MONTH_GROUP_DRO_K1,1,True
2025-05-12,1,7345,アイ・パートナーズフィナンシャル,0.08324602991342545,True,1.0,1.6042780748663166,S03_WORST_MONTH_GROUP_DRO,S03_WORST_MONTH_GROUP_DRO_K1,1,True
2025-05-13,1,7345,アイ・パートナーズフィナンシャル,0.07727641612291336,True,0.0,-1.0714285714285676,S03_WORST_MONTH_GROUP_DRO,S03_WORST_MONTH_GROUP_DRO_K1,1,True
2025-05-14,1,7345,アイ・パートナーズフィナンシャル,0.08939417451620102,True,1.0,3.392857142857153,S03_WORST_MONTH_GROUP_DRO,S03_WORST_MONTH_GROUP_DRO_K1,1,True
2025-05-15,1,4069,ＢｌｕｅＭｅｍｅ,0.07300364226102829,True,1.0,2.57548845470692,S03_WORST_MONTH_GROUP_DRO,S03_WORST_MONTH_GROUP_DRO_K1,1,True
2025-05-16,1,7345,アイ・パートナーズフィナンシャル,0.08487563580274582,True,1.0,0.8928571428571397,S03_WORST_MONTH_GROUP_DRO,S03_WORST_MONTH_GROUP_DRO_K1,1,True
2025-05-19,1,6034,ＭＲＴ,0.068553127348423,True,0.0,-1.3274336283185861,S03_WORST_MONTH_GROUP_DRO,S03_WORST_MONTH_GROUP_DRO_K1,1,True
2025-05-20,1,7345,アイ・パートナーズフィナンシャル,0.07741649448871613,True,1.0,0.727272727272732,S03_WORST_MONTH_GROUP_DRO,S03_WORST_MONTH_GROUP_DRO_K1,1,True
2025-05-21,1,7081,コーユーレンティア,0.06220093369483948,True,0.0,-0.6457564575645725,S03_WORST_MONTH_GROUP_DRO,S03_WORST_MONTH_GROUP_DRO_K1,1,True
2025-05-22,1,7345,アイ・パートナーズフィナンシャル,0.0697128102183342,True,1.0,1.6666666666666607,S03_WORST_MONTH_GROUP_DRO,S03_WORST_MONTH_GROUP_DRO_K1,1,True
2025-05-23,1,7345,アイ・パートナーズフィナンシャル,0.06890043616294861,True,1.0,1.4842300556586308,S03_WORST_MONTH_GROUP_DRO,S03_WORST_MONTH_GROUP_DRO_K1,1,True
2025-05-26,1,7345,アイ・パートナーズフィナンシャル,0.07150528579950333,True,1.0,0.3656307129798808,S03_WORST_MONTH_GROUP_DRO,S03_WORST_MONTH_GROUP_DRO_K1,1,True
2025-05-27,1,7345,アイ・パートナーズフィナンシャル,0.06582290679216385,True,1.0,5.185185185185182,S03_WORST_MONTH_GROUP_DRO,S03_WORST_MONTH_GROUP_DRO_K1,1,True
2025-05-28,1,5945,天龍製鋸,0.06553607434034348,True,1.0,0.37776578521315773,S03_WORST_MONTH_GROUP_DRO,S03_WORST_MONTH_GROUP_DRO_K1,1,True
2025-05-29,1,7345,アイ・パートナーズフィナンシャル,0.07901839911937714,True,1.0,1.4814814814814836,S03_WORST_MONTH_GROUP_DRO,S03_WORST_MONTH_GROUP_DRO_K1,1,True
2025-05-30,1,5945,天龍製鋸,0.06808959692716599,True,1.0,0.2702702702702675,S03_WORST_MONTH_GROUP_DRO,S03_WORST_MONTH_GROUP_DRO_K1,1,True
2025-06-02,1,5945,天龍製鋸,0.06548593193292618,True,0.0,-0.48179871520342976,S03_WORST_MONTH_GROUP_DRO,S03_WORST_MONTH_GROUP_DRO_K1,1,True
2025-06-03,1,5945,天龍製鋸,0.05606181547045708,True,1.0,0.21551724137931494,S03_WORST_MONTH_GROUP_DRO,S03_WORST_MONTH_GROUP_DRO_K1,1,True
2025-06-04,1,6346,キクカワエンタープライズ,0.060428593307733536,True,1.0,1.0869565217391353,S03_WORST_MONTH_GROUP_DRO,S03_WORST_MONTH_GROUP_DRO_K1,1,True
2025-06-05,1,5945,天龍製鋸,0.058696240186691284,True,1.0,3.2608695652173836,S03_WORST_MONTH_GROUP_DRO,S03_WORST_MONTH_GROUP_DRO_K1,1,True
2025-06-06,1,6346,キクカワエンタープライズ,0.06823869049549103,True,,,S03_WORST_MONTH_GROUP_DRO,S03_WORST_MONTH_GROUP_DRO_K1,1,False
2025-06-09,1,6063,日本エマージェンシーアシスタンス,0.054728250950574875,True,0.0,-0.38131553860819567,S03_WORST_MONTH_GROUP_DRO,S03_WORST_MONTH_GROUP_DRO_K1,1,True
2025-06-10,1,264A,Ｓｃｈｏｏ,0.05607082322239876,True,1.0,0.2358490566037652,S03_WORST_MONTH_GROUP_DRO,S03_WORST_MONTH_GROUP_DRO_K1,1,True
2025-06-11,1,264A,Ｓｃｈｏｏ,0.061989765614271164,True,1.0,0.34883720930232176,S03_WORST_MONTH_GROUP_DRO,S03_WORST_MONTH_GROUP_DRO_K1,1,True
2025-06-12,1,7345,アイ・パートナーズフィナンシャル,0.06615249067544937,True,0.0,0.0,S03_WORST_MONTH_GROUP_DRO,S03_WORST_MONTH_GROUP_DRO_K1,1,True
2025-06-13,1,7345,アイ・パートナーズフィナンシャル,0.06390616297721863,True,0.0,-0.8960573476702538,S03_WORST_MONTH_GROUP_DRO,S03_WORST_MONTH_GROUP_DRO_K1,1,True
2025-06-16,1,7345,アイ・パートナーズフィナンシャル,0.07202856987714767,True,1.0,2.177858439201441,S03_WORST_MONTH_GROUP_DRO,S03_WORST_MONTH_GROUP_DRO_K1,1,True
2025-06-17,1,3843,フリービット,0.0681367814540863,True,1.0,0.3518648838845895,S03_WORST_MONTH_GROUP_DRO,S03_WORST_MONTH_GROUP_DRO_K1,1,True
2025-06-18,1,1866,北野建設,0.0607488639652729,True,1.0,1.0962241169305775,S03_WORST_MONTH_GROUP_DRO,S03_WORST_MONTH_GROUP_DRO_K1,1,True
2025-06-19,1,9767,日建⼯学,0.06924846023321152,True,1.0,1.6702977487291104,S03_WORST_MONTH_GROUP_DRO,S03_WORST_MONTH_GROUP_DRO_K1,1,True
2025-06-20,1,9767,日建⼯学,0.05746541544795036,True,1.0,0.575539568345329,S03_WORST_MONTH_GROUP_DRO,S03_WORST_MONTH_GROUP_DRO_K1,1,True
2025-06-23,1,9691,両毛システムズ,0.06953387707471848,True,1.0,2.1021021021021102,S03_WORST_MONTH_GROUP_DRO,S03_WORST_MONTH_GROUP_DRO_K1,1,True
2025-06-24,1,7043,アルー,0.058723706752061844,True,1.0,0.5221932114882533,S03_WORST_MONTH_GROUP_DRO,S03_WORST_MONTH_GROUP_DRO_K1,1,True
2025-06-25,1,4437,ｇｏｏｄｄａｙｓホールディングス,0.06254361569881439,True,0.0,-0.295857988165682,S03_WORST_MONTH_GROUP_DRO,S03_WORST_MONTH_GROUP_DRO_K1,1,True
2025-06-26,1,4437,ｇｏｏｄｄａｙｓホールディングス,0.058699436485767365,True,1.0,1.5037593984962516,S03_WORST_MONTH_GROUP_DRO,S03_WORST_MONTH_GROUP_DRO_K1,1,True
2025-06-27,1,4437,ｇｏｏｄｄａｙｓホールディングス,0.05886319279670715,True,1.0,0.14792899408284654,S03_WORST_MONTH_GROUP_DRO,S03_WORST_MONTH_GROUP_DRO_K1,1,True
2025-06-30,1,4437,ｇｏｏｄｄａｙｓホールディングス,0.0680152028799057,True,1.0,1.4925373134328401,S03_WORST_MONTH_GROUP_DRO,S03_WORST_MONTH_GROUP_DRO_K1,1,True
2025-07-01,1,4437,ｇｏｏｄｄａｙｓホールディングス,0.06388915330171585,True,0.0,-0.7299270072992692,S03_WORST_MONTH_GROUP_DRO,S03_WORST_MONTH_GROUP_DRO_K1,1,True
2025-07-02,1,9361,伏木海陸運送,0.057767804712057114,True,0.0,-0.5518087063151489,S03_WORST_MONTH_GROUP_DRO,S03_WORST_MONTH_GROUP_DRO_K1,1,True
2025-07-03,1,7043,アルー,0.08666547387838364,True,1.0,0.5221932114882533,S03_WORST_MONTH_GROUP_DRO,S03_WORST_MONTH_GROUP_DRO_K1,1,True
2025-07-04,1,7043,アルー,0.06557802110910416,True,1.0,0.26041666666667407,S03_WORST_MONTH_GROUP_DRO,S03_WORST_MONTH_GROUP_DRO_K1,1,True
2025-07-07,1,7043,アルー,0.06469952315092087,True,1.0,0.26041666666667407,S03_WORST_MONTH_GROUP_DRO,S03_WORST_MONTH_GROUP_DRO_K1,1,True
2025-07-08,1,7043,アルー,0.0669056698679924,True,1.0,0.39215686274509665,S03_WORST_MONTH_GROUP_DRO,S03_WORST_MONTH_GROUP_DRO_K1,1,True
2025-07-09,1,7043,アルー,0.07698749005794525,True,1.0,0.78125,S03_WORST_MONTH_GROUP_DRO,S03_WORST_MONTH_GROUP_DRO_K1,1,True
2025-07-10,1,4437,ｇｏｏｄｄａｙｓホールディングス,0.06621838361024857,True,1.0,0.4411764705882337,S03_WORST_MONTH_GROUP_DRO,S03_WORST_MONTH_GROUP_DRO_K1,1,True
2025-07-11,1,4437,ｇｏｏｄｄａｙｓホールディングス,0.06652418524026871,True,1.0,0.2928257686676483,S03_WORST_MONTH_GROUP_DRO,S03_WORST_MONTH_GROUP_DRO_K1,1,True
2025-07-14,1,4437,ｇｏｏｄｄａｙｓホールディングス,0.06767302006483078,True,0.0,-0.7246376811594235,S03_WORST_MONTH_GROUP_DRO,S03_WORST_MONTH_GROUP_DRO_K1,1,True
2025-07-15,1,7043,アルー,0.06702818721532822,True,0.0,0.0,S03_WORST_MONTH_GROUP_DRO,S03_WORST_MONTH_GROUP_DRO_K1,1,True
2025-07-16,1,7043,アルー,0.060460466891527176,True,1.0,0.6493506493506551,S03_WORST_MONTH_GROUP_DRO,S03_WORST_MONTH_GROUP_DRO_K1,1,True
2025-07-17,1,7043,アルー,0.05606735125184059,True,1.0,0.2600780234070177,S03_WORST_MONTH_GROUP_DRO,S03_WORST_MONTH_GROUP_DRO_K1,1,True
2025-07-18,1,7043,アルー,0.06760777533054352,True,1.0,0.1290322580645098,S03_WORST_MONTH_GROUP_DRO,S03_WORST_MONTH_GROUP_DRO_K1,1,True
2025-07-22,1,5945,天龍製鋸,0.06084074825048447,True,1.0,0.5208333333333259,S03_WORST_MONTH_GROUP_DRO,S03_WORST_MONTH_GROUP_DRO_K1,1,True
2025-07-23,1,7808,シー・エス・ランバー,0.04814118146896362,True,1.0,0.4366812227074135,S03_WORST_MONTH_GROUP_DRO,S03_WORST_MONTH_GROUP_DRO_K1,1,True
2025-07-24,1,7808,シー・エス・ランバー,0.05700488016009331,True,1.0,1.655629139072845,S03_WORST_MONTH_GROUP_DRO,S03_WORST_MONTH_GROUP_DRO_K1,1,True
2025-07-25,1,9259,タカヨシホールディングス,0.0635610818862915,True,0.0,0.0,S03_WORST_MONTH_GROUP_DRO,S03_WORST_MONTH_GROUP_DRO_K1,1,True
2025-07-28,1,9259,タカヨシホールディングス,0.06429145485162735,True,0.0,-0.14265335235378318,S03_WORST_MONTH_GROUP_DRO,S03_WORST_MONTH_GROUP_DRO_K1,1,True
2025-07-29,1,4387,ＺＵＵ,0.06476609408855438,True,0.0,-0.2732240437158473,S03_WORST_MONTH_GROUP_DRO,S03_WORST_MONTH_GROUP_DRO_K1,1,True
2025-07-30,1,9345,ビズメイツ,0.060191810131073,True,0.0,-0.20202020202020332,S03_WORST_MONTH_GROUP_DRO,S03_WORST_MONTH_GROUP_DRO_K1,1,True
2025-07-31,1,9259,タカヨシホールディングス,0.06412718445062637,True,1.0,0.14265335235377208,S03_WORST_MONTH_GROUP_DRO,S03_WORST_MONTH_GROUP_DRO_K1,1,True
2024-07-01,1,7043,アルー,0.08933109790086746,True,1.0,0.49999999999998934,S03_WORST_MONTH_GROUP_DRO,S03_WORST_MONTH_GROUP_DRO_K2,2,True
2024-07-01,2,8139,ナガホリ,0.07175225764513016,True,1.0,2.382671480144394,S03_WORST_MONTH_GROUP_DRO,S03_WORST_MONTH_GROUP_DRO_K2,2,True
2024-07-02,1,7043,アルー,0.08568112552165985,True,0.0,-0.49813200498132204,S03_WORST_MONTH_GROUP_DRO,S03_WORST_MONTH_GROUP_DRO_K2,2,True
2024-07-02,2,8139,ナガホリ,0.06498141586780548,True,0.0,-0.5641748942172065,S03_WORST_MONTH_GROUP_DRO,S03_WORST_MONTH_GROUP_DRO_K2,2,True
2024-07-03,1,7043,アルー,0.08310745656490326,True,1.0,1.643489254108732,S03_WORST_MONTH_GROUP_DRO,S03_WORST_MONTH_GROUP_DRO_K2,2,True
2024-07-03,2,6151,日東⼯器,0.06841766089200974,True,0.0,-4.340497260851239,S03_WORST_MONTH_GROUP_DRO,S03_WORST_MONTH_GROUP_DRO_K2,2,True
2024-07-04,1,6151,日東⼯器,0.07029306143522263,True,0.0,-0.9683098591549255,S03_WORST_MONTH_GROUP_DRO,S03_WORST_MONTH_GROUP_DRO_K2,2,True
2024-07-04,2,7043,アルー,0.06452374905347824,True,0.0,0.0,S03_WORST_MONTH_GROUP_DRO,S03_WORST_MONTH_GROUP_DRO_K2,2,True
2024-07-05,1,7043,アルー,0.07236053794622421,True,1.0,7.800511508951402,S03_WORST_MONTH_GROUP_DRO,S03_WORST_MONTH_GROUP_DRO_K2,2,True
2024-07-05,2,2480,システム・ロケーション,0.066435806453228,True,1.0,1.8436578171091345,S03_WORST_MONTH_GROUP_DRO,S03_WORST_MONTH_GROUP_DRO_K2,2,True
2024-07-08,1,6151,日東⼯器,0.06300028413534164,True,0.0,-3.8224956063268922,S03_WORST_MONTH_GROUP_DRO,S03_WORST_MONTH_GROUP_DRO_K2,2,True
2024-07-08,2,7676,グッドスピード,0.05775974318385124,True,0.0,0.0,S03_WORST_MONTH_GROUP_DRO,S03_WORST_MONTH_GROUP_DRO_K2,2,True
2024-07-09,1,6151,日東⼯器,0.06584620475769043,True,1.0,0.22841480127913094,S03_WORST_MONTH_GROUP_DRO,S03_WORST_MONTH_GROUP_DRO_K2,2,True
2024-07-09,2,8139,ナガホリ,0.06045812740921974,True,1.0,1.9607843137254832,S03_WORST_MONTH_GROUP_DRO,S03_WORST_MONTH_GROUP_DRO_K2,2,True
2024-07-10,1,4491,コンピューターマネージメント,0.06335615366697311,True,1.0,1.4251781472684133,S03_WORST_MONTH_GROUP_DRO,S03_WORST_MONTH_GROUP_DRO_K2,2,True
2024-07-10,2,1866,北野建設,0.05423304811120033,True,0.0,-0.4070556309362261,S03_WORST_MONTH_GROUP_DRO,S03_WORST_MONTH_GROUP_DRO_K2,2,True
2024-07-11,1,3986,ビーブレイクシステムズ,0.06391693651676178,True,1.0,0.4310344827586299,S03_WORST_MONTH_GROUP_DRO,S03_WORST_MONTH_GROUP_DRO_K2,2,True
2024-07-11,2,3974,ＳＣＡＴ,0.05859333276748657,True,1.0,1.2958963282937441,S03_WORST_MONTH_GROUP_DRO,S03_WORST_MONTH_GROUP_DRO_K2,2,True
2024-07-12,1,4491,コンピューターマネージメント,0.057799410074949265,True,,,S03_WORST_MONTH_GROUP_DRO,S03_WORST_MONTH_GROUP_DRO_K2,2,False
2024-07-12,2,4344,ソースネクスト,0.056360676884651184,True,1.0,9.478672985782,S03_WORST_MONTH_GROUP_DRO,S03_WORST_MONTH_GROUP_DRO_K2,2,True
2024-07-16,1,8139,ナガホリ,0.05473606288433075,True,0.0,-0.42553191489361764,S03_WORST_MONTH_GROUP_DRO,S03_WORST_MONTH_GROUP_DRO_K2,2,True
2024-07-16,2,2480,システム・ロケーション,0.05458042025566101,True,0.0,0.0,S03_WORST_MONTH_GROUP_DRO,S03_WORST_MONTH_GROUP_DRO_K2,2,True
2024-07-17,1,7807,幸和製作所,0.07817235589027405,True,0.0,-2.4207011686143587,S03_WORST_MONTH_GROUP_DRO,S03_WORST_MONTH_GROUP_DRO_K2,2,True
2024-07-17,2,3892,岡山製紙,0.06542147696018219,True,1.0,0.06756756756756133,S03_WORST_MONTH_GROUP_DRO,S03_WORST_MONTH_GROUP_DRO_K2,2,True
2024-07-18,1,7273,イクヨ,0.05736538767814636,True,0.0,-1.3615023474178423,S03_WORST_MONTH_GROUP_DRO,S03_WORST_MONTH_GROUP_DRO_K2,2,True
2024-07-18,2,6870,日本フェンオール,0.057276830077171326,True,1.0,0.2875215641173101,S03_WORST_MONTH_GROUP_DRO,S03_WORST_MONTH_GROUP_DRO_K2,2,True
2024-07-19,1,7273,イクヨ,0.06335511803627014,True,0.0,-2.0853080568720372,S03_WORST_MONTH_GROUP_DRO,S03_WORST_MONTH_GROUP_DRO_K2,2,True
2024-07-19,2,7590,タカショー,0.058421820402145386,True,1.0,0.18552875695732052,S03_WORST_MONTH_GROUP_DRO,S03_WORST_MONTH_GROUP_DRO_K2,2,True
2024-07-22,1,7043,アルー,0.07412424683570862,True,1.0,4.422604422604426,S03_WORST_MONTH_GROUP_DRO,S03_WORST_MONTH_GROUP_DRO_K2,2,True
2024-07-22,2,7273,イクヨ,0.05787368491292,True,0.0,-2.0823244552058084,S03_WORST_MONTH_GROUP_DRO,S03_WORST_MONTH_GROUP_DRO_K2,2,True
2024-07-23,1,4362,日本精化,0.05931742489337921,True,0.0,-1.7090909090909046,S03_WORST_MONTH_GROUP_DRO,S03_WORST_MONTH_GROUP_DRO_K2,2,True
2024-07-23,2,6048,デザインワン・ジャパン,0.05867597460746765,True,0.0,-2.0689655172413834,S03_WORST_MONTH_GROUP_DRO,S03_WORST_MONTH_GROUP_DRO_K2,2,True
2024-07-24,1,5252,日本ナレッジ,0.054584432393312454,True,1.0,0.8843036109064117,S03_WORST_MONTH_GROUP_DRO,S03_WORST_MONTH_GROUP_DRO_K2,2,True
2024-07-24,2,9246,プロジェクトホールディングス,0.053254563361406326,True,0.0,-0.07347538574578039,S03_WORST_MONTH_GROUP_DRO,S03_WORST_MONTH_GROUP_DRO_K2,2,True
2024-07-25,1,7273,イクヨ,0.05942840874195099,True,0.0,-1.1284255776464303,S03_WORST_MONTH_GROUP_DRO,S03_WORST_MONTH_GROUP_DRO_K2,2,True
2024-07-25,2,7043,アルー,0.057845886796712875,True,1.0,1.0882708585247869,S03_WORST_MONTH_GROUP_DRO,S03_WORST_MONTH_GROUP_DRO_K2,2,True
2024-07-26,1,6762,ＴＤＫ,0.0553680919110775,True,1.0,0.4612159329140386,S03_WORST_MONTH_GROUP_DRO,S03_WORST_MONTH_GROUP_DRO_K2,2,True
2024-07-26,2,5247,ＢＴＭ,0.05366514250636101,True,0.0,-1.8927444794952675,S03_WORST_MONTH_GROUP_DRO,S03_WORST_MONTH_GROUP_DRO_K2,2,True
2024-07-29,1,5247,ＢＴＭ,0.053794752806425095,True,1.0,3.5409836065573685,S03_WORST_MONTH_GROUP_DRO,S03_WORST_MONTH_GROUP_DRO_K2,2,True
2024-07-29,2,3934,ベネフィットジャパン,0.046628210693597794,True,1.0,0.42771599657827064,S03_WORST_MONTH_GROUP_DRO,S03_WORST_MONTH_GROUP_DRO_K2,2,True
2024-07-30,1,7043,アルー,0.07331176847219467,True,1.0,2.4242424242424176,S03_WORST_MONTH_GROUP_DRO,S03_WORST_MONTH_GROUP_DRO_K2,2,True
2024-07-30,2,4523,エーザイ,0.052295539528131485,True,1.0,2.496944298934878,S03_WORST_MONTH_GROUP_DRO,S03_WORST_MONTH_GROUP_DRO_K2,2,True
2024-07-31,1,3934,ベネフィットジャパン,0.05949383229017258,True,0.0,-1.4705882352941124,S03_WORST_MONTH_GROUP_DRO,S03_WORST_MONTH_GROUP_DRO_K2,2,True
2024-07-31,2,9340,アソインターナショナル,0.05195203796029091,True,1.0,3.2032032032031976,S03_WORST_MONTH_GROUP_DRO,S03_WORST_MONTH_GROUP_DRO_K2,2,True
2024-08-01,1,8139,ナガホリ,0.06732181459665298,True,1.0,2.3668639053254337,S03_WORST_MONTH_GROUP_DRO,S03_WORST_MONTH_GROUP_DRO_K2,2,True
2024-08-01,2,4496,コマースＯｎｅホールディングス,0.0665820762515068,True,1.0,1.4084507042253502,S03_WORST_MONTH_GROUP_DRO,S03_WORST_MONTH_GROUP_DRO_K2,2,True
2024-08-02,1,4549,栄研化学,0.06906890869140625,True,0.0,-2.6889197960129785,S03_WORST_MONTH_GROUP_DRO,S03_WORST_MONTH_GROUP_DRO_K2,2,True
2024-08-02,2,7046,ＴＤＳＥ,0.06884387135505676,True,0.0,-8.113207547169809,S03_WORST_MONTH_GROUP_DRO,S03_WORST_MONTH_GROUP_DRO_K2,2,True
2024-08-05,1,6930,日本アンテナ,0.07678832113742828,True,0.0,-7.152875175315565,S03_WORST_MONTH_GROUP_DRO,S03_WORST_MONTH_GROUP_DRO_K2,2,True
2024-08-05,2,3673,ブロードリーフ,0.06948869675397873,True,0.0,-2.1568627450980427,S03_WORST_MONTH_GROUP_DRO,S03_WORST_MONTH_GROUP_DRO_K2,2,True
2024-08-06,1,6497,ハマイ,0.07968871295452118,True,1.0,3.0364372469635637,S03_WORST_MONTH_GROUP_DRO,S03_WORST_MONTH_GROUP_DRO_K2,2,True
2024-08-06,2,4076,シイエヌエス,0.07950254529714584,True,0.0,-1.4760147601476037,S03_WORST_MONTH_GROUP_DRO,S03_WORST_MONTH_GROUP_DRO_K2,2,True
2024-08-07,1,4814,ネクストウェア,0.06709323823451996,True,1.0,4.8387096774193505,S03_WORST_MONTH_GROUP_DRO,S03_WORST_MONTH_GROUP_DRO_K2,2,True
2024-08-07,2,7043,アルー,0.06201816722750664,True,1.0,2.836004932182501,S03_WORST_MONTH_GROUP_DRO,S03_WORST_MONTH_GROUP_DRO_K2,2,True
2024-08-08,1,7043,アルー,0.05805925652384758,True,1.0,0.3597122302158251,S03_WORST_MONTH_GROUP_DRO,S03_WORST_MONTH_GROUP_DRO_K2,2,True
2024-08-08,2,1997,暁飯島⼯業,0.04557173326611519,True,1.0,3.0056355666875367,S03_WORST_MONTH_GROUP_DRO,S03_WORST_MONTH_GROUP_DRO_K2,2,True
2024-08-09,1,7043,アルー,0.0678294226527214,True,0.0,0.0,S03_WORST_MONTH_GROUP_DRO,S03_WORST_MONTH_GROUP_DRO_K2,2,True
2024-08-09,2,4445,リビン・テクノロジーズ,0.06007950380444527,True,1.0,1.0928961748633892,S03_WORST_MONTH_GROUP_DRO,S03_WORST_MONTH_GROUP_DRO_K2,2,True
2024-08-13,1,8139,ナガホリ,0.08255239576101303,True,1.0,0.5098324836125379,S03_WORST_MONTH_GROUP_DRO,S03_WORST_MONTH_GROUP_DRO_K2,2,True
2024-08-13,2,7043,アルー,0.08114878088235855,True,0.0,-1.8495684340320562,S03_WORST_MONTH_GROUP_DRO,S03_WORST_MONTH_GROUP_DRO_K2,2,True
2024-08-14,1,7043,アルー,0.10686879605054855,True,1.0,3.409090909090917,S03_WORST_MONTH_GROUP_DRO,S03_WORST_MONTH_GROUP_DRO_K2,2,True
2024-08-14,2,8139,ナガホリ,0.07075943052768707,True,0.0,0.0,S03_WORST_MONTH_GROUP_DRO,S03_WORST_MONTH_GROUP_DRO_K2,2,True
2024-08-15,1,7043,アルー,0.08079679310321808,True,0.0,-2.5547445255474477,S03_WORST_MONTH_GROUP_DRO,S03_WORST_MONTH_GROUP_DRO_K2,2,True
2024-08-15,2,8139,ナガホリ,0.07656866312026978,True,0.0,-1.1594202898550732,S03_WORST_MONTH_GROUP_DRO,S03_WORST_MONTH_GROUP_DRO_K2,2,True
2024-08-16,1,7043,アルー,0.10102776437997818,True,0.0,-0.4987531172069848,S03_WORST_MONTH_GROUP_DRO,S03_WORST_MONTH_GROUP_DRO_K2,2,True
2024-08-16,2,8139,ナガホリ,0.08919036388397217,True,1.0,0.8046817849304944,S03_WORST_MONTH_GROUP_DRO,S03_WORST_MONTH_GROUP_DRO_K2,2,True
2024-08-19,1,7043,アルー,0.0878184363245964,True,0.0,-0.5031446540880502,S03_WORST_MONTH_GROUP_DRO,S03_WORST_MONTH_GROUP_DRO_K2,2,True
2024-08-19,2,8139,ナガホリ,0.07834881544113159,True,1.0,1.7492711370262315,S03_WORST_MONTH_GROUP_DRO,S03_WORST_MONTH_GROUP_DRO_K2,2,True
2024-08-20,1,7043,アルー,0.09010069817304611,True,0.0,-0.37641154328732496,S03_WORST_MONTH_GROUP_DRO,S03_WORST_MONTH_GROUP_DRO_K2,2,True
2024-08-20,2,8871,ゴールドクレスト,0.060948945581912994,True,1.0,0.8787346221441172,S03_WORST_MONTH_GROUP_DRO,S03_WORST_MONTH_GROUP_DRO_K2,2,True
2024-08-21,1,7043,アルー,0.07978615164756775,True,1.0,0.6369426751592355,S03_WORST_MONTH_GROUP_DRO,S03_WORST_MONTH_GROUP_DRO_K2,2,True
2024-08-21,2,8139,ナガホリ,0.06465022265911102,True,1.0,0.28571428571428914,S03_WORST_MONTH_GROUP_DRO,S03_WORST_MONTH_GROUP_DRO_K2,2,True
2024-08-22,1,7043,アルー,0.0850033238530159,True,0.0,-0.37783375314861534,S03_WORST_MONTH_GROUP_DRO,S03_WORST_MONTH_GROUP_DRO_K2,2,True
2024-08-22,2,5905,日本製罐,0.06956852227449417,True,1.0,3.3333333333333437,S03_WORST_MONTH_GROUP_DRO,S03_WORST_MONTH_GROUP_DRO_K2,2,True
2024-08-23,1,7043,アルー,0.07979487627744675,True,0.0,-1.4981273408239737,S03_WORST_MONTH_GROUP_DRO,S03_WORST_MONTH_GROUP_DRO_K2,2,True
2024-08-23,2,7863,平賀,0.06158947944641113,True,0.0,-0.5025125628140725,S03_WORST_MONTH_GROUP_DRO,S03_WORST_MONTH_GROUP_DRO_K2,2,True
2024-08-26,1,7043,アルー,0.0747065544128418,True,1.0,0.25316455696202667,S03_WORST_MONTH_GROUP_DRO,S03_WORST_MONTH_GROUP_DRO_K2,2,True
2024-08-26,2,9914,植松商会,0.05980660766363144,True,0.0,-0.19193857965451588,S03_WORST_MONTH_GROUP_DRO,S03_WORST_MONTH_GROUP_DRO_K2,2,True
2024-08-27,1,7043,アルー,0.07002247869968414,True,0.0,-0.631313131313127,S03_WORST_MONTH_GROUP_DRO,S03_WORST_MONTH_GROUP_DRO_K2,2,True
2024-08-27,2,4445,リビン・テクノロジーズ,0.0697564035654068,True,0.0,0.0,S03_WORST_MONTH_GROUP_DRO,S03_WORST_MONTH_GROUP_DRO_K2,2,True
2024-08-28,1,9914,植松商会,0.07762972265481949,True,,,S03_WORST_MONTH_GROUP_DRO,S03_WORST_MONTH_GROUP_DRO_K2,2,False
2024-08-28,2,7043,アルー,0.07491249591112137,True,0.0,-0.37974683544304,S03_WORST_MONTH_GROUP_DRO,S03_WORST_MONTH_GROUP_DRO_K2,2,True
2024-08-29,1,3991,ウォンテッドリー,0.07949153333902359,True,0.0,-1.8092105263157854,S03_WORST_MONTH_GROUP_DRO,S03_WORST_MONTH_GROUP_DRO_K2,2,True
2024-08-29,2,9914,植松商会,0.07640361785888672,True,1.0,0.28571428571428914,S03_WORST_MONTH_GROUP_DRO,S03_WORST_MONTH_GROUP_DRO_K2,2,True
2024-08-30,1,3991,ウォンテッドリー,0.08562152832746506,True,0.0,-0.42016806722688926,S03_WORST_MONTH_GROUP_DRO,S03_WORST_MONTH_GROUP_DRO_K2,2,True
2024-08-30,2,7043,アルー,0.07790888845920563,True,1.0,1.13924050632912,S03_WORST_MONTH_GROUP_DRO,S03_WORST_MONTH_GROUP_DRO_K2,2,True
2024-09-02,1,4445,リビン・テクノロジーズ,0.09755722433328629,True,0.0,-0.43266630611140666,S03_WORST_MONTH_GROUP_DRO,S03_WORST_MONTH_GROUP_DRO_K2,2,True
2024-09-02,2,7273,イクヨ,0.09568925946950912,True,1.0,1.2603005332040729,S03_WORST_MONTH_GROUP_DRO,S03_WORST_MONTH_GROUP_DRO_K2,2,True
2024-09-03,1,7273,イクヨ,0.09825938940048218,True,0.0,-4.38721983786361,S03_WORST_MONTH_GROUP_DRO,S03_WORST_MONTH_GROUP_DRO_K2,2,True
2024-09-03,2,4445,リビン・テクノロジーズ,0.0900081917643547,True,1.0,1.5752308527973824,S03_WORST_MONTH_GROUP_DRO,S03_WORST_MONTH_GROUP_DRO_K2,2,True
2024-09-04,1,7273,イクヨ,0.10271015763282776,True,0.0,-3.824861600402618,S03_WORST_MONTH_GROUP_DRO,S03_WORST_MONTH_GROUP_DRO_K2,2,True
2024-09-04,2,4445,リビン・テクノロジーズ,0.08365950733423233,True,1.0,0.4812834224598994,S03_WORST_MONTH_GROUP_DRO,S03_WORST_MONTH_GROUP_DRO_K2,2,True
2024-09-05,1,3436,ＳＵＭＣＯ,0.07598301023244858,True,0.0,-0.8289124668435011,S03_WORST_MONTH_GROUP_DRO,S03_WORST_MONTH_GROUP_DRO_K2,2,True
2024-09-05,2,7689,コパ・コーポレーション,0.06912451982498169,True,1.0,0.32414910858995505,S03_WORST_MONTH_GROUP_DRO,S03_WORST_MONTH_GROUP_DRO_K2,2,True
2024-09-06,1,4445,リビン・テクノロジーズ,0.0838339701294899,True,0.0,-0.38461538461538325,S03_WORST_MONTH_GROUP_DRO,S03_WORST_MONTH_GROUP_DRO_K2,2,True
2024-09-06,2,7273,イクヨ,0.07313281297683716,True,0.0,0.0,S03_WORST_MONTH_GROUP_DRO,S03_WORST_MONTH_GROUP_DRO_K2,2,True
2024-09-09,1,7273,イクヨ,0.08340005576610565,True,,,S03_WORST_MONTH_GROUP_DRO,S03_WORST_MONTH_GROUP_DRO_K2,2,False
2024-09-09,2,4445,リビン・テクノロジーズ,0.07038115710020065,True,1.0,0.625355315520193,S03_WORST_MONTH_GROUP_DRO,S03_WORST_MONTH_GROUP_DRO_K2,2,True
2024-09-10,1,7273,イクヨ,0.08919726312160492,True,,,S03_WORST_MONTH_GROUP_DRO,S03_WORST_MONTH_GROUP_DRO_K2,2,False
2024-09-10,2,4445,リビン・テクノロジーズ,0.07849087566137314,True,1.0,1.0101010101010166,S03_WORST_MONTH_GROUP_DRO,S03_WORST_MONTH_GROUP_DRO_K2,2,True
2024-09-11,1,4445,リビン・テクノロジーズ,0.07858869433403015,True,1.0,1.1148272017837302,S03_WORST_MONTH_GROUP_DRO,S03_WORST_MONTH_GROUP_DRO_K2,2,True
2024-09-11,2,7689,コパ・コーポレーション,0.06753011047840118,True,0.0,0.0,S03_WORST_MONTH_GROUP_DRO,S03_WORST_MONTH_GROUP_DRO_K2,2,True
2024-09-12,1,4445,リビン・テクノロジーズ,0.07477676123380661,True,0.0,-0.2739726027397249,S03_WORST_MONTH_GROUP_DRO,S03_WORST_MONTH_GROUP_DRO_K2,2,True
2024-09-12,2,7069,サイバー・バズ,0.06518977880477905,True,0.0,-2.512998266897748,S03_WORST_MONTH_GROUP_DRO,S03_WORST_MONTH_GROUP_DRO_K2,2,True
2024-09-13,1,6190,フェニックスバイオ,0.06365546584129333,True,0.0,-1.95227765726681,S03_WORST_MONTH_GROUP_DRO,S03_WORST_MONTH_GROUP_DRO_K2,2,True
2024-09-13,2,7886,ヤマト・インダストリー,0.06280242651700974,True,0.0,-1.8503620273531807,S03_WORST_MONTH_GROUP_DRO,S03_WORST_MONTH_GROUP_DRO_K2,2,True
2024-09-17,1,7689,コパ・コーポレーション,0.0670800507068634,True,0.0,-0.8264462809917328,S03_WORST_MONTH_GROUP_DRO,S03_WORST_MONTH_GROUP_DRO_K2,2,True
2024-09-17,2,4503,アステラス製薬,0.06192217022180557,True,0.0,-1.6880093131548257,S03_WORST_MONTH_GROUP_DRO,S03_WORST_MONTH_GROUP_DRO_K2,2,True
2024-09-18,1,3436,ＳＵＭＣＯ,0.06464837491512299,True,1.0,2.2424667133847276,S03_WORST_MONTH_GROUP_DRO,S03_WORST_MONTH_GROUP_DRO_K2,2,True
2024-09-18,2,5247,ＢＴＭ,0.06158759072422981,True,1.0,1.606086221470826,S03_WORST_MONTH_GROUP_DRO,S03_WORST_MONTH_GROUP_DRO_K2,2,True
2024-09-19,1,4884,クリングルファーマ,0.07283162325620651,True,1.0,4.8309178743961345,S03_WORST_MONTH_GROUP_DRO,S03_WORST_MONTH_GROUP_DRO_K2,2,True
2024-09-19,2,5247,ＢＴＭ,0.05936554819345474,True,0.0,-2.9875518672199175,S03_WORST_MONTH_GROUP_DRO,S03_WORST_MONTH_GROUP_DRO_K2,2,True
2024-09-20,1,5247,ＢＴＭ,0.07504747062921524,True,1.0,1.610169491525415,S03_WORST_MONTH_GROUP_DRO,S03_WORST_MONTH_GROUP_DRO_K2,2,True
2024-09-20,2,4840,トライアイズ,0.07174212485551834,True,1.0,0.31847133757962887,S03_WORST_MONTH_GROUP_DRO,S03_WORST_MONTH_GROUP_DRO_K2,2,True
2024-09-24,1,4840,トライアイズ,0.07201385498046875,True,1.0,3.205128205128216,S03_WORST_MONTH_GROUP_DRO,S03_WORST_MONTH_GROUP_DRO_K2,2,True
2024-09-24,2,3092,ＺＯＺＯ,0.05774466320872307,True,0.0,-0.2240325865580428,S03_WORST_MONTH_GROUP_DRO,S03_WORST_MONTH_GROUP_DRO_K2,2,True
2024-09-25,1,5247,ＢＴＭ,0.06776826828718185,True,1.0,2.7205276174773196,S03_WORST_MONTH_GROUP_DRO,S03_WORST_MONTH_GROUP_DRO_K2,2,True
2024-09-25,2,6497,ハマイ,0.06525635719299316,True,1.0,1.4478764478764505,S03_WORST_MONTH_GROUP_DRO,S03_WORST_MONTH_GROUP_DRO_K2,2,True
2024-09-26,1,4267,ライトワークス,0.0663662776350975,True,1.0,0.20263424518742745,S03_WORST_MONTH_GROUP_DRO,S03_WORST_MONTH_GROUP_DRO_K2,2,True
2024-09-26,2,3092,ＺＯＺＯ,0.06241605803370476,True,1.0,3.1114774366371334,S03_WORST_MONTH_GROUP_DRO,S03_WORST_MONTH_GROUP_DRO_K2,2,True
2024-09-27,1,3787,テクノマセマティカル,0.07821120321750641,True,1.0,1.6245487364620947,S03_WORST_MONTH_GROUP_DRO,S03_WORST_MONTH_GROUP_DRO_K2,2,True
2024-09-27,2,4840,トライアイズ,0.06803113222122192,True,1.0,0.9463722397476282,S03_WORST_MONTH_GROUP_DRO,S03_WORST_MONTH_GROUP_DRO_K2,2,True
2024-09-30,1,3787,テクノマセマティカル,0.0788671225309372,True,0.0,0.0,S03_WORST_MONTH_GROUP_DRO,S03_WORST_MONTH_GROUP_DRO_K2,2,True
2024-09-30,2,7886,ヤマト・インダストリー,0.06501800566911697,True,,,S03_WORST_MONTH_GROUP_DRO,S03_WORST_MONTH_GROUP_DRO_K2,2,False
2024-10-01,1,3787,テクノマセマティカル,0.07341039925813675,True,1.0,0.17152658662091813,S03_WORST_MONTH_GROUP_DRO,S03_WORST_MONTH_GROUP_DRO_K2,2,True
2024-10-01,2,2114,フジ日本,0.06009719893336296,True,0.0,-0.6673021925643452,S03_WORST_MONTH_GROUP_DRO,S03_WORST_MONTH_GROUP_DRO_K2,2,True
2024-10-02,1,7815,東京ボード⼯業,0.06677544862031937,True,1.0,0.670016750418756,S03_WORST_MONTH_GROUP_DRO,S03_WORST_MONTH_GROUP_DRO_K2,2,True
2024-10-02,2,3804,システム ディ,0.06423669308423996,True,1.0,0.2142857142857224,S03_WORST_MONTH_GROUP_DRO,S03_WORST_MONTH_GROUP_DRO_K2,2,True
2024-10-03,1,3804,システム ディ,0.061642564833164215,True,0.0,-0.07127583749109156,S03_WORST_MONTH_GROUP_DRO,S03_WORST_MONTH_GROUP_DRO_K2,2,True
2024-10-03,2,7815,東京ボード⼯業,0.06073116883635521,True,1.0,0.9819967266775809,S03_WORST_MONTH_GROUP_DRO,S03_WORST_MONTH_GROUP_DRO_K2,2,True
2024-10-04,1,3726,フォーシーズＨＤ,0.06255901604890823,True,0.0,-0.4158004158004158,S03_WORST_MONTH_GROUP_DRO,S03_WORST_MONTH_GROUP_DRO_K2,2,True
2024-10-04,2,3804,システム ディ,0.05697111412882805,True,1.0,1.3561741613133504,S03_WORST_MONTH_GROUP_DRO,S03_WORST_MONTH_GROUP_DRO_K2,2,True
2024-10-07,1,3712,情報企画,0.05222030729055405,True,0.0,0.0,S03_WORST_MONTH_GROUP_DRO,S03_WORST_MONTH_GROUP_DRO_K2,2,True
2024-10-07,2,9941,太洋物産,0.04926889017224312,True,0.0,0.0,S03_WORST_MONTH_GROUP_DRO,S03_WORST_MONTH_GROUP_DRO_K2,2,True
2024-10-08,1,7043,アルー,0.060724176466464996,True,1.0,0.8042895442359255,S03_WORST_MONTH_GROUP_DRO,S03_WORST_MONTH_GROUP_DRO_K2,2,True
2024-10-08,2,4428,シノプス,0.060300059616565704,True,0.0,-1.0245901639344246,S03_WORST_MONTH_GROUP_DRO,S03_WORST_MONTH_GROUP_DRO_K2,2,True
2024-10-09,1,8871,ゴールドクレスト,0.06373066455125809,True,1.0,0.31948881789136685,S03_WORST_MONTH_GROUP_DRO,S03_WORST_MONTH_GROUP_DRO_K2,2,True
2024-10-09,2,2334,イオレ,0.06103755533695221,True,0.0,-0.30674846625766694,S03_WORST_MONTH_GROUP_DRO,S03_WORST_MONTH_GROUP_DRO_K2,2,True
2024-10-10,1,4378,ＣＩＮＣ,0.07070492208003998,True,1.0,0.4552352048558417,S03_WORST_MONTH_GROUP_DRO,S03_WORST_MONTH_GROUP_DRO_K2,2,True
2024-10-10,2,8871,ゴールドクレスト,0.061120737344026566,True,1.0,1.273885350318471,S03_WORST_MONTH_GROUP_DRO,S03_WORST_MONTH_GROUP_DRO_K2,2,True
2024-10-11,1,2334,イオレ,0.056857530027627945,True,0.0,-0.1524390243902385,S03_WORST_MONTH_GROUP_DRO,S03_WORST_MONTH_GROUP_DRO_K2,2,True
2024-10-11,2,8267,イオン,0.05588238686323166,True,1.0,1.8867924528301883,S03_WORST_MONTH_GROUP_DRO,S03_WORST_MONTH_GROUP_DRO_K2,2,True
2024-10-15,1,5938,ＬＩＸＩＬ,0.056792065501213074,True,0.0,-0.5062537224538421,S03_WORST_MONTH_GROUP_DRO,S03_WORST_MONTH_GROUP_DRO_K2,2,True
2024-10-15,2,9601,松竹,0.05535876750946045,True,1.0,0.9304812834224574,S03_WORST_MONTH_GROUP_DRO,S03_WORST_MONTH_GROUP_DRO_K2,2,True
2024-10-16,1,7603,マックハウス,0.06818709522485733,True,1.0,0.9345794392523255,S03_WORST_MONTH_GROUP_DRO,S03_WORST_MONTH_GROUP_DRO_K2,2,True
2024-10-16,2,2687,シー・ヴイ・エス・ベイエリア,0.05927981808781624,True,0.0,-1.5679442508710784,S03_WORST_MONTH_GROUP_DRO,S03_WORST_MONTH_GROUP_DRO_K2,2,True
2024-10-17,1,2687,シー・ヴイ・エス・ベイエリア,0.056800782680511475,True,0.0,-0.17667844522968323,S03_WORST_MONTH_GROUP_DRO,S03_WORST_MONTH_GROUP_DRO_K2,2,True
2024-10-17,2,9446,サカイホールディングス,0.053923774510622025,True,0.0,0.0,S03_WORST_MONTH_GROUP_DRO,S03_WORST_MONTH_GROUP_DRO_K2,2,True
2024-10-18,1,4884,クリングルファーマ,0.056495774537324905,True,0.0,-1.7942583732057371,S03_WORST_MONTH_GROUP_DRO,S03_WORST_MONTH_GROUP_DRO_K2,2,True
2024-10-18,2,3195,ジェネレーションパス,0.05558883398771286,True,1.0,4.680851063829783,S03_WORST_MONTH_GROUP_DRO,S03_WORST_MONTH_GROUP_DRO_K2,2,True
2024-10-21,1,5587,インバウンドプラットフォーム,0.057161279022693634,True,1.0,1.3372956909361022,S03_WORST_MONTH_GROUP_DRO,S03_WORST_MONTH_GROUP_DRO_K2,2,True
2024-10-21,2,6543,日宣,0.05515867471694946,True,0.0,-0.6211180124223614,S03_WORST_MONTH_GROUP_DRO,S03_WORST_MONTH_GROUP_DRO_K2,2,True
2024-10-22,1,7072,インティメート・マージャー,0.06164758279919624,True,0.0,-0.8474576271186418,S03_WORST_MONTH_GROUP_DRO,S03_WORST_MONTH_GROUP_DRO_K2,2,True
2024-10-22,2,4437,ｇｏｏｄｄａｙｓホールディングス,0.057668332010507584,True,0.0,0.0,S03_WORST_MONTH_GROUP_DRO,S03_WORST_MONTH_GROUP_DRO_K2,2,True
2024-10-23,1,8871,ゴールドクレスト,0.06790550798177719,True,0.0,-2.7156549520766737,S03_WORST_MONTH_GROUP_DRO,S03_WORST_MONTH_GROUP_DRO_K2,2,True
2024-10-23,2,7379,サーキュレーション,0.057959284633398056,True,0.0,-0.952380952380949,S03_WORST_MONTH_GROUP_DRO,S03_WORST_MONTH_GROUP_DRO_K2,2,True
2024-10-24,1,8871,ゴールドクレスト,0.07414938509464264,True,1.0,0.8291873963515828,S03_WORST_MONTH_GROUP_DRO,S03_WORST_MONTH_GROUP_DRO_K2,2,True
2024-10-24,2,7369,メイホーホールディングス,0.06409533321857452,True,0.0,0.0,S03_WORST_MONTH_GROUP_DRO,S03_WORST_MONTH_GROUP_DRO_K2,2,True
2024-10-25,1,8871,ゴールドクレスト,0.06687528640031815,True,1.0,0.6557377049180246,S03_WORST_MONTH_GROUP_DRO,S03_WORST_MONTH_GROUP_DRO_K2,2,True
2024-10-25,2,7815,東京ボード⼯業,0.0659976601600647,True,1.0,1.1513157894736947,S03_WORST_MONTH_GROUP_DRO,S03_WORST_MONTH_GROUP_DRO_K2,2,True
2024-10-28,1,8871,ゴールドクレスト,0.06153426691889763,True,0.0,-2.1035598705501646,S03_WORST_MONTH_GROUP_DRO,S03_WORST_MONTH_GROUP_DRO_K2,2,True
2024-10-28,2,7379,サーキュレーション,0.05800360441207886,True,1.0,0.16286644951140072,S03_WORST_MONTH_GROUP_DRO,S03_WORST_MONTH_GROUP_DRO_K2,2,True
2024-10-29,1,8871,ゴールドクレスト,0.07270533591508865,True,0.0,-0.658978583196046,S03_WORST_MONTH_GROUP_DRO,S03_WORST_MONTH_GROUP_DRO_K2,2,True
2024-10-29,2,7815,東京ボード⼯業,0.0693352222442627,True,1.0,1.342281879194629,S03_WORST_MONTH_GROUP_DRO,S03_WORST_MONTH_GROUP_DRO_K2,2,True
2024-10-30,1,7379,サーキュレーション,0.06345459818840027,True,1.0,1.1513157894736947,S03_WORST_MONTH_GROUP_DRO,S03_WORST_MONTH_GROUP_DRO_K2,2,True
2024-10-30,2,8871,ゴールドクレスト,0.06014784425497055,True,1.0,0.2673796791443861,S03_WORST_MONTH_GROUP_DRO,S03_WORST_MONTH_GROUP_DRO_K2,2,True
2024-10-31,1,7376,ＢＣＣ,0.08550775051116943,True,0.0,0.0,S03_WORST_MONTH_GROUP_DRO,S03_WORST_MONTH_GROUP_DRO_K2,2,True
2024-10-31,2,3529,アツギ,0.05873069912195206,True,1.0,9.394313967861567,S03_WORST_MONTH_GROUP_DRO,S03_WORST_MONTH_GROUP_DRO_K2,2,True
2024-11-01,1,9313,丸八倉庫,0.07409166544675827,True,1.0,0.11976047904191933,S03_WORST_MONTH_GROUP_DRO,S03_WORST_MONTH_GROUP_DRO_K2,2,True
2024-11-01,2,9913,日邦産業,0.06663603335618973,True,1.0,0.7228915662650603,S03_WORST_MONTH_GROUP_DRO,S03_WORST_MONTH_GROUP_DRO_K2,2,True
2024-11-05,1,9313,丸八倉庫,0.07567109912633896,True,1.0,1.0765550239234534,S03_WORST_MONTH_GROUP_DRO,S03_WORST_MONTH_GROUP_DRO_K2,2,True
2024-11-05,2,3537,昭栄薬品,0.07207878679037094,True,0.0,-0.4511278195488688,S03_WORST_MONTH_GROUP_DRO,S03_WORST_MONTH_GROUP_DRO_K2,2,True
2024-11-06,1,9313,丸八倉庫,0.06407308578491211,True,0.0,-0.4711425206124886,S03_WORST_MONTH_GROUP_DRO,S03_WORST_MONTH_GROUP_DRO_K2,2,True
2024-11-06,2,4840,トライアイズ,0.06391027569770813,True,0.0,-1.0101010101010055,S03_WORST_MONTH_GROUP_DRO,S03_WORST_MONTH_GROUP_DRO_K2,2,True
2024-11-07,1,4073,ジィ・シィ企画,0.06289947032928467,True,0.0,-2.733118971061088,S03_WORST_MONTH_GROUP_DRO,S03_WORST_MONTH_GROUP_DRO_K2,2,True
2024-11-07,2,4840,トライアイズ,0.058440644294023514,True,1.0,0.340136054421758,S03_WORST_MONTH_GROUP_DRO,S03_WORST_MONTH_GROUP_DRO_K2,2,True
2024-11-08,1,4073,ジィ・シィ企画,0.06748373061418533,True,1.0,1.812191103789118,S03_WORST_MONTH_GROUP_DRO,S03_WORST_MONTH_GROUP_DRO_K2,2,True
2024-11-08,2,3800,ユニリタ,0.06563228368759155,True,1.0,0.30975735673721694,S03_WORST_MONTH_GROUP_DRO,S03_WORST_MONTH_GROUP_DRO_K2,2,True
2024-11-11,1,9331,キャスター,0.06357701867818832,True,0.0,-0.5994005994006013,S03_WORST_MONTH_GROUP_DRO,S03_WORST_MONTH_GROUP_DRO_K2,2,True
2024-11-11,2,4840,トライアイズ,0.06262672692537308,True,1.0,3.4482758620689724,S03_WORST_MONTH_GROUP_DRO,S03_WORST_MONTH_GROUP_DRO_K2,2,True
2024-11-12,1,4073,ジィ・シィ企画,0.07015164941549301,True,1.0,0.8264462809917328,S03_WORST_MONTH_GROUP_DRO,S03_WORST_MONTH_GROUP_DRO_K2,2,True
2024-11-12,2,9331,キャスター,0.060072071850299835,True,0.0,-1.501501501501501,S03_WORST_MONTH_GROUP_DRO,S03_WORST_MONTH_GROUP_DRO_K2,2,True
2024-11-13,1,4073,ジィ・シィ企画,0.06669148057699203,True,0.0,-0.658978583196046,S03_WORST_MONTH_GROUP_DRO,S03_WORST_MONTH_GROUP_DRO_K2,2,True
2024-11-13,2,9331,キャスター,0.05847163125872612,True,1.0,1.0172939979654183,S03_WORST_MONTH_GROUP_DRO,S03_WORST_MONTH_GROUP_DRO_K2,2,True
2024-11-14,1,4073,ジィ・シィ企画,0.0654684454202652,True,1.0,0.6655574043261225,S03_WORST_MONTH_GROUP_DRO,S03_WORST_MONTH_GROUP_DRO_K2,2,True
2024-11-14,2,7083,ＡＨＣグループ,0.05988549441099167,True,0.0,-1.743745261561791,S03_WORST_MONTH_GROUP_DRO,S03_WORST_MONTH_GROUP_DRO_K2,2,True
2024-11-15,1,6497,ハマイ,0.06965173780918121,True,0.0,-0.5565862708719838,S03_WORST_MONTH_GROUP_DRO,S03_WORST_MONTH_GROUP_DRO_K2,2,True
2024-11-15,2,5587,インバウンドプラットフォーム,0.06635168939828873,True,1.0,4.754829123328386,S03_WORST_MONTH_GROUP_DRO,S03_WORST_MONTH_GROUP_DRO_K2,2,True
2024-11-18,1,7083,ＡＨＣグループ,0.062709279358387,True,1.0,5.529595015576327,S03_WORST_MONTH_GROUP_DRO,S03_WORST_MONTH_GROUP_DRO_K2,2,True
2024-11-18,2,4387,ＺＵＵ,0.061488814651966095,True,0.0,-0.2902757619738794,S03_WORST_MONTH_GROUP_DRO,S03_WORST_MONTH_GROUP_DRO_K2,2,True
2024-11-19,1,7815,東京ボード⼯業,0.0722949355840683,True,1.0,1.4999999999999902,S03_WORST_MONTH_GROUP_DRO,S03_WORST_MONTH_GROUP_DRO_K2,2,True
2024-11-19,2,7426,山大,0.06720689684152603,True,1.0,1.0000000000000009,S03_WORST_MONTH_GROUP_DRO,S03_WORST_MONTH_GROUP_DRO_K2,2,True
2024-11-20,1,8938,グローム・ホールディングス,0.06832939386367798,True,0.0,-2.5740025740025763,S03_WORST_MONTH_GROUP_DRO,S03_WORST_MONTH_GROUP_DRO_K2,2,True
2024-11-20,2,4073,ジィ・シィ企画,0.06156868487596512,True,0.0,0.0,S03_WORST_MONTH_GROUP_DRO,S03_WORST_MONTH_GROUP_DRO_K2,2,True
2024-11-21,1,8938,グローム・ホールディングス,0.08200525492429733,True,1.0,1.7287234042553168,S03_WORST_MONTH_GROUP_DRO,S03_WORST_MONTH_GROUP_DRO_K2,2,True
2024-11-21,2,9331,キャスター,0.06574797630310059,True,1.0,0.21459227467810482,S03_WORST_MONTH_GROUP_DRO,S03_WORST_MONTH_GROUP_DRO_K2,2,True
2024-11-22,1,8938,グローム・ホールディングス,0.08342042565345764,True,1.0,1.182654402102501,S03_WORST_MONTH_GROUP_DRO,S03_WORST_MONTH_GROUP_DRO_K2,2,True
2024-11-22,2,9331,キャスター,0.06401440501213074,True,1.0,0.10869565217390686,S03_WORST_MONTH_GROUP_DRO,S03_WORST_MONTH_GROUP_DRO_K2,2,True
2024-11-25,1,8938,グローム・ホールディングス,0.07784805446863174,True,0.0,-0.2597402597402598,S03_WORST_MONTH_GROUP_DRO,S03_WORST_MONTH_GROUP_DRO_K2,2,True
2024-11-25,2,9331,キャスター,0.07078000903129578,True,0.0,-1.3555787278415,S03_WORST_MONTH_GROUP_DRO,S03_WORST_MONTH_GROUP_DRO_K2,2,True
2024-11-26,1,4267,ライトワークス,0.08031241595745087,True,1.0,0.9708737864077666,S03_WORST_MONTH_GROUP_DRO,S03_WORST_MONTH_GROUP_DRO_K2,2,True
2024-11-26,2,4073,ジィ・シィ企画,0.06972882896661758,True,1.0,0.1697792869269854,S03_WORST_MONTH_GROUP_DRO,S03_WORST_MONTH_GROUP_DRO_K2,2,True
2024-11-27,1,4267,ライトワークス,0.06777243316173553,True,1.0,1.1650485436893288,S03_WORST_MONTH_GROUP_DRO,S03_WORST_MONTH_GROUP_DRO_K2,2,True
2024-11-27,2,9331,キャスター,0.06225544586777687,True,0.0,-2.481121898597627,S03_WORST_MONTH_GROUP_DRO,S03_WORST_MONTH_GROUP_DRO_K2,2,True
2024-11-28,1,9331,キャスター,0.06734325736761093,True,1.0,16.722037652270206,S03_WORST_MONTH_GROUP_DRO,S03_WORST_MONTH_GROUP_DRO_K2,2,True
2024-11-28,2,4267,ライトワークス,0.06343724578619003,True,1.0,1.4548981571290032,S03_WORST_MONTH_GROUP_DRO,S03_WORST_MONTH_GROUP_DRO_K2,2,True
2024-11-29,1,4073,ジィ・シィ企画,0.06594691425561905,True,1.0,1.1925042589437718,S03_WORST_MONTH_GROUP_DRO,S03_WORST_MONTH_GROUP_DRO_K2,2,True
2024-11-29,2,4424,Ａｍａｚｉａ,0.06570679694414139,True,0.0,-0.8695652173912993,S03_WORST_MONTH_GROUP_DRO,S03_WORST_MONTH_GROUP_DRO_K2,2,True
2024-12-02,1,4267,ライトワークス,0.06750358641147614,True,1.0,3.9024390243902474,S03_WORST_MONTH_GROUP_DRO,S03_WORST_MONTH_GROUP_DRO_K2,2,True
2024-12-02,2,4424,Ａｍａｚｉａ,0.060027461498975754,True,0.0,-0.5830903790087438,S03_WORST_MONTH_GROUP_DRO,S03_WORST_MONTH_GROUP_DRO_K2,2,True
2024-12-03,1,7426,山大,0.06119372323155403,True,0.0,-2.8469750889679735,S03_WORST_MONTH_GROUP_DRO,S03_WORST_MONTH_GROUP_DRO_K2,2,True
2024-12-03,2,9362,兵機海運,0.05688568949699402,True,0.0,-2.114803625377648,S03_WORST_MONTH_GROUP_DRO,S03_WORST_MONTH_GROUP_DRO_K2,2,True
2024-12-04,1,4267,ライトワークス,0.06362585723400116,True,1.0,0.5780346820809301,S03_WORST_MONTH_GROUP_DRO,S03_WORST_MONTH_GROUP_DRO_K2,2,True
2024-12-04,2,7426,山大,0.05913027375936508,True,1.0,0.27472527472527375,S03_WORST_MONTH_GROUP_DRO,S03_WORST_MONTH_GROUP_DRO_K2,2,True
2024-12-05,1,4267,ライトワークス,0.0729309692978859,True,0.0,0.0,S03_WORST_MONTH_GROUP_DRO,S03_WORST_MONTH_GROUP_DRO_K2,2,True
2024-12-05,2,4073,ジィ・シィ企画,0.06027047336101532,True,0.0,-1.5490533562822706,S03_WORST_MONTH_GROUP_DRO,S03_WORST_MONTH_GROUP_DRO_K2,2,True
2024-12-06,1,4267,ライトワークス,0.07384079694747925,True,0.0,-0.0970873786407811,S03_WORST_MONTH_GROUP_DRO,S03_WORST_MONTH_GROUP_DRO_K2,2,True
2024-12-06,2,4073,ジィ・シィ企画,0.06766234338283539,True,1.0,17.07317073170731,S03_WORST_MONTH_GROUP_DRO,S03_WORST_MONTH_GROUP_DRO_K2,2,True
2024-12-09,1,4267,ライトワークス,0.07237868756055832,True,1.0,1.4577259475218707,S03_WORST_MONTH_GROUP_DRO,S03_WORST_MONTH_GROUP_DRO_K2,2,True
2024-12-09,2,7871,フクビ化学⼯業,0.05230018496513367,True,0.0,-1.1019283746556474,S03_WORST_MONTH_GROUP_DRO,S03_WORST_MONTH_GROUP_DRO_K2,2,True
2024-12-10,1,4267,ライトワークス,0.07527686655521393,True,1.0,0.674373795761074,S03_WORST_MONTH_GROUP_DRO,S03_WORST_MONTH_GROUP_DRO_K2,2,True
2024-12-10,2,8938,グローム・ホールディングス,0.05515691637992859,True,0.0,-1.538461538461533,S03_WORST_MONTH_GROUP_DRO,S03_WORST_MONTH_GROUP_DRO_K2,2,True
2024-12-11,1,4267,ライトワークス,0.07138554751873016,True,1.0,0.4812319538017418,S03_WORST_MONTH_GROUP_DRO,S03_WORST_MONTH_GROUP_DRO_K2,2,True
2024-12-11,2,9265,ヤマシタヘルスケアホールディングス,0.06301484256982803,True,1.0,0.9296148738379806,S03_WORST_MONTH_GROUP_DRO,S03_WORST_MONTH_GROUP_DRO_K2,2,True
2024-12-12,1,4267,ライトワークス,0.06817474961280823,True,1.0,1.9361084220716362,S03_WORST_MONTH_GROUP_DRO,S03_WORST_MONTH_GROUP_DRO_K2,2,True
2024-12-12,2,6898,トミタ電機,0.059416513890028,True,0.0,-0.13464991023339756,S03_WORST_MONTH_GROUP_DRO,S03_WORST_MONTH_GROUP_DRO_K2,2,True
2024-12-13,1,6898,トミタ電機,0.054763924330472946,True,0.0,-0.27260336210813696,S03_WORST_MONTH_GROUP_DRO,S03_WORST_MONTH_GROUP_DRO_K2,2,True
2024-12-13,2,4267,ライトワークス,0.05412883684039116,True,1.0,3.879728419010675,S03_WORST_MONTH_GROUP_DRO,S03_WORST_MONTH_GROUP_DRO_K2,2,True
2024-12-16,1,9159,Ｗ ＴＯＫＹＯ,0.05939062684774399,True,0.0,-1.2820512820512775,S03_WORST_MONTH_GROUP_DRO,S03_WORST_MONTH_GROUP_DRO_K2,2,True
2024-12-16,2,6898,トミタ電機,0.056976839900016785,True,0.0,0.0,S03_WORST_MONTH_GROUP_DRO,S03_WORST_MONTH_GROUP_DRO_K2,2,True
2024-12-17,1,7345,アイ・パートナーズフィナンシャル,0.06616158038377762,True,0.0,-0.3424657534246589,S03_WORST_MONTH_GROUP_DRO,S03_WORST_MONTH_GROUP_DRO_K2,2,True
2024-12-17,2,9159,Ｗ ＴＯＫＹＯ,0.06575240939855576,True,1.0,0.6999999999999895,S03_WORST_MONTH_GROUP_DRO,S03_WORST_MONTH_GROUP_DRO_K2,2,True
2024-12-18,1,4267,ライトワークス,0.0699651911854744,True,1.0,1.4778325123152802,S03_WORST_MONTH_GROUP_DRO,S03_WORST_MONTH_GROUP_DRO_K2,2,True
2024-12-18,2,7345,アイ・パートナーズフィナンシャル,0.06212114170193672,True,1.0,2.2727272727272707,S03_WORST_MONTH_GROUP_DRO,S03_WORST_MONTH_GROUP_DRO_K2,2,True
2024-12-19,1,7345,アイ・パートナーズフィナンシャル,0.05767379701137543,True,0.0,0.0,S03_WORST_MONTH_GROUP_DRO,S03_WORST_MONTH_GROUP_DRO_K2,2,True
2024-12-19,2,9159,Ｗ ＴＯＫＹＯ,0.05431763827800751,True,1.0,0.39940089865202477,S03_WORST_MONTH_GROUP_DRO,S03_WORST_MONTH_GROUP_DRO_K2,2,True
2024-12-20,1,7345,アイ・パートナーズフィナンシャル,0.07189878821372986,True,0.0,-1.379310344827589,S03_WORST_MONTH_GROUP_DRO,S03_WORST_MONTH_GROUP_DRO_K2,2,True
2024-12-20,2,9159,Ｗ ＴＯＫＹＯ,0.05875302851200104,True,0.0,-0.24863252113376255,S03_WORST_MONTH_GROUP_DRO,S03_WORST_MONTH_GROUP_DRO_K2,2,True
2024-12-23,1,9468,ＫＡＤＯＫＡＷＡ,0.07404804229736328,True,1.0,1.2353706111833507,S03_WORST_MONTH_GROUP_DRO,S03_WORST_MONTH_GROUP_DRO_K2,2,True
2024-12-23,2,7345,アイ・パートナーズフィナンシャル,0.07315022498369217,True,1.0,3.6231884057970953,S03_WORST_MONTH_GROUP_DRO,S03_WORST_MONTH_GROUP_DRO_K2,2,True
2024-12-24,1,9159,Ｗ ＴＯＫＹＯ,0.060964569449424744,True,0.0,-1.4609571788413045,S03_WORST_MONTH_GROUP_DRO,S03_WORST_MONTH_GROUP_DRO_K2,2,True
2024-12-24,2,4267,ライトワークス,0.05655641481280327,True,1.0,0.09551098376312517,S03_WORST_MONTH_GROUP_DRO,S03_WORST_MONTH_GROUP_DRO_K2,2,True
2024-12-25,1,9159,Ｗ ＴＯＫＹＯ,0.06840881705284119,True,0.0,-3.490759753593431,S03_WORST_MONTH_GROUP_DRO,S03_WORST_MONTH_GROUP_DRO_K2,2,True
2024-12-25,2,7345,アイ・パートナーズフィナンシャル,0.06821112334728241,True,1.0,0.8960573476702427,S03_WORST_MONTH_GROUP_DRO,S03_WORST_MONTH_GROUP_DRO_K2,2,True
2024-12-26,1,9159,Ｗ ＴＯＫＹＯ,0.07071655243635178,True,0.0,-2.6687598116169498,S03_WORST_MONTH_GROUP_DRO,S03_WORST_MONTH_GROUP_DRO_K2,2,True
2024-12-26,2,7345,アイ・パートナーズフィナンシャル,0.06808120757341385,True,0.0,-1.0291595197255532,S03_WORST_MONTH_GROUP_DRO,S03_WORST_MONTH_GROUP_DRO_K2,2,True
2024-12-27,1,9159,Ｗ ＴＯＫＹＯ,0.060418568551540375,True,1.0,2.5515743756786113,S03_WORST_MONTH_GROUP_DRO,S03_WORST_MONTH_GROUP_DRO_K2,2,True
2024-12-27,2,137A,Ｃｏｃｏｌｉｖｅ,0.05639858543872833,True,1.0,0.5291005291005346,S03_WORST_MONTH_GROUP_DRO,S03_WORST_MONTH_GROUP_DRO_K2,2,True
2024-12-30,1,7634,星医療酸器,0.06430505961179733,True,0.0,0.0,S03_WORST_MONTH_GROUP_DRO,S03_WORST_MONTH_GROUP_DRO_K2,2,True
2024-12-30,2,3945,スーパーバッグ,0.060126982629299164,True,1.0,0.7480130902290716,S03_WORST_MONTH_GROUP_DRO,S03_WORST_MONTH_GROUP_DRO_K2,2,True
2025-01-06,1,5015,ビーピー・カストロール,0.0548865981400013,True,0.0,-0.6896551724137945,S03_WORST_MONTH_GROUP_DRO,S03_WORST_MONTH_GROUP_DRO_K2,2,True
2025-01-06,2,1994,高橋カーテンウォール⼯業,0.05465544015169144,True,0.0,-0.17391304347825765,S03_WORST_MONTH_GROUP_DRO,S03_WORST_MONTH_GROUP_DRO_K2,2,True
2025-01-07,1,9339,コーチ・エィ,0.05865059047937393,True,0.0,-3.4348165495706517,S03_WORST_MONTH_GROUP_DRO,S03_WORST_MONTH_GROUP_DRO_K2,2,True
2025-01-07,2,1994,高橋カーテンウォール⼯業,0.05708027258515358,True,0.0,-2.0905923344947785,S03_WORST_MONTH_GROUP_DRO,S03_WORST_MONTH_GROUP_DRO_K2,2,True
2025-01-08,1,1994,高橋カーテンウォール⼯業,0.060424622148275375,True,1.0,1.073345259391778,S03_WORST_MONTH_GROUP_DRO,S03_WORST_MONTH_GROUP_DRO_K2,2,True
2025-01-08,2,9063,岡山県貨物運送,0.05931037291884422,True,1.0,0.23825731790334537,S03_WORST_MONTH_GROUP_DRO,S03_WORST_MONTH_GROUP_DRO_K2,2,True
2025-01-09,1,2349,エヌアイデイ,0.052522942423820496,True,,,S03_WORST_MONTH_GROUP_DRO,S03_WORST_MONTH_GROUP_DRO_K2,2,False
2025-01-09,2,8040,東京ソワール,0.05020420253276825,True,0.0,-0.3968253968253954,S03_WORST_MONTH_GROUP_DRO,S03_WORST_MONTH_GROUP_DRO_K2,2,True
2025-01-10,1,7730,マニー,0.047277599573135376,True,0.0,-2.0689655172413834,S03_WORST_MONTH_GROUP_DRO,S03_WORST_MONTH_GROUP_DRO_K2,2,True
2025-01-10,2,2349,エヌアイデイ,0.04696059972047806,True,0.0,0.0,S03_WORST_MONTH_GROUP_DRO,S03_WORST_MONTH_GROUP_DRO_K2,2,True
2025-01-14,1,9339,コーチ・エィ,0.04380495101213455,True,0.0,-1.7470881863560717,S03_WORST_MONTH_GROUP_DRO,S03_WORST_MONTH_GROUP_DRO_K2,2,True
2025-01-14,2,9063,岡山県貨物運送,0.04147050902247429,True,0.0,-0.272572402044291,S03_WORST_MONTH_GROUP_DRO,S03_WORST_MONTH_GROUP_DRO_K2,2,True
2025-01-15,1,9355,リンコーコーポレーション,0.05195789411664009,True,0.0,-1.1571254567600442,S03_WORST_MONTH_GROUP_DRO,S03_WORST_MONTH_GROUP_DRO_K2,2,True
2025-01-15,2,4735,京進,0.04607020691037178,True,0.0,-0.7853403141361293,S03_WORST_MONTH_GROUP_DRO,S03_WORST_MONTH_GROUP_DRO_K2,2,True
2025-01-16,1,4429,リックソフト,0.06762177497148514,True,0.0,-4.30622009569378,S03_WORST_MONTH_GROUP_DRO,S03_WORST_MONTH_GROUP_DRO_K2,2,True
2025-01-16,2,9241,フューチャーリンクネットワーク,0.06591043621301651,True,1.0,4.906333630686888,S03_WORST_MONTH_GROUP_DRO,S03_WORST_MONTH_GROUP_DRO_K2,2,True
2025-01-17,1,9250,ＧＲＣＳ,0.058455854654312134,True,0.0,-0.5751258087706712,S03_WORST_MONTH_GROUP_DRO,S03_WORST_MONTH_GROUP_DRO_K2,2,True
2025-01-17,2,3912,モバイルファクトリー,0.04567939043045044,True,0.0,-0.3296703296703285,S03_WORST_MONTH_GROUP_DRO,S03_WORST_MONTH_GROUP_DRO_K2,2,True
2025-01-20,1,9250,ＧＲＣＳ,0.049799978733062744,True,1.0,0.14388489208632116,S03_WORST_MONTH_GROUP_DRO,S03_WORST_MONTH_GROUP_DRO_K2,2,True
2025-01-20,2,9241,フューチャーリンクネットワーク,0.04815200716257095,True,1.0,2.305721605465405,S03_WORST_MONTH_GROUP_DRO,S03_WORST_MONTH_GROUP_DRO_K2,2,True
2025-01-21,1,9362,兵機海運,0.057314250618219376,True,0.0,0.0,S03_WORST_MONTH_GROUP_DRO,S03_WORST_MONTH_GROUP_DRO_K2,2,True
2025-01-21,2,7064,ハウテレビジョン,0.05519390106201172,True,,,S03_WORST_MONTH_GROUP_DRO,S03_WORST_MONTH_GROUP_DRO_K2,2,False
2025-01-22,1,7064,ハウテレビジョン,0.07334686070680618,True,0.0,-0.7240204429301511,S03_WORST_MONTH_GROUP_DRO,S03_WORST_MONTH_GROUP_DRO_K2,2,True
2025-01-22,2,7036,イーエムネットジャパン,0.05376894026994705,True,,,S03_WORST_MONTH_GROUP_DRO,S03_WORST_MONTH_GROUP_DRO_K2,2,False
2025-01-23,1,7036,イーエムネットジャパン,0.07553951442241669,True,0.0,-1.413043478260867,S03_WORST_MONTH_GROUP_DRO,S03_WORST_MONTH_GROUP_DRO_K2,2,True
2025-01-23,2,3238,セントラル総合開発,0.06982116401195526,True,1.0,0.42105263157894424,S03_WORST_MONTH_GROUP_DRO,S03_WORST_MONTH_GROUP_DRO_K2,2,True
2025-01-24,1,7064,ハウテレビジョン,0.06904377043247223,True,0.0,-0.6479481641468721,S03_WORST_MONTH_GROUP_DRO,S03_WORST_MONTH_GROUP_DRO_K2,2,True
2025-01-24,2,7036,イーエムネットジャパン,0.062365468591451645,True,0.0,-0.10845986984815426,S03_WORST_MONTH_GROUP_DRO,S03_WORST_MONTH_GROUP_DRO_K2,2,True
2025-01-27,1,7064,ハウテレビジョン,0.06882848590612411,True,0.0,-0.6938421509106729,S03_WORST_MONTH_GROUP_DRO,S03_WORST_MONTH_GROUP_DRO_K2,2,True
2025-01-27,2,3238,セントラル総合開発,0.06761391460895538,True,0.0,-0.42105263157894424,S03_WORST_MONTH_GROUP_DRO,S03_WORST_MONTH_GROUP_DRO_K2,2,True
2025-01-28,1,8066,三⾕商事,0.06888920813798904,True,1.0,1.1657374556512945,S03_WORST_MONTH_GROUP_DRO,S03_WORST_MONTH_GROUP_DRO_K2,2,True
2025-01-28,2,7064,ハウテレビジョン,0.06432652473449707,True,0.0,-0.8639308855291628,S03_WORST_MONTH_GROUP_DRO,S03_WORST_MONTH_GROUP_DRO_K2,2,True
2025-01-29,1,3238,セントラル総合開発,0.06804735958576202,True,1.0,0.2123142250530785,S03_WORST_MONTH_GROUP_DRO,S03_WORST_MONTH_GROUP_DRO_K2,2,True
2025-01-29,2,2806,ユタカフーズ,0.060113418847322464,True,0.0,-1.0965837199493844,S03_WORST_MONTH_GROUP_DRO,S03_WORST_MONTH_GROUP_DRO_K2,2,True
2025-01-30,1,8066,三⾕商事,0.07231219112873077,True,1.0,1.2506513809275699,S03_WORST_MONTH_GROUP_DRO,S03_WORST_MONTH_GROUP_DRO_K2,2,True
2025-01-30,2,3238,セントラル総合開発,0.060790423303842545,True,1.0,0.6382978723404209,S03_WORST_MONTH_GROUP_DRO,S03_WORST_MONTH_GROUP_DRO_K2,2,True
2025-01-31,1,9265,ヤマシタヘルスケアホールディングス,0.06460285186767578,True,1.0,0.9726725335803543,S03_WORST_MONTH_GROUP_DRO,S03_WORST_MONTH_GROUP_DRO_K2,2,True
2025-01-31,2,6654,不二電機⼯業,0.06009126082062721,True,1.0,0.3802281368821214,S03_WORST_MONTH_GROUP_DRO,S03_WORST_MONTH_GROUP_DRO_K2,2,True
2025-02-03,1,3238,セントラル総合開発,0.05895696207880974,True,1.0,0.42553191489360653,S03_WORST_MONTH_GROUP_DRO,S03_WORST_MONTH_GROUP_DRO_K2,2,True
2025-02-03,2,4380,Ｍマート,0.055239640176296234,True,1.0,1.5440508628519423,S03_WORST_MONTH_GROUP_DRO,S03_WORST_MONTH_GROUP_DRO_K2,2,True
2025-02-04,1,4424,Ａｍａｚｉａ,0.06631787866353989,True,1.0,0.6514657980456029,S03_WORST_MONTH_GROUP_DRO,S03_WORST_MONTH_GROUP_DRO_K2,2,True
2025-02-04,2,2282,日本ハム,0.05762180685997009,True,0.0,-1.7699115044247815,S03_WORST_MONTH_GROUP_DRO,S03_WORST_MONTH_GROUP_DRO_K2,2,True
2025-02-05,1,4380,Ｍマート,0.05700146034359932,True,1.0,0.43859649122806044,S03_WORST_MONTH_GROUP_DRO,S03_WORST_MONTH_GROUP_DRO_K2,2,True
2025-02-05,2,4424,Ａｍａｚｉａ,0.04990144073963165,True,0.0,-0.9740259740259716,S03_WORST_MONTH_GROUP_DRO,S03_WORST_MONTH_GROUP_DRO_K2,2,True
2025-02-06,1,4424,Ａｍａｚｉａ,0.05274173617362976,True,0.0,0.0,S03_WORST_MONTH_GROUP_DRO,S03_WORST_MONTH_GROUP_DRO_K2,2,True
2025-02-06,2,3238,セントラル総合開発,0.05151648074388504,True,1.0,0.8547008547008517,S03_WORST_MONTH_GROUP_DRO,S03_WORST_MONTH_GROUP_DRO_K2,2,True
2025-02-07,1,6193,バーチャレクス・ホールディングス,0.06870905309915543,True,0.0,0.0,S03_WORST_MONTH_GROUP_DRO,S03_WORST_MONTH_GROUP_DRO_K2,2,True
2025-02-07,2,4424,Ａｍａｚｉａ,0.05345883592963219,True,1.0,7.641196013289031,S03_WORST_MONTH_GROUP_DRO,S03_WORST_MONTH_GROUP_DRO_K2,2,True
2025-02-10,1,9246,プロジェクトホールディングス,0.05162354186177254,True,1.0,1.388888888888884,S03_WORST_MONTH_GROUP_DRO,S03_WORST_MONTH_GROUP_DRO_K2,2,True
2025-02-10,2,3480,ジェイ・エス・ビー,0.049408696591854095,True,1.0,1.4802631578947345,S03_WORST_MONTH_GROUP_DRO,S03_WORST_MONTH_GROUP_DRO_K2,2,True
2025-02-12,1,4783,ＮＣＤ,0.062023453414440155,True,1.0,1.0204081632652962,S03_WORST_MONTH_GROUP_DRO,S03_WORST_MONTH_GROUP_DRO_K2,2,True
2025-02-12,2,3674,オークファン,0.05526219680905342,True,0.0,-0.2564102564102555,S03_WORST_MONTH_GROUP_DRO,S03_WORST_MONTH_GROUP_DRO_K2,2,True
2025-02-13,1,7043,アルー,0.0688406229019165,True,1.0,4.813664596273282,S03_WORST_MONTH_GROUP_DRO,S03_WORST_MONTH_GROUP_DRO_K2,2,True
2025-02-13,2,7938,リーガルコーポレーション,0.06538417935371399,True,0.0,-0.19638648860957897,S03_WORST_MONTH_GROUP_DRO,S03_WORST_MONTH_GROUP_DRO_K2,2,True
2025-02-14,1,3674,オークファン,0.06630399078130722,True,1.0,0.7894736842105177,S03_WORST_MONTH_GROUP_DRO,S03_WORST_MONTH_GROUP_DRO_K2,2,True
2025-02-14,2,2120,ＬＩＦＵＬＬ,0.06500858813524246,True,1.0,1.1111111111111072,S03_WORST_MONTH_GROUP_DRO,S03_WORST_MONTH_GROUP_DRO_K2,2,True
2025-02-17,1,7938,リーガルコーポレーション,0.058887552469968796,True,1.0,1.455721795390219,S03_WORST_MONTH_GROUP_DRO,S03_WORST_MONTH_GROUP_DRO_K2,2,True
2025-02-17,2,7043,アルー,0.0552203394472599,True,1.0,1.8209408194233667,S03_WORST_MONTH_GROUP_DRO,S03_WORST_MONTH_GROUP_DRO_K2,2,True
2025-02-18,1,3674,オークファン,0.05864236503839493,True,1.0,0.2702702702702675,S03_WORST_MONTH_GROUP_DRO,S03_WORST_MONTH_GROUP_DRO_K2,2,True
2025-02-18,2,3238,セントラル総合開発,0.057350363582372665,True,1.0,1.0845986984815648,S03_WORST_MONTH_GROUP_DRO,S03_WORST_MONTH_GROUP_DRO_K2,2,True
2025-02-19,1,7043,アルー,0.05600113049149513,True,1.0,2.84005979073243,S03_WORST_MONTH_GROUP_DRO,S03_WORST_MONTH_GROUP_DRO_K2,2,True
2025-02-19,2,7938,リーガルコーポレーション,0.05592676252126694,True,0.0,-0.1602564102564097,S03_WORST_MONTH_GROUP_DRO,S03_WORST_MONTH_GROUP_DRO_K2,2,True
2025-02-20,1,4690,日本パレットプール,0.059560373425483704,True,1.0,0.06784260515604323,S03_WORST_MONTH_GROUP_DRO,S03_WORST_MONTH_GROUP_DRO_K2,2,True
2025-02-20,2,9214,Ｒｅｃｏｖｅｒｙ Ｉｎｔｅｒｎａｔｉｏｎａｌ,0.0552709735929966,True,1.0,0.14936519790889058,S03_WORST_MONTH_GROUP_DRO,S03_WORST_MONTH_GROUP_DRO_K2,2,True
2025-02-21,1,9244,デジタリフト,0.05613706633448601,True,,,S03_WORST_MONTH_GROUP_DRO,S03_WORST_MONTH_GROUP_DRO_K2,2,False
2025-02-21,2,6574,コンヴァノ,0.04943805932998657,True,1.0,4.023926046764537,S03_WORST_MONTH_GROUP_DRO,S03_WORST_MONTH_GROUP_DRO_K2,2,True
2025-02-25,1,9244,デジタリフト,0.0651225820183754,True,0.0,-0.2645502645502673,S03_WORST_MONTH_GROUP_DRO,S03_WORST_MONTH_GROUP_DRO_K2,2,True
2025-02-25,2,6193,バーチャレクス・ホールディングス,0.05390013009309769,True,1.0,3.1446540880503138,S03_WORST_MONTH_GROUP_DRO,S03_WORST_MONTH_GROUP_DRO_K2,2,True
2025-02-26,1,7746,岡本硝子,0.05558273568749428,True,0.0,-1.7241379310344862,S03_WORST_MONTH_GROUP_DRO,S03_WORST_MONTH_GROUP_DRO_K2,2,True
2025-02-26,2,9244,デジタリフト,0.054985299706459045,True,1.0,1.5978695073235683,S03_WORST_MONTH_GROUP_DRO,S03_WORST_MONTH_GROUP_DRO_K2,2,True
2025-02-27,1,8995,誠建設⼯業,0.06133716553449631,True,0.0,0.0,S03_WORST_MONTH_GROUP_DRO,S03_WORST_MONTH_GROUP_DRO_K2,2,True
2025-02-27,2,3359,ｃｏｔｔａ,0.052575428038835526,True,0.0,0.0,S03_WORST_MONTH_GROUP_DRO,S03_WORST_MONTH_GROUP_DRO_K2,2,True
2025-02-28,1,2747,北雄ラッキー,0.067629374563694,True,1.0,1.5703307718008652,S03_WORST_MONTH_GROUP_DRO,S03_WORST_MONTH_GROUP_DRO_K2,2,True
2025-02-28,2,2300,きょくとう,0.06275004148483276,True,1.0,0.20366598778003286,S03_WORST_MONTH_GROUP_DRO,S03_WORST_MONTH_GROUP_DRO_K2,2,True
2025-03-03,1,3844,コムチュア,0.05657310038805008,True,0.0,0.0,S03_WORST_MONTH_GROUP_DRO,S03_WORST_MONTH_GROUP_DRO_K2,2,True
2025-03-03,2,9250,ＧＲＣＳ,0.056443776935338974,True,1.0,1.77646188008882,S03_WORST_MONTH_GROUP_DRO,S03_WORST_MONTH_GROUP_DRO_K2,2,True
2025-03-04,1,2747,北雄ラッキー,0.05467284843325615,True,0.0,-0.16744809109175973,S03_WORST_MONTH_GROUP_DRO,S03_WORST_MONTH_GROUP_DRO_K2,2,True
2025-03-04,2,3490,アズ企画設計,0.05375039950013161,True,0.0,-0.8779264214046845,S03_WORST_MONTH_GROUP_DRO,S03_WORST_MONTH_GROUP_DRO_K2,2,True
2025-03-05,1,2300,きょくとう,0.054410170763731,True,0.0,-1.0040160642570295,S03_WORST_MONTH_GROUP_DRO,S03_WORST_MONTH_GROUP_DRO_K2,2,True
2025-03-05,2,3490,アズ企画設計,0.05422135069966316,True,1.0,1.2231126107127732,S03_WORST_MONTH_GROUP_DRO,S03_WORST_MONTH_GROUP_DRO_K2,2,True
2025-03-06,1,7634,星医療酸器,0.05848284810781479,True,1.0,0.8111239860950192,S03_WORST_MONTH_GROUP_DRO,S03_WORST_MONTH_GROUP_DRO_K2,2,True
2025-03-06,2,4356,応用技術,0.05670054256916046,True,1.0,0.974658869395717,S03_WORST_MONTH_GROUP_DRO,S03_WORST_MONTH_GROUP_DRO_K2,2,True
2025-03-07,1,7345,アイ・パートナーズフィナンシャル,0.0812535285949707,True,,,S03_WORST_MONTH_GROUP_DRO,S03_WORST_MONTH_GROUP_DRO_K2,2,False
2025-03-07,2,4356,応用技術,0.05255541577935219,True,1.0,0.45045045045044585,S03_WORST_MONTH_GROUP_DRO,S03_WORST_MONTH_GROUP_DRO_K2,2,True
2025-03-10,1,7345,アイ・パートナーズフィナンシャル,0.07553746551275253,True,0.0,-1.1589403973509937,S03_WORST_MONTH_GROUP_DRO,S03_WORST_MONTH_GROUP_DRO_K2,2,True
2025-03-10,2,7036,イーエムネットジャパン,0.06519206613302231,True,1.0,3.4445640473627526,S03_WORST_MONTH_GROUP_DRO,S03_WORST_MONTH_GROUP_DRO_K2,2,True
2025-03-11,1,7345,アイ・パートナーズフィナンシャル,0.08276096731424332,True,1.0,0.6666666666666599,S03_WORST_MONTH_GROUP_DRO,S03_WORST_MONTH_GROUP_DRO_K2,2,True
2025-03-11,2,9312,ケイヒン,0.052875686436891556,True,0.0,-0.862440707201384,S03_WORST_MONTH_GROUP_DRO,S03_WORST_MONTH_GROUP_DRO_K2,2,True
2025-03-12,1,7345,アイ・パートナーズフィナンシャル,0.06334339082241058,True,0.0,0.0,S03_WORST_MONTH_GROUP_DRO,S03_WORST_MONTH_GROUP_DRO_K2,2,True
2025-03-12,2,4057,インターファクトリー,0.060774870216846466,True,1.0,0.6410256410256387,S03_WORST_MONTH_GROUP_DRO,S03_WORST_MONTH_GROUP_DRO_K2,2,True
2025-03-13,1,7345,アイ・パートナーズフィナンシャル,0.07289930433034897,True,1.0,1.683501683501687,S03_WORST_MONTH_GROUP_DRO,S03_WORST_MONTH_GROUP_DRO_K2,2,True
2025-03-13,2,4057,インターファクトリー,0.06112402305006981,True,1.0,1.9027484143763207,S03_WORST_MONTH_GROUP_DRO,S03_WORST_MONTH_GROUP_DRO_K2,2,True
2025-03-14,1,7345,アイ・パートナーズフィナンシャル,0.07099754363298416,True,0.0,-1.4657980456026065,S03_WORST_MONTH_GROUP_DRO,S03_WORST_MONTH_GROUP_DRO_K2,2,True
2025-03-14,2,6193,バーチャレクス・ホールディングス,0.059364814311265945,True,1.0,3.125,S03_WORST_MONTH_GROUP_DRO,S03_WORST_MONTH_GROUP_DRO_K2,2,True
2025-03-17,1,7345,アイ・パートナーズフィナンシャル,0.060771673917770386,True,0.0,-8.910891089108908,S03_WORST_MONTH_GROUP_DRO,S03_WORST_MONTH_GROUP_DRO_K2,2,True
2025-03-17,2,8139,ナガホリ,0.05759544298052788,True,0.0,-0.785153461812993,S03_WORST_MONTH_GROUP_DRO,S03_WORST_MONTH_GROUP_DRO_K2,2,True
2025-03-18,1,7345,アイ・パートナーズフィナンシャル,0.08352140337228775,True,0.0,-1.7793594306049876,S03_WORST_MONTH_GROUP_DRO,S03_WORST_MONTH_GROUP_DRO_K2,2,True
2025-03-18,2,7036,イーエムネットジャパン,0.06233188137412071,True,0.0,-0.5376344086021501,S03_WORST_MONTH_GROUP_DRO,S03_WORST_MONTH_GROUP_DRO_K2,2,True
2025-03-19,1,7036,イーエムネットジャパン,0.06848303973674774,True,1.0,1.0928961748633892,S03_WORST_MONTH_GROUP_DRO,S03_WORST_MONTH_GROUP_DRO_K2,2,True
2025-03-19,2,184A,学びエイド,0.06634222716093063,True,0.0,-1.4778325123152691,S03_WORST_MONTH_GROUP_DRO,S03_WORST_MONTH_GROUP_DRO_K2,2,True
2025-03-21,1,5277,スパンクリートコーポレーション,0.07114587724208832,True,0.0,-0.22421524663677195,S03_WORST_MONTH_GROUP_DRO,S03_WORST_MONTH_GROUP_DRO_K2,2,True
2025-03-21,2,7036,イーエムネットジャパン,0.065850630402565,True,1.0,3.598691384950925,S03_WORST_MONTH_GROUP_DRO,S03_WORST_MONTH_GROUP_DRO_K2,2,True
2025-03-24,1,5277,スパンクリートコーポレーション,0.07794217020273209,True,1.0,0.22421524663676085,S03_WORST_MONTH_GROUP_DRO,S03_WORST_MONTH_GROUP_DRO_K2,2,True
2025-03-24,2,4356,応用技術,0.06834034621715546,True,0.0,-0.25889967637540146,S03_WORST_MONTH_GROUP_DRO,S03_WORST_MONTH_GROUP_DRO_K2,2,True
2025-03-25,1,5277,スパンクリートコーポレーション,0.07604659348726273,True,0.0,-0.22371364653244186,S03_WORST_MONTH_GROUP_DRO,S03_WORST_MONTH_GROUP_DRO_K2,2,True
2025-03-25,2,7036,イーエムネットジャパン,0.07231893390417099,True,0.0,-1.5135135135135092,S03_WORST_MONTH_GROUP_DRO,S03_WORST_MONTH_GROUP_DRO_K2,2,True
2025-03-26,1,5277,スパンクリートコーポレーション,0.07834438979625702,True,1.0,0.4474272930648837,S03_WORST_MONTH_GROUP_DRO,S03_WORST_MONTH_GROUP_DRO_K2,2,True
2025-03-26,2,4356,応用技術,0.06898616254329681,True,0.0,-0.1306335728282204,S03_WORST_MONTH_GROUP_DRO,S03_WORST_MONTH_GROUP_DRO_K2,2,True
2025-03-27,1,5277,スパンクリートコーポレーション,0.07159581780433655,True,1.0,0.44642857142858094,S03_WORST_MONTH_GROUP_DRO,S03_WORST_MONTH_GROUP_DRO_K2,2,True
2025-03-27,2,4356,応用技術,0.06690773367881775,True,0.0,-0.2614379084967311,S03_WORST_MONTH_GROUP_DRO,S03_WORST_MONTH_GROUP_DRO_K2,2,True
2025-03-28,1,5277,スパンクリートコーポレーション,0.07286788523197174,True,1.0,0.6696428571428603,S03_WORST_MONTH_GROUP_DRO,S03_WORST_MONTH_GROUP_DRO_K2,2,True
2025-03-28,2,4356,応用技術,0.0639246478676796,True,1.0,0.1310615989515096,S03_WORST_MONTH_GROUP_DRO,S03_WORST_MONTH_GROUP_DRO_K2,2,True
2025-03-31,1,3096,オーシャンシステム,0.06717515736818314,True,0.0,-0.08576329331045907,S03_WORST_MONTH_GROUP_DRO,S03_WORST_MONTH_GROUP_DRO_K2,2,True
2025-03-31,2,2332,クエスト,0.06560557335615158,True,1.0,0.5307050796057533,S03_WORST_MONTH_GROUP_DRO,S03_WORST_MONTH_GROUP_DRO_K2,2,True
2025-04-01,1,6238,フリュー,0.0626036673784256,True,1.0,0.10256410256410664,S03_WORST_MONTH_GROUP_DRO,S03_WORST_MONTH_GROUP_DRO_K2,2,True
2025-04-01,2,2332,クエスト,0.062282100319862366,True,0.0,-0.3016591251885359,S03_WORST_MONTH_GROUP_DRO,S03_WORST_MONTH_GROUP_DRO_K2,2,True
2025-04-02,1,7318,セレンディップ・ホールディングス,0.06268642842769623,True,0.0,-0.9044657998869443,S03_WORST_MONTH_GROUP_DRO,S03_WORST_MONTH_GROUP_DRO_K2,2,True
2025-04-02,2,9767,日建⼯学,0.059020526707172394,True,0.0,-1.3138686131386912,S03_WORST_MONTH_GROUP_DRO,S03_WORST_MONTH_GROUP_DRO_K2,2,True
2025-04-03,1,7638,ＮＥＷ ＡＲＴ ＨＯＬＤＩＮＧＳ,0.060833364725112915,True,1.0,2.024922118380057,S03_WORST_MONTH_GROUP_DRO,S03_WORST_MONTH_GROUP_DRO_K2,2,True
2025-04-03,2,3766,システムズ・デザイン,0.05920252203941345,True,0.0,-1.1178861788617933,S03_WORST_MONTH_GROUP_DRO,S03_WORST_MONTH_GROUP_DRO_K2,2,True
2025-04-04,1,7036,イーエムネットジャパン,0.06187483295798302,True,0.0,-15.48022598870057,S03_WORST_MONTH_GROUP_DRO,S03_WORST_MONTH_GROUP_DRO_K2,2,True
2025-04-04,2,2332,クエスト,0.058855365961790085,True,0.0,-0.8000000000000007,S03_WORST_MONTH_GROUP_DRO,S03_WORST_MONTH_GROUP_DRO_K2,2,True
2025-04-07,1,7036,イーエムネットジャパン,0.08119223266839981,True,0.0,-8.115942028985511,S03_WORST_MONTH_GROUP_DRO,S03_WORST_MONTH_GROUP_DRO_K2,2,True
2025-04-07,2,9685,ＫＹＣＯＭホールディングス,0.07423479855060577,True,1.0,2.982107355864816,S03_WORST_MONTH_GROUP_DRO,S03_WORST_MONTH_GROUP_DRO_K2,2,True
2025-04-08,1,7375,リファインバースグループ,0.07203304767608643,True,0.0,-4.444444444444439,S03_WORST_MONTH_GROUP_DRO,S03_WORST_MONTH_GROUP_DRO_K2,2,True
2025-04-08,2,168A,イタミアート,0.06867779791355133,True,1.0,7.466340269277838,S03_WORST_MONTH_GROUP_DRO,S03_WORST_MONTH_GROUP_DRO_K2,2,True
2025-04-09,1,5277,スパンクリートコーポレーション,0.05560516193509102,True,0.0,0.0,S03_WORST_MONTH_GROUP_DRO,S03_WORST_MONTH_GROUP_DRO_K2,2,True
2025-04-09,2,9165,クオルテック,0.054223597049713135,True,0.0,-6.625980819529209,S03_WORST_MONTH_GROUP_DRO,S03_WORST_MONTH_GROUP_DRO_K2,2,True
2025-04-10,1,9165,クオルテック,0.06550241261720657,True,0.0,-6.797706797706793,S03_WORST_MONTH_GROUP_DRO,S03_WORST_MONTH_GROUP_DRO_K2,2,True
2025-04-10,2,4270,ＢｅｅＸ,0.06351889669895172,True,0.0,-4.2060085836909895,S03_WORST_MONTH_GROUP_DRO,S03_WORST_MONTH_GROUP_DRO_K2,2,True
2025-04-11,1,5619,マーソ,0.0654786080121994,True,1.0,0.4410143329658167,S03_WORST_MONTH_GROUP_DRO,S03_WORST_MONTH_GROUP_DRO_K2,2,True
2025-04-11,2,7878,光・彩,0.05847404897212982,True,0.0,-5.1724137931034475,S03_WORST_MONTH_GROUP_DRO,S03_WORST_MONTH_GROUP_DRO_K2,2,True
2025-04-14,1,9913,日邦産業,0.06889115273952484,True,1.0,2.1798365122615904,S03_WORST_MONTH_GROUP_DRO,S03_WORST_MONTH_GROUP_DRO_K2,2,True
2025-04-14,2,7043,アルー,0.06466832011938095,True,1.0,2.2222222222222143,S03_WORST_MONTH_GROUP_DRO,S03_WORST_MONTH_GROUP_DRO_K2,2,True
2025-04-15,1,3986,ビーブレイクシステムズ,0.09757447987794876,True,1.0,0.20964360587001352,S03_WORST_MONTH_GROUP_DRO,S03_WORST_MONTH_GROUP_DRO_K2,2,True
2025-04-15,2,7043,アルー,0.07732227444648743,True,1.0,1.4684287812041008,S03_WORST_MONTH_GROUP_DRO,S03_WORST_MONTH_GROUP_DRO_K2,2,True
2025-04-16,1,3986,ビーブレイクシステムズ,0.08735716342926025,True,,,S03_WORST_MONTH_GROUP_DRO,S03_WORST_MONTH_GROUP_DRO_K2,2,False
2025-04-16,2,5277,スパンクリートコーポレーション,0.07654610276222229,True,0.0,-0.22123893805309214,S03_WORST_MONTH_GROUP_DRO,S03_WORST_MONTH_GROUP_DRO_K2,2,True
2025-04-17,1,3986,ビーブレイクシステムズ,0.09850266575813293,True,0.0,-2.0689655172413834,S03_WORST_MONTH_GROUP_DRO,S03_WORST_MONTH_GROUP_DRO_K2,2,True
2025-04-17,2,7043,アルー,0.0772482305765152,True,0.0,-0.5772005772005762,S03_WORST_MONTH_GROUP_DRO,S03_WORST_MONTH_GROUP_DRO_K2,2,True
2025-04-18,1,9767,日建⼯学,0.08139079064130783,True,1.0,2.095808383233533,S03_WORST_MONTH_GROUP_DRO,S03_WORST_MONTH_GROUP_DRO_K2,2,True
2025-04-18,2,3986,ビーブレイクシステムズ,0.07972618192434311,True,1.0,1.0563380281690238,S03_WORST_MONTH_GROUP_DRO,S03_WORST_MONTH_GROUP_DRO_K2,2,True
2025-04-21,1,9244,デジタリフト,0.07445768266916275,True,1.0,2.8449502133712556,S03_WORST_MONTH_GROUP_DRO,S03_WORST_MONTH_GROUP_DRO_K2,2,True
2025-04-21,2,3986,ビーブレイクシステムズ,0.07391247898340225,True,0.0,-1.7796030116358663,S03_WORST_MONTH_GROUP_DRO,S03_WORST_MONTH_GROUP_DRO_K2,2,True
2025-04-22,1,5945,天龍製鋸,0.07464628666639328,True,,,S03_WORST_MONTH_GROUP_DRO,S03_WORST_MONTH_GROUP_DRO_K2,2,False
2025-04-22,2,7043,アルー,0.07294207066297531,True,1.0,1.3157894736842035,S03_WORST_MONTH_GROUP_DRO,S03_WORST_MONTH_GROUP_DRO_K2,2,True
2025-04-23,1,5945,天龍製鋸,0.0875043198466301,True,0.0,0.0,S03_WORST_MONTH_GROUP_DRO,S03_WORST_MONTH_GROUP_DRO_K2,2,True
2025-04-23,2,9767,日建⼯学,0.07484278827905655,True,1.0,2.2058823529411686,S03_WORST_MONTH_GROUP_DRO,S03_WORST_MONTH_GROUP_DRO_K2,2,True
2025-04-24,1,9691,両毛システムズ,0.08022084087133408,True,1.0,2.8901734104046284,S03_WORST_MONTH_GROUP_DRO,S03_WORST_MONTH_GROUP_DRO_K2,2,True
2025-04-24,2,7043,アルー,0.0793139785528183,True,1.0,0.5788712011577379,S03_WORST_MONTH_GROUP_DRO,S03_WORST_MONTH_GROUP_DRO_K2,2,True
2025-04-25,1,7043,アルー,0.07516439259052277,True,1.0,0.1436781609195359,S03_WORST_MONTH_GROUP_DRO,S03_WORST_MONTH_GROUP_DRO_K2,2,True
2025-04-25,2,5619,マーソ,0.07348395138978958,True,1.0,3.6263736263736357,S03_WORST_MONTH_GROUP_DRO,S03_WORST_MONTH_GROUP_DRO_K2,2,True
2025-04-28,1,7043,アルー,0.07154134660959244,True,0.0,-0.43041606886656814,S03_WORST_MONTH_GROUP_DRO,S03_WORST_MONTH_GROUP_DRO_K2,2,True
2025-04-28,2,5945,天龍製鋸,0.0631478950381279,True,1.0,0.32804811372335596,S03_WORST_MONTH_GROUP_DRO,S03_WORST_MONTH_GROUP_DRO_K2,2,True
2025-04-30,1,9767,日建⼯学,0.0786530002951622,True,0.0,0.0,S03_WORST_MONTH_GROUP_DRO,S03_WORST_MONTH_GROUP_DRO_K2,2,True
2025-04-30,2,7043,アルー,0.07629062235355377,True,1.0,0.14409221902016434,S03_WORST_MONTH_GROUP_DRO,S03_WORST_MONTH_GROUP_DRO_K2,2,True
2025-05-01,1,7043,アルー,0.07273515313863754,True,1.0,0.2877697841726645,S03_WORST_MONTH_GROUP_DRO,S03_WORST_MONTH_GROUP_DRO_K2,2,True
2025-05-01,2,5619,マーソ,0.07004016637802124,True,1.0,1.7410228509249226,S03_WORST_MONTH_GROUP_DRO,S03_WORST_MONTH_GROUP_DRO_K2,2,True
2025-05-02,1,6034,ＭＲＴ,0.07487231492996216,True,1.0,0.8968609865470878,S03_WORST_MONTH_GROUP_DRO,S03_WORST_MONTH_GROUP_DRO_K2,2,True
2025-05-02,2,7043,アルー,0.06639156490564346,True,0.0,-0.1436781609195359,S03_WORST_MONTH_GROUP_DRO,S03_WORST_MONTH_GROUP_DRO_K2,2,True
2025-05-07,1,6034,ＭＲＴ,0.07658637315034866,True,1.0,2.6666666666666616,S03_WORST_MONTH_GROUP_DRO,S03_WORST_MONTH_GROUP_DRO_K2,2,True
2025-05-07,2,7345,アイ・パートナーズフィナンシャル,0.06998466700315475,True,1.0,0.8802816901408494,S03_WORST_MONTH_GROUP_DRO,S03_WORST_MONTH_GROUP_DRO_K2,2,True
2025-05-08,1,7345,アイ・パートナーズフィナンシャル,0.06848738342523575,True,1.0,1.243339253996445,S03_WORST_MONTH_GROUP_DRO,S03_WORST_MONTH_GROUP_DRO_K2,2,True
2025-05-08,2,6034,ＭＲＴ,0.0671454444527626,True,0.0,-0.14492753623188692,S03_WORST_MONTH_GROUP_DRO,S03_WORST_MONTH_GROUP_DRO_K2,2,True
2025-05-09,1,7345,アイ・パートナーズフィナンシャル,0.06915228068828583,True,0.0,-0.5357142857142838,S03_WORST_MONTH_GROUP_DRO,S03_WORST_MONTH_GROUP_DRO_K2,2,True
2025-05-09,2,6034,ＭＲＴ,0.06368371844291687,True,1.0,0.8759124087591275,S03_WORST_MONTH_GROUP_DRO,S03_WORST_MONTH_GROUP_DRO_K2,2,True
2025-05-12,1,7345,アイ・パートナーズフィナンシャル,0.08324602991342545,True,1.0,1.6042780748663166,S03_WORST_MONTH_GROUP_DRO,S03_WORST_MONTH_GROUP_DRO_K2,2,True
2025-05-12,2,6034,ＭＲＴ,0.06368015706539154,True,1.0,0.14471780028944004,S03_WORST_MONTH_GROUP_DRO,S03_WORST_MONTH_GROUP_DRO_K2,2,True
2025-05-13,1,7345,アイ・パートナーズフィナンシャル,0.07727641612291336,True,0.0,-1.0714285714285676,S03_WORST_MONTH_GROUP_DRO,S03_WORST_MONTH_GROUP_DRO_K2,2,True
2025-05-13,2,7036,イーエムネットジャパン,0.060356125235557556,True,1.0,0.628140703517599,S03_WORST_MONTH_GROUP_DRO,S03_WORST_MONTH_GROUP_DRO_K2,2,True
2025-05-14,1,7345,アイ・パートナーズフィナンシャル,0.08939417451620102,True,1.0,3.392857142857153,S03_WORST_MONTH_GROUP_DRO,S03_WORST_MONTH_GROUP_DRO_K2,2,True
2025-05-14,2,1898,世紀東急⼯業,0.0677010789513588,True,0.0,-1.261387526278912,S03_WORST_MONTH_GROUP_DRO,S03_WORST_MONTH_GROUP_DRO_K2,2,True
2025-05-15,1,4069,ＢｌｕｅＭｅｍｅ,0.07300364226102829,True,1.0,2.57548845470692,S03_WORST_MONTH_GROUP_DRO,S03_WORST_MONTH_GROUP_DRO_K2,2,True
2025-05-15,2,7345,アイ・パートナーズフィナンシャル,0.06394541263580322,True,0.0,-3.114186851211076,S03_WORST_MONTH_GROUP_DRO,S03_WORST_MONTH_GROUP_DRO_K2,2,True
2025-05-16,1,7345,アイ・パートナーズフィナンシャル,0.08487563580274582,True,1.0,0.8928571428571397,S03_WORST_MONTH_GROUP_DRO,S03_WORST_MONTH_GROUP_DRO_K2,2,True
2025-05-16,2,9331,キャスター,0.06404464691877365,True,1.0,2.219626168224309,S03_WORST_MONTH_GROUP_DRO,S03_WORST_MONTH_GROUP_DRO_K2,2,True
2025-05-19,1,6034,ＭＲＴ,0.068553127348423,True,0.0,-1.3274336283185861,S03_WORST_MONTH_GROUP_DRO,S03_WORST_MONTH_GROUP_DRO_K2,2,True
2025-05-19,2,7815,東京ボード⼯業,0.06504844129085541,True,1.0,1.5254237288135686,S03_WORST_MONTH_GROUP_DRO,S03_WORST_MONTH_GROUP_DRO_K2,2,True
2025-05-20,1,7345,アイ・パートナーズフィナンシャル,0.07741649448871613,True,1.0,0.727272727272732,S03_WORST_MONTH_GROUP_DRO,S03_WORST_MONTH_GROUP_DRO_K2,2,True
2025-05-20,2,9416,ビジョン,0.06303337961435318,True,0.0,-0.08643042350907626,S03_WORST_MONTH_GROUP_DRO,S03_WORST_MONTH_GROUP_DRO_K2,2,True
2025-05-21,1,7081,コーユーレンティア,0.06220093369483948,True,0.0,-0.6457564575645725,S03_WORST_MONTH_GROUP_DRO,S03_WORST_MONTH_GROUP_DRO_K2,2,True
2025-05-21,2,7815,東京ボード⼯業,0.060993123799562454,True,0.0,-3.378378378378377,S03_WORST_MONTH_GROUP_DRO,S03_WORST_MONTH_GROUP_DRO_K2,2,True
2025-05-22,1,7345,アイ・パートナーズフィナンシャル,0.0697128102183342,True,1.0,1.6666666666666607,S03_WORST_MONTH_GROUP_DRO,S03_WORST_MONTH_GROUP_DRO_K2,2,True
2025-05-22,2,7815,東京ボード⼯業,0.06113562360405922,True,0.0,-4.720279720279718,S03_WORST_MONTH_GROUP_DRO,S03_WORST_MONTH_GROUP_DRO_K2,2,True
2025-05-23,1,7345,アイ・パートナーズフィナンシャル,0.06890043616294861,True,1.0,1.4842300556586308,S03_WORST_MONTH_GROUP_DRO,S03_WORST_MONTH_GROUP_DRO_K2,2,True
2025-05-23,2,7815,東京ボード⼯業,0.06442086398601532,True,1.0,4.553734061930781,S03_WORST_MONTH_GROUP_DRO,S03_WORST_MONTH_GROUP_DRO_K2,2,True
2025-05-26,1,7345,アイ・パートナーズフィナンシャル,0.07150528579950333,True,1.0,0.3656307129798808,S03_WORST_MONTH_GROUP_DRO,S03_WORST_MONTH_GROUP_DRO_K2,2,True
2025-05-26,2,4437,ｇｏｏｄｄａｙｓホールディングス,0.051713403314352036,True,1.0,0.2989536621823552,S03_WORST_MONTH_GROUP_DRO,S03_WORST_MONTH_GROUP_DRO_K2,2,True
2025-05-27,1,7345,アイ・パートナーズフィナンシャル,0.06582290679216385,True,1.0,5.185185185185182,S03_WORST_MONTH_GROUP_DRO,S03_WORST_MONTH_GROUP_DRO_K2,2,True
2025-05-27,2,5945,天龍製鋸,0.06173986569046974,True,1.0,0.10804970286331095,S03_WORST_MONTH_GROUP_DRO,S03_WORST_MONTH_GROUP_DRO_K2,2,True
2025-05-28,1,5945,天龍製鋸,0.06553607434034348,True,1.0,0.37776578521315773,S03_WORST_MONTH_GROUP_DRO,S03_WORST_MONTH_GROUP_DRO_K2,2,True
2025-05-28,2,7255,桜井製作所,0.06046311929821968,True,0.0,-0.7220216606498187,S03_WORST_MONTH_GROUP_DRO,S03_WORST_MONTH_GROUP_DRO_K2,2,True
2025-05-29,1,7345,アイ・パートナーズフィナンシャル,0.07901839911937714,True,1.0,1.4814814814814836,S03_WORST_MONTH_GROUP_DRO,S03_WORST_MONTH_GROUP_DRO_K2,2,True
2025-05-29,2,5945,天龍製鋸,0.06481145322322845,True,0.0,-0.32171581769436797,S03_WORST_MONTH_GROUP_DRO,S03_WORST_MONTH_GROUP_DRO_K2,2,True
2025-05-30,1,5945,天龍製鋸,0.06808959692716599,True,1.0,0.2702702702702675,S03_WORST_MONTH_GROUP_DRO,S03_WORST_MONTH_GROUP_DRO_K2,2,True
2025-05-30,2,9265,ヤマシタヘルスケアホールディングス,0.06418019533157349,True,1.0,0.34749034749035346,S03_WORST_MONTH_GROUP_DRO,S03_WORST_MONTH_GROUP_DRO_K2,2,True
2025-06-02,1,5945,天龍製鋸,0.06548593193292618,True,0.0,-0.48179871520342976,S03_WORST_MONTH_GROUP_DRO,S03_WORST_MONTH_GROUP_DRO_K2,2,True
2025-06-02,2,7345,アイ・パートナーズフィナンシャル,0.05969713255763054,True,1.0,0.18348623853210455,S03_WORST_MONTH_GROUP_DRO,S03_WORST_MONTH_GROUP_DRO_K2,2,True
2025-06-03,1,5945,天龍製鋸,0.05606181547045708,True,1.0,0.21551724137931494,S03_WORST_MONTH_GROUP_DRO,S03_WORST_MONTH_GROUP_DRO_K2,2,True
2025-06-03,2,9265,ヤマシタヘルスケアホールディングス,0.0555826760828495,True,0.0,-1.3183404420317957,S03_WORST_MONTH_GROUP_DRO,S03_WORST_MONTH_GROUP_DRO_K2,2,True
2025-06-04,1,6346,キクカワエンタープライズ,0.060428593307733536,True,1.0,1.0869565217391353,S03_WORST_MONTH_GROUP_DRO,S03_WORST_MONTH_GROUP_DRO_K2,2,True
2025-06-04,2,9265,ヤマシタヘルスケアホールディングス,0.056791290640830994,True,0.0,-0.11787819253438192,S03_WORST_MONTH_GROUP_DRO,S03_WORST_MONTH_GROUP_DRO_K2,2,True
2025-06-05,1,5945,天龍製鋸,0.058696240186691284,True,1.0,3.2608695652173836,S03_WORST_MONTH_GROUP_DRO,S03_WORST_MONTH_GROUP_DRO_K2,2,True
2025-06-05,2,6346,キクカワエンタープライズ,0.057999856770038605,True,,,S03_WORST_MONTH_GROUP_DRO,S03_WORST_MONTH_GROUP_DRO_K2,2,False
2025-06-06,1,6346,キクカワエンタープライズ,0.06823869049549103,True,,,S03_WORST_MONTH_GROUP_DRO,S03_WORST_MONTH_GROUP_DRO_K2,2,False
2025-06-06,2,3948,光ビジネスフォーム,0.06561319530010223,True,1.0,1.6999999999999904,S03_WORST_MONTH_GROUP_DRO,S03_WORST_MONTH_GROUP_DRO_K2,2,True
2025-06-09,1,6063,日本エマージェンシーアシスタンス,0.054728250950574875,True,0.0,-0.38131553860819567,S03_WORST_MONTH_GROUP_DRO,S03_WORST_MONTH_GROUP_DRO_K2,2,True
2025-06-09,2,2916,仙波糖化⼯業,0.05284682288765907,True,1.0,0.40431266846361336,S03_WORST_MONTH_GROUP_DRO,S03_WORST_MONTH_GROUP_DRO_K2,2,True
2025-06-10,1,264A,Ｓｃｈｏｏ,0.05607082322239876,True,1.0,0.2358490566037652,S03_WORST_MONTH_GROUP_DRO,S03_WORST_MONTH_GROUP_DRO_K2,2,True
2025-06-10,2,9142,九州旅客鉄道,0.051789574325084686,True,0.0,-0.42440318302386926,S03_WORST_MONTH_GROUP_DRO,S03_WORST_MONTH_GROUP_DRO_K2,2,True
2025-06-11,1,264A,Ｓｃｈｏｏ,0.061989765614271164,True,1.0,0.34883720930232176,S03_WORST_MONTH_GROUP_DRO,S03_WORST_MONTH_GROUP_DRO_K2,2,True
2025-06-11,2,7345,アイ・パートナーズフィナンシャル,0.060235340148210526,True,,,S03_WORST_MONTH_GROUP_DRO,S03_WORST_MONTH_GROUP_DRO_K2,2,False
2025-06-12,1,7345,アイ・パートナーズフィナンシャル,0.06615249067544937,True,0.0,0.0,S03_WORST_MONTH_GROUP_DRO,S03_WORST_MONTH_GROUP_DRO_K2,2,True
2025-06-12,2,264A,Ｓｃｈｏｏ,0.060158900916576385,True,0.0,-2.0809248554913284,S03_WORST_MONTH_GROUP_DRO,S03_WORST_MONTH_GROUP_DRO_K2,2,True
2025-06-13,1,7345,アイ・パートナーズフィナンシャル,0.06390616297721863,True,0.0,-0.8960573476702538,S03_WORST_MONTH_GROUP_DRO,S03_WORST_MONTH_GROUP_DRO_K2,2,True
2025-06-13,2,264A,Ｓｃｈｏｏ,0.05646047741174698,True,0.0,-1.740139211136893,S03_WORST_MONTH_GROUP_DRO,S03_WORST_MONTH_GROUP_DRO_K2,2,True
2025-06-16,1,7345,アイ・パートナーズフィナンシャル,0.07202856987714767,True,1.0,2.177858439201441,S03_WORST_MONTH_GROUP_DRO,S03_WORST_MONTH_GROUP_DRO_K2,2,True
2025-06-16,2,9331,キャスター,0.056319717317819595,True,1.0,1.0089686098654793,S03_WORST_MONTH_GROUP_DRO,S03_WORST_MONTH_GROUP_DRO_K2,2,True
2025-06-17,1,3843,フリービット,0.0681367814540863,True,1.0,0.3518648838845895,S03_WORST_MONTH_GROUP_DRO,S03_WORST_MONTH_GROUP_DRO_K2,2,True
2025-06-17,2,7255,桜井製作所,0.06162751466035843,True,1.0,1.7513134851138368,S03_WORST_MONTH_GROUP_DRO,S03_WORST_MONTH_GROUP_DRO_K2,2,True
2025-06-18,1,1866,北野建設,0.0607488639652729,True,1.0,1.0962241169305775,S03_WORST_MONTH_GROUP_DRO,S03_WORST_MONTH_GROUP_DRO_K2,2,True
2025-06-18,2,9767,日建⼯学,0.058446239680051804,True,0.0,0.0,S03_WORST_MONTH_GROUP_DRO,S03_WORST_MONTH_GROUP_DRO_K2,2,True
2025-06-19,1,9767,日建⼯学,0.06924846023321152,True,1.0,1.6702977487291104,S03_WORST_MONTH_GROUP_DRO,S03_WORST_MONTH_GROUP_DRO_K2,2,True
2025-06-19,2,3843,フリービット,0.05782519653439522,True,0.0,-0.6271777003484358,S03_WORST_MONTH_GROUP_DRO,S03_WORST_MONTH_GROUP_DRO_K2,2,True
2025-06-20,1,9767,日建⼯学,0.05746541544795036,True,1.0,0.575539568345329,S03_WORST_MONTH_GROUP_DRO,S03_WORST_MONTH_GROUP_DRO_K2,2,True
2025-06-20,2,3843,フリービット,0.056388188153505325,True,0.0,-1.480959097320167,S03_WORST_MONTH_GROUP_DRO,S03_WORST_MONTH_GROUP_DRO_K2,2,True
2025-06-23,1,9691,両毛システムズ,0.06953387707471848,True,1.0,2.1021021021021102,S03_WORST_MONTH_GROUP_DRO,S03_WORST_MONTH_GROUP_DRO_K2,2,True
2025-06-23,2,6648,かわでん,0.05765509232878685,True,1.0,0.11428571428571122,S03_WORST_MONTH_GROUP_DRO,S03_WORST_MONTH_GROUP_DRO_K2,2,True
2025-06-24,1,7043,アルー,0.058723706752061844,True,1.0,0.5221932114882533,S03_WORST_MONTH_GROUP_DRO,S03_WORST_MONTH_GROUP_DRO_K2,2,True
2025-06-24,2,4437,ｇｏｏｄｄａｙｓホールディングス,0.05232588201761246,True,0.0,-0.14792899408283544,S03_WORST_MONTH_GROUP_DRO,S03_WORST_MONTH_GROUP_DRO_K2,2,True
2025-06-25,1,4437,ｇｏｏｄｄａｙｓホールディングス,0.06254361569881439,True,0.0,-0.295857988165682,S03_WORST_MONTH_GROUP_DRO,S03_WORST_MONTH_GROUP_DRO_K2,2,True
2025-06-25,2,6201,豊⽥自動織機,0.059552568942308426,True,1.0,0.06134969325153339,S03_WORST_MONTH_GROUP_DRO,S03_WORST_MONTH_GROUP_DRO_K2,2,True
2025-06-26,1,4437,ｇｏｏｄｄａｙｓホールディングス,0.058699436485767365,True,1.0,1.5037593984962516,S03_WORST_MONTH_GROUP_DRO,S03_WORST_MONTH_GROUP_DRO_K2,2,True
2025-06-26,2,9364,上組,0.05576890707015991,True,1.0,0.28032619775739676,S03_WORST_MONTH_GROUP_DRO,S03_WORST_MONTH_GROUP_DRO_K2,2,True
2025-06-27,1,4437,ｇｏｏｄｄａｙｓホールディングス,0.05886319279670715,True,1.0,0.14792899408284654,S03_WORST_MONTH_GROUP_DRO,S03_WORST_MONTH_GROUP_DRO_K2,2,True
2025-06-27,2,9364,上組,0.0559048168361187,True,1.0,0.07610350076103778,S03_WORST_MONTH_GROUP_DRO,S03_WORST_MONTH_GROUP_DRO_K2,2,True
2025-06-30,1,4437,ｇｏｏｄｄａｙｓホールディングス,0.0680152028799057,True,1.0,1.4925373134328401,S03_WORST_MONTH_GROUP_DRO,S03_WORST_MONTH_GROUP_DRO_K2,2,True
2025-06-30,2,9331,キャスター,0.06795114278793335,True,1.0,3.3333333333333437,S03_WORST_MONTH_GROUP_DRO,S03_WORST_MONTH_GROUP_DRO_K2,2,True
2025-07-01,1,4437,ｇｏｏｄｄａｙｓホールディングス,0.06388915330171585,True,0.0,-0.7299270072992692,S03_WORST_MONTH_GROUP_DRO,S03_WORST_MONTH_GROUP_DRO_K2,2,True
2025-07-01,2,7043,アルー,0.05960790812969208,True,1.0,1.0457516339869244,S03_WORST_MONTH_GROUP_DRO,S03_WORST_MONTH_GROUP_DRO_K2,2,True
2025-07-02,1,9361,伏木海陸運送,0.057767804712057114,True,0.0,-0.5518087063151489,S03_WORST_MONTH_GROUP_DRO,S03_WORST_MONTH_GROUP_DRO_K2,2,True
2025-07-02,2,4437,ｇｏｏｄｄａｙｓホールディングス,0.05772899091243744,True,0.0,-0.14598540145985828,S03_WORST_MONTH_GROUP_DRO,S03_WORST_MONTH_GROUP_DRO_K2,2,True
2025-07-03,1,7043,アルー,0.08666547387838364,True,1.0,0.5221932114882533,S03_WORST_MONTH_GROUP_DRO,S03_WORST_MONTH_GROUP_DRO_K2,2,True
2025-07-03,2,4391,ロジザード,0.055447936058044434,True,0.0,0.0,S03_WORST_MONTH_GROUP_DRO,S03_WORST_MONTH_GROUP_DRO_K2,2,True
2025-07-04,1,7043,アルー,0.06557802110910416,True,1.0,0.26041666666667407,S03_WORST_MONTH_GROUP_DRO,S03_WORST_MONTH_GROUP_DRO_K2,2,True
2025-07-04,2,7486,サンリン,0.055642325431108475,True,1.0,0.8759124087591275,S03_WORST_MONTH_GROUP_DRO,S03_WORST_MONTH_GROUP_DRO_K2,2,True
2025-07-07,1,7043,アルー,0.06469952315092087,True,1.0,0.26041666666667407,S03_WORST_MONTH_GROUP_DRO,S03_WORST_MONTH_GROUP_DRO_K2,2,True
2025-07-07,2,4391,ロジザード,0.051766421645879745,True,0.0,-0.8382229673092989,S03_WORST_MONTH_GROUP_DRO,S03_WORST_MONTH_GROUP_DRO_K2,2,True
2025-07-08,1,7043,アルー,0.0669056698679924,True,1.0,0.39215686274509665,S03_WORST_MONTH_GROUP_DRO,S03_WORST_MONTH_GROUP_DRO_K2,2,True
2025-07-08,2,4437,ｇｏｏｄｄａｙｓホールディングス,0.054981254041194916,True,1.0,1.3392857142857206,S03_WORST_MONTH_GROUP_DRO,S03_WORST_MONTH_GROUP_DRO_K2,2,True
2025-07-09,1,7043,アルー,0.07698749005794525,True,1.0,0.78125,S03_WORST_MONTH_GROUP_DRO,S03_WORST_MONTH_GROUP_DRO_K2,2,True
2025-07-09,2,4556,カイノス,0.06258801370859146,True,0.0,0.0,S03_WORST_MONTH_GROUP_DRO,S03_WORST_MONTH_GROUP_DRO_K2,2,True
2025-07-10,1,4437,ｇｏｏｄｄａｙｓホールディングス,0.06621838361024857,True,1.0,0.4411764705882337,S03_WORST_MONTH_GROUP_DRO,S03_WORST_MONTH_GROUP_DRO_K2,2,True
2025-07-10,2,7043,アルー,0.0600484199821949,True,1.0,0.3896103896103842,S03_WORST_MONTH_GROUP_DRO,S03_WORST_MONTH_GROUP_DRO_K2,2,True
2025-07-11,1,4437,ｇｏｏｄｄａｙｓホールディングス,0.06652418524026871,True,1.0,0.2928257686676483,S03_WORST_MONTH_GROUP_DRO,S03_WORST_MONTH_GROUP_DRO_K2,2,True
2025-07-11,2,7043,アルー,0.05750619247555733,True,1.0,0.6518904823989535,S03_WORST_MONTH_GROUP_DRO,S03_WORST_MONTH_GROUP_DRO_K2,2,True
2025-07-14,1,4437,ｇｏｏｄｄａｙｓホールディングス,0.06767302006483078,True,0.0,-0.7246376811594235,S03_WORST_MONTH_GROUP_DRO,S03_WORST_MONTH_GROUP_DRO_K2,2,True
2025-07-14,2,7043,アルー,0.061334360390901566,True,0.0,-0.13003901170350884,S03_WORST_MONTH_GROUP_DRO,S03_WORST_MONTH_GROUP_DRO_K2,2,True
2025-07-15,1,7043,アルー,0.06702818721532822,True,0.0,0.0,S03_WORST_MONTH_GROUP_DRO,S03_WORST_MONTH_GROUP_DRO_K2,2,True
2025-07-15,2,4437,ｇｏｏｄｄａｙｓホールディングス,0.05999816581606865,True,0.0,0.0,S03_WORST_MONTH_GROUP_DRO,S03_WORST_MONTH_GROUP_DRO_K2,2,True
2025-07-16,1,7043,アルー,0.060460466891527176,True,1.0,0.6493506493506551,S03_WORST_MONTH_GROUP_DRO,S03_WORST_MONTH_GROUP_DRO_K2,2,True
2025-07-16,2,4437,ｇｏｏｄｄａｙｓホールディングス,0.058277618139982224,True,1.0,2.499999999999991,S03_WORST_MONTH_GROUP_DRO,S03_WORST_MONTH_GROUP_DRO_K2,2,True
2025-07-17,1,7043,アルー,0.05606735125184059,True,1.0,0.2600780234070177,S03_WORST_MONTH_GROUP_DRO,S03_WORST_MONTH_GROUP_DRO_K2,2,True
2025-07-17,2,7081,コーユーレンティア,0.054615315049886703,True,1.0,0.9337068160597539,S03_WORST_MONTH_GROUP_DRO,S03_WORST_MONTH_GROUP_DRO_K2,2,True
2025-07-18,1,7043,アルー,0.06760777533054352,True,1.0,0.1290322580645098,S03_WORST_MONTH_GROUP_DRO,S03_WORST_MONTH_GROUP_DRO_K2,2,True
2025-07-18,2,2798,ワイズテーブルコーポレーション,0.048505645245313644,True,1.0,0.20338983050847137,S03_WORST_MONTH_GROUP_DRO,S03_WORST_MONTH_GROUP_DRO_K2,2,True
2025-07-22,1,5945,天龍製鋸,0.06084074825048447,True,1.0,0.5208333333333259,S03_WORST_MONTH_GROUP_DRO,S03_WORST_MONTH_GROUP_DRO_K2,2,True
2025-07-22,2,7043,アルー,0.05674730986356735,True,1.0,2.05920205920207,S03_WORST_MONTH_GROUP_DRO,S03_WORST_MONTH_GROUP_DRO_K2,2,True
2025-07-23,1,7808,シー・エス・ランバー,0.04814118146896362,True,1.0,0.4366812227074135,S03_WORST_MONTH_GROUP_DRO,S03_WORST_MONTH_GROUP_DRO_K2,2,True
2025-07-23,2,5945,天龍製鋸,0.046900928020477295,True,1.0,0.4145077720207224,S03_WORST_MONTH_GROUP_DRO,S03_WORST_MONTH_GROUP_DRO_K2,2,True
2025-07-24,1,7808,シー・エス・ランバー,0.05700488016009331,True,1.0,1.655629139072845,S03_WORST_MONTH_GROUP_DRO,S03_WORST_MONTH_GROUP_DRO_K2,2,True
2025-07-24,2,9259,タカヨシホールディングス,0.05575874447822571,True,1.0,0.28571428571428914,S03_WORST_MONTH_GROUP_DRO,S03_WORST_MONTH_GROUP_DRO_K2,2,True
2025-07-25,1,9259,タカヨシホールディングス,0.0635610818862915,True,0.0,0.0,S03_WORST_MONTH_GROUP_DRO,S03_WORST_MONTH_GROUP_DRO_K2,2,True
2025-07-25,2,7634,星医療酸器,0.05718475952744484,True,1.0,0.439560439560438,S03_WORST_MONTH_GROUP_DRO,S03_WORST_MONTH_GROUP_DRO_K2,2,True
2025-07-28,1,9259,タカヨシホールディングス,0.06429145485162735,True,0.0,-0.14265335235378318,S03_WORST_MONTH_GROUP_DRO,S03_WORST_MONTH_GROUP_DRO_K2,2,True
2025-07-28,2,7634,星医療酸器,0.05407031252980232,True,0.0,0.0,S03_WORST_MONTH_GROUP_DRO,S03_WORST_MONTH_GROUP_DRO_K2,2,True
2025-07-29,1,4387,ＺＵＵ,0.06476609408855438,True,0.0,-0.2732240437158473,S03_WORST_MONTH_GROUP_DRO,S03_WORST_MONTH_GROUP_DRO_K2,2,True
2025-07-29,2,9259,タカヨシホールディングス,0.06446991115808487,True,0.0,0.0,S03_WORST_MONTH_GROUP_DRO,S03_WORST_MONTH_GROUP_DRO_K2,2,True
2025-07-30,1,9345,ビズメイツ,0.060191810131073,True,0.0,-0.20202020202020332,S03_WORST_MONTH_GROUP_DRO,S03_WORST_MONTH_GROUP_DRO_K2,2,True
2025-07-30,2,2349,エヌアイデイ,0.05808459594845772,True,,,S03_WORST_MONTH_GROUP_DRO,S03_WORST_MONTH_GROUP_DRO_K2,2,False
2025-07-31,1,9259,タカヨシホールディングス,0.06412718445062637,True,1.0,0.14265335235377208,S03_WORST_MONTH_GROUP_DRO,S03_WORST_MONTH_GROUP_DRO_K2,2,True
2025-07-31,2,2349,エヌアイデイ,0.059049591422080994,True,1.0,1.9142738243861812,S03_WORST_MONTH_GROUP_DRO,S03_WORST_MONTH_GROUP_DRO_K2,2,True
2024-07-01,1,7043,アルー,0.13407117128372192,True,1.0,0.49999999999998934,S04_ERA_INVARIANT_SIGN,S04_ERA_INVARIANT_SIGN_K1,1,True
2024-07-02,1,7043,アルー,0.13036015629768372,True,0.0,-0.49813200498132204,S04_ERA_INVARIANT_SIGN,S04_ERA_INVARIANT_SIGN_K1,1,True
2024-07-03,1,7043,アルー,0.12369541823863983,True,1.0,1.643489254108732,S04_ERA_INVARIANT_SIGN,S04_ERA_INVARIANT_SIGN_K1,1,True
2024-07-04,1,6151,日東⼯器,0.12175945937633514,True,0.0,-0.9683098591549255,S04_ERA_INVARIANT_SIGN,S04_ERA_INVARIANT_SIGN_K1,1,True
2024-07-05,1,2480,システム・ロケーション,0.1162625104188919,True,1.0,1.8436578171091345,S04_ERA_INVARIANT_SIGN,S04_ERA_INVARIANT_SIGN_K1,1,True
2024-07-08,1,6151,日東⼯器,0.10065548121929169,True,0.0,-3.8224956063268922,S04_ERA_INVARIANT_SIGN,S04_ERA_INVARIANT_SIGN_K1,1,True
2024-07-09,1,6151,日東⼯器,0.10433977842330933,True,1.0,0.22841480127913094,S04_ERA_INVARIANT_SIGN,S04_ERA_INVARIANT_SIGN_K1,1,True
2024-07-10,1,1866,北野建設,0.09467306733131409,True,0.0,-0.4070556309362261,S04_ERA_INVARIANT_SIGN,S04_ERA_INVARIANT_SIGN_K1,1,True
2024-07-11,1,4628,エスケー化研,0.10152468085289001,True,0.0,-3.2362459546925515,S04_ERA_INVARIANT_SIGN,S04_ERA_INVARIANT_SIGN_K1,1,True
2024-07-12,1,4628,エスケー化研,0.10535452514886856,True,1.0,3.0701754385964897,S04_ERA_INVARIANT_SIGN,S04_ERA_INVARIANT_SIGN_K1,1,True
2024-07-16,1,5252,日本ナレッジ,0.09871752560138702,True,0.0,0.0,S04_ERA_INVARIANT_SIGN,S04_ERA_INVARIANT_SIGN_K1,1,True
2024-07-17,1,7807,幸和製作所,0.13021869957447052,True,0.0,-2.4207011686143587,S04_ERA_INVARIANT_SIGN,S04_ERA_INVARIANT_SIGN_K1,1,True
2024-07-18,1,6727,ワコム,0.1065501794219017,True,0.0,-1.8472906403940836,S04_ERA_INVARIANT_SIGN,S04_ERA_INVARIANT_SIGN_K1,1,True
2024-07-19,1,6727,ワコム,0.1103895977139473,True,1.0,0.881612090680095,S04_ERA_INVARIANT_SIGN,S04_ERA_INVARIANT_SIGN_K1,1,True
2024-07-22,1,7043,アルー,0.12986555695533752,True,1.0,4.422604422604426,S04_ERA_INVARIANT_SIGN,S04_ERA_INVARIANT_SIGN_K1,1,True
2024-07-23,1,6707,サンケン電気,0.10575547069311142,True,0.0,-1.3733333333333375,S04_ERA_INVARIANT_SIGN,S04_ERA_INVARIANT_SIGN_K1,1,True
2024-07-24,1,9246,プロジェクトホールディングス,0.11288614571094513,True,0.0,-0.07347538574578039,S04_ERA_INVARIANT_SIGN,S04_ERA_INVARIANT_SIGN_K1,1,True
2024-07-25,1,9246,プロジェクトホールディングス,0.09973017126321793,True,1.0,3.308823529411775,S04_ERA_INVARIANT_SIGN,S04_ERA_INVARIANT_SIGN_K1,1,True
2024-07-26,1,4307,野村総合研究所,0.08808694779872894,True,1.0,4.342959480635766,S04_ERA_INVARIANT_SIGN,S04_ERA_INVARIANT_SIGN_K1,1,True
2024-07-29,1,5247,ＢＴＭ,0.08651061356067657,True,1.0,3.5409836065573685,S04_ERA_INVARIANT_SIGN,S04_ERA_INVARIANT_SIGN_K1,1,True
2024-07-30,1,7043,アルー,0.11672018468379974,True,1.0,2.4242424242424176,S04_ERA_INVARIANT_SIGN,S04_ERA_INVARIANT_SIGN_K1,1,True
2024-07-31,1,4507,塩野義製薬,0.08794323354959488,True,1.0,0.18223234624146212,S04_ERA_INVARIANT_SIGN,S04_ERA_INVARIANT_SIGN_K1,1,True
2024-08-01,1,8139,ナガホリ,0.13141003251075745,True,1.0,2.3668639053254337,S04_ERA_INVARIANT_SIGN,S04_ERA_INVARIANT_SIGN_K1,1,True
2024-08-02,1,3673,ブロードリーフ,0.12051340937614441,True,0.0,-3.0411449016100156,S04_ERA_INVARIANT_SIGN,S04_ERA_INVARIANT_SIGN_K1,1,True
2024-08-05,1,9996,サトー商会,0.11019926518201828,True,1.0,8.002602472348741,S04_ERA_INVARIANT_SIGN,S04_ERA_INVARIANT_SIGN_K1,1,True
2024-08-06,1,9162,ブリーチ,0.11170756071805954,True,0.0,0.0,S04_ERA_INVARIANT_SIGN,S04_ERA_INVARIANT_SIGN_K1,1,True
2024-08-07,1,4814,ネクストウェア,0.09232299029827118,True,1.0,4.8387096774193505,S04_ERA_INVARIANT_SIGN,S04_ERA_INVARIANT_SIGN_K1,1,True
2024-08-08,1,7043,アルー,0.08454963564872742,True,1.0,0.3597122302158251,S04_ERA_INVARIANT_SIGN,S04_ERA_INVARIANT_SIGN_K1,1,True
2024-08-09,1,7043,アルー,0.10270867496728897,True,0.0,0.0,S04_ERA_INVARIANT_SIGN,S04_ERA_INVARIANT_SIGN_K1,1,True
2024-08-13,1,7043,アルー,0.1248306930065155,True,0.0,-1.8495684340320562,S04_ERA_INVARIANT_SIGN,S04_ERA_INVARIANT_SIGN_K1,1,True
2024-08-14,1,7043,アルー,0.16797788441181183,True,1.0,3.409090909090917,S04_ERA_INVARIANT_SIGN,S04_ERA_INVARIANT_SIGN_K1,1,True
2024-08-15,1,8139,ナガホリ,0.13475657999515533,True,0.0,-1.1594202898550732,S04_ERA_INVARIANT_SIGN,S04_ERA_INVARIANT_SIGN_K1,1,True
2024-08-16,1,7043,アルー,0.15187355875968933,True,0.0,-0.4987531172069848,S04_ERA_INVARIANT_SIGN,S04_ERA_INVARIANT_SIGN_K1,1,True
2024-08-19,1,7043,アルー,0.1253301203250885,True,0.0,-0.5031446540880502,S04_ERA_INVARIANT_SIGN,S04_ERA_INVARIANT_SIGN_K1,1,True
2024-08-20,1,7043,アルー,0.12156064808368683,True,0.0,-0.37641154328732496,S04_ERA_INVARIANT_SIGN,S04_ERA_INVARIANT_SIGN_K1,1,True
2024-08-21,1,7043,アルー,0.11107157915830612,True,1.0,0.6369426751592355,S04_ERA_INVARIANT_SIGN,S04_ERA_INVARIANT_SIGN_K1,1,True
2024-08-22,1,7043,アルー,0.11473377048969269,True,0.0,-0.37783375314861534,S04_ERA_INVARIANT_SIGN,S04_ERA_INVARIANT_SIGN_K1,1,True
2024-08-23,1,7043,アルー,0.1112152636051178,True,0.0,-1.4981273408239737,S04_ERA_INVARIANT_SIGN,S04_ERA_INVARIANT_SIGN_K1,1,True
2024-08-26,1,7043,アルー,0.09964366257190704,True,1.0,0.25316455696202667,S04_ERA_INVARIANT_SIGN,S04_ERA_INVARIANT_SIGN_K1,1,True
2024-08-27,1,3738,ティーガイア,0.10447220504283905,True,1.0,1.206434316353877,S04_ERA_INVARIANT_SIGN,S04_ERA_INVARIANT_SIGN_K1,1,True
2024-08-28,1,9914,植松商会,0.10462532937526703,True,,,S04_ERA_INVARIANT_SIGN,S04_ERA_INVARIANT_SIGN_K1,1,False
2024-08-29,1,2736,フェスタリアホールディングス,0.1240784302353859,True,0.0,-0.7027406886858767,S04_ERA_INVARIANT_SIGN,S04_ERA_INVARIANT_SIGN_K1,1,True
2024-08-30,1,3991,ウォンテッドリー,0.1183856651186943,True,0.0,-0.42016806722688926,S04_ERA_INVARIANT_SIGN,S04_ERA_INVARIANT_SIGN_K1,1,True
2024-09-02,1,4445,リビン・テクノロジーズ,0.14328113198280334,True,0.0,-0.43266630611140666,S04_ERA_INVARIANT_SIGN,S04_ERA_INVARIANT_SIGN_K1,1,True
2024-09-03,1,4445,リビン・テクノロジーズ,0.14111097157001495,True,1.0,1.5752308527973824,S04_ERA_INVARIANT_SIGN,S04_ERA_INVARIANT_SIGN_K1,1,True
2024-09-04,1,7273,イクヨ,0.1537104994058609,True,0.0,-3.824861600402618,S04_ERA_INVARIANT_SIGN,S04_ERA_INVARIANT_SIGN_K1,1,True
2024-09-05,1,7689,コパ・コーポレーション,0.11834044009447098,True,1.0,0.32414910858995505,S04_ERA_INVARIANT_SIGN,S04_ERA_INVARIANT_SIGN_K1,1,True
2024-09-06,1,4445,リビン・テクノロジーズ,0.12968659400939941,True,0.0,-0.38461538461538325,S04_ERA_INVARIANT_SIGN,S04_ERA_INVARIANT_SIGN_K1,1,True
2024-09-09,1,7273,イクヨ,0.11723290383815765,True,,,S04_ERA_INVARIANT_SIGN,S04_ERA_INVARIANT_SIGN_K1,1,False
2024-09-10,1,7273,イクヨ,0.12593837082386017,True,,,S04_ERA_INVARIANT_SIGN,S04_ERA_INVARIANT_SIGN_K1,1,False
2024-09-11,1,7689,コパ・コーポレーション,0.11925118416547775,True,0.0,0.0,S04_ERA_INVARIANT_SIGN,S04_ERA_INVARIANT_SIGN_K1,1,True
2024-09-12,1,7069,サイバー・バズ,0.11385830491781235,True,0.0,-2.512998266897748,S04_ERA_INVARIANT_SIGN,S04_ERA_INVARIANT_SIGN_K1,1,True
2024-09-13,1,7886,ヤマト・インダストリー,0.11336440593004227,True,0.0,-1.8503620273531807,S04_ERA_INVARIANT_SIGN,S04_ERA_INVARIANT_SIGN_K1,1,True
2024-09-17,1,7689,コパ・コーポレーション,0.11210805177688599,True,0.0,-0.8264462809917328,S04_ERA_INVARIANT_SIGN,S04_ERA_INVARIANT_SIGN_K1,1,True
2024-09-18,1,5247,ＢＴＭ,0.11367201805114746,True,1.0,1.606086221470826,S04_ERA_INVARIANT_SIGN,S04_ERA_INVARIANT_SIGN_K1,1,True
2024-09-19,1,4884,クリングルファーマ,0.11322547495365143,True,1.0,4.8309178743961345,S04_ERA_INVARIANT_SIGN,S04_ERA_INVARIANT_SIGN_K1,1,True
2024-09-20,1,5247,ＢＴＭ,0.13449478149414062,True,1.0,1.610169491525415,S04_ERA_INVARIANT_SIGN,S04_ERA_INVARIANT_SIGN_K1,1,True
2024-09-24,1,4840,トライアイズ,0.11617220938205719,True,1.0,3.205128205128216,S04_ERA_INVARIANT_SIGN,S04_ERA_INVARIANT_SIGN_K1,1,True
2024-09-25,1,5247,ＢＴＭ,0.11979442089796066,True,1.0,2.7205276174773196,S04_ERA_INVARIANT_SIGN,S04_ERA_INVARIANT_SIGN_K1,1,True
2024-09-26,1,4267,ライトワークス,0.11112243682146072,True,1.0,0.20263424518742745,S04_ERA_INVARIANT_SIGN,S04_ERA_INVARIANT_SIGN_K1,1,True
2024-09-27,1,3787,テクノマセマティカル,0.12873515486717224,True,1.0,1.6245487364620947,S04_ERA_INVARIANT_SIGN,S04_ERA_INVARIANT_SIGN_K1,1,True
2024-09-30,1,3787,テクノマセマティカル,0.12999331951141357,True,0.0,0.0,S04_ERA_INVARIANT_SIGN,S04_ERA_INVARIANT_SIGN_K1,1,True
2024-10-01,1,3787,テクノマセマティカル,0.12304070591926575,True,1.0,0.17152658662091813,S04_ERA_INVARIANT_SIGN,S04_ERA_INVARIANT_SIGN_K1,1,True
2024-10-02,1,7815,東京ボード⼯業,0.12329965829849243,True,1.0,0.670016750418756,S04_ERA_INVARIANT_SIGN,S04_ERA_INVARIANT_SIGN_K1,1,True
2024-10-03,1,7815,東京ボード⼯業,0.11146527528762817,True,1.0,0.9819967266775809,S04_ERA_INVARIANT_SIGN,S04_ERA_INVARIANT_SIGN_K1,1,True
2024-10-04,1,3726,フォーシーズＨＤ,0.11380362510681152,True,0.0,-0.4158004158004158,S04_ERA_INVARIANT_SIGN,S04_ERA_INVARIANT_SIGN_K1,1,True
2024-10-07,1,3712,情報企画,0.08563264459371567,True,0.0,0.0,S04_ERA_INVARIANT_SIGN,S04_ERA_INVARIANT_SIGN_K1,1,True
2024-10-08,1,4428,シノプス,0.11015047132968903,True,0.0,-1.0245901639344246,S04_ERA_INVARIANT_SIGN,S04_ERA_INVARIANT_SIGN_K1,1,True
2024-10-09,1,5938,ＬＩＸＩＬ,0.10474833846092224,True,0.0,-0.3250591016548454,S04_ERA_INVARIANT_SIGN,S04_ERA_INVARIANT_SIGN_K1,1,True
2024-10-10,1,4378,ＣＩＮＣ,0.11106112599372864,True,1.0,0.4552352048558417,S04_ERA_INVARIANT_SIGN,S04_ERA_INVARIANT_SIGN_K1,1,True
2024-10-11,1,2334,イオレ,0.09422148764133453,True,0.0,-0.1524390243902385,S04_ERA_INVARIANT_SIGN,S04_ERA_INVARIANT_SIGN_K1,1,True
2024-10-15,1,5938,ＬＩＸＩＬ,0.10183767229318619,True,0.0,-0.5062537224538421,S04_ERA_INVARIANT_SIGN,S04_ERA_INVARIANT_SIGN_K1,1,True
2024-10-16,1,2687,シー・ヴイ・エス・ベイエリア,0.101467564702034,True,0.0,-1.5679442508710784,S04_ERA_INVARIANT_SIGN,S04_ERA_INVARIANT_SIGN_K1,1,True
2024-10-17,1,2687,シー・ヴイ・エス・ベイエリア,0.10238596051931381,True,0.0,-0.17667844522968323,S04_ERA_INVARIANT_SIGN,S04_ERA_INVARIANT_SIGN_K1,1,True
2024-10-18,1,3490,アズ企画設計,0.09414295852184296,True,0.0,-0.08996851102114345,S04_ERA_INVARIANT_SIGN,S04_ERA_INVARIANT_SIGN_K1,1,True
2024-10-21,1,5587,インバウンドプラットフォーム,0.09690365195274353,True,1.0,1.3372956909361022,S04_ERA_INVARIANT_SIGN,S04_ERA_INVARIANT_SIGN_K1,1,True
2024-10-22,1,7072,インティメート・マージャー,0.10599876195192337,True,0.0,-0.8474576271186418,S04_ERA_INVARIANT_SIGN,S04_ERA_INVARIANT_SIGN_K1,1,True
2024-10-23,1,8871,ゴールドクレスト,0.10994335263967514,True,0.0,-2.7156549520766737,S04_ERA_INVARIANT_SIGN,S04_ERA_INVARIANT_SIGN_K1,1,True
2024-10-24,1,8871,ゴールドクレスト,0.11869711428880692,True,1.0,0.8291873963515828,S04_ERA_INVARIANT_SIGN,S04_ERA_INVARIANT_SIGN_K1,1,True
2024-10-25,1,7815,東京ボード⼯業,0.11364875733852386,True,1.0,1.1513157894736947,S04_ERA_INVARIANT_SIGN,S04_ERA_INVARIANT_SIGN_K1,1,True
2024-10-28,1,8039,築地魚市場,0.10202406346797943,True,1.0,0.789889415481837,S04_ERA_INVARIANT_SIGN,S04_ERA_INVARIANT_SIGN_K1,1,True
2024-10-29,1,7815,東京ボード⼯業,0.11525286734104156,True,1.0,1.342281879194629,S04_ERA_INVARIANT_SIGN,S04_ERA_INVARIANT_SIGN_K1,1,True
2024-10-30,1,7379,サーキュレーション,0.10624178498983383,True,1.0,1.1513157894736947,S04_ERA_INVARIANT_SIGN,S04_ERA_INVARIANT_SIGN_K1,1,True
2024-10-31,1,7376,ＢＣＣ,0.13688308000564575,True,0.0,0.0,S04_ERA_INVARIANT_SIGN,S04_ERA_INVARIANT_SIGN_K1,1,True
2024-11-01,1,4073,ジィ・シィ企画,0.11294088512659073,True,1.0,0.952380952380949,S04_ERA_INVARIANT_SIGN,S04_ERA_INVARIANT_SIGN_K1,1,True
2024-11-05,1,7284,盟和産業,0.10584858059883118,True,1.0,1.2658227848101333,S04_ERA_INVARIANT_SIGN,S04_ERA_INVARIANT_SIGN_K1,1,True
2024-11-06,1,4840,トライアイズ,0.11303412169218063,True,0.0,-1.0101010101010055,S04_ERA_INVARIANT_SIGN,S04_ERA_INVARIANT_SIGN_K1,1,True
2024-11-07,1,4073,ジィ・シィ企画,0.10271307826042175,True,0.0,-2.733118971061088,S04_ERA_INVARIANT_SIGN,S04_ERA_INVARIANT_SIGN_K1,1,True
2024-11-08,1,4073,ジィ・シィ企画,0.10512452572584152,True,1.0,1.812191103789118,S04_ERA_INVARIANT_SIGN,S04_ERA_INVARIANT_SIGN_K1,1,True
2024-11-11,1,6141,ＤＭＧ森精機,0.10250212252140045,True,1.0,0.4845322400298224,S04_ERA_INVARIANT_SIGN,S04_ERA_INVARIANT_SIGN_K1,1,True
2024-11-12,1,5587,インバウンドプラットフォーム,0.11304642260074615,True,1.0,1.3254786450662692,S04_ERA_INVARIANT_SIGN,S04_ERA_INVARIANT_SIGN_K1,1,True
2024-11-13,1,4073,ジィ・シィ企画,0.10660558938980103,True,0.0,-0.658978583196046,S04_ERA_INVARIANT_SIGN,S04_ERA_INVARIANT_SIGN_K1,1,True
2024-11-14,1,7284,盟和産業,0.10260511189699173,True,0.0,-0.5897219882055604,S04_ERA_INVARIANT_SIGN,S04_ERA_INVARIANT_SIGN_K1,1,True
2024-11-15,1,7815,東京ボード⼯業,0.11023704707622528,True,1.0,1.8394648829431537,S04_ERA_INVARIANT_SIGN,S04_ERA_INVARIANT_SIGN_K1,1,True
2024-11-18,1,4346,ＮＥＸＹＺ．Ｇｒｏｕｐ,0.11213914304971695,True,1.0,1.4598540145985384,S04_ERA_INVARIANT_SIGN,S04_ERA_INVARIANT_SIGN_K1,1,True
2024-11-19,1,6656,インスペック,0.09301479905843735,True,0.0,-1.883830455259028,S04_ERA_INVARIANT_SIGN,S04_ERA_INVARIANT_SIGN_K1,1,True
2024-11-20,1,8938,グローム・ホールディングス,0.11120118945837021,True,0.0,-2.5740025740025763,S04_ERA_INVARIANT_SIGN,S04_ERA_INVARIANT_SIGN_K1,1,True
2024-11-21,1,8938,グローム・ホールディングス,0.14757822453975677,True,1.0,1.7287234042553168,S04_ERA_INVARIANT_SIGN,S04_ERA_INVARIANT_SIGN_K1,1,True
2024-11-22,1,8938,グローム・ホールディングス,0.14641433954238892,True,1.0,1.182654402102501,S04_ERA_INVARIANT_SIGN,S04_ERA_INVARIANT_SIGN_K1,1,True
2024-11-25,1,8938,グローム・ホールディングス,0.13709291815757751,True,0.0,-0.2597402597402598,S04_ERA_INVARIANT_SIGN,S04_ERA_INVARIANT_SIGN_K1,1,True
2024-11-26,1,4267,ライトワークス,0.15208549797534943,True,1.0,0.9708737864077666,S04_ERA_INVARIANT_SIGN,S04_ERA_INVARIANT_SIGN_K1,1,True
2024-11-27,1,4267,ライトワークス,0.12540937960147858,True,1.0,1.1650485436893288,S04_ERA_INVARIANT_SIGN,S04_ERA_INVARIANT_SIGN_K1,1,True
2024-11-28,1,4267,ライトワークス,0.11092879623174667,True,1.0,1.4548981571290032,S04_ERA_INVARIANT_SIGN,S04_ERA_INVARIANT_SIGN_K1,1,True
2024-11-29,1,4424,Ａｍａｚｉａ,0.11435257643461227,True,0.0,-0.8695652173912993,S04_ERA_INVARIANT_SIGN,S04_ERA_INVARIANT_SIGN_K1,1,True
2024-12-02,1,4267,ライトワークス,0.11432566493749619,True,1.0,3.9024390243902474,S04_ERA_INVARIANT_SIGN,S04_ERA_INVARIANT_SIGN_K1,1,True
2024-12-03,1,4465,ニイタカ,0.11217311024665833,True,1.0,0.8086253369272267,S04_ERA_INVARIANT_SIGN,S04_ERA_INVARIANT_SIGN_K1,1,True
2024-12-04,1,4465,ニイタカ,0.1191161498427391,True,0.0,-0.2134471718249764,S04_ERA_INVARIANT_SIGN,S04_ERA_INVARIANT_SIGN_K1,1,True
2024-12-05,1,4267,ライトワークス,0.12992532551288605,True,0.0,0.0,S04_ERA_INVARIANT_SIGN,S04_ERA_INVARIANT_SIGN_K1,1,True
2024-12-06,1,4267,ライトワークス,0.1271284818649292,True,0.0,-0.0970873786407811,S04_ERA_INVARIANT_SIGN,S04_ERA_INVARIANT_SIGN_K1,1,True
2024-12-09,1,4267,ライトワークス,0.1208033561706543,True,1.0,1.4577259475218707,S04_ERA_INVARIANT_SIGN,S04_ERA_INVARIANT_SIGN_K1,1,True
2024-12-10,1,4267,ライトワークス,0.13724008202552795,True,1.0,0.674373795761074,S04_ERA_INVARIANT_SIGN,S04_ERA_INVARIANT_SIGN_K1,1,True
2024-12-11,1,4267,ライトワークス,0.12135283648967743,True,1.0,0.4812319538017418,S04_ERA_INVARIANT_SIGN,S04_ERA_INVARIANT_SIGN_K1,1,True
2024-12-12,1,4267,ライトワークス,0.11386267840862274,True,1.0,1.9361084220716362,S04_ERA_INVARIANT_SIGN,S04_ERA_INVARIANT_SIGN_K1,1,True
2024-12-13,1,6898,トミタ電機,0.10637872666120529,True,0.0,-0.27260336210813696,S04_ERA_INVARIANT_SIGN,S04_ERA_INVARIANT_SIGN_K1,1,True
2024-12-16,1,9159,Ｗ ＴＯＫＹＯ,0.11082655191421509,True,0.0,-1.2820512820512775,S04_ERA_INVARIANT_SIGN,S04_ERA_INVARIANT_SIGN_K1,1,True
2024-12-17,1,7345,アイ・パートナーズフィナンシャル,0.12507979571819305,True,0.0,-0.3424657534246589,S04_ERA_INVARIANT_SIGN,S04_ERA_INVARIANT_SIGN_K1,1,True
2024-12-18,1,4267,ライトワークス,0.12176232784986496,True,1.0,1.4778325123152802,S04_ERA_INVARIANT_SIGN,S04_ERA_INVARIANT_SIGN_K1,1,True
2024-12-19,1,7345,アイ・パートナーズフィナンシャル,0.10978151857852936,True,0.0,0.0,S04_ERA_INVARIANT_SIGN,S04_ERA_INVARIANT_SIGN_K1,1,True
2024-12-20,1,7345,アイ・パートナーズフィナンシャル,0.13056612014770508,True,0.0,-1.379310344827589,S04_ERA_INVARIANT_SIGN,S04_ERA_INVARIANT_SIGN_K1,1,True
2024-12-23,1,7345,アイ・パートナーズフィナンシャル,0.13508033752441406,True,1.0,3.6231884057970953,S04_ERA_INVARIANT_SIGN,S04_ERA_INVARIANT_SIGN_K1,1,True
2024-12-24,1,9159,Ｗ ＴＯＫＹＯ,0.10727768391370773,True,0.0,-1.4609571788413045,S04_ERA_INVARIANT_SIGN,S04_ERA_INVARIANT_SIGN_K1,1,True
2024-12-25,1,9159,Ｗ ＴＯＫＹＯ,0.12868985533714294,True,0.0,-3.490759753593431,S04_ERA_INVARIANT_SIGN,S04_ERA_INVARIANT_SIGN_K1,1,True
2024-12-26,1,9159,Ｗ ＴＯＫＹＯ,0.12819452583789825,True,0.0,-2.6687598116169498,S04_ERA_INVARIANT_SIGN,S04_ERA_INVARIANT_SIGN_K1,1,True
2024-12-27,1,9159,Ｗ ＴＯＫＹＯ,0.1081668958067894,True,1.0,2.5515743756786113,S04_ERA_INVARIANT_SIGN,S04_ERA_INVARIANT_SIGN_K1,1,True
2024-12-30,1,3800,ユニリタ,0.11195532232522964,True,0.0,0.0,S04_ERA_INVARIANT_SIGN,S04_ERA_INVARIANT_SIGN_K1,1,True
2025-01-06,1,3800,ユニリタ,0.11387878656387329,True,0.0,0.0,S04_ERA_INVARIANT_SIGN,S04_ERA_INVARIANT_SIGN_K1,1,True
2025-01-07,1,1994,高橋カーテンウォール⼯業,0.10896264016628265,True,0.0,-2.0905923344947785,S04_ERA_INVARIANT_SIGN,S04_ERA_INVARIANT_SIGN_K1,1,True
2025-01-08,1,1994,高橋カーテンウォール⼯業,0.12183280289173126,True,1.0,1.073345259391778,S04_ERA_INVARIANT_SIGN,S04_ERA_INVARIANT_SIGN_K1,1,True
2025-01-09,1,3800,ユニリタ,0.11211924254894257,True,0.0,-0.10035122930256435,S04_ERA_INVARIANT_SIGN,S04_ERA_INVARIANT_SIGN_K1,1,True
2025-01-10,1,1994,高橋カーテンウォール⼯業,0.08506787568330765,True,0.0,0.0,S04_ERA_INVARIANT_SIGN,S04_ERA_INVARIANT_SIGN_K1,1,True
2025-01-14,1,5161,⻄川ゴム⼯業,0.07569162547588348,True,0.0,-0.6363636363636349,S04_ERA_INVARIANT_SIGN,S04_ERA_INVARIANT_SIGN_K1,1,True
2025-01-15,1,9355,リンコーコーポレーション,0.10037728399038315,True,0.0,-1.1571254567600442,S04_ERA_INVARIANT_SIGN,S04_ERA_INVARIANT_SIGN_K1,1,True
2025-01-16,1,4429,リックソフト,0.09082072973251343,True,0.0,-4.30622009569378,S04_ERA_INVARIANT_SIGN,S04_ERA_INVARIANT_SIGN_K1,1,True
2025-01-17,1,9250,ＧＲＣＳ,0.10222648084163666,True,0.0,-0.5751258087706712,S04_ERA_INVARIANT_SIGN,S04_ERA_INVARIANT_SIGN_K1,1,True
2025-01-20,1,9241,フューチャーリンクネットワーク,0.09622733294963837,True,1.0,2.305721605465405,S04_ERA_INVARIANT_SIGN,S04_ERA_INVARIANT_SIGN_K1,1,True
2025-01-21,1,9241,フューチャーリンクネットワーク,0.10781621932983398,True,1.0,3.255425709515869,S04_ERA_INVARIANT_SIGN,S04_ERA_INVARIANT_SIGN_K1,1,True
2025-01-22,1,9241,フューチャーリンクネットワーク,0.10714684426784515,True,1.0,1.6142050040355072,S04_ERA_INVARIANT_SIGN,S04_ERA_INVARIANT_SIGN_K1,1,True
2025-01-23,1,6193,バーチャレクス・ホールディングス,0.11092811822891235,True,1.0,0.24390243902439046,S04_ERA_INVARIANT_SIGN,S04_ERA_INVARIANT_SIGN_K1,1,True
2025-01-24,1,7043,アルー,0.12496615946292877,True,1.0,1.17056856187292,S04_ERA_INVARIANT_SIGN,S04_ERA_INVARIANT_SIGN_K1,1,True
2025-01-27,1,4437,ｇｏｏｄｄａｙｓホールディングス,0.12397661805152893,True,0.0,0.0,S04_ERA_INVARIANT_SIGN,S04_ERA_INVARIANT_SIGN_K1,1,True
2025-01-28,1,8066,三⾕商事,0.12025154381990433,True,1.0,1.1657374556512945,S04_ERA_INVARIANT_SIGN,S04_ERA_INVARIANT_SIGN_K1,1,True
2025-01-29,1,3238,セントラル総合開発,0.11693909764289856,True,1.0,0.2123142250530785,S04_ERA_INVARIANT_SIGN,S04_ERA_INVARIANT_SIGN_K1,1,True
2025-01-30,1,3238,セントラル総合開発,0.12516482174396515,True,1.0,0.6382978723404209,S04_ERA_INVARIANT_SIGN,S04_ERA_INVARIANT_SIGN_K1,1,True
2025-01-31,1,3238,セントラル総合開発,0.11905843764543533,True,0.0,-0.6342494714587699,S04_ERA_INVARIANT_SIGN,S04_ERA_INVARIANT_SIGN_K1,1,True
2025-02-03,1,3238,セントラル総合開発,0.10622472316026688,True,1.0,0.42553191489360653,S04_ERA_INVARIANT_SIGN,S04_ERA_INVARIANT_SIGN_K1,1,True
2025-02-04,1,4424,Ａｍａｚｉａ,0.10503768175840378,True,1.0,0.6514657980456029,S04_ERA_INVARIANT_SIGN,S04_ERA_INVARIANT_SIGN_K1,1,True
2025-02-05,1,4380,Ｍマート,0.11987868696451187,True,1.0,0.43859649122806044,S04_ERA_INVARIANT_SIGN,S04_ERA_INVARIANT_SIGN_K1,1,True
2025-02-06,1,4380,Ｍマート,0.10101059079170227,True,0.0,0.0,S04_ERA_INVARIANT_SIGN,S04_ERA_INVARIANT_SIGN_K1,1,True
2025-02-07,1,6193,バーチャレクス・ホールディングス,0.10845910012722015,True,0.0,0.0,S04_ERA_INVARIANT_SIGN,S04_ERA_INVARIANT_SIGN_K1,1,True
2025-02-10,1,6161,エスティック,0.09917573630809784,True,1.0,1.661129568106312,S04_ERA_INVARIANT_SIGN,S04_ERA_INVARIANT_SIGN_K1,1,True
2025-02-12,1,3674,オークファン,0.11967266350984573,True,0.0,-0.2564102564102555,S04_ERA_INVARIANT_SIGN,S04_ERA_INVARIANT_SIGN_K1,1,True
2025-02-13,1,7043,アルー,0.11741061508655548,True,1.0,4.813664596273282,S04_ERA_INVARIANT_SIGN,S04_ERA_INVARIANT_SIGN_K1,1,True
2025-02-14,1,3800,ユニリタ,0.12365022301673889,True,1.0,0.10040160642570406,S04_ERA_INVARIANT_SIGN,S04_ERA_INVARIANT_SIGN_K1,1,True
2025-02-17,1,3800,ユニリタ,0.10798755288124084,True,1.0,0.05025125628139726,S04_ERA_INVARIANT_SIGN,S04_ERA_INVARIANT_SIGN_K1,1,True
2025-02-18,1,3238,セントラル総合開発,0.11330996453762054,True,1.0,1.0845986984815648,S04_ERA_INVARIANT_SIGN,S04_ERA_INVARIANT_SIGN_K1,1,True
2025-02-19,1,7043,アルー,0.11236364394426346,True,1.0,2.84005979073243,S04_ERA_INVARIANT_SIGN,S04_ERA_INVARIANT_SIGN_K1,1,True
2025-02-20,1,3800,ユニリタ,0.10748559981584549,True,1.0,0.1506024096385561,S04_ERA_INVARIANT_SIGN,S04_ERA_INVARIANT_SIGN_K1,1,True
2025-02-21,1,7638,ＮＥＷ ＡＲＴ ＨＯＬＤＩＮＧＳ,0.11477473378181458,True,0.0,-1.2578616352201255,S04_ERA_INVARIANT_SIGN,S04_ERA_INVARIANT_SIGN_K1,1,True
2025-02-25,1,9244,デジタリフト,0.10948861390352249,True,0.0,-0.2645502645502673,S04_ERA_INVARIANT_SIGN,S04_ERA_INVARIANT_SIGN_K1,1,True
2025-02-26,1,4057,インターファクトリー,0.09729336947202682,True,0.0,-0.8247422680412342,S04_ERA_INVARIANT_SIGN,S04_ERA_INVARIANT_SIGN_K1,1,True
2025-02-27,1,3359,ｃｏｔｔａ,0.09648140519857407,True,0.0,0.0,S04_ERA_INVARIANT_SIGN,S04_ERA_INVARIANT_SIGN_K1,1,True
2025-02-28,1,3490,アズ企画設計,0.1063891127705574,True,0.0,-0.49545829892650994,S04_ERA_INVARIANT_SIGN,S04_ERA_INVARIANT_SIGN_K1,1,True
2025-03-03,1,3490,アズ企画設計,0.10520937293767929,True,0.0,-0.4161464835622186,S04_ERA_INVARIANT_SIGN,S04_ERA_INVARIANT_SIGN_K1,1,True
2025-03-04,1,2300,きょくとう,0.10067696124315262,True,0.0,-0.6024096385542133,S04_ERA_INVARIANT_SIGN,S04_ERA_INVARIANT_SIGN_K1,1,True
2025-03-05,1,6312,フロイント産業,0.10613905638456345,True,0.0,-0.2645502645502673,S04_ERA_INVARIANT_SIGN,S04_ERA_INVARIANT_SIGN_K1,1,True
2025-03-06,1,3063,ジェイグループホールディングス,0.11138471215963364,True,0.0,-0.5780346820809301,S04_ERA_INVARIANT_SIGN,S04_ERA_INVARIANT_SIGN_K1,1,True
2025-03-07,1,3800,ユニリタ,0.10560744255781174,True,0.0,-0.05002501250624958,S04_ERA_INVARIANT_SIGN,S04_ERA_INVARIANT_SIGN_K1,1,True
2025-03-10,1,4783,ＮＣＤ,0.12280735373497009,True,0.0,-0.03844675124952124,S04_ERA_INVARIANT_SIGN,S04_ERA_INVARIANT_SIGN_K1,1,True
2025-03-11,1,7345,アイ・パートナーズフィナンシャル,0.1378825604915619,True,1.0,0.6666666666666599,S04_ERA_INVARIANT_SIGN,S04_ERA_INVARIANT_SIGN_K1,1,True
2025-03-12,1,8139,ナガホリ,0.10576033592224121,True,1.0,1.231884057971011,S04_ERA_INVARIANT_SIGN,S04_ERA_INVARIANT_SIGN_K1,1,True
2025-03-13,1,7345,アイ・パートナーズフィナンシャル,0.11587216705083847,True,1.0,1.683501683501687,S04_ERA_INVARIANT_SIGN,S04_ERA_INVARIANT_SIGN_K1,1,True
2025-03-14,1,7345,アイ・パートナーズフィナンシャル,0.1082306057214737,True,0.0,-1.4657980456026065,S04_ERA_INVARIANT_SIGN,S04_ERA_INVARIANT_SIGN_K1,1,True
2025-03-17,1,2332,クエスト,0.11452323943376541,True,1.0,0.6666666666666599,S04_ERA_INVARIANT_SIGN,S04_ERA_INVARIANT_SIGN_K1,1,True
2025-03-18,1,7345,アイ・パートナーズフィナンシャル,0.13182926177978516,True,0.0,-1.7793594306049876,S04_ERA_INVARIANT_SIGN,S04_ERA_INVARIANT_SIGN_K1,1,True
2025-03-19,1,2332,クエスト,0.1334943175315857,True,1.0,0.589101620029453,S04_ERA_INVARIANT_SIGN,S04_ERA_INVARIANT_SIGN_K1,1,True
2025-03-21,1,5277,スパンクリートコーポレーション,0.1291298270225525,True,0.0,-0.22421524663677195,S04_ERA_INVARIANT_SIGN,S04_ERA_INVARIANT_SIGN_K1,1,True
2025-03-24,1,5277,スパンクリートコーポレーション,0.1404741257429123,True,1.0,0.22421524663676085,S04_ERA_INVARIANT_SIGN,S04_ERA_INVARIANT_SIGN_K1,1,True
2025-03-25,1,5277,スパンクリートコーポレーション,0.15434281527996063,True,0.0,-0.22371364653244186,S04_ERA_INVARIANT_SIGN,S04_ERA_INVARIANT_SIGN_K1,1,True
2025-03-26,1,5277,スパンクリートコーポレーション,0.1495113968849182,True,1.0,0.4474272930648837,S04_ERA_INVARIANT_SIGN,S04_ERA_INVARIANT_SIGN_K1,1,True
2025-03-27,1,5277,スパンクリートコーポレーション,0.1460963487625122,True,1.0,0.44642857142858094,S04_ERA_INVARIANT_SIGN,S04_ERA_INVARIANT_SIGN_K1,1,True
2025-03-28,1,5277,スパンクリートコーポレーション,0.14719274640083313,True,1.0,0.6696428571428603,S04_ERA_INVARIANT_SIGN,S04_ERA_INVARIANT_SIGN_K1,1,True
2025-03-31,1,7813,プラッツ,0.12392190843820572,True,1.0,0.4398826979472137,S04_ERA_INVARIANT_SIGN,S04_ERA_INVARIANT_SIGN_K1,1,True
2025-04-01,1,3434,アルファＣｏ,0.11254805326461792,True,0.0,-1.4388489208633115,S04_ERA_INVARIANT_SIGN,S04_ERA_INVARIANT_SIGN_K1,1,True
2025-04-02,1,7318,セレンディップ・ホールディングス,0.1279921978712082,True,0.0,-0.9044657998869443,S04_ERA_INVARIANT_SIGN,S04_ERA_INVARIANT_SIGN_K1,1,True
2025-04-03,1,5845,全保連,0.11362306773662567,True,0.0,-0.6127450980392135,S04_ERA_INVARIANT_SIGN,S04_ERA_INVARIANT_SIGN_K1,1,True
2025-04-04,1,2332,クエスト,0.09486567229032516,True,0.0,-0.8000000000000007,S04_ERA_INVARIANT_SIGN,S04_ERA_INVARIANT_SIGN_K1,1,True
2025-04-07,1,7036,イーエムネットジャパン,0.13476300239562988,True,0.0,-8.115942028985511,S04_ERA_INVARIANT_SIGN,S04_ERA_INVARIANT_SIGN_K1,1,True
2025-04-08,1,1662,石油資源開発,0.09448934346437454,True,0.0,-0.29880478087649376,S04_ERA_INVARIANT_SIGN,S04_ERA_INVARIANT_SIGN_K1,1,True
2025-04-09,1,1662,石油資源開発,0.09469752758741379,True,0.0,-2.7551020408163263,S04_ERA_INVARIANT_SIGN,S04_ERA_INVARIANT_SIGN_K1,1,True
2025-04-10,1,9165,クオルテック,0.10557763278484344,True,0.0,-6.797706797706793,S04_ERA_INVARIANT_SIGN,S04_ERA_INVARIANT_SIGN_K1,1,True
2025-04-11,1,7043,アルー,0.10464345663785934,True,1.0,1.9461077844311392,S04_ERA_INVARIANT_SIGN,S04_ERA_INVARIANT_SIGN_K1,1,True
2025-04-14,1,7043,アルー,0.12256243824958801,True,1.0,2.2222222222222143,S04_ERA_INVARIANT_SIGN,S04_ERA_INVARIANT_SIGN_K1,1,True
2025-04-15,1,3986,ビーブレイクシステムズ,0.16478268802165985,True,1.0,0.20964360587001352,S04_ERA_INVARIANT_SIGN,S04_ERA_INVARIANT_SIGN_K1,1,True
2025-04-16,1,3986,ビーブレイクシステムズ,0.1547868549823761,True,,,S04_ERA_INVARIANT_SIGN,S04_ERA_INVARIANT_SIGN_K1,1,False
2025-04-17,1,3986,ビーブレイクシステムズ,0.156751349568367,True,0.0,-2.0689655172413834,S04_ERA_INVARIANT_SIGN,S04_ERA_INVARIANT_SIGN_K1,1,True
2025-04-18,1,3986,ビーブレイクシステムズ,0.1378045231103897,True,1.0,1.0563380281690238,S04_ERA_INVARIANT_SIGN,S04_ERA_INVARIANT_SIGN_K1,1,True
2025-04-21,1,3986,ビーブレイクシステムズ,0.12241636961698532,True,0.0,-1.7796030116358663,S04_ERA_INVARIANT_SIGN,S04_ERA_INVARIANT_SIGN_K1,1,True
2025-04-22,1,7043,アルー,0.12383323907852173,True,1.0,1.3157894736842035,S04_ERA_INVARIANT_SIGN,S04_ERA_INVARIANT_SIGN_K1,1,True
2025-04-23,1,7043,アルー,0.12588082253932953,True,0.0,-0.575539568345329,S04_ERA_INVARIANT_SIGN,S04_ERA_INVARIANT_SIGN_K1,1,True
2025-04-24,1,7043,アルー,0.1406629979610443,True,1.0,0.5788712011577379,S04_ERA_INVARIANT_SIGN,S04_ERA_INVARIANT_SIGN_K1,1,True
2025-04-25,1,7043,アルー,0.13145756721496582,True,1.0,0.1436781609195359,S04_ERA_INVARIANT_SIGN,S04_ERA_INVARIANT_SIGN_K1,1,True
2025-04-28,1,7043,アルー,0.12036678940057755,True,0.0,-0.43041606886656814,S04_ERA_INVARIANT_SIGN,S04_ERA_INVARIANT_SIGN_K1,1,True
2025-04-30,1,7043,アルー,0.13426923751831055,True,1.0,0.14409221902016434,S04_ERA_INVARIANT_SIGN,S04_ERA_INVARIANT_SIGN_K1,1,True
2025-05-01,1,7043,アルー,0.12905876338481903,True,1.0,0.2877697841726645,S04_ERA_INVARIANT_SIGN,S04_ERA_INVARIANT_SIGN_K1,1,True
2025-05-02,1,7043,アルー,0.11751271784305573,True,0.0,-0.1436781609195359,S04_ERA_INVARIANT_SIGN,S04_ERA_INVARIANT_SIGN_K1,1,True
2025-05-07,1,7043,アルー,0.1369626224040985,True,1.0,1.5827338129496438,S04_ERA_INVARIANT_SIGN,S04_ERA_INVARIANT_SIGN_K1,1,True
2025-05-08,1,7043,アルー,0.1182064488530159,True,1.0,2.1398002853067144,S04_ERA_INVARIANT_SIGN,S04_ERA_INVARIANT_SIGN_K1,1,True
2025-05-09,1,7043,アルー,0.12342030555009842,True,1.0,2.384291725105192,S04_ERA_INVARIANT_SIGN,S04_ERA_INVARIANT_SIGN_K1,1,True
2025-05-12,1,7345,アイ・パートナーズフィナンシャル,0.1339302510023117,True,1.0,1.6042780748663166,S04_ERA_INVARIANT_SIGN,S04_ERA_INVARIANT_SIGN_K1,1,True
2025-05-13,1,7345,アイ・パートナーズフィナンシャル,0.13054987788200378,True,0.0,-1.0714285714285676,S04_ERA_INVARIANT_SIGN,S04_ERA_INVARIANT_SIGN_K1,1,True
2025-05-14,1,7345,アイ・パートナーズフィナンシャル,0.14322686195373535,True,1.0,3.392857142857153,S04_ERA_INVARIANT_SIGN,S04_ERA_INVARIANT_SIGN_K1,1,True
2025-05-15,1,3353,メディカル一光グループ,0.12285883724689484,True,1.0,0.2565198802907176,S04_ERA_INVARIANT_SIGN,S04_ERA_INVARIANT_SIGN_K1,1,True
2025-05-16,1,7345,アイ・パートナーズフィナンシャル,0.1360129565000534,True,1.0,0.8928571428571397,S04_ERA_INVARIANT_SIGN,S04_ERA_INVARIANT_SIGN_K1,1,True
2025-05-19,1,6034,ＭＲＴ,0.12073050439357758,True,0.0,-1.3274336283185861,S04_ERA_INVARIANT_SIGN,S04_ERA_INVARIANT_SIGN_K1,1,True
2025-05-20,1,7345,アイ・パートナーズフィナンシャル,0.12372417002916336,True,1.0,0.727272727272732,S04_ERA_INVARIANT_SIGN,S04_ERA_INVARIANT_SIGN_K1,1,True
2025-05-21,1,3141,ウエルシアホールディングス,0.10414581745862961,True,1.0,1.320676846884039,S04_ERA_INVARIANT_SIGN,S04_ERA_INVARIANT_SIGN_K1,1,True
2025-05-22,1,7345,アイ・パートナーズフィナンシャル,0.1154274120926857,True,1.0,1.6666666666666607,S04_ERA_INVARIANT_SIGN,S04_ERA_INVARIANT_SIGN_K1,1,True
2025-05-23,1,7345,アイ・パートナーズフィナンシャル,0.11583871394395828,True,1.0,1.4842300556586308,S04_ERA_INVARIANT_SIGN,S04_ERA_INVARIANT_SIGN_K1,1,True
2025-05-26,1,7345,アイ・パートナーズフィナンシャル,0.12420818209648132,True,1.0,0.3656307129798808,S04_ERA_INVARIANT_SIGN,S04_ERA_INVARIANT_SIGN_K1,1,True
2025-05-27,1,5945,天龍製鋸,0.11253777146339417,True,1.0,0.10804970286331095,S04_ERA_INVARIANT_SIGN,S04_ERA_INVARIANT_SIGN_K1,1,True
2025-05-28,1,5945,天龍製鋸,0.12435166537761688,True,1.0,0.37776578521315773,S04_ERA_INVARIANT_SIGN,S04_ERA_INVARIANT_SIGN_K1,1,True
2025-05-29,1,7345,アイ・パートナーズフィナンシャル,0.1365114450454712,True,1.0,1.4814814814814836,S04_ERA_INVARIANT_SIGN,S04_ERA_INVARIANT_SIGN_K1,1,True
2025-05-30,1,5945,天龍製鋸,0.1303667426109314,True,1.0,0.2702702702702675,S04_ERA_INVARIANT_SIGN,S04_ERA_INVARIANT_SIGN_K1,1,True
2025-06-02,1,5945,天龍製鋸,0.11843744665384293,True,0.0,-0.48179871520342976,S04_ERA_INVARIANT_SIGN,S04_ERA_INVARIANT_SIGN_K1,1,True
2025-06-03,1,3271,ＴＨＥグローバル社,0.10613608360290527,True,0.0,-0.6295907660020972,S04_ERA_INVARIANT_SIGN,S04_ERA_INVARIANT_SIGN_K1,1,True
2025-06-04,1,6346,キクカワエンタープライズ,0.10767747461795807,True,1.0,1.0869565217391353,S04_ERA_INVARIANT_SIGN,S04_ERA_INVARIANT_SIGN_K1,1,True
2025-06-05,1,6346,キクカワエンタープライズ,0.10416696965694427,True,,,S04_ERA_INVARIANT_SIGN,S04_ERA_INVARIANT_SIGN_K1,1,False
2025-06-06,1,3948,光ビジネスフォーム,0.11877834051847458,True,1.0,1.6999999999999904,S04_ERA_INVARIANT_SIGN,S04_ERA_INVARIANT_SIGN_K1,1,True
2025-06-09,1,3271,ＴＨＥグローバル社,0.09933219850063324,True,0.0,0.0,S04_ERA_INVARIANT_SIGN,S04_ERA_INVARIANT_SIGN_K1,1,True
2025-06-10,1,9142,九州旅客鉄道,0.09113424271345139,True,0.0,-0.42440318302386926,S04_ERA_INVARIANT_SIGN,S04_ERA_INVARIANT_SIGN_K1,1,True
2025-06-11,1,175A,Ｗｉｌｌ Ｓｍａｒｔ,0.10030904412269592,True,1.0,2.1437578814627933,S04_ERA_INVARIANT_SIGN,S04_ERA_INVARIANT_SIGN_K1,1,True
2025-06-12,1,7255,桜井製作所,0.10378758609294891,True,1.0,1.5706806282722585,S04_ERA_INVARIANT_SIGN,S04_ERA_INVARIANT_SIGN_K1,1,True
2025-06-13,1,4437,ｇｏｏｄｄａｙｓホールディングス,0.0969436913728714,True,1.0,0.7473841554558991,S04_ERA_INVARIANT_SIGN,S04_ERA_INVARIANT_SIGN_K1,1,True
2025-06-16,1,7345,アイ・パートナーズフィナンシャル,0.10995907336473465,True,1.0,2.177858439201441,S04_ERA_INVARIANT_SIGN,S04_ERA_INVARIANT_SIGN_K1,1,True
2025-06-17,1,3843,フリービット,0.11730761080980301,True,1.0,0.3518648838845895,S04_ERA_INVARIANT_SIGN,S04_ERA_INVARIANT_SIGN_K1,1,True
2025-06-18,1,7255,桜井製作所,0.10656193643808365,True,1.0,0.17241379310344307,S04_ERA_INVARIANT_SIGN,S04_ERA_INVARIANT_SIGN_K1,1,True
2025-06-19,1,3843,フリービット,0.1079828292131424,True,0.0,-0.6271777003484358,S04_ERA_INVARIANT_SIGN,S04_ERA_INVARIANT_SIGN_K1,1,True
2025-06-20,1,3843,フリービット,0.10510504245758057,True,0.0,-1.480959097320167,S04_ERA_INVARIANT_SIGN,S04_ERA_INVARIANT_SIGN_K1,1,True
2025-06-23,1,6648,かわでん,0.10925894975662231,True,1.0,0.11428571428571122,S04_ERA_INVARIANT_SIGN,S04_ERA_INVARIANT_SIGN_K1,1,True
2025-06-24,1,2327,日鉄ソリューションズ,0.0997290089726448,True,0.0,-0.42918454935622075,S04_ERA_INVARIANT_SIGN,S04_ERA_INVARIANT_SIGN_K1,1,True
2025-06-25,1,4437,ｇｏｏｄｄａｙｓホールディングス,0.1131535992026329,True,0.0,-0.295857988165682,S04_ERA_INVARIANT_SIGN,S04_ERA_INVARIANT_SIGN_K1,1,True
2025-06-26,1,4437,ｇｏｏｄｄａｙｓホールディングス,0.10077428072690964,True,1.0,1.5037593984962516,S04_ERA_INVARIANT_SIGN,S04_ERA_INVARIANT_SIGN_K1,1,True
2025-06-27,1,4437,ｇｏｏｄｄａｙｓホールディングス,0.1010749489068985,True,1.0,0.14792899408284654,S04_ERA_INVARIANT_SIGN,S04_ERA_INVARIANT_SIGN_K1,1,True
2025-06-30,1,4437,ｇｏｏｄｄａｙｓホールディングス,0.12101438641548157,True,1.0,1.4925373134328401,S04_ERA_INVARIANT_SIGN,S04_ERA_INVARIANT_SIGN_K1,1,True
2025-07-01,1,4437,ｇｏｏｄｄａｙｓホールディングス,0.10821084678173065,True,0.0,-0.7299270072992692,S04_ERA_INVARIANT_SIGN,S04_ERA_INVARIANT_SIGN_K1,1,True
2025-07-02,1,9361,伏木海陸運送,0.0974162220954895,True,0.0,-0.5518087063151489,S04_ERA_INVARIANT_SIGN,S04_ERA_INVARIANT_SIGN_K1,1,True
2025-07-03,1,7043,アルー,0.10068100690841675,True,1.0,0.5221932114882533,S04_ERA_INVARIANT_SIGN,S04_ERA_INVARIANT_SIGN_K1,1,True
2025-07-04,1,4391,ロジザード,0.08348675817251205,True,0.0,-1.56378600823045,S04_ERA_INVARIANT_SIGN,S04_ERA_INVARIANT_SIGN_K1,1,True
2025-07-07,1,2798,ワイズテーブルコーポレーション,0.09696133434772491,True,0.0,-0.8681135225375614,S04_ERA_INVARIANT_SIGN,S04_ERA_INVARIANT_SIGN_K1,1,True
2025-07-08,1,2798,ワイズテーブルコーポレーション,0.09111081063747406,True,0.0,-0.03370407819346388,S04_ERA_INVARIANT_SIGN,S04_ERA_INVARIANT_SIGN_K1,1,True
2025-07-09,1,7043,アルー,0.11083392798900604,True,1.0,0.78125,S04_ERA_INVARIANT_SIGN,S04_ERA_INVARIANT_SIGN_K1,1,True
2025-07-10,1,4437,ｇｏｏｄｄａｙｓホールディングス,0.11679773032665253,True,1.0,0.4411764705882337,S04_ERA_INVARIANT_SIGN,S04_ERA_INVARIANT_SIGN_K1,1,True
2025-07-11,1,4437,ｇｏｏｄｄａｙｓホールディングス,0.1172216460108757,True,1.0,0.2928257686676483,S04_ERA_INVARIANT_SIGN,S04_ERA_INVARIANT_SIGN_K1,1,True
2025-07-14,1,4437,ｇｏｏｄｄａｙｓホールディングス,0.12112791836261749,True,0.0,-0.7246376811594235,S04_ERA_INVARIANT_SIGN,S04_ERA_INVARIANT_SIGN_K1,1,True
2025-07-15,1,7043,アルー,0.12226911634206772,True,0.0,0.0,S04_ERA_INVARIANT_SIGN,S04_ERA_INVARIANT_SIGN_K1,1,True
2025-07-16,1,7043,アルー,0.10829956084489822,True,1.0,0.6493506493506551,S04_ERA_INVARIANT_SIGN,S04_ERA_INVARIANT_SIGN_K1,1,True
2025-07-17,1,7043,アルー,0.10732592642307281,True,1.0,0.2600780234070177,S04_ERA_INVARIANT_SIGN,S04_ERA_INVARIANT_SIGN_K1,1,True
2025-07-18,1,7043,アルー,0.12451346963644028,True,1.0,0.1290322580645098,S04_ERA_INVARIANT_SIGN,S04_ERA_INVARIANT_SIGN_K1,1,True
2025-07-22,1,7043,アルー,0.11435844004154205,True,1.0,2.05920205920207,S04_ERA_INVARIANT_SIGN,S04_ERA_INVARIANT_SIGN_K1,1,True
2025-07-23,1,7808,シー・エス・ランバー,0.08823761343955994,True,1.0,0.4366812227074135,S04_ERA_INVARIANT_SIGN,S04_ERA_INVARIANT_SIGN_K1,1,True
2025-07-24,1,7808,シー・エス・ランバー,0.10899647325277328,True,1.0,1.655629139072845,S04_ERA_INVARIANT_SIGN,S04_ERA_INVARIANT_SIGN_K1,1,True
2025-07-25,1,7634,星医療酸器,0.11569160968065262,True,1.0,0.439560439560438,S04_ERA_INVARIANT_SIGN,S04_ERA_INVARIANT_SIGN_K1,1,True
2025-07-28,1,9259,タカヨシホールディングス,0.11481388658285141,True,0.0,-0.14265335235378318,S04_ERA_INVARIANT_SIGN,S04_ERA_INVARIANT_SIGN_K1,1,True
2025-07-29,1,9259,タカヨシホールディングス,0.1147596687078476,True,0.0,0.0,S04_ERA_INVARIANT_SIGN,S04_ERA_INVARIANT_SIGN_K1,1,True
2025-07-30,1,7043,アルー,0.11204386502504349,True,1.0,2.130325814536338,S04_ERA_INVARIANT_SIGN,S04_ERA_INVARIANT_SIGN_K1,1,True
2025-07-31,1,9259,タカヨシホールディングス,0.10967588424682617,True,1.0,0.14265335235377208,S04_ERA_INVARIANT_SIGN,S04_ERA_INVARIANT_SIGN_K1,1,True
2024-07-01,1,7043,アルー,0.13407117128372192,True,1.0,0.49999999999998934,S04_ERA_INVARIANT_SIGN,S04_ERA_INVARIANT_SIGN_K2,2,True
2024-07-01,2,8139,ナガホリ,0.11601271480321884,True,1.0,2.382671480144394,S04_ERA_INVARIANT_SIGN,S04_ERA_INVARIANT_SIGN_K2,2,True
2024-07-02,1,7043,アルー,0.13036015629768372,True,0.0,-0.49813200498132204,S04_ERA_INVARIANT_SIGN,S04_ERA_INVARIANT_SIGN_K2,2,True
2024-07-02,2,2480,システム・ロケーション,0.11157186329364777,True,1.0,0.07256894049347817,S04_ERA_INVARIANT_SIGN,S04_ERA_INVARIANT_SIGN_K2,2,True
2024-07-03,1,7043,アルー,0.12369541823863983,True,1.0,1.643489254108732,S04_ERA_INVARIANT_SIGN,S04_ERA_INVARIANT_SIGN_K2,2,True
2024-07-03,2,6151,日東⼯器,0.12121910601854324,True,0.0,-4.340497260851239,S04_ERA_INVARIANT_SIGN,S04_ERA_INVARIANT_SIGN_K2,2,True
2024-07-04,1,6151,日東⼯器,0.12175945937633514,True,0.0,-0.9683098591549255,S04_ERA_INVARIANT_SIGN,S04_ERA_INVARIANT_SIGN_K2,2,True
2024-07-04,2,6836,ぷらっとホーム,0.1042257770895958,True,0.0,-2.8532608695652217,S04_ERA_INVARIANT_SIGN,S04_ERA_INVARIANT_SIGN_K2,2,True
2024-07-05,1,2480,システム・ロケーション,0.1162625104188919,True,1.0,1.8436578171091345,S04_ERA_INVARIANT_SIGN,S04_ERA_INVARIANT_SIGN_K2,2,True
2024-07-05,2,7043,アルー,0.11424055695533752,True,1.0,7.800511508951402,S04_ERA_INVARIANT_SIGN,S04_ERA_INVARIANT_SIGN_K2,2,True
2024-07-08,1,6151,日東⼯器,0.10065548121929169,True,0.0,-3.8224956063268922,S04_ERA_INVARIANT_SIGN,S04_ERA_INVARIANT_SIGN_K2,2,True
2024-07-08,2,3302,帝国繊維,0.09351203590631485,True,0.0,-3.299293008641002,S04_ERA_INVARIANT_SIGN,S04_ERA_INVARIANT_SIGN_K2,2,True
2024-07-09,1,6151,日東⼯器,0.10433977842330933,True,1.0,0.22841480127913094,S04_ERA_INVARIANT_SIGN,S04_ERA_INVARIANT_SIGN_K2,2,True
2024-07-09,2,3302,帝国繊維,0.09106756001710892,True,0.0,-1.1263073209975882,S04_ERA_INVARIANT_SIGN,S04_ERA_INVARIANT_SIGN_K2,2,True
2024-07-10,1,1866,北野建設,0.09467306733131409,True,0.0,-0.4070556309362261,S04_ERA_INVARIANT_SIGN,S04_ERA_INVARIANT_SIGN_K2,2,True
2024-07-10,2,4491,コンピューターマネージメント,0.08948658406734467,True,1.0,1.4251781472684133,S04_ERA_INVARIANT_SIGN,S04_ERA_INVARIANT_SIGN_K2,2,True
2024-07-11,1,4628,エスケー化研,0.10152468085289001,True,0.0,-3.2362459546925515,S04_ERA_INVARIANT_SIGN,S04_ERA_INVARIANT_SIGN_K2,2,True
2024-07-11,2,7011,三菱重⼯業,0.09847333282232285,True,0.0,-2.212153518123672,S04_ERA_INVARIANT_SIGN,S04_ERA_INVARIANT_SIGN_K2,2,True
2024-07-12,1,4628,エスケー化研,0.10535452514886856,True,1.0,3.0701754385964897,S04_ERA_INVARIANT_SIGN,S04_ERA_INVARIANT_SIGN_K2,2,True
2024-07-12,2,4344,ソースネクスト,0.1041218563914299,True,1.0,9.478672985782,S04_ERA_INVARIANT_SIGN,S04_ERA_INVARIANT_SIGN_K2,2,True
2024-07-16,1,5252,日本ナレッジ,0.09871752560138702,True,0.0,0.0,S04_ERA_INVARIANT_SIGN,S04_ERA_INVARIANT_SIGN_K2,2,True
2024-07-16,2,8938,グローム・ホールディングス,0.09775565564632416,True,1.0,3.2727272727272716,S04_ERA_INVARIANT_SIGN,S04_ERA_INVARIANT_SIGN_K2,2,True
2024-07-17,1,7807,幸和製作所,0.13021869957447052,True,0.0,-2.4207011686143587,S04_ERA_INVARIANT_SIGN,S04_ERA_INVARIANT_SIGN_K2,2,True
2024-07-17,2,3892,岡山製紙,0.12138226628303528,True,1.0,0.06756756756756133,S04_ERA_INVARIANT_SIGN,S04_ERA_INVARIANT_SIGN_K2,2,True
2024-07-18,1,6727,ワコム,0.1065501794219017,True,0.0,-1.8472906403940836,S04_ERA_INVARIANT_SIGN,S04_ERA_INVARIANT_SIGN_K2,2,True
2024-07-18,2,4519,中外製薬,0.10348546504974365,True,1.0,0.4027521396207323,S04_ERA_INVARIANT_SIGN,S04_ERA_INVARIANT_SIGN_K2,2,True
2024-07-19,1,6727,ワコム,0.1103895977139473,True,1.0,0.881612090680095,S04_ERA_INVARIANT_SIGN,S04_ERA_INVARIANT_SIGN_K2,2,True
2024-07-19,2,5252,日本ナレッジ,0.1089019700884819,True,1.0,0.6545454545454632,S04_ERA_INVARIANT_SIGN,S04_ERA_INVARIANT_SIGN_K2,2,True
2024-07-22,1,7043,アルー,0.12986555695533752,True,1.0,4.422604422604426,S04_ERA_INVARIANT_SIGN,S04_ERA_INVARIANT_SIGN_K2,2,True
2024-07-22,2,4519,中外製薬,0.10038803517818451,True,0.0,0.0,S04_ERA_INVARIANT_SIGN,S04_ERA_INVARIANT_SIGN_K2,2,True
2024-07-23,1,6707,サンケン電気,0.10575547069311142,True,0.0,-1.3733333333333375,S04_ERA_INVARIANT_SIGN,S04_ERA_INVARIANT_SIGN_K2,2,True
2024-07-23,2,6048,デザインワン・ジャパン,0.10409669578075409,True,0.0,-2.0689655172413834,S04_ERA_INVARIANT_SIGN,S04_ERA_INVARIANT_SIGN_K2,2,True
2024-07-24,1,9246,プロジェクトホールディングス,0.11288614571094513,True,0.0,-0.07347538574578039,S04_ERA_INVARIANT_SIGN,S04_ERA_INVARIANT_SIGN_K2,2,True
2024-07-24,2,5252,日本ナレッジ,0.10169942677021027,True,1.0,0.8843036109064117,S04_ERA_INVARIANT_SIGN,S04_ERA_INVARIANT_SIGN_K2,2,True
2024-07-25,1,9246,プロジェクトホールディングス,0.09973017126321793,True,1.0,3.308823529411775,S04_ERA_INVARIANT_SIGN,S04_ERA_INVARIANT_SIGN_K2,2,True
2024-07-25,2,6113,アマダ,0.09482889622449875,True,0.0,-2.4864246927693623,S04_ERA_INVARIANT_SIGN,S04_ERA_INVARIANT_SIGN_K2,2,True
2024-07-26,1,4307,野村総合研究所,0.08808694779872894,True,1.0,4.342959480635766,S04_ERA_INVARIANT_SIGN,S04_ERA_INVARIANT_SIGN_K2,2,True
2024-07-26,2,9812,テーオーホールディングス,0.08778804540634155,True,0.0,-6.020942408376961,S04_ERA_INVARIANT_SIGN,S04_ERA_INVARIANT_SIGN_K2,2,True
2024-07-29,1,5247,ＢＴＭ,0.08651061356067657,True,1.0,3.5409836065573685,S04_ERA_INVARIANT_SIGN,S04_ERA_INVARIANT_SIGN_K2,2,True
2024-07-29,2,8609,岡三証券グループ,0.07722626626491547,True,1.0,3.5190615835777095,S04_ERA_INVARIANT_SIGN,S04_ERA_INVARIANT_SIGN_K2,2,True
2024-07-30,1,7043,アルー,0.11672018468379974,True,1.0,2.4242424242424176,S04_ERA_INVARIANT_SIGN,S04_ERA_INVARIANT_SIGN_K2,2,True
2024-07-30,2,4523,エーザイ,0.0919731929898262,True,1.0,2.496944298934878,S04_ERA_INVARIANT_SIGN,S04_ERA_INVARIANT_SIGN_K2,2,True
2024-07-31,1,4507,塩野義製薬,0.08794323354959488,True,1.0,0.18223234624146212,S04_ERA_INVARIANT_SIGN,S04_ERA_INVARIANT_SIGN_K2,2,True
2024-07-31,2,4215,タキロンシーアイ,0.08719442784786224,True,1.0,6.857855361595999,S04_ERA_INVARIANT_SIGN,S04_ERA_INVARIANT_SIGN_K2,2,True
2024-08-01,1,8139,ナガホリ,0.13141003251075745,True,1.0,2.3668639053254337,S04_ERA_INVARIANT_SIGN,S04_ERA_INVARIANT_SIGN_K2,2,True
2024-08-01,2,4496,コマースＯｎｅホールディングス,0.11701999604701996,True,1.0,1.4084507042253502,S04_ERA_INVARIANT_SIGN,S04_ERA_INVARIANT_SIGN_K2,2,True
2024-08-02,1,3673,ブロードリーフ,0.12051340937614441,True,0.0,-3.0411449016100156,S04_ERA_INVARIANT_SIGN,S04_ERA_INVARIANT_SIGN_K2,2,True
2024-08-02,2,8139,ナガホリ,0.11855940520763397,True,0.0,0.0,S04_ERA_INVARIANT_SIGN,S04_ERA_INVARIANT_SIGN_K2,2,True
2024-08-05,1,9996,サトー商会,0.11019926518201828,True,1.0,8.002602472348741,S04_ERA_INVARIANT_SIGN,S04_ERA_INVARIANT_SIGN_K2,2,True
2024-08-05,2,1764,⼯藤建設,0.10909529775381088,True,0.0,-6.146025878003691,S04_ERA_INVARIANT_SIGN,S04_ERA_INVARIANT_SIGN_K2,2,True
2024-08-06,1,9162,ブリーチ,0.11170756071805954,True,0.0,0.0,S04_ERA_INVARIANT_SIGN,S04_ERA_INVARIANT_SIGN_K2,2,True
2024-08-06,2,4496,コマースＯｎｅホールディングス,0.10339891165494919,True,1.0,12.53968253968254,S04_ERA_INVARIANT_SIGN,S04_ERA_INVARIANT_SIGN_K2,2,True
2024-08-07,1,4814,ネクストウェア,0.09232299029827118,True,1.0,4.8387096774193505,S04_ERA_INVARIANT_SIGN,S04_ERA_INVARIANT_SIGN_K2,2,True
2024-08-07,2,7043,アルー,0.0824207067489624,True,1.0,2.836004932182501,S04_ERA_INVARIANT_SIGN,S04_ERA_INVARIANT_SIGN_K2,2,True
2024-08-08,1,7043,アルー,0.08454963564872742,True,1.0,0.3597122302158251,S04_ERA_INVARIANT_SIGN,S04_ERA_INVARIANT_SIGN_K2,2,True
2024-08-08,2,1997,暁飯島⼯業,0.05142015218734741,True,1.0,3.0056355666875367,S04_ERA_INVARIANT_SIGN,S04_ERA_INVARIANT_SIGN_K2,2,True
2024-08-09,1,7043,アルー,0.10270867496728897,True,0.0,0.0,S04_ERA_INVARIANT_SIGN,S04_ERA_INVARIANT_SIGN_K2,2,True
2024-08-09,2,8139,ナガホリ,0.0816086158156395,True,0.0,-3.1884057971014457,S04_ERA_INVARIANT_SIGN,S04_ERA_INVARIANT_SIGN_K2,2,True
2024-08-13,1,7043,アルー,0.1248306930065155,True,0.0,-1.8495684340320562,S04_ERA_INVARIANT_SIGN,S04_ERA_INVARIANT_SIGN_K2,2,True
2024-08-13,2,8139,ナガホリ,0.1211133673787117,True,1.0,0.5098324836125379,S04_ERA_INVARIANT_SIGN,S04_ERA_INVARIANT_SIGN_K2,2,True
2024-08-14,1,7043,アルー,0.16797788441181183,True,1.0,3.409090909090917,S04_ERA_INVARIANT_SIGN,S04_ERA_INVARIANT_SIGN_K2,2,True
2024-08-14,2,8139,ナガホリ,0.1394614428281784,True,0.0,0.0,S04_ERA_INVARIANT_SIGN,S04_ERA_INVARIANT_SIGN_K2,2,True
2024-08-15,1,8139,ナガホリ,0.13475657999515533,True,0.0,-1.1594202898550732,S04_ERA_INVARIANT_SIGN,S04_ERA_INVARIANT_SIGN_K2,2,True
2024-08-15,2,7043,アルー,0.1279897540807724,True,0.0,-2.5547445255474477,S04_ERA_INVARIANT_SIGN,S04_ERA_INVARIANT_SIGN_K2,2,True
2024-08-16,1,7043,アルー,0.15187355875968933,True,0.0,-0.4987531172069848,S04_ERA_INVARIANT_SIGN,S04_ERA_INVARIANT_SIGN_K2,2,True
2024-08-16,2,8139,ナガホリ,0.13747094571590424,True,1.0,0.8046817849304944,S04_ERA_INVARIANT_SIGN,S04_ERA_INVARIANT_SIGN_K2,2,True
2024-08-19,1,7043,アルー,0.1253301203250885,True,0.0,-0.5031446540880502,S04_ERA_INVARIANT_SIGN,S04_ERA_INVARIANT_SIGN_K2,2,True
2024-08-19,2,8139,ナガホリ,0.12351788580417633,True,1.0,1.7492711370262315,S04_ERA_INVARIANT_SIGN,S04_ERA_INVARIANT_SIGN_K2,2,True
2024-08-20,1,7043,アルー,0.12156064808368683,True,0.0,-0.37641154328732496,S04_ERA_INVARIANT_SIGN,S04_ERA_INVARIANT_SIGN_K2,2,True
2024-08-20,2,3804,システム ディ,0.0972013920545578,True,,,S04_ERA_INVARIANT_SIGN,S04_ERA_INVARIANT_SIGN_K2,2,False
2024-08-21,1,7043,アルー,0.11107157915830612,True,1.0,0.6369426751592355,S04_ERA_INVARIANT_SIGN,S04_ERA_INVARIANT_SIGN_K2,2,True
2024-08-21,2,8139,ナガホリ,0.10878194868564606,True,1.0,0.28571428571428914,S04_ERA_INVARIANT_SIGN,S04_ERA_INVARIANT_SIGN_K2,2,True
2024-08-22,1,7043,アルー,0.11473377048969269,True,0.0,-0.37783375314861534,S04_ERA_INVARIANT_SIGN,S04_ERA_INVARIANT_SIGN_K2,2,True
2024-08-22,2,5905,日本製罐,0.1001305803656578,True,1.0,3.3333333333333437,S04_ERA_INVARIANT_SIGN,S04_ERA_INVARIANT_SIGN_K2,2,True
2024-08-23,1,7043,アルー,0.1112152636051178,True,0.0,-1.4981273408239737,S04_ERA_INVARIANT_SIGN,S04_ERA_INVARIANT_SIGN_K2,2,True
2024-08-23,2,8247,大和,0.088431216776371,True,1.0,0.9195402298850519,S04_ERA_INVARIANT_SIGN,S04_ERA_INVARIANT_SIGN_K2,2,True
2024-08-26,1,7043,アルー,0.09964366257190704,True,1.0,0.25316455696202667,S04_ERA_INVARIANT_SIGN,S04_ERA_INVARIANT_SIGN_K2,2,True
2024-08-26,2,3738,ティーガイア,0.09932756423950195,True,0.0,-1.331557922769644,S04_ERA_INVARIANT_SIGN,S04_ERA_INVARIANT_SIGN_K2,2,True
2024-08-27,1,3738,ティーガイア,0.10447220504283905,True,1.0,1.206434316353877,S04_ERA_INVARIANT_SIGN,S04_ERA_INVARIANT_SIGN_K2,2,True
2024-08-27,2,8871,ゴールドクレスト,0.09625289589166641,True,1.0,0.3517411185367525,S04_ERA_INVARIANT_SIGN,S04_ERA_INVARIANT_SIGN_K2,2,True
2024-08-28,1,9914,植松商会,0.10462532937526703,True,,,S04_ERA_INVARIANT_SIGN,S04_ERA_INVARIANT_SIGN_K2,2,False
2024-08-28,2,7043,アルー,0.10105651617050171,True,0.0,-0.37974683544304,S04_ERA_INVARIANT_SIGN,S04_ERA_INVARIANT_SIGN_K2,2,True
2024-08-29,1,2736,フェスタリアホールディングス,0.1240784302353859,True,0.0,-0.7027406886858767,S04_ERA_INVARIANT_SIGN,S04_ERA_INVARIANT_SIGN_K2,2,True
2024-08-29,2,3738,ティーガイア,0.10343276709318161,True,0.0,-0.5420054200542035,S04_ERA_INVARIANT_SIGN,S04_ERA_INVARIANT_SIGN_K2,2,True
2024-08-30,1,3991,ウォンテッドリー,0.1183856651186943,True,0.0,-0.42016806722688926,S04_ERA_INVARIANT_SIGN,S04_ERA_INVARIANT_SIGN_K2,2,True
2024-08-30,2,3738,ティーガイア,0.10777124017477036,True,0.0,-0.6784260515603768,S04_ERA_INVARIANT_SIGN,S04_ERA_INVARIANT_SIGN_K2,2,True
2024-09-02,1,4445,リビン・テクノロジーズ,0.14328113198280334,True,0.0,-0.43266630611140666,S04_ERA_INVARIANT_SIGN,S04_ERA_INVARIANT_SIGN_K2,2,True
2024-09-02,2,3991,ウォンテッドリー,0.13162846863269806,True,0.0,-0.5922165820642977,S04_ERA_INVARIANT_SIGN,S04_ERA_INVARIANT_SIGN_K2,2,True
2024-09-03,1,4445,リビン・テクノロジーズ,0.14111097157001495,True,1.0,1.5752308527973824,S04_ERA_INVARIANT_SIGN,S04_ERA_INVARIANT_SIGN_K2,2,True
2024-09-03,2,7273,イクヨ,0.13341167569160461,True,0.0,-4.38721983786361,S04_ERA_INVARIANT_SIGN,S04_ERA_INVARIANT_SIGN_K2,2,True
2024-09-04,1,7273,イクヨ,0.1537104994058609,True,0.0,-3.824861600402618,S04_ERA_INVARIANT_SIGN,S04_ERA_INVARIANT_SIGN_K2,2,True
2024-09-04,2,4445,リビン・テクノロジーズ,0.13069462776184082,True,1.0,0.4812834224598994,S04_ERA_INVARIANT_SIGN,S04_ERA_INVARIANT_SIGN_K2,2,True
2024-09-05,1,7689,コパ・コーポレーション,0.11834044009447098,True,1.0,0.32414910858995505,S04_ERA_INVARIANT_SIGN,S04_ERA_INVARIANT_SIGN_K2,2,True
2024-09-05,2,6723,ルネサスエレクトロニクス,0.11775827407836914,True,0.0,-3.222958057395142,S04_ERA_INVARIANT_SIGN,S04_ERA_INVARIANT_SIGN_K2,2,True
2024-09-06,1,4445,リビン・テクノロジーズ,0.12968659400939941,True,0.0,-0.38461538461538325,S04_ERA_INVARIANT_SIGN,S04_ERA_INVARIANT_SIGN_K2,2,True
2024-09-06,2,6723,ルネサスエレクトロニクス,0.12218326330184937,True,0.0,-2.1107580571947393,S04_ERA_INVARIANT_SIGN,S04_ERA_INVARIANT_SIGN_K2,2,True
2024-09-09,1,7273,イクヨ,0.11723290383815765,True,,,S04_ERA_INVARIANT_SIGN,S04_ERA_INVARIANT_SIGN_K2,2,False
2024-09-09,2,7689,コパ・コーポレーション,0.11612406373023987,True,1.0,1.5050167224080369,S04_ERA_INVARIANT_SIGN,S04_ERA_INVARIANT_SIGN_K2,2,True
2024-09-10,1,7273,イクヨ,0.12593837082386017,True,,,S04_ERA_INVARIANT_SIGN,S04_ERA_INVARIANT_SIGN_K2,2,False
2024-09-10,2,7689,コパ・コーポレーション,0.12033405154943466,True,0.0,-1.1419249592169667,S04_ERA_INVARIANT_SIGN,S04_ERA_INVARIANT_SIGN_K2,2,True
2024-09-11,1,7689,コパ・コーポレーション,0.11925118416547775,True,0.0,0.0,S04_ERA_INVARIANT_SIGN,S04_ERA_INVARIANT_SIGN_K2,2,True
2024-09-11,2,6723,ルネサスエレクトロニクス,0.11537028104066849,True,0.0,-1.5763076188201608,S04_ERA_INVARIANT_SIGN,S04_ERA_INVARIANT_SIGN_K2,2,True
2024-09-12,1,7069,サイバー・バズ,0.11385830491781235,True,0.0,-2.512998266897748,S04_ERA_INVARIANT_SIGN,S04_ERA_INVARIANT_SIGN_K2,2,True
2024-09-12,2,6723,ルネサスエレクトロニクス,0.1131771057844162,True,0.0,-1.4209177731190348,S04_ERA_INVARIANT_SIGN,S04_ERA_INVARIANT_SIGN_K2,2,True
2024-09-13,1,7886,ヤマト・インダストリー,0.11336440593004227,True,0.0,-1.8503620273531807,S04_ERA_INVARIANT_SIGN,S04_ERA_INVARIANT_SIGN_K2,2,True
2024-09-13,2,8746,ＵＮＢＡＮＫＥＤ,0.10701806098222733,True,1.0,0.917431192660545,S04_ERA_INVARIANT_SIGN,S04_ERA_INVARIANT_SIGN_K2,2,True
2024-09-17,1,7689,コパ・コーポレーション,0.11210805177688599,True,0.0,-0.8264462809917328,S04_ERA_INVARIANT_SIGN,S04_ERA_INVARIANT_SIGN_K2,2,True
2024-09-17,2,7886,ヤマト・インダストリー,0.10955074429512024,True,,,S04_ERA_INVARIANT_SIGN,S04_ERA_INVARIANT_SIGN_K2,2,False
2024-09-18,1,5247,ＢＴＭ,0.11367201805114746,True,1.0,1.606086221470826,S04_ERA_INVARIANT_SIGN,S04_ERA_INVARIANT_SIGN_K2,2,True
2024-09-18,2,6723,ルネサスエレクトロニクス,0.10305710881948471,True,0.0,-1.9896831245394209,S04_ERA_INVARIANT_SIGN,S04_ERA_INVARIANT_SIGN_K2,2,True
2024-09-19,1,4884,クリングルファーマ,0.11322547495365143,True,1.0,4.8309178743961345,S04_ERA_INVARIANT_SIGN,S04_ERA_INVARIANT_SIGN_K2,2,True
2024-09-19,2,5247,ＢＴＭ,0.10920114815235138,True,0.0,-2.9875518672199175,S04_ERA_INVARIANT_SIGN,S04_ERA_INVARIANT_SIGN_K2,2,True
2024-09-20,1,5247,ＢＴＭ,0.13449478149414062,True,1.0,1.610169491525415,S04_ERA_INVARIANT_SIGN,S04_ERA_INVARIANT_SIGN_K2,2,True
2024-09-20,2,4840,トライアイズ,0.11833536624908447,True,1.0,0.31847133757962887,S04_ERA_INVARIANT_SIGN,S04_ERA_INVARIANT_SIGN_K2,2,True
2024-09-24,1,4840,トライアイズ,0.11617220938205719,True,1.0,3.205128205128216,S04_ERA_INVARIANT_SIGN,S04_ERA_INVARIANT_SIGN_K2,2,True
2024-09-24,2,3092,ＺＯＺＯ,0.10287263244390488,True,0.0,-0.2240325865580428,S04_ERA_INVARIANT_SIGN,S04_ERA_INVARIANT_SIGN_K2,2,True
2024-09-25,1,5247,ＢＴＭ,0.11979442089796066,True,1.0,2.7205276174773196,S04_ERA_INVARIANT_SIGN,S04_ERA_INVARIANT_SIGN_K2,2,True
2024-09-25,2,6497,ハマイ,0.10613511502742767,True,1.0,1.4478764478764505,S04_ERA_INVARIANT_SIGN,S04_ERA_INVARIANT_SIGN_K2,2,True
2024-09-26,1,4267,ライトワークス,0.11112243682146072,True,1.0,0.20263424518742745,S04_ERA_INVARIANT_SIGN,S04_ERA_INVARIANT_SIGN_K2,2,True
2024-09-26,2,3092,ＺＯＺＯ,0.10909371823072433,True,1.0,3.1114774366371334,S04_ERA_INVARIANT_SIGN,S04_ERA_INVARIANT_SIGN_K2,2,True
2024-09-27,1,3787,テクノマセマティカル,0.12873515486717224,True,1.0,1.6245487364620947,S04_ERA_INVARIANT_SIGN,S04_ERA_INVARIANT_SIGN_K2,2,True
2024-09-27,2,6662,ユビテック,0.11162102222442627,True,0.0,-0.8620689655172376,S04_ERA_INVARIANT_SIGN,S04_ERA_INVARIANT_SIGN_K2,2,True
2024-09-30,1,3787,テクノマセマティカル,0.12999331951141357,True,0.0,0.0,S04_ERA_INVARIANT_SIGN,S04_ERA_INVARIANT_SIGN_K2,2,True
2024-09-30,2,9446,サカイホールディングス,0.10908278077840805,True,0.0,-0.2123142250530785,S04_ERA_INVARIANT_SIGN,S04_ERA_INVARIANT_SIGN_K2,2,True
2024-10-01,1,3787,テクノマセマティカル,0.12304070591926575,True,1.0,0.17152658662091813,S04_ERA_INVARIANT_SIGN,S04_ERA_INVARIANT_SIGN_K2,2,True
2024-10-01,2,2114,フジ日本,0.11288575828075409,True,0.0,-0.6673021925643452,S04_ERA_INVARIANT_SIGN,S04_ERA_INVARIANT_SIGN_K2,2,True
2024-10-02,1,7815,東京ボード⼯業,0.12329965829849243,True,1.0,0.670016750418756,S04_ERA_INVARIANT_SIGN,S04_ERA_INVARIANT_SIGN_K2,2,True
2024-10-02,2,3804,システム ディ,0.11119293421506882,True,1.0,0.2142857142857224,S04_ERA_INVARIANT_SIGN,S04_ERA_INVARIANT_SIGN_K2,2,True
2024-10-03,1,7815,東京ボード⼯業,0.11146527528762817,True,1.0,0.9819967266775809,S04_ERA_INVARIANT_SIGN,S04_ERA_INVARIANT_SIGN_K2,2,True
2024-10-03,2,3804,システム ディ,0.10584675520658493,True,0.0,-0.07127583749109156,S04_ERA_INVARIANT_SIGN,S04_ERA_INVARIANT_SIGN_K2,2,True
2024-10-04,1,3726,フォーシーズＨＤ,0.11380362510681152,True,0.0,-0.4158004158004158,S04_ERA_INVARIANT_SIGN,S04_ERA_INVARIANT_SIGN_K2,2,True
2024-10-04,2,2331,綜合警備保障,0.09720003604888916,True,1.0,0.2936857562408246,S04_ERA_INVARIANT_SIGN,S04_ERA_INVARIANT_SIGN_K2,2,True
2024-10-07,1,3712,情報企画,0.08563264459371567,True,0.0,0.0,S04_ERA_INVARIANT_SIGN,S04_ERA_INVARIANT_SIGN_K2,2,True
2024-10-07,2,6904,原⽥⼯業,0.0838826522231102,True,0.0,-0.36496350364964014,S04_ERA_INVARIANT_SIGN,S04_ERA_INVARIANT_SIGN_K2,2,True
2024-10-08,1,4428,シノプス,0.11015047132968903,True,0.0,-1.0245901639344246,S04_ERA_INVARIANT_SIGN,S04_ERA_INVARIANT_SIGN_K2,2,True
2024-10-08,2,2229,カルビー,0.1086498573422432,True,1.0,0.5899705014749346,S04_ERA_INVARIANT_SIGN,S04_ERA_INVARIANT_SIGN_K2,2,True
2024-10-09,1,5938,ＬＩＸＩＬ,0.10474833846092224,True,0.0,-0.3250591016548454,S04_ERA_INVARIANT_SIGN,S04_ERA_INVARIANT_SIGN_K2,2,True
2024-10-09,2,2892,日本食品化⼯,0.10165923833847046,True,0.0,0.0,S04_ERA_INVARIANT_SIGN,S04_ERA_INVARIANT_SIGN_K2,2,True
2024-10-10,1,4378,ＣＩＮＣ,0.11106112599372864,True,1.0,0.4552352048558417,S04_ERA_INVARIANT_SIGN,S04_ERA_INVARIANT_SIGN_K2,2,True
2024-10-10,2,8871,ゴールドクレスト,0.09887976944446564,True,1.0,1.273885350318471,S04_ERA_INVARIANT_SIGN,S04_ERA_INVARIANT_SIGN_K2,2,True
2024-10-11,1,2334,イオレ,0.09422148764133453,True,0.0,-0.1524390243902385,S04_ERA_INVARIANT_SIGN,S04_ERA_INVARIANT_SIGN_K2,2,True
2024-10-11,2,5938,ＬＩＸＩＬ,0.09136537462472916,True,0.0,-0.5661501787842638,S04_ERA_INVARIANT_SIGN,S04_ERA_INVARIANT_SIGN_K2,2,True
2024-10-15,1,5938,ＬＩＸＩＬ,0.10183767229318619,True,0.0,-0.5062537224538421,S04_ERA_INVARIANT_SIGN,S04_ERA_INVARIANT_SIGN_K2,2,True
2024-10-15,2,9601,松竹,0.09761155396699905,True,1.0,0.9304812834224574,S04_ERA_INVARIANT_SIGN,S04_ERA_INVARIANT_SIGN_K2,2,True
2024-10-16,1,2687,シー・ヴイ・エス・ベイエリア,0.101467564702034,True,0.0,-1.5679442508710784,S04_ERA_INVARIANT_SIGN,S04_ERA_INVARIANT_SIGN_K2,2,True
2024-10-16,2,8871,ゴールドクレスト,0.09870266169309616,True,1.0,2.8037383177569986,S04_ERA_INVARIANT_SIGN,S04_ERA_INVARIANT_SIGN_K2,2,True
2024-10-17,1,2687,シー・ヴイ・エス・ベイエリア,0.10238596051931381,True,0.0,-0.17667844522968323,S04_ERA_INVARIANT_SIGN,S04_ERA_INVARIANT_SIGN_K2,2,True
2024-10-17,2,9446,サカイホールディングス,0.09424824267625809,True,0.0,0.0,S04_ERA_INVARIANT_SIGN,S04_ERA_INVARIANT_SIGN_K2,2,True
2024-10-18,1,3490,アズ企画設計,0.09414295852184296,True,0.0,-0.08996851102114345,S04_ERA_INVARIANT_SIGN,S04_ERA_INVARIANT_SIGN_K2,2,True
2024-10-18,2,3195,ジェネレーションパス,0.09371454268693924,True,1.0,4.680851063829783,S04_ERA_INVARIANT_SIGN,S04_ERA_INVARIANT_SIGN_K2,2,True
2024-10-21,1,5587,インバウンドプラットフォーム,0.09690365195274353,True,1.0,1.3372956909361022,S04_ERA_INVARIANT_SIGN,S04_ERA_INVARIANT_SIGN_K2,2,True
2024-10-21,2,6543,日宣,0.0911950170993805,True,0.0,-0.6211180124223614,S04_ERA_INVARIANT_SIGN,S04_ERA_INVARIANT_SIGN_K2,2,True
2024-10-22,1,7072,インティメート・マージャー,0.10599876195192337,True,0.0,-0.8474576271186418,S04_ERA_INVARIANT_SIGN,S04_ERA_INVARIANT_SIGN_K2,2,True
2024-10-22,2,9347,日本管財ホールディングス,0.0937875285744667,True,0.0,-1.9593345656192196,S04_ERA_INVARIANT_SIGN,S04_ERA_INVARIANT_SIGN_K2,2,True
2024-10-23,1,8871,ゴールドクレスト,0.10994335263967514,True,0.0,-2.7156549520766737,S04_ERA_INVARIANT_SIGN,S04_ERA_INVARIANT_SIGN_K2,2,True
2024-10-23,2,2268,Ｂ−Ｒ サーティワン アイスクリーム,0.09593337774276733,True,0.0,-0.7194244604316502,S04_ERA_INVARIANT_SIGN,S04_ERA_INVARIANT_SIGN_K2,2,True
2024-10-24,1,8871,ゴールドクレスト,0.11869711428880692,True,1.0,0.8291873963515828,S04_ERA_INVARIANT_SIGN,S04_ERA_INVARIANT_SIGN_K2,2,True
2024-10-24,2,7369,メイホーホールディングス,0.11290661245584488,True,0.0,0.0,S04_ERA_INVARIANT_SIGN,S04_ERA_INVARIANT_SIGN_K2,2,True
2024-10-25,1,7815,東京ボード⼯業,0.11364875733852386,True,1.0,1.1513157894736947,S04_ERA_INVARIANT_SIGN,S04_ERA_INVARIANT_SIGN_K2,2,True
2024-10-25,2,8871,ゴールドクレスト,0.10423604398965836,True,1.0,0.6557377049180246,S04_ERA_INVARIANT_SIGN,S04_ERA_INVARIANT_SIGN_K2,2,True
2024-10-28,1,8039,築地魚市場,0.10202406346797943,True,1.0,0.789889415481837,S04_ERA_INVARIANT_SIGN,S04_ERA_INVARIANT_SIGN_K2,2,True
2024-10-28,2,8871,ゴールドクレスト,0.09906367212533951,True,0.0,-2.1035598705501646,S04_ERA_INVARIANT_SIGN,S04_ERA_INVARIANT_SIGN_K2,2,True
2024-10-29,1,7815,東京ボード⼯業,0.11525286734104156,True,1.0,1.342281879194629,S04_ERA_INVARIANT_SIGN,S04_ERA_INVARIANT_SIGN_K2,2,True
2024-10-29,2,8871,ゴールドクレスト,0.11475714296102524,True,0.0,-0.658978583196046,S04_ERA_INVARIANT_SIGN,S04_ERA_INVARIANT_SIGN_K2,2,True
2024-10-30,1,7379,サーキュレーション,0.10624178498983383,True,1.0,1.1513157894736947,S04_ERA_INVARIANT_SIGN,S04_ERA_INVARIANT_SIGN_K2,2,True
2024-10-30,2,3537,昭栄薬品,0.09647179394960403,True,0.0,-0.30143180105500766,S04_ERA_INVARIANT_SIGN,S04_ERA_INVARIANT_SIGN_K2,2,True
2024-10-31,1,7376,ＢＣＣ,0.13688308000564575,True,0.0,0.0,S04_ERA_INVARIANT_SIGN,S04_ERA_INVARIANT_SIGN_K2,2,True
2024-10-31,2,3529,アツギ,0.10604489594697952,True,1.0,9.394313967861567,S04_ERA_INVARIANT_SIGN,S04_ERA_INVARIANT_SIGN_K2,2,True
2024-11-01,1,4073,ジィ・シィ企画,0.11294088512659073,True,1.0,0.952380952380949,S04_ERA_INVARIANT_SIGN,S04_ERA_INVARIANT_SIGN_K2,2,True
2024-11-01,2,2653,イオン九州,0.10729159414768219,True,1.0,0.6120367222033352,S04_ERA_INVARIANT_SIGN,S04_ERA_INVARIANT_SIGN_K2,2,True
2024-11-05,1,7284,盟和産業,0.10584858059883118,True,1.0,1.2658227848101333,S04_ERA_INVARIANT_SIGN,S04_ERA_INVARIANT_SIGN_K2,2,True
2024-11-05,2,3537,昭栄薬品,0.10472089797258377,True,0.0,-0.4511278195488688,S04_ERA_INVARIANT_SIGN,S04_ERA_INVARIANT_SIGN_K2,2,True
2024-11-06,1,4840,トライアイズ,0.11303412169218063,True,0.0,-1.0101010101010055,S04_ERA_INVARIANT_SIGN,S04_ERA_INVARIANT_SIGN_K2,2,True
2024-11-06,2,4073,ジィ・シィ企画,0.10505418479442596,True,0.0,-0.48000000000000265,S04_ERA_INVARIANT_SIGN,S04_ERA_INVARIANT_SIGN_K2,2,True
2024-11-07,1,4073,ジィ・シィ企画,0.10271307826042175,True,0.0,-2.733118971061088,S04_ERA_INVARIANT_SIGN,S04_ERA_INVARIANT_SIGN_K2,2,True
2024-11-07,2,4840,トライアイズ,0.09812912344932556,True,1.0,0.340136054421758,S04_ERA_INVARIANT_SIGN,S04_ERA_INVARIANT_SIGN_K2,2,True
2024-11-08,1,4073,ジィ・シィ企画,0.10512452572584152,True,1.0,1.812191103789118,S04_ERA_INVARIANT_SIGN,S04_ERA_INVARIANT_SIGN_K2,2,True
2024-11-08,2,4091,日本酸素ホールディングス,0.09783462435007095,True,0.0,-0.9712750568299233,S04_ERA_INVARIANT_SIGN,S04_ERA_INVARIANT_SIGN_K2,2,True
2024-11-11,1,6141,ＤＭＧ森精機,0.10250212252140045,True,1.0,0.4845322400298224,S04_ERA_INVARIANT_SIGN,S04_ERA_INVARIANT_SIGN_K2,2,True
2024-11-11,2,4840,トライアイズ,0.10245940089225769,True,1.0,3.4482758620689724,S04_ERA_INVARIANT_SIGN,S04_ERA_INVARIANT_SIGN_K2,2,True
2024-11-12,1,5587,インバウンドプラットフォーム,0.11304642260074615,True,1.0,1.3254786450662692,S04_ERA_INVARIANT_SIGN,S04_ERA_INVARIANT_SIGN_K2,2,True
2024-11-12,2,7083,ＡＨＣグループ,0.1075613722205162,True,1.0,2.187028657616885,S04_ERA_INVARIANT_SIGN,S04_ERA_INVARIANT_SIGN_K2,2,True
2024-11-13,1,4073,ジィ・シィ企画,0.10660558938980103,True,0.0,-0.658978583196046,S04_ERA_INVARIANT_SIGN,S04_ERA_INVARIANT_SIGN_K2,2,True
2024-11-13,2,4452,花王,0.10014688968658447,True,0.0,-0.18894662257912254,S04_ERA_INVARIANT_SIGN,S04_ERA_INVARIANT_SIGN_K2,2,True
2024-11-14,1,7284,盟和産業,0.10260511189699173,True,0.0,-0.5897219882055604,S04_ERA_INVARIANT_SIGN,S04_ERA_INVARIANT_SIGN_K2,2,True
2024-11-14,2,7083,ＡＨＣグループ,0.10256661474704742,True,0.0,-1.743745261561791,S04_ERA_INVARIANT_SIGN,S04_ERA_INVARIANT_SIGN_K2,2,True
2024-11-15,1,7815,東京ボード⼯業,0.11023704707622528,True,1.0,1.8394648829431537,S04_ERA_INVARIANT_SIGN,S04_ERA_INVARIANT_SIGN_K2,2,True
2024-11-15,2,7083,ＡＨＣグループ,0.1095971167087555,True,0.0,-0.7662835249042099,S04_ERA_INVARIANT_SIGN,S04_ERA_INVARIANT_SIGN_K2,2,True
2024-11-18,1,4346,ＮＥＸＹＺ．Ｇｒｏｕｐ,0.11213914304971695,True,1.0,1.4598540145985384,S04_ERA_INVARIANT_SIGN,S04_ERA_INVARIANT_SIGN_K2,2,True
2024-11-18,2,4387,ＺＵＵ,0.09588354080915451,True,0.0,-0.2902757619738794,S04_ERA_INVARIANT_SIGN,S04_ERA_INVARIANT_SIGN_K2,2,True
2024-11-19,1,6656,インスペック,0.09301479905843735,True,0.0,-1.883830455259028,S04_ERA_INVARIANT_SIGN,S04_ERA_INVARIANT_SIGN_K2,2,True
2024-11-19,2,7718,スター精密,0.09277664124965668,True,1.0,1.3557483731019504,S04_ERA_INVARIANT_SIGN,S04_ERA_INVARIANT_SIGN_K2,2,True
2024-11-20,1,8938,グローム・ホールディングス,0.11120118945837021,True,0.0,-2.5740025740025763,S04_ERA_INVARIANT_SIGN,S04_ERA_INVARIANT_SIGN_K2,2,True
2024-11-20,2,4398,ブロードバンドセキュリティ,0.10308763384819031,True,0.0,-1.8132975151108122,S04_ERA_INVARIANT_SIGN,S04_ERA_INVARIANT_SIGN_K2,2,True
2024-11-21,1,8938,グローム・ホールディングス,0.14757822453975677,True,1.0,1.7287234042553168,S04_ERA_INVARIANT_SIGN,S04_ERA_INVARIANT_SIGN_K2,2,True
2024-11-21,2,4398,ブロードバンドセキュリティ,0.1138913631439209,True,1.0,1.7699115044247815,S04_ERA_INVARIANT_SIGN,S04_ERA_INVARIANT_SIGN_K2,2,True
2024-11-22,1,8938,グローム・ホールディングス,0.14641433954238892,True,1.0,1.182654402102501,S04_ERA_INVARIANT_SIGN,S04_ERA_INVARIANT_SIGN_K2,2,True
2024-11-22,2,4267,ライトワークス,0.11437305808067322,True,1.0,1.6650342801175277,S04_ERA_INVARIANT_SIGN,S04_ERA_INVARIANT_SIGN_K2,2,True
2024-11-25,1,8938,グローム・ホールディングス,0.13709291815757751,True,0.0,-0.2597402597402598,S04_ERA_INVARIANT_SIGN,S04_ERA_INVARIANT_SIGN_K2,2,True
2024-11-25,2,9331,キャスター,0.11050735414028168,True,0.0,-1.3555787278415,S04_ERA_INVARIANT_SIGN,S04_ERA_INVARIANT_SIGN_K2,2,True
2024-11-26,1,4267,ライトワークス,0.15208549797534943,True,1.0,0.9708737864077666,S04_ERA_INVARIANT_SIGN,S04_ERA_INVARIANT_SIGN_K2,2,True
2024-11-26,2,4073,ジィ・シィ企画,0.12467387318611145,True,1.0,0.1697792869269854,S04_ERA_INVARIANT_SIGN,S04_ERA_INVARIANT_SIGN_K2,2,True
2024-11-27,1,4267,ライトワークス,0.12540937960147858,True,1.0,1.1650485436893288,S04_ERA_INVARIANT_SIGN,S04_ERA_INVARIANT_SIGN_K2,2,True
2024-11-27,2,4073,ジィ・シィ企画,0.10635434836149216,True,1.0,1.724137931034475,S04_ERA_INVARIANT_SIGN,S04_ERA_INVARIANT_SIGN_K2,2,True
2024-11-28,1,4267,ライトワークス,0.11092879623174667,True,1.0,1.4548981571290032,S04_ERA_INVARIANT_SIGN,S04_ERA_INVARIANT_SIGN_K2,2,True
2024-11-28,2,4073,ジィ・シィ企画,0.10466690361499786,True,1.0,0.688468158347666,S04_ERA_INVARIANT_SIGN,S04_ERA_INVARIANT_SIGN_K2,2,True
2024-11-29,1,4424,Ａｍａｚｉａ,0.11435257643461227,True,0.0,-0.8695652173912993,S04_ERA_INVARIANT_SIGN,S04_ERA_INVARIANT_SIGN_K2,2,True
2024-11-29,2,4267,ライトワークス,0.11410016566514969,True,0.0,-0.5736137667303964,S04_ERA_INVARIANT_SIGN,S04_ERA_INVARIANT_SIGN_K2,2,True
2024-12-02,1,4267,ライトワークス,0.11432566493749619,True,1.0,3.9024390243902474,S04_ERA_INVARIANT_SIGN,S04_ERA_INVARIANT_SIGN_K2,2,True
2024-12-02,2,4465,ニイタカ,0.1055956780910492,True,1.0,0.6511123168746691,S04_ERA_INVARIANT_SIGN,S04_ERA_INVARIANT_SIGN_K2,2,True
2024-12-03,1,4465,ニイタカ,0.11217311024665833,True,1.0,0.8086253369272267,S04_ERA_INVARIANT_SIGN,S04_ERA_INVARIANT_SIGN_K2,2,True
2024-12-03,2,9362,兵機海運,0.10065612196922302,True,0.0,-2.114803625377648,S04_ERA_INVARIANT_SIGN,S04_ERA_INVARIANT_SIGN_K2,2,True
2024-12-04,1,4465,ニイタカ,0.1191161498427391,True,0.0,-0.2134471718249764,S04_ERA_INVARIANT_SIGN,S04_ERA_INVARIANT_SIGN_K2,2,True
2024-12-04,2,4267,ライトワークス,0.10975953191518784,True,1.0,0.5780346820809301,S04_ERA_INVARIANT_SIGN,S04_ERA_INVARIANT_SIGN_K2,2,True
2024-12-05,1,4267,ライトワークス,0.12992532551288605,True,0.0,0.0,S04_ERA_INVARIANT_SIGN,S04_ERA_INVARIANT_SIGN_K2,2,True
2024-12-05,2,4465,ニイタカ,0.11747662723064423,True,0.0,0.0,S04_ERA_INVARIANT_SIGN,S04_ERA_INVARIANT_SIGN_K2,2,True
2024-12-06,1,4267,ライトワークス,0.1271284818649292,True,0.0,-0.0970873786407811,S04_ERA_INVARIANT_SIGN,S04_ERA_INVARIANT_SIGN_K2,2,True
2024-12-06,2,4073,ジィ・シィ企画,0.10704828053712845,True,1.0,17.07317073170731,S04_ERA_INVARIANT_SIGN,S04_ERA_INVARIANT_SIGN_K2,2,True
2024-12-09,1,4267,ライトワークス,0.1208033561706543,True,1.0,1.4577259475218707,S04_ERA_INVARIANT_SIGN,S04_ERA_INVARIANT_SIGN_K2,2,True
2024-12-09,2,7871,フクビ化学⼯業,0.09740150719881058,True,0.0,-1.1019283746556474,S04_ERA_INVARIANT_SIGN,S04_ERA_INVARIANT_SIGN_K2,2,True
2024-12-10,1,4267,ライトワークス,0.13724008202552795,True,1.0,0.674373795761074,S04_ERA_INVARIANT_SIGN,S04_ERA_INVARIANT_SIGN_K2,2,True
2024-12-10,2,8938,グローム・ホールディングス,0.096037358045578,True,0.0,-1.538461538461533,S04_ERA_INVARIANT_SIGN,S04_ERA_INVARIANT_SIGN_K2,2,True
2024-12-11,1,4267,ライトワークス,0.12135283648967743,True,1.0,0.4812319538017418,S04_ERA_INVARIANT_SIGN,S04_ERA_INVARIANT_SIGN_K2,2,True
2024-12-11,2,4776,サイボウズ,0.09413047879934311,True,1.0,1.8491484184914864,S04_ERA_INVARIANT_SIGN,S04_ERA_INVARIANT_SIGN_K2,2,True
2024-12-12,1,4267,ライトワークス,0.11386267840862274,True,1.0,1.9361084220716362,S04_ERA_INVARIANT_SIGN,S04_ERA_INVARIANT_SIGN_K2,2,True
2024-12-12,2,6898,トミタ電機,0.11075656116008759,True,0.0,-0.13464991023339756,S04_ERA_INVARIANT_SIGN,S04_ERA_INVARIANT_SIGN_K2,2,True
2024-12-13,1,6898,トミタ電機,0.10637872666120529,True,0.0,-0.27260336210813696,S04_ERA_INVARIANT_SIGN,S04_ERA_INVARIANT_SIGN_K2,2,True
2024-12-13,2,211A,カドス・コーポレーション,0.10389529913663864,True,0.0,-0.11881188118811892,S04_ERA_INVARIANT_SIGN,S04_ERA_INVARIANT_SIGN_K2,2,True
2024-12-16,1,9159,Ｗ ＴＯＫＹＯ,0.11082655191421509,True,0.0,-1.2820512820512775,S04_ERA_INVARIANT_SIGN,S04_ERA_INVARIANT_SIGN_K2,2,True
2024-12-16,2,6898,トミタ電機,0.10821918398141861,True,0.0,0.0,S04_ERA_INVARIANT_SIGN,S04_ERA_INVARIANT_SIGN_K2,2,True
2024-12-17,1,7345,アイ・パートナーズフィナンシャル,0.12507979571819305,True,0.0,-0.3424657534246589,S04_ERA_INVARIANT_SIGN,S04_ERA_INVARIANT_SIGN_K2,2,True
2024-12-17,2,9159,Ｗ ＴＯＫＹＯ,0.12283706665039062,True,1.0,0.6999999999999895,S04_ERA_INVARIANT_SIGN,S04_ERA_INVARIANT_SIGN_K2,2,True
2024-12-18,1,4267,ライトワークス,0.12176232784986496,True,1.0,1.4778325123152802,S04_ERA_INVARIANT_SIGN,S04_ERA_INVARIANT_SIGN_K2,2,True
2024-12-18,2,7345,アイ・パートナーズフィナンシャル,0.11508220434188843,True,1.0,2.2727272727272707,S04_ERA_INVARIANT_SIGN,S04_ERA_INVARIANT_SIGN_K2,2,True
2024-12-19,1,7345,アイ・パートナーズフィナンシャル,0.10978151857852936,True,0.0,0.0,S04_ERA_INVARIANT_SIGN,S04_ERA_INVARIANT_SIGN_K2,2,True
2024-12-19,2,9159,Ｗ ＴＯＫＹＯ,0.10083702206611633,True,1.0,0.39940089865202477,S04_ERA_INVARIANT_SIGN,S04_ERA_INVARIANT_SIGN_K2,2,True
2024-12-20,1,7345,アイ・パートナーズフィナンシャル,0.13056612014770508,True,0.0,-1.379310344827589,S04_ERA_INVARIANT_SIGN,S04_ERA_INVARIANT_SIGN_K2,2,True
2024-12-20,2,9159,Ｗ ＴＯＫＹＯ,0.11039925366640091,True,0.0,-0.24863252113376255,S04_ERA_INVARIANT_SIGN,S04_ERA_INVARIANT_SIGN_K2,2,True
2024-12-23,1,7345,アイ・パートナーズフィナンシャル,0.13508033752441406,True,1.0,3.6231884057970953,S04_ERA_INVARIANT_SIGN,S04_ERA_INVARIANT_SIGN_K2,2,True
2024-12-23,2,3382,セブン＆アイ・ホールディングス,0.10672560334205627,True,1.0,0.6866416978776435,S04_ERA_INVARIANT_SIGN,S04_ERA_INVARIANT_SIGN_K2,2,True
2024-12-24,1,9159,Ｗ ＴＯＫＹＯ,0.10727768391370773,True,0.0,-1.4609571788413045,S04_ERA_INVARIANT_SIGN,S04_ERA_INVARIANT_SIGN_K2,2,True
2024-12-24,2,3382,セブン＆アイ・ホールディングス,0.09821975976228714,True,0.0,-0.7039337474120111,S04_ERA_INVARIANT_SIGN,S04_ERA_INVARIANT_SIGN_K2,2,True
2024-12-25,1,9159,Ｗ ＴＯＫＹＯ,0.12868985533714294,True,0.0,-3.490759753593431,S04_ERA_INVARIANT_SIGN,S04_ERA_INVARIANT_SIGN_K2,2,True
2024-12-25,2,7345,アイ・パートナーズフィナンシャル,0.11855517327785492,True,1.0,0.8960573476702427,S04_ERA_INVARIANT_SIGN,S04_ERA_INVARIANT_SIGN_K2,2,True
2024-12-26,1,9159,Ｗ ＴＯＫＹＯ,0.12819452583789825,True,0.0,-2.6687598116169498,S04_ERA_INVARIANT_SIGN,S04_ERA_INVARIANT_SIGN_K2,2,True
2024-12-26,2,7345,アイ・パートナーズフィナンシャル,0.11896588653326035,True,0.0,-1.0291595197255532,S04_ERA_INVARIANT_SIGN,S04_ERA_INVARIANT_SIGN_K2,2,True
2024-12-27,1,9159,Ｗ ＴＯＫＹＯ,0.1081668958067894,True,1.0,2.5515743756786113,S04_ERA_INVARIANT_SIGN,S04_ERA_INVARIANT_SIGN_K2,2,True
2024-12-27,2,3382,セブン＆アイ・ホールディングス,0.09704042226076126,True,1.0,0.20251113811260435,S04_ERA_INVARIANT_SIGN,S04_ERA_INVARIANT_SIGN_K2,2,True
2024-12-30,1,3800,ユニリタ,0.11195532232522964,True,0.0,0.0,S04_ERA_INVARIANT_SIGN,S04_ERA_INVARIANT_SIGN_K2,2,True
2024-12-30,2,9355,リンコーコーポレーション,0.10585246980190277,True,1.0,1.981981981981984,S04_ERA_INVARIANT_SIGN,S04_ERA_INVARIANT_SIGN_K2,2,True
2025-01-06,1,3800,ユニリタ,0.11387878656387329,True,0.0,0.0,S04_ERA_INVARIANT_SIGN,S04_ERA_INVARIANT_SIGN_K2,2,True
2025-01-06,2,5015,ビーピー・カストロール,0.10922970622777939,True,0.0,-0.6896551724137945,S04_ERA_INVARIANT_SIGN,S04_ERA_INVARIANT_SIGN_K2,2,True
2025-01-07,1,1994,高橋カーテンウォール⼯業,0.10896264016628265,True,0.0,-2.0905923344947785,S04_ERA_INVARIANT_SIGN,S04_ERA_INVARIANT_SIGN_K2,2,True
2025-01-07,2,3800,ユニリタ,0.10758720338344574,True,1.0,0.10035122930256435,S04_ERA_INVARIANT_SIGN,S04_ERA_INVARIANT_SIGN_K2,2,True
2025-01-08,1,1994,高橋カーテンウォール⼯業,0.12183280289173126,True,1.0,1.073345259391778,S04_ERA_INVARIANT_SIGN,S04_ERA_INVARIANT_SIGN_K2,2,True
2025-01-08,2,3800,ユニリタ,0.1202787384390831,True,1.0,0.2004008016031955,S04_ERA_INVARIANT_SIGN,S04_ERA_INVARIANT_SIGN_K2,2,True
2025-01-09,1,3800,ユニリタ,0.11211924254894257,True,0.0,-0.10035122930256435,S04_ERA_INVARIANT_SIGN,S04_ERA_INVARIANT_SIGN_K2,2,True
2025-01-09,2,1994,高橋カーテンウォール⼯業,0.09758301079273224,True,1.0,0.17730496453900457,S04_ERA_INVARIANT_SIGN,S04_ERA_INVARIANT_SIGN_K2,2,True
2025-01-10,1,1994,高橋カーテンウォール⼯業,0.08506787568330765,True,0.0,0.0,S04_ERA_INVARIANT_SIGN,S04_ERA_INVARIANT_SIGN_K2,2,True
2025-01-10,2,3800,ユニリタ,0.08163633942604065,True,1.0,0.050226017076848706,S04_ERA_INVARIANT_SIGN,S04_ERA_INVARIANT_SIGN_K2,2,True
2025-01-14,1,5161,⻄川ゴム⼯業,0.07569162547588348,True,0.0,-0.6363636363636349,S04_ERA_INVARIANT_SIGN,S04_ERA_INVARIANT_SIGN_K2,2,True
2025-01-14,2,9661,歌舞伎座,0.07520867139101028,True,0.0,-0.6571741511500528,S04_ERA_INVARIANT_SIGN,S04_ERA_INVARIANT_SIGN_K2,2,True
2025-01-15,1,9355,リンコーコーポレーション,0.10037728399038315,True,0.0,-1.1571254567600442,S04_ERA_INVARIANT_SIGN,S04_ERA_INVARIANT_SIGN_K2,2,True
2025-01-15,2,9265,ヤマシタヘルスケアホールディングス,0.08293835073709488,True,1.0,0.8260869565217321,S04_ERA_INVARIANT_SIGN,S04_ERA_INVARIANT_SIGN_K2,2,True
2025-01-16,1,4429,リックソフト,0.09082072973251343,True,0.0,-4.30622009569378,S04_ERA_INVARIANT_SIGN,S04_ERA_INVARIANT_SIGN_K2,2,True
2025-01-16,2,9241,フューチャーリンクネットワーク,0.08866960555315018,True,1.0,4.906333630686888,S04_ERA_INVARIANT_SIGN,S04_ERA_INVARIANT_SIGN_K2,2,True
2025-01-17,1,9250,ＧＲＣＳ,0.10222648084163666,True,0.0,-0.5751258087706712,S04_ERA_INVARIANT_SIGN,S04_ERA_INVARIANT_SIGN_K2,2,True
2025-01-17,2,9241,フューチャーリンクネットワーク,0.08427929133176804,True,1.0,2.8268551236749095,S04_ERA_INVARIANT_SIGN,S04_ERA_INVARIANT_SIGN_K2,2,True
2025-01-20,1,9241,フューチャーリンクネットワーク,0.09622733294963837,True,1.0,2.305721605465405,S04_ERA_INVARIANT_SIGN,S04_ERA_INVARIANT_SIGN_K2,2,True
2025-01-20,2,3671,ソフトマックス,0.07867244631052017,True,1.0,0.5945303210463715,S04_ERA_INVARIANT_SIGN,S04_ERA_INVARIANT_SIGN_K2,2,True
2025-01-21,1,9241,フューチャーリンクネットワーク,0.10781621932983398,True,1.0,3.255425709515869,S04_ERA_INVARIANT_SIGN,S04_ERA_INVARIANT_SIGN_K2,2,True
2025-01-21,2,9362,兵機海運,0.09590824693441391,True,0.0,0.0,S04_ERA_INVARIANT_SIGN,S04_ERA_INVARIANT_SIGN_K2,2,True
2025-01-22,1,9241,フューチャーリンクネットワーク,0.10714684426784515,True,1.0,1.6142050040355072,S04_ERA_INVARIANT_SIGN,S04_ERA_INVARIANT_SIGN_K2,2,True
2025-01-22,2,5380,新東,0.09484811127185822,True,1.0,0.6923076923077032,S04_ERA_INVARIANT_SIGN,S04_ERA_INVARIANT_SIGN_K2,2,True
2025-01-23,1,6193,バーチャレクス・ホールディングス,0.11092811822891235,True,1.0,0.24390243902439046,S04_ERA_INVARIANT_SIGN,S04_ERA_INVARIANT_SIGN_K2,2,True
2025-01-23,2,7043,アルー,0.11048081517219543,True,1.0,0.8445945945946054,S04_ERA_INVARIANT_SIGN,S04_ERA_INVARIANT_SIGN_K2,2,True
2025-01-24,1,7043,アルー,0.12496615946292877,True,1.0,1.17056856187292,S04_ERA_INVARIANT_SIGN,S04_ERA_INVARIANT_SIGN_K2,2,True
2025-01-24,2,2806,ユタカフーズ,0.11009933054447174,True,1.0,0.42016806722688926,S04_ERA_INVARIANT_SIGN,S04_ERA_INVARIANT_SIGN_K2,2,True
2025-01-27,1,4437,ｇｏｏｄｄａｙｓホールディングス,0.12397661805152893,True,0.0,0.0,S04_ERA_INVARIANT_SIGN,S04_ERA_INVARIANT_SIGN_K2,2,True
2025-01-27,2,3238,セントラル総合開発,0.12184546887874603,True,0.0,-0.42105263157894424,S04_ERA_INVARIANT_SIGN,S04_ERA_INVARIANT_SIGN_K2,2,True
2025-01-28,1,8066,三⾕商事,0.12025154381990433,True,1.0,1.1657374556512945,S04_ERA_INVARIANT_SIGN,S04_ERA_INVARIANT_SIGN_K2,2,True
2025-01-28,2,4437,ｇｏｏｄｄａｙｓホールディングス,0.11390839517116547,True,0.0,0.0,S04_ERA_INVARIANT_SIGN,S04_ERA_INVARIANT_SIGN_K2,2,True
2025-01-29,1,3238,セントラル総合開発,0.11693909764289856,True,1.0,0.2123142250530785,S04_ERA_INVARIANT_SIGN,S04_ERA_INVARIANT_SIGN_K2,2,True
2025-01-29,2,4356,応用技術,0.09999621659517288,True,0.0,-0.07137758743754885,S04_ERA_INVARIANT_SIGN,S04_ERA_INVARIANT_SIGN_K2,2,True
2025-01-30,1,3238,セントラル総合開発,0.12516482174396515,True,1.0,0.6382978723404209,S04_ERA_INVARIANT_SIGN,S04_ERA_INVARIANT_SIGN_K2,2,True
2025-01-30,2,8066,三⾕商事,0.12479480355978012,True,1.0,1.2506513809275699,S04_ERA_INVARIANT_SIGN,S04_ERA_INVARIANT_SIGN_K2,2,True
2025-01-31,1,3238,セントラル総合開発,0.11905843764543533,True,0.0,-0.6342494714587699,S04_ERA_INVARIANT_SIGN,S04_ERA_INVARIANT_SIGN_K2,2,True
2025-01-31,2,9265,ヤマシタヘルスケアホールディングス,0.10760615766048431,True,1.0,0.9726725335803543,S04_ERA_INVARIANT_SIGN,S04_ERA_INVARIANT_SIGN_K2,2,True
2025-02-03,1,3238,セントラル総合開発,0.10622472316026688,True,1.0,0.42553191489360653,S04_ERA_INVARIANT_SIGN,S04_ERA_INVARIANT_SIGN_K2,2,True
2025-02-03,2,6161,エスティック,0.0956648662686348,True,1.0,0.4366812227074135,S04_ERA_INVARIANT_SIGN,S04_ERA_INVARIANT_SIGN_K2,2,True
2025-02-04,1,4424,Ａｍａｚｉａ,0.10503768175840378,True,1.0,0.6514657980456029,S04_ERA_INVARIANT_SIGN,S04_ERA_INVARIANT_SIGN_K2,2,True
2025-02-04,2,4272,日本化薬,0.09879428148269653,True,1.0,1.653764954257575,S04_ERA_INVARIANT_SIGN,S04_ERA_INVARIANT_SIGN_K2,2,True
2025-02-05,1,4380,Ｍマート,0.11987868696451187,True,1.0,0.43859649122806044,S04_ERA_INVARIANT_SIGN,S04_ERA_INVARIANT_SIGN_K2,2,True
2025-02-05,2,2282,日本ハム,0.09193390607833862,True,1.0,0.6587914584279764,S04_ERA_INVARIANT_SIGN,S04_ERA_INVARIANT_SIGN_K2,2,True
2025-02-06,1,4380,Ｍマート,0.10101059079170227,True,0.0,0.0,S04_ERA_INVARIANT_SIGN,S04_ERA_INVARIANT_SIGN_K2,2,True
2025-02-06,2,7678,あさくま,0.09396112710237503,True,1.0,1.526717557251911,S04_ERA_INVARIANT_SIGN,S04_ERA_INVARIANT_SIGN_K2,2,True
2025-02-07,1,6193,バーチャレクス・ホールディングス,0.10845910012722015,True,0.0,0.0,S04_ERA_INVARIANT_SIGN,S04_ERA_INVARIANT_SIGN_K2,2,True
2025-02-07,2,3480,ジェイ・エス・ビー,0.09983143210411072,True,0.0,-1.3029315960912058,S04_ERA_INVARIANT_SIGN,S04_ERA_INVARIANT_SIGN_K2,2,True
2025-02-10,1,6161,エスティック,0.09917573630809784,True,1.0,1.661129568106312,S04_ERA_INVARIANT_SIGN,S04_ERA_INVARIANT_SIGN_K2,2,True
2025-02-10,2,3800,ユニリタ,0.09580628573894501,True,1.0,0.7556675062972307,S04_ERA_INVARIANT_SIGN,S04_ERA_INVARIANT_SIGN_K2,2,True
2025-02-12,1,3674,オークファン,0.11967266350984573,True,0.0,-0.2564102564102555,S04_ERA_INVARIANT_SIGN,S04_ERA_INVARIANT_SIGN_K2,2,True
2025-02-12,2,4783,ＮＣＤ,0.11724315583705902,True,1.0,1.0204081632652962,S04_ERA_INVARIANT_SIGN,S04_ERA_INVARIANT_SIGN_K2,2,True
2025-02-13,1,7043,アルー,0.11741061508655548,True,1.0,4.813664596273282,S04_ERA_INVARIANT_SIGN,S04_ERA_INVARIANT_SIGN_K2,2,True
2025-02-13,2,6312,フロイント産業,0.11693974584341049,True,1.0,0.8771929824561431,S04_ERA_INVARIANT_SIGN,S04_ERA_INVARIANT_SIGN_K2,2,True
2025-02-14,1,3800,ユニリタ,0.12365022301673889,True,1.0,0.10040160642570406,S04_ERA_INVARIANT_SIGN,S04_ERA_INVARIANT_SIGN_K2,2,True
2025-02-14,2,3674,オークファン,0.11788657307624817,True,1.0,0.7894736842105177,S04_ERA_INVARIANT_SIGN,S04_ERA_INVARIANT_SIGN_K2,2,True
2025-02-17,1,3800,ユニリタ,0.10798755288124084,True,1.0,0.05025125628139726,S04_ERA_INVARIANT_SIGN,S04_ERA_INVARIANT_SIGN_K2,2,True
2025-02-17,2,7938,リーガルコーポレーション,0.10610055923461914,True,1.0,1.455721795390219,S04_ERA_INVARIANT_SIGN,S04_ERA_INVARIANT_SIGN_K2,2,True
2025-02-18,1,3238,セントラル総合開発,0.11330996453762054,True,1.0,1.0845986984815648,S04_ERA_INVARIANT_SIGN,S04_ERA_INVARIANT_SIGN_K2,2,True
2025-02-18,2,3800,ユニリタ,0.10926281660795212,True,0.0,0.0,S04_ERA_INVARIANT_SIGN,S04_ERA_INVARIANT_SIGN_K2,2,True
2025-02-19,1,7043,アルー,0.11236364394426346,True,1.0,2.84005979073243,S04_ERA_INVARIANT_SIGN,S04_ERA_INVARIANT_SIGN_K2,2,True
2025-02-19,2,6193,バーチャレクス・ホールディングス,0.10570269078016281,True,1.0,0.7547169811320753,S04_ERA_INVARIANT_SIGN,S04_ERA_INVARIANT_SIGN_K2,2,True
2025-02-20,1,3800,ユニリタ,0.10748559981584549,True,1.0,0.1506024096385561,S04_ERA_INVARIANT_SIGN,S04_ERA_INVARIANT_SIGN_K2,2,True
2025-02-20,2,3238,セントラル総合開発,0.10435718297958374,True,0.0,-0.21505376344086446,S04_ERA_INVARIANT_SIGN,S04_ERA_INVARIANT_SIGN_K2,2,True
2025-02-21,1,7638,ＮＥＷ ＡＲＴ ＨＯＬＤＩＮＧＳ,0.11477473378181458,True,0.0,-1.2578616352201255,S04_ERA_INVARIANT_SIGN,S04_ERA_INVARIANT_SIGN_K2,2,True
2025-02-21,2,3238,セントラル総合開発,0.10049520432949066,True,0.0,0.0,S04_ERA_INVARIANT_SIGN,S04_ERA_INVARIANT_SIGN_K2,2,True
2025-02-25,1,9244,デジタリフト,0.10948861390352249,True,0.0,-0.2645502645502673,S04_ERA_INVARIANT_SIGN,S04_ERA_INVARIANT_SIGN_K2,2,True
2025-02-25,2,9857,英和,0.09611469507217407,True,0.0,0.0,S04_ERA_INVARIANT_SIGN,S04_ERA_INVARIANT_SIGN_K2,2,True
2025-02-26,1,4057,インターファクトリー,0.09729336947202682,True,0.0,-0.8247422680412342,S04_ERA_INVARIANT_SIGN,S04_ERA_INVARIANT_SIGN_K2,2,True
2025-02-26,2,7345,アイ・パートナーズフィナンシャル,0.0958767980337143,True,1.0,5.263157894736836,S04_ERA_INVARIANT_SIGN,S04_ERA_INVARIANT_SIGN_K2,2,True
2025-02-27,1,3359,ｃｏｔｔａ,0.09648140519857407,True,0.0,0.0,S04_ERA_INVARIANT_SIGN,S04_ERA_INVARIANT_SIGN_K2,2,True
2025-02-27,2,8995,誠建設⼯業,0.09273236244916916,True,0.0,0.0,S04_ERA_INVARIANT_SIGN,S04_ERA_INVARIANT_SIGN_K2,2,True
2025-02-28,1,3490,アズ企画設計,0.1063891127705574,True,0.0,-0.49545829892650994,S04_ERA_INVARIANT_SIGN,S04_ERA_INVARIANT_SIGN_K2,2,True
2025-02-28,2,2747,北雄ラッキー,0.1051284521818161,True,1.0,1.5703307718008652,S04_ERA_INVARIANT_SIGN,S04_ERA_INVARIANT_SIGN_K2,2,True
2025-03-03,1,3490,アズ企画設計,0.10520937293767929,True,0.0,-0.4161464835622186,S04_ERA_INVARIANT_SIGN,S04_ERA_INVARIANT_SIGN_K2,2,True
2025-03-03,2,2300,きょくとう,0.1028592512011528,True,1.0,1.2195121951219523,S04_ERA_INVARIANT_SIGN,S04_ERA_INVARIANT_SIGN_K2,2,True
2025-03-04,1,2300,きょくとう,0.10067696124315262,True,0.0,-0.6024096385542133,S04_ERA_INVARIANT_SIGN,S04_ERA_INVARIANT_SIGN_K2,2,True
2025-03-04,2,3490,アズ企画設計,0.09750716388225555,True,0.0,-0.8779264214046845,S04_ERA_INVARIANT_SIGN,S04_ERA_INVARIANT_SIGN_K2,2,True
2025-03-05,1,6312,フロイント産業,0.10613905638456345,True,0.0,-0.2645502645502673,S04_ERA_INVARIANT_SIGN,S04_ERA_INVARIANT_SIGN_K2,2,True
2025-03-05,2,2300,きょくとう,0.10269340127706528,True,0.0,-1.0040160642570295,S04_ERA_INVARIANT_SIGN,S04_ERA_INVARIANT_SIGN_K2,2,True
2025-03-06,1,3063,ジェイグループホールディングス,0.11138471215963364,True,0.0,-0.5780346820809301,S04_ERA_INVARIANT_SIGN,S04_ERA_INVARIANT_SIGN_K2,2,True
2025-03-06,2,3800,ユニリタ,0.10593137890100479,True,0.0,-0.10000000000000009,S04_ERA_INVARIANT_SIGN,S04_ERA_INVARIANT_SIGN_K2,2,True
2025-03-07,1,3800,ユニリタ,0.10560744255781174,True,0.0,-0.05002501250624958,S04_ERA_INVARIANT_SIGN,S04_ERA_INVARIANT_SIGN_K2,2,True
2025-03-07,2,8139,ナガホリ,0.10486266016960144,True,1.0,1.2949640287769792,S04_ERA_INVARIANT_SIGN,S04_ERA_INVARIANT_SIGN_K2,2,True
2025-03-10,1,4783,ＮＣＤ,0.12280735373497009,True,0.0,-0.03844675124952124,S04_ERA_INVARIANT_SIGN,S04_ERA_INVARIANT_SIGN_K2,2,True
2025-03-10,2,7036,イーエムネットジャパン,0.10841425508260727,True,1.0,3.4445640473627526,S04_ERA_INVARIANT_SIGN,S04_ERA_INVARIANT_SIGN_K2,2,True
2025-03-11,1,7345,アイ・パートナーズフィナンシャル,0.1378825604915619,True,1.0,0.6666666666666599,S04_ERA_INVARIANT_SIGN,S04_ERA_INVARIANT_SIGN_K2,2,True
2025-03-11,2,9312,ケイヒン,0.10582923889160156,True,0.0,-0.862440707201384,S04_ERA_INVARIANT_SIGN,S04_ERA_INVARIANT_SIGN_K2,2,True
2025-03-12,1,8139,ナガホリ,0.10576033592224121,True,1.0,1.231884057971011,S04_ERA_INVARIANT_SIGN,S04_ERA_INVARIANT_SIGN_K2,2,True
2025-03-12,2,7345,アイ・パートナーズフィナンシャル,0.0993429571390152,True,0.0,0.0,S04_ERA_INVARIANT_SIGN,S04_ERA_INVARIANT_SIGN_K2,2,True
2025-03-13,1,7345,アイ・パートナーズフィナンシャル,0.11587216705083847,True,1.0,1.683501683501687,S04_ERA_INVARIANT_SIGN,S04_ERA_INVARIANT_SIGN_K2,2,True
2025-03-13,2,4057,インターファクトリー,0.10018109530210495,True,1.0,1.9027484143763207,S04_ERA_INVARIANT_SIGN,S04_ERA_INVARIANT_SIGN_K2,2,True
2025-03-14,1,7345,アイ・パートナーズフィナンシャル,0.1082306057214737,True,0.0,-1.4657980456026065,S04_ERA_INVARIANT_SIGN,S04_ERA_INVARIANT_SIGN_K2,2,True
2025-03-14,2,4387,ＺＵＵ,0.09841691702604294,True,1.0,0.2421307506053294,S04_ERA_INVARIANT_SIGN,S04_ERA_INVARIANT_SIGN_K2,2,True
2025-03-17,1,2332,クエスト,0.11452323943376541,True,1.0,0.6666666666666599,S04_ERA_INVARIANT_SIGN,S04_ERA_INVARIANT_SIGN_K2,2,True
2025-03-17,2,8139,ナガホリ,0.10969743132591248,True,0.0,-0.785153461812993,S04_ERA_INVARIANT_SIGN,S04_ERA_INVARIANT_SIGN_K2,2,True
2025-03-18,1,7345,アイ・パートナーズフィナンシャル,0.13182926177978516,True,0.0,-1.7793594306049876,S04_ERA_INVARIANT_SIGN,S04_ERA_INVARIANT_SIGN_K2,2,True
2025-03-18,2,2332,クエスト,0.11639992892742157,True,1.0,0.07369196757553986,S04_ERA_INVARIANT_SIGN,S04_ERA_INVARIANT_SIGN_K2,2,True
2025-03-19,1,2332,クエスト,0.1334943175315857,True,1.0,0.589101620029453,S04_ERA_INVARIANT_SIGN,S04_ERA_INVARIANT_SIGN_K2,2,True
2025-03-19,2,7266,今仙電機製作所,0.12223152816295624,True,1.0,3.703703703703698,S04_ERA_INVARIANT_SIGN,S04_ERA_INVARIANT_SIGN_K2,2,True
2025-03-21,1,5277,スパンクリートコーポレーション,0.1291298270225525,True,0.0,-0.22421524663677195,S04_ERA_INVARIANT_SIGN,S04_ERA_INVARIANT_SIGN_K2,2,True
2025-03-21,2,9685,ＫＹＣＯＭホールディングス,0.1252971887588501,True,1.0,0.2881844380403509,S04_ERA_INVARIANT_SIGN,S04_ERA_INVARIANT_SIGN_K2,2,True
2025-03-24,1,5277,スパンクリートコーポレーション,0.1404741257429123,True,1.0,0.22421524663676085,S04_ERA_INVARIANT_SIGN,S04_ERA_INVARIANT_SIGN_K2,2,True
2025-03-24,2,4356,応用技術,0.12193764746189117,True,0.0,-0.25889967637540146,S04_ERA_INVARIANT_SIGN,S04_ERA_INVARIANT_SIGN_K2,2,True
2025-03-25,1,5277,スパンクリートコーポレーション,0.15434281527996063,True,0.0,-0.22371364653244186,S04_ERA_INVARIANT_SIGN,S04_ERA_INVARIANT_SIGN_K2,2,True
2025-03-25,2,4356,応用技術,0.11417937278747559,True,0.0,-0.5851755526657954,S04_ERA_INVARIANT_SIGN,S04_ERA_INVARIANT_SIGN_K2,2,True
2025-03-26,1,5277,スパンクリートコーポレーション,0.1495113968849182,True,1.0,0.4474272930648837,S04_ERA_INVARIANT_SIGN,S04_ERA_INVARIANT_SIGN_K2,2,True
2025-03-26,2,2332,クエスト,0.12234435975551605,True,1.0,0.6588579795022032,S04_ERA_INVARIANT_SIGN,S04_ERA_INVARIANT_SIGN_K2,2,True
2025-03-27,1,5277,スパンクリートコーポレーション,0.1460963487625122,True,1.0,0.44642857142858094,S04_ERA_INVARIANT_SIGN,S04_ERA_INVARIANT_SIGN_K2,2,True
2025-03-27,2,4356,応用技術,0.11582108587026596,True,0.0,-0.2614379084967311,S04_ERA_INVARIANT_SIGN,S04_ERA_INVARIANT_SIGN_K2,2,True
2025-03-28,1,5277,スパンクリートコーポレーション,0.14719274640083313,True,1.0,0.6696428571428603,S04_ERA_INVARIANT_SIGN,S04_ERA_INVARIANT_SIGN_K2,2,True
2025-03-28,2,9767,日建⼯学,0.11890006065368652,True,1.0,2.1513353115726996,S04_ERA_INVARIANT_SIGN,S04_ERA_INVARIANT_SIGN_K2,2,True
2025-03-31,1,7813,プラッツ,0.12392190843820572,True,1.0,0.4398826979472137,S04_ERA_INVARIANT_SIGN,S04_ERA_INVARIANT_SIGN_K2,2,True
2025-03-31,2,5277,スパンクリートコーポレーション,0.12040478736162186,True,0.0,0.0,S04_ERA_INVARIANT_SIGN,S04_ERA_INVARIANT_SIGN_K2,2,True
2025-04-01,1,3434,アルファＣｏ,0.11254805326461792,True,0.0,-1.4388489208633115,S04_ERA_INVARIANT_SIGN,S04_ERA_INVARIANT_SIGN_K2,2,True
2025-04-01,2,2179,成学社,0.11249726265668869,True,0.0,-0.5167958656330796,S04_ERA_INVARIANT_SIGN,S04_ERA_INVARIANT_SIGN_K2,2,True
2025-04-02,1,7318,セレンディップ・ホールディングス,0.1279921978712082,True,0.0,-0.9044657998869443,S04_ERA_INVARIANT_SIGN,S04_ERA_INVARIANT_SIGN_K2,2,True
2025-04-02,2,2179,成学社,0.10242976993322372,True,0.0,-0.5194805194805197,S04_ERA_INVARIANT_SIGN,S04_ERA_INVARIANT_SIGN_K2,2,True
2025-04-03,1,5845,全保連,0.11362306773662567,True,0.0,-0.6127450980392135,S04_ERA_INVARIANT_SIGN,S04_ERA_INVARIANT_SIGN_K2,2,True
2025-04-03,2,7638,ＮＥＷ ＡＲＴ ＨＯＬＤＩＮＧＳ,0.10132118314504623,True,1.0,2.024922118380057,S04_ERA_INVARIANT_SIGN,S04_ERA_INVARIANT_SIGN_K2,2,True
2025-04-04,1,2332,クエスト,0.09486567229032516,True,0.0,-0.8000000000000007,S04_ERA_INVARIANT_SIGN,S04_ERA_INVARIANT_SIGN_K2,2,True
2025-04-04,2,9685,ＫＹＣＯＭホールディングス,0.09241631627082825,True,0.0,-8.062015503875974,S04_ERA_INVARIANT_SIGN,S04_ERA_INVARIANT_SIGN_K2,2,True
2025-04-07,1,7036,イーエムネットジャパン,0.13476300239562988,True,0.0,-8.115942028985511,S04_ERA_INVARIANT_SIGN,S04_ERA_INVARIANT_SIGN_K2,2,True
2025-04-07,2,9685,ＫＹＣＯＭホールディングス,0.11240768432617188,True,1.0,2.982107355864816,S04_ERA_INVARIANT_SIGN,S04_ERA_INVARIANT_SIGN_K2,2,True
2025-04-08,1,1662,石油資源開発,0.09448934346437454,True,0.0,-0.29880478087649376,S04_ERA_INVARIANT_SIGN,S04_ERA_INVARIANT_SIGN_K2,2,True
2025-04-08,2,9250,ＧＲＣＳ,0.08813705295324326,True,1.0,6.661251015434599,S04_ERA_INVARIANT_SIGN,S04_ERA_INVARIANT_SIGN_K2,2,True
2025-04-09,1,1662,石油資源開発,0.09469752758741379,True,0.0,-2.7551020408163263,S04_ERA_INVARIANT_SIGN,S04_ERA_INVARIANT_SIGN_K2,2,True
2025-04-09,2,3991,ウォンテッドリー,0.089192233979702,True,1.0,3.073967339097017,S04_ERA_INVARIANT_SIGN,S04_ERA_INVARIANT_SIGN_K2,2,True
2025-04-10,1,9165,クオルテック,0.10557763278484344,True,0.0,-6.797706797706793,S04_ERA_INVARIANT_SIGN,S04_ERA_INVARIANT_SIGN_K2,2,True
2025-04-10,2,7266,今仙電機製作所,0.09902257472276688,True,0.0,-3.8461538461538436,S04_ERA_INVARIANT_SIGN,S04_ERA_INVARIANT_SIGN_K2,2,True
2025-04-11,1,7043,アルー,0.10464345663785934,True,1.0,1.9461077844311392,S04_ERA_INVARIANT_SIGN,S04_ERA_INVARIANT_SIGN_K2,2,True
2025-04-11,2,3991,ウォンテッドリー,0.09856325387954712,True,1.0,10.946196660482377,S04_ERA_INVARIANT_SIGN,S04_ERA_INVARIANT_SIGN_K2,2,True
2025-04-14,1,7043,アルー,0.12256243824958801,True,1.0,2.2222222222222143,S04_ERA_INVARIANT_SIGN,S04_ERA_INVARIANT_SIGN_K2,2,True
2025-04-14,2,2282,日本ハム,0.10638169199228287,True,1.0,0.9356725146198785,S04_ERA_INVARIANT_SIGN,S04_ERA_INVARIANT_SIGN_K2,2,True
2025-04-15,1,3986,ビーブレイクシステムズ,0.16478268802165985,True,1.0,0.20964360587001352,S04_ERA_INVARIANT_SIGN,S04_ERA_INVARIANT_SIGN_K2,2,True
2025-04-15,2,7043,アルー,0.14544953405857086,True,1.0,1.4684287812041008,S04_ERA_INVARIANT_SIGN,S04_ERA_INVARIANT_SIGN_K2,2,True
2025-04-16,1,3986,ビーブレイクシステムズ,0.1547868549823761,True,,,S04_ERA_INVARIANT_SIGN,S04_ERA_INVARIANT_SIGN_K2,2,False
2025-04-16,2,5277,スパンクリートコーポレーション,0.13706642389297485,True,0.0,-0.22123893805309214,S04_ERA_INVARIANT_SIGN,S04_ERA_INVARIANT_SIGN_K2,2,True
2025-04-17,1,3986,ビーブレイクシステムズ,0.156751349568367,True,0.0,-2.0689655172413834,S04_ERA_INVARIANT_SIGN,S04_ERA_INVARIANT_SIGN_K2,2,True
2025-04-17,2,7043,アルー,0.14032913744449615,True,0.0,-0.5772005772005762,S04_ERA_INVARIANT_SIGN,S04_ERA_INVARIANT_SIGN_K2,2,True
2025-04-18,1,3986,ビーブレイクシステムズ,0.1378045231103897,True,1.0,1.0563380281690238,S04_ERA_INVARIANT_SIGN,S04_ERA_INVARIANT_SIGN_K2,2,True
2025-04-18,2,7988,ニフコ,0.10648593306541443,True,1.0,1.0153756890049381,S04_ERA_INVARIANT_SIGN,S04_ERA_INVARIANT_SIGN_K2,2,True
2025-04-21,1,3986,ビーブレイクシステムズ,0.12241636961698532,True,0.0,-1.7796030116358663,S04_ERA_INVARIANT_SIGN,S04_ERA_INVARIANT_SIGN_K2,2,True
2025-04-21,2,7043,アルー,0.12063416838645935,True,1.0,0.8746355685131268,S04_ERA_INVARIANT_SIGN,S04_ERA_INVARIANT_SIGN_K2,2,True
2025-04-22,1,7043,アルー,0.12383323907852173,True,1.0,1.3157894736842035,S04_ERA_INVARIANT_SIGN,S04_ERA_INVARIANT_SIGN_K2,2,True
2025-04-22,2,5945,天龍製鋸,0.11697905510663986,True,,,S04_ERA_INVARIANT_SIGN,S04_ERA_INVARIANT_SIGN_K2,2,False
2025-04-23,1,7043,アルー,0.12588082253932953,True,0.0,-0.575539568345329,S04_ERA_INVARIANT_SIGN,S04_ERA_INVARIANT_SIGN_K2,2,True
2025-04-23,2,5945,天龍製鋸,0.11644662916660309,True,0.0,0.0,S04_ERA_INVARIANT_SIGN,S04_ERA_INVARIANT_SIGN_K2,2,True
2025-04-24,1,7043,アルー,0.1406629979610443,True,1.0,0.5788712011577379,S04_ERA_INVARIANT_SIGN,S04_ERA_INVARIANT_SIGN_K2,2,True
2025-04-24,2,9691,両毛システムズ,0.13102342188358307,True,1.0,2.8901734104046284,S04_ERA_INVARIANT_SIGN,S04_ERA_INVARIANT_SIGN_K2,2,True
2025-04-25,1,7043,アルー,0.13145756721496582,True,1.0,0.1436781609195359,S04_ERA_INVARIANT_SIGN,S04_ERA_INVARIANT_SIGN_K2,2,True
2025-04-25,2,9434,ソフトバンク,0.12218762189149857,True,0.0,-0.04699248120302313,S04_ERA_INVARIANT_SIGN,S04_ERA_INVARIANT_SIGN_K2,2,True
2025-04-28,1,7043,アルー,0.12036678940057755,True,0.0,-0.43041606886656814,S04_ERA_INVARIANT_SIGN,S04_ERA_INVARIANT_SIGN_K2,2,True
2025-04-28,2,6734,ニューテック,0.10897625237703323,True,0.0,-0.37783375314861534,S04_ERA_INVARIANT_SIGN,S04_ERA_INVARIANT_SIGN_K2,2,True
2025-04-30,1,7043,アルー,0.13426923751831055,True,1.0,0.14409221902016434,S04_ERA_INVARIANT_SIGN,S04_ERA_INVARIANT_SIGN_K2,2,True
2025-04-30,2,7255,桜井製作所,0.11216355860233307,True,0.0,-0.5291005291005346,S04_ERA_INVARIANT_SIGN,S04_ERA_INVARIANT_SIGN_K2,2,True
2025-05-01,1,7043,アルー,0.12905876338481903,True,1.0,0.2877697841726645,S04_ERA_INVARIANT_SIGN,S04_ERA_INVARIANT_SIGN_K2,2,True
2025-05-01,2,5619,マーソ,0.10475725680589676,True,1.0,1.7410228509249226,S04_ERA_INVARIANT_SIGN,S04_ERA_INVARIANT_SIGN_K2,2,True
2025-05-02,1,7043,アルー,0.11751271784305573,True,0.0,-0.1436781609195359,S04_ERA_INVARIANT_SIGN,S04_ERA_INVARIANT_SIGN_K2,2,True
2025-05-02,2,4394,エクスモーション,0.10658346861600876,True,1.0,1.7857142857142794,S04_ERA_INVARIANT_SIGN,S04_ERA_INVARIANT_SIGN_K2,2,True
2025-05-07,1,7043,アルー,0.1369626224040985,True,1.0,1.5827338129496438,S04_ERA_INVARIANT_SIGN,S04_ERA_INVARIANT_SIGN_K2,2,True
2025-05-07,2,8566,リコーリース,0.11701429635286331,True,0.0,-0.9505703422053258,S04_ERA_INVARIANT_SIGN,S04_ERA_INVARIANT_SIGN_K2,2,True
2025-05-08,1,7043,アルー,0.1182064488530159,True,1.0,2.1398002853067144,S04_ERA_INVARIANT_SIGN,S04_ERA_INVARIANT_SIGN_K2,2,True
2025-05-08,2,2908,フジッコ,0.11378347128629684,True,1.0,0.6815365551424923,S04_ERA_INVARIANT_SIGN,S04_ERA_INVARIANT_SIGN_K2,2,True
2025-05-09,1,7043,アルー,0.12342030555009842,True,1.0,2.384291725105192,S04_ERA_INVARIANT_SIGN,S04_ERA_INVARIANT_SIGN_K2,2,True
2025-05-09,2,9048,名古屋鉄道,0.11103833466768265,True,0.0,-0.691842029403289,S04_ERA_INVARIANT_SIGN,S04_ERA_INVARIANT_SIGN_K2,2,True
2025-05-12,1,7345,アイ・パートナーズフィナンシャル,0.1339302510023117,True,1.0,1.6042780748663166,S04_ERA_INVARIANT_SIGN,S04_ERA_INVARIANT_SIGN_K2,2,True
2025-05-12,2,3712,情報企画,0.1143244281411171,True,0.0,-2.728226652675758,S04_ERA_INVARIANT_SIGN,S04_ERA_INVARIANT_SIGN_K2,2,True
2025-05-13,1,7345,アイ・パートナーズフィナンシャル,0.13054987788200378,True,0.0,-1.0714285714285676,S04_ERA_INVARIANT_SIGN,S04_ERA_INVARIANT_SIGN_K2,2,True
2025-05-13,2,2282,日本ハム,0.1272220015525818,True,0.0,-0.43330821401658115,S04_ERA_INVARIANT_SIGN,S04_ERA_INVARIANT_SIGN_K2,2,True
2025-05-14,1,7345,アイ・パートナーズフィナンシャル,0.14322686195373535,True,1.0,3.392857142857153,S04_ERA_INVARIANT_SIGN,S04_ERA_INVARIANT_SIGN_K2,2,True
2025-05-14,2,1898,世紀東急⼯業,0.12713398039340973,True,0.0,-1.261387526278912,S04_ERA_INVARIANT_SIGN,S04_ERA_INVARIANT_SIGN_K2,2,True
2025-05-15,1,3353,メディカル一光グループ,0.12285883724689484,True,1.0,0.2565198802907176,S04_ERA_INVARIANT_SIGN,S04_ERA_INVARIANT_SIGN_K2,2,True
2025-05-15,2,4069,ＢｌｕｅＭｅｍｅ,0.1150423064827919,True,1.0,2.57548845470692,S04_ERA_INVARIANT_SIGN,S04_ERA_INVARIANT_SIGN_K2,2,True
2025-05-16,1,7345,アイ・パートナーズフィナンシャル,0.1360129565000534,True,1.0,0.8928571428571397,S04_ERA_INVARIANT_SIGN,S04_ERA_INVARIANT_SIGN_K2,2,True
2025-05-16,2,3513,イチカワ,0.12268026173114777,True,1.0,0.1818181818181719,S04_ERA_INVARIANT_SIGN,S04_ERA_INVARIANT_SIGN_K2,2,True
2025-05-19,1,6034,ＭＲＴ,0.12073050439357758,True,0.0,-1.3274336283185861,S04_ERA_INVARIANT_SIGN,S04_ERA_INVARIANT_SIGN_K2,2,True
2025-05-19,2,3141,ウエルシアホールディングス,0.10551635175943375,True,0.0,-0.4805683242791514,S04_ERA_INVARIANT_SIGN,S04_ERA_INVARIANT_SIGN_K2,2,True
2025-05-20,1,7345,アイ・パートナーズフィナンシャル,0.12372417002916336,True,1.0,0.727272727272732,S04_ERA_INVARIANT_SIGN,S04_ERA_INVARIANT_SIGN_K2,2,True
2025-05-20,2,9416,ビジョン,0.11983739584684372,True,0.0,-0.08643042350907626,S04_ERA_INVARIANT_SIGN,S04_ERA_INVARIANT_SIGN_K2,2,True
2025-05-21,1,3141,ウエルシアホールディングス,0.10414581745862961,True,1.0,1.320676846884039,S04_ERA_INVARIANT_SIGN,S04_ERA_INVARIANT_SIGN_K2,2,True
2025-05-21,2,6670,ＭＣＪ,0.10113757848739624,True,0.0,-1.5128593040847238,S04_ERA_INVARIANT_SIGN,S04_ERA_INVARIANT_SIGN_K2,2,True
2025-05-22,1,7345,アイ・パートナーズフィナンシャル,0.1154274120926857,True,1.0,1.6666666666666607,S04_ERA_INVARIANT_SIGN,S04_ERA_INVARIANT_SIGN_K2,2,True
2025-05-22,2,6670,ＭＣＪ,0.1055234894156456,True,0.0,-0.5426356589147252,S04_ERA_INVARIANT_SIGN,S04_ERA_INVARIANT_SIGN_K2,2,True
2025-05-23,1,7345,アイ・パートナーズフィナンシャル,0.11583871394395828,True,1.0,1.4842300556586308,S04_ERA_INVARIANT_SIGN,S04_ERA_INVARIANT_SIGN_K2,2,True
2025-05-23,2,9142,九州旅客鉄道,0.09616538882255554,True,0.0,-0.18087855297157507,S04_ERA_INVARIANT_SIGN,S04_ERA_INVARIANT_SIGN_K2,2,True
2025-05-26,1,7345,アイ・パートナーズフィナンシャル,0.12420818209648132,True,1.0,0.3656307129798808,S04_ERA_INVARIANT_SIGN,S04_ERA_INVARIANT_SIGN_K2,2,True
2025-05-26,2,4437,ｇｏｏｄｄａｙｓホールディングス,0.10281418263912201,True,1.0,0.2989536621823552,S04_ERA_INVARIANT_SIGN,S04_ERA_INVARIANT_SIGN_K2,2,True
2025-05-27,1,5945,天龍製鋸,0.11253777146339417,True,1.0,0.10804970286331095,S04_ERA_INVARIANT_SIGN,S04_ERA_INVARIANT_SIGN_K2,2,True
2025-05-27,2,7345,アイ・パートナーズフィナンシャル,0.11050394177436829,True,1.0,5.185185185185182,S04_ERA_INVARIANT_SIGN,S04_ERA_INVARIANT_SIGN_K2,2,True
2025-05-28,1,5945,天龍製鋸,0.12435166537761688,True,1.0,0.37776578521315773,S04_ERA_INVARIANT_SIGN,S04_ERA_INVARIANT_SIGN_K2,2,True
2025-05-28,2,9142,九州旅客鉄道,0.09930005669593811,True,1.0,0.332310838445804,S04_ERA_INVARIANT_SIGN,S04_ERA_INVARIANT_SIGN_K2,2,True
2025-05-29,1,7345,アイ・パートナーズフィナンシャル,0.1365114450454712,True,1.0,1.4814814814814836,S04_ERA_INVARIANT_SIGN,S04_ERA_INVARIANT_SIGN_K2,2,True
2025-05-29,2,5945,天龍製鋸,0.12532813847064972,True,0.0,-0.32171581769436797,S04_ERA_INVARIANT_SIGN,S04_ERA_INVARIANT_SIGN_K2,2,True
2025-05-30,1,5945,天龍製鋸,0.1303667426109314,True,1.0,0.2702702702702675,S04_ERA_INVARIANT_SIGN,S04_ERA_INVARIANT_SIGN_K2,2,True
2025-05-30,2,9265,ヤマシタヘルスケアホールディングス,0.10994116961956024,True,1.0,0.34749034749035346,S04_ERA_INVARIANT_SIGN,S04_ERA_INVARIANT_SIGN_K2,2,True
2025-06-02,1,5945,天龍製鋸,0.11843744665384293,True,0.0,-0.48179871520342976,S04_ERA_INVARIANT_SIGN,S04_ERA_INVARIANT_SIGN_K2,2,True
2025-06-02,2,9265,ヤマシタヘルスケアホールディングス,0.10110167413949966,True,1.0,1.1769321302471658,S04_ERA_INVARIANT_SIGN,S04_ERA_INVARIANT_SIGN_K2,2,True
2025-06-03,1,3271,ＴＨＥグローバル社,0.10613608360290527,True,0.0,-0.6295907660020972,S04_ERA_INVARIANT_SIGN,S04_ERA_INVARIANT_SIGN_K2,2,True
2025-06-03,2,5945,天龍製鋸,0.09964731335639954,True,1.0,0.21551724137931494,S04_ERA_INVARIANT_SIGN,S04_ERA_INVARIANT_SIGN_K2,2,True
2025-06-04,1,6346,キクカワエンタープライズ,0.10767747461795807,True,1.0,1.0869565217391353,S04_ERA_INVARIANT_SIGN,S04_ERA_INVARIANT_SIGN_K2,2,True
2025-06-04,2,7345,アイ・パートナーズフィナンシャル,0.09649840742349625,True,1.0,1.2727272727272698,S04_ERA_INVARIANT_SIGN,S04_ERA_INVARIANT_SIGN_K2,2,True
2025-06-05,1,6346,キクカワエンタープライズ,0.10416696965694427,True,,,S04_ERA_INVARIANT_SIGN,S04_ERA_INVARIANT_SIGN_K2,2,False
2025-06-05,2,9142,九州旅客鉄道,0.10397501289844513,True,1.0,0.42350449973531656,S04_ERA_INVARIANT_SIGN,S04_ERA_INVARIANT_SIGN_K2,2,True
2025-06-06,1,3948,光ビジネスフォーム,0.11877834051847458,True,1.0,1.6999999999999904,S04_ERA_INVARIANT_SIGN,S04_ERA_INVARIANT_SIGN_K2,2,True
2025-06-06,2,3097,物語コーポレーション,0.0971829891204834,True,1.0,2.7259684361549574,S04_ERA_INVARIANT_SIGN,S04_ERA_INVARIANT_SIGN_K2,2,True
2025-06-09,1,3271,ＴＨＥグローバル社,0.09933219850063324,True,0.0,0.0,S04_ERA_INVARIANT_SIGN,S04_ERA_INVARIANT_SIGN_K2,2,True
2025-06-09,2,6063,日本エマージェンシーアシスタンス,0.09266301989555359,True,0.0,-0.38131553860819567,S04_ERA_INVARIANT_SIGN,S04_ERA_INVARIANT_SIGN_K2,2,True
2025-06-10,1,9142,九州旅客鉄道,0.09113424271345139,True,0.0,-0.42440318302386926,S04_ERA_INVARIANT_SIGN,S04_ERA_INVARIANT_SIGN_K2,2,True
2025-06-10,2,3529,アツギ,0.08994179219007492,True,1.0,0.9874326750448859,S04_ERA_INVARIANT_SIGN,S04_ERA_INVARIANT_SIGN_K2,2,True
2025-06-11,1,175A,Ｗｉｌｌ Ｓｍａｒｔ,0.10030904412269592,True,1.0,2.1437578814627933,S04_ERA_INVARIANT_SIGN,S04_ERA_INVARIANT_SIGN_K2,2,True
2025-06-11,2,6570,共和コーポレーション,0.09582659602165222,True,1.0,0.5117707267144223,S04_ERA_INVARIANT_SIGN,S04_ERA_INVARIANT_SIGN_K2,2,True
2025-06-12,1,7255,桜井製作所,0.10378758609294891,True,1.0,1.5706806282722585,S04_ERA_INVARIANT_SIGN,S04_ERA_INVARIANT_SIGN_K2,2,True
2025-06-12,2,4231,タイガースポリマー,0.10083211958408356,True,0.0,-0.248447204968949,S04_ERA_INVARIANT_SIGN,S04_ERA_INVARIANT_SIGN_K2,2,True
2025-06-13,1,4437,ｇｏｏｄｄａｙｓホールディングス,0.0969436913728714,True,1.0,0.7473841554558991,S04_ERA_INVARIANT_SIGN,S04_ERA_INVARIANT_SIGN_K2,2,True
2025-06-13,2,4421,ディ・アイ・システム,0.09559768438339233,True,1.0,0.32537960954446277,S04_ERA_INVARIANT_SIGN,S04_ERA_INVARIANT_SIGN_K2,2,True
2025-06-16,1,7345,アイ・パートナーズフィナンシャル,0.10995907336473465,True,1.0,2.177858439201441,S04_ERA_INVARIANT_SIGN,S04_ERA_INVARIANT_SIGN_K2,2,True
2025-06-16,2,9331,キャスター,0.09651624411344528,True,1.0,1.0089686098654793,S04_ERA_INVARIANT_SIGN,S04_ERA_INVARIANT_SIGN_K2,2,True
2025-06-17,1,3843,フリービット,0.11730761080980301,True,1.0,0.3518648838845895,S04_ERA_INVARIANT_SIGN,S04_ERA_INVARIANT_SIGN_K2,2,True
2025-06-17,2,7255,桜井製作所,0.11713267117738724,True,1.0,1.7513134851138368,S04_ERA_INVARIANT_SIGN,S04_ERA_INVARIANT_SIGN_K2,2,True
2025-06-18,1,7255,桜井製作所,0.10656193643808365,True,1.0,0.17241379310344307,S04_ERA_INVARIANT_SIGN,S04_ERA_INVARIANT_SIGN_K2,2,True
2025-06-18,2,3843,フリービット,0.10102646052837372,True,1.0,0.3506311360448766,S04_ERA_INVARIANT_SIGN,S04_ERA_INVARIANT_SIGN_K2,2,True
2025-06-19,1,3843,フリービット,0.1079828292131424,True,0.0,-0.6271777003484358,S04_ERA_INVARIANT_SIGN,S04_ERA_INVARIANT_SIGN_K2,2,True
2025-06-19,2,6648,かわでん,0.10594160854816437,True,1.0,0.5701254275940704,S04_ERA_INVARIANT_SIGN,S04_ERA_INVARIANT_SIGN_K2,2,True
2025-06-20,1,3843,フリービット,0.10510504245758057,True,0.0,-1.480959097320167,S04_ERA_INVARIANT_SIGN,S04_ERA_INVARIANT_SIGN_K2,2,True
2025-06-20,2,7255,桜井製作所,0.09720499068498611,True,1.0,0.8635578583765069,S04_ERA_INVARIANT_SIGN,S04_ERA_INVARIANT_SIGN_K2,2,True
2025-06-23,1,6648,かわでん,0.10925894975662231,True,1.0,0.11428571428571122,S04_ERA_INVARIANT_SIGN,S04_ERA_INVARIANT_SIGN_K2,2,True
2025-06-23,2,8198,マックスバリュ東海,0.10241767019033432,True,1.0,1.8750000000000044,S04_ERA_INVARIANT_SIGN,S04_ERA_INVARIANT_SIGN_K2,2,True
2025-06-24,1,2327,日鉄ソリューションズ,0.0997290089726448,True,0.0,-0.42918454935622075,S04_ERA_INVARIANT_SIGN,S04_ERA_INVARIANT_SIGN_K2,2,True
2025-06-24,2,7043,アルー,0.0991600826382637,True,1.0,0.5221932114882533,S04_ERA_INVARIANT_SIGN,S04_ERA_INVARIANT_SIGN_K2,2,True
2025-06-25,1,4437,ｇｏｏｄｄａｙｓホールディングス,0.1131535992026329,True,0.0,-0.295857988165682,S04_ERA_INVARIANT_SIGN,S04_ERA_INVARIANT_SIGN_K2,2,True
2025-06-25,2,6201,豊⽥自動織機,0.10540677607059479,True,1.0,0.06134969325153339,S04_ERA_INVARIANT_SIGN,S04_ERA_INVARIANT_SIGN_K2,2,True
2025-06-26,1,4437,ｇｏｏｄｄａｙｓホールディングス,0.10077428072690964,True,1.0,1.5037593984962516,S04_ERA_INVARIANT_SIGN,S04_ERA_INVARIANT_SIGN_K2,2,True
2025-06-26,2,6201,豊⽥自動織機,0.09593411535024643,True,0.0,-0.06131207847945852,S04_ERA_INVARIANT_SIGN,S04_ERA_INVARIANT_SIGN_K2,2,True
2025-06-27,1,4437,ｇｏｏｄｄａｙｓホールディングス,0.1010749489068985,True,1.0,0.14792899408284654,S04_ERA_INVARIANT_SIGN,S04_ERA_INVARIANT_SIGN_K2,2,True
2025-06-27,2,6648,かわでん,0.09876112639904022,True,0.0,-1.851851851851849,S04_ERA_INVARIANT_SIGN,S04_ERA_INVARIANT_SIGN_K2,2,True
2025-06-30,1,4437,ｇｏｏｄｄａｙｓホールディングス,0.12101438641548157,True,1.0,1.4925373134328401,S04_ERA_INVARIANT_SIGN,S04_ERA_INVARIANT_SIGN_K2,2,True
2025-06-30,2,7043,アルー,0.1199389174580574,True,1.0,0.9150326797385588,S04_ERA_INVARIANT_SIGN,S04_ERA_INVARIANT_SIGN_K2,2,True
2025-07-01,1,4437,ｇｏｏｄｄａｙｓホールディングス,0.10821084678173065,True,0.0,-0.7299270072992692,S04_ERA_INVARIANT_SIGN,S04_ERA_INVARIANT_SIGN_K2,2,True
2025-07-01,2,9361,伏木海陸運送,0.10530075430870056,True,0.0,-0.3056234718826434,S04_ERA_INVARIANT_SIGN,S04_ERA_INVARIANT_SIGN_K2,2,True
2025-07-02,1,9361,伏木海陸運送,0.0974162220954895,True,0.0,-0.5518087063151489,S04_ERA_INVARIANT_SIGN,S04_ERA_INVARIANT_SIGN_K2,2,True
2025-07-02,2,7043,アルー,0.09708692878484726,True,,,S04_ERA_INVARIANT_SIGN,S04_ERA_INVARIANT_SIGN_K2,2,False
2025-07-03,1,7043,アルー,0.10068100690841675,True,1.0,0.5221932114882533,S04_ERA_INVARIANT_SIGN,S04_ERA_INVARIANT_SIGN_K2,2,True
2025-07-03,2,4391,ロジザード,0.0895778089761734,True,0.0,0.0,S04_ERA_INVARIANT_SIGN,S04_ERA_INVARIANT_SIGN_K2,2,True
2025-07-04,1,4391,ロジザード,0.08348675817251205,True,0.0,-1.56378600823045,S04_ERA_INVARIANT_SIGN,S04_ERA_INVARIANT_SIGN_K2,2,True
2025-07-04,2,7043,アルー,0.07805683463811874,True,1.0,0.26041666666667407,S04_ERA_INVARIANT_SIGN,S04_ERA_INVARIANT_SIGN_K2,2,True
2025-07-07,1,2798,ワイズテーブルコーポレーション,0.09696133434772491,True,0.0,-0.8681135225375614,S04_ERA_INVARIANT_SIGN,S04_ERA_INVARIANT_SIGN_K2,2,True
2025-07-07,2,7043,アルー,0.08241596072912216,True,1.0,0.26041666666667407,S04_ERA_INVARIANT_SIGN,S04_ERA_INVARIANT_SIGN_K2,2,True
2025-07-08,1,2798,ワイズテーブルコーポレーション,0.09111081063747406,True,0.0,-0.03370407819346388,S04_ERA_INVARIANT_SIGN,S04_ERA_INVARIANT_SIGN_K2,2,True
2025-07-08,2,7679,薬王堂ホールディングス,0.08786503225564957,True,1.0,2.25390984360625,S04_ERA_INVARIANT_SIGN,S04_ERA_INVARIANT_SIGN_K2,2,True
2025-07-09,1,7043,アルー,0.11083392798900604,True,1.0,0.78125,S04_ERA_INVARIANT_SIGN,S04_ERA_INVARIANT_SIGN_K2,2,True
2025-07-09,2,9364,上組,0.09792941808700562,True,1.0,1.3131813676907855,S04_ERA_INVARIANT_SIGN,S04_ERA_INVARIANT_SIGN_K2,2,True
2025-07-10,1,4437,ｇｏｏｄｄａｙｓホールディングス,0.11679773032665253,True,1.0,0.4411764705882337,S04_ERA_INVARIANT_SIGN,S04_ERA_INVARIANT_SIGN_K2,2,True
2025-07-10,2,7043,アルー,0.11583840847015381,True,1.0,0.3896103896103842,S04_ERA_INVARIANT_SIGN,S04_ERA_INVARIANT_SIGN_K2,2,True
2025-07-11,1,4437,ｇｏｏｄｄａｙｓホールディングス,0.1172216460108757,True,1.0,0.2928257686676483,S04_ERA_INVARIANT_SIGN,S04_ERA_INVARIANT_SIGN_K2,2,True
2025-07-11,2,7043,アルー,0.1062459871172905,True,1.0,0.6518904823989535,S04_ERA_INVARIANT_SIGN,S04_ERA_INVARIANT_SIGN_K2,2,True
2025-07-14,1,4437,ｇｏｏｄｄａｙｓホールディングス,0.12112791836261749,True,0.0,-0.7246376811594235,S04_ERA_INVARIANT_SIGN,S04_ERA_INVARIANT_SIGN_K2,2,True
2025-07-14,2,7043,アルー,0.11610239744186401,True,0.0,-0.13003901170350884,S04_ERA_INVARIANT_SIGN,S04_ERA_INVARIANT_SIGN_K2,2,True
2025-07-15,1,7043,アルー,0.12226911634206772,True,0.0,0.0,S04_ERA_INVARIANT_SIGN,S04_ERA_INVARIANT_SIGN_K2,2,True
2025-07-15,2,2798,ワイズテーブルコーポレーション,0.10210119187831879,True,1.0,0.5414551607445084,S04_ERA_INVARIANT_SIGN,S04_ERA_INVARIANT_SIGN_K2,2,True
2025-07-16,1,7043,アルー,0.10829956084489822,True,1.0,0.6493506493506551,S04_ERA_INVARIANT_SIGN,S04_ERA_INVARIANT_SIGN_K2,2,True
2025-07-16,2,4437,ｇｏｏｄｄａｙｓホールディングス,0.09207454323768616,True,1.0,2.499999999999991,S04_ERA_INVARIANT_SIGN,S04_ERA_INVARIANT_SIGN_K2,2,True
2025-07-17,1,7043,アルー,0.10732592642307281,True,1.0,0.2600780234070177,S04_ERA_INVARIANT_SIGN,S04_ERA_INVARIANT_SIGN_K2,2,True
2025-07-17,2,6558,クックビズ,0.09598816931247711,True,0.0,0.0,S04_ERA_INVARIANT_SIGN,S04_ERA_INVARIANT_SIGN_K2,2,True
2025-07-18,1,7043,アルー,0.12451346963644028,True,1.0,0.1290322580645098,S04_ERA_INVARIANT_SIGN,S04_ERA_INVARIANT_SIGN_K2,2,True
2025-07-18,2,7808,シー・エス・ランバー,0.09638068079948425,True,1.0,0.33444816053511683,S04_ERA_INVARIANT_SIGN,S04_ERA_INVARIANT_SIGN_K2,2,True
2025-07-22,1,7043,アルー,0.11435844004154205,True,1.0,2.05920205920207,S04_ERA_INVARIANT_SIGN,S04_ERA_INVARIANT_SIGN_K2,2,True
2025-07-22,2,8584,ジャックス,0.08145927637815475,True,1.0,0.49200492004919383,S04_ERA_INVARIANT_SIGN,S04_ERA_INVARIANT_SIGN_K2,2,True
2025-07-23,1,7808,シー・エス・ランバー,0.08823761343955994,True,1.0,0.4366812227074135,S04_ERA_INVARIANT_SIGN,S04_ERA_INVARIANT_SIGN_K2,2,True
2025-07-23,2,5446,北越メタル,0.08394963294267654,True,1.0,1.0569105691056846,S04_ERA_INVARIANT_SIGN,S04_ERA_INVARIANT_SIGN_K2,2,True
2025-07-24,1,7808,シー・エス・ランバー,0.10899647325277328,True,1.0,1.655629139072845,S04_ERA_INVARIANT_SIGN,S04_ERA_INVARIANT_SIGN_K2,2,True
2025-07-24,2,7634,星医療酸器,0.1041296124458313,True,0.0,0.0,S04_ERA_INVARIANT_SIGN,S04_ERA_INVARIANT_SIGN_K2,2,True
2025-07-25,1,7634,星医療酸器,0.11569160968065262,True,1.0,0.439560439560438,S04_ERA_INVARIANT_SIGN,S04_ERA_INVARIANT_SIGN_K2,2,True
2025-07-25,2,9259,タカヨシホールディングス,0.11371175199747086,True,0.0,0.0,S04_ERA_INVARIANT_SIGN,S04_ERA_INVARIANT_SIGN_K2,2,True
2025-07-28,1,9259,タカヨシホールディングス,0.11481388658285141,True,0.0,-0.14265335235378318,S04_ERA_INVARIANT_SIGN,S04_ERA_INVARIANT_SIGN_K2,2,True
2025-07-28,2,7634,星医療酸器,0.11446472257375717,True,0.0,0.0,S04_ERA_INVARIANT_SIGN,S04_ERA_INVARIANT_SIGN_K2,2,True
2025-07-29,1,9259,タカヨシホールディングス,0.1147596687078476,True,0.0,0.0,S04_ERA_INVARIANT_SIGN,S04_ERA_INVARIANT_SIGN_K2,2,True
2025-07-29,2,7043,アルー,0.1111707016825676,True,0.0,-0.37641154328732496,S04_ERA_INVARIANT_SIGN,S04_ERA_INVARIANT_SIGN_K2,2,True
2025-07-30,1,7043,アルー,0.11204386502504349,True,1.0,2.130325814536338,S04_ERA_INVARIANT_SIGN,S04_ERA_INVARIANT_SIGN_K2,2,True
2025-07-30,2,9254,ラバブルマーケティンググループ,0.10350760072469711,True,0.0,0.0,S04_ERA_INVARIANT_SIGN,S04_ERA_INVARIANT_SIGN_K2,2,True
2025-07-31,1,9259,タカヨシホールディングス,0.10967588424682617,True,1.0,0.14265335235377208,S04_ERA_INVARIANT_SIGN,S04_ERA_INVARIANT_SIGN_K2,2,True
2025-07-31,2,9254,ラバブルマーケティンググループ,0.10777465999126434,True,1.0,1.717967072297788,S04_ERA_INVARIANT_SIGN,S04_ERA_INVARIANT_SIGN_K2,2,True
2024-07-01,1,7043,アルー,0.13626453280448914,True,1.0,0.49999999999998934,S05_LEAVE_ONE_STATE_OUT_MEDIAN_COEF,S05_LEAVE_ONE_STATE_OUT_MEDIAN_COEF_K1,1,True
2024-07-02,1,7043,アルー,0.12978604435920715,True,0.0,-0.49813200498132204,S05_LEAVE_ONE_STATE_OUT_MEDIAN_COEF,S05_LEAVE_ONE_STATE_OUT_MEDIAN_COEF_K1,1,True
2024-07-03,1,6151,日東⼯器,0.1290363222360611,True,0.0,-4.340497260851239,S05_LEAVE_ONE_STATE_OUT_MEDIAN_COEF,S05_LEAVE_ONE_STATE_OUT_MEDIAN_COEF_K1,1,True
2024-07-04,1,6151,日東⼯器,0.12662559747695923,True,0.0,-0.9683098591549255,S05_LEAVE_ONE_STATE_OUT_MEDIAN_COEF,S05_LEAVE_ONE_STATE_OUT_MEDIAN_COEF_K1,1,True
2024-07-05,1,7043,アルー,0.11890031397342682,True,1.0,7.800511508951402,S05_LEAVE_ONE_STATE_OUT_MEDIAN_COEF,S05_LEAVE_ONE_STATE_OUT_MEDIAN_COEF_K1,1,True
2024-07-08,1,6151,日東⼯器,0.10085790604352951,True,0.0,-3.8224956063268922,S05_LEAVE_ONE_STATE_OUT_MEDIAN_COEF,S05_LEAVE_ONE_STATE_OUT_MEDIAN_COEF_K1,1,True
2024-07-09,1,6151,日東⼯器,0.10824208706617355,True,1.0,0.22841480127913094,S05_LEAVE_ONE_STATE_OUT_MEDIAN_COEF,S05_LEAVE_ONE_STATE_OUT_MEDIAN_COEF_K1,1,True
2024-07-10,1,1866,北野建設,0.09551116824150085,True,0.0,-0.4070556309362261,S05_LEAVE_ONE_STATE_OUT_MEDIAN_COEF,S05_LEAVE_ONE_STATE_OUT_MEDIAN_COEF_K1,1,True
2024-07-11,1,4628,エスケー化研,0.10255152732133865,True,0.0,-3.2362459546925515,S05_LEAVE_ONE_STATE_OUT_MEDIAN_COEF,S05_LEAVE_ONE_STATE_OUT_MEDIAN_COEF_K1,1,True
2024-07-12,1,4344,ソースネクスト,0.11553801596164703,True,1.0,9.478672985782,S05_LEAVE_ONE_STATE_OUT_MEDIAN_COEF,S05_LEAVE_ONE_STATE_OUT_MEDIAN_COEF_K1,1,True
2024-07-16,1,8938,グローム・ホールディングス,0.10014716535806656,True,1.0,3.2727272727272716,S05_LEAVE_ONE_STATE_OUT_MEDIAN_COEF,S05_LEAVE_ONE_STATE_OUT_MEDIAN_COEF_K1,1,True
2024-07-17,1,7807,幸和製作所,0.1331225335597992,True,0.0,-2.4207011686143587,S05_LEAVE_ONE_STATE_OUT_MEDIAN_COEF,S05_LEAVE_ONE_STATE_OUT_MEDIAN_COEF_K1,1,True
2024-07-18,1,4519,中外製薬,0.1092265248298645,True,1.0,0.4027521396207323,S05_LEAVE_ONE_STATE_OUT_MEDIAN_COEF,S05_LEAVE_ONE_STATE_OUT_MEDIAN_COEF_K1,1,True
2024-07-19,1,5252,日本ナレッジ,0.11014686524868011,True,1.0,0.6545454545454632,S05_LEAVE_ONE_STATE_OUT_MEDIAN_COEF,S05_LEAVE_ONE_STATE_OUT_MEDIAN_COEF_K1,1,True
2024-07-22,1,7043,アルー,0.13859891891479492,True,1.0,4.422604422604426,S05_LEAVE_ONE_STATE_OUT_MEDIAN_COEF,S05_LEAVE_ONE_STATE_OUT_MEDIAN_COEF_K1,1,True
2024-07-23,1,6048,デザインワン・ジャパン,0.10612362623214722,True,0.0,-2.0689655172413834,S05_LEAVE_ONE_STATE_OUT_MEDIAN_COEF,S05_LEAVE_ONE_STATE_OUT_MEDIAN_COEF_K1,1,True
2024-07-24,1,6762,ＴＤＫ,0.10716401785612106,True,0.0,-0.14691478942213676,S05_LEAVE_ONE_STATE_OUT_MEDIAN_COEF,S05_LEAVE_ONE_STATE_OUT_MEDIAN_COEF_K1,1,True
2024-07-25,1,7043,アルー,0.09792826324701309,True,1.0,1.0882708585247869,S05_LEAVE_ONE_STATE_OUT_MEDIAN_COEF,S05_LEAVE_ONE_STATE_OUT_MEDIAN_COEF_K1,1,True
2024-07-26,1,5256,Ｆｕｓｉｃ,0.09644381701946259,True,0.0,-0.45385779122542047,S05_LEAVE_ONE_STATE_OUT_MEDIAN_COEF,S05_LEAVE_ONE_STATE_OUT_MEDIAN_COEF_K1,1,True
2024-07-29,1,5247,ＢＴＭ,0.09257920831441879,True,1.0,3.5409836065573685,S05_LEAVE_ONE_STATE_OUT_MEDIAN_COEF,S05_LEAVE_ONE_STATE_OUT_MEDIAN_COEF_K1,1,True
2024-07-30,1,7043,アルー,0.12266533821821213,True,1.0,2.4242424242424176,S05_LEAVE_ONE_STATE_OUT_MEDIAN_COEF,S05_LEAVE_ONE_STATE_OUT_MEDIAN_COEF_K1,1,True
2024-07-31,1,9340,アソインターナショナル,0.09539471566677094,True,1.0,3.2032032032031976,S05_LEAVE_ONE_STATE_OUT_MEDIAN_COEF,S05_LEAVE_ONE_STATE_OUT_MEDIAN_COEF_K1,1,True
2024-08-01,1,8139,ナガホリ,0.12232857197523117,True,1.0,2.3668639053254337,S05_LEAVE_ONE_STATE_OUT_MEDIAN_COEF,S05_LEAVE_ONE_STATE_OUT_MEDIAN_COEF_K1,1,True
2024-08-02,1,3673,ブロードリーフ,0.11718203127384186,True,0.0,-3.0411449016100156,S05_LEAVE_ONE_STATE_OUT_MEDIAN_COEF,S05_LEAVE_ONE_STATE_OUT_MEDIAN_COEF_K1,1,True
2024-08-05,1,3673,ブロードリーフ,0.10528899729251862,True,0.0,-2.1568627450980427,S05_LEAVE_ONE_STATE_OUT_MEDIAN_COEF,S05_LEAVE_ONE_STATE_OUT_MEDIAN_COEF_K1,1,True
2024-08-06,1,4496,コマースＯｎｅホールディングス,0.09206278622150421,True,1.0,12.53968253968254,S05_LEAVE_ONE_STATE_OUT_MEDIAN_COEF,S05_LEAVE_ONE_STATE_OUT_MEDIAN_COEF_K1,1,True
2024-08-07,1,4814,ネクストウェア,0.08612888306379318,True,1.0,4.8387096774193505,S05_LEAVE_ONE_STATE_OUT_MEDIAN_COEF,S05_LEAVE_ONE_STATE_OUT_MEDIAN_COEF_K1,1,True
2024-08-08,1,7043,アルー,0.07762772589921951,True,1.0,0.3597122302158251,S05_LEAVE_ONE_STATE_OUT_MEDIAN_COEF,S05_LEAVE_ONE_STATE_OUT_MEDIAN_COEF_K1,1,True
2024-08-09,1,7043,アルー,0.09501460194587708,True,0.0,0.0,S05_LEAVE_ONE_STATE_OUT_MEDIAN_COEF,S05_LEAVE_ONE_STATE_OUT_MEDIAN_COEF_K1,1,True
2024-08-13,1,8139,ナガホリ,0.11898481845855713,True,1.0,0.5098324836125379,S05_LEAVE_ONE_STATE_OUT_MEDIAN_COEF,S05_LEAVE_ONE_STATE_OUT_MEDIAN_COEF_K1,1,True
2024-08-14,1,7043,アルー,0.16587406396865845,True,1.0,3.409090909090917,S05_LEAVE_ONE_STATE_OUT_MEDIAN_COEF,S05_LEAVE_ONE_STATE_OUT_MEDIAN_COEF_K1,1,True
2024-08-15,1,8139,ナガホリ,0.12439214438199997,True,0.0,-1.1594202898550732,S05_LEAVE_ONE_STATE_OUT_MEDIAN_COEF,S05_LEAVE_ONE_STATE_OUT_MEDIAN_COEF_K1,1,True
2024-08-16,1,7043,アルー,0.15011805295944214,True,0.0,-0.4987531172069848,S05_LEAVE_ONE_STATE_OUT_MEDIAN_COEF,S05_LEAVE_ONE_STATE_OUT_MEDIAN_COEF_K1,1,True
2024-08-19,1,7043,アルー,0.12532179057598114,True,0.0,-0.5031446540880502,S05_LEAVE_ONE_STATE_OUT_MEDIAN_COEF,S05_LEAVE_ONE_STATE_OUT_MEDIAN_COEF_K1,1,True
2024-08-20,1,7043,アルー,0.12443912029266357,True,0.0,-0.37641154328732496,S05_LEAVE_ONE_STATE_OUT_MEDIAN_COEF,S05_LEAVE_ONE_STATE_OUT_MEDIAN_COEF_K1,1,True
2024-08-21,1,7043,アルー,0.1129118949174881,True,1.0,0.6369426751592355,S05_LEAVE_ONE_STATE_OUT_MEDIAN_COEF,S05_LEAVE_ONE_STATE_OUT_MEDIAN_COEF_K1,1,True
2024-08-22,1,7043,アルー,0.11514558643102646,True,0.0,-0.37783375314861534,S05_LEAVE_ONE_STATE_OUT_MEDIAN_COEF,S05_LEAVE_ONE_STATE_OUT_MEDIAN_COEF_K1,1,True
2024-08-23,1,7043,アルー,0.11360570043325424,True,0.0,-1.4981273408239737,S05_LEAVE_ONE_STATE_OUT_MEDIAN_COEF,S05_LEAVE_ONE_STATE_OUT_MEDIAN_COEF_K1,1,True
2024-08-26,1,7043,アルー,0.10131923109292984,True,1.0,0.25316455696202667,S05_LEAVE_ONE_STATE_OUT_MEDIAN_COEF,S05_LEAVE_ONE_STATE_OUT_MEDIAN_COEF_K1,1,True
2024-08-27,1,3738,ティーガイア,0.1014844998717308,True,1.0,1.206434316353877,S05_LEAVE_ONE_STATE_OUT_MEDIAN_COEF,S05_LEAVE_ONE_STATE_OUT_MEDIAN_COEF_K1,1,True
2024-08-28,1,7043,アルー,0.1036488339304924,True,0.0,-0.37974683544304,S05_LEAVE_ONE_STATE_OUT_MEDIAN_COEF,S05_LEAVE_ONE_STATE_OUT_MEDIAN_COEF_K1,1,True
2024-08-29,1,2736,フェスタリアホールディングス,0.12410398572683334,True,0.0,-0.7027406886858767,S05_LEAVE_ONE_STATE_OUT_MEDIAN_COEF,S05_LEAVE_ONE_STATE_OUT_MEDIAN_COEF_K1,1,True
2024-08-30,1,3991,ウォンテッドリー,0.1150481253862381,True,0.0,-0.42016806722688926,S05_LEAVE_ONE_STATE_OUT_MEDIAN_COEF,S05_LEAVE_ONE_STATE_OUT_MEDIAN_COEF_K1,1,True
2024-09-02,1,4445,リビン・テクノロジーズ,0.14049120247364044,True,0.0,-0.43266630611140666,S05_LEAVE_ONE_STATE_OUT_MEDIAN_COEF,S05_LEAVE_ONE_STATE_OUT_MEDIAN_COEF_K1,1,True
2024-09-03,1,3092,ＺＯＺＯ,0.12014411389827728,True,1.0,3.397947548460656,S05_LEAVE_ONE_STATE_OUT_MEDIAN_COEF,S05_LEAVE_ONE_STATE_OUT_MEDIAN_COEF_K1,1,True
2024-09-04,1,7273,イクヨ,0.10901687294244766,True,0.0,-3.824861600402618,S05_LEAVE_ONE_STATE_OUT_MEDIAN_COEF,S05_LEAVE_ONE_STATE_OUT_MEDIAN_COEF_K1,1,True
2024-09-05,1,6190,フェニックスバイオ,0.09535456448793411,True,0.0,0.0,S05_LEAVE_ONE_STATE_OUT_MEDIAN_COEF,S05_LEAVE_ONE_STATE_OUT_MEDIAN_COEF_K1,1,True
2024-09-06,1,4445,リビン・テクノロジーズ,0.11057808995246887,True,0.0,-0.38461538461538325,S05_LEAVE_ONE_STATE_OUT_MEDIAN_COEF,S05_LEAVE_ONE_STATE_OUT_MEDIAN_COEF_K1,1,True
2024-09-09,1,7689,コパ・コーポレーション,0.10629952698945999,True,1.0,1.5050167224080369,S05_LEAVE_ONE_STATE_OUT_MEDIAN_COEF,S05_LEAVE_ONE_STATE_OUT_MEDIAN_COEF_K1,1,True
2024-09-10,1,7273,イクヨ,0.12401015311479568,True,,,S05_LEAVE_ONE_STATE_OUT_MEDIAN_COEF,S05_LEAVE_ONE_STATE_OUT_MEDIAN_COEF_K1,1,False
2024-09-11,1,4445,リビン・テクノロジーズ,0.11747470498085022,True,1.0,1.1148272017837302,S05_LEAVE_ONE_STATE_OUT_MEDIAN_COEF,S05_LEAVE_ONE_STATE_OUT_MEDIAN_COEF_K1,1,True
2024-09-12,1,7069,サイバー・バズ,0.13032875955104828,True,0.0,-2.512998266897748,S05_LEAVE_ONE_STATE_OUT_MEDIAN_COEF,S05_LEAVE_ONE_STATE_OUT_MEDIAN_COEF_K1,1,True
2024-09-13,1,6190,フェニックスバイオ,0.11601462960243225,True,0.0,-1.95227765726681,S05_LEAVE_ONE_STATE_OUT_MEDIAN_COEF,S05_LEAVE_ONE_STATE_OUT_MEDIAN_COEF_K1,1,True
2024-09-17,1,7886,ヤマト・インダストリー,0.1199725791811943,True,,,S05_LEAVE_ONE_STATE_OUT_MEDIAN_COEF,S05_LEAVE_ONE_STATE_OUT_MEDIAN_COEF_K1,1,False
2024-09-18,1,7752,リコー,0.108239084482193,True,0.0,-0.9508196721311424,S05_LEAVE_ONE_STATE_OUT_MEDIAN_COEF,S05_LEAVE_ONE_STATE_OUT_MEDIAN_COEF_K1,1,True
2024-09-19,1,4884,クリングルファーマ,0.12020952999591827,True,1.0,4.8309178743961345,S05_LEAVE_ONE_STATE_OUT_MEDIAN_COEF,S05_LEAVE_ONE_STATE_OUT_MEDIAN_COEF_K1,1,True
2024-09-20,1,5247,ＢＴＭ,0.12365707010030746,True,1.0,1.610169491525415,S05_LEAVE_ONE_STATE_OUT_MEDIAN_COEF,S05_LEAVE_ONE_STATE_OUT_MEDIAN_COEF_K1,1,True
2024-09-24,1,4840,トライアイズ,0.121290422976017,True,1.0,3.205128205128216,S05_LEAVE_ONE_STATE_OUT_MEDIAN_COEF,S05_LEAVE_ONE_STATE_OUT_MEDIAN_COEF_K1,1,True
2024-09-25,1,2372,アイロムグループ,0.11823948472738266,True,0.0,0.0,S05_LEAVE_ONE_STATE_OUT_MEDIAN_COEF,S05_LEAVE_ONE_STATE_OUT_MEDIAN_COEF_K1,1,True
2024-09-26,1,3092,ＺＯＺＯ,0.12425123900175095,True,1.0,3.1114774366371334,S05_LEAVE_ONE_STATE_OUT_MEDIAN_COEF,S05_LEAVE_ONE_STATE_OUT_MEDIAN_COEF_K1,1,True
2024-09-27,1,3787,テクノマセマティカル,0.1300232708454132,True,1.0,1.6245487364620947,S05_LEAVE_ONE_STATE_OUT_MEDIAN_COEF,S05_LEAVE_ONE_STATE_OUT_MEDIAN_COEF_K1,1,True
2024-09-30,1,3787,テクノマセマティカル,0.12963512539863586,True,0.0,0.0,S05_LEAVE_ONE_STATE_OUT_MEDIAN_COEF,S05_LEAVE_ONE_STATE_OUT_MEDIAN_COEF_K1,1,True
2024-10-01,1,3787,テクノマセマティカル,0.12448323518037796,True,1.0,0.17152658662091813,S05_LEAVE_ONE_STATE_OUT_MEDIAN_COEF,S05_LEAVE_ONE_STATE_OUT_MEDIAN_COEF_K1,1,True
2024-10-02,1,8139,ナガホリ,0.11485057324171066,True,1.0,0.13908205841446364,S05_LEAVE_ONE_STATE_OUT_MEDIAN_COEF,S05_LEAVE_ONE_STATE_OUT_MEDIAN_COEF_K1,1,True
2024-10-03,1,2157,コシダカホールディングス,0.10939653217792511,True,0.0,-0.8032128514056214,S05_LEAVE_ONE_STATE_OUT_MEDIAN_COEF,S05_LEAVE_ONE_STATE_OUT_MEDIAN_COEF_K1,1,True
2024-10-04,1,3726,フォーシーズＨＤ,0.10677672177553177,True,0.0,-0.4158004158004158,S05_LEAVE_ONE_STATE_OUT_MEDIAN_COEF,S05_LEAVE_ONE_STATE_OUT_MEDIAN_COEF_K1,1,True
2024-10-07,1,1925,大和ハウス⼯業,0.09183433651924133,True,0.0,-0.1295896328293744,S05_LEAVE_ONE_STATE_OUT_MEDIAN_COEF,S05_LEAVE_ONE_STATE_OUT_MEDIAN_COEF_K1,1,True
2024-10-08,1,4361,川口化学⼯業,0.12129786610603333,True,1.0,0.12853470437017567,S05_LEAVE_ONE_STATE_OUT_MEDIAN_COEF,S05_LEAVE_ONE_STATE_OUT_MEDIAN_COEF_K1,1,True
2024-10-09,1,2229,カルビー,0.10692865401506424,True,1.0,0.9381413075344458,S05_LEAVE_ONE_STATE_OUT_MEDIAN_COEF,S05_LEAVE_ONE_STATE_OUT_MEDIAN_COEF_K1,1,True
2024-10-10,1,2334,イオレ,0.10785884410142899,True,1.0,0.9230769230769154,S05_LEAVE_ONE_STATE_OUT_MEDIAN_COEF,S05_LEAVE_ONE_STATE_OUT_MEDIAN_COEF_K1,1,True
2024-10-11,1,2334,イオレ,0.10744658857584,True,0.0,-0.1524390243902385,S05_LEAVE_ONE_STATE_OUT_MEDIAN_COEF,S05_LEAVE_ONE_STATE_OUT_MEDIAN_COEF_K1,1,True
2024-10-15,1,2334,イオレ,0.09561444073915482,True,0.0,-0.3039513677811523,S05_LEAVE_ONE_STATE_OUT_MEDIAN_COEF,S05_LEAVE_ONE_STATE_OUT_MEDIAN_COEF_K1,1,True
2024-10-16,1,8871,ゴールドクレスト,0.11625754088163376,True,1.0,2.8037383177569986,S05_LEAVE_ONE_STATE_OUT_MEDIAN_COEF,S05_LEAVE_ONE_STATE_OUT_MEDIAN_COEF_K1,1,True
2024-10-17,1,8139,ナガホリ,0.09444833546876907,True,1.0,0.5369127516778427,S05_LEAVE_ONE_STATE_OUT_MEDIAN_COEF,S05_LEAVE_ONE_STATE_OUT_MEDIAN_COEF_K1,1,True
2024-10-18,1,3195,ジェネレーションパス,0.10098929703235626,True,1.0,4.680851063829783,S05_LEAVE_ONE_STATE_OUT_MEDIAN_COEF,S05_LEAVE_ONE_STATE_OUT_MEDIAN_COEF_K1,1,True
2024-10-21,1,9064,ヤマトホールディングス,0.09314631670713425,True,1.0,0.061538461538468425,S05_LEAVE_ONE_STATE_OUT_MEDIAN_COEF,S05_LEAVE_ONE_STATE_OUT_MEDIAN_COEF_K1,1,True
2024-10-22,1,9347,日本管財ホールディングス,0.10945305973291397,True,0.0,-1.9593345656192196,S05_LEAVE_ONE_STATE_OUT_MEDIAN_COEF,S05_LEAVE_ONE_STATE_OUT_MEDIAN_COEF_K1,1,True
2024-10-23,1,8871,ゴールドクレスト,0.12463480234146118,True,0.0,-2.7156549520766737,S05_LEAVE_ONE_STATE_OUT_MEDIAN_COEF,S05_LEAVE_ONE_STATE_OUT_MEDIAN_COEF_K1,1,True
2024-10-24,1,8871,ゴールドクレスト,0.12645088136196136,True,1.0,0.8291873963515828,S05_LEAVE_ONE_STATE_OUT_MEDIAN_COEF,S05_LEAVE_ONE_STATE_OUT_MEDIAN_COEF_K1,1,True
2024-10-25,1,7815,東京ボード⼯業,0.12570464611053467,True,1.0,1.1513157894736947,S05_LEAVE_ONE_STATE_OUT_MEDIAN_COEF,S05_LEAVE_ONE_STATE_OUT_MEDIAN_COEF_K1,1,True
2024-10-28,1,8871,ゴールドクレスト,0.12394088506698608,True,0.0,-2.1035598705501646,S05_LEAVE_ONE_STATE_OUT_MEDIAN_COEF,S05_LEAVE_ONE_STATE_OUT_MEDIAN_COEF_K1,1,True
2024-10-29,1,8871,ゴールドクレスト,0.11812809109687805,True,0.0,-0.658978583196046,S05_LEAVE_ONE_STATE_OUT_MEDIAN_COEF,S05_LEAVE_ONE_STATE_OUT_MEDIAN_COEF_K1,1,True
2024-10-30,1,7379,サーキュレーション,0.11183718591928482,True,1.0,1.1513157894736947,S05_LEAVE_ONE_STATE_OUT_MEDIAN_COEF,S05_LEAVE_ONE_STATE_OUT_MEDIAN_COEF_K1,1,True
2024-10-31,1,7376,ＢＣＣ,0.13445301353931427,True,0.0,0.0,S05_LEAVE_ONE_STATE_OUT_MEDIAN_COEF,S05_LEAVE_ONE_STATE_OUT_MEDIAN_COEF_K1,1,True
2024-11-01,1,9913,日邦産業,0.12289080768823624,True,1.0,0.7228915662650603,S05_LEAVE_ONE_STATE_OUT_MEDIAN_COEF,S05_LEAVE_ONE_STATE_OUT_MEDIAN_COEF_K1,1,True
2024-11-05,1,3537,昭栄薬品,0.12343339622020721,True,0.0,-0.4511278195488688,S05_LEAVE_ONE_STATE_OUT_MEDIAN_COEF,S05_LEAVE_ONE_STATE_OUT_MEDIAN_COEF_K1,1,True
2024-11-06,1,4840,トライアイズ,0.11997480690479279,True,0.0,-1.0101010101010055,S05_LEAVE_ONE_STATE_OUT_MEDIAN_COEF,S05_LEAVE_ONE_STATE_OUT_MEDIAN_COEF_K1,1,True
2024-11-07,1,4840,トライアイズ,0.10336761176586151,True,1.0,0.340136054421758,S05_LEAVE_ONE_STATE_OUT_MEDIAN_COEF,S05_LEAVE_ONE_STATE_OUT_MEDIAN_COEF_K1,1,True
2024-11-08,1,4091,日本酸素ホールディングス,0.1116195097565651,True,0.0,-0.9712750568299233,S05_LEAVE_ONE_STATE_OUT_MEDIAN_COEF,S05_LEAVE_ONE_STATE_OUT_MEDIAN_COEF_K1,1,True
2024-11-11,1,4840,トライアイズ,0.10548346489667892,True,1.0,3.4482758620689724,S05_LEAVE_ONE_STATE_OUT_MEDIAN_COEF,S05_LEAVE_ONE_STATE_OUT_MEDIAN_COEF_K1,1,True
2024-11-12,1,5587,インバウンドプラットフォーム,0.11353113502264023,True,1.0,1.3254786450662692,S05_LEAVE_ONE_STATE_OUT_MEDIAN_COEF,S05_LEAVE_ONE_STATE_OUT_MEDIAN_COEF_K1,1,True
2024-11-13,1,4073,ジィ・シィ企画,0.10370369255542755,True,0.0,-0.658978583196046,S05_LEAVE_ONE_STATE_OUT_MEDIAN_COEF,S05_LEAVE_ONE_STATE_OUT_MEDIAN_COEF_K1,1,True
2024-11-14,1,7284,盟和産業,0.10682833194732666,True,0.0,-0.5897219882055604,S05_LEAVE_ONE_STATE_OUT_MEDIAN_COEF,S05_LEAVE_ONE_STATE_OUT_MEDIAN_COEF_K1,1,True
2024-11-15,1,9219,ギックス,0.1113412082195282,True,0.0,-0.6362672322375418,S05_LEAVE_ONE_STATE_OUT_MEDIAN_COEF,S05_LEAVE_ONE_STATE_OUT_MEDIAN_COEF_K1,1,True
2024-11-18,1,4387,ＺＵＵ,0.1179191842675209,True,0.0,-0.2902757619738794,S05_LEAVE_ONE_STATE_OUT_MEDIAN_COEF,S05_LEAVE_ONE_STATE_OUT_MEDIAN_COEF_K1,1,True
2024-11-19,1,7815,東京ボード⼯業,0.11529257148504257,True,1.0,1.4999999999999902,S05_LEAVE_ONE_STATE_OUT_MEDIAN_COEF,S05_LEAVE_ONE_STATE_OUT_MEDIAN_COEF_K1,1,True
2024-11-20,1,8938,グローム・ホールディングス,0.1181550845503807,True,0.0,-2.5740025740025763,S05_LEAVE_ONE_STATE_OUT_MEDIAN_COEF,S05_LEAVE_ONE_STATE_OUT_MEDIAN_COEF_K1,1,True
2024-11-21,1,8938,グローム・ホールディングス,0.151945561170578,True,1.0,1.7287234042553168,S05_LEAVE_ONE_STATE_OUT_MEDIAN_COEF,S05_LEAVE_ONE_STATE_OUT_MEDIAN_COEF_K1,1,True
2024-11-22,1,8938,グローム・ホールディングス,0.14761650562286377,True,1.0,1.182654402102501,S05_LEAVE_ONE_STATE_OUT_MEDIAN_COEF,S05_LEAVE_ONE_STATE_OUT_MEDIAN_COEF_K1,1,True
2024-11-25,1,8938,グローム・ホールディングス,0.13784128427505493,True,0.0,-0.2597402597402598,S05_LEAVE_ONE_STATE_OUT_MEDIAN_COEF,S05_LEAVE_ONE_STATE_OUT_MEDIAN_COEF_K1,1,True
2024-11-26,1,4267,ライトワークス,0.1574929803609848,True,1.0,0.9708737864077666,S05_LEAVE_ONE_STATE_OUT_MEDIAN_COEF,S05_LEAVE_ONE_STATE_OUT_MEDIAN_COEF_K1,1,True
2024-11-27,1,4267,ライトワークス,0.12620486319065094,True,1.0,1.1650485436893288,S05_LEAVE_ONE_STATE_OUT_MEDIAN_COEF,S05_LEAVE_ONE_STATE_OUT_MEDIAN_COEF_K1,1,True
2024-11-28,1,4267,ライトワークス,0.11155357211828232,True,1.0,1.4548981571290032,S05_LEAVE_ONE_STATE_OUT_MEDIAN_COEF,S05_LEAVE_ONE_STATE_OUT_MEDIAN_COEF_K1,1,True
2024-11-29,1,4424,Ａｍａｚｉａ,0.11630655825138092,True,0.0,-0.8695652173912993,S05_LEAVE_ONE_STATE_OUT_MEDIAN_COEF,S05_LEAVE_ONE_STATE_OUT_MEDIAN_COEF_K1,1,True
2024-12-02,1,4267,ライトワークス,0.11784853786230087,True,1.0,3.9024390243902474,S05_LEAVE_ONE_STATE_OUT_MEDIAN_COEF,S05_LEAVE_ONE_STATE_OUT_MEDIAN_COEF_K1,1,True
2024-12-03,1,4465,ニイタカ,0.1133374571800232,True,1.0,0.8086253369272267,S05_LEAVE_ONE_STATE_OUT_MEDIAN_COEF,S05_LEAVE_ONE_STATE_OUT_MEDIAN_COEF_K1,1,True
2024-12-04,1,4465,ニイタカ,0.12078651785850525,True,0.0,-0.2134471718249764,S05_LEAVE_ONE_STATE_OUT_MEDIAN_COEF,S05_LEAVE_ONE_STATE_OUT_MEDIAN_COEF_K1,1,True
2024-12-05,1,4267,ライトワークス,0.13743151724338531,True,0.0,0.0,S05_LEAVE_ONE_STATE_OUT_MEDIAN_COEF,S05_LEAVE_ONE_STATE_OUT_MEDIAN_COEF_K1,1,True
2024-12-06,1,4267,ライトワークス,0.1351352483034134,True,0.0,-0.0970873786407811,S05_LEAVE_ONE_STATE_OUT_MEDIAN_COEF,S05_LEAVE_ONE_STATE_OUT_MEDIAN_COEF_K1,1,True
2024-12-09,1,4267,ライトワークス,0.12935508787631989,True,1.0,1.4577259475218707,S05_LEAVE_ONE_STATE_OUT_MEDIAN_COEF,S05_LEAVE_ONE_STATE_OUT_MEDIAN_COEF_K1,1,True
2024-12-10,1,4267,ライトワークス,0.14260515570640564,True,1.0,0.674373795761074,S05_LEAVE_ONE_STATE_OUT_MEDIAN_COEF,S05_LEAVE_ONE_STATE_OUT_MEDIAN_COEF_K1,1,True
2024-12-11,1,4267,ライトワークス,0.12740153074264526,True,1.0,0.4812319538017418,S05_LEAVE_ONE_STATE_OUT_MEDIAN_COEF,S05_LEAVE_ONE_STATE_OUT_MEDIAN_COEF_K1,1,True
2024-12-12,1,6898,トミタ電機,0.11962630599737167,True,0.0,-0.13464991023339756,S05_LEAVE_ONE_STATE_OUT_MEDIAN_COEF,S05_LEAVE_ONE_STATE_OUT_MEDIAN_COEF_K1,1,True
2024-12-13,1,6898,トミタ電機,0.11323831975460052,True,0.0,-0.27260336210813696,S05_LEAVE_ONE_STATE_OUT_MEDIAN_COEF,S05_LEAVE_ONE_STATE_OUT_MEDIAN_COEF_K1,1,True
2024-12-16,1,6898,トミタ電機,0.1168302446603775,True,0.0,0.0,S05_LEAVE_ONE_STATE_OUT_MEDIAN_COEF,S05_LEAVE_ONE_STATE_OUT_MEDIAN_COEF_K1,1,True
2024-12-17,1,7345,アイ・パートナーズフィナンシャル,0.1311538815498352,True,0.0,-0.3424657534246589,S05_LEAVE_ONE_STATE_OUT_MEDIAN_COEF,S05_LEAVE_ONE_STATE_OUT_MEDIAN_COEF_K1,1,True
2024-12-18,1,4267,ライトワークス,0.1275402307510376,True,1.0,1.4778325123152802,S05_LEAVE_ONE_STATE_OUT_MEDIAN_COEF,S05_LEAVE_ONE_STATE_OUT_MEDIAN_COEF_K1,1,True
2024-12-19,1,7345,アイ・パートナーズフィナンシャル,0.11685976386070251,True,0.0,0.0,S05_LEAVE_ONE_STATE_OUT_MEDIAN_COEF,S05_LEAVE_ONE_STATE_OUT_MEDIAN_COEF_K1,1,True
2024-12-20,1,7345,アイ・パートナーズフィナンシャル,0.1366509050130844,True,0.0,-1.379310344827589,S05_LEAVE_ONE_STATE_OUT_MEDIAN_COEF,S05_LEAVE_ONE_STATE_OUT_MEDIAN_COEF_K1,1,True
2024-12-23,1,7345,アイ・パートナーズフィナンシャル,0.1387445628643036,True,1.0,3.6231884057970953,S05_LEAVE_ONE_STATE_OUT_MEDIAN_COEF,S05_LEAVE_ONE_STATE_OUT_MEDIAN_COEF_K1,1,True
2024-12-24,1,9159,Ｗ ＴＯＫＹＯ,0.1088387593626976,True,0.0,-1.4609571788413045,S05_LEAVE_ONE_STATE_OUT_MEDIAN_COEF,S05_LEAVE_ONE_STATE_OUT_MEDIAN_COEF_K1,1,True
2024-12-25,1,9159,Ｗ ＴＯＫＹＯ,0.1289939284324646,True,0.0,-3.490759753593431,S05_LEAVE_ONE_STATE_OUT_MEDIAN_COEF,S05_LEAVE_ONE_STATE_OUT_MEDIAN_COEF_K1,1,True
2024-12-26,1,9159,Ｗ ＴＯＫＹＯ,0.1282021403312683,True,0.0,-2.6687598116169498,S05_LEAVE_ONE_STATE_OUT_MEDIAN_COEF,S05_LEAVE_ONE_STATE_OUT_MEDIAN_COEF_K1,1,True
2024-12-27,1,9159,Ｗ ＴＯＫＹＯ,0.10441672801971436,True,1.0,2.5515743756786113,S05_LEAVE_ONE_STATE_OUT_MEDIAN_COEF,S05_LEAVE_ONE_STATE_OUT_MEDIAN_COEF_K1,1,True
2024-12-30,1,3800,ユニリタ,0.10948187857866287,True,0.0,0.0,S05_LEAVE_ONE_STATE_OUT_MEDIAN_COEF,S05_LEAVE_ONE_STATE_OUT_MEDIAN_COEF_K1,1,True
2025-01-06,1,3800,ユニリタ,0.11248055845499039,True,0.0,0.0,S05_LEAVE_ONE_STATE_OUT_MEDIAN_COEF,S05_LEAVE_ONE_STATE_OUT_MEDIAN_COEF_K1,1,True
2025-01-07,1,3800,ユニリタ,0.10729231685400009,True,1.0,0.10035122930256435,S05_LEAVE_ONE_STATE_OUT_MEDIAN_COEF,S05_LEAVE_ONE_STATE_OUT_MEDIAN_COEF_K1,1,True
2025-01-08,1,1994,高橋カーテンウォール⼯業,0.11828608065843582,True,1.0,1.073345259391778,S05_LEAVE_ONE_STATE_OUT_MEDIAN_COEF,S05_LEAVE_ONE_STATE_OUT_MEDIAN_COEF_K1,1,True
2025-01-09,1,3800,ユニリタ,0.1107058897614479,True,0.0,-0.10035122930256435,S05_LEAVE_ONE_STATE_OUT_MEDIAN_COEF,S05_LEAVE_ONE_STATE_OUT_MEDIAN_COEF_K1,1,True
2025-01-10,1,1994,高橋カーテンウォール⼯業,0.08304225653409958,True,0.0,0.0,S05_LEAVE_ONE_STATE_OUT_MEDIAN_COEF,S05_LEAVE_ONE_STATE_OUT_MEDIAN_COEF_K1,1,True
2025-01-14,1,2349,エヌアイデイ,0.0774734690785408,True,1.0,2.008032128514059,S05_LEAVE_ONE_STATE_OUT_MEDIAN_COEF,S05_LEAVE_ONE_STATE_OUT_MEDIAN_COEF_K1,1,True
2025-01-15,1,9355,リンコーコーポレーション,0.09650741517543793,True,0.0,-1.1571254567600442,S05_LEAVE_ONE_STATE_OUT_MEDIAN_COEF,S05_LEAVE_ONE_STATE_OUT_MEDIAN_COEF_K1,1,True
2025-01-16,1,9241,フューチャーリンクネットワーク,0.08634108304977417,True,1.0,4.906333630686888,S05_LEAVE_ONE_STATE_OUT_MEDIAN_COEF,S05_LEAVE_ONE_STATE_OUT_MEDIAN_COEF_K1,1,True
2025-01-17,1,9250,ＧＲＣＳ,0.10093209892511368,True,0.0,-0.5751258087706712,S05_LEAVE_ONE_STATE_OUT_MEDIAN_COEF,S05_LEAVE_ONE_STATE_OUT_MEDIAN_COEF_K1,1,True
2025-01-20,1,9241,フューチャーリンクネットワーク,0.09838755428791046,True,1.0,2.305721605465405,S05_LEAVE_ONE_STATE_OUT_MEDIAN_COEF,S05_LEAVE_ONE_STATE_OUT_MEDIAN_COEF_K1,1,True
2025-01-21,1,9362,兵機海運,0.11412665992975235,True,0.0,0.0,S05_LEAVE_ONE_STATE_OUT_MEDIAN_COEF,S05_LEAVE_ONE_STATE_OUT_MEDIAN_COEF_K1,1,True
2025-01-22,1,7064,ハウテレビジョン,0.11073115468025208,True,0.0,-0.7240204429301511,S05_LEAVE_ONE_STATE_OUT_MEDIAN_COEF,S05_LEAVE_ONE_STATE_OUT_MEDIAN_COEF_K1,1,True
2025-01-23,1,3238,セントラル総合開発,0.12948475778102875,True,1.0,0.42105263157894424,S05_LEAVE_ONE_STATE_OUT_MEDIAN_COEF,S05_LEAVE_ONE_STATE_OUT_MEDIAN_COEF_K1,1,True
2025-01-24,1,3238,セントラル総合開発,0.13065962493419647,True,1.0,0.21052631578948322,S05_LEAVE_ONE_STATE_OUT_MEDIAN_COEF,S05_LEAVE_ONE_STATE_OUT_MEDIAN_COEF_K1,1,True
2025-01-27,1,3238,セントラル総合開発,0.14480429887771606,True,0.0,-0.42105263157894424,S05_LEAVE_ONE_STATE_OUT_MEDIAN_COEF,S05_LEAVE_ONE_STATE_OUT_MEDIAN_COEF_K1,1,True
2025-01-28,1,3238,セントラル総合開発,0.12180028110742569,True,1.0,0.424628450106157,S05_LEAVE_ONE_STATE_OUT_MEDIAN_COEF,S05_LEAVE_ONE_STATE_OUT_MEDIAN_COEF_K1,1,True
2025-01-29,1,3238,セントラル総合開発,0.1396547108888626,True,1.0,0.2123142250530785,S05_LEAVE_ONE_STATE_OUT_MEDIAN_COEF,S05_LEAVE_ONE_STATE_OUT_MEDIAN_COEF_K1,1,True
2025-01-30,1,2806,ユタカフーズ,0.12566962838172913,True,1.0,0.7268063274903813,S05_LEAVE_ONE_STATE_OUT_MEDIAN_COEF,S05_LEAVE_ONE_STATE_OUT_MEDIAN_COEF_K1,1,True
2025-01-31,1,3238,セントラル総合開発,0.11939214915037155,True,0.0,-0.6342494714587699,S05_LEAVE_ONE_STATE_OUT_MEDIAN_COEF,S05_LEAVE_ONE_STATE_OUT_MEDIAN_COEF_K1,1,True
2025-02-03,1,3238,セントラル総合開発,0.10172655433416367,True,1.0,0.42553191489360653,S05_LEAVE_ONE_STATE_OUT_MEDIAN_COEF,S05_LEAVE_ONE_STATE_OUT_MEDIAN_COEF_K1,1,True
2025-02-04,1,4424,Ａｍａｚｉａ,0.09520797431468964,True,1.0,0.6514657980456029,S05_LEAVE_ONE_STATE_OUT_MEDIAN_COEF,S05_LEAVE_ONE_STATE_OUT_MEDIAN_COEF_K1,1,True
2025-02-05,1,4380,Ｍマート,0.11556738615036011,True,1.0,0.43859649122806044,S05_LEAVE_ONE_STATE_OUT_MEDIAN_COEF,S05_LEAVE_ONE_STATE_OUT_MEDIAN_COEF_K1,1,True
2025-02-06,1,4380,Ｍマート,0.09742269665002823,True,0.0,0.0,S05_LEAVE_ONE_STATE_OUT_MEDIAN_COEF,S05_LEAVE_ONE_STATE_OUT_MEDIAN_COEF_K1,1,True
2025-02-07,1,6193,バーチャレクス・ホールディングス,0.10127779096364975,True,0.0,0.0,S05_LEAVE_ONE_STATE_OUT_MEDIAN_COEF,S05_LEAVE_ONE_STATE_OUT_MEDIAN_COEF_K1,1,True
2025-02-10,1,6161,エスティック,0.09456067532300949,True,1.0,1.661129568106312,S05_LEAVE_ONE_STATE_OUT_MEDIAN_COEF,S05_LEAVE_ONE_STATE_OUT_MEDIAN_COEF_K1,1,True
2025-02-12,1,3800,ユニリタ,0.11443567276000977,True,1.0,0.05015045135405849,S05_LEAVE_ONE_STATE_OUT_MEDIAN_COEF,S05_LEAVE_ONE_STATE_OUT_MEDIAN_COEF_K1,1,True
2025-02-13,1,6312,フロイント産業,0.1154966875910759,True,1.0,0.8771929824561431,S05_LEAVE_ONE_STATE_OUT_MEDIAN_COEF,S05_LEAVE_ONE_STATE_OUT_MEDIAN_COEF_K1,1,True
2025-02-14,1,3800,ユニリタ,0.11782033741474152,True,1.0,0.10040160642570406,S05_LEAVE_ONE_STATE_OUT_MEDIAN_COEF,S05_LEAVE_ONE_STATE_OUT_MEDIAN_COEF_K1,1,True
2025-02-17,1,3800,ユニリタ,0.10271281749010086,True,1.0,0.05025125628139726,S05_LEAVE_ONE_STATE_OUT_MEDIAN_COEF,S05_LEAVE_ONE_STATE_OUT_MEDIAN_COEF_K1,1,True
2025-02-18,1,3238,セントラル総合開発,0.10433611273765564,True,1.0,1.0845986984815648,S05_LEAVE_ONE_STATE_OUT_MEDIAN_COEF,S05_LEAVE_ONE_STATE_OUT_MEDIAN_COEF_K1,1,True
2025-02-19,1,7043,アルー,0.10827332735061646,True,1.0,2.84005979073243,S05_LEAVE_ONE_STATE_OUT_MEDIAN_COEF,S05_LEAVE_ONE_STATE_OUT_MEDIAN_COEF_K1,1,True
2025-02-20,1,3800,ユニリタ,0.10381244868040085,True,1.0,0.1506024096385561,S05_LEAVE_ONE_STATE_OUT_MEDIAN_COEF,S05_LEAVE_ONE_STATE_OUT_MEDIAN_COEF_K1,1,True
2025-02-21,1,7638,ＮＥＷ ＡＲＴ ＨＯＬＤＩＮＧＳ,0.10484721511602402,True,0.0,-1.2578616352201255,S05_LEAVE_ONE_STATE_OUT_MEDIAN_COEF,S05_LEAVE_ONE_STATE_OUT_MEDIAN_COEF_K1,1,True
2025-02-25,1,9244,デジタリフト,0.10314735770225525,True,0.0,-0.2645502645502673,S05_LEAVE_ONE_STATE_OUT_MEDIAN_COEF,S05_LEAVE_ONE_STATE_OUT_MEDIAN_COEF_K1,1,True
2025-02-26,1,4057,インターファクトリー,0.09488891065120697,True,0.0,-0.8247422680412342,S05_LEAVE_ONE_STATE_OUT_MEDIAN_COEF,S05_LEAVE_ONE_STATE_OUT_MEDIAN_COEF_K1,1,True
2025-02-27,1,8995,誠建設⼯業,0.08879759162664413,True,0.0,0.0,S05_LEAVE_ONE_STATE_OUT_MEDIAN_COEF,S05_LEAVE_ONE_STATE_OUT_MEDIAN_COEF_K1,1,True
2025-02-28,1,3490,アズ企画設計,0.10252514481544495,True,0.0,-0.49545829892650994,S05_LEAVE_ONE_STATE_OUT_MEDIAN_COEF,S05_LEAVE_ONE_STATE_OUT_MEDIAN_COEF_K1,1,True
2025-03-03,1,3490,アズ企画設計,0.11478743702173233,True,0.0,-0.4161464835622186,S05_LEAVE_ONE_STATE_OUT_MEDIAN_COEF,S05_LEAVE_ONE_STATE_OUT_MEDIAN_COEF_K1,1,True
2025-03-04,1,2300,きょくとう,0.1122269555926323,True,0.0,-0.6024096385542133,S05_LEAVE_ONE_STATE_OUT_MEDIAN_COEF,S05_LEAVE_ONE_STATE_OUT_MEDIAN_COEF_K1,1,True
2025-03-05,1,2300,きょくとう,0.11502121388912201,True,0.0,-1.0040160642570295,S05_LEAVE_ONE_STATE_OUT_MEDIAN_COEF,S05_LEAVE_ONE_STATE_OUT_MEDIAN_COEF_K1,1,True
2025-03-06,1,3063,ジェイグループホールディングス,0.1220279186964035,True,0.0,-0.5780346820809301,S05_LEAVE_ONE_STATE_OUT_MEDIAN_COEF,S05_LEAVE_ONE_STATE_OUT_MEDIAN_COEF_K1,1,True
2025-03-07,1,3674,オークファン,0.10908074676990509,True,0.0,-0.5333333333333301,S05_LEAVE_ONE_STATE_OUT_MEDIAN_COEF,S05_LEAVE_ONE_STATE_OUT_MEDIAN_COEF_K1,1,True
2025-03-10,1,4783,ＮＣＤ,0.12731841206550598,True,0.0,-0.03844675124952124,S05_LEAVE_ONE_STATE_OUT_MEDIAN_COEF,S05_LEAVE_ONE_STATE_OUT_MEDIAN_COEF_K1,1,True
2025-03-11,1,7345,アイ・パートナーズフィナンシャル,0.1432202160358429,True,1.0,0.6666666666666599,S05_LEAVE_ONE_STATE_OUT_MEDIAN_COEF,S05_LEAVE_ONE_STATE_OUT_MEDIAN_COEF_K1,1,True
2025-03-12,1,8139,ナガホリ,0.10957365483045578,True,1.0,1.231884057971011,S05_LEAVE_ONE_STATE_OUT_MEDIAN_COEF,S05_LEAVE_ONE_STATE_OUT_MEDIAN_COEF_K1,1,True
2025-03-13,1,7345,アイ・パートナーズフィナンシャル,0.11738988757133484,True,1.0,1.683501683501687,S05_LEAVE_ONE_STATE_OUT_MEDIAN_COEF,S05_LEAVE_ONE_STATE_OUT_MEDIAN_COEF_K1,1,True
2025-03-14,1,7345,アイ・パートナーズフィナンシャル,0.1088114082813263,True,0.0,-1.4657980456026065,S05_LEAVE_ONE_STATE_OUT_MEDIAN_COEF,S05_LEAVE_ONE_STATE_OUT_MEDIAN_COEF_K1,1,True
2025-03-17,1,2332,クエスト,0.11771515756845474,True,1.0,0.6666666666666599,S05_LEAVE_ONE_STATE_OUT_MEDIAN_COEF,S05_LEAVE_ONE_STATE_OUT_MEDIAN_COEF_K1,1,True
2025-03-18,1,7345,アイ・パートナーズフィナンシャル,0.1340644359588623,True,0.0,-1.7793594306049876,S05_LEAVE_ONE_STATE_OUT_MEDIAN_COEF,S05_LEAVE_ONE_STATE_OUT_MEDIAN_COEF_K1,1,True
2025-03-19,1,2332,クエスト,0.1350429654121399,True,1.0,0.589101620029453,S05_LEAVE_ONE_STATE_OUT_MEDIAN_COEF,S05_LEAVE_ONE_STATE_OUT_MEDIAN_COEF_K1,1,True
2025-03-21,1,5277,スパンクリートコーポレーション,0.13446614146232605,True,0.0,-0.22421524663677195,S05_LEAVE_ONE_STATE_OUT_MEDIAN_COEF,S05_LEAVE_ONE_STATE_OUT_MEDIAN_COEF_K1,1,True
2025-03-24,1,5277,スパンクリートコーポレーション,0.14886033535003662,True,1.0,0.22421524663676085,S05_LEAVE_ONE_STATE_OUT_MEDIAN_COEF,S05_LEAVE_ONE_STATE_OUT_MEDIAN_COEF_K1,1,True
2025-03-25,1,5277,スパンクリートコーポレーション,0.15728837251663208,True,0.0,-0.22371364653244186,S05_LEAVE_ONE_STATE_OUT_MEDIAN_COEF,S05_LEAVE_ONE_STATE_OUT_MEDIAN_COEF_K1,1,True
2025-03-26,1,5277,スパンクリートコーポレーション,0.1540144681930542,True,1.0,0.4474272930648837,S05_LEAVE_ONE_STATE_OUT_MEDIAN_COEF,S05_LEAVE_ONE_STATE_OUT_MEDIAN_COEF_K1,1,True
2025-03-27,1,5277,スパンクリートコーポレーション,0.1462016999721527,True,1.0,0.44642857142858094,S05_LEAVE_ONE_STATE_OUT_MEDIAN_COEF,S05_LEAVE_ONE_STATE_OUT_MEDIAN_COEF_K1,1,True
2025-03-28,1,5277,スパンクリートコーポレーション,0.14647698402404785,True,1.0,0.6696428571428603,S05_LEAVE_ONE_STATE_OUT_MEDIAN_COEF,S05_LEAVE_ONE_STATE_OUT_MEDIAN_COEF_K1,1,True
2025-03-31,1,3096,オーシャンシステム,0.12524592876434326,True,0.0,-0.08576329331045907,S05_LEAVE_ONE_STATE_OUT_MEDIAN_COEF,S05_LEAVE_ONE_STATE_OUT_MEDIAN_COEF_K1,1,True
2025-04-01,1,3434,アルファＣｏ,0.11611165851354599,True,0.0,-1.4388489208633115,S05_LEAVE_ONE_STATE_OUT_MEDIAN_COEF,S05_LEAVE_ONE_STATE_OUT_MEDIAN_COEF_K1,1,True
2025-04-02,1,7318,セレンディップ・ホールディングス,0.12517353892326355,True,0.0,-0.9044657998869443,S05_LEAVE_ONE_STATE_OUT_MEDIAN_COEF,S05_LEAVE_ONE_STATE_OUT_MEDIAN_COEF_K1,1,True
2025-04-03,1,5845,全保連,0.11606762558221817,True,0.0,-0.6127450980392135,S05_LEAVE_ONE_STATE_OUT_MEDIAN_COEF,S05_LEAVE_ONE_STATE_OUT_MEDIAN_COEF_K1,1,True
2025-04-04,1,9685,ＫＹＣＯＭホールディングス,0.09788259863853455,True,0.0,-8.062015503875974,S05_LEAVE_ONE_STATE_OUT_MEDIAN_COEF,S05_LEAVE_ONE_STATE_OUT_MEDIAN_COEF_K1,1,True
2025-04-07,1,7036,イーエムネットジャパン,0.13628549873828888,True,0.0,-8.115942028985511,S05_LEAVE_ONE_STATE_OUT_MEDIAN_COEF,S05_LEAVE_ONE_STATE_OUT_MEDIAN_COEF_K1,1,True
2025-04-08,1,1662,石油資源開発,0.10597440600395203,True,0.0,-0.29880478087649376,S05_LEAVE_ONE_STATE_OUT_MEDIAN_COEF,S05_LEAVE_ONE_STATE_OUT_MEDIAN_COEF_K1,1,True
2025-04-09,1,7317,松屋アールアンドディ,0.10227948427200317,True,1.0,1.6274864376130127,S05_LEAVE_ONE_STATE_OUT_MEDIAN_COEF,S05_LEAVE_ONE_STATE_OUT_MEDIAN_COEF_K1,1,True
2025-04-10,1,2332,クエスト,0.11127910017967224,True,1.0,0.39777247414478634,S05_LEAVE_ONE_STATE_OUT_MEDIAN_COEF,S05_LEAVE_ONE_STATE_OUT_MEDIAN_COEF_K1,1,True
2025-04-11,1,7043,アルー,0.1195300742983818,True,1.0,1.9461077844311392,S05_LEAVE_ONE_STATE_OUT_MEDIAN_COEF,S05_LEAVE_ONE_STATE_OUT_MEDIAN_COEF_K1,1,True
2025-04-14,1,7043,アルー,0.14346502721309662,True,1.0,2.2222222222222143,S05_LEAVE_ONE_STATE_OUT_MEDIAN_COEF,S05_LEAVE_ONE_STATE_OUT_MEDIAN_COEF_K1,1,True
2025-04-15,1,3986,ビーブレイクシステムズ,0.16950485110282898,True,1.0,0.20964360587001352,S05_LEAVE_ONE_STATE_OUT_MEDIAN_COEF,S05_LEAVE_ONE_STATE_OUT_MEDIAN_COEF_K1,1,True
2025-04-16,1,3986,ビーブレイクシステムズ,0.15561896562576294,True,,,S05_LEAVE_ONE_STATE_OUT_MEDIAN_COEF,S05_LEAVE_ONE_STATE_OUT_MEDIAN_COEF_K1,1,False
2025-04-17,1,3986,ビーブレイクシステムズ,0.15981121361255646,True,0.0,-2.0689655172413834,S05_LEAVE_ONE_STATE_OUT_MEDIAN_COEF,S05_LEAVE_ONE_STATE_OUT_MEDIAN_COEF_K1,1,True
2025-04-18,1,3986,ビーブレイクシステムズ,0.14204707741737366,True,1.0,1.0563380281690238,S05_LEAVE_ONE_STATE_OUT_MEDIAN_COEF,S05_LEAVE_ONE_STATE_OUT_MEDIAN_COEF_K1,1,True
2025-04-21,1,7043,アルー,0.12592890858650208,True,1.0,0.8746355685131268,S05_LEAVE_ONE_STATE_OUT_MEDIAN_COEF,S05_LEAVE_ONE_STATE_OUT_MEDIAN_COEF_K1,1,True
2025-04-22,1,7043,アルー,0.12498563528060913,True,1.0,1.3157894736842035,S05_LEAVE_ONE_STATE_OUT_MEDIAN_COEF,S05_LEAVE_ONE_STATE_OUT_MEDIAN_COEF_K1,1,True
2025-04-23,1,7043,アルー,0.12733975052833557,True,0.0,-0.575539568345329,S05_LEAVE_ONE_STATE_OUT_MEDIAN_COEF,S05_LEAVE_ONE_STATE_OUT_MEDIAN_COEF_K1,1,True
2025-04-24,1,7043,アルー,0.14446452260017395,True,1.0,0.5788712011577379,S05_LEAVE_ONE_STATE_OUT_MEDIAN_COEF,S05_LEAVE_ONE_STATE_OUT_MEDIAN_COEF_K1,1,True
2025-04-25,1,7043,アルー,0.13397018611431122,True,1.0,0.1436781609195359,S05_LEAVE_ONE_STATE_OUT_MEDIAN_COEF,S05_LEAVE_ONE_STATE_OUT_MEDIAN_COEF_K1,1,True
2025-04-28,1,7043,アルー,0.11890371143817902,True,0.0,-0.43041606886656814,S05_LEAVE_ONE_STATE_OUT_MEDIAN_COEF,S05_LEAVE_ONE_STATE_OUT_MEDIAN_COEF_K1,1,True
2025-04-30,1,7043,アルー,0.13250067830085754,True,1.0,0.14409221902016434,S05_LEAVE_ONE_STATE_OUT_MEDIAN_COEF,S05_LEAVE_ONE_STATE_OUT_MEDIAN_COEF_K1,1,True
2025-05-01,1,7043,アルー,0.11936556547880173,True,1.0,0.2877697841726645,S05_LEAVE_ONE_STATE_OUT_MEDIAN_COEF,S05_LEAVE_ONE_STATE_OUT_MEDIAN_COEF_K1,1,True
2025-05-02,1,7043,アルー,0.10712184756994247,True,0.0,-0.1436781609195359,S05_LEAVE_ONE_STATE_OUT_MEDIAN_COEF,S05_LEAVE_ONE_STATE_OUT_MEDIAN_COEF_K1,1,True
2025-05-07,1,7043,アルー,0.1256868988275528,True,1.0,1.5827338129496438,S05_LEAVE_ONE_STATE_OUT_MEDIAN_COEF,S05_LEAVE_ONE_STATE_OUT_MEDIAN_COEF_K1,1,True
2025-05-08,1,6034,ＭＲＴ,0.11544052511453629,True,0.0,-0.14492753623188692,S05_LEAVE_ONE_STATE_OUT_MEDIAN_COEF,S05_LEAVE_ONE_STATE_OUT_MEDIAN_COEF_K1,1,True
2025-05-09,1,6492,岡野バルブ製造,0.12286799401044846,True,1.0,3.750000000000009,S05_LEAVE_ONE_STATE_OUT_MEDIAN_COEF,S05_LEAVE_ONE_STATE_OUT_MEDIAN_COEF_K1,1,True
2025-05-12,1,7345,アイ・パートナーズフィナンシャル,0.13513067364692688,True,1.0,1.6042780748663166,S05_LEAVE_ONE_STATE_OUT_MEDIAN_COEF,S05_LEAVE_ONE_STATE_OUT_MEDIAN_COEF_K1,1,True
2025-05-13,1,7345,アイ・パートナーズフィナンシャル,0.12971225380897522,True,0.0,-1.0714285714285676,S05_LEAVE_ONE_STATE_OUT_MEDIAN_COEF,S05_LEAVE_ONE_STATE_OUT_MEDIAN_COEF_K1,1,True
2025-05-14,1,7345,アイ・パートナーズフィナンシャル,0.1443626433610916,True,1.0,3.392857142857153,S05_LEAVE_ONE_STATE_OUT_MEDIAN_COEF,S05_LEAVE_ONE_STATE_OUT_MEDIAN_COEF_K1,1,True
2025-05-15,1,4069,ＢｌｕｅＭｅｍｅ,0.12353005260229111,True,1.0,2.57548845470692,S05_LEAVE_ONE_STATE_OUT_MEDIAN_COEF,S05_LEAVE_ONE_STATE_OUT_MEDIAN_COEF_K1,1,True
2025-05-16,1,7345,アイ・パートナーズフィナンシャル,0.13612355291843414,True,1.0,0.8928571428571397,S05_LEAVE_ONE_STATE_OUT_MEDIAN_COEF,S05_LEAVE_ONE_STATE_OUT_MEDIAN_COEF_K1,1,True
2025-05-19,1,6034,ＭＲＴ,0.1208372563123703,True,0.0,-1.3274336283185861,S05_LEAVE_ONE_STATE_OUT_MEDIAN_COEF,S05_LEAVE_ONE_STATE_OUT_MEDIAN_COEF_K1,1,True
2025-05-20,1,7345,アイ・パートナーズフィナンシャル,0.1211249977350235,True,1.0,0.727272727272732,S05_LEAVE_ONE_STATE_OUT_MEDIAN_COEF,S05_LEAVE_ONE_STATE_OUT_MEDIAN_COEF_K1,1,True
2025-05-21,1,6346,キクカワエンタープライズ,0.10559102147817612,True,1.0,0.8944543828264706,S05_LEAVE_ONE_STATE_OUT_MEDIAN_COEF,S05_LEAVE_ONE_STATE_OUT_MEDIAN_COEF_K1,1,True
2025-05-22,1,7345,アイ・パートナーズフィナンシャル,0.11038091778755188,True,1.0,1.6666666666666607,S05_LEAVE_ONE_STATE_OUT_MEDIAN_COEF,S05_LEAVE_ONE_STATE_OUT_MEDIAN_COEF_K1,1,True
2025-05-23,1,7345,アイ・パートナーズフィナンシャル,0.11589255928993225,True,1.0,1.4842300556586308,S05_LEAVE_ONE_STATE_OUT_MEDIAN_COEF,S05_LEAVE_ONE_STATE_OUT_MEDIAN_COEF_K1,1,True
2025-05-26,1,7345,アイ・パートナーズフィナンシャル,0.12657885253429413,True,1.0,0.3656307129798808,S05_LEAVE_ONE_STATE_OUT_MEDIAN_COEF,S05_LEAVE_ONE_STATE_OUT_MEDIAN_COEF_K1,1,True
2025-05-27,1,7345,アイ・パートナーズフィナンシャル,0.11338002979755402,True,1.0,5.185185185185182,S05_LEAVE_ONE_STATE_OUT_MEDIAN_COEF,S05_LEAVE_ONE_STATE_OUT_MEDIAN_COEF_K1,1,True
2025-05-28,1,5945,天龍製鋸,0.11845516413450241,True,1.0,0.37776578521315773,S05_LEAVE_ONE_STATE_OUT_MEDIAN_COEF,S05_LEAVE_ONE_STATE_OUT_MEDIAN_COEF_K1,1,True
2025-05-29,1,7345,アイ・パートナーズフィナンシャル,0.14703825116157532,True,1.0,1.4814814814814836,S05_LEAVE_ONE_STATE_OUT_MEDIAN_COEF,S05_LEAVE_ONE_STATE_OUT_MEDIAN_COEF_K1,1,True
2025-05-30,1,5945,天龍製鋸,0.12304765731096268,True,1.0,0.2702702702702675,S05_LEAVE_ONE_STATE_OUT_MEDIAN_COEF,S05_LEAVE_ONE_STATE_OUT_MEDIAN_COEF_K1,1,True
2025-06-02,1,5945,天龍製鋸,0.10914444923400879,True,0.0,-0.48179871520342976,S05_LEAVE_ONE_STATE_OUT_MEDIAN_COEF,S05_LEAVE_ONE_STATE_OUT_MEDIAN_COEF_K1,1,True
2025-06-03,1,3271,ＴＨＥグローバル社,0.10434942692518234,True,0.0,-0.6295907660020972,S05_LEAVE_ONE_STATE_OUT_MEDIAN_COEF,S05_LEAVE_ONE_STATE_OUT_MEDIAN_COEF_K1,1,True
2025-06-04,1,6346,キクカワエンタープライズ,0.10632263869047165,True,1.0,1.0869565217391353,S05_LEAVE_ONE_STATE_OUT_MEDIAN_COEF,S05_LEAVE_ONE_STATE_OUT_MEDIAN_COEF_K1,1,True
2025-06-05,1,6346,キクカワエンタープライズ,0.1016593798995018,True,,,S05_LEAVE_ONE_STATE_OUT_MEDIAN_COEF,S05_LEAVE_ONE_STATE_OUT_MEDIAN_COEF_K1,1,False
2025-06-06,1,3948,光ビジネスフォーム,0.11243069916963577,True,1.0,1.6999999999999904,S05_LEAVE_ONE_STATE_OUT_MEDIAN_COEF,S05_LEAVE_ONE_STATE_OUT_MEDIAN_COEF_K1,1,True
2025-06-09,1,6063,日本エマージェンシーアシスタンス,0.09089919924736023,True,0.0,-0.38131553860819567,S05_LEAVE_ONE_STATE_OUT_MEDIAN_COEF,S05_LEAVE_ONE_STATE_OUT_MEDIAN_COEF_K1,1,True
2025-06-10,1,3529,アツギ,0.09348469972610474,True,1.0,0.9874326750448859,S05_LEAVE_ONE_STATE_OUT_MEDIAN_COEF,S05_LEAVE_ONE_STATE_OUT_MEDIAN_COEF_K1,1,True
2025-06-11,1,175A,Ｗｉｌｌ Ｓｍａｒｔ,0.09301596134901047,True,1.0,2.1437578814627933,S05_LEAVE_ONE_STATE_OUT_MEDIAN_COEF,S05_LEAVE_ONE_STATE_OUT_MEDIAN_COEF_K1,1,True
2025-06-12,1,6577,ベストワンドットコム,0.10243971645832062,True,1.0,2.6304441569642067,S05_LEAVE_ONE_STATE_OUT_MEDIAN_COEF,S05_LEAVE_ONE_STATE_OUT_MEDIAN_COEF_K1,1,True
2025-06-13,1,1866,北野建設,0.1086345985531807,True,1.0,2.9484029484029506,S05_LEAVE_ONE_STATE_OUT_MEDIAN_COEF,S05_LEAVE_ONE_STATE_OUT_MEDIAN_COEF_K1,1,True
2025-06-16,1,7345,アイ・パートナーズフィナンシャル,0.13133831322193146,True,1.0,2.177858439201441,S05_LEAVE_ONE_STATE_OUT_MEDIAN_COEF,S05_LEAVE_ONE_STATE_OUT_MEDIAN_COEF_K1,1,True
2025-06-17,1,3843,フリービット,0.11563649028539658,True,1.0,0.3518648838845895,S05_LEAVE_ONE_STATE_OUT_MEDIAN_COEF,S05_LEAVE_ONE_STATE_OUT_MEDIAN_COEF_K1,1,True
2025-06-18,1,7058,共栄セキュリティーサービス,0.10170955955982208,True,1.0,3.462321792260692,S05_LEAVE_ONE_STATE_OUT_MEDIAN_COEF,S05_LEAVE_ONE_STATE_OUT_MEDIAN_COEF_K1,1,True
2025-06-19,1,9767,日建⼯学,0.11876320838928223,True,1.0,1.6702977487291104,S05_LEAVE_ONE_STATE_OUT_MEDIAN_COEF,S05_LEAVE_ONE_STATE_OUT_MEDIAN_COEF_K1,1,True
2025-06-20,1,3843,フリービット,0.09819131344556808,True,0.0,-1.480959097320167,S05_LEAVE_ONE_STATE_OUT_MEDIAN_COEF,S05_LEAVE_ONE_STATE_OUT_MEDIAN_COEF_K1,1,True
2025-06-23,1,9691,両毛システムズ,0.10492545366287231,True,1.0,2.1021021021021102,S05_LEAVE_ONE_STATE_OUT_MEDIAN_COEF,S05_LEAVE_ONE_STATE_OUT_MEDIAN_COEF_K1,1,True
2025-06-24,1,2327,日鉄ソリューションズ,0.09752819687128067,True,0.0,-0.42918454935622075,S05_LEAVE_ONE_STATE_OUT_MEDIAN_COEF,S05_LEAVE_ONE_STATE_OUT_MEDIAN_COEF_K1,1,True
2025-06-25,1,4437,ｇｏｏｄｄａｙｓホールディングス,0.11113923788070679,True,0.0,-0.295857988165682,S05_LEAVE_ONE_STATE_OUT_MEDIAN_COEF,S05_LEAVE_ONE_STATE_OUT_MEDIAN_COEF_K1,1,True
2025-06-26,1,4437,ｇｏｏｄｄａｙｓホールディングス,0.09582655876874924,True,1.0,1.5037593984962516,S05_LEAVE_ONE_STATE_OUT_MEDIAN_COEF,S05_LEAVE_ONE_STATE_OUT_MEDIAN_COEF_K1,1,True
2025-06-27,1,6648,かわでん,0.09705951809883118,True,0.0,-1.851851851851849,S05_LEAVE_ONE_STATE_OUT_MEDIAN_COEF,S05_LEAVE_ONE_STATE_OUT_MEDIAN_COEF_K1,1,True
2025-06-30,1,4437,ｇｏｏｄｄａｙｓホールディングス,0.11414366215467453,True,1.0,1.4925373134328401,S05_LEAVE_ONE_STATE_OUT_MEDIAN_COEF,S05_LEAVE_ONE_STATE_OUT_MEDIAN_COEF_K1,1,True
2025-07-01,1,4437,ｇｏｏｄｄａｙｓホールディングス,0.10471560806035995,True,0.0,-0.7299270072992692,S05_LEAVE_ONE_STATE_OUT_MEDIAN_COEF,S05_LEAVE_ONE_STATE_OUT_MEDIAN_COEF_K1,1,True
2025-07-02,1,9331,キャスター,0.09747455269098282,True,0.0,-0.23041474654378336,S05_LEAVE_ONE_STATE_OUT_MEDIAN_COEF,S05_LEAVE_ONE_STATE_OUT_MEDIAN_COEF_K1,1,True
2025-07-03,1,7043,アルー,0.1334608495235443,True,1.0,0.5221932114882533,S05_LEAVE_ONE_STATE_OUT_MEDIAN_COEF,S05_LEAVE_ONE_STATE_OUT_MEDIAN_COEF_K1,1,True
2025-07-04,1,7043,アルー,0.10525248199701309,True,1.0,0.26041666666667407,S05_LEAVE_ONE_STATE_OUT_MEDIAN_COEF,S05_LEAVE_ONE_STATE_OUT_MEDIAN_COEF_K1,1,True
2025-07-07,1,7043,アルー,0.10748617351055145,True,1.0,0.26041666666667407,S05_LEAVE_ONE_STATE_OUT_MEDIAN_COEF,S05_LEAVE_ONE_STATE_OUT_MEDIAN_COEF_K1,1,True
2025-07-08,1,7043,アルー,0.10979621112346649,True,1.0,0.39215686274509665,S05_LEAVE_ONE_STATE_OUT_MEDIAN_COEF,S05_LEAVE_ONE_STATE_OUT_MEDIAN_COEF_K1,1,True
2025-07-09,1,7043,アルー,0.13396523892879486,True,1.0,0.78125,S05_LEAVE_ONE_STATE_OUT_MEDIAN_COEF,S05_LEAVE_ONE_STATE_OUT_MEDIAN_COEF_K1,1,True
2025-07-10,1,4437,ｇｏｏｄｄａｙｓホールディングス,0.11486531049013138,True,1.0,0.4411764705882337,S05_LEAVE_ONE_STATE_OUT_MEDIAN_COEF,S05_LEAVE_ONE_STATE_OUT_MEDIAN_COEF_K1,1,True
2025-07-11,1,4437,ｇｏｏｄｄａｙｓホールディングス,0.11373478174209595,True,1.0,0.2928257686676483,S05_LEAVE_ONE_STATE_OUT_MEDIAN_COEF,S05_LEAVE_ONE_STATE_OUT_MEDIAN_COEF_K1,1,True
2025-07-14,1,4437,ｇｏｏｄｄａｙｓホールディングス,0.11670064926147461,True,0.0,-0.7246376811594235,S05_LEAVE_ONE_STATE_OUT_MEDIAN_COEF,S05_LEAVE_ONE_STATE_OUT_MEDIAN_COEF_K1,1,True
2025-07-15,1,7043,アルー,0.11930825561285019,True,0.0,0.0,S05_LEAVE_ONE_STATE_OUT_MEDIAN_COEF,S05_LEAVE_ONE_STATE_OUT_MEDIAN_COEF_K1,1,True
2025-07-16,1,7043,アルー,0.10537967830896378,True,1.0,0.6493506493506551,S05_LEAVE_ONE_STATE_OUT_MEDIAN_COEF,S05_LEAVE_ONE_STATE_OUT_MEDIAN_COEF_K1,1,True
2025-07-17,1,7043,アルー,0.10259287804365158,True,1.0,0.2600780234070177,S05_LEAVE_ONE_STATE_OUT_MEDIAN_COEF,S05_LEAVE_ONE_STATE_OUT_MEDIAN_COEF_K1,1,True
2025-07-18,1,7043,アルー,0.12044864147901535,True,1.0,0.1290322580645098,S05_LEAVE_ONE_STATE_OUT_MEDIAN_COEF,S05_LEAVE_ONE_STATE_OUT_MEDIAN_COEF_K1,1,True
2025-07-22,1,7043,アルー,0.10854940116405487,True,1.0,2.05920205920207,S05_LEAVE_ONE_STATE_OUT_MEDIAN_COEF,S05_LEAVE_ONE_STATE_OUT_MEDIAN_COEF_K1,1,True
2025-07-23,1,7808,シー・エス・ランバー,0.08592470735311508,True,1.0,0.4366812227074135,S05_LEAVE_ONE_STATE_OUT_MEDIAN_COEF,S05_LEAVE_ONE_STATE_OUT_MEDIAN_COEF_K1,1,True
2025-07-24,1,3271,ＴＨＥグローバル社,0.1080314964056015,True,1.0,1.1607142857142927,S05_LEAVE_ONE_STATE_OUT_MEDIAN_COEF,S05_LEAVE_ONE_STATE_OUT_MEDIAN_COEF_K1,1,True
2025-07-25,1,9259,タカヨシホールディングス,0.11159646511077881,True,0.0,0.0,S05_LEAVE_ONE_STATE_OUT_MEDIAN_COEF,S05_LEAVE_ONE_STATE_OUT_MEDIAN_COEF_K1,1,True
2025-07-28,1,9259,タカヨシホールディングス,0.1124008297920227,True,0.0,-0.14265335235378318,S05_LEAVE_ONE_STATE_OUT_MEDIAN_COEF,S05_LEAVE_ONE_STATE_OUT_MEDIAN_COEF_K1,1,True
2025-07-29,1,9259,タカヨシホールディングス,0.11211388558149338,True,0.0,0.0,S05_LEAVE_ONE_STATE_OUT_MEDIAN_COEF,S05_LEAVE_ONE_STATE_OUT_MEDIAN_COEF_K1,1,True
2025-07-30,1,7043,アルー,0.10657280683517456,True,1.0,2.130325814536338,S05_LEAVE_ONE_STATE_OUT_MEDIAN_COEF,S05_LEAVE_ONE_STATE_OUT_MEDIAN_COEF_K1,1,True
2025-07-31,1,9259,タカヨシホールディングス,0.10661670565605164,True,1.0,0.14265335235377208,S05_LEAVE_ONE_STATE_OUT_MEDIAN_COEF,S05_LEAVE_ONE_STATE_OUT_MEDIAN_COEF_K1,1,True
2024-07-01,1,7043,アルー,0.13626453280448914,True,1.0,0.49999999999998934,S05_LEAVE_ONE_STATE_OUT_MEDIAN_COEF,S05_LEAVE_ONE_STATE_OUT_MEDIAN_COEF_K2,2,True
2024-07-01,2,8139,ナガホリ,0.11449597775936127,True,1.0,2.382671480144394,S05_LEAVE_ONE_STATE_OUT_MEDIAN_COEF,S05_LEAVE_ONE_STATE_OUT_MEDIAN_COEF_K2,2,True
2024-07-02,1,7043,アルー,0.12978604435920715,True,0.0,-0.49813200498132204,S05_LEAVE_ONE_STATE_OUT_MEDIAN_COEF,S05_LEAVE_ONE_STATE_OUT_MEDIAN_COEF_K2,2,True
2024-07-02,2,6836,ぷらっとホーム,0.11601167917251587,True,1.0,0.13440860215054862,S05_LEAVE_ONE_STATE_OUT_MEDIAN_COEF,S05_LEAVE_ONE_STATE_OUT_MEDIAN_COEF_K2,2,True
2024-07-03,1,6151,日東⼯器,0.1290363222360611,True,0.0,-4.340497260851239,S05_LEAVE_ONE_STATE_OUT_MEDIAN_COEF,S05_LEAVE_ONE_STATE_OUT_MEDIAN_COEF_K2,2,True
2024-07-03,2,7043,アルー,0.12408031523227692,True,1.0,1.643489254108732,S05_LEAVE_ONE_STATE_OUT_MEDIAN_COEF,S05_LEAVE_ONE_STATE_OUT_MEDIAN_COEF_K2,2,True
2024-07-04,1,6151,日東⼯器,0.12662559747695923,True,0.0,-0.9683098591549255,S05_LEAVE_ONE_STATE_OUT_MEDIAN_COEF,S05_LEAVE_ONE_STATE_OUT_MEDIAN_COEF_K2,2,True
2024-07-04,2,6836,ぷらっとホーム,0.12143339961767197,True,0.0,-2.8532608695652217,S05_LEAVE_ONE_STATE_OUT_MEDIAN_COEF,S05_LEAVE_ONE_STATE_OUT_MEDIAN_COEF_K2,2,True
2024-07-05,1,7043,アルー,0.11890031397342682,True,1.0,7.800511508951402,S05_LEAVE_ONE_STATE_OUT_MEDIAN_COEF,S05_LEAVE_ONE_STATE_OUT_MEDIAN_COEF_K2,2,True
2024-07-05,2,2480,システム・ロケーション,0.11012750118970871,True,1.0,1.8436578171091345,S05_LEAVE_ONE_STATE_OUT_MEDIAN_COEF,S05_LEAVE_ONE_STATE_OUT_MEDIAN_COEF_K2,2,True
2024-07-08,1,6151,日東⼯器,0.10085790604352951,True,0.0,-3.8224956063268922,S05_LEAVE_ONE_STATE_OUT_MEDIAN_COEF,S05_LEAVE_ONE_STATE_OUT_MEDIAN_COEF_K2,2,True
2024-07-08,2,3892,岡山製紙,0.0992741733789444,True,1.0,0.6000000000000005,S05_LEAVE_ONE_STATE_OUT_MEDIAN_COEF,S05_LEAVE_ONE_STATE_OUT_MEDIAN_COEF_K2,2,True
2024-07-09,1,6151,日東⼯器,0.10824208706617355,True,1.0,0.22841480127913094,S05_LEAVE_ONE_STATE_OUT_MEDIAN_COEF,S05_LEAVE_ONE_STATE_OUT_MEDIAN_COEF_K2,2,True
2024-07-09,2,3302,帝国繊維,0.09278824180364609,True,0.0,-1.1263073209975882,S05_LEAVE_ONE_STATE_OUT_MEDIAN_COEF,S05_LEAVE_ONE_STATE_OUT_MEDIAN_COEF_K2,2,True
2024-07-10,1,1866,北野建設,0.09551116824150085,True,0.0,-0.4070556309362261,S05_LEAVE_ONE_STATE_OUT_MEDIAN_COEF,S05_LEAVE_ONE_STATE_OUT_MEDIAN_COEF_K2,2,True
2024-07-10,2,2408,ＫＧ情報,0.08927029371261597,True,0.0,-0.330033003300334,S05_LEAVE_ONE_STATE_OUT_MEDIAN_COEF,S05_LEAVE_ONE_STATE_OUT_MEDIAN_COEF_K2,2,True
2024-07-11,1,4628,エスケー化研,0.10255152732133865,True,0.0,-3.2362459546925515,S05_LEAVE_ONE_STATE_OUT_MEDIAN_COEF,S05_LEAVE_ONE_STATE_OUT_MEDIAN_COEF_K2,2,True
2024-07-11,2,9070,トナミホールディングス,0.09549149870872498,True,1.0,0.1686340640809414,S05_LEAVE_ONE_STATE_OUT_MEDIAN_COEF,S05_LEAVE_ONE_STATE_OUT_MEDIAN_COEF_K2,2,True
2024-07-12,1,4344,ソースネクスト,0.11553801596164703,True,1.0,9.478672985782,S05_LEAVE_ONE_STATE_OUT_MEDIAN_COEF,S05_LEAVE_ONE_STATE_OUT_MEDIAN_COEF_K2,2,True
2024-07-12,2,4628,エスケー化研,0.10616574436426163,True,1.0,3.0701754385964897,S05_LEAVE_ONE_STATE_OUT_MEDIAN_COEF,S05_LEAVE_ONE_STATE_OUT_MEDIAN_COEF_K2,2,True
2024-07-16,1,8938,グローム・ホールディングス,0.10014716535806656,True,1.0,3.2727272727272716,S05_LEAVE_ONE_STATE_OUT_MEDIAN_COEF,S05_LEAVE_ONE_STATE_OUT_MEDIAN_COEF_K2,2,True
2024-07-16,2,6322,タクミナ,0.09297192096710205,True,0.0,-0.04761904761905189,S05_LEAVE_ONE_STATE_OUT_MEDIAN_COEF,S05_LEAVE_ONE_STATE_OUT_MEDIAN_COEF_K2,2,True
2024-07-17,1,7807,幸和製作所,0.1331225335597992,True,0.0,-2.4207011686143587,S05_LEAVE_ONE_STATE_OUT_MEDIAN_COEF,S05_LEAVE_ONE_STATE_OUT_MEDIAN_COEF_K2,2,True
2024-07-17,2,3892,岡山製紙,0.12205074727535248,True,1.0,0.06756756756756133,S05_LEAVE_ONE_STATE_OUT_MEDIAN_COEF,S05_LEAVE_ONE_STATE_OUT_MEDIAN_COEF_K2,2,True
2024-07-18,1,4519,中外製薬,0.1092265248298645,True,1.0,0.4027521396207323,S05_LEAVE_ONE_STATE_OUT_MEDIAN_COEF,S05_LEAVE_ONE_STATE_OUT_MEDIAN_COEF_K2,2,True
2024-07-18,2,6727,ワコム,0.1050795242190361,True,0.0,-1.8472906403940836,S05_LEAVE_ONE_STATE_OUT_MEDIAN_COEF,S05_LEAVE_ONE_STATE_OUT_MEDIAN_COEF_K2,2,True
2024-07-19,1,5252,日本ナレッジ,0.11014686524868011,True,1.0,0.6545454545454632,S05_LEAVE_ONE_STATE_OUT_MEDIAN_COEF,S05_LEAVE_ONE_STATE_OUT_MEDIAN_COEF_K2,2,True
2024-07-19,2,6727,ワコム,0.10527191311120987,True,1.0,0.881612090680095,S05_LEAVE_ONE_STATE_OUT_MEDIAN_COEF,S05_LEAVE_ONE_STATE_OUT_MEDIAN_COEF_K2,2,True
2024-07-22,1,7043,アルー,0.13859891891479492,True,1.0,4.422604422604426,S05_LEAVE_ONE_STATE_OUT_MEDIAN_COEF,S05_LEAVE_ONE_STATE_OUT_MEDIAN_COEF_K2,2,True
2024-07-22,2,4519,中外製薬,0.10120803117752075,True,0.0,0.0,S05_LEAVE_ONE_STATE_OUT_MEDIAN_COEF,S05_LEAVE_ONE_STATE_OUT_MEDIAN_COEF_K2,2,True
2024-07-23,1,6048,デザインワン・ジャパン,0.10612362623214722,True,0.0,-2.0689655172413834,S05_LEAVE_ONE_STATE_OUT_MEDIAN_COEF,S05_LEAVE_ONE_STATE_OUT_MEDIAN_COEF_K2,2,True
2024-07-23,2,6707,サンケン電気,0.10575392842292786,True,0.0,-1.3733333333333375,S05_LEAVE_ONE_STATE_OUT_MEDIAN_COEF,S05_LEAVE_ONE_STATE_OUT_MEDIAN_COEF_K2,2,True
2024-07-24,1,6762,ＴＤＫ,0.10716401785612106,True,0.0,-0.14691478942213676,S05_LEAVE_ONE_STATE_OUT_MEDIAN_COEF,S05_LEAVE_ONE_STATE_OUT_MEDIAN_COEF_K2,2,True
2024-07-24,2,9246,プロジェクトホールディングス,0.10494785010814667,True,0.0,-0.07347538574578039,S05_LEAVE_ONE_STATE_OUT_MEDIAN_COEF,S05_LEAVE_ONE_STATE_OUT_MEDIAN_COEF_K2,2,True
2024-07-25,1,7043,アルー,0.09792826324701309,True,1.0,1.0882708585247869,S05_LEAVE_ONE_STATE_OUT_MEDIAN_COEF,S05_LEAVE_ONE_STATE_OUT_MEDIAN_COEF_K2,2,True
2024-07-25,2,9246,プロジェクトホールディングス,0.09232708811759949,True,1.0,3.308823529411775,S05_LEAVE_ONE_STATE_OUT_MEDIAN_COEF,S05_LEAVE_ONE_STATE_OUT_MEDIAN_COEF_K2,2,True
2024-07-26,1,5256,Ｆｕｓｉｃ,0.09644381701946259,True,0.0,-0.45385779122542047,S05_LEAVE_ONE_STATE_OUT_MEDIAN_COEF,S05_LEAVE_ONE_STATE_OUT_MEDIAN_COEF_K2,2,True
2024-07-26,2,9812,テーオーホールディングス,0.09348823875188828,True,0.0,-6.020942408376961,S05_LEAVE_ONE_STATE_OUT_MEDIAN_COEF,S05_LEAVE_ONE_STATE_OUT_MEDIAN_COEF_K2,2,True
2024-07-29,1,5247,ＢＴＭ,0.09257920831441879,True,1.0,3.5409836065573685,S05_LEAVE_ONE_STATE_OUT_MEDIAN_COEF,S05_LEAVE_ONE_STATE_OUT_MEDIAN_COEF_K2,2,True
2024-07-29,2,7175,今村証券,0.08291041105985641,True,1.0,0.29390154298309934,S05_LEAVE_ONE_STATE_OUT_MEDIAN_COEF,S05_LEAVE_ONE_STATE_OUT_MEDIAN_COEF_K2,2,True
2024-07-30,1,7043,アルー,0.12266533821821213,True,1.0,2.4242424242424176,S05_LEAVE_ONE_STATE_OUT_MEDIAN_COEF,S05_LEAVE_ONE_STATE_OUT_MEDIAN_COEF_K2,2,True
2024-07-30,2,6988,日東電⼯,0.09618678689002991,True,1.0,1.984732824427482,S05_LEAVE_ONE_STATE_OUT_MEDIAN_COEF,S05_LEAVE_ONE_STATE_OUT_MEDIAN_COEF_K2,2,True
2024-07-31,1,9340,アソインターナショナル,0.09539471566677094,True,1.0,3.2032032032031976,S05_LEAVE_ONE_STATE_OUT_MEDIAN_COEF,S05_LEAVE_ONE_STATE_OUT_MEDIAN_COEF_K2,2,True
2024-07-31,2,3934,ベネフィットジャパン,0.08849071711301804,True,0.0,-1.4705882352941124,S05_LEAVE_ONE_STATE_OUT_MEDIAN_COEF,S05_LEAVE_ONE_STATE_OUT_MEDIAN_COEF_K2,2,True
2024-08-01,1,8139,ナガホリ,0.12232857197523117,True,1.0,2.3668639053254337,S05_LEAVE_ONE_STATE_OUT_MEDIAN_COEF,S05_LEAVE_ONE_STATE_OUT_MEDIAN_COEF_K2,2,True
2024-08-01,2,4496,コマースＯｎｅホールディングス,0.11903800070285797,True,1.0,1.4084507042253502,S05_LEAVE_ONE_STATE_OUT_MEDIAN_COEF,S05_LEAVE_ONE_STATE_OUT_MEDIAN_COEF_K2,2,True
2024-08-02,1,3673,ブロードリーフ,0.11718203127384186,True,0.0,-3.0411449016100156,S05_LEAVE_ONE_STATE_OUT_MEDIAN_COEF,S05_LEAVE_ONE_STATE_OUT_MEDIAN_COEF_K2,2,True
2024-08-02,2,4549,栄研化学,0.11190083622932434,True,0.0,-2.6889197960129785,S05_LEAVE_ONE_STATE_OUT_MEDIAN_COEF,S05_LEAVE_ONE_STATE_OUT_MEDIAN_COEF_K2,2,True
2024-08-05,1,3673,ブロードリーフ,0.10528899729251862,True,0.0,-2.1568627450980427,S05_LEAVE_ONE_STATE_OUT_MEDIAN_COEF,S05_LEAVE_ONE_STATE_OUT_MEDIAN_COEF_K2,2,True
2024-08-05,2,6930,日本アンテナ,0.1041896790266037,True,0.0,-7.152875175315565,S05_LEAVE_ONE_STATE_OUT_MEDIAN_COEF,S05_LEAVE_ONE_STATE_OUT_MEDIAN_COEF_K2,2,True
2024-08-06,1,4496,コマースＯｎｅホールディングス,0.09206278622150421,True,1.0,12.53968253968254,S05_LEAVE_ONE_STATE_OUT_MEDIAN_COEF,S05_LEAVE_ONE_STATE_OUT_MEDIAN_COEF_K2,2,True
2024-08-06,2,3659,ネクソン,0.09203334152698517,True,1.0,3.9764868603042958,S05_LEAVE_ONE_STATE_OUT_MEDIAN_COEF,S05_LEAVE_ONE_STATE_OUT_MEDIAN_COEF_K2,2,True
2024-08-07,1,4814,ネクストウェア,0.08612888306379318,True,1.0,4.8387096774193505,S05_LEAVE_ONE_STATE_OUT_MEDIAN_COEF,S05_LEAVE_ONE_STATE_OUT_MEDIAN_COEF_K2,2,True
2024-08-07,2,7043,アルー,0.07388715445995331,True,1.0,2.836004932182501,S05_LEAVE_ONE_STATE_OUT_MEDIAN_COEF,S05_LEAVE_ONE_STATE_OUT_MEDIAN_COEF_K2,2,True
2024-08-08,1,7043,アルー,0.07762772589921951,True,1.0,0.3597122302158251,S05_LEAVE_ONE_STATE_OUT_MEDIAN_COEF,S05_LEAVE_ONE_STATE_OUT_MEDIAN_COEF_K2,2,True
2024-08-08,2,1997,暁飯島⼯業,0.05795983225107193,True,1.0,3.0056355666875367,S05_LEAVE_ONE_STATE_OUT_MEDIAN_COEF,S05_LEAVE_ONE_STATE_OUT_MEDIAN_COEF_K2,2,True
2024-08-09,1,7043,アルー,0.09501460194587708,True,0.0,0.0,S05_LEAVE_ONE_STATE_OUT_MEDIAN_COEF,S05_LEAVE_ONE_STATE_OUT_MEDIAN_COEF_K2,2,True
2024-08-09,2,6497,ハマイ,0.08080680668354034,True,1.0,2.052785923753664,S05_LEAVE_ONE_STATE_OUT_MEDIAN_COEF,S05_LEAVE_ONE_STATE_OUT_MEDIAN_COEF_K2,2,True
2024-08-13,1,8139,ナガホリ,0.11898481845855713,True,1.0,0.5098324836125379,S05_LEAVE_ONE_STATE_OUT_MEDIAN_COEF,S05_LEAVE_ONE_STATE_OUT_MEDIAN_COEF_K2,2,True
2024-08-13,2,7043,アルー,0.11590557545423508,True,0.0,-1.8495684340320562,S05_LEAVE_ONE_STATE_OUT_MEDIAN_COEF,S05_LEAVE_ONE_STATE_OUT_MEDIAN_COEF_K2,2,True
2024-08-14,1,7043,アルー,0.16587406396865845,True,1.0,3.409090909090917,S05_LEAVE_ONE_STATE_OUT_MEDIAN_COEF,S05_LEAVE_ONE_STATE_OUT_MEDIAN_COEF_K2,2,True
2024-08-14,2,8139,ナガホリ,0.12995165586471558,True,0.0,0.0,S05_LEAVE_ONE_STATE_OUT_MEDIAN_COEF,S05_LEAVE_ONE_STATE_OUT_MEDIAN_COEF_K2,2,True
2024-08-15,1,8139,ナガホリ,0.12439214438199997,True,0.0,-1.1594202898550732,S05_LEAVE_ONE_STATE_OUT_MEDIAN_COEF,S05_LEAVE_ONE_STATE_OUT_MEDIAN_COEF_K2,2,True
2024-08-15,2,7043,アルー,0.12192641198635101,True,0.0,-2.5547445255474477,S05_LEAVE_ONE_STATE_OUT_MEDIAN_COEF,S05_LEAVE_ONE_STATE_OUT_MEDIAN_COEF_K2,2,True
2024-08-16,1,7043,アルー,0.15011805295944214,True,0.0,-0.4987531172069848,S05_LEAVE_ONE_STATE_OUT_MEDIAN_COEF,S05_LEAVE_ONE_STATE_OUT_MEDIAN_COEF_K2,2,True
2024-08-16,2,8139,ナガホリ,0.12928001582622528,True,1.0,0.8046817849304944,S05_LEAVE_ONE_STATE_OUT_MEDIAN_COEF,S05_LEAVE_ONE_STATE_OUT_MEDIAN_COEF_K2,2,True
2024-08-19,1,7043,アルー,0.12532179057598114,True,0.0,-0.5031446540880502,S05_LEAVE_ONE_STATE_OUT_MEDIAN_COEF,S05_LEAVE_ONE_STATE_OUT_MEDIAN_COEF_K2,2,True
2024-08-19,2,8139,ナガホリ,0.11438735574483871,True,1.0,1.7492711370262315,S05_LEAVE_ONE_STATE_OUT_MEDIAN_COEF,S05_LEAVE_ONE_STATE_OUT_MEDIAN_COEF_K2,2,True
2024-08-20,1,7043,アルー,0.12443912029266357,True,0.0,-0.37641154328732496,S05_LEAVE_ONE_STATE_OUT_MEDIAN_COEF,S05_LEAVE_ONE_STATE_OUT_MEDIAN_COEF_K2,2,True
2024-08-20,2,3804,システム ディ,0.09205429255962372,True,,,S05_LEAVE_ONE_STATE_OUT_MEDIAN_COEF,S05_LEAVE_ONE_STATE_OUT_MEDIAN_COEF_K2,2,False
2024-08-21,1,7043,アルー,0.1129118949174881,True,1.0,0.6369426751592355,S05_LEAVE_ONE_STATE_OUT_MEDIAN_COEF,S05_LEAVE_ONE_STATE_OUT_MEDIAN_COEF_K2,2,True
2024-08-21,2,8139,ナガホリ,0.09798949956893921,True,1.0,0.28571428571428914,S05_LEAVE_ONE_STATE_OUT_MEDIAN_COEF,S05_LEAVE_ONE_STATE_OUT_MEDIAN_COEF_K2,2,True
2024-08-22,1,7043,アルー,0.11514558643102646,True,0.0,-0.37783375314861534,S05_LEAVE_ONE_STATE_OUT_MEDIAN_COEF,S05_LEAVE_ONE_STATE_OUT_MEDIAN_COEF_K2,2,True
2024-08-22,2,5905,日本製罐,0.09564007818698883,True,1.0,3.3333333333333437,S05_LEAVE_ONE_STATE_OUT_MEDIAN_COEF,S05_LEAVE_ONE_STATE_OUT_MEDIAN_COEF_K2,2,True
2024-08-23,1,7043,アルー,0.11360570043325424,True,0.0,-1.4981273408239737,S05_LEAVE_ONE_STATE_OUT_MEDIAN_COEF,S05_LEAVE_ONE_STATE_OUT_MEDIAN_COEF_K2,2,True
2024-08-23,2,8247,大和,0.09151643514633179,True,1.0,0.9195402298850519,S05_LEAVE_ONE_STATE_OUT_MEDIAN_COEF,S05_LEAVE_ONE_STATE_OUT_MEDIAN_COEF_K2,2,True
2024-08-26,1,7043,アルー,0.10131923109292984,True,1.0,0.25316455696202667,S05_LEAVE_ONE_STATE_OUT_MEDIAN_COEF,S05_LEAVE_ONE_STATE_OUT_MEDIAN_COEF_K2,2,True
2024-08-26,2,3738,ティーガイア,0.09286950528621674,True,0.0,-1.331557922769644,S05_LEAVE_ONE_STATE_OUT_MEDIAN_COEF,S05_LEAVE_ONE_STATE_OUT_MEDIAN_COEF_K2,2,True
2024-08-27,1,3738,ティーガイア,0.1014844998717308,True,1.0,1.206434316353877,S05_LEAVE_ONE_STATE_OUT_MEDIAN_COEF,S05_LEAVE_ONE_STATE_OUT_MEDIAN_COEF_K2,2,True
2024-08-27,2,4445,リビン・テクノロジーズ,0.09419292956590652,True,0.0,0.0,S05_LEAVE_ONE_STATE_OUT_MEDIAN_COEF,S05_LEAVE_ONE_STATE_OUT_MEDIAN_COEF_K2,2,True
2024-08-28,1,7043,アルー,0.1036488339304924,True,0.0,-0.37974683544304,S05_LEAVE_ONE_STATE_OUT_MEDIAN_COEF,S05_LEAVE_ONE_STATE_OUT_MEDIAN_COEF_K2,2,True
2024-08-28,2,9914,植松商会,0.09865783154964447,True,,,S05_LEAVE_ONE_STATE_OUT_MEDIAN_COEF,S05_LEAVE_ONE_STATE_OUT_MEDIAN_COEF_K2,2,False
2024-08-29,1,2736,フェスタリアホールディングス,0.12410398572683334,True,0.0,-0.7027406886858767,S05_LEAVE_ONE_STATE_OUT_MEDIAN_COEF,S05_LEAVE_ONE_STATE_OUT_MEDIAN_COEF_K2,2,True
2024-08-29,2,3991,ウォンテッドリー,0.09991062432527542,True,0.0,-1.8092105263157854,S05_LEAVE_ONE_STATE_OUT_MEDIAN_COEF,S05_LEAVE_ONE_STATE_OUT_MEDIAN_COEF_K2,2,True
2024-08-30,1,3991,ウォンテッドリー,0.1150481253862381,True,0.0,-0.42016806722688926,S05_LEAVE_ONE_STATE_OUT_MEDIAN_COEF,S05_LEAVE_ONE_STATE_OUT_MEDIAN_COEF_K2,2,True
2024-08-30,2,3738,ティーガイア,0.10258651524782181,True,0.0,-0.6784260515603768,S05_LEAVE_ONE_STATE_OUT_MEDIAN_COEF,S05_LEAVE_ONE_STATE_OUT_MEDIAN_COEF_K2,2,True
2024-09-02,1,4445,リビン・テクノロジーズ,0.14049120247364044,True,0.0,-0.43266630611140666,S05_LEAVE_ONE_STATE_OUT_MEDIAN_COEF,S05_LEAVE_ONE_STATE_OUT_MEDIAN_COEF_K2,2,True
2024-09-02,2,3991,ウォンテッドリー,0.12041538953781128,True,0.0,-0.5922165820642977,S05_LEAVE_ONE_STATE_OUT_MEDIAN_COEF,S05_LEAVE_ONE_STATE_OUT_MEDIAN_COEF_K2,2,True
2024-09-03,1,3092,ＺＯＺＯ,0.12014411389827728,True,1.0,3.397947548460656,S05_LEAVE_ONE_STATE_OUT_MEDIAN_COEF,S05_LEAVE_ONE_STATE_OUT_MEDIAN_COEF_K2,2,True
2024-09-03,2,4445,リビン・テクノロジーズ,0.11718843132257462,True,1.0,1.5752308527973824,S05_LEAVE_ONE_STATE_OUT_MEDIAN_COEF,S05_LEAVE_ONE_STATE_OUT_MEDIAN_COEF_K2,2,True
2024-09-04,1,7273,イクヨ,0.10901687294244766,True,0.0,-3.824861600402618,S05_LEAVE_ONE_STATE_OUT_MEDIAN_COEF,S05_LEAVE_ONE_STATE_OUT_MEDIAN_COEF_K2,2,True
2024-09-04,2,7514,ヒマラヤ,0.10888216644525528,True,1.0,0.22446689113355678,S05_LEAVE_ONE_STATE_OUT_MEDIAN_COEF,S05_LEAVE_ONE_STATE_OUT_MEDIAN_COEF_K2,2,True
2024-09-05,1,6190,フェニックスバイオ,0.09535456448793411,True,0.0,0.0,S05_LEAVE_ONE_STATE_OUT_MEDIAN_COEF,S05_LEAVE_ONE_STATE_OUT_MEDIAN_COEF_K2,2,True
2024-09-05,2,8200,リンガーハット,0.09323086589574814,True,0.0,-2.117863720073665,S05_LEAVE_ONE_STATE_OUT_MEDIAN_COEF,S05_LEAVE_ONE_STATE_OUT_MEDIAN_COEF_K2,2,True
2024-09-06,1,4445,リビン・テクノロジーズ,0.11057808995246887,True,0.0,-0.38461538461538325,S05_LEAVE_ONE_STATE_OUT_MEDIAN_COEF,S05_LEAVE_ONE_STATE_OUT_MEDIAN_COEF_K2,2,True
2024-09-06,2,7733,オリンパス,0.1050400659441948,True,0.0,-0.6090373280942973,S05_LEAVE_ONE_STATE_OUT_MEDIAN_COEF,S05_LEAVE_ONE_STATE_OUT_MEDIAN_COEF_K2,2,True
2024-09-09,1,7689,コパ・コーポレーション,0.10629952698945999,True,1.0,1.5050167224080369,S05_LEAVE_ONE_STATE_OUT_MEDIAN_COEF,S05_LEAVE_ONE_STATE_OUT_MEDIAN_COEF_K2,2,True
2024-09-09,2,7138,ＴＯＲＩＣＯ,0.10110508650541306,True,1.0,4.3010752688172005,S05_LEAVE_ONE_STATE_OUT_MEDIAN_COEF,S05_LEAVE_ONE_STATE_OUT_MEDIAN_COEF_K2,2,True
2024-09-10,1,7273,イクヨ,0.12401015311479568,True,,,S05_LEAVE_ONE_STATE_OUT_MEDIAN_COEF,S05_LEAVE_ONE_STATE_OUT_MEDIAN_COEF_K2,2,False
2024-09-10,2,9445,フォーバルテレコム,0.10661575198173523,True,0.0,-5.803571428571431,S05_LEAVE_ONE_STATE_OUT_MEDIAN_COEF,S05_LEAVE_ONE_STATE_OUT_MEDIAN_COEF_K2,2,True
2024-09-11,1,4445,リビン・テクノロジーズ,0.11747470498085022,True,1.0,1.1148272017837302,S05_LEAVE_ONE_STATE_OUT_MEDIAN_COEF,S05_LEAVE_ONE_STATE_OUT_MEDIAN_COEF_K2,2,True
2024-09-11,2,7689,コパ・コーポレーション,0.11238724738359451,True,0.0,0.0,S05_LEAVE_ONE_STATE_OUT_MEDIAN_COEF,S05_LEAVE_ONE_STATE_OUT_MEDIAN_COEF_K2,2,True
2024-09-12,1,7069,サイバー・バズ,0.13032875955104828,True,0.0,-2.512998266897748,S05_LEAVE_ONE_STATE_OUT_MEDIAN_COEF,S05_LEAVE_ONE_STATE_OUT_MEDIAN_COEF_K2,2,True
2024-09-12,2,4445,リビン・テクノロジーズ,0.12658703327178955,True,0.0,-0.2739726027397249,S05_LEAVE_ONE_STATE_OUT_MEDIAN_COEF,S05_LEAVE_ONE_STATE_OUT_MEDIAN_COEF_K2,2,True
2024-09-13,1,6190,フェニックスバイオ,0.11601462960243225,True,0.0,-1.95227765726681,S05_LEAVE_ONE_STATE_OUT_MEDIAN_COEF,S05_LEAVE_ONE_STATE_OUT_MEDIAN_COEF_K2,2,True
2024-09-13,2,8746,ＵＮＢＡＮＫＥＤ,0.10438204556703568,True,1.0,0.917431192660545,S05_LEAVE_ONE_STATE_OUT_MEDIAN_COEF,S05_LEAVE_ONE_STATE_OUT_MEDIAN_COEF_K2,2,True
2024-09-17,1,7886,ヤマト・インダストリー,0.1199725791811943,True,,,S05_LEAVE_ONE_STATE_OUT_MEDIAN_COEF,S05_LEAVE_ONE_STATE_OUT_MEDIAN_COEF_K2,2,False
2024-09-17,2,4503,アステラス製薬,0.11503908783197403,True,0.0,-1.6880093131548257,S05_LEAVE_ONE_STATE_OUT_MEDIAN_COEF,S05_LEAVE_ONE_STATE_OUT_MEDIAN_COEF_K2,2,True
2024-09-18,1,7752,リコー,0.108239084482193,True,0.0,-0.9508196721311424,S05_LEAVE_ONE_STATE_OUT_MEDIAN_COEF,S05_LEAVE_ONE_STATE_OUT_MEDIAN_COEF_K2,2,True
2024-09-18,2,4503,アステラス製薬,0.10723969340324402,True,1.0,0.7959905660377409,S05_LEAVE_ONE_STATE_OUT_MEDIAN_COEF,S05_LEAVE_ONE_STATE_OUT_MEDIAN_COEF_K2,2,True
2024-09-19,1,4884,クリングルファーマ,0.12020952999591827,True,1.0,4.8309178743961345,S05_LEAVE_ONE_STATE_OUT_MEDIAN_COEF,S05_LEAVE_ONE_STATE_OUT_MEDIAN_COEF_K2,2,True
2024-09-19,2,9042,阪急阪神ホールディングス,0.10494105517864227,True,0.0,-0.13486176668914274,S05_LEAVE_ONE_STATE_OUT_MEDIAN_COEF,S05_LEAVE_ONE_STATE_OUT_MEDIAN_COEF_K2,2,True
2024-09-20,1,5247,ＢＴＭ,0.12365707010030746,True,1.0,1.610169491525415,S05_LEAVE_ONE_STATE_OUT_MEDIAN_COEF,S05_LEAVE_ONE_STATE_OUT_MEDIAN_COEF_K2,2,True
2024-09-20,2,4840,トライアイズ,0.12279654294252396,True,1.0,0.31847133757962887,S05_LEAVE_ONE_STATE_OUT_MEDIAN_COEF,S05_LEAVE_ONE_STATE_OUT_MEDIAN_COEF_K2,2,True
2024-09-24,1,4840,トライアイズ,0.121290422976017,True,1.0,3.205128205128216,S05_LEAVE_ONE_STATE_OUT_MEDIAN_COEF,S05_LEAVE_ONE_STATE_OUT_MEDIAN_COEF_K2,2,True
2024-09-24,2,3092,ＺＯＺＯ,0.12054602056741714,True,0.0,-0.2240325865580428,S05_LEAVE_ONE_STATE_OUT_MEDIAN_COEF,S05_LEAVE_ONE_STATE_OUT_MEDIAN_COEF_K2,2,True
2024-09-25,1,2372,アイロムグループ,0.11823948472738266,True,0.0,0.0,S05_LEAVE_ONE_STATE_OUT_MEDIAN_COEF,S05_LEAVE_ONE_STATE_OUT_MEDIAN_COEF_K2,2,True
2024-09-25,2,8139,ナガホリ,0.11788342148065567,True,1.0,0.4184100418409997,S05_LEAVE_ONE_STATE_OUT_MEDIAN_COEF,S05_LEAVE_ONE_STATE_OUT_MEDIAN_COEF_K2,2,True
2024-09-26,1,3092,ＺＯＺＯ,0.12425123900175095,True,1.0,3.1114774366371334,S05_LEAVE_ONE_STATE_OUT_MEDIAN_COEF,S05_LEAVE_ONE_STATE_OUT_MEDIAN_COEF_K2,2,True
2024-09-26,2,4267,ライトワークス,0.11998414248228073,True,1.0,0.20263424518742745,S05_LEAVE_ONE_STATE_OUT_MEDIAN_COEF,S05_LEAVE_ONE_STATE_OUT_MEDIAN_COEF_K2,2,True
2024-09-27,1,3787,テクノマセマティカル,0.1300232708454132,True,1.0,1.6245487364620947,S05_LEAVE_ONE_STATE_OUT_MEDIAN_COEF,S05_LEAVE_ONE_STATE_OUT_MEDIAN_COEF_K2,2,True
2024-09-27,2,8139,ナガホリ,0.12313185632228851,True,1.0,0.2090592334494712,S05_LEAVE_ONE_STATE_OUT_MEDIAN_COEF,S05_LEAVE_ONE_STATE_OUT_MEDIAN_COEF_K2,2,True
2024-09-30,1,3787,テクノマセマティカル,0.12963512539863586,True,0.0,0.0,S05_LEAVE_ONE_STATE_OUT_MEDIAN_COEF,S05_LEAVE_ONE_STATE_OUT_MEDIAN_COEF_K2,2,True
2024-09-30,2,8139,ナガホリ,0.11895564943552017,True,1.0,0.34843205574912606,S05_LEAVE_ONE_STATE_OUT_MEDIAN_COEF,S05_LEAVE_ONE_STATE_OUT_MEDIAN_COEF_K2,2,True
2024-10-01,1,3787,テクノマセマティカル,0.12448323518037796,True,1.0,0.17152658662091813,S05_LEAVE_ONE_STATE_OUT_MEDIAN_COEF,S05_LEAVE_ONE_STATE_OUT_MEDIAN_COEF_K2,2,True
2024-10-01,2,2114,フジ日本,0.11211522668600082,True,0.0,-0.6673021925643452,S05_LEAVE_ONE_STATE_OUT_MEDIAN_COEF,S05_LEAVE_ONE_STATE_OUT_MEDIAN_COEF_K2,2,True
2024-10-02,1,8139,ナガホリ,0.11485057324171066,True,1.0,0.13908205841446364,S05_LEAVE_ONE_STATE_OUT_MEDIAN_COEF,S05_LEAVE_ONE_STATE_OUT_MEDIAN_COEF_K2,2,True
2024-10-02,2,7815,東京ボード⼯業,0.11436859518289566,True,1.0,0.670016750418756,S05_LEAVE_ONE_STATE_OUT_MEDIAN_COEF,S05_LEAVE_ONE_STATE_OUT_MEDIAN_COEF_K2,2,True
2024-10-03,1,2157,コシダカホールディングス,0.10939653217792511,True,0.0,-0.8032128514056214,S05_LEAVE_ONE_STATE_OUT_MEDIAN_COEF,S05_LEAVE_ONE_STATE_OUT_MEDIAN_COEF_K2,2,True
2024-10-03,2,7815,東京ボード⼯業,0.10865586251020432,True,1.0,0.9819967266775809,S05_LEAVE_ONE_STATE_OUT_MEDIAN_COEF,S05_LEAVE_ONE_STATE_OUT_MEDIAN_COEF_K2,2,True
2024-10-04,1,3726,フォーシーズＨＤ,0.10677672177553177,True,0.0,-0.4158004158004158,S05_LEAVE_ONE_STATE_OUT_MEDIAN_COEF,S05_LEAVE_ONE_STATE_OUT_MEDIAN_COEF_K2,2,True
2024-10-04,2,2331,綜合警備保障,0.10189101845026016,True,1.0,0.2936857562408246,S05_LEAVE_ONE_STATE_OUT_MEDIAN_COEF,S05_LEAVE_ONE_STATE_OUT_MEDIAN_COEF_K2,2,True
2024-10-07,1,1925,大和ハウス⼯業,0.09183433651924133,True,0.0,-0.1295896328293744,S05_LEAVE_ONE_STATE_OUT_MEDIAN_COEF,S05_LEAVE_ONE_STATE_OUT_MEDIAN_COEF_K2,2,True
2024-10-07,2,4912,ライオン,0.08992450684309006,True,0.0,-0.4737839545167377,S05_LEAVE_ONE_STATE_OUT_MEDIAN_COEF,S05_LEAVE_ONE_STATE_OUT_MEDIAN_COEF_K2,2,True
2024-10-08,1,4361,川口化学⼯業,0.12129786610603333,True,1.0,0.12853470437017567,S05_LEAVE_ONE_STATE_OUT_MEDIAN_COEF,S05_LEAVE_ONE_STATE_OUT_MEDIAN_COEF_K2,2,True
2024-10-08,2,2372,アイロムグループ,0.11567450314760208,True,0.0,-0.03598416696652951,S05_LEAVE_ONE_STATE_OUT_MEDIAN_COEF,S05_LEAVE_ONE_STATE_OUT_MEDIAN_COEF_K2,2,True
2024-10-09,1,2229,カルビー,0.10692865401506424,True,1.0,0.9381413075344458,S05_LEAVE_ONE_STATE_OUT_MEDIAN_COEF,S05_LEAVE_ONE_STATE_OUT_MEDIAN_COEF_K2,2,True
2024-10-09,2,2892,日本食品化⼯,0.1030760258436203,True,0.0,0.0,S05_LEAVE_ONE_STATE_OUT_MEDIAN_COEF,S05_LEAVE_ONE_STATE_OUT_MEDIAN_COEF_K2,2,True
2024-10-10,1,2334,イオレ,0.10785884410142899,True,1.0,0.9230769230769154,S05_LEAVE_ONE_STATE_OUT_MEDIAN_COEF,S05_LEAVE_ONE_STATE_OUT_MEDIAN_COEF_K2,2,True
2024-10-10,2,4378,ＣＩＮＣ,0.10759784281253815,True,1.0,0.4552352048558417,S05_LEAVE_ONE_STATE_OUT_MEDIAN_COEF,S05_LEAVE_ONE_STATE_OUT_MEDIAN_COEF_K2,2,True
2024-10-11,1,2334,イオレ,0.10744658857584,True,0.0,-0.1524390243902385,S05_LEAVE_ONE_STATE_OUT_MEDIAN_COEF,S05_LEAVE_ONE_STATE_OUT_MEDIAN_COEF_K2,2,True
2024-10-11,2,8871,ゴールドクレスト,0.10131492465734482,True,1.0,1.572327044025168,S05_LEAVE_ONE_STATE_OUT_MEDIAN_COEF,S05_LEAVE_ONE_STATE_OUT_MEDIAN_COEF_K2,2,True
2024-10-15,1,2334,イオレ,0.09561444073915482,True,0.0,-0.3039513677811523,S05_LEAVE_ONE_STATE_OUT_MEDIAN_COEF,S05_LEAVE_ONE_STATE_OUT_MEDIAN_COEF_K2,2,True
2024-10-15,2,8871,ゴールドクレスト,0.09551794081926346,True,1.0,0.46583850931676274,S05_LEAVE_ONE_STATE_OUT_MEDIAN_COEF,S05_LEAVE_ONE_STATE_OUT_MEDIAN_COEF_K2,2,True
2024-10-16,1,8871,ゴールドクレスト,0.11625754088163376,True,1.0,2.8037383177569986,S05_LEAVE_ONE_STATE_OUT_MEDIAN_COEF,S05_LEAVE_ONE_STATE_OUT_MEDIAN_COEF_K2,2,True
2024-10-16,2,8267,イオン,0.09580639749765396,True,1.0,1.3246823465801638,S05_LEAVE_ONE_STATE_OUT_MEDIAN_COEF,S05_LEAVE_ONE_STATE_OUT_MEDIAN_COEF_K2,2,True
2024-10-17,1,8139,ナガホリ,0.09444833546876907,True,1.0,0.5369127516778427,S05_LEAVE_ONE_STATE_OUT_MEDIAN_COEF,S05_LEAVE_ONE_STATE_OUT_MEDIAN_COEF_K2,2,True
2024-10-17,2,9143,ＳＧホールディングス,0.09282755851745605,True,1.0,0.4330446369087193,S05_LEAVE_ONE_STATE_OUT_MEDIAN_COEF,S05_LEAVE_ONE_STATE_OUT_MEDIAN_COEF_K2,2,True
2024-10-18,1,3195,ジェネレーションパス,0.10098929703235626,True,1.0,4.680851063829783,S05_LEAVE_ONE_STATE_OUT_MEDIAN_COEF,S05_LEAVE_ONE_STATE_OUT_MEDIAN_COEF_K2,2,True
2024-10-18,2,3490,アズ企画設計,0.09743615239858627,True,0.0,-0.08996851102114345,S05_LEAVE_ONE_STATE_OUT_MEDIAN_COEF,S05_LEAVE_ONE_STATE_OUT_MEDIAN_COEF_K2,2,True
2024-10-21,1,9064,ヤマトホールディングス,0.09314631670713425,True,1.0,0.061538461538468425,S05_LEAVE_ONE_STATE_OUT_MEDIAN_COEF,S05_LEAVE_ONE_STATE_OUT_MEDIAN_COEF_K2,2,True
2024-10-21,2,9347,日本管財ホールディングス,0.09314177185297012,True,0.0,-0.40500736377024893,S05_LEAVE_ONE_STATE_OUT_MEDIAN_COEF,S05_LEAVE_ONE_STATE_OUT_MEDIAN_COEF_K2,2,True
2024-10-22,1,9347,日本管財ホールディングス,0.10945305973291397,True,0.0,-1.9593345656192196,S05_LEAVE_ONE_STATE_OUT_MEDIAN_COEF,S05_LEAVE_ONE_STATE_OUT_MEDIAN_COEF_K2,2,True
2024-10-22,2,3195,ジェネレーションパス,0.10307946056127548,True,0.0,-0.8298755186721962,S05_LEAVE_ONE_STATE_OUT_MEDIAN_COEF,S05_LEAVE_ONE_STATE_OUT_MEDIAN_COEF_K2,2,True
2024-10-23,1,8871,ゴールドクレスト,0.12463480234146118,True,0.0,-2.7156549520766737,S05_LEAVE_ONE_STATE_OUT_MEDIAN_COEF,S05_LEAVE_ONE_STATE_OUT_MEDIAN_COEF_K2,2,True
2024-10-23,2,2268,Ｂ−Ｒ サーティワン アイスクリーム,0.10754656046628952,True,0.0,-0.7194244604316502,S05_LEAVE_ONE_STATE_OUT_MEDIAN_COEF,S05_LEAVE_ONE_STATE_OUT_MEDIAN_COEF_K2,2,True
2024-10-24,1,8871,ゴールドクレスト,0.12645088136196136,True,1.0,0.8291873963515828,S05_LEAVE_ONE_STATE_OUT_MEDIAN_COEF,S05_LEAVE_ONE_STATE_OUT_MEDIAN_COEF_K2,2,True
2024-10-24,2,7369,メイホーホールディングス,0.11586461961269379,True,0.0,0.0,S05_LEAVE_ONE_STATE_OUT_MEDIAN_COEF,S05_LEAVE_ONE_STATE_OUT_MEDIAN_COEF_K2,2,True
2024-10-25,1,7815,東京ボード⼯業,0.12570464611053467,True,1.0,1.1513157894736947,S05_LEAVE_ONE_STATE_OUT_MEDIAN_COEF,S05_LEAVE_ONE_STATE_OUT_MEDIAN_COEF_K2,2,True
2024-10-25,2,8871,ゴールドクレスト,0.11491300910711288,True,1.0,0.6557377049180246,S05_LEAVE_ONE_STATE_OUT_MEDIAN_COEF,S05_LEAVE_ONE_STATE_OUT_MEDIAN_COEF_K2,2,True
2024-10-28,1,8871,ゴールドクレスト,0.12394088506698608,True,0.0,-2.1035598705501646,S05_LEAVE_ONE_STATE_OUT_MEDIAN_COEF,S05_LEAVE_ONE_STATE_OUT_MEDIAN_COEF_K2,2,True
2024-10-28,2,7379,サーキュレーション,0.11342746764421463,True,1.0,0.16286644951140072,S05_LEAVE_ONE_STATE_OUT_MEDIAN_COEF,S05_LEAVE_ONE_STATE_OUT_MEDIAN_COEF_K2,2,True
2024-10-29,1,8871,ゴールドクレスト,0.11812809109687805,True,0.0,-0.658978583196046,S05_LEAVE_ONE_STATE_OUT_MEDIAN_COEF,S05_LEAVE_ONE_STATE_OUT_MEDIAN_COEF_K2,2,True
2024-10-29,2,7815,東京ボード⼯業,0.11651244759559631,True,1.0,1.342281879194629,S05_LEAVE_ONE_STATE_OUT_MEDIAN_COEF,S05_LEAVE_ONE_STATE_OUT_MEDIAN_COEF_K2,2,True
2024-10-30,1,7379,サーキュレーション,0.11183718591928482,True,1.0,1.1513157894736947,S05_LEAVE_ONE_STATE_OUT_MEDIAN_COEF,S05_LEAVE_ONE_STATE_OUT_MEDIAN_COEF_K2,2,True
2024-10-30,2,8871,ゴールドクレスト,0.10193495452404022,True,1.0,0.2673796791443861,S05_LEAVE_ONE_STATE_OUT_MEDIAN_COEF,S05_LEAVE_ONE_STATE_OUT_MEDIAN_COEF_K2,2,True
2024-10-31,1,7376,ＢＣＣ,0.13445301353931427,True,0.0,0.0,S05_LEAVE_ONE_STATE_OUT_MEDIAN_COEF,S05_LEAVE_ONE_STATE_OUT_MEDIAN_COEF_K2,2,True
2024-10-31,2,4073,ジィ・シィ企画,0.10393445938825607,True,0.0,-0.15723270440252124,S05_LEAVE_ONE_STATE_OUT_MEDIAN_COEF,S05_LEAVE_ONE_STATE_OUT_MEDIAN_COEF_K2,2,True
2024-11-01,1,9913,日邦産業,0.12289080768823624,True,1.0,0.7228915662650603,S05_LEAVE_ONE_STATE_OUT_MEDIAN_COEF,S05_LEAVE_ONE_STATE_OUT_MEDIAN_COEF_K2,2,True
2024-11-01,2,4073,ジィ・シィ企画,0.11021879315376282,True,1.0,0.952380952380949,S05_LEAVE_ONE_STATE_OUT_MEDIAN_COEF,S05_LEAVE_ONE_STATE_OUT_MEDIAN_COEF_K2,2,True
2024-11-05,1,3537,昭栄薬品,0.12343339622020721,True,0.0,-0.4511278195488688,S05_LEAVE_ONE_STATE_OUT_MEDIAN_COEF,S05_LEAVE_ONE_STATE_OUT_MEDIAN_COEF_K2,2,True
2024-11-05,2,9913,日邦産業,0.12040266394615173,True,0.0,-0.09523809523809268,S05_LEAVE_ONE_STATE_OUT_MEDIAN_COEF,S05_LEAVE_ONE_STATE_OUT_MEDIAN_COEF_K2,2,True
2024-11-06,1,4840,トライアイズ,0.11997480690479279,True,0.0,-1.0101010101010055,S05_LEAVE_ONE_STATE_OUT_MEDIAN_COEF,S05_LEAVE_ONE_STATE_OUT_MEDIAN_COEF_K2,2,True
2024-11-06,2,4073,ジィ・シィ企画,0.10239280760288239,True,0.0,-0.48000000000000265,S05_LEAVE_ONE_STATE_OUT_MEDIAN_COEF,S05_LEAVE_ONE_STATE_OUT_MEDIAN_COEF_K2,2,True
2024-11-07,1,4840,トライアイズ,0.10336761176586151,True,1.0,0.340136054421758,S05_LEAVE_ONE_STATE_OUT_MEDIAN_COEF,S05_LEAVE_ONE_STATE_OUT_MEDIAN_COEF_K2,2,True
2024-11-07,2,9244,デジタリフト,0.09936480224132538,True,,,S05_LEAVE_ONE_STATE_OUT_MEDIAN_COEF,S05_LEAVE_ONE_STATE_OUT_MEDIAN_COEF_K2,2,False
2024-11-08,1,4091,日本酸素ホールディングス,0.1116195097565651,True,0.0,-0.9712750568299233,S05_LEAVE_ONE_STATE_OUT_MEDIAN_COEF,S05_LEAVE_ONE_STATE_OUT_MEDIAN_COEF_K2,2,True
2024-11-08,2,4073,ジィ・シィ企画,0.10042846202850342,True,1.0,1.812191103789118,S05_LEAVE_ONE_STATE_OUT_MEDIAN_COEF,S05_LEAVE_ONE_STATE_OUT_MEDIAN_COEF_K2,2,True
2024-11-11,1,4840,トライアイズ,0.10548346489667892,True,1.0,3.4482758620689724,S05_LEAVE_ONE_STATE_OUT_MEDIAN_COEF,S05_LEAVE_ONE_STATE_OUT_MEDIAN_COEF_K2,2,True
2024-11-11,2,6810,マクセル,0.10338964313268661,True,0.0,-1.0614525139664766,S05_LEAVE_ONE_STATE_OUT_MEDIAN_COEF,S05_LEAVE_ONE_STATE_OUT_MEDIAN_COEF_K2,2,True
2024-11-12,1,5587,インバウンドプラットフォーム,0.11353113502264023,True,1.0,1.3254786450662692,S05_LEAVE_ONE_STATE_OUT_MEDIAN_COEF,S05_LEAVE_ONE_STATE_OUT_MEDIAN_COEF_K2,2,True
2024-11-12,2,7083,ＡＨＣグループ,0.10969706624746323,True,1.0,2.187028657616885,S05_LEAVE_ONE_STATE_OUT_MEDIAN_COEF,S05_LEAVE_ONE_STATE_OUT_MEDIAN_COEF_K2,2,True
2024-11-13,1,4073,ジィ・シィ企画,0.10370369255542755,True,0.0,-0.658978583196046,S05_LEAVE_ONE_STATE_OUT_MEDIAN_COEF,S05_LEAVE_ONE_STATE_OUT_MEDIAN_COEF_K2,2,True
2024-11-13,2,6193,バーチャレクス・ホールディングス,0.10179906338453293,True,1.0,1.206434316353877,S05_LEAVE_ONE_STATE_OUT_MEDIAN_COEF,S05_LEAVE_ONE_STATE_OUT_MEDIAN_COEF_K2,2,True
2024-11-14,1,7284,盟和産業,0.10682833194732666,True,0.0,-0.5897219882055604,S05_LEAVE_ONE_STATE_OUT_MEDIAN_COEF,S05_LEAVE_ONE_STATE_OUT_MEDIAN_COEF_K2,2,True
2024-11-14,2,6193,バーチャレクス・ホールディングス,0.10555510222911835,True,1.0,0.13280212483399723,S05_LEAVE_ONE_STATE_OUT_MEDIAN_COEF,S05_LEAVE_ONE_STATE_OUT_MEDIAN_COEF_K2,2,True
2024-11-15,1,9219,ギックス,0.1113412082195282,True,0.0,-0.6362672322375418,S05_LEAVE_ONE_STATE_OUT_MEDIAN_COEF,S05_LEAVE_ONE_STATE_OUT_MEDIAN_COEF_K2,2,True
2024-11-15,2,7083,ＡＨＣグループ,0.11061369627714157,True,0.0,-0.7662835249042099,S05_LEAVE_ONE_STATE_OUT_MEDIAN_COEF,S05_LEAVE_ONE_STATE_OUT_MEDIAN_COEF_K2,2,True
2024-11-18,1,4387,ＺＵＵ,0.1179191842675209,True,0.0,-0.2902757619738794,S05_LEAVE_ONE_STATE_OUT_MEDIAN_COEF,S05_LEAVE_ONE_STATE_OUT_MEDIAN_COEF_K2,2,True
2024-11-18,2,4346,ＮＥＸＹＺ．Ｇｒｏｕｐ,0.10259287804365158,True,1.0,1.4598540145985384,S05_LEAVE_ONE_STATE_OUT_MEDIAN_COEF,S05_LEAVE_ONE_STATE_OUT_MEDIAN_COEF_K2,2,True
2024-11-19,1,7815,東京ボード⼯業,0.11529257148504257,True,1.0,1.4999999999999902,S05_LEAVE_ONE_STATE_OUT_MEDIAN_COEF,S05_LEAVE_ONE_STATE_OUT_MEDIAN_COEF_K2,2,True
2024-11-19,2,7426,山大,0.10201815515756607,True,1.0,1.0000000000000009,S05_LEAVE_ONE_STATE_OUT_MEDIAN_COEF,S05_LEAVE_ONE_STATE_OUT_MEDIAN_COEF_K2,2,True
2024-11-20,1,8938,グローム・ホールディングス,0.1181550845503807,True,0.0,-2.5740025740025763,S05_LEAVE_ONE_STATE_OUT_MEDIAN_COEF,S05_LEAVE_ONE_STATE_OUT_MEDIAN_COEF_K2,2,True
2024-11-20,2,4398,ブロードバンドセキュリティ,0.11111429333686829,True,0.0,-1.8132975151108122,S05_LEAVE_ONE_STATE_OUT_MEDIAN_COEF,S05_LEAVE_ONE_STATE_OUT_MEDIAN_COEF_K2,2,True
2024-11-21,1,8938,グローム・ホールディングス,0.151945561170578,True,1.0,1.7287234042553168,S05_LEAVE_ONE_STATE_OUT_MEDIAN_COEF,S05_LEAVE_ONE_STATE_OUT_MEDIAN_COEF_K2,2,True
2024-11-21,2,9331,キャスター,0.12106695026159286,True,1.0,0.21459227467810482,S05_LEAVE_ONE_STATE_OUT_MEDIAN_COEF,S05_LEAVE_ONE_STATE_OUT_MEDIAN_COEF_K2,2,True
2024-11-22,1,8938,グローム・ホールディングス,0.14761650562286377,True,1.0,1.182654402102501,S05_LEAVE_ONE_STATE_OUT_MEDIAN_COEF,S05_LEAVE_ONE_STATE_OUT_MEDIAN_COEF_K2,2,True
2024-11-22,2,4267,ライトワークス,0.11792424321174622,True,1.0,1.6650342801175277,S05_LEAVE_ONE_STATE_OUT_MEDIAN_COEF,S05_LEAVE_ONE_STATE_OUT_MEDIAN_COEF_K2,2,True
2024-11-25,1,8938,グローム・ホールディングス,0.13784128427505493,True,0.0,-0.2597402597402598,S05_LEAVE_ONE_STATE_OUT_MEDIAN_COEF,S05_LEAVE_ONE_STATE_OUT_MEDIAN_COEF_K2,2,True
2024-11-25,2,9331,キャスター,0.12017372995615005,True,0.0,-1.3555787278415,S05_LEAVE_ONE_STATE_OUT_MEDIAN_COEF,S05_LEAVE_ONE_STATE_OUT_MEDIAN_COEF_K2,2,True
2024-11-26,1,4267,ライトワークス,0.1574929803609848,True,1.0,0.9708737864077666,S05_LEAVE_ONE_STATE_OUT_MEDIAN_COEF,S05_LEAVE_ONE_STATE_OUT_MEDIAN_COEF_K2,2,True
2024-11-26,2,4073,ジィ・シィ企画,0.12490347027778625,True,1.0,0.1697792869269854,S05_LEAVE_ONE_STATE_OUT_MEDIAN_COEF,S05_LEAVE_ONE_STATE_OUT_MEDIAN_COEF_K2,2,True
2024-11-27,1,4267,ライトワークス,0.12620486319065094,True,1.0,1.1650485436893288,S05_LEAVE_ONE_STATE_OUT_MEDIAN_COEF,S05_LEAVE_ONE_STATE_OUT_MEDIAN_COEF_K2,2,True
2024-11-27,2,4073,ジィ・シィ企画,0.10427864640951157,True,1.0,1.724137931034475,S05_LEAVE_ONE_STATE_OUT_MEDIAN_COEF,S05_LEAVE_ONE_STATE_OUT_MEDIAN_COEF_K2,2,True
2024-11-28,1,4267,ライトワークス,0.11155357211828232,True,1.0,1.4548981571290032,S05_LEAVE_ONE_STATE_OUT_MEDIAN_COEF,S05_LEAVE_ONE_STATE_OUT_MEDIAN_COEF_K2,2,True
2024-11-28,2,4073,ジィ・シィ企画,0.10480372607707977,True,1.0,0.688468158347666,S05_LEAVE_ONE_STATE_OUT_MEDIAN_COEF,S05_LEAVE_ONE_STATE_OUT_MEDIAN_COEF_K2,2,True
2024-11-29,1,4424,Ａｍａｚｉａ,0.11630655825138092,True,0.0,-0.8695652173912993,S05_LEAVE_ONE_STATE_OUT_MEDIAN_COEF,S05_LEAVE_ONE_STATE_OUT_MEDIAN_COEF_K2,2,True
2024-11-29,2,4073,ジィ・シィ企画,0.11582121253013611,True,1.0,1.1925042589437718,S05_LEAVE_ONE_STATE_OUT_MEDIAN_COEF,S05_LEAVE_ONE_STATE_OUT_MEDIAN_COEF_K2,2,True
2024-12-02,1,4267,ライトワークス,0.11784853786230087,True,1.0,3.9024390243902474,S05_LEAVE_ONE_STATE_OUT_MEDIAN_COEF,S05_LEAVE_ONE_STATE_OUT_MEDIAN_COEF_K2,2,True
2024-12-02,2,4465,ニイタカ,0.11072107404470444,True,1.0,0.6511123168746691,S05_LEAVE_ONE_STATE_OUT_MEDIAN_COEF,S05_LEAVE_ONE_STATE_OUT_MEDIAN_COEF_K2,2,True
2024-12-03,1,4465,ニイタカ,0.1133374571800232,True,1.0,0.8086253369272267,S05_LEAVE_ONE_STATE_OUT_MEDIAN_COEF,S05_LEAVE_ONE_STATE_OUT_MEDIAN_COEF_K2,2,True
2024-12-03,2,9362,兵機海運,0.10572907328605652,True,0.0,-2.114803625377648,S05_LEAVE_ONE_STATE_OUT_MEDIAN_COEF,S05_LEAVE_ONE_STATE_OUT_MEDIAN_COEF_K2,2,True
2024-12-04,1,4465,ニイタカ,0.12078651785850525,True,0.0,-0.2134471718249764,S05_LEAVE_ONE_STATE_OUT_MEDIAN_COEF,S05_LEAVE_ONE_STATE_OUT_MEDIAN_COEF_K2,2,True
2024-12-04,2,4267,ライトワークス,0.11598606407642365,True,1.0,0.5780346820809301,S05_LEAVE_ONE_STATE_OUT_MEDIAN_COEF,S05_LEAVE_ONE_STATE_OUT_MEDIAN_COEF_K2,2,True
2024-12-05,1,4267,ライトワークス,0.13743151724338531,True,0.0,0.0,S05_LEAVE_ONE_STATE_OUT_MEDIAN_COEF,S05_LEAVE_ONE_STATE_OUT_MEDIAN_COEF_K2,2,True
2024-12-05,2,4465,ニイタカ,0.11899523437023163,True,0.0,0.0,S05_LEAVE_ONE_STATE_OUT_MEDIAN_COEF,S05_LEAVE_ONE_STATE_OUT_MEDIAN_COEF_K2,2,True
2024-12-06,1,4267,ライトワークス,0.1351352483034134,True,0.0,-0.0970873786407811,S05_LEAVE_ONE_STATE_OUT_MEDIAN_COEF,S05_LEAVE_ONE_STATE_OUT_MEDIAN_COEF_K2,2,True
2024-12-06,2,4073,ジィ・シィ企画,0.11040933430194855,True,1.0,17.07317073170731,S05_LEAVE_ONE_STATE_OUT_MEDIAN_COEF,S05_LEAVE_ONE_STATE_OUT_MEDIAN_COEF_K2,2,True
2024-12-09,1,4267,ライトワークス,0.12935508787631989,True,1.0,1.4577259475218707,S05_LEAVE_ONE_STATE_OUT_MEDIAN_COEF,S05_LEAVE_ONE_STATE_OUT_MEDIAN_COEF_K2,2,True
2024-12-09,2,9691,両毛システムズ,0.10028187185525894,True,1.0,1.7717346518335342,S05_LEAVE_ONE_STATE_OUT_MEDIAN_COEF,S05_LEAVE_ONE_STATE_OUT_MEDIAN_COEF_K2,2,True
2024-12-10,1,4267,ライトワークス,0.14260515570640564,True,1.0,0.674373795761074,S05_LEAVE_ONE_STATE_OUT_MEDIAN_COEF,S05_LEAVE_ONE_STATE_OUT_MEDIAN_COEF_K2,2,True
2024-12-10,2,9691,両毛システムズ,0.1000901535153389,True,0.0,0.0,S05_LEAVE_ONE_STATE_OUT_MEDIAN_COEF,S05_LEAVE_ONE_STATE_OUT_MEDIAN_COEF_K2,2,True
2024-12-11,1,4267,ライトワークス,0.12740153074264526,True,1.0,0.4812319538017418,S05_LEAVE_ONE_STATE_OUT_MEDIAN_COEF,S05_LEAVE_ONE_STATE_OUT_MEDIAN_COEF_K2,2,True
2024-12-11,2,4776,サイボウズ,0.09642616659402847,True,1.0,1.8491484184914864,S05_LEAVE_ONE_STATE_OUT_MEDIAN_COEF,S05_LEAVE_ONE_STATE_OUT_MEDIAN_COEF_K2,2,True
2024-12-12,1,6898,トミタ電機,0.11962630599737167,True,0.0,-0.13464991023339756,S05_LEAVE_ONE_STATE_OUT_MEDIAN_COEF,S05_LEAVE_ONE_STATE_OUT_MEDIAN_COEF_K2,2,True
2024-12-12,2,4267,ライトワークス,0.11946406960487366,True,1.0,1.9361084220716362,S05_LEAVE_ONE_STATE_OUT_MEDIAN_COEF,S05_LEAVE_ONE_STATE_OUT_MEDIAN_COEF_K2,2,True
2024-12-13,1,6898,トミタ電機,0.11323831975460052,True,0.0,-0.27260336210813696,S05_LEAVE_ONE_STATE_OUT_MEDIAN_COEF,S05_LEAVE_ONE_STATE_OUT_MEDIAN_COEF_K2,2,True
2024-12-13,2,211A,カドス・コーポレーション,0.10143236070871353,True,0.0,-0.11881188118811892,S05_LEAVE_ONE_STATE_OUT_MEDIAN_COEF,S05_LEAVE_ONE_STATE_OUT_MEDIAN_COEF_K2,2,True
2024-12-16,1,6898,トミタ電機,0.1168302446603775,True,0.0,0.0,S05_LEAVE_ONE_STATE_OUT_MEDIAN_COEF,S05_LEAVE_ONE_STATE_OUT_MEDIAN_COEF_K2,2,True
2024-12-16,2,9159,Ｗ ＴＯＫＹＯ,0.11485015600919724,True,0.0,-1.2820512820512775,S05_LEAVE_ONE_STATE_OUT_MEDIAN_COEF,S05_LEAVE_ONE_STATE_OUT_MEDIAN_COEF_K2,2,True
2024-12-17,1,7345,アイ・パートナーズフィナンシャル,0.1311538815498352,True,0.0,-0.3424657534246589,S05_LEAVE_ONE_STATE_OUT_MEDIAN_COEF,S05_LEAVE_ONE_STATE_OUT_MEDIAN_COEF_K2,2,True
2024-12-17,2,9159,Ｗ ＴＯＫＹＯ,0.12546075880527496,True,1.0,0.6999999999999895,S05_LEAVE_ONE_STATE_OUT_MEDIAN_COEF,S05_LEAVE_ONE_STATE_OUT_MEDIAN_COEF_K2,2,True
2024-12-18,1,4267,ライトワークス,0.1275402307510376,True,1.0,1.4778325123152802,S05_LEAVE_ONE_STATE_OUT_MEDIAN_COEF,S05_LEAVE_ONE_STATE_OUT_MEDIAN_COEF_K2,2,True
2024-12-18,2,7345,アイ・パートナーズフィナンシャル,0.12139285355806351,True,1.0,2.2727272727272707,S05_LEAVE_ONE_STATE_OUT_MEDIAN_COEF,S05_LEAVE_ONE_STATE_OUT_MEDIAN_COEF_K2,2,True
2024-12-19,1,7345,アイ・パートナーズフィナンシャル,0.11685976386070251,True,0.0,0.0,S05_LEAVE_ONE_STATE_OUT_MEDIAN_COEF,S05_LEAVE_ONE_STATE_OUT_MEDIAN_COEF_K2,2,True
2024-12-19,2,9159,Ｗ ＴＯＫＹＯ,0.10163204371929169,True,1.0,0.39940089865202477,S05_LEAVE_ONE_STATE_OUT_MEDIAN_COEF,S05_LEAVE_ONE_STATE_OUT_MEDIAN_COEF_K2,2,True
2024-12-20,1,7345,アイ・パートナーズフィナンシャル,0.1366509050130844,True,0.0,-1.379310344827589,S05_LEAVE_ONE_STATE_OUT_MEDIAN_COEF,S05_LEAVE_ONE_STATE_OUT_MEDIAN_COEF_K2,2,True
2024-12-20,2,9159,Ｗ ＴＯＫＹＯ,0.11140444874763489,True,0.0,-0.24863252113376255,S05_LEAVE_ONE_STATE_OUT_MEDIAN_COEF,S05_LEAVE_ONE_STATE_OUT_MEDIAN_COEF_K2,2,True
2024-12-23,1,7345,アイ・パートナーズフィナンシャル,0.1387445628643036,True,1.0,3.6231884057970953,S05_LEAVE_ONE_STATE_OUT_MEDIAN_COEF,S05_LEAVE_ONE_STATE_OUT_MEDIAN_COEF_K2,2,True
2024-12-23,2,9468,ＫＡＤＯＫＡＷＡ,0.12096857279539108,True,1.0,1.2353706111833507,S05_LEAVE_ONE_STATE_OUT_MEDIAN_COEF,S05_LEAVE_ONE_STATE_OUT_MEDIAN_COEF_K2,2,True
2024-12-24,1,9159,Ｗ ＴＯＫＹＯ,0.1088387593626976,True,0.0,-1.4609571788413045,S05_LEAVE_ONE_STATE_OUT_MEDIAN_COEF,S05_LEAVE_ONE_STATE_OUT_MEDIAN_COEF_K2,2,True
2024-12-24,2,4267,ライトワークス,0.09977640211582184,True,1.0,0.09551098376312517,S05_LEAVE_ONE_STATE_OUT_MEDIAN_COEF,S05_LEAVE_ONE_STATE_OUT_MEDIAN_COEF_K2,2,True
2024-12-25,1,9159,Ｗ ＴＯＫＹＯ,0.1289939284324646,True,0.0,-3.490759753593431,S05_LEAVE_ONE_STATE_OUT_MEDIAN_COEF,S05_LEAVE_ONE_STATE_OUT_MEDIAN_COEF_K2,2,True
2024-12-25,2,7345,アイ・パートナーズフィナンシャル,0.1255643218755722,True,1.0,0.8960573476702427,S05_LEAVE_ONE_STATE_OUT_MEDIAN_COEF,S05_LEAVE_ONE_STATE_OUT_MEDIAN_COEF_K2,2,True
2024-12-26,1,9159,Ｗ ＴＯＫＹＯ,0.1282021403312683,True,0.0,-2.6687598116169498,S05_LEAVE_ONE_STATE_OUT_MEDIAN_COEF,S05_LEAVE_ONE_STATE_OUT_MEDIAN_COEF_K2,2,True
2024-12-26,2,7345,アイ・パートナーズフィナンシャル,0.12401188910007477,True,0.0,-1.0291595197255532,S05_LEAVE_ONE_STATE_OUT_MEDIAN_COEF,S05_LEAVE_ONE_STATE_OUT_MEDIAN_COEF_K2,2,True
2024-12-27,1,9159,Ｗ ＴＯＫＹＯ,0.10441672801971436,True,1.0,2.5515743756786113,S05_LEAVE_ONE_STATE_OUT_MEDIAN_COEF,S05_LEAVE_ONE_STATE_OUT_MEDIAN_COEF_K2,2,True
2024-12-27,2,5248,テクノロジーズ,0.1020212173461914,True,1.0,0.14492753623187582,S05_LEAVE_ONE_STATE_OUT_MEDIAN_COEF,S05_LEAVE_ONE_STATE_OUT_MEDIAN_COEF_K2,2,True
2024-12-30,1,3800,ユニリタ,0.10948187857866287,True,0.0,0.0,S05_LEAVE_ONE_STATE_OUT_MEDIAN_COEF,S05_LEAVE_ONE_STATE_OUT_MEDIAN_COEF_K2,2,True
2024-12-30,2,5248,テクノロジーズ,0.10761141777038574,True,1.0,0.5788712011577379,S05_LEAVE_ONE_STATE_OUT_MEDIAN_COEF,S05_LEAVE_ONE_STATE_OUT_MEDIAN_COEF_K2,2,True
2025-01-06,1,3800,ユニリタ,0.11248055845499039,True,0.0,0.0,S05_LEAVE_ONE_STATE_OUT_MEDIAN_COEF,S05_LEAVE_ONE_STATE_OUT_MEDIAN_COEF_K2,2,True
2025-01-06,2,1994,高橋カーテンウォール⼯業,0.10733495652675629,True,0.0,-0.17391304347825765,S05_LEAVE_ONE_STATE_OUT_MEDIAN_COEF,S05_LEAVE_ONE_STATE_OUT_MEDIAN_COEF_K2,2,True
2025-01-07,1,3800,ユニリタ,0.10729231685400009,True,1.0,0.10035122930256435,S05_LEAVE_ONE_STATE_OUT_MEDIAN_COEF,S05_LEAVE_ONE_STATE_OUT_MEDIAN_COEF_K2,2,True
2025-01-07,2,1994,高橋カーテンウォール⼯業,0.10711094737052917,True,0.0,-2.0905923344947785,S05_LEAVE_ONE_STATE_OUT_MEDIAN_COEF,S05_LEAVE_ONE_STATE_OUT_MEDIAN_COEF_K2,2,True
2025-01-08,1,1994,高橋カーテンウォール⼯業,0.11828608065843582,True,1.0,1.073345259391778,S05_LEAVE_ONE_STATE_OUT_MEDIAN_COEF,S05_LEAVE_ONE_STATE_OUT_MEDIAN_COEF_K2,2,True
2025-01-08,2,3800,ユニリタ,0.11811159551143646,True,1.0,0.2004008016031955,S05_LEAVE_ONE_STATE_OUT_MEDIAN_COEF,S05_LEAVE_ONE_STATE_OUT_MEDIAN_COEF_K2,2,True
2025-01-09,1,3800,ユニリタ,0.1107058897614479,True,0.0,-0.10035122930256435,S05_LEAVE_ONE_STATE_OUT_MEDIAN_COEF,S05_LEAVE_ONE_STATE_OUT_MEDIAN_COEF_K2,2,True
2025-01-09,2,1994,高橋カーテンウォール⼯業,0.09654945880174637,True,1.0,0.17730496453900457,S05_LEAVE_ONE_STATE_OUT_MEDIAN_COEF,S05_LEAVE_ONE_STATE_OUT_MEDIAN_COEF_K2,2,True
2025-01-10,1,1994,高橋カーテンウォール⼯業,0.08304225653409958,True,0.0,0.0,S05_LEAVE_ONE_STATE_OUT_MEDIAN_COEF,S05_LEAVE_ONE_STATE_OUT_MEDIAN_COEF_K2,2,True
2025-01-10,2,2349,エヌアイデイ,0.08104267716407776,True,0.0,0.0,S05_LEAVE_ONE_STATE_OUT_MEDIAN_COEF,S05_LEAVE_ONE_STATE_OUT_MEDIAN_COEF_K2,2,True
2025-01-14,1,2349,エヌアイデイ,0.0774734690785408,True,1.0,2.008032128514059,S05_LEAVE_ONE_STATE_OUT_MEDIAN_COEF,S05_LEAVE_ONE_STATE_OUT_MEDIAN_COEF_K2,2,True
2025-01-14,2,5161,⻄川ゴム⼯業,0.07516446709632874,True,0.0,-0.6363636363636349,S05_LEAVE_ONE_STATE_OUT_MEDIAN_COEF,S05_LEAVE_ONE_STATE_OUT_MEDIAN_COEF_K2,2,True
2025-01-15,1,9355,リンコーコーポレーション,0.09650741517543793,True,0.0,-1.1571254567600442,S05_LEAVE_ONE_STATE_OUT_MEDIAN_COEF,S05_LEAVE_ONE_STATE_OUT_MEDIAN_COEF_K2,2,True
2025-01-15,2,3804,システム ディ,0.08886579424142838,True,1.0,0.06993006993007977,S05_LEAVE_ONE_STATE_OUT_MEDIAN_COEF,S05_LEAVE_ONE_STATE_OUT_MEDIAN_COEF_K2,2,True
2025-01-16,1,9241,フューチャーリンクネットワーク,0.08634108304977417,True,1.0,4.906333630686888,S05_LEAVE_ONE_STATE_OUT_MEDIAN_COEF,S05_LEAVE_ONE_STATE_OUT_MEDIAN_COEF_K2,2,True
2025-01-16,2,9250,ＧＲＣＳ,0.08289746195077896,True,0.0,-3.601108033240996,S05_LEAVE_ONE_STATE_OUT_MEDIAN_COEF,S05_LEAVE_ONE_STATE_OUT_MEDIAN_COEF_K2,2,True
2025-01-17,1,9250,ＧＲＣＳ,0.10093209892511368,True,0.0,-0.5751258087706712,S05_LEAVE_ONE_STATE_OUT_MEDIAN_COEF,S05_LEAVE_ONE_STATE_OUT_MEDIAN_COEF_K2,2,True
2025-01-17,2,9241,フューチャーリンクネットワーク,0.08893347531557083,True,1.0,2.8268551236749095,S05_LEAVE_ONE_STATE_OUT_MEDIAN_COEF,S05_LEAVE_ONE_STATE_OUT_MEDIAN_COEF_K2,2,True
2025-01-20,1,9241,フューチャーリンクネットワーク,0.09838755428791046,True,1.0,2.305721605465405,S05_LEAVE_ONE_STATE_OUT_MEDIAN_COEF,S05_LEAVE_ONE_STATE_OUT_MEDIAN_COEF_K2,2,True
2025-01-20,2,4673,川崎地質,0.07993694394826889,True,1.0,1.5012510425354453,S05_LEAVE_ONE_STATE_OUT_MEDIAN_COEF,S05_LEAVE_ONE_STATE_OUT_MEDIAN_COEF_K2,2,True
2025-01-21,1,9362,兵機海運,0.11412665992975235,True,0.0,0.0,S05_LEAVE_ONE_STATE_OUT_MEDIAN_COEF,S05_LEAVE_ONE_STATE_OUT_MEDIAN_COEF_K2,2,True
2025-01-21,2,9241,フューチャーリンクネットワーク,0.10990981012582779,True,1.0,3.255425709515869,S05_LEAVE_ONE_STATE_OUT_MEDIAN_COEF,S05_LEAVE_ONE_STATE_OUT_MEDIAN_COEF_K2,2,True
2025-01-22,1,7064,ハウテレビジョン,0.11073115468025208,True,0.0,-0.7240204429301511,S05_LEAVE_ONE_STATE_OUT_MEDIAN_COEF,S05_LEAVE_ONE_STATE_OUT_MEDIAN_COEF_K2,2,True
2025-01-22,2,9241,フューチャーリンクネットワーク,0.10965169966220856,True,1.0,1.6142050040355072,S05_LEAVE_ONE_STATE_OUT_MEDIAN_COEF,S05_LEAVE_ONE_STATE_OUT_MEDIAN_COEF_K2,2,True
2025-01-23,1,3238,セントラル総合開発,0.12948475778102875,True,1.0,0.42105263157894424,S05_LEAVE_ONE_STATE_OUT_MEDIAN_COEF,S05_LEAVE_ONE_STATE_OUT_MEDIAN_COEF_K2,2,True
2025-01-23,2,7036,イーエムネットジャパン,0.12150417268276215,True,0.0,-1.413043478260867,S05_LEAVE_ONE_STATE_OUT_MEDIAN_COEF,S05_LEAVE_ONE_STATE_OUT_MEDIAN_COEF_K2,2,True
2025-01-24,1,3238,セントラル総合開発,0.13065962493419647,True,1.0,0.21052631578948322,S05_LEAVE_ONE_STATE_OUT_MEDIAN_COEF,S05_LEAVE_ONE_STATE_OUT_MEDIAN_COEF_K2,2,True
2025-01-24,2,7043,アルー,0.12606671452522278,True,1.0,1.17056856187292,S05_LEAVE_ONE_STATE_OUT_MEDIAN_COEF,S05_LEAVE_ONE_STATE_OUT_MEDIAN_COEF_K2,2,True
2025-01-27,1,3238,セントラル総合開発,0.14480429887771606,True,0.0,-0.42105263157894424,S05_LEAVE_ONE_STATE_OUT_MEDIAN_COEF,S05_LEAVE_ONE_STATE_OUT_MEDIAN_COEF_K2,2,True
2025-01-27,2,4437,ｇｏｏｄｄａｙｓホールディングス,0.1252591460943222,True,0.0,0.0,S05_LEAVE_ONE_STATE_OUT_MEDIAN_COEF,S05_LEAVE_ONE_STATE_OUT_MEDIAN_COEF_K2,2,True
2025-01-28,1,3238,セントラル総合開発,0.12180028110742569,True,1.0,0.424628450106157,S05_LEAVE_ONE_STATE_OUT_MEDIAN_COEF,S05_LEAVE_ONE_STATE_OUT_MEDIAN_COEF_K2,2,True
2025-01-28,2,8066,三⾕商事,0.11879212409257889,True,1.0,1.1657374556512945,S05_LEAVE_ONE_STATE_OUT_MEDIAN_COEF,S05_LEAVE_ONE_STATE_OUT_MEDIAN_COEF_K2,2,True
2025-01-29,1,3238,セントラル総合開発,0.1396547108888626,True,1.0,0.2123142250530785,S05_LEAVE_ONE_STATE_OUT_MEDIAN_COEF,S05_LEAVE_ONE_STATE_OUT_MEDIAN_COEF_K2,2,True
2025-01-29,2,2806,ユタカフーズ,0.11696241050958633,True,0.0,-1.0965837199493844,S05_LEAVE_ONE_STATE_OUT_MEDIAN_COEF,S05_LEAVE_ONE_STATE_OUT_MEDIAN_COEF_K2,2,True
2025-01-30,1,2806,ユタカフーズ,0.12566962838172913,True,1.0,0.7268063274903813,S05_LEAVE_ONE_STATE_OUT_MEDIAN_COEF,S05_LEAVE_ONE_STATE_OUT_MEDIAN_COEF_K2,2,True
2025-01-30,2,3238,セントラル総合開発,0.1253369301557541,True,1.0,0.6382978723404209,S05_LEAVE_ONE_STATE_OUT_MEDIAN_COEF,S05_LEAVE_ONE_STATE_OUT_MEDIAN_COEF_K2,2,True
2025-01-31,1,3238,セントラル総合開発,0.11939214915037155,True,0.0,-0.6342494714587699,S05_LEAVE_ONE_STATE_OUT_MEDIAN_COEF,S05_LEAVE_ONE_STATE_OUT_MEDIAN_COEF_K2,2,True
2025-01-31,2,9265,ヤマシタヘルスケアホールディングス,0.10439974814653397,True,1.0,0.9726725335803543,S05_LEAVE_ONE_STATE_OUT_MEDIAN_COEF,S05_LEAVE_ONE_STATE_OUT_MEDIAN_COEF_K2,2,True
2025-02-03,1,3238,セントラル総合開発,0.10172655433416367,True,1.0,0.42553191489360653,S05_LEAVE_ONE_STATE_OUT_MEDIAN_COEF,S05_LEAVE_ONE_STATE_OUT_MEDIAN_COEF_K2,2,True
2025-02-03,2,6161,エスティック,0.09221715480089188,True,1.0,0.4366812227074135,S05_LEAVE_ONE_STATE_OUT_MEDIAN_COEF,S05_LEAVE_ONE_STATE_OUT_MEDIAN_COEF_K2,2,True
2025-02-04,1,4424,Ａｍａｚｉａ,0.09520797431468964,True,1.0,0.6514657980456029,S05_LEAVE_ONE_STATE_OUT_MEDIAN_COEF,S05_LEAVE_ONE_STATE_OUT_MEDIAN_COEF_K2,2,True
2025-02-04,2,2282,日本ハム,0.09053308516740799,True,0.0,-1.7699115044247815,S05_LEAVE_ONE_STATE_OUT_MEDIAN_COEF,S05_LEAVE_ONE_STATE_OUT_MEDIAN_COEF_K2,2,True
2025-02-05,1,4380,Ｍマート,0.11556738615036011,True,1.0,0.43859649122806044,S05_LEAVE_ONE_STATE_OUT_MEDIAN_COEF,S05_LEAVE_ONE_STATE_OUT_MEDIAN_COEF_K2,2,True
2025-02-05,2,6193,バーチャレクス・ホールディングス,0.08480694890022278,True,0.0,-0.6024096385542133,S05_LEAVE_ONE_STATE_OUT_MEDIAN_COEF,S05_LEAVE_ONE_STATE_OUT_MEDIAN_COEF_K2,2,True
2025-02-06,1,4380,Ｍマート,0.09742269665002823,True,0.0,0.0,S05_LEAVE_ONE_STATE_OUT_MEDIAN_COEF,S05_LEAVE_ONE_STATE_OUT_MEDIAN_COEF_K2,2,True
2025-02-06,2,7678,あさくま,0.08515864610671997,True,1.0,1.526717557251911,S05_LEAVE_ONE_STATE_OUT_MEDIAN_COEF,S05_LEAVE_ONE_STATE_OUT_MEDIAN_COEF_K2,2,True
2025-02-07,1,6193,バーチャレクス・ホールディングス,0.10127779096364975,True,0.0,0.0,S05_LEAVE_ONE_STATE_OUT_MEDIAN_COEF,S05_LEAVE_ONE_STATE_OUT_MEDIAN_COEF_K2,2,True
2025-02-07,2,3480,ジェイ・エス・ビー,0.09446945786476135,True,0.0,-1.3029315960912058,S05_LEAVE_ONE_STATE_OUT_MEDIAN_COEF,S05_LEAVE_ONE_STATE_OUT_MEDIAN_COEF_K2,2,True
2025-02-10,1,6161,エスティック,0.09456067532300949,True,1.0,1.661129568106312,S05_LEAVE_ONE_STATE_OUT_MEDIAN_COEF,S05_LEAVE_ONE_STATE_OUT_MEDIAN_COEF_K2,2,True
2025-02-10,2,3800,ユニリタ,0.09388890862464905,True,1.0,0.7556675062972307,S05_LEAVE_ONE_STATE_OUT_MEDIAN_COEF,S05_LEAVE_ONE_STATE_OUT_MEDIAN_COEF_K2,2,True
2025-02-12,1,3800,ユニリタ,0.11443567276000977,True,1.0,0.05015045135405849,S05_LEAVE_ONE_STATE_OUT_MEDIAN_COEF,S05_LEAVE_ONE_STATE_OUT_MEDIAN_COEF_K2,2,True
2025-02-12,2,3674,オークファン,0.11316782236099243,True,0.0,-0.2564102564102555,S05_LEAVE_ONE_STATE_OUT_MEDIAN_COEF,S05_LEAVE_ONE_STATE_OUT_MEDIAN_COEF_K2,2,True
2025-02-13,1,6312,フロイント産業,0.1154966875910759,True,1.0,0.8771929824561431,S05_LEAVE_ONE_STATE_OUT_MEDIAN_COEF,S05_LEAVE_ONE_STATE_OUT_MEDIAN_COEF_K2,2,True
2025-02-13,2,7043,アルー,0.11131849884986877,True,1.0,4.813664596273282,S05_LEAVE_ONE_STATE_OUT_MEDIAN_COEF,S05_LEAVE_ONE_STATE_OUT_MEDIAN_COEF_K2,2,True
2025-02-14,1,3800,ユニリタ,0.11782033741474152,True,1.0,0.10040160642570406,S05_LEAVE_ONE_STATE_OUT_MEDIAN_COEF,S05_LEAVE_ONE_STATE_OUT_MEDIAN_COEF_K2,2,True
2025-02-14,2,3553,共和レザー,0.10875581204891205,True,1.0,0.41782729805013297,S05_LEAVE_ONE_STATE_OUT_MEDIAN_COEF,S05_LEAVE_ONE_STATE_OUT_MEDIAN_COEF_K2,2,True
2025-02-17,1,3800,ユニリタ,0.10271281749010086,True,1.0,0.05025125628139726,S05_LEAVE_ONE_STATE_OUT_MEDIAN_COEF,S05_LEAVE_ONE_STATE_OUT_MEDIAN_COEF_K2,2,True
2025-02-17,2,6161,エスティック,0.09798857569694519,True,0.0,-0.21810250817884125,S05_LEAVE_ONE_STATE_OUT_MEDIAN_COEF,S05_LEAVE_ONE_STATE_OUT_MEDIAN_COEF_K2,2,True
2025-02-18,1,3238,セントラル総合開発,0.10433611273765564,True,1.0,1.0845986984815648,S05_LEAVE_ONE_STATE_OUT_MEDIAN_COEF,S05_LEAVE_ONE_STATE_OUT_MEDIAN_COEF_K2,2,True
2025-02-18,2,9857,英和,0.1037043035030365,True,1.0,0.5714285714285783,S05_LEAVE_ONE_STATE_OUT_MEDIAN_COEF,S05_LEAVE_ONE_STATE_OUT_MEDIAN_COEF_K2,2,True
2025-02-19,1,7043,アルー,0.10827332735061646,True,1.0,2.84005979073243,S05_LEAVE_ONE_STATE_OUT_MEDIAN_COEF,S05_LEAVE_ONE_STATE_OUT_MEDIAN_COEF_K2,2,True
2025-02-19,2,6193,バーチャレクス・ホールディングス,0.09854526072740555,True,1.0,0.7547169811320753,S05_LEAVE_ONE_STATE_OUT_MEDIAN_COEF,S05_LEAVE_ONE_STATE_OUT_MEDIAN_COEF_K2,2,True
2025-02-20,1,3800,ユニリタ,0.10381244868040085,True,1.0,0.1506024096385561,S05_LEAVE_ONE_STATE_OUT_MEDIAN_COEF,S05_LEAVE_ONE_STATE_OUT_MEDIAN_COEF_K2,2,True
2025-02-20,2,3238,セントラル総合開発,0.09875953942537308,True,0.0,-0.21505376344086446,S05_LEAVE_ONE_STATE_OUT_MEDIAN_COEF,S05_LEAVE_ONE_STATE_OUT_MEDIAN_COEF_K2,2,True
2025-02-21,1,7638,ＮＥＷ ＡＲＴ ＨＯＬＤＩＮＧＳ,0.10484721511602402,True,0.0,-1.2578616352201255,S05_LEAVE_ONE_STATE_OUT_MEDIAN_COEF,S05_LEAVE_ONE_STATE_OUT_MEDIAN_COEF_K2,2,True
2025-02-21,2,3238,セントラル総合開発,0.09464939683675766,True,0.0,0.0,S05_LEAVE_ONE_STATE_OUT_MEDIAN_COEF,S05_LEAVE_ONE_STATE_OUT_MEDIAN_COEF_K2,2,True
2025-02-25,1,9244,デジタリフト,0.10314735770225525,True,0.0,-0.2645502645502673,S05_LEAVE_ONE_STATE_OUT_MEDIAN_COEF,S05_LEAVE_ONE_STATE_OUT_MEDIAN_COEF_K2,2,True
2025-02-25,2,9857,英和,0.09537167847156525,True,0.0,0.0,S05_LEAVE_ONE_STATE_OUT_MEDIAN_COEF,S05_LEAVE_ONE_STATE_OUT_MEDIAN_COEF_K2,2,True
2025-02-26,1,4057,インターファクトリー,0.09488891065120697,True,0.0,-0.8247422680412342,S05_LEAVE_ONE_STATE_OUT_MEDIAN_COEF,S05_LEAVE_ONE_STATE_OUT_MEDIAN_COEF_K2,2,True
2025-02-26,2,9244,デジタリフト,0.09360622614622116,True,1.0,1.5978695073235683,S05_LEAVE_ONE_STATE_OUT_MEDIAN_COEF,S05_LEAVE_ONE_STATE_OUT_MEDIAN_COEF_K2,2,True
2025-02-27,1,8995,誠建設⼯業,0.08879759162664413,True,0.0,0.0,S05_LEAVE_ONE_STATE_OUT_MEDIAN_COEF,S05_LEAVE_ONE_STATE_OUT_MEDIAN_COEF_K2,2,True
2025-02-27,2,4057,インターファクトリー,0.08729634433984756,True,1.0,0.42194092827003704,S05_LEAVE_ONE_STATE_OUT_MEDIAN_COEF,S05_LEAVE_ONE_STATE_OUT_MEDIAN_COEF_K2,2,True
2025-02-28,1,3490,アズ企画設計,0.10252514481544495,True,0.0,-0.49545829892650994,S05_LEAVE_ONE_STATE_OUT_MEDIAN_COEF,S05_LEAVE_ONE_STATE_OUT_MEDIAN_COEF_K2,2,True
2025-02-28,2,2300,きょくとう,0.10051380842924118,True,1.0,0.20366598778003286,S05_LEAVE_ONE_STATE_OUT_MEDIAN_COEF,S05_LEAVE_ONE_STATE_OUT_MEDIAN_COEF_K2,2,True
2025-03-03,1,3490,アズ企画設計,0.11478743702173233,True,0.0,-0.4161464835622186,S05_LEAVE_ONE_STATE_OUT_MEDIAN_COEF,S05_LEAVE_ONE_STATE_OUT_MEDIAN_COEF_K2,2,True
2025-03-03,2,2300,きょくとう,0.11417579650878906,True,1.0,1.2195121951219523,S05_LEAVE_ONE_STATE_OUT_MEDIAN_COEF,S05_LEAVE_ONE_STATE_OUT_MEDIAN_COEF_K2,2,True
2025-03-04,1,2300,きょくとう,0.1122269555926323,True,0.0,-0.6024096385542133,S05_LEAVE_ONE_STATE_OUT_MEDIAN_COEF,S05_LEAVE_ONE_STATE_OUT_MEDIAN_COEF_K2,2,True
2025-03-04,2,3490,アズ企画設計,0.10812456160783768,True,0.0,-0.8779264214046845,S05_LEAVE_ONE_STATE_OUT_MEDIAN_COEF,S05_LEAVE_ONE_STATE_OUT_MEDIAN_COEF_K2,2,True
2025-03-05,1,2300,きょくとう,0.11502121388912201,True,0.0,-1.0040160642570295,S05_LEAVE_ONE_STATE_OUT_MEDIAN_COEF,S05_LEAVE_ONE_STATE_OUT_MEDIAN_COEF_K2,2,True
2025-03-05,2,6312,フロイント産業,0.11452870815992355,True,0.0,-0.2645502645502673,S05_LEAVE_ONE_STATE_OUT_MEDIAN_COEF,S05_LEAVE_ONE_STATE_OUT_MEDIAN_COEF_K2,2,True
2025-03-06,1,3063,ジェイグループホールディングス,0.1220279186964035,True,0.0,-0.5780346820809301,S05_LEAVE_ONE_STATE_OUT_MEDIAN_COEF,S05_LEAVE_ONE_STATE_OUT_MEDIAN_COEF_K2,2,True
2025-03-06,2,4356,応用技術,0.11249425262212753,True,1.0,0.974658869395717,S05_LEAVE_ONE_STATE_OUT_MEDIAN_COEF,S05_LEAVE_ONE_STATE_OUT_MEDIAN_COEF_K2,2,True
2025-03-07,1,3674,オークファン,0.10908074676990509,True,0.0,-0.5333333333333301,S05_LEAVE_ONE_STATE_OUT_MEDIAN_COEF,S05_LEAVE_ONE_STATE_OUT_MEDIAN_COEF_K2,2,True
2025-03-07,2,7345,アイ・パートナーズフィナンシャル,0.10640514642000198,True,,,S05_LEAVE_ONE_STATE_OUT_MEDIAN_COEF,S05_LEAVE_ONE_STATE_OUT_MEDIAN_COEF_K2,2,False
2025-03-10,1,4783,ＮＣＤ,0.12731841206550598,True,0.0,-0.03844675124952124,S05_LEAVE_ONE_STATE_OUT_MEDIAN_COEF,S05_LEAVE_ONE_STATE_OUT_MEDIAN_COEF_K2,2,True
2025-03-10,2,7036,イーエムネットジャパン,0.11788827925920486,True,1.0,3.4445640473627526,S05_LEAVE_ONE_STATE_OUT_MEDIAN_COEF,S05_LEAVE_ONE_STATE_OUT_MEDIAN_COEF_K2,2,True
2025-03-11,1,7345,アイ・パートナーズフィナンシャル,0.1432202160358429,True,1.0,0.6666666666666599,S05_LEAVE_ONE_STATE_OUT_MEDIAN_COEF,S05_LEAVE_ONE_STATE_OUT_MEDIAN_COEF_K2,2,True
2025-03-11,2,9312,ケイヒン,0.11097743362188339,True,0.0,-0.862440707201384,S05_LEAVE_ONE_STATE_OUT_MEDIAN_COEF,S05_LEAVE_ONE_STATE_OUT_MEDIAN_COEF_K2,2,True
2025-03-12,1,8139,ナガホリ,0.10957365483045578,True,1.0,1.231884057971011,S05_LEAVE_ONE_STATE_OUT_MEDIAN_COEF,S05_LEAVE_ONE_STATE_OUT_MEDIAN_COEF_K2,2,True
2025-03-12,2,4057,インターファクトリー,0.10489079356193542,True,1.0,0.6410256410256387,S05_LEAVE_ONE_STATE_OUT_MEDIAN_COEF,S05_LEAVE_ONE_STATE_OUT_MEDIAN_COEF_K2,2,True
2025-03-13,1,7345,アイ・パートナーズフィナンシャル,0.11738988757133484,True,1.0,1.683501683501687,S05_LEAVE_ONE_STATE_OUT_MEDIAN_COEF,S05_LEAVE_ONE_STATE_OUT_MEDIAN_COEF_K2,2,True
2025-03-13,2,4057,インターファクトリー,0.10697600990533829,True,1.0,1.9027484143763207,S05_LEAVE_ONE_STATE_OUT_MEDIAN_COEF,S05_LEAVE_ONE_STATE_OUT_MEDIAN_COEF_K2,2,True
2025-03-14,1,7345,アイ・パートナーズフィナンシャル,0.1088114082813263,True,0.0,-1.4657980456026065,S05_LEAVE_ONE_STATE_OUT_MEDIAN_COEF,S05_LEAVE_ONE_STATE_OUT_MEDIAN_COEF_K2,2,True
2025-03-14,2,4387,ＺＵＵ,0.10688932240009308,True,1.0,0.2421307506053294,S05_LEAVE_ONE_STATE_OUT_MEDIAN_COEF,S05_LEAVE_ONE_STATE_OUT_MEDIAN_COEF_K2,2,True
2025-03-17,1,2332,クエスト,0.11771515756845474,True,1.0,0.6666666666666599,S05_LEAVE_ONE_STATE_OUT_MEDIAN_COEF,S05_LEAVE_ONE_STATE_OUT_MEDIAN_COEF_K2,2,True
2025-03-17,2,8139,ナガホリ,0.11378438025712967,True,0.0,-0.785153461812993,S05_LEAVE_ONE_STATE_OUT_MEDIAN_COEF,S05_LEAVE_ONE_STATE_OUT_MEDIAN_COEF_K2,2,True
2025-03-18,1,7345,アイ・パートナーズフィナンシャル,0.1340644359588623,True,0.0,-1.7793594306049876,S05_LEAVE_ONE_STATE_OUT_MEDIAN_COEF,S05_LEAVE_ONE_STATE_OUT_MEDIAN_COEF_K2,2,True
2025-03-18,2,7036,イーエムネットジャパン,0.11854624003171921,True,0.0,-0.5376344086021501,S05_LEAVE_ONE_STATE_OUT_MEDIAN_COEF,S05_LEAVE_ONE_STATE_OUT_MEDIAN_COEF_K2,2,True
2025-03-19,1,2332,クエスト,0.1350429654121399,True,1.0,0.589101620029453,S05_LEAVE_ONE_STATE_OUT_MEDIAN_COEF,S05_LEAVE_ONE_STATE_OUT_MEDIAN_COEF_K2,2,True
2025-03-19,2,7266,今仙電機製作所,0.1260358989238739,True,1.0,3.703703703703698,S05_LEAVE_ONE_STATE_OUT_MEDIAN_COEF,S05_LEAVE_ONE_STATE_OUT_MEDIAN_COEF_K2,2,True
2025-03-21,1,5277,スパンクリートコーポレーション,0.13446614146232605,True,0.0,-0.22421524663677195,S05_LEAVE_ONE_STATE_OUT_MEDIAN_COEF,S05_LEAVE_ONE_STATE_OUT_MEDIAN_COEF_K2,2,True
2025-03-21,2,9685,ＫＹＣＯＭホールディングス,0.12630805373191833,True,1.0,0.2881844380403509,S05_LEAVE_ONE_STATE_OUT_MEDIAN_COEF,S05_LEAVE_ONE_STATE_OUT_MEDIAN_COEF_K2,2,True
2025-03-24,1,5277,スパンクリートコーポレーション,0.14886033535003662,True,1.0,0.22421524663676085,S05_LEAVE_ONE_STATE_OUT_MEDIAN_COEF,S05_LEAVE_ONE_STATE_OUT_MEDIAN_COEF_K2,2,True
2025-03-24,2,4356,応用技術,0.12647247314453125,True,0.0,-0.25889967637540146,S05_LEAVE_ONE_STATE_OUT_MEDIAN_COEF,S05_LEAVE_ONE_STATE_OUT_MEDIAN_COEF_K2,2,True
2025-03-25,1,5277,スパンクリートコーポレーション,0.15728837251663208,True,0.0,-0.22371364653244186,S05_LEAVE_ONE_STATE_OUT_MEDIAN_COEF,S05_LEAVE_ONE_STATE_OUT_MEDIAN_COEF_K2,2,True
2025-03-25,2,7036,イーエムネットジャパン,0.12499057501554489,True,0.0,-1.5135135135135092,S05_LEAVE_ONE_STATE_OUT_MEDIAN_COEF,S05_LEAVE_ONE_STATE_OUT_MEDIAN_COEF_K2,2,True
2025-03-26,1,5277,スパンクリートコーポレーション,0.1540144681930542,True,1.0,0.4474272930648837,S05_LEAVE_ONE_STATE_OUT_MEDIAN_COEF,S05_LEAVE_ONE_STATE_OUT_MEDIAN_COEF_K2,2,True
2025-03-26,2,4356,応用技術,0.12461016327142715,True,0.0,-0.1306335728282204,S05_LEAVE_ONE_STATE_OUT_MEDIAN_COEF,S05_LEAVE_ONE_STATE_OUT_MEDIAN_COEF_K2,2,True
2025-03-27,1,5277,スパンクリートコーポレーション,0.1462016999721527,True,1.0,0.44642857142858094,S05_LEAVE_ONE_STATE_OUT_MEDIAN_COEF,S05_LEAVE_ONE_STATE_OUT_MEDIAN_COEF_K2,2,True
2025-03-27,2,4356,応用技術,0.12180113792419434,True,0.0,-0.2614379084967311,S05_LEAVE_ONE_STATE_OUT_MEDIAN_COEF,S05_LEAVE_ONE_STATE_OUT_MEDIAN_COEF_K2,2,True
2025-03-28,1,5277,スパンクリートコーポレーション,0.14647698402404785,True,1.0,0.6696428571428603,S05_LEAVE_ONE_STATE_OUT_MEDIAN_COEF,S05_LEAVE_ONE_STATE_OUT_MEDIAN_COEF_K2,2,True
2025-03-28,2,9767,日建⼯学,0.11979279667139053,True,1.0,2.1513353115726996,S05_LEAVE_ONE_STATE_OUT_MEDIAN_COEF,S05_LEAVE_ONE_STATE_OUT_MEDIAN_COEF_K2,2,True
2025-03-31,1,3096,オーシャンシステム,0.12524592876434326,True,0.0,-0.08576329331045907,S05_LEAVE_ONE_STATE_OUT_MEDIAN_COEF,S05_LEAVE_ONE_STATE_OUT_MEDIAN_COEF_K2,2,True
2025-03-31,2,3434,アルファＣｏ,0.1222410574555397,True,0.0,-2.035398230088492,S05_LEAVE_ONE_STATE_OUT_MEDIAN_COEF,S05_LEAVE_ONE_STATE_OUT_MEDIAN_COEF_K2,2,True
2025-04-01,1,3434,アルファＣｏ,0.11611165851354599,True,0.0,-1.4388489208633115,S05_LEAVE_ONE_STATE_OUT_MEDIAN_COEF,S05_LEAVE_ONE_STATE_OUT_MEDIAN_COEF_K2,2,True
2025-04-01,2,2179,成学社,0.11361265182495117,True,0.0,-0.5167958656330796,S05_LEAVE_ONE_STATE_OUT_MEDIAN_COEF,S05_LEAVE_ONE_STATE_OUT_MEDIAN_COEF_K2,2,True
2025-04-02,1,7318,セレンディップ・ホールディングス,0.12517353892326355,True,0.0,-0.9044657998869443,S05_LEAVE_ONE_STATE_OUT_MEDIAN_COEF,S05_LEAVE_ONE_STATE_OUT_MEDIAN_COEF_K2,2,True
2025-04-02,2,7638,ＮＥＷ ＡＲＴ ＨＯＬＤＩＮＧＳ,0.10721688717603683,True,0.0,-6.765799256505578,S05_LEAVE_ONE_STATE_OUT_MEDIAN_COEF,S05_LEAVE_ONE_STATE_OUT_MEDIAN_COEF_K2,2,True
2025-04-03,1,5845,全保連,0.11606762558221817,True,0.0,-0.6127450980392135,S05_LEAVE_ONE_STATE_OUT_MEDIAN_COEF,S05_LEAVE_ONE_STATE_OUT_MEDIAN_COEF_K2,2,True
2025-04-03,2,7638,ＮＥＷ ＡＲＴ ＨＯＬＤＩＮＧＳ,0.10667317360639572,True,1.0,2.024922118380057,S05_LEAVE_ONE_STATE_OUT_MEDIAN_COEF,S05_LEAVE_ONE_STATE_OUT_MEDIAN_COEF_K2,2,True
2025-04-04,1,9685,ＫＹＣＯＭホールディングス,0.09788259863853455,True,0.0,-8.062015503875974,S05_LEAVE_ONE_STATE_OUT_MEDIAN_COEF,S05_LEAVE_ONE_STATE_OUT_MEDIAN_COEF_K2,2,True
2025-04-04,2,2332,クエスト,0.09695800393819809,True,0.0,-0.8000000000000007,S05_LEAVE_ONE_STATE_OUT_MEDIAN_COEF,S05_LEAVE_ONE_STATE_OUT_MEDIAN_COEF_K2,2,True
2025-04-07,1,7036,イーエムネットジャパン,0.13628549873828888,True,0.0,-8.115942028985511,S05_LEAVE_ONE_STATE_OUT_MEDIAN_COEF,S05_LEAVE_ONE_STATE_OUT_MEDIAN_COEF_K2,2,True
2025-04-07,2,9685,ＫＹＣＯＭホールディングス,0.11115982383489609,True,1.0,2.982107355864816,S05_LEAVE_ONE_STATE_OUT_MEDIAN_COEF,S05_LEAVE_ONE_STATE_OUT_MEDIAN_COEF_K2,2,True
2025-04-08,1,1662,石油資源開発,0.10597440600395203,True,0.0,-0.29880478087649376,S05_LEAVE_ONE_STATE_OUT_MEDIAN_COEF,S05_LEAVE_ONE_STATE_OUT_MEDIAN_COEF_K2,2,True
2025-04-08,2,9250,ＧＲＣＳ,0.10534776747226715,True,1.0,6.661251015434599,S05_LEAVE_ONE_STATE_OUT_MEDIAN_COEF,S05_LEAVE_ONE_STATE_OUT_MEDIAN_COEF_K2,2,True
2025-04-09,1,7317,松屋アールアンドディ,0.10227948427200317,True,1.0,1.6274864376130127,S05_LEAVE_ONE_STATE_OUT_MEDIAN_COEF,S05_LEAVE_ONE_STATE_OUT_MEDIAN_COEF_K2,2,True
2025-04-09,2,3991,ウォンテッドリー,0.09723971039056778,True,1.0,3.073967339097017,S05_LEAVE_ONE_STATE_OUT_MEDIAN_COEF,S05_LEAVE_ONE_STATE_OUT_MEDIAN_COEF_K2,2,True
2025-04-10,1,2332,クエスト,0.11127910017967224,True,1.0,0.39777247414478634,S05_LEAVE_ONE_STATE_OUT_MEDIAN_COEF,S05_LEAVE_ONE_STATE_OUT_MEDIAN_COEF_K2,2,True
2025-04-10,2,9165,クオルテック,0.10737762600183487,True,0.0,-6.797706797706793,S05_LEAVE_ONE_STATE_OUT_MEDIAN_COEF,S05_LEAVE_ONE_STATE_OUT_MEDIAN_COEF_K2,2,True
2025-04-11,1,7043,アルー,0.1195300742983818,True,1.0,1.9461077844311392,S05_LEAVE_ONE_STATE_OUT_MEDIAN_COEF,S05_LEAVE_ONE_STATE_OUT_MEDIAN_COEF_K2,2,True
2025-04-11,2,3991,ウォンテッドリー,0.11285172402858734,True,1.0,10.946196660482377,S05_LEAVE_ONE_STATE_OUT_MEDIAN_COEF,S05_LEAVE_ONE_STATE_OUT_MEDIAN_COEF_K2,2,True
2025-04-14,1,7043,アルー,0.14346502721309662,True,1.0,2.2222222222222143,S05_LEAVE_ONE_STATE_OUT_MEDIAN_COEF,S05_LEAVE_ONE_STATE_OUT_MEDIAN_COEF_K2,2,True
2025-04-14,2,2282,日本ハム,0.11487855762243271,True,1.0,0.9356725146198785,S05_LEAVE_ONE_STATE_OUT_MEDIAN_COEF,S05_LEAVE_ONE_STATE_OUT_MEDIAN_COEF_K2,2,True
2025-04-15,1,3986,ビーブレイクシステムズ,0.16950485110282898,True,1.0,0.20964360587001352,S05_LEAVE_ONE_STATE_OUT_MEDIAN_COEF,S05_LEAVE_ONE_STATE_OUT_MEDIAN_COEF_K2,2,True
2025-04-15,2,7043,アルー,0.15191365778446198,True,1.0,1.4684287812041008,S05_LEAVE_ONE_STATE_OUT_MEDIAN_COEF,S05_LEAVE_ONE_STATE_OUT_MEDIAN_COEF_K2,2,True
2025-04-16,1,3986,ビーブレイクシステムズ,0.15561896562576294,True,,,S05_LEAVE_ONE_STATE_OUT_MEDIAN_COEF,S05_LEAVE_ONE_STATE_OUT_MEDIAN_COEF_K2,2,False
2025-04-16,2,5277,スパンクリートコーポレーション,0.14692990481853485,True,0.0,-0.22123893805309214,S05_LEAVE_ONE_STATE_OUT_MEDIAN_COEF,S05_LEAVE_ONE_STATE_OUT_MEDIAN_COEF_K2,2,True
2025-04-17,1,3986,ビーブレイクシステムズ,0.15981121361255646,True,0.0,-2.0689655172413834,S05_LEAVE_ONE_STATE_OUT_MEDIAN_COEF,S05_LEAVE_ONE_STATE_OUT_MEDIAN_COEF_K2,2,True
2025-04-17,2,7043,アルー,0.1501193642616272,True,0.0,-0.5772005772005762,S05_LEAVE_ONE_STATE_OUT_MEDIAN_COEF,S05_LEAVE_ONE_STATE_OUT_MEDIAN_COEF_K2,2,True
2025-04-18,1,3986,ビーブレイクシステムズ,0.14204707741737366,True,1.0,1.0563380281690238,S05_LEAVE_ONE_STATE_OUT_MEDIAN_COEF,S05_LEAVE_ONE_STATE_OUT_MEDIAN_COEF_K2,2,True
2025-04-18,2,7988,ニフコ,0.11498059332370758,True,1.0,1.0153756890049381,S05_LEAVE_ONE_STATE_OUT_MEDIAN_COEF,S05_LEAVE_ONE_STATE_OUT_MEDIAN_COEF_K2,2,True
2025-04-21,1,7043,アルー,0.12592890858650208,True,1.0,0.8746355685131268,S05_LEAVE_ONE_STATE_OUT_MEDIAN_COEF,S05_LEAVE_ONE_STATE_OUT_MEDIAN_COEF_K2,2,True
2025-04-21,2,3986,ビーブレイクシステムズ,0.12520018219947815,True,0.0,-1.7796030116358663,S05_LEAVE_ONE_STATE_OUT_MEDIAN_COEF,S05_LEAVE_ONE_STATE_OUT_MEDIAN_COEF_K2,2,True
2025-04-22,1,7043,アルー,0.12498563528060913,True,1.0,1.3157894736842035,S05_LEAVE_ONE_STATE_OUT_MEDIAN_COEF,S05_LEAVE_ONE_STATE_OUT_MEDIAN_COEF_K2,2,True
2025-04-22,2,9537,北陸瓦斯,0.11878278851509094,True,,,S05_LEAVE_ONE_STATE_OUT_MEDIAN_COEF,S05_LEAVE_ONE_STATE_OUT_MEDIAN_COEF_K2,2,False
2025-04-23,1,7043,アルー,0.12733975052833557,True,0.0,-0.575539568345329,S05_LEAVE_ONE_STATE_OUT_MEDIAN_COEF,S05_LEAVE_ONE_STATE_OUT_MEDIAN_COEF_K2,2,True
2025-04-23,2,5945,天龍製鋸,0.11764542758464813,True,0.0,0.0,S05_LEAVE_ONE_STATE_OUT_MEDIAN_COEF,S05_LEAVE_ONE_STATE_OUT_MEDIAN_COEF_K2,2,True
2025-04-24,1,7043,アルー,0.14446452260017395,True,1.0,0.5788712011577379,S05_LEAVE_ONE_STATE_OUT_MEDIAN_COEF,S05_LEAVE_ONE_STATE_OUT_MEDIAN_COEF_K2,2,True
2025-04-24,2,9691,両毛システムズ,0.12974444031715393,True,1.0,2.8901734104046284,S05_LEAVE_ONE_STATE_OUT_MEDIAN_COEF,S05_LEAVE_ONE_STATE_OUT_MEDIAN_COEF_K2,2,True
2025-04-25,1,7043,アルー,0.13397018611431122,True,1.0,0.1436781609195359,S05_LEAVE_ONE_STATE_OUT_MEDIAN_COEF,S05_LEAVE_ONE_STATE_OUT_MEDIAN_COEF_K2,2,True
2025-04-25,2,9434,ソフトバンク,0.12486650794744492,True,0.0,-0.04699248120302313,S05_LEAVE_ONE_STATE_OUT_MEDIAN_COEF,S05_LEAVE_ONE_STATE_OUT_MEDIAN_COEF_K2,2,True
2025-04-28,1,7043,アルー,0.11890371143817902,True,0.0,-0.43041606886656814,S05_LEAVE_ONE_STATE_OUT_MEDIAN_COEF,S05_LEAVE_ONE_STATE_OUT_MEDIAN_COEF_K2,2,True
2025-04-28,2,6734,ニューテック,0.116514652967453,True,0.0,-0.37783375314861534,S05_LEAVE_ONE_STATE_OUT_MEDIAN_COEF,S05_LEAVE_ONE_STATE_OUT_MEDIAN_COEF_K2,2,True
2025-04-30,1,7043,アルー,0.13250067830085754,True,1.0,0.14409221902016434,S05_LEAVE_ONE_STATE_OUT_MEDIAN_COEF,S05_LEAVE_ONE_STATE_OUT_MEDIAN_COEF_K2,2,True
2025-04-30,2,7255,桜井製作所,0.11707339435815811,True,0.0,-0.5291005291005346,S05_LEAVE_ONE_STATE_OUT_MEDIAN_COEF,S05_LEAVE_ONE_STATE_OUT_MEDIAN_COEF_K2,2,True
2025-05-01,1,7043,アルー,0.11936556547880173,True,1.0,0.2877697841726645,S05_LEAVE_ONE_STATE_OUT_MEDIAN_COEF,S05_LEAVE_ONE_STATE_OUT_MEDIAN_COEF_K2,2,True
2025-05-01,2,5619,マーソ,0.10712981224060059,True,1.0,1.7410228509249226,S05_LEAVE_ONE_STATE_OUT_MEDIAN_COEF,S05_LEAVE_ONE_STATE_OUT_MEDIAN_COEF_K2,2,True
2025-05-02,1,7043,アルー,0.10712184756994247,True,0.0,-0.1436781609195359,S05_LEAVE_ONE_STATE_OUT_MEDIAN_COEF,S05_LEAVE_ONE_STATE_OUT_MEDIAN_COEF_K2,2,True
2025-05-02,2,4394,エクスモーション,0.10615793615579605,True,1.0,1.7857142857142794,S05_LEAVE_ONE_STATE_OUT_MEDIAN_COEF,S05_LEAVE_ONE_STATE_OUT_MEDIAN_COEF_K2,2,True
2025-05-07,1,7043,アルー,0.1256868988275528,True,1.0,1.5827338129496438,S05_LEAVE_ONE_STATE_OUT_MEDIAN_COEF,S05_LEAVE_ONE_STATE_OUT_MEDIAN_COEF_K2,2,True
2025-05-07,2,6034,ＭＲＴ,0.11999844014644623,True,1.0,2.6666666666666616,S05_LEAVE_ONE_STATE_OUT_MEDIAN_COEF,S05_LEAVE_ONE_STATE_OUT_MEDIAN_COEF_K2,2,True
2025-05-08,1,6034,ＭＲＴ,0.11544052511453629,True,0.0,-0.14492753623188692,S05_LEAVE_ONE_STATE_OUT_MEDIAN_COEF,S05_LEAVE_ONE_STATE_OUT_MEDIAN_COEF_K2,2,True
2025-05-08,2,2908,フジッコ,0.10964283347129822,True,1.0,0.6815365551424923,S05_LEAVE_ONE_STATE_OUT_MEDIAN_COEF,S05_LEAVE_ONE_STATE_OUT_MEDIAN_COEF_K2,2,True
2025-05-09,1,6492,岡野バルブ製造,0.12286799401044846,True,1.0,3.750000000000009,S05_LEAVE_ONE_STATE_OUT_MEDIAN_COEF,S05_LEAVE_ONE_STATE_OUT_MEDIAN_COEF_K2,2,True
2025-05-09,2,6034,ＭＲＴ,0.11298374831676483,True,1.0,0.8759124087591275,S05_LEAVE_ONE_STATE_OUT_MEDIAN_COEF,S05_LEAVE_ONE_STATE_OUT_MEDIAN_COEF_K2,2,True
2025-05-12,1,7345,アイ・パートナーズフィナンシャル,0.13513067364692688,True,1.0,1.6042780748663166,S05_LEAVE_ONE_STATE_OUT_MEDIAN_COEF,S05_LEAVE_ONE_STATE_OUT_MEDIAN_COEF_K2,2,True
2025-05-12,2,3712,情報企画,0.11235776543617249,True,0.0,-2.728226652675758,S05_LEAVE_ONE_STATE_OUT_MEDIAN_COEF,S05_LEAVE_ONE_STATE_OUT_MEDIAN_COEF_K2,2,True
2025-05-13,1,7345,アイ・パートナーズフィナンシャル,0.12971225380897522,True,0.0,-1.0714285714285676,S05_LEAVE_ONE_STATE_OUT_MEDIAN_COEF,S05_LEAVE_ONE_STATE_OUT_MEDIAN_COEF_K2,2,True
2025-05-13,2,2282,日本ハム,0.12296755611896515,True,0.0,-0.43330821401658115,S05_LEAVE_ONE_STATE_OUT_MEDIAN_COEF,S05_LEAVE_ONE_STATE_OUT_MEDIAN_COEF_K2,2,True
2025-05-14,1,7345,アイ・パートナーズフィナンシャル,0.1443626433610916,True,1.0,3.392857142857153,S05_LEAVE_ONE_STATE_OUT_MEDIAN_COEF,S05_LEAVE_ONE_STATE_OUT_MEDIAN_COEF_K2,2,True
2025-05-14,2,1898,世紀東急⼯業,0.12586933374404907,True,0.0,-1.261387526278912,S05_LEAVE_ONE_STATE_OUT_MEDIAN_COEF,S05_LEAVE_ONE_STATE_OUT_MEDIAN_COEF_K2,2,True
2025-05-15,1,4069,ＢｌｕｅＭｅｍｅ,0.12353005260229111,True,1.0,2.57548845470692,S05_LEAVE_ONE_STATE_OUT_MEDIAN_COEF,S05_LEAVE_ONE_STATE_OUT_MEDIAN_COEF_K2,2,True
2025-05-15,2,3353,メディカル一光グループ,0.11373516172170639,True,1.0,0.2565198802907176,S05_LEAVE_ONE_STATE_OUT_MEDIAN_COEF,S05_LEAVE_ONE_STATE_OUT_MEDIAN_COEF_K2,2,True
2025-05-16,1,7345,アイ・パートナーズフィナンシャル,0.13612355291843414,True,1.0,0.8928571428571397,S05_LEAVE_ONE_STATE_OUT_MEDIAN_COEF,S05_LEAVE_ONE_STATE_OUT_MEDIAN_COEF_K2,2,True
2025-05-16,2,3513,イチカワ,0.12380417436361313,True,1.0,0.1818181818181719,S05_LEAVE_ONE_STATE_OUT_MEDIAN_COEF,S05_LEAVE_ONE_STATE_OUT_MEDIAN_COEF_K2,2,True
2025-05-19,1,6034,ＭＲＴ,0.1208372563123703,True,0.0,-1.3274336283185861,S05_LEAVE_ONE_STATE_OUT_MEDIAN_COEF,S05_LEAVE_ONE_STATE_OUT_MEDIAN_COEF_K2,2,True
2025-05-19,2,7815,東京ボード⼯業,0.11361522972583771,True,1.0,1.5254237288135686,S05_LEAVE_ONE_STATE_OUT_MEDIAN_COEF,S05_LEAVE_ONE_STATE_OUT_MEDIAN_COEF_K2,2,True
2025-05-20,1,7345,アイ・パートナーズフィナンシャル,0.1211249977350235,True,1.0,0.727272727272732,S05_LEAVE_ONE_STATE_OUT_MEDIAN_COEF,S05_LEAVE_ONE_STATE_OUT_MEDIAN_COEF_K2,2,True
2025-05-20,2,9416,ビジョン,0.11445240676403046,True,0.0,-0.08643042350907626,S05_LEAVE_ONE_STATE_OUT_MEDIAN_COEF,S05_LEAVE_ONE_STATE_OUT_MEDIAN_COEF_K2,2,True
2025-05-21,1,6346,キクカワエンタープライズ,0.10559102147817612,True,1.0,0.8944543828264706,S05_LEAVE_ONE_STATE_OUT_MEDIAN_COEF,S05_LEAVE_ONE_STATE_OUT_MEDIAN_COEF_K2,2,True
2025-05-21,2,6670,ＭＣＪ,0.09996811300516129,True,0.0,-1.5128593040847238,S05_LEAVE_ONE_STATE_OUT_MEDIAN_COEF,S05_LEAVE_ONE_STATE_OUT_MEDIAN_COEF_K2,2,True
2025-05-22,1,7345,アイ・パートナーズフィナンシャル,0.11038091778755188,True,1.0,1.6666666666666607,S05_LEAVE_ONE_STATE_OUT_MEDIAN_COEF,S05_LEAVE_ONE_STATE_OUT_MEDIAN_COEF_K2,2,True
2025-05-22,2,6670,ＭＣＪ,0.10495904088020325,True,0.0,-0.5426356589147252,S05_LEAVE_ONE_STATE_OUT_MEDIAN_COEF,S05_LEAVE_ONE_STATE_OUT_MEDIAN_COEF_K2,2,True
2025-05-23,1,7345,アイ・パートナーズフィナンシャル,0.11589255928993225,True,1.0,1.4842300556586308,S05_LEAVE_ONE_STATE_OUT_MEDIAN_COEF,S05_LEAVE_ONE_STATE_OUT_MEDIAN_COEF_K2,2,True
2025-05-23,2,7815,東京ボード⼯業,0.09013441950082779,True,1.0,4.553734061930781,S05_LEAVE_ONE_STATE_OUT_MEDIAN_COEF,S05_LEAVE_ONE_STATE_OUT_MEDIAN_COEF_K2,2,True
2025-05-26,1,7345,アイ・パートナーズフィナンシャル,0.12657885253429413,True,1.0,0.3656307129798808,S05_LEAVE_ONE_STATE_OUT_MEDIAN_COEF,S05_LEAVE_ONE_STATE_OUT_MEDIAN_COEF_K2,2,True
2025-05-26,2,4437,ｇｏｏｄｄａｙｓホールディングス,0.10122779756784439,True,1.0,0.2989536621823552,S05_LEAVE_ONE_STATE_OUT_MEDIAN_COEF,S05_LEAVE_ONE_STATE_OUT_MEDIAN_COEF_K2,2,True
2025-05-27,1,7345,アイ・パートナーズフィナンシャル,0.11338002979755402,True,1.0,5.185185185185182,S05_LEAVE_ONE_STATE_OUT_MEDIAN_COEF,S05_LEAVE_ONE_STATE_OUT_MEDIAN_COEF_K2,2,True
2025-05-27,2,5945,天龍製鋸,0.10630933195352554,True,1.0,0.10804970286331095,S05_LEAVE_ONE_STATE_OUT_MEDIAN_COEF,S05_LEAVE_ONE_STATE_OUT_MEDIAN_COEF_K2,2,True
2025-05-28,1,5945,天龍製鋸,0.11845516413450241,True,1.0,0.37776578521315773,S05_LEAVE_ONE_STATE_OUT_MEDIAN_COEF,S05_LEAVE_ONE_STATE_OUT_MEDIAN_COEF_K2,2,True
2025-05-28,2,7255,桜井製作所,0.10580363869667053,True,0.0,-0.7220216606498187,S05_LEAVE_ONE_STATE_OUT_MEDIAN_COEF,S05_LEAVE_ONE_STATE_OUT_MEDIAN_COEF_K2,2,True
2025-05-29,1,7345,アイ・パートナーズフィナンシャル,0.14703825116157532,True,1.0,1.4814814814814836,S05_LEAVE_ONE_STATE_OUT_MEDIAN_COEF,S05_LEAVE_ONE_STATE_OUT_MEDIAN_COEF_K2,2,True
2025-05-29,2,5945,天龍製鋸,0.11806144565343857,True,0.0,-0.32171581769436797,S05_LEAVE_ONE_STATE_OUT_MEDIAN_COEF,S05_LEAVE_ONE_STATE_OUT_MEDIAN_COEF_K2,2,True
2025-05-30,1,5945,天龍製鋸,0.12304765731096268,True,1.0,0.2702702702702675,S05_LEAVE_ONE_STATE_OUT_MEDIAN_COEF,S05_LEAVE_ONE_STATE_OUT_MEDIAN_COEF_K2,2,True
2025-05-30,2,9265,ヤマシタヘルスケアホールディングス,0.11027266830205917,True,1.0,0.34749034749035346,S05_LEAVE_ONE_STATE_OUT_MEDIAN_COEF,S05_LEAVE_ONE_STATE_OUT_MEDIAN_COEF_K2,2,True
2025-06-02,1,5945,天龍製鋸,0.10914444923400879,True,0.0,-0.48179871520342976,S05_LEAVE_ONE_STATE_OUT_MEDIAN_COEF,S05_LEAVE_ONE_STATE_OUT_MEDIAN_COEF_K2,2,True
2025-06-02,2,7345,アイ・パートナーズフィナンシャル,0.09966980665922165,True,1.0,0.18348623853210455,S05_LEAVE_ONE_STATE_OUT_MEDIAN_COEF,S05_LEAVE_ONE_STATE_OUT_MEDIAN_COEF_K2,2,True
2025-06-03,1,3271,ＴＨＥグローバル社,0.10434942692518234,True,0.0,-0.6295907660020972,S05_LEAVE_ONE_STATE_OUT_MEDIAN_COEF,S05_LEAVE_ONE_STATE_OUT_MEDIAN_COEF_K2,2,True
2025-06-03,2,6570,共和コーポレーション,0.09367215633392334,True,1.0,0.7172131147541005,S05_LEAVE_ONE_STATE_OUT_MEDIAN_COEF,S05_LEAVE_ONE_STATE_OUT_MEDIAN_COEF_K2,2,True
2025-06-04,1,6346,キクカワエンタープライズ,0.10632263869047165,True,1.0,1.0869565217391353,S05_LEAVE_ONE_STATE_OUT_MEDIAN_COEF,S05_LEAVE_ONE_STATE_OUT_MEDIAN_COEF_K2,2,True
2025-06-04,2,9265,ヤマシタヘルスケアホールディングス,0.09507493674755096,True,0.0,-0.11787819253438192,S05_LEAVE_ONE_STATE_OUT_MEDIAN_COEF,S05_LEAVE_ONE_STATE_OUT_MEDIAN_COEF_K2,2,True
2025-06-05,1,6346,キクカワエンタープライズ,0.1016593798995018,True,,,S05_LEAVE_ONE_STATE_OUT_MEDIAN_COEF,S05_LEAVE_ONE_STATE_OUT_MEDIAN_COEF_K2,2,False
2025-06-05,2,9142,九州旅客鉄道,0.09873048216104507,True,1.0,0.42350449973531656,S05_LEAVE_ONE_STATE_OUT_MEDIAN_COEF,S05_LEAVE_ONE_STATE_OUT_MEDIAN_COEF_K2,2,True
2025-06-06,1,3948,光ビジネスフォーム,0.11243069916963577,True,1.0,1.6999999999999904,S05_LEAVE_ONE_STATE_OUT_MEDIAN_COEF,S05_LEAVE_ONE_STATE_OUT_MEDIAN_COEF_K2,2,True
2025-06-06,2,3097,物語コーポレーション,0.09311679005622864,True,1.0,2.7259684361549574,S05_LEAVE_ONE_STATE_OUT_MEDIAN_COEF,S05_LEAVE_ONE_STATE_OUT_MEDIAN_COEF_K2,2,True
2025-06-09,1,6063,日本エマージェンシーアシスタンス,0.09089919924736023,True,0.0,-0.38131553860819567,S05_LEAVE_ONE_STATE_OUT_MEDIAN_COEF,S05_LEAVE_ONE_STATE_OUT_MEDIAN_COEF_K2,2,True
2025-06-09,2,3271,ＴＨＥグローバル社,0.08981358259916306,True,0.0,0.0,S05_LEAVE_ONE_STATE_OUT_MEDIAN_COEF,S05_LEAVE_ONE_STATE_OUT_MEDIAN_COEF_K2,2,True
2025-06-10,1,3529,アツギ,0.09348469972610474,True,1.0,0.9874326750448859,S05_LEAVE_ONE_STATE_OUT_MEDIAN_COEF,S05_LEAVE_ONE_STATE_OUT_MEDIAN_COEF_K2,2,True
2025-06-10,2,9142,九州旅客鉄道,0.08878449350595474,True,0.0,-0.42440318302386926,S05_LEAVE_ONE_STATE_OUT_MEDIAN_COEF,S05_LEAVE_ONE_STATE_OUT_MEDIAN_COEF_K2,2,True
2025-06-11,1,175A,Ｗｉｌｌ Ｓｍａｒｔ,0.09301596134901047,True,1.0,2.1437578814627933,S05_LEAVE_ONE_STATE_OUT_MEDIAN_COEF,S05_LEAVE_ONE_STATE_OUT_MEDIAN_COEF_K2,2,True
2025-06-11,2,6570,共和コーポレーション,0.08952996879816055,True,1.0,0.5117707267144223,S05_LEAVE_ONE_STATE_OUT_MEDIAN_COEF,S05_LEAVE_ONE_STATE_OUT_MEDIAN_COEF_K2,2,True
2025-06-12,1,6577,ベストワンドットコム,0.10243971645832062,True,1.0,2.6304441569642067,S05_LEAVE_ONE_STATE_OUT_MEDIAN_COEF,S05_LEAVE_ONE_STATE_OUT_MEDIAN_COEF_K2,2,True
2025-06-12,2,7345,アイ・パートナーズフィナンシャル,0.09653571993112564,True,0.0,0.0,S05_LEAVE_ONE_STATE_OUT_MEDIAN_COEF,S05_LEAVE_ONE_STATE_OUT_MEDIAN_COEF_K2,2,True
2025-06-13,1,1866,北野建設,0.1086345985531807,True,1.0,2.9484029484029506,S05_LEAVE_ONE_STATE_OUT_MEDIAN_COEF,S05_LEAVE_ONE_STATE_OUT_MEDIAN_COEF_K2,2,True
2025-06-13,2,7345,アイ・パートナーズフィナンシャル,0.105522021651268,True,0.0,-0.8960573476702538,S05_LEAVE_ONE_STATE_OUT_MEDIAN_COEF,S05_LEAVE_ONE_STATE_OUT_MEDIAN_COEF_K2,2,True
2025-06-16,1,7345,アイ・パートナーズフィナンシャル,0.13133831322193146,True,1.0,2.177858439201441,S05_LEAVE_ONE_STATE_OUT_MEDIAN_COEF,S05_LEAVE_ONE_STATE_OUT_MEDIAN_COEF_K2,2,True
2025-06-16,2,3441,山王,0.10136725008487701,True,1.0,2.4801587301587213,S05_LEAVE_ONE_STATE_OUT_MEDIAN_COEF,S05_LEAVE_ONE_STATE_OUT_MEDIAN_COEF_K2,2,True
2025-06-17,1,3843,フリービット,0.11563649028539658,True,1.0,0.3518648838845895,S05_LEAVE_ONE_STATE_OUT_MEDIAN_COEF,S05_LEAVE_ONE_STATE_OUT_MEDIAN_COEF_K2,2,True
2025-06-17,2,7255,桜井製作所,0.1118122786283493,True,1.0,1.7513134851138368,S05_LEAVE_ONE_STATE_OUT_MEDIAN_COEF,S05_LEAVE_ONE_STATE_OUT_MEDIAN_COEF_K2,2,True
2025-06-18,1,7058,共栄セキュリティーサービス,0.10170955955982208,True,1.0,3.462321792260692,S05_LEAVE_ONE_STATE_OUT_MEDIAN_COEF,S05_LEAVE_ONE_STATE_OUT_MEDIAN_COEF_K2,2,True
2025-06-18,2,1866,北野建設,0.1009458526968956,True,1.0,1.0962241169305775,S05_LEAVE_ONE_STATE_OUT_MEDIAN_COEF,S05_LEAVE_ONE_STATE_OUT_MEDIAN_COEF_K2,2,True
2025-06-19,1,9767,日建⼯学,0.11876320838928223,True,1.0,1.6702977487291104,S05_LEAVE_ONE_STATE_OUT_MEDIAN_COEF,S05_LEAVE_ONE_STATE_OUT_MEDIAN_COEF_K2,2,True
2025-06-19,2,6648,かわでん,0.10532081872224808,True,1.0,0.5701254275940704,S05_LEAVE_ONE_STATE_OUT_MEDIAN_COEF,S05_LEAVE_ONE_STATE_OUT_MEDIAN_COEF_K2,2,True
2025-06-20,1,3843,フリービット,0.09819131344556808,True,0.0,-1.480959097320167,S05_LEAVE_ONE_STATE_OUT_MEDIAN_COEF,S05_LEAVE_ONE_STATE_OUT_MEDIAN_COEF_K2,2,True
2025-06-20,2,9767,日建⼯学,0.09305789321660995,True,1.0,0.575539568345329,S05_LEAVE_ONE_STATE_OUT_MEDIAN_COEF,S05_LEAVE_ONE_STATE_OUT_MEDIAN_COEF_K2,2,True
2025-06-23,1,9691,両毛システムズ,0.10492545366287231,True,1.0,2.1021021021021102,S05_LEAVE_ONE_STATE_OUT_MEDIAN_COEF,S05_LEAVE_ONE_STATE_OUT_MEDIAN_COEF_K2,2,True
2025-06-23,2,6648,かわでん,0.10382047295570374,True,1.0,0.11428571428571122,S05_LEAVE_ONE_STATE_OUT_MEDIAN_COEF,S05_LEAVE_ONE_STATE_OUT_MEDIAN_COEF_K2,2,True
2025-06-24,1,2327,日鉄ソリューションズ,0.09752819687128067,True,0.0,-0.42918454935622075,S05_LEAVE_ONE_STATE_OUT_MEDIAN_COEF,S05_LEAVE_ONE_STATE_OUT_MEDIAN_COEF_K2,2,True
2025-06-24,2,7043,アルー,0.09516683220863342,True,1.0,0.5221932114882533,S05_LEAVE_ONE_STATE_OUT_MEDIAN_COEF,S05_LEAVE_ONE_STATE_OUT_MEDIAN_COEF_K2,2,True
2025-06-25,1,4437,ｇｏｏｄｄａｙｓホールディングス,0.11113923788070679,True,0.0,-0.295857988165682,S05_LEAVE_ONE_STATE_OUT_MEDIAN_COEF,S05_LEAVE_ONE_STATE_OUT_MEDIAN_COEF_K2,2,True
2025-06-25,2,9869,加藤産業,0.09986642003059387,True,1.0,1.1152416356877248,S05_LEAVE_ONE_STATE_OUT_MEDIAN_COEF,S05_LEAVE_ONE_STATE_OUT_MEDIAN_COEF_K2,2,True
2025-06-26,1,4437,ｇｏｏｄｄａｙｓホールディングス,0.09582655876874924,True,1.0,1.5037593984962516,S05_LEAVE_ONE_STATE_OUT_MEDIAN_COEF,S05_LEAVE_ONE_STATE_OUT_MEDIAN_COEF_K2,2,True
2025-06-26,2,9364,上組,0.09137488156557083,True,1.0,0.28032619775739676,S05_LEAVE_ONE_STATE_OUT_MEDIAN_COEF,S05_LEAVE_ONE_STATE_OUT_MEDIAN_COEF_K2,2,True
2025-06-27,1,6648,かわでん,0.09705951809883118,True,0.0,-1.851851851851849,S05_LEAVE_ONE_STATE_OUT_MEDIAN_COEF,S05_LEAVE_ONE_STATE_OUT_MEDIAN_COEF_K2,2,True
2025-06-27,2,4437,ｇｏｏｄｄａｙｓホールディングス,0.09436289966106415,True,1.0,0.14792899408284654,S05_LEAVE_ONE_STATE_OUT_MEDIAN_COEF,S05_LEAVE_ONE_STATE_OUT_MEDIAN_COEF_K2,2,True
2025-06-30,1,4437,ｇｏｏｄｄａｙｓホールディングス,0.11414366215467453,True,1.0,1.4925373134328401,S05_LEAVE_ONE_STATE_OUT_MEDIAN_COEF,S05_LEAVE_ONE_STATE_OUT_MEDIAN_COEF_K2,2,True
2025-06-30,2,7043,アルー,0.11377807706594467,True,1.0,0.9150326797385588,S05_LEAVE_ONE_STATE_OUT_MEDIAN_COEF,S05_LEAVE_ONE_STATE_OUT_MEDIAN_COEF_K2,2,True
2025-07-01,1,4437,ｇｏｏｄｄａｙｓホールディングス,0.10471560806035995,True,0.0,-0.7299270072992692,S05_LEAVE_ONE_STATE_OUT_MEDIAN_COEF,S05_LEAVE_ONE_STATE_OUT_MEDIAN_COEF_K2,2,True
2025-07-01,2,9361,伏木海陸運送,0.10250074416399002,True,0.0,-0.3056234718826434,S05_LEAVE_ONE_STATE_OUT_MEDIAN_COEF,S05_LEAVE_ONE_STATE_OUT_MEDIAN_COEF_K2,2,True
2025-07-02,1,9331,キャスター,0.09747455269098282,True,0.0,-0.23041474654378336,S05_LEAVE_ONE_STATE_OUT_MEDIAN_COEF,S05_LEAVE_ONE_STATE_OUT_MEDIAN_COEF_K2,2,True
2025-07-02,2,9361,伏木海陸運送,0.09555351734161377,True,0.0,-0.5518087063151489,S05_LEAVE_ONE_STATE_OUT_MEDIAN_COEF,S05_LEAVE_ONE_STATE_OUT_MEDIAN_COEF_K2,2,True
2025-07-03,1,7043,アルー,0.1334608495235443,True,1.0,0.5221932114882533,S05_LEAVE_ONE_STATE_OUT_MEDIAN_COEF,S05_LEAVE_ONE_STATE_OUT_MEDIAN_COEF_K2,2,True
2025-07-03,2,4391,ロジザード,0.09097050875425339,True,0.0,0.0,S05_LEAVE_ONE_STATE_OUT_MEDIAN_COEF,S05_LEAVE_ONE_STATE_OUT_MEDIAN_COEF_K2,2,True
2025-07-04,1,7043,アルー,0.10525248199701309,True,1.0,0.26041666666667407,S05_LEAVE_ONE_STATE_OUT_MEDIAN_COEF,S05_LEAVE_ONE_STATE_OUT_MEDIAN_COEF_K2,2,True
2025-07-04,2,4391,ロジザード,0.08476577699184418,True,0.0,-1.56378600823045,S05_LEAVE_ONE_STATE_OUT_MEDIAN_COEF,S05_LEAVE_ONE_STATE_OUT_MEDIAN_COEF_K2,2,True
2025-07-07,1,7043,アルー,0.10748617351055145,True,1.0,0.26041666666667407,S05_LEAVE_ONE_STATE_OUT_MEDIAN_COEF,S05_LEAVE_ONE_STATE_OUT_MEDIAN_COEF_K2,2,True
2025-07-07,2,2798,ワイズテーブルコーポレーション,0.09325345605611801,True,0.0,-0.8681135225375614,S05_LEAVE_ONE_STATE_OUT_MEDIAN_COEF,S05_LEAVE_ONE_STATE_OUT_MEDIAN_COEF_K2,2,True
2025-07-08,1,7043,アルー,0.10979621112346649,True,1.0,0.39215686274509665,S05_LEAVE_ONE_STATE_OUT_MEDIAN_COEF,S05_LEAVE_ONE_STATE_OUT_MEDIAN_COEF_K2,2,True
2025-07-08,2,2798,ワイズテーブルコーポレーション,0.08983030170202255,True,0.0,-0.03370407819346388,S05_LEAVE_ONE_STATE_OUT_MEDIAN_COEF,S05_LEAVE_ONE_STATE_OUT_MEDIAN_COEF_K2,2,True
2025-07-09,1,7043,アルー,0.13396523892879486,True,1.0,0.78125,S05_LEAVE_ONE_STATE_OUT_MEDIAN_COEF,S05_LEAVE_ONE_STATE_OUT_MEDIAN_COEF_K2,2,True
2025-07-09,2,9364,上組,0.09655109792947769,True,1.0,1.3131813676907855,S05_LEAVE_ONE_STATE_OUT_MEDIAN_COEF,S05_LEAVE_ONE_STATE_OUT_MEDIAN_COEF_K2,2,True
2025-07-10,1,4437,ｇｏｏｄｄａｙｓホールディングス,0.11486531049013138,True,1.0,0.4411764705882337,S05_LEAVE_ONE_STATE_OUT_MEDIAN_COEF,S05_LEAVE_ONE_STATE_OUT_MEDIAN_COEF_K2,2,True
2025-07-10,2,7043,アルー,0.11198816448450089,True,1.0,0.3896103896103842,S05_LEAVE_ONE_STATE_OUT_MEDIAN_COEF,S05_LEAVE_ONE_STATE_OUT_MEDIAN_COEF_K2,2,True
2025-07-11,1,4437,ｇｏｏｄｄａｙｓホールディングス,0.11373478174209595,True,1.0,0.2928257686676483,S05_LEAVE_ONE_STATE_OUT_MEDIAN_COEF,S05_LEAVE_ONE_STATE_OUT_MEDIAN_COEF_K2,2,True
2025-07-11,2,7043,アルー,0.10312491655349731,True,1.0,0.6518904823989535,S05_LEAVE_ONE_STATE_OUT_MEDIAN_COEF,S05_LEAVE_ONE_STATE_OUT_MEDIAN_COEF_K2,2,True
2025-07-14,1,4437,ｇｏｏｄｄａｙｓホールディングス,0.11670064926147461,True,0.0,-0.7246376811594235,S05_LEAVE_ONE_STATE_OUT_MEDIAN_COEF,S05_LEAVE_ONE_STATE_OUT_MEDIAN_COEF_K2,2,True
2025-07-14,2,7043,アルー,0.11173596233129501,True,0.0,-0.13003901170350884,S05_LEAVE_ONE_STATE_OUT_MEDIAN_COEF,S05_LEAVE_ONE_STATE_OUT_MEDIAN_COEF_K2,2,True
2025-07-15,1,7043,アルー,0.11930825561285019,True,0.0,0.0,S05_LEAVE_ONE_STATE_OUT_MEDIAN_COEF,S05_LEAVE_ONE_STATE_OUT_MEDIAN_COEF_K2,2,True
2025-07-15,2,4976,東洋ドライルーブ,0.10279237478971481,True,0.0,-0.37359900373599153,S05_LEAVE_ONE_STATE_OUT_MEDIAN_COEF,S05_LEAVE_ONE_STATE_OUT_MEDIAN_COEF_K2,2,True
2025-07-16,1,7043,アルー,0.10537967830896378,True,1.0,0.6493506493506551,S05_LEAVE_ONE_STATE_OUT_MEDIAN_COEF,S05_LEAVE_ONE_STATE_OUT_MEDIAN_COEF_K2,2,True
2025-07-16,2,4437,ｇｏｏｄｄａｙｓホールディングス,0.08964654803276062,True,1.0,2.499999999999991,S05_LEAVE_ONE_STATE_OUT_MEDIAN_COEF,S05_LEAVE_ONE_STATE_OUT_MEDIAN_COEF_K2,2,True
2025-07-17,1,7043,アルー,0.10259287804365158,True,1.0,0.2600780234070177,S05_LEAVE_ONE_STATE_OUT_MEDIAN_COEF,S05_LEAVE_ONE_STATE_OUT_MEDIAN_COEF_K2,2,True
2025-07-17,2,6558,クックビズ,0.09478609263896942,True,0.0,0.0,S05_LEAVE_ONE_STATE_OUT_MEDIAN_COEF,S05_LEAVE_ONE_STATE_OUT_MEDIAN_COEF_K2,2,True
2025-07-18,1,7043,アルー,0.12044864147901535,True,1.0,0.1290322580645098,S05_LEAVE_ONE_STATE_OUT_MEDIAN_COEF,S05_LEAVE_ONE_STATE_OUT_MEDIAN_COEF_K2,2,True
2025-07-18,2,7808,シー・エス・ランバー,0.09317029267549515,True,1.0,0.33444816053511683,S05_LEAVE_ONE_STATE_OUT_MEDIAN_COEF,S05_LEAVE_ONE_STATE_OUT_MEDIAN_COEF_K2,2,True
2025-07-22,1,7043,アルー,0.10854940116405487,True,1.0,2.05920205920207,S05_LEAVE_ONE_STATE_OUT_MEDIAN_COEF,S05_LEAVE_ONE_STATE_OUT_MEDIAN_COEF_K2,2,True
2025-07-22,2,5945,天龍製鋸,0.0851421132683754,True,1.0,0.5208333333333259,S05_LEAVE_ONE_STATE_OUT_MEDIAN_COEF,S05_LEAVE_ONE_STATE_OUT_MEDIAN_COEF_K2,2,True
2025-07-23,1,7808,シー・エス・ランバー,0.08592470735311508,True,1.0,0.4366812227074135,S05_LEAVE_ONE_STATE_OUT_MEDIAN_COEF,S05_LEAVE_ONE_STATE_OUT_MEDIAN_COEF_K2,2,True
2025-07-23,2,5945,天龍製鋸,0.08115172386169434,True,1.0,0.4145077720207224,S05_LEAVE_ONE_STATE_OUT_MEDIAN_COEF,S05_LEAVE_ONE_STATE_OUT_MEDIAN_COEF_K2,2,True
2025-07-24,1,3271,ＴＨＥグローバル社,0.1080314964056015,True,1.0,1.1607142857142927,S05_LEAVE_ONE_STATE_OUT_MEDIAN_COEF,S05_LEAVE_ONE_STATE_OUT_MEDIAN_COEF_K2,2,True
2025-07-24,2,7808,シー・エス・ランバー,0.10463113337755203,True,1.0,1.655629139072845,S05_LEAVE_ONE_STATE_OUT_MEDIAN_COEF,S05_LEAVE_ONE_STATE_OUT_MEDIAN_COEF_K2,2,True
2025-07-25,1,9259,タカヨシホールディングス,0.11159646511077881,True,0.0,0.0,S05_LEAVE_ONE_STATE_OUT_MEDIAN_COEF,S05_LEAVE_ONE_STATE_OUT_MEDIAN_COEF_K2,2,True
2025-07-25,2,7634,星医療酸器,0.10998231917619705,True,1.0,0.439560439560438,S05_LEAVE_ONE_STATE_OUT_MEDIAN_COEF,S05_LEAVE_ONE_STATE_OUT_MEDIAN_COEF_K2,2,True
2025-07-28,1,9259,タカヨシホールディングス,0.1124008297920227,True,0.0,-0.14265335235378318,S05_LEAVE_ONE_STATE_OUT_MEDIAN_COEF,S05_LEAVE_ONE_STATE_OUT_MEDIAN_COEF_K2,2,True
2025-07-28,2,7634,星医療酸器,0.1079993024468422,True,0.0,0.0,S05_LEAVE_ONE_STATE_OUT_MEDIAN_COEF,S05_LEAVE_ONE_STATE_OUT_MEDIAN_COEF_K2,2,True
2025-07-29,1,9259,タカヨシホールディングス,0.11211388558149338,True,0.0,0.0,S05_LEAVE_ONE_STATE_OUT_MEDIAN_COEF,S05_LEAVE_ONE_STATE_OUT_MEDIAN_COEF_K2,2,True
2025-07-29,2,7043,アルー,0.10838247090578079,True,0.0,-0.37641154328732496,S05_LEAVE_ONE_STATE_OUT_MEDIAN_COEF,S05_LEAVE_ONE_STATE_OUT_MEDIAN_COEF_K2,2,True
2025-07-30,1,7043,アルー,0.10657280683517456,True,1.0,2.130325814536338,S05_LEAVE_ONE_STATE_OUT_MEDIAN_COEF,S05_LEAVE_ONE_STATE_OUT_MEDIAN_COEF_K2,2,True
2025-07-30,2,9345,ビズメイツ,0.10416227579116821,True,0.0,-0.20202020202020332,S05_LEAVE_ONE_STATE_OUT_MEDIAN_COEF,S05_LEAVE_ONE_STATE_OUT_MEDIAN_COEF_K2,2,True
2025-07-31,1,9259,タカヨシホールディングス,0.10661670565605164,True,1.0,0.14265335235377208,S05_LEAVE_ONE_STATE_OUT_MEDIAN_COEF,S05_LEAVE_ONE_STATE_OUT_MEDIAN_COEF_K2,2,True
2025-07-31,2,9254,ラバブルマーケティンググループ,0.10377108305692673,True,1.0,1.717967072297788,S05_LEAVE_ONE_STATE_OUT_MEDIAN_COEF,S05_LEAVE_ONE_STATE_OUT_MEDIAN_COEF_K2,2,True
2024-07-01,1,,,,,,,S06_UNSUPERVISED_LATENT_EXPERTS,S06_UNSUPERVISED_LATENT_EXPERTS_K1,1,False
2024-07-02,1,,,,,,,S06_UNSUPERVISED_LATENT_EXPERTS,S06_UNSUPERVISED_LATENT_EXPERTS_K1,1,False
2024-07-03,1,,,,,,,S06_UNSUPERVISED_LATENT_EXPERTS,S06_UNSUPERVISED_LATENT_EXPERTS_K1,1,False
2024-07-04,1,,,,,,,S06_UNSUPERVISED_LATENT_EXPERTS,S06_UNSUPERVISED_LATENT_EXPERTS_K1,1,False
2024-07-05,1,,,,,,,S06_UNSUPERVISED_LATENT_EXPERTS,S06_UNSUPERVISED_LATENT_EXPERTS_K1,1,False
2024-07-08,1,,,,,,,S06_UNSUPERVISED_LATENT_EXPERTS,S06_UNSUPERVISED_LATENT_EXPERTS_K1,1,False
2024-07-09,1,,,,,,,S06_UNSUPERVISED_LATENT_EXPERTS,S06_UNSUPERVISED_LATENT_EXPERTS_K1,1,False
2024-07-10,1,,,,,,,S06_UNSUPERVISED_LATENT_EXPERTS,S06_UNSUPERVISED_LATENT_EXPERTS_K1,1,False
2024-07-11,1,,,,,,,S06_UNSUPERVISED_LATENT_EXPERTS,S06_UNSUPERVISED_LATENT_EXPERTS_K1,1,False
2024-07-12,1,,,,,,,S06_UNSUPERVISED_LATENT_EXPERTS,S06_UNSUPERVISED_LATENT_EXPERTS_K1,1,False
2024-07-16,1,,,,,,,S06_UNSUPERVISED_LATENT_EXPERTS,S06_UNSUPERVISED_LATENT_EXPERTS_K1,1,False
2024-07-17,1,,,,,,,S06_UNSUPERVISED_LATENT_EXPERTS,S06_UNSUPERVISED_LATENT_EXPERTS_K1,1,False
2024-07-18,1,,,,,,,S06_UNSUPERVISED_LATENT_EXPERTS,S06_UNSUPERVISED_LATENT_EXPERTS_K1,1,False
2024-07-19,1,,,,,,,S06_UNSUPERVISED_LATENT_EXPERTS,S06_UNSUPERVISED_LATENT_EXPERTS_K1,1,False
2024-07-22,1,,,,,,,S06_UNSUPERVISED_LATENT_EXPERTS,S06_UNSUPERVISED_LATENT_EXPERTS_K1,1,False
2024-07-23,1,,,,,,,S06_UNSUPERVISED_LATENT_EXPERTS,S06_UNSUPERVISED_LATENT_EXPERTS_K1,1,False
2024-07-24,1,,,,,,,S06_UNSUPERVISED_LATENT_EXPERTS,S06_UNSUPERVISED_LATENT_EXPERTS_K1,1,False
2024-07-25,1,,,,,,,S06_UNSUPERVISED_LATENT_EXPERTS,S06_UNSUPERVISED_LATENT_EXPERTS_K1,1,False
2024-07-26,1,,,,,,,S06_UNSUPERVISED_LATENT_EXPERTS,S06_UNSUPERVISED_LATENT_EXPERTS_K1,1,False
2024-07-29,1,,,,,,,S06_UNSUPERVISED_LATENT_EXPERTS,S06_UNSUPERVISED_LATENT_EXPERTS_K1,1,False
2024-07-30,1,,,,,,,S06_UNSUPERVISED_LATENT_EXPERTS,S06_UNSUPERVISED_LATENT_EXPERTS_K1,1,False
2024-07-31,1,,,,,,,S06_UNSUPERVISED_LATENT_EXPERTS,S06_UNSUPERVISED_LATENT_EXPERTS_K1,1,False
2024-08-01,1,,,,,,,S06_UNSUPERVISED_LATENT_EXPERTS,S06_UNSUPERVISED_LATENT_EXPERTS_K1,1,False
2024-08-02,1,,,,,,,S06_UNSUPERVISED_LATENT_EXPERTS,S06_UNSUPERVISED_LATENT_EXPERTS_K1,1,False
2024-08-05,1,,,,,,,S06_UNSUPERVISED_LATENT_EXPERTS,S06_UNSUPERVISED_LATENT_EXPERTS_K1,1,False
2024-08-06,1,,,,,,,S06_UNSUPERVISED_LATENT_EXPERTS,S06_UNSUPERVISED_LATENT_EXPERTS_K1,1,False
2024-08-07,1,,,,,,,S06_UNSUPERVISED_LATENT_EXPERTS,S06_UNSUPERVISED_LATENT_EXPERTS_K1,1,False
2024-08-08,1,,,,,,,S06_UNSUPERVISED_LATENT_EXPERTS,S06_UNSUPERVISED_LATENT_EXPERTS_K1,1,False
2024-08-09,1,,,,,,,S06_UNSUPERVISED_LATENT_EXPERTS,S06_UNSUPERVISED_LATENT_EXPERTS_K1,1,False
2024-08-13,1,,,,,,,S06_UNSUPERVISED_LATENT_EXPERTS,S06_UNSUPERVISED_LATENT_EXPERTS_K1,1,False
2024-08-14,1,,,,,,,S06_UNSUPERVISED_LATENT_EXPERTS,S06_UNSUPERVISED_LATENT_EXPERTS_K1,1,False
2024-08-15,1,,,,,,,S06_UNSUPERVISED_LATENT_EXPERTS,S06_UNSUPERVISED_LATENT_EXPERTS_K1,1,False
2024-08-16,1,,,,,,,S06_UNSUPERVISED_LATENT_EXPERTS,S06_UNSUPERVISED_LATENT_EXPERTS_K1,1,False
2024-08-19,1,,,,,,,S06_UNSUPERVISED_LATENT_EXPERTS,S06_UNSUPERVISED_LATENT_EXPERTS_K1,1,False
2024-08-20,1,,,,,,,S06_UNSUPERVISED_LATENT_EXPERTS,S06_UNSUPERVISED_LATENT_EXPERTS_K1,1,False
2024-08-21,1,,,,,,,S06_UNSUPERVISED_LATENT_EXPERTS,S06_UNSUPERVISED_LATENT_EXPERTS_K1,1,False
2024-08-22,1,,,,,,,S06_UNSUPERVISED_LATENT_EXPERTS,S06_UNSUPERVISED_LATENT_EXPERTS_K1,1,False
2024-08-23,1,,,,,,,S06_UNSUPERVISED_LATENT_EXPERTS,S06_UNSUPERVISED_LATENT_EXPERTS_K1,1,False
2024-08-26,1,,,,,,,S06_UNSUPERVISED_LATENT_EXPERTS,S06_UNSUPERVISED_LATENT_EXPERTS_K1,1,False
2024-08-27,1,,,,,,,S06_UNSUPERVISED_LATENT_EXPERTS,S06_UNSUPERVISED_LATENT_EXPERTS_K1,1,False
2024-08-28,1,,,,,,,S06_UNSUPERVISED_LATENT_EXPERTS,S06_UNSUPERVISED_LATENT_EXPERTS_K1,1,False
2024-08-29,1,,,,,,,S06_UNSUPERVISED_LATENT_EXPERTS,S06_UNSUPERVISED_LATENT_EXPERTS_K1,1,False
2024-08-30,1,,,,,,,S06_UNSUPERVISED_LATENT_EXPERTS,S06_UNSUPERVISED_LATENT_EXPERTS_K1,1,False
2024-09-02,1,,,,,,,S06_UNSUPERVISED_LATENT_EXPERTS,S06_UNSUPERVISED_LATENT_EXPERTS_K1,1,False
2024-09-03,1,,,,,,,S06_UNSUPERVISED_LATENT_EXPERTS,S06_UNSUPERVISED_LATENT_EXPERTS_K1,1,False
2024-09-04,1,,,,,,,S06_UNSUPERVISED_LATENT_EXPERTS,S06_UNSUPERVISED_LATENT_EXPERTS_K1,1,False
2024-09-05,1,,,,,,,S06_UNSUPERVISED_LATENT_EXPERTS,S06_UNSUPERVISED_LATENT_EXPERTS_K1,1,False
2024-09-06,1,,,,,,,S06_UNSUPERVISED_LATENT_EXPERTS,S06_UNSUPERVISED_LATENT_EXPERTS_K1,1,False
2024-09-09,1,,,,,,,S06_UNSUPERVISED_LATENT_EXPERTS,S06_UNSUPERVISED_LATENT_EXPERTS_K1,1,False
2024-09-10,1,,,,,,,S06_UNSUPERVISED_LATENT_EXPERTS,S06_UNSUPERVISED_LATENT_EXPERTS_K1,1,False
2024-09-11,1,,,,,,,S06_UNSUPERVISED_LATENT_EXPERTS,S06_UNSUPERVISED_LATENT_EXPERTS_K1,1,False
2024-09-12,1,,,,,,,S06_UNSUPERVISED_LATENT_EXPERTS,S06_UNSUPERVISED_LATENT_EXPERTS_K1,1,False
2024-09-13,1,,,,,,,S06_UNSUPERVISED_LATENT_EXPERTS,S06_UNSUPERVISED_LATENT_EXPERTS_K1,1,False
2024-09-17,1,,,,,,,S06_UNSUPERVISED_LATENT_EXPERTS,S06_UNSUPERVISED_LATENT_EXPERTS_K1,1,False
2024-09-18,1,,,,,,,S06_UNSUPERVISED_LATENT_EXPERTS,S06_UNSUPERVISED_LATENT_EXPERTS_K1,1,False
2024-09-19,1,,,,,,,S06_UNSUPERVISED_LATENT_EXPERTS,S06_UNSUPERVISED_LATENT_EXPERTS_K1,1,False
2024-09-20,1,,,,,,,S06_UNSUPERVISED_LATENT_EXPERTS,S06_UNSUPERVISED_LATENT_EXPERTS_K1,1,False
2024-09-24,1,,,,,,,S06_UNSUPERVISED_LATENT_EXPERTS,S06_UNSUPERVISED_LATENT_EXPERTS_K1,1,False
2024-09-25,1,,,,,,,S06_UNSUPERVISED_LATENT_EXPERTS,S06_UNSUPERVISED_LATENT_EXPERTS_K1,1,False
2024-09-26,1,,,,,,,S06_UNSUPERVISED_LATENT_EXPERTS,S06_UNSUPERVISED_LATENT_EXPERTS_K1,1,False
2024-09-27,1,,,,,,,S06_UNSUPERVISED_LATENT_EXPERTS,S06_UNSUPERVISED_LATENT_EXPERTS_K1,1,False
2024-09-30,1,,,,,,,S06_UNSUPERVISED_LATENT_EXPERTS,S06_UNSUPERVISED_LATENT_EXPERTS_K1,1,False
2024-10-01,1,,,,,,,S06_UNSUPERVISED_LATENT_EXPERTS,S06_UNSUPERVISED_LATENT_EXPERTS_K1,1,False
2024-10-02,1,,,,,,,S06_UNSUPERVISED_LATENT_EXPERTS,S06_UNSUPERVISED_LATENT_EXPERTS_K1,1,False
2024-10-03,1,,,,,,,S06_UNSUPERVISED_LATENT_EXPERTS,S06_UNSUPERVISED_LATENT_EXPERTS_K1,1,False
2024-10-04,1,,,,,,,S06_UNSUPERVISED_LATENT_EXPERTS,S06_UNSUPERVISED_LATENT_EXPERTS_K1,1,False
2024-10-07,1,,,,,,,S06_UNSUPERVISED_LATENT_EXPERTS,S06_UNSUPERVISED_LATENT_EXPERTS_K1,1,False
2024-10-08,1,,,,,,,S06_UNSUPERVISED_LATENT_EXPERTS,S06_UNSUPERVISED_LATENT_EXPERTS_K1,1,False
2024-10-09,1,,,,,,,S06_UNSUPERVISED_LATENT_EXPERTS,S06_UNSUPERVISED_LATENT_EXPERTS_K1,1,False
2024-10-10,1,,,,,,,S06_UNSUPERVISED_LATENT_EXPERTS,S06_UNSUPERVISED_LATENT_EXPERTS_K1,1,False
2024-10-11,1,,,,,,,S06_UNSUPERVISED_LATENT_EXPERTS,S06_UNSUPERVISED_LATENT_EXPERTS_K1,1,False
2024-10-15,1,,,,,,,S06_UNSUPERVISED_LATENT_EXPERTS,S06_UNSUPERVISED_LATENT_EXPERTS_K1,1,False
2024-10-16,1,,,,,,,S06_UNSUPERVISED_LATENT_EXPERTS,S06_UNSUPERVISED_LATENT_EXPERTS_K1,1,False
2024-10-17,1,,,,,,,S06_UNSUPERVISED_LATENT_EXPERTS,S06_UNSUPERVISED_LATENT_EXPERTS_K1,1,False
2024-10-18,1,,,,,,,S06_UNSUPERVISED_LATENT_EXPERTS,S06_UNSUPERVISED_LATENT_EXPERTS_K1,1,False
2024-10-21,1,,,,,,,S06_UNSUPERVISED_LATENT_EXPERTS,S06_UNSUPERVISED_LATENT_EXPERTS_K1,1,False
2024-10-22,1,,,,,,,S06_UNSUPERVISED_LATENT_EXPERTS,S06_UNSUPERVISED_LATENT_EXPERTS_K1,1,False
2024-10-23,1,,,,,,,S06_UNSUPERVISED_LATENT_EXPERTS,S06_UNSUPERVISED_LATENT_EXPERTS_K1,1,False
2024-10-24,1,,,,,,,S06_UNSUPERVISED_LATENT_EXPERTS,S06_UNSUPERVISED_LATENT_EXPERTS_K1,1,False
2024-10-25,1,,,,,,,S06_UNSUPERVISED_LATENT_EXPERTS,S06_UNSUPERVISED_LATENT_EXPERTS_K1,1,False
2024-10-28,1,,,,,,,S06_UNSUPERVISED_LATENT_EXPERTS,S06_UNSUPERVISED_LATENT_EXPERTS_K1,1,False
2024-10-29,1,,,,,,,S06_UNSUPERVISED_LATENT_EXPERTS,S06_UNSUPERVISED_LATENT_EXPERTS_K1,1,False
2024-10-30,1,,,,,,,S06_UNSUPERVISED_LATENT_EXPERTS,S06_UNSUPERVISED_LATENT_EXPERTS_K1,1,False
2024-10-31,1,,,,,,,S06_UNSUPERVISED_LATENT_EXPERTS,S06_UNSUPERVISED_LATENT_EXPERTS_K1,1,False
2024-11-01,1,,,,,,,S06_UNSUPERVISED_LATENT_EXPERTS,S06_UNSUPERVISED_LATENT_EXPERTS_K1,1,False
2024-11-05,1,,,,,,,S06_UNSUPERVISED_LATENT_EXPERTS,S06_UNSUPERVISED_LATENT_EXPERTS_K1,1,False
2024-11-06,1,,,,,,,S06_UNSUPERVISED_LATENT_EXPERTS,S06_UNSUPERVISED_LATENT_EXPERTS_K1,1,False
2024-11-07,1,,,,,,,S06_UNSUPERVISED_LATENT_EXPERTS,S06_UNSUPERVISED_LATENT_EXPERTS_K1,1,False
2024-11-08,1,,,,,,,S06_UNSUPERVISED_LATENT_EXPERTS,S06_UNSUPERVISED_LATENT_EXPERTS_K1,1,False
2024-11-11,1,,,,,,,S06_UNSUPERVISED_LATENT_EXPERTS,S06_UNSUPERVISED_LATENT_EXPERTS_K1,1,False
2024-11-12,1,,,,,,,S06_UNSUPERVISED_LATENT_EXPERTS,S06_UNSUPERVISED_LATENT_EXPERTS_K1,1,False
2024-11-13,1,,,,,,,S06_UNSUPERVISED_LATENT_EXPERTS,S06_UNSUPERVISED_LATENT_EXPERTS_K1,1,False
2024-11-14,1,,,,,,,S06_UNSUPERVISED_LATENT_EXPERTS,S06_UNSUPERVISED_LATENT_EXPERTS_K1,1,False
2024-11-15,1,,,,,,,S06_UNSUPERVISED_LATENT_EXPERTS,S06_UNSUPERVISED_LATENT_EXPERTS_K1,1,False
2024-11-18,1,,,,,,,S06_UNSUPERVISED_LATENT_EXPERTS,S06_UNSUPERVISED_LATENT_EXPERTS_K1,1,False
2024-11-19,1,,,,,,,S06_UNSUPERVISED_LATENT_EXPERTS,S06_UNSUPERVISED_LATENT_EXPERTS_K1,1,False
2024-11-20,1,,,,,,,S06_UNSUPERVISED_LATENT_EXPERTS,S06_UNSUPERVISED_LATENT_EXPERTS_K1,1,False
2024-11-21,1,,,,,,,S06_UNSUPERVISED_LATENT_EXPERTS,S06_UNSUPERVISED_LATENT_EXPERTS_K1,1,False
2024-11-22,1,,,,,,,S06_UNSUPERVISED_LATENT_EXPERTS,S06_UNSUPERVISED_LATENT_EXPERTS_K1,1,False
2024-11-25,1,,,,,,,S06_UNSUPERVISED_LATENT_EXPERTS,S06_UNSUPERVISED_LATENT_EXPERTS_K1,1,False
2024-11-26,1,,,,,,,S06_UNSUPERVISED_LATENT_EXPERTS,S06_UNSUPERVISED_LATENT_EXPERTS_K1,1,False
2024-11-27,1,,,,,,,S06_UNSUPERVISED_LATENT_EXPERTS,S06_UNSUPERVISED_LATENT_EXPERTS_K1,1,False
2024-11-28,1,,,,,,,S06_UNSUPERVISED_LATENT_EXPERTS,S06_UNSUPERVISED_LATENT_EXPERTS_K1,1,False
2024-11-29,1,,,,,,,S06_UNSUPERVISED_LATENT_EXPERTS,S06_UNSUPERVISED_LATENT_EXPERTS_K1,1,False
2024-12-02,1,,,,,,,S06_UNSUPERVISED_LATENT_EXPERTS,S06_UNSUPERVISED_LATENT_EXPERTS_K1,1,False
2024-12-03,1,,,,,,,S06_UNSUPERVISED_LATENT_EXPERTS,S06_UNSUPERVISED_LATENT_EXPERTS_K1,1,False
2024-12-04,1,,,,,,,S06_UNSUPERVISED_LATENT_EXPERTS,S06_UNSUPERVISED_LATENT_EXPERTS_K1,1,False
2024-12-05,1,,,,,,,S06_UNSUPERVISED_LATENT_EXPERTS,S06_UNSUPERVISED_LATENT_EXPERTS_K1,1,False
2024-12-06,1,,,,,,,S06_UNSUPERVISED_LATENT_EXPERTS,S06_UNSUPERVISED_LATENT_EXPERTS_K1,1,False
2024-12-09,1,,,,,,,S06_UNSUPERVISED_LATENT_EXPERTS,S06_UNSUPERVISED_LATENT_EXPERTS_K1,1,False
2024-12-10,1,,,,,,,S06_UNSUPERVISED_LATENT_EXPERTS,S06_UNSUPERVISED_LATENT_EXPERTS_K1,1,False
2024-12-11,1,,,,,,,S06_UNSUPERVISED_LATENT_EXPERTS,S06_UNSUPERVISED_LATENT_EXPERTS_K1,1,False
2024-12-12,1,,,,,,,S06_UNSUPERVISED_LATENT_EXPERTS,S06_UNSUPERVISED_LATENT_EXPERTS_K1,1,False
2024-12-13,1,,,,,,,S06_UNSUPERVISED_LATENT_EXPERTS,S06_UNSUPERVISED_LATENT_EXPERTS_K1,1,False
2024-12-16,1,,,,,,,S06_UNSUPERVISED_LATENT_EXPERTS,S06_UNSUPERVISED_LATENT_EXPERTS_K1,1,False
2024-12-17,1,,,,,,,S06_UNSUPERVISED_LATENT_EXPERTS,S06_UNSUPERVISED_LATENT_EXPERTS_K1,1,False
2024-12-18,1,,,,,,,S06_UNSUPERVISED_LATENT_EXPERTS,S06_UNSUPERVISED_LATENT_EXPERTS_K1,1,False
2024-12-19,1,,,,,,,S06_UNSUPERVISED_LATENT_EXPERTS,S06_UNSUPERVISED_LATENT_EXPERTS_K1,1,False
2024-12-20,1,,,,,,,S06_UNSUPERVISED_LATENT_EXPERTS,S06_UNSUPERVISED_LATENT_EXPERTS_K1,1,False
2024-12-23,1,,,,,,,S06_UNSUPERVISED_LATENT_EXPERTS,S06_UNSUPERVISED_LATENT_EXPERTS_K1,1,False
2024-12-24,1,,,,,,,S06_UNSUPERVISED_LATENT_EXPERTS,S06_UNSUPERVISED_LATENT_EXPERTS_K1,1,False
2024-12-25,1,,,,,,,S06_UNSUPERVISED_LATENT_EXPERTS,S06_UNSUPERVISED_LATENT_EXPERTS_K1,1,False
2024-12-26,1,,,,,,,S06_UNSUPERVISED_LATENT_EXPERTS,S06_UNSUPERVISED_LATENT_EXPERTS_K1,1,False
2024-12-27,1,,,,,,,S06_UNSUPERVISED_LATENT_EXPERTS,S06_UNSUPERVISED_LATENT_EXPERTS_K1,1,False
2024-12-30,1,,,,,,,S06_UNSUPERVISED_LATENT_EXPERTS,S06_UNSUPERVISED_LATENT_EXPERTS_K1,1,False
2025-01-06,1,,,,,,,S06_UNSUPERVISED_LATENT_EXPERTS,S06_UNSUPERVISED_LATENT_EXPERTS_K1,1,False
2025-01-07,1,,,,,,,S06_UNSUPERVISED_LATENT_EXPERTS,S06_UNSUPERVISED_LATENT_EXPERTS_K1,1,False
2025-01-08,1,,,,,,,S06_UNSUPERVISED_LATENT_EXPERTS,S06_UNSUPERVISED_LATENT_EXPERTS_K1,1,False
2025-01-09,1,,,,,,,S06_UNSUPERVISED_LATENT_EXPERTS,S06_UNSUPERVISED_LATENT_EXPERTS_K1,1,False
2025-01-10,1,,,,,,,S06_UNSUPERVISED_LATENT_EXPERTS,S06_UNSUPERVISED_LATENT_EXPERTS_K1,1,False
2025-01-14,1,,,,,,,S06_UNSUPERVISED_LATENT_EXPERTS,S06_UNSUPERVISED_LATENT_EXPERTS_K1,1,False
2025-01-15,1,,,,,,,S06_UNSUPERVISED_LATENT_EXPERTS,S06_UNSUPERVISED_LATENT_EXPERTS_K1,1,False
2025-01-16,1,,,,,,,S06_UNSUPERVISED_LATENT_EXPERTS,S06_UNSUPERVISED_LATENT_EXPERTS_K1,1,False
2025-01-17,1,,,,,,,S06_UNSUPERVISED_LATENT_EXPERTS,S06_UNSUPERVISED_LATENT_EXPERTS_K1,1,False
2025-01-20,1,,,,,,,S06_UNSUPERVISED_LATENT_EXPERTS,S06_UNSUPERVISED_LATENT_EXPERTS_K1,1,False
2025-01-21,1,,,,,,,S06_UNSUPERVISED_LATENT_EXPERTS,S06_UNSUPERVISED_LATENT_EXPERTS_K1,1,False
2025-01-22,1,,,,,,,S06_UNSUPERVISED_LATENT_EXPERTS,S06_UNSUPERVISED_LATENT_EXPERTS_K1,1,False
2025-01-23,1,,,,,,,S06_UNSUPERVISED_LATENT_EXPERTS,S06_UNSUPERVISED_LATENT_EXPERTS_K1,1,False
2025-01-24,1,,,,,,,S06_UNSUPERVISED_LATENT_EXPERTS,S06_UNSUPERVISED_LATENT_EXPERTS_K1,1,False
2025-01-27,1,,,,,,,S06_UNSUPERVISED_LATENT_EXPERTS,S06_UNSUPERVISED_LATENT_EXPERTS_K1,1,False
2025-01-28,1,,,,,,,S06_UNSUPERVISED_LATENT_EXPERTS,S06_UNSUPERVISED_LATENT_EXPERTS_K1,1,False
2025-01-29,1,,,,,,,S06_UNSUPERVISED_LATENT_EXPERTS,S06_UNSUPERVISED_LATENT_EXPERTS_K1,1,False
2025-01-30,1,,,,,,,S06_UNSUPERVISED_LATENT_EXPERTS,S06_UNSUPERVISED_LATENT_EXPERTS_K1,1,False
2025-01-31,1,,,,,,,S06_UNSUPERVISED_LATENT_EXPERTS,S06_UNSUPERVISED_LATENT_EXPERTS_K1,1,False
2025-02-03,1,,,,,,,S06_UNSUPERVISED_LATENT_EXPERTS,S06_UNSUPERVISED_LATENT_EXPERTS_K1,1,False
2025-02-04,1,,,,,,,S06_UNSUPERVISED_LATENT_EXPERTS,S06_UNSUPERVISED_LATENT_EXPERTS_K1,1,False
2025-02-05,1,,,,,,,S06_UNSUPERVISED_LATENT_EXPERTS,S06_UNSUPERVISED_LATENT_EXPERTS_K1,1,False
2025-02-06,1,,,,,,,S06_UNSUPERVISED_LATENT_EXPERTS,S06_UNSUPERVISED_LATENT_EXPERTS_K1,1,False
2025-02-07,1,,,,,,,S06_UNSUPERVISED_LATENT_EXPERTS,S06_UNSUPERVISED_LATENT_EXPERTS_K1,1,False
2025-02-10,1,,,,,,,S06_UNSUPERVISED_LATENT_EXPERTS,S06_UNSUPERVISED_LATENT_EXPERTS_K1,1,False
2025-02-12,1,,,,,,,S06_UNSUPERVISED_LATENT_EXPERTS,S06_UNSUPERVISED_LATENT_EXPERTS_K1,1,False
2025-02-13,1,,,,,,,S06_UNSUPERVISED_LATENT_EXPERTS,S06_UNSUPERVISED_LATENT_EXPERTS_K1,1,False
2025-02-14,1,,,,,,,S06_UNSUPERVISED_LATENT_EXPERTS,S06_UNSUPERVISED_LATENT_EXPERTS_K1,1,False
2025-02-17,1,,,,,,,S06_UNSUPERVISED_LATENT_EXPERTS,S06_UNSUPERVISED_LATENT_EXPERTS_K1,1,False
2025-02-18,1,,,,,,,S06_UNSUPERVISED_LATENT_EXPERTS,S06_UNSUPERVISED_LATENT_EXPERTS_K1,1,False
2025-02-19,1,,,,,,,S06_UNSUPERVISED_LATENT_EXPERTS,S06_UNSUPERVISED_LATENT_EXPERTS_K1,1,False
2025-02-20,1,,,,,,,S06_UNSUPERVISED_LATENT_EXPERTS,S06_UNSUPERVISED_LATENT_EXPERTS_K1,1,False
2025-02-21,1,,,,,,,S06_UNSUPERVISED_LATENT_EXPERTS,S06_UNSUPERVISED_LATENT_EXPERTS_K1,1,False
2025-02-25,1,,,,,,,S06_UNSUPERVISED_LATENT_EXPERTS,S06_UNSUPERVISED_LATENT_EXPERTS_K1,1,False
2025-02-26,1,,,,,,,S06_UNSUPERVISED_LATENT_EXPERTS,S06_UNSUPERVISED_LATENT_EXPERTS_K1,1,False
2025-02-27,1,,,,,,,S06_UNSUPERVISED_LATENT_EXPERTS,S06_UNSUPERVISED_LATENT_EXPERTS_K1,1,False
2025-02-28,1,,,,,,,S06_UNSUPERVISED_LATENT_EXPERTS,S06_UNSUPERVISED_LATENT_EXPERTS_K1,1,False
2025-03-03,1,,,,,,,S06_UNSUPERVISED_LATENT_EXPERTS,S06_UNSUPERVISED_LATENT_EXPERTS_K1,1,False
2025-03-04,1,,,,,,,S06_UNSUPERVISED_LATENT_EXPERTS,S06_UNSUPERVISED_LATENT_EXPERTS_K1,1,False
2025-03-05,1,,,,,,,S06_UNSUPERVISED_LATENT_EXPERTS,S06_UNSUPERVISED_LATENT_EXPERTS_K1,1,False
2025-03-06,1,,,,,,,S06_UNSUPERVISED_LATENT_EXPERTS,S06_UNSUPERVISED_LATENT_EXPERTS_K1,1,False
2025-03-07,1,,,,,,,S06_UNSUPERVISED_LATENT_EXPERTS,S06_UNSUPERVISED_LATENT_EXPERTS_K1,1,False
2025-03-10,1,,,,,,,S06_UNSUPERVISED_LATENT_EXPERTS,S06_UNSUPERVISED_LATENT_EXPERTS_K1,1,False
2025-03-11,1,,,,,,,S06_UNSUPERVISED_LATENT_EXPERTS,S06_UNSUPERVISED_LATENT_EXPERTS_K1,1,False
2025-03-12,1,,,,,,,S06_UNSUPERVISED_LATENT_EXPERTS,S06_UNSUPERVISED_LATENT_EXPERTS_K1,1,False
2025-03-13,1,,,,,,,S06_UNSUPERVISED_LATENT_EXPERTS,S06_UNSUPERVISED_LATENT_EXPERTS_K1,1,False
2025-03-14,1,,,,,,,S06_UNSUPERVISED_LATENT_EXPERTS,S06_UNSUPERVISED_LATENT_EXPERTS_K1,1,False
2025-03-17,1,,,,,,,S06_UNSUPERVISED_LATENT_EXPERTS,S06_UNSUPERVISED_LATENT_EXPERTS_K1,1,False
2025-03-18,1,,,,,,,S06_UNSUPERVISED_LATENT_EXPERTS,S06_UNSUPERVISED_LATENT_EXPERTS_K1,1,False
2025-03-19,1,,,,,,,S06_UNSUPERVISED_LATENT_EXPERTS,S06_UNSUPERVISED_LATENT_EXPERTS_K1,1,False
2025-03-21,1,,,,,,,S06_UNSUPERVISED_LATENT_EXPERTS,S06_UNSUPERVISED_LATENT_EXPERTS_K1,1,False
2025-03-24,1,,,,,,,S06_UNSUPERVISED_LATENT_EXPERTS,S06_UNSUPERVISED_LATENT_EXPERTS_K1,1,False
2025-03-25,1,,,,,,,S06_UNSUPERVISED_LATENT_EXPERTS,S06_UNSUPERVISED_LATENT_EXPERTS_K1,1,False
2025-03-26,1,,,,,,,S06_UNSUPERVISED_LATENT_EXPERTS,S06_UNSUPERVISED_LATENT_EXPERTS_K1,1,False
2025-03-27,1,,,,,,,S06_UNSUPERVISED_LATENT_EXPERTS,S06_UNSUPERVISED_LATENT_EXPERTS_K1,1,False
2025-03-28,1,,,,,,,S06_UNSUPERVISED_LATENT_EXPERTS,S06_UNSUPERVISED_LATENT_EXPERTS_K1,1,False
2025-03-31,1,,,,,,,S06_UNSUPERVISED_LATENT_EXPERTS,S06_UNSUPERVISED_LATENT_EXPERTS_K1,1,False
2025-04-01,1,,,,,,,S06_UNSUPERVISED_LATENT_EXPERTS,S06_UNSUPERVISED_LATENT_EXPERTS_K1,1,False
2025-04-02,1,,,,,,,S06_UNSUPERVISED_LATENT_EXPERTS,S06_UNSUPERVISED_LATENT_EXPERTS_K1,1,False
2025-04-03,1,,,,,,,S06_UNSUPERVISED_LATENT_EXPERTS,S06_UNSUPERVISED_LATENT_EXPERTS_K1,1,False
2025-04-04,1,,,,,,,S06_UNSUPERVISED_LATENT_EXPERTS,S06_UNSUPERVISED_LATENT_EXPERTS_K1,1,False
2025-04-07,1,,,,,,,S06_UNSUPERVISED_LATENT_EXPERTS,S06_UNSUPERVISED_LATENT_EXPERTS_K1,1,False
2025-04-08,1,,,,,,,S06_UNSUPERVISED_LATENT_EXPERTS,S06_UNSUPERVISED_LATENT_EXPERTS_K1,1,False
2025-04-09,1,,,,,,,S06_UNSUPERVISED_LATENT_EXPERTS,S06_UNSUPERVISED_LATENT_EXPERTS_K1,1,False
2025-04-10,1,,,,,,,S06_UNSUPERVISED_LATENT_EXPERTS,S06_UNSUPERVISED_LATENT_EXPERTS_K1,1,False
2025-04-11,1,,,,,,,S06_UNSUPERVISED_LATENT_EXPERTS,S06_UNSUPERVISED_LATENT_EXPERTS_K1,1,False
2025-04-14,1,,,,,,,S06_UNSUPERVISED_LATENT_EXPERTS,S06_UNSUPERVISED_LATENT_EXPERTS_K1,1,False
2025-04-15,1,,,,,,,S06_UNSUPERVISED_LATENT_EXPERTS,S06_UNSUPERVISED_LATENT_EXPERTS_K1,1,False
2025-04-16,1,,,,,,,S06_UNSUPERVISED_LATENT_EXPERTS,S06_UNSUPERVISED_LATENT_EXPERTS_K1,1,False
2025-04-17,1,,,,,,,S06_UNSUPERVISED_LATENT_EXPERTS,S06_UNSUPERVISED_LATENT_EXPERTS_K1,1,False
2025-04-18,1,,,,,,,S06_UNSUPERVISED_LATENT_EXPERTS,S06_UNSUPERVISED_LATENT_EXPERTS_K1,1,False
2025-04-21,1,,,,,,,S06_UNSUPERVISED_LATENT_EXPERTS,S06_UNSUPERVISED_LATENT_EXPERTS_K1,1,False
2025-04-22,1,,,,,,,S06_UNSUPERVISED_LATENT_EXPERTS,S06_UNSUPERVISED_LATENT_EXPERTS_K1,1,False
2025-04-23,1,,,,,,,S06_UNSUPERVISED_LATENT_EXPERTS,S06_UNSUPERVISED_LATENT_EXPERTS_K1,1,False
2025-04-24,1,,,,,,,S06_UNSUPERVISED_LATENT_EXPERTS,S06_UNSUPERVISED_LATENT_EXPERTS_K1,1,False
2025-04-25,1,,,,,,,S06_UNSUPERVISED_LATENT_EXPERTS,S06_UNSUPERVISED_LATENT_EXPERTS_K1,1,False
2025-04-28,1,,,,,,,S06_UNSUPERVISED_LATENT_EXPERTS,S06_UNSUPERVISED_LATENT_EXPERTS_K1,1,False
2025-04-30,1,,,,,,,S06_UNSUPERVISED_LATENT_EXPERTS,S06_UNSUPERVISED_LATENT_EXPERTS_K1,1,False
2025-05-01,1,,,,,,,S06_UNSUPERVISED_LATENT_EXPERTS,S06_UNSUPERVISED_LATENT_EXPERTS_K1,1,False
2025-05-02,1,,,,,,,S06_UNSUPERVISED_LATENT_EXPERTS,S06_UNSUPERVISED_LATENT_EXPERTS_K1,1,False
2025-05-07,1,,,,,,,S06_UNSUPERVISED_LATENT_EXPERTS,S06_UNSUPERVISED_LATENT_EXPERTS_K1,1,False
2025-05-08,1,,,,,,,S06_UNSUPERVISED_LATENT_EXPERTS,S06_UNSUPERVISED_LATENT_EXPERTS_K1,1,False
2025-05-09,1,,,,,,,S06_UNSUPERVISED_LATENT_EXPERTS,S06_UNSUPERVISED_LATENT_EXPERTS_K1,1,False
2025-05-12,1,,,,,,,S06_UNSUPERVISED_LATENT_EXPERTS,S06_UNSUPERVISED_LATENT_EXPERTS_K1,1,False
2025-05-13,1,,,,,,,S06_UNSUPERVISED_LATENT_EXPERTS,S06_UNSUPERVISED_LATENT_EXPERTS_K1,1,False
2025-05-14,1,,,,,,,S06_UNSUPERVISED_LATENT_EXPERTS,S06_UNSUPERVISED_LATENT_EXPERTS_K1,1,False
2025-05-15,1,,,,,,,S06_UNSUPERVISED_LATENT_EXPERTS,S06_UNSUPERVISED_LATENT_EXPERTS_K1,1,False
2025-05-16,1,,,,,,,S06_UNSUPERVISED_LATENT_EXPERTS,S06_UNSUPERVISED_LATENT_EXPERTS_K1,1,False
2025-05-19,1,,,,,,,S06_UNSUPERVISED_LATENT_EXPERTS,S06_UNSUPERVISED_LATENT_EXPERTS_K1,1,False
2025-05-20,1,,,,,,,S06_UNSUPERVISED_LATENT_EXPERTS,S06_UNSUPERVISED_LATENT_EXPERTS_K1,1,False
2025-05-21,1,,,,,,,S06_UNSUPERVISED_LATENT_EXPERTS,S06_UNSUPERVISED_LATENT_EXPERTS_K1,1,False
2025-05-22,1,,,,,,,S06_UNSUPERVISED_LATENT_EXPERTS,S06_UNSUPERVISED_LATENT_EXPERTS_K1,1,False
2025-05-23,1,,,,,,,S06_UNSUPERVISED_LATENT_EXPERTS,S06_UNSUPERVISED_LATENT_EXPERTS_K1,1,False
2025-05-26,1,,,,,,,S06_UNSUPERVISED_LATENT_EXPERTS,S06_UNSUPERVISED_LATENT_EXPERTS_K1,1,False
2025-05-27,1,,,,,,,S06_UNSUPERVISED_LATENT_EXPERTS,S06_UNSUPERVISED_LATENT_EXPERTS_K1,1,False
2025-05-28,1,,,,,,,S06_UNSUPERVISED_LATENT_EXPERTS,S06_UNSUPERVISED_LATENT_EXPERTS_K1,1,False
2025-05-29,1,,,,,,,S06_UNSUPERVISED_LATENT_EXPERTS,S06_UNSUPERVISED_LATENT_EXPERTS_K1,1,False
2025-05-30,1,,,,,,,S06_UNSUPERVISED_LATENT_EXPERTS,S06_UNSUPERVISED_LATENT_EXPERTS_K1,1,False
2025-06-02,1,,,,,,,S06_UNSUPERVISED_LATENT_EXPERTS,S06_UNSUPERVISED_LATENT_EXPERTS_K1,1,False
2025-06-03,1,,,,,,,S06_UNSUPERVISED_LATENT_EXPERTS,S06_UNSUPERVISED_LATENT_EXPERTS_K1,1,False
2025-06-04,1,,,,,,,S06_UNSUPERVISED_LATENT_EXPERTS,S06_UNSUPERVISED_LATENT_EXPERTS_K1,1,False
2025-06-05,1,,,,,,,S06_UNSUPERVISED_LATENT_EXPERTS,S06_UNSUPERVISED_LATENT_EXPERTS_K1,1,False
2025-06-06,1,,,,,,,S06_UNSUPERVISED_LATENT_EXPERTS,S06_UNSUPERVISED_LATENT_EXPERTS_K1,1,False
2025-06-09,1,,,,,,,S06_UNSUPERVISED_LATENT_EXPERTS,S06_UNSUPERVISED_LATENT_EXPERTS_K1,1,False
2025-06-10,1,,,,,,,S06_UNSUPERVISED_LATENT_EXPERTS,S06_UNSUPERVISED_LATENT_EXPERTS_K1,1,False
2025-06-11,1,,,,,,,S06_UNSUPERVISED_LATENT_EXPERTS,S06_UNSUPERVISED_LATENT_EXPERTS_K1,1,False
2025-06-12,1,,,,,,,S06_UNSUPERVISED_LATENT_EXPERTS,S06_UNSUPERVISED_LATENT_EXPERTS_K1,1,False
2025-06-13,1,,,,,,,S06_UNSUPERVISED_LATENT_EXPERTS,S06_UNSUPERVISED_LATENT_EXPERTS_K1,1,False
2025-06-16,1,,,,,,,S06_UNSUPERVISED_LATENT_EXPERTS,S06_UNSUPERVISED_LATENT_EXPERTS_K1,1,False
2025-06-17,1,,,,,,,S06_UNSUPERVISED_LATENT_EXPERTS,S06_UNSUPERVISED_LATENT_EXPERTS_K1,1,False
2025-06-18,1,,,,,,,S06_UNSUPERVISED_LATENT_EXPERTS,S06_UNSUPERVISED_LATENT_EXPERTS_K1,1,False
2025-06-19,1,,,,,,,S06_UNSUPERVISED_LATENT_EXPERTS,S06_UNSUPERVISED_LATENT_EXPERTS_K1,1,False
2025-06-20,1,,,,,,,S06_UNSUPERVISED_LATENT_EXPERTS,S06_UNSUPERVISED_LATENT_EXPERTS_K1,1,False
2025-06-23,1,,,,,,,S06_UNSUPERVISED_LATENT_EXPERTS,S06_UNSUPERVISED_LATENT_EXPERTS_K1,1,False
2025-06-24,1,,,,,,,S06_UNSUPERVISED_LATENT_EXPERTS,S06_UNSUPERVISED_LATENT_EXPERTS_K1,1,False
2025-06-25,1,,,,,,,S06_UNSUPERVISED_LATENT_EXPERTS,S06_UNSUPERVISED_LATENT_EXPERTS_K1,1,False
2025-06-26,1,,,,,,,S06_UNSUPERVISED_LATENT_EXPERTS,S06_UNSUPERVISED_LATENT_EXPERTS_K1,1,False
2025-06-27,1,,,,,,,S06_UNSUPERVISED_LATENT_EXPERTS,S06_UNSUPERVISED_LATENT_EXPERTS_K1,1,False
2025-06-30,1,,,,,,,S06_UNSUPERVISED_LATENT_EXPERTS,S06_UNSUPERVISED_LATENT_EXPERTS_K1,1,False
2025-07-01,1,,,,,,,S06_UNSUPERVISED_LATENT_EXPERTS,S06_UNSUPERVISED_LATENT_EXPERTS_K1,1,False
2025-07-02,1,,,,,,,S06_UNSUPERVISED_LATENT_EXPERTS,S06_UNSUPERVISED_LATENT_EXPERTS_K1,1,False
2025-07-03,1,,,,,,,S06_UNSUPERVISED_LATENT_EXPERTS,S06_UNSUPERVISED_LATENT_EXPERTS_K1,1,False
2025-07-04,1,,,,,,,S06_UNSUPERVISED_LATENT_EXPERTS,S06_UNSUPERVISED_LATENT_EXPERTS_K1,1,False
2025-07-07,1,,,,,,,S06_UNSUPERVISED_LATENT_EXPERTS,S06_UNSUPERVISED_LATENT_EXPERTS_K1,1,False
2025-07-08,1,,,,,,,S06_UNSUPERVISED_LATENT_EXPERTS,S06_UNSUPERVISED_LATENT_EXPERTS_K1,1,False
2025-07-09,1,,,,,,,S06_UNSUPERVISED_LATENT_EXPERTS,S06_UNSUPERVISED_LATENT_EXPERTS_K1,1,False
2025-07-10,1,,,,,,,S06_UNSUPERVISED_LATENT_EXPERTS,S06_UNSUPERVISED_LATENT_EXPERTS_K1,1,False
2025-07-11,1,,,,,,,S06_UNSUPERVISED_LATENT_EXPERTS,S06_UNSUPERVISED_LATENT_EXPERTS_K1,1,False
2025-07-14,1,,,,,,,S06_UNSUPERVISED_LATENT_EXPERTS,S06_UNSUPERVISED_LATENT_EXPERTS_K1,1,False
2025-07-15,1,,,,,,,S06_UNSUPERVISED_LATENT_EXPERTS,S06_UNSUPERVISED_LATENT_EXPERTS_K1,1,False
2025-07-16,1,,,,,,,S06_UNSUPERVISED_LATENT_EXPERTS,S06_UNSUPERVISED_LATENT_EXPERTS_K1,1,False
2025-07-17,1,,,,,,,S06_UNSUPERVISED_LATENT_EXPERTS,S06_UNSUPERVISED_LATENT_EXPERTS_K1,1,False
2025-07-18,1,,,,,,,S06_UNSUPERVISED_LATENT_EXPERTS,S06_UNSUPERVISED_LATENT_EXPERTS_K1,1,False
2025-07-22,1,,,,,,,S06_UNSUPERVISED_LATENT_EXPERTS,S06_UNSUPERVISED_LATENT_EXPERTS_K1,1,False
2025-07-23,1,,,,,,,S06_UNSUPERVISED_LATENT_EXPERTS,S06_UNSUPERVISED_LATENT_EXPERTS_K1,1,False
2025-07-24,1,,,,,,,S06_UNSUPERVISED_LATENT_EXPERTS,S06_UNSUPERVISED_LATENT_EXPERTS_K1,1,False
2025-07-25,1,,,,,,,S06_UNSUPERVISED_LATENT_EXPERTS,S06_UNSUPERVISED_LATENT_EXPERTS_K1,1,False
2025-07-28,1,,,,,,,S06_UNSUPERVISED_LATENT_EXPERTS,S06_UNSUPERVISED_LATENT_EXPERTS_K1,1,False
2025-07-29,1,,,,,,,S06_UNSUPERVISED_LATENT_EXPERTS,S06_UNSUPERVISED_LATENT_EXPERTS_K1,1,False
2025-07-30,1,,,,,,,S06_UNSUPERVISED_LATENT_EXPERTS,S06_UNSUPERVISED_LATENT_EXPERTS_K1,1,False
2025-07-31,1,,,,,,,S06_UNSUPERVISED_LATENT_EXPERTS,S06_UNSUPERVISED_LATENT_EXPERTS_K1,1,False
2024-07-01,1,,,,,,,S06_UNSUPERVISED_LATENT_EXPERTS,S06_UNSUPERVISED_LATENT_EXPERTS_K2,2,False
2024-07-01,2,,,,,,,S06_UNSUPERVISED_LATENT_EXPERTS,S06_UNSUPERVISED_LATENT_EXPERTS_K2,2,False
2024-07-02,1,,,,,,,S06_UNSUPERVISED_LATENT_EXPERTS,S06_UNSUPERVISED_LATENT_EXPERTS_K2,2,False
2024-07-02,2,,,,,,,S06_UNSUPERVISED_LATENT_EXPERTS,S06_UNSUPERVISED_LATENT_EXPERTS_K2,2,False
2024-07-03,1,,,,,,,S06_UNSUPERVISED_LATENT_EXPERTS,S06_UNSUPERVISED_LATENT_EXPERTS_K2,2,False
2024-07-03,2,,,,,,,S06_UNSUPERVISED_LATENT_EXPERTS,S06_UNSUPERVISED_LATENT_EXPERTS_K2,2,False
2024-07-04,1,,,,,,,S06_UNSUPERVISED_LATENT_EXPERTS,S06_UNSUPERVISED_LATENT_EXPERTS_K2,2,False
2024-07-04,2,,,,,,,S06_UNSUPERVISED_LATENT_EXPERTS,S06_UNSUPERVISED_LATENT_EXPERTS_K2,2,False
2024-07-05,1,,,,,,,S06_UNSUPERVISED_LATENT_EXPERTS,S06_UNSUPERVISED_LATENT_EXPERTS_K2,2,False
2024-07-05,2,,,,,,,S06_UNSUPERVISED_LATENT_EXPERTS,S06_UNSUPERVISED_LATENT_EXPERTS_K2,2,False
2024-07-08,1,,,,,,,S06_UNSUPERVISED_LATENT_EXPERTS,S06_UNSUPERVISED_LATENT_EXPERTS_K2,2,False
2024-07-08,2,,,,,,,S06_UNSUPERVISED_LATENT_EXPERTS,S06_UNSUPERVISED_LATENT_EXPERTS_K2,2,False
2024-07-09,1,,,,,,,S06_UNSUPERVISED_LATENT_EXPERTS,S06_UNSUPERVISED_LATENT_EXPERTS_K2,2,False
2024-07-09,2,,,,,,,S06_UNSUPERVISED_LATENT_EXPERTS,S06_UNSUPERVISED_LATENT_EXPERTS_K2,2,False
2024-07-10,1,,,,,,,S06_UNSUPERVISED_LATENT_EXPERTS,S06_UNSUPERVISED_LATENT_EXPERTS_K2,2,False
2024-07-10,2,,,,,,,S06_UNSUPERVISED_LATENT_EXPERTS,S06_UNSUPERVISED_LATENT_EXPERTS_K2,2,False
2024-07-11,1,,,,,,,S06_UNSUPERVISED_LATENT_EXPERTS,S06_UNSUPERVISED_LATENT_EXPERTS_K2,2,False
2024-07-11,2,,,,,,,S06_UNSUPERVISED_LATENT_EXPERTS,S06_UNSUPERVISED_LATENT_EXPERTS_K2,2,False
2024-07-12,1,,,,,,,S06_UNSUPERVISED_LATENT_EXPERTS,S06_UNSUPERVISED_LATENT_EXPERTS_K2,2,False
2024-07-12,2,,,,,,,S06_UNSUPERVISED_LATENT_EXPERTS,S06_UNSUPERVISED_LATENT_EXPERTS_K2,2,False
2024-07-16,1,,,,,,,S06_UNSUPERVISED_LATENT_EXPERTS,S06_UNSUPERVISED_LATENT_EXPERTS_K2,2,False
2024-07-16,2,,,,,,,S06_UNSUPERVISED_LATENT_EXPERTS,S06_UNSUPERVISED_LATENT_EXPERTS_K2,2,False
2024-07-17,1,,,,,,,S06_UNSUPERVISED_LATENT_EXPERTS,S06_UNSUPERVISED_LATENT_EXPERTS_K2,2,False
2024-07-17,2,,,,,,,S06_UNSUPERVISED_LATENT_EXPERTS,S06_UNSUPERVISED_LATENT_EXPERTS_K2,2,False
2024-07-18,1,,,,,,,S06_UNSUPERVISED_LATENT_EXPERTS,S06_UNSUPERVISED_LATENT_EXPERTS_K2,2,False
2024-07-18,2,,,,,,,S06_UNSUPERVISED_LATENT_EXPERTS,S06_UNSUPERVISED_LATENT_EXPERTS_K2,2,False
2024-07-19,1,,,,,,,S06_UNSUPERVISED_LATENT_EXPERTS,S06_UNSUPERVISED_LATENT_EXPERTS_K2,2,False
2024-07-19,2,,,,,,,S06_UNSUPERVISED_LATENT_EXPERTS,S06_UNSUPERVISED_LATENT_EXPERTS_K2,2,False
2024-07-22,1,,,,,,,S06_UNSUPERVISED_LATENT_EXPERTS,S06_UNSUPERVISED_LATENT_EXPERTS_K2,2,False
2024-07-22,2,,,,,,,S06_UNSUPERVISED_LATENT_EXPERTS,S06_UNSUPERVISED_LATENT_EXPERTS_K2,2,False
2024-07-23,1,,,,,,,S06_UNSUPERVISED_LATENT_EXPERTS,S06_UNSUPERVISED_LATENT_EXPERTS_K2,2,False
2024-07-23,2,,,,,,,S06_UNSUPERVISED_LATENT_EXPERTS,S06_UNSUPERVISED_LATENT_EXPERTS_K2,2,False
2024-07-24,1,,,,,,,S06_UNSUPERVISED_LATENT_EXPERTS,S06_UNSUPERVISED_LATENT_EXPERTS_K2,2,False
2024-07-24,2,,,,,,,S06_UNSUPERVISED_LATENT_EXPERTS,S06_UNSUPERVISED_LATENT_EXPERTS_K2,2,False
2024-07-25,1,,,,,,,S06_UNSUPERVISED_LATENT_EXPERTS,S06_UNSUPERVISED_LATENT_EXPERTS_K2,2,False
2024-07-25,2,,,,,,,S06_UNSUPERVISED_LATENT_EXPERTS,S06_UNSUPERVISED_LATENT_EXPERTS_K2,2,False
2024-07-26,1,,,,,,,S06_UNSUPERVISED_LATENT_EXPERTS,S06_UNSUPERVISED_LATENT_EXPERTS_K2,2,False
2024-07-26,2,,,,,,,S06_UNSUPERVISED_LATENT_EXPERTS,S06_UNSUPERVISED_LATENT_EXPERTS_K2,2,False
2024-07-29,1,,,,,,,S06_UNSUPERVISED_LATENT_EXPERTS,S06_UNSUPERVISED_LATENT_EXPERTS_K2,2,False
2024-07-29,2,,,,,,,S06_UNSUPERVISED_LATENT_EXPERTS,S06_UNSUPERVISED_LATENT_EXPERTS_K2,2,False
2024-07-30,1,,,,,,,S06_UNSUPERVISED_LATENT_EXPERTS,S06_UNSUPERVISED_LATENT_EXPERTS_K2,2,False
2024-07-30,2,,,,,,,S06_UNSUPERVISED_LATENT_EXPERTS,S06_UNSUPERVISED_LATENT_EXPERTS_K2,2,False
2024-07-31,1,,,,,,,S06_UNSUPERVISED_LATENT_EXPERTS,S06_UNSUPERVISED_LATENT_EXPERTS_K2,2,False
2024-07-31,2,,,,,,,S06_UNSUPERVISED_LATENT_EXPERTS,S06_UNSUPERVISED_LATENT_EXPERTS_K2,2,False
2024-08-01,1,,,,,,,S06_UNSUPERVISED_LATENT_EXPERTS,S06_UNSUPERVISED_LATENT_EXPERTS_K2,2,False
2024-08-01,2,,,,,,,S06_UNSUPERVISED_LATENT_EXPERTS,S06_UNSUPERVISED_LATENT_EXPERTS_K2,2,False
2024-08-02,1,,,,,,,S06_UNSUPERVISED_LATENT_EXPERTS,S06_UNSUPERVISED_LATENT_EXPERTS_K2,2,False
2024-08-02,2,,,,,,,S06_UNSUPERVISED_LATENT_EXPERTS,S06_UNSUPERVISED_LATENT_EXPERTS_K2,2,False
2024-08-05,1,,,,,,,S06_UNSUPERVISED_LATENT_EXPERTS,S06_UNSUPERVISED_LATENT_EXPERTS_K2,2,False
2024-08-05,2,,,,,,,S06_UNSUPERVISED_LATENT_EXPERTS,S06_UNSUPERVISED_LATENT_EXPERTS_K2,2,False
2024-08-06,1,,,,,,,S06_UNSUPERVISED_LATENT_EXPERTS,S06_UNSUPERVISED_LATENT_EXPERTS_K2,2,False
2024-08-06,2,,,,,,,S06_UNSUPERVISED_LATENT_EXPERTS,S06_UNSUPERVISED_LATENT_EXPERTS_K2,2,False
2024-08-07,1,,,,,,,S06_UNSUPERVISED_LATENT_EXPERTS,S06_UNSUPERVISED_LATENT_EXPERTS_K2,2,False
2024-08-07,2,,,,,,,S06_UNSUPERVISED_LATENT_EXPERTS,S06_UNSUPERVISED_LATENT_EXPERTS_K2,2,False
2024-08-08,1,,,,,,,S06_UNSUPERVISED_LATENT_EXPERTS,S06_UNSUPERVISED_LATENT_EXPERTS_K2,2,False
2024-08-08,2,,,,,,,S06_UNSUPERVISED_LATENT_EXPERTS,S06_UNSUPERVISED_LATENT_EXPERTS_K2,2,False
2024-08-09,1,,,,,,,S06_UNSUPERVISED_LATENT_EXPERTS,S06_UNSUPERVISED_LATENT_EXPERTS_K2,2,False
2024-08-09,2,,,,,,,S06_UNSUPERVISED_LATENT_EXPERTS,S06_UNSUPERVISED_LATENT_EXPERTS_K2,2,False
2024-08-13,1,,,,,,,S06_UNSUPERVISED_LATENT_EXPERTS,S06_UNSUPERVISED_LATENT_EXPERTS_K2,2,False
2024-08-13,2,,,,,,,S06_UNSUPERVISED_LATENT_EXPERTS,S06_UNSUPERVISED_LATENT_EXPERTS_K2,2,False
2024-08-14,1,,,,,,,S06_UNSUPERVISED_LATENT_EXPERTS,S06_UNSUPERVISED_LATENT_EXPERTS_K2,2,False
2024-08-14,2,,,,,,,S06_UNSUPERVISED_LATENT_EXPERTS,S06_UNSUPERVISED_LATENT_EXPERTS_K2,2,False
2024-08-15,1,,,,,,,S06_UNSUPERVISED_LATENT_EXPERTS,S06_UNSUPERVISED_LATENT_EXPERTS_K2,2,False
2024-08-15,2,,,,,,,S06_UNSUPERVISED_LATENT_EXPERTS,S06_UNSUPERVISED_LATENT_EXPERTS_K2,2,False
2024-08-16,1,,,,,,,S06_UNSUPERVISED_LATENT_EXPERTS,S06_UNSUPERVISED_LATENT_EXPERTS_K2,2,False
2024-08-16,2,,,,,,,S06_UNSUPERVISED_LATENT_EXPERTS,S06_UNSUPERVISED_LATENT_EXPERTS_K2,2,False
2024-08-19,1,,,,,,,S06_UNSUPERVISED_LATENT_EXPERTS,S06_UNSUPERVISED_LATENT_EXPERTS_K2,2,False
2024-08-19,2,,,,,,,S06_UNSUPERVISED_LATENT_EXPERTS,S06_UNSUPERVISED_LATENT_EXPERTS_K2,2,False
2024-08-20,1,,,,,,,S06_UNSUPERVISED_LATENT_EXPERTS,S06_UNSUPERVISED_LATENT_EXPERTS_K2,2,False
2024-08-20,2,,,,,,,S06_UNSUPERVISED_LATENT_EXPERTS,S06_UNSUPERVISED_LATENT_EXPERTS_K2,2,False
2024-08-21,1,,,,,,,S06_UNSUPERVISED_LATENT_EXPERTS,S06_UNSUPERVISED_LATENT_EXPERTS_K2,2,False
2024-08-21,2,,,,,,,S06_UNSUPERVISED_LATENT_EXPERTS,S06_UNSUPERVISED_LATENT_EXPERTS_K2,2,False
2024-08-22,1,,,,,,,S06_UNSUPERVISED_LATENT_EXPERTS,S06_UNSUPERVISED_LATENT_EXPERTS_K2,2,False
2024-08-22,2,,,,,,,S06_UNSUPERVISED_LATENT_EXPERTS,S06_UNSUPERVISED_LATENT_EXPERTS_K2,2,False
2024-08-23,1,,,,,,,S06_UNSUPERVISED_LATENT_EXPERTS,S06_UNSUPERVISED_LATENT_EXPERTS_K2,2,False
2024-08-23,2,,,,,,,S06_UNSUPERVISED_LATENT_EXPERTS,S06_UNSUPERVISED_LATENT_EXPERTS_K2,2,False
2024-08-26,1,,,,,,,S06_UNSUPERVISED_LATENT_EXPERTS,S06_UNSUPERVISED_LATENT_EXPERTS_K2,2,False
2024-08-26,2,,,,,,,S06_UNSUPERVISED_LATENT_EXPERTS,S06_UNSUPERVISED_LATENT_EXPERTS_K2,2,False
2024-08-27,1,,,,,,,S06_UNSUPERVISED_LATENT_EXPERTS,S06_UNSUPERVISED_LATENT_EXPERTS_K2,2,False
2024-08-27,2,,,,,,,S06_UNSUPERVISED_LATENT_EXPERTS,S06_UNSUPERVISED_LATENT_EXPERTS_K2,2,False
2024-08-28,1,,,,,,,S06_UNSUPERVISED_LATENT_EXPERTS,S06_UNSUPERVISED_LATENT_EXPERTS_K2,2,False
2024-08-28,2,,,,,,,S06_UNSUPERVISED_LATENT_EXPERTS,S06_UNSUPERVISED_LATENT_EXPERTS_K2,2,False
2024-08-29,1,,,,,,,S06_UNSUPERVISED_LATENT_EXPERTS,S06_UNSUPERVISED_LATENT_EXPERTS_K2,2,False
2024-08-29,2,,,,,,,S06_UNSUPERVISED_LATENT_EXPERTS,S06_UNSUPERVISED_LATENT_EXPERTS_K2,2,False
2024-08-30,1,,,,,,,S06_UNSUPERVISED_LATENT_EXPERTS,S06_UNSUPERVISED_LATENT_EXPERTS_K2,2,False
2024-08-30,2,,,,,,,S06_UNSUPERVISED_LATENT_EXPERTS,S06_UNSUPERVISED_LATENT_EXPERTS_K2,2,False
2024-09-02,1,,,,,,,S06_UNSUPERVISED_LATENT_EXPERTS,S06_UNSUPERVISED_LATENT_EXPERTS_K2,2,False
2024-09-02,2,,,,,,,S06_UNSUPERVISED_LATENT_EXPERTS,S06_UNSUPERVISED_LATENT_EXPERTS_K2,2,False
2024-09-03,1,,,,,,,S06_UNSUPERVISED_LATENT_EXPERTS,S06_UNSUPERVISED_LATENT_EXPERTS_K2,2,False
2024-09-03,2,,,,,,,S06_UNSUPERVISED_LATENT_EXPERTS,S06_UNSUPERVISED_LATENT_EXPERTS_K2,2,False
2024-09-04,1,,,,,,,S06_UNSUPERVISED_LATENT_EXPERTS,S06_UNSUPERVISED_LATENT_EXPERTS_K2,2,False
2024-09-04,2,,,,,,,S06_UNSUPERVISED_LATENT_EXPERTS,S06_UNSUPERVISED_LATENT_EXPERTS_K2,2,False
2024-09-05,1,,,,,,,S06_UNSUPERVISED_LATENT_EXPERTS,S06_UNSUPERVISED_LATENT_EXPERTS_K2,2,False
2024-09-05,2,,,,,,,S06_UNSUPERVISED_LATENT_EXPERTS,S06_UNSUPERVISED_LATENT_EXPERTS_K2,2,False
2024-09-06,1,,,,,,,S06_UNSUPERVISED_LATENT_EXPERTS,S06_UNSUPERVISED_LATENT_EXPERTS_K2,2,False
2024-09-06,2,,,,,,,S06_UNSUPERVISED_LATENT_EXPERTS,S06_UNSUPERVISED_LATENT_EXPERTS_K2,2,False
2024-09-09,1,,,,,,,S06_UNSUPERVISED_LATENT_EXPERTS,S06_UNSUPERVISED_LATENT_EXPERTS_K2,2,False
2024-09-09,2,,,,,,,S06_UNSUPERVISED_LATENT_EXPERTS,S06_UNSUPERVISED_LATENT_EXPERTS_K2,2,False
2024-09-10,1,,,,,,,S06_UNSUPERVISED_LATENT_EXPERTS,S06_UNSUPERVISED_LATENT_EXPERTS_K2,2,False
2024-09-10,2,,,,,,,S06_UNSUPERVISED_LATENT_EXPERTS,S06_UNSUPERVISED_LATENT_EXPERTS_K2,2,False
2024-09-11,1,,,,,,,S06_UNSUPERVISED_LATENT_EXPERTS,S06_UNSUPERVISED_LATENT_EXPERTS_K2,2,False
2024-09-11,2,,,,,,,S06_UNSUPERVISED_LATENT_EXPERTS,S06_UNSUPERVISED_LATENT_EXPERTS_K2,2,False
2024-09-12,1,,,,,,,S06_UNSUPERVISED_LATENT_EXPERTS,S06_UNSUPERVISED_LATENT_EXPERTS_K2,2,False
2024-09-12,2,,,,,,,S06_UNSUPERVISED_LATENT_EXPERTS,S06_UNSUPERVISED_LATENT_EXPERTS_K2,2,False
2024-09-13,1,,,,,,,S06_UNSUPERVISED_LATENT_EXPERTS,S06_UNSUPERVISED_LATENT_EXPERTS_K2,2,False
2024-09-13,2,,,,,,,S06_UNSUPERVISED_LATENT_EXPERTS,S06_UNSUPERVISED_LATENT_EXPERTS_K2,2,False
2024-09-17,1,,,,,,,S06_UNSUPERVISED_LATENT_EXPERTS,S06_UNSUPERVISED_LATENT_EXPERTS_K2,2,False
2024-09-17,2,,,,,,,S06_UNSUPERVISED_LATENT_EXPERTS,S06_UNSUPERVISED_LATENT_EXPERTS_K2,2,False
2024-09-18,1,,,,,,,S06_UNSUPERVISED_LATENT_EXPERTS,S06_UNSUPERVISED_LATENT_EXPERTS_K2,2,False
2024-09-18,2,,,,,,,S06_UNSUPERVISED_LATENT_EXPERTS,S06_UNSUPERVISED_LATENT_EXPERTS_K2,2,False
2024-09-19,1,,,,,,,S06_UNSUPERVISED_LATENT_EXPERTS,S06_UNSUPERVISED_LATENT_EXPERTS_K2,2,False
2024-09-19,2,,,,,,,S06_UNSUPERVISED_LATENT_EXPERTS,S06_UNSUPERVISED_LATENT_EXPERTS_K2,2,False
2024-09-20,1,,,,,,,S06_UNSUPERVISED_LATENT_EXPERTS,S06_UNSUPERVISED_LATENT_EXPERTS_K2,2,False
2024-09-20,2,,,,,,,S06_UNSUPERVISED_LATENT_EXPERTS,S06_UNSUPERVISED_LATENT_EXPERTS_K2,2,False
2024-09-24,1,,,,,,,S06_UNSUPERVISED_LATENT_EXPERTS,S06_UNSUPERVISED_LATENT_EXPERTS_K2,2,False
2024-09-24,2,,,,,,,S06_UNSUPERVISED_LATENT_EXPERTS,S06_UNSUPERVISED_LATENT_EXPERTS_K2,2,False
2024-09-25,1,,,,,,,S06_UNSUPERVISED_LATENT_EXPERTS,S06_UNSUPERVISED_LATENT_EXPERTS_K2,2,False
2024-09-25,2,,,,,,,S06_UNSUPERVISED_LATENT_EXPERTS,S06_UNSUPERVISED_LATENT_EXPERTS_K2,2,False
2024-09-26,1,,,,,,,S06_UNSUPERVISED_LATENT_EXPERTS,S06_UNSUPERVISED_LATENT_EXPERTS_K2,2,False
2024-09-26,2,,,,,,,S06_UNSUPERVISED_LATENT_EXPERTS,S06_UNSUPERVISED_LATENT_EXPERTS_K2,2,False
2024-09-27,1,,,,,,,S06_UNSUPERVISED_LATENT_EXPERTS,S06_UNSUPERVISED_LATENT_EXPERTS_K2,2,False
2024-09-27,2,,,,,,,S06_UNSUPERVISED_LATENT_EXPERTS,S06_UNSUPERVISED_LATENT_EXPERTS_K2,2,False
2024-09-30,1,,,,,,,S06_UNSUPERVISED_LATENT_EXPERTS,S06_UNSUPERVISED_LATENT_EXPERTS_K2,2,False
2024-09-30,2,,,,,,,S06_UNSUPERVISED_LATENT_EXPERTS,S06_UNSUPERVISED_LATENT_EXPERTS_K2,2,False
2024-10-01,1,,,,,,,S06_UNSUPERVISED_LATENT_EXPERTS,S06_UNSUPERVISED_LATENT_EXPERTS_K2,2,False
2024-10-01,2,,,,,,,S06_UNSUPERVISED_LATENT_EXPERTS,S06_UNSUPERVISED_LATENT_EXPERTS_K2,2,False
2024-10-02,1,,,,,,,S06_UNSUPERVISED_LATENT_EXPERTS,S06_UNSUPERVISED_LATENT_EXPERTS_K2,2,False
2024-10-02,2,,,,,,,S06_UNSUPERVISED_LATENT_EXPERTS,S06_UNSUPERVISED_LATENT_EXPERTS_K2,2,False
2024-10-03,1,,,,,,,S06_UNSUPERVISED_LATENT_EXPERTS,S06_UNSUPERVISED_LATENT_EXPERTS_K2,2,False
2024-10-03,2,,,,,,,S06_UNSUPERVISED_LATENT_EXPERTS,S06_UNSUPERVISED_LATENT_EXPERTS_K2,2,False
2024-10-04,1,,,,,,,S06_UNSUPERVISED_LATENT_EXPERTS,S06_UNSUPERVISED_LATENT_EXPERTS_K2,2,False
2024-10-04,2,,,,,,,S06_UNSUPERVISED_LATENT_EXPERTS,S06_UNSUPERVISED_LATENT_EXPERTS_K2,2,False
2024-10-07,1,,,,,,,S06_UNSUPERVISED_LATENT_EXPERTS,S06_UNSUPERVISED_LATENT_EXPERTS_K2,2,False
2024-10-07,2,,,,,,,S06_UNSUPERVISED_LATENT_EXPERTS,S06_UNSUPERVISED_LATENT_EXPERTS_K2,2,False
2024-10-08,1,,,,,,,S06_UNSUPERVISED_LATENT_EXPERTS,S06_UNSUPERVISED_LATENT_EXPERTS_K2,2,False
2024-10-08,2,,,,,,,S06_UNSUPERVISED_LATENT_EXPERTS,S06_UNSUPERVISED_LATENT_EXPERTS_K2,2,False
2024-10-09,1,,,,,,,S06_UNSUPERVISED_LATENT_EXPERTS,S06_UNSUPERVISED_LATENT_EXPERTS_K2,2,False
2024-10-09,2,,,,,,,S06_UNSUPERVISED_LATENT_EXPERTS,S06_UNSUPERVISED_LATENT_EXPERTS_K2,2,False
2024-10-10,1,,,,,,,S06_UNSUPERVISED_LATENT_EXPERTS,S06_UNSUPERVISED_LATENT_EXPERTS_K2,2,False
2024-10-10,2,,,,,,,S06_UNSUPERVISED_LATENT_EXPERTS,S06_UNSUPERVISED_LATENT_EXPERTS_K2,2,False
2024-10-11,1,,,,,,,S06_UNSUPERVISED_LATENT_EXPERTS,S06_UNSUPERVISED_LATENT_EXPERTS_K2,2,False
2024-10-11,2,,,,,,,S06_UNSUPERVISED_LATENT_EXPERTS,S06_UNSUPERVISED_LATENT_EXPERTS_K2,2,False
2024-10-15,1,,,,,,,S06_UNSUPERVISED_LATENT_EXPERTS,S06_UNSUPERVISED_LATENT_EXPERTS_K2,2,False
2024-10-15,2,,,,,,,S06_UNSUPERVISED_LATENT_EXPERTS,S06_UNSUPERVISED_LATENT_EXPERTS_K2,2,False
2024-10-16,1,,,,,,,S06_UNSUPERVISED_LATENT_EXPERTS,S06_UNSUPERVISED_LATENT_EXPERTS_K2,2,False
2024-10-16,2,,,,,,,S06_UNSUPERVISED_LATENT_EXPERTS,S06_UNSUPERVISED_LATENT_EXPERTS_K2,2,False
2024-10-17,1,,,,,,,S06_UNSUPERVISED_LATENT_EXPERTS,S06_UNSUPERVISED_LATENT_EXPERTS_K2,2,False
2024-10-17,2,,,,,,,S06_UNSUPERVISED_LATENT_EXPERTS,S06_UNSUPERVISED_LATENT_EXPERTS_K2,2,False
2024-10-18,1,,,,,,,S06_UNSUPERVISED_LATENT_EXPERTS,S06_UNSUPERVISED_LATENT_EXPERTS_K2,2,False
2024-10-18,2,,,,,,,S06_UNSUPERVISED_LATENT_EXPERTS,S06_UNSUPERVISED_LATENT_EXPERTS_K2,2,False
2024-10-21,1,,,,,,,S06_UNSUPERVISED_LATENT_EXPERTS,S06_UNSUPERVISED_LATENT_EXPERTS_K2,2,False
2024-10-21,2,,,,,,,S06_UNSUPERVISED_LATENT_EXPERTS,S06_UNSUPERVISED_LATENT_EXPERTS_K2,2,False
2024-10-22,1,,,,,,,S06_UNSUPERVISED_LATENT_EXPERTS,S06_UNSUPERVISED_LATENT_EXPERTS_K2,2,False
2024-10-22,2,,,,,,,S06_UNSUPERVISED_LATENT_EXPERTS,S06_UNSUPERVISED_LATENT_EXPERTS_K2,2,False
2024-10-23,1,,,,,,,S06_UNSUPERVISED_LATENT_EXPERTS,S06_UNSUPERVISED_LATENT_EXPERTS_K2,2,False
2024-10-23,2,,,,,,,S06_UNSUPERVISED_LATENT_EXPERTS,S06_UNSUPERVISED_LATENT_EXPERTS_K2,2,False
2024-10-24,1,,,,,,,S06_UNSUPERVISED_LATENT_EXPERTS,S06_UNSUPERVISED_LATENT_EXPERTS_K2,2,False
2024-10-24,2,,,,,,,S06_UNSUPERVISED_LATENT_EXPERTS,S06_UNSUPERVISED_LATENT_EXPERTS_K2,2,False
2024-10-25,1,,,,,,,S06_UNSUPERVISED_LATENT_EXPERTS,S06_UNSUPERVISED_LATENT_EXPERTS_K2,2,False
2024-10-25,2,,,,,,,S06_UNSUPERVISED_LATENT_EXPERTS,S06_UNSUPERVISED_LATENT_EXPERTS_K2,2,False
2024-10-28,1,,,,,,,S06_UNSUPERVISED_LATENT_EXPERTS,S06_UNSUPERVISED_LATENT_EXPERTS_K2,2,False
2024-10-28,2,,,,,,,S06_UNSUPERVISED_LATENT_EXPERTS,S06_UNSUPERVISED_LATENT_EXPERTS_K2,2,False
2024-10-29,1,,,,,,,S06_UNSUPERVISED_LATENT_EXPERTS,S06_UNSUPERVISED_LATENT_EXPERTS_K2,2,False
2024-10-29,2,,,,,,,S06_UNSUPERVISED_LATENT_EXPERTS,S06_UNSUPERVISED_LATENT_EXPERTS_K2,2,False
2024-10-30,1,,,,,,,S06_UNSUPERVISED_LATENT_EXPERTS,S06_UNSUPERVISED_LATENT_EXPERTS_K2,2,False
2024-10-30,2,,,,,,,S06_UNSUPERVISED_LATENT_EXPERTS,S06_UNSUPERVISED_LATENT_EXPERTS_K2,2,False
2024-10-31,1,,,,,,,S06_UNSUPERVISED_LATENT_EXPERTS,S06_UNSUPERVISED_LATENT_EXPERTS_K2,2,False
2024-10-31,2,,,,,,,S06_UNSUPERVISED_LATENT_EXPERTS,S06_UNSUPERVISED_LATENT_EXPERTS_K2,2,False
2024-11-01,1,,,,,,,S06_UNSUPERVISED_LATENT_EXPERTS,S06_UNSUPERVISED_LATENT_EXPERTS_K2,2,False
2024-11-01,2,,,,,,,S06_UNSUPERVISED_LATENT_EXPERTS,S06_UNSUPERVISED_LATENT_EXPERTS_K2,2,False
2024-11-05,1,,,,,,,S06_UNSUPERVISED_LATENT_EXPERTS,S06_UNSUPERVISED_LATENT_EXPERTS_K2,2,False
2024-11-05,2,,,,,,,S06_UNSUPERVISED_LATENT_EXPERTS,S06_UNSUPERVISED_LATENT_EXPERTS_K2,2,False
2024-11-06,1,,,,,,,S06_UNSUPERVISED_LATENT_EXPERTS,S06_UNSUPERVISED_LATENT_EXPERTS_K2,2,False
2024-11-06,2,,,,,,,S06_UNSUPERVISED_LATENT_EXPERTS,S06_UNSUPERVISED_LATENT_EXPERTS_K2,2,False
2024-11-07,1,,,,,,,S06_UNSUPERVISED_LATENT_EXPERTS,S06_UNSUPERVISED_LATENT_EXPERTS_K2,2,False
2024-11-07,2,,,,,,,S06_UNSUPERVISED_LATENT_EXPERTS,S06_UNSUPERVISED_LATENT_EXPERTS_K2,2,False
2024-11-08,1,,,,,,,S06_UNSUPERVISED_LATENT_EXPERTS,S06_UNSUPERVISED_LATENT_EXPERTS_K2,2,False
2024-11-08,2,,,,,,,S06_UNSUPERVISED_LATENT_EXPERTS,S06_UNSUPERVISED_LATENT_EXPERTS_K2,2,False
2024-11-11,1,,,,,,,S06_UNSUPERVISED_LATENT_EXPERTS,S06_UNSUPERVISED_LATENT_EXPERTS_K2,2,False
2024-11-11,2,,,,,,,S06_UNSUPERVISED_LATENT_EXPERTS,S06_UNSUPERVISED_LATENT_EXPERTS_K2,2,False
2024-11-12,1,,,,,,,S06_UNSUPERVISED_LATENT_EXPERTS,S06_UNSUPERVISED_LATENT_EXPERTS_K2,2,False
2024-11-12,2,,,,,,,S06_UNSUPERVISED_LATENT_EXPERTS,S06_UNSUPERVISED_LATENT_EXPERTS_K2,2,False
2024-11-13,1,,,,,,,S06_UNSUPERVISED_LATENT_EXPERTS,S06_UNSUPERVISED_LATENT_EXPERTS_K2,2,False
2024-11-13,2,,,,,,,S06_UNSUPERVISED_LATENT_EXPERTS,S06_UNSUPERVISED_LATENT_EXPERTS_K2,2,False
2024-11-14,1,,,,,,,S06_UNSUPERVISED_LATENT_EXPERTS,S06_UNSUPERVISED_LATENT_EXPERTS_K2,2,False
2024-11-14,2,,,,,,,S06_UNSUPERVISED_LATENT_EXPERTS,S06_UNSUPERVISED_LATENT_EXPERTS_K2,2,False
2024-11-15,1,,,,,,,S06_UNSUPERVISED_LATENT_EXPERTS,S06_UNSUPERVISED_LATENT_EXPERTS_K2,2,False
2024-11-15,2,,,,,,,S06_UNSUPERVISED_LATENT_EXPERTS,S06_UNSUPERVISED_LATENT_EXPERTS_K2,2,False
2024-11-18,1,,,,,,,S06_UNSUPERVISED_LATENT_EXPERTS,S06_UNSUPERVISED_LATENT_EXPERTS_K2,2,False
2024-11-18,2,,,,,,,S06_UNSUPERVISED_LATENT_EXPERTS,S06_UNSUPERVISED_LATENT_EXPERTS_K2,2,False
2024-11-19,1,,,,,,,S06_UNSUPERVISED_LATENT_EXPERTS,S06_UNSUPERVISED_LATENT_EXPERTS_K2,2,False
2024-11-19,2,,,,,,,S06_UNSUPERVISED_LATENT_EXPERTS,S06_UNSUPERVISED_LATENT_EXPERTS_K2,2,False
2024-11-20,1,,,,,,,S06_UNSUPERVISED_LATENT_EXPERTS,S06_UNSUPERVISED_LATENT_EXPERTS_K2,2,False
2024-11-20,2,,,,,,,S06_UNSUPERVISED_LATENT_EXPERTS,S06_UNSUPERVISED_LATENT_EXPERTS_K2,2,False
2024-11-21,1,,,,,,,S06_UNSUPERVISED_LATENT_EXPERTS,S06_UNSUPERVISED_LATENT_EXPERTS_K2,2,False
2024-11-21,2,,,,,,,S06_UNSUPERVISED_LATENT_EXPERTS,S06_UNSUPERVISED_LATENT_EXPERTS_K2,2,False
2024-11-22,1,,,,,,,S06_UNSUPERVISED_LATENT_EXPERTS,S06_UNSUPERVISED_LATENT_EXPERTS_K2,2,False
2024-11-22,2,,,,,,,S06_UNSUPERVISED_LATENT_EXPERTS,S06_UNSUPERVISED_LATENT_EXPERTS_K2,2,False
2024-11-25,1,,,,,,,S06_UNSUPERVISED_LATENT_EXPERTS,S06_UNSUPERVISED_LATENT_EXPERTS_K2,2,False
2024-11-25,2,,,,,,,S06_UNSUPERVISED_LATENT_EXPERTS,S06_UNSUPERVISED_LATENT_EXPERTS_K2,2,False
2024-11-26,1,,,,,,,S06_UNSUPERVISED_LATENT_EXPERTS,S06_UNSUPERVISED_LATENT_EXPERTS_K2,2,False
2024-11-26,2,,,,,,,S06_UNSUPERVISED_LATENT_EXPERTS,S06_UNSUPERVISED_LATENT_EXPERTS_K2,2,False
2024-11-27,1,,,,,,,S06_UNSUPERVISED_LATENT_EXPERTS,S06_UNSUPERVISED_LATENT_EXPERTS_K2,2,False
2024-11-27,2,,,,,,,S06_UNSUPERVISED_LATENT_EXPERTS,S06_UNSUPERVISED_LATENT_EXPERTS_K2,2,False
2024-11-28,1,,,,,,,S06_UNSUPERVISED_LATENT_EXPERTS,S06_UNSUPERVISED_LATENT_EXPERTS_K2,2,False
2024-11-28,2,,,,,,,S06_UNSUPERVISED_LATENT_EXPERTS,S06_UNSUPERVISED_LATENT_EXPERTS_K2,2,False
2024-11-29,1,,,,,,,S06_UNSUPERVISED_LATENT_EXPERTS,S06_UNSUPERVISED_LATENT_EXPERTS_K2,2,False
2024-11-29,2,,,,,,,S06_UNSUPERVISED_LATENT_EXPERTS,S06_UNSUPERVISED_LATENT_EXPERTS_K2,2,False
2024-12-02,1,,,,,,,S06_UNSUPERVISED_LATENT_EXPERTS,S06_UNSUPERVISED_LATENT_EXPERTS_K2,2,False
2024-12-02,2,,,,,,,S06_UNSUPERVISED_LATENT_EXPERTS,S06_UNSUPERVISED_LATENT_EXPERTS_K2,2,False
2024-12-03,1,,,,,,,S06_UNSUPERVISED_LATENT_EXPERTS,S06_UNSUPERVISED_LATENT_EXPERTS_K2,2,False
2024-12-03,2,,,,,,,S06_UNSUPERVISED_LATENT_EXPERTS,S06_UNSUPERVISED_LATENT_EXPERTS_K2,2,False
2024-12-04,1,,,,,,,S06_UNSUPERVISED_LATENT_EXPERTS,S06_UNSUPERVISED_LATENT_EXPERTS_K2,2,False
2024-12-04,2,,,,,,,S06_UNSUPERVISED_LATENT_EXPERTS,S06_UNSUPERVISED_LATENT_EXPERTS_K2,2,False
2024-12-05,1,,,,,,,S06_UNSUPERVISED_LATENT_EXPERTS,S06_UNSUPERVISED_LATENT_EXPERTS_K2,2,False
2024-12-05,2,,,,,,,S06_UNSUPERVISED_LATENT_EXPERTS,S06_UNSUPERVISED_LATENT_EXPERTS_K2,2,False
2024-12-06,1,,,,,,,S06_UNSUPERVISED_LATENT_EXPERTS,S06_UNSUPERVISED_LATENT_EXPERTS_K2,2,False
2024-12-06,2,,,,,,,S06_UNSUPERVISED_LATENT_EXPERTS,S06_UNSUPERVISED_LATENT_EXPERTS_K2,2,False
2024-12-09,1,,,,,,,S06_UNSUPERVISED_LATENT_EXPERTS,S06_UNSUPERVISED_LATENT_EXPERTS_K2,2,False
2024-12-09,2,,,,,,,S06_UNSUPERVISED_LATENT_EXPERTS,S06_UNSUPERVISED_LATENT_EXPERTS_K2,2,False
2024-12-10,1,,,,,,,S06_UNSUPERVISED_LATENT_EXPERTS,S06_UNSUPERVISED_LATENT_EXPERTS_K2,2,False
2024-12-10,2,,,,,,,S06_UNSUPERVISED_LATENT_EXPERTS,S06_UNSUPERVISED_LATENT_EXPERTS_K2,2,False
2024-12-11,1,,,,,,,S06_UNSUPERVISED_LATENT_EXPERTS,S06_UNSUPERVISED_LATENT_EXPERTS_K2,2,False
2024-12-11,2,,,,,,,S06_UNSUPERVISED_LATENT_EXPERTS,S06_UNSUPERVISED_LATENT_EXPERTS_K2,2,False
2024-12-12,1,,,,,,,S06_UNSUPERVISED_LATENT_EXPERTS,S06_UNSUPERVISED_LATENT_EXPERTS_K2,2,False
2024-12-12,2,,,,,,,S06_UNSUPERVISED_LATENT_EXPERTS,S06_UNSUPERVISED_LATENT_EXPERTS_K2,2,False
2024-12-13,1,,,,,,,S06_UNSUPERVISED_LATENT_EXPERTS,S06_UNSUPERVISED_LATENT_EXPERTS_K2,2,False
2024-12-13,2,,,,,,,S06_UNSUPERVISED_LATENT_EXPERTS,S06_UNSUPERVISED_LATENT_EXPERTS_K2,2,False
2024-12-16,1,,,,,,,S06_UNSUPERVISED_LATENT_EXPERTS,S06_UNSUPERVISED_LATENT_EXPERTS_K2,2,False
2024-12-16,2,,,,,,,S06_UNSUPERVISED_LATENT_EXPERTS,S06_UNSUPERVISED_LATENT_EXPERTS_K2,2,False
2024-12-17,1,,,,,,,S06_UNSUPERVISED_LATENT_EXPERTS,S06_UNSUPERVISED_LATENT_EXPERTS_K2,2,False
2024-12-17,2,,,,,,,S06_UNSUPERVISED_LATENT_EXPERTS,S06_UNSUPERVISED_LATENT_EXPERTS_K2,2,False
2024-12-18,1,,,,,,,S06_UNSUPERVISED_LATENT_EXPERTS,S06_UNSUPERVISED_LATENT_EXPERTS_K2,2,False
2024-12-18,2,,,,,,,S06_UNSUPERVISED_LATENT_EXPERTS,S06_UNSUPERVISED_LATENT_EXPERTS_K2,2,False
2024-12-19,1,,,,,,,S06_UNSUPERVISED_LATENT_EXPERTS,S06_UNSUPERVISED_LATENT_EXPERTS_K2,2,False
2024-12-19,2,,,,,,,S06_UNSUPERVISED_LATENT_EXPERTS,S06_UNSUPERVISED_LATENT_EXPERTS_K2,2,False
2024-12-20,1,,,,,,,S06_UNSUPERVISED_LATENT_EXPERTS,S06_UNSUPERVISED_LATENT_EXPERTS_K2,2,False
2024-12-20,2,,,,,,,S06_UNSUPERVISED_LATENT_EXPERTS,S06_UNSUPERVISED_LATENT_EXPERTS_K2,2,False
2024-12-23,1,,,,,,,S06_UNSUPERVISED_LATENT_EXPERTS,S06_UNSUPERVISED_LATENT_EXPERTS_K2,2,False
2024-12-23,2,,,,,,,S06_UNSUPERVISED_LATENT_EXPERTS,S06_UNSUPERVISED_LATENT_EXPERTS_K2,2,False
2024-12-24,1,,,,,,,S06_UNSUPERVISED_LATENT_EXPERTS,S06_UNSUPERVISED_LATENT_EXPERTS_K2,2,False
2024-12-24,2,,,,,,,S06_UNSUPERVISED_LATENT_EXPERTS,S06_UNSUPERVISED_LATENT_EXPERTS_K2,2,False
2024-12-25,1,,,,,,,S06_UNSUPERVISED_LATENT_EXPERTS,S06_UNSUPERVISED_LATENT_EXPERTS_K2,2,False
2024-12-25,2,,,,,,,S06_UNSUPERVISED_LATENT_EXPERTS,S06_UNSUPERVISED_LATENT_EXPERTS_K2,2,False
2024-12-26,1,,,,,,,S06_UNSUPERVISED_LATENT_EXPERTS,S06_UNSUPERVISED_LATENT_EXPERTS_K2,2,False
2024-12-26,2,,,,,,,S06_UNSUPERVISED_LATENT_EXPERTS,S06_UNSUPERVISED_LATENT_EXPERTS_K2,2,False
2024-12-27,1,,,,,,,S06_UNSUPERVISED_LATENT_EXPERTS,S06_UNSUPERVISED_LATENT_EXPERTS_K2,2,False
2024-12-27,2,,,,,,,S06_UNSUPERVISED_LATENT_EXPERTS,S06_UNSUPERVISED_LATENT_EXPERTS_K2,2,False
2024-12-30,1,,,,,,,S06_UNSUPERVISED_LATENT_EXPERTS,S06_UNSUPERVISED_LATENT_EXPERTS_K2,2,False
2024-12-30,2,,,,,,,S06_UNSUPERVISED_LATENT_EXPERTS,S06_UNSUPERVISED_LATENT_EXPERTS_K2,2,False
2025-01-06,1,,,,,,,S06_UNSUPERVISED_LATENT_EXPERTS,S06_UNSUPERVISED_LATENT_EXPERTS_K2,2,False
2025-01-06,2,,,,,,,S06_UNSUPERVISED_LATENT_EXPERTS,S06_UNSUPERVISED_LATENT_EXPERTS_K2,2,False
2025-01-07,1,,,,,,,S06_UNSUPERVISED_LATENT_EXPERTS,S06_UNSUPERVISED_LATENT_EXPERTS_K2,2,False
2025-01-07,2,,,,,,,S06_UNSUPERVISED_LATENT_EXPERTS,S06_UNSUPERVISED_LATENT_EXPERTS_K2,2,False
2025-01-08,1,,,,,,,S06_UNSUPERVISED_LATENT_EXPERTS,S06_UNSUPERVISED_LATENT_EXPERTS_K2,2,False
2025-01-08,2,,,,,,,S06_UNSUPERVISED_LATENT_EXPERTS,S06_UNSUPERVISED_LATENT_EXPERTS_K2,2,False
2025-01-09,1,,,,,,,S06_UNSUPERVISED_LATENT_EXPERTS,S06_UNSUPERVISED_LATENT_EXPERTS_K2,2,False
2025-01-09,2,,,,,,,S06_UNSUPERVISED_LATENT_EXPERTS,S06_UNSUPERVISED_LATENT_EXPERTS_K2,2,False
2025-01-10,1,,,,,,,S06_UNSUPERVISED_LATENT_EXPERTS,S06_UNSUPERVISED_LATENT_EXPERTS_K2,2,False
2025-01-10,2,,,,,,,S06_UNSUPERVISED_LATENT_EXPERTS,S06_UNSUPERVISED_LATENT_EXPERTS_K2,2,False
2025-01-14,1,,,,,,,S06_UNSUPERVISED_LATENT_EXPERTS,S06_UNSUPERVISED_LATENT_EXPERTS_K2,2,False
2025-01-14,2,,,,,,,S06_UNSUPERVISED_LATENT_EXPERTS,S06_UNSUPERVISED_LATENT_EXPERTS_K2,2,False
2025-01-15,1,,,,,,,S06_UNSUPERVISED_LATENT_EXPERTS,S06_UNSUPERVISED_LATENT_EXPERTS_K2,2,False
2025-01-15,2,,,,,,,S06_UNSUPERVISED_LATENT_EXPERTS,S06_UNSUPERVISED_LATENT_EXPERTS_K2,2,False
2025-01-16,1,,,,,,,S06_UNSUPERVISED_LATENT_EXPERTS,S06_UNSUPERVISED_LATENT_EXPERTS_K2,2,False
2025-01-16,2,,,,,,,S06_UNSUPERVISED_LATENT_EXPERTS,S06_UNSUPERVISED_LATENT_EXPERTS_K2,2,False
2025-01-17,1,,,,,,,S06_UNSUPERVISED_LATENT_EXPERTS,S06_UNSUPERVISED_LATENT_EXPERTS_K2,2,False
2025-01-17,2,,,,,,,S06_UNSUPERVISED_LATENT_EXPERTS,S06_UNSUPERVISED_LATENT_EXPERTS_K2,2,False
2025-01-20,1,,,,,,,S06_UNSUPERVISED_LATENT_EXPERTS,S06_UNSUPERVISED_LATENT_EXPERTS_K2,2,False
2025-01-20,2,,,,,,,S06_UNSUPERVISED_LATENT_EXPERTS,S06_UNSUPERVISED_LATENT_EXPERTS_K2,2,False
2025-01-21,1,,,,,,,S06_UNSUPERVISED_LATENT_EXPERTS,S06_UNSUPERVISED_LATENT_EXPERTS_K2,2,False
2025-01-21,2,,,,,,,S06_UNSUPERVISED_LATENT_EXPERTS,S06_UNSUPERVISED_LATENT_EXPERTS_K2,2,False
2025-01-22,1,,,,,,,S06_UNSUPERVISED_LATENT_EXPERTS,S06_UNSUPERVISED_LATENT_EXPERTS_K2,2,False
2025-01-22,2,,,,,,,S06_UNSUPERVISED_LATENT_EXPERTS,S06_UNSUPERVISED_LATENT_EXPERTS_K2,2,False
2025-01-23,1,,,,,,,S06_UNSUPERVISED_LATENT_EXPERTS,S06_UNSUPERVISED_LATENT_EXPERTS_K2,2,False
2025-01-23,2,,,,,,,S06_UNSUPERVISED_LATENT_EXPERTS,S06_UNSUPERVISED_LATENT_EXPERTS_K2,2,False
2025-01-24,1,,,,,,,S06_UNSUPERVISED_LATENT_EXPERTS,S06_UNSUPERVISED_LATENT_EXPERTS_K2,2,False
2025-01-24,2,,,,,,,S06_UNSUPERVISED_LATENT_EXPERTS,S06_UNSUPERVISED_LATENT_EXPERTS_K2,2,False
2025-01-27,1,,,,,,,S06_UNSUPERVISED_LATENT_EXPERTS,S06_UNSUPERVISED_LATENT_EXPERTS_K2,2,False
2025-01-27,2,,,,,,,S06_UNSUPERVISED_LATENT_EXPERTS,S06_UNSUPERVISED_LATENT_EXPERTS_K2,2,False
2025-01-28,1,,,,,,,S06_UNSUPERVISED_LATENT_EXPERTS,S06_UNSUPERVISED_LATENT_EXPERTS_K2,2,False
2025-01-28,2,,,,,,,S06_UNSUPERVISED_LATENT_EXPERTS,S06_UNSUPERVISED_LATENT_EXPERTS_K2,2,False
2025-01-29,1,,,,,,,S06_UNSUPERVISED_LATENT_EXPERTS,S06_UNSUPERVISED_LATENT_EXPERTS_K2,2,False
2025-01-29,2,,,,,,,S06_UNSUPERVISED_LATENT_EXPERTS,S06_UNSUPERVISED_LATENT_EXPERTS_K2,2,False
2025-01-30,1,,,,,,,S06_UNSUPERVISED_LATENT_EXPERTS,S06_UNSUPERVISED_LATENT_EXPERTS_K2,2,False
2025-01-30,2,,,,,,,S06_UNSUPERVISED_LATENT_EXPERTS,S06_UNSUPERVISED_LATENT_EXPERTS_K2,2,False
2025-01-31,1,,,,,,,S06_UNSUPERVISED_LATENT_EXPERTS,S06_UNSUPERVISED_LATENT_EXPERTS_K2,2,False
2025-01-31,2,,,,,,,S06_UNSUPERVISED_LATENT_EXPERTS,S06_UNSUPERVISED_LATENT_EXPERTS_K2,2,False
2025-02-03,1,,,,,,,S06_UNSUPERVISED_LATENT_EXPERTS,S06_UNSUPERVISED_LATENT_EXPERTS_K2,2,False
2025-02-03,2,,,,,,,S06_UNSUPERVISED_LATENT_EXPERTS,S06_UNSUPERVISED_LATENT_EXPERTS_K2,2,False
2025-02-04,1,,,,,,,S06_UNSUPERVISED_LATENT_EXPERTS,S06_UNSUPERVISED_LATENT_EXPERTS_K2,2,False
2025-02-04,2,,,,,,,S06_UNSUPERVISED_LATENT_EXPERTS,S06_UNSUPERVISED_LATENT_EXPERTS_K2,2,False
2025-02-05,1,,,,,,,S06_UNSUPERVISED_LATENT_EXPERTS,S06_UNSUPERVISED_LATENT_EXPERTS_K2,2,False
2025-02-05,2,,,,,,,S06_UNSUPERVISED_LATENT_EXPERTS,S06_UNSUPERVISED_LATENT_EXPERTS_K2,2,False
2025-02-06,1,,,,,,,S06_UNSUPERVISED_LATENT_EXPERTS,S06_UNSUPERVISED_LATENT_EXPERTS_K2,2,False
2025-02-06,2,,,,,,,S06_UNSUPERVISED_LATENT_EXPERTS,S06_UNSUPERVISED_LATENT_EXPERTS_K2,2,False
2025-02-07,1,,,,,,,S06_UNSUPERVISED_LATENT_EXPERTS,S06_UNSUPERVISED_LATENT_EXPERTS_K2,2,False
2025-02-07,2,,,,,,,S06_UNSUPERVISED_LATENT_EXPERTS,S06_UNSUPERVISED_LATENT_EXPERTS_K2,2,False
2025-02-10,1,,,,,,,S06_UNSUPERVISED_LATENT_EXPERTS,S06_UNSUPERVISED_LATENT_EXPERTS_K2,2,False
2025-02-10,2,,,,,,,S06_UNSUPERVISED_LATENT_EXPERTS,S06_UNSUPERVISED_LATENT_EXPERTS_K2,2,False
2025-02-12,1,,,,,,,S06_UNSUPERVISED_LATENT_EXPERTS,S06_UNSUPERVISED_LATENT_EXPERTS_K2,2,False
2025-02-12,2,,,,,,,S06_UNSUPERVISED_LATENT_EXPERTS,S06_UNSUPERVISED_LATENT_EXPERTS_K2,2,False
2025-02-13,1,,,,,,,S06_UNSUPERVISED_LATENT_EXPERTS,S06_UNSUPERVISED_LATENT_EXPERTS_K2,2,False
2025-02-13,2,,,,,,,S06_UNSUPERVISED_LATENT_EXPERTS,S06_UNSUPERVISED_LATENT_EXPERTS_K2,2,False
2025-02-14,1,,,,,,,S06_UNSUPERVISED_LATENT_EXPERTS,S06_UNSUPERVISED_LATENT_EXPERTS_K2,2,False
2025-02-14,2,,,,,,,S06_UNSUPERVISED_LATENT_EXPERTS,S06_UNSUPERVISED_LATENT_EXPERTS_K2,2,False
2025-02-17,1,,,,,,,S06_UNSUPERVISED_LATENT_EXPERTS,S06_UNSUPERVISED_LATENT_EXPERTS_K2,2,False
2025-02-17,2,,,,,,,S06_UNSUPERVISED_LATENT_EXPERTS,S06_UNSUPERVISED_LATENT_EXPERTS_K2,2,False
2025-02-18,1,,,,,,,S06_UNSUPERVISED_LATENT_EXPERTS,S06_UNSUPERVISED_LATENT_EXPERTS_K2,2,False
2025-02-18,2,,,,,,,S06_UNSUPERVISED_LATENT_EXPERTS,S06_UNSUPERVISED_LATENT_EXPERTS_K2,2,False
2025-02-19,1,,,,,,,S06_UNSUPERVISED_LATENT_EXPERTS,S06_UNSUPERVISED_LATENT_EXPERTS_K2,2,False
2025-02-19,2,,,,,,,S06_UNSUPERVISED_LATENT_EXPERTS,S06_UNSUPERVISED_LATENT_EXPERTS_K2,2,False
2025-02-20,1,,,,,,,S06_UNSUPERVISED_LATENT_EXPERTS,S06_UNSUPERVISED_LATENT_EXPERTS_K2,2,False
2025-02-20,2,,,,,,,S06_UNSUPERVISED_LATENT_EXPERTS,S06_UNSUPERVISED_LATENT_EXPERTS_K2,2,False
2025-02-21,1,,,,,,,S06_UNSUPERVISED_LATENT_EXPERTS,S06_UNSUPERVISED_LATENT_EXPERTS_K2,2,False
2025-02-21,2,,,,,,,S06_UNSUPERVISED_LATENT_EXPERTS,S06_UNSUPERVISED_LATENT_EXPERTS_K2,2,False
2025-02-25,1,,,,,,,S06_UNSUPERVISED_LATENT_EXPERTS,S06_UNSUPERVISED_LATENT_EXPERTS_K2,2,False
2025-02-25,2,,,,,,,S06_UNSUPERVISED_LATENT_EXPERTS,S06_UNSUPERVISED_LATENT_EXPERTS_K2,2,False
2025-02-26,1,,,,,,,S06_UNSUPERVISED_LATENT_EXPERTS,S06_UNSUPERVISED_LATENT_EXPERTS_K2,2,False
2025-02-26,2,,,,,,,S06_UNSUPERVISED_LATENT_EXPERTS,S06_UNSUPERVISED_LATENT_EXPERTS_K2,2,False
2025-02-27,1,,,,,,,S06_UNSUPERVISED_LATENT_EXPERTS,S06_UNSUPERVISED_LATENT_EXPERTS_K2,2,False
2025-02-27,2,,,,,,,S06_UNSUPERVISED_LATENT_EXPERTS,S06_UNSUPERVISED_LATENT_EXPERTS_K2,2,False
2025-02-28,1,,,,,,,S06_UNSUPERVISED_LATENT_EXPERTS,S06_UNSUPERVISED_LATENT_EXPERTS_K2,2,False
2025-02-28,2,,,,,,,S06_UNSUPERVISED_LATENT_EXPERTS,S06_UNSUPERVISED_LATENT_EXPERTS_K2,2,False
2025-03-03,1,,,,,,,S06_UNSUPERVISED_LATENT_EXPERTS,S06_UNSUPERVISED_LATENT_EXPERTS_K2,2,False
2025-03-03,2,,,,,,,S06_UNSUPERVISED_LATENT_EXPERTS,S06_UNSUPERVISED_LATENT_EXPERTS_K2,2,False
2025-03-04,1,,,,,,,S06_UNSUPERVISED_LATENT_EXPERTS,S06_UNSUPERVISED_LATENT_EXPERTS_K2,2,False
2025-03-04,2,,,,,,,S06_UNSUPERVISED_LATENT_EXPERTS,S06_UNSUPERVISED_LATENT_EXPERTS_K2,2,False
2025-03-05,1,,,,,,,S06_UNSUPERVISED_LATENT_EXPERTS,S06_UNSUPERVISED_LATENT_EXPERTS_K2,2,False
2025-03-05,2,,,,,,,S06_UNSUPERVISED_LATENT_EXPERTS,S06_UNSUPERVISED_LATENT_EXPERTS_K2,2,False
2025-03-06,1,,,,,,,S06_UNSUPERVISED_LATENT_EXPERTS,S06_UNSUPERVISED_LATENT_EXPERTS_K2,2,False
2025-03-06,2,,,,,,,S06_UNSUPERVISED_LATENT_EXPERTS,S06_UNSUPERVISED_LATENT_EXPERTS_K2,2,False
2025-03-07,1,,,,,,,S06_UNSUPERVISED_LATENT_EXPERTS,S06_UNSUPERVISED_LATENT_EXPERTS_K2,2,False
2025-03-07,2,,,,,,,S06_UNSUPERVISED_LATENT_EXPERTS,S06_UNSUPERVISED_LATENT_EXPERTS_K2,2,False
2025-03-10,1,,,,,,,S06_UNSUPERVISED_LATENT_EXPERTS,S06_UNSUPERVISED_LATENT_EXPERTS_K2,2,False
2025-03-10,2,,,,,,,S06_UNSUPERVISED_LATENT_EXPERTS,S06_UNSUPERVISED_LATENT_EXPERTS_K2,2,False
2025-03-11,1,,,,,,,S06_UNSUPERVISED_LATENT_EXPERTS,S06_UNSUPERVISED_LATENT_EXPERTS_K2,2,False
2025-03-11,2,,,,,,,S06_UNSUPERVISED_LATENT_EXPERTS,S06_UNSUPERVISED_LATENT_EXPERTS_K2,2,False
2025-03-12,1,,,,,,,S06_UNSUPERVISED_LATENT_EXPERTS,S06_UNSUPERVISED_LATENT_EXPERTS_K2,2,False
2025-03-12,2,,,,,,,S06_UNSUPERVISED_LATENT_EXPERTS,S06_UNSUPERVISED_LATENT_EXPERTS_K2,2,False
2025-03-13,1,,,,,,,S06_UNSUPERVISED_LATENT_EXPERTS,S06_UNSUPERVISED_LATENT_EXPERTS_K2,2,False
2025-03-13,2,,,,,,,S06_UNSUPERVISED_LATENT_EXPERTS,S06_UNSUPERVISED_LATENT_EXPERTS_K2,2,False
2025-03-14,1,,,,,,,S06_UNSUPERVISED_LATENT_EXPERTS,S06_UNSUPERVISED_LATENT_EXPERTS_K2,2,False
2025-03-14,2,,,,,,,S06_UNSUPERVISED_LATENT_EXPERTS,S06_UNSUPERVISED_LATENT_EXPERTS_K2,2,False
2025-03-17,1,,,,,,,S06_UNSUPERVISED_LATENT_EXPERTS,S06_UNSUPERVISED_LATENT_EXPERTS_K2,2,False
2025-03-17,2,,,,,,,S06_UNSUPERVISED_LATENT_EXPERTS,S06_UNSUPERVISED_LATENT_EXPERTS_K2,2,False
2025-03-18,1,,,,,,,S06_UNSUPERVISED_LATENT_EXPERTS,S06_UNSUPERVISED_LATENT_EXPERTS_K2,2,False
2025-03-18,2,,,,,,,S06_UNSUPERVISED_LATENT_EXPERTS,S06_UNSUPERVISED_LATENT_EXPERTS_K2,2,False
2025-03-19,1,,,,,,,S06_UNSUPERVISED_LATENT_EXPERTS,S06_UNSUPERVISED_LATENT_EXPERTS_K2,2,False
2025-03-19,2,,,,,,,S06_UNSUPERVISED_LATENT_EXPERTS,S06_UNSUPERVISED_LATENT_EXPERTS_K2,2,False
2025-03-21,1,,,,,,,S06_UNSUPERVISED_LATENT_EXPERTS,S06_UNSUPERVISED_LATENT_EXPERTS_K2,2,False
2025-03-21,2,,,,,,,S06_UNSUPERVISED_LATENT_EXPERTS,S06_UNSUPERVISED_LATENT_EXPERTS_K2,2,False
2025-03-24,1,,,,,,,S06_UNSUPERVISED_LATENT_EXPERTS,S06_UNSUPERVISED_LATENT_EXPERTS_K2,2,False
2025-03-24,2,,,,,,,S06_UNSUPERVISED_LATENT_EXPERTS,S06_UNSUPERVISED_LATENT_EXPERTS_K2,2,False
2025-03-25,1,,,,,,,S06_UNSUPERVISED_LATENT_EXPERTS,S06_UNSUPERVISED_LATENT_EXPERTS_K2,2,False
2025-03-25,2,,,,,,,S06_UNSUPERVISED_LATENT_EXPERTS,S06_UNSUPERVISED_LATENT_EXPERTS_K2,2,False
2025-03-26,1,,,,,,,S06_UNSUPERVISED_LATENT_EXPERTS,S06_UNSUPERVISED_LATENT_EXPERTS_K2,2,False
2025-03-26,2,,,,,,,S06_UNSUPERVISED_LATENT_EXPERTS,S06_UNSUPERVISED_LATENT_EXPERTS_K2,2,False
2025-03-27,1,,,,,,,S06_UNSUPERVISED_LATENT_EXPERTS,S06_UNSUPERVISED_LATENT_EXPERTS_K2,2,False
2025-03-27,2,,,,,,,S06_UNSUPERVISED_LATENT_EXPERTS,S06_UNSUPERVISED_LATENT_EXPERTS_K2,2,False
2025-03-28,1,,,,,,,S06_UNSUPERVISED_LATENT_EXPERTS,S06_UNSUPERVISED_LATENT_EXPERTS_K2,2,False
2025-03-28,2,,,,,,,S06_UNSUPERVISED_LATENT_EXPERTS,S06_UNSUPERVISED_LATENT_EXPERTS_K2,2,False
2025-03-31,1,,,,,,,S06_UNSUPERVISED_LATENT_EXPERTS,S06_UNSUPERVISED_LATENT_EXPERTS_K2,2,False
2025-03-31,2,,,,,,,S06_UNSUPERVISED_LATENT_EXPERTS,S06_UNSUPERVISED_LATENT_EXPERTS_K2,2,False
2025-04-01,1,,,,,,,S06_UNSUPERVISED_LATENT_EXPERTS,S06_UNSUPERVISED_LATENT_EXPERTS_K2,2,False
2025-04-01,2,,,,,,,S06_UNSUPERVISED_LATENT_EXPERTS,S06_UNSUPERVISED_LATENT_EXPERTS_K2,2,False
2025-04-02,1,,,,,,,S06_UNSUPERVISED_LATENT_EXPERTS,S06_UNSUPERVISED_LATENT_EXPERTS_K2,2,False
2025-04-02,2,,,,,,,S06_UNSUPERVISED_LATENT_EXPERTS,S06_UNSUPERVISED_LATENT_EXPERTS_K2,2,False
2025-04-03,1,,,,,,,S06_UNSUPERVISED_LATENT_EXPERTS,S06_UNSUPERVISED_LATENT_EXPERTS_K2,2,False
2025-04-03,2,,,,,,,S06_UNSUPERVISED_LATENT_EXPERTS,S06_UNSUPERVISED_LATENT_EXPERTS_K2,2,False
2025-04-04,1,,,,,,,S06_UNSUPERVISED_LATENT_EXPERTS,S06_UNSUPERVISED_LATENT_EXPERTS_K2,2,False
2025-04-04,2,,,,,,,S06_UNSUPERVISED_LATENT_EXPERTS,S06_UNSUPERVISED_LATENT_EXPERTS_K2,2,False
2025-04-07,1,,,,,,,S06_UNSUPERVISED_LATENT_EXPERTS,S06_UNSUPERVISED_LATENT_EXPERTS_K2,2,False
2025-04-07,2,,,,,,,S06_UNSUPERVISED_LATENT_EXPERTS,S06_UNSUPERVISED_LATENT_EXPERTS_K2,2,False
2025-04-08,1,,,,,,,S06_UNSUPERVISED_LATENT_EXPERTS,S06_UNSUPERVISED_LATENT_EXPERTS_K2,2,False
2025-04-08,2,,,,,,,S06_UNSUPERVISED_LATENT_EXPERTS,S06_UNSUPERVISED_LATENT_EXPERTS_K2,2,False
2025-04-09,1,,,,,,,S06_UNSUPERVISED_LATENT_EXPERTS,S06_UNSUPERVISED_LATENT_EXPERTS_K2,2,False
2025-04-09,2,,,,,,,S06_UNSUPERVISED_LATENT_EXPERTS,S06_UNSUPERVISED_LATENT_EXPERTS_K2,2,False
2025-04-10,1,,,,,,,S06_UNSUPERVISED_LATENT_EXPERTS,S06_UNSUPERVISED_LATENT_EXPERTS_K2,2,False
2025-04-10,2,,,,,,,S06_UNSUPERVISED_LATENT_EXPERTS,S06_UNSUPERVISED_LATENT_EXPERTS_K2,2,False
2025-04-11,1,,,,,,,S06_UNSUPERVISED_LATENT_EXPERTS,S06_UNSUPERVISED_LATENT_EXPERTS_K2,2,False
2025-04-11,2,,,,,,,S06_UNSUPERVISED_LATENT_EXPERTS,S06_UNSUPERVISED_LATENT_EXPERTS_K2,2,False
2025-04-14,1,,,,,,,S06_UNSUPERVISED_LATENT_EXPERTS,S06_UNSUPERVISED_LATENT_EXPERTS_K2,2,False
2025-04-14,2,,,,,,,S06_UNSUPERVISED_LATENT_EXPERTS,S06_UNSUPERVISED_LATENT_EXPERTS_K2,2,False
2025-04-15,1,,,,,,,S06_UNSUPERVISED_LATENT_EXPERTS,S06_UNSUPERVISED_LATENT_EXPERTS_K2,2,False
2025-04-15,2,,,,,,,S06_UNSUPERVISED_LATENT_EXPERTS,S06_UNSUPERVISED_LATENT_EXPERTS_K2,2,False
2025-04-16,1,,,,,,,S06_UNSUPERVISED_LATENT_EXPERTS,S06_UNSUPERVISED_LATENT_EXPERTS_K2,2,False
2025-04-16,2,,,,,,,S06_UNSUPERVISED_LATENT_EXPERTS,S06_UNSUPERVISED_LATENT_EXPERTS_K2,2,False
2025-04-17,1,,,,,,,S06_UNSUPERVISED_LATENT_EXPERTS,S06_UNSUPERVISED_LATENT_EXPERTS_K2,2,False
2025-04-17,2,,,,,,,S06_UNSUPERVISED_LATENT_EXPERTS,S06_UNSUPERVISED_LATENT_EXPERTS_K2,2,False
2025-04-18,1,,,,,,,S06_UNSUPERVISED_LATENT_EXPERTS,S06_UNSUPERVISED_LATENT_EXPERTS_K2,2,False
2025-04-18,2,,,,,,,S06_UNSUPERVISED_LATENT_EXPERTS,S06_UNSUPERVISED_LATENT_EXPERTS_K2,2,False
2025-04-21,1,,,,,,,S06_UNSUPERVISED_LATENT_EXPERTS,S06_UNSUPERVISED_LATENT_EXPERTS_K2,2,False
2025-04-21,2,,,,,,,S06_UNSUPERVISED_LATENT_EXPERTS,S06_UNSUPERVISED_LATENT_EXPERTS_K2,2,False
2025-04-22,1,,,,,,,S06_UNSUPERVISED_LATENT_EXPERTS,S06_UNSUPERVISED_LATENT_EXPERTS_K2,2,False
2025-04-22,2,,,,,,,S06_UNSUPERVISED_LATENT_EXPERTS,S06_UNSUPERVISED_LATENT_EXPERTS_K2,2,False
2025-04-23,1,,,,,,,S06_UNSUPERVISED_LATENT_EXPERTS,S06_UNSUPERVISED_LATENT_EXPERTS_K2,2,False
2025-04-23,2,,,,,,,S06_UNSUPERVISED_LATENT_EXPERTS,S06_UNSUPERVISED_LATENT_EXPERTS_K2,2,False
2025-04-24,1,,,,,,,S06_UNSUPERVISED_LATENT_EXPERTS,S06_UNSUPERVISED_LATENT_EXPERTS_K2,2,False
2025-04-24,2,,,,,,,S06_UNSUPERVISED_LATENT_EXPERTS,S06_UNSUPERVISED_LATENT_EXPERTS_K2,2,False
2025-04-25,1,,,,,,,S06_UNSUPERVISED_LATENT_EXPERTS,S06_UNSUPERVISED_LATENT_EXPERTS_K2,2,False
2025-04-25,2,,,,,,,S06_UNSUPERVISED_LATENT_EXPERTS,S06_UNSUPERVISED_LATENT_EXPERTS_K2,2,False
2025-04-28,1,,,,,,,S06_UNSUPERVISED_LATENT_EXPERTS,S06_UNSUPERVISED_LATENT_EXPERTS_K2,2,False
2025-04-28,2,,,,,,,S06_UNSUPERVISED_LATENT_EXPERTS,S06_UNSUPERVISED_LATENT_EXPERTS_K2,2,False
2025-04-30,1,,,,,,,S06_UNSUPERVISED_LATENT_EXPERTS,S06_UNSUPERVISED_LATENT_EXPERTS_K2,2,False
2025-04-30,2,,,,,,,S06_UNSUPERVISED_LATENT_EXPERTS,S06_UNSUPERVISED_LATENT_EXPERTS_K2,2,False
2025-05-01,1,,,,,,,S06_UNSUPERVISED_LATENT_EXPERTS,S06_UNSUPERVISED_LATENT_EXPERTS_K2,2,False
2025-05-01,2,,,,,,,S06_UNSUPERVISED_LATENT_EXPERTS,S06_UNSUPERVISED_LATENT_EXPERTS_K2,2,False
2025-05-02,1,,,,,,,S06_UNSUPERVISED_LATENT_EXPERTS,S06_UNSUPERVISED_LATENT_EXPERTS_K2,2,False
2025-05-02,2,,,,,,,S06_UNSUPERVISED_LATENT_EXPERTS,S06_UNSUPERVISED_LATENT_EXPERTS_K2,2,False
2025-05-07,1,,,,,,,S06_UNSUPERVISED_LATENT_EXPERTS,S06_UNSUPERVISED_LATENT_EXPERTS_K2,2,False
2025-05-07,2,,,,,,,S06_UNSUPERVISED_LATENT_EXPERTS,S06_UNSUPERVISED_LATENT_EXPERTS_K2,2,False
2025-05-08,1,,,,,,,S06_UNSUPERVISED_LATENT_EXPERTS,S06_UNSUPERVISED_LATENT_EXPERTS_K2,2,False
2025-05-08,2,,,,,,,S06_UNSUPERVISED_LATENT_EXPERTS,S06_UNSUPERVISED_LATENT_EXPERTS_K2,2,False
2025-05-09,1,,,,,,,S06_UNSUPERVISED_LATENT_EXPERTS,S06_UNSUPERVISED_LATENT_EXPERTS_K2,2,False
2025-05-09,2,,,,,,,S06_UNSUPERVISED_LATENT_EXPERTS,S06_UNSUPERVISED_LATENT_EXPERTS_K2,2,False
2025-05-12,1,,,,,,,S06_UNSUPERVISED_LATENT_EXPERTS,S06_UNSUPERVISED_LATENT_EXPERTS_K2,2,False
2025-05-12,2,,,,,,,S06_UNSUPERVISED_LATENT_EXPERTS,S06_UNSUPERVISED_LATENT_EXPERTS_K2,2,False
2025-05-13,1,,,,,,,S06_UNSUPERVISED_LATENT_EXPERTS,S06_UNSUPERVISED_LATENT_EXPERTS_K2,2,False
2025-05-13,2,,,,,,,S06_UNSUPERVISED_LATENT_EXPERTS,S06_UNSUPERVISED_LATENT_EXPERTS_K2,2,False
2025-05-14,1,,,,,,,S06_UNSUPERVISED_LATENT_EXPERTS,S06_UNSUPERVISED_LATENT_EXPERTS_K2,2,False
2025-05-14,2,,,,,,,S06_UNSUPERVISED_LATENT_EXPERTS,S06_UNSUPERVISED_LATENT_EXPERTS_K2,2,False
2025-05-15,1,,,,,,,S06_UNSUPERVISED_LATENT_EXPERTS,S06_UNSUPERVISED_LATENT_EXPERTS_K2,2,False
2025-05-15,2,,,,,,,S06_UNSUPERVISED_LATENT_EXPERTS,S06_UNSUPERVISED_LATENT_EXPERTS_K2,2,False
2025-05-16,1,,,,,,,S06_UNSUPERVISED_LATENT_EXPERTS,S06_UNSUPERVISED_LATENT_EXPERTS_K2,2,False
2025-05-16,2,,,,,,,S06_UNSUPERVISED_LATENT_EXPERTS,S06_UNSUPERVISED_LATENT_EXPERTS_K2,2,False
2025-05-19,1,,,,,,,S06_UNSUPERVISED_LATENT_EXPERTS,S06_UNSUPERVISED_LATENT_EXPERTS_K2,2,False
2025-05-19,2,,,,,,,S06_UNSUPERVISED_LATENT_EXPERTS,S06_UNSUPERVISED_LATENT_EXPERTS_K2,2,False
2025-05-20,1,,,,,,,S06_UNSUPERVISED_LATENT_EXPERTS,S06_UNSUPERVISED_LATENT_EXPERTS_K2,2,False
2025-05-20,2,,,,,,,S06_UNSUPERVISED_LATENT_EXPERTS,S06_UNSUPERVISED_LATENT_EXPERTS_K2,2,False
2025-05-21,1,,,,,,,S06_UNSUPERVISED_LATENT_EXPERTS,S06_UNSUPERVISED_LATENT_EXPERTS_K2,2,False
2025-05-21,2,,,,,,,S06_UNSUPERVISED_LATENT_EXPERTS,S06_UNSUPERVISED_LATENT_EXPERTS_K2,2,False
2025-05-22,1,,,,,,,S06_UNSUPERVISED_LATENT_EXPERTS,S06_UNSUPERVISED_LATENT_EXPERTS_K2,2,False
2025-05-22,2,,,,,,,S06_UNSUPERVISED_LATENT_EXPERTS,S06_UNSUPERVISED_LATENT_EXPERTS_K2,2,False
2025-05-23,1,,,,,,,S06_UNSUPERVISED_LATENT_EXPERTS,S06_UNSUPERVISED_LATENT_EXPERTS_K2,2,False
2025-05-23,2,,,,,,,S06_UNSUPERVISED_LATENT_EXPERTS,S06_UNSUPERVISED_LATENT_EXPERTS_K2,2,False
2025-05-26,1,,,,,,,S06_UNSUPERVISED_LATENT_EXPERTS,S06_UNSUPERVISED_LATENT_EXPERTS_K2,2,False
2025-05-26,2,,,,,,,S06_UNSUPERVISED_LATENT_EXPERTS,S06_UNSUPERVISED_LATENT_EXPERTS_K2,2,False
2025-05-27,1,,,,,,,S06_UNSUPERVISED_LATENT_EXPERTS,S06_UNSUPERVISED_LATENT_EXPERTS_K2,2,False
2025-05-27,2,,,,,,,S06_UNSUPERVISED_LATENT_EXPERTS,S06_UNSUPERVISED_LATENT_EXPERTS_K2,2,False
2025-05-28,1,,,,,,,S06_UNSUPERVISED_LATENT_EXPERTS,S06_UNSUPERVISED_LATENT_EXPERTS_K2,2,False
2025-05-28,2,,,,,,,S06_UNSUPERVISED_LATENT_EXPERTS,S06_UNSUPERVISED_LATENT_EXPERTS_K2,2,False
2025-05-29,1,,,,,,,S06_UNSUPERVISED_LATENT_EXPERTS,S06_UNSUPERVISED_LATENT_EXPERTS_K2,2,False
2025-05-29,2,,,,,,,S06_UNSUPERVISED_LATENT_EXPERTS,S06_UNSUPERVISED_LATENT_EXPERTS_K2,2,False
2025-05-30,1,,,,,,,S06_UNSUPERVISED_LATENT_EXPERTS,S06_UNSUPERVISED_LATENT_EXPERTS_K2,2,False
2025-05-30,2,,,,,,,S06_UNSUPERVISED_LATENT_EXPERTS,S06_UNSUPERVISED_LATENT_EXPERTS_K2,2,False
2025-06-02,1,,,,,,,S06_UNSUPERVISED_LATENT_EXPERTS,S06_UNSUPERVISED_LATENT_EXPERTS_K2,2,False
2025-06-02,2,,,,,,,S06_UNSUPERVISED_LATENT_EXPERTS,S06_UNSUPERVISED_LATENT_EXPERTS_K2,2,False
2025-06-03,1,,,,,,,S06_UNSUPERVISED_LATENT_EXPERTS,S06_UNSUPERVISED_LATENT_EXPERTS_K2,2,False
2025-06-03,2,,,,,,,S06_UNSUPERVISED_LATENT_EXPERTS,S06_UNSUPERVISED_LATENT_EXPERTS_K2,2,False
2025-06-04,1,,,,,,,S06_UNSUPERVISED_LATENT_EXPERTS,S06_UNSUPERVISED_LATENT_EXPERTS_K2,2,False
2025-06-04,2,,,,,,,S06_UNSUPERVISED_LATENT_EXPERTS,S06_UNSUPERVISED_LATENT_EXPERTS_K2,2,False
2025-06-05,1,,,,,,,S06_UNSUPERVISED_LATENT_EXPERTS,S06_UNSUPERVISED_LATENT_EXPERTS_K2,2,False
2025-06-05,2,,,,,,,S06_UNSUPERVISED_LATENT_EXPERTS,S06_UNSUPERVISED_LATENT_EXPERTS_K2,2,False
2025-06-06,1,,,,,,,S06_UNSUPERVISED_LATENT_EXPERTS,S06_UNSUPERVISED_LATENT_EXPERTS_K2,2,False
2025-06-06,2,,,,,,,S06_UNSUPERVISED_LATENT_EXPERTS,S06_UNSUPERVISED_LATENT_EXPERTS_K2,2,False
2025-06-09,1,,,,,,,S06_UNSUPERVISED_LATENT_EXPERTS,S06_UNSUPERVISED_LATENT_EXPERTS_K2,2,False
2025-06-09,2,,,,,,,S06_UNSUPERVISED_LATENT_EXPERTS,S06_UNSUPERVISED_LATENT_EXPERTS_K2,2,False
2025-06-10,1,,,,,,,S06_UNSUPERVISED_LATENT_EXPERTS,S06_UNSUPERVISED_LATENT_EXPERTS_K2,2,False
2025-06-10,2,,,,,,,S06_UNSUPERVISED_LATENT_EXPERTS,S06_UNSUPERVISED_LATENT_EXPERTS_K2,2,False
2025-06-11,1,,,,,,,S06_UNSUPERVISED_LATENT_EXPERTS,S06_UNSUPERVISED_LATENT_EXPERTS_K2,2,False
2025-06-11,2,,,,,,,S06_UNSUPERVISED_LATENT_EXPERTS,S06_UNSUPERVISED_LATENT_EXPERTS_K2,2,False
2025-06-12,1,,,,,,,S06_UNSUPERVISED_LATENT_EXPERTS,S06_UNSUPERVISED_LATENT_EXPERTS_K2,2,False
2025-06-12,2,,,,,,,S06_UNSUPERVISED_LATENT_EXPERTS,S06_UNSUPERVISED_LATENT_EXPERTS_K2,2,False
2025-06-13,1,,,,,,,S06_UNSUPERVISED_LATENT_EXPERTS,S06_UNSUPERVISED_LATENT_EXPERTS_K2,2,False
2025-06-13,2,,,,,,,S06_UNSUPERVISED_LATENT_EXPERTS,S06_UNSUPERVISED_LATENT_EXPERTS_K2,2,False
2025-06-16,1,,,,,,,S06_UNSUPERVISED_LATENT_EXPERTS,S06_UNSUPERVISED_LATENT_EXPERTS_K2,2,False
2025-06-16,2,,,,,,,S06_UNSUPERVISED_LATENT_EXPERTS,S06_UNSUPERVISED_LATENT_EXPERTS_K2,2,False
2025-06-17,1,,,,,,,S06_UNSUPERVISED_LATENT_EXPERTS,S06_UNSUPERVISED_LATENT_EXPERTS_K2,2,False
2025-06-17,2,,,,,,,S06_UNSUPERVISED_LATENT_EXPERTS,S06_UNSUPERVISED_LATENT_EXPERTS_K2,2,False
2025-06-18,1,,,,,,,S06_UNSUPERVISED_LATENT_EXPERTS,S06_UNSUPERVISED_LATENT_EXPERTS_K2,2,False
2025-06-18,2,,,,,,,S06_UNSUPERVISED_LATENT_EXPERTS,S06_UNSUPERVISED_LATENT_EXPERTS_K2,2,False
2025-06-19,1,,,,,,,S06_UNSUPERVISED_LATENT_EXPERTS,S06_UNSUPERVISED_LATENT_EXPERTS_K2,2,False
2025-06-19,2,,,,,,,S06_UNSUPERVISED_LATENT_EXPERTS,S06_UNSUPERVISED_LATENT_EXPERTS_K2,2,False
2025-06-20,1,,,,,,,S06_UNSUPERVISED_LATENT_EXPERTS,S06_UNSUPERVISED_LATENT_EXPERTS_K2,2,False
2025-06-20,2,,,,,,,S06_UNSUPERVISED_LATENT_EXPERTS,S06_UNSUPERVISED_LATENT_EXPERTS_K2,2,False
2025-06-23,1,,,,,,,S06_UNSUPERVISED_LATENT_EXPERTS,S06_UNSUPERVISED_LATENT_EXPERTS_K2,2,False
2025-06-23,2,,,,,,,S06_UNSUPERVISED_LATENT_EXPERTS,S06_UNSUPERVISED_LATENT_EXPERTS_K2,2,False
2025-06-24,1,,,,,,,S06_UNSUPERVISED_LATENT_EXPERTS,S06_UNSUPERVISED_LATENT_EXPERTS_K2,2,False
2025-06-24,2,,,,,,,S06_UNSUPERVISED_LATENT_EXPERTS,S06_UNSUPERVISED_LATENT_EXPERTS_K2,2,False
2025-06-25,1,,,,,,,S06_UNSUPERVISED_LATENT_EXPERTS,S06_UNSUPERVISED_LATENT_EXPERTS_K2,2,False
2025-06-25,2,,,,,,,S06_UNSUPERVISED_LATENT_EXPERTS,S06_UNSUPERVISED_LATENT_EXPERTS_K2,2,False
2025-06-26,1,,,,,,,S06_UNSUPERVISED_LATENT_EXPERTS,S06_UNSUPERVISED_LATENT_EXPERTS_K2,2,False
2025-06-26,2,,,,,,,S06_UNSUPERVISED_LATENT_EXPERTS,S06_UNSUPERVISED_LATENT_EXPERTS_K2,2,False
2025-06-27,1,,,,,,,S06_UNSUPERVISED_LATENT_EXPERTS,S06_UNSUPERVISED_LATENT_EXPERTS_K2,2,False
2025-06-27,2,,,,,,,S06_UNSUPERVISED_LATENT_EXPERTS,S06_UNSUPERVISED_LATENT_EXPERTS_K2,2,False
2025-06-30,1,,,,,,,S06_UNSUPERVISED_LATENT_EXPERTS,S06_UNSUPERVISED_LATENT_EXPERTS_K2,2,False
2025-06-30,2,,,,,,,S06_UNSUPERVISED_LATENT_EXPERTS,S06_UNSUPERVISED_LATENT_EXPERTS_K2,2,False
2025-07-01,1,,,,,,,S06_UNSUPERVISED_LATENT_EXPERTS,S06_UNSUPERVISED_LATENT_EXPERTS_K2,2,False
2025-07-01,2,,,,,,,S06_UNSUPERVISED_LATENT_EXPERTS,S06_UNSUPERVISED_LATENT_EXPERTS_K2,2,False
2025-07-02,1,,,,,,,S06_UNSUPERVISED_LATENT_EXPERTS,S06_UNSUPERVISED_LATENT_EXPERTS_K2,2,False
2025-07-02,2,,,,,,,S06_UNSUPERVISED_LATENT_EXPERTS,S06_UNSUPERVISED_LATENT_EXPERTS_K2,2,False
2025-07-03,1,,,,,,,S06_UNSUPERVISED_LATENT_EXPERTS,S06_UNSUPERVISED_LATENT_EXPERTS_K2,2,False
2025-07-03,2,,,,,,,S06_UNSUPERVISED_LATENT_EXPERTS,S06_UNSUPERVISED_LATENT_EXPERTS_K2,2,False
2025-07-04,1,,,,,,,S06_UNSUPERVISED_LATENT_EXPERTS,S06_UNSUPERVISED_LATENT_EXPERTS_K2,2,False
2025-07-04,2,,,,,,,S06_UNSUPERVISED_LATENT_EXPERTS,S06_UNSUPERVISED_LATENT_EXPERTS_K2,2,False
2025-07-07,1,,,,,,,S06_UNSUPERVISED_LATENT_EXPERTS,S06_UNSUPERVISED_LATENT_EXPERTS_K2,2,False
2025-07-07,2,,,,,,,S06_UNSUPERVISED_LATENT_EXPERTS,S06_UNSUPERVISED_LATENT_EXPERTS_K2,2,False
2025-07-08,1,,,,,,,S06_UNSUPERVISED_LATENT_EXPERTS,S06_UNSUPERVISED_LATENT_EXPERTS_K2,2,False
2025-07-08,2,,,,,,,S06_UNSUPERVISED_LATENT_EXPERTS,S06_UNSUPERVISED_LATENT_EXPERTS_K2,2,False
2025-07-09,1,,,,,,,S06_UNSUPERVISED_LATENT_EXPERTS,S06_UNSUPERVISED_LATENT_EXPERTS_K2,2,False
2025-07-09,2,,,,,,,S06_UNSUPERVISED_LATENT_EXPERTS,S06_UNSUPERVISED_LATENT_EXPERTS_K2,2,False
2025-07-10,1,,,,,,,S06_UNSUPERVISED_LATENT_EXPERTS,S06_UNSUPERVISED_LATENT_EXPERTS_K2,2,False
2025-07-10,2,,,,,,,S06_UNSUPERVISED_LATENT_EXPERTS,S06_UNSUPERVISED_LATENT_EXPERTS_K2,2,False
2025-07-11,1,,,,,,,S06_UNSUPERVISED_LATENT_EXPERTS,S06_UNSUPERVISED_LATENT_EXPERTS_K2,2,False
2025-07-11,2,,,,,,,S06_UNSUPERVISED_LATENT_EXPERTS,S06_UNSUPERVISED_LATENT_EXPERTS_K2,2,False
2025-07-14,1,,,,,,,S06_UNSUPERVISED_LATENT_EXPERTS,S06_UNSUPERVISED_LATENT_EXPERTS_K2,2,False
2025-07-14,2,,,,,,,S06_UNSUPERVISED_LATENT_EXPERTS,S06_UNSUPERVISED_LATENT_EXPERTS_K2,2,False
2025-07-15,1,,,,,,,S06_UNSUPERVISED_LATENT_EXPERTS,S06_UNSUPERVISED_LATENT_EXPERTS_K2,2,False
2025-07-15,2,,,,,,,S06_UNSUPERVISED_LATENT_EXPERTS,S06_UNSUPERVISED_LATENT_EXPERTS_K2,2,False
2025-07-16,1,,,,,,,S06_UNSUPERVISED_LATENT_EXPERTS,S06_UNSUPERVISED_LATENT_EXPERTS_K2,2,False
2025-07-16,2,,,,,,,S06_UNSUPERVISED_LATENT_EXPERTS,S06_UNSUPERVISED_LATENT_EXPERTS_K2,2,False
2025-07-17,1,,,,,,,S06_UNSUPERVISED_LATENT_EXPERTS,S06_UNSUPERVISED_LATENT_EXPERTS_K2,2,False
2025-07-17,2,,,,,,,S06_UNSUPERVISED_LATENT_EXPERTS,S06_UNSUPERVISED_LATENT_EXPERTS_K2,2,False
2025-07-18,1,,,,,,,S06_UNSUPERVISED_LATENT_EXPERTS,S06_UNSUPERVISED_LATENT_EXPERTS_K2,2,False
2025-07-18,2,,,,,,,S06_UNSUPERVISED_LATENT_EXPERTS,S06_UNSUPERVISED_LATENT_EXPERTS_K2,2,False
2025-07-22,1,,,,,,,S06_UNSUPERVISED_LATENT_EXPERTS,S06_UNSUPERVISED_LATENT_EXPERTS_K2,2,False
2025-07-22,2,,,,,,,S06_UNSUPERVISED_LATENT_EXPERTS,S06_UNSUPERVISED_LATENT_EXPERTS_K2,2,False
2025-07-23,1,,,,,,,S06_UNSUPERVISED_LATENT_EXPERTS,S06_UNSUPERVISED_LATENT_EXPERTS_K2,2,False
2025-07-23,2,,,,,,,S06_UNSUPERVISED_LATENT_EXPERTS,S06_UNSUPERVISED_LATENT_EXPERTS_K2,2,False
2025-07-24,1,,,,,,,S06_UNSUPERVISED_LATENT_EXPERTS,S06_UNSUPERVISED_LATENT_EXPERTS_K2,2,False
2025-07-24,2,,,,,,,S06_UNSUPERVISED_LATENT_EXPERTS,S06_UNSUPERVISED_LATENT_EXPERTS_K2,2,False
2025-07-25,1,,,,,,,S06_UNSUPERVISED_LATENT_EXPERTS,S06_UNSUPERVISED_LATENT_EXPERTS_K2,2,False
2025-07-25,2,,,,,,,S06_UNSUPERVISED_LATENT_EXPERTS,S06_UNSUPERVISED_LATENT_EXPERTS_K2,2,False
2025-07-28,1,,,,,,,S06_UNSUPERVISED_LATENT_EXPERTS,S06_UNSUPERVISED_LATENT_EXPERTS_K2,2,False
2025-07-28,2,,,,,,,S06_UNSUPERVISED_LATENT_EXPERTS,S06_UNSUPERVISED_LATENT_EXPERTS_K2,2,False
2025-07-29,1,,,,,,,S06_UNSUPERVISED_LATENT_EXPERTS,S06_UNSUPERVISED_LATENT_EXPERTS_K2,2,False
2025-07-29,2,,,,,,,S06_UNSUPERVISED_LATENT_EXPERTS,S06_UNSUPERVISED_LATENT_EXPERTS_K2,2,False
2025-07-30,1,,,,,,,S06_UNSUPERVISED_LATENT_EXPERTS,S06_UNSUPERVISED_LATENT_EXPERTS_K2,2,False
2025-07-30,2,,,,,,,S06_UNSUPERVISED_LATENT_EXPERTS,S06_UNSUPERVISED_LATENT_EXPERTS_K2,2,False
2025-07-31,1,,,,,,,S06_UNSUPERVISED_LATENT_EXPERTS,S06_UNSUPERVISED_LATENT_EXPERTS_K2,2,False
2025-07-31,2,,,,,,,S06_UNSUPERVISED_LATENT_EXPERTS,S06_UNSUPERVISED_LATENT_EXPERTS_K2,2,False
2024-07-01,1,4801,セントラルスポーツ,0.1042071133852005,True,1.0,0.03938558487592836,S07_RECENT_SUPPORT_CONFORMAL,S07_RECENT_SUPPORT_CONFORMAL_K1,1,True
2024-07-02,1,2480,システム・ロケーション,0.1076676994562149,True,1.0,0.07256894049347817,S07_RECENT_SUPPORT_CONFORMAL,S07_RECENT_SUPPORT_CONFORMAL_K1,1,True
2024-07-03,1,2480,システム・ロケーション,0.10622728615999222,True,1.0,1.3254786450662692,S07_RECENT_SUPPORT_CONFORMAL,S07_RECENT_SUPPORT_CONFORMAL_K1,1,True
2024-07-04,1,4762,エックスネット,0.09277670085430145,True,0.0,-0.7422402159244279,S07_RECENT_SUPPORT_CONFORMAL,S07_RECENT_SUPPORT_CONFORMAL_K1,1,True
2024-07-05,1,3892,岡山製紙,0.09535663574934006,True,1.0,1.008742434431742,S07_RECENT_SUPPORT_CONFORMAL,S07_RECENT_SUPPORT_CONFORMAL_K1,1,True
2024-07-08,1,3302,帝国繊維,0.09372449666261673,True,0.0,-3.299293008641002,S07_RECENT_SUPPORT_CONFORMAL,S07_RECENT_SUPPORT_CONFORMAL_K1,1,True
2024-07-09,1,3302,帝国繊維,0.08941958099603653,True,0.0,-1.1263073209975882,S07_RECENT_SUPPORT_CONFORMAL,S07_RECENT_SUPPORT_CONFORMAL_K1,1,True
2024-07-10,1,1866,北野建設,0.09766771644353867,True,0.0,-0.4070556309362261,S07_RECENT_SUPPORT_CONFORMAL,S07_RECENT_SUPPORT_CONFORMAL_K1,1,True
2024-07-11,1,3974,ＳＣＡＴ,0.09691739082336426,True,1.0,1.2958963282937441,S07_RECENT_SUPPORT_CONFORMAL,S07_RECENT_SUPPORT_CONFORMAL_K1,1,True
2024-07-12,1,3991,ウォンテッドリー,0.1035846471786499,True,1.0,2.132352941176463,S07_RECENT_SUPPORT_CONFORMAL,S07_RECENT_SUPPORT_CONFORMAL_K1,1,True
2024-07-16,1,1866,北野建設,0.09670551866292953,True,0.0,-0.4132231404958664,S07_RECENT_SUPPORT_CONFORMAL,S07_RECENT_SUPPORT_CONFORMAL_K1,1,True
2024-07-17,1,3892,岡山製紙,0.11788975447416306,True,1.0,0.06756756756756133,S07_RECENT_SUPPORT_CONFORMAL,S07_RECENT_SUPPORT_CONFORMAL_K1,1,True
2024-07-18,1,6870,日本フェンオール,0.10422135889530182,True,1.0,0.2875215641173101,S07_RECENT_SUPPORT_CONFORMAL,S07_RECENT_SUPPORT_CONFORMAL_K1,1,True
2024-07-19,1,5252,日本ナレッジ,0.10383930802345276,True,1.0,0.6545454545454632,S07_RECENT_SUPPORT_CONFORMAL,S07_RECENT_SUPPORT_CONFORMAL_K1,1,True
2024-07-22,1,4362,日本精化,0.0988481417298317,True,0.0,-2.630643441166014,S07_RECENT_SUPPORT_CONFORMAL,S07_RECENT_SUPPORT_CONFORMAL_K1,1,True
2024-07-23,1,6707,サンケン電気,0.10122836381196976,True,0.0,-1.3733333333333375,S07_RECENT_SUPPORT_CONFORMAL,S07_RECENT_SUPPORT_CONFORMAL_K1,1,True
2024-07-24,1,6762,ＴＤＫ,0.10525308549404144,True,0.0,-0.14691478942213676,S07_RECENT_SUPPORT_CONFORMAL,S07_RECENT_SUPPORT_CONFORMAL_K1,1,True
2024-07-25,1,6113,アマダ,0.09185821563005447,True,0.0,-2.4864246927693623,S07_RECENT_SUPPORT_CONFORMAL,S07_RECENT_SUPPORT_CONFORMAL_K1,1,True
2024-07-26,1,5256,Ｆｕｓｉｃ,0.09308794140815735,True,0.0,-0.45385779122542047,S07_RECENT_SUPPORT_CONFORMAL,S07_RECENT_SUPPORT_CONFORMAL_K1,1,True
2024-07-29,1,7175,今村証券,0.08136018365621567,True,1.0,0.29390154298309934,S07_RECENT_SUPPORT_CONFORMAL,S07_RECENT_SUPPORT_CONFORMAL_K1,1,True
2024-07-30,1,9818,大丸エナウィン,0.08737540990114212,True,0.0,0.0,S07_RECENT_SUPPORT_CONFORMAL,S07_RECENT_SUPPORT_CONFORMAL_K1,1,True
2024-07-31,1,3934,ベネフィットジャパン,0.09350881725549698,True,0.0,-1.4705882352941124,S07_RECENT_SUPPORT_CONFORMAL,S07_RECENT_SUPPORT_CONFORMAL_K1,1,True
2024-08-01,1,4496,コマースＯｎｅホールディングス,0.11583669483661652,True,1.0,1.4084507042253502,S07_RECENT_SUPPORT_CONFORMAL,S07_RECENT_SUPPORT_CONFORMAL_K1,1,True
2024-08-02,1,9353,櫻島埠頭,0.10407119989395142,True,0.0,-4.789382573571843,S07_RECENT_SUPPORT_CONFORMAL,S07_RECENT_SUPPORT_CONFORMAL_K1,1,True
2024-08-05,1,4549,栄研化学,0.09750692546367645,True,0.0,-4.47381799694967,S07_RECENT_SUPPORT_CONFORMAL,S07_RECENT_SUPPORT_CONFORMAL_K1,1,True
2024-08-06,1,9072,ニッコンホールディングス,0.031120190396904945,True,1.0,1.156884875846509,S07_RECENT_SUPPORT_CONFORMAL,S07_RECENT_SUPPORT_CONFORMAL_K1,1,True
2024-08-07,1,3800,ユニリタ,0.03819571062922478,True,1.0,0.052356020942401216,S07_RECENT_SUPPORT_CONFORMAL,S07_RECENT_SUPPORT_CONFORMAL_K1,1,True
2024-08-08,1,3800,ユニリタ,0.033005889505147934,True,1.0,1.1578947368421133,S07_RECENT_SUPPORT_CONFORMAL,S07_RECENT_SUPPORT_CONFORMAL_K1,1,True
2024-08-09,1,7371,Ｚｅｎｋｅｎ,0.048316825181245804,True,0.0,-8.272058823529417,S07_RECENT_SUPPORT_CONFORMAL,S07_RECENT_SUPPORT_CONFORMAL_K1,1,True
2024-08-13,1,4503,アステラス製薬,0.06951821595430374,True,1.0,1.6322759470280168,S07_RECENT_SUPPORT_CONFORMAL,S07_RECENT_SUPPORT_CONFORMAL_K1,1,True
2024-08-14,1,3800,ユニリタ,0.1049816682934761,True,0.0,-0.05216484089723972,S07_RECENT_SUPPORT_CONFORMAL,S07_RECENT_SUPPORT_CONFORMAL_K1,1,True
2024-08-15,1,2372,アイロムグループ,0.09013156592845917,True,0.0,-0.18018018018017834,S07_RECENT_SUPPORT_CONFORMAL,S07_RECENT_SUPPORT_CONFORMAL_K1,1,True
2024-08-16,1,2372,アイロムグループ,0.09102766215801239,True,0.0,-0.036088054853844476,S07_RECENT_SUPPORT_CONFORMAL,S07_RECENT_SUPPORT_CONFORMAL_K1,1,True
2024-08-19,1,2372,アイロムグループ,0.0912051871418953,True,0.0,-0.07220216606498298,S07_RECENT_SUPPORT_CONFORMAL,S07_RECENT_SUPPORT_CONFORMAL_K1,1,True
2024-08-20,1,3804,システム ディ,0.0965559259057045,True,,,S07_RECENT_SUPPORT_CONFORMAL,S07_RECENT_SUPPORT_CONFORMAL_K1,1,False
2024-08-21,1,2372,アイロムグループ,0.08688850700855255,True,1.0,0.14440433212996595,S07_RECENT_SUPPORT_CONFORMAL,S07_RECENT_SUPPORT_CONFORMAL_K1,1,True
2024-08-22,1,7649,スギホールディングス,0.08238379657268524,True,0.0,-0.19406171162429375,S07_RECENT_SUPPORT_CONFORMAL,S07_RECENT_SUPPORT_CONFORMAL_K1,1,True
2024-08-23,1,8247,大和,0.08777301013469696,True,1.0,0.9195402298850519,S07_RECENT_SUPPORT_CONFORMAL,S07_RECENT_SUPPORT_CONFORMAL_K1,1,True
2024-08-26,1,4686,ジャストシステム,0.08434638381004333,True,1.0,6.885758998435065,S07_RECENT_SUPPORT_CONFORMAL,S07_RECENT_SUPPORT_CONFORMAL_K1,1,True
2024-08-27,1,6322,タクミナ,0.07788290083408356,True,1.0,3.0942334739803012,S07_RECENT_SUPPORT_CONFORMAL,S07_RECENT_SUPPORT_CONFORMAL_K1,1,True
2024-08-28,1,7616,コロワイド,0.08078701049089432,True,0.0,-0.6810442678774176,S07_RECENT_SUPPORT_CONFORMAL,S07_RECENT_SUPPORT_CONFORMAL_K1,1,True
2024-08-29,1,7514,ヒマラヤ,0.08815114945173264,True,1.0,1.462317210348707,S07_RECENT_SUPPORT_CONFORMAL,S07_RECENT_SUPPORT_CONFORMAL_K1,1,True
2024-08-30,1,5273,三⾕セキサン,0.09942588210105896,True,1.0,1.1131725417439675,S07_RECENT_SUPPORT_CONFORMAL,S07_RECENT_SUPPORT_CONFORMAL_K1,1,True
2024-09-02,1,7514,ヒマラヤ,0.10188530385494232,True,0.0,-0.22321428571429047,S07_RECENT_SUPPORT_CONFORMAL,S07_RECENT_SUPPORT_CONFORMAL_K1,1,True
2024-09-03,1,3768,リスクモンスター,0.11164849996566772,True,0.0,0.0,S07_RECENT_SUPPORT_CONFORMAL,S07_RECENT_SUPPORT_CONFORMAL_K1,1,True
2024-09-04,1,7514,ヒマラヤ,0.1110118106007576,True,1.0,0.22446689113355678,S07_RECENT_SUPPORT_CONFORMAL,S07_RECENT_SUPPORT_CONFORMAL_K1,1,True
2024-09-05,1,6190,フェニックスバイオ,0.09705543518066406,True,0.0,0.0,S07_RECENT_SUPPORT_CONFORMAL,S07_RECENT_SUPPORT_CONFORMAL_K1,1,True
2024-09-06,1,7733,オリンパス,0.10470923036336899,True,0.0,-0.6090373280942973,S07_RECENT_SUPPORT_CONFORMAL,S07_RECENT_SUPPORT_CONFORMAL_K1,1,True
2024-09-09,1,7138,ＴＯＲＩＣＯ,0.10567426681518555,True,1.0,4.3010752688172005,S07_RECENT_SUPPORT_CONFORMAL,S07_RECENT_SUPPORT_CONFORMAL_K1,1,True
2024-09-10,1,9445,フォーバルテレコム,0.10470787435770035,True,0.0,-5.803571428571431,S07_RECENT_SUPPORT_CONFORMAL,S07_RECENT_SUPPORT_CONFORMAL_K1,1,True
2024-09-11,1,8630,ＳＯＭＰＯホールディングス,0.10125692188739777,True,0.0,-0.8958912573370448,S07_RECENT_SUPPORT_CONFORMAL,S07_RECENT_SUPPORT_CONFORMAL_K1,1,True
2024-09-12,1,7532,パン・パシフィック・インターナショナルホールディングス,0.10184703022241592,True,1.0,0.8723235527359208,S07_RECENT_SUPPORT_CONFORMAL,S07_RECENT_SUPPORT_CONFORMAL_K1,1,True
2024-09-13,1,6190,フェニックスバイオ,0.11676283925771713,True,0.0,-1.95227765726681,S07_RECENT_SUPPORT_CONFORMAL,S07_RECENT_SUPPORT_CONFORMAL_K1,1,True
2024-09-17,1,4503,アステラス製薬,0.11569970846176147,True,0.0,-1.6880093131548257,S07_RECENT_SUPPORT_CONFORMAL,S07_RECENT_SUPPORT_CONFORMAL_K1,1,True
2024-09-18,1,4507,塩野義製薬,0.10803252458572388,True,0.0,-1.2378564713256046,S07_RECENT_SUPPORT_CONFORMAL,S07_RECENT_SUPPORT_CONFORMAL_K1,1,True
2024-09-19,1,4507,塩野義製薬,0.10332935303449631,True,0.0,-0.2963194011228909,S07_RECENT_SUPPORT_CONFORMAL,S07_RECENT_SUPPORT_CONFORMAL_K1,1,True
2024-09-20,1,4840,トライアイズ,0.12254749983549118,True,1.0,0.31847133757962887,S07_RECENT_SUPPORT_CONFORMAL,S07_RECENT_SUPPORT_CONFORMAL_K1,1,True
2024-09-24,1,4840,トライアイズ,0.12139394134283066,True,1.0,3.205128205128216,S07_RECENT_SUPPORT_CONFORMAL,S07_RECENT_SUPPORT_CONFORMAL_K1,1,True
2024-09-25,1,2372,アイロムグループ,0.11846248805522919,True,0.0,0.0,S07_RECENT_SUPPORT_CONFORMAL,S07_RECENT_SUPPORT_CONFORMAL_K1,1,True
2024-09-26,1,3092,ＺＯＺＯ,0.12259014695882797,True,1.0,3.1114774366371334,S07_RECENT_SUPPORT_CONFORMAL,S07_RECENT_SUPPORT_CONFORMAL_K1,1,True
2024-09-27,1,2372,アイロムグループ,0.11892259120941162,True,1.0,0.21590500179919925,S07_RECENT_SUPPORT_CONFORMAL,S07_RECENT_SUPPORT_CONFORMAL_K1,1,True
2024-09-30,1,2372,アイロムグループ,0.11302979290485382,True,0.0,0.0,S07_RECENT_SUPPORT_CONFORMAL,S07_RECENT_SUPPORT_CONFORMAL_K1,1,True
2024-10-01,1,2114,フジ日本,0.11475017666816711,True,0.0,-0.6673021925643452,S07_RECENT_SUPPORT_CONFORMAL,S07_RECENT_SUPPORT_CONFORMAL_K1,1,True
2024-10-02,1,3804,システム ディ,0.11418397724628448,True,1.0,0.2142857142857224,S07_RECENT_SUPPORT_CONFORMAL,S07_RECENT_SUPPORT_CONFORMAL_K1,1,True
2024-10-03,1,3804,システム ディ,0.11129820346832275,True,0.0,-0.07127583749109156,S07_RECENT_SUPPORT_CONFORMAL,S07_RECENT_SUPPORT_CONFORMAL_K1,1,True
2024-10-04,1,3726,フォーシーズＨＤ,0.10984653234481812,True,0.0,-0.4158004158004158,S07_RECENT_SUPPORT_CONFORMAL,S07_RECENT_SUPPORT_CONFORMAL_K1,1,True
2024-10-07,1,1925,大和ハウス⼯業,0.09019076824188232,True,0.0,-0.1295896328293744,S07_RECENT_SUPPORT_CONFORMAL,S07_RECENT_SUPPORT_CONFORMAL_K1,1,True
2024-10-08,1,4361,川口化学⼯業,0.11909795552492142,True,1.0,0.12853470437017567,S07_RECENT_SUPPORT_CONFORMAL,S07_RECENT_SUPPORT_CONFORMAL_K1,1,True
2024-10-09,1,2229,カルビー,0.1077909767627716,True,1.0,0.9381413075344458,S07_RECENT_SUPPORT_CONFORMAL,S07_RECENT_SUPPORT_CONFORMAL_K1,1,True
2024-10-10,1,5938,ＬＩＸＩＬ,0.09579344093799591,True,0.0,-0.2662721893491149,S07_RECENT_SUPPORT_CONFORMAL,S07_RECENT_SUPPORT_CONFORMAL_K1,1,True
2024-10-11,1,2493,イーサポートリンク,0.09107156097888947,True,0.0,-1.074113856068748,S07_RECENT_SUPPORT_CONFORMAL,S07_RECENT_SUPPORT_CONFORMAL_K1,1,True
2024-10-15,1,2334,イオレ,0.09805162250995636,True,0.0,-0.3039513677811523,S07_RECENT_SUPPORT_CONFORMAL,S07_RECENT_SUPPORT_CONFORMAL_K1,1,True
2024-10-16,1,8267,イオン,0.09624241292476654,True,1.0,1.3246823465801638,S07_RECENT_SUPPORT_CONFORMAL,S07_RECENT_SUPPORT_CONFORMAL_K1,1,True
2024-10-17,1,8025,ツカモトコーポレーション,0.0961296409368515,True,0.0,-2.1015761821365997,S07_RECENT_SUPPORT_CONFORMAL,S07_RECENT_SUPPORT_CONFORMAL_K1,1,True
2024-10-18,1,3195,ジェネレーションパス,0.10285371541976929,True,1.0,4.680851063829783,S07_RECENT_SUPPORT_CONFORMAL,S07_RECENT_SUPPORT_CONFORMAL_K1,1,True
2024-10-21,1,9064,ヤマトホールディングス,0.092967189848423,True,1.0,0.061538461538468425,S07_RECENT_SUPPORT_CONFORMAL,S07_RECENT_SUPPORT_CONFORMAL_K1,1,True
2024-10-22,1,9347,日本管財ホールディングス,0.1051618680357933,True,0.0,-1.9593345656192196,S07_RECENT_SUPPORT_CONFORMAL,S07_RECENT_SUPPORT_CONFORMAL_K1,1,True
2024-10-23,1,2268,Ｂ−Ｒ サーティワン アイスクリーム,0.10918743908405304,True,0.0,-0.7194244604316502,S07_RECENT_SUPPORT_CONFORMAL,S07_RECENT_SUPPORT_CONFORMAL_K1,1,True
2024-10-24,1,7369,メイホーホールディングス,0.11786116659641266,True,0.0,0.0,S07_RECENT_SUPPORT_CONFORMAL,S07_RECENT_SUPPORT_CONFORMAL_K1,1,True
2024-10-25,1,4361,川口化学⼯業,0.09586338698863983,True,0.0,-0.6269592476489061,S07_RECENT_SUPPORT_CONFORMAL,S07_RECENT_SUPPORT_CONFORMAL_K1,1,True
2024-10-28,1,7369,メイホーホールディングス,0.09986180812120438,True,1.0,2.4651162790697567,S07_RECENT_SUPPORT_CONFORMAL,S07_RECENT_SUPPORT_CONFORMAL_K1,1,True
2024-10-29,1,7733,オリンパス,0.09727498143911362,True,0.0,-0.20480357475330946,S07_RECENT_SUPPORT_CONFORMAL,S07_RECENT_SUPPORT_CONFORMAL_K1,1,True
2024-10-30,1,3537,昭栄薬品,0.10120885074138641,True,0.0,-0.30143180105500766,S07_RECENT_SUPPORT_CONFORMAL,S07_RECENT_SUPPORT_CONFORMAL_K1,1,True
2024-10-31,1,7284,盟和産業,0.09565148502588272,True,1.0,1.0204081632652962,S07_RECENT_SUPPORT_CONFORMAL,S07_RECENT_SUPPORT_CONFORMAL_K1,1,True
2024-11-01,1,2653,イオン九州,0.10794565826654434,True,1.0,0.6120367222033352,S07_RECENT_SUPPORT_CONFORMAL,S07_RECENT_SUPPORT_CONFORMAL_K1,1,True
2024-11-05,1,7379,サーキュレーション,0.09978964179754257,True,0.0,0.0,S07_RECENT_SUPPORT_CONFORMAL,S07_RECENT_SUPPORT_CONFORMAL_K1,1,True
2024-11-06,1,4091,日本酸素ホールディングス,0.08991716057062149,True,1.0,3.848528503807369,S07_RECENT_SUPPORT_CONFORMAL,S07_RECENT_SUPPORT_CONFORMAL_K1,1,True
2024-11-07,1,3627,テクミラホールディングス,0.08675689250230789,True,1.0,1.2779552715654896,S07_RECENT_SUPPORT_CONFORMAL,S07_RECENT_SUPPORT_CONFORMAL_K1,1,True
2024-11-08,1,4091,日本酸素ホールディングス,0.10761221498250961,True,0.0,-0.9712750568299233,S07_RECENT_SUPPORT_CONFORMAL,S07_RECENT_SUPPORT_CONFORMAL_K1,1,True
2024-11-11,1,4840,トライアイズ,0.1024189218878746,True,1.0,3.4482758620689724,S07_RECENT_SUPPORT_CONFORMAL,S07_RECENT_SUPPORT_CONFORMAL_K1,1,True
2024-11-12,1,4452,花王,0.09332570433616638,True,0.0,-0.9358914365933502,S07_RECENT_SUPPORT_CONFORMAL,S07_RECENT_SUPPORT_CONFORMAL_K1,1,True
2024-11-13,1,4452,花王,0.10180171579122543,True,0.0,-0.18894662257912254,S07_RECENT_SUPPORT_CONFORMAL,S07_RECENT_SUPPORT_CONFORMAL_K1,1,True
2024-11-14,1,7284,盟和産業,0.10537823289632797,True,0.0,-0.5897219882055604,S07_RECENT_SUPPORT_CONFORMAL,S07_RECENT_SUPPORT_CONFORMAL_K1,1,True
2024-11-15,1,6058,ベクトル,0.09554512053728104,True,1.0,1.298701298701288,S07_RECENT_SUPPORT_CONFORMAL,S07_RECENT_SUPPORT_CONFORMAL_K1,1,True
2024-11-18,1,3197,すかいらーくホールディングス,0.09338194876909256,True,1.0,0.2044989775051187,S07_RECENT_SUPPORT_CONFORMAL,S07_RECENT_SUPPORT_CONFORMAL_K1,1,True
2024-11-19,1,7718,スター精密,0.09722825139760971,True,1.0,1.3557483731019504,S07_RECENT_SUPPORT_CONFORMAL,S07_RECENT_SUPPORT_CONFORMAL_K1,1,True
2024-11-20,1,7718,スター精密,0.09983835369348526,True,0.0,-0.5364806866952843,S07_RECENT_SUPPORT_CONFORMAL,S07_RECENT_SUPPORT_CONFORMAL_K1,1,True
2024-11-21,1,7718,スター精密,0.11064165085554123,True,1.0,0.3775620280474623,S07_RECENT_SUPPORT_CONFORMAL,S07_RECENT_SUPPORT_CONFORMAL_K1,1,True
2024-11-22,1,7228,デイトナ,0.10453198850154877,True,0.0,0.0,S07_RECENT_SUPPORT_CONFORMAL,S07_RECENT_SUPPORT_CONFORMAL_K1,1,True
2024-11-25,1,6193,バーチャレクス・ホールディングス,0.10838542133569717,True,0.0,-0.40322580645161255,S07_RECENT_SUPPORT_CONFORMAL,S07_RECENT_SUPPORT_CONFORMAL_K1,1,True
2024-11-26,1,6193,バーチャレクス・ホールディングス,0.11195357143878937,True,1.0,2.1739130434782705,S07_RECENT_SUPPORT_CONFORMAL,S07_RECENT_SUPPORT_CONFORMAL_K1,1,True
2024-11-27,1,7718,スター精密,0.08627885580062866,True,1.0,0.38932146829810943,S07_RECENT_SUPPORT_CONFORMAL,S07_RECENT_SUPPORT_CONFORMAL_K1,1,True
2024-11-28,1,2498,オリエンタルコンサルタンツホールディングス,0.08659320324659348,True,1.0,0.4739336492890933,S07_RECENT_SUPPORT_CONFORMAL,S07_RECENT_SUPPORT_CONFORMAL_K1,1,True
2024-11-29,1,2830,アヲハタ,0.09927993267774582,True,0.0,-0.49713193116635024,S07_RECENT_SUPPORT_CONFORMAL,S07_RECENT_SUPPORT_CONFORMAL_K1,1,True
2024-12-02,1,4465,ニイタカ,0.10437610000371933,True,1.0,0.6511123168746691,S07_RECENT_SUPPORT_CONFORMAL,S07_RECENT_SUPPORT_CONFORMAL_K1,1,True
2024-12-03,1,4465,ニイタカ,0.11106108874082565,True,1.0,0.8086253369272267,S07_RECENT_SUPPORT_CONFORMAL,S07_RECENT_SUPPORT_CONFORMAL_K1,1,True
2024-12-04,1,4465,ニイタカ,0.11851318180561066,True,0.0,-0.2134471718249764,S07_RECENT_SUPPORT_CONFORMAL,S07_RECENT_SUPPORT_CONFORMAL_K1,1,True
2024-12-05,1,4465,ニイタカ,0.11727860569953918,True,0.0,0.0,S07_RECENT_SUPPORT_CONFORMAL,S07_RECENT_SUPPORT_CONFORMAL_K1,1,True
2024-12-06,1,2594,キーコーヒー,0.09333851933479309,True,1.0,0.14698677119058257,S07_RECENT_SUPPORT_CONFORMAL,S07_RECENT_SUPPORT_CONFORMAL_K1,1,True
2024-12-09,1,7871,フクビ化学⼯業,0.09700929373502731,True,0.0,-1.1019283746556474,S07_RECENT_SUPPORT_CONFORMAL,S07_RECENT_SUPPORT_CONFORMAL_K1,1,True
2024-12-10,1,2594,キーコーヒー,0.09617951512336731,True,0.0,-0.09794319294809117,S07_RECENT_SUPPORT_CONFORMAL,S07_RECENT_SUPPORT_CONFORMAL_K1,1,True
2024-12-11,1,4776,サイボウズ,0.09366949647665024,True,1.0,1.8491484184914864,S07_RECENT_SUPPORT_CONFORMAL,S07_RECENT_SUPPORT_CONFORMAL_K1,1,True
2024-12-12,1,5644,メタルアート,0.09612172096967697,True,0.0,-1.527494908350302,S07_RECENT_SUPPORT_CONFORMAL,S07_RECENT_SUPPORT_CONFORMAL_K1,1,True
2024-12-13,1,211A,カドス・コーポレーション,0.10089151561260223,True,0.0,-0.11881188118811892,S07_RECENT_SUPPORT_CONFORMAL,S07_RECENT_SUPPORT_CONFORMAL_K1,1,True
2024-12-16,1,5644,メタルアート,0.09593825787305832,True,0.0,-1.8627112797516387,S07_RECENT_SUPPORT_CONFORMAL,S07_RECENT_SUPPORT_CONFORMAL_K1,1,True
2024-12-17,1,7634,星医療酸器,0.10135267674922943,True,0.0,-1.2716763005780396,S07_RECENT_SUPPORT_CONFORMAL,S07_RECENT_SUPPORT_CONFORMAL_K1,1,True
2024-12-18,1,7634,星医療酸器,0.0872834101319313,True,1.0,1.2880562060889833,S07_RECENT_SUPPORT_CONFORMAL,S07_RECENT_SUPPORT_CONFORMAL_K1,1,True
2024-12-19,1,3382,セブン＆アイ・ホールディングス,0.08303198218345642,True,1.0,0.4842615012106588,S07_RECENT_SUPPORT_CONFORMAL,S07_RECENT_SUPPORT_CONFORMAL_K1,1,True
2024-12-20,1,4394,エクスモーション,0.08578140288591385,True,0.0,-0.6165228113440224,S07_RECENT_SUPPORT_CONFORMAL,S07_RECENT_SUPPORT_CONFORMAL_K1,1,True
2024-12-23,1,3382,セブン＆アイ・ホールディングス,0.10531387478113174,True,1.0,0.6866416978776435,S07_RECENT_SUPPORT_CONFORMAL,S07_RECENT_SUPPORT_CONFORMAL_K1,1,True
2024-12-24,1,4762,エックスネット,0.09820294380187988,True,0.0,-0.8861622358554921,S07_RECENT_SUPPORT_CONFORMAL,S07_RECENT_SUPPORT_CONFORMAL_K1,1,True
2024-12-25,1,3382,セブン＆アイ・ホールディングス,0.10011840611696243,True,1.0,2.9245874242740832,S07_RECENT_SUPPORT_CONFORMAL,S07_RECENT_SUPPORT_CONFORMAL_K1,1,True
2024-12-26,1,2185,シイエム・シイ,0.1028137281537056,True,1.0,0.3389830508474523,S07_RECENT_SUPPORT_CONFORMAL,S07_RECENT_SUPPORT_CONFORMAL_K1,1,True
2024-12-27,1,3382,セブン＆アイ・ホールディングス,0.0960792526602745,True,1.0,0.20251113811260435,S07_RECENT_SUPPORT_CONFORMAL,S07_RECENT_SUPPORT_CONFORMAL_K1,1,True
2024-12-30,1,3800,ユニリタ,0.11077114939689636,True,0.0,0.0,S07_RECENT_SUPPORT_CONFORMAL,S07_RECENT_SUPPORT_CONFORMAL_K1,1,True
2025-01-06,1,3800,ユニリタ,0.11270362883806229,True,0.0,0.0,S07_RECENT_SUPPORT_CONFORMAL,S07_RECENT_SUPPORT_CONFORMAL_K1,1,True
2025-01-07,1,1994,高橋カーテンウォール⼯業,0.10852880030870438,True,0.0,-2.0905923344947785,S07_RECENT_SUPPORT_CONFORMAL,S07_RECENT_SUPPORT_CONFORMAL_K1,1,True
2025-01-08,1,1994,高橋カーテンウォール⼯業,0.11980918794870377,True,1.0,1.073345259391778,S07_RECENT_SUPPORT_CONFORMAL,S07_RECENT_SUPPORT_CONFORMAL_K1,1,True
2025-01-09,1,3800,ユニリタ,0.11122303456068039,True,0.0,-0.10035122930256435,S07_RECENT_SUPPORT_CONFORMAL,S07_RECENT_SUPPORT_CONFORMAL_K1,1,True
2025-01-10,1,1994,高橋カーテンウォール⼯業,0.08326845616102219,True,0.0,0.0,S07_RECENT_SUPPORT_CONFORMAL,S07_RECENT_SUPPORT_CONFORMAL_K1,1,True
2025-01-14,1,9661,歌舞伎座,0.07620629668235779,True,0.0,-0.6571741511500528,S07_RECENT_SUPPORT_CONFORMAL,S07_RECENT_SUPPORT_CONFORMAL_K1,1,True
2025-01-15,1,9355,リンコーコーポレーション,0.0999467596411705,True,0.0,-1.1571254567600442,S07_RECENT_SUPPORT_CONFORMAL,S07_RECENT_SUPPORT_CONFORMAL_K1,1,True
2025-01-16,1,4735,京進,0.08495661616325378,True,0.0,-2.638522427440637,S07_RECENT_SUPPORT_CONFORMAL,S07_RECENT_SUPPORT_CONFORMAL_K1,1,True
2025-01-17,1,4735,京進,0.0825270488858223,True,1.0,0.2732240437158362,S07_RECENT_SUPPORT_CONFORMAL,S07_RECENT_SUPPORT_CONFORMAL_K1,1,True
2025-01-20,1,3671,ソフトマックス,0.07846140116453171,True,1.0,0.5945303210463715,S07_RECENT_SUPPORT_CONFORMAL,S07_RECENT_SUPPORT_CONFORMAL_K1,1,True
2025-01-21,1,3238,セントラル総合開発,0.09599792957305908,True,1.0,1.7057569296375252,S07_RECENT_SUPPORT_CONFORMAL,S07_RECENT_SUPPORT_CONFORMAL_K1,1,True
2025-01-22,1,9852,ＣＢグループマネジメント,0.09341096878051758,True,0.0,-0.7766990291262155,S07_RECENT_SUPPORT_CONFORMAL,S07_RECENT_SUPPORT_CONFORMAL_K1,1,True
2025-01-23,1,6193,バーチャレクス・ホールディングス,0.11090794950723648,True,1.0,0.24390243902439046,S07_RECENT_SUPPORT_CONFORMAL,S07_RECENT_SUPPORT_CONFORMAL_K1,1,True
2025-01-24,1,2806,ユタカフーズ,0.11089512705802917,True,1.0,0.42016806722688926,S07_RECENT_SUPPORT_CONFORMAL,S07_RECENT_SUPPORT_CONFORMAL_K1,1,True
2025-01-27,1,4437,ｇｏｏｄｄａｙｓホールディングス,0.1237829402089119,True,0.0,0.0,S07_RECENT_SUPPORT_CONFORMAL,S07_RECENT_SUPPORT_CONFORMAL_K1,1,True
2025-01-28,1,4437,ｇｏｏｄｄａｙｓホールディングス,0.1130935400724411,True,0.0,0.0,S07_RECENT_SUPPORT_CONFORMAL,S07_RECENT_SUPPORT_CONFORMAL_K1,1,True
2025-01-29,1,4356,応用技術,0.09742361307144165,True,0.0,-0.07137758743754885,S07_RECENT_SUPPORT_CONFORMAL,S07_RECENT_SUPPORT_CONFORMAL_K1,1,True
2025-01-30,1,3238,セントラル総合開発,0.12565268576145172,True,1.0,0.6382978723404209,S07_RECENT_SUPPORT_CONFORMAL,S07_RECENT_SUPPORT_CONFORMAL_K1,1,True
2025-01-31,1,3238,セントラル総合開発,0.11973346769809723,True,0.0,-0.6342494714587699,S07_RECENT_SUPPORT_CONFORMAL,S07_RECENT_SUPPORT_CONFORMAL_K1,1,True
2025-02-03,1,3238,セントラル総合開発,0.10675884038209915,True,1.0,0.42553191489360653,S07_RECENT_SUPPORT_CONFORMAL,S07_RECENT_SUPPORT_CONFORMAL_K1,1,True
2025-02-04,1,4272,日本化薬,0.09782426059246063,True,1.0,1.653764954257575,S07_RECENT_SUPPORT_CONFORMAL,S07_RECENT_SUPPORT_CONFORMAL_K1,1,True
2025-02-05,1,2282,日本ハム,0.09262457489967346,True,1.0,0.6587914584279764,S07_RECENT_SUPPORT_CONFORMAL,S07_RECENT_SUPPORT_CONFORMAL_K1,1,True
2025-02-06,1,7678,あさくま,0.09380660951137543,True,1.0,1.526717557251911,S07_RECENT_SUPPORT_CONFORMAL,S07_RECENT_SUPPORT_CONFORMAL_K1,1,True
2025-02-07,1,1803,清水建設,0.08999224007129669,True,1.0,0.8021390374331583,S07_RECENT_SUPPORT_CONFORMAL,S07_RECENT_SUPPORT_CONFORMAL_K1,1,True
2025-02-10,1,6161,エスティック,0.0978996753692627,True,1.0,1.661129568106312,S07_RECENT_SUPPORT_CONFORMAL,S07_RECENT_SUPPORT_CONFORMAL_K1,1,True
2025-02-12,1,3674,オークファン,0.11777269840240479,True,0.0,-0.2564102564102555,S07_RECENT_SUPPORT_CONFORMAL,S07_RECENT_SUPPORT_CONFORMAL_K1,1,True
2025-02-13,1,6312,フロイント産業,0.11736836284399033,True,1.0,0.8771929824561431,S07_RECENT_SUPPORT_CONFORMAL,S07_RECENT_SUPPORT_CONFORMAL_K1,1,True
2025-02-14,1,3800,ユニリタ,0.12169740349054337,True,1.0,0.10040160642570406,S07_RECENT_SUPPORT_CONFORMAL,S07_RECENT_SUPPORT_CONFORMAL_K1,1,True
2025-02-17,1,3800,ユニリタ,0.10657308250665665,True,1.0,0.05025125628139726,S07_RECENT_SUPPORT_CONFORMAL,S07_RECENT_SUPPORT_CONFORMAL_K1,1,True
2025-02-18,1,3238,セントラル総合開発,0.11127059906721115,True,1.0,1.0845986984815648,S07_RECENT_SUPPORT_CONFORMAL,S07_RECENT_SUPPORT_CONFORMAL_K1,1,True
2025-02-19,1,6193,バーチャレクス・ホールディングス,0.1036471575498581,True,1.0,0.7547169811320753,S07_RECENT_SUPPORT_CONFORMAL,S07_RECENT_SUPPORT_CONFORMAL_K1,1,True
2025-02-20,1,3800,ユニリタ,0.10621674358844757,True,1.0,0.1506024096385561,S07_RECENT_SUPPORT_CONFORMAL,S07_RECENT_SUPPORT_CONFORMAL_K1,1,True
2025-02-21,1,3238,セントラル総合開発,0.09876267611980438,True,0.0,0.0,S07_RECENT_SUPPORT_CONFORMAL,S07_RECENT_SUPPORT_CONFORMAL_K1,1,True
2025-02-25,1,3359,ｃｏｔｔａ,0.09154219180345535,True,0.0,-3.7735849056603765,S07_RECENT_SUPPORT_CONFORMAL,S07_RECENT_SUPPORT_CONFORMAL_K1,1,True
2025-02-26,1,3359,ｃｏｔｔａ,0.09322690963745117,True,0.0,-4.793028322440085,S07_RECENT_SUPPORT_CONFORMAL,S07_RECENT_SUPPORT_CONFORMAL_K1,1,True
2025-02-27,1,4394,エクスモーション,0.09127386659383774,True,1.0,0.11764705882353343,S07_RECENT_SUPPORT_CONFORMAL,S07_RECENT_SUPPORT_CONFORMAL_K1,1,True
2025-02-28,1,6312,フロイント産業,0.09009619057178497,True,0.0,0.0,S07_RECENT_SUPPORT_CONFORMAL,S07_RECENT_SUPPORT_CONFORMAL_K1,1,True
2025-03-03,1,3490,アズ企画設計,0.1089453250169754,True,0.0,-0.4161464835622186,S07_RECENT_SUPPORT_CONFORMAL,S07_RECENT_SUPPORT_CONFORMAL_K1,1,True
2025-03-04,1,2300,きょくとう,0.1051473394036293,True,0.0,-0.6024096385542133,S07_RECENT_SUPPORT_CONFORMAL,S07_RECENT_SUPPORT_CONFORMAL_K1,1,True
2025-03-05,1,6312,フロイント産業,0.10925121605396271,True,0.0,-0.2645502645502673,S07_RECENT_SUPPORT_CONFORMAL,S07_RECENT_SUPPORT_CONFORMAL_K1,1,True
2025-03-06,1,3063,ジェイグループホールディングス,0.11690207570791245,True,0.0,-0.5780346820809301,S07_RECENT_SUPPORT_CONFORMAL,S07_RECENT_SUPPORT_CONFORMAL_K1,1,True
2025-03-07,1,3800,ユニリタ,0.10576619952917099,True,0.0,-0.05002501250624958,S07_RECENT_SUPPORT_CONFORMAL,S07_RECENT_SUPPORT_CONFORMAL_K1,1,True
2025-03-10,1,9782,ディーエムエス,0.10317583382129669,True,1.0,0.15511892450879028,S07_RECENT_SUPPORT_CONFORMAL,S07_RECENT_SUPPORT_CONFORMAL_K1,1,True
2025-03-11,1,9312,ケイヒン,0.1094631627202034,True,0.0,-0.862440707201384,S07_RECENT_SUPPORT_CONFORMAL,S07_RECENT_SUPPORT_CONFORMAL_K1,1,True
2025-03-12,1,2806,ユタカフーズ,0.09689803421497345,True,1.0,0.04391743522178526,S07_RECENT_SUPPORT_CONFORMAL,S07_RECENT_SUPPORT_CONFORMAL_K1,1,True
2025-03-13,1,7266,今仙電機製作所,0.09066028147935867,True,1.0,0.654664484451728,S07_RECENT_SUPPORT_CONFORMAL,S07_RECENT_SUPPORT_CONFORMAL_K1,1,True
2025-03-14,1,2332,クエスト,0.09043660014867783,True,1.0,0.0742390497401546,S07_RECENT_SUPPORT_CONFORMAL,S07_RECENT_SUPPORT_CONFORMAL_K1,1,True
2025-03-17,1,2332,クエスト,0.11716548353433609,True,1.0,0.6666666666666599,S07_RECENT_SUPPORT_CONFORMAL,S07_RECENT_SUPPORT_CONFORMAL_K1,1,True
2025-03-18,1,9474,ゼンリン,0.11199013888835907,True,1.0,0.40160642570281624,S07_RECENT_SUPPORT_CONFORMAL,S07_RECENT_SUPPORT_CONFORMAL_K1,1,True
2025-03-19,1,2332,クエスト,0.1360103338956833,True,1.0,0.589101620029453,S07_RECENT_SUPPORT_CONFORMAL,S07_RECENT_SUPPORT_CONFORMAL_K1,1,True
2025-03-21,1,2332,クエスト,0.11170940101146698,True,1.0,0.6583760058522348,S07_RECENT_SUPPORT_CONFORMAL,S07_RECENT_SUPPORT_CONFORMAL_K1,1,True
2025-03-24,1,2332,クエスト,0.11016540229320526,True,1.0,0.21849963583393528,S07_RECENT_SUPPORT_CONFORMAL,S07_RECENT_SUPPORT_CONFORMAL_K1,1,True
2025-03-25,1,2818,ピエトロ,0.10982652008533478,True,1.0,0.05564830272677401,S07_RECENT_SUPPORT_CONFORMAL,S07_RECENT_SUPPORT_CONFORMAL_K1,1,True
2025-03-26,1,2179,成学社,0.10901340842247009,True,0.0,0.0,S07_RECENT_SUPPORT_CONFORMAL,S07_RECENT_SUPPORT_CONFORMAL_K1,1,True
2025-03-27,1,2818,ピエトロ,0.10308176279067993,True,0.0,-0.5000000000000004,S07_RECENT_SUPPORT_CONFORMAL,S07_RECENT_SUPPORT_CONFORMAL_K1,1,True
2025-03-28,1,2332,クエスト,0.11744562536478043,True,1.0,0.6024096385542244,S07_RECENT_SUPPORT_CONFORMAL,S07_RECENT_SUPPORT_CONFORMAL_K1,1,True
2025-03-31,1,4623,アサヒペン,0.10624472051858902,True,0.0,-1.6155988857938675,S07_RECENT_SUPPORT_CONFORMAL,S07_RECENT_SUPPORT_CONFORMAL_K1,1,True
2025-04-01,1,3434,アルファＣｏ,0.11579068005084991,True,0.0,-1.4388489208633115,S07_RECENT_SUPPORT_CONFORMAL,S07_RECENT_SUPPORT_CONFORMAL_K1,1,True
2025-04-02,1,3096,オーシャンシステム,0.1042160913348198,True,1.0,0.8658008658008587,S07_RECENT_SUPPORT_CONFORMAL,S07_RECENT_SUPPORT_CONFORMAL_K1,1,True
2025-04-03,1,2179,成学社,0.09386249631643295,True,0.0,-1.9582245430809442,S07_RECENT_SUPPORT_CONFORMAL,S07_RECENT_SUPPORT_CONFORMAL_K1,1,True
2025-04-04,1,8025,ツカモトコーポレーション,0.08871562033891678,True,1.0,2.8622540250447193,S07_RECENT_SUPPORT_CONFORMAL,S07_RECENT_SUPPORT_CONFORMAL_K1,1,True
2025-04-07,1,4199,ワンダープラネット,0.09589352458715439,True,1.0,1.490066225165565,S07_RECENT_SUPPORT_CONFORMAL,S07_RECENT_SUPPORT_CONFORMAL_K1,1,True
2025-04-08,1,8260,井筒屋,0.05639969930052757,True,1.0,1.308900523560208,S07_RECENT_SUPPORT_CONFORMAL,S07_RECENT_SUPPORT_CONFORMAL_K1,1,True
2025-04-09,1,5857,ＡＲＥホールディングス,0.07857989519834518,True,0.0,-0.4733727810650845,S07_RECENT_SUPPORT_CONFORMAL,S07_RECENT_SUPPORT_CONFORMAL_K1,1,True
2025-04-10,1,1605,ＩＮＰＥＸ,0.08232476562261581,True,0.0,-2.5815217391304324,S07_RECENT_SUPPORT_CONFORMAL,S07_RECENT_SUPPORT_CONFORMAL_K1,1,True
2025-04-11,1,9145,ビーイングホールディングス,0.09025634825229645,True,1.0,1.914893617021285,S07_RECENT_SUPPORT_CONFORMAL,S07_RECENT_SUPPORT_CONFORMAL_K1,1,True
2025-04-14,1,6186,一蔵,0.10288182646036148,True,0.0,-0.27173913043477826,S07_RECENT_SUPPORT_CONFORMAL,S07_RECENT_SUPPORT_CONFORMAL_K1,1,True
2025-04-15,1,2001,ニップン,0.12120919674634933,True,0.0,-0.5342831700801409,S07_RECENT_SUPPORT_CONFORMAL,S07_RECENT_SUPPORT_CONFORMAL_K1,1,True
2025-04-16,1,4317,レイ,0.11276322603225708,True,1.0,1.2499999999999956,S07_RECENT_SUPPORT_CONFORMAL,S07_RECENT_SUPPORT_CONFORMAL_K1,1,True
2025-04-17,1,5869,早稲⽥学習研究会,0.11692214012145996,True,1.0,0.7920792079207928,S07_RECENT_SUPPORT_CONFORMAL,S07_RECENT_SUPPORT_CONFORMAL_K1,1,True
2025-04-18,1,7988,ニフコ,0.11489792168140411,True,1.0,1.0153756890049381,S07_RECENT_SUPPORT_CONFORMAL,S07_RECENT_SUPPORT_CONFORMAL_K1,1,True
2025-04-21,1,2594,キーコーヒー,0.10246048122644424,True,1.0,0.7146260123868542,S07_RECENT_SUPPORT_CONFORMAL,S07_RECENT_SUPPORT_CONFORMAL_K1,1,True
2025-04-22,1,9434,ソフトバンク,0.10403779149055481,True,1.0,0.9385265133740051,S07_RECENT_SUPPORT_CONFORMAL,S07_RECENT_SUPPORT_CONFORMAL_K1,1,True
2025-04-23,1,9434,ソフトバンク,0.10999602824449539,True,0.0,-0.13831258644537714,S07_RECENT_SUPPORT_CONFORMAL,S07_RECENT_SUPPORT_CONFORMAL_K1,1,True
2025-04-24,1,9434,ソフトバンク,0.1296127736568451,True,0.0,-1.4358499305233918,S07_RECENT_SUPPORT_CONFORMAL,S07_RECENT_SUPPORT_CONFORMAL_K1,1,True
2025-04-25,1,9434,ソフトバンク,0.1268244981765747,True,0.0,-0.04699248120302313,S07_RECENT_SUPPORT_CONFORMAL,S07_RECENT_SUPPORT_CONFORMAL_K1,1,True
2025-04-28,1,9434,ソフトバンク,0.10425203293561935,True,1.0,1.3084112149532867,S07_RECENT_SUPPORT_CONFORMAL,S07_RECENT_SUPPORT_CONFORMAL_K1,1,True
2025-04-30,1,4175,ｃｏｌｙ,0.10298161208629608,True,1.0,2.8552456839309404,S07_RECENT_SUPPORT_CONFORMAL,S07_RECENT_SUPPORT_CONFORMAL_K1,1,True
2025-05-01,1,5076,インフロニア・ホールディングス,0.10642948746681213,True,1.0,0.32867707477404196,S07_RECENT_SUPPORT_CONFORMAL,S07_RECENT_SUPPORT_CONFORMAL_K1,1,True
2025-05-02,1,2282,日本ハム,0.10789792984724045,True,1.0,1.1668827560659345,S07_RECENT_SUPPORT_CONFORMAL,S07_RECENT_SUPPORT_CONFORMAL_K1,1,True
2025-05-07,1,8566,リコーリース,0.11516392976045609,True,0.0,-0.9505703422053258,S07_RECENT_SUPPORT_CONFORMAL,S07_RECENT_SUPPORT_CONFORMAL_K1,1,True
2025-05-08,1,2908,フジッコ,0.11239093542098999,True,1.0,0.6815365551424923,S07_RECENT_SUPPORT_CONFORMAL,S07_RECENT_SUPPORT_CONFORMAL_K1,1,True
2025-05-09,1,9048,名古屋鉄道,0.10973194241523743,True,0.0,-0.691842029403289,S07_RECENT_SUPPORT_CONFORMAL,S07_RECENT_SUPPORT_CONFORMAL_K1,1,True
2025-05-12,1,8699,ＨＳホールディングス,0.11228768527507782,True,1.0,0.5268703898840821,S07_RECENT_SUPPORT_CONFORMAL,S07_RECENT_SUPPORT_CONFORMAL_K1,1,True
2025-05-13,1,2282,日本ハム,0.12567314505577087,True,0.0,-0.43330821401658115,S07_RECENT_SUPPORT_CONFORMAL,S07_RECENT_SUPPORT_CONFORMAL_K1,1,True
2025-05-14,1,1898,世紀東急⼯業,0.12641508877277374,True,0.0,-1.261387526278912,S07_RECENT_SUPPORT_CONFORMAL,S07_RECENT_SUPPORT_CONFORMAL_K1,1,True
2025-05-15,1,3353,メディカル一光グループ,0.11939515918493271,True,1.0,0.2565198802907176,S07_RECENT_SUPPORT_CONFORMAL,S07_RECENT_SUPPORT_CONFORMAL_K1,1,True
2025-05-16,1,9416,ビジョン,0.11395631730556488,True,0.0,0.0,S07_RECENT_SUPPORT_CONFORMAL,S07_RECENT_SUPPORT_CONFORMAL_K1,1,True
2025-05-19,1,9142,九州旅客鉄道,0.10459600389003754,True,1.0,1.0188087774294585,S07_RECENT_SUPPORT_CONFORMAL,S07_RECENT_SUPPORT_CONFORMAL_K1,1,True
2025-05-20,1,9416,ビジョン,0.11207987368106842,True,0.0,-0.08643042350907626,S07_RECENT_SUPPORT_CONFORMAL,S07_RECENT_SUPPORT_CONFORMAL_K1,1,True
2025-05-21,1,6346,キクカワエンタープライズ,0.10589868575334549,True,1.0,0.8944543828264706,S07_RECENT_SUPPORT_CONFORMAL,S07_RECENT_SUPPORT_CONFORMAL_K1,1,True
2025-05-22,1,6670,ＭＣＪ,0.10798633843660355,True,0.0,-0.5426356589147252,S07_RECENT_SUPPORT_CONFORMAL,S07_RECENT_SUPPORT_CONFORMAL_K1,1,True
2025-05-23,1,9142,九州旅客鉄道,0.09212545305490494,True,0.0,-0.18087855297157507,S07_RECENT_SUPPORT_CONFORMAL,S07_RECENT_SUPPORT_CONFORMAL_K1,1,True
2025-05-26,1,4437,ｇｏｏｄｄａｙｓホールディングス,0.10529349744319916,True,1.0,0.2989536621823552,S07_RECENT_SUPPORT_CONFORMAL,S07_RECENT_SUPPORT_CONFORMAL_K1,1,True
2025-05-27,1,5945,天龍製鋸,0.11169694364070892,True,1.0,0.10804970286331095,S07_RECENT_SUPPORT_CONFORMAL,S07_RECENT_SUPPORT_CONFORMAL_K1,1,True
2025-05-28,1,9142,九州旅客鉄道,0.09773305058479309,True,1.0,0.332310838445804,S07_RECENT_SUPPORT_CONFORMAL,S07_RECENT_SUPPORT_CONFORMAL_K1,1,True
2025-05-29,1,3991,ウォンテッドリー,0.0963224247097969,True,1.0,1.1354420113544261,S07_RECENT_SUPPORT_CONFORMAL,S07_RECENT_SUPPORT_CONFORMAL_K1,1,True
2025-05-30,1,5945,天龍製鋸,0.12981337308883667,True,1.0,0.2702702702702675,S07_RECENT_SUPPORT_CONFORMAL,S07_RECENT_SUPPORT_CONFORMAL_K1,1,True
2025-06-02,1,5945,天龍製鋸,0.11691570281982422,True,0.0,-0.48179871520342976,S07_RECENT_SUPPORT_CONFORMAL,S07_RECENT_SUPPORT_CONFORMAL_K1,1,True
2025-06-03,1,6570,共和コーポレーション,0.10144715011119843,True,1.0,0.7172131147541005,S07_RECENT_SUPPORT_CONFORMAL,S07_RECENT_SUPPORT_CONFORMAL_K1,1,True
2025-06-04,1,9265,ヤマシタヘルスケアホールディングス,0.0983193963766098,True,0.0,-0.11787819253438192,S07_RECENT_SUPPORT_CONFORMAL,S07_RECENT_SUPPORT_CONFORMAL_K1,1,True
2025-06-05,1,9142,九州旅客鉄道,0.10523563623428345,True,1.0,0.42350449973531656,S07_RECENT_SUPPORT_CONFORMAL,S07_RECENT_SUPPORT_CONFORMAL_K1,1,True
2025-06-06,1,3097,物語コーポレーション,0.09793484956026077,True,1.0,2.7259684361549574,S07_RECENT_SUPPORT_CONFORMAL,S07_RECENT_SUPPORT_CONFORMAL_K1,1,True
2025-06-09,1,9142,九州旅客鉄道,0.09364809095859528,True,0.0,-1.2057667103538616,S07_RECENT_SUPPORT_CONFORMAL,S07_RECENT_SUPPORT_CONFORMAL_K1,1,True
2025-06-10,1,9142,九州旅客鉄道,0.09278213977813721,True,0.0,-0.42440318302386926,S07_RECENT_SUPPORT_CONFORMAL,S07_RECENT_SUPPORT_CONFORMAL_K1,1,True
2025-06-11,1,175A,Ｗｉｌｌ Ｓｍａｒｔ,0.09783383458852768,True,1.0,2.1437578814627933,S07_RECENT_SUPPORT_CONFORMAL,S07_RECENT_SUPPORT_CONFORMAL_K1,1,True
2025-06-12,1,6158,和井⽥製作所,0.10020768642425537,True,0.0,-0.3386004514672636,S07_RECENT_SUPPORT_CONFORMAL,S07_RECENT_SUPPORT_CONFORMAL_K1,1,True
2025-06-13,1,4437,ｇｏｏｄｄａｙｓホールディングス,0.09838232398033142,True,1.0,0.7473841554558991,S07_RECENT_SUPPORT_CONFORMAL,S07_RECENT_SUPPORT_CONFORMAL_K1,1,True
2025-06-16,1,7255,桜井製作所,0.0967240035533905,True,1.0,0.17574692442883233,S07_RECENT_SUPPORT_CONFORMAL,S07_RECENT_SUPPORT_CONFORMAL_K1,1,True
2025-06-17,1,7255,桜井製作所,0.11936652660369873,True,1.0,1.7513134851138368,S07_RECENT_SUPPORT_CONFORMAL,S07_RECENT_SUPPORT_CONFORMAL_K1,1,True
2025-06-18,1,7255,桜井製作所,0.10762407630681992,True,1.0,0.17241379310344307,S07_RECENT_SUPPORT_CONFORMAL,S07_RECENT_SUPPORT_CONFORMAL_K1,1,True
2025-06-19,1,6648,かわでん,0.10746078938245773,True,1.0,0.5701254275940704,S07_RECENT_SUPPORT_CONFORMAL,S07_RECENT_SUPPORT_CONFORMAL_K1,1,True
2025-06-20,1,3843,フリービット,0.10096728056669235,True,0.0,-1.480959097320167,S07_RECENT_SUPPORT_CONFORMAL,S07_RECENT_SUPPORT_CONFORMAL_K1,1,True
2025-06-23,1,6648,かわでん,0.10886794328689575,True,1.0,0.11428571428571122,S07_RECENT_SUPPORT_CONFORMAL,S07_RECENT_SUPPORT_CONFORMAL_K1,1,True
2025-06-24,1,2327,日鉄ソリューションズ,0.10152567923069,True,0.0,-0.42918454935622075,S07_RECENT_SUPPORT_CONFORMAL,S07_RECENT_SUPPORT_CONFORMAL_K1,1,True
2025-06-25,1,9869,加藤産業,0.10425072908401489,True,1.0,1.1152416356877248,S07_RECENT_SUPPORT_CONFORMAL,S07_RECENT_SUPPORT_CONFORMAL_K1,1,True
2025-06-26,1,9364,上組,0.09586901217699051,True,1.0,0.28032619775739676,S07_RECENT_SUPPORT_CONFORMAL,S07_RECENT_SUPPORT_CONFORMAL_K1,1,True
2025-06-27,1,6648,かわでん,0.09884826838970184,True,0.0,-1.851851851851849,S07_RECENT_SUPPORT_CONFORMAL,S07_RECENT_SUPPORT_CONFORMAL_K1,1,True
2025-06-30,1,9364,上組,0.10075103491544724,True,1.0,0.7036943955767816,S07_RECENT_SUPPORT_CONFORMAL,S07_RECENT_SUPPORT_CONFORMAL_K1,1,True
2025-07-01,1,9361,伏木海陸運送,0.10689113289117813,True,0.0,-0.3056234718826434,S07_RECENT_SUPPORT_CONFORMAL,S07_RECENT_SUPPORT_CONFORMAL_K1,1,True
2025-07-02,1,9361,伏木海陸運送,0.09895016252994537,True,0.0,-0.5518087063151489,S07_RECENT_SUPPORT_CONFORMAL,S07_RECENT_SUPPORT_CONFORMAL_K1,1,True
2025-07-03,1,4391,ロジザード,0.09254352003335953,True,0.0,0.0,S07_RECENT_SUPPORT_CONFORMAL,S07_RECENT_SUPPORT_CONFORMAL_K1,1,True
2025-07-04,1,4391,ロジザード,0.08715712279081345,True,0.0,-1.56378600823045,S07_RECENT_SUPPORT_CONFORMAL,S07_RECENT_SUPPORT_CONFORMAL_K1,1,True
2025-07-07,1,4391,ロジザード,0.08359913527965546,True,0.0,-0.8382229673092989,S07_RECENT_SUPPORT_CONFORMAL,S07_RECENT_SUPPORT_CONFORMAL_K1,1,True
2025-07-08,1,2798,ワイズテーブルコーポレーション,0.09509487450122833,True,0.0,-0.03370407819346388,S07_RECENT_SUPPORT_CONFORMAL,S07_RECENT_SUPPORT_CONFORMAL_K1,1,True
2025-07-09,1,9364,上組,0.10102835297584534,True,1.0,1.3131813676907855,S07_RECENT_SUPPORT_CONFORMAL,S07_RECENT_SUPPORT_CONFORMAL_K1,1,True
2025-07-10,1,7043,アルー,0.11873458325862885,True,1.0,0.3896103896103842,S07_RECENT_SUPPORT_CONFORMAL,S07_RECENT_SUPPORT_CONFORMAL_K1,1,True
2025-07-11,1,7043,アルー,0.10909140110015869,True,1.0,0.6518904823989535,S07_RECENT_SUPPORT_CONFORMAL,S07_RECENT_SUPPORT_CONFORMAL_K1,1,True
2025-07-14,1,7043,アルー,0.11798862367868423,True,0.0,-0.13003901170350884,S07_RECENT_SUPPORT_CONFORMAL,S07_RECENT_SUPPORT_CONFORMAL_K1,1,True
2025-07-15,1,7043,アルー,0.1246880292892456,True,0.0,0.0,S07_RECENT_SUPPORT_CONFORMAL,S07_RECENT_SUPPORT_CONFORMAL_K1,1,True
2025-07-16,1,7043,アルー,0.11036369204521179,True,1.0,0.6493506493506551,S07_RECENT_SUPPORT_CONFORMAL,S07_RECENT_SUPPORT_CONFORMAL_K1,1,True
2025-07-17,1,7043,アルー,0.10959325730800629,True,1.0,0.2600780234070177,S07_RECENT_SUPPORT_CONFORMAL,S07_RECENT_SUPPORT_CONFORMAL_K1,1,True
2025-07-18,1,7043,アルー,0.126993790268898,True,1.0,0.1290322580645098,S07_RECENT_SUPPORT_CONFORMAL,S07_RECENT_SUPPORT_CONFORMAL_K1,1,True
2025-07-22,1,7043,アルー,0.1160256415605545,True,1.0,2.05920205920207,S07_RECENT_SUPPORT_CONFORMAL,S07_RECENT_SUPPORT_CONFORMAL_K1,1,True
2025-07-23,1,7808,シー・エス・ランバー,0.09095500409603119,True,1.0,0.4366812227074135,S07_RECENT_SUPPORT_CONFORMAL,S07_RECENT_SUPPORT_CONFORMAL_K1,1,True
2025-07-24,1,7808,シー・エス・ランバー,0.11184637248516083,True,1.0,1.655629139072845,S07_RECENT_SUPPORT_CONFORMAL,S07_RECENT_SUPPORT_CONFORMAL_K1,1,True
2025-07-25,1,7634,星医療酸器,0.1182258203625679,True,1.0,0.439560439560438,S07_RECENT_SUPPORT_CONFORMAL,S07_RECENT_SUPPORT_CONFORMAL_K1,1,True
2025-07-28,1,7634,星医療酸器,0.11726275831460953,True,0.0,0.0,S07_RECENT_SUPPORT_CONFORMAL,S07_RECENT_SUPPORT_CONFORMAL_K1,1,True
2025-07-29,1,9259,タカヨシホールディングス,0.11569518595933914,True,0.0,0.0,S07_RECENT_SUPPORT_CONFORMAL,S07_RECENT_SUPPORT_CONFORMAL_K1,1,True
2025-07-30,1,7043,アルー,0.11428114026784897,True,1.0,2.130325814536338,S07_RECENT_SUPPORT_CONFORMAL,S07_RECENT_SUPPORT_CONFORMAL_K1,1,True
2025-07-31,1,9259,タカヨシホールディングス,0.11013015359640121,True,1.0,0.14265335235377208,S07_RECENT_SUPPORT_CONFORMAL,S07_RECENT_SUPPORT_CONFORMAL_K1,1,True
2024-07-01,1,4801,セントラルスポーツ,0.1042071133852005,True,1.0,0.03938558487592836,S07_RECENT_SUPPORT_CONFORMAL,S07_RECENT_SUPPORT_CONFORMAL_K2,2,True
2024-07-01,2,4452,花王,0.10008952021598816,True,0.0,-0.2927580893682613,S07_RECENT_SUPPORT_CONFORMAL,S07_RECENT_SUPPORT_CONFORMAL_K2,2,True
2024-07-02,1,2480,システム・ロケーション,0.1076676994562149,True,1.0,0.07256894049347817,S07_RECENT_SUPPORT_CONFORMAL,S07_RECENT_SUPPORT_CONFORMAL_K2,2,True
2024-07-02,2,6836,ぷらっとホーム,0.10661698132753372,True,1.0,0.13440860215054862,S07_RECENT_SUPPORT_CONFORMAL,S07_RECENT_SUPPORT_CONFORMAL_K2,2,True
2024-07-03,1,2480,システム・ロケーション,0.10622728615999222,True,1.0,1.3254786450662692,S07_RECENT_SUPPORT_CONFORMAL,S07_RECENT_SUPPORT_CONFORMAL_K2,2,True
2024-07-03,2,6836,ぷらっとホーム,0.08967477828264236,True,0.0,-4.3870967741935445,S07_RECENT_SUPPORT_CONFORMAL,S07_RECENT_SUPPORT_CONFORMAL_K2,2,True
2024-07-04,1,4762,エックスネット,0.09277670085430145,True,0.0,-0.7422402159244279,S07_RECENT_SUPPORT_CONFORMAL,S07_RECENT_SUPPORT_CONFORMAL_K2,2,True
2024-07-04,2,9818,大丸エナウィン,0.09219220280647278,True,0.0,-0.125234815278652,S07_RECENT_SUPPORT_CONFORMAL,S07_RECENT_SUPPORT_CONFORMAL_K2,2,True
2024-07-05,1,3892,岡山製紙,0.09535663574934006,True,1.0,1.008742434431742,S07_RECENT_SUPPORT_CONFORMAL,S07_RECENT_SUPPORT_CONFORMAL_K2,2,True
2024-07-05,2,6836,ぷらっとホーム,0.09283285588026047,True,1.0,1.4005602240896309,S07_RECENT_SUPPORT_CONFORMAL,S07_RECENT_SUPPORT_CONFORMAL_K2,2,True
2024-07-08,1,3302,帝国繊維,0.09372449666261673,True,0.0,-3.299293008641002,S07_RECENT_SUPPORT_CONFORMAL,S07_RECENT_SUPPORT_CONFORMAL_K2,2,True
2024-07-08,2,3892,岡山製紙,0.08966819196939468,True,1.0,0.6000000000000005,S07_RECENT_SUPPORT_CONFORMAL,S07_RECENT_SUPPORT_CONFORMAL_K2,2,True
2024-07-09,1,3302,帝国繊維,0.08941958099603653,True,0.0,-1.1263073209975882,S07_RECENT_SUPPORT_CONFORMAL,S07_RECENT_SUPPORT_CONFORMAL_K2,2,True
2024-07-09,2,2480,システム・ロケーション,0.08648574352264404,True,0.0,-0.07194244604316058,S07_RECENT_SUPPORT_CONFORMAL,S07_RECENT_SUPPORT_CONFORMAL_K2,2,True
2024-07-10,1,1866,北野建設,0.09766771644353867,True,0.0,-0.4070556309362261,S07_RECENT_SUPPORT_CONFORMAL,S07_RECENT_SUPPORT_CONFORMAL_K2,2,True
2024-07-10,2,2408,ＫＧ情報,0.09065263718366623,True,0.0,-0.330033003300334,S07_RECENT_SUPPORT_CONFORMAL,S07_RECENT_SUPPORT_CONFORMAL_K2,2,True
2024-07-11,1,3974,ＳＣＡＴ,0.09691739082336426,True,1.0,1.2958963282937441,S07_RECENT_SUPPORT_CONFORMAL,S07_RECENT_SUPPORT_CONFORMAL_K2,2,True
2024-07-11,2,4628,エスケー化研,0.09441959112882614,True,0.0,-3.2362459546925515,S07_RECENT_SUPPORT_CONFORMAL,S07_RECENT_SUPPORT_CONFORMAL_K2,2,True
2024-07-12,1,3991,ウォンテッドリー,0.1035846471786499,True,1.0,2.132352941176463,S07_RECENT_SUPPORT_CONFORMAL,S07_RECENT_SUPPORT_CONFORMAL_K2,2,True
2024-07-12,2,4628,エスケー化研,0.09750392287969589,True,1.0,3.0701754385964897,S07_RECENT_SUPPORT_CONFORMAL,S07_RECENT_SUPPORT_CONFORMAL_K2,2,True
2024-07-16,1,1866,北野建設,0.09670551866292953,True,0.0,-0.4132231404958664,S07_RECENT_SUPPORT_CONFORMAL,S07_RECENT_SUPPORT_CONFORMAL_K2,2,True
2024-07-16,2,6382,トリニティ⼯業,0.09315388649702072,True,0.0,-0.3289473684210509,S07_RECENT_SUPPORT_CONFORMAL,S07_RECENT_SUPPORT_CONFORMAL_K2,2,True
2024-07-17,1,3892,岡山製紙,0.11788975447416306,True,1.0,0.06756756756756133,S07_RECENT_SUPPORT_CONFORMAL,S07_RECENT_SUPPORT_CONFORMAL_K2,2,True
2024-07-17,2,8996,ハウスフリーダム,0.10382220894098282,True,1.0,0.4987531172069737,S07_RECENT_SUPPORT_CONFORMAL,S07_RECENT_SUPPORT_CONFORMAL_K2,2,True
2024-07-18,1,6870,日本フェンオール,0.10422135889530182,True,1.0,0.2875215641173101,S07_RECENT_SUPPORT_CONFORMAL,S07_RECENT_SUPPORT_CONFORMAL_K2,2,True
2024-07-18,2,4307,野村総合研究所,0.10017265379428864,True,1.0,0.8333333333333304,S07_RECENT_SUPPORT_CONFORMAL,S07_RECENT_SUPPORT_CONFORMAL_K2,2,True
2024-07-19,1,5252,日本ナレッジ,0.10383930802345276,True,1.0,0.6545454545454632,S07_RECENT_SUPPORT_CONFORMAL,S07_RECENT_SUPPORT_CONFORMAL_K2,2,True
2024-07-19,2,7590,タカショー,0.10269179940223694,True,1.0,0.18552875695732052,S07_RECENT_SUPPORT_CONFORMAL,S07_RECENT_SUPPORT_CONFORMAL_K2,2,True
2024-07-22,1,4362,日本精化,0.0988481417298317,True,0.0,-2.630643441166014,S07_RECENT_SUPPORT_CONFORMAL,S07_RECENT_SUPPORT_CONFORMAL_K2,2,True
2024-07-22,2,4519,中外製薬,0.09592584520578384,True,0.0,0.0,S07_RECENT_SUPPORT_CONFORMAL,S07_RECENT_SUPPORT_CONFORMAL_K2,2,True
2024-07-23,1,6707,サンケン電気,0.10122836381196976,True,0.0,-1.3733333333333375,S07_RECENT_SUPPORT_CONFORMAL,S07_RECENT_SUPPORT_CONFORMAL_K2,2,True
2024-07-23,2,4362,日本精化,0.09983042627573013,True,0.0,-1.7090909090909046,S07_RECENT_SUPPORT_CONFORMAL,S07_RECENT_SUPPORT_CONFORMAL_K2,2,True
2024-07-24,1,6762,ＴＤＫ,0.10525308549404144,True,0.0,-0.14691478942213676,S07_RECENT_SUPPORT_CONFORMAL,S07_RECENT_SUPPORT_CONFORMAL_K2,2,True
2024-07-24,2,9246,プロジェクトホールディングス,0.10205941647291183,True,0.0,-0.07347538574578039,S07_RECENT_SUPPORT_CONFORMAL,S07_RECENT_SUPPORT_CONFORMAL_K2,2,True
2024-07-25,1,6113,アマダ,0.09185821563005447,True,0.0,-2.4864246927693623,S07_RECENT_SUPPORT_CONFORMAL,S07_RECENT_SUPPORT_CONFORMAL_K2,2,True
2024-07-25,2,6103,オークマ,0.09138599783182144,True,0.0,-3.1415030467163207,S07_RECENT_SUPPORT_CONFORMAL,S07_RECENT_SUPPORT_CONFORMAL_K2,2,True
2024-07-26,1,5256,Ｆｕｓｉｃ,0.09308794140815735,True,0.0,-0.45385779122542047,S07_RECENT_SUPPORT_CONFORMAL,S07_RECENT_SUPPORT_CONFORMAL_K2,2,True
2024-07-26,2,9812,テーオーホールディングス,0.09082985669374466,True,0.0,-6.020942408376961,S07_RECENT_SUPPORT_CONFORMAL,S07_RECENT_SUPPORT_CONFORMAL_K2,2,True
2024-07-29,1,7175,今村証券,0.08136018365621567,True,1.0,0.29390154298309934,S07_RECENT_SUPPORT_CONFORMAL,S07_RECENT_SUPPORT_CONFORMAL_K2,2,True
2024-07-29,2,2323,ｆｏｎｆｕｎ,0.0776204764842987,True,1.0,4.833141542002295,S07_RECENT_SUPPORT_CONFORMAL,S07_RECENT_SUPPORT_CONFORMAL_K2,2,True
2024-07-30,1,9818,大丸エナウィン,0.08737540990114212,True,0.0,0.0,S07_RECENT_SUPPORT_CONFORMAL,S07_RECENT_SUPPORT_CONFORMAL_K2,2,True
2024-07-30,2,4496,コマースＯｎｅホールディングス,0.08692165464162827,True,1.0,0.12531328320801727,S07_RECENT_SUPPORT_CONFORMAL,S07_RECENT_SUPPORT_CONFORMAL_K2,2,True
2024-07-31,1,3934,ベネフィットジャパン,0.09350881725549698,True,0.0,-1.4705882352941124,S07_RECENT_SUPPORT_CONFORMAL,S07_RECENT_SUPPORT_CONFORMAL_K2,2,True
2024-07-31,2,4215,タキロンシーアイ,0.08698582649230957,True,1.0,6.857855361595999,S07_RECENT_SUPPORT_CONFORMAL,S07_RECENT_SUPPORT_CONFORMAL_K2,2,True
2024-08-01,1,4496,コマースＯｎｅホールディングス,0.11583669483661652,True,1.0,1.4084507042253502,S07_RECENT_SUPPORT_CONFORMAL,S07_RECENT_SUPPORT_CONFORMAL_K2,2,True
2024-08-01,2,5161,⻄川ゴム⼯業,0.10138346999883652,True,0.0,-0.5230125523012608,S07_RECENT_SUPPORT_CONFORMAL,S07_RECENT_SUPPORT_CONFORMAL_K2,2,True
2024-08-02,1,9353,櫻島埠頭,0.10407119989395142,True,0.0,-4.789382573571843,S07_RECENT_SUPPORT_CONFORMAL,S07_RECENT_SUPPORT_CONFORMAL_K2,2,True
2024-08-02,2,1382,ホーブ,0.10054630786180496,True,0.0,-2.3323615160349864,S07_RECENT_SUPPORT_CONFORMAL,S07_RECENT_SUPPORT_CONFORMAL_K2,2,True
2024-08-05,1,4549,栄研化学,0.09750692546367645,True,0.0,-4.47381799694967,S07_RECENT_SUPPORT_CONFORMAL,S07_RECENT_SUPPORT_CONFORMAL_K2,2,True
2024-08-05,2,7694,いつも,0.09332302212715149,True,0.0,-11.063829787234047,S07_RECENT_SUPPORT_CONFORMAL,S07_RECENT_SUPPORT_CONFORMAL_K2,2,True
2024-08-06,1,9072,ニッコンホールディングス,0.031120190396904945,True,1.0,1.156884875846509,S07_RECENT_SUPPORT_CONFORMAL,S07_RECENT_SUPPORT_CONFORMAL_K2,2,True
2024-08-06,2,7846,パイロットコーポレーション,0.02906201221048832,True,1.0,3.940149625935163,S07_RECENT_SUPPORT_CONFORMAL,S07_RECENT_SUPPORT_CONFORMAL_K2,2,True
2024-08-07,1,3800,ユニリタ,0.03819571062922478,True,1.0,0.052356020942401216,S07_RECENT_SUPPORT_CONFORMAL,S07_RECENT_SUPPORT_CONFORMAL_K2,2,True
2024-08-07,2,7374,コンフィデンス・インターワークス,0.034496109932661057,True,1.0,6.666666666666665,S07_RECENT_SUPPORT_CONFORMAL,S07_RECENT_SUPPORT_CONFORMAL_K2,2,True
2024-08-08,1,3800,ユニリタ,0.033005889505147934,True,1.0,1.1578947368421133,S07_RECENT_SUPPORT_CONFORMAL,S07_RECENT_SUPPORT_CONFORMAL_K2,2,True
2024-08-08,2,9684,スクウェア・エニックス・ホールディングス,0.026982506737113,True,1.0,1.2579957356076754,S07_RECENT_SUPPORT_CONFORMAL,S07_RECENT_SUPPORT_CONFORMAL_K2,2,True
2024-08-09,1,7371,Ｚｅｎｋｅｎ,0.048316825181245804,True,0.0,-8.272058823529417,S07_RECENT_SUPPORT_CONFORMAL,S07_RECENT_SUPPORT_CONFORMAL_K2,2,True
2024-08-09,2,1873,日本ハウスホールディングス,0.04584582895040512,True,1.0,0.9433962264151052,S07_RECENT_SUPPORT_CONFORMAL,S07_RECENT_SUPPORT_CONFORMAL_K2,2,True
2024-08-13,1,4503,アステラス製薬,0.06951821595430374,True,1.0,1.6322759470280168,S07_RECENT_SUPPORT_CONFORMAL,S07_RECENT_SUPPORT_CONFORMAL_K2,2,True
2024-08-13,2,3800,ユニリタ,0.059432487934827805,True,0.0,-0.875386199794026,S07_RECENT_SUPPORT_CONFORMAL,S07_RECENT_SUPPORT_CONFORMAL_K2,2,True
2024-08-14,1,3800,ユニリタ,0.1049816682934761,True,0.0,-0.05216484089723972,S07_RECENT_SUPPORT_CONFORMAL,S07_RECENT_SUPPORT_CONFORMAL_K2,2,True
2024-08-14,2,2372,アイロムグループ,0.09844265133142471,True,1.0,0.10822510822510178,S07_RECENT_SUPPORT_CONFORMAL,S07_RECENT_SUPPORT_CONFORMAL_K2,2,True
2024-08-15,1,2372,アイロムグループ,0.09013156592845917,True,0.0,-0.18018018018017834,S07_RECENT_SUPPORT_CONFORMAL,S07_RECENT_SUPPORT_CONFORMAL_K2,2,True
2024-08-15,2,7818,トランザクション,0.08978262543678284,True,0.0,-0.21929824561403022,S07_RECENT_SUPPORT_CONFORMAL,S07_RECENT_SUPPORT_CONFORMAL_K2,2,True
2024-08-16,1,2372,アイロムグループ,0.09102766215801239,True,0.0,-0.036088054853844476,S07_RECENT_SUPPORT_CONFORMAL,S07_RECENT_SUPPORT_CONFORMAL_K2,2,True
2024-08-16,2,3800,ユニリタ,0.07824749499559402,True,0.0,-0.2593360995850613,S07_RECENT_SUPPORT_CONFORMAL,S07_RECENT_SUPPORT_CONFORMAL_K2,2,True
2024-08-19,1,2372,アイロムグループ,0.0912051871418953,True,0.0,-0.07220216606498298,S07_RECENT_SUPPORT_CONFORMAL,S07_RECENT_SUPPORT_CONFORMAL_K2,2,True
2024-08-19,2,3333,あさひ,0.08539905399084091,True,1.0,1.7337031900138689,S07_RECENT_SUPPORT_CONFORMAL,S07_RECENT_SUPPORT_CONFORMAL_K2,2,True
2024-08-20,1,3804,システム ディ,0.0965559259057045,True,,,S07_RECENT_SUPPORT_CONFORMAL,S07_RECENT_SUPPORT_CONFORMAL_K2,2,False
2024-08-20,2,2372,アイロムグループ,0.08729303628206253,True,1.0,0.03611412062116681,S07_RECENT_SUPPORT_CONFORMAL,S07_RECENT_SUPPORT_CONFORMAL_K2,2,True
2024-08-21,1,2372,アイロムグループ,0.08688850700855255,True,1.0,0.14440433212996595,S07_RECENT_SUPPORT_CONFORMAL,S07_RECENT_SUPPORT_CONFORMAL_K2,2,True
2024-08-21,2,2806,ユタカフーズ,0.08681739121675491,True,1.0,0.497017892644136,S07_RECENT_SUPPORT_CONFORMAL,S07_RECENT_SUPPORT_CONFORMAL_K2,2,True
2024-08-22,1,7649,スギホールディングス,0.08238379657268524,True,0.0,-0.19406171162429375,S07_RECENT_SUPPORT_CONFORMAL,S07_RECENT_SUPPORT_CONFORMAL_K2,2,True
2024-08-22,2,2372,アイロムグループ,0.08103819191455841,True,1.0,0.21652832912306685,S07_RECENT_SUPPORT_CONFORMAL,S07_RECENT_SUPPORT_CONFORMAL_K2,2,True
2024-08-23,1,8247,大和,0.08777301013469696,True,1.0,0.9195402298850519,S07_RECENT_SUPPORT_CONFORMAL,S07_RECENT_SUPPORT_CONFORMAL_K2,2,True
2024-08-23,2,7649,スギホールディングス,0.08223018050193787,True,1.0,0.21577089054531928,S07_RECENT_SUPPORT_CONFORMAL,S07_RECENT_SUPPORT_CONFORMAL_K2,2,True
2024-08-26,1,4686,ジャストシステム,0.08434638381004333,True,1.0,6.885758998435065,S07_RECENT_SUPPORT_CONFORMAL,S07_RECENT_SUPPORT_CONFORMAL_K2,2,True
2024-08-26,2,7616,コロワイド,0.08014242351055145,True,1.0,0.304878048780477,S07_RECENT_SUPPORT_CONFORMAL,S07_RECENT_SUPPORT_CONFORMAL_K2,2,True
2024-08-27,1,6322,タクミナ,0.07788290083408356,True,1.0,3.0942334739803012,S07_RECENT_SUPPORT_CONFORMAL,S07_RECENT_SUPPORT_CONFORMAL_K2,2,True
2024-08-27,2,7514,ヒマラヤ,0.07748864591121674,True,1.0,0.10893246187364536,S07_RECENT_SUPPORT_CONFORMAL,S07_RECENT_SUPPORT_CONFORMAL_K2,2,True
2024-08-28,1,7616,コロワイド,0.08078701049089432,True,0.0,-0.6810442678774176,S07_RECENT_SUPPORT_CONFORMAL,S07_RECENT_SUPPORT_CONFORMAL_K2,2,True
2024-08-28,2,7514,ヒマラヤ,0.074278824031353,True,1.0,0.21857923497268228,S07_RECENT_SUPPORT_CONFORMAL,S07_RECENT_SUPPORT_CONFORMAL_K2,2,True
2024-08-29,1,7514,ヒマラヤ,0.08815114945173264,True,1.0,1.462317210348707,S07_RECENT_SUPPORT_CONFORMAL,S07_RECENT_SUPPORT_CONFORMAL_K2,2,True
2024-08-29,2,4769,ＩＣ,0.08196137845516205,True,0.0,0.0,S07_RECENT_SUPPORT_CONFORMAL,S07_RECENT_SUPPORT_CONFORMAL_K2,2,True
2024-08-30,1,5273,三⾕セキサン,0.09942588210105896,True,1.0,1.1131725417439675,S07_RECENT_SUPPORT_CONFORMAL,S07_RECENT_SUPPORT_CONFORMAL_K2,2,True
2024-08-30,2,6754,アンリツ,0.08534736186265945,True,0.0,-0.5093378607809895,S07_RECENT_SUPPORT_CONFORMAL,S07_RECENT_SUPPORT_CONFORMAL_K2,2,True
2024-09-02,1,7514,ヒマラヤ,0.10188530385494232,True,0.0,-0.22321428571429047,S07_RECENT_SUPPORT_CONFORMAL,S07_RECENT_SUPPORT_CONFORMAL_K2,2,True
2024-09-02,2,2736,フェスタリアホールディングス,0.10050150007009506,True,0.0,-0.5555555555555536,S07_RECENT_SUPPORT_CONFORMAL,S07_RECENT_SUPPORT_CONFORMAL_K2,2,True
2024-09-03,1,3768,リスクモンスター,0.11164849996566772,True,0.0,0.0,S07_RECENT_SUPPORT_CONFORMAL,S07_RECENT_SUPPORT_CONFORMAL_K2,2,True
2024-09-03,2,7847,グラファイトデザイン,0.10776802152395248,True,0.0,-0.9090909090909038,S07_RECENT_SUPPORT_CONFORMAL,S07_RECENT_SUPPORT_CONFORMAL_K2,2,True
2024-09-04,1,7514,ヒマラヤ,0.1110118106007576,True,1.0,0.22446689113355678,S07_RECENT_SUPPORT_CONFORMAL,S07_RECENT_SUPPORT_CONFORMAL_K2,2,True
2024-09-04,2,7847,グラファイトデザイン,0.10345589369535446,True,0.0,0.0,S07_RECENT_SUPPORT_CONFORMAL,S07_RECENT_SUPPORT_CONFORMAL_K2,2,True
2024-09-05,1,6190,フェニックスバイオ,0.09705543518066406,True,0.0,0.0,S07_RECENT_SUPPORT_CONFORMAL,S07_RECENT_SUPPORT_CONFORMAL_K2,2,True
2024-09-05,2,8200,リンガーハット,0.09593313932418823,True,0.0,-2.117863720073665,S07_RECENT_SUPPORT_CONFORMAL,S07_RECENT_SUPPORT_CONFORMAL_K2,2,True
2024-09-06,1,7733,オリンパス,0.10470923036336899,True,0.0,-0.6090373280942973,S07_RECENT_SUPPORT_CONFORMAL,S07_RECENT_SUPPORT_CONFORMAL_K2,2,True
2024-09-06,2,6723,ルネサスエレクトロニクス,0.10299944132566452,True,0.0,-2.1107580571947393,S07_RECENT_SUPPORT_CONFORMAL,S07_RECENT_SUPPORT_CONFORMAL_K2,2,True
2024-09-09,1,7138,ＴＯＲＩＣＯ,0.10567426681518555,True,1.0,4.3010752688172005,S07_RECENT_SUPPORT_CONFORMAL,S07_RECENT_SUPPORT_CONFORMAL_K2,2,True
2024-09-09,2,3961,シルバーエッグ・テクノロジー,0.09990989416837692,True,0.0,0.0,S07_RECENT_SUPPORT_CONFORMAL,S07_RECENT_SUPPORT_CONFORMAL_K2,2,True
2024-09-10,1,9445,フォーバルテレコム,0.10470787435770035,True,0.0,-5.803571428571431,S07_RECENT_SUPPORT_CONFORMAL,S07_RECENT_SUPPORT_CONFORMAL_K2,2,True
2024-09-10,2,6724,セイコーエプソン,0.09203074872493744,True,0.0,-0.5951238241505119,S07_RECENT_SUPPORT_CONFORMAL,S07_RECENT_SUPPORT_CONFORMAL_K2,2,True
2024-09-11,1,8630,ＳＯＭＰＯホールディングス,0.10125692188739777,True,0.0,-0.8958912573370448,S07_RECENT_SUPPORT_CONFORMAL,S07_RECENT_SUPPORT_CONFORMAL_K2,2,True
2024-09-11,2,4366,ダイトーケミックス,0.1000119000673294,True,0.0,-2.0000000000000018,S07_RECENT_SUPPORT_CONFORMAL,S07_RECENT_SUPPORT_CONFORMAL_K2,2,True
2024-09-12,1,7532,パン・パシフィック・インターナショナルホールディングス,0.10184703022241592,True,1.0,0.8723235527359208,S07_RECENT_SUPPORT_CONFORMAL,S07_RECENT_SUPPORT_CONFORMAL_K2,2,True
2024-09-12,2,5218,オハラ,0.09745857119560242,True,1.0,1.7160686427457161,S07_RECENT_SUPPORT_CONFORMAL,S07_RECENT_SUPPORT_CONFORMAL_K2,2,True
2024-09-13,1,6190,フェニックスバイオ,0.11676283925771713,True,0.0,-1.95227765726681,S07_RECENT_SUPPORT_CONFORMAL,S07_RECENT_SUPPORT_CONFORMAL_K2,2,True
2024-09-13,2,6322,タクミナ,0.0934637188911438,True,0.0,0.0,S07_RECENT_SUPPORT_CONFORMAL,S07_RECENT_SUPPORT_CONFORMAL_K2,2,True
2024-09-17,1,4503,アステラス製薬,0.11569970846176147,True,0.0,-1.6880093131548257,S07_RECENT_SUPPORT_CONFORMAL,S07_RECENT_SUPPORT_CONFORMAL_K2,2,True
2024-09-17,2,4507,塩野義製薬,0.10849057137966156,True,1.0,0.09450307134981628,S07_RECENT_SUPPORT_CONFORMAL,S07_RECENT_SUPPORT_CONFORMAL_K2,2,True
2024-09-18,1,4507,塩野義製薬,0.10803252458572388,True,0.0,-1.2378564713256046,S07_RECENT_SUPPORT_CONFORMAL,S07_RECENT_SUPPORT_CONFORMAL_K2,2,True
2024-09-18,2,4503,アステラス製薬,0.10779235512018204,True,1.0,0.7959905660377409,S07_RECENT_SUPPORT_CONFORMAL,S07_RECENT_SUPPORT_CONFORMAL_K2,2,True
2024-09-19,1,4507,塩野義製薬,0.10332935303449631,True,0.0,-0.2963194011228909,S07_RECENT_SUPPORT_CONFORMAL,S07_RECENT_SUPPORT_CONFORMAL_K2,2,True
2024-09-19,2,9042,阪急阪神ホールディングス,0.10213474929332733,True,0.0,-0.13486176668914274,S07_RECENT_SUPPORT_CONFORMAL,S07_RECENT_SUPPORT_CONFORMAL_K2,2,True
2024-09-20,1,4840,トライアイズ,0.12254749983549118,True,1.0,0.31847133757962887,S07_RECENT_SUPPORT_CONFORMAL,S07_RECENT_SUPPORT_CONFORMAL_K2,2,True
2024-09-20,2,3712,情報企画,0.11313652247190475,True,1.0,1.3033175355450233,S07_RECENT_SUPPORT_CONFORMAL,S07_RECENT_SUPPORT_CONFORMAL_K2,2,True
2024-09-24,1,4840,トライアイズ,0.12139394134283066,True,1.0,3.205128205128216,S07_RECENT_SUPPORT_CONFORMAL,S07_RECENT_SUPPORT_CONFORMAL_K2,2,True
2024-09-24,2,2331,綜合警備保障,0.10527023673057556,True,1.0,1.0536398467432928,S07_RECENT_SUPPORT_CONFORMAL,S07_RECENT_SUPPORT_CONFORMAL_K2,2,True
2024-09-25,1,2372,アイロムグループ,0.11846248805522919,True,0.0,0.0,S07_RECENT_SUPPORT_CONFORMAL,S07_RECENT_SUPPORT_CONFORMAL_K2,2,True
2024-09-25,2,6497,ハマイ,0.10100685060024261,True,1.0,1.4478764478764505,S07_RECENT_SUPPORT_CONFORMAL,S07_RECENT_SUPPORT_CONFORMAL_K2,2,True
2024-09-26,1,3092,ＺＯＺＯ,0.12259014695882797,True,1.0,3.1114774366371334,S07_RECENT_SUPPORT_CONFORMAL,S07_RECENT_SUPPORT_CONFORMAL_K2,2,True
2024-09-26,2,4267,ライトワークス,0.11965619772672653,True,1.0,0.20263424518742745,S07_RECENT_SUPPORT_CONFORMAL,S07_RECENT_SUPPORT_CONFORMAL_K2,2,True
2024-09-27,1,2372,アイロムグループ,0.11892259120941162,True,1.0,0.21590500179919925,S07_RECENT_SUPPORT_CONFORMAL,S07_RECENT_SUPPORT_CONFORMAL_K2,2,True
2024-09-27,2,7837,アールシーコア,0.11568184942007065,True,0.0,-1.295896328293733,S07_RECENT_SUPPORT_CONFORMAL,S07_RECENT_SUPPORT_CONFORMAL_K2,2,True
2024-09-30,1,2372,アイロムグループ,0.11302979290485382,True,0.0,0.0,S07_RECENT_SUPPORT_CONFORMAL,S07_RECENT_SUPPORT_CONFORMAL_K2,2,True
2024-09-30,2,7837,アールシーコア,0.1065099909901619,True,0.0,-0.6622516556291425,S07_RECENT_SUPPORT_CONFORMAL,S07_RECENT_SUPPORT_CONFORMAL_K2,2,True
2024-10-01,1,2114,フジ日本,0.11475017666816711,True,0.0,-0.6673021925643452,S07_RECENT_SUPPORT_CONFORMAL,S07_RECENT_SUPPORT_CONFORMAL_K2,2,True
2024-10-01,2,3726,フォーシーズＨＤ,0.10986954718828201,True,0.0,-0.21008403361344463,S07_RECENT_SUPPORT_CONFORMAL,S07_RECENT_SUPPORT_CONFORMAL_K2,2,True
2024-10-02,1,3804,システム ディ,0.11418397724628448,True,1.0,0.2142857142857224,S07_RECENT_SUPPORT_CONFORMAL,S07_RECENT_SUPPORT_CONFORMAL_K2,2,True
2024-10-02,2,2114,フジ日本,0.11254560202360153,True,0.0,-0.2879078694817627,S07_RECENT_SUPPORT_CONFORMAL,S07_RECENT_SUPPORT_CONFORMAL_K2,2,True
2024-10-03,1,3804,システム ディ,0.11129820346832275,True,0.0,-0.07127583749109156,S07_RECENT_SUPPORT_CONFORMAL,S07_RECENT_SUPPORT_CONFORMAL_K2,2,True
2024-10-03,2,2157,コシダカホールディングス,0.10969474166631699,True,0.0,-0.8032128514056214,S07_RECENT_SUPPORT_CONFORMAL,S07_RECENT_SUPPORT_CONFORMAL_K2,2,True
2024-10-04,1,3726,フォーシーズＨＤ,0.10984653234481812,True,0.0,-0.4158004158004158,S07_RECENT_SUPPORT_CONFORMAL,S07_RECENT_SUPPORT_CONFORMAL_K2,2,True
2024-10-04,2,2331,綜合警備保障,0.1055627316236496,True,1.0,0.2936857562408246,S07_RECENT_SUPPORT_CONFORMAL,S07_RECENT_SUPPORT_CONFORMAL_K2,2,True
2024-10-07,1,1925,大和ハウス⼯業,0.09019076824188232,True,0.0,-0.1295896328293744,S07_RECENT_SUPPORT_CONFORMAL,S07_RECENT_SUPPORT_CONFORMAL_K2,2,True
2024-10-07,2,3712,情報企画,0.0872793048620224,True,0.0,0.0,S07_RECENT_SUPPORT_CONFORMAL,S07_RECENT_SUPPORT_CONFORMAL_K2,2,True
2024-10-08,1,4361,川口化学⼯業,0.11909795552492142,True,1.0,0.12853470437017567,S07_RECENT_SUPPORT_CONFORMAL,S07_RECENT_SUPPORT_CONFORMAL_K2,2,True
2024-10-08,2,2229,カルビー,0.11448024958372116,True,1.0,0.5899705014749346,S07_RECENT_SUPPORT_CONFORMAL,S07_RECENT_SUPPORT_CONFORMAL_K2,2,True
2024-10-09,1,2229,カルビー,0.1077909767627716,True,1.0,0.9381413075344458,S07_RECENT_SUPPORT_CONFORMAL,S07_RECENT_SUPPORT_CONFORMAL_K2,2,True
2024-10-09,2,2892,日本食品化⼯,0.10239683836698532,True,0.0,0.0,S07_RECENT_SUPPORT_CONFORMAL,S07_RECENT_SUPPORT_CONFORMAL_K2,2,True
2024-10-10,1,5938,ＬＩＸＩＬ,0.09579344093799591,True,0.0,-0.2662721893491149,S07_RECENT_SUPPORT_CONFORMAL,S07_RECENT_SUPPORT_CONFORMAL_K2,2,True
2024-10-10,2,2372,アイロムグループ,0.09538166970014572,True,0.0,-0.1436265709156226,S07_RECENT_SUPPORT_CONFORMAL,S07_RECENT_SUPPORT_CONFORMAL_K2,2,True
2024-10-11,1,2493,イーサポートリンク,0.09107156097888947,True,0.0,-1.074113856068748,S07_RECENT_SUPPORT_CONFORMAL,S07_RECENT_SUPPORT_CONFORMAL_K2,2,True
2024-10-11,2,4172,東和ハイシステム,0.09050874412059784,True,1.0,0.1626016260162677,S07_RECENT_SUPPORT_CONFORMAL,S07_RECENT_SUPPORT_CONFORMAL_K2,2,True
2024-10-15,1,2334,イオレ,0.09805162250995636,True,0.0,-0.3039513677811523,S07_RECENT_SUPPORT_CONFORMAL,S07_RECENT_SUPPORT_CONFORMAL_K2,2,True
2024-10-15,2,5938,ＬＩＸＩＬ,0.09720324724912643,True,0.0,-0.5062537224538421,S07_RECENT_SUPPORT_CONFORMAL,S07_RECENT_SUPPORT_CONFORMAL_K2,2,True
2024-10-16,1,8267,イオン,0.09624241292476654,True,1.0,1.3246823465801638,S07_RECENT_SUPPORT_CONFORMAL,S07_RECENT_SUPPORT_CONFORMAL_K2,2,True
2024-10-16,2,5938,ＬＩＸＩＬ,0.08621951937675476,True,0.0,-0.6006006006005982,S07_RECENT_SUPPORT_CONFORMAL,S07_RECENT_SUPPORT_CONFORMAL_K2,2,True
2024-10-17,1,8025,ツカモトコーポレーション,0.0961296409368515,True,0.0,-2.1015761821365997,S07_RECENT_SUPPORT_CONFORMAL,S07_RECENT_SUPPORT_CONFORMAL_K2,2,True
2024-10-17,2,9143,ＳＧホールディングス,0.09584472328424454,True,1.0,0.4330446369087193,S07_RECENT_SUPPORT_CONFORMAL,S07_RECENT_SUPPORT_CONFORMAL_K2,2,True
2024-10-18,1,3195,ジェネレーションパス,0.10285371541976929,True,1.0,4.680851063829783,S07_RECENT_SUPPORT_CONFORMAL,S07_RECENT_SUPPORT_CONFORMAL_K2,2,True
2024-10-18,2,3490,アズ企画設計,0.09647618234157562,True,0.0,-0.08996851102114345,S07_RECENT_SUPPORT_CONFORMAL,S07_RECENT_SUPPORT_CONFORMAL_K2,2,True
2024-10-21,1,9064,ヤマトホールディングス,0.092967189848423,True,1.0,0.061538461538468425,S07_RECENT_SUPPORT_CONFORMAL,S07_RECENT_SUPPORT_CONFORMAL_K2,2,True
2024-10-21,2,7043,アルー,0.09273850917816162,True,0.0,-0.26595744680850686,S07_RECENT_SUPPORT_CONFORMAL,S07_RECENT_SUPPORT_CONFORMAL_K2,2,True
2024-10-22,1,9347,日本管財ホールディングス,0.1051618680357933,True,0.0,-1.9593345656192196,S07_RECENT_SUPPORT_CONFORMAL,S07_RECENT_SUPPORT_CONFORMAL_K2,2,True
2024-10-22,2,7815,東京ボード⼯業,0.09264639765024185,True,1.0,0.3278688524590123,S07_RECENT_SUPPORT_CONFORMAL,S07_RECENT_SUPPORT_CONFORMAL_K2,2,True
2024-10-23,1,2268,Ｂ−Ｒ サーティワン アイスクリーム,0.10918743908405304,True,0.0,-0.7194244604316502,S07_RECENT_SUPPORT_CONFORMAL,S07_RECENT_SUPPORT_CONFORMAL_K2,2,True
2024-10-23,2,9347,日本管財ホールディングス,0.10244280099868774,True,0.0,-1.0173323285606606,S07_RECENT_SUPPORT_CONFORMAL,S07_RECENT_SUPPORT_CONFORMAL_K2,2,True
2024-10-24,1,7369,メイホーホールディングス,0.11786116659641266,True,0.0,0.0,S07_RECENT_SUPPORT_CONFORMAL,S07_RECENT_SUPPORT_CONFORMAL_K2,2,True
2024-10-24,2,3195,ジェネレーションパス,0.09862809628248215,True,1.0,0.42553191489360653,S07_RECENT_SUPPORT_CONFORMAL,S07_RECENT_SUPPORT_CONFORMAL_K2,2,True
2024-10-25,1,4361,川口化学⼯業,0.09586338698863983,True,0.0,-0.6269592476489061,S07_RECENT_SUPPORT_CONFORMAL,S07_RECENT_SUPPORT_CONFORMAL_K2,2,True
2024-10-25,2,7369,メイホーホールディングス,0.09259244054555893,True,1.0,0.4672897196261738,S07_RECENT_SUPPORT_CONFORMAL,S07_RECENT_SUPPORT_CONFORMAL_K2,2,True
2024-10-28,1,7369,メイホーホールディングス,0.09986180812120438,True,1.0,2.4651162790697567,S07_RECENT_SUPPORT_CONFORMAL,S07_RECENT_SUPPORT_CONFORMAL_K2,2,True
2024-10-28,2,4437,ｇｏｏｄｄａｙｓホールディングス,0.09890606999397278,True,1.0,0.4975124378109541,S07_RECENT_SUPPORT_CONFORMAL,S07_RECENT_SUPPORT_CONFORMAL_K2,2,True
2024-10-29,1,7733,オリンパス,0.09727498143911362,True,0.0,-0.20480357475330946,S07_RECENT_SUPPORT_CONFORMAL,S07_RECENT_SUPPORT_CONFORMAL_K2,2,True
2024-10-29,2,3537,昭栄薬品,0.09114179760217667,True,0.0,-0.5223880597014952,S07_RECENT_SUPPORT_CONFORMAL,S07_RECENT_SUPPORT_CONFORMAL_K2,2,True
2024-10-30,1,3537,昭栄薬品,0.10120885074138641,True,0.0,-0.30143180105500766,S07_RECENT_SUPPORT_CONFORMAL,S07_RECENT_SUPPORT_CONFORMAL_K2,2,True
2024-10-30,2,9913,日邦産業,0.09855189174413681,True,1.0,3.34645669291338,S07_RECENT_SUPPORT_CONFORMAL,S07_RECENT_SUPPORT_CONFORMAL_K2,2,True
2024-10-31,1,7284,盟和産業,0.09565148502588272,True,1.0,1.0204081632652962,S07_RECENT_SUPPORT_CONFORMAL,S07_RECENT_SUPPORT_CONFORMAL_K2,2,True
2024-10-31,2,3537,昭栄薬品,0.09132157266139984,True,1.0,0.45045045045044585,S07_RECENT_SUPPORT_CONFORMAL,S07_RECENT_SUPPORT_CONFORMAL_K2,2,True
2024-11-01,1,2653,イオン九州,0.10794565826654434,True,1.0,0.6120367222033352,S07_RECENT_SUPPORT_CONFORMAL,S07_RECENT_SUPPORT_CONFORMAL_K2,2,True
2024-11-01,2,7379,サーキュレーション,0.10167469829320908,True,0.0,-1.6339869281045805,S07_RECENT_SUPPORT_CONFORMAL,S07_RECENT_SUPPORT_CONFORMAL_K2,2,True
2024-11-05,1,7379,サーキュレーション,0.09978964179754257,True,0.0,0.0,S07_RECENT_SUPPORT_CONFORMAL,S07_RECENT_SUPPORT_CONFORMAL_K2,2,True
2024-11-05,2,2229,カルビー,0.0985623374581337,True,1.0,2.592592592592591,S07_RECENT_SUPPORT_CONFORMAL,S07_RECENT_SUPPORT_CONFORMAL_K2,2,True
2024-11-06,1,4091,日本酸素ホールディングス,0.08991716057062149,True,1.0,3.848528503807369,S07_RECENT_SUPPORT_CONFORMAL,S07_RECENT_SUPPORT_CONFORMAL_K2,2,True
2024-11-06,2,6870,日本フェンオール,0.0867534801363945,True,1.0,1.377245508982039,S07_RECENT_SUPPORT_CONFORMAL,S07_RECENT_SUPPORT_CONFORMAL_K2,2,True
2024-11-07,1,3627,テクミラホールディングス,0.08675689250230789,True,1.0,1.2779552715654896,S07_RECENT_SUPPORT_CONFORMAL,S07_RECENT_SUPPORT_CONFORMAL_K2,2,True
2024-11-07,2,9746,ＴＫＣ,0.08546152710914612,True,0.0,-0.5181347150259086,S07_RECENT_SUPPORT_CONFORMAL,S07_RECENT_SUPPORT_CONFORMAL_K2,2,True
2024-11-08,1,4091,日本酸素ホールディングス,0.10761221498250961,True,0.0,-0.9712750568299233,S07_RECENT_SUPPORT_CONFORMAL,S07_RECENT_SUPPORT_CONFORMAL_K2,2,True
2024-11-08,2,9020,東日本旅客鉄道,0.09623042494058609,True,0.0,-0.29910269192422456,S07_RECENT_SUPPORT_CONFORMAL,S07_RECENT_SUPPORT_CONFORMAL_K2,2,True
2024-11-11,1,4840,トライアイズ,0.1024189218878746,True,1.0,3.4482758620689724,S07_RECENT_SUPPORT_CONFORMAL,S07_RECENT_SUPPORT_CONFORMAL_K2,2,True
2024-11-11,2,6810,マクセル,0.10210364311933517,True,0.0,-1.0614525139664766,S07_RECENT_SUPPORT_CONFORMAL,S07_RECENT_SUPPORT_CONFORMAL_K2,2,True
2024-11-12,1,4452,花王,0.09332570433616638,True,0.0,-0.9358914365933502,S07_RECENT_SUPPORT_CONFORMAL,S07_RECENT_SUPPORT_CONFORMAL_K2,2,True
2024-11-12,2,6156,エーワン精密,0.09132636338472366,True,0.0,-0.16825574873807758,S07_RECENT_SUPPORT_CONFORMAL,S07_RECENT_SUPPORT_CONFORMAL_K2,2,True
2024-11-13,1,4452,花王,0.10180171579122543,True,0.0,-0.18894662257912254,S07_RECENT_SUPPORT_CONFORMAL,S07_RECENT_SUPPORT_CONFORMAL_K2,2,True
2024-11-13,2,6156,エーワン精密,0.09580911695957184,True,0.0,-0.16853932584269815,S07_RECENT_SUPPORT_CONFORMAL,S07_RECENT_SUPPORT_CONFORMAL_K2,2,True
2024-11-14,1,7284,盟和産業,0.10537823289632797,True,0.0,-0.5897219882055604,S07_RECENT_SUPPORT_CONFORMAL,S07_RECENT_SUPPORT_CONFORMAL_K2,2,True
2024-11-14,2,4346,ＮＥＸＹＺ．Ｇｒｏｕｐ,0.10064056515693665,True,0.0,-2.1136063408190187,S07_RECENT_SUPPORT_CONFORMAL,S07_RECENT_SUPPORT_CONFORMAL_K2,2,True
2024-11-15,1,6058,ベクトル,0.09554512053728104,True,1.0,1.298701298701288,S07_RECENT_SUPPORT_CONFORMAL,S07_RECENT_SUPPORT_CONFORMAL_K2,2,True
2024-11-15,2,5273,三⾕セキサン,0.09086637198925018,True,0.0,-0.8319467554076532,S07_RECENT_SUPPORT_CONFORMAL,S07_RECENT_SUPPORT_CONFORMAL_K2,2,True
2024-11-18,1,3197,すかいらーくホールディングス,0.09338194876909256,True,1.0,0.2044989775051187,S07_RECENT_SUPPORT_CONFORMAL,S07_RECENT_SUPPORT_CONFORMAL_K2,2,True
2024-11-18,2,7284,盟和産業,0.09262874722480774,True,1.0,0.08561643835616195,S07_RECENT_SUPPORT_CONFORMAL,S07_RECENT_SUPPORT_CONFORMAL_K2,2,True
2024-11-19,1,7718,スター精密,0.09722825139760971,True,1.0,1.3557483731019504,S07_RECENT_SUPPORT_CONFORMAL,S07_RECENT_SUPPORT_CONFORMAL_K2,2,True
2024-11-19,2,7228,デイトナ,0.09075088053941727,True,1.0,0.14265335235377208,S07_RECENT_SUPPORT_CONFORMAL,S07_RECENT_SUPPORT_CONFORMAL_K2,2,True
2024-11-20,1,7718,スター精密,0.09983835369348526,True,0.0,-0.5364806866952843,S07_RECENT_SUPPORT_CONFORMAL,S07_RECENT_SUPPORT_CONFORMAL_K2,2,True
2024-11-20,2,3788,ＧＭＯグローバルサイン・ホールディングス,0.09625490754842758,True,0.0,-2.484241750092697,S07_RECENT_SUPPORT_CONFORMAL,S07_RECENT_SUPPORT_CONFORMAL_K2,2,True
2024-11-21,1,7718,スター精密,0.11064165085554123,True,1.0,0.3775620280474623,S07_RECENT_SUPPORT_CONFORMAL,S07_RECENT_SUPPORT_CONFORMAL_K2,2,True
2024-11-21,2,7228,デイトナ,0.10522598773241043,True,0.0,-0.8583690987124415,S07_RECENT_SUPPORT_CONFORMAL,S07_RECENT_SUPPORT_CONFORMAL_K2,2,True
2024-11-22,1,7228,デイトナ,0.10453198850154877,True,0.0,0.0,S07_RECENT_SUPPORT_CONFORMAL,S07_RECENT_SUPPORT_CONFORMAL_K2,2,True
2024-11-22,2,4229,群栄化学⼯業,0.10246150195598602,True,1.0,1.2546125461254665,S07_RECENT_SUPPORT_CONFORMAL,S07_RECENT_SUPPORT_CONFORMAL_K2,2,True
2024-11-25,1,6193,バーチャレクス・ホールディングス,0.10838542133569717,True,0.0,-0.40322580645161255,S07_RECENT_SUPPORT_CONFORMAL,S07_RECENT_SUPPORT_CONFORMAL_K2,2,True
2024-11-25,2,8060,キヤノンマーケティングジャパン,0.09457766264677048,True,1.0,0.29227557411273253,S07_RECENT_SUPPORT_CONFORMAL,S07_RECENT_SUPPORT_CONFORMAL_K2,2,True
2024-11-26,1,6193,バーチャレクス・ホールディングス,0.11195357143878937,True,1.0,2.1739130434782705,S07_RECENT_SUPPORT_CONFORMAL,S07_RECENT_SUPPORT_CONFORMAL_K2,2,True
2024-11-26,2,7718,スター精密,0.10490002483129501,True,0.0,-0.49315068493150926,S07_RECENT_SUPPORT_CONFORMAL,S07_RECENT_SUPPORT_CONFORMAL_K2,2,True
2024-11-27,1,7718,スター精密,0.08627885580062866,True,1.0,0.38932146829810943,S07_RECENT_SUPPORT_CONFORMAL,S07_RECENT_SUPPORT_CONFORMAL_K2,2,True
2024-11-27,2,3089,テクノアルファ,0.08398551493883133,True,0.0,-0.2941176470588225,S07_RECENT_SUPPORT_CONFORMAL,S07_RECENT_SUPPORT_CONFORMAL_K2,2,True
2024-11-28,1,2498,オリエンタルコンサルタンツホールディングス,0.08659320324659348,True,1.0,0.4739336492890933,S07_RECENT_SUPPORT_CONFORMAL,S07_RECENT_SUPPORT_CONFORMAL_K2,2,True
2024-11-28,2,2157,コシダカホールディングス,0.08553189784288406,True,1.0,0.44762757385854446,S07_RECENT_SUPPORT_CONFORMAL,S07_RECENT_SUPPORT_CONFORMAL_K2,2,True
2024-11-29,1,2830,アヲハタ,0.09927993267774582,True,0.0,-0.49713193116635024,S07_RECENT_SUPPORT_CONFORMAL,S07_RECENT_SUPPORT_CONFORMAL_K2,2,True
2024-11-29,2,9313,丸八倉庫,0.09340403228998184,True,0.0,-0.2450980392156854,S07_RECENT_SUPPORT_CONFORMAL,S07_RECENT_SUPPORT_CONFORMAL_K2,2,True
2024-12-02,1,4465,ニイタカ,0.10437610000371933,True,1.0,0.6511123168746691,S07_RECENT_SUPPORT_CONFORMAL,S07_RECENT_SUPPORT_CONFORMAL_K2,2,True
2024-12-02,2,9362,兵機海運,0.09855098277330399,True,0.0,-0.9022556390977488,S07_RECENT_SUPPORT_CONFORMAL,S07_RECENT_SUPPORT_CONFORMAL_K2,2,True
2024-12-03,1,4465,ニイタカ,0.11106108874082565,True,1.0,0.8086253369272267,S07_RECENT_SUPPORT_CONFORMAL,S07_RECENT_SUPPORT_CONFORMAL_K2,2,True
2024-12-03,2,9362,兵機海運,0.10278616100549698,True,0.0,-2.114803625377648,S07_RECENT_SUPPORT_CONFORMAL,S07_RECENT_SUPPORT_CONFORMAL_K2,2,True
2024-12-04,1,4465,ニイタカ,0.11851318180561066,True,0.0,-0.2134471718249764,S07_RECENT_SUPPORT_CONFORMAL,S07_RECENT_SUPPORT_CONFORMAL_K2,2,True
2024-12-04,2,9362,兵機海運,0.10907064378261566,True,0.0,-3.7151702786377694,S07_RECENT_SUPPORT_CONFORMAL,S07_RECENT_SUPPORT_CONFORMAL_K2,2,True
2024-12-05,1,4465,ニイタカ,0.11727860569953918,True,0.0,0.0,S07_RECENT_SUPPORT_CONFORMAL,S07_RECENT_SUPPORT_CONFORMAL_K2,2,True
2024-12-05,2,9362,兵機海運,0.10954443365335464,True,1.0,0.4746835443038,S07_RECENT_SUPPORT_CONFORMAL,S07_RECENT_SUPPORT_CONFORMAL_K2,2,True
2024-12-06,1,2594,キーコーヒー,0.09333851933479309,True,1.0,0.14698677119058257,S07_RECENT_SUPPORT_CONFORMAL,S07_RECENT_SUPPORT_CONFORMAL_K2,2,True
2024-12-06,2,9362,兵機海運,0.09023956209421158,True,1.0,12.125984251968514,S07_RECENT_SUPPORT_CONFORMAL,S07_RECENT_SUPPORT_CONFORMAL_K2,2,True
2024-12-09,1,7871,フクビ化学⼯業,0.09700929373502731,True,0.0,-1.1019283746556474,S07_RECENT_SUPPORT_CONFORMAL,S07_RECENT_SUPPORT_CONFORMAL_K2,2,True
2024-12-09,2,2594,キーコーヒー,0.09447158873081207,True,0.0,-0.09784735812132794,S07_RECENT_SUPPORT_CONFORMAL,S07_RECENT_SUPPORT_CONFORMAL_K2,2,True
2024-12-10,1,2594,キーコーヒー,0.09617951512336731,True,0.0,-0.09794319294809117,S07_RECENT_SUPPORT_CONFORMAL,S07_RECENT_SUPPORT_CONFORMAL_K2,2,True
2024-12-10,2,5644,メタルアート,0.09323147684335709,True,0.0,-0.40677966101695384,S07_RECENT_SUPPORT_CONFORMAL,S07_RECENT_SUPPORT_CONFORMAL_K2,2,True
2024-12-11,1,4776,サイボウズ,0.09366949647665024,True,1.0,1.8491484184914864,S07_RECENT_SUPPORT_CONFORMAL,S07_RECENT_SUPPORT_CONFORMAL_K2,2,True
2024-12-11,2,5644,メタルアート,0.0920347198843956,True,1.0,0.3076923076922977,S07_RECENT_SUPPORT_CONFORMAL,S07_RECENT_SUPPORT_CONFORMAL_K2,2,True
2024-12-12,1,5644,メタルアート,0.09612172096967697,True,0.0,-1.527494908350302,S07_RECENT_SUPPORT_CONFORMAL,S07_RECENT_SUPPORT_CONFORMAL_K2,2,True
2024-12-12,2,6522,アスタリスク,0.08717937767505646,True,1.0,2.386117136659438,S07_RECENT_SUPPORT_CONFORMAL,S07_RECENT_SUPPORT_CONFORMAL_K2,2,True
2024-12-13,1,211A,カドス・コーポレーション,0.10089151561260223,True,0.0,-0.11881188118811892,S07_RECENT_SUPPORT_CONFORMAL,S07_RECENT_SUPPORT_CONFORMAL_K2,2,True
2024-12-13,2,5644,メタルアート,0.10025670379400253,True,0.0,-1.0719225449515868,S07_RECENT_SUPPORT_CONFORMAL,S07_RECENT_SUPPORT_CONFORMAL_K2,2,True
2024-12-16,1,5644,メタルアート,0.09593825787305832,True,0.0,-1.8627112797516387,S07_RECENT_SUPPORT_CONFORMAL,S07_RECENT_SUPPORT_CONFORMAL_K2,2,True
2024-12-16,2,3770,ザッパラス,0.0872696116566658,True,0.0,-0.2680965147453085,S07_RECENT_SUPPORT_CONFORMAL,S07_RECENT_SUPPORT_CONFORMAL_K2,2,True
2024-12-17,1,7634,星医療酸器,0.10135267674922943,True,0.0,-1.2716763005780396,S07_RECENT_SUPPORT_CONFORMAL,S07_RECENT_SUPPORT_CONFORMAL_K2,2,True
2024-12-17,2,6522,アスタリスク,0.09217284619808197,True,0.0,-0.43572984749454813,S07_RECENT_SUPPORT_CONFORMAL,S07_RECENT_SUPPORT_CONFORMAL_K2,2,True
2024-12-18,1,7634,星医療酸器,0.0872834101319313,True,1.0,1.2880562060889833,S07_RECENT_SUPPORT_CONFORMAL,S07_RECENT_SUPPORT_CONFORMAL_K2,2,True
2024-12-18,2,1799,第一建設⼯業,0.08663006871938705,True,0.0,-0.6753714542998668,S07_RECENT_SUPPORT_CONFORMAL,S07_RECENT_SUPPORT_CONFORMAL_K2,2,True
2024-12-19,1,3382,セブン＆アイ・ホールディングス,0.08303198218345642,True,1.0,0.4842615012106588,S07_RECENT_SUPPORT_CONFORMAL,S07_RECENT_SUPPORT_CONFORMAL_K2,2,True
2024-12-19,2,211A,カドス・コーポレーション,0.08204880356788635,True,1.0,1.119552179128358,S07_RECENT_SUPPORT_CONFORMAL,S07_RECENT_SUPPORT_CONFORMAL_K2,2,True
2024-12-20,1,4394,エクスモーション,0.08578140288591385,True,0.0,-0.6165228113440224,S07_RECENT_SUPPORT_CONFORMAL,S07_RECENT_SUPPORT_CONFORMAL_K2,2,True
2024-12-20,2,9202,ＡＮＡホールディングス,0.08285319805145264,True,0.0,-2.0068610634648376,S07_RECENT_SUPPORT_CONFORMAL,S07_RECENT_SUPPORT_CONFORMAL_K2,2,True
2024-12-23,1,3382,セブン＆アイ・ホールディングス,0.10531387478113174,True,1.0,0.6866416978776435,S07_RECENT_SUPPORT_CONFORMAL,S07_RECENT_SUPPORT_CONFORMAL_K2,2,True
2024-12-23,2,5161,⻄川ゴム⼯業,0.10143311321735382,True,1.0,1.4678899082568808,S07_RECENT_SUPPORT_CONFORMAL,S07_RECENT_SUPPORT_CONFORMAL_K2,2,True
2024-12-24,1,4762,エックスネット,0.09820294380187988,True,0.0,-0.8861622358554921,S07_RECENT_SUPPORT_CONFORMAL,S07_RECENT_SUPPORT_CONFORMAL_K2,2,True
2024-12-24,2,3382,セブン＆アイ・ホールディングス,0.09697315096855164,True,0.0,-0.7039337474120111,S07_RECENT_SUPPORT_CONFORMAL,S07_RECENT_SUPPORT_CONFORMAL_K2,2,True
2024-12-25,1,3382,セブン＆アイ・ホールディングス,0.10011840611696243,True,1.0,2.9245874242740832,S07_RECENT_SUPPORT_CONFORMAL,S07_RECENT_SUPPORT_CONFORMAL_K2,2,True
2024-12-25,2,4762,エックスネット,0.09674172103404999,True,1.0,2.1843003412969297,S07_RECENT_SUPPORT_CONFORMAL,S07_RECENT_SUPPORT_CONFORMAL_K2,2,True
2024-12-26,1,2185,シイエム・シイ,0.1028137281537056,True,1.0,0.3389830508474523,S07_RECENT_SUPPORT_CONFORMAL,S07_RECENT_SUPPORT_CONFORMAL_K2,2,True
2024-12-26,2,3710,ジョルダン,0.10131137818098068,True,0.0,-1.358234295415961,S07_RECENT_SUPPORT_CONFORMAL,S07_RECENT_SUPPORT_CONFORMAL_K2,2,True
2024-12-27,1,3382,セブン＆アイ・ホールディングス,0.0960792526602745,True,1.0,0.20251113811260435,S07_RECENT_SUPPORT_CONFORMAL,S07_RECENT_SUPPORT_CONFORMAL_K2,2,True
2024-12-27,2,3800,ユニリタ,0.09584256261587143,True,1.0,0.30105368790767084,S07_RECENT_SUPPORT_CONFORMAL,S07_RECENT_SUPPORT_CONFORMAL_K2,2,True
2024-12-30,1,3800,ユニリタ,0.11077114939689636,True,0.0,0.0,S07_RECENT_SUPPORT_CONFORMAL,S07_RECENT_SUPPORT_CONFORMAL_K2,2,True
2024-12-30,2,9355,リンコーコーポレーション,0.10422967374324799,True,1.0,1.981981981981984,S07_RECENT_SUPPORT_CONFORMAL,S07_RECENT_SUPPORT_CONFORMAL_K2,2,True
2025-01-06,1,3800,ユニリタ,0.11270362883806229,True,0.0,0.0,S07_RECENT_SUPPORT_CONFORMAL,S07_RECENT_SUPPORT_CONFORMAL_K2,2,True
2025-01-06,2,7314,小⽥原機器,0.11142457276582718,True,0.0,-2.049180327868849,S07_RECENT_SUPPORT_CONFORMAL,S07_RECENT_SUPPORT_CONFORMAL_K2,2,True
2025-01-07,1,1994,高橋カーテンウォール⼯業,0.10852880030870438,True,0.0,-2.0905923344947785,S07_RECENT_SUPPORT_CONFORMAL,S07_RECENT_SUPPORT_CONFORMAL_K2,2,True
2025-01-07,2,3800,ユニリタ,0.10739535838365555,True,1.0,0.10035122930256435,S07_RECENT_SUPPORT_CONFORMAL,S07_RECENT_SUPPORT_CONFORMAL_K2,2,True
2025-01-08,1,1994,高橋カーテンウォール⼯業,0.11980918794870377,True,1.0,1.073345259391778,S07_RECENT_SUPPORT_CONFORMAL,S07_RECENT_SUPPORT_CONFORMAL_K2,2,True
2025-01-08,2,3800,ユニリタ,0.1191919669508934,True,1.0,0.2004008016031955,S07_RECENT_SUPPORT_CONFORMAL,S07_RECENT_SUPPORT_CONFORMAL_K2,2,True
2025-01-09,1,3800,ユニリタ,0.11122303456068039,True,0.0,-0.10035122930256435,S07_RECENT_SUPPORT_CONFORMAL,S07_RECENT_SUPPORT_CONFORMAL_K2,2,True
2025-01-09,2,1994,高橋カーテンウォール⼯業,0.09595988690853119,True,1.0,0.17730496453900457,S07_RECENT_SUPPORT_CONFORMAL,S07_RECENT_SUPPORT_CONFORMAL_K2,2,True
2025-01-10,1,1994,高橋カーテンウォール⼯業,0.08326845616102219,True,0.0,0.0,S07_RECENT_SUPPORT_CONFORMAL,S07_RECENT_SUPPORT_CONFORMAL_K2,2,True
2025-01-10,2,3800,ユニリタ,0.08115879446268082,True,1.0,0.050226017076848706,S07_RECENT_SUPPORT_CONFORMAL,S07_RECENT_SUPPORT_CONFORMAL_K2,2,True
2025-01-14,1,9661,歌舞伎座,0.07620629668235779,True,0.0,-0.6571741511500528,S07_RECENT_SUPPORT_CONFORMAL,S07_RECENT_SUPPORT_CONFORMAL_K2,2,True
2025-01-14,2,5161,⻄川ゴム⼯業,0.07605728507041931,True,0.0,-0.6363636363636349,S07_RECENT_SUPPORT_CONFORMAL,S07_RECENT_SUPPORT_CONFORMAL_K2,2,True
2025-01-15,1,9355,リンコーコーポレーション,0.0999467596411705,True,0.0,-1.1571254567600442,S07_RECENT_SUPPORT_CONFORMAL,S07_RECENT_SUPPORT_CONFORMAL_K2,2,True
2025-01-15,2,6136,オーエスジー,0.08125337958335876,True,0.0,-1.2559808612440215,S07_RECENT_SUPPORT_CONFORMAL,S07_RECENT_SUPPORT_CONFORMAL_K2,2,True
2025-01-16,1,4735,京進,0.08495661616325378,True,0.0,-2.638522427440637,S07_RECENT_SUPPORT_CONFORMAL,S07_RECENT_SUPPORT_CONFORMAL_K2,2,True
2025-01-16,2,6161,エスティック,0.07738270610570908,True,0.0,-0.3278688524590123,S07_RECENT_SUPPORT_CONFORMAL,S07_RECENT_SUPPORT_CONFORMAL_K2,2,True
2025-01-17,1,4735,京進,0.0825270488858223,True,1.0,0.2732240437158362,S07_RECENT_SUPPORT_CONFORMAL,S07_RECENT_SUPPORT_CONFORMAL_K2,2,True
2025-01-17,2,5981,東京製綱,0.0823928639292717,True,1.0,1.3731825525040486,S07_RECENT_SUPPORT_CONFORMAL,S07_RECENT_SUPPORT_CONFORMAL_K2,2,True
2025-01-20,1,3671,ソフトマックス,0.07846140116453171,True,1.0,0.5945303210463715,S07_RECENT_SUPPORT_CONFORMAL,S07_RECENT_SUPPORT_CONFORMAL_K2,2,True
2025-01-20,2,9238,バリュークリエーション,0.07769950479269028,True,1.0,0.09980039920158834,S07_RECENT_SUPPORT_CONFORMAL,S07_RECENT_SUPPORT_CONFORMAL_K2,2,True
2025-01-21,1,3238,セントラル総合開発,0.09599792957305908,True,1.0,1.7057569296375252,S07_RECENT_SUPPORT_CONFORMAL,S07_RECENT_SUPPORT_CONFORMAL_K2,2,True
2025-01-21,2,3524,日東製網,0.09294675290584564,True,0.0,-0.758054327226787,S07_RECENT_SUPPORT_CONFORMAL,S07_RECENT_SUPPORT_CONFORMAL_K2,2,True
2025-01-22,1,9852,ＣＢグループマネジメント,0.09341096878051758,True,0.0,-0.7766990291262155,S07_RECENT_SUPPORT_CONFORMAL,S07_RECENT_SUPPORT_CONFORMAL_K2,2,True
2025-01-22,2,5380,新東,0.0930652841925621,True,1.0,0.6923076923077032,S07_RECENT_SUPPORT_CONFORMAL,S07_RECENT_SUPPORT_CONFORMAL_K2,2,True
2025-01-23,1,6193,バーチャレクス・ホールディングス,0.11090794950723648,True,1.0,0.24390243902439046,S07_RECENT_SUPPORT_CONFORMAL,S07_RECENT_SUPPORT_CONFORMAL_K2,2,True
2025-01-23,2,9661,歌舞伎座,0.10261785984039307,True,0.0,0.0,S07_RECENT_SUPPORT_CONFORMAL,S07_RECENT_SUPPORT_CONFORMAL_K2,2,True
2025-01-24,1,2806,ユタカフーズ,0.11089512705802917,True,1.0,0.42016806722688926,S07_RECENT_SUPPORT_CONFORMAL,S07_RECENT_SUPPORT_CONFORMAL_K2,2,True
2025-01-24,2,4437,ｇｏｏｄｄａｙｓホールディングス,0.1091475635766983,True,0.0,-0.14880952380952328,S07_RECENT_SUPPORT_CONFORMAL,S07_RECENT_SUPPORT_CONFORMAL_K2,2,True
2025-01-27,1,4437,ｇｏｏｄｄａｙｓホールディングス,0.1237829402089119,True,0.0,0.0,S07_RECENT_SUPPORT_CONFORMAL,S07_RECENT_SUPPORT_CONFORMAL_K2,2,True
2025-01-27,2,3800,ユニリタ,0.10689782351255417,True,0.0,-0.2498750624687629,S07_RECENT_SUPPORT_CONFORMAL,S07_RECENT_SUPPORT_CONFORMAL_K2,2,True
2025-01-28,1,4437,ｇｏｏｄｄａｙｓホールディングス,0.1130935400724411,True,0.0,0.0,S07_RECENT_SUPPORT_CONFORMAL,S07_RECENT_SUPPORT_CONFORMAL_K2,2,True
2025-01-28,2,3800,ユニリタ,0.10155413299798965,True,1.0,0.3016591251885359,S07_RECENT_SUPPORT_CONFORMAL,S07_RECENT_SUPPORT_CONFORMAL_K2,2,True
2025-01-29,1,4356,応用技術,0.09742361307144165,True,0.0,-0.07137758743754885,S07_RECENT_SUPPORT_CONFORMAL,S07_RECENT_SUPPORT_CONFORMAL_K2,2,True
2025-01-29,2,9661,歌舞伎座,0.09645859897136688,True,1.0,0.3250270855904569,S07_RECENT_SUPPORT_CONFORMAL,S07_RECENT_SUPPORT_CONFORMAL_K2,2,True
2025-01-30,1,3238,セントラル総合開発,0.12565268576145172,True,1.0,0.6382978723404209,S07_RECENT_SUPPORT_CONFORMAL,S07_RECENT_SUPPORT_CONFORMAL_K2,2,True
2025-01-30,2,6161,エスティック,0.09936661273241043,True,1.0,0.7692307692307665,S07_RECENT_SUPPORT_CONFORMAL,S07_RECENT_SUPPORT_CONFORMAL_K2,2,True
2025-01-31,1,3238,セントラル総合開発,0.11973346769809723,True,0.0,-0.6342494714587699,S07_RECENT_SUPPORT_CONFORMAL,S07_RECENT_SUPPORT_CONFORMAL_K2,2,True
2025-01-31,2,3726,フォーシーズＨＤ,0.10062754899263382,True,0.0,-0.8146639511201648,S07_RECENT_SUPPORT_CONFORMAL,S07_RECENT_SUPPORT_CONFORMAL_K2,2,True
2025-02-03,1,3238,セントラル総合開発,0.10675884038209915,True,1.0,0.42553191489360653,S07_RECENT_SUPPORT_CONFORMAL,S07_RECENT_SUPPORT_CONFORMAL_K2,2,True
2025-02-03,2,6161,エスティック,0.09557067602872849,True,1.0,0.4366812227074135,S07_RECENT_SUPPORT_CONFORMAL,S07_RECENT_SUPPORT_CONFORMAL_K2,2,True
2025-02-04,1,4272,日本化薬,0.09782426059246063,True,1.0,1.653764954257575,S07_RECENT_SUPPORT_CONFORMAL,S07_RECENT_SUPPORT_CONFORMAL_K2,2,True
2025-02-04,2,5851,リョービ,0.09300612658262253,True,0.0,-0.36529680365297024,S07_RECENT_SUPPORT_CONFORMAL,S07_RECENT_SUPPORT_CONFORMAL_K2,2,True
2025-02-05,1,2282,日本ハム,0.09262457489967346,True,1.0,0.6587914584279764,S07_RECENT_SUPPORT_CONFORMAL,S07_RECENT_SUPPORT_CONFORMAL_K2,2,True
2025-02-05,2,6193,バーチャレクス・ホールディングス,0.0868421345949173,True,0.0,-0.6024096385542133,S07_RECENT_SUPPORT_CONFORMAL,S07_RECENT_SUPPORT_CONFORMAL_K2,2,True
2025-02-06,1,7678,あさくま,0.09380660951137543,True,1.0,1.526717557251911,S07_RECENT_SUPPORT_CONFORMAL,S07_RECENT_SUPPORT_CONFORMAL_K2,2,True
2025-02-06,2,3238,セントラル総合開発,0.08377663046121597,True,1.0,0.8547008547008517,S07_RECENT_SUPPORT_CONFORMAL,S07_RECENT_SUPPORT_CONFORMAL_K2,2,True
2025-02-07,1,1803,清水建設,0.08999224007129669,True,1.0,0.8021390374331583,S07_RECENT_SUPPORT_CONFORMAL,S07_RECENT_SUPPORT_CONFORMAL_K2,2,True
2025-02-07,2,4635,東京インキ,0.0881391242146492,True,1.0,8.283132530120474,S07_RECENT_SUPPORT_CONFORMAL,S07_RECENT_SUPPORT_CONFORMAL_K2,2,True
2025-02-10,1,6161,エスティック,0.0978996753692627,True,1.0,1.661129568106312,S07_RECENT_SUPPORT_CONFORMAL,S07_RECENT_SUPPORT_CONFORMAL_K2,2,True
2025-02-10,2,3800,ユニリタ,0.09515893459320068,True,1.0,0.7556675062972307,S07_RECENT_SUPPORT_CONFORMAL,S07_RECENT_SUPPORT_CONFORMAL_K2,2,True
2025-02-12,1,3674,オークファン,0.11777269840240479,True,0.0,-0.2564102564102555,S07_RECENT_SUPPORT_CONFORMAL,S07_RECENT_SUPPORT_CONFORMAL_K2,2,True
2025-02-12,2,3800,ユニリタ,0.11674277484416962,True,1.0,0.05015045135405849,S07_RECENT_SUPPORT_CONFORMAL,S07_RECENT_SUPPORT_CONFORMAL_K2,2,True
2025-02-13,1,6312,フロイント産業,0.11736836284399033,True,1.0,0.8771929824561431,S07_RECENT_SUPPORT_CONFORMAL,S07_RECENT_SUPPORT_CONFORMAL_K2,2,True
2025-02-13,2,3800,ユニリタ,0.11489883065223694,True,0.0,0.0,S07_RECENT_SUPPORT_CONFORMAL,S07_RECENT_SUPPORT_CONFORMAL_K2,2,True
2025-02-14,1,3800,ユニリタ,0.12169740349054337,True,1.0,0.10040160642570406,S07_RECENT_SUPPORT_CONFORMAL,S07_RECENT_SUPPORT_CONFORMAL_K2,2,True
2025-02-14,2,3674,オークファン,0.11470435559749603,True,1.0,0.7894736842105177,S07_RECENT_SUPPORT_CONFORMAL,S07_RECENT_SUPPORT_CONFORMAL_K2,2,True
2025-02-17,1,3800,ユニリタ,0.10657308250665665,True,1.0,0.05025125628139726,S07_RECENT_SUPPORT_CONFORMAL,S07_RECENT_SUPPORT_CONFORMAL_K2,2,True
2025-02-17,2,7938,リーガルコーポレーション,0.10545103996992111,True,1.0,1.455721795390219,S07_RECENT_SUPPORT_CONFORMAL,S07_RECENT_SUPPORT_CONFORMAL_K2,2,True
2025-02-18,1,3238,セントラル総合開発,0.11127059906721115,True,1.0,1.0845986984815648,S07_RECENT_SUPPORT_CONFORMAL,S07_RECENT_SUPPORT_CONFORMAL_K2,2,True
2025-02-18,2,3800,ユニリタ,0.10789153724908829,True,0.0,0.0,S07_RECENT_SUPPORT_CONFORMAL,S07_RECENT_SUPPORT_CONFORMAL_K2,2,True
2025-02-19,1,6193,バーチャレクス・ホールディングス,0.1036471575498581,True,1.0,0.7547169811320753,S07_RECENT_SUPPORT_CONFORMAL,S07_RECENT_SUPPORT_CONFORMAL_K2,2,True
2025-02-19,2,7938,リーガルコーポレーション,0.10306277126073837,True,0.0,-0.1602564102564097,S07_RECENT_SUPPORT_CONFORMAL,S07_RECENT_SUPPORT_CONFORMAL_K2,2,True
2025-02-20,1,3800,ユニリタ,0.10621674358844757,True,1.0,0.1506024096385561,S07_RECENT_SUPPORT_CONFORMAL,S07_RECENT_SUPPORT_CONFORMAL_K2,2,True
2025-02-20,2,3238,セントラル総合開発,0.10243003815412521,True,0.0,-0.21505376344086446,S07_RECENT_SUPPORT_CONFORMAL,S07_RECENT_SUPPORT_CONFORMAL_K2,2,True
2025-02-21,1,3238,セントラル総合開発,0.09876267611980438,True,0.0,0.0,S07_RECENT_SUPPORT_CONFORMAL,S07_RECENT_SUPPORT_CONFORMAL_K2,2,True
2025-02-21,2,4444,インフォネット,0.09228018671274185,True,1.0,1.359703337453655,S07_RECENT_SUPPORT_CONFORMAL,S07_RECENT_SUPPORT_CONFORMAL_K2,2,True
2025-02-25,1,3359,ｃｏｔｔａ,0.09154219180345535,True,0.0,-3.7735849056603765,S07_RECENT_SUPPORT_CONFORMAL,S07_RECENT_SUPPORT_CONFORMAL_K2,2,True
2025-02-25,2,3238,セントラル総合開発,0.08927407115697861,True,1.0,0.21598272138227959,S07_RECENT_SUPPORT_CONFORMAL,S07_RECENT_SUPPORT_CONFORMAL_K2,2,True
2025-02-26,1,3359,ｃｏｔｔａ,0.09322690963745117,True,0.0,-4.793028322440085,S07_RECENT_SUPPORT_CONFORMAL,S07_RECENT_SUPPORT_CONFORMAL_K2,2,True
2025-02-26,2,4394,エクスモーション,0.08437858521938324,True,0.0,-1.6260162601625994,S07_RECENT_SUPPORT_CONFORMAL,S07_RECENT_SUPPORT_CONFORMAL_K2,2,True
2025-02-27,1,4394,エクスモーション,0.09127386659383774,True,1.0,0.11764705882353343,S07_RECENT_SUPPORT_CONFORMAL,S07_RECENT_SUPPORT_CONFORMAL_K2,2,True
2025-02-27,2,3988,ＳＹＳホールディングス,0.08231271803379059,True,1.0,0.561797752808979,S07_RECENT_SUPPORT_CONFORMAL,S07_RECENT_SUPPORT_CONFORMAL_K2,2,True
2025-02-28,1,6312,フロイント産業,0.09009619057178497,True,0.0,0.0,S07_RECENT_SUPPORT_CONFORMAL,S07_RECENT_SUPPORT_CONFORMAL_K2,2,True
2025-02-28,2,3800,ユニリタ,0.08490066230297089,True,1.0,0.45203415369161615,S07_RECENT_SUPPORT_CONFORMAL,S07_RECENT_SUPPORT_CONFORMAL_K2,2,True
2025-03-03,1,3490,アズ企画設計,0.1089453250169754,True,0.0,-0.4161464835622186,S07_RECENT_SUPPORT_CONFORMAL,S07_RECENT_SUPPORT_CONFORMAL_K2,2,True
2025-03-03,2,2300,きょくとう,0.10715849697589874,True,1.0,1.2195121951219523,S07_RECENT_SUPPORT_CONFORMAL,S07_RECENT_SUPPORT_CONFORMAL_K2,2,True
2025-03-04,1,2300,きょくとう,0.1051473394036293,True,0.0,-0.6024096385542133,S07_RECENT_SUPPORT_CONFORMAL,S07_RECENT_SUPPORT_CONFORMAL_K2,2,True
2025-03-04,2,3063,ジェイグループホールディングス,0.100848488509655,True,1.0,0.8771929824561431,S07_RECENT_SUPPORT_CONFORMAL,S07_RECENT_SUPPORT_CONFORMAL_K2,2,True
2025-03-05,1,6312,フロイント産業,0.10925121605396271,True,0.0,-0.2645502645502673,S07_RECENT_SUPPORT_CONFORMAL,S07_RECENT_SUPPORT_CONFORMAL_K2,2,True
2025-03-05,2,2300,きょくとう,0.10790262371301651,True,0.0,-1.0040160642570295,S07_RECENT_SUPPORT_CONFORMAL,S07_RECENT_SUPPORT_CONFORMAL_K2,2,True
2025-03-06,1,3063,ジェイグループホールディングス,0.11690207570791245,True,0.0,-0.5780346820809301,S07_RECENT_SUPPORT_CONFORMAL,S07_RECENT_SUPPORT_CONFORMAL_K2,2,True
2025-03-06,2,3800,ユニリタ,0.10502033680677414,True,0.0,-0.10000000000000009,S07_RECENT_SUPPORT_CONFORMAL,S07_RECENT_SUPPORT_CONFORMAL_K2,2,True
2025-03-07,1,3800,ユニリタ,0.10576619952917099,True,0.0,-0.05002501250624958,S07_RECENT_SUPPORT_CONFORMAL,S07_RECENT_SUPPORT_CONFORMAL_K2,2,True
2025-03-07,2,3674,オークファン,0.10388622432947159,True,0.0,-0.5333333333333301,S07_RECENT_SUPPORT_CONFORMAL,S07_RECENT_SUPPORT_CONFORMAL_K2,2,True
2025-03-10,1,9782,ディーエムエス,0.10317583382129669,True,1.0,0.15511892450879028,S07_RECENT_SUPPORT_CONFORMAL,S07_RECENT_SUPPORT_CONFORMAL_K2,2,True
2025-03-10,2,3800,ユニリタ,0.10218895971775055,True,1.0,0.05005005005005447,S07_RECENT_SUPPORT_CONFORMAL,S07_RECENT_SUPPORT_CONFORMAL_K2,2,True
2025-03-11,1,9312,ケイヒン,0.1094631627202034,True,0.0,-0.862440707201384,S07_RECENT_SUPPORT_CONFORMAL,S07_RECENT_SUPPORT_CONFORMAL_K2,2,True
2025-03-11,2,4174,アピリッツ,0.09633413702249527,True,1.0,5.25641025641026,S07_RECENT_SUPPORT_CONFORMAL,S07_RECENT_SUPPORT_CONFORMAL_K2,2,True
2025-03-12,1,2806,ユタカフーズ,0.09689803421497345,True,1.0,0.04391743522178526,S07_RECENT_SUPPORT_CONFORMAL,S07_RECENT_SUPPORT_CONFORMAL_K2,2,True
2025-03-12,2,3800,ユニリタ,0.09336134791374207,True,0.0,0.0,S07_RECENT_SUPPORT_CONFORMAL,S07_RECENT_SUPPORT_CONFORMAL_K2,2,True
2025-03-13,1,7266,今仙電機製作所,0.09066028147935867,True,1.0,0.654664484451728,S07_RECENT_SUPPORT_CONFORMAL,S07_RECENT_SUPPORT_CONFORMAL_K2,2,True
2025-03-13,2,3800,ユニリタ,0.09029167145490646,True,0.0,0.0,S07_RECENT_SUPPORT_CONFORMAL,S07_RECENT_SUPPORT_CONFORMAL_K2,2,True
2025-03-14,1,2332,クエスト,0.09043660014867783,True,1.0,0.0742390497401546,S07_RECENT_SUPPORT_CONFORMAL,S07_RECENT_SUPPORT_CONFORMAL_K2,2,True
2025-03-14,2,5136,ｔｒｉｐｌａ,0.08964765816926956,True,1.0,4.413542926239411,S07_RECENT_SUPPORT_CONFORMAL,S07_RECENT_SUPPORT_CONFORMAL_K2,2,True
2025-03-17,1,2332,クエスト,0.11716548353433609,True,1.0,0.6666666666666599,S07_RECENT_SUPPORT_CONFORMAL,S07_RECENT_SUPPORT_CONFORMAL_K2,2,True
2025-03-17,2,2806,ユタカフーズ,0.10082114487886429,True,0.0,-0.21834061135370675,S07_RECENT_SUPPORT_CONFORMAL,S07_RECENT_SUPPORT_CONFORMAL_K2,2,True
2025-03-18,1,9474,ゼンリン,0.11199013888835907,True,1.0,0.40160642570281624,S07_RECENT_SUPPORT_CONFORMAL,S07_RECENT_SUPPORT_CONFORMAL_K2,2,True
2025-03-18,2,6484,ＫＶＫ,0.09768788516521454,True,1.0,0.21074815595363283,S07_RECENT_SUPPORT_CONFORMAL,S07_RECENT_SUPPORT_CONFORMAL_K2,2,True
2025-03-19,1,2332,クエスト,0.1360103338956833,True,1.0,0.589101620029453,S07_RECENT_SUPPORT_CONFORMAL,S07_RECENT_SUPPORT_CONFORMAL_K2,2,True
2025-03-19,2,7646,ＰＬＡＮＴ,0.10942259430885315,True,0.0,-0.26385224274406704,S07_RECENT_SUPPORT_CONFORMAL,S07_RECENT_SUPPORT_CONFORMAL_K2,2,True
2025-03-21,1,2332,クエスト,0.11170940101146698,True,1.0,0.6583760058522348,S07_RECENT_SUPPORT_CONFORMAL,S07_RECENT_SUPPORT_CONFORMAL_K2,2,True
2025-03-21,2,7228,デイトナ,0.10550754517316818,True,1.0,0.13966480446927498,S07_RECENT_SUPPORT_CONFORMAL,S07_RECENT_SUPPORT_CONFORMAL_K2,2,True
2025-03-24,1,2332,クエスト,0.11016540229320526,True,1.0,0.21849963583393528,S07_RECENT_SUPPORT_CONFORMAL,S07_RECENT_SUPPORT_CONFORMAL_K2,2,True
2025-03-24,2,8139,ナガホリ,0.1082705482840538,True,1.0,1.925925925925931,S07_RECENT_SUPPORT_CONFORMAL,S07_RECENT_SUPPORT_CONFORMAL_K2,2,True
2025-03-25,1,2818,ピエトロ,0.10982652008533478,True,1.0,0.05564830272677401,S07_RECENT_SUPPORT_CONFORMAL,S07_RECENT_SUPPORT_CONFORMAL_K2,2,True
2025-03-25,2,2806,ユタカフーズ,0.10791705548763275,True,1.0,0.8463251670378646,S07_RECENT_SUPPORT_CONFORMAL,S07_RECENT_SUPPORT_CONFORMAL_K2,2,True
2025-03-26,1,2179,成学社,0.10901340842247009,True,0.0,0.0,S07_RECENT_SUPPORT_CONFORMAL,S07_RECENT_SUPPORT_CONFORMAL_K2,2,True
2025-03-26,2,2818,ピエトロ,0.10660764575004578,True,0.0,-0.16685205784204848,S07_RECENT_SUPPORT_CONFORMAL,S07_RECENT_SUPPORT_CONFORMAL_K2,2,True
2025-03-27,1,2818,ピエトロ,0.10308176279067993,True,0.0,-0.5000000000000004,S07_RECENT_SUPPORT_CONFORMAL,S07_RECENT_SUPPORT_CONFORMAL_K2,2,True
2025-03-27,2,9913,日邦産業,0.10236728191375732,True,0.0,-0.2159827213822907,S07_RECENT_SUPPORT_CONFORMAL,S07_RECENT_SUPPORT_CONFORMAL_K2,2,True
2025-03-28,1,2332,クエスト,0.11744562536478043,True,1.0,0.6024096385542244,S07_RECENT_SUPPORT_CONFORMAL,S07_RECENT_SUPPORT_CONFORMAL_K2,2,True
2025-03-28,2,2806,ユタカフーズ,0.10957992821931839,True,1.0,1.658449125952477,S07_RECENT_SUPPORT_CONFORMAL,S07_RECENT_SUPPORT_CONFORMAL_K2,2,True
2025-03-31,1,4623,アサヒペン,0.10624472051858902,True,0.0,-1.6155988857938675,S07_RECENT_SUPPORT_CONFORMAL,S07_RECENT_SUPPORT_CONFORMAL_K2,2,True
2025-03-31,2,7875,竹⽥ｉＰホールディングス,0.09654217958450317,True,1.0,0.10683760683760646,S07_RECENT_SUPPORT_CONFORMAL,S07_RECENT_SUPPORT_CONFORMAL_K2,2,True
2025-04-01,1,3434,アルファＣｏ,0.11579068005084991,True,0.0,-1.4388489208633115,S07_RECENT_SUPPORT_CONFORMAL,S07_RECENT_SUPPORT_CONFORMAL_K2,2,True
2025-04-01,2,2179,成学社,0.11357692629098892,True,0.0,-0.5167958656330796,S07_RECENT_SUPPORT_CONFORMAL,S07_RECENT_SUPPORT_CONFORMAL_K2,2,True
2025-04-02,1,3096,オーシャンシステム,0.1042160913348198,True,1.0,0.8658008658008587,S07_RECENT_SUPPORT_CONFORMAL,S07_RECENT_SUPPORT_CONFORMAL_K2,2,True
2025-04-02,2,2179,成学社,0.10181422531604767,True,0.0,-0.5194805194805197,S07_RECENT_SUPPORT_CONFORMAL,S07_RECENT_SUPPORT_CONFORMAL_K2,2,True
2025-04-03,1,2179,成学社,0.09386249631643295,True,0.0,-1.9582245430809442,S07_RECENT_SUPPORT_CONFORMAL,S07_RECENT_SUPPORT_CONFORMAL_K2,2,True
2025-04-03,2,3157,ジオリーブグループ,0.08857011795043945,True,0.0,-0.8571428571428563,S07_RECENT_SUPPORT_CONFORMAL,S07_RECENT_SUPPORT_CONFORMAL_K2,2,True
2025-04-04,1,8025,ツカモトコーポレーション,0.08871562033891678,True,1.0,2.8622540250447193,S07_RECENT_SUPPORT_CONFORMAL,S07_RECENT_SUPPORT_CONFORMAL_K2,2,True
2025-04-04,2,7927,ムトー精⼯,0.085077665746212,True,0.0,-3.48918353105373,S07_RECENT_SUPPORT_CONFORMAL,S07_RECENT_SUPPORT_CONFORMAL_K2,2,True
2025-04-07,1,4199,ワンダープラネット,0.09589352458715439,True,1.0,1.490066225165565,S07_RECENT_SUPPORT_CONFORMAL,S07_RECENT_SUPPORT_CONFORMAL_K2,2,True
2025-04-07,2,2332,クエスト,0.0906701311469078,True,1.0,4.722979109900094,S07_RECENT_SUPPORT_CONFORMAL,S07_RECENT_SUPPORT_CONFORMAL_K2,2,True
2025-04-08,1,8260,井筒屋,0.05639969930052757,True,1.0,1.308900523560208,S07_RECENT_SUPPORT_CONFORMAL,S07_RECENT_SUPPORT_CONFORMAL_K2,2,True
2025-04-08,2,4356,応用技術,0.048912134021520615,True,1.0,2.1505376344086002,S07_RECENT_SUPPORT_CONFORMAL,S07_RECENT_SUPPORT_CONFORMAL_K2,2,True
2025-04-09,1,5857,ＡＲＥホールディングス,0.07857989519834518,True,0.0,-0.4733727810650845,S07_RECENT_SUPPORT_CONFORMAL,S07_RECENT_SUPPORT_CONFORMAL_K2,2,True
2025-04-09,2,4394,エクスモーション,0.07769045233726501,True,1.0,1.540616246498594,S07_RECENT_SUPPORT_CONFORMAL,S07_RECENT_SUPPORT_CONFORMAL_K2,2,True
2025-04-10,1,1605,ＩＮＰＥＸ,0.08232476562261581,True,0.0,-2.5815217391304324,S07_RECENT_SUPPORT_CONFORMAL,S07_RECENT_SUPPORT_CONFORMAL_K2,2,True
2025-04-10,2,3105,日清紡ホールディングス,0.08220965415239334,True,0.0,-1.0587102983638186,S07_RECENT_SUPPORT_CONFORMAL,S07_RECENT_SUPPORT_CONFORMAL_K2,2,True
2025-04-11,1,9145,ビーイングホールディングス,0.09025634825229645,True,1.0,1.914893617021285,S07_RECENT_SUPPORT_CONFORMAL,S07_RECENT_SUPPORT_CONFORMAL_K2,2,True
2025-04-11,2,6186,一蔵,0.08870065212249756,True,1.0,0.5586592178770999,S07_RECENT_SUPPORT_CONFORMAL,S07_RECENT_SUPPORT_CONFORMAL_K2,2,True
2025-04-14,1,6186,一蔵,0.10288182646036148,True,0.0,-0.27173913043477826,S07_RECENT_SUPPORT_CONFORMAL,S07_RECENT_SUPPORT_CONFORMAL_K2,2,True
2025-04-14,2,9987,スズケン,0.10240575671195984,True,1.0,1.964927107542791,S07_RECENT_SUPPORT_CONFORMAL,S07_RECENT_SUPPORT_CONFORMAL_K2,2,True
2025-04-15,1,2001,ニップン,0.12120919674634933,True,0.0,-0.5342831700801409,S07_RECENT_SUPPORT_CONFORMAL,S07_RECENT_SUPPORT_CONFORMAL_K2,2,True
2025-04-15,2,2594,キーコーヒー,0.11831045150756836,True,0.0,-0.288878189696673,S07_RECENT_SUPPORT_CONFORMAL,S07_RECENT_SUPPORT_CONFORMAL_K2,2,True
2025-04-16,1,4317,レイ,0.11276322603225708,True,1.0,1.2499999999999956,S07_RECENT_SUPPORT_CONFORMAL,S07_RECENT_SUPPORT_CONFORMAL_K2,2,True
2025-04-16,2,5869,早稲⽥学習研究会,0.11256244033575058,True,0.0,-0.19743336623889718,S07_RECENT_SUPPORT_CONFORMAL,S07_RECENT_SUPPORT_CONFORMAL_K2,2,True
2025-04-17,1,5869,早稲⽥学習研究会,0.11692214012145996,True,1.0,0.7920792079207928,S07_RECENT_SUPPORT_CONFORMAL,S07_RECENT_SUPPORT_CONFORMAL_K2,2,True
2025-04-17,2,2594,キーコーヒー,0.10920201241970062,True,1.0,0.7677543186180413,S07_RECENT_SUPPORT_CONFORMAL,S07_RECENT_SUPPORT_CONFORMAL_K2,2,True
2025-04-18,1,7988,ニフコ,0.11489792168140411,True,1.0,1.0153756890049381,S07_RECENT_SUPPORT_CONFORMAL,S07_RECENT_SUPPORT_CONFORMAL_K2,2,True
2025-04-18,2,9956,バローホールディングス,0.10421206802129745,True,1.0,0.4489795918367401,S07_RECENT_SUPPORT_CONFORMAL,S07_RECENT_SUPPORT_CONFORMAL_K2,2,True
2025-04-21,1,2594,キーコーヒー,0.10246048122644424,True,1.0,0.7146260123868542,S07_RECENT_SUPPORT_CONFORMAL,S07_RECENT_SUPPORT_CONFORMAL_K2,2,True
2025-04-21,2,5869,早稲⽥学習研究会,0.10057885944843292,True,1.0,0.19646365422396617,S07_RECENT_SUPPORT_CONFORMAL,S07_RECENT_SUPPORT_CONFORMAL_K2,2,True
2025-04-22,1,9434,ソフトバンク,0.10403779149055481,True,1.0,0.9385265133740051,S07_RECENT_SUPPORT_CONFORMAL,S07_RECENT_SUPPORT_CONFORMAL_K2,2,True
2025-04-22,2,2332,クエスト,0.09988614171743393,True,0.0,-0.31496062992125706,S07_RECENT_SUPPORT_CONFORMAL,S07_RECENT_SUPPORT_CONFORMAL_K2,2,True
2025-04-23,1,9434,ソフトバンク,0.10999602824449539,True,0.0,-0.13831258644537714,S07_RECENT_SUPPORT_CONFORMAL,S07_RECENT_SUPPORT_CONFORMAL_K2,2,True
2025-04-23,2,5869,早稲⽥学習研究会,0.09768271446228027,True,1.0,0.48828125,S07_RECENT_SUPPORT_CONFORMAL,S07_RECENT_SUPPORT_CONFORMAL_K2,2,True
2025-04-24,1,9434,ソフトバンク,0.1296127736568451,True,0.0,-1.4358499305233918,S07_RECENT_SUPPORT_CONFORMAL,S07_RECENT_SUPPORT_CONFORMAL_K2,2,True
2025-04-24,2,8699,ＨＳホールディングス,0.11048310250043869,True,1.0,0.746268656716409,S07_RECENT_SUPPORT_CONFORMAL,S07_RECENT_SUPPORT_CONFORMAL_K2,2,True
2025-04-25,1,9434,ソフトバンク,0.1268244981765747,True,0.0,-0.04699248120302313,S07_RECENT_SUPPORT_CONFORMAL,S07_RECENT_SUPPORT_CONFORMAL_K2,2,True
2025-04-25,2,5869,早稲⽥学習研究会,0.11908615380525589,True,0.0,-0.78125,S07_RECENT_SUPPORT_CONFORMAL,S07_RECENT_SUPPORT_CONFORMAL_K2,2,True
2025-04-28,1,9434,ソフトバンク,0.10425203293561935,True,1.0,1.3084112149532867,S07_RECENT_SUPPORT_CONFORMAL,S07_RECENT_SUPPORT_CONFORMAL_K2,2,True
2025-04-28,2,4886,あすか製薬ホールディングス,0.09847763925790787,True,0.0,-0.5579399141630859,S07_RECENT_SUPPORT_CONFORMAL,S07_RECENT_SUPPORT_CONFORMAL_K2,2,True
2025-04-30,1,4175,ｃｏｌｙ,0.10298161208629608,True,1.0,2.8552456839309404,S07_RECENT_SUPPORT_CONFORMAL,S07_RECENT_SUPPORT_CONFORMAL_K2,2,True
2025-04-30,2,8566,リコーリース,0.10253594815731049,True,0.0,-0.18214936247723523,S07_RECENT_SUPPORT_CONFORMAL,S07_RECENT_SUPPORT_CONFORMAL_K2,2,True
2025-05-01,1,5076,インフロニア・ホールディングス,0.10642948746681213,True,1.0,0.32867707477404196,S07_RECENT_SUPPORT_CONFORMAL,S07_RECENT_SUPPORT_CONFORMAL_K2,2,True
2025-05-01,2,2282,日本ハム,0.1058482974767685,True,1.0,0.5931417979610831,S07_RECENT_SUPPORT_CONFORMAL,S07_RECENT_SUPPORT_CONFORMAL_K2,2,True
2025-05-02,1,2282,日本ハム,0.10789792984724045,True,1.0,1.1668827560659345,S07_RECENT_SUPPORT_CONFORMAL,S07_RECENT_SUPPORT_CONFORMAL_K2,2,True
2025-05-02,2,4394,エクスモーション,0.107819564640522,True,1.0,1.7857142857142794,S07_RECENT_SUPPORT_CONFORMAL,S07_RECENT_SUPPORT_CONFORMAL_K2,2,True
2025-05-07,1,8566,リコーリース,0.11516392976045609,True,0.0,-0.9505703422053258,S07_RECENT_SUPPORT_CONFORMAL,S07_RECENT_SUPPORT_CONFORMAL_K2,2,True
2025-05-07,2,5945,天龍製鋸,0.10349772125482559,True,0.0,0.0,S07_RECENT_SUPPORT_CONFORMAL,S07_RECENT_SUPPORT_CONFORMAL_K2,2,True
2025-05-08,1,2908,フジッコ,0.11239093542098999,True,1.0,0.6815365551424923,S07_RECENT_SUPPORT_CONFORMAL,S07_RECENT_SUPPORT_CONFORMAL_K2,2,True
2025-05-08,2,4394,エクスモーション,0.10628888756036758,True,1.0,2.7380952380952284,S07_RECENT_SUPPORT_CONFORMAL,S07_RECENT_SUPPORT_CONFORMAL_K2,2,True
2025-05-09,1,9048,名古屋鉄道,0.10973194241523743,True,0.0,-0.691842029403289,S07_RECENT_SUPPORT_CONFORMAL,S07_RECENT_SUPPORT_CONFORMAL_K2,2,True
2025-05-09,2,2579,コカ・コーラ ボトラーズジャパンホールディングス,0.10819891840219498,True,0.0,-0.05976095617530319,S07_RECENT_SUPPORT_CONFORMAL,S07_RECENT_SUPPORT_CONFORMAL_K2,2,True
2025-05-12,1,8699,ＨＳホールディングス,0.11228768527507782,True,1.0,0.5268703898840821,S07_RECENT_SUPPORT_CONFORMAL,S07_RECENT_SUPPORT_CONFORMAL_K2,2,True
2025-05-12,2,3969,エイトレッド,0.10901372879743576,True,0.0,0.0,S07_RECENT_SUPPORT_CONFORMAL,S07_RECENT_SUPPORT_CONFORMAL_K2,2,True
2025-05-13,1,2282,日本ハム,0.12567314505577087,True,0.0,-0.43330821401658115,S07_RECENT_SUPPORT_CONFORMAL,S07_RECENT_SUPPORT_CONFORMAL_K2,2,True
2025-05-13,2,3160,大光,0.11923734098672867,True,0.0,-0.3401360544217691,S07_RECENT_SUPPORT_CONFORMAL,S07_RECENT_SUPPORT_CONFORMAL_K2,2,True
2025-05-14,1,1898,世紀東急⼯業,0.12641508877277374,True,0.0,-1.261387526278912,S07_RECENT_SUPPORT_CONFORMAL,S07_RECENT_SUPPORT_CONFORMAL_K2,2,True
2025-05-14,2,3353,メディカル一光グループ,0.1156674325466156,True,0.0,-2.2746419545071617,S07_RECENT_SUPPORT_CONFORMAL,S07_RECENT_SUPPORT_CONFORMAL_K2,2,True
2025-05-15,1,3353,メディカル一光グループ,0.11939515918493271,True,1.0,0.2565198802907176,S07_RECENT_SUPPORT_CONFORMAL,S07_RECENT_SUPPORT_CONFORMAL_K2,2,True
2025-05-15,2,9416,ビジョン,0.10964738577604294,True,0.0,-2.948021722265326,S07_RECENT_SUPPORT_CONFORMAL,S07_RECENT_SUPPORT_CONFORMAL_K2,2,True
2025-05-16,1,9416,ビジョン,0.11395631730556488,True,0.0,0.0,S07_RECENT_SUPPORT_CONFORMAL,S07_RECENT_SUPPORT_CONFORMAL_K2,2,True
2025-05-16,2,3397,トリドールホールディングス,0.11285797506570816,True,1.0,0.4312410158121782,S07_RECENT_SUPPORT_CONFORMAL,S07_RECENT_SUPPORT_CONFORMAL_K2,2,True
2025-05-19,1,9142,九州旅客鉄道,0.10459600389003754,True,1.0,1.0188087774294585,S07_RECENT_SUPPORT_CONFORMAL,S07_RECENT_SUPPORT_CONFORMAL_K2,2,True
2025-05-19,2,6670,ＭＣＪ,0.10264138877391815,True,1.0,0.46047582501917983,S07_RECENT_SUPPORT_CONFORMAL,S07_RECENT_SUPPORT_CONFORMAL_K2,2,True
2025-05-20,1,9416,ビジョン,0.11207987368106842,True,0.0,-0.08643042350907626,S07_RECENT_SUPPORT_CONFORMAL,S07_RECENT_SUPPORT_CONFORMAL_K2,2,True
2025-05-20,2,6670,ＭＣＪ,0.10597985982894897,True,1.0,0.6854531607006775,S07_RECENT_SUPPORT_CONFORMAL,S07_RECENT_SUPPORT_CONFORMAL_K2,2,True
2025-05-21,1,6346,キクカワエンタープライズ,0.10589868575334549,True,1.0,0.8944543828264706,S07_RECENT_SUPPORT_CONFORMAL,S07_RECENT_SUPPORT_CONFORMAL_K2,2,True
2025-05-21,2,6670,ＭＣＪ,0.10493473708629608,True,0.0,-1.5128593040847238,S07_RECENT_SUPPORT_CONFORMAL,S07_RECENT_SUPPORT_CONFORMAL_K2,2,True
2025-05-22,1,6670,ＭＣＪ,0.10798633843660355,True,0.0,-0.5426356589147252,S07_RECENT_SUPPORT_CONFORMAL,S07_RECENT_SUPPORT_CONFORMAL_K2,2,True
2025-05-22,2,9625,セレスポ,0.09570341557264328,True,1.0,2.3692003948667217,S07_RECENT_SUPPORT_CONFORMAL,S07_RECENT_SUPPORT_CONFORMAL_K2,2,True
2025-05-23,1,9142,九州旅客鉄道,0.09212545305490494,True,0.0,-0.18087855297157507,S07_RECENT_SUPPORT_CONFORMAL,S07_RECENT_SUPPORT_CONFORMAL_K2,2,True
2025-05-23,2,1890,東洋建設,0.09005582332611084,True,1.0,1.0309278350515427,S07_RECENT_SUPPORT_CONFORMAL,S07_RECENT_SUPPORT_CONFORMAL_K2,2,True
2025-05-26,1,4437,ｇｏｏｄｄａｙｓホールディングス,0.10529349744319916,True,1.0,0.2989536621823552,S07_RECENT_SUPPORT_CONFORMAL,S07_RECENT_SUPPORT_CONFORMAL_K2,2,True
2025-05-26,2,2884,ヨシムラ・フード・ホールディングス,0.08560674637556076,True,1.0,1.2931034482758674,S07_RECENT_SUPPORT_CONFORMAL,S07_RECENT_SUPPORT_CONFORMAL_K2,2,True
2025-05-27,1,5945,天龍製鋸,0.11169694364070892,True,1.0,0.10804970286331095,S07_RECENT_SUPPORT_CONFORMAL,S07_RECENT_SUPPORT_CONFORMAL_K2,2,True
2025-05-27,2,9913,日邦産業,0.10520883649587631,True,0.0,-0.8620689655172376,S07_RECENT_SUPPORT_CONFORMAL,S07_RECENT_SUPPORT_CONFORMAL_K2,2,True
2025-05-28,1,9142,九州旅客鉄道,0.09773305058479309,True,1.0,0.332310838445804,S07_RECENT_SUPPORT_CONFORMAL,S07_RECENT_SUPPORT_CONFORMAL_K2,2,True
2025-05-28,2,9163,ナレルグループ,0.0964265838265419,True,0.0,-0.8982035928143728,S07_RECENT_SUPPORT_CONFORMAL,S07_RECENT_SUPPORT_CONFORMAL_K2,2,True
2025-05-29,1,3991,ウォンテッドリー,0.0963224247097969,True,1.0,1.1354420113544261,S07_RECENT_SUPPORT_CONFORMAL,S07_RECENT_SUPPORT_CONFORMAL_K2,2,True
2025-05-29,2,9163,ナレルグループ,0.09557882696390152,True,1.0,0.17331022530329143,S07_RECENT_SUPPORT_CONFORMAL,S07_RECENT_SUPPORT_CONFORMAL_K2,2,True
2025-05-30,1,5945,天龍製鋸,0.12981337308883667,True,1.0,0.2702702702702675,S07_RECENT_SUPPORT_CONFORMAL,S07_RECENT_SUPPORT_CONFORMAL_K2,2,True
2025-05-30,2,9265,ヤマシタヘルスケアホールディングス,0.11158163845539093,True,1.0,0.34749034749035346,S07_RECENT_SUPPORT_CONFORMAL,S07_RECENT_SUPPORT_CONFORMAL_K2,2,True
2025-06-02,1,5945,天龍製鋸,0.11691570281982422,True,0.0,-0.48179871520342976,S07_RECENT_SUPPORT_CONFORMAL,S07_RECENT_SUPPORT_CONFORMAL_K2,2,True
2025-06-02,2,9265,ヤマシタヘルスケアホールディングス,0.10203085839748383,True,1.0,1.1769321302471658,S07_RECENT_SUPPORT_CONFORMAL,S07_RECENT_SUPPORT_CONFORMAL_K2,2,True
2025-06-03,1,6570,共和コーポレーション,0.10144715011119843,True,1.0,0.7172131147541005,S07_RECENT_SUPPORT_CONFORMAL,S07_RECENT_SUPPORT_CONFORMAL_K2,2,True
2025-06-03,2,5946,⻑府製作所,0.09901755303144455,True,1.0,0.05464480874317612,S07_RECENT_SUPPORT_CONFORMAL,S07_RECENT_SUPPORT_CONFORMAL_K2,2,True
2025-06-04,1,9265,ヤマシタヘルスケアホールディングス,0.0983193963766098,True,0.0,-0.11787819253438192,S07_RECENT_SUPPORT_CONFORMAL,S07_RECENT_SUPPORT_CONFORMAL_K2,2,True
2025-06-04,2,6058,ベクトル,0.09480571001768112,True,1.0,0.1098901098901095,S07_RECENT_SUPPORT_CONFORMAL,S07_RECENT_SUPPORT_CONFORMAL_K2,2,True
2025-06-05,1,9142,九州旅客鉄道,0.10523563623428345,True,1.0,0.42350449973531656,S07_RECENT_SUPPORT_CONFORMAL,S07_RECENT_SUPPORT_CONFORMAL_K2,2,True
2025-06-05,2,5945,天龍製鋸,0.10035417228937149,True,1.0,3.2608695652173836,S07_RECENT_SUPPORT_CONFORMAL,S07_RECENT_SUPPORT_CONFORMAL_K2,2,True
2025-06-06,1,3097,物語コーポレーション,0.09793484956026077,True,1.0,2.7259684361549574,S07_RECENT_SUPPORT_CONFORMAL,S07_RECENT_SUPPORT_CONFORMAL_K2,2,True
2025-06-06,2,9142,九州旅客鉄道,0.0961773544549942,True,1.0,0.02632964718272124,S07_RECENT_SUPPORT_CONFORMAL,S07_RECENT_SUPPORT_CONFORMAL_K2,2,True
2025-06-09,1,9142,九州旅客鉄道,0.09364809095859528,True,0.0,-1.2057667103538616,S07_RECENT_SUPPORT_CONFORMAL,S07_RECENT_SUPPORT_CONFORMAL_K2,2,True
2025-06-09,2,6063,日本エマージェンシーアシスタンス,0.09254389256238937,True,0.0,-0.38131553860819567,S07_RECENT_SUPPORT_CONFORMAL,S07_RECENT_SUPPORT_CONFORMAL_K2,2,True
2025-06-10,1,9142,九州旅客鉄道,0.09278213977813721,True,0.0,-0.42440318302386926,S07_RECENT_SUPPORT_CONFORMAL,S07_RECENT_SUPPORT_CONFORMAL_K2,2,True
2025-06-10,2,1882,東亜道路⼯業,0.09132128208875656,True,0.0,-0.2666666666666706,S07_RECENT_SUPPORT_CONFORMAL,S07_RECENT_SUPPORT_CONFORMAL_K2,2,True
2025-06-11,1,175A,Ｗｉｌｌ Ｓｍａｒｔ,0.09783383458852768,True,1.0,2.1437578814627933,S07_RECENT_SUPPORT_CONFORMAL,S07_RECENT_SUPPORT_CONFORMAL_K2,2,True
2025-06-11,2,6570,共和コーポレーション,0.096247099339962,True,1.0,0.5117707267144223,S07_RECENT_SUPPORT_CONFORMAL,S07_RECENT_SUPPORT_CONFORMAL_K2,2,True
2025-06-12,1,6158,和井⽥製作所,0.10020768642425537,True,0.0,-0.3386004514672636,S07_RECENT_SUPPORT_CONFORMAL,S07_RECENT_SUPPORT_CONFORMAL_K2,2,True
2025-06-12,2,4231,タイガースポリマー,0.09682296216487885,True,0.0,-0.248447204968949,S07_RECENT_SUPPORT_CONFORMAL,S07_RECENT_SUPPORT_CONFORMAL_K2,2,True
2025-06-13,1,4437,ｇｏｏｄｄａｙｓホールディングス,0.09838232398033142,True,1.0,0.7473841554558991,S07_RECENT_SUPPORT_CONFORMAL,S07_RECENT_SUPPORT_CONFORMAL_K2,2,True
2025-06-13,2,8699,ＨＳホールディングス,0.09604500979185104,True,1.0,0.6250000000000089,S07_RECENT_SUPPORT_CONFORMAL,S07_RECENT_SUPPORT_CONFORMAL_K2,2,True
2025-06-16,1,7255,桜井製作所,0.0967240035533905,True,1.0,0.17574692442883233,S07_RECENT_SUPPORT_CONFORMAL,S07_RECENT_SUPPORT_CONFORMAL_K2,2,True
2025-06-16,2,5945,天龍製鋸,0.09382776916027069,True,1.0,0.1581444385872377,S07_RECENT_SUPPORT_CONFORMAL,S07_RECENT_SUPPORT_CONFORMAL_K2,2,True
2025-06-17,1,7255,桜井製作所,0.11936652660369873,True,1.0,1.7513134851138368,S07_RECENT_SUPPORT_CONFORMAL,S07_RECENT_SUPPORT_CONFORMAL_K2,2,True
2025-06-17,2,9361,伏木海陸運送,0.1073993444442749,True,1.0,1.705237515225333,S07_RECENT_SUPPORT_CONFORMAL,S07_RECENT_SUPPORT_CONFORMAL_K2,2,True
2025-06-18,1,7255,桜井製作所,0.10762407630681992,True,1.0,0.17241379310344307,S07_RECENT_SUPPORT_CONFORMAL,S07_RECENT_SUPPORT_CONFORMAL_K2,2,True
2025-06-18,2,3843,フリービット,0.09859216213226318,True,1.0,0.3506311360448766,S07_RECENT_SUPPORT_CONFORMAL,S07_RECENT_SUPPORT_CONFORMAL_K2,2,True
2025-06-19,1,6648,かわでん,0.10746078938245773,True,1.0,0.5701254275940704,S07_RECENT_SUPPORT_CONFORMAL,S07_RECENT_SUPPORT_CONFORMAL_K2,2,True
2025-06-19,2,7255,桜井製作所,0.10161639004945755,True,1.0,1.7391304347825987,S07_RECENT_SUPPORT_CONFORMAL,S07_RECENT_SUPPORT_CONFORMAL_K2,2,True
2025-06-20,1,3843,フリービット,0.10096728056669235,True,0.0,-1.480959097320167,S07_RECENT_SUPPORT_CONFORMAL,S07_RECENT_SUPPORT_CONFORMAL_K2,2,True
2025-06-20,2,6648,かわでん,0.0918983668088913,True,0.0,-0.34285714285714475,S07_RECENT_SUPPORT_CONFORMAL,S07_RECENT_SUPPORT_CONFORMAL_K2,2,True
2025-06-23,1,6648,かわでん,0.10886794328689575,True,1.0,0.11428571428571122,S07_RECENT_SUPPORT_CONFORMAL,S07_RECENT_SUPPORT_CONFORMAL_K2,2,True
2025-06-23,2,8198,マックスバリュ東海,0.10414271801710129,True,1.0,1.8750000000000044,S07_RECENT_SUPPORT_CONFORMAL,S07_RECENT_SUPPORT_CONFORMAL_K2,2,True
2025-06-24,1,2327,日鉄ソリューションズ,0.10152567923069,True,0.0,-0.42918454935622075,S07_RECENT_SUPPORT_CONFORMAL,S07_RECENT_SUPPORT_CONFORMAL_K2,2,True
2025-06-24,2,2408,ＫＧ情報,0.09714837372303009,True,0.0,-0.6420545746388395,S07_RECENT_SUPPORT_CONFORMAL,S07_RECENT_SUPPORT_CONFORMAL_K2,2,True
2025-06-25,1,9869,加藤産業,0.10425072908401489,True,1.0,1.1152416356877248,S07_RECENT_SUPPORT_CONFORMAL,S07_RECENT_SUPPORT_CONFORMAL_K2,2,True
2025-06-25,2,6201,豊⽥自動織機,0.10338924825191498,True,1.0,0.06134969325153339,S07_RECENT_SUPPORT_CONFORMAL,S07_RECENT_SUPPORT_CONFORMAL_K2,2,True
2025-06-26,1,9364,上組,0.09586901217699051,True,1.0,0.28032619775739676,S07_RECENT_SUPPORT_CONFORMAL,S07_RECENT_SUPPORT_CONFORMAL_K2,2,True
2025-06-26,2,6201,豊⽥自動織機,0.09265803545713425,True,0.0,-0.06131207847945852,S07_RECENT_SUPPORT_CONFORMAL,S07_RECENT_SUPPORT_CONFORMAL_K2,2,True
2025-06-27,1,6648,かわでん,0.09884826838970184,True,0.0,-1.851851851851849,S07_RECENT_SUPPORT_CONFORMAL,S07_RECENT_SUPPORT_CONFORMAL_K2,2,True
2025-06-27,2,9364,上組,0.09592057019472122,True,1.0,0.07610350076103778,S07_RECENT_SUPPORT_CONFORMAL,S07_RECENT_SUPPORT_CONFORMAL_K2,2,True
2025-06-30,1,9364,上組,0.10075103491544724,True,1.0,0.7036943955767816,S07_RECENT_SUPPORT_CONFORMAL,S07_RECENT_SUPPORT_CONFORMAL_K2,2,True
2025-06-30,2,4391,ロジザード,0.09884698688983917,True,1.0,0.5691056910569037,S07_RECENT_SUPPORT_CONFORMAL,S07_RECENT_SUPPORT_CONFORMAL_K2,2,True
2025-07-01,1,9361,伏木海陸運送,0.10689113289117813,True,0.0,-0.3056234718826434,S07_RECENT_SUPPORT_CONFORMAL,S07_RECENT_SUPPORT_CONFORMAL_K2,2,True
2025-07-01,2,6201,豊⽥自動織機,0.10116125643253326,True,0.0,-0.030674846625766694,S07_RECENT_SUPPORT_CONFORMAL,S07_RECENT_SUPPORT_CONFORMAL_K2,2,True
2025-07-02,1,9361,伏木海陸運送,0.09895016252994537,True,0.0,-0.5518087063151489,S07_RECENT_SUPPORT_CONFORMAL,S07_RECENT_SUPPORT_CONFORMAL_K2,2,True
2025-07-02,2,4391,ロジザード,0.09288706630468369,True,0.0,-0.9685230024213065,S07_RECENT_SUPPORT_CONFORMAL,S07_RECENT_SUPPORT_CONFORMAL_K2,2,True
2025-07-03,1,4391,ロジザード,0.09254352003335953,True,0.0,0.0,S07_RECENT_SUPPORT_CONFORMAL,S07_RECENT_SUPPORT_CONFORMAL_K2,2,True
2025-07-03,2,9361,伏木海陸運送,0.08800794184207916,True,1.0,0.5586592178770999,S07_RECENT_SUPPORT_CONFORMAL,S07_RECENT_SUPPORT_CONFORMAL_K2,2,True
2025-07-04,1,4391,ロジザード,0.08715712279081345,True,0.0,-1.56378600823045,S07_RECENT_SUPPORT_CONFORMAL,S07_RECENT_SUPPORT_CONFORMAL_K2,2,True
2025-07-04,2,6156,エーワン精密,0.07888086885213852,True,0.0,0.0,S07_RECENT_SUPPORT_CONFORMAL,S07_RECENT_SUPPORT_CONFORMAL_K2,2,True
2025-07-07,1,4391,ロジザード,0.08359913527965546,True,0.0,-0.8382229673092989,S07_RECENT_SUPPORT_CONFORMAL,S07_RECENT_SUPPORT_CONFORMAL_K2,2,True
2025-07-07,2,9625,セレスポ,0.08240184187889099,True,1.0,0.09233610341643494,S07_RECENT_SUPPORT_CONFORMAL,S07_RECENT_SUPPORT_CONFORMAL_K2,2,True
2025-07-08,1,2798,ワイズテーブルコーポレーション,0.09509487450122833,True,0.0,-0.03370407819346388,S07_RECENT_SUPPORT_CONFORMAL,S07_RECENT_SUPPORT_CONFORMAL_K2,2,True
2025-07-08,2,7679,薬王堂ホールディングス,0.09021659940481186,True,1.0,2.25390984360625,S07_RECENT_SUPPORT_CONFORMAL,S07_RECENT_SUPPORT_CONFORMAL_K2,2,True
2025-07-09,1,9364,上組,0.10102835297584534,True,1.0,1.3131813676907855,S07_RECENT_SUPPORT_CONFORMAL,S07_RECENT_SUPPORT_CONFORMAL_K2,2,True
2025-07-09,2,2798,ワイズテーブルコーポレーション,0.09891436249017715,True,0.0,-0.37086985839513975,S07_RECENT_SUPPORT_CONFORMAL,S07_RECENT_SUPPORT_CONFORMAL_K2,2,True
2025-07-10,1,7043,アルー,0.11873458325862885,True,1.0,0.3896103896103842,S07_RECENT_SUPPORT_CONFORMAL,S07_RECENT_SUPPORT_CONFORMAL_K2,2,True
2025-07-10,2,9259,タカヨシホールディングス,0.10153817385435104,True,,,S07_RECENT_SUPPORT_CONFORMAL,S07_RECENT_SUPPORT_CONFORMAL_K2,2,False
2025-07-11,1,7043,アルー,0.10909140110015869,True,1.0,0.6518904823989535,S07_RECENT_SUPPORT_CONFORMAL,S07_RECENT_SUPPORT_CONFORMAL_K2,2,True
2025-07-11,2,9428,クロップス,0.09160875529050827,True,0.0,-0.08620689655172153,S07_RECENT_SUPPORT_CONFORMAL,S07_RECENT_SUPPORT_CONFORMAL_K2,2,True
2025-07-14,1,7043,アルー,0.11798862367868423,True,0.0,-0.13003901170350884,S07_RECENT_SUPPORT_CONFORMAL,S07_RECENT_SUPPORT_CONFORMAL_K2,2,True
2025-07-14,2,2798,ワイズテーブルコーポレーション,0.10364734381437302,True,1.0,0.20408163265306367,S07_RECENT_SUPPORT_CONFORMAL,S07_RECENT_SUPPORT_CONFORMAL_K2,2,True
2025-07-15,1,7043,アルー,0.1246880292892456,True,0.0,0.0,S07_RECENT_SUPPORT_CONFORMAL,S07_RECENT_SUPPORT_CONFORMAL_K2,2,True
2025-07-15,2,2798,ワイズテーブルコーポレーション,0.10401531308889389,True,1.0,0.5414551607445084,S07_RECENT_SUPPORT_CONFORMAL,S07_RECENT_SUPPORT_CONFORMAL_K2,2,True
2025-07-16,1,7043,アルー,0.11036369204521179,True,1.0,0.6493506493506551,S07_RECENT_SUPPORT_CONFORMAL,S07_RECENT_SUPPORT_CONFORMAL_K2,2,True
2025-07-16,2,4437,ｇｏｏｄｄａｙｓホールディングス,0.09367918223142624,True,1.0,2.499999999999991,S07_RECENT_SUPPORT_CONFORMAL,S07_RECENT_SUPPORT_CONFORMAL_K2,2,True
2025-07-17,1,7043,アルー,0.10959325730800629,True,1.0,0.2600780234070177,S07_RECENT_SUPPORT_CONFORMAL,S07_RECENT_SUPPORT_CONFORMAL_K2,2,True
2025-07-17,2,6558,クックビズ,0.09611857682466507,True,0.0,0.0,S07_RECENT_SUPPORT_CONFORMAL,S07_RECENT_SUPPORT_CONFORMAL_K2,2,True
2025-07-18,1,7043,アルー,0.126993790268898,True,1.0,0.1290322580645098,S07_RECENT_SUPPORT_CONFORMAL,S07_RECENT_SUPPORT_CONFORMAL_K2,2,True
2025-07-18,2,7808,シー・エス・ランバー,0.09949077665805817,True,1.0,0.33444816053511683,S07_RECENT_SUPPORT_CONFORMAL,S07_RECENT_SUPPORT_CONFORMAL_K2,2,True
2025-07-22,1,7043,アルー,0.1160256415605545,True,1.0,2.05920205920207,S07_RECENT_SUPPORT_CONFORMAL,S07_RECENT_SUPPORT_CONFORMAL_K2,2,True
2025-07-22,2,8584,ジャックス,0.08403807133436203,True,1.0,0.49200492004919383,S07_RECENT_SUPPORT_CONFORMAL,S07_RECENT_SUPPORT_CONFORMAL_K2,2,True
2025-07-23,1,7808,シー・エス・ランバー,0.09095500409603119,True,1.0,0.4366812227074135,S07_RECENT_SUPPORT_CONFORMAL,S07_RECENT_SUPPORT_CONFORMAL_K2,2,True
2025-07-23,2,5446,北越メタル,0.08428102731704712,True,1.0,1.0569105691056846,S07_RECENT_SUPPORT_CONFORMAL,S07_RECENT_SUPPORT_CONFORMAL_K2,2,True
2025-07-24,1,7808,シー・エス・ランバー,0.11184637248516083,True,1.0,1.655629139072845,S07_RECENT_SUPPORT_CONFORMAL,S07_RECENT_SUPPORT_CONFORMAL_K2,2,True
2025-07-24,2,7634,星医療酸器,0.1071445643901825,True,0.0,0.0,S07_RECENT_SUPPORT_CONFORMAL,S07_RECENT_SUPPORT_CONFORMAL_K2,2,True
2025-07-25,1,7634,星医療酸器,0.1182258203625679,True,1.0,0.439560439560438,S07_RECENT_SUPPORT_CONFORMAL,S07_RECENT_SUPPORT_CONFORMAL_K2,2,True
2025-07-25,2,9259,タカヨシホールディングス,0.11531426012516022,True,0.0,0.0,S07_RECENT_SUPPORT_CONFORMAL,S07_RECENT_SUPPORT_CONFORMAL_K2,2,True
2025-07-28,1,7634,星医療酸器,0.11726275831460953,True,0.0,0.0,S07_RECENT_SUPPORT_CONFORMAL,S07_RECENT_SUPPORT_CONFORMAL_K2,2,True
2025-07-28,2,9259,タカヨシホールディングス,0.11617022007703781,True,0.0,-0.14265335235378318,S07_RECENT_SUPPORT_CONFORMAL,S07_RECENT_SUPPORT_CONFORMAL_K2,2,True
2025-07-29,1,9259,タカヨシホールディングス,0.11569518595933914,True,0.0,0.0,S07_RECENT_SUPPORT_CONFORMAL,S07_RECENT_SUPPORT_CONFORMAL_K2,2,True
2025-07-29,2,7043,アルー,0.11293058097362518,True,0.0,-0.37641154328732496,S07_RECENT_SUPPORT_CONFORMAL,S07_RECENT_SUPPORT_CONFORMAL_K2,2,True
2025-07-30,1,7043,アルー,0.11428114026784897,True,1.0,2.130325814536338,S07_RECENT_SUPPORT_CONFORMAL,S07_RECENT_SUPPORT_CONFORMAL_K2,2,True
2025-07-30,2,9254,ラバブルマーケティンググループ,0.10431287437677383,True,0.0,0.0,S07_RECENT_SUPPORT_CONFORMAL,S07_RECENT_SUPPORT_CONFORMAL_K2,2,True
2025-07-31,1,9259,タカヨシホールディングス,0.11013015359640121,True,1.0,0.14265335235377208,S07_RECENT_SUPPORT_CONFORMAL,S07_RECENT_SUPPORT_CONFORMAL_K2,2,True
2025-07-31,2,9254,ラバブルマーケティンググループ,0.10794541984796524,True,1.0,1.717967072297788,S07_RECENT_SUPPORT_CONFORMAL,S07_RECENT_SUPPORT_CONFORMAL_K2,2,True
2024-07-01,1,7043,アルー,0.15196930333375228,True,1.0,0.49999999999998934,S08_ENVIRONMENT_RESIDUALISED,S08_ENVIRONMENT_RESIDUALISED_K1,1,True
2024-07-02,1,7043,アルー,0.14663703577975917,True,0.0,-0.49813200498132204,S08_ENVIRONMENT_RESIDUALISED,S08_ENVIRONMENT_RESIDUALISED_K1,1,True
2024-07-03,1,7043,アルー,0.14003029582925725,True,1.0,1.643489254108732,S08_ENVIRONMENT_RESIDUALISED,S08_ENVIRONMENT_RESIDUALISED_K1,1,True
2024-07-04,1,6151,日東⼯器,0.12639152012928656,True,0.0,-0.9683098591549255,S08_ENVIRONMENT_RESIDUALISED,S08_ENVIRONMENT_RESIDUALISED_K1,1,True
2024-07-05,1,7043,アルー,0.1246453830858965,True,1.0,7.800511508951402,S08_ENVIRONMENT_RESIDUALISED,S08_ENVIRONMENT_RESIDUALISED_K1,1,True
2024-07-08,1,6151,日東⼯器,0.10225691276991779,True,0.0,-3.8224956063268922,S08_ENVIRONMENT_RESIDUALISED,S08_ENVIRONMENT_RESIDUALISED_K1,1,True
2024-07-09,1,6151,日東⼯器,0.10710630723193906,True,1.0,0.22841480127913094,S08_ENVIRONMENT_RESIDUALISED,S08_ENVIRONMENT_RESIDUALISED_K1,1,True
2024-07-10,1,4491,コンピューターマネージメント,0.09710623115002419,True,1.0,1.4251781472684133,S08_ENVIRONMENT_RESIDUALISED,S08_ENVIRONMENT_RESIDUALISED_K1,1,True
2024-07-11,1,3974,ＳＣＡＴ,0.09661277050732454,True,1.0,1.2958963282937441,S08_ENVIRONMENT_RESIDUALISED,S08_ENVIRONMENT_RESIDUALISED_K1,1,True
2024-07-12,1,4344,ソースネクスト,0.11091795353856251,True,1.0,9.478672985782,S08_ENVIRONMENT_RESIDUALISED,S08_ENVIRONMENT_RESIDUALISED_K1,1,True
2024-07-16,1,8938,グローム・ホールディングス,0.09706455507729617,True,1.0,3.2727272727272716,S08_ENVIRONMENT_RESIDUALISED,S08_ENVIRONMENT_RESIDUALISED_K1,1,True
2024-07-17,1,7807,幸和製作所,0.1331014914378277,True,0.0,-2.4207011686143587,S08_ENVIRONMENT_RESIDUALISED,S08_ENVIRONMENT_RESIDUALISED_K1,1,True
2024-07-18,1,7043,アルー,0.10379127382163995,True,1.0,2.261904761904754,S08_ENVIRONMENT_RESIDUALISED,S08_ENVIRONMENT_RESIDUALISED_K1,1,True
2024-07-19,1,5252,日本ナレッジ,0.10489117180175747,True,1.0,0.6545454545454632,S08_ENVIRONMENT_RESIDUALISED,S08_ENVIRONMENT_RESIDUALISED_K1,1,True
2024-07-22,1,7043,アルー,0.1367526223126186,True,1.0,4.422604422604426,S08_ENVIRONMENT_RESIDUALISED,S08_ENVIRONMENT_RESIDUALISED_K1,1,True
2024-07-23,1,6048,デザインワン・ジャパン,0.10733774888966492,True,0.0,-2.0689655172413834,S08_ENVIRONMENT_RESIDUALISED,S08_ENVIRONMENT_RESIDUALISED_K1,1,True
2024-07-24,1,6762,ＴＤＫ,0.10619747467179243,True,0.0,-0.14691478942213676,S08_ENVIRONMENT_RESIDUALISED,S08_ENVIRONMENT_RESIDUALISED_K1,1,True
2024-07-25,1,7043,アルー,0.09946263919727147,True,1.0,1.0882708585247869,S08_ENVIRONMENT_RESIDUALISED,S08_ENVIRONMENT_RESIDUALISED_K1,1,True
2024-07-26,1,5256,Ｆｕｓｉｃ,0.09316674256228784,True,0.0,-0.45385779122542047,S08_ENVIRONMENT_RESIDUALISED,S08_ENVIRONMENT_RESIDUALISED_K1,1,True
2024-07-29,1,5247,ＢＴＭ,0.09534949960968202,True,1.0,3.5409836065573685,S08_ENVIRONMENT_RESIDUALISED,S08_ENVIRONMENT_RESIDUALISED_K1,1,True
2024-07-30,1,7043,アルー,0.12412824007043777,True,1.0,2.4242424242424176,S08_ENVIRONMENT_RESIDUALISED,S08_ENVIRONMENT_RESIDUALISED_K1,1,True
2024-07-31,1,9340,アソインターナショナル,0.09633735270791584,True,1.0,3.2032032032031976,S08_ENVIRONMENT_RESIDUALISED,S08_ENVIRONMENT_RESIDUALISED_K1,1,True
2024-08-01,1,8139,ナガホリ,0.1315144900288758,True,1.0,2.3668639053254337,S08_ENVIRONMENT_RESIDUALISED,S08_ENVIRONMENT_RESIDUALISED_K1,1,True
2024-08-02,1,3673,ブロードリーフ,0.12157046909551779,True,0.0,-3.0411449016100156,S08_ENVIRONMENT_RESIDUALISED,S08_ENVIRONMENT_RESIDUALISED_K1,1,True
2024-08-05,1,9996,サトー商会,0.11203637557849677,True,1.0,8.002602472348741,S08_ENVIRONMENT_RESIDUALISED,S08_ENVIRONMENT_RESIDUALISED_K1,1,True
2024-08-06,1,9162,ブリーチ,0.11554340388129833,True,0.0,0.0,S08_ENVIRONMENT_RESIDUALISED,S08_ENVIRONMENT_RESIDUALISED_K1,1,True
2024-08-07,1,4814,ネクストウェア,0.0970599389126841,True,1.0,4.8387096774193505,S08_ENVIRONMENT_RESIDUALISED,S08_ENVIRONMENT_RESIDUALISED_K1,1,True
2024-08-08,1,7043,アルー,0.09042755075758967,True,1.0,0.3597122302158251,S08_ENVIRONMENT_RESIDUALISED,S08_ENVIRONMENT_RESIDUALISED_K1,1,True
2024-08-09,1,7043,アルー,0.10864945709720263,True,0.0,0.0,S08_ENVIRONMENT_RESIDUALISED,S08_ENVIRONMENT_RESIDUALISED_K1,1,True
2024-08-13,1,7043,アルー,0.13069135928226203,True,0.0,-1.8495684340320562,S08_ENVIRONMENT_RESIDUALISED,S08_ENVIRONMENT_RESIDUALISED_K1,1,True
2024-08-14,1,7043,アルー,0.17523944142719308,True,1.0,3.409090909090917,S08_ENVIRONMENT_RESIDUALISED,S08_ENVIRONMENT_RESIDUALISED_K1,1,True
2024-08-15,1,8139,ナガホリ,0.14130645032242936,True,0.0,-1.1594202898550732,S08_ENVIRONMENT_RESIDUALISED,S08_ENVIRONMENT_RESIDUALISED_K1,1,True
2024-08-16,1,7043,アルー,0.15788453748858358,True,0.0,-0.4987531172069848,S08_ENVIRONMENT_RESIDUALISED,S08_ENVIRONMENT_RESIDUALISED_K1,1,True
2024-08-19,1,7043,アルー,0.13025357200321921,True,0.0,-0.5031446540880502,S08_ENVIRONMENT_RESIDUALISED,S08_ENVIRONMENT_RESIDUALISED_K1,1,True
2024-08-20,1,7043,アルー,0.12761851113272116,True,0.0,-0.37641154328732496,S08_ENVIRONMENT_RESIDUALISED,S08_ENVIRONMENT_RESIDUALISED_K1,1,True
2024-08-21,1,7043,アルー,0.11501021468027299,True,1.0,0.6369426751592355,S08_ENVIRONMENT_RESIDUALISED,S08_ENVIRONMENT_RESIDUALISED_K1,1,True
2024-08-22,1,7043,アルー,0.11854611948343333,True,0.0,-0.37783375314861534,S08_ENVIRONMENT_RESIDUALISED,S08_ENVIRONMENT_RESIDUALISED_K1,1,True
2024-08-23,1,7043,アルー,0.11519006274051433,True,0.0,-1.4981273408239737,S08_ENVIRONMENT_RESIDUALISED,S08_ENVIRONMENT_RESIDUALISED_K1,1,True
2024-08-26,1,3738,ティーガイア,0.10298385491190068,True,0.0,-1.331557922769644,S08_ENVIRONMENT_RESIDUALISED,S08_ENVIRONMENT_RESIDUALISED_K1,1,True
2024-08-27,1,3738,ティーガイア,0.10804431688899716,True,1.0,1.206434316353877,S08_ENVIRONMENT_RESIDUALISED,S08_ENVIRONMENT_RESIDUALISED_K1,1,True
2024-08-28,1,9914,植松商会,0.1205691332683185,True,,,S08_ENVIRONMENT_RESIDUALISED,S08_ENVIRONMENT_RESIDUALISED_K1,1,False
2024-08-29,1,2736,フェスタリアホールディングス,0.12590720780784073,True,0.0,-0.7027406886858767,S08_ENVIRONMENT_RESIDUALISED,S08_ENVIRONMENT_RESIDUALISED_K1,1,True
2024-08-30,1,3991,ウォンテッドリー,0.11867073321987764,True,0.0,-0.42016806722688926,S08_ENVIRONMENT_RESIDUALISED,S08_ENVIRONMENT_RESIDUALISED_K1,1,True
2024-09-02,1,4445,リビン・テクノロジーズ,0.14410738393222375,True,0.0,-0.43266630611140666,S08_ENVIRONMENT_RESIDUALISED,S08_ENVIRONMENT_RESIDUALISED_K1,1,True
2024-09-03,1,3092,ＺＯＺＯ,0.12008608630897404,True,1.0,3.397947548460656,S08_ENVIRONMENT_RESIDUALISED,S08_ENVIRONMENT_RESIDUALISED_K1,1,True
2024-09-04,1,7514,ヒマラヤ,0.11365771279395753,True,1.0,0.22446689113355678,S08_ENVIRONMENT_RESIDUALISED,S08_ENVIRONMENT_RESIDUALISED_K1,1,True
2024-09-05,1,3436,ＳＵＭＣＯ,0.10003009586338528,True,0.0,-0.8289124668435011,S08_ENVIRONMENT_RESIDUALISED,S08_ENVIRONMENT_RESIDUALISED_K1,1,True
2024-09-06,1,4445,リビン・テクノロジーズ,0.11199630390046847,True,0.0,-0.38461538461538325,S08_ENVIRONMENT_RESIDUALISED,S08_ENVIRONMENT_RESIDUALISED_K1,1,True
2024-09-09,1,7689,コパ・コーポレーション,0.11167082792489555,True,1.0,1.5050167224080369,S08_ENVIRONMENT_RESIDUALISED,S08_ENVIRONMENT_RESIDUALISED_K1,1,True
2024-09-10,1,7273,イクヨ,0.1275291985169549,True,,,S08_ENVIRONMENT_RESIDUALISED,S08_ENVIRONMENT_RESIDUALISED_K1,1,False
2024-09-11,1,4445,リビン・テクノロジーズ,0.11982730874802712,True,1.0,1.1148272017837302,S08_ENVIRONMENT_RESIDUALISED,S08_ENVIRONMENT_RESIDUALISED_K1,1,True
2024-09-12,1,7069,サイバー・バズ,0.13245044359903163,True,0.0,-2.512998266897748,S08_ENVIRONMENT_RESIDUALISED,S08_ENVIRONMENT_RESIDUALISED_K1,1,True
2024-09-13,1,6190,フェニックスバイオ,0.11836697175410454,True,0.0,-1.95227765726681,S08_ENVIRONMENT_RESIDUALISED,S08_ENVIRONMENT_RESIDUALISED_K1,1,True
2024-09-17,1,7886,ヤマト・インダストリー,0.11526380838019881,True,,,S08_ENVIRONMENT_RESIDUALISED,S08_ENVIRONMENT_RESIDUALISED_K1,1,False
2024-09-18,1,4503,アステラス製薬,0.1080882476870585,True,1.0,0.7959905660377409,S08_ENVIRONMENT_RESIDUALISED,S08_ENVIRONMENT_RESIDUALISED_K1,1,True
2024-09-19,1,4884,クリングルファーマ,0.12729865124414771,True,1.0,4.8309178743961345,S08_ENVIRONMENT_RESIDUALISED,S08_ENVIRONMENT_RESIDUALISED_K1,1,True
2024-09-20,1,5247,ＢＴＭ,0.12740434736320103,True,1.0,1.610169491525415,S08_ENVIRONMENT_RESIDUALISED,S08_ENVIRONMENT_RESIDUALISED_K1,1,True
2024-09-24,1,4840,トライアイズ,0.12158746868861171,True,1.0,3.205128205128216,S08_ENVIRONMENT_RESIDUALISED,S08_ENVIRONMENT_RESIDUALISED_K1,1,True
2024-09-25,1,2372,アイロムグループ,0.1177814533914163,True,0.0,0.0,S08_ENVIRONMENT_RESIDUALISED,S08_ENVIRONMENT_RESIDUALISED_K1,1,True
2024-09-26,1,3092,ＺＯＺＯ,0.12176331105231888,True,1.0,3.1114774366371334,S08_ENVIRONMENT_RESIDUALISED,S08_ENVIRONMENT_RESIDUALISED_K1,1,True
2024-09-27,1,3787,テクノマセマティカル,0.12980761154914291,True,1.0,1.6245487364620947,S08_ENVIRONMENT_RESIDUALISED,S08_ENVIRONMENT_RESIDUALISED_K1,1,True
2024-09-30,1,3787,テクノマセマティカル,0.13038217360173118,True,0.0,0.0,S08_ENVIRONMENT_RESIDUALISED,S08_ENVIRONMENT_RESIDUALISED_K1,1,True
2024-10-01,1,3787,テクノマセマティカル,0.12379863619386966,True,1.0,0.17152658662091813,S08_ENVIRONMENT_RESIDUALISED,S08_ENVIRONMENT_RESIDUALISED_K1,1,True
2024-10-02,1,7815,東京ボード⼯業,0.12357117878971194,True,1.0,0.670016750418756,S08_ENVIRONMENT_RESIDUALISED,S08_ENVIRONMENT_RESIDUALISED_K1,1,True
2024-10-03,1,7815,東京ボード⼯業,0.11558916967851658,True,1.0,0.9819967266775809,S08_ENVIRONMENT_RESIDUALISED,S08_ENVIRONMENT_RESIDUALISED_K1,1,True
2024-10-04,1,3726,フォーシーズＨＤ,0.10968620685935726,True,0.0,-0.4158004158004158,S08_ENVIRONMENT_RESIDUALISED,S08_ENVIRONMENT_RESIDUALISED_K1,1,True
2024-10-07,1,1925,大和ハウス⼯業,0.09002935389406526,True,0.0,-0.1295896328293744,S08_ENVIRONMENT_RESIDUALISED,S08_ENVIRONMENT_RESIDUALISED_K1,1,True
2024-10-08,1,4361,川口化学⼯業,0.1188989377962212,True,1.0,0.12853470437017567,S08_ENVIRONMENT_RESIDUALISED,S08_ENVIRONMENT_RESIDUALISED_K1,1,True
2024-10-09,1,2229,カルビー,0.10744231138802016,True,1.0,0.9381413075344458,S08_ENVIRONMENT_RESIDUALISED,S08_ENVIRONMENT_RESIDUALISED_K1,1,True
2024-10-10,1,2334,イオレ,0.10929879495047093,True,1.0,0.9230769230769154,S08_ENVIRONMENT_RESIDUALISED,S08_ENVIRONMENT_RESIDUALISED_K1,1,True
2024-10-11,1,2334,イオレ,0.10661511545837316,True,0.0,-0.1524390243902385,S08_ENVIRONMENT_RESIDUALISED,S08_ENVIRONMENT_RESIDUALISED_K1,1,True
2024-10-15,1,9601,松竹,0.1020969948002107,True,1.0,0.9304812834224574,S08_ENVIRONMENT_RESIDUALISED,S08_ENVIRONMENT_RESIDUALISED_K1,1,True
2024-10-16,1,8871,ゴールドクレスト,0.11571776951925536,True,1.0,2.8037383177569986,S08_ENVIRONMENT_RESIDUALISED,S08_ENVIRONMENT_RESIDUALISED_K1,1,True
2024-10-17,1,8025,ツカモトコーポレーション,0.09583069113209636,True,0.0,-2.1015761821365997,S08_ENVIRONMENT_RESIDUALISED,S08_ENVIRONMENT_RESIDUALISED_K1,1,True
2024-10-18,1,3195,ジェネレーションパス,0.10270311501960136,True,1.0,4.680851063829783,S08_ENVIRONMENT_RESIDUALISED,S08_ENVIRONMENT_RESIDUALISED_K1,1,True
2024-10-21,1,9064,ヤマトホールディングス,0.09296350528625452,True,1.0,0.061538461538468425,S08_ENVIRONMENT_RESIDUALISED,S08_ENVIRONMENT_RESIDUALISED_K1,1,True
2024-10-22,1,7072,インティメート・マージャー,0.10542963139979127,True,0.0,-0.8474576271186418,S08_ENVIRONMENT_RESIDUALISED,S08_ENVIRONMENT_RESIDUALISED_K1,1,True
2024-10-23,1,8871,ゴールドクレスト,0.1279455547948566,True,0.0,-2.7156549520766737,S08_ENVIRONMENT_RESIDUALISED,S08_ENVIRONMENT_RESIDUALISED_K1,1,True
2024-10-24,1,8871,ゴールドクレスト,0.13247935914691167,True,1.0,0.8291873963515828,S08_ENVIRONMENT_RESIDUALISED,S08_ENVIRONMENT_RESIDUALISED_K1,1,True
2024-10-25,1,7815,東京ボード⼯業,0.12201630661117846,True,1.0,1.1513157894736947,S08_ENVIRONMENT_RESIDUALISED,S08_ENVIRONMENT_RESIDUALISED_K1,1,True
2024-10-28,1,8871,ゴールドクレスト,0.12364680165513986,True,0.0,-2.1035598705501646,S08_ENVIRONMENT_RESIDUALISED,S08_ENVIRONMENT_RESIDUALISED_K1,1,True
2024-10-29,1,8871,ゴールドクレスト,0.12557259592944647,True,0.0,-0.658978583196046,S08_ENVIRONMENT_RESIDUALISED,S08_ENVIRONMENT_RESIDUALISED_K1,1,True
2024-10-30,1,7379,サーキュレーション,0.11769714309693491,True,1.0,1.1513157894736947,S08_ENVIRONMENT_RESIDUALISED,S08_ENVIRONMENT_RESIDUALISED_K1,1,True
2024-10-31,1,7376,ＢＣＣ,0.13624616949799867,True,0.0,0.0,S08_ENVIRONMENT_RESIDUALISED,S08_ENVIRONMENT_RESIDUALISED_K1,1,True
2024-11-01,1,9913,日邦産業,0.12134463197395622,True,1.0,0.7228915662650603,S08_ENVIRONMENT_RESIDUALISED,S08_ENVIRONMENT_RESIDUALISED_K1,1,True
2024-11-05,1,3537,昭栄薬品,0.12779295127567003,True,0.0,-0.4511278195488688,S08_ENVIRONMENT_RESIDUALISED,S08_ENVIRONMENT_RESIDUALISED_K1,1,True
2024-11-06,1,4840,トライアイズ,0.1159923409829536,True,0.0,-1.0101010101010055,S08_ENVIRONMENT_RESIDUALISED,S08_ENVIRONMENT_RESIDUALISED_K1,1,True
2024-11-07,1,4840,トライアイズ,0.0997267804536652,True,1.0,0.340136054421758,S08_ENVIRONMENT_RESIDUALISED,S08_ENVIRONMENT_RESIDUALISED_K1,1,True
2024-11-08,1,4091,日本酸素ホールディングス,0.10759060142395975,True,0.0,-0.9712750568299233,S08_ENVIRONMENT_RESIDUALISED,S08_ENVIRONMENT_RESIDUALISED_K1,1,True
2024-11-11,1,4840,トライアイズ,0.10237998968957485,True,1.0,3.4482758620689724,S08_ENVIRONMENT_RESIDUALISED,S08_ENVIRONMENT_RESIDUALISED_K1,1,True
2024-11-12,1,5587,インバウンドプラットフォーム,0.11140206475245404,True,1.0,1.3254786450662692,S08_ENVIRONMENT_RESIDUALISED,S08_ENVIRONMENT_RESIDUALISED_K1,1,True
2024-11-13,1,4073,ジィ・シィ企画,0.1021289659755134,True,0.0,-0.658978583196046,S08_ENVIRONMENT_RESIDUALISED,S08_ENVIRONMENT_RESIDUALISED_K1,1,True
2024-11-14,1,7284,盟和産業,0.10538920583575741,True,0.0,-0.5897219882055604,S08_ENVIRONMENT_RESIDUALISED,S08_ENVIRONMENT_RESIDUALISED_K1,1,True
2024-11-15,1,9219,ギックス,0.11038787241067786,True,0.0,-0.6362672322375418,S08_ENVIRONMENT_RESIDUALISED,S08_ENVIRONMENT_RESIDUALISED_K1,1,True
2024-11-18,1,4387,ＺＵＵ,0.114093283076951,True,0.0,-0.2902757619738794,S08_ENVIRONMENT_RESIDUALISED,S08_ENVIRONMENT_RESIDUALISED_K1,1,True
2024-11-19,1,7815,東京ボード⼯業,0.11486888050156104,True,1.0,1.4999999999999902,S08_ENVIRONMENT_RESIDUALISED,S08_ENVIRONMENT_RESIDUALISED_K1,1,True
2024-11-20,1,8938,グローム・ホールディングス,0.11217526769855955,True,0.0,-2.5740025740025763,S08_ENVIRONMENT_RESIDUALISED,S08_ENVIRONMENT_RESIDUALISED_K1,1,True
2024-11-21,1,8938,グローム・ホールディングス,0.1505200544343901,True,1.0,1.7287234042553168,S08_ENVIRONMENT_RESIDUALISED,S08_ENVIRONMENT_RESIDUALISED_K1,1,True
2024-11-22,1,8938,グローム・ホールディングス,0.14531382754990524,True,1.0,1.182654402102501,S08_ENVIRONMENT_RESIDUALISED,S08_ENVIRONMENT_RESIDUALISED_K1,1,True
2024-11-25,1,8938,グローム・ホールディングス,0.1362208873758318,True,0.0,-0.2597402597402598,S08_ENVIRONMENT_RESIDUALISED,S08_ENVIRONMENT_RESIDUALISED_K1,1,True
2024-11-26,1,4267,ライトワークス,0.15629080051940566,True,1.0,0.9708737864077666,S08_ENVIRONMENT_RESIDUALISED,S08_ENVIRONMENT_RESIDUALISED_K1,1,True
2024-11-27,1,4267,ライトワークス,0.12542914834097615,True,1.0,1.1650485436893288,S08_ENVIRONMENT_RESIDUALISED,S08_ENVIRONMENT_RESIDUALISED_K1,1,True
2024-11-28,1,4267,ライトワークス,0.11001169527575246,True,1.0,1.4548981571290032,S08_ENVIRONMENT_RESIDUALISED,S08_ENVIRONMENT_RESIDUALISED_K1,1,True
2024-11-29,1,4424,Ａｍａｚｉａ,0.11494593432203862,True,0.0,-0.8695652173912993,S08_ENVIRONMENT_RESIDUALISED,S08_ENVIRONMENT_RESIDUALISED_K1,1,True
2024-12-02,1,4267,ライトワークス,0.11421711559994362,True,1.0,3.9024390243902474,S08_ENVIRONMENT_RESIDUALISED,S08_ENVIRONMENT_RESIDUALISED_K1,1,True
2024-12-03,1,4465,ニイタカ,0.11116165489742949,True,1.0,0.8086253369272267,S08_ENVIRONMENT_RESIDUALISED,S08_ENVIRONMENT_RESIDUALISED_K1,1,True
2024-12-04,1,4465,ニイタカ,0.11806331255441296,True,0.0,-0.2134471718249764,S08_ENVIRONMENT_RESIDUALISED,S08_ENVIRONMENT_RESIDUALISED_K1,1,True
2024-12-05,1,4267,ライトワークス,0.13053007148443707,True,0.0,0.0,S08_ENVIRONMENT_RESIDUALISED,S08_ENVIRONMENT_RESIDUALISED_K1,1,True
2024-12-06,1,4267,ライトワークス,0.12906005934141607,True,0.0,-0.0970873786407811,S08_ENVIRONMENT_RESIDUALISED,S08_ENVIRONMENT_RESIDUALISED_K1,1,True
2024-12-09,1,4267,ライトワークス,0.12289033121874048,True,1.0,1.4577259475218707,S08_ENVIRONMENT_RESIDUALISED,S08_ENVIRONMENT_RESIDUALISED_K1,1,True
2024-12-10,1,4267,ライトワークス,0.13806511239029262,True,1.0,0.674373795761074,S08_ENVIRONMENT_RESIDUALISED,S08_ENVIRONMENT_RESIDUALISED_K1,1,True
2024-12-11,1,4267,ライトワークス,0.12166031049131393,True,1.0,0.4812319538017418,S08_ENVIRONMENT_RESIDUALISED,S08_ENVIRONMENT_RESIDUALISED_K1,1,True
2024-12-12,1,4267,ライトワークス,0.11436420592662955,True,1.0,1.9361084220716362,S08_ENVIRONMENT_RESIDUALISED,S08_ENVIRONMENT_RESIDUALISED_K1,1,True
2024-12-13,1,6898,トミタ電機,0.10718354053597737,True,0.0,-0.27260336210813696,S08_ENVIRONMENT_RESIDUALISED,S08_ENVIRONMENT_RESIDUALISED_K1,1,True
2024-12-16,1,9159,Ｗ ＴＯＫＹＯ,0.11173589829916702,True,0.0,-1.2820512820512775,S08_ENVIRONMENT_RESIDUALISED,S08_ENVIRONMENT_RESIDUALISED_K1,1,True
2024-12-17,1,9159,Ｗ ＴＯＫＹＯ,0.1238284926362597,True,1.0,0.6999999999999895,S08_ENVIRONMENT_RESIDUALISED,S08_ENVIRONMENT_RESIDUALISED_K1,1,True
2024-12-18,1,4267,ライトワークス,0.12197079606682967,True,1.0,1.4778325123152802,S08_ENVIRONMENT_RESIDUALISED,S08_ENVIRONMENT_RESIDUALISED_K1,1,True
2024-12-19,1,7345,アイ・パートナーズフィナンシャル,0.11048059709902945,True,0.0,0.0,S08_ENVIRONMENT_RESIDUALISED,S08_ENVIRONMENT_RESIDUALISED_K1,1,True
2024-12-20,1,7345,アイ・パートナーズフィナンシャル,0.12977907502095481,True,0.0,-1.379310344827589,S08_ENVIRONMENT_RESIDUALISED,S08_ENVIRONMENT_RESIDUALISED_K1,1,True
2024-12-23,1,7345,アイ・パートナーズフィナンシャル,0.13487380471466134,True,1.0,3.6231884057970953,S08_ENVIRONMENT_RESIDUALISED,S08_ENVIRONMENT_RESIDUALISED_K1,1,True
2024-12-24,1,9159,Ｗ ＴＯＫＹＯ,0.107500171836476,True,0.0,-1.4609571788413045,S08_ENVIRONMENT_RESIDUALISED,S08_ENVIRONMENT_RESIDUALISED_K1,1,True
2024-12-25,1,9159,Ｗ ＴＯＫＹＯ,0.12817609253942802,True,0.0,-3.490759753593431,S08_ENVIRONMENT_RESIDUALISED,S08_ENVIRONMENT_RESIDUALISED_K1,1,True
2024-12-26,1,9159,Ｗ ＴＯＫＹＯ,0.12683955664176716,True,0.0,-2.6687598116169498,S08_ENVIRONMENT_RESIDUALISED,S08_ENVIRONMENT_RESIDUALISED_K1,1,True
2024-12-27,1,9159,Ｗ ＴＯＫＹＯ,0.10649693730412844,True,1.0,2.5515743756786113,S08_ENVIRONMENT_RESIDUALISED,S08_ENVIRONMENT_RESIDUALISED_K1,1,True
2024-12-30,1,3800,ユニリタ,0.10918241083463892,True,0.0,0.0,S08_ENVIRONMENT_RESIDUALISED,S08_ENVIRONMENT_RESIDUALISED_K1,1,True
2025-01-06,1,3800,ユニリタ,0.10968510112471652,True,0.0,0.0,S08_ENVIRONMENT_RESIDUALISED,S08_ENVIRONMENT_RESIDUALISED_K1,1,True
2025-01-07,1,9339,コーチ・エィ,0.10626848209457986,True,0.0,-3.4348165495706517,S08_ENVIRONMENT_RESIDUALISED,S08_ENVIRONMENT_RESIDUALISED_K1,1,True
2025-01-08,1,1994,高橋カーテンウォール⼯業,0.11739601127459019,True,1.0,1.073345259391778,S08_ENVIRONMENT_RESIDUALISED,S08_ENVIRONMENT_RESIDUALISED_K1,1,True
2025-01-09,1,3800,ユニリタ,0.10786965220581811,True,0.0,-0.10035122930256435,S08_ENVIRONMENT_RESIDUALISED,S08_ENVIRONMENT_RESIDUALISED_K1,1,True
2025-01-10,1,1994,高橋カーテンウォール⼯業,0.08109162210096023,True,0.0,0.0,S08_ENVIRONMENT_RESIDUALISED,S08_ENVIRONMENT_RESIDUALISED_K1,1,True
2025-01-14,1,5161,⻄川ゴム⼯業,0.07567605865891222,True,0.0,-0.6363636363636349,S08_ENVIRONMENT_RESIDUALISED,S08_ENVIRONMENT_RESIDUALISED_K1,1,True
2025-01-15,1,9355,リンコーコーポレーション,0.09610785715528561,True,0.0,-1.1571254567600442,S08_ENVIRONMENT_RESIDUALISED,S08_ENVIRONMENT_RESIDUALISED_K1,1,True
2025-01-16,1,9241,フューチャーリンクネットワーク,0.10128564251431027,True,1.0,4.906333630686888,S08_ENVIRONMENT_RESIDUALISED,S08_ENVIRONMENT_RESIDUALISED_K1,1,True
2025-01-17,1,9250,ＧＲＣＳ,0.10521631200293018,True,0.0,-0.5751258087706712,S08_ENVIRONMENT_RESIDUALISED,S08_ENVIRONMENT_RESIDUALISED_K1,1,True
2025-01-20,1,9241,フューチャーリンクネットワーク,0.10329270728162682,True,1.0,2.305721605465405,S08_ENVIRONMENT_RESIDUALISED,S08_ENVIRONMENT_RESIDUALISED_K1,1,True
2025-01-21,1,9241,フューチャーリンクネットワーク,0.11225344635799063,True,1.0,3.255425709515869,S08_ENVIRONMENT_RESIDUALISED,S08_ENVIRONMENT_RESIDUALISED_K1,1,True
2025-01-22,1,9241,フューチャーリンクネットワーク,0.11165812643339446,True,1.0,1.6142050040355072,S08_ENVIRONMENT_RESIDUALISED,S08_ENVIRONMENT_RESIDUALISED_K1,1,True
2025-01-23,1,3238,セントラル総合開発,0.12459260268692351,True,1.0,0.42105263157894424,S08_ENVIRONMENT_RESIDUALISED,S08_ENVIRONMENT_RESIDUALISED_K1,1,True
2025-01-24,1,3238,セントラル総合開発,0.12661048736487282,True,1.0,0.21052631578948322,S08_ENVIRONMENT_RESIDUALISED,S08_ENVIRONMENT_RESIDUALISED_K1,1,True
2025-01-27,1,3238,セントラル総合開発,0.1403508305241488,True,0.0,-0.42105263157894424,S08_ENVIRONMENT_RESIDUALISED,S08_ENVIRONMENT_RESIDUALISED_K1,1,True
2025-01-28,1,8066,三⾕商事,0.12147009047315499,True,1.0,1.1657374556512945,S08_ENVIRONMENT_RESIDUALISED,S08_ENVIRONMENT_RESIDUALISED_K1,1,True
2025-01-29,1,3238,セントラル総合開発,0.13514883135841704,True,1.0,0.2123142250530785,S08_ENVIRONMENT_RESIDUALISED,S08_ENVIRONMENT_RESIDUALISED_K1,1,True
2025-01-30,1,2806,ユタカフーズ,0.12293125128224272,True,1.0,0.7268063274903813,S08_ENVIRONMENT_RESIDUALISED,S08_ENVIRONMENT_RESIDUALISED_K1,1,True
2025-01-31,1,3238,セントラル総合開発,0.11661880378330648,True,0.0,-0.6342494714587699,S08_ENVIRONMENT_RESIDUALISED,S08_ENVIRONMENT_RESIDUALISED_K1,1,True
2025-02-03,1,3238,セントラル総合開発,0.1066715477286379,True,1.0,0.42553191489360653,S08_ENVIRONMENT_RESIDUALISED,S08_ENVIRONMENT_RESIDUALISED_K1,1,True
2025-02-04,1,4424,Ａｍａｚｉａ,0.1067474647226702,True,1.0,0.6514657980456029,S08_ENVIRONMENT_RESIDUALISED,S08_ENVIRONMENT_RESIDUALISED_K1,1,True
2025-02-05,1,4380,Ｍマート,0.11915617716774658,True,1.0,0.43859649122806044,S08_ENVIRONMENT_RESIDUALISED,S08_ENVIRONMENT_RESIDUALISED_K1,1,True
2025-02-06,1,4380,Ｍマート,0.09962592903768148,True,0.0,0.0,S08_ENVIRONMENT_RESIDUALISED,S08_ENVIRONMENT_RESIDUALISED_K1,1,True
2025-02-07,1,6193,バーチャレクス・ホールディングス,0.10615252651301563,True,0.0,0.0,S08_ENVIRONMENT_RESIDUALISED,S08_ENVIRONMENT_RESIDUALISED_K1,1,True
2025-02-10,1,6161,エスティック,0.09783066431370196,True,1.0,1.661129568106312,S08_ENVIRONMENT_RESIDUALISED,S08_ENVIRONMENT_RESIDUALISED_K1,1,True
2025-02-12,1,4783,ＮＣＤ,0.11832125390736771,True,1.0,1.0204081632652962,S08_ENVIRONMENT_RESIDUALISED,S08_ENVIRONMENT_RESIDUALISED_K1,1,True
2025-02-13,1,7043,アルー,0.11967943884132096,True,1.0,4.813664596273282,S08_ENVIRONMENT_RESIDUALISED,S08_ENVIRONMENT_RESIDUALISED_K1,1,True
2025-02-14,1,3800,ユニリタ,0.12169216995373099,True,1.0,0.10040160642570406,S08_ENVIRONMENT_RESIDUALISED,S08_ENVIRONMENT_RESIDUALISED_K1,1,True
2025-02-17,1,3800,ユニリタ,0.10653797595634072,True,1.0,0.05025125628139726,S08_ENVIRONMENT_RESIDUALISED,S08_ENVIRONMENT_RESIDUALISED_K1,1,True
2025-02-18,1,3238,セントラル総合開発,0.11119045471403272,True,1.0,1.0845986984815648,S08_ENVIRONMENT_RESIDUALISED,S08_ENVIRONMENT_RESIDUALISED_K1,1,True
2025-02-19,1,7043,アルー,0.1131262254295875,True,1.0,2.84005979073243,S08_ENVIRONMENT_RESIDUALISED,S08_ENVIRONMENT_RESIDUALISED_K1,1,True
2025-02-20,1,3800,ユニリタ,0.10618371066098674,True,1.0,0.1506024096385561,S08_ENVIRONMENT_RESIDUALISED,S08_ENVIRONMENT_RESIDUALISED_K1,1,True
2025-02-21,1,7638,ＮＥＷ ＡＲＴ ＨＯＬＤＩＮＧＳ,0.11415571788902142,True,0.0,-1.2578616352201255,S08_ENVIRONMENT_RESIDUALISED,S08_ENVIRONMENT_RESIDUALISED_K1,1,True
2025-02-25,1,9244,デジタリフト,0.10754791714470739,True,0.0,-0.2645502645502673,S08_ENVIRONMENT_RESIDUALISED,S08_ENVIRONMENT_RESIDUALISED_K1,1,True
2025-02-26,1,4057,インターファクトリー,0.09899395275677775,True,0.0,-0.8247422680412342,S08_ENVIRONMENT_RESIDUALISED,S08_ENVIRONMENT_RESIDUALISED_K1,1,True
2025-02-27,1,3359,ｃｏｔｔａ,0.09533029312179263,True,0.0,0.0,S08_ENVIRONMENT_RESIDUALISED,S08_ENVIRONMENT_RESIDUALISED_K1,1,True
2025-02-28,1,2300,きょくとう,0.10802762243562325,True,1.0,0.20366598778003286,S08_ENVIRONMENT_RESIDUALISED,S08_ENVIRONMENT_RESIDUALISED_K1,1,True
2025-03-03,1,3490,アズ企画設計,0.10901446913504419,True,0.0,-0.4161464835622186,S08_ENVIRONMENT_RESIDUALISED,S08_ENVIRONMENT_RESIDUALISED_K1,1,True
2025-03-04,1,2300,きょくとう,0.10513663066103163,True,0.0,-0.6024096385542133,S08_ENVIRONMENT_RESIDUALISED,S08_ENVIRONMENT_RESIDUALISED_K1,1,True
2025-03-05,1,6312,フロイント産業,0.10915049520983093,True,0.0,-0.2645502645502673,S08_ENVIRONMENT_RESIDUALISED,S08_ENVIRONMENT_RESIDUALISED_K1,1,True
2025-03-06,1,3063,ジェイグループホールディングス,0.11676366199274107,True,0.0,-0.5780346820809301,S08_ENVIRONMENT_RESIDUALISED,S08_ENVIRONMENT_RESIDUALISED_K1,1,True
2025-03-07,1,3800,ユニリタ,0.10560025417312707,True,0.0,-0.05002501250624958,S08_ENVIRONMENT_RESIDUALISED,S08_ENVIRONMENT_RESIDUALISED_K1,1,True
2025-03-10,1,4783,ＮＣＤ,0.12226723800020879,True,0.0,-0.03844675124952124,S08_ENVIRONMENT_RESIDUALISED,S08_ENVIRONMENT_RESIDUALISED_K1,1,True
2025-03-11,1,7345,アイ・パートナーズフィナンシャル,0.130698017411342,True,1.0,0.6666666666666599,S08_ENVIRONMENT_RESIDUALISED,S08_ENVIRONMENT_RESIDUALISED_K1,1,True
2025-03-12,1,8139,ナガホリ,0.10859826357849622,True,1.0,1.231884057971011,S08_ENVIRONMENT_RESIDUALISED,S08_ENVIRONMENT_RESIDUALISED_K1,1,True
2025-03-13,1,7345,アイ・パートナーズフィナンシャル,0.10647429651190911,True,1.0,1.683501683501687,S08_ENVIRONMENT_RESIDUALISED,S08_ENVIRONMENT_RESIDUALISED_K1,1,True
2025-03-14,1,4387,ＺＵＵ,0.10123675441951821,True,1.0,0.2421307506053294,S08_ENVIRONMENT_RESIDUALISED,S08_ENVIRONMENT_RESIDUALISED_K1,1,True
2025-03-17,1,2332,クエスト,0.11734808833862415,True,1.0,0.6666666666666599,S08_ENVIRONMENT_RESIDUALISED,S08_ENVIRONMENT_RESIDUALISED_K1,1,True
2025-03-18,1,7345,アイ・パートナーズフィナンシャル,0.12464515854396847,True,0.0,-1.7793594306049876,S08_ENVIRONMENT_RESIDUALISED,S08_ENVIRONMENT_RESIDUALISED_K1,1,True
2025-03-19,1,2332,クエスト,0.13607271419452754,True,1.0,0.589101620029453,S08_ENVIRONMENT_RESIDUALISED,S08_ENVIRONMENT_RESIDUALISED_K1,1,True
2025-03-21,1,5277,スパンクリートコーポレーション,0.1317577454396726,True,0.0,-0.22421524663677195,S08_ENVIRONMENT_RESIDUALISED,S08_ENVIRONMENT_RESIDUALISED_K1,1,True
2025-03-24,1,5277,スパンクリートコーポレーション,0.14172931199092326,True,1.0,0.22421524663676085,S08_ENVIRONMENT_RESIDUALISED,S08_ENVIRONMENT_RESIDUALISED_K1,1,True
2025-03-25,1,5277,スパンクリートコーポレーション,0.15376245848996858,True,0.0,-0.22371364653244186,S08_ENVIRONMENT_RESIDUALISED,S08_ENVIRONMENT_RESIDUALISED_K1,1,True
2025-03-26,1,5277,スパンクリートコーポレーション,0.14879463631810813,True,1.0,0.4474272930648837,S08_ENVIRONMENT_RESIDUALISED,S08_ENVIRONMENT_RESIDUALISED_K1,1,True
2025-03-27,1,5277,スパンクリートコーポレーション,0.14412092588806652,True,1.0,0.44642857142858094,S08_ENVIRONMENT_RESIDUALISED,S08_ENVIRONMENT_RESIDUALISED_K1,1,True
2025-03-28,1,5277,スパンクリートコーポレーション,0.14428672600844064,True,1.0,0.6696428571428603,S08_ENVIRONMENT_RESIDUALISED,S08_ENVIRONMENT_RESIDUALISED_K1,1,True
2025-03-31,1,5277,スパンクリートコーポレーション,0.11816148919322582,True,0.0,0.0,S08_ENVIRONMENT_RESIDUALISED,S08_ENVIRONMENT_RESIDUALISED_K1,1,True
2025-04-01,1,3434,アルファＣｏ,0.11577064586400405,True,0.0,-1.4388489208633115,S08_ENVIRONMENT_RESIDUALISED,S08_ENVIRONMENT_RESIDUALISED_K1,1,True
2025-04-02,1,7318,セレンディップ・ホールディングス,0.12521289019521908,True,0.0,-0.9044657998869443,S08_ENVIRONMENT_RESIDUALISED,S08_ENVIRONMENT_RESIDUALISED_K1,1,True
2025-04-03,1,5845,全保連,0.11371754911765763,True,0.0,-0.6127450980392135,S08_ENVIRONMENT_RESIDUALISED,S08_ENVIRONMENT_RESIDUALISED_K1,1,True
2025-04-04,1,9685,ＫＹＣＯＭホールディングス,0.09546314666937301,True,0.0,-8.062015503875974,S08_ENVIRONMENT_RESIDUALISED,S08_ENVIRONMENT_RESIDUALISED_K1,1,True
2025-04-07,1,7036,イーエムネットジャパン,0.12961582203364097,True,0.0,-8.115942028985511,S08_ENVIRONMENT_RESIDUALISED,S08_ENVIRONMENT_RESIDUALISED_K1,1,True
2025-04-08,1,1662,石油資源開発,0.10008524141139331,True,0.0,-0.29880478087649376,S08_ENVIRONMENT_RESIDUALISED,S08_ENVIRONMENT_RESIDUALISED_K1,1,True
2025-04-09,1,1662,石油資源開発,0.09943396886149156,True,0.0,-2.7551020408163263,S08_ENVIRONMENT_RESIDUALISED,S08_ENVIRONMENT_RESIDUALISED_K1,1,True
2025-04-10,1,2332,クエスト,0.10812332791771886,True,1.0,0.39777247414478634,S08_ENVIRONMENT_RESIDUALISED,S08_ENVIRONMENT_RESIDUALISED_K1,1,True
2025-04-11,1,7043,アルー,0.11690794036216896,True,1.0,1.9461077844311392,S08_ENVIRONMENT_RESIDUALISED,S08_ENVIRONMENT_RESIDUALISED_K1,1,True
2025-04-14,1,7043,アルー,0.13918382464166376,True,1.0,2.2222222222222143,S08_ENVIRONMENT_RESIDUALISED,S08_ENVIRONMENT_RESIDUALISED_K1,1,True
2025-04-15,1,3986,ビーブレイクシステムズ,0.16563353353166288,True,1.0,0.20964360587001352,S08_ENVIRONMENT_RESIDUALISED,S08_ENVIRONMENT_RESIDUALISED_K1,1,True
2025-04-16,1,3986,ビーブレイクシステムズ,0.15455741053937486,True,,,S08_ENVIRONMENT_RESIDUALISED,S08_ENVIRONMENT_RESIDUALISED_K1,1,False
2025-04-17,1,3986,ビーブレイクシステムズ,0.15917110749663613,True,0.0,-2.0689655172413834,S08_ENVIRONMENT_RESIDUALISED,S08_ENVIRONMENT_RESIDUALISED_K1,1,True
2025-04-18,1,3986,ビーブレイクシステムズ,0.1391628185788791,True,1.0,1.0563380281690238,S08_ENVIRONMENT_RESIDUALISED,S08_ENVIRONMENT_RESIDUALISED_K1,1,True
2025-04-21,1,7043,アルー,0.12408971201225681,True,1.0,0.8746355685131268,S08_ENVIRONMENT_RESIDUALISED,S08_ENVIRONMENT_RESIDUALISED_K1,1,True
2025-04-22,1,7043,アルー,0.1243159140960605,True,1.0,1.3157894736842035,S08_ENVIRONMENT_RESIDUALISED,S08_ENVIRONMENT_RESIDUALISED_K1,1,True
2025-04-23,1,7043,アルー,0.12625637693300437,True,0.0,-0.575539568345329,S08_ENVIRONMENT_RESIDUALISED,S08_ENVIRONMENT_RESIDUALISED_K1,1,True
2025-04-24,1,7043,アルー,0.14347703443529924,True,1.0,0.5788712011577379,S08_ENVIRONMENT_RESIDUALISED,S08_ENVIRONMENT_RESIDUALISED_K1,1,True
2025-04-25,1,7043,アルー,0.13301289940010824,True,1.0,0.1436781609195359,S08_ENVIRONMENT_RESIDUALISED,S08_ENVIRONMENT_RESIDUALISED_K1,1,True
2025-04-28,1,7043,アルー,0.11809159021185972,True,0.0,-0.43041606886656814,S08_ENVIRONMENT_RESIDUALISED,S08_ENVIRONMENT_RESIDUALISED_K1,1,True
2025-04-30,1,7043,アルー,0.13093269872581983,True,1.0,0.14409221902016434,S08_ENVIRONMENT_RESIDUALISED,S08_ENVIRONMENT_RESIDUALISED_K1,1,True
2025-05-01,1,7043,アルー,0.12073159415163781,True,1.0,0.2877697841726645,S08_ENVIRONMENT_RESIDUALISED,S08_ENVIRONMENT_RESIDUALISED_K1,1,True
2025-05-02,1,7043,アルー,0.10707211022013723,True,0.0,-0.1436781609195359,S08_ENVIRONMENT_RESIDUALISED,S08_ENVIRONMENT_RESIDUALISED_K1,1,True
2025-05-07,1,7043,アルー,0.12517553158786787,True,1.0,1.5827338129496438,S08_ENVIRONMENT_RESIDUALISED,S08_ENVIRONMENT_RESIDUALISED_K1,1,True
2025-05-08,1,6034,ＭＲＴ,0.1106055156591062,True,0.0,-0.14492753623188692,S08_ENVIRONMENT_RESIDUALISED,S08_ENVIRONMENT_RESIDUALISED_K1,1,True
2025-05-09,1,6492,岡野バルブ製造,0.11300749753168866,True,1.0,3.750000000000009,S08_ENVIRONMENT_RESIDUALISED,S08_ENVIRONMENT_RESIDUALISED_K1,1,True
2025-05-12,1,7345,アイ・パートナーズフィナンシャル,0.13018149321511074,True,1.0,1.6042780748663166,S08_ENVIRONMENT_RESIDUALISED,S08_ENVIRONMENT_RESIDUALISED_K1,1,True
2025-05-13,1,7345,アイ・パートナーズフィナンシャル,0.12641628974049876,True,0.0,-1.0714285714285676,S08_ENVIRONMENT_RESIDUALISED,S08_ENVIRONMENT_RESIDUALISED_K1,1,True
2025-05-14,1,7345,アイ・パートナーズフィナンシャル,0.14108708952581278,True,1.0,3.392857142857153,S08_ENVIRONMENT_RESIDUALISED,S08_ENVIRONMENT_RESIDUALISED_K1,1,True
2025-05-15,1,3353,メディカル一光グループ,0.11601328655410799,True,1.0,0.2565198802907176,S08_ENVIRONMENT_RESIDUALISED,S08_ENVIRONMENT_RESIDUALISED_K1,1,True
2025-05-16,1,7345,アイ・パートナーズフィナンシャル,0.1312318845498535,True,1.0,0.8928571428571397,S08_ENVIRONMENT_RESIDUALISED,S08_ENVIRONMENT_RESIDUALISED_K1,1,True
2025-05-19,1,6034,ＭＲＴ,0.11613225384547507,True,0.0,-1.3274336283185861,S08_ENVIRONMENT_RESIDUALISED,S08_ENVIRONMENT_RESIDUALISED_K1,1,True
2025-05-20,1,7345,アイ・パートナーズフィナンシャル,0.11761558766836999,True,1.0,0.727272727272732,S08_ENVIRONMENT_RESIDUALISED,S08_ENVIRONMENT_RESIDUALISED_K1,1,True
2025-05-21,1,6346,キクカワエンタープライズ,0.10493968775548145,True,1.0,0.8944543828264706,S08_ENVIRONMENT_RESIDUALISED,S08_ENVIRONMENT_RESIDUALISED_K1,1,True
2025-05-22,1,7345,アイ・パートナーズフィナンシャル,0.10997233893579676,True,1.0,1.6666666666666607,S08_ENVIRONMENT_RESIDUALISED,S08_ENVIRONMENT_RESIDUALISED_K1,1,True
2025-05-23,1,7345,アイ・パートナーズフィナンシャル,0.11617487131378448,True,1.0,1.4842300556586308,S08_ENVIRONMENT_RESIDUALISED,S08_ENVIRONMENT_RESIDUALISED_K1,1,True
2025-05-26,1,7345,アイ・パートナーズフィナンシャル,0.12767896063984796,True,1.0,0.3656307129798808,S08_ENVIRONMENT_RESIDUALISED,S08_ENVIRONMENT_RESIDUALISED_K1,1,True
2025-05-27,1,7345,アイ・パートナーズフィナンシャル,0.1131882223146203,True,1.0,5.185185185185182,S08_ENVIRONMENT_RESIDUALISED,S08_ENVIRONMENT_RESIDUALISED_K1,1,True
2025-05-28,1,5945,天龍製鋸,0.12458483199788378,True,1.0,0.37776578521315773,S08_ENVIRONMENT_RESIDUALISED,S08_ENVIRONMENT_RESIDUALISED_K1,1,True
2025-05-29,1,7345,アイ・パートナーズフィナンシャル,0.14302372413451753,True,1.0,1.4814814814814836,S08_ENVIRONMENT_RESIDUALISED,S08_ENVIRONMENT_RESIDUALISED_K1,1,True
2025-05-30,1,5945,天龍製鋸,0.1297964773161931,True,1.0,0.2702702702702675,S08_ENVIRONMENT_RESIDUALISED,S08_ENVIRONMENT_RESIDUALISED_K1,1,True
2025-06-02,1,5945,天龍製鋸,0.11619860887753396,True,0.0,-0.48179871520342976,S08_ENVIRONMENT_RESIDUALISED,S08_ENVIRONMENT_RESIDUALISED_K1,1,True
2025-06-03,1,3271,ＴＨＥグローバル社,0.10531225605740946,True,0.0,-0.6295907660020972,S08_ENVIRONMENT_RESIDUALISED,S08_ENVIRONMENT_RESIDUALISED_K1,1,True
2025-06-04,1,6346,キクカワエンタープライズ,0.10974920372751451,True,1.0,1.0869565217391353,S08_ENVIRONMENT_RESIDUALISED,S08_ENVIRONMENT_RESIDUALISED_K1,1,True
2025-06-05,1,6346,キクカワエンタープライズ,0.10549326671614823,True,,,S08_ENVIRONMENT_RESIDUALISED,S08_ENVIRONMENT_RESIDUALISED_K1,1,False
2025-06-06,1,3948,光ビジネスフォーム,0.11424199609696509,True,1.0,1.6999999999999904,S08_ENVIRONMENT_RESIDUALISED,S08_ENVIRONMENT_RESIDUALISED_K1,1,True
2025-06-09,1,3271,ＴＨＥグローバル社,0.09526367049468625,True,0.0,0.0,S08_ENVIRONMENT_RESIDUALISED,S08_ENVIRONMENT_RESIDUALISED_K1,1,True
2025-06-10,1,9142,九州旅客鉄道,0.09270237906329654,True,0.0,-0.42440318302386926,S08_ENVIRONMENT_RESIDUALISED,S08_ENVIRONMENT_RESIDUALISED_K1,1,True
2025-06-11,1,175A,Ｗｉｌｌ Ｓｍａｒｔ,0.09641437223252824,True,1.0,2.1437578814627933,S08_ENVIRONMENT_RESIDUALISED,S08_ENVIRONMENT_RESIDUALISED_K1,1,True
2025-06-12,1,6158,和井⽥製作所,0.09909056457509909,True,0.0,-0.3386004514672636,S08_ENVIRONMENT_RESIDUALISED,S08_ENVIRONMENT_RESIDUALISED_K1,1,True
2025-06-13,1,1866,北野建設,0.1046237888931317,True,1.0,2.9484029484029506,S08_ENVIRONMENT_RESIDUALISED,S08_ENVIRONMENT_RESIDUALISED_K1,1,True
2025-06-16,1,7345,アイ・パートナーズフィナンシャル,0.1294826171641633,True,1.0,2.177858439201441,S08_ENVIRONMENT_RESIDUALISED,S08_ENVIRONMENT_RESIDUALISED_K1,1,True
2025-06-17,1,7255,桜井製作所,0.11860989882533063,True,1.0,1.7513134851138368,S08_ENVIRONMENT_RESIDUALISED,S08_ENVIRONMENT_RESIDUALISED_K1,1,True
2025-06-18,1,7255,桜井製作所,0.10692125910195421,True,1.0,0.17241379310344307,S08_ENVIRONMENT_RESIDUALISED,S08_ENVIRONMENT_RESIDUALISED_K1,1,True
2025-06-19,1,9767,日建⼯学,0.1190003393136632,True,1.0,1.6702977487291104,S08_ENVIRONMENT_RESIDUALISED,S08_ENVIRONMENT_RESIDUALISED_K1,1,True
2025-06-20,1,3843,フリービット,0.10000958879457507,True,0.0,-1.480959097320167,S08_ENVIRONMENT_RESIDUALISED,S08_ENVIRONMENT_RESIDUALISED_K1,1,True
2025-06-23,1,6648,かわでん,0.10881118023871211,True,1.0,0.11428571428571122,S08_ENVIRONMENT_RESIDUALISED,S08_ENVIRONMENT_RESIDUALISED_K1,1,True
2025-06-24,1,2327,日鉄ソリューションズ,0.10126097279178745,True,0.0,-0.42918454935622075,S08_ENVIRONMENT_RESIDUALISED,S08_ENVIRONMENT_RESIDUALISED_K1,1,True
2025-06-25,1,4437,ｇｏｏｄｄａｙｓホールディングス,0.11571605661699848,True,0.0,-0.295857988165682,S08_ENVIRONMENT_RESIDUALISED,S08_ENVIRONMENT_RESIDUALISED_K1,1,True
2025-06-26,1,4437,ｇｏｏｄｄａｙｓホールディングス,0.09894097648522342,True,1.0,1.5037593984962516,S08_ENVIRONMENT_RESIDUALISED,S08_ENVIRONMENT_RESIDUALISED_K1,1,True
2025-06-27,1,4437,ｇｏｏｄｄａｙｓホールディングス,0.09893568750934108,True,1.0,0.14792899408284654,S08_ENVIRONMENT_RESIDUALISED,S08_ENVIRONMENT_RESIDUALISED_K1,1,True
2025-06-30,1,7043,アルー,0.11960279551102407,True,1.0,0.9150326797385588,S08_ENVIRONMENT_RESIDUALISED,S08_ENVIRONMENT_RESIDUALISED_K1,1,True
2025-07-01,1,4437,ｇｏｏｄｄａｙｓホールディングス,0.10869850568038346,True,0.0,-0.7299270072992692,S08_ENVIRONMENT_RESIDUALISED,S08_ENVIRONMENT_RESIDUALISED_K1,1,True
2025-07-02,1,9361,伏木海陸運送,0.09881524458860559,True,0.0,-0.5518087063151489,S08_ENVIRONMENT_RESIDUALISED,S08_ENVIRONMENT_RESIDUALISED_K1,1,True
2025-07-03,1,7043,アルー,0.1303689088307821,True,1.0,0.5221932114882533,S08_ENVIRONMENT_RESIDUALISED,S08_ENVIRONMENT_RESIDUALISED_K1,1,True
2025-07-04,1,7043,アルー,0.1049718427283569,True,1.0,0.26041666666667407,S08_ENVIRONMENT_RESIDUALISED,S08_ENVIRONMENT_RESIDUALISED_K1,1,True
2025-07-07,1,7043,アルー,0.10731111705691998,True,1.0,0.26041666666667407,S08_ENVIRONMENT_RESIDUALISED,S08_ENVIRONMENT_RESIDUALISED_K1,1,True
2025-07-08,1,7043,アルー,0.10989138410652918,True,1.0,0.39215686274509665,S08_ENVIRONMENT_RESIDUALISED,S08_ENVIRONMENT_RESIDUALISED_K1,1,True
2025-07-09,1,7043,アルー,0.13535135631634057,True,1.0,0.78125,S08_ENVIRONMENT_RESIDUALISED,S08_ENVIRONMENT_RESIDUALISED_K1,1,True
2025-07-10,1,4437,ｇｏｏｄｄａｙｓホールディングス,0.11874398630671543,True,1.0,0.4411764705882337,S08_ENVIRONMENT_RESIDUALISED,S08_ENVIRONMENT_RESIDUALISED_K1,1,True
2025-07-11,1,4437,ｇｏｏｄｄａｙｓホールディングス,0.1194726979974801,True,1.0,0.2928257686676483,S08_ENVIRONMENT_RESIDUALISED,S08_ENVIRONMENT_RESIDUALISED_K1,1,True
2025-07-14,1,4437,ｇｏｏｄｄａｙｓホールディングス,0.12239866461934208,True,0.0,-0.7246376811594235,S08_ENVIRONMENT_RESIDUALISED,S08_ENVIRONMENT_RESIDUALISED_K1,1,True
2025-07-15,1,7043,アルー,0.12456397676705182,True,0.0,0.0,S08_ENVIRONMENT_RESIDUALISED,S08_ENVIRONMENT_RESIDUALISED_K1,1,True
2025-07-16,1,7043,アルー,0.11024834227750166,True,1.0,0.6493506493506551,S08_ENVIRONMENT_RESIDUALISED,S08_ENVIRONMENT_RESIDUALISED_K1,1,True
2025-07-17,1,7043,アルー,0.10948983433258642,True,1.0,0.2600780234070177,S08_ENVIRONMENT_RESIDUALISED,S08_ENVIRONMENT_RESIDUALISED_K1,1,True
2025-07-18,1,7043,アルー,0.12689934859369664,True,1.0,0.1290322580645098,S08_ENVIRONMENT_RESIDUALISED,S08_ENVIRONMENT_RESIDUALISED_K1,1,True
2025-07-22,1,7043,アルー,0.11588822583854526,True,1.0,2.05920205920207,S08_ENVIRONMENT_RESIDUALISED,S08_ENVIRONMENT_RESIDUALISED_K1,1,True
2025-07-23,1,7808,シー・エス・ランバー,0.0908738805313148,True,1.0,0.4366812227074135,S08_ENVIRONMENT_RESIDUALISED,S08_ENVIRONMENT_RESIDUALISED_K1,1,True
2025-07-24,1,7808,シー・エス・ランバー,0.11177042512788941,True,1.0,1.655629139072845,S08_ENVIRONMENT_RESIDUALISED,S08_ENVIRONMENT_RESIDUALISED_K1,1,True
2025-07-25,1,7634,星医療酸器,0.11807851548384801,True,1.0,0.439560439560438,S08_ENVIRONMENT_RESIDUALISED,S08_ENVIRONMENT_RESIDUALISED_K1,1,True
2025-07-28,1,7634,星医療酸器,0.11709875706234892,True,0.0,0.0,S08_ENVIRONMENT_RESIDUALISED,S08_ENVIRONMENT_RESIDUALISED_K1,1,True
2025-07-29,1,9259,タカヨシホールディングス,0.11560938519927202,True,0.0,0.0,S08_ENVIRONMENT_RESIDUALISED,S08_ENVIRONMENT_RESIDUALISED_K1,1,True
2025-07-30,1,7043,アルー,0.11419261923474455,True,1.0,2.130325814536338,S08_ENVIRONMENT_RESIDUALISED,S08_ENVIRONMENT_RESIDUALISED_K1,1,True
2025-07-31,1,9259,タカヨシホールディングス,0.11002534005713323,True,1.0,0.14265335235377208,S08_ENVIRONMENT_RESIDUALISED,S08_ENVIRONMENT_RESIDUALISED_K1,1,True
2024-07-01,1,7043,アルー,0.15196930333375228,True,1.0,0.49999999999998934,S08_ENVIRONMENT_RESIDUALISED,S08_ENVIRONMENT_RESIDUALISED_K2,2,True
2024-07-01,2,8139,ナガホリ,0.12040331348137034,True,1.0,2.382671480144394,S08_ENVIRONMENT_RESIDUALISED,S08_ENVIRONMENT_RESIDUALISED_K2,2,True
2024-07-02,1,7043,アルー,0.14663703577975917,True,0.0,-0.49813200498132204,S08_ENVIRONMENT_RESIDUALISED,S08_ENVIRONMENT_RESIDUALISED_K2,2,True
2024-07-02,2,6151,日東⼯器,0.10824979985104023,True,0.0,-3.2746623004502706,S08_ENVIRONMENT_RESIDUALISED,S08_ENVIRONMENT_RESIDUALISED_K2,2,True
2024-07-03,1,7043,アルー,0.14003029582925725,True,1.0,1.643489254108732,S08_ENVIRONMENT_RESIDUALISED,S08_ENVIRONMENT_RESIDUALISED_K2,2,True
2024-07-03,2,6151,日東⼯器,0.12746842099679292,True,0.0,-4.340497260851239,S08_ENVIRONMENT_RESIDUALISED,S08_ENVIRONMENT_RESIDUALISED_K2,2,True
2024-07-04,1,6151,日東⼯器,0.12639152012928656,True,0.0,-0.9683098591549255,S08_ENVIRONMENT_RESIDUALISED,S08_ENVIRONMENT_RESIDUALISED_K2,2,True
2024-07-04,2,7043,アルー,0.10963243277387039,True,0.0,0.0,S08_ENVIRONMENT_RESIDUALISED,S08_ENVIRONMENT_RESIDUALISED_K2,2,True
2024-07-05,1,7043,アルー,0.1246453830858965,True,1.0,7.800511508951402,S08_ENVIRONMENT_RESIDUALISED,S08_ENVIRONMENT_RESIDUALISED_K2,2,True
2024-07-05,2,2480,システム・ロケーション,0.1114505372128902,True,1.0,1.8436578171091345,S08_ENVIRONMENT_RESIDUALISED,S08_ENVIRONMENT_RESIDUALISED_K2,2,True
2024-07-08,1,6151,日東⼯器,0.10225691276991779,True,0.0,-3.8224956063268922,S08_ENVIRONMENT_RESIDUALISED,S08_ENVIRONMENT_RESIDUALISED_K2,2,True
2024-07-08,2,7676,グッドスピード,0.09708564337617989,True,0.0,0.0,S08_ENVIRONMENT_RESIDUALISED,S08_ENVIRONMENT_RESIDUALISED_K2,2,True
2024-07-09,1,6151,日東⼯器,0.10710630723193906,True,1.0,0.22841480127913094,S08_ENVIRONMENT_RESIDUALISED,S08_ENVIRONMENT_RESIDUALISED_K2,2,True
2024-07-09,2,8139,ナガホリ,0.09344657692089117,True,1.0,1.9607843137254832,S08_ENVIRONMENT_RESIDUALISED,S08_ENVIRONMENT_RESIDUALISED_K2,2,True
2024-07-10,1,4491,コンピューターマネージメント,0.09710623115002419,True,1.0,1.4251781472684133,S08_ENVIRONMENT_RESIDUALISED,S08_ENVIRONMENT_RESIDUALISED_K2,2,True
2024-07-10,2,1866,北野建設,0.09707157308665151,True,0.0,-0.4070556309362261,S08_ENVIRONMENT_RESIDUALISED,S08_ENVIRONMENT_RESIDUALISED_K2,2,True
2024-07-11,1,3974,ＳＣＡＴ,0.09661277050732454,True,1.0,1.2958963282937441,S08_ENVIRONMENT_RESIDUALISED,S08_ENVIRONMENT_RESIDUALISED_K2,2,True
2024-07-11,2,9070,トナミホールディングス,0.09422647598317711,True,1.0,0.1686340640809414,S08_ENVIRONMENT_RESIDUALISED,S08_ENVIRONMENT_RESIDUALISED_K2,2,True
2024-07-12,1,4344,ソースネクスト,0.11091795353856251,True,1.0,9.478672985782,S08_ENVIRONMENT_RESIDUALISED,S08_ENVIRONMENT_RESIDUALISED_K2,2,True
2024-07-12,2,3991,ウォンテッドリー,0.10249412428522486,True,1.0,2.132352941176463,S08_ENVIRONMENT_RESIDUALISED,S08_ENVIRONMENT_RESIDUALISED_K2,2,True
2024-07-16,1,8938,グローム・ホールディングス,0.09706455507729617,True,1.0,3.2727272727272716,S08_ENVIRONMENT_RESIDUALISED,S08_ENVIRONMENT_RESIDUALISED_K2,2,True
2024-07-16,2,1866,北野建設,0.09592338180444951,True,0.0,-0.4132231404958664,S08_ENVIRONMENT_RESIDUALISED,S08_ENVIRONMENT_RESIDUALISED_K2,2,True
2024-07-17,1,7807,幸和製作所,0.1331014914378277,True,0.0,-2.4207011686143587,S08_ENVIRONMENT_RESIDUALISED,S08_ENVIRONMENT_RESIDUALISED_K2,2,True
2024-07-17,2,3892,岡山製紙,0.1183656683519899,True,1.0,0.06756756756756133,S08_ENVIRONMENT_RESIDUALISED,S08_ENVIRONMENT_RESIDUALISED_K2,2,True
2024-07-18,1,7043,アルー,0.10379127382163995,True,1.0,2.261904761904754,S08_ENVIRONMENT_RESIDUALISED,S08_ENVIRONMENT_RESIDUALISED_K2,2,True
2024-07-18,2,6870,日本フェンオール,0.10377310386489075,True,1.0,0.2875215641173101,S08_ENVIRONMENT_RESIDUALISED,S08_ENVIRONMENT_RESIDUALISED_K2,2,True
2024-07-19,1,5252,日本ナレッジ,0.10489117180175747,True,1.0,0.6545454545454632,S08_ENVIRONMENT_RESIDUALISED,S08_ENVIRONMENT_RESIDUALISED_K2,2,True
2024-07-19,2,7590,タカショー,0.10285394996765183,True,1.0,0.18552875695732052,S08_ENVIRONMENT_RESIDUALISED,S08_ENVIRONMENT_RESIDUALISED_K2,2,True
2024-07-22,1,7043,アルー,0.1367526223126186,True,1.0,4.422604422604426,S08_ENVIRONMENT_RESIDUALISED,S08_ENVIRONMENT_RESIDUALISED_K2,2,True
2024-07-22,2,4362,日本精化,0.09891015466634623,True,0.0,-2.630643441166014,S08_ENVIRONMENT_RESIDUALISED,S08_ENVIRONMENT_RESIDUALISED_K2,2,True
2024-07-23,1,6048,デザインワン・ジャパン,0.10733774888966492,True,0.0,-2.0689655172413834,S08_ENVIRONMENT_RESIDUALISED,S08_ENVIRONMENT_RESIDUALISED_K2,2,True
2024-07-23,2,6707,サンケン電気,0.10147944459203541,True,0.0,-1.3733333333333375,S08_ENVIRONMENT_RESIDUALISED,S08_ENVIRONMENT_RESIDUALISED_K2,2,True
2024-07-24,1,6762,ＴＤＫ,0.10619747467179243,True,0.0,-0.14691478942213676,S08_ENVIRONMENT_RESIDUALISED,S08_ENVIRONMENT_RESIDUALISED_K2,2,True
2024-07-24,2,9246,プロジェクトホールディングス,0.1032588209323668,True,0.0,-0.07347538574578039,S08_ENVIRONMENT_RESIDUALISED,S08_ENVIRONMENT_RESIDUALISED_K2,2,True
2024-07-25,1,7043,アルー,0.09946263919727147,True,1.0,1.0882708585247869,S08_ENVIRONMENT_RESIDUALISED,S08_ENVIRONMENT_RESIDUALISED_K2,2,True
2024-07-25,2,6113,アマダ,0.09208135182846913,True,0.0,-2.4864246927693623,S08_ENVIRONMENT_RESIDUALISED,S08_ENVIRONMENT_RESIDUALISED_K2,2,True
2024-07-26,1,5256,Ｆｕｓｉｃ,0.09316674256228784,True,0.0,-0.45385779122542047,S08_ENVIRONMENT_RESIDUALISED,S08_ENVIRONMENT_RESIDUALISED_K2,2,True
2024-07-26,2,9812,テーオーホールディングス,0.09036319461066325,True,0.0,-6.020942408376961,S08_ENVIRONMENT_RESIDUALISED,S08_ENVIRONMENT_RESIDUALISED_K2,2,True
2024-07-29,1,5247,ＢＴＭ,0.09534949960968202,True,1.0,3.5409836065573685,S08_ENVIRONMENT_RESIDUALISED,S08_ENVIRONMENT_RESIDUALISED_K2,2,True
2024-07-29,2,7175,今村証券,0.08107415091473814,True,1.0,0.29390154298309934,S08_ENVIRONMENT_RESIDUALISED,S08_ENVIRONMENT_RESIDUALISED_K2,2,True
2024-07-30,1,7043,アルー,0.12412824007043777,True,1.0,2.4242424242424176,S08_ENVIRONMENT_RESIDUALISED,S08_ENVIRONMENT_RESIDUALISED_K2,2,True
2024-07-30,2,4496,コマースＯｎｅホールディングス,0.08811942382299419,True,1.0,0.12531328320801727,S08_ENVIRONMENT_RESIDUALISED,S08_ENVIRONMENT_RESIDUALISED_K2,2,True
2024-07-31,1,9340,アソインターナショナル,0.09633735270791584,True,1.0,3.2032032032031976,S08_ENVIRONMENT_RESIDUALISED,S08_ENVIRONMENT_RESIDUALISED_K2,2,True
2024-07-31,2,3934,ベネフィットジャパン,0.09321191354543175,True,0.0,-1.4705882352941124,S08_ENVIRONMENT_RESIDUALISED,S08_ENVIRONMENT_RESIDUALISED_K2,2,True
2024-08-01,1,8139,ナガホリ,0.1315144900288758,True,1.0,2.3668639053254337,S08_ENVIRONMENT_RESIDUALISED,S08_ENVIRONMENT_RESIDUALISED_K2,2,True
2024-08-01,2,4496,コマースＯｎｅホールディングス,0.11870452602274313,True,1.0,1.4084507042253502,S08_ENVIRONMENT_RESIDUALISED,S08_ENVIRONMENT_RESIDUALISED_K2,2,True
2024-08-02,1,3673,ブロードリーフ,0.12157046909551779,True,0.0,-3.0411449016100156,S08_ENVIRONMENT_RESIDUALISED,S08_ENVIRONMENT_RESIDUALISED_K2,2,True
2024-08-02,2,8139,ナガホリ,0.1203683229168977,True,0.0,0.0,S08_ENVIRONMENT_RESIDUALISED,S08_ENVIRONMENT_RESIDUALISED_K2,2,True
2024-08-05,1,9996,サトー商会,0.11203637557849677,True,1.0,8.002602472348741,S08_ENVIRONMENT_RESIDUALISED,S08_ENVIRONMENT_RESIDUALISED_K2,2,True
2024-08-05,2,6930,日本アンテナ,0.10980258223965512,True,0.0,-7.152875175315565,S08_ENVIRONMENT_RESIDUALISED,S08_ENVIRONMENT_RESIDUALISED_K2,2,True
2024-08-06,1,9162,ブリーチ,0.11554340388129833,True,0.0,0.0,S08_ENVIRONMENT_RESIDUALISED,S08_ENVIRONMENT_RESIDUALISED_K2,2,True
2024-08-06,2,4496,コマースＯｎｅホールディングス,0.10808211219959188,True,1.0,12.53968253968254,S08_ENVIRONMENT_RESIDUALISED,S08_ENVIRONMENT_RESIDUALISED_K2,2,True
2024-08-07,1,4814,ネクストウェア,0.0970599389126841,True,1.0,4.8387096774193505,S08_ENVIRONMENT_RESIDUALISED,S08_ENVIRONMENT_RESIDUALISED_K2,2,True
2024-08-07,2,7043,アルー,0.08767126723281776,True,1.0,2.836004932182501,S08_ENVIRONMENT_RESIDUALISED,S08_ENVIRONMENT_RESIDUALISED_K2,2,True
2024-08-08,1,7043,アルー,0.09042755075758967,True,1.0,0.3597122302158251,S08_ENVIRONMENT_RESIDUALISED,S08_ENVIRONMENT_RESIDUALISED_K2,2,True
2024-08-08,2,1997,暁飯島⼯業,0.0582826252207614,True,1.0,3.0056355666875367,S08_ENVIRONMENT_RESIDUALISED,S08_ENVIRONMENT_RESIDUALISED_K2,2,True
2024-08-09,1,7043,アルー,0.10864945709720263,True,0.0,0.0,S08_ENVIRONMENT_RESIDUALISED,S08_ENVIRONMENT_RESIDUALISED_K2,2,True
2024-08-09,2,8139,ナガホリ,0.08780384289539267,True,0.0,-3.1884057971014457,S08_ENVIRONMENT_RESIDUALISED,S08_ENVIRONMENT_RESIDUALISED_K2,2,True
2024-08-13,1,7043,アルー,0.13069135928226203,True,0.0,-1.8495684340320562,S08_ENVIRONMENT_RESIDUALISED,S08_ENVIRONMENT_RESIDUALISED_K2,2,True
2024-08-13,2,8139,ナガホリ,0.12940837739887964,True,1.0,0.5098324836125379,S08_ENVIRONMENT_RESIDUALISED,S08_ENVIRONMENT_RESIDUALISED_K2,2,True
2024-08-14,1,7043,アルー,0.17523944142719308,True,1.0,3.409090909090917,S08_ENVIRONMENT_RESIDUALISED,S08_ENVIRONMENT_RESIDUALISED_K2,2,True
2024-08-14,2,8139,ナガホリ,0.14738024053330773,True,0.0,0.0,S08_ENVIRONMENT_RESIDUALISED,S08_ENVIRONMENT_RESIDUALISED_K2,2,True
2024-08-15,1,8139,ナガホリ,0.14130645032242936,True,0.0,-1.1594202898550732,S08_ENVIRONMENT_RESIDUALISED,S08_ENVIRONMENT_RESIDUALISED_K2,2,True
2024-08-15,2,7043,アルー,0.13427956658777346,True,0.0,-2.5547445255474477,S08_ENVIRONMENT_RESIDUALISED,S08_ENVIRONMENT_RESIDUALISED_K2,2,True
2024-08-16,1,7043,アルー,0.15788453748858358,True,0.0,-0.4987531172069848,S08_ENVIRONMENT_RESIDUALISED,S08_ENVIRONMENT_RESIDUALISED_K2,2,True
2024-08-16,2,8139,ナガホリ,0.14299075081282797,True,1.0,0.8046817849304944,S08_ENVIRONMENT_RESIDUALISED,S08_ENVIRONMENT_RESIDUALISED_K2,2,True
2024-08-19,1,7043,アルー,0.13025357200321921,True,0.0,-0.5031446540880502,S08_ENVIRONMENT_RESIDUALISED,S08_ENVIRONMENT_RESIDUALISED_K2,2,True
2024-08-19,2,8139,ナガホリ,0.12858495089365465,True,1.0,1.7492711370262315,S08_ENVIRONMENT_RESIDUALISED,S08_ENVIRONMENT_RESIDUALISED_K2,2,True
2024-08-20,1,7043,アルー,0.12761851113272116,True,0.0,-0.37641154328732496,S08_ENVIRONMENT_RESIDUALISED,S08_ENVIRONMENT_RESIDUALISED_K2,2,True
2024-08-20,2,3804,システム ディ,0.1013435712926075,True,,,S08_ENVIRONMENT_RESIDUALISED,S08_ENVIRONMENT_RESIDUALISED_K2,2,False
2024-08-21,1,7043,アルー,0.11501021468027299,True,1.0,0.6369426751592355,S08_ENVIRONMENT_RESIDUALISED,S08_ENVIRONMENT_RESIDUALISED_K2,2,True
2024-08-21,2,8139,ナガホリ,0.1134387348131401,True,1.0,0.28571428571428914,S08_ENVIRONMENT_RESIDUALISED,S08_ENVIRONMENT_RESIDUALISED_K2,2,True
2024-08-22,1,7043,アルー,0.11854611948343333,True,0.0,-0.37783375314861534,S08_ENVIRONMENT_RESIDUALISED,S08_ENVIRONMENT_RESIDUALISED_K2,2,True
2024-08-22,2,5905,日本製罐,0.1047374857451566,True,1.0,3.3333333333333437,S08_ENVIRONMENT_RESIDUALISED,S08_ENVIRONMENT_RESIDUALISED_K2,2,True
2024-08-23,1,7043,アルー,0.11519006274051433,True,0.0,-1.4981273408239737,S08_ENVIRONMENT_RESIDUALISED,S08_ENVIRONMENT_RESIDUALISED_K2,2,True
2024-08-23,2,9914,植松商会,0.09270776207315162,True,1.0,0.5769230769230749,S08_ENVIRONMENT_RESIDUALISED,S08_ENVIRONMENT_RESIDUALISED_K2,2,True
2024-08-26,1,3738,ティーガイア,0.10298385491190068,True,0.0,-1.331557922769644,S08_ENVIRONMENT_RESIDUALISED,S08_ENVIRONMENT_RESIDUALISED_K2,2,True
2024-08-26,2,7043,アルー,0.10214230355360816,True,1.0,0.25316455696202667,S08_ENVIRONMENT_RESIDUALISED,S08_ENVIRONMENT_RESIDUALISED_K2,2,True
2024-08-27,1,3738,ティーガイア,0.10804431688899716,True,1.0,1.206434316353877,S08_ENVIRONMENT_RESIDUALISED,S08_ENVIRONMENT_RESIDUALISED_K2,2,True
2024-08-27,2,8871,ゴールドクレスト,0.09982652090339844,True,1.0,0.3517411185367525,S08_ENVIRONMENT_RESIDUALISED,S08_ENVIRONMENT_RESIDUALISED_K2,2,True
2024-08-28,1,9914,植松商会,0.1205691332683185,True,,,S08_ENVIRONMENT_RESIDUALISED,S08_ENVIRONMENT_RESIDUALISED_K2,2,False
2024-08-28,2,7043,アルー,0.10386111395123518,True,0.0,-0.37974683544304,S08_ENVIRONMENT_RESIDUALISED,S08_ENVIRONMENT_RESIDUALISED_K2,2,True
2024-08-29,1,2736,フェスタリアホールディングス,0.12590720780784073,True,0.0,-0.7027406886858767,S08_ENVIRONMENT_RESIDUALISED,S08_ENVIRONMENT_RESIDUALISED_K2,2,True
2024-08-29,2,9914,植松商会,0.11965160655812854,True,1.0,0.28571428571428914,S08_ENVIRONMENT_RESIDUALISED,S08_ENVIRONMENT_RESIDUALISED_K2,2,True
2024-08-30,1,3991,ウォンテッドリー,0.11867073321987764,True,0.0,-0.42016806722688926,S08_ENVIRONMENT_RESIDUALISED,S08_ENVIRONMENT_RESIDUALISED_K2,2,True
2024-08-30,2,3738,ティーガイア,0.10903814487302045,True,0.0,-0.6784260515603768,S08_ENVIRONMENT_RESIDUALISED,S08_ENVIRONMENT_RESIDUALISED_K2,2,True
2024-09-02,1,4445,リビン・テクノロジーズ,0.14410738393222375,True,0.0,-0.43266630611140666,S08_ENVIRONMENT_RESIDUALISED,S08_ENVIRONMENT_RESIDUALISED_K2,2,True
2024-09-02,2,3991,ウォンテッドリー,0.12465934279048804,True,0.0,-0.5922165820642977,S08_ENVIRONMENT_RESIDUALISED,S08_ENVIRONMENT_RESIDUALISED_K2,2,True
2024-09-03,1,3092,ＺＯＺＯ,0.12008608630897404,True,1.0,3.397947548460656,S08_ENVIRONMENT_RESIDUALISED,S08_ENVIRONMENT_RESIDUALISED_K2,2,True
2024-09-03,2,4445,リビン・テクノロジーズ,0.11923472017791639,True,1.0,1.5752308527973824,S08_ENVIRONMENT_RESIDUALISED,S08_ENVIRONMENT_RESIDUALISED_K2,2,True
2024-09-04,1,7514,ヒマラヤ,0.11365771279395753,True,1.0,0.22446689113355678,S08_ENVIRONMENT_RESIDUALISED,S08_ENVIRONMENT_RESIDUALISED_K2,2,True
2024-09-04,2,8167,リテールパートナーズ,0.11193434863955413,True,0.0,-0.07215007215006786,S08_ENVIRONMENT_RESIDUALISED,S08_ENVIRONMENT_RESIDUALISED_K2,2,True
2024-09-05,1,3436,ＳＵＭＣＯ,0.10003009586338528,True,0.0,-0.8289124668435011,S08_ENVIRONMENT_RESIDUALISED,S08_ENVIRONMENT_RESIDUALISED_K2,2,True
2024-09-05,2,6190,フェニックスバイオ,0.09984689911828955,True,0.0,0.0,S08_ENVIRONMENT_RESIDUALISED,S08_ENVIRONMENT_RESIDUALISED_K2,2,True
2024-09-06,1,4445,リビン・テクノロジーズ,0.11199630390046847,True,0.0,-0.38461538461538325,S08_ENVIRONMENT_RESIDUALISED,S08_ENVIRONMENT_RESIDUALISED_K2,2,True
2024-09-06,2,7689,コパ・コーポレーション,0.11056500024206278,True,1.0,0.16207455429497752,S08_ENVIRONMENT_RESIDUALISED,S08_ENVIRONMENT_RESIDUALISED_K2,2,True
2024-09-09,1,7689,コパ・コーポレーション,0.11167082792489555,True,1.0,1.5050167224080369,S08_ENVIRONMENT_RESIDUALISED,S08_ENVIRONMENT_RESIDUALISED_K2,2,True
2024-09-09,2,7138,ＴＯＲＩＣＯ,0.10699394270473613,True,1.0,4.3010752688172005,S08_ENVIRONMENT_RESIDUALISED,S08_ENVIRONMENT_RESIDUALISED_K2,2,True
2024-09-10,1,7273,イクヨ,0.1275291985169549,True,,,S08_ENVIRONMENT_RESIDUALISED,S08_ENVIRONMENT_RESIDUALISED_K2,2,False
2024-09-10,2,9445,フォーバルテレコム,0.10796010670636907,True,0.0,-5.803571428571431,S08_ENVIRONMENT_RESIDUALISED,S08_ENVIRONMENT_RESIDUALISED_K2,2,True
2024-09-11,1,4445,リビン・テクノロジーズ,0.11982730874802712,True,1.0,1.1148272017837302,S08_ENVIRONMENT_RESIDUALISED,S08_ENVIRONMENT_RESIDUALISED_K2,2,True
2024-09-11,2,7689,コパ・コーポレーション,0.11412482594420784,True,0.0,0.0,S08_ENVIRONMENT_RESIDUALISED,S08_ENVIRONMENT_RESIDUALISED_K2,2,True
2024-09-12,1,7069,サイバー・バズ,0.13245044359903163,True,0.0,-2.512998266897748,S08_ENVIRONMENT_RESIDUALISED,S08_ENVIRONMENT_RESIDUALISED_K2,2,True
2024-09-12,2,4445,リビン・テクノロジーズ,0.12674270417092162,True,0.0,-0.2739726027397249,S08_ENVIRONMENT_RESIDUALISED,S08_ENVIRONMENT_RESIDUALISED_K2,2,True
2024-09-13,1,6190,フェニックスバイオ,0.11836697175410454,True,0.0,-1.95227765726681,S08_ENVIRONMENT_RESIDUALISED,S08_ENVIRONMENT_RESIDUALISED_K2,2,True
2024-09-13,2,8746,ＵＮＢＡＮＫＥＤ,0.10566884901045685,True,1.0,0.917431192660545,S08_ENVIRONMENT_RESIDUALISED,S08_ENVIRONMENT_RESIDUALISED_K2,2,True
2024-09-17,1,7886,ヤマト・インダストリー,0.11526380838019881,True,,,S08_ENVIRONMENT_RESIDUALISED,S08_ENVIRONMENT_RESIDUALISED_K2,2,False
2024-09-17,2,4503,アステラス製薬,0.11520511998716026,True,0.0,-1.6880093131548257,S08_ENVIRONMENT_RESIDUALISED,S08_ENVIRONMENT_RESIDUALISED_K2,2,True
2024-09-18,1,4503,アステラス製薬,0.1080882476870585,True,1.0,0.7959905660377409,S08_ENVIRONMENT_RESIDUALISED,S08_ENVIRONMENT_RESIDUALISED_K2,2,True
2024-09-18,2,4507,塩野義製薬,0.10807306529000023,True,0.0,-1.2378564713256046,S08_ENVIRONMENT_RESIDUALISED,S08_ENVIRONMENT_RESIDUALISED_K2,2,True
2024-09-19,1,4884,クリングルファーマ,0.12729865124414771,True,1.0,4.8309178743961345,S08_ENVIRONMENT_RESIDUALISED,S08_ENVIRONMENT_RESIDUALISED_K2,2,True
2024-09-19,2,4507,塩野義製薬,0.10370410440452706,True,0.0,-0.2963194011228909,S08_ENVIRONMENT_RESIDUALISED,S08_ENVIRONMENT_RESIDUALISED_K2,2,True
2024-09-20,1,5247,ＢＴＭ,0.12740434736320103,True,1.0,1.610169491525415,S08_ENVIRONMENT_RESIDUALISED,S08_ENVIRONMENT_RESIDUALISED_K2,2,True
2024-09-20,2,4840,トライアイズ,0.12201322096213774,True,1.0,0.31847133757962887,S08_ENVIRONMENT_RESIDUALISED,S08_ENVIRONMENT_RESIDUALISED_K2,2,True
2024-09-24,1,4840,トライアイズ,0.12158746868861171,True,1.0,3.205128205128216,S08_ENVIRONMENT_RESIDUALISED,S08_ENVIRONMENT_RESIDUALISED_K2,2,True
2024-09-24,2,3092,ＺＯＺＯ,0.11708565096718083,True,0.0,-0.2240325865580428,S08_ENVIRONMENT_RESIDUALISED,S08_ENVIRONMENT_RESIDUALISED_K2,2,True
2024-09-25,1,2372,アイロムグループ,0.1177814533914163,True,0.0,0.0,S08_ENVIRONMENT_RESIDUALISED,S08_ENVIRONMENT_RESIDUALISED_K2,2,True
2024-09-25,2,5247,ＢＴＭ,0.11638163980355856,True,1.0,2.7205276174773196,S08_ENVIRONMENT_RESIDUALISED,S08_ENVIRONMENT_RESIDUALISED_K2,2,True
2024-09-26,1,3092,ＺＯＺＯ,0.12176331105231888,True,1.0,3.1114774366371334,S08_ENVIRONMENT_RESIDUALISED,S08_ENVIRONMENT_RESIDUALISED_K2,2,True
2024-09-26,2,4267,ライトワークス,0.1207648718862189,True,1.0,0.20263424518742745,S08_ENVIRONMENT_RESIDUALISED,S08_ENVIRONMENT_RESIDUALISED_K2,2,True
2024-09-27,1,3787,テクノマセマティカル,0.12980761154914291,True,1.0,1.6245487364620947,S08_ENVIRONMENT_RESIDUALISED,S08_ENVIRONMENT_RESIDUALISED_K2,2,True
2024-09-27,2,8139,ナガホリ,0.11905047496807943,True,1.0,0.2090592334494712,S08_ENVIRONMENT_RESIDUALISED,S08_ENVIRONMENT_RESIDUALISED_K2,2,True
2024-09-30,1,3787,テクノマセマティカル,0.13038217360173118,True,0.0,0.0,S08_ENVIRONMENT_RESIDUALISED,S08_ENVIRONMENT_RESIDUALISED_K2,2,True
2024-09-30,2,8139,ナガホリ,0.11514652960942932,True,1.0,0.34843205574912606,S08_ENVIRONMENT_RESIDUALISED,S08_ENVIRONMENT_RESIDUALISED_K2,2,True
2024-10-01,1,3787,テクノマセマティカル,0.12379863619386966,True,1.0,0.17152658662091813,S08_ENVIRONMENT_RESIDUALISED,S08_ENVIRONMENT_RESIDUALISED_K2,2,True
2024-10-01,2,2114,フジ日本,0.11445323680357475,True,0.0,-0.6673021925643452,S08_ENVIRONMENT_RESIDUALISED,S08_ENVIRONMENT_RESIDUALISED_K2,2,True
2024-10-02,1,7815,東京ボード⼯業,0.12357117878971194,True,1.0,0.670016750418756,S08_ENVIRONMENT_RESIDUALISED,S08_ENVIRONMENT_RESIDUALISED_K2,2,True
2024-10-02,2,3804,システム ディ,0.11393933762069564,True,1.0,0.2142857142857224,S08_ENVIRONMENT_RESIDUALISED,S08_ENVIRONMENT_RESIDUALISED_K2,2,True
2024-10-03,1,7815,東京ボード⼯業,0.11558916967851658,True,1.0,0.9819967266775809,S08_ENVIRONMENT_RESIDUALISED,S08_ENVIRONMENT_RESIDUALISED_K2,2,True
2024-10-03,2,3804,システム ディ,0.11099654601601024,True,0.0,-0.07127583749109156,S08_ENVIRONMENT_RESIDUALISED,S08_ENVIRONMENT_RESIDUALISED_K2,2,True
2024-10-04,1,3726,フォーシーズＨＤ,0.10968620685935726,True,0.0,-0.4158004158004158,S08_ENVIRONMENT_RESIDUALISED,S08_ENVIRONMENT_RESIDUALISED_K2,2,True
2024-10-04,2,2331,綜合警備保障,0.10530372115011208,True,1.0,0.2936857562408246,S08_ENVIRONMENT_RESIDUALISED,S08_ENVIRONMENT_RESIDUALISED_K2,2,True
2024-10-07,1,1925,大和ハウス⼯業,0.09002935389406526,True,0.0,-0.1295896328293744,S08_ENVIRONMENT_RESIDUALISED,S08_ENVIRONMENT_RESIDUALISED_K2,2,True
2024-10-07,2,3712,情報企画,0.08706724115645077,True,0.0,0.0,S08_ENVIRONMENT_RESIDUALISED,S08_ENVIRONMENT_RESIDUALISED_K2,2,True
2024-10-08,1,4361,川口化学⼯業,0.1188989377962212,True,1.0,0.12853470437017567,S08_ENVIRONMENT_RESIDUALISED,S08_ENVIRONMENT_RESIDUALISED_K2,2,True
2024-10-08,2,2229,カルビー,0.11414201610472258,True,1.0,0.5899705014749346,S08_ENVIRONMENT_RESIDUALISED,S08_ENVIRONMENT_RESIDUALISED_K2,2,True
2024-10-09,1,2229,カルビー,0.10744231138802016,True,1.0,0.9381413075344458,S08_ENVIRONMENT_RESIDUALISED,S08_ENVIRONMENT_RESIDUALISED_K2,2,True
2024-10-09,2,2334,イオレ,0.10239481758161767,True,0.0,-0.30674846625766694,S08_ENVIRONMENT_RESIDUALISED,S08_ENVIRONMENT_RESIDUALISED_K2,2,True
2024-10-10,1,2334,イオレ,0.10929879495047093,True,1.0,0.9230769230769154,S08_ENVIRONMENT_RESIDUALISED,S08_ENVIRONMENT_RESIDUALISED_K2,2,True
2024-10-10,2,8871,ゴールドクレスト,0.10918089575058229,True,1.0,1.273885350318471,S08_ENVIRONMENT_RESIDUALISED,S08_ENVIRONMENT_RESIDUALISED_K2,2,True
2024-10-11,1,2334,イオレ,0.10661511545837316,True,0.0,-0.1524390243902385,S08_ENVIRONMENT_RESIDUALISED,S08_ENVIRONMENT_RESIDUALISED_K2,2,True
2024-10-11,2,8871,ゴールドクレスト,0.10174039815805037,True,1.0,1.572327044025168,S08_ENVIRONMENT_RESIDUALISED,S08_ENVIRONMENT_RESIDUALISED_K2,2,True
2024-10-15,1,9601,松竹,0.1020969948002107,True,1.0,0.9304812834224574,S08_ENVIRONMENT_RESIDUALISED,S08_ENVIRONMENT_RESIDUALISED_K2,2,True
2024-10-15,2,2334,イオレ,0.0978903281015859,True,0.0,-0.3039513677811523,S08_ENVIRONMENT_RESIDUALISED,S08_ENVIRONMENT_RESIDUALISED_K2,2,True
2024-10-16,1,8871,ゴールドクレスト,0.11571776951925536,True,1.0,2.8037383177569986,S08_ENVIRONMENT_RESIDUALISED,S08_ENVIRONMENT_RESIDUALISED_K2,2,True
2024-10-16,2,8267,イオン,0.09599700719441895,True,1.0,1.3246823465801638,S08_ENVIRONMENT_RESIDUALISED,S08_ENVIRONMENT_RESIDUALISED_K2,2,True
2024-10-17,1,8025,ツカモトコーポレーション,0.09583069113209636,True,0.0,-2.1015761821365997,S08_ENVIRONMENT_RESIDUALISED,S08_ENVIRONMENT_RESIDUALISED_K2,2,True
2024-10-17,2,9143,ＳＧホールディングス,0.09540649736467414,True,1.0,0.4330446369087193,S08_ENVIRONMENT_RESIDUALISED,S08_ENVIRONMENT_RESIDUALISED_K2,2,True
2024-10-18,1,3195,ジェネレーションパス,0.10270311501960136,True,1.0,4.680851063829783,S08_ENVIRONMENT_RESIDUALISED,S08_ENVIRONMENT_RESIDUALISED_K2,2,True
2024-10-18,2,3490,アズ企画設計,0.09658940838933587,True,0.0,-0.08996851102114345,S08_ENVIRONMENT_RESIDUALISED,S08_ENVIRONMENT_RESIDUALISED_K2,2,True
2024-10-21,1,9064,ヤマトホールディングス,0.09296350528625452,True,1.0,0.061538461538468425,S08_ENVIRONMENT_RESIDUALISED,S08_ENVIRONMENT_RESIDUALISED_K2,2,True
2024-10-21,2,7043,アルー,0.09277533209839935,True,0.0,-0.26595744680850686,S08_ENVIRONMENT_RESIDUALISED,S08_ENVIRONMENT_RESIDUALISED_K2,2,True
2024-10-22,1,7072,インティメート・マージャー,0.10542963139979127,True,0.0,-0.8474576271186418,S08_ENVIRONMENT_RESIDUALISED,S08_ENVIRONMENT_RESIDUALISED_K2,2,True
2024-10-22,2,9347,日本管財ホールディングス,0.10492141267921486,True,0.0,-1.9593345656192196,S08_ENVIRONMENT_RESIDUALISED,S08_ENVIRONMENT_RESIDUALISED_K2,2,True
2024-10-23,1,8871,ゴールドクレスト,0.1279455547948566,True,0.0,-2.7156549520766737,S08_ENVIRONMENT_RESIDUALISED,S08_ENVIRONMENT_RESIDUALISED_K2,2,True
2024-10-23,2,2268,Ｂ−Ｒ サーティワン アイスクリーム,0.1090788839916863,True,0.0,-0.7194244604316502,S08_ENVIRONMENT_RESIDUALISED,S08_ENVIRONMENT_RESIDUALISED_K2,2,True
2024-10-24,1,8871,ゴールドクレスト,0.13247935914691167,True,1.0,0.8291873963515828,S08_ENVIRONMENT_RESIDUALISED,S08_ENVIRONMENT_RESIDUALISED_K2,2,True
2024-10-24,2,7369,メイホーホールディングス,0.11779618010321122,True,0.0,0.0,S08_ENVIRONMENT_RESIDUALISED,S08_ENVIRONMENT_RESIDUALISED_K2,2,True
2024-10-25,1,7815,東京ボード⼯業,0.12201630661117846,True,1.0,1.1513157894736947,S08_ENVIRONMENT_RESIDUALISED,S08_ENVIRONMENT_RESIDUALISED_K2,2,True
2024-10-25,2,8871,ゴールドクレスト,0.11835232761512243,True,1.0,0.6557377049180246,S08_ENVIRONMENT_RESIDUALISED,S08_ENVIRONMENT_RESIDUALISED_K2,2,True
2024-10-28,1,8871,ゴールドクレスト,0.12364680165513986,True,0.0,-2.1035598705501646,S08_ENVIRONMENT_RESIDUALISED,S08_ENVIRONMENT_RESIDUALISED_K2,2,True
2024-10-28,2,7379,サーキュレーション,0.11406371305764902,True,1.0,0.16286644951140072,S08_ENVIRONMENT_RESIDUALISED,S08_ENVIRONMENT_RESIDUALISED_K2,2,True
2024-10-29,1,8871,ゴールドクレスト,0.12557259592944647,True,0.0,-0.658978583196046,S08_ENVIRONMENT_RESIDUALISED,S08_ENVIRONMENT_RESIDUALISED_K2,2,True
2024-10-29,2,7815,東京ボード⼯業,0.1176919710452147,True,1.0,1.342281879194629,S08_ENVIRONMENT_RESIDUALISED,S08_ENVIRONMENT_RESIDUALISED_K2,2,True
2024-10-30,1,7379,サーキュレーション,0.11769714309693491,True,1.0,1.1513157894736947,S08_ENVIRONMENT_RESIDUALISED,S08_ENVIRONMENT_RESIDUALISED_K2,2,True
2024-10-30,2,8871,ゴールドクレスト,0.10887774722766187,True,1.0,0.2673796791443861,S08_ENVIRONMENT_RESIDUALISED,S08_ENVIRONMENT_RESIDUALISED_K2,2,True
2024-10-31,1,7376,ＢＣＣ,0.13624616949799867,True,0.0,0.0,S08_ENVIRONMENT_RESIDUALISED,S08_ENVIRONMENT_RESIDUALISED_K2,2,True
2024-10-31,2,3529,アツギ,0.11233105523105553,True,1.0,9.394313967861567,S08_ENVIRONMENT_RESIDUALISED,S08_ENVIRONMENT_RESIDUALISED_K2,2,True
2024-11-01,1,9913,日邦産業,0.12134463197395622,True,1.0,0.7228915662650603,S08_ENVIRONMENT_RESIDUALISED,S08_ENVIRONMENT_RESIDUALISED_K2,2,True
2024-11-01,2,2653,イオン九州,0.10786599485173974,True,1.0,0.6120367222033352,S08_ENVIRONMENT_RESIDUALISED,S08_ENVIRONMENT_RESIDUALISED_K2,2,True
2024-11-05,1,3537,昭栄薬品,0.12779295127567003,True,0.0,-0.4511278195488688,S08_ENVIRONMENT_RESIDUALISED,S08_ENVIRONMENT_RESIDUALISED_K2,2,True
2024-11-05,2,9913,日邦産業,0.11532935056456484,True,0.0,-0.09523809523809268,S08_ENVIRONMENT_RESIDUALISED,S08_ENVIRONMENT_RESIDUALISED_K2,2,True
2024-11-06,1,4840,トライアイズ,0.1159923409829536,True,0.0,-1.0101010101010055,S08_ENVIRONMENT_RESIDUALISED,S08_ENVIRONMENT_RESIDUALISED_K2,2,True
2024-11-06,2,4073,ジィ・シィ企画,0.09939703736770214,True,0.0,-0.48000000000000265,S08_ENVIRONMENT_RESIDUALISED,S08_ENVIRONMENT_RESIDUALISED_K2,2,True
2024-11-07,1,4840,トライアイズ,0.0997267804536652,True,1.0,0.340136054421758,S08_ENVIRONMENT_RESIDUALISED,S08_ENVIRONMENT_RESIDUALISED_K2,2,True
2024-11-07,2,9244,デジタリフト,0.09648261220922365,True,,,S08_ENVIRONMENT_RESIDUALISED,S08_ENVIRONMENT_RESIDUALISED_K2,2,False
2024-11-08,1,4091,日本酸素ホールディングス,0.10759060142395975,True,0.0,-0.9712750568299233,S08_ENVIRONMENT_RESIDUALISED,S08_ENVIRONMENT_RESIDUALISED_K2,2,True
2024-11-08,2,3800,ユニリタ,0.10022267981996145,True,1.0,0.30975735673721694,S08_ENVIRONMENT_RESIDUALISED,S08_ENVIRONMENT_RESIDUALISED_K2,2,True
2024-11-11,1,4840,トライアイズ,0.10237998968957485,True,1.0,3.4482758620689724,S08_ENVIRONMENT_RESIDUALISED,S08_ENVIRONMENT_RESIDUALISED_K2,2,True
2024-11-11,2,6810,マクセル,0.10212830621701925,True,0.0,-1.0614525139664766,S08_ENVIRONMENT_RESIDUALISED,S08_ENVIRONMENT_RESIDUALISED_K2,2,True
2024-11-12,1,5587,インバウンドプラットフォーム,0.11140206475245404,True,1.0,1.3254786450662692,S08_ENVIRONMENT_RESIDUALISED,S08_ENVIRONMENT_RESIDUALISED_K2,2,True
2024-11-12,2,7083,ＡＨＣグループ,0.10659003953688027,True,1.0,2.187028657616885,S08_ENVIRONMENT_RESIDUALISED,S08_ENVIRONMENT_RESIDUALISED_K2,2,True
2024-11-13,1,4073,ジィ・シィ企画,0.1021289659755134,True,0.0,-0.658978583196046,S08_ENVIRONMENT_RESIDUALISED,S08_ENVIRONMENT_RESIDUALISED_K2,2,True
2024-11-13,2,4452,花王,0.10177416943412028,True,0.0,-0.18894662257912254,S08_ENVIRONMENT_RESIDUALISED,S08_ENVIRONMENT_RESIDUALISED_K2,2,True
2024-11-14,1,7284,盟和産業,0.10538920583575741,True,0.0,-0.5897219882055604,S08_ENVIRONMENT_RESIDUALISED,S08_ENVIRONMENT_RESIDUALISED_K2,2,True
2024-11-14,2,6193,バーチャレクス・ホールディングス,0.10295462353774325,True,1.0,0.13280212483399723,S08_ENVIRONMENT_RESIDUALISED,S08_ENVIRONMENT_RESIDUALISED_K2,2,True
2024-11-15,1,9219,ギックス,0.11038787241067786,True,0.0,-0.6362672322375418,S08_ENVIRONMENT_RESIDUALISED,S08_ENVIRONMENT_RESIDUALISED_K2,2,True
2024-11-15,2,7083,ＡＨＣグループ,0.10474544790366429,True,0.0,-0.7662835249042099,S08_ENVIRONMENT_RESIDUALISED,S08_ENVIRONMENT_RESIDUALISED_K2,2,True
2024-11-18,1,4387,ＺＵＵ,0.114093283076951,True,0.0,-0.2902757619738794,S08_ENVIRONMENT_RESIDUALISED,S08_ENVIRONMENT_RESIDUALISED_K2,2,True
2024-11-18,2,4346,ＮＥＸＹＺ．Ｇｒｏｕｐ,0.11258867428718142,True,1.0,1.4598540145985384,S08_ENVIRONMENT_RESIDUALISED,S08_ENVIRONMENT_RESIDUALISED_K2,2,True
2024-11-19,1,7815,東京ボード⼯業,0.11486888050156104,True,1.0,1.4999999999999902,S08_ENVIRONMENT_RESIDUALISED,S08_ENVIRONMENT_RESIDUALISED_K2,2,True
2024-11-19,2,7426,山大,0.1023751089590418,True,1.0,1.0000000000000009,S08_ENVIRONMENT_RESIDUALISED,S08_ENVIRONMENT_RESIDUALISED_K2,2,True
2024-11-20,1,8938,グローム・ホールディングス,0.11217526769855955,True,0.0,-2.5740025740025763,S08_ENVIRONMENT_RESIDUALISED,S08_ENVIRONMENT_RESIDUALISED_K2,2,True
2024-11-20,2,4398,ブロードバンドセキュリティ,0.10996850273631169,True,0.0,-1.8132975151108122,S08_ENVIRONMENT_RESIDUALISED,S08_ENVIRONMENT_RESIDUALISED_K2,2,True
2024-11-21,1,8938,グローム・ホールディングス,0.1505200544343901,True,1.0,1.7287234042553168,S08_ENVIRONMENT_RESIDUALISED,S08_ENVIRONMENT_RESIDUALISED_K2,2,True
2024-11-21,2,4398,ブロードバンドセキュリティ,0.11923806568355683,True,1.0,1.7699115044247815,S08_ENVIRONMENT_RESIDUALISED,S08_ENVIRONMENT_RESIDUALISED_K2,2,True
2024-11-22,1,8938,グローム・ホールディングス,0.14531382754990524,True,1.0,1.182654402102501,S08_ENVIRONMENT_RESIDUALISED,S08_ENVIRONMENT_RESIDUALISED_K2,2,True
2024-11-22,2,4267,ライトワークス,0.11592885909978327,True,1.0,1.6650342801175277,S08_ENVIRONMENT_RESIDUALISED,S08_ENVIRONMENT_RESIDUALISED_K2,2,True
2024-11-25,1,8938,グローム・ホールディングス,0.1362208873758318,True,0.0,-0.2597402597402598,S08_ENVIRONMENT_RESIDUALISED,S08_ENVIRONMENT_RESIDUALISED_K2,2,True
2024-11-25,2,9331,キャスター,0.11250272552965482,True,0.0,-1.3555787278415,S08_ENVIRONMENT_RESIDUALISED,S08_ENVIRONMENT_RESIDUALISED_K2,2,True
2024-11-26,1,4267,ライトワークス,0.15629080051940566,True,1.0,0.9708737864077666,S08_ENVIRONMENT_RESIDUALISED,S08_ENVIRONMENT_RESIDUALISED_K2,2,True
2024-11-26,2,4073,ジィ・シィ企画,0.12437063610425975,True,1.0,0.1697792869269854,S08_ENVIRONMENT_RESIDUALISED,S08_ENVIRONMENT_RESIDUALISED_K2,2,True
2024-11-27,1,4267,ライトワークス,0.12542914834097615,True,1.0,1.1650485436893288,S08_ENVIRONMENT_RESIDUALISED,S08_ENVIRONMENT_RESIDUALISED_K2,2,True
2024-11-27,2,4073,ジィ・シィ企画,0.10400496437464087,True,1.0,1.724137931034475,S08_ENVIRONMENT_RESIDUALISED,S08_ENVIRONMENT_RESIDUALISED_K2,2,True
2024-11-28,1,4267,ライトワークス,0.11001169527575246,True,1.0,1.4548981571290032,S08_ENVIRONMENT_RESIDUALISED,S08_ENVIRONMENT_RESIDUALISED_K2,2,True
2024-11-28,2,4073,ジィ・シィ企画,0.10258408756828279,True,1.0,0.688468158347666,S08_ENVIRONMENT_RESIDUALISED,S08_ENVIRONMENT_RESIDUALISED_K2,2,True
2024-11-29,1,4424,Ａｍａｚｉａ,0.11494593432203862,True,0.0,-0.8695652173912993,S08_ENVIRONMENT_RESIDUALISED,S08_ENVIRONMENT_RESIDUALISED_K2,2,True
2024-11-29,2,4073,ジィ・シィ企画,0.11295073472674232,True,1.0,1.1925042589437718,S08_ENVIRONMENT_RESIDUALISED,S08_ENVIRONMENT_RESIDUALISED_K2,2,True
2024-12-02,1,4267,ライトワークス,0.11421711559994362,True,1.0,3.9024390243902474,S08_ENVIRONMENT_RESIDUALISED,S08_ENVIRONMENT_RESIDUALISED_K2,2,True
2024-12-02,2,4465,ニイタカ,0.10394004908854722,True,1.0,0.6511123168746691,S08_ENVIRONMENT_RESIDUALISED,S08_ENVIRONMENT_RESIDUALISED_K2,2,True
2024-12-03,1,4465,ニイタカ,0.11116165489742949,True,1.0,0.8086253369272267,S08_ENVIRONMENT_RESIDUALISED,S08_ENVIRONMENT_RESIDUALISED_K2,2,True
2024-12-03,2,9362,兵機海運,0.1022873909316946,True,0.0,-2.114803625377648,S08_ENVIRONMENT_RESIDUALISED,S08_ENVIRONMENT_RESIDUALISED_K2,2,True
2024-12-04,1,4465,ニイタカ,0.11806331255441296,True,0.0,-0.2134471718249764,S08_ENVIRONMENT_RESIDUALISED,S08_ENVIRONMENT_RESIDUALISED_K2,2,True
2024-12-04,2,4267,ライトワークス,0.10936656808583786,True,1.0,0.5780346820809301,S08_ENVIRONMENT_RESIDUALISED,S08_ENVIRONMENT_RESIDUALISED_K2,2,True
2024-12-05,1,4267,ライトワークス,0.13053007148443707,True,0.0,0.0,S08_ENVIRONMENT_RESIDUALISED,S08_ENVIRONMENT_RESIDUALISED_K2,2,True
2024-12-05,2,4465,ニイタカ,0.11715345606228238,True,0.0,0.0,S08_ENVIRONMENT_RESIDUALISED,S08_ENVIRONMENT_RESIDUALISED_K2,2,True
2024-12-06,1,4267,ライトワークス,0.12906005934141607,True,0.0,-0.0970873786407811,S08_ENVIRONMENT_RESIDUALISED,S08_ENVIRONMENT_RESIDUALISED_K2,2,True
2024-12-06,2,4073,ジィ・シィ企画,0.10531212615099649,True,1.0,17.07317073170731,S08_ENVIRONMENT_RESIDUALISED,S08_ENVIRONMENT_RESIDUALISED_K2,2,True
2024-12-09,1,4267,ライトワークス,0.12289033121874048,True,1.0,1.4577259475218707,S08_ENVIRONMENT_RESIDUALISED,S08_ENVIRONMENT_RESIDUALISED_K2,2,True
2024-12-09,2,9691,両毛システムズ,0.09737200969301017,True,1.0,1.7717346518335342,S08_ENVIRONMENT_RESIDUALISED,S08_ENVIRONMENT_RESIDUALISED_K2,2,True
2024-12-10,1,4267,ライトワークス,0.13806511239029262,True,1.0,0.674373795761074,S08_ENVIRONMENT_RESIDUALISED,S08_ENVIRONMENT_RESIDUALISED_K2,2,True
2024-12-10,2,9691,両毛システムズ,0.0962418267096018,True,0.0,0.0,S08_ENVIRONMENT_RESIDUALISED,S08_ENVIRONMENT_RESIDUALISED_K2,2,True
2024-12-11,1,4267,ライトワークス,0.12166031049131393,True,1.0,0.4812319538017418,S08_ENVIRONMENT_RESIDUALISED,S08_ENVIRONMENT_RESIDUALISED_K2,2,True
2024-12-11,2,9265,ヤマシタヘルスケアホールディングス,0.0939668840980437,True,1.0,0.9296148738379806,S08_ENVIRONMENT_RESIDUALISED,S08_ENVIRONMENT_RESIDUALISED_K2,2,True
2024-12-12,1,4267,ライトワークス,0.11436420592662955,True,1.0,1.9361084220716362,S08_ENVIRONMENT_RESIDUALISED,S08_ENVIRONMENT_RESIDUALISED_K2,2,True
2024-12-12,2,6898,トミタ電機,0.11322116827370977,True,0.0,-0.13464991023339756,S08_ENVIRONMENT_RESIDUALISED,S08_ENVIRONMENT_RESIDUALISED_K2,2,True
2024-12-13,1,6898,トミタ電機,0.10718354053597737,True,0.0,-0.27260336210813696,S08_ENVIRONMENT_RESIDUALISED,S08_ENVIRONMENT_RESIDUALISED_K2,2,True
2024-12-13,2,211A,カドス・コーポレーション,0.10008518856498919,True,0.0,-0.11881188118811892,S08_ENVIRONMENT_RESIDUALISED,S08_ENVIRONMENT_RESIDUALISED_K2,2,True
2024-12-16,1,9159,Ｗ ＴＯＫＹＯ,0.11173589829916702,True,0.0,-1.2820512820512775,S08_ENVIRONMENT_RESIDUALISED,S08_ENVIRONMENT_RESIDUALISED_K2,2,True
2024-12-16,2,6898,トミタ電機,0.10883410932048752,True,0.0,0.0,S08_ENVIRONMENT_RESIDUALISED,S08_ENVIRONMENT_RESIDUALISED_K2,2,True
2024-12-17,1,9159,Ｗ ＴＯＫＹＯ,0.1238284926362597,True,1.0,0.6999999999999895,S08_ENVIRONMENT_RESIDUALISED,S08_ENVIRONMENT_RESIDUALISED_K2,2,True
2024-12-17,2,7345,アイ・パートナーズフィナンシャル,0.12321528804736115,True,0.0,-0.3424657534246589,S08_ENVIRONMENT_RESIDUALISED,S08_ENVIRONMENT_RESIDUALISED_K2,2,True
2024-12-18,1,4267,ライトワークス,0.12197079606682967,True,1.0,1.4778325123152802,S08_ENVIRONMENT_RESIDUALISED,S08_ENVIRONMENT_RESIDUALISED_K2,2,True
2024-12-18,2,7345,アイ・パートナーズフィナンシャル,0.11723513385002583,True,1.0,2.2727272727272707,S08_ENVIRONMENT_RESIDUALISED,S08_ENVIRONMENT_RESIDUALISED_K2,2,True
2024-12-19,1,7345,アイ・パートナーズフィナンシャル,0.11048059709902945,True,0.0,0.0,S08_ENVIRONMENT_RESIDUALISED,S08_ENVIRONMENT_RESIDUALISED_K2,2,True
2024-12-19,2,9159,Ｗ ＴＯＫＹＯ,0.10162467965960159,True,1.0,0.39940089865202477,S08_ENVIRONMENT_RESIDUALISED,S08_ENVIRONMENT_RESIDUALISED_K2,2,True
2024-12-20,1,7345,アイ・パートナーズフィナンシャル,0.12977907502095481,True,0.0,-1.379310344827589,S08_ENVIRONMENT_RESIDUALISED,S08_ENVIRONMENT_RESIDUALISED_K2,2,True
2024-12-20,2,9159,Ｗ ＴＯＫＹＯ,0.11052372656325492,True,0.0,-0.24863252113376255,S08_ENVIRONMENT_RESIDUALISED,S08_ENVIRONMENT_RESIDUALISED_K2,2,True
2024-12-23,1,7345,アイ・パートナーズフィナンシャル,0.13487380471466134,True,1.0,3.6231884057970953,S08_ENVIRONMENT_RESIDUALISED,S08_ENVIRONMENT_RESIDUALISED_K2,2,True
2024-12-23,2,3382,セブン＆アイ・ホールディングス,0.1056537993700906,True,1.0,0.6866416978776435,S08_ENVIRONMENT_RESIDUALISED,S08_ENVIRONMENT_RESIDUALISED_K2,2,True
2024-12-24,1,9159,Ｗ ＴＯＫＹＯ,0.107500171836476,True,0.0,-1.4609571788413045,S08_ENVIRONMENT_RESIDUALISED,S08_ENVIRONMENT_RESIDUALISED_K2,2,True
2024-12-24,2,4267,ライトワークス,0.09767816970438578,True,1.0,0.09551098376312517,S08_ENVIRONMENT_RESIDUALISED,S08_ENVIRONMENT_RESIDUALISED_K2,2,True
2024-12-25,1,9159,Ｗ ＴＯＫＹＯ,0.12817609253942802,True,0.0,-3.490759753593431,S08_ENVIRONMENT_RESIDUALISED,S08_ENVIRONMENT_RESIDUALISED_K2,2,True
2024-12-25,2,7345,アイ・パートナーズフィナンシャル,0.11752055491073933,True,1.0,0.8960573476702427,S08_ENVIRONMENT_RESIDUALISED,S08_ENVIRONMENT_RESIDUALISED_K2,2,True
2024-12-26,1,9159,Ｗ ＴＯＫＹＯ,0.12683955664176716,True,0.0,-2.6687598116169498,S08_ENVIRONMENT_RESIDUALISED,S08_ENVIRONMENT_RESIDUALISED_K2,2,True
2024-12-26,2,7345,アイ・パートナーズフィナンシャル,0.11769253372529996,True,0.0,-1.0291595197255532,S08_ENVIRONMENT_RESIDUALISED,S08_ENVIRONMENT_RESIDUALISED_K2,2,True
2024-12-27,1,9159,Ｗ ＴＯＫＹＯ,0.10649693730412844,True,1.0,2.5515743756786113,S08_ENVIRONMENT_RESIDUALISED,S08_ENVIRONMENT_RESIDUALISED_K2,2,True
2024-12-27,2,5248,テクノロジーズ,0.09945914994670677,True,1.0,0.14492753623187582,S08_ENVIRONMENT_RESIDUALISED,S08_ENVIRONMENT_RESIDUALISED_K2,2,True
2024-12-30,1,3800,ユニリタ,0.10918241083463892,True,0.0,0.0,S08_ENVIRONMENT_RESIDUALISED,S08_ENVIRONMENT_RESIDUALISED_K2,2,True
2024-12-30,2,5248,テクノロジーズ,0.10370320410926741,True,1.0,0.5788712011577379,S08_ENVIRONMENT_RESIDUALISED,S08_ENVIRONMENT_RESIDUALISED_K2,2,True
2025-01-06,1,3800,ユニリタ,0.10968510112471652,True,0.0,0.0,S08_ENVIRONMENT_RESIDUALISED,S08_ENVIRONMENT_RESIDUALISED_K2,2,True
2025-01-06,2,7314,小⽥原機器,0.10837171903149949,True,0.0,-2.049180327868849,S08_ENVIRONMENT_RESIDUALISED,S08_ENVIRONMENT_RESIDUALISED_K2,2,True
2025-01-07,1,9339,コーチ・エィ,0.10626848209457986,True,0.0,-3.4348165495706517,S08_ENVIRONMENT_RESIDUALISED,S08_ENVIRONMENT_RESIDUALISED_K2,2,True
2025-01-07,2,1994,高橋カーテンウォール⼯業,0.1058157718454326,True,0.0,-2.0905923344947785,S08_ENVIRONMENT_RESIDUALISED,S08_ENVIRONMENT_RESIDUALISED_K2,2,True
2025-01-08,1,1994,高橋カーテンウォール⼯業,0.11739601127459019,True,1.0,1.073345259391778,S08_ENVIRONMENT_RESIDUALISED,S08_ENVIRONMENT_RESIDUALISED_K2,2,True
2025-01-08,2,3800,ユニリタ,0.1155943992170511,True,1.0,0.2004008016031955,S08_ENVIRONMENT_RESIDUALISED,S08_ENVIRONMENT_RESIDUALISED_K2,2,True
2025-01-09,1,3800,ユニリタ,0.10786965220581811,True,0.0,-0.10035122930256435,S08_ENVIRONMENT_RESIDUALISED,S08_ENVIRONMENT_RESIDUALISED_K2,2,True
2025-01-09,2,1994,高橋カーテンウォール⼯業,0.09372126447295312,True,1.0,0.17730496453900457,S08_ENVIRONMENT_RESIDUALISED,S08_ENVIRONMENT_RESIDUALISED_K2,2,True
2025-01-10,1,1994,高橋カーテンウォール⼯業,0.08109162210096023,True,0.0,0.0,S08_ENVIRONMENT_RESIDUALISED,S08_ENVIRONMENT_RESIDUALISED_K2,2,True
2025-01-10,2,3800,ユニリタ,0.0779127514313697,True,1.0,0.050226017076848706,S08_ENVIRONMENT_RESIDUALISED,S08_ENVIRONMENT_RESIDUALISED_K2,2,True
2025-01-14,1,5161,⻄川ゴム⼯業,0.07567605865891222,True,0.0,-0.6363636363636349,S08_ENVIRONMENT_RESIDUALISED,S08_ENVIRONMENT_RESIDUALISED_K2,2,True
2025-01-14,2,2349,エヌアイデイ,0.07398213952281349,True,1.0,2.008032128514059,S08_ENVIRONMENT_RESIDUALISED,S08_ENVIRONMENT_RESIDUALISED_K2,2,True
2025-01-15,1,9355,リンコーコーポレーション,0.09610785715528561,True,0.0,-1.1571254567600442,S08_ENVIRONMENT_RESIDUALISED,S08_ENVIRONMENT_RESIDUALISED_K2,2,True
2025-01-15,2,3804,システム ディ,0.08786090411680571,True,1.0,0.06993006993007977,S08_ENVIRONMENT_RESIDUALISED,S08_ENVIRONMENT_RESIDUALISED_K2,2,True
2025-01-16,1,9241,フューチャーリンクネットワーク,0.10128564251431027,True,1.0,4.906333630686888,S08_ENVIRONMENT_RESIDUALISED,S08_ENVIRONMENT_RESIDUALISED_K2,2,True
2025-01-16,2,9250,ＧＲＣＳ,0.09668278010132847,True,0.0,-3.601108033240996,S08_ENVIRONMENT_RESIDUALISED,S08_ENVIRONMENT_RESIDUALISED_K2,2,True
2025-01-17,1,9250,ＧＲＣＳ,0.10521631200293018,True,0.0,-0.5751258087706712,S08_ENVIRONMENT_RESIDUALISED,S08_ENVIRONMENT_RESIDUALISED_K2,2,True
2025-01-17,2,9241,フューチャーリンクネットワーク,0.08926616127644248,True,1.0,2.8268551236749095,S08_ENVIRONMENT_RESIDUALISED,S08_ENVIRONMENT_RESIDUALISED_K2,2,True
2025-01-20,1,9241,フューチャーリンクネットワーク,0.10329270728162682,True,1.0,2.305721605465405,S08_ENVIRONMENT_RESIDUALISED,S08_ENVIRONMENT_RESIDUALISED_K2,2,True
2025-01-20,2,4424,Ａｍａｚｉａ,0.0811666531764064,True,0.0,-0.5970149253731294,S08_ENVIRONMENT_RESIDUALISED,S08_ENVIRONMENT_RESIDUALISED_K2,2,True
2025-01-21,1,9241,フューチャーリンクネットワーク,0.11225344635799063,True,1.0,3.255425709515869,S08_ENVIRONMENT_RESIDUALISED,S08_ENVIRONMENT_RESIDUALISED_K2,2,True
2025-01-21,2,9362,兵機海運,0.11167764718442284,True,0.0,0.0,S08_ENVIRONMENT_RESIDUALISED,S08_ENVIRONMENT_RESIDUALISED_K2,2,True
2025-01-22,1,9241,フューチャーリンクネットワーク,0.11165812643339446,True,1.0,1.6142050040355072,S08_ENVIRONMENT_RESIDUALISED,S08_ENVIRONMENT_RESIDUALISED_K2,2,True
2025-01-22,2,7064,ハウテレビジョン,0.10798136520562518,True,0.0,-0.7240204429301511,S08_ENVIRONMENT_RESIDUALISED,S08_ENVIRONMENT_RESIDUALISED_K2,2,True
2025-01-23,1,3238,セントラル総合開発,0.12459260268692351,True,1.0,0.42105263157894424,S08_ENVIRONMENT_RESIDUALISED,S08_ENVIRONMENT_RESIDUALISED_K2,2,True
2025-01-23,2,7036,イーエムネットジャパン,0.11787870000697559,True,0.0,-1.413043478260867,S08_ENVIRONMENT_RESIDUALISED,S08_ENVIRONMENT_RESIDUALISED_K2,2,True
2025-01-24,1,3238,セントラル総合開発,0.12661048736487282,True,1.0,0.21052631578948322,S08_ENVIRONMENT_RESIDUALISED,S08_ENVIRONMENT_RESIDUALISED_K2,2,True
2025-01-24,2,7043,アルー,0.1250240322650392,True,1.0,1.17056856187292,S08_ENVIRONMENT_RESIDUALISED,S08_ENVIRONMENT_RESIDUALISED_K2,2,True
2025-01-27,1,3238,セントラル総合開発,0.1403508305241488,True,0.0,-0.42105263157894424,S08_ENVIRONMENT_RESIDUALISED,S08_ENVIRONMENT_RESIDUALISED_K2,2,True
2025-01-27,2,4437,ｇｏｏｄｄａｙｓホールディングス,0.1215646515031842,True,0.0,0.0,S08_ENVIRONMENT_RESIDUALISED,S08_ENVIRONMENT_RESIDUALISED_K2,2,True
2025-01-28,1,8066,三⾕商事,0.12147009047315499,True,1.0,1.1657374556512945,S08_ENVIRONMENT_RESIDUALISED,S08_ENVIRONMENT_RESIDUALISED_K2,2,True
2025-01-28,2,3238,セントラル総合開発,0.11839429186679991,True,1.0,0.424628450106157,S08_ENVIRONMENT_RESIDUALISED,S08_ENVIRONMENT_RESIDUALISED_K2,2,True
2025-01-29,1,3238,セントラル総合開発,0.13514883135841704,True,1.0,0.2123142250530785,S08_ENVIRONMENT_RESIDUALISED,S08_ENVIRONMENT_RESIDUALISED_K2,2,True
2025-01-29,2,2806,ユタカフーズ,0.11119070078141279,True,0.0,-1.0965837199493844,S08_ENVIRONMENT_RESIDUALISED,S08_ENVIRONMENT_RESIDUALISED_K2,2,True
2025-01-30,1,2806,ユタカフーズ,0.12293125128224272,True,1.0,0.7268063274903813,S08_ENVIRONMENT_RESIDUALISED,S08_ENVIRONMENT_RESIDUALISED_K2,2,True
2025-01-30,2,3238,セントラル総合開発,0.12286772543819914,True,1.0,0.6382978723404209,S08_ENVIRONMENT_RESIDUALISED,S08_ENVIRONMENT_RESIDUALISED_K2,2,True
2025-01-31,1,3238,セントラル総合開発,0.11661880378330648,True,0.0,-0.6342494714587699,S08_ENVIRONMENT_RESIDUALISED,S08_ENVIRONMENT_RESIDUALISED_K2,2,True
2025-01-31,2,9265,ヤマシタヘルスケアホールディングス,0.11025935396253776,True,1.0,0.9726725335803543,S08_ENVIRONMENT_RESIDUALISED,S08_ENVIRONMENT_RESIDUALISED_K2,2,True
2025-02-03,1,3238,セントラル総合開発,0.1066715477286379,True,1.0,0.42553191489360653,S08_ENVIRONMENT_RESIDUALISED,S08_ENVIRONMENT_RESIDUALISED_K2,2,True
2025-02-03,2,6161,エスティック,0.09548367283175947,True,1.0,0.4366812227074135,S08_ENVIRONMENT_RESIDUALISED,S08_ENVIRONMENT_RESIDUALISED_K2,2,True
2025-02-04,1,4424,Ａｍａｚｉａ,0.1067474647226702,True,1.0,0.6514657980456029,S08_ENVIRONMENT_RESIDUALISED,S08_ENVIRONMENT_RESIDUALISED_K2,2,True
2025-02-04,2,4272,日本化薬,0.0977323016606935,True,1.0,1.653764954257575,S08_ENVIRONMENT_RESIDUALISED,S08_ENVIRONMENT_RESIDUALISED_K2,2,True
2025-02-05,1,4380,Ｍマート,0.11915617716774658,True,1.0,0.43859649122806044,S08_ENVIRONMENT_RESIDUALISED,S08_ENVIRONMENT_RESIDUALISED_K2,2,True
2025-02-05,2,2282,日本ハム,0.09277931421562775,True,1.0,0.6587914584279764,S08_ENVIRONMENT_RESIDUALISED,S08_ENVIRONMENT_RESIDUALISED_K2,2,True
2025-02-06,1,4380,Ｍマート,0.09962592903768148,True,0.0,0.0,S08_ENVIRONMENT_RESIDUALISED,S08_ENVIRONMENT_RESIDUALISED_K2,2,True
2025-02-06,2,7678,あさくま,0.09381222324611747,True,1.0,1.526717557251911,S08_ENVIRONMENT_RESIDUALISED,S08_ENVIRONMENT_RESIDUALISED_K2,2,True
2025-02-07,1,6193,バーチャレクス・ホールディングス,0.10615252651301563,True,0.0,0.0,S08_ENVIRONMENT_RESIDUALISED,S08_ENVIRONMENT_RESIDUALISED_K2,2,True
2025-02-07,2,3480,ジェイ・エス・ビー,0.0988143506596223,True,0.0,-1.3029315960912058,S08_ENVIRONMENT_RESIDUALISED,S08_ENVIRONMENT_RESIDUALISED_K2,2,True
2025-02-10,1,6161,エスティック,0.09783066431370196,True,1.0,1.661129568106312,S08_ENVIRONMENT_RESIDUALISED,S08_ENVIRONMENT_RESIDUALISED_K2,2,True
2025-02-10,2,3800,ユニリタ,0.0951012780913833,True,1.0,0.7556675062972307,S08_ENVIRONMENT_RESIDUALISED,S08_ENVIRONMENT_RESIDUALISED_K2,2,True
2025-02-12,1,4783,ＮＣＤ,0.11832125390736771,True,1.0,1.0204081632652962,S08_ENVIRONMENT_RESIDUALISED,S08_ENVIRONMENT_RESIDUALISED_K2,2,True
2025-02-12,2,3674,オークファン,0.11775226209604647,True,0.0,-0.2564102564102555,S08_ENVIRONMENT_RESIDUALISED,S08_ENVIRONMENT_RESIDUALISED_K2,2,True
2025-02-13,1,7043,アルー,0.11967943884132096,True,1.0,4.813664596273282,S08_ENVIRONMENT_RESIDUALISED,S08_ENVIRONMENT_RESIDUALISED_K2,2,True
2025-02-13,2,6312,フロイント産業,0.11729506898782978,True,1.0,0.8771929824561431,S08_ENVIRONMENT_RESIDUALISED,S08_ENVIRONMENT_RESIDUALISED_K2,2,True
2025-02-14,1,3800,ユニリタ,0.12169216995373099,True,1.0,0.10040160642570406,S08_ENVIRONMENT_RESIDUALISED,S08_ENVIRONMENT_RESIDUALISED_K2,2,True
2025-02-14,2,2120,ＬＩＦＵＬＬ,0.11562280834413366,True,1.0,1.1111111111111072,S08_ENVIRONMENT_RESIDUALISED,S08_ENVIRONMENT_RESIDUALISED_K2,2,True
2025-02-17,1,3800,ユニリタ,0.10653797595634072,True,1.0,0.05025125628139726,S08_ENVIRONMENT_RESIDUALISED,S08_ENVIRONMENT_RESIDUALISED_K2,2,True
2025-02-17,2,7938,リーガルコーポレーション,0.1054788819657988,True,1.0,1.455721795390219,S08_ENVIRONMENT_RESIDUALISED,S08_ENVIRONMENT_RESIDUALISED_K2,2,True
2025-02-18,1,3238,セントラル総合開発,0.11119045471403272,True,1.0,1.0845986984815648,S08_ENVIRONMENT_RESIDUALISED,S08_ENVIRONMENT_RESIDUALISED_K2,2,True
2025-02-18,2,3800,ユニリタ,0.10785440384434691,True,0.0,0.0,S08_ENVIRONMENT_RESIDUALISED,S08_ENVIRONMENT_RESIDUALISED_K2,2,True
2025-02-19,1,7043,アルー,0.1131262254295875,True,1.0,2.84005979073243,S08_ENVIRONMENT_RESIDUALISED,S08_ENVIRONMENT_RESIDUALISED_K2,2,True
2025-02-19,2,6193,バーチャレクス・ホールディングス,0.10362673494810097,True,1.0,0.7547169811320753,S08_ENVIRONMENT_RESIDUALISED,S08_ENVIRONMENT_RESIDUALISED_K2,2,True
2025-02-20,1,3800,ユニリタ,0.10618371066098674,True,1.0,0.1506024096385561,S08_ENVIRONMENT_RESIDUALISED,S08_ENVIRONMENT_RESIDUALISED_K2,2,True
2025-02-20,2,3238,セントラル総合開発,0.10233897881549749,True,0.0,-0.21505376344086446,S08_ENVIRONMENT_RESIDUALISED,S08_ENVIRONMENT_RESIDUALISED_K2,2,True
2025-02-21,1,7638,ＮＥＷ ＡＲＴ ＨＯＬＤＩＮＧＳ,0.11415571788902142,True,0.0,-1.2578616352201255,S08_ENVIRONMENT_RESIDUALISED,S08_ENVIRONMENT_RESIDUALISED_K2,2,True
2025-02-21,2,3238,セントラル総合開発,0.09867570538075666,True,0.0,0.0,S08_ENVIRONMENT_RESIDUALISED,S08_ENVIRONMENT_RESIDUALISED_K2,2,True
2025-02-25,1,9244,デジタリフト,0.10754791714470739,True,0.0,-0.2645502645502673,S08_ENVIRONMENT_RESIDUALISED,S08_ENVIRONMENT_RESIDUALISED_K2,2,True
2025-02-25,2,4380,Ｍマート,0.09584357266256274,True,1.0,0.42016806722688926,S08_ENVIRONMENT_RESIDUALISED,S08_ENVIRONMENT_RESIDUALISED_K2,2,True
2025-02-26,1,4057,インターファクトリー,0.09899395275677775,True,0.0,-0.8247422680412342,S08_ENVIRONMENT_RESIDUALISED,S08_ENVIRONMENT_RESIDUALISED_K2,2,True
2025-02-26,2,7345,アイ・パートナーズフィナンシャル,0.09688124698601411,True,1.0,5.263157894736836,S08_ENVIRONMENT_RESIDUALISED,S08_ENVIRONMENT_RESIDUALISED_K2,2,True
2025-02-27,1,3359,ｃｏｔｔａ,0.09533029312179263,True,0.0,0.0,S08_ENVIRONMENT_RESIDUALISED,S08_ENVIRONMENT_RESIDUALISED_K2,2,True
2025-02-27,2,8995,誠建設⼯業,0.09251462930660677,True,0.0,0.0,S08_ENVIRONMENT_RESIDUALISED,S08_ENVIRONMENT_RESIDUALISED_K2,2,True
2025-02-28,1,2300,きょくとう,0.10802762243562325,True,1.0,0.20366598778003286,S08_ENVIRONMENT_RESIDUALISED,S08_ENVIRONMENT_RESIDUALISED_K2,2,True
2025-02-28,2,3490,アズ企画設計,0.10800829384420377,True,0.0,-0.49545829892650994,S08_ENVIRONMENT_RESIDUALISED,S08_ENVIRONMENT_RESIDUALISED_K2,2,True
2025-03-03,1,3490,アズ企画設計,0.10901446913504419,True,0.0,-0.4161464835622186,S08_ENVIRONMENT_RESIDUALISED,S08_ENVIRONMENT_RESIDUALISED_K2,2,True
2025-03-03,2,2300,きょくとう,0.10718838842088646,True,1.0,1.2195121951219523,S08_ENVIRONMENT_RESIDUALISED,S08_ENVIRONMENT_RESIDUALISED_K2,2,True
2025-03-04,1,2300,きょくとう,0.10513663066103163,True,0.0,-0.6024096385542133,S08_ENVIRONMENT_RESIDUALISED,S08_ENVIRONMENT_RESIDUALISED_K2,2,True
2025-03-04,2,3063,ジェイグループホールディングス,0.10082353451021146,True,1.0,0.8771929824561431,S08_ENVIRONMENT_RESIDUALISED,S08_ENVIRONMENT_RESIDUALISED_K2,2,True
2025-03-05,1,6312,フロイント産業,0.10915049520983093,True,0.0,-0.2645502645502673,S08_ENVIRONMENT_RESIDUALISED,S08_ENVIRONMENT_RESIDUALISED_K2,2,True
2025-03-05,2,2300,きょくとう,0.10787645539963728,True,0.0,-1.0040160642570295,S08_ENVIRONMENT_RESIDUALISED,S08_ENVIRONMENT_RESIDUALISED_K2,2,True
2025-03-06,1,3063,ジェイグループホールディングス,0.11676366199274107,True,0.0,-0.5780346820809301,S08_ENVIRONMENT_RESIDUALISED,S08_ENVIRONMENT_RESIDUALISED_K2,2,True
2025-03-06,2,4356,応用技術,0.10549792239082072,True,1.0,0.974658869395717,S08_ENVIRONMENT_RESIDUALISED,S08_ENVIRONMENT_RESIDUALISED_K2,2,True
2025-03-07,1,3800,ユニリタ,0.10560025417312707,True,0.0,-0.05002501250624958,S08_ENVIRONMENT_RESIDUALISED,S08_ENVIRONMENT_RESIDUALISED_K2,2,True
2025-03-07,2,8139,ナガホリ,0.10510778604265034,True,1.0,1.2949640287769792,S08_ENVIRONMENT_RESIDUALISED,S08_ENVIRONMENT_RESIDUALISED_K2,2,True
2025-03-10,1,4783,ＮＣＤ,0.12226723800020879,True,0.0,-0.03844675124952124,S08_ENVIRONMENT_RESIDUALISED,S08_ENVIRONMENT_RESIDUALISED_K2,2,True
2025-03-10,2,7036,イーエムネットジャパン,0.10582778961046076,True,1.0,3.4445640473627526,S08_ENVIRONMENT_RESIDUALISED,S08_ENVIRONMENT_RESIDUALISED_K2,2,True
2025-03-11,1,7345,アイ・パートナーズフィナンシャル,0.130698017411342,True,1.0,0.6666666666666599,S08_ENVIRONMENT_RESIDUALISED,S08_ENVIRONMENT_RESIDUALISED_K2,2,True
2025-03-11,2,9312,ケイヒン,0.10958949944793633,True,0.0,-0.862440707201384,S08_ENVIRONMENT_RESIDUALISED,S08_ENVIRONMENT_RESIDUALISED_K2,2,True
2025-03-12,1,8139,ナガホリ,0.10859826357849622,True,1.0,1.231884057971011,S08_ENVIRONMENT_RESIDUALISED,S08_ENVIRONMENT_RESIDUALISED_K2,2,True
2025-03-12,2,9312,ケイヒン,0.10141732986033179,True,0.0,-0.39113428943937656,S08_ENVIRONMENT_RESIDUALISED,S08_ENVIRONMENT_RESIDUALISED_K2,2,True
2025-03-13,1,7345,アイ・パートナーズフィナンシャル,0.10647429651190911,True,1.0,1.683501683501687,S08_ENVIRONMENT_RESIDUALISED,S08_ENVIRONMENT_RESIDUALISED_K2,2,True
2025-03-13,2,8139,ナガホリ,0.10298978529654364,True,1.0,0.2871500358937462,S08_ENVIRONMENT_RESIDUALISED,S08_ENVIRONMENT_RESIDUALISED_K2,2,True
2025-03-14,1,4387,ＺＵＵ,0.10123675441951821,True,1.0,0.2421307506053294,S08_ENVIRONMENT_RESIDUALISED,S08_ENVIRONMENT_RESIDUALISED_K2,2,True
2025-03-14,2,7345,アイ・パートナーズフィナンシャル,0.09683576798977205,True,0.0,-1.4657980456026065,S08_ENVIRONMENT_RESIDUALISED,S08_ENVIRONMENT_RESIDUALISED_K2,2,True
2025-03-17,1,2332,クエスト,0.11734808833862415,True,1.0,0.6666666666666599,S08_ENVIRONMENT_RESIDUALISED,S08_ENVIRONMENT_RESIDUALISED_K2,2,True
2025-03-17,2,8139,ナガホリ,0.11256487250889922,True,0.0,-0.785153461812993,S08_ENVIRONMENT_RESIDUALISED,S08_ENVIRONMENT_RESIDUALISED_K2,2,True
2025-03-18,1,7345,アイ・パートナーズフィナンシャル,0.12464515854396847,True,0.0,-1.7793594306049876,S08_ENVIRONMENT_RESIDUALISED,S08_ENVIRONMENT_RESIDUALISED_K2,2,True
2025-03-18,2,2332,クエスト,0.11848854649301542,True,1.0,0.07369196757553986,S08_ENVIRONMENT_RESIDUALISED,S08_ENVIRONMENT_RESIDUALISED_K2,2,True
2025-03-19,1,2332,クエスト,0.13607271419452754,True,1.0,0.589101620029453,S08_ENVIRONMENT_RESIDUALISED,S08_ENVIRONMENT_RESIDUALISED_K2,2,True
2025-03-19,2,7266,今仙電機製作所,0.12400247415244482,True,1.0,3.703703703703698,S08_ENVIRONMENT_RESIDUALISED,S08_ENVIRONMENT_RESIDUALISED_K2,2,True
2025-03-21,1,5277,スパンクリートコーポレーション,0.1317577454396726,True,0.0,-0.22421524663677195,S08_ENVIRONMENT_RESIDUALISED,S08_ENVIRONMENT_RESIDUALISED_K2,2,True
2025-03-21,2,9685,ＫＹＣＯＭホールディングス,0.12389119659235344,True,1.0,0.2881844380403509,S08_ENVIRONMENT_RESIDUALISED,S08_ENVIRONMENT_RESIDUALISED_K2,2,True
2025-03-24,1,5277,スパンクリートコーポレーション,0.14172931199092326,True,1.0,0.22421524663676085,S08_ENVIRONMENT_RESIDUALISED,S08_ENVIRONMENT_RESIDUALISED_K2,2,True
2025-03-24,2,4356,応用技術,0.12114977620561676,True,0.0,-0.25889967637540146,S08_ENVIRONMENT_RESIDUALISED,S08_ENVIRONMENT_RESIDUALISED_K2,2,True
2025-03-25,1,5277,スパンクリートコーポレーション,0.15376245848996858,True,0.0,-0.22371364653244186,S08_ENVIRONMENT_RESIDUALISED,S08_ENVIRONMENT_RESIDUALISED_K2,2,True
2025-03-25,2,4356,応用技術,0.11384241013777473,True,0.0,-0.5851755526657954,S08_ENVIRONMENT_RESIDUALISED,S08_ENVIRONMENT_RESIDUALISED_K2,2,True
2025-03-26,1,5277,スパンクリートコーポレーション,0.14879463631810813,True,1.0,0.4474272930648837,S08_ENVIRONMENT_RESIDUALISED,S08_ENVIRONMENT_RESIDUALISED_K2,2,True
2025-03-26,2,2332,クエスト,0.12116555121299936,True,1.0,0.6588579795022032,S08_ENVIRONMENT_RESIDUALISED,S08_ENVIRONMENT_RESIDUALISED_K2,2,True
2025-03-27,1,5277,スパンクリートコーポレーション,0.14412092588806652,True,1.0,0.44642857142858094,S08_ENVIRONMENT_RESIDUALISED,S08_ENVIRONMENT_RESIDUALISED_K2,2,True
2025-03-27,2,4356,応用技術,0.11268797315003708,True,0.0,-0.2614379084967311,S08_ENVIRONMENT_RESIDUALISED,S08_ENVIRONMENT_RESIDUALISED_K2,2,True
2025-03-28,1,5277,スパンクリートコーポレーション,0.14428672600844064,True,1.0,0.6696428571428603,S08_ENVIRONMENT_RESIDUALISED,S08_ENVIRONMENT_RESIDUALISED_K2,2,True
2025-03-28,2,2332,クエスト,0.11749354443812524,True,1.0,0.6024096385542244,S08_ENVIRONMENT_RESIDUALISED,S08_ENVIRONMENT_RESIDUALISED_K2,2,True
2025-03-31,1,5277,スパンクリートコーポレーション,0.11816148919322582,True,0.0,0.0,S08_ENVIRONMENT_RESIDUALISED,S08_ENVIRONMENT_RESIDUALISED_K2,2,True
2025-03-31,2,3096,オーシャンシステム,0.11693339353728115,True,0.0,-0.08576329331045907,S08_ENVIRONMENT_RESIDUALISED,S08_ENVIRONMENT_RESIDUALISED_K2,2,True
2025-04-01,1,3434,アルファＣｏ,0.11577064586400405,True,0.0,-1.4388489208633115,S08_ENVIRONMENT_RESIDUALISED,S08_ENVIRONMENT_RESIDUALISED_K2,2,True
2025-04-01,2,2179,成学社,0.11369268839579572,True,0.0,-0.5167958656330796,S08_ENVIRONMENT_RESIDUALISED,S08_ENVIRONMENT_RESIDUALISED_K2,2,True
2025-04-02,1,7318,セレンディップ・ホールディングス,0.12521289019521908,True,0.0,-0.9044657998869443,S08_ENVIRONMENT_RESIDUALISED,S08_ENVIRONMENT_RESIDUALISED_K2,2,True
2025-04-02,2,7638,ＮＥＷ ＡＲＴ ＨＯＬＤＩＮＧＳ,0.10418712972473686,True,0.0,-6.765799256505578,S08_ENVIRONMENT_RESIDUALISED,S08_ENVIRONMENT_RESIDUALISED_K2,2,True
2025-04-03,1,5845,全保連,0.11371754911765763,True,0.0,-0.6127450980392135,S08_ENVIRONMENT_RESIDUALISED,S08_ENVIRONMENT_RESIDUALISED_K2,2,True
2025-04-03,2,7638,ＮＥＷ ＡＲＴ ＨＯＬＤＩＮＧＳ,0.10415082885958674,True,1.0,2.024922118380057,S08_ENVIRONMENT_RESIDUALISED,S08_ENVIRONMENT_RESIDUALISED_K2,2,True
2025-04-04,1,9685,ＫＹＣＯＭホールディングス,0.09546314666937301,True,0.0,-8.062015503875974,S08_ENVIRONMENT_RESIDUALISED,S08_ENVIRONMENT_RESIDUALISED_K2,2,True
2025-04-04,2,2332,クエスト,0.09521737378827433,True,0.0,-0.8000000000000007,S08_ENVIRONMENT_RESIDUALISED,S08_ENVIRONMENT_RESIDUALISED_K2,2,True
2025-04-07,1,7036,イーエムネットジャパン,0.12961582203364097,True,0.0,-8.115942028985511,S08_ENVIRONMENT_RESIDUALISED,S08_ENVIRONMENT_RESIDUALISED_K2,2,True
2025-04-07,2,9685,ＫＹＣＯＭホールディングス,0.10561051878601514,True,1.0,2.982107355864816,S08_ENVIRONMENT_RESIDUALISED,S08_ENVIRONMENT_RESIDUALISED_K2,2,True
2025-04-08,1,1662,石油資源開発,0.10008524141139331,True,0.0,-0.29880478087649376,S08_ENVIRONMENT_RESIDUALISED,S08_ENVIRONMENT_RESIDUALISED_K2,2,True
2025-04-08,2,9250,ＧＲＣＳ,0.09703024814817302,True,1.0,6.661251015434599,S08_ENVIRONMENT_RESIDUALISED,S08_ENVIRONMENT_RESIDUALISED_K2,2,True
2025-04-09,1,1662,石油資源開発,0.09943396886149156,True,0.0,-2.7551020408163263,S08_ENVIRONMENT_RESIDUALISED,S08_ENVIRONMENT_RESIDUALISED_K2,2,True
2025-04-09,2,3991,ウォンテッドリー,0.09919792442380783,True,1.0,3.073967339097017,S08_ENVIRONMENT_RESIDUALISED,S08_ENVIRONMENT_RESIDUALISED_K2,2,True
2025-04-10,1,2332,クエスト,0.10812332791771886,True,1.0,0.39777247414478634,S08_ENVIRONMENT_RESIDUALISED,S08_ENVIRONMENT_RESIDUALISED_K2,2,True
2025-04-10,2,9165,クオルテック,0.10776423275525233,True,0.0,-6.797706797706793,S08_ENVIRONMENT_RESIDUALISED,S08_ENVIRONMENT_RESIDUALISED_K2,2,True
2025-04-11,1,7043,アルー,0.11690794036216896,True,1.0,1.9461077844311392,S08_ENVIRONMENT_RESIDUALISED,S08_ENVIRONMENT_RESIDUALISED_K2,2,True
2025-04-11,2,3991,ウォンテッドリー,0.11378126587276838,True,1.0,10.946196660482377,S08_ENVIRONMENT_RESIDUALISED,S08_ENVIRONMENT_RESIDUALISED_K2,2,True
2025-04-14,1,7043,アルー,0.13918382464166376,True,1.0,2.2222222222222143,S08_ENVIRONMENT_RESIDUALISED,S08_ENVIRONMENT_RESIDUALISED_K2,2,True
2025-04-14,2,2282,日本ハム,0.11421311556989383,True,1.0,0.9356725146198785,S08_ENVIRONMENT_RESIDUALISED,S08_ENVIRONMENT_RESIDUALISED_K2,2,True
2025-04-15,1,3986,ビーブレイクシステムズ,0.16563353353166288,True,1.0,0.20964360587001352,S08_ENVIRONMENT_RESIDUALISED,S08_ENVIRONMENT_RESIDUALISED_K2,2,True
2025-04-15,2,7043,アルー,0.1506464336398124,True,1.0,1.4684287812041008,S08_ENVIRONMENT_RESIDUALISED,S08_ENVIRONMENT_RESIDUALISED_K2,2,True
2025-04-16,1,3986,ビーブレイクシステムズ,0.15455741053937486,True,,,S08_ENVIRONMENT_RESIDUALISED,S08_ENVIRONMENT_RESIDUALISED_K2,2,False
2025-04-16,2,5277,スパンクリートコーポレーション,0.14627141484047052,True,0.0,-0.22123893805309214,S08_ENVIRONMENT_RESIDUALISED,S08_ENVIRONMENT_RESIDUALISED_K2,2,True
2025-04-17,1,3986,ビーブレイクシステムズ,0.15917110749663613,True,0.0,-2.0689655172413834,S08_ENVIRONMENT_RESIDUALISED,S08_ENVIRONMENT_RESIDUALISED_K2,2,True
2025-04-17,2,7043,アルー,0.14840844122312194,True,0.0,-0.5772005772005762,S08_ENVIRONMENT_RESIDUALISED,S08_ENVIRONMENT_RESIDUALISED_K2,2,True
2025-04-18,1,3986,ビーブレイクシステムズ,0.1391628185788791,True,1.0,1.0563380281690238,S08_ENVIRONMENT_RESIDUALISED,S08_ENVIRONMENT_RESIDUALISED_K2,2,True
2025-04-18,2,7988,ニフコ,0.1149326823085862,True,1.0,1.0153756890049381,S08_ENVIRONMENT_RESIDUALISED,S08_ENVIRONMENT_RESIDUALISED_K2,2,True
2025-04-21,1,7043,アルー,0.12408971201225681,True,1.0,0.8746355685131268,S08_ENVIRONMENT_RESIDUALISED,S08_ENVIRONMENT_RESIDUALISED_K2,2,True
2025-04-21,2,3986,ビーブレイクシステムズ,0.12235945530449434,True,0.0,-1.7796030116358663,S08_ENVIRONMENT_RESIDUALISED,S08_ENVIRONMENT_RESIDUALISED_K2,2,True
2025-04-22,1,7043,アルー,0.1243159140960605,True,1.0,1.3157894736842035,S08_ENVIRONMENT_RESIDUALISED,S08_ENVIRONMENT_RESIDUALISED_K2,2,True
2025-04-22,2,9537,北陸瓦斯,0.1171997984565022,True,,,S08_ENVIRONMENT_RESIDUALISED,S08_ENVIRONMENT_RESIDUALISED_K2,2,False
2025-04-23,1,7043,アルー,0.12625637693300437,True,0.0,-0.575539568345329,S08_ENVIRONMENT_RESIDUALISED,S08_ENVIRONMENT_RESIDUALISED_K2,2,True
2025-04-23,2,5945,天龍製鋸,0.11784191014342285,True,0.0,0.0,S08_ENVIRONMENT_RESIDUALISED,S08_ENVIRONMENT_RESIDUALISED_K2,2,True
2025-04-24,1,7043,アルー,0.14347703443529924,True,1.0,0.5788712011577379,S08_ENVIRONMENT_RESIDUALISED,S08_ENVIRONMENT_RESIDUALISED_K2,2,True
2025-04-24,2,9434,ソフトバンク,0.12911272552097486,True,0.0,-1.4358499305233918,S08_ENVIRONMENT_RESIDUALISED,S08_ENVIRONMENT_RESIDUALISED_K2,2,True
2025-04-25,1,7043,アルー,0.13301289940010824,True,1.0,0.1436781609195359,S08_ENVIRONMENT_RESIDUALISED,S08_ENVIRONMENT_RESIDUALISED_K2,2,True
2025-04-25,2,9434,ソフトバンク,0.12629596014014438,True,0.0,-0.04699248120302313,S08_ENVIRONMENT_RESIDUALISED,S08_ENVIRONMENT_RESIDUALISED_K2,2,True
2025-04-28,1,7043,アルー,0.11809159021185972,True,0.0,-0.43041606886656814,S08_ENVIRONMENT_RESIDUALISED,S08_ENVIRONMENT_RESIDUALISED_K2,2,True
2025-04-28,2,6734,ニューテック,0.1146397293139733,True,0.0,-0.37783375314861534,S08_ENVIRONMENT_RESIDUALISED,S08_ENVIRONMENT_RESIDUALISED_K2,2,True
2025-04-30,1,7043,アルー,0.13093269872581983,True,1.0,0.14409221902016434,S08_ENVIRONMENT_RESIDUALISED,S08_ENVIRONMENT_RESIDUALISED_K2,2,True
2025-04-30,2,7255,桜井製作所,0.11178271516109858,True,0.0,-0.5291005291005346,S08_ENVIRONMENT_RESIDUALISED,S08_ENVIRONMENT_RESIDUALISED_K2,2,True
2025-05-01,1,7043,アルー,0.12073159415163781,True,1.0,0.2877697841726645,S08_ENVIRONMENT_RESIDUALISED,S08_ENVIRONMENT_RESIDUALISED_K2,2,True
2025-05-01,2,2282,日本ハム,0.10528419078641214,True,1.0,0.5931417979610831,S08_ENVIRONMENT_RESIDUALISED,S08_ENVIRONMENT_RESIDUALISED_K2,2,True
2025-05-02,1,7043,アルー,0.10707211022013723,True,0.0,-0.1436781609195359,S08_ENVIRONMENT_RESIDUALISED,S08_ENVIRONMENT_RESIDUALISED_K2,2,True
2025-05-02,2,2282,日本ハム,0.10689108337289327,True,1.0,1.1668827560659345,S08_ENVIRONMENT_RESIDUALISED,S08_ENVIRONMENT_RESIDUALISED_K2,2,True
2025-05-07,1,7043,アルー,0.12517553158786787,True,1.0,1.5827338129496438,S08_ENVIRONMENT_RESIDUALISED,S08_ENVIRONMENT_RESIDUALISED_K2,2,True
2025-05-07,2,6034,ＭＲＴ,0.11635776338480759,True,1.0,2.6666666666666616,S08_ENVIRONMENT_RESIDUALISED,S08_ENVIRONMENT_RESIDUALISED_K2,2,True
2025-05-08,1,6034,ＭＲＴ,0.1106055156591062,True,0.0,-0.14492753623188692,S08_ENVIRONMENT_RESIDUALISED,S08_ENVIRONMENT_RESIDUALISED_K2,2,True
2025-05-08,2,2908,フジッコ,0.10906794840061221,True,1.0,0.6815365551424923,S08_ENVIRONMENT_RESIDUALISED,S08_ENVIRONMENT_RESIDUALISED_K2,2,True
2025-05-09,1,6492,岡野バルブ製造,0.11300749753168866,True,1.0,3.750000000000009,S08_ENVIRONMENT_RESIDUALISED,S08_ENVIRONMENT_RESIDUALISED_K2,2,True
2025-05-09,2,7043,アルー,0.10813282627828245,True,1.0,2.384291725105192,S08_ENVIRONMENT_RESIDUALISED,S08_ENVIRONMENT_RESIDUALISED_K2,2,True
2025-05-12,1,7345,アイ・パートナーズフィナンシャル,0.13018149321511074,True,1.0,1.6042780748663166,S08_ENVIRONMENT_RESIDUALISED,S08_ENVIRONMENT_RESIDUALISED_K2,2,True
2025-05-12,2,8699,ＨＳホールディングス,0.10788392196824201,True,1.0,0.5268703898840821,S08_ENVIRONMENT_RESIDUALISED,S08_ENVIRONMENT_RESIDUALISED_K2,2,True
2025-05-13,1,7345,アイ・パートナーズフィナンシャル,0.12641628974049876,True,0.0,-1.0714285714285676,S08_ENVIRONMENT_RESIDUALISED,S08_ENVIRONMENT_RESIDUALISED_K2,2,True
2025-05-13,2,2282,日本ハム,0.120963570604066,True,0.0,-0.43330821401658115,S08_ENVIRONMENT_RESIDUALISED,S08_ENVIRONMENT_RESIDUALISED_K2,2,True
2025-05-14,1,7345,アイ・パートナーズフィナンシャル,0.14108708952581278,True,1.0,3.392857142857153,S08_ENVIRONMENT_RESIDUALISED,S08_ENVIRONMENT_RESIDUALISED_K2,2,True
2025-05-14,2,1898,世紀東急⼯業,0.12440075832377022,True,0.0,-1.261387526278912,S08_ENVIRONMENT_RESIDUALISED,S08_ENVIRONMENT_RESIDUALISED_K2,2,True
2025-05-15,1,3353,メディカル一光グループ,0.11601328655410799,True,1.0,0.2565198802907176,S08_ENVIRONMENT_RESIDUALISED,S08_ENVIRONMENT_RESIDUALISED_K2,2,True
2025-05-15,2,4069,ＢｌｕｅＭｅｍｅ,0.11457049670563503,True,1.0,2.57548845470692,S08_ENVIRONMENT_RESIDUALISED,S08_ENVIRONMENT_RESIDUALISED_K2,2,True
2025-05-16,1,7345,アイ・パートナーズフィナンシャル,0.1312318845498535,True,1.0,0.8928571428571397,S08_ENVIRONMENT_RESIDUALISED,S08_ENVIRONMENT_RESIDUALISED_K2,2,True
2025-05-16,2,3513,イチカワ,0.11504172980860586,True,1.0,0.1818181818181719,S08_ENVIRONMENT_RESIDUALISED,S08_ENVIRONMENT_RESIDUALISED_K2,2,True
2025-05-19,1,6034,ＭＲＴ,0.11613225384547507,True,0.0,-1.3274336283185861,S08_ENVIRONMENT_RESIDUALISED,S08_ENVIRONMENT_RESIDUALISED_K2,2,True
2025-05-19,2,7815,東京ボード⼯業,0.10841268238465807,True,1.0,1.5254237288135686,S08_ENVIRONMENT_RESIDUALISED,S08_ENVIRONMENT_RESIDUALISED_K2,2,True
2025-05-20,1,7345,アイ・パートナーズフィナンシャル,0.11761558766836999,True,1.0,0.727272727272732,S08_ENVIRONMENT_RESIDUALISED,S08_ENVIRONMENT_RESIDUALISED_K2,2,True
2025-05-20,2,9416,ビジョン,0.10845295627807323,True,0.0,-0.08643042350907626,S08_ENVIRONMENT_RESIDUALISED,S08_ENVIRONMENT_RESIDUALISED_K2,2,True
2025-05-21,1,6346,キクカワエンタープライズ,0.10493968775548145,True,1.0,0.8944543828264706,S08_ENVIRONMENT_RESIDUALISED,S08_ENVIRONMENT_RESIDUALISED_K2,2,True
2025-05-21,2,6670,ＭＣＪ,0.10381801251008275,True,0.0,-1.5128593040847238,S08_ENVIRONMENT_RESIDUALISED,S08_ENVIRONMENT_RESIDUALISED_K2,2,True
2025-05-22,1,7345,アイ・パートナーズフィナンシャル,0.10997233893579676,True,1.0,1.6666666666666607,S08_ENVIRONMENT_RESIDUALISED,S08_ENVIRONMENT_RESIDUALISED_K2,2,True
2025-05-22,2,6670,ＭＣＪ,0.10730573851229788,True,0.0,-0.5426356589147252,S08_ENVIRONMENT_RESIDUALISED,S08_ENVIRONMENT_RESIDUALISED_K2,2,True
2025-05-23,1,7345,アイ・パートナーズフィナンシャル,0.11617487131378448,True,1.0,1.4842300556586308,S08_ENVIRONMENT_RESIDUALISED,S08_ENVIRONMENT_RESIDUALISED_K2,2,True
2025-05-23,2,9142,九州旅客鉄道,0.08888486007156858,True,0.0,-0.18087855297157507,S08_ENVIRONMENT_RESIDUALISED,S08_ENVIRONMENT_RESIDUALISED_K2,2,True
2025-05-26,1,7345,アイ・パートナーズフィナンシャル,0.12767896063984796,True,1.0,0.3656307129798808,S08_ENVIRONMENT_RESIDUALISED,S08_ENVIRONMENT_RESIDUALISED_K2,2,True
2025-05-26,2,4437,ｇｏｏｄｄａｙｓホールディングス,0.103865259643463,True,1.0,0.2989536621823552,S08_ENVIRONMENT_RESIDUALISED,S08_ENVIRONMENT_RESIDUALISED_K2,2,True
2025-05-27,1,7345,アイ・パートナーズフィナンシャル,0.1131882223146203,True,1.0,5.185185185185182,S08_ENVIRONMENT_RESIDUALISED,S08_ENVIRONMENT_RESIDUALISED_K2,2,True
2025-05-27,2,5945,天龍製鋸,0.11168309570520533,True,1.0,0.10804970286331095,S08_ENVIRONMENT_RESIDUALISED,S08_ENVIRONMENT_RESIDUALISED_K2,2,True
2025-05-28,1,5945,天龍製鋸,0.12458483199788378,True,1.0,0.37776578521315773,S08_ENVIRONMENT_RESIDUALISED,S08_ENVIRONMENT_RESIDUALISED_K2,2,True
2025-05-28,2,7255,桜井製作所,0.09753469153393954,True,0.0,-0.7220216606498187,S08_ENVIRONMENT_RESIDUALISED,S08_ENVIRONMENT_RESIDUALISED_K2,2,True
2025-05-29,1,7345,アイ・パートナーズフィナンシャル,0.14302372413451753,True,1.0,1.4814814814814836,S08_ENVIRONMENT_RESIDUALISED,S08_ENVIRONMENT_RESIDUALISED_K2,2,True
2025-05-29,2,5945,天龍製鋸,0.1248516269705461,True,0.0,-0.32171581769436797,S08_ENVIRONMENT_RESIDUALISED,S08_ENVIRONMENT_RESIDUALISED_K2,2,True
2025-05-30,1,5945,天龍製鋸,0.1297964773161931,True,1.0,0.2702702702702675,S08_ENVIRONMENT_RESIDUALISED,S08_ENVIRONMENT_RESIDUALISED_K2,2,True
2025-05-30,2,9265,ヤマシタヘルスケアホールディングス,0.1107507606034465,True,1.0,0.34749034749035346,S08_ENVIRONMENT_RESIDUALISED,S08_ENVIRONMENT_RESIDUALISED_K2,2,True
2025-06-02,1,5945,天龍製鋸,0.11619860887753396,True,0.0,-0.48179871520342976,S08_ENVIRONMENT_RESIDUALISED,S08_ENVIRONMENT_RESIDUALISED_K2,2,True
2025-06-02,2,9265,ヤマシタヘルスケアホールディングス,0.10167456513017957,True,1.0,1.1769321302471658,S08_ENVIRONMENT_RESIDUALISED,S08_ENVIRONMENT_RESIDUALISED_K2,2,True
2025-06-03,1,3271,ＴＨＥグローバル社,0.10531225605740946,True,0.0,-0.6295907660020972,S08_ENVIRONMENT_RESIDUALISED,S08_ENVIRONMENT_RESIDUALISED_K2,2,True
2025-06-03,2,6570,共和コーポレーション,0.101178247523866,True,1.0,0.7172131147541005,S08_ENVIRONMENT_RESIDUALISED,S08_ENVIRONMENT_RESIDUALISED_K2,2,True
2025-06-04,1,6346,キクカワエンタープライズ,0.10974920372751451,True,1.0,1.0869565217391353,S08_ENVIRONMENT_RESIDUALISED,S08_ENVIRONMENT_RESIDUALISED_K2,2,True
2025-06-04,2,9265,ヤマシタヘルスケアホールディングス,0.0976523917916046,True,0.0,-0.11787819253438192,S08_ENVIRONMENT_RESIDUALISED,S08_ENVIRONMENT_RESIDUALISED_K2,2,True
2025-06-05,1,6346,キクカワエンタープライズ,0.10549326671614823,True,,,S08_ENVIRONMENT_RESIDUALISED,S08_ENVIRONMENT_RESIDUALISED_K2,2,False
2025-06-05,2,9142,九州旅客鉄道,0.10532243223741611,True,1.0,0.42350449973531656,S08_ENVIRONMENT_RESIDUALISED,S08_ENVIRONMENT_RESIDUALISED_K2,2,True
2025-06-06,1,3948,光ビジネスフォーム,0.11424199609696509,True,1.0,1.6999999999999904,S08_ENVIRONMENT_RESIDUALISED,S08_ENVIRONMENT_RESIDUALISED_K2,2,True
2025-06-06,2,3097,物語コーポレーション,0.09797835526234416,True,1.0,2.7259684361549574,S08_ENVIRONMENT_RESIDUALISED,S08_ENVIRONMENT_RESIDUALISED_K2,2,True
2025-06-09,1,3271,ＴＨＥグローバル社,0.09526367049468625,True,0.0,0.0,S08_ENVIRONMENT_RESIDUALISED,S08_ENVIRONMENT_RESIDUALISED_K2,2,True
2025-06-09,2,9142,九州旅客鉄道,0.09368927532204867,True,0.0,-1.2057667103538616,S08_ENVIRONMENT_RESIDUALISED,S08_ENVIRONMENT_RESIDUALISED_K2,2,True
2025-06-10,1,9142,九州旅客鉄道,0.09270237906329654,True,0.0,-0.42440318302386926,S08_ENVIRONMENT_RESIDUALISED,S08_ENVIRONMENT_RESIDUALISED_K2,2,True
2025-06-10,2,1882,東亜道路⼯業,0.09077871400932647,True,0.0,-0.2666666666666706,S08_ENVIRONMENT_RESIDUALISED,S08_ENVIRONMENT_RESIDUALISED_K2,2,True
2025-06-11,1,175A,Ｗｉｌｌ Ｓｍａｒｔ,0.09641437223252824,True,1.0,2.1437578814627933,S08_ENVIRONMENT_RESIDUALISED,S08_ENVIRONMENT_RESIDUALISED_K2,2,True
2025-06-11,2,6570,共和コーポレーション,0.09555297125242958,True,1.0,0.5117707267144223,S08_ENVIRONMENT_RESIDUALISED,S08_ENVIRONMENT_RESIDUALISED_K2,2,True
2025-06-12,1,6158,和井⽥製作所,0.09909056457509909,True,0.0,-0.3386004514672636,S08_ENVIRONMENT_RESIDUALISED,S08_ENVIRONMENT_RESIDUALISED_K2,2,True
2025-06-12,2,7255,桜井製作所,0.09884427344666583,True,1.0,1.5706806282722585,S08_ENVIRONMENT_RESIDUALISED,S08_ENVIRONMENT_RESIDUALISED_K2,2,True
2025-06-13,1,1866,北野建設,0.1046237888931317,True,1.0,2.9484029484029506,S08_ENVIRONMENT_RESIDUALISED,S08_ENVIRONMENT_RESIDUALISED_K2,2,True
2025-06-13,2,7345,アイ・パートナーズフィナンシャル,0.10186313561268688,True,0.0,-0.8960573476702538,S08_ENVIRONMENT_RESIDUALISED,S08_ENVIRONMENT_RESIDUALISED_K2,2,True
2025-06-16,1,7345,アイ・パートナーズフィナンシャル,0.1294826171641633,True,1.0,2.177858439201441,S08_ENVIRONMENT_RESIDUALISED,S08_ENVIRONMENT_RESIDUALISED_K2,2,True
2025-06-16,2,3441,山王,0.09951078267892752,True,1.0,2.4801587301587213,S08_ENVIRONMENT_RESIDUALISED,S08_ENVIRONMENT_RESIDUALISED_K2,2,True
2025-06-17,1,7255,桜井製作所,0.11860989882533063,True,1.0,1.7513134851138368,S08_ENVIRONMENT_RESIDUALISED,S08_ENVIRONMENT_RESIDUALISED_K2,2,True
2025-06-17,2,3843,フリービット,0.11580999382160355,True,1.0,0.3518648838845895,S08_ENVIRONMENT_RESIDUALISED,S08_ENVIRONMENT_RESIDUALISED_K2,2,True
2025-06-18,1,7255,桜井製作所,0.10692125910195421,True,1.0,0.17241379310344307,S08_ENVIRONMENT_RESIDUALISED,S08_ENVIRONMENT_RESIDUALISED_K2,2,True
2025-06-18,2,7058,共栄セキュリティーサービス,0.1050388725381151,True,1.0,3.462321792260692,S08_ENVIRONMENT_RESIDUALISED,S08_ENVIRONMENT_RESIDUALISED_K2,2,True
2025-06-19,1,9767,日建⼯学,0.1190003393136632,True,1.0,1.6702977487291104,S08_ENVIRONMENT_RESIDUALISED,S08_ENVIRONMENT_RESIDUALISED_K2,2,True
2025-06-19,2,6648,かわでん,0.10749604753422541,True,1.0,0.5701254275940704,S08_ENVIRONMENT_RESIDUALISED,S08_ENVIRONMENT_RESIDUALISED_K2,2,True
2025-06-20,1,3843,フリービット,0.10000958879457507,True,0.0,-1.480959097320167,S08_ENVIRONMENT_RESIDUALISED,S08_ENVIRONMENT_RESIDUALISED_K2,2,True
2025-06-20,2,7255,桜井製作所,0.09641123627360085,True,1.0,0.8635578583765069,S08_ENVIRONMENT_RESIDUALISED,S08_ENVIRONMENT_RESIDUALISED_K2,2,True
2025-06-23,1,6648,かわでん,0.10881118023871211,True,1.0,0.11428571428571122,S08_ENVIRONMENT_RESIDUALISED,S08_ENVIRONMENT_RESIDUALISED_K2,2,True
2025-06-23,2,9691,両毛システムズ,0.10517320702550269,True,1.0,2.1021021021021102,S08_ENVIRONMENT_RESIDUALISED,S08_ENVIRONMENT_RESIDUALISED_K2,2,True
2025-06-24,1,2327,日鉄ソリューションズ,0.10126097279178745,True,0.0,-0.42918454935622075,S08_ENVIRONMENT_RESIDUALISED,S08_ENVIRONMENT_RESIDUALISED_K2,2,True
2025-06-24,2,7043,アルー,0.09787284054572983,True,1.0,0.5221932114882533,S08_ENVIRONMENT_RESIDUALISED,S08_ENVIRONMENT_RESIDUALISED_K2,2,True
2025-06-25,1,4437,ｇｏｏｄｄａｙｓホールディングス,0.11571605661699848,True,0.0,-0.295857988165682,S08_ENVIRONMENT_RESIDUALISED,S08_ENVIRONMENT_RESIDUALISED_K2,2,True
2025-06-25,2,9869,加藤産業,0.10445667656413994,True,1.0,1.1152416356877248,S08_ENVIRONMENT_RESIDUALISED,S08_ENVIRONMENT_RESIDUALISED_K2,2,True
2025-06-26,1,4437,ｇｏｏｄｄａｙｓホールディングス,0.09894097648522342,True,1.0,1.5037593984962516,S08_ENVIRONMENT_RESIDUALISED,S08_ENVIRONMENT_RESIDUALISED_K2,2,True
2025-06-26,2,9364,上組,0.0960521493858851,True,1.0,0.28032619775739676,S08_ENVIRONMENT_RESIDUALISED,S08_ENVIRONMENT_RESIDUALISED_K2,2,True
2025-06-27,1,4437,ｇｏｏｄｄａｙｓホールディングス,0.09893568750934108,True,1.0,0.14792899408284654,S08_ENVIRONMENT_RESIDUALISED,S08_ENVIRONMENT_RESIDUALISED_K2,2,True
2025-06-27,2,6648,かわでん,0.0985759699521869,True,0.0,-1.851851851851849,S08_ENVIRONMENT_RESIDUALISED,S08_ENVIRONMENT_RESIDUALISED_K2,2,True
2025-06-30,1,7043,アルー,0.11960279551102407,True,1.0,0.9150326797385588,S08_ENVIRONMENT_RESIDUALISED,S08_ENVIRONMENT_RESIDUALISED_K2,2,True
2025-06-30,2,4437,ｇｏｏｄｄａｙｓホールディングス,0.11866792446412355,True,1.0,1.4925373134328401,S08_ENVIRONMENT_RESIDUALISED,S08_ENVIRONMENT_RESIDUALISED_K2,2,True
2025-07-01,1,4437,ｇｏｏｄｄａｙｓホールディングス,0.10869850568038346,True,0.0,-0.7299270072992692,S08_ENVIRONMENT_RESIDUALISED,S08_ENVIRONMENT_RESIDUALISED_K2,2,True
2025-07-01,2,9361,伏木海陸運送,0.10679432485165193,True,0.0,-0.3056234718826434,S08_ENVIRONMENT_RESIDUALISED,S08_ENVIRONMENT_RESIDUALISED_K2,2,True
2025-07-02,1,9361,伏木海陸運送,0.09881524458860559,True,0.0,-0.5518087063151489,S08_ENVIRONMENT_RESIDUALISED,S08_ENVIRONMENT_RESIDUALISED_K2,2,True
2025-07-02,2,7043,アルー,0.0987436277135139,True,,,S08_ENVIRONMENT_RESIDUALISED,S08_ENVIRONMENT_RESIDUALISED_K2,2,False
2025-07-03,1,7043,アルー,0.1303689088307821,True,1.0,0.5221932114882533,S08_ENVIRONMENT_RESIDUALISED,S08_ENVIRONMENT_RESIDUALISED_K2,2,True
2025-07-03,2,4391,ロジザード,0.09235433568276921,True,0.0,0.0,S08_ENVIRONMENT_RESIDUALISED,S08_ENVIRONMENT_RESIDUALISED_K2,2,True
2025-07-04,1,7043,アルー,0.1049718427283569,True,1.0,0.26041666666667407,S08_ENVIRONMENT_RESIDUALISED,S08_ENVIRONMENT_RESIDUALISED_K2,2,True
2025-07-04,2,4391,ロジザード,0.08691109453055314,True,0.0,-1.56378600823045,S08_ENVIRONMENT_RESIDUALISED,S08_ENVIRONMENT_RESIDUALISED_K2,2,True
2025-07-07,1,7043,アルー,0.10731111705691998,True,1.0,0.26041666666667407,S08_ENVIRONMENT_RESIDUALISED,S08_ENVIRONMENT_RESIDUALISED_K2,2,True
2025-07-07,2,2798,ワイズテーブルコーポレーション,0.09973019816057356,True,0.0,-0.8681135225375614,S08_ENVIRONMENT_RESIDUALISED,S08_ENVIRONMENT_RESIDUALISED_K2,2,True
2025-07-08,1,7043,アルー,0.10989138410652918,True,1.0,0.39215686274509665,S08_ENVIRONMENT_RESIDUALISED,S08_ENVIRONMENT_RESIDUALISED_K2,2,True
2025-07-08,2,2798,ワイズテーブルコーポレーション,0.09488007260293436,True,0.0,-0.03370407819346388,S08_ENVIRONMENT_RESIDUALISED,S08_ENVIRONMENT_RESIDUALISED_K2,2,True
2025-07-09,1,7043,アルー,0.13535135631634057,True,1.0,0.78125,S08_ENVIRONMENT_RESIDUALISED,S08_ENVIRONMENT_RESIDUALISED_K2,2,True
2025-07-09,2,9364,上組,0.10092546796791019,True,1.0,1.3131813676907855,S08_ENVIRONMENT_RESIDUALISED,S08_ENVIRONMENT_RESIDUALISED_K2,2,True
2025-07-10,1,4437,ｇｏｏｄｄａｙｓホールディングス,0.11874398630671543,True,1.0,0.4411764705882337,S08_ENVIRONMENT_RESIDUALISED,S08_ENVIRONMENT_RESIDUALISED_K2,2,True
2025-07-10,2,7043,アルー,0.11859485539523085,True,1.0,0.3896103896103842,S08_ENVIRONMENT_RESIDUALISED,S08_ENVIRONMENT_RESIDUALISED_K2,2,True
2025-07-11,1,4437,ｇｏｏｄｄａｙｓホールディングス,0.1194726979974801,True,1.0,0.2928257686676483,S08_ENVIRONMENT_RESIDUALISED,S08_ENVIRONMENT_RESIDUALISED_K2,2,True
2025-07-11,2,7043,アルー,0.10896540318126263,True,1.0,0.6518904823989535,S08_ENVIRONMENT_RESIDUALISED,S08_ENVIRONMENT_RESIDUALISED_K2,2,True
2025-07-14,1,4437,ｇｏｏｄｄａｙｓホールディングス,0.12239866461934208,True,0.0,-0.7246376811594235,S08_ENVIRONMENT_RESIDUALISED,S08_ENVIRONMENT_RESIDUALISED_K2,2,True
2025-07-14,2,7043,アルー,0.11785711839987736,True,0.0,-0.13003901170350884,S08_ENVIRONMENT_RESIDUALISED,S08_ENVIRONMENT_RESIDUALISED_K2,2,True
2025-07-15,1,7043,アルー,0.12456397676705182,True,0.0,0.0,S08_ENVIRONMENT_RESIDUALISED,S08_ENVIRONMENT_RESIDUALISED_K2,2,True
2025-07-15,2,4976,東洋ドライルーブ,0.10639787511011908,True,0.0,-0.37359900373599153,S08_ENVIRONMENT_RESIDUALISED,S08_ENVIRONMENT_RESIDUALISED_K2,2,True
2025-07-16,1,7043,アルー,0.11024834227750166,True,1.0,0.6493506493506551,S08_ENVIRONMENT_RESIDUALISED,S08_ENVIRONMENT_RESIDUALISED_K2,2,True
2025-07-16,2,4437,ｇｏｏｄｄａｙｓホールディングス,0.09349896015041455,True,1.0,2.499999999999991,S08_ENVIRONMENT_RESIDUALISED,S08_ENVIRONMENT_RESIDUALISED_K2,2,True
2025-07-17,1,7043,アルー,0.10948983433258642,True,1.0,0.2600780234070177,S08_ENVIRONMENT_RESIDUALISED,S08_ENVIRONMENT_RESIDUALISED_K2,2,True
2025-07-17,2,6558,クックビズ,0.09599383158084156,True,0.0,0.0,S08_ENVIRONMENT_RESIDUALISED,S08_ENVIRONMENT_RESIDUALISED_K2,2,True
2025-07-18,1,7043,アルー,0.12689934859369664,True,1.0,0.1290322580645098,S08_ENVIRONMENT_RESIDUALISED,S08_ENVIRONMENT_RESIDUALISED_K2,2,True
2025-07-18,2,7808,シー・エス・ランバー,0.09942860957000277,True,1.0,0.33444816053511683,S08_ENVIRONMENT_RESIDUALISED,S08_ENVIRONMENT_RESIDUALISED_K2,2,True
2025-07-22,1,7043,アルー,0.11588822583854526,True,1.0,2.05920205920207,S08_ENVIRONMENT_RESIDUALISED,S08_ENVIRONMENT_RESIDUALISED_K2,2,True
2025-07-22,2,8584,ジャックス,0.08399830384012855,True,1.0,0.49200492004919383,S08_ENVIRONMENT_RESIDUALISED,S08_ENVIRONMENT_RESIDUALISED_K2,2,True
2025-07-23,1,7808,シー・エス・ランバー,0.0908738805313148,True,1.0,0.4366812227074135,S08_ENVIRONMENT_RESIDUALISED,S08_ENVIRONMENT_RESIDUALISED_K2,2,True
2025-07-23,2,5446,北越メタル,0.08416107062928514,True,1.0,1.0569105691056846,S08_ENVIRONMENT_RESIDUALISED,S08_ENVIRONMENT_RESIDUALISED_K2,2,True
2025-07-24,1,7808,シー・エス・ランバー,0.11177042512788941,True,1.0,1.655629139072845,S08_ENVIRONMENT_RESIDUALISED,S08_ENVIRONMENT_RESIDUALISED_K2,2,True
2025-07-24,2,7634,星医療酸器,0.10697583966037136,True,0.0,0.0,S08_ENVIRONMENT_RESIDUALISED,S08_ENVIRONMENT_RESIDUALISED_K2,2,True
2025-07-25,1,7634,星医療酸器,0.11807851548384801,True,1.0,0.439560439560438,S08_ENVIRONMENT_RESIDUALISED,S08_ENVIRONMENT_RESIDUALISED_K2,2,True
2025-07-25,2,9259,タカヨシホールディングス,0.11521282251429757,True,0.0,0.0,S08_ENVIRONMENT_RESIDUALISED,S08_ENVIRONMENT_RESIDUALISED_K2,2,True
2025-07-28,1,7634,星医療酸器,0.11709875706234892,True,0.0,0.0,S08_ENVIRONMENT_RESIDUALISED,S08_ENVIRONMENT_RESIDUALISED_K2,2,True
2025-07-28,2,9259,タカヨシホールディングス,0.11607810030131319,True,0.0,-0.14265335235378318,S08_ENVIRONMENT_RESIDUALISED,S08_ENVIRONMENT_RESIDUALISED_K2,2,True
2025-07-29,1,9259,タカヨシホールディングス,0.11560938519927202,True,0.0,0.0,S08_ENVIRONMENT_RESIDUALISED,S08_ENVIRONMENT_RESIDUALISED_K2,2,True
2025-07-29,2,7043,アルー,0.11285818345831485,True,0.0,-0.37641154328732496,S08_ENVIRONMENT_RESIDUALISED,S08_ENVIRONMENT_RESIDUALISED_K2,2,True
2025-07-30,1,7043,アルー,0.11419261923474455,True,1.0,2.130325814536338,S08_ENVIRONMENT_RESIDUALISED,S08_ENVIRONMENT_RESIDUALISED_K2,2,True
2025-07-30,2,9254,ラバブルマーケティンググループ,0.10418841436914243,True,0.0,0.0,S08_ENVIRONMENT_RESIDUALISED,S08_ENVIRONMENT_RESIDUALISED_K2,2,True
2025-07-31,1,9259,タカヨシホールディングス,0.11002534005713323,True,1.0,0.14265335235377208,S08_ENVIRONMENT_RESIDUALISED,S08_ENVIRONMENT_RESIDUALISED_K2,2,True
2025-07-31,2,9254,ラバブルマーケティンググループ,0.10783103853011808,True,1.0,1.717967072297788,S08_ENVIRONMENT_RESIDUALISED,S08_ENVIRONMENT_RESIDUALISED_K2,2,True
