date,model_rank,code,name,model_score,score_eligible,label,oc_return_pct,candidate_id,top_k
2024-07-01,1,7043,アルー,0.15502255455270897,True,1,0.49999999999998934,L4_price_control,1
2024-07-02,1,7043,アルー,0.14939253417499956,True,0,-0.49813200498132204,L4_price_control,1
2024-07-03,1,7043,アルー,0.14334097135899718,True,1,1.643489254108732,L4_price_control,1
2024-07-04,1,6151,日東⼯器,0.1265164875836732,True,0,-0.96830985915492551,L4_price_control,1
2024-07-05,1,7043,アルー,0.12391620668831108,True,1,7.8005115089514021,L4_price_control,1
2024-07-08,1,6151,日東⼯器,0.1027265410586094,True,0,-3.8224956063268922,L4_price_control,1
2024-07-09,1,6151,日東⼯器,0.1074989522083075,True,1,0.22841480127913094,L4_price_control,1
2024-07-10,1,1866,北野建設,0.098787064966796068,True,0,-0.4070556309362261,L4_price_control,1
2024-07-11,1,9070,トナミホールディングス,0.096087978498395052,True,1,0.16863406408094139,L4_price_control,1
2024-07-12,1,4344,ソースネクスト,0.10972991409137475,True,1,9.4786729857819996,L4_price_control,1
2024-07-16,1,1866,北野建設,0.098052393249988753,True,0,-0.41322314049586639,L4_price_control,1
2024-07-17,1,7807,幸和製作所,0.13234245514006338,True,0,-2.4207011686143587,L4_price_control,1
2024-07-18,1,6870,日本フェンオール,0.10232066822798865,True,1,0.28752156411731011,L4_price_control,1
2024-07-19,1,7590,タカショー,0.1004673848283486,True,1,0.18552875695732052,L4_price_control,1
2024-07-22,1,7043,アルー,0.13440798271475821,True,1,4.4226044226044259,L4_price_control,1
2024-07-23,1,6707,サンケン電気,0.10068311097550318,True,0,-1.3733333333333375,L4_price_control,1
2024-07-24,1,6762,ＴＤＫ,0.10680049615667293,True,0,-0.14691478942213676,L4_price_control,1
2024-07-25,1,7043,アルー,0.097002975611464023,True,1,1.0882708585247869,L4_price_control,1
2024-07-26,1,5256,Ｆｕｓｉｃ,0.090929854869066906,True,0,-0.45385779122542047,L4_price_control,1
2024-07-29,1,5247,ＢＴＭ,0.094267525827372189,True,1,3.5409836065573685,L4_price_control,1
2024-07-30,1,7043,アルー,0.1222173829273874,True,1,2.4242424242424176,L4_price_control,1
2024-07-31,1,9340,アソインターナショナル,0.096240096114745724,True,1,3.2032032032031976,L4_price_control,1
2025-04-01,1,2179,成学社,0.11847691053107368,True,0,-0.51679586563307955,L4_price_control,1
2025-04-02,1,7318,セレンディップ・ホールディングス,0.12550638874986425,True,0,-0.90446579988694431,L4_price_control,1
2025-04-03,1,5845,全保連,0.11873381650952072,True,0,-0.61274509803921351,L4_price_control,1
2025-04-04,1,9685,ＫＹＣＯＭホールディングス,0.096900367272356097,True,0,-8.0620155038759744,L4_price_control,1
2025-04-07,1,7036,イーエムネットジャパン,0.13232939625318713,True,0,-8.1159420289855113,L4_price_control,1
2025-04-08,1,9250,ＧＲＣＳ,0.10125502164873609,True,1,6.6612510154345994,L4_price_control,1
2025-04-09,1,1662,石油資源開発,0.099388864795621257,True,0,-2.7551020408163263,L4_price_control,1
2025-04-10,1,9165,クオルテック,0.10999177274860747,True,0,-6.7977067977067929,L4_price_control,1
2025-04-11,1,7043,アルー,0.11656500657508199,True,1,1.9461077844311392,L4_price_control,1
2025-04-14,1,7043,アルー,0.13868294281035584,True,1,2.2222222222222143,L4_price_control,1
2025-04-22,1,7043,アルー,0.12551200086453468,True,1,1.3157894736842035,L4_price_control,1
2025-04-23,1,7043,アルー,0.1275724323653617,True,0,-0.57553956834532904,L4_price_control,1
2025-04-24,1,7043,アルー,0.14452222038267848,True,1,0.57887120115773794,L4_price_control,1
2025-04-25,1,7043,アルー,0.13383982671023123,True,1,0.14367816091953589,L4_price_control,1
2025-04-30,1,7043,アルー,0.13140565770377144,True,1,0.14409221902016434,L4_price_control,1
2025-05-01,1,7043,アルー,0.12368475922647892,True,1,0.28776978417266452,L4_price_control,1
2025-05-08,1,6034,ＭＲＴ,0.11308765281951445,True,0,-0.14492753623188692,L4_price_control,1
2025-05-09,1,7043,アルー,0.11522432839812936,True,1,2.3842917251051921,L4_price_control,1
2025-05-12,1,7345,アイ・パートナーズフィナンシャル,0.12961754498014105,True,1,1.6042780748663166,L4_price_control,1
2025-05-13,1,2282,日本ハム,0.12740010407049004,True,0,-0.43330821401658115,L4_price_control,1
2025-05-14,1,7345,アイ・パートナーズフィナンシャル,0.13983829492272726,True,1,3.392857142857153,L4_price_control,1
2025-05-15,1,4069,ＢｌｕｅＭｅｍｅ,0.12166096800030529,True,1,2.5754884547069201,L4_price_control,1
2025-05-16,1,7345,アイ・パートナーズフィナンシャル,0.13029560558292252,True,1,0.89285714285713969,L4_price_control,1
2025-05-19,1,6034,ＭＲＴ,0.11618820218068768,True,0,-1.3274336283185861,L4_price_control,1
2025-05-20,1,7345,アイ・パートナーズフィナンシャル,0.1163407575693703,True,1,0.72727272727273196,L4_price_control,1
2025-05-21,1,6346,キクカワエンタープライズ,0.10885796063819191,True,1,0.89445438282647061,L4_price_control,1
2025-05-27,1,5945,天龍製鋸,0.11800283420726844,True,1,0.10804970286331095,L4_price_control,1
2025-05-28,1,5945,天龍製鋸,0.13109457488725768,True,1,0.37776578521315773,L4_price_control,1
2025-05-29,1,7345,アイ・パートナーズフィナンシャル,0.14160923164117253,True,1,1.4814814814814836,L4_price_control,1
2025-05-30,1,5945,天龍製鋸,0.13575149220674709,True,1,0.27027027027026751,L4_price_control,1
2025-06-02,1,5945,天龍製鋸,0.121611307648539,True,0,-0.48179871520342976,L4_price_control,1
2025-06-03,1,3271,ＴＨＥグローバル社,0.10627741600253054,True,0,-0.62959076600209718,L4_price_control,1
2025-06-04,1,6346,キクカワエンタープライズ,0.11481669382730776,True,1,1.0869565217391353,L4_price_control,1
2025-06-05,1,6346,キクカワエンタープライズ,0.11032151981015433,True,,,L4_price_control,1
2025-06-06,1,3948,光ビジネスフォーム,0.11513797687057166,True,1,1.6999999999999904,L4_price_control,1
2025-06-09,1,3271,ＴＨＥグローバル社,0.096425905081109153,True,0,0,L4_price_control,1
2025-06-10,1,9142,九州旅客鉄道,0.092127793520890816,True,0,-0.42440318302386926,L4_price_control,1
2025-06-11,1,175A,Ｗｉｌｌ Ｓｍａｒｔ,0.096945208958256646,True,1,2.1437578814627933,L4_price_control,1
2025-06-12,1,6158,和井⽥製作所,0.10125375529708451,True,0,-0.33860045146726359,L4_price_control,1
2025-06-13,1,1866,北野建設,0.10544501169473901,True,1,2.9484029484029506,L4_price_control,1
2025-06-17,1,7255,桜井製作所,0.12019711432987772,True,1,1.7513134851138368,L4_price_control,1
2025-06-18,1,7255,桜井製作所,0.10866964614444317,True,1,0.17241379310344307,L4_price_control,1
2025-06-19,1,9767,日建⼯学,0.12168563781950838,True,1,1.6702977487291104,L4_price_control,1
2025-06-20,1,3843,フリービット,0.1015155184140439,True,0,-1.480959097320167,L4_price_control,1
2025-06-24,1,2327,日鉄ソリューションズ,0.1012674585575704,True,0,-0.42918454935622075,L4_price_control,1
2025-06-25,1,4437,ｇｏｏｄｄａｙｓホールディングス,0.11677298452190224,True,0,-0.29585798816568198,L4_price_control,1
2025-06-26,1,4437,ｇｏｏｄｄａｙｓホールディングス,0.1002126309002456,True,1,1.5037593984962516,L4_price_control,1
2025-06-27,1,6648,かわでん,0.10140879473471885,True,0,-1.851851851851849,L4_price_control,1
2025-06-30,1,4437,ｇｏｏｄｄａｙｓホールディングス,0.1206203419974279,True,1,1.4925373134328401,L4_price_control,1
2025-07-01,1,9361,伏木海陸運送,0.11012275650790314,True,0,-0.30562347188264338,L4_price_control,1
2025-07-02,1,9361,伏木海陸運送,0.10195250434127154,True,0,-0.55180870631514889,L4_price_control,1
2025-07-07,1,7043,アルー,0.10718479207572439,True,1,0.26041666666667407,L4_price_control,1
2025-07-08,1,7043,アルー,0.10997466419606634,True,1,0.39215686274509665,L4_price_control,1
2025-07-09,1,7043,アルー,0.1354971825086205,True,1,0.78125,L4_price_control,1
2025-07-10,1,7043,アルー,0.11974791124158976,True,1,0.38961038961038419,L4_price_control,1
2025-07-11,1,4437,ｇｏｏｄｄａｙｓホールディングス,0.11984044415952901,True,1,0.29282576866764831,L4_price_control,1
2025-07-14,1,4437,ｇｏｏｄｄａｙｓホールディングス,0.12278675669357789,True,0,-0.72463768115942351,L4_price_control,1
2025-07-15,1,7043,アルー,0.12566225621553934,True,0,0,L4_price_control,1
2025-07-16,1,7043,アルー,0.11287405863109937,True,1,0.64935064935065512,L4_price_control,1
2025-07-23,1,7808,シー・エス・ランバー,0.090870415906451493,True,1,0.4366812227074135,L4_price_control,1
2025-07-24,1,7808,シー・エス・ランバー,0.11178745467973486,True,1,1.655629139072845,L4_price_control,1
2025-07-25,1,7634,星医療酸器,0.12330374052053149,True,1,0.439560439560438,L4_price_control,1
2025-07-28,1,7634,星医療酸器,0.12258448826711996,True,0,0,L4_price_control,1
2025-07-29,1,9259,タカヨシホールディングス,0.11909737412972191,True,0,0,L4_price_control,1
2025-07-30,1,7043,アルー,0.11666033591232153,True,1,2.130325814536338,L4_price_control,1
2025-07-31,1,9259,タカヨシホールディングス,0.11339578950820201,True,1,0.14265335235377208,L4_price_control,1
2024-07-01,1,7043,アルー,0.15502255455270897,True,1,0.49999999999998934,L4_price_control,2
2024-07-01,2,8139,ナガホリ,0.12202197409636413,True,1,2.3826714801443938,L4_price_control,2
2024-07-02,1,7043,アルー,0.14939253417499956,True,0,-0.49813200498132204,L4_price_control,2
2024-07-02,2,8139,ナガホリ,0.1086650748408302,True,0,-0.56417489421720646,L4_price_control,2
2024-07-03,1,7043,アルー,0.14334097135899718,True,1,1.643489254108732,L4_price_control,2
2024-07-03,2,6151,日東⼯器,0.12743527931326976,True,0,-4.3404972608512393,L4_price_control,2
2024-07-04,1,6151,日東⼯器,0.1265164875836732,True,0,-0.96830985915492551,L4_price_control,2
2024-07-04,2,7043,アルー,0.11133840003013713,True,0,0,L4_price_control,2
2024-07-05,1,7043,アルー,0.12391620668831108,True,1,7.8005115089514021,L4_price_control,2
2024-07-05,2,2480,システム・ロケーション,0.10912505739604823,True,1,1.8436578171091345,L4_price_control,2
2024-07-08,1,6151,日東⼯器,0.1027265410586094,True,0,-3.8224956063268922,L4_price_control,2
2024-07-08,2,3302,帝国繊維,0.094451486122136177,True,0,-3.2992930086410022,L4_price_control,2
2024-07-09,1,6151,日東⼯器,0.1074989522083075,True,1,0.22841480127913094,L4_price_control,2
2024-07-09,2,8139,ナガホリ,0.096402435493721531,True,1,1.9607843137254832,L4_price_control,2
2024-07-10,1,1866,北野建設,0.098787064966796068,True,0,-0.4070556309362261,L4_price_control,2
2024-07-10,2,4491,コンピューターマネージメント,0.091955619149721862,True,1,1.4251781472684133,L4_price_control,2
2024-07-11,1,9070,トナミホールディングス,0.096087978498395052,True,1,0.16863406408094139,L4_price_control,2
2024-07-11,2,3986,ビーブレイクシステムズ,0.095102398113388373,True,1,0.43103448275862988,L4_price_control,2
2024-07-12,1,4344,ソースネクスト,0.10972991409137475,True,1,9.4786729857819996,L4_price_control,2
2024-07-12,2,3991,ウォンテッドリー,0.099410573444015118,True,1,2.132352941176463,L4_price_control,2
2024-07-16,1,1866,北野建設,0.098052393249988753,True,0,-0.41322314049586639,L4_price_control,2
2024-07-16,2,8938,グローム・ホールディングス,0.097957345795101819,True,1,3.2727272727272716,L4_price_control,2
2024-07-17,1,7807,幸和製作所,0.13234245514006338,True,0,-2.4207011686143587,L4_price_control,2
2024-07-17,2,3892,岡山製紙,0.11777336540975675,True,1,0.067567567567561326,L4_price_control,2
2024-07-18,1,6870,日本フェンオール,0.10232066822798865,True,1,0.28752156411731011,L4_price_control,2
2024-07-18,2,7043,アルー,0.10153104622749536,True,1,2.2619047619047539,L4_price_control,2
2024-07-19,1,7590,タカショー,0.1004673848283486,True,1,0.18552875695732052,L4_price_control,2
2024-07-19,2,6727,ワコム,0.099699598811512885,True,1,0.88161209068009505,L4_price_control,2
2024-07-22,1,7043,アルー,0.13440798271475821,True,1,4.4226044226044259,L4_price_control,2
2024-07-22,2,4362,日本精化,0.10003821317604268,True,0,-2.630643441166014,L4_price_control,2
2024-07-23,1,6707,サンケン電気,0.10068311097550318,True,0,-1.3733333333333375,L4_price_control,2
2024-07-23,2,4362,日本精化,0.10051602190234638,True,0,-1.7090909090909046,L4_price_control,2
2024-07-24,1,6762,ＴＤＫ,0.10680049615667293,True,0,-0.14691478942213676,L4_price_control,2
2024-07-24,2,9246,プロジェクトホールディングス,0.10216476569524804,True,0,-0.073475385745780386,L4_price_control,2
2024-07-25,1,7043,アルー,0.097002975611464023,True,1,1.0882708585247869,L4_price_control,2
2024-07-25,2,6103,オークマ,0.09256727541042907,True,0,-3.1415030467163207,L4_price_control,2
2024-07-26,1,5256,Ｆｕｓｉｃ,0.090929854869066906,True,0,-0.45385779122542047,L4_price_control,2
2024-07-26,2,6098,リクルートホールディングス,0.089565524991908646,True,0,-1.2061538461538457,L4_price_control,2
2024-07-29,1,5247,ＢＴＭ,0.094267525827372189,True,1,3.5409836065573685,L4_price_control,2
2024-07-29,2,7175,今村証券,0.080076012525397422,True,1,0.29390154298309934,L4_price_control,2
2024-07-30,1,7043,アルー,0.1222173829273874,True,1,2.4242424242424176,L4_price_control,2
2024-07-30,2,9818,大丸エナウィン,0.083811876437135072,True,0,0,L4_price_control,2
2024-07-31,1,9340,アソインターナショナル,0.096240096114745724,True,1,3.2032032032031976,L4_price_control,2
2024-07-31,2,4215,タキロンシーアイ,0.088272221279570059,True,1,6.8578553615959992,L4_price_control,2
2025-04-01,1,2179,成学社,0.11847691053107368,True,0,-0.51679586563307955,L4_price_control,2
2025-04-01,2,3434,アルファＣｏ,0.11531788334708135,True,0,-1.4388489208633115,L4_price_control,2
2025-04-02,1,7318,セレンディップ・ホールディングス,0.12550638874986425,True,0,-0.90446579988694431,L4_price_control,2
2025-04-02,2,3096,オーシャンシステム,0.10784966666485793,True,1,0.86580086580085869,L4_price_control,2
2025-04-03,1,5845,全保連,0.11873381650952072,True,0,-0.61274509803921351,L4_price_control,2
2025-04-03,2,7638,ＮＥＷ ＡＲＴ ＨＯＬＤＩＮＧＳ,0.10344356767007828,True,1,2.024922118380057,L4_price_control,2
2025-04-04,1,9685,ＫＹＣＯＭホールディングス,0.096900367272356097,True,0,-8.0620155038759744,L4_price_control,2
2025-04-04,2,2332,クエスト,0.094542659217651745,True,0,-0.80000000000000071,L4_price_control,2
2025-04-07,1,7036,イーエムネットジャパン,0.13232939625318713,True,0,-8.1159420289855113,L4_price_control,2
2025-04-07,2,9685,ＫＹＣＯＭホールディングス,0.1083274665484289,True,1,2.9821073558648159,L4_price_control,2
2025-04-08,1,9250,ＧＲＣＳ,0.10125502164873609,True,1,6.6612510154345994,L4_price_control,2
2025-04-08,2,1662,石油資源開発,0.10037198072919322,True,0,-0.29880478087649376,L4_price_control,2
2025-04-09,1,1662,石油資源開発,0.099388864795621257,True,0,-2.7551020408163263,L4_price_control,2
2025-04-09,2,3991,ウォンテッドリー,0.097648048041184612,True,1,3.0739673390970168,L4_price_control,2
2025-04-10,1,9165,クオルテック,0.10999177274860747,True,0,-6.7977067977067929,L4_price_control,2
2025-04-10,2,2332,クエスト,0.10733368289120032,True,1,0.39777247414478634,L4_price_control,2
2025-04-11,1,7043,アルー,0.11656500657508199,True,1,1.9461077844311392,L4_price_control,2
2025-04-11,2,3991,ウォンテッドリー,0.11166577739572137,True,1,10.946196660482377,L4_price_control,2
2025-04-14,1,7043,アルー,0.13868294281035584,True,1,2.2222222222222143,L4_price_control,2
2025-04-14,2,2282,日本ハム,0.11404422100635962,True,1,0.93567251461987855,L4_price_control,2
2025-04-22,1,7043,アルー,0.12551200086453468,True,1,1.3157894736842035,L4_price_control,2
2025-04-22,2,9537,北陸瓦斯,0.120932283247681,True,,,L4_price_control,2
2025-04-23,1,7043,アルー,0.1275724323653617,True,0,-0.57553956834532904,L4_price_control,2
2025-04-23,2,5945,天龍製鋸,0.11970195455026886,True,0,0,L4_price_control,2
2025-04-24,1,7043,アルー,0.14452222038267848,True,1,0.57887120115773794,L4_price_control,2
2025-04-24,2,9434,ソフトバンク,0.12855130369204051,True,0,-1.4358499305233918,L4_price_control,2
2025-04-25,1,7043,アルー,0.13383982671023123,True,1,0.14367816091953589,L4_price_control,2
2025-04-25,2,9434,ソフトバンク,0.12547158144474194,True,0,-0.046992481203023129,L4_price_control,2
2025-04-30,1,7043,アルー,0.13140565770377144,True,1,0.14409221902016434,L4_price_control,2
2025-04-30,2,7255,桜井製作所,0.11355630479260774,True,0,-0.52910052910053462,L4_price_control,2
2025-05-01,1,7043,アルー,0.12368475922647892,True,1,0.28776978417266452,L4_price_control,2
2025-05-01,2,5619,マーソ,0.10718564561929757,True,1,1.7410228509249226,L4_price_control,2
2025-05-08,1,6034,ＭＲＴ,0.11308765281951445,True,0,-0.14492753623188692,L4_price_control,2
2025-05-08,2,2908,フジッコ,0.11183492381298171,True,1,0.68153655514249234,L4_price_control,2
2025-05-09,1,7043,アルー,0.11522432839812936,True,1,2.3842917251051921,L4_price_control,2
2025-05-09,2,6492,岡野バルブ製造,0.11425801752551223,True,1,3.7500000000000089,L4_price_control,2
2025-05-12,1,7345,アイ・パートナーズフィナンシャル,0.12961754498014105,True,1,1.6042780748663166,L4_price_control,2
2025-05-12,2,8699,ＨＳホールディングス,0.11405056355929208,True,1,0.52687038988408208,L4_price_control,2
2025-05-13,1,2282,日本ハム,0.12740010407049004,True,0,-0.43330821401658115,L4_price_control,2
2025-05-13,2,7345,アイ・パートナーズフィナンシャル,0.12609430538671174,True,0,-1.0714285714285676,L4_price_control,2
2025-05-14,1,7345,アイ・パートナーズフィナンシャル,0.13983829492272726,True,1,3.392857142857153,L4_price_control,2
2025-05-14,2,1898,世紀東急⼯業,0.12580856936237619,True,0,-1.261387526278912,L4_price_control,2
2025-05-15,1,4069,ＢｌｕｅＭｅｍｅ,0.12166096800030529,True,1,2.5754884547069201,L4_price_control,2
2025-05-15,2,3353,メディカル一光グループ,0.11805787534767861,True,1,0.25651988029071759,L4_price_control,2
2025-05-16,1,7345,アイ・パートナーズフィナンシャル,0.13029560558292252,True,1,0.89285714285713969,L4_price_control,2
2025-05-16,2,3513,イチカワ,0.11808890062062491,True,1,0.18181818181817189,L4_price_control,2
2025-05-19,1,6034,ＭＲＴ,0.11618820218068768,True,0,-1.3274336283185861,L4_price_control,2
2025-05-19,2,7815,東京ボード⼯業,0.10957625874318552,True,1,1.5254237288135686,L4_price_control,2
2025-05-20,1,7345,アイ・パートナーズフィナンシャル,0.1163407575693703,True,1,0.72727272727273196,L4_price_control,2
2025-05-20,2,9416,ビジョン,0.11345724560745714,True,0,-0.08643042350907626,L4_price_control,2
2025-05-21,1,6346,キクカワエンタープライズ,0.10885796063819191,True,1,0.89445438282647061,L4_price_control,2
2025-05-21,2,6670,ＭＣＪ,0.10665537072006841,True,0,-1.5128593040847238,L4_price_control,2
2025-05-27,1,5945,天龍製鋸,0.11800283420726844,True,1,0.10804970286331095,L4_price_control,2
2025-05-27,2,7345,アイ・パートナーズフィナンシャル,0.11181695787139158,True,1,5.1851851851851816,L4_price_control,2
2025-05-28,1,5945,天龍製鋸,0.13109457488725768,True,1,0.37776578521315773,L4_price_control,2
2025-05-28,2,7255,桜井製作所,0.1002595574575928,True,0,-0.72202166064981865,L4_price_control,2
2025-05-29,1,7345,アイ・パートナーズフィナンシャル,0.14160923164117253,True,1,1.4814814814814836,L4_price_control,2
2025-05-29,2,5945,天龍製鋸,0.13157704755487121,True,0,-0.32171581769436797,L4_price_control,2
2025-05-30,1,5945,天龍製鋸,0.13575149220674709,True,1,0.27027027027026751,L4_price_control,2
2025-05-30,2,9265,ヤマシタヘルスケアホールディングス,0.10988393128723629,True,1,0.34749034749035346,L4_price_control,2
2025-06-02,1,5945,天龍製鋸,0.121611307648539,True,0,-0.48179871520342976,L4_price_control,2
2025-06-02,2,9265,ヤマシタヘルスケアホールディングス,0.10067164281378164,True,1,1.1769321302471658,L4_price_control,2
2025-06-03,1,3271,ＴＨＥグローバル社,0.10627741600253054,True,0,-0.62959076600209718,L4_price_control,2
2025-06-03,2,6570,共和コーポレーション,0.10230096186245584,True,1,0.71721311475410054,L4_price_control,2
2025-06-04,1,6346,キクカワエンタープライズ,0.11481669382730776,True,1,1.0869565217391353,L4_price_control,2
2025-06-04,2,9265,ヤマシタヘルスケアホールディングス,0.096874182944415521,True,0,-0.11787819253438192,L4_price_control,2
2025-06-05,1,6346,キクカワエンタープライズ,0.11032151981015433,True,,,L4_price_control,2
2025-06-05,2,5945,天龍製鋸,0.10477840219220143,True,1,3.2608695652173836,L4_price_control,2
2025-06-06,1,3948,光ビジネスフォーム,0.11513797687057166,True,1,1.6999999999999904,L4_price_control,2
2025-06-06,2,3097,物語コーポレーション,0.098173252693149929,True,1,2.7259684361549574,L4_price_control,2
2025-06-09,1,3271,ＴＨＥグローバル社,0.096425905081109153,True,0,0,L4_price_control,2
2025-06-09,2,9142,九州旅客鉄道,0.093179159431686392,True,0,-1.2057667103538616,L4_price_control,2
2025-06-10,1,9142,九州旅客鉄道,0.092127793520890816,True,0,-0.42440318302386926,L4_price_control,2
2025-06-10,2,1882,東亜道路⼯業,0.090368577076271564,True,0,-0.2666666666666706,L4_price_control,2
2025-06-11,1,175A,Ｗｉｌｌ Ｓｍａｒｔ,0.096945208958256646,True,1,2.1437578814627933,L4_price_control,2
2025-06-11,2,6570,共和コーポレーション,0.096827658080019322,True,1,0.51177072671442225,L4_price_control,2
2025-06-12,1,6158,和井⽥製作所,0.10125375529708451,True,0,-0.33860045146726359,L4_price_control,2
2025-06-12,2,7255,桜井製作所,0.10094187493251366,True,1,1.5706806282722585,L4_price_control,2
2025-06-13,1,1866,北野建設,0.10544501169473901,True,1,2.9484029484029506,L4_price_control,2
2025-06-13,2,7345,アイ・パートナーズフィナンシャル,0.10488248830497894,True,0,-0.8960573476702538,L4_price_control,2
2025-06-17,1,7255,桜井製作所,0.12019711432987772,True,1,1.7513134851138368,L4_price_control,2
2025-06-17,2,3843,フリービット,0.11713141554469418,True,1,0.35186488388458947,L4_price_control,2
2025-06-18,1,7255,桜井製作所,0.10866964614444317,True,1,0.17241379310344307,L4_price_control,2
2025-06-18,2,7058,共栄セキュリティーサービス,0.10707717492815239,True,1,3.4623217922606919,L4_price_control,2
2025-06-19,1,9767,日建⼯学,0.12168563781950838,True,1,1.6702977487291104,L4_price_control,2
2025-06-19,2,6648,かわでん,0.10824407415680402,True,1,0.57012542759407037,L4_price_control,2
2025-06-20,1,3843,フリービット,0.1015155184140439,True,0,-1.480959097320167,L4_price_control,2
2025-06-20,2,7255,桜井製作所,0.09848406486174667,True,1,0.86355785837650689,L4_price_control,2
2025-06-24,1,2327,日鉄ソリューションズ,0.1012674585575704,True,0,-0.42918454935622075,L4_price_control,2
2025-06-24,2,2408,ＫＧ情報,0.10074908928033059,True,0,-0.64205457463883953,L4_price_control,2
2025-06-25,1,4437,ｇｏｏｄｄａｙｓホールディングス,0.11677298452190224,True,0,-0.29585798816568198,L4_price_control,2
2025-06-25,2,9869,加藤産業,0.10715225177969485,True,1,1.1152416356877248,L4_price_control,2
2025-06-26,1,4437,ｇｏｏｄｄａｙｓホールディングス,0.1002126309002456,True,1,1.5037593984962516,L4_price_control,2
2025-06-26,2,9364,上組,0.096367414848484045,True,1,0.28032619775739676,L4_price_control,2
2025-06-27,1,6648,かわでん,0.10140879473471885,True,0,-1.851851851851849,L4_price_control,2
2025-06-27,2,4437,ｇｏｏｄｄａｙｓホールディングス,0.10043718339087945,True,1,0.14792899408284654,L4_price_control,2
2025-06-30,1,4437,ｇｏｏｄｄａｙｓホールディングス,0.1206203419974279,True,1,1.4925373134328401,L4_price_control,2
2025-06-30,2,7043,アルー,0.1204763697260757,True,1,0.91503267973855884,L4_price_control,2
2025-07-01,1,9361,伏木海陸運送,0.11012275650790314,True,0,-0.30562347188264338,L4_price_control,2
2025-07-01,2,4437,ｇｏｏｄｄａｙｓホールディングス,0.10981350531476368,True,0,-0.72992700729926918,L4_price_control,2
2025-07-02,1,9361,伏木海陸運送,0.10195250434127154,True,0,-0.55180870631514889,L4_price_control,2
2025-07-02,2,7043,アルー,0.099022810413914614,True,,,L4_price_control,2
2025-07-07,1,7043,アルー,0.10718479207572439,True,1,0.26041666666667407,L4_price_control,2
2025-07-07,2,2798,ワイズテーブルコーポレーション,0.09994958544743443,True,0,-0.86811352253756136,L4_price_control,2
2025-07-08,1,7043,アルー,0.10997466419606634,True,1,0.39215686274509665,L4_price_control,2
2025-07-08,2,2798,ワイズテーブルコーポレーション,0.09505138185747182,True,0,-0.033704078193463882,L4_price_control,2
2025-07-09,1,7043,アルー,0.1354971825086205,True,1,0.78125,L4_price_control,2
2025-07-09,2,9364,上組,0.10095057850827968,True,1,1.3131813676907855,L4_price_control,2
2025-07-10,1,7043,アルー,0.11974791124158976,True,1,0.38961038961038419,L4_price_control,2
2025-07-10,2,4437,ｇｏｏｄｄａｙｓホールディングス,0.11925741283164604,True,1,0.44117647058823373,L4_price_control,2
2025-07-11,1,4437,ｇｏｏｄｄａｙｓホールディングス,0.11984044415952901,True,1,0.29282576866764831,L4_price_control,2
2025-07-11,2,7043,アルー,0.11006004129051725,True,1,0.65189048239895353,L4_price_control,2
2025-07-14,1,4437,ｇｏｏｄｄａｙｓホールディングス,0.12278675669357789,True,0,-0.72463768115942351,L4_price_control,2
2025-07-14,2,7043,アルー,0.11897181489415871,True,0,-0.13003901170350884,L4_price_control,2
2025-07-15,1,7043,アルー,0.12566225621553934,True,0,0,L4_price_control,2
2025-07-15,2,4976,東洋ドライルーブ,0.10785553188901718,True,0,-0.37359900373599153,L4_price_control,2
2025-07-16,1,7043,アルー,0.11287405863109937,True,1,0.64935064935065512,L4_price_control,2
2025-07-16,2,4437,ｇｏｏｄｄａｙｓホールディングス,0.094942894705233663,True,1,2.4999999999999911,L4_price_control,2
2025-07-23,1,7808,シー・エス・ランバー,0.090870415906451493,True,1,0.4366812227074135,L4_price_control,2
2025-07-23,2,7634,星医療酸器,0.085694395380832136,True,1,0.11001100110010764,L4_price_control,2
2025-07-24,1,7808,シー・エス・ランバー,0.11178745467973486,True,1,1.655629139072845,L4_price_control,2
2025-07-24,2,7634,星医療酸器,0.11079046083746015,True,0,0,L4_price_control,2
2025-07-25,1,7634,星医療酸器,0.12330374052053149,True,1,0.439560439560438,L4_price_control,2
2025-07-25,2,9259,タカヨシホールディングス,0.11750304220642216,True,0,0,L4_price_control,2
2025-07-28,1,7634,星医療酸器,0.12258448826711996,True,0,0,L4_price_control,2
2025-07-28,2,9259,タカヨシホールディングス,0.11983419759616465,True,0,-0.14265335235378318,L4_price_control,2
2025-07-29,1,9259,タカヨシホールディングス,0.11909737412972191,True,0,0,L4_price_control,2
2025-07-29,2,7043,アルー,0.11553034162238594,True,0,-0.37641154328732496,L4_price_control,2
2025-07-30,1,7043,アルー,0.11666033591232153,True,1,2.130325814536338,L4_price_control,2
2025-07-30,2,9254,ラバブルマーケティンググループ,0.10413189639987143,True,0,0,L4_price_control,2
2025-07-31,1,9259,タカヨシホールディングス,0.11339578950820201,True,1,0.14265335235377208,L4_price_control,2
2025-07-31,2,9254,ラバブルマーケティンググループ,0.10920607867378002,True,1,1.717967072297788,L4_price_control,2
2024-07-01,1,4046,大阪ソーダ,0.30454277992248535,True,0,-1.1059907834101379,T02_char_value_event_only,1
2024-07-02,1,4978,Ｇ－リプロセル,0.50805306434631348,True,1,1.449275362318847,T02_char_value_event_only,1
2024-07-03,1,7161,じもとＨＤ,0.32694712281227112,True,0,-4.5945945945945921,T02_char_value_event_only,1
2024-07-04,1,3803,Ｇ－イメージ情,0.38012489676475525,True,0,-2.8138528138528129,T02_char_value_event_only,1
2024-07-05,1,4978,Ｇ－リプロセル,0.34722870588302612,True,1,1.4598540145985384,T02_char_value_event_only,1
2024-07-08,1,8798,アドバンスクリエイト,0.42511221766471863,True,0,-0.74142724745134281,T02_char_value_event_only,1
2024-07-09,1,2654,アスモ,0.29213851690292358,True,0,0,T02_char_value_event_only,1
2024-07-10,1,2923,サトウ食品,0.30454277992248535,True,1,0.42613636363635354,T02_char_value_event_only,1
2024-07-11,1,4584,Ｇ－キッズ・バイオ,0.26569154858589172,True,1,2.2222222222222143,T02_char_value_event_only,1
2024-07-12,1,4978,Ｇ－リプロセル,0.3460959792137146,True,1,5.0359712230215736,T02_char_value_event_only,1
2024-07-16,1,6240,ヤマシンフィルタ,0.22424021363258362,True,1,5.5187637969094983,T02_char_value_event_only,1
2024-07-17,1,4379,Ｇ－フォトシンス,0.42492213845252991,True,1,3.4912718204488824,T02_char_value_event_only,1
2024-07-18,1,5888,Ｇ－ダイワサイクル,0.48597124218940735,True,1,2.0954998282377124,T02_char_value_event_only,1
2024-07-19,1,3904,Ｇ－カヤック,0.22946140170097351,True,0,-0.29761904761904656,T02_char_value_event_only,1
2024-07-22,1,5871,ＳＯＬＩＺＥ,0.38145866990089417,True,0,-3.4526854219948833,T02_char_value_event_only,1
2024-07-23,1,4439,東名,0.38012489676475525,True,1,7.1017274472168879,T02_char_value_event_only,1
2024-07-24,1,6089,ウィルグループ,0.37321814894676208,True,0,-1.6346153846153899,T02_char_value_event_only,1
2024-07-25,1,7673,ダイコー通産,0.32082003355026245,True,1,0.082918739635151617,T02_char_value_event_only,1
2024-07-26,1,3719,ジェクシード,0.28686916828155518,True,1,6.5326633165829096,T02_char_value_event_only,1
2024-07-29,1,5341,ＡＳＡＨＩ ＥＩＴＯ,0.25197300314903259,True,1,0.24875621890547706,T02_char_value_event_only,1
2024-07-30,1,6677,エスケーエレク,0.25236991047859192,True,0,-0.65359477124182774,T02_char_value_event_only,1
2024-07-31,1,7808,ＣＳランバー,0.30185934901237488,True,1,0.45941807044409533,T02_char_value_event_only,1
2025-04-01,1,3607,クラウディアＨＤ,0.30356118083000183,True,1,0.64724919093850364,T02_char_value_event_only,1
2025-04-02,1,7683,ダブルエー,0.50165247917175293,True,0,-1.3843648208469062,T02_char_value_event_only,1
2025-04-03,1,4287,ジャストプラ,0.33009248971939087,True,0,-0.56022408963585235,T02_char_value_event_only,1
2025-04-04,1,3498,霞ヶ関キャピタル,0.35319170355796814,True,0,-3.3509700176366897,T02_char_value_event_only,1
2025-04-07,1,3046,ＪＩＮＳＨＤ,0.51129531860351562,True,1,3.3003300330032959,T02_char_value_event_only,1
2025-04-08,1,7134,アップガレージＧ,0.3792591392993927,True,1,4.0236686390532572,T02_char_value_event_only,1
2025-04-09,1,7554,幸楽苑,0.29831638932228088,True,0,-1.285855588526208,T02_char_value_event_only,1
2025-04-10,1,7445,ライトオン,0.33513569831848145,True,0,-4.629629629629628,T02_char_value_event_only,1
2025-04-11,1,8237,松屋,0.31441026926040649,True,1,3.4079844206426513,T02_char_value_event_only,1
2025-04-14,1,1419,タマホーム,0.41573718190193176,True,0,-1.192052980132452,T02_char_value_event_only,1
2025-04-22,1,6238,フリュー,0.35163238644599915,True,1,0.43103448275862988,T02_char_value_event_only,1
2025-04-23,1,7388,ＦＰパートナー,0.24122506380081177,True,1,0.54121565362197366,T02_char_value_event_only,1
2025-04-24,1,7944,ローランド,0.2742893397808075,True,1,0.15797788309637184,T02_char_value_event_only,1
2025-04-25,1,3080,ジェーソン,0.49574121832847595,True,0,-0.58651026392961825,T02_char_value_event_only,1
2025-04-30,1,3121,マーチャント,0.3584844172000885,True,0,-1.016949152542368,T02_char_value_event_only,1
2025-05-01,1,6770,アルプスアルパイン,0.367176353931427,True,0,-3.051560855840052,T02_char_value_event_only,1
2025-05-08,1,7134,アップガレージＧ,0.49459117650985718,True,1,1.2371134020618513,T02_char_value_event_only,1
2025-05-09,1,4547,キッセイ薬,0.44168812036514282,True,1,5.4568527918781751,T02_char_value_event_only,1
2025-05-12,1,9513,Ｊパワー,0.46139436960220337,True,1,0.080048028817292227,T02_char_value_event_only,1
2025-05-13,1,5660,神鋼鋼線,0.31740346550941467,True,0,-0.14981273408239959,T02_char_value_event_only,1
2025-05-14,1,4272,日化薬,0.37764179706573486,True,0,-1.3260530421216887,T02_char_value_event_only,1
2025-05-15,1,300A,ＭＩＣ,0.37608176469802856,True,1,2.2222222222222143,T02_char_value_event_only,1
2025-05-16,1,7182,ゆうちょ銀行,0.45291298627853394,True,0,-1.4836795252225476,T02_char_value_event_only,1
2025-05-19,1,7177,ＧＭＯＦＨＤ,0.32572999596595764,True,0,-0.64267352185090054,T02_char_value_event_only,1
2025-05-20,1,4882,Ｇ－ペルセウス,0.47519248723983765,True,1,1.3729977116704761,T02_char_value_event_only,1
2025-05-21,1,3652,Ｇ－ＤＭＰ,0.47519248723983765,True,1,10.59190031152648,T02_char_value_event_only,1
2025-05-27,1,7698,アイスコ,0.47519248723983765,True,1,0.11007154650521933,T02_char_value_event_only,1
2025-05-28,1,4015,Ｇ－ペイクラウドＨＤ,0.45365923643112183,True,0,-0.38412291933418441,T02_char_value_event_only,1
2025-05-29,1,8771,Ｅギャランティ,0.28383916616439819,True,1,2.7114267269205961,T02_char_value_event_only,1
2025-05-30,1,3443,川田ＴＥＣＨ,0.35826265811920166,True,1,1.1111111111111072,T02_char_value_event_only,1
2025-06-02,1,5122,オカモト,0.58725959062576294,True,0,-0.19723865877712132,T02_char_value_event_only,1
2025-06-03,1,7625,Ｇダイニング,0.44583433866500854,True,1,1.1267605633802802,T02_char_value_event_only,1
2025-06-04,1,3415,トウキョウベース,0.51790738105773926,True,1,10.451977401129952,T02_char_value_event_only,1
2025-06-05,1,4116,大日精化,0.38538062572479248,True,1,1.1326860841423869,T02_char_value_event_only,1
2025-06-06,1,3415,トウキョウベース,0.63882982730865479,True,0,-0.512820512820511,T02_char_value_event_only,1
2025-06-09,1,7678,あさくま,0.40450656414031982,True,0,-0.23364485981308691,T02_char_value_event_only,1
2025-06-10,1,3690,Ｇ－イルグルム,0.47010958194732666,True,0,-0.92936802973977439,T02_char_value_event_only,1
2025-06-11,1,3399,山岡家,0.54596680402755737,True,1,7.1556350626118093,T02_char_value_event_only,1
2025-06-12,1,5132,Ｇ－ｐｌｕｓｚｅｒｏ,0.4076116681098938,True,1,7.0000000000000062,T02_char_value_event_only,1
2025-06-13,1,2305,スタジオアリス,0.45945996046066284,True,1,0.47303689687796524,T02_char_value_event_only,1
2025-06-17,1,5136,Ｇ－ｔｒｉｐｌａ,0.39156574010848999,True,0,-1.4648858250754015,T02_char_value_event_only,1
2025-06-18,1,3526,芦森工,0.15417151153087616,True,1,0.17464198393293273,T02_char_value_event_only,1
2025-06-19,1,6371,椿本チエイン,0.3930668830871582,True,0,-0.78475336322869627,T02_char_value_event_only,1
2025-06-20,1,3107,ダイワボＨＤ,0.30233311653137207,True,0,-0.27279812938425518,T02_char_value_event_only,1
2025-06-24,1,6702,富士通,0.24682308733463287,True,1,0.11876484560569001,T02_char_value_event_only,1
2025-06-25,1,4015,Ｇ－ペイクラウドＨＤ,0.60986024141311646,True,1,6.3134160090191571,T02_char_value_event_only,1
2025-06-26,1,8750,第一生命ＨＤ,0.32283735275268555,True,1,1.5471167369901506,T02_char_value_event_only,1
2025-06-27,1,7214,ＧＭＢ,0.32229608297348022,True,1,0.48840048840048667,T02_char_value_event_only,1
2025-06-30,1,7060,ギークス,0.4086499810218811,True,1,5.6249999999999911,T02_char_value_event_only,1
2025-07-01,1,6090,ＨＭＴ,0.29752948880195618,True,1,1.8229166666666741,T02_char_value_event_only,1
2025-07-02,1,8237,松屋,0.70878756046295166,True,1,1.0912698412698374,T02_char_value_event_only,1
2025-07-07,1,3046,ＪＩＮＳＨＤ,0.5820767879486084,True,1,4.7029702970297071,T02_char_value_event_only,1
2025-07-08,1,3690,Ｇ－イルグルム,0.6228327751159668,True,0,-1.1194029850746245,T02_char_value_event_only,1
2025-07-09,1,3093,トレファク,0.31396827101707458,True,0,-3.2204330927262603,T02_char_value_event_only,1
2025-07-10,1,8237,松屋,0.74208879470825195,True,0,-2.0289855072463725,T02_char_value_event_only,1
2025-07-11,1,3817,ＳＲＡＨＤ,0.70638549327850342,True,1,0.98468271334792856,T02_char_value_event_only,1
2025-07-14,1,7865,ピープル,0.35362723469734192,True,1,0.73260073260073,T02_char_value_event_only,1
2025-07-15,1,7185,ヒロセ通商,0.48001793026924133,True,0,-0.34602076124568004,T02_char_value_event_only,1
2025-07-16,1,8233,高島屋,0.40242984890937805,True,0,-0.98214285714285365,T02_char_value_event_only,1
2025-07-23,1,3796,いい生活,0.50414371490478516,True,1,0.39603960396039639,T02_char_value_event_only,1
2025-07-24,1,7739,キヤノン電子,0.19967266917228699,True,1,3.3131313131313123,T02_char_value_event_only,1
2025-07-25,1,4936,アクシージア,0.35388916730880737,True,0,-0.8113590263691739,T02_char_value_event_only,1
2025-07-28,1,2311,エプコ,0.54162347316741943,True,0,-0.2743484224965731,T02_char_value_event_only,1
2025-07-29,1,7673,ダイコー通産,0.4178026020526886,True,0,-0.40080160320641323,T02_char_value_event_only,1
2025-07-30,1,7751,キヤノン,0.44276866316795349,True,1,2.1190476190476204,T02_char_value_event_only,1
2025-07-31,1,4114,日触媒,0.30677399039268494,True,1,0.49722140976893314,T02_char_value_event_only,1
2024-07-01,1,4046,大阪ソーダ,0.30454277992248535,True,0,-1.1059907834101379,T02_char_value_event_only,2
2024-07-01,2,4966,上村工業,0.30454277992248535,True,0,-3.9180765805877149,T02_char_value_event_only,2
2024-07-02,1,4978,Ｇ－リプロセル,0.50805306434631348,True,1,1.449275362318847,T02_char_value_event_only,2
2024-07-02,2,6279,瑞光,0.47834226489067078,True,0,-2.8028933092224206,T02_char_value_event_only,2
2024-07-03,1,7161,じもとＨＤ,0.32694712281227112,True,0,-4.5945945945945921,T02_char_value_event_only,2
2024-07-03,2,2170,ＬＩＮＫ＆Ｍ,0.25340408086776733,True,1,1.6985138004246281,T02_char_value_event_only,2
2024-07-04,1,3803,Ｇ－イメージ情,0.38012489676475525,True,0,-2.8138528138528129,T02_char_value_event_only,2
2024-07-04,2,4985,アース製薬,0.25340408086776733,True,1,0.82730093071354815,T02_char_value_event_only,2
2024-07-05,1,4978,Ｇ－リプロセル,0.34722870588302612,True,1,1.4598540145985384,T02_char_value_event_only,2
2024-07-05,2,6898,トミタ電機,0.24562716484069824,True,0,-0.98879367172050037,T02_char_value_event_only,2
2024-07-08,1,8798,アドバンスクリエイト,0.42511221766471863,True,0,-0.74142724745134281,T02_char_value_event_only,2
2024-07-08,2,3133,Ｇ－海帆,0.27337417006492615,True,0,-0.86486486486486713,T02_char_value_event_only,2
2024-07-09,1,2654,アスモ,0.29213851690292358,True,0,0,T02_char_value_event_only,2
2024-07-09,2,9612,ラックランド,0.22047653794288635,True,1,0.32956685499059279,T02_char_value_event_only,2
2024-07-10,1,2923,サトウ食品,0.30454277992248535,True,1,0.42613636363635354,T02_char_value_event_only,2
2024-07-10,2,3666,テクノスジャパン,0.17522916197776794,True,0,-1.5625,T02_char_value_event_only,2
2024-07-11,1,4584,Ｇ－キッズ・バイオ,0.26569154858589172,True,1,2.2222222222222143,T02_char_value_event_only,2
2024-07-11,2,1514,住石ＨＤ,0.25236991047859192,True,0,-0.45627376425855237,T02_char_value_event_only,2
2024-07-12,1,4978,Ｇ－リプロセル,0.3460959792137146,True,1,5.0359712230215736,T02_char_value_event_only,2
2024-07-12,2,2483,翻訳センター,0.20934227108955383,True,0,-1.0140028971511339,T02_char_value_event_only,2
2024-07-16,1,6240,ヤマシンフィルタ,0.22424021363258362,True,1,5.5187637969094983,T02_char_value_event_only,2
2024-07-16,2,7269,スズキ,0.20934227108955383,True,1,0.3711558854718966,T02_char_value_event_only,2
2024-07-17,1,4379,Ｇ－フォトシンス,0.42492213845252991,True,1,3.4912718204488824,T02_char_value_event_only,2
2024-07-17,2,3848,データアプリ,0.20934227108955383,True,1,0.439560439560438,T02_char_value_event_only,2
2024-07-18,1,5888,Ｇ－ダイワサイクル,0.48597124218940735,True,1,2.0954998282377124,T02_char_value_event_only,2
2024-07-18,2,1866,北野建,0.36420240998268127,True,1,1.5471167369901506,T02_char_value_event_only,2
2024-07-19,1,3904,Ｇ－カヤック,0.22946140170097351,True,0,-0.29761904761904656,T02_char_value_event_only,2
2024-07-19,2,2588,プレミアムウォーター,0.21374863386154175,True,0,-0.66445182724252927,T02_char_value_event_only,2
2024-07-22,1,5871,ＳＯＬＩＺＥ,0.38145866990089417,True,0,-3.4526854219948833,T02_char_value_event_only,2
2024-07-22,2,2998,Ｇ－クリアル,0.38012489676475525,True,0,0,T02_char_value_event_only,2
2024-07-23,1,4439,東名,0.38012489676475525,True,1,7.1017274472168879,T02_char_value_event_only,2
2024-07-23,2,3080,ジェーソン,0.34774866700172424,True,0,-0.45731707317072656,T02_char_value_event_only,2
2024-07-24,1,6089,ウィルグループ,0.37321814894676208,True,0,-1.6346153846153899,T02_char_value_event_only,2
2024-07-24,2,3840,ＰＡＴＨ,0.28177833557128906,True,0,-2.6490066225165587,T02_char_value_event_only,2
2024-07-25,1,7673,ダイコー通産,0.32082003355026245,True,1,0.082918739635151617,T02_char_value_event_only,2
2024-07-25,2,7213,レシップＨＤ,0.25307348370552063,True,0,-2.2222222222222254,T02_char_value_event_only,2
2024-07-26,1,3719,ジェクシード,0.28686916828155518,True,1,6.5326633165829096,T02_char_value_event_only,2
2024-07-26,2,3843,フリービット,0.25867727398872375,True,1,1.3382899628252787,T02_char_value_event_only,2
2024-07-29,1,5341,ＡＳＡＨＩ ＥＩＴＯ,0.25197300314903259,True,1,0.24875621890547706,T02_char_value_event_only,2
2024-07-29,2,3917,Ｇ－アイリッジ,0.23954439163208008,True,1,2.0547945205479534,T02_char_value_event_only,2
2024-07-30,1,6677,エスケーエレク,0.25236991047859192,True,0,-0.65359477124182774,T02_char_value_event_only,2
2024-07-30,2,6986,双葉電子,0.25236991047859192,True,0,-1.8242122719734688,T02_char_value_event_only,2
2024-07-31,1,7808,ＣＳランバー,0.30185934901237488,True,1,0.45941807044409533,T02_char_value_event_only,2
2024-07-31,2,4918,アイビー,0.22698986530303955,True,1,0.55248618784531356,T02_char_value_event_only,2
2025-04-01,1,3607,クラウディアＨＤ,0.30356118083000183,True,1,0.64724919093850364,T02_char_value_event_only,2
2025-04-01,2,4379,Ｇ－フォトシンス,0.26535829901695251,True,0,-0.96153846153845812,T02_char_value_event_only,2
2025-04-02,1,7683,ダブルエー,0.50165247917175293,True,0,-1.3843648208469062,T02_char_value_event_only,2
2025-04-02,2,8237,松屋,0.44939050078392029,True,0,-1.9607843137254943,T02_char_value_event_only,2
2025-04-03,1,4287,ジャストプラ,0.33009248971939087,True,0,-0.56022408963585235,T02_char_value_event_only,2
2025-04-03,2,7625,Ｇダイニング,0.27692043781280518,True,0,-1.4124293785310771,T02_char_value_event_only,2
2025-04-04,1,3498,霞ヶ関キャピタル,0.35319170355796814,True,0,-3.3509700176366897,T02_char_value_event_only,2
2025-04-04,2,7447,ナガイレーベ,0.30801421403884888,True,0,-0.46753246753247213,T02_char_value_event_only,2
2025-04-07,1,3046,ＪＩＮＳＨＤ,0.51129531860351562,True,1,3.3003300330032959,T02_char_value_event_only,2
2025-04-07,2,2997,Ｇ－ストレージ王,0.33966827392578125,True,0,-4.8162230671736417,T02_char_value_event_only,2
2025-04-08,1,7134,アップガレージＧ,0.3792591392993927,True,1,4.0236686390532572,T02_char_value_event_only,2
2025-04-08,2,4732,ＵＳＳ,0.32210510969161987,True,0,-0.92936802973977439,T02_char_value_event_only,2
2025-04-09,1,7554,幸楽苑,0.29831638932228088,True,0,-1.285855588526208,T02_char_value_event_only,2
2025-04-09,2,3093,トレファク,0.20222243666648865,True,0,-0.63657407407406996,T02_char_value_event_only,2
2025-04-10,1,7445,ライトオン,0.33513569831848145,True,0,-4.629629629629628,T02_char_value_event_only,2
2025-04-10,2,6479,ミネベアミツミ,0.19948765635490417,True,0,-1.3735589894530276,T02_char_value_event_only,2
2025-04-11,1,8237,松屋,0.31441026926040649,True,1,3.4079844206426513,T02_char_value_event_only,2
2025-04-11,2,3817,ＳＲＡＨＤ,0.28771677613258362,True,1,1.0625737898465104,T02_char_value_event_only,2
2025-04-14,1,1419,タマホーム,0.41573718190193176,True,0,-1.192052980132452,T02_char_value_event_only,2
2025-04-14,2,8931,和田興産,0.27324408292770386,True,1,0.86956521739129933,T02_char_value_event_only,2
2025-04-22,1,6238,フリュー,0.35163238644599915,True,1,0.43103448275862988,T02_char_value_event_only,2
2025-04-22,2,7607,進和,0.2742893397808075,True,0,-1.1475409836065542,T02_char_value_event_only,2
2025-04-23,1,7388,ＦＰパートナー,0.24122506380081177,True,1,0.54121565362197366,T02_char_value_event_only,2
2025-04-23,2,3038,神戸物産,0.15502899885177612,True,1,3.9451925348452654,T02_char_value_event_only,2
2025-04-24,1,7944,ローランド,0.2742893397808075,True,1,0.15797788309637184,T02_char_value_event_only,2
2025-04-24,2,2471,エスプール,0.26535829901695251,True,0,-1.6891891891891886,T02_char_value_event_only,2
2025-04-25,1,3080,ジェーソン,0.49574121832847595,True,0,-0.58651026392961825,T02_char_value_event_only,2
2025-04-25,2,9532,大瓦斯,0.2742893397808075,True,1,0.36496350364962904,T02_char_value_event_only,2
2025-04-30,1,3121,マーチャント,0.3584844172000885,True,0,-1.016949152542368,T02_char_value_event_only,2
2025-04-30,2,4912,ライオン,0.2742893397808075,True,0,-1.3802816901408499,T02_char_value_event_only,2
2025-05-01,1,6770,アルプスアルパイン,0.367176353931427,True,0,-3.051560855840052,T02_char_value_event_only,2
2025-05-01,2,6391,加地テック,0.3645550012588501,True,0,-4.6579330422125143,T02_char_value_event_only,2
2025-05-08,1,7134,アップガレージＧ,0.49459117650985718,True,1,1.2371134020618513,T02_char_value_event_only,2
2025-05-08,2,3046,ＪＩＮＳＨＤ,0.46793729066848755,True,1,0.11037527593817931,T02_char_value_event_only,2
2025-05-09,1,4547,キッセイ薬,0.44168812036514282,True,1,5.4568527918781751,T02_char_value_event_only,2
2025-05-09,2,9478,ＳＥ Ｈ＆Ｉ,0.41877079010009766,True,1,2.9090909090909056,T02_char_value_event_only,2
2025-05-12,1,9513,Ｊパワー,0.46139436960220337,True,1,0.080048028817292227,T02_char_value_event_only,2
2025-05-12,2,6161,エスティック,0.44168812036514282,True,0,-0.46082949308755561,T02_char_value_event_only,2
2025-05-13,1,5660,神鋼鋼線,0.31740346550941467,True,0,-0.14981273408239959,T02_char_value_event_only,2
2025-05-13,2,7732,トプコン,0.30762717127799988,True,1,0.12399256044637319,T02_char_value_event_only,2
2025-05-14,1,4272,日化薬,0.37764179706573486,True,0,-1.3260530421216887,T02_char_value_event_only,2
2025-05-14,2,8252,丸井Ｇ,0.35826265811920166,True,1,1.751487111698613,T02_char_value_event_only,2
2025-05-15,1,300A,ＭＩＣ,0.37608176469802856,True,1,2.2222222222222143,T02_char_value_event_only,2
2025-05-15,2,3817,ＳＲＡＨＤ,0.3396628201007843,True,0,-4.9052396878483844,T02_char_value_event_only,2
2025-05-16,1,7182,ゆうちょ銀行,0.45291298627853394,True,0,-1.4836795252225476,T02_char_value_event_only,2
2025-05-16,2,6381,アネスト岩田,0.44168812036514282,True,0,-2.1218343600273748,T02_char_value_event_only,2
2025-05-19,1,7177,ＧＭＯＦＨＤ,0.32572999596595764,True,0,-0.64267352185090054,T02_char_value_event_only,2
2025-05-19,2,8359,八十二銀,0.31988510489463806,True,1,1.9291161956034086,T02_char_value_event_only,2
2025-05-20,1,4882,Ｇ－ペルセウス,0.47519248723983765,True,1,1.3729977116704761,T02_char_value_event_only,2
2025-05-20,2,9828,ゲンキＧＤＣ,0.44168812036514282,True,0,-1.8050541516245522,T02_char_value_event_only,2
2025-05-21,1,3652,Ｇ－ＤＭＰ,0.47519248723983765,True,1,10.59190031152648,T02_char_value_event_only,2
2025-05-21,2,6545,Ｇ－ＩＩＦ,0.35826265811920166,True,0,-1.1695906432748537,T02_char_value_event_only,2
2025-05-27,1,7698,アイスコ,0.47519248723983765,True,1,0.11007154650521933,T02_char_value_event_only,2
2025-05-27,2,6544,ＪＥＳＨＤ,0.44168812036514282,True,1,1.1126564673157091,T02_char_value_event_only,2
2025-05-28,1,4015,Ｇ－ペイクラウドＨＤ,0.45365923643112183,True,0,-0.38412291933418441,T02_char_value_event_only,2
2025-05-28,2,7578,ニチリョク,0.40377962589263916,True,0,-2.34375,T02_char_value_event_only,2
2025-05-29,1,8771,Ｅギャランティ,0.28383916616439819,True,1,2.7114267269205961,T02_char_value_event_only,2
2025-05-29,2,8273,イズミ,0.21168950200080872,True,0,-0.30506406345331971,T02_char_value_event_only,2
2025-05-30,1,3443,川田ＴＥＣＨ,0.35826265811920166,True,1,1.1111111111111072,T02_char_value_event_only,2
2025-05-30,2,3447,信和,0.35826265811920166,True,1,1.3262599469495928,T02_char_value_event_only,2
2025-06-02,1,5122,オカモト,0.58725959062576294,True,0,-0.19723865877712132,T02_char_value_event_only,2
2025-06-02,2,9682,ＤＴＳ,0.5123475193977356,True,1,0.91370558375634126,T02_char_value_event_only,2
2025-06-03,1,7625,Ｇダイニング,0.44583433866500854,True,1,1.1267605633802802,T02_char_value_event_only,2
2025-06-03,2,7046,Ｇ－ＴＤＳＥ,0.43943953514099121,True,1,2.0648967551622377,T02_char_value_event_only,2
2025-06-04,1,3415,トウキョウベース,0.51790738105773926,True,1,10.451977401129952,T02_char_value_event_only,2
2025-06-04,2,3317,フライングＧ,0.38538062572479248,True,1,0.79936051159072985,T02_char_value_event_only,2
2025-06-05,1,4116,大日精化,0.38538062572479248,True,1,1.1326860841423869,T02_char_value_event_only,2
2025-06-05,2,9278,ブックオフＧＨＤ,0.32712244987487793,True,1,0.43827611395179655,T02_char_value_event_only,2
2025-06-06,1,3415,トウキョウベース,0.63882982730865479,True,0,-0.512820512820511,T02_char_value_event_only,2
2025-06-06,2,3046,ＪＩＮＳＨＤ,0.59939241409301758,True,0,-4.2744656917885315,T02_char_value_event_only,2
2025-06-09,1,7678,あさくま,0.40450656414031982,True,0,-0.23364485981308691,T02_char_value_event_only,2
2025-06-09,2,2735,ワッツ,0.37852334976196289,True,0,-0.56179775280899014,T02_char_value_event_only,2
2025-06-10,1,3690,Ｇ－イルグルム,0.47010958194732666,True,0,-0.92936802973977439,T02_char_value_event_only,2
2025-06-10,2,1447,Ｇ－ＳＡＡＦＨＤ,0.38538062572479248,True,1,0.38610038610038533,T02_char_value_event_only,2
2025-06-11,1,3399,山岡家,0.54596680402755737,True,1,7.1556350626118093,T02_char_value_event_only,2
2025-06-11,2,3064,ＭＲＯ,0.51485919952392578,True,1,1.3375571981696588,T02_char_value_event_only,2
2025-06-12,1,5132,Ｇ－ｐｌｕｓｚｅｒｏ,0.4076116681098938,True,1,7.0000000000000062,T02_char_value_event_only,2
2025-06-12,2,7678,あさくま,0.25482726097106934,True,1,0.11428571428571122,T02_char_value_event_only,2
2025-06-13,1,2305,スタジオアリス,0.45945996046066284,True,1,0.47303689687796524,T02_char_value_event_only,2
2025-06-13,2,3491,Ｇ－ＧＡ ＴＥＣＨ,0.40853279829025269,True,0,-2.4214659685863893,T02_char_value_event_only,2
2025-06-17,1,5136,Ｇ－ｔｒｉｐｌａ,0.39156574010848999,True,0,-1.4648858250754015,T02_char_value_event_only,2
2025-06-17,2,4287,ジャストプラ,0.38169348239898682,True,0,-0.74441687344912744,T02_char_value_event_only,2
2025-06-18,1,3526,芦森工,0.15417151153087616,True,1,0.17464198393293273,T02_char_value_event_only,2
2025-06-18,2,7296,ＦＣＣ,0.15417151153087616,True,1,0.99520825654257905,T02_char_value_event_only,2
2025-06-19,1,6371,椿本チエイン,0.3930668830871582,True,0,-0.78475336322869627,T02_char_value_event_only,2
2025-06-19,2,3480,ジェイ・エス・ビー,0.29779285192489624,True,1,1.7832647462277196,T02_char_value_event_only,2
2025-06-20,1,3107,ダイワボＨＤ,0.30233311653137207,True,0,-0.27279812938425518,T02_char_value_event_only,2
2025-06-20,2,4404,ミヨシ油脂,0.18108208477497101,True,1,0.12224938875304847,T02_char_value_event_only,2
2025-06-24,1,6702,富士通,0.24682308733463287,True,1,0.11876484560569001,T02_char_value_event_only,2
2025-06-24,2,9625,セレスポ,0.20244725048542023,True,1,0.27777777777777679,T02_char_value_event_only,2
2025-06-25,1,4015,Ｇ－ペイクラウドＨＤ,0.60986024141311646,True,1,6.3134160090191571,T02_char_value_event_only,2
2025-06-25,2,6484,ＫＶＫ,0.2804839015007019,True,0,-0.42194092827003704,T02_char_value_event_only,2
2025-06-26,1,8750,第一生命ＨＤ,0.32283735275268555,True,1,1.5471167369901506,T02_char_value_event_only,2
2025-06-26,2,6424,高見サイ,0.32229608297348022,True,0,-0.51020408163264808,T02_char_value_event_only,2
2025-06-27,1,7214,ＧＭＢ,0.32229608297348022,True,1,0.48840048840048667,T02_char_value_event_only,2
2025-06-27,2,2778,パレモ・ＨＤ,0.32218044996261597,True,0,-1.9108280254777066,T02_char_value_event_only,2
2025-06-30,1,7060,ギークス,0.4086499810218811,True,1,5.6249999999999911,T02_char_value_event_only,2
2025-06-30,2,2353,日駐,0.28577905893325806,True,0,-2.5830258302583009,T02_char_value_event_only,2
2025-07-01,1,6090,ＨＭＴ,0.29752948880195618,True,1,1.8229166666666741,T02_char_value_event_only,2
2025-07-01,2,3622,Ｇ－ネットイヤー,0.27018165588378906,True,1,0.76687116564417845,T02_char_value_event_only,2
2025-07-02,1,8237,松屋,0.70878756046295166,True,1,1.0912698412698374,T02_char_value_event_only,2
2025-07-02,2,6071,ＩＢＪ,0.39260628819465637,True,0,-0.35335689045936647,T02_char_value_event_only,2
2025-07-07,1,3046,ＪＩＮＳＨＤ,0.5820767879486084,True,1,4.7029702970297071,T02_char_value_event_only,2
2025-07-07,2,9278,ブックオフＧＨＤ,0.47468629479408264,True,0,-0.91228070175438658,T02_char_value_event_only,2
2025-07-08,1,3690,Ｇ－イルグルム,0.6228327751159668,True,0,-1.1194029850746245,T02_char_value_event_only,2
2025-07-08,2,2782,セリア,0.60625982284545898,True,1,2.4476764810216434,T02_char_value_event_only,2
2025-07-09,1,3093,トレファク,0.31396827101707458,True,0,-3.2204330927262603,T02_char_value_event_only,2
2025-07-09,2,6584,三桜工,0.22794649004936218,True,1,1.4263074484944571,T02_char_value_event_only,2
2025-07-10,1,8237,松屋,0.74208879470825195,True,0,-2.0289855072463725,T02_char_value_event_only,2
2025-07-10,2,3097,物語コーポ,0.39265546202659607,True,0,-1.834862385321101,T02_char_value_event_only,2
2025-07-11,1,3817,ＳＲＡＨＤ,0.70638549327850342,True,1,0.98468271334792856,T02_char_value_event_only,2
2025-07-11,2,141A,Ｇ－トライアル,0.63729643821716309,True,0,-0.41888804265042268,T02_char_value_event_only,2
2025-07-14,1,7865,ピープル,0.35362723469734192,True,1,0.73260073260073,T02_char_value_event_only,2
2025-07-14,2,7725,インターアクション,0.34769457578659058,True,1,0.83969465648854325,T02_char_value_event_only,2
2025-07-15,1,7185,ヒロセ通商,0.48001793026924133,True,0,-0.34602076124568004,T02_char_value_event_only,2
2025-07-15,2,3148,クリエイトＳＤＨ,0.43773511052131653,True,1,1.7291066282420831,T02_char_value_event_only,2
2025-07-16,1,8233,高島屋,0.40242984890937805,True,0,-0.98214285714285365,T02_char_value_event_only,2
2025-07-16,2,9979,大庄,0.36474332213401794,True,1,1.049868766404205,T02_char_value_event_only,2
2025-07-23,1,3796,いい生活,0.50414371490478516,True,1,0.39603960396039639,T02_char_value_event_only,2
2025-07-23,2,3951,朝日印刷,0.45577755570411682,True,0,0,T02_char_value_event_only,2
2025-07-24,1,7739,キヤノン電子,0.19967266917228699,True,1,3.3131313131313123,T02_char_value_event_only,2
2025-07-24,2,9360,鈴与シンワ,0.19000637531280518,True,0,-0.32573289902280145,T02_char_value_event_only,2
2025-07-25,1,4936,アクシージア,0.35388916730880737,True,0,-0.8113590263691739,T02_char_value_event_only,2
2025-07-25,2,9478,ＳＥ Ｈ＆Ｉ,0.23946541547775269,True,1,1.1173184357541999,T02_char_value_event_only,2
2025-07-28,1,2311,エプコ,0.54162347316741943,True,0,-0.2743484224965731,T02_char_value_event_only,2
2025-07-28,2,3010,ポラリスＨＤ,0.46424415707588196,True,0,-1.3452914798206317,T02_char_value_event_only,2
2025-07-29,1,7673,ダイコー通産,0.4178026020526886,True,0,-0.40080160320641323,T02_char_value_event_only,2
2025-07-29,2,9206,ＳＦＪ,0.36186337471008301,True,1,0.36036036036035668,T02_char_value_event_only,2
2025-07-30,1,7751,キヤノン,0.44276866316795349,True,1,2.1190476190476204,T02_char_value_event_only,2
2025-07-30,2,6551,ツナグＧＨＤ,0.42654767632484436,True,1,0.58651026392961825,T02_char_value_event_only,2
2025-07-31,1,4114,日触媒,0.30677399039268494,True,1,0.49722140976893314,T02_char_value_event_only,2
2025-07-31,2,7181,かんぽ生命保険,0.28444445133209229,True,1,2.8389493234279639,T02_char_value_event_only,2
2024-07-01,1,6625,ＪＡＬＣＯ ＨＤ,1.510238413006372,True,0,-5.7034220532319431,A01_global_similarity_mean,1
2024-07-02,1,6036,ＫｅｅＰｅｒ技研,1.5361298044172154,True,0,-3.9692701664532648,A01_global_similarity_mean,1
2024-07-03,1,7161,じもとＨＤ,1.9382515945411649,True,0,-4.5945945945945921,A01_global_similarity_mean,1
2024-07-04,1,3803,Ｇ－イメージ情,1.1642281428899253,True,0,-2.8138528138528129,A01_global_similarity_mean,1
2024-07-05,1,4978,Ｇ－リプロセル,1.05339379043992,True,1,1.4598540145985384,A01_global_similarity_mean,1
2024-07-08,1,4583,Ｇ－カイオム,1.0771872991446523,True,0,0,A01_global_similarity_mean,1
2024-07-09,1,2654,アスモ,1.0703202751579095,True,0,0,A01_global_similarity_mean,1
2024-07-10,1,3666,テクノスジャパン,0.77671627681369793,True,0,-1.5625,A01_global_similarity_mean,1
2024-07-11,1,4951,エステー,1.1676965032190338,True,1,0.31766200762388674,A01_global_similarity_mean,1
2024-07-12,1,5801,古河電工,1.1493854920807836,True,0,-0.79231692677070864,A01_global_similarity_mean,1
2024-07-16,1,9265,ヤマシタヘルスケア,1.3995312519997629,True,0,-2.9553010712966343,A01_global_similarity_mean,1
2024-07-17,1,3979,Ｇ－うるる,1.6026832857800559,True,0,-0.45248868778280382,A01_global_similarity_mean,1
2024-07-18,1,5888,Ｇ－ダイワサイクル,1.7656054914411896,True,1,2.0954998282377124,A01_global_similarity_mean,1
2024-07-19,1,9235,Ｇ－売れるネット広告,1.0714718797864735,True,0,-0.048995590396860855,A01_global_similarity_mean,1
2024-07-22,1,6625,ＪＡＬＣＯ ＨＤ,1.510238413006372,True,0,-1.3257575757575801,A01_global_similarity_mean,1
2024-07-23,1,4439,東名,1.1642281428899253,True,1,7.1017274472168879,A01_global_similarity_mean,1
2024-07-24,1,6584,三桜工,2.1427892053828632,True,0,-0.50251256281407253,A01_global_similarity_mean,1
2024-07-25,1,4684,オービック,0.78066864494697707,True,1,3.0583873957367835,A01_global_similarity_mean,1
2024-07-26,1,4095,日パーカライ,1.1493050032047529,True,0,-0.5695687550854367,A01_global_similarity_mean,1
2024-07-29,1,4414,Ｇ－フレクト,1.1373682732510122,True,1,2.960526315789469,A01_global_similarity_mean,1
2024-07-30,1,7063,Ｇ－Ｂｉｒｄｍａｎ,0.6367510218529564,True,0,-1.1417697431018059,A01_global_similarity_mean,1
2024-07-31,1,7326,Ｇ－ＳＢＩインシュ,0.38848166631785469,True,1,1.6472868217054293,A01_global_similarity_mean,1
2025-04-01,1,5595,Ｇ－ＱＰＳ研究所,2.2540344117754079,True,0,-3.7239868565169809,A01_global_similarity_mean,1
2025-04-02,1,4480,メドレー,0.66039944200310641,True,0,-1.2956810631229221,A01_global_similarity_mean,1
2025-04-03,1,5027,Ｇ－ＡｎｙＭｉｎｄ,2.5253661094760806,True,1,0.21551724137931494,A01_global_similarity_mean,1
2025-04-04,1,3498,霞ヶ関キャピタル,0.50805770859634836,True,0,-3.3509700176366897,A01_global_similarity_mean,1
2025-04-07,1,3046,ＪＩＮＳＨＤ,1.0849632718229474,True,1,3.3003300330032959,A01_global_similarity_mean,1
2025-04-08,1,7134,アップガレージＧ,0.98177669082547192,True,1,4.0236686390532572,A01_global_similarity_mean,1
2025-04-09,1,7463,アドヴァングループ,0.95507324205024868,True,0,-0.9320905459387463,A01_global_similarity_mean,1
2025-04-10,1,6479,ミネベアミツミ,0.9170082997092297,True,0,-1.3735589894530276,A01_global_similarity_mean,1
2025-04-11,1,6184,鎌倉新書,1.0250569928895454,True,1,4.4705882352941151,A01_global_similarity_mean,1
2025-04-14,1,1419,タマホーム,1.2299172441004538,True,0,-1.192052980132452,A01_global_similarity_mean,1
2025-04-22,1,6045,Ｇ－レントラックス,1.3012361247635091,True,0,-0.70140280561121759,A01_global_similarity_mean,1
2025-04-23,1,1720,東急建設,0.4339481688625601,True,1,2.5609756097560998,A01_global_similarity_mean,1
2025-04-24,1,7769,リズム,0.99801484658626161,True,0,0,A01_global_similarity_mean,1
2025-04-25,1,8714,池田泉州,0.9170082997092297,True,0,0,A01_global_similarity_mean,1
2025-04-30,1,3121,マーチャント,1.3635914624712941,True,0,-1.016949152542368,A01_global_similarity_mean,1
2025-05-01,1,9110,ユナイテド海,1.3092493562057339,True,0,-1.9815059445178362,A01_global_similarity_mean,1
2025-05-08,1,7134,アップガレージＧ,1.5697378734489869,True,1,1.2371134020618513,A01_global_similarity_mean,1
2025-05-09,1,247A,Ｇ－Ａｉロボティクス,1.1201720163075735,True,1,2.0757020757020683,A01_global_similarity_mean,1
2025-05-12,1,3399,山岡家,1.3424153302676969,True,1,1.810865191146882,A01_global_similarity_mean,1
2025-05-13,1,4884,Ｇ－クリングル,1.0249246665363259,True,1,3.1941031941032039,A01_global_similarity_mean,1
2025-05-14,1,5981,東製綱,1.5294395606861948,True,0,-2.8169014084507005,A01_global_similarity_mean,1
2025-05-15,1,7266,今仙電機,1.1935749601091741,True,0,0,A01_global_similarity_mean,1
2025-05-16,1,7182,ゆうちょ銀行,1.2786446033855998,True,0,-1.4836795252225476,A01_global_similarity_mean,1
2025-05-19,1,5888,Ｇ－ダイワサイクル,1.2201492793181217,True,1,0.95693779904306719,A01_global_similarity_mean,1
2025-05-20,1,5580,Ｇ－プロディライト,1.2551068702237527,True,0,-2.732240437158473,A01_global_similarity_mean,1
2025-05-21,1,3681,ブイキューブ,0.79662717486636714,True,0,-4.7619047619047672,A01_global_similarity_mean,1
2025-05-27,1,7181,かんぽ生命保険,0.91082703649125796,True,0,-0.45248868778280382,A01_global_similarity_mean,1
2025-05-28,1,4015,Ｇ－ペイクラウドＨＤ,2.1910413694013244,True,0,-0.38412291933418441,A01_global_similarity_mean,1
2025-05-29,1,135A,Ｇ－ＶＲＡＩＮ,2.6454897796521668,True,1,1.4056224899598346,A01_global_similarity_mean,1
2025-05-30,1,3858,ユビキタスＡＩ,1.5362762006239146,True,1,1.4999999999999902,A01_global_similarity_mean,1
2025-06-02,1,6425,ユニバーサル,1.1453195670779512,True,0,-0.097087378640781097,A01_global_similarity_mean,1
2025-06-03,1,7683,ダブルエー,0.78618463442879705,True,0,-1.172161172161168,A01_global_similarity_mean,1
2025-06-04,1,2685,アダストリア,1.329630153080805,True,1,3.0714285714285694,A01_global_similarity_mean,1
2025-06-05,1,7445,ライトオン,1.0423965707142997,True,0,-3.9603960396039639,A01_global_similarity_mean,1
2025-06-06,1,7134,アップガレージＧ,1.881561655778613,True,1,1.2017167381974225,A01_global_similarity_mean,1
2025-06-09,1,7422,東邦レマック,2.3972148300313907,True,0,-0.68807339449541427,A01_global_similarity_mean,1
2025-06-10,1,4893,Ｇ－ノイルイミューン,1.007957944558681,True,0,-2.7624309392265234,A01_global_similarity_mean,1
2025-06-11,1,3399,山岡家,1.3934464822924366,True,1,7.1556350626118093,A01_global_similarity_mean,1
2025-06-12,1,5132,Ｇ－ｐｌｕｓｚｅｒｏ,1.1760058395280806,True,1,7.0000000000000062,A01_global_similarity_mean,1
2025-06-13,1,219A,Ｇ－ハートシード,1.3798571051230983,True,1,8.0691642651296913,A01_global_similarity_mean,1
2025-06-17,1,3086,Ｊフロント,1.7887690569425194,True,1,0.99304865938429909,A01_global_similarity_mean,1
2025-06-18,1,2385,Ｇ－総医研,0.45421210600237172,True,1,1.744186046511631,A01_global_similarity_mean,1
2025-06-19,1,7043,Ｇ－アルー,1.1027523920783477,True,0,-0.51813471502590858,A01_global_similarity_mean,1
2025-06-20,1,7851,カワセコンピュ,1.3764919447518598,True,0,-4.1666666666666625,A01_global_similarity_mean,1
2025-06-24,1,6702,富士通,1.2663508521085423,True,1,0.11876484560569001,A01_global_similarity_mean,1
2025-06-25,1,4015,Ｇ－ペイクラウドＨＤ,2.0016032244368587,True,1,6.3134160090191571,A01_global_similarity_mean,1
2025-06-26,1,7793,Ｇ－イメージマジック,1.181737137175958,True,0,-0.45941807044410643,A01_global_similarity_mean,1
2025-06-27,1,2778,パレモ・ＨＤ,1.119837234735382,True,0,-1.9108280254777066,A01_global_similarity_mean,1
2025-06-30,1,5994,ファインシンター,1.0288185841422814,True,0,-0.72289156626506035,A01_global_similarity_mean,1
2025-07-01,1,9444,トーシンＨＤ,0.9979594217995218,True,0,0,A01_global_similarity_mean,1
2025-07-02,1,8938,Ｇ－グロームＨＤ,0.68869161126095424,True,1,1.0903426791277315,A01_global_similarity_mean,1
2025-07-07,1,7422,東邦レマック,1.6570802436431815,True,0,-0.51546391752577136,A01_global_similarity_mean,1
2025-07-08,1,7134,アップガレージＧ,1.2425262181697032,True,1,1.9004524886877761,A01_global_similarity_mean,1
2025-07-09,1,3252,地主,0.87985603305413973,True,1,3.937007874015741,A01_global_similarity_mean,1
2025-07-10,1,8237,松屋,1.1821491185898818,True,0,-2.0289855072463725,A01_global_similarity_mean,1
2025-07-11,1,3399,山岡家,1.7057393572357697,True,1,0.17006802721089009,A01_global_similarity_mean,1
2025-07-14,1,1419,タマホーム,1.0765113259469394,True,1,4.0000000000000036,A01_global_similarity_mean,1
2025-07-15,1,5888,Ｇ－ダイワサイクル,1.1263327230736007,True,0,-1.3106159895150737,A01_global_similarity_mean,1
2025-07-16,1,3086,Ｊフロント,1.6666888012661338,True,1,0.40363269424823489,A01_global_similarity_mean,1
2025-07-23,1,6045,Ｇ－レントラックス,0.96388412698713544,True,0,-0.2525252525252486,A01_global_similarity_mean,1
2025-07-24,1,3943,大石産業,1.3153721338503055,True,1,0.57899090157154109,A01_global_similarity_mean,1
2025-07-25,1,6095,メドピア,1.0494096240730644,True,0,-0.56980056980057148,A01_global_similarity_mean,1
2025-07-28,1,9436,沖縄セルラー,1.0118196349313897,True,0,-6.0576923076923084,A01_global_similarity_mean,1
2025-07-29,1,9206,ＳＦＪ,0.99758343103922609,True,1,0.36036036036035668,A01_global_similarity_mean,1
2025-07-30,1,4498,Ｇ－サイバートラスト,1.1649463925535231,True,0,-0.95890410958904271,A01_global_similarity_mean,1
2025-07-31,1,4503,アステラス薬,0.95308590589883369,True,1,0.76603894031279651,A01_global_similarity_mean,1
2024-07-01,1,6625,ＪＡＬＣＯ ＨＤ,1.510238413006372,True,0,-5.7034220532319431,A01_global_similarity_mean,2
2024-07-01,2,9832,オートバックス,0.83821217912619839,True,1,0.47801147227533036,A01_global_similarity_mean,2
2024-07-02,1,6036,ＫｅｅＰｅｒ技研,1.5361298044172154,True,0,-3.9692701664532648,A01_global_similarity_mean,2
2024-07-02,2,4978,Ｇ－リプロセル,1.5170876753506319,True,1,1.449275362318847,A01_global_similarity_mean,2
2024-07-03,1,7161,じもとＨＤ,1.9382515945411649,True,0,-4.5945945945945921,A01_global_similarity_mean,2
2024-07-03,2,4978,Ｇ－リプロセル,1.2131616697814327,True,1,0.7194244604316502,A01_global_similarity_mean,2
2024-07-04,1,3803,Ｇ－イメージ情,1.1642281428899253,True,0,-2.8138528138528129,A01_global_similarity_mean,2
2024-07-04,2,7138,Ｇ－ＴＯＲＩＣＯ,0.69914590032761381,True,1,0.39761431411531323,A01_global_similarity_mean,2
2024-07-05,1,4978,Ｇ－リプロセル,1.05339379043992,True,1,1.4598540145985384,A01_global_similarity_mean,2
2024-07-05,2,6898,トミタ電機,0.91682831142854582,True,0,-0.98879367172050037,A01_global_similarity_mean,2
2024-07-08,1,4583,Ｇ－カイオム,1.0771872991446523,True,0,0,A01_global_similarity_mean,2
2024-07-08,2,8798,アドバンスクリエイト,0.94092314519025821,True,0,-0.74142724745134281,A01_global_similarity_mean,2
2024-07-09,1,2654,アスモ,1.0703202751579095,True,0,0,A01_global_similarity_mean,2
2024-07-09,2,7554,幸楽苑ＨＤ,0.91627175714021825,True,1,0.07468259895444529,A01_global_similarity_mean,2
2024-07-10,1,3666,テクノスジャパン,0.77671627681369793,True,0,-1.5625,A01_global_similarity_mean,2
2024-07-10,2,6525,ＫＯＫＵＳＡＩ,0.732063272759369,True,1,3.4482758620689724,A01_global_similarity_mean,2
2024-07-11,1,4951,エステー,1.1676965032190338,True,1,0.31766200762388674,A01_global_similarity_mean,2
2024-07-11,2,6182,Ｇ－メタリアル,1.0002614892898425,True,0,-0.10526315789474161,A01_global_similarity_mean,2
2024-07-12,1,5801,古河電工,1.1493854920807836,True,0,-0.79231692677070864,A01_global_similarity_mean,2
2024-07-12,2,6555,ＭＳコンサル,0.72424296607490912,True,0,0,A01_global_similarity_mean,2
2024-07-16,1,9265,ヤマシタヘルスケア,1.3995312519997629,True,0,-2.9553010712966343,A01_global_similarity_mean,2
2024-07-16,2,2934,Ｇ－Ｊフロンティア,0.98585061717929146,True,0,-3.8620689655172402,A01_global_similarity_mean,2
2024-07-17,1,3979,Ｇ－うるる,1.6026832857800559,True,0,-0.45248868778280382,A01_global_similarity_mean,2
2024-07-17,2,4379,Ｇ－フォトシンス,1.4324154859135318,True,1,3.4912718204488824,A01_global_similarity_mean,2
2024-07-18,1,5888,Ｇ－ダイワサイクル,1.7656054914411896,True,1,2.0954998282377124,A01_global_similarity_mean,2
2024-07-18,2,3994,マネーフォワード,1.0423472337016624,True,0,-2.1150914634146312,A01_global_similarity_mean,2
2024-07-19,1,9235,Ｇ－売れるネット広告,1.0714718797864735,True,0,-0.048995590396860855,A01_global_similarity_mean,2
2024-07-19,2,3668,コロプラ,0.55397337364139698,True,0,-0.47318611987381409,A01_global_similarity_mean,2
2024-07-22,1,6625,ＪＡＬＣＯ ＨＤ,1.510238413006372,True,0,-1.3257575757575801,A01_global_similarity_mean,2
2024-07-22,2,2998,Ｇ－クリアル,1.1642281428899253,True,0,0,A01_global_similarity_mean,2
2024-07-23,1,4439,東名,1.1642281428899253,True,1,7.1017274472168879,A01_global_similarity_mean,2
2024-07-23,2,3133,Ｇ－海帆,0.89232506282814206,True,1,1.3745704467353903,A01_global_similarity_mean,2
2024-07-24,1,6584,三桜工,2.1427892053828632,True,0,-0.50251256281407253,A01_global_similarity_mean,2
2024-07-24,2,4956,コニシ,1.1802336069363482,True,0,-2.1311475409836023,A01_global_similarity_mean,2
2024-07-25,1,4684,オービック,0.78066864494697707,True,1,3.0583873957367835,A01_global_similarity_mean,2
2024-07-25,2,9418,Ｕ－ＮＥＸＴ,0.73725399580614437,True,1,3.1556039173014083,A01_global_similarity_mean,2
2024-07-26,1,4095,日パーカライ,1.1493050032047529,True,0,-0.5695687550854367,A01_global_similarity_mean,2
2024-07-26,2,3001,片倉,0.68698247855884409,True,1,1.1840157868771684,A01_global_similarity_mean,2
2024-07-29,1,4414,Ｇ－フレクト,1.1373682732510122,True,1,2.960526315789469,A01_global_similarity_mean,2
2024-07-29,2,8798,アドバンスクリエイト,0.96852614452161856,True,1,0.63636363636363491,A01_global_similarity_mean,2
2024-07-30,1,7063,Ｇ－Ｂｉｒｄｍａｎ,0.6367510218529564,True,0,-1.1417697431018059,A01_global_similarity_mean,2
2024-07-30,2,2678,アスクル,0.62968374429850971,True,0,-3.5616438356164348,A01_global_similarity_mean,2
2024-07-31,1,7326,Ｇ－ＳＢＩインシュ,0.38848166631785469,True,1,1.6472868217054293,A01_global_similarity_mean,2
2024-07-31,2,9539,京葉瓦斯,0.31856342642771973,True,1,0.52611800075159643,A01_global_similarity_mean,2
2025-04-01,1,5595,Ｇ－ＱＰＳ研究所,2.2540344117754079,True,0,-3.7239868565169809,A01_global_similarity_mean,2
2025-04-01,2,7122,近畿車輌,1.3769522046845213,True,0,-3.2131147540983562,A01_global_similarity_mean,2
2025-04-02,1,4480,メドレー,0.66039944200310641,True,0,-1.2956810631229221,A01_global_similarity_mean,2
2025-04-02,2,5943,ノーリツ,0.66039944200310641,True,0,-1.4689265536723117,A01_global_similarity_mean,2
2025-04-03,1,5027,Ｇ－ＡｎｙＭｉｎｄ,2.5253661094760806,True,1,0.21551724137931494,A01_global_similarity_mean,2
2025-04-03,2,6986,双葉電子,0.87058777826753497,True,1,1.2000000000000011,A01_global_similarity_mean,2
2025-04-04,1,3498,霞ヶ関キャピタル,0.50805770859634836,True,0,-3.3509700176366897,A01_global_similarity_mean,2
2025-04-04,2,4612,日ペイントＨＤ,0.4339481688625601,True,0,-2.1535580524344566,A01_global_similarity_mean,2
2025-04-07,1,3046,ＪＩＮＳＨＤ,1.0849632718229474,True,1,3.3003300330032959,A01_global_similarity_mean,2
2025-04-07,2,2997,Ｇ－ストレージ王,0.71610545327316377,True,0,-4.8162230671736417,A01_global_similarity_mean,2
2025-04-08,1,7134,アップガレージＧ,0.98177669082547192,True,1,4.0236686390532572,A01_global_similarity_mean,2
2025-04-08,2,7679,薬王堂ＨＤ,0.93402846310633614,True,1,0.79726651480638289,A01_global_similarity_mean,2
2025-04-09,1,7463,アドヴァングループ,0.95507324205024868,True,0,-0.9320905459387463,A01_global_similarity_mean,2
2025-04-09,2,7554,幸楽苑,0.70466522392570807,True,0,-1.285855588526208,A01_global_similarity_mean,2
2025-04-10,1,6479,ミネベアミツミ,0.9170082997092297,True,0,-1.3735589894530276,A01_global_similarity_mean,2
2025-04-10,2,6957,芝浦電子,0.9170082997092297,True,1,0.42735042735042583,A01_global_similarity_mean,2
2025-04-11,1,6184,鎌倉新書,1.0250569928895454,True,1,4.4705882352941151,A01_global_similarity_mean,2
2025-04-11,2,1419,タマホーム,0.99651548560310133,True,1,4.3417366946778779,A01_global_similarity_mean,2
2025-04-14,1,1419,タマホーム,1.2299172441004538,True,0,-1.192052980132452,A01_global_similarity_mean,2
2025-04-14,2,3168,ＭＥＲＦ,0.91522776028736108,True,0,-1.0080645161290369,A01_global_similarity_mean,2
2025-04-22,1,6045,Ｇ－レントラックス,1.3012361247635091,True,0,-0.70140280561121759,A01_global_similarity_mean,2
2025-04-22,2,6238,フリュー,1.0608724616320138,True,1,0.43103448275862988,A01_global_similarity_mean,2
2025-04-23,1,1720,東急建設,0.4339481688625601,True,1,2.5609756097560998,A01_global_similarity_mean,2
2025-04-23,2,8793,ＮＥＣキャピ,0.4339481688625601,True,0,-0.923482849604218,A01_global_similarity_mean,2
2025-04-24,1,7769,リズム,0.99801484658626161,True,0,0,A01_global_similarity_mean,2
2025-04-24,2,6196,ストライク,0.93857098771746983,True,0,-0.65517241379310365,A01_global_similarity_mean,2
2025-04-25,1,8714,池田泉州,0.9170082997092297,True,0,0,A01_global_similarity_mean,2
2025-04-25,2,3080,ジェーソン,0.79014058041213331,True,0,-0.58651026392961825,A01_global_similarity_mean,2
2025-04-30,1,3121,マーチャント,1.3635914624712941,True,0,-1.016949152542368,A01_global_similarity_mean,2
2025-04-30,2,9052,山陽電鉄,0.88533160495236363,True,0,-1.0299166257969561,A01_global_similarity_mean,2
2025-05-01,1,9110,ユナイテド海,1.3092493562057339,True,0,-1.9815059445178362,A01_global_similarity_mean,2
2025-05-01,2,4374,Ｇ－ロボペイ,1.0750919208392207,True,0,-0.23866348448687846,A01_global_similarity_mean,2
2025-05-08,1,7134,アップガレージＧ,1.5697378734489869,True,1,1.2371134020618513,A01_global_similarity_mean,2
2025-05-08,2,3046,ＪＩＮＳＨＤ,1.4599995552842722,True,1,0.11037527593817931,A01_global_similarity_mean,2
2025-05-09,1,247A,Ｇ－Ａｉロボティクス,1.1201720163075735,True,1,2.0757020757020683,A01_global_similarity_mean,2
2025-05-09,2,3712,情報企画,0.94888473281377061,True,0,-2.8629856850715729,A01_global_similarity_mean,2
2025-05-12,1,3399,山岡家,1.3424153302676969,True,1,1.810865191146882,A01_global_similarity_mean,2
2025-05-12,2,6316,丸山製,1.3321117073149553,True,0,0,A01_global_similarity_mean,2
2025-05-13,1,4884,Ｇ－クリングル,1.0249246665363259,True,1,3.1941031941032039,A01_global_similarity_mean,2
2025-05-13,2,3976,Ｇ－シャノン,0.95359437557142968,True,0,-3.0303030303030276,A01_global_similarity_mean,2
2025-05-14,1,5981,東製綱,1.5294395606861948,True,0,-2.8169014084507005,A01_global_similarity_mean,2
2025-05-14,2,1743,コーアツ工業,1.1013834356452439,True,0,-2.0365168539325795,A01_global_similarity_mean,2
2025-05-15,1,7266,今仙電機,1.1935749601091741,True,0,0,A01_global_similarity_mean,2
2025-05-15,2,3288,オープンハウスＧ,1.1724567069595788,True,0,-0.098199672667753646,A01_global_similarity_mean,2
2025-05-16,1,7182,ゆうちょ銀行,1.2786446033855998,True,0,-1.4836795252225476,A01_global_similarity_mean,2
2025-05-16,2,3856,Ａｂａｌａｎｃｅ,1.2444337039832141,True,0,0,A01_global_similarity_mean,2
2025-05-19,1,5888,Ｇ－ダイワサイクル,1.2201492793181217,True,1,0.95693779904306719,A01_global_similarity_mean,2
2025-05-19,2,9444,トーシンＨＤ,1.0802381820846427,True,1,0.65681444991789739,A01_global_similarity_mean,2
2025-05-20,1,5580,Ｇ－プロディライト,1.2551068702237527,True,0,-2.732240437158473,A01_global_similarity_mean,2
2025-05-20,2,2776,新都ＨＤ,0.73651506497649777,True,1,0.7692307692307665,A01_global_similarity_mean,2
2025-05-21,1,3681,ブイキューブ,0.79662717486636714,True,0,-4.7619047619047672,A01_global_similarity_mean,2
2025-05-21,2,6460,セガサミーＨＤ,0.76252332528333633,True,0,-2.7468706536856735,A01_global_similarity_mean,2
2025-05-27,1,7181,かんぽ生命保険,0.91082703649125796,True,0,-0.45248868778280382,A01_global_similarity_mean,2
2025-05-27,2,3306,日製麻,0.59204867306410303,True,1,0.59880239520957446,A01_global_similarity_mean,2
2025-05-28,1,4015,Ｇ－ペイクラウドＨＤ,2.1910413694013244,True,0,-0.38412291933418441,A01_global_similarity_mean,2
2025-05-28,2,6973,協栄産,1.033006543900548,True,1,0.63063063063062419,A01_global_similarity_mean,2
2025-05-29,1,135A,Ｇ－ＶＲＡＩＮ,2.6454897796521668,True,1,1.4056224899598346,A01_global_similarity_mean,2
2025-05-29,2,6460,セガサミーＨＤ,0.73869427160819767,True,0,-0.293040293040292,A01_global_similarity_mean,2
2025-05-30,1,3858,ユビキタスＡＩ,1.5362762006239146,True,1,1.4999999999999902,A01_global_similarity_mean,2
2025-05-30,2,3997,トレードワークス,0.8802585322987192,True,0,-1.6949152542372836,A01_global_similarity_mean,2
2025-06-02,1,6425,ユニバーサル,1.1453195670779512,True,0,-0.097087378640781097,A01_global_similarity_mean,2
2025-06-02,2,7769,リズム,0.86741661066913933,True,1,0.26954177897573484,A01_global_similarity_mean,2
2025-06-03,1,7683,ダブルエー,0.78618463442879705,True,0,-1.172161172161168,A01_global_similarity_mean,2
2025-06-03,2,7625,Ｇダイニング,0.61079987391887158,True,1,1.1267605633802802,A01_global_similarity_mean,2
2025-06-04,1,2685,アダストリア,1.329630153080805,True,1,3.0714285714285694,A01_global_similarity_mean,2
2025-06-04,2,3415,トウキョウベース,1.058270793885467,True,1,10.451977401129952,A01_global_similarity_mean,2
2025-06-05,1,7445,ライトオン,1.0423965707142997,True,0,-3.9603960396039639,A01_global_similarity_mean,2
2025-06-05,2,1436,Ｇ－グリーンエナジー,0.89233932626805257,True,0,-2.0557332115121008,A01_global_similarity_mean,2
2025-06-06,1,7134,アップガレージＧ,1.881561655778613,True,1,1.2017167381974225,A01_global_similarity_mean,2
2025-06-06,2,3046,ＪＩＮＳＨＤ,1.3777771000619947,True,0,-4.2744656917885315,A01_global_similarity_mean,2
2025-06-09,1,7422,東邦レマック,2.3972148300313907,True,0,-0.68807339449541427,A01_global_similarity_mean,2
2025-06-09,2,2735,ワッツ,1.2036489615476478,True,0,-0.56179775280899014,A01_global_similarity_mean,2
2025-06-10,1,4893,Ｇ－ノイルイミューン,1.007957944558681,True,0,-2.7624309392265234,A01_global_similarity_mean,2
2025-06-10,2,7046,Ｇ－ＴＤＳＥ,0.8592062959896668,True,1,3.0344827586206824,A01_global_similarity_mean,2
2025-06-11,1,3399,山岡家,1.3934464822924366,True,1,7.1556350626118093,A01_global_similarity_mean,2
2025-06-11,2,4228,積水化成,1.2122343120015298,True,0,-0.92024539877300082,A01_global_similarity_mean,2
2025-06-12,1,5132,Ｇ－ｐｌｕｓｚｅｒｏ,1.1760058395280806,True,1,7.0000000000000062,A01_global_similarity_mean,2
2025-06-12,2,2375,ギグワークス,0.84026772207621436,True,0,-1.7391304347826098,A01_global_similarity_mean,2
2025-06-13,1,219A,Ｇ－ハートシード,1.3798571051230983,True,1,8.0691642651296913,A01_global_similarity_mean,2
2025-06-13,2,1885,東亜建,0.93116218547964991,True,0,-1.0603048376408242,A01_global_similarity_mean,2
2025-06-17,1,3086,Ｊフロント,1.7887690569425194,True,1,0.99304865938429909,A01_global_similarity_mean,2
2025-06-17,2,4430,東海ソフト,1.2479083346985314,True,0,-0.83816892327530645,A01_global_similarity_mean,2
2025-06-18,1,2385,Ｇ－総医研,0.45421210600237172,True,1,1.744186046511631,A01_global_similarity_mean,2
2025-06-18,2,7898,ウッドワン,0.33453275031317659,True,0,-0.12195121951219523,A01_global_similarity_mean,2
2025-06-19,1,7043,Ｇ－アルー,1.1027523920783477,True,0,-0.51813471502590858,A01_global_similarity_mean,2
2025-06-19,2,4766,ピーエイ,0.84598937156265075,True,0,-0.70175438596491446,A01_global_similarity_mean,2
2025-06-20,1,7851,カワセコンピュ,1.3764919447518598,True,0,-4.1666666666666625,A01_global_similarity_mean,2
2025-06-20,2,1436,Ｇ－グリーンエナジー,1.3642996635374842,True,0,-0.60352831940575502,A01_global_similarity_mean,2
2025-06-24,1,6702,富士通,1.2663508521085423,True,1,0.11876484560569001,A01_global_similarity_mean,2
2025-06-24,2,9625,セレスポ,0.88689666253267918,True,1,0.27777777777777679,A01_global_similarity_mean,2
2025-06-25,1,4015,Ｇ－ペイクラウドＨＤ,2.0016032244368587,True,1,6.3134160090191571,A01_global_similarity_mean,2
2025-06-25,2,9201,ＪＡＬ,1.2850895157866726,True,1,0.43630017452007674,A01_global_similarity_mean,2
2025-06-26,1,7793,Ｇ－イメージマジック,1.181737137175958,True,0,-0.45941807044410643,A01_global_similarity_mean,2
2025-06-26,2,4776,ＣＹＢＯＺＵ,1.0629543640286117,True,0,-2.0942408376963373,A01_global_similarity_mean,2
2025-06-27,1,2778,パレモ・ＨＤ,1.119837234735382,True,0,-1.9108280254777066,A01_global_similarity_mean,2
2025-06-27,2,9206,ＳＦＪ,1.1034773404921301,True,1,0.51425899953250198,A01_global_similarity_mean,2
2025-06-30,1,5994,ファインシンター,1.0288185841422814,True,0,-0.72289156626506035,A01_global_similarity_mean,2
2025-06-30,2,3134,Ｈａｍｅｅ,0.7684125947826036,True,1,1.0612244897959089,A01_global_similarity_mean,2
2025-07-01,1,9444,トーシンＨＤ,0.9979594217995218,True,0,0,A01_global_similarity_mean,2
2025-07-01,2,3094,スーパーＶ,0.93180087495791664,True,1,0.53981106612686069,A01_global_similarity_mean,2
2025-07-02,1,8938,Ｇ－グロームＨＤ,0.68869161126095424,True,1,1.0903426791277315,A01_global_similarity_mean,2
2025-07-02,2,195A,Ｇ－ＭＵＳＣＡＴ Ｇ,0.64858533242194649,True,0,-1.688182720953324,A01_global_similarity_mean,2
2025-07-07,1,7422,東邦レマック,1.6570802436431815,True,0,-0.51546391752577136,A01_global_similarity_mean,2
2025-07-07,2,6564,ミダックＨＤ,1.0735540980883791,True,0,-0.049875311720692928,A01_global_similarity_mean,2
2025-07-08,1,7134,アップガレージＧ,1.2425262181697032,True,1,1.9004524886877761,A01_global_similarity_mean,2
2025-07-08,2,2735,ワッツ,0.8860716117427937,True,1,0.28129395218001729,A01_global_similarity_mean,2
2025-07-09,1,3252,地主,0.87985603305413973,True,1,3.937007874015741,A01_global_similarity_mean,2
2025-07-09,2,4055,Ｇ－ティアンドエスＧ,0.52289780690844023,True,1,5.1993067590987874,A01_global_similarity_mean,2
2025-07-10,1,8237,松屋,1.1821491185898818,True,0,-2.0289855072463725,A01_global_similarity_mean,2
2025-07-10,2,6183,ベル２４ＨＤ,1.0175963708886668,True,0,-2.4924471299093698,A01_global_similarity_mean,2
2025-07-11,1,3399,山岡家,1.7057393572357697,True,1,0.17006802721089009,A01_global_similarity_mean,2
2025-07-11,2,3064,ＭＲＯ,1.1610648881320422,True,1,2.6925820256776145,A01_global_similarity_mean,2
2025-07-14,1,1419,タマホーム,1.0765113259469394,True,1,4.0000000000000036,A01_global_similarity_mean,2
2025-07-14,2,2437,シンワワイズ,0.93988630949433238,True,0,-2.4054982817869441,A01_global_similarity_mean,2
2025-07-15,1,5888,Ｇ－ダイワサイクル,1.1263327230736007,True,0,-1.3106159895150737,A01_global_similarity_mean,2
2025-07-15,2,7162,アストマックス,1.1113757071406067,True,0,0,A01_global_similarity_mean,2
2025-07-16,1,3086,Ｊフロント,1.6666888012661338,True,1,0.40363269424823489,A01_global_similarity_mean,2
2025-07-16,2,4343,イオンファン,1.4375405242837271,True,0,-0.32414910858995505,A01_global_similarity_mean,2
2025-07-23,1,6045,Ｇ－レントラックス,0.96388412698713544,True,0,-0.2525252525252486,A01_global_similarity_mean,2
2025-07-23,2,6769,ザイン,0.7405576254762487,True,1,1.0238907849829282,A01_global_similarity_mean,2
2025-07-24,1,3943,大石産業,1.3153721338503055,True,1,0.57899090157154109,A01_global_similarity_mean,2
2025-07-24,2,4777,ガーラ,0.93355597294875625,True,0,-0.85470085470085166,A01_global_similarity_mean,2
2025-07-25,1,6095,メドピア,1.0494096240730644,True,0,-0.56980056980057148,A01_global_similarity_mean,2
2025-07-25,2,4936,アクシージア,0.89894753625945689,True,0,-0.8113590263691739,A01_global_similarity_mean,2
2025-07-28,1,9436,沖縄セルラー,1.0118196349313897,True,0,-6.0576923076923084,A01_global_similarity_mean,2
2025-07-28,2,7203,トヨタ自,0.84614145220491677,True,0,-0.14239943040227354,A01_global_similarity_mean,2
2025-07-29,1,9206,ＳＦＪ,0.99758343103922609,True,1,0.36036036036035668,A01_global_similarity_mean,2
2025-07-29,2,2934,Ｇ－Ｊフロンティア,0.99297233171536292,True,0,-1.2247397428046591,A01_global_similarity_mean,2
2025-07-30,1,4498,Ｇ－サイバートラスト,1.1649463925535231,True,0,-0.95890410958904271,A01_global_similarity_mean,2
2025-07-30,2,7309,シマノ,0.92603730908048665,True,0,-5.6034482758620658,A01_global_similarity_mean,2
2025-07-31,1,4503,アステラス薬,0.95308590589883369,True,1,0.76603894031279651,A01_global_similarity_mean,2
2025-07-31,2,2327,ＮＳＳＯＬ,0.8737054868544275,True,0,-1.2465373961218829,A01_global_similarity_mean,2
2024-07-01,1,2678,アスクル,1.2299009518038726,True,0,-3.0044843049327308,A02_issuer_excluded_mean,1
2024-07-02,1,6279,瑞光,1.4779997495717199,True,0,-2.8028933092224206,A02_issuer_excluded_mean,1
2024-07-03,1,8070,東京産,1.048480735510549,True,0,0,A02_issuer_excluded_mean,1
2024-07-04,1,3803,Ｇ－イメージ情,1.1642281428899253,True,0,-2.8138528138528129,A02_issuer_excluded_mean,1
2024-07-05,1,6898,トミタ電機,1.1243210429393622,True,0,-0.98879367172050037,A02_issuer_excluded_mean,1
2024-07-08,1,4583,Ｇ－カイオム,0.96863033162050138,True,0,0,A02_issuer_excluded_mean,1
2024-07-09,1,2654,アスモ,0.92301429369708676,True,0,0,A02_issuer_excluded_mean,1
2024-07-10,1,3666,テクノスジャパン,0.77671627681369793,True,0,-1.5625,A02_issuer_excluded_mean,1
2024-07-11,1,4951,エステー,1.170920467299277,True,1,0.31766200762388674,A02_issuer_excluded_mean,1
2024-07-12,1,5801,古河電工,1.1493854920807836,True,0,-0.79231692677070864,A02_issuer_excluded_mean,1
2024-07-16,1,9265,ヤマシタヘルスケア,1.3995312519997629,True,0,-2.9553010712966343,A02_issuer_excluded_mean,1
2024-07-17,1,4379,Ｇ－フォトシンス,1.4324154859135318,True,1,3.4912718204488824,A02_issuer_excluded_mean,1
2024-07-18,1,5888,Ｇ－ダイワサイクル,1.7656054914411896,True,1,2.0954998282377124,A02_issuer_excluded_mean,1
2024-07-19,1,9235,Ｇ－売れるネット広告,1.0714718797864735,True,0,-0.048995590396860855,A02_issuer_excluded_mean,1
2024-07-22,1,2998,Ｇ－クリアル,1.1642281428899253,True,0,0,A02_issuer_excluded_mean,1
2024-07-23,1,4439,東名,1.1642281428899253,True,1,7.1017274472168879,A02_issuer_excluded_mean,1
2024-07-24,1,6584,三桜工,1.9657537468881201,True,0,-0.50251256281407253,A02_issuer_excluded_mean,1
2024-07-25,1,4684,オービック,0.78066864494697707,True,1,3.0583873957367835,A02_issuer_excluded_mean,1
2024-07-26,1,4095,日パーカライ,1.1390770266475601,True,0,-0.5695687550854367,A02_issuer_excluded_mean,1
2024-07-29,1,4414,Ｇ－フレクト,1.1373682732510122,True,1,2.960526315789469,A02_issuer_excluded_mean,1
2024-07-30,1,2678,アスクル,1.2299009977884039,True,0,-3.5616438356164348,A02_issuer_excluded_mean,1
2024-07-31,1,7326,Ｇ－ＳＢＩインシュ,0.49181487836056764,True,1,1.6472868217054293,A02_issuer_excluded_mean,1
2025-04-01,1,7122,近畿車輌,1.3769522046845213,True,0,-3.2131147540983562,A02_issuer_excluded_mean,1
2025-04-02,1,8252,丸井Ｇ,0.68064202405286123,True,1,0.39607695209356031,A02_issuer_excluded_mean,1
2025-04-03,1,8793,ＮＥＣキャピ,0.40278902197471023,True,1,0.13477088948787852,A02_issuer_excluded_mean,1
2025-04-04,1,2705,大戸屋ＨＤ,0.64823144864618809,True,0,-1.9723865877712021,A02_issuer_excluded_mean,1
2025-04-07,1,3046,ＪＩＮＳＨＤ,0.88519715142879074,True,1,3.3003300330032959,A02_issuer_excluded_mean,1
2025-04-08,1,7679,薬王堂ＨＤ,0.66016803208701802,True,1,0.79726651480638289,A02_issuer_excluded_mean,1
2025-04-09,1,7463,アドヴァングループ,0.95507324205024868,True,0,-0.9320905459387463,A02_issuer_excluded_mean,1
2025-04-10,1,6479,ミネベアミツミ,0.9170082997092297,True,0,-1.3735589894530276,A02_issuer_excluded_mean,1
2025-04-11,1,2999,ホームポジション,1.042197878907827,True,0,0,A02_issuer_excluded_mean,1
2025-04-14,1,1419,タマホーム,0.98313870183558949,True,0,-1.192052980132452,A02_issuer_excluded_mean,1
2025-04-22,1,6238,フリュー,1.2690173168588215,True,1,0.43103448275862988,A02_issuer_excluded_mean,1
2025-04-23,1,8218,コメリ,0.45536027840024451,True,1,1.6474464579901094,A02_issuer_excluded_mean,1
2025-04-24,1,6196,ストライク,0.99248068537578682,True,0,-0.65517241379310365,A02_issuer_excluded_mean,1
2025-04-25,1,3080,ジェーソン,1.1296998892299741,True,0,-0.58651026392961825,A02_issuer_excluded_mean,1
2025-04-30,1,3121,マーチャント,1.3635914624712941,True,0,-1.016949152542368,A02_issuer_excluded_mean,1
2025-05-01,1,4374,Ｇ－ロボペイ,1.4272643240120215,True,0,-0.23866348448687846,A02_issuer_excluded_mean,1
2025-05-08,1,7445,ライトオン,1.7240792579536066,True,1,1.2244897959183598,A02_issuer_excluded_mean,1
2025-05-09,1,2702,マクドナルド,1.5133517955510538,True,0,-0.64724919093851474,A02_issuer_excluded_mean,1
2025-05-12,1,6316,丸山製,1.3321117073149553,True,0,0,A02_issuer_excluded_mean,1
2025-05-13,1,3976,Ｇ－シャノン,0.95359437557142968,True,0,-3.0303030303030276,A02_issuer_excluded_mean,1
2025-05-14,1,5981,東製綱,1.5294395606861948,True,0,-2.8169014084507005,A02_issuer_excluded_mean,1
2025-05-15,1,7266,今仙電機,1.1935749601091741,True,0,0,A02_issuer_excluded_mean,1
2025-05-16,1,7182,ゆうちょ銀行,1.2786446033855998,True,0,-1.4836795252225476,A02_issuer_excluded_mean,1
2025-05-19,1,9444,トーシンＨＤ,1.0802381820846427,True,1,0.65681444991789739,A02_issuer_excluded_mean,1
2025-05-20,1,2986,Ｇ－ＬＡＨＤ,0.9622737671888818,True,0,-10.59782608695652,A02_issuer_excluded_mean,1
2025-05-21,1,3681,ブイキューブ,0.77107703618648127,True,0,-4.7619047619047672,A02_issuer_excluded_mean,1
2025-05-27,1,7181,かんぽ生命保険,0.91082703649125796,True,0,-0.45248868778280382,A02_issuer_excluded_mean,1
2025-05-28,1,6973,協栄産,0.93290902338440218,True,1,0.63063063063062419,A02_issuer_excluded_mean,1
2025-05-29,1,135A,Ｇ－ＶＲＡＩＮ,2.6454897796521668,True,1,1.4056224899598346,A02_issuer_excluded_mean,1
2025-05-30,1,3858,ユビキタスＡＩ,1.5362762006239146,True,1,1.4999999999999902,A02_issuer_excluded_mean,1
2025-06-02,1,7769,リズム,0.96531341517511993,True,1,0.26954177897573484,A02_issuer_excluded_mean,1
2025-06-03,1,6071,ＩＢＪ,0.84248716754027486,True,0,-0.85470085470085166,A02_issuer_excluded_mean,1
2025-06-04,1,6039,Ｇ－日本動物高度医療,1.0504355549131745,True,1,3.2586558044806591,A02_issuer_excluded_mean,1
2025-06-05,1,7445,ライトオン,1.348051205557113,True,0,-3.9603960396039639,A02_issuer_excluded_mean,1
2025-06-06,1,2702,マクドナルド,1.5243704308861217,True,1,0.33277870216306127,A02_issuer_excluded_mean,1
2025-06-09,1,7678,あさくま,1.0022127582609723,True,0,-0.23364485981308691,A02_issuer_excluded_mean,1
2025-06-10,1,4893,Ｇ－ノイルイミューン,1.007957944558681,True,0,-2.7624309392265234,A02_issuer_excluded_mean,1
2025-06-11,1,4228,積水化成,1.2122343120015298,True,0,-0.92024539877300082,A02_issuer_excluded_mean,1
2025-06-12,1,5132,Ｇ－ｐｌｕｓｚｅｒｏ,1.1760058395280806,True,1,7.0000000000000062,A02_issuer_excluded_mean,1
2025-06-13,1,7823,アートネイチャー,1.5304336797265943,True,1,0.14005602240896309,A02_issuer_excluded_mean,1
2025-06-17,1,4430,東海ソフト,1.2479083346985314,True,0,-0.83816892327530645,A02_issuer_excluded_mean,1
2025-06-18,1,2385,Ｇ－総医研,0.45421210600237172,True,1,1.744186046511631,A02_issuer_excluded_mean,1
2025-06-19,1,4766,ピーエイ,0.92108237331429188,True,0,-0.70175438596491446,A02_issuer_excluded_mean,1
2025-06-20,1,7851,カワセコンピュ,1.3764919447518598,True,0,-4.1666666666666625,A02_issuer_excluded_mean,1
2025-06-24,1,6702,富士通,1.2663508521085423,True,1,0.11876484560569001,A02_issuer_excluded_mean,1
2025-06-25,1,9201,ＪＡＬ,1.8615919969896957,True,1,0.43630017452007674,A02_issuer_excluded_mean,1
2025-06-26,1,4776,ＣＹＢＯＺＵ,1.3801735080593041,True,0,-2.0942408376963373,A02_issuer_excluded_mean,1
2025-06-27,1,3010,ポラリスＨＤ,0.8885733547113408,True,0,-0.94339622641509413,A02_issuer_excluded_mean,1
2025-06-30,1,5994,ファインシンター,1.0288185841422814,True,0,-0.72289156626506035,A02_issuer_excluded_mean,1
2025-07-01,1,2678,アスクル,1.4311700170532353,True,1,1.7589576547231367,A02_issuer_excluded_mean,1
2025-07-02,1,8237,松屋,1.2266590085345987,True,1,1.0912698412698374,A02_issuer_excluded_mean,1
2025-07-07,1,3046,ＪＩＮＳＨＤ,1.2554360610724464,True,1,4.7029702970297071,A02_issuer_excluded_mean,1
2025-07-08,1,3834,朝日ネット,0.83949709473621126,True,0,-0.73637702503681624,A02_issuer_excluded_mean,1
2025-07-09,1,3252,地主,0.87985603305413973,True,1,3.937007874015741,A02_issuer_excluded_mean,1
2025-07-10,1,8237,松屋,1.0840150957930683,True,0,-2.0289855072463725,A02_issuer_excluded_mean,1
2025-07-11,1,3817,ＳＲＡＨＤ,1.2079836884829769,True,1,0.98468271334792856,A02_issuer_excluded_mean,1
2025-07-14,1,2437,シンワワイズ,0.93988630949433238,True,0,-2.4054982817869441,A02_issuer_excluded_mean,1
2025-07-15,1,3979,Ｇ－うるる,1.1358725867681936,True,1,0.25477707006369421,A02_issuer_excluded_mean,1
2025-07-16,1,4343,イオンファン,1.1246760092624037,True,0,-0.32414910858995505,A02_issuer_excluded_mean,1
2025-07-23,1,9418,Ｕ－ＮＥＸＴ,0.72384935940302786,True,0,-0.62771607918880035,A02_issuer_excluded_mean,1
2025-07-24,1,3943,大石産業,1.3153721338503055,True,1,0.57899090157154109,A02_issuer_excluded_mean,1
2025-07-25,1,4936,アクシージア,0.77427147382728811,True,0,-0.8113590263691739,A02_issuer_excluded_mean,1
2025-07-28,1,3010,ポラリスＨＤ,1.0190671463260177,True,0,-1.3452914798206317,A02_issuer_excluded_mean,1
2025-07-29,1,2934,Ｇ－Ｊフロンティア,0.99297233171536292,True,0,-1.2247397428046591,A02_issuer_excluded_mean,1
2025-07-30,1,4498,Ｇ－サイバートラスト,0.93218274296836934,True,0,-0.95890410958904271,A02_issuer_excluded_mean,1
2025-07-31,1,2678,アスクル,1.5429619188852963,True,1,1.53949129852744,A02_issuer_excluded_mean,1
2024-07-01,1,2678,アスクル,1.2299009518038726,True,0,-3.0044843049327308,A02_issuer_excluded_mean,2
2024-07-01,2,9832,オートバックス,0.90944217019983087,True,1,0.47801147227533036,A02_issuer_excluded_mean,2
2024-07-02,1,6279,瑞光,1.4779997495717199,True,0,-2.8028933092224206,A02_issuer_excluded_mean,2
2024-07-02,2,3656,ＫＬａｂ,1.2013080639046034,True,1,0.86956521739129933,A02_issuer_excluded_mean,2
2024-07-03,1,8070,東京産,1.048480735510549,True,0,0,A02_issuer_excluded_mean,2
2024-07-03,2,7161,じもとＨＤ,0.84232311127867032,True,0,-4.5945945945945921,A02_issuer_excluded_mean,2
2024-07-04,1,3803,Ｇ－イメージ情,1.1642281428899253,True,0,-2.8138528138528129,A02_issuer_excluded_mean,2
2024-07-04,2,7138,Ｇ－ＴＯＲＩＣＯ,0.69914590032761381,True,1,0.39761431411531323,A02_issuer_excluded_mean,2
2024-07-05,1,6898,トミタ電機,1.1243210429393622,True,0,-0.98879367172050037,A02_issuer_excluded_mean,2
2024-07-05,2,2702,マクドナルド,1.0521854489056619,True,0,-1.3008130081300862,A02_issuer_excluded_mean,2
2024-07-08,1,4583,Ｇ－カイオム,0.96863033162050138,True,0,0,A02_issuer_excluded_mean,2
2024-07-08,2,8798,アドバンスクリエイト,0.94092314519025821,True,0,-0.74142724745134281,A02_issuer_excluded_mean,2
2024-07-09,1,2654,アスモ,0.92301429369708676,True,0,0,A02_issuer_excluded_mean,2
2024-07-09,2,9337,Ｇ－トリドリ,0.81925620569014124,True,0,-2.2752497225305257,A02_issuer_excluded_mean,2
2024-07-10,1,3666,テクノスジャパン,0.77671627681369793,True,0,-1.5625,A02_issuer_excluded_mean,2
2024-07-10,2,6525,ＫＯＫＵＳＡＩ,0.732063272759369,True,1,3.4482758620689724,A02_issuer_excluded_mean,2
2024-07-11,1,4951,エステー,1.170920467299277,True,1,0.31766200762388674,A02_issuer_excluded_mean,2
2024-07-11,2,6182,Ｇ－メタリアル,1.0002614892898425,True,0,-0.10526315789474161,A02_issuer_excluded_mean,2
2024-07-12,1,5801,古河電工,1.1493854920807836,True,0,-0.79231692677070864,A02_issuer_excluded_mean,2
2024-07-12,2,7823,アートネイチャー,0.8320664436776678,True,0,0,A02_issuer_excluded_mean,2
2024-07-16,1,9265,ヤマシタヘルスケア,1.3995312519997629,True,0,-2.9553010712966343,A02_issuer_excluded_mean,2
2024-07-16,2,2722,ＩＫホールディングス,0.87974533862312243,True,0,0,A02_issuer_excluded_mean,2
2024-07-17,1,4379,Ｇ－フォトシンス,1.4324154859135318,True,1,3.4912718204488824,A02_issuer_excluded_mean,2
2024-07-17,2,4004,レゾナックＨＤ,0.67432330938447138,True,1,0.46106557377050272,A02_issuer_excluded_mean,2
2024-07-18,1,5888,Ｇ－ダイワサイクル,1.7656054914411896,True,1,2.0954998282377124,A02_issuer_excluded_mean,2
2024-07-18,2,3994,マネーフォワード,0.90738598002760529,True,0,-2.1150914634146312,A02_issuer_excluded_mean,2
2024-07-19,1,9235,Ｇ－売れるネット広告,1.0714718797864735,True,0,-0.048995590396860855,A02_issuer_excluded_mean,2
2024-07-19,2,3904,Ｇ－カヤック,0.51088685726098793,True,0,-0.29761904761904656,A02_issuer_excluded_mean,2
2024-07-22,1,2998,Ｇ－クリアル,1.1642281428899253,True,0,0,A02_issuer_excluded_mean,2
2024-07-22,2,5871,ＳＯＬＩＺＥ,1.1042133208125262,True,0,-3.4526854219948833,A02_issuer_excluded_mean,2
2024-07-23,1,4439,東名,1.1642281428899253,True,1,7.1017274472168879,A02_issuer_excluded_mean,2
2024-07-23,2,3133,Ｇ－海帆,0.89232506282814206,True,1,1.3745704467353903,A02_issuer_excluded_mean,2
2024-07-24,1,6584,三桜工,1.9657537468881201,True,0,-0.50251256281407253,A02_issuer_excluded_mean,2
2024-07-24,2,4956,コニシ,1.1802336069363482,True,0,-2.1311475409836023,A02_issuer_excluded_mean,2
2024-07-25,1,4684,オービック,0.78066864494697707,True,1,3.0583873957367835,A02_issuer_excluded_mean,2
2024-07-25,2,9418,Ｕ－ＮＥＸＴ,0.73725399580614437,True,1,3.1556039173014083,A02_issuer_excluded_mean,2
2024-07-26,1,4095,日パーカライ,1.1390770266475601,True,0,-0.5695687550854367,A02_issuer_excluded_mean,2
2024-07-26,2,3001,片倉,0.68698247855884409,True,1,1.1840157868771684,A02_issuer_excluded_mean,2
2024-07-29,1,4414,Ｇ－フレクト,1.1373682732510122,True,1,2.960526315789469,A02_issuer_excluded_mean,2
2024-07-29,2,8798,アドバンスクリエイト,0.96852614452161856,True,1,0.63636363636363491,A02_issuer_excluded_mean,2
2024-07-30,1,2678,アスクル,1.2299009977884039,True,0,-3.5616438356164348,A02_issuer_excluded_mean,2
2024-07-30,2,7063,Ｇ－Ｂｉｒｄｍａｎ,0.6367510218529564,True,0,-1.1417697431018059,A02_issuer_excluded_mean,2
2024-07-31,1,7326,Ｇ－ＳＢＩインシュ,0.49181487836056764,True,1,1.6472868217054293,A02_issuer_excluded_mean,2
2024-07-31,2,2323,ｆｏｎｆｕｎ,0.36718600607792956,True,0,-0.64935064935064402,A02_issuer_excluded_mean,2
2025-04-01,1,7122,近畿車輌,1.3769522046845213,True,0,-3.2131147540983562,A02_issuer_excluded_mean,2
2025-04-01,2,3489,フェイスネットワーク,1.3135054923310374,True,1,2.1390374331550888,A02_issuer_excluded_mean,2
2025-04-02,1,8252,丸井Ｇ,0.68064202405286123,True,1,0.39607695209356031,A02_issuer_excluded_mean,2
2025-04-02,2,4480,メドレー,0.66039944200310641,True,0,-1.2956810631229221,A02_issuer_excluded_mean,2
2025-04-03,1,8793,ＮＥＣキャピ,0.40278902197471023,True,1,0.13477088948787852,A02_issuer_excluded_mean,2
2025-04-03,2,4287,ジャストプラ,0.28012264432094497,True,0,-0.56022408963585235,A02_issuer_excluded_mean,2
2025-04-04,1,2705,大戸屋ＨＤ,0.64823144864618809,True,0,-1.9723865877712021,A02_issuer_excluded_mean,2
2025-04-04,2,3498,霞ヶ関キャピタル,0.50805770859634836,True,0,-3.3509700176366897,A02_issuer_excluded_mean,2
2025-04-07,1,3046,ＪＩＮＳＨＤ,0.88519715142879074,True,1,3.3003300330032959,A02_issuer_excluded_mean,2
2025-04-07,2,2702,マクドナルド,0.73630399863640561,True,0,-0.17857142857142794,A02_issuer_excluded_mean,2
2025-04-08,1,7679,薬王堂ＨＤ,0.66016803208701802,True,1,0.79726651480638289,A02_issuer_excluded_mean,2
2025-04-08,2,9625,セレスポ,0.52366740689615365,True,1,1.1022044088176308,A02_issuer_excluded_mean,2
2025-04-09,1,7463,アドヴァングループ,0.95507324205024868,True,0,-0.9320905459387463,A02_issuer_excluded_mean,2
2025-04-09,2,9946,ミニストップ,0.68608899001355117,True,0,-0.11926058437686793,A02_issuer_excluded_mean,2
2025-04-10,1,6479,ミネベアミツミ,0.9170082997092297,True,0,-1.3735589894530276,A02_issuer_excluded_mean,2
2025-04-10,2,6957,芝浦電子,0.9170082997092297,True,1,0.42735042735042583,A02_issuer_excluded_mean,2
2025-04-11,1,2999,ホームポジション,1.042197878907827,True,0,0,A02_issuer_excluded_mean,2
2025-04-11,2,6184,鎌倉新書,1.0250569928895454,True,1,4.4705882352941151,A02_issuer_excluded_mean,2
2025-04-14,1,1419,タマホーム,0.98313870183558949,True,0,-1.192052980132452,A02_issuer_excluded_mean,2
2025-04-14,2,3168,ＭＥＲＦ,0.91522776028736108,True,0,-1.0080645161290369,A02_issuer_excluded_mean,2
2025-04-22,1,6238,フリュー,1.2690173168588215,True,1,0.43103448275862988,A02_issuer_excluded_mean,2
2025-04-22,2,6952,カシオ計,0.9170082997092297,True,0,-0.58903488898958134,A02_issuer_excluded_mean,2
2025-04-23,1,8218,コメリ,0.45536027840024451,True,1,1.6474464579901094,A02_issuer_excluded_mean,2
2025-04-23,2,1720,東急建設,0.4339481688625601,True,1,2.5609756097560998,A02_issuer_excluded_mean,2
2025-04-24,1,6196,ストライク,0.99248068537578682,True,0,-0.65517241379310365,A02_issuer_excluded_mean,2
2025-04-24,2,7769,リズム,0.96610523373871837,True,0,0,A02_issuer_excluded_mean,2
2025-04-25,1,3080,ジェーソン,1.1296998892299741,True,0,-0.58651026392961825,A02_issuer_excluded_mean,2
2025-04-25,2,8714,池田泉州,0.9170082997092297,True,0,0,A02_issuer_excluded_mean,2
2025-04-30,1,3121,マーチャント,1.3635914624712941,True,0,-1.016949152542368,A02_issuer_excluded_mean,2
2025-04-30,2,9052,山陽電鉄,0.88533160495236363,True,0,-1.0299166257969561,A02_issuer_excluded_mean,2
2025-05-01,1,4374,Ｇ－ロボペイ,1.4272643240120215,True,0,-0.23866348448687846,A02_issuer_excluded_mean,2
2025-05-01,2,9110,ユナイテド海,1.3092493562057339,True,0,-1.9815059445178362,A02_issuer_excluded_mean,2
2025-05-08,1,7445,ライトオン,1.7240792579536066,True,1,1.2244897959183598,A02_issuer_excluded_mean,2
2025-05-08,2,3046,ＪＩＮＳＨＤ,1.1280045261596743,True,1,0.11037527593817931,A02_issuer_excluded_mean,2
2025-05-09,1,2702,マクドナルド,1.5133517955510538,True,0,-0.64724919093851474,A02_issuer_excluded_mean,2
2025-05-09,2,247A,Ｇ－Ａｉロボティクス,1.1201720163075735,True,1,2.0757020757020683,A02_issuer_excluded_mean,2
2025-05-12,1,6316,丸山製,1.3321117073149553,True,0,0,A02_issuer_excluded_mean,2
2025-05-12,2,6965,浜松ホトニク,0.94888473281377061,True,0,-6.9142125480153638,A02_issuer_excluded_mean,2
2025-05-13,1,3976,Ｇ－シャノン,0.95359437557142968,True,0,-3.0303030303030276,A02_issuer_excluded_mean,2
2025-05-13,2,6050,Ｅガーディアン,0.94888473281377061,True,0,-7.0454545454545432,A02_issuer_excluded_mean,2
2025-05-14,1,5981,東製綱,1.5294395606861948,True,0,-2.8169014084507005,A02_issuer_excluded_mean,2
2025-05-14,2,1743,コーアツ工業,1.1013834356452439,True,0,-2.0365168539325795,A02_issuer_excluded_mean,2
2025-05-15,1,7266,今仙電機,1.1935749601091741,True,0,0,A02_issuer_excluded_mean,2
2025-05-15,2,3288,オープンハウスＧ,1.1724567069595788,True,0,-0.098199672667753646,A02_issuer_excluded_mean,2
2025-05-16,1,7182,ゆうちょ銀行,1.2786446033855998,True,0,-1.4836795252225476,A02_issuer_excluded_mean,2
2025-05-16,2,3747,インタートレード,1.2537412375933865,True,1,6.1007957559681802,A02_issuer_excluded_mean,2
2025-05-19,1,9444,トーシンＨＤ,1.0802381820846427,True,1,0.65681444991789739,A02_issuer_excluded_mean,2
2025-05-19,2,7177,ＧＭＯＦＨＤ,0.98939653368363678,True,0,-0.64267352185090054,A02_issuer_excluded_mean,2
2025-05-20,1,2986,Ｇ－ＬＡＨＤ,0.9622737671888818,True,0,-10.59782608695652,A02_issuer_excluded_mean,2
2025-05-20,2,2776,新都ＨＤ,0.73651506497649777,True,1,0.7692307692307665,A02_issuer_excluded_mean,2
2025-05-21,1,3681,ブイキューブ,0.77107703618648127,True,0,-4.7619047619047672,A02_issuer_excluded_mean,2
2025-05-21,2,4347,ブロードメディア,0.7327155521752885,True,0,-0.30959752321981782,A02_issuer_excluded_mean,2
2025-05-27,1,7181,かんぽ生命保険,0.91082703649125796,True,0,-0.45248868778280382,A02_issuer_excluded_mean,2
2025-05-27,2,3306,日製麻,0.59204867306410303,True,1,0.59880239520957446,A02_issuer_excluded_mean,2
2025-05-28,1,6973,協栄産,0.93290902338440218,True,1,0.63063063063062419,A02_issuer_excluded_mean,2
2025-05-28,2,7718,スター精密,0.78539901598692086,True,1,1.1911852293031489,A02_issuer_excluded_mean,2
2025-05-29,1,135A,Ｇ－ＶＲＡＩＮ,2.6454897796521668,True,1,1.4056224899598346,A02_issuer_excluded_mean,2
2025-05-29,2,2678,アスクル,1.0852637107253482,True,1,2.3684210526315752,A02_issuer_excluded_mean,2
2025-05-30,1,3858,ユビキタスＡＩ,1.5362762006239146,True,1,1.4999999999999902,A02_issuer_excluded_mean,2
2025-05-30,2,3997,トレードワークス,0.8802585322987192,True,0,-1.6949152542372836,A02_issuer_excluded_mean,2
2025-06-02,1,7769,リズム,0.96531341517511993,True,1,0.26954177897573484,A02_issuer_excluded_mean,2
2025-06-02,2,7199,プレミアグループ,0.85574790550599167,True,1,2.0130850528434774,A02_issuer_excluded_mean,2
2025-06-03,1,6071,ＩＢＪ,0.84248716754027486,True,0,-0.85470085470085166,A02_issuer_excluded_mean,2
2025-06-03,2,7116,ダイワ通信,0.50638879688410043,True,0,-1.3856812933025431,A02_issuer_excluded_mean,2
2025-06-04,1,6039,Ｇ－日本動物高度医療,1.0504355549131745,True,1,3.2586558044806591,A02_issuer_excluded_mean,2
2025-06-04,2,2497,Ｇ－ＵＮＩＴＥＤ,0.91559000118232536,True,0,-0.68143100511073307,A02_issuer_excluded_mean,2
2025-06-05,1,7445,ライトオン,1.348051205557113,True,0,-3.9603960396039639,A02_issuer_excluded_mean,2
2025-06-05,2,3612,ワールド,0.91134302902703757,True,0,-0.15841584158415856,A02_issuer_excluded_mean,2
2025-06-06,1,2702,マクドナルド,1.5243704308861217,True,1,0.33277870216306127,A02_issuer_excluded_mean,2
2025-06-06,2,3046,ＪＩＮＳＨＤ,1.345587758413425,True,0,-4.2744656917885315,A02_issuer_excluded_mean,2
2025-06-09,1,7678,あさくま,1.0022127582609723,True,0,-0.23364485981308691,A02_issuer_excluded_mean,2
2025-06-09,2,7506,ハウスローゼ,0.8628348603310948,True,0,-0.21897810218978186,A02_issuer_excluded_mean,2
2025-06-10,1,4893,Ｇ－ノイルイミューン,1.007957944558681,True,0,-2.7624309392265234,A02_issuer_excluded_mean,2
2025-06-10,2,7804,ビーアンドピー,0.62409363920108207,True,0,-4.2509286009079661,A02_issuer_excluded_mean,2
2025-06-11,1,4228,積水化成,1.2122343120015298,True,0,-0.92024539877300082,A02_issuer_excluded_mean,2
2025-06-11,2,3399,山岡家,0.95779795414832558,True,1,7.1556350626118093,A02_issuer_excluded_mean,2
2025-06-12,1,5132,Ｇ－ｐｌｕｓｚｅｒｏ,1.1760058395280806,True,1,7.0000000000000062,A02_issuer_excluded_mean,2
2025-06-12,2,2375,ギグワークス,0.94998692269881968,True,0,-1.7391304347826098,A02_issuer_excluded_mean,2
2025-06-13,1,7823,アートネイチャー,1.5304336797265943,True,1,0.14005602240896309,A02_issuer_excluded_mean,2
2025-06-13,2,219A,Ｇ－ハートシード,1.3798571051230983,True,1,8.0691642651296913,A02_issuer_excluded_mean,2
2025-06-17,1,4430,東海ソフト,1.2479083346985314,True,0,-0.83816892327530645,A02_issuer_excluded_mean,2
2025-06-17,2,5136,Ｇ－ｔｒｉｐｌａ,1.022583640254594,True,0,-1.4648858250754015,A02_issuer_excluded_mean,2
2025-06-18,1,2385,Ｇ－総医研,0.45421210600237172,True,1,1.744186046511631,A02_issuer_excluded_mean,2
2025-06-18,2,7740,タムロン,0.31876703128351125,True,1,1.3196480938416411,A02_issuer_excluded_mean,2
2025-06-19,1,4766,ピーエイ,0.92108237331429188,True,0,-0.70175438596491446,A02_issuer_excluded_mean,2
2025-06-19,2,6238,フリュー,0.59512712570190429,True,1,0.40322580645162365,A02_issuer_excluded_mean,2
2025-06-20,1,7851,カワセコンピュ,1.3764919447518598,True,0,-4.1666666666666625,A02_issuer_excluded_mean,2
2025-06-20,2,4256,Ｇ－サインド,0.82707272936613685,True,1,2.7083333333333348,A02_issuer_excluded_mean,2
2025-06-24,1,6702,富士通,1.2663508521085423,True,1,0.11876484560569001,A02_issuer_excluded_mean,2
2025-06-24,2,9625,セレスポ,0.88689666253267918,True,1,0.27777777777777679,A02_issuer_excluded_mean,2
2025-06-25,1,9201,ＪＡＬ,1.8615919969896957,True,1,0.43630017452007674,A02_issuer_excluded_mean,2
2025-06-25,2,4169,Ｇ－エネチェンジ,1.0872328961140474,True,0,-6.8656716417910495,A02_issuer_excluded_mean,2
2025-06-26,1,4776,ＣＹＢＯＺＵ,1.3801735080593041,True,0,-2.0942408376963373,A02_issuer_excluded_mean,2
2025-06-26,2,7793,Ｇ－イメージマジック,1.181737137175958,True,0,-0.45941807044410643,A02_issuer_excluded_mean,2
2025-06-27,1,3010,ポラリスＨＤ,0.8885733547113408,True,0,-0.94339622641509413,A02_issuer_excluded_mean,2
2025-06-27,2,6668,アドテック プラズマ,0.56071416371347016,True,0,0,A02_issuer_excluded_mean,2
2025-06-30,1,5994,ファインシンター,1.0288185841422814,True,0,-0.72289156626506035,A02_issuer_excluded_mean,2
2025-06-30,2,3134,Ｈａｍｅｅ,0.7684125947826036,True,1,1.0612244897959089,A02_issuer_excluded_mean,2
2025-07-01,1,2678,アスクル,1.4311700170532353,True,1,1.7589576547231367,A02_issuer_excluded_mean,2
2025-07-01,2,9444,トーシンＨＤ,0.9979594217995218,True,0,0,A02_issuer_excluded_mean,2
2025-07-02,1,8237,松屋,1.2266590085345987,True,1,1.0912698412698374,A02_issuer_excluded_mean,2
2025-07-02,2,3003,ヒューリック,0.62881379941597915,True,0,-0.54495912806539204,A02_issuer_excluded_mean,2
2025-07-07,1,3046,ＪＩＮＳＨＤ,1.2554360610724464,True,1,4.7029702970297071,A02_issuer_excluded_mean,2
2025-07-07,2,9248,人・夢・技術Ｇ,0.70266813158877073,True,0,-1.2099213551119203,A02_issuer_excluded_mean,2
2025-07-08,1,3834,朝日ネット,0.83949709473621126,True,0,-0.73637702503681624,A02_issuer_excluded_mean,2
2025-07-08,2,241A,Ｇ－ＲＯＸＸ,0.82080675823100591,True,1,2.280701754385972,A02_issuer_excluded_mean,2
2025-07-09,1,3252,地主,0.87985603305413973,True,1,3.937007874015741,A02_issuer_excluded_mean,2
2025-07-09,2,7554,幸楽苑,0.8158550199789103,True,1,0.19512195121951237,A02_issuer_excluded_mean,2
2025-07-10,1,8237,松屋,1.0840150957930683,True,0,-2.0289855072463725,A02_issuer_excluded_mean,2
2025-07-10,2,7157,Ｇ－ライフネット,0.98149337913078138,True,1,0.75400565504242234,A02_issuer_excluded_mean,2
2025-07-11,1,3817,ＳＲＡＨＤ,1.2079836884829769,True,1,0.98468271334792856,A02_issuer_excluded_mean,2
2025-07-11,2,3399,山岡家,0.89991669026571774,True,1,0.17006802721089009,A02_issuer_excluded_mean,2
2025-07-14,1,2437,シンワワイズ,0.93988630949433238,True,0,-2.4054982817869441,A02_issuer_excluded_mean,2
2025-07-14,2,3221,ヨシックスＨＤ,0.72707743409975301,True,0,-0.62499999999999778,A02_issuer_excluded_mean,2
2025-07-15,1,3979,Ｇ－うるる,1.1358725867681936,True,1,0.25477707006369421,A02_issuer_excluded_mean,2
2025-07-15,2,4197,アスマーク,0.80149180015489552,True,0,-1.4827018121911006,A02_issuer_excluded_mean,2
2025-07-16,1,4343,イオンファン,1.1246760092624037,True,0,-0.32414910858995505,A02_issuer_excluded_mean,2
2025-07-16,2,9979,大庄,1.0735661022875977,True,1,1.049868766404205,A02_issuer_excluded_mean,2
2025-07-23,1,9418,Ｕ－ＮＥＸＴ,0.72384935940302786,True,0,-0.62771607918880035,A02_issuer_excluded_mean,2
2025-07-23,2,6769,ザイン,0.71803439110845824,True,1,1.0238907849829282,A02_issuer_excluded_mean,2
2025-07-24,1,3943,大石産業,1.3153721338503055,True,1,0.57899090157154109,A02_issuer_excluded_mean,2
2025-07-24,2,4777,ガーラ,0.93355597294875625,True,0,-0.85470085470085166,A02_issuer_excluded_mean,2
2025-07-25,1,4936,アクシージア,0.77427147382728811,True,0,-0.8113590263691739,A02_issuer_excluded_mean,2
2025-07-25,2,2268,サーティワン,0.64668542926699557,True,0,-0.35629453681710332,A02_issuer_excluded_mean,2
2025-07-28,1,3010,ポラリスＨＤ,1.0190671463260177,True,0,-1.3452914798206317,A02_issuer_excluded_mean,2
2025-07-28,2,9436,沖縄セルラー,1.0118196349313897,True,0,-6.0576923076923084,A02_issuer_excluded_mean,2
2025-07-29,1,2934,Ｇ－Ｊフロンティア,0.99297233171536292,True,0,-1.2247397428046591,A02_issuer_excluded_mean,2
2025-07-29,2,7808,ＣＳランバー,0.68185876349149566,True,1,0.56799198128967276,A02_issuer_excluded_mean,2
2025-07-30,1,4498,Ｇ－サイバートラスト,0.93218274296836934,True,0,-0.95890410958904271,A02_issuer_excluded_mean,2
2025-07-30,2,5532,Ｇ－リアルゲイト,0.91726082801758235,True,1,5.8636363636363598,A02_issuer_excluded_mean,2
2025-07-31,1,2678,アスクル,1.5429619188852963,True,1,1.53949129852744,A02_issuer_excluded_mean,2
2025-07-31,2,4503,アステラス薬,0.95308590589883369,True,1,0.76603894031279651,A02_issuer_excluded_mean,2
2024-07-01,1,6625,ＪＡＬＣＯ ＨＤ,1.5295199744529837,True,0,-5.7034220532319431,A03_time_decay_mean,1
2024-07-02,1,6036,ＫｅｅＰｅｒ技研,1.6154408676424048,True,0,-3.9692701664532648,A03_time_decay_mean,1
2024-07-03,1,7161,じもとＨＤ,1.8705906516603095,True,0,-4.5945945945945921,A03_time_decay_mean,1
2024-07-04,1,3803,Ｇ－イメージ情,1.2232763326025009,True,0,-2.8138528138528129,A03_time_decay_mean,1
2024-07-05,1,4978,Ｇ－リプロセル,1.1529785873654335,True,1,1.4598540145985384,A03_time_decay_mean,1
2024-07-08,1,4583,Ｇ－カイオム,1.122609597616558,True,0,0,A03_time_decay_mean,1
2024-07-09,1,2654,アスモ,1.0341072216886862,True,0,0,A03_time_decay_mean,1
2024-07-10,1,3666,テクノスジャパン,0.80175426415630824,True,0,-1.5625,A03_time_decay_mean,1
2024-07-11,1,4951,エステー,1.223510516330619,True,1,0.31766200762388674,A03_time_decay_mean,1
2024-07-12,1,5801,古河電工,1.1386241466999882,True,0,-0.79231692677070864,A03_time_decay_mean,1
2024-07-16,1,9265,ヤマシタヘルスケア,1.400645664910293,True,0,-2.9553010712966343,A03_time_decay_mean,1
2024-07-17,1,3979,Ｇ－うるる,1.5104933279254205,True,0,-0.45248868778280382,A03_time_decay_mean,1
2024-07-18,1,5888,Ｇ－ダイワサイクル,1.8893827647142092,True,1,2.0954998282377124,A03_time_decay_mean,1
2024-07-19,1,9235,Ｇ－売れるネット広告,1.0863000779966925,True,0,-0.048995590396860855,A03_time_decay_mean,1
2024-07-22,1,6625,ＪＡＬＣＯ ＨＤ,1.5295199744529833,True,0,-1.3257575757575801,A03_time_decay_mean,1
2024-07-23,1,4439,東名,1.2232763326025009,True,1,7.1017274472168879,A03_time_decay_mean,1
2024-07-24,1,6584,三桜工,2.1234668839548285,True,0,-0.50251256281407253,A03_time_decay_mean,1
2024-07-25,1,4684,オービック,0.86686539083153913,True,1,3.0583873957367835,A03_time_decay_mean,1
2024-07-26,1,4095,日パーカライ,1.1971313145448521,True,0,-0.5695687550854367,A03_time_decay_mean,1
2024-07-29,1,4414,Ｇ－フレクト,1.089669199862469,True,1,2.960526315789469,A03_time_decay_mean,1
2024-07-30,1,7063,Ｇ－Ｂｉｒｄｍａｎ,0.73770778994042141,True,0,-1.1417697431018059,A03_time_decay_mean,1
2024-07-31,1,7326,Ｇ－ＳＢＩインシュ,0.39389271177881929,True,1,1.6472868217054293,A03_time_decay_mean,1
2025-04-01,1,5595,Ｇ－ＱＰＳ研究所,1.9694838041678688,True,0,-3.7239868565169809,A03_time_decay_mean,1
2025-04-02,1,4480,メドレー,0.64716341045056425,True,0,-1.2956810631229221,A03_time_decay_mean,1
2025-04-03,1,5027,Ｇ－ＡｎｙＭｉｎｄ,2.6444900476425826,True,1,0.21551724137931494,A03_time_decay_mean,1
2025-04-04,1,3498,霞ヶ関キャピタル,0.54426076337936491,True,0,-3.3509700176366897,A03_time_decay_mean,1
2025-04-07,1,3046,ＪＩＮＳＨＤ,1.1689237250475122,True,1,3.3003300330032959,A03_time_decay_mean,1
2025-04-08,1,7134,アップガレージＧ,1.079799366961963,True,1,4.0236686390532572,A03_time_decay_mean,1
2025-04-09,1,7463,アドヴァングループ,0.96274835079491561,True,0,-0.9320905459387463,A03_time_decay_mean,1
2025-04-10,1,6479,ミネベアミツミ,0.8897433296021513,True,0,-1.3735589894530276,A03_time_decay_mean,1
2025-04-11,1,1419,タマホーム,1.0992469245809628,True,1,4.3417366946778779,A03_time_decay_mean,1
2025-04-14,1,1419,タマホーム,1.1980656183894873,True,0,-1.192052980132452,A03_time_decay_mean,1
2025-04-22,1,6045,Ｇ－レントラックス,1.2633308479532819,True,0,-0.70140280561121759,A03_time_decay_mean,1
2025-04-23,1,8218,コメリ,0.47796648357760024,True,1,1.6474464579901094,A03_time_decay_mean,1
2025-04-24,1,7769,リズム,0.94948958050747689,True,0,0,A03_time_decay_mean,1
2025-04-25,1,8714,池田泉州,0.88974332960215152,True,0,0,A03_time_decay_mean,1
2025-04-30,1,3121,マーチャント,1.370606255666647,True,0,-1.016949152542368,A03_time_decay_mean,1
2025-05-01,1,4374,Ｇ－ロボペイ,1.6883209981410825,True,0,-0.23866348448687846,A03_time_decay_mean,1
2025-05-08,1,7134,アップガレージＧ,2.1490962148555388,True,1,1.2371134020618513,A03_time_decay_mean,1
2025-05-09,1,247A,Ｇ－Ａｉロボティクス,1.6450478599667262,True,1,2.0757020757020683,A03_time_decay_mean,1
2025-05-12,1,3399,山岡家,2.4617769865623456,True,1,1.810865191146882,A03_time_decay_mean,1
2025-05-13,1,7732,トプコン,1.4550312899416469,True,1,0.12399256044637319,A03_time_decay_mean,1
2025-05-14,1,5981,東製綱,2.2467972824416718,True,0,-2.8169014084507005,A03_time_decay_mean,1
2025-05-15,1,5216,倉元,2.4183444776288074,True,0,0,A03_time_decay_mean,1
2025-05-16,1,7182,ゆうちょ銀行,1.4224341853628337,True,0,-1.4836795252225476,A03_time_decay_mean,1
2025-05-19,1,5888,Ｇ－ダイワサイクル,1.9158764257304364,True,1,0.95693779904306719,A03_time_decay_mean,1
2025-05-20,1,5580,Ｇ－プロディライト,1.3304908337563361,True,0,-2.732240437158473,A03_time_decay_mean,1
2025-05-21,1,6460,セガサミーＨＤ,1.4443972929048674,True,0,-2.7468706536856735,A03_time_decay_mean,1
2025-05-27,1,2751,テンポスＨＤ,1.2831659786133596,True,1,0.29154518950438302,A03_time_decay_mean,1
2025-05-28,1,4015,Ｇ－ペイクラウドＨＤ,1.8416506545213438,True,0,-0.38412291933418441,A03_time_decay_mean,1
2025-05-29,1,135A,Ｇ－ＶＲＡＩＮ,1.9793386699534821,True,1,1.4056224899598346,A03_time_decay_mean,1
2025-05-30,1,3858,ユビキタスＡＩ,1.6686812664614465,True,1,1.4999999999999902,A03_time_decay_mean,1
2025-06-02,1,6425,ユニバーサル,2.0023900192254698,True,0,-0.097087378640781097,A03_time_decay_mean,1
2025-06-03,1,6393,油研工,0.78846591536783417,True,1,0.56561085972850478,A03_time_decay_mean,1
2025-06-04,1,2685,アダストリア,1.9691752126729882,True,1,3.0714285714285694,A03_time_decay_mean,1
2025-06-05,1,1436,Ｇ－グリーンエナジー,1.9816217705414114,True,0,-2.0557332115121008,A03_time_decay_mean,1
2025-06-06,1,7134,アップガレージＧ,2.002662718383359,True,1,1.2017167381974225,A03_time_decay_mean,1
2025-06-09,1,7422,東邦レマック,3.5280402127570403,True,0,-0.68807339449541427,A03_time_decay_mean,1
2025-06-10,1,4893,Ｇ－ノイルイミューン,0.76585096481727588,True,0,-2.7624309392265234,A03_time_decay_mean,1
2025-06-11,1,3399,山岡家,2.1094442752968767,True,1,7.1556350626118093,A03_time_decay_mean,1
2025-06-12,1,5132,Ｇ－ｐｌｕｓｚｅｒｏ,1.1325343863409714,True,1,7.0000000000000062,A03_time_decay_mean,1
2025-06-13,1,219A,Ｇ－ハートシード,1.328403249415141,True,1,8.0691642651296913,A03_time_decay_mean,1
2025-06-17,1,3086,Ｊフロント,4.1045482980117978,True,1,0.99304865938429909,A03_time_decay_mean,1
2025-06-18,1,2385,Ｇ－総医研,1.7092399407941914,True,1,1.744186046511631,A03_time_decay_mean,1
2025-06-19,1,7043,Ｇ－アルー,1.2638387516064893,True,0,-0.51813471502590858,A03_time_decay_mean,1
2025-06-20,1,7851,カワセコンピュ,1.051479450305407,True,0,-4.1666666666666625,A03_time_decay_mean,1
2025-06-24,1,6702,富士通,1.2808186063080653,True,1,0.11876484560569001,A03_time_decay_mean,1
2025-06-25,1,4015,Ｇ－ペイクラウドＨＤ,1.4682641232026024,True,1,6.3134160090191571,A03_time_decay_mean,1
2025-06-26,1,4776,ＣＹＢＯＺＵ,1.5327366004923542,True,0,-2.0942408376963373,A03_time_decay_mean,1
2025-06-27,1,3010,ポラリスＨＤ,1.6469069705785047,True,0,-0.94339622641509413,A03_time_decay_mean,1
2025-06-30,1,3134,Ｈａｍｅｅ,1.1978633811022079,True,1,1.0612244897959089,A03_time_decay_mean,1
2025-07-01,1,9444,トーシンＨＤ,1.3221442919613215,True,0,0,A03_time_decay_mean,1
2025-07-02,1,7832,バンダイナムコ,1.3164968955749206,True,0,-3.8685107235919003,A03_time_decay_mean,1
2025-07-07,1,7422,東邦レマック,1.9504613442439258,True,0,-0.51546391752577136,A03_time_decay_mean,1
2025-07-08,1,9984,ソフトバンクグループ,1.5248998009276635,True,1,0.57526366251199335,A03_time_decay_mean,1
2025-07-09,1,3252,地主,1.1924455171178385,True,1,3.937007874015741,A03_time_decay_mean,1
2025-07-10,1,3097,物語コーポ,1.8738737788486268,True,0,-1.834862385321101,A03_time_decay_mean,1
2025-07-11,1,3399,山岡家,2.7012799964052832,True,1,0.17006802721089009,A03_time_decay_mean,1
2025-07-14,1,7512,イオン北海,0.7990062446459405,True,1,1.1350737797956922,A03_time_decay_mean,1
2025-07-15,1,1963,日揮ＨＤ,1.2682837008643597,True,0,-0.51464766429136777,A03_time_decay_mean,1
2025-07-16,1,3086,Ｊフロント,2.9813552568013719,True,1,0.40363269424823489,A03_time_decay_mean,1
2025-07-23,1,6769,ザイン,1.0383819150229323,True,1,1.0238907849829282,A03_time_decay_mean,1
2025-07-24,1,2160,Ｇ－ＧＮＩ,1.7721003793915655,True,0,-4.1471571906354532,A03_time_decay_mean,1
2025-07-25,1,6095,メドピア,1.368439255329903,True,0,-0.56980056980057148,A03_time_decay_mean,1
2025-07-28,1,7203,トヨタ自,1.1835752276260185,True,0,-0.14239943040227354,A03_time_decay_mean,1
2025-07-29,1,2934,Ｇ－Ｊフロンティア,1.300597757963736,True,0,-1.2247397428046591,A03_time_decay_mean,1
2025-07-30,1,5532,Ｇ－リアルゲイト,1.0022645833289989,True,1,5.8636363636363598,A03_time_decay_mean,1
2025-07-31,1,4503,アステラス薬,1.0497111963169292,True,1,0.76603894031279651,A03_time_decay_mean,1
2024-07-01,1,6625,ＪＡＬＣＯ ＨＤ,1.5295199744529837,True,0,-5.7034220532319431,A03_time_decay_mean,2
2024-07-01,2,9832,オートバックス,0.81945243634671106,True,1,0.47801147227533036,A03_time_decay_mean,2
2024-07-02,1,6036,ＫｅｅＰｅｒ技研,1.6154408676424048,True,0,-3.9692701664532648,A03_time_decay_mean,2
2024-07-02,2,4978,Ｇ－リプロセル,1.5890010957444398,True,1,1.449275362318847,A03_time_decay_mean,2
2024-07-03,1,7161,じもとＨＤ,1.8705906516603095,True,0,-4.5945945945945921,A03_time_decay_mean,2
2024-07-03,2,4978,Ｇ－リプロセル,1.2073482274455996,True,1,0.7194244604316502,A03_time_decay_mean,2
2024-07-04,1,3803,Ｇ－イメージ情,1.2232763326025009,True,0,-2.8138528138528129,A03_time_decay_mean,2
2024-07-04,2,7366,ＬＩＴＡＬＩＣＯ,0.75289219002396135,True,0,-0.40959625511994835,A03_time_decay_mean,2
2024-07-05,1,4978,Ｇ－リプロセル,1.1529785873654335,True,1,1.4598540145985384,A03_time_decay_mean,2
2024-07-05,2,6898,トミタ電機,0.9253090918087441,True,0,-0.98879367172050037,A03_time_decay_mean,2
2024-07-08,1,4583,Ｇ－カイオム,1.122609597616558,True,0,0,A03_time_decay_mean,2
2024-07-08,2,8798,アドバンスクリエイト,1.0153996770517255,True,0,-0.74142724745134281,A03_time_decay_mean,2
2024-07-09,1,2654,アスモ,1.0341072216886862,True,0,0,A03_time_decay_mean,2
2024-07-09,2,7554,幸楽苑ＨＤ,0.92385365537249786,True,1,0.07468259895444529,A03_time_decay_mean,2
2024-07-10,1,3666,テクノスジャパン,0.80175426415630824,True,0,-1.5625,A03_time_decay_mean,2
2024-07-10,2,6525,ＫＯＫＵＳＡＩ,0.67237458508068648,True,1,3.4482758620689724,A03_time_decay_mean,2
2024-07-11,1,4951,エステー,1.223510516330619,True,1,0.31766200762388674,A03_time_decay_mean,2
2024-07-11,2,6182,Ｇ－メタリアル,0.86487971122570817,True,0,-0.10526315789474161,A03_time_decay_mean,2
2024-07-12,1,5801,古河電工,1.1386241466999882,True,0,-0.79231692677070864,A03_time_decay_mean,2
2024-07-12,2,6555,ＭＳコンサル,0.82889357137998376,True,0,0,A03_time_decay_mean,2
2024-07-16,1,9265,ヤマシタヘルスケア,1.400645664910293,True,0,-2.9553010712966343,A03_time_decay_mean,2
2024-07-16,2,2934,Ｇ－Ｊフロンティア,1.1027927557650949,True,0,-3.8620689655172402,A03_time_decay_mean,2
2024-07-17,1,3979,Ｇ－うるる,1.5104933279254205,True,0,-0.45248868778280382,A03_time_decay_mean,2
2024-07-17,2,4379,Ｇ－フォトシンス,1.4610193180055291,True,1,3.4912718204488824,A03_time_decay_mean,2
2024-07-18,1,5888,Ｇ－ダイワサイクル,1.8893827647142092,True,1,2.0954998282377124,A03_time_decay_mean,2
2024-07-18,2,3994,マネーフォワード,1.0401209066756687,True,0,-2.1150914634146312,A03_time_decay_mean,2
2024-07-19,1,9235,Ｇ－売れるネット広告,1.0863000779966925,True,0,-0.048995590396860855,A03_time_decay_mean,2
2024-07-19,2,3668,コロプラ,0.6116201895999438,True,0,-0.47318611987381409,A03_time_decay_mean,2
2024-07-22,1,6625,ＪＡＬＣＯ ＨＤ,1.5295199744529833,True,0,-1.3257575757575801,A03_time_decay_mean,2
2024-07-22,2,2998,Ｇ－クリアル,1.2232763326025009,True,0,0,A03_time_decay_mean,2
2024-07-23,1,4439,東名,1.2232763326025009,True,1,7.1017274472168879,A03_time_decay_mean,2
2024-07-23,2,3133,Ｇ－海帆,0.83836750672843996,True,1,1.3745704467353903,A03_time_decay_mean,2
2024-07-24,1,6584,三桜工,2.1234668839548285,True,0,-0.50251256281407253,A03_time_decay_mean,2
2024-07-24,2,4956,コニシ,1.2293243839414842,True,0,-2.1311475409836023,A03_time_decay_mean,2
2024-07-25,1,4684,オービック,0.86686539083153913,True,1,3.0583873957367835,A03_time_decay_mean,2
2024-07-25,2,9418,Ｕ－ＮＥＸＴ,0.70430755114470023,True,1,3.1556039173014083,A03_time_decay_mean,2
2024-07-26,1,4095,日パーカライ,1.1971313145448521,True,0,-0.5695687550854367,A03_time_decay_mean,2
2024-07-26,2,3001,片倉,0.66518043582482322,True,1,1.1840157868771684,A03_time_decay_mean,2
2024-07-29,1,4414,Ｇ－フレクト,1.089669199862469,True,1,2.960526315789469,A03_time_decay_mean,2
2024-07-29,2,8798,アドバンスクリエイト,1.0660146881844765,True,1,0.63636363636363491,A03_time_decay_mean,2
2024-07-30,1,7063,Ｇ－Ｂｉｒｄｍａｎ,0.73770778994042141,True,0,-1.1417697431018059,A03_time_decay_mean,2
2024-07-30,2,2678,アスクル,0.64361637376218872,True,0,-3.5616438356164348,A03_time_decay_mean,2
2024-07-31,1,7326,Ｇ－ＳＢＩインシュ,0.39389271177881929,True,1,1.6472868217054293,A03_time_decay_mean,2
2024-07-31,2,9539,京葉瓦斯,0.33283005315743525,True,1,0.52611800075159643,A03_time_decay_mean,2
2025-04-01,1,5595,Ｇ－ＱＰＳ研究所,1.9694838041678688,True,0,-3.7239868565169809,A03_time_decay_mean,2
2025-04-01,2,3489,フェイスネットワーク,1.2005602825443515,True,1,2.1390374331550888,A03_time_decay_mean,2
2025-04-02,1,4480,メドレー,0.64716341045056425,True,0,-1.2956810631229221,A03_time_decay_mean,2
2025-04-02,2,5943,ノーリツ,0.64716341045056425,True,0,-1.4689265536723117,A03_time_decay_mean,2
2025-04-03,1,5027,Ｇ－ＡｎｙＭｉｎｄ,2.6444900476425826,True,1,0.21551724137931494,A03_time_decay_mean,2
2025-04-03,2,6986,双葉電子,0.84051882316595516,True,1,1.2000000000000011,A03_time_decay_mean,2
2025-04-04,1,3498,霞ヶ関キャピタル,0.54426076337936491,True,0,-3.3509700176366897,A03_time_decay_mean,2
2025-04-04,2,6594,ニデック,0.52811375276525818,True,0,-1.7124831004957208,A03_time_decay_mean,2
2025-04-07,1,3046,ＪＩＮＳＨＤ,1.1689237250475122,True,1,3.3003300330032959,A03_time_decay_mean,2
2025-04-07,2,2997,Ｇ－ストレージ王,0.8008400349129654,True,0,-4.8162230671736417,A03_time_decay_mean,2
2025-04-08,1,7134,アップガレージＧ,1.079799366961963,True,1,4.0236686390532572,A03_time_decay_mean,2
2025-04-08,2,7679,薬王堂ＨＤ,0.96634172167940313,True,1,0.79726651480638289,A03_time_decay_mean,2
2025-04-09,1,7463,アドヴァングループ,0.96274835079491561,True,0,-0.9320905459387463,A03_time_decay_mean,2
2025-04-09,2,9946,ミニストップ,0.72997201689204316,True,0,-0.11926058437686793,A03_time_decay_mean,2
2025-04-10,1,6479,ミネベアミツミ,0.8897433296021513,True,0,-1.3735589894530276,A03_time_decay_mean,2
2025-04-10,2,6957,芝浦電子,0.8897433296021513,True,1,0.42735042735042583,A03_time_decay_mean,2
2025-04-11,1,1419,タマホーム,1.0992469245809628,True,1,4.3417366946778779,A03_time_decay_mean,2
2025-04-11,2,6184,鎌倉新書,0.98575730369399883,True,1,4.4705882352941151,A03_time_decay_mean,2
2025-04-14,1,1419,タマホーム,1.1980656183894873,True,0,-1.192052980132452,A03_time_decay_mean,2
2025-04-14,2,3168,ＭＥＲＦ,0.8461853970262796,True,0,-1.0080645161290369,A03_time_decay_mean,2
2025-04-22,1,6045,Ｇ－レントラックス,1.2633308479532819,True,0,-0.70140280561121759,A03_time_decay_mean,2
2025-04-22,2,6238,フリュー,1.1087567856698388,True,1,0.43103448275862988,A03_time_decay_mean,2
2025-04-23,1,8218,コメリ,0.47796648357760024,True,1,1.6474464579901094,A03_time_decay_mean,2
2025-04-23,2,1720,東急建設,0.41670073050773232,True,1,2.5609756097560998,A03_time_decay_mean,2
2025-04-24,1,7769,リズム,0.94948958050747689,True,0,0,A03_time_decay_mean,2
2025-04-24,2,6196,ストライク,0.88928499502692981,True,0,-0.65517241379310365,A03_time_decay_mean,2
2025-04-25,1,8714,池田泉州,0.88974332960215152,True,0,0,A03_time_decay_mean,2
2025-04-25,2,3080,ジェーソン,0.88797389594530474,True,0,-0.58651026392961825,A03_time_decay_mean,2
2025-04-30,1,3121,マーチャント,1.370606255666647,True,0,-1.016949152542368,A03_time_decay_mean,2
2025-04-30,2,9052,山陽電鉄,0.8534565458442529,True,0,-1.0299166257969561,A03_time_decay_mean,2
2025-05-01,1,4374,Ｇ－ロボペイ,1.6883209981410825,True,0,-0.23866348448687846,A03_time_decay_mean,2
2025-05-01,2,2901,ウェルディッシュ,1.490754913966857,True,0,-1.8237082066869248,A03_time_decay_mean,2
2025-05-08,1,7134,アップガレージＧ,2.1490962148555388,True,1,1.2371134020618513,A03_time_decay_mean,2
2025-05-08,2,7678,あさくま,2.0279787227064729,True,1,0.72463768115942351,A03_time_decay_mean,2
2025-05-09,1,247A,Ｇ－Ａｉロボティクス,1.6450478599667262,True,1,2.0757020757020683,A03_time_decay_mean,2
2025-05-09,2,2735,ワッツ,1.3871145918567689,True,1,3.9492242595204452,A03_time_decay_mean,2
2025-05-12,1,3399,山岡家,2.4617769865623456,True,1,1.810865191146882,A03_time_decay_mean,2
2025-05-12,2,7610,テイツー,1.8784643237318626,True,0,-2.083333333333337,A03_time_decay_mean,2
2025-05-13,1,7732,トプコン,1.4550312899416469,True,1,0.12399256044637319,A03_time_decay_mean,2
2025-05-13,2,8267,イオン,1.3966933488745552,True,0,-1.609935602575896,A03_time_decay_mean,2
2025-05-14,1,5981,東製綱,2.2467972824416718,True,0,-2.8169014084507005,A03_time_decay_mean,2
2025-05-14,2,5949,ユニプレス,1.3516407908647785,True,0,-1.5904572564612307,A03_time_decay_mean,2
2025-05-15,1,5216,倉元,2.4183444776288074,True,0,0,A03_time_decay_mean,2
2025-05-15,2,3010,ポラリスＨＤ,1.6399922929940416,True,1,2.8846153846153744,A03_time_decay_mean,2
2025-05-16,1,7182,ゆうちょ銀行,1.4224341853628337,True,0,-1.4836795252225476,A03_time_decay_mean,2
2025-05-16,2,3175,ＡＰＨＤ,1.4008477142760021,True,1,0.22246941045607205,A03_time_decay_mean,2
2025-05-19,1,5888,Ｇ－ダイワサイクル,1.9158764257304364,True,1,0.95693779904306719,A03_time_decay_mean,2
2025-05-19,2,7739,キヤノン電子,1.0996664288530729,True,1,0.59476605868358234,A03_time_decay_mean,2
2025-05-20,1,5580,Ｇ－プロディライト,1.3304908337563361,True,0,-2.732240437158473,A03_time_decay_mean,2
2025-05-20,2,177A,Ｇ－コージンバイオ,0.63245321744941929,True,0,-0.9445100354191216,A03_time_decay_mean,2
2025-05-21,1,6460,セガサミーＨＤ,1.4443972929048674,True,0,-2.7468706536856735,A03_time_decay_mean,2
2025-05-21,2,3681,ブイキューブ,1.1006914697302683,True,0,-4.7619047619047672,A03_time_decay_mean,2
2025-05-27,1,2751,テンポスＨＤ,1.2831659786133596,True,1,0.29154518950438302,A03_time_decay_mean,2
2025-05-27,2,3997,トレードワークス,0.78488696683027404,True,0,0,A03_time_decay_mean,2
2025-05-28,1,4015,Ｇ－ペイクラウドＨＤ,1.8416506545213438,True,0,-0.38412291933418441,A03_time_decay_mean,2
2025-05-28,2,4538,扶桑薬,1.3042842340357932,True,1,0.60185185185184231,A03_time_decay_mean,2
2025-05-29,1,135A,Ｇ－ＶＲＡＩＮ,1.9793386699534821,True,1,1.4056224899598346,A03_time_decay_mean,2
2025-05-29,2,6460,セガサミーＨＤ,1.4008564859816608,True,0,-0.293040293040292,A03_time_decay_mean,2
2025-05-30,1,3858,ユビキタスＡＩ,1.6686812664614465,True,1,1.4999999999999902,A03_time_decay_mean,2
2025-05-30,2,9028,ゼロ,1.1870804247828382,True,1,2.0602218700475516,A03_time_decay_mean,2
2025-06-02,1,6425,ユニバーサル,2.0023900192254698,True,0,-0.097087378640781097,A03_time_decay_mean,2
2025-06-02,2,8119,三栄コーポ,1.3150803709531633,True,1,0.36452004860267895,A03_time_decay_mean,2
2025-06-03,1,6393,油研工,0.78846591536783417,True,1,0.56561085972850478,A03_time_decay_mean,2
2025-06-03,2,7683,ダブルエー,0.70365120074170118,True,0,-1.172161172161168,A03_time_decay_mean,2
2025-06-04,1,2685,アダストリア,1.9691752126729882,True,1,3.0714285714285694,A03_time_decay_mean,2
2025-06-04,2,7606,Ｕアローズ,1.6994933558562901,True,1,3.1428571428571361,A03_time_decay_mean,2
2025-06-05,1,1436,Ｇ－グリーンエナジー,1.9816217705414114,True,0,-2.0557332115121008,A03_time_decay_mean,2
2025-06-05,2,7445,ライトオン,1.4045052347392208,True,0,-3.9603960396039639,A03_time_decay_mean,2
2025-06-06,1,7134,アップガレージＧ,2.002662718383359,True,1,1.2017167381974225,A03_time_decay_mean,2
2025-06-06,2,3046,ＪＩＮＳＨＤ,1.4695154515334443,True,0,-4.2744656917885315,A03_time_decay_mean,2
2025-06-09,1,7422,東邦レマック,3.5280402127570403,True,0,-0.68807339449541427,A03_time_decay_mean,2
2025-06-09,2,7686,カクヤスグループ,2.0186750305101362,True,1,0.39215686274509665,A03_time_decay_mean,2
2025-06-10,1,4893,Ｇ－ノイルイミューン,0.76585096481727588,True,0,-2.7624309392265234,A03_time_decay_mean,2
2025-06-10,2,3160,大光,0.73421248010091,True,1,0.36101083032491488,A03_time_decay_mean,2
2025-06-11,1,3399,山岡家,2.1094442752968767,True,1,7.1556350626118093,A03_time_decay_mean,2
2025-06-11,2,3542,Ｇ－ＶＥＧＡ,1.7178428365308565,True,1,0.35739814152966343,A03_time_decay_mean,2
2025-06-12,1,5132,Ｇ－ｐｌｕｓｚｅｒｏ,1.1325343863409714,True,1,7.0000000000000062,A03_time_decay_mean,2
2025-06-12,2,2375,ギグワークス,0.91157108113339291,True,0,-1.7391304347826098,A03_time_decay_mean,2
2025-06-13,1,219A,Ｇ－ハートシード,1.328403249415141,True,1,8.0691642651296913,A03_time_decay_mean,2
2025-06-13,2,7823,アートネイチャー,1.2288937200049836,True,1,0.14005602240896309,A03_time_decay_mean,2
2025-06-17,1,3086,Ｊフロント,4.1045482980117978,True,1,0.99304865938429909,A03_time_decay_mean,2
2025-06-17,2,3172,ティーライフ,1.6949570131036007,True,0,0,A03_time_decay_mean,2
2025-06-18,1,2385,Ｇ－総医研,1.7092399407941914,True,1,1.744186046511631,A03_time_decay_mean,2
2025-06-18,2,7740,タムロン,1.1654681116058727,True,1,1.3196480938416411,A03_time_decay_mean,2
2025-06-19,1,7043,Ｇ－アルー,1.2638387516064893,True,0,-0.51813471502590858,A03_time_decay_mean,2
2025-06-19,2,4766,ピーエイ,0.71418974601339347,True,0,-0.70175438596491446,A03_time_decay_mean,2
2025-06-20,1,7851,カワセコンピュ,1.051479450305407,True,0,-4.1666666666666625,A03_time_decay_mean,2
2025-06-20,2,4404,ミヨシ油脂,0.97705114801234316,True,1,0.12224938875304847,A03_time_decay_mean,2
2025-06-24,1,6702,富士通,1.2808186063080653,True,1,0.11876484560569001,A03_time_decay_mean,2
2025-06-24,2,9625,セレスポ,0.97739176585718768,True,1,0.27777777777777679,A03_time_decay_mean,2
2025-06-25,1,4015,Ｇ－ペイクラウドＨＤ,1.4682641232026024,True,1,6.3134160090191571,A03_time_decay_mean,2
2025-06-25,2,4169,Ｇ－エネチェンジ,1.1530542193836151,True,0,-6.8656716417910495,A03_time_decay_mean,2
2025-06-26,1,4776,ＣＹＢＯＺＵ,1.5327366004923542,True,0,-2.0942408376963373,A03_time_decay_mean,2
2025-06-26,2,4053,サンアスタリスク,0.95827115394548779,True,1,2.200000000000002,A03_time_decay_mean,2
2025-06-27,1,3010,ポラリスＨＤ,1.6469069705785047,True,0,-0.94339622641509413,A03_time_decay_mean,2
2025-06-27,2,2778,パレモ・ＨＤ,1.5678596070806077,True,0,-1.9108280254777066,A03_time_decay_mean,2
2025-06-30,1,3134,Ｈａｍｅｅ,1.1978633811022079,True,1,1.0612244897959089,A03_time_decay_mean,2
2025-06-30,2,5009,富士興産,0.97025331851378505,True,0,-0.16652789342215257,A03_time_decay_mean,2
2025-07-01,1,9444,トーシンＨＤ,1.3221442919613215,True,0,0,A03_time_decay_mean,2
2025-07-01,2,6090,ＨＭＴ,1.0355579125282945,True,1,1.8229166666666741,A03_time_decay_mean,2
2025-07-02,1,7832,バンダイナムコ,1.3164968955749206,True,0,-3.8685107235919003,A03_time_decay_mean,2
2025-07-02,2,1435,ｒｏｂｏｔ ｈｏｍｅ,1.1241081494772167,True,0,-2.0000000000000018,A03_time_decay_mean,2
2025-07-07,1,7422,東邦レマック,1.9504613442439258,True,0,-0.51546391752577136,A03_time_decay_mean,2
2025-07-07,2,9248,人・夢・技術Ｇ,0.83618890365159859,True,0,-1.2099213551119203,A03_time_decay_mean,2
2025-07-08,1,9984,ソフトバンクグループ,1.5248998009276635,True,1,0.57526366251199335,A03_time_decay_mean,2
2025-07-08,2,2735,ワッツ,1.3549018154833432,True,1,0.28129395218001729,A03_time_decay_mean,2
2025-07-09,1,3252,地主,1.1924455171178385,True,1,3.937007874015741,A03_time_decay_mean,2
2025-07-09,2,4055,Ｇ－ティアンドエスＧ,0.61745979124211137,True,1,5.1993067590987874,A03_time_decay_mean,2
2025-07-10,1,3097,物語コーポ,1.8738737788486268,True,0,-1.834862385321101,A03_time_decay_mean,2
2025-07-10,2,8237,松屋,1.5969203926583386,True,0,-2.0289855072463725,A03_time_decay_mean,2
2025-07-11,1,3399,山岡家,2.7012799964052832,True,1,0.17006802721089009,A03_time_decay_mean,2
2025-07-11,2,141A,Ｇ－トライアル,1.3304468768617768,True,0,-0.41888804265042268,A03_time_decay_mean,2
2025-07-14,1,7512,イオン北海,0.7990062446459405,True,1,1.1350737797956922,A03_time_decay_mean,2
2025-07-14,2,7501,ティムコ,0.73290101413778797,True,1,0.75107296137340018,A03_time_decay_mean,2
2025-07-15,1,1963,日揮ＨＤ,1.2682837008643597,True,0,-0.51464766429136777,A03_time_decay_mean,2
2025-07-15,2,5888,Ｇ－ダイワサイクル,1.0068699424186631,True,0,-1.3106159895150737,A03_time_decay_mean,2
2025-07-16,1,3086,Ｊフロント,2.9813552568013719,True,1,0.40363269424823489,A03_time_decay_mean,2
2025-07-16,2,4343,イオンファン,1.6307456416374957,True,0,-0.32414910858995505,A03_time_decay_mean,2
2025-07-23,1,6769,ザイン,1.0383819150229323,True,1,1.0238907849829282,A03_time_decay_mean,2
2025-07-23,2,9418,Ｕ－ＮＥＸＴ,0.90160524061300362,True,0,-0.62771607918880035,A03_time_decay_mean,2
2025-07-24,1,2160,Ｇ－ＧＮＩ,1.7721003793915655,True,0,-4.1471571906354532,A03_time_decay_mean,2
2025-07-24,2,3681,ブイキューブ,1.4354903040874791,True,0,-0.61349693251533388,A03_time_decay_mean,2
2025-07-25,1,6095,メドピア,1.368439255329903,True,0,-0.56980056980057148,A03_time_decay_mean,2
2025-07-25,2,9564,ＦＣＥ,1.1031426574662946,True,1,0.49079754601226711,A03_time_decay_mean,2
2025-07-28,1,7203,トヨタ自,1.1835752276260185,True,0,-0.14239943040227354,A03_time_decay_mean,2
2025-07-28,2,9436,沖縄セルラー,0.97818212597210441,True,0,-6.0576923076923084,A03_time_decay_mean,2
2025-07-29,1,2934,Ｇ－Ｊフロンティア,1.300597757963736,True,0,-1.2247397428046591,A03_time_decay_mean,2
2025-07-29,2,9206,ＳＦＪ,0.94225609632673601,True,1,0.36036036036035668,A03_time_decay_mean,2
2025-07-30,1,5532,Ｇ－リアルゲイト,1.0022645833289989,True,1,5.8636363636363598,A03_time_decay_mean,2
2025-07-30,2,7191,イントラスト,0.95374411878209553,True,0,-1.3541666666666674,A03_time_decay_mean,2
2025-07-31,1,4503,アステラス薬,1.0497111963169292,True,1,0.76603894031279651,A03_time_decay_mean,2
2025-07-31,2,6425,ユニバーサル,1.0302047100417633,True,1,2.9471544715447218,A03_time_decay_mean,2
2024-07-01,1,9832,オートバックス,0.9008829198670909,True,1,0.47801147227533036,A04_cross_code_one_per_issuer,1
2024-07-02,1,6279,瑞光,1.4727840667285808,True,0,-2.8028933092224206,A04_cross_code_one_per_issuer,1
2024-07-03,1,8070,東京産,1.2646419683238463,True,0,0,A04_cross_code_one_per_issuer,1
2024-07-04,1,3803,Ｇ－イメージ情,1.1642281428899253,True,0,-2.8138528138528129,A04_cross_code_one_per_issuer,1
2024-07-05,1,6898,トミタ電機,0.82526087298174966,True,0,-0.98879367172050037,A04_cross_code_one_per_issuer,1
2024-07-08,1,5892,Ｇ－ｙｕｔｏｒｉ,1.4202838580345722,True,0,-6.9296375266524546,A04_cross_code_one_per_issuer,1
2024-07-09,1,2654,アスモ,0.92301429369708676,True,0,0,A04_cross_code_one_per_issuer,1
2024-07-10,1,6525,ＫＯＫＵＳＡＩ,0.70521250133149394,True,1,3.4482758620689724,A04_cross_code_one_per_issuer,1
2024-07-11,1,4951,エステー,1.1681231633082392,True,1,0.31766200762388674,A04_cross_code_one_per_issuer,1
2024-07-12,1,5801,古河電工,1.1493854920807836,True,0,-0.79231692677070864,A04_cross_code_one_per_issuer,1
2024-07-16,1,9265,ヤマシタヘルスケア,1.3995312519997629,True,0,-2.9553010712966343,A04_cross_code_one_per_issuer,1
2024-07-17,1,4379,Ｇ－フォトシンス,1.4324154859135318,True,1,3.4912718204488824,A04_cross_code_one_per_issuer,1
2024-07-18,1,5888,Ｇ－ダイワサイクル,1.7891670154592432,True,1,2.0954998282377124,A04_cross_code_one_per_issuer,1
2024-07-19,1,9235,Ｇ－売れるネット広告,1.0714718797864735,True,0,-0.048995590396860855,A04_cross_code_one_per_issuer,1
2024-07-22,1,2998,Ｇ－クリアル,1.1642281428899253,True,0,0,A04_cross_code_one_per_issuer,1
2024-07-23,1,4439,東名,1.1642281428899253,True,1,7.1017274472168879,A04_cross_code_one_per_issuer,1
2024-07-24,1,6584,三桜工,2.1259445099296848,True,0,-0.50251256281407253,A04_cross_code_one_per_issuer,1
2024-07-25,1,4684,オービック,0.78066864494697707,True,1,3.0583873957367835,A04_cross_code_one_per_issuer,1
2024-07-26,1,4095,日パーカライ,1.085111891774768,True,0,-0.5695687550854367,A04_cross_code_one_per_issuer,1
2024-07-29,1,4414,Ｇ－フレクト,1.1373682732510122,True,1,2.960526315789469,A04_cross_code_one_per_issuer,1
2024-07-30,1,2678,アスクル,0.94429709275056539,True,0,-3.5616438356164348,A04_cross_code_one_per_issuer,1
2024-07-31,1,7326,Ｇ－ＳＢＩインシュ,0.44981447394803126,True,1,1.6472868217054293,A04_cross_code_one_per_issuer,1
2025-04-01,1,7122,近畿車輌,1.3864978687745049,True,0,-3.2131147540983562,A04_cross_code_one_per_issuer,1
2025-04-02,1,8252,丸井Ｇ,0.81438832655717175,True,1,0.39607695209356031,A04_cross_code_one_per_issuer,1
2025-04-03,1,4374,Ｇ－ロボペイ,0.51601253563988159,True,1,1.8238665971860302,A04_cross_code_one_per_issuer,1
2025-04-04,1,3498,霞ヶ関キャピタル,0.50026551024093202,True,0,-3.3509700176366897,A04_cross_code_one_per_issuer,1
2025-04-07,1,3046,ＪＩＮＳＨＤ,1.6515227559796659,True,1,3.3003300330032959,A04_cross_code_one_per_issuer,1
2025-04-08,1,7679,薬王堂ＨＤ,0.66016803208701802,True,1,0.79726651480638289,A04_cross_code_one_per_issuer,1
2025-04-09,1,7463,アドヴァングループ,0.95507324205024868,True,0,-0.9320905459387463,A04_cross_code_one_per_issuer,1
2025-04-10,1,6479,ミネベアミツミ,0.91119245896011147,True,0,-1.3735589894530276,A04_cross_code_one_per_issuer,1
2025-04-11,1,2999,ホームポジション,1.042197878907827,True,0,0,A04_cross_code_one_per_issuer,1
2025-04-14,1,1419,タマホーム,1.1655871704742424,True,0,-1.192052980132452,A04_cross_code_one_per_issuer,1
2025-04-22,1,6238,フリュー,1.4689668594449428,True,1,0.43103448275862988,A04_cross_code_one_per_issuer,1
2025-04-23,1,8218,コメリ,0.45536027840024451,True,1,1.6474464579901094,A04_cross_code_one_per_issuer,1
2025-04-24,1,7769,リズム,1.0408665284245129,True,0,0,A04_cross_code_one_per_issuer,1
2025-04-25,1,3080,ジェーソン,1.1438920761158675,True,0,-0.58651026392961825,A04_cross_code_one_per_issuer,1
2025-04-30,1,3121,マーチャント,1.3635914624712941,True,0,-1.016949152542368,A04_cross_code_one_per_issuer,1
2025-05-01,1,4374,Ｇ－ロボペイ,1.3605611296410358,True,0,-0.23866348448687846,A04_cross_code_one_per_issuer,1
2025-05-08,1,7678,あさくま,1.3542594691523111,True,1,0.72463768115942351,A04_cross_code_one_per_issuer,1
2025-05-09,1,7554,幸楽苑,1.0844144546884689,True,0,-1.1428571428571455,A04_cross_code_one_per_issuer,1
2025-05-12,1,6316,丸山製,1.3810110440696308,True,0,0,A04_cross_code_one_per_issuer,1
2025-05-13,1,6050,Ｅガーディアン,0.94888473281377061,True,0,-7.0454545454545432,A04_cross_code_one_per_issuer,1
2025-05-14,1,5981,東製綱,1.5294395606861948,True,0,-2.8169014084507005,A04_cross_code_one_per_issuer,1
2025-05-15,1,3288,オープンハウスＧ,1.2465454559001836,True,0,-0.098199672667753646,A04_cross_code_one_per_issuer,1
2025-05-16,1,7182,ゆうちょ銀行,1.2791808124208923,True,0,-1.4836795252225476,A04_cross_code_one_per_issuer,1
2025-05-19,1,9444,トーシンＨＤ,1.2449900470352637,True,1,0.65681444991789739,A04_cross_code_one_per_issuer,1
2025-05-20,1,177A,Ｇ－コージンバイオ,0.64449516385939987,True,0,-0.9445100354191216,A04_cross_code_one_per_issuer,1
2025-05-21,1,7585,かんなん,0.76856470585425818,True,0,-6.802721088435371,A04_cross_code_one_per_issuer,1
2025-05-27,1,7181,かんぽ生命保険,0.85084824462866759,True,0,-0.45248868778280382,A04_cross_code_one_per_issuer,1
2025-05-28,1,7718,スター精密,0.92475665808250573,True,1,1.1911852293031489,A04_cross_code_one_per_issuer,1
2025-05-29,1,135A,Ｇ－ＶＲＡＩＮ,2.9021696947555808,True,1,1.4056224899598346,A04_cross_code_one_per_issuer,1
2025-05-30,1,3858,ユビキタスＡＩ,1.5206332611348352,True,1,1.4999999999999902,A04_cross_code_one_per_issuer,1
2025-06-02,1,7769,リズム,0.99260950961193906,True,1,0.26954177897573484,A04_cross_code_one_per_issuer,1
2025-06-03,1,7683,ダブルエー,1.0079183566820094,True,0,-1.172161172161168,A04_cross_code_one_per_issuer,1
2025-06-04,1,3415,トウキョウベース,1.0952765881538551,True,1,10.451977401129952,A04_cross_code_one_per_issuer,1
2025-06-05,1,3612,ワールド,2.1894908271594313,True,0,-0.15841584158415856,A04_cross_code_one_per_issuer,1
2025-06-06,1,3046,ＪＩＮＳＨＤ,1.5169608761615105,True,0,-4.2744656917885315,A04_cross_code_one_per_issuer,1
2025-06-09,1,7678,あさくま,1.4051639838835812,True,0,-0.23364485981308691,A04_cross_code_one_per_issuer,1
2025-06-10,1,9759,ＮＳＤ,1.1293710699195669,True,0,-0.28490028490028019,A04_cross_code_one_per_issuer,1
2025-06-11,1,4228,積水化成,1.2748658338481382,True,0,-0.92024539877300082,A04_cross_code_one_per_issuer,1
2025-06-12,1,5132,Ｇ－ｐｌｕｓｚｅｒｏ,1.1760058395280806,True,1,7.0000000000000062,A04_cross_code_one_per_issuer,1
2025-06-13,1,219A,Ｇ－ハートシード,1.3798571051230983,True,1,8.0691642651296913,A04_cross_code_one_per_issuer,1
2025-06-17,1,4430,東海ソフト,1.2164451724201215,True,0,-0.83816892327530645,A04_cross_code_one_per_issuer,1
2025-06-18,1,2385,Ｇ－総医研,0.62747247186507848,True,1,1.744186046511631,A04_cross_code_one_per_issuer,1
2025-06-19,1,6238,フリュー,1.0498171486775754,True,1,0.40322580645162365,A04_cross_code_one_per_issuer,1
2025-06-20,1,7851,カワセコンピュ,1.3348177593577246,True,0,-4.1666666666666625,A04_cross_code_one_per_issuer,1
2025-06-24,1,6702,富士通,1.1392331088524916,True,1,0.11876484560569001,A04_cross_code_one_per_issuer,1
2025-06-25,1,9201,ＪＡＬ,1.7751875707303288,True,1,0.43630017452007674,A04_cross_code_one_per_issuer,1
2025-06-26,1,4776,ＣＹＢＯＺＵ,1.3849778106879391,True,0,-2.0942408376963373,A04_cross_code_one_per_issuer,1
2025-06-27,1,3010,ポラリスＨＤ,1.0929144915036517,True,0,-0.94339622641509413,A04_cross_code_one_per_issuer,1
2025-06-30,1,5994,ファインシンター,1.0543540659554789,True,0,-0.72289156626506035,A04_cross_code_one_per_issuer,1
2025-07-01,1,2678,アスクル,1.1540556504855386,True,1,1.7589576547231367,A04_cross_code_one_per_issuer,1
2025-07-02,1,8237,松屋,1.4379999143180764,True,1,1.0912698412698374,A04_cross_code_one_per_issuer,1
2025-07-07,1,3197,すかいらーくＨＤ,0.78528046190011092,True,1,0.099140779907469501,A04_cross_code_one_per_issuer,1
2025-07-08,1,3193,エターナルホスピＧ,1.8042054738989195,True,0,-2.0472440944881876,A04_cross_code_one_per_issuer,1
2025-07-09,1,6584,三桜工,0.88687414638766093,True,1,1.4263074484944571,A04_cross_code_one_per_issuer,1
2025-07-10,1,8237,松屋,1.2940072538817542,True,0,-2.0289855072463725,A04_cross_code_one_per_issuer,1
2025-07-11,1,3560,ほぼ日,1.0196998805535558,True,0,0,A04_cross_code_one_per_issuer,1
2025-07-14,1,2437,シンワワイズ,0.854550518432308,True,0,-2.4054982817869441,A04_cross_code_one_per_issuer,1
2025-07-15,1,3979,Ｇ－うるる,1.2248528369400915,True,1,0.25477707006369421,A04_cross_code_one_per_issuer,1
2025-07-16,1,4343,イオンファン,1.1289221867540924,True,0,-0.32414910858995505,A04_cross_code_one_per_issuer,1
2025-07-23,1,3796,いい生活,0.79265765345129979,True,1,0.39603960396039639,A04_cross_code_one_per_issuer,1
2025-07-24,1,3943,大石産業,1.3887424737563525,True,1,0.57899090157154109,A04_cross_code_one_per_issuer,1
2025-07-25,1,4936,アクシージア,1.0299150785752091,True,0,-0.8113590263691739,A04_cross_code_one_per_issuer,1
2025-07-28,1,3010,ポラリスＨＤ,1.2287372993204464,True,0,-1.3452914798206317,A04_cross_code_one_per_issuer,1
2025-07-29,1,2934,Ｇ－Ｊフロンティア,0.99297233171536292,True,0,-1.2247397428046591,A04_cross_code_one_per_issuer,1
2025-07-30,1,4498,Ｇ－サイバートラスト,0.92328810419512497,True,0,-0.95890410958904271,A04_cross_code_one_per_issuer,1
2025-07-31,1,2678,アスクル,1.0194253164396241,True,1,1.53949129852744,A04_cross_code_one_per_issuer,1
2024-07-01,1,9832,オートバックス,0.9008829198670909,True,1,0.47801147227533036,A04_cross_code_one_per_issuer,2
2024-07-01,2,2678,アスクル,0.86612882831230509,True,0,-3.0044843049327308,A04_cross_code_one_per_issuer,2
2024-07-02,1,6279,瑞光,1.4727840667285808,True,0,-2.8028933092224206,A04_cross_code_one_per_issuer,2
2024-07-02,2,3810,サイバーＳ,1.3599152436824811,True,0,0,A04_cross_code_one_per_issuer,2
2024-07-03,1,8070,東京産,1.2646419683238463,True,0,0,A04_cross_code_one_per_issuer,2
2024-07-03,2,4151,協和キリン,0.78313501628809568,True,0,-0.39632498648891623,A04_cross_code_one_per_issuer,2
2024-07-04,1,3803,Ｇ－イメージ情,1.1642281428899253,True,0,-2.8138528138528129,A04_cross_code_one_per_issuer,2
2024-07-04,2,4985,アース製薬,0.84811721259842521,True,1,0.82730093071354815,A04_cross_code_one_per_issuer,2
2024-07-05,1,6898,トミタ電機,0.82526087298174966,True,0,-0.98879367172050037,A04_cross_code_one_per_issuer,2
2024-07-05,2,2437,シンワワイズ,0.70554624354618944,True,0,0,A04_cross_code_one_per_issuer,2
2024-07-08,1,5892,Ｇ－ｙｕｔｏｒｉ,1.4202838580345722,True,0,-6.9296375266524546,A04_cross_code_one_per_issuer,2
2024-07-08,2,8732,マネパＧ,1.3508082430453765,True,0,-0.40000000000000036,A04_cross_code_one_per_issuer,2
2024-07-09,1,2654,アスモ,0.92301429369708676,True,0,0,A04_cross_code_one_per_issuer,2
2024-07-09,2,9337,Ｇ－トリドリ,0.9118304398158803,True,0,-2.2752497225305257,A04_cross_code_one_per_issuer,2
2024-07-10,1,6525,ＫＯＫＵＳＡＩ,0.70521250133149394,True,1,3.4482758620689724,A04_cross_code_one_per_issuer,2
2024-07-10,2,7435,ナ・デックス,0.64587153435162226,True,0,-0.37488284910964786,A04_cross_code_one_per_issuer,2
2024-07-11,1,4951,エステー,1.1681231633082392,True,1,0.31766200762388674,A04_cross_code_one_per_issuer,2
2024-07-11,2,6182,Ｇ－メタリアル,1.0002614892898425,True,0,-0.10526315789474161,A04_cross_code_one_per_issuer,2
2024-07-12,1,5801,古河電工,1.1493854920807836,True,0,-0.79231692677070864,A04_cross_code_one_per_issuer,2
2024-07-12,2,7823,アートネイチャー,1.0847955935011098,True,0,0,A04_cross_code_one_per_issuer,2
2024-07-16,1,9265,ヤマシタヘルスケア,1.3995312519997629,True,0,-2.9553010712966343,A04_cross_code_one_per_issuer,2
2024-07-16,2,2934,Ｇ－Ｊフロンティア,0.93556192377174563,True,0,-3.8620689655172402,A04_cross_code_one_per_issuer,2
2024-07-17,1,4379,Ｇ－フォトシンス,1.4324154859135318,True,1,3.4912718204488824,A04_cross_code_one_per_issuer,2
2024-07-17,2,7062,Ｇ－フレアス,0.74273347731863082,True,1,0.067159167226327199,A04_cross_code_one_per_issuer,2
2024-07-18,1,5888,Ｇ－ダイワサイクル,1.7891670154592432,True,1,2.0954998282377124,A04_cross_code_one_per_issuer,2
2024-07-18,2,3994,マネーフォワード,0.95612476745865194,True,0,-2.1150914634146312,A04_cross_code_one_per_issuer,2
2024-07-19,1,9235,Ｇ－売れるネット広告,1.0714718797864735,True,0,-0.048995590396860855,A04_cross_code_one_per_issuer,2
2024-07-19,2,3904,Ｇ－カヤック,0.51294572756123125,True,0,-0.29761904761904656,A04_cross_code_one_per_issuer,2
2024-07-22,1,2998,Ｇ－クリアル,1.1642281428899253,True,0,0,A04_cross_code_one_per_issuer,2
2024-07-22,2,5871,ＳＯＬＩＺＥ,1.1042133208125262,True,0,-3.4526854219948833,A04_cross_code_one_per_issuer,2
2024-07-23,1,4439,東名,1.1642281428899253,True,1,7.1017274472168879,A04_cross_code_one_per_issuer,2
2024-07-23,2,3133,Ｇ－海帆,0.89232506282814206,True,1,1.3745704467353903,A04_cross_code_one_per_issuer,2
2024-07-24,1,6584,三桜工,2.1259445099296848,True,0,-0.50251256281407253,A04_cross_code_one_per_issuer,2
2024-07-24,2,2001,ニップン,1.1428771872984977,True,0,-1.5021459227467782,A04_cross_code_one_per_issuer,2
2024-07-25,1,4684,オービック,0.78066864494697707,True,1,3.0583873957367835,A04_cross_code_one_per_issuer,2
2024-07-25,2,9418,Ｕ－ＮＥＸＴ,0.73725399580614437,True,1,3.1556039173014083,A04_cross_code_one_per_issuer,2
2024-07-26,1,4095,日パーカライ,1.085111891774768,True,0,-0.5695687550854367,A04_cross_code_one_per_issuer,2
2024-07-26,2,3001,片倉,0.68092090761791679,True,1,1.1840157868771684,A04_cross_code_one_per_issuer,2
2024-07-29,1,4414,Ｇ－フレクト,1.1373682732510122,True,1,2.960526315789469,A04_cross_code_one_per_issuer,2
2024-07-29,2,5341,ＡＳＡＨＩ ＥＩＴＯ,0.77098215474413812,True,1,0.24875621890547706,A04_cross_code_one_per_issuer,2
2024-07-30,1,2678,アスクル,0.94429709275056539,True,0,-3.5616438356164348,A04_cross_code_one_per_issuer,2
2024-07-30,2,7063,Ｇ－Ｂｉｒｄｍａｎ,0.61562453716294974,True,0,-1.1417697431018059,A04_cross_code_one_per_issuer,2
2024-07-31,1,7326,Ｇ－ＳＢＩインシュ,0.44981447394803126,True,1,1.6472868217054293,A04_cross_code_one_per_issuer,2
2024-07-31,2,6312,フロイント,0.39571410552019698,True,1,1.098901098901095,A04_cross_code_one_per_issuer,2
2025-04-01,1,7122,近畿車輌,1.3864978687745049,True,0,-3.2131147540983562,A04_cross_code_one_per_issuer,2
2025-04-01,2,3489,フェイスネットワーク,1.3265448064254413,True,1,2.1390374331550888,A04_cross_code_one_per_issuer,2
2025-04-02,1,8252,丸井Ｇ,0.81438832655717175,True,1,0.39607695209356031,A04_cross_code_one_per_issuer,2
2025-04-02,2,8798,アドバンスクリエイト,0.80420501021121293,True,0,-10.87719298245614,A04_cross_code_one_per_issuer,2
2025-04-03,1,4374,Ｇ－ロボペイ,0.51601253563988159,True,1,1.8238665971860302,A04_cross_code_one_per_issuer,2
2025-04-03,2,8793,ＮＥＣキャピ,0.46101149903133842,True,1,0.13477088948787852,A04_cross_code_one_per_issuer,2
2025-04-04,1,3498,霞ヶ関キャピタル,0.50026551024093202,True,0,-3.3509700176366897,A04_cross_code_one_per_issuer,2
2025-04-04,2,4612,日ペイントＨＤ,0.4339481688625601,True,0,-2.1535580524344566,A04_cross_code_one_per_issuer,2
2025-04-07,1,3046,ＪＩＮＳＨＤ,1.6515227559796659,True,1,3.3003300330032959,A04_cross_code_one_per_issuer,2
2025-04-07,2,9278,ブックオフＧＨＤ,0.49532734000774614,True,0,-0.37341299477221535,A04_cross_code_one_per_issuer,2
2025-04-08,1,7679,薬王堂ＨＤ,0.66016803208701802,True,1,0.79726651480638289,A04_cross_code_one_per_issuer,2
2025-04-08,2,9625,セレスポ,0.58242065597084958,True,1,1.1022044088176308,A04_cross_code_one_per_issuer,2
2025-04-09,1,7463,アドヴァングループ,0.95507324205024868,True,0,-0.9320905459387463,A04_cross_code_one_per_issuer,2
2025-04-09,2,9946,ミニストップ,0.68608899001355117,True,0,-0.11926058437686793,A04_cross_code_one_per_issuer,2
2025-04-10,1,6479,ミネベアミツミ,0.91119245896011147,True,0,-1.3735589894530276,A04_cross_code_one_per_issuer,2
2025-04-10,2,6957,芝浦電子,0.91119245896011147,True,1,0.42735042735042583,A04_cross_code_one_per_issuer,2
2025-04-11,1,2999,ホームポジション,1.042197878907827,True,0,0,A04_cross_code_one_per_issuer,2
2025-04-11,2,6184,鎌倉新書,0.99117400458192184,True,1,4.4705882352941151,A04_cross_code_one_per_issuer,2
2025-04-14,1,1419,タマホーム,1.1655871704742424,True,0,-1.192052980132452,A04_cross_code_one_per_issuer,2
2025-04-14,2,6312,フロイント,1.0040774371617782,True,1,2.2503516174402272,A04_cross_code_one_per_issuer,2
2025-04-22,1,6238,フリュー,1.4689668594449428,True,1,0.43103448275862988,A04_cross_code_one_per_issuer,2
2025-04-22,2,6952,カシオ計,0.91119245896011147,True,0,-0.58903488898958134,A04_cross_code_one_per_issuer,2
2025-04-23,1,8218,コメリ,0.45536027840024451,True,1,1.6474464579901094,A04_cross_code_one_per_issuer,2
2025-04-23,2,1720,東急建設,0.4339481688625601,True,1,2.5609756097560998,A04_cross_code_one_per_issuer,2
2025-04-24,1,7769,リズム,1.0408665284245129,True,0,0,A04_cross_code_one_per_issuer,2
2025-04-24,2,6196,ストライク,0.99248068537578682,True,0,-0.65517241379310365,A04_cross_code_one_per_issuer,2
2025-04-25,1,3080,ジェーソン,1.1438920761158675,True,0,-0.58651026392961825,A04_cross_code_one_per_issuer,2
2025-04-25,2,8714,池田泉州,0.91119245896011147,True,0,0,A04_cross_code_one_per_issuer,2
2025-04-30,1,3121,マーチャント,1.3635914624712941,True,0,-1.016949152542368,A04_cross_code_one_per_issuer,2
2025-04-30,2,9052,山陽電鉄,0.95420456810919474,True,0,-1.0299166257969561,A04_cross_code_one_per_issuer,2
2025-05-01,1,4374,Ｇ－ロボペイ,1.3605611296410358,True,0,-0.23866348448687846,A04_cross_code_one_per_issuer,2
2025-05-01,2,9110,ユナイテド海,1.2759214890024368,True,0,-1.9815059445178362,A04_cross_code_one_per_issuer,2
2025-05-08,1,7678,あさくま,1.3542594691523111,True,1,0.72463768115942351,A04_cross_code_one_per_issuer,2
2025-05-08,2,3046,ＪＩＮＳＨＤ,1.299590569356649,True,1,0.11037527593817931,A04_cross_code_one_per_issuer,2
2025-05-09,1,7554,幸楽苑,1.0844144546884689,True,0,-1.1428571428571455,A04_cross_code_one_per_issuer,2
2025-05-09,2,247A,Ｇ－Ａｉロボティクス,1.0318739850072915,True,1,2.0757020757020683,A04_cross_code_one_per_issuer,2
2025-05-12,1,6316,丸山製,1.3810110440696308,True,0,0,A04_cross_code_one_per_issuer,2
2025-05-12,2,3399,山岡家,1.3273663584914264,True,1,1.810865191146882,A04_cross_code_one_per_issuer,2
2025-05-13,1,6050,Ｅガーディアン,0.94888473281377061,True,0,-7.0454545454545432,A04_cross_code_one_per_issuer,2
2025-05-13,2,3976,Ｇ－シャノン,0.93380207604670817,True,0,-3.0303030303030276,A04_cross_code_one_per_issuer,2
2025-05-14,1,5981,東製綱,1.5294395606861948,True,0,-2.8169014084507005,A04_cross_code_one_per_issuer,2
2025-05-14,2,1743,コーアツ工業,1.1013834356452439,True,0,-2.0365168539325795,A04_cross_code_one_per_issuer,2
2025-05-15,1,3288,オープンハウスＧ,1.2465454559001836,True,0,-0.098199672667753646,A04_cross_code_one_per_issuer,2
2025-05-15,2,7266,今仙電機,1.1935749601091741,True,0,0,A04_cross_code_one_per_issuer,2
2025-05-16,1,7182,ゆうちょ銀行,1.2791808124208923,True,0,-1.4836795252225476,A04_cross_code_one_per_issuer,2
2025-05-16,2,3747,インタートレード,1.2537412375933865,True,1,6.1007957559681802,A04_cross_code_one_per_issuer,2
2025-05-19,1,9444,トーシンＨＤ,1.2449900470352637,True,1,0.65681444991789739,A04_cross_code_one_per_issuer,2
2025-05-19,2,7177,ＧＭＯＦＨＤ,0.97426067959399965,True,0,-0.64267352185090054,A04_cross_code_one_per_issuer,2
2025-05-20,1,177A,Ｇ－コージンバイオ,0.64449516385939987,True,0,-0.9445100354191216,A04_cross_code_one_per_issuer,2
2025-05-20,2,9202,ＡＮＡ,0.56340492331295022,True,0,-2.2138321606315459,A04_cross_code_one_per_issuer,2
2025-05-21,1,7585,かんなん,0.76856470585425818,True,0,-6.802721088435371,A04_cross_code_one_per_issuer,2
2025-05-21,2,4347,ブロードメディア,0.7327155521752885,True,0,-0.30959752321981782,A04_cross_code_one_per_issuer,2
2025-05-27,1,7181,かんぽ生命保険,0.85084824462866759,True,0,-0.45248868778280382,A04_cross_code_one_per_issuer,2
2025-05-27,2,3306,日製麻,0.59204867306410303,True,1,0.59880239520957446,A04_cross_code_one_per_issuer,2
2025-05-28,1,7718,スター精密,0.92475665808250573,True,1,1.1911852293031489,A04_cross_code_one_per_issuer,2
2025-05-28,2,6973,協栄産,0.92383405014723896,True,1,0.63063063063062419,A04_cross_code_one_per_issuer,2
2025-05-29,1,135A,Ｇ－ＶＲＡＩＮ,2.9021696947555808,True,1,1.4056224899598346,A04_cross_code_one_per_issuer,2
2025-05-29,2,4776,ＣＹＢＯＺＵ,0.82770163697572829,True,0,-0.31595576619273258,A04_cross_code_one_per_issuer,2
2025-05-30,1,3858,ユビキタスＡＩ,1.5206332611348352,True,1,1.4999999999999902,A04_cross_code_one_per_issuer,2
2025-05-30,2,3997,トレードワークス,0.81933669883962279,True,0,-1.6949152542372836,A04_cross_code_one_per_issuer,2
2025-06-02,1,7769,リズム,0.99260950961193906,True,1,0.26954177897573484,A04_cross_code_one_per_issuer,2
2025-06-02,2,7199,プレミアグループ,0.84081612705534681,True,1,2.0130850528434774,A04_cross_code_one_per_issuer,2
2025-06-03,1,7683,ダブルエー,1.0079183566820094,True,0,-1.172161172161168,A04_cross_code_one_per_issuer,2
2025-06-03,2,3469,デュアルタップ,0.75974203225981385,True,1,0.17889087656528524,A04_cross_code_one_per_issuer,2
2025-06-04,1,3415,トウキョウベース,1.0952765881538551,True,1,10.451977401129952,A04_cross_code_one_per_issuer,2
2025-06-04,2,6039,Ｇ－日本動物高度医療,1.065956167440272,True,1,3.2586558044806591,A04_cross_code_one_per_issuer,2
2025-06-05,1,3612,ワールド,2.1894908271594313,True,0,-0.15841584158415856,A04_cross_code_one_per_issuer,2
2025-06-05,2,1436,Ｇ－グリーンエナジー,0.84854960009457547,True,0,-2.0557332115121008,A04_cross_code_one_per_issuer,2
2025-06-06,1,3046,ＪＩＮＳＨＤ,1.5169608761615105,True,0,-4.2744656917885315,A04_cross_code_one_per_issuer,2
2025-06-06,2,4331,Ｔ＆Ｇニーズ,1.0870471893513927,True,0,-0.12004801920768582,A04_cross_code_one_per_issuer,2
2025-06-09,1,7678,あさくま,1.4051639838835812,True,0,-0.23364485981308691,A04_cross_code_one_per_issuer,2
2025-06-09,2,6334,明治機,0.85918089195762759,True,0,-1.6778523489932917,A04_cross_code_one_per_issuer,2
2025-06-10,1,9759,ＮＳＤ,1.1293710699195669,True,0,-0.28490028490028019,A04_cross_code_one_per_issuer,2
2025-06-10,2,7804,ビーアンドピー,0.62409363920108207,True,0,-4.2509286009079661,A04_cross_code_one_per_issuer,2
2025-06-11,1,4228,積水化成,1.2748658338481382,True,0,-0.92024539877300082,A04_cross_code_one_per_issuer,2
2025-06-11,2,3399,山岡家,0.92322766754494712,True,1,7.1556350626118093,A04_cross_code_one_per_issuer,2
2025-06-12,1,5132,Ｇ－ｐｌｕｓｚｅｒｏ,1.1760058395280806,True,1,7.0000000000000062,A04_cross_code_one_per_issuer,2
2025-06-12,2,2375,ギグワークス,1.1324228895676731,True,0,-1.7391304347826098,A04_cross_code_one_per_issuer,2
2025-06-13,1,219A,Ｇ－ハートシード,1.3798571051230983,True,1,8.0691642651296913,A04_cross_code_one_per_issuer,2
2025-06-13,2,7823,アートネイチャー,1.1482072218090174,True,1,0.14005602240896309,A04_cross_code_one_per_issuer,2
2025-06-17,1,4430,東海ソフト,1.2164451724201215,True,0,-0.83816892327530645,A04_cross_code_one_per_issuer,2
2025-06-17,2,5136,Ｇ－ｔｒｉｐｌａ,1.022583640254594,True,0,-1.4648858250754015,A04_cross_code_one_per_issuer,2
2025-06-18,1,2385,Ｇ－総医研,0.62747247186507848,True,1,1.744186046511631,A04_cross_code_one_per_issuer,2
2025-06-18,2,7740,タムロン,0.59794594454193895,True,1,1.3196480938416411,A04_cross_code_one_per_issuer,2
2025-06-19,1,6238,フリュー,1.0498171486775754,True,1,0.40322580645162365,A04_cross_code_one_per_issuer,2
2025-06-19,2,4766,ピーエイ,0.88956472792386931,True,0,-0.70175438596491446,A04_cross_code_one_per_issuer,2
2025-06-20,1,7851,カワセコンピュ,1.3348177593577246,True,0,-4.1666666666666625,A04_cross_code_one_per_issuer,2
2025-06-20,2,4256,Ｇ－サインド,0.82707272936613685,True,1,2.7083333333333348,A04_cross_code_one_per_issuer,2
2025-06-24,1,6702,富士通,1.1392331088524916,True,1,0.11876484560569001,A04_cross_code_one_per_issuer,2
2025-06-24,2,9625,セレスポ,0.84556559997632852,True,1,0.27777777777777679,A04_cross_code_one_per_issuer,2
2025-06-25,1,9201,ＪＡＬ,1.7751875707303288,True,1,0.43630017452007674,A04_cross_code_one_per_issuer,2
2025-06-25,2,9377,エージーピー,1.0012525507999643,True,1,0.81915563957151161,A04_cross_code_one_per_issuer,2
2025-06-26,1,4776,ＣＹＢＯＺＵ,1.3849778106879391,True,0,-2.0942408376963373,A04_cross_code_one_per_issuer,2
2025-06-26,2,7793,Ｇ－イメージマジック,1.263569744038737,True,0,-0.45941807044410643,A04_cross_code_one_per_issuer,2
2025-06-27,1,3010,ポラリスＨＤ,1.0929144915036517,True,0,-0.94339622641509413,A04_cross_code_one_per_issuer,2
2025-06-27,2,2778,パレモ・ＨＤ,0.68681309415948211,True,0,-1.9108280254777066,A04_cross_code_one_per_issuer,2
2025-06-30,1,5994,ファインシンター,1.0543540659554789,True,0,-0.72289156626506035,A04_cross_code_one_per_issuer,2
2025-06-30,2,3134,Ｈａｍｅｅ,0.90563482897899683,True,1,1.0612244897959089,A04_cross_code_one_per_issuer,2
2025-07-01,1,2678,アスクル,1.1540556504855386,True,1,1.7589576547231367,A04_cross_code_one_per_issuer,2
2025-07-01,2,9444,トーシンＨＤ,0.9979594217995218,True,0,0,A04_cross_code_one_per_issuer,2
2025-07-02,1,8237,松屋,1.4379999143180764,True,1,1.0912698412698374,A04_cross_code_one_per_issuer,2
2025-07-02,2,7832,バンダイナムコ,0.9231283282037368,True,0,-3.8685107235919003,A04_cross_code_one_per_issuer,2
2025-07-07,1,3197,すかいらーくＨＤ,0.78528046190011092,True,1,0.099140779907469501,A04_cross_code_one_per_issuer,2
2025-07-07,2,9278,ブックオフＧＨＤ,0.66892296926486494,True,0,-0.91228070175438658,A04_cross_code_one_per_issuer,2
2025-07-08,1,3193,エターナルホスピＧ,1.8042054738989195,True,0,-2.0472440944881876,A04_cross_code_one_per_issuer,2
2025-07-08,2,3834,朝日ネット,1.1148257785840117,True,0,-0.73637702503681624,A04_cross_code_one_per_issuer,2
2025-07-09,1,6584,三桜工,0.88687414638766093,True,1,1.4263074484944571,A04_cross_code_one_per_issuer,2
2025-07-09,2,3252,地主,0.84614647414389355,True,1,3.937007874015741,A04_cross_code_one_per_issuer,2
2025-07-10,1,8237,松屋,1.2940072538817542,True,0,-2.0289855072463725,A04_cross_code_one_per_issuer,2
2025-07-10,2,7157,Ｇ－ライフネット,1.0443832917293199,True,1,0.75400565504242234,A04_cross_code_one_per_issuer,2
2025-07-11,1,3560,ほぼ日,1.0196998805535558,True,0,0,A04_cross_code_one_per_issuer,2
2025-07-11,2,3817,ＳＲＡＨＤ,0.81048916960655082,True,1,0.98468271334792856,A04_cross_code_one_per_issuer,2
2025-07-14,1,2437,シンワワイズ,0.854550518432308,True,0,-2.4054982817869441,A04_cross_code_one_per_issuer,2
2025-07-14,2,3656,ＫＬａｂ,0.66841384000691673,True,0,0,A04_cross_code_one_per_issuer,2
2025-07-15,1,3979,Ｇ－うるる,1.2248528369400915,True,1,0.25477707006369421,A04_cross_code_one_per_issuer,2
2025-07-15,2,339A,Ｇ－プログレス,0.79840789975688009,True,0,-1.4285714285714235,A04_cross_code_one_per_issuer,2
2025-07-16,1,4343,イオンファン,1.1289221867540924,True,0,-0.32414910858995505,A04_cross_code_one_per_issuer,2
2025-07-16,2,3489,フェイスネットワーク,0.98860659221338487,True,1,2.0000000000000018,A04_cross_code_one_per_issuer,2
2025-07-23,1,3796,いい生活,0.79265765345129979,True,1,0.39603960396039639,A04_cross_code_one_per_issuer,2
2025-07-23,2,6769,ザイン,0.71803439110845824,True,1,1.0238907849829282,A04_cross_code_one_per_issuer,2
2025-07-24,1,3943,大石産業,1.3887424737563525,True,1,0.57899090157154109,A04_cross_code_one_per_issuer,2
2025-07-24,2,3681,ブイキューブ,1.2040673066952217,True,0,-0.61349693251533388,A04_cross_code_one_per_issuer,2
2025-07-25,1,4936,アクシージア,1.0299150785752091,True,0,-0.8113590263691739,A04_cross_code_one_per_issuer,2
2025-07-25,2,2268,サーティワン,0.64668542926699557,True,0,-0.35629453681710332,A04_cross_code_one_per_issuer,2
2025-07-28,1,3010,ポラリスＨＤ,1.2287372993204464,True,0,-1.3452914798206317,A04_cross_code_one_per_issuer,2
2025-07-28,2,9436,沖縄セルラー,1.0118196349313897,True,0,-6.0576923076923084,A04_cross_code_one_per_issuer,2
2025-07-29,1,2934,Ｇ－Ｊフロンティア,0.99297233171536292,True,0,-1.2247397428046591,A04_cross_code_one_per_issuer,2
2025-07-29,2,8737,あかつき本社,0.53758284857100125,True,0,0,A04_cross_code_one_per_issuer,2
2025-07-30,1,4498,Ｇ－サイバートラスト,0.92328810419512497,True,0,-0.95890410958904271,A04_cross_code_one_per_issuer,2
2025-07-30,2,5532,Ｇ－リアルゲイト,0.82240981490655718,True,1,5.8636363636363598,A04_cross_code_one_per_issuer,2
2025-07-31,1,2678,アスクル,1.0194253164396241,True,1,1.53949129852744,A04_cross_code_one_per_issuer,2
2025-07-31,2,4503,アステラス薬,0.95308590589883369,True,1,0.76603894031279651,A04_cross_code_one_per_issuer,2
2024-07-01,1,6625,ＪＡＬＣＯ ＨＤ,1.1494252873563315,True,0,-5.7034220532319431,A05_neighbor_lower_quantile,1
2024-07-02,1,6036,ＫｅｅＰｅｒ技研,0.78125,True,0,-3.9692701664532648,A05_neighbor_lower_quantile,1
2024-07-03,1,4978,Ｇ－リプロセル,1.4598540145985384,True,1,0.7194244604316502,A05_neighbor_lower_quantile,1
2024-07-04,1,,,,False,,,A05_neighbor_lower_quantile,1
2024-07-05,1,,,,False,,,A05_neighbor_lower_quantile,1
2024-07-08,1,3179,シュッピン,0.67969413763806497,True,1,0.74274139095205083,A05_neighbor_lower_quantile,1
2024-07-09,1,,,,False,,,A05_neighbor_lower_quantile,1
2024-07-10,1,,,,False,,,A05_neighbor_lower_quantile,1
2024-07-11,1,9890,マキヤ,0.65116279069767913,True,1,0.094607379375588607,A05_neighbor_lower_quantile,1
2024-07-12,1,,,,False,,,A05_neighbor_lower_quantile,1
2024-07-16,1,,,,False,,,A05_neighbor_lower_quantile,1
2024-07-17,1,,,,False,,,A05_neighbor_lower_quantile,1
2024-07-18,1,,,,False,,,A05_neighbor_lower_quantile,1
2024-07-19,1,,,,False,,,A05_neighbor_lower_quantile,1
2024-07-22,1,6625,ＪＡＬＣＯ ＨＤ,1.1494252873563315,True,0,-1.3257575757575801,A05_neighbor_lower_quantile,1
2024-07-23,1,,,,False,,,A05_neighbor_lower_quantile,1
2024-07-24,1,6584,三桜工,2.3084994753410193,True,0,-0.50251256281407253,A05_neighbor_lower_quantile,1
2024-07-25,1,,,,False,,,A05_neighbor_lower_quantile,1
2024-07-26,1,,,,False,,,A05_neighbor_lower_quantile,1
2024-07-29,1,,,,False,,,A05_neighbor_lower_quantile,1
2024-07-30,1,,,,False,,,A05_neighbor_lower_quantile,1
2024-07-31,1,,,,False,,,A05_neighbor_lower_quantile,1
2025-04-01,1,,,,False,,,A05_neighbor_lower_quantile,1
2025-04-02,1,8938,Ｇ－グロームＨＤ,0.90909090909090384,True,0,-2.8963414634146312,A05_neighbor_lower_quantile,1
2025-04-03,1,,,,False,,,A05_neighbor_lower_quantile,1
2025-04-04,1,,,,False,,,A05_neighbor_lower_quantile,1
2025-04-07,1,,,,False,,,A05_neighbor_lower_quantile,1
2025-04-08,1,3179,シュッピン,0.67969413763806497,True,1,2.6759167492566904,A05_neighbor_lower_quantile,1
2025-04-09,1,,,,False,,,A05_neighbor_lower_quantile,1
2025-04-10,1,,,,False,,,A05_neighbor_lower_quantile,1
2025-04-11,1,,,,False,,,A05_neighbor_lower_quantile,1
2025-04-14,1,1419,タマホーム,0.88691796008868451,True,0,-1.192052980132452,A05_neighbor_lower_quantile,1
2025-04-22,1,7545,西松屋チェ,0.68493150684931781,True,1,0.090950432014547111,A05_neighbor_lower_quantile,1
2025-04-23,1,,,,False,,,A05_neighbor_lower_quantile,1
2025-04-24,1,,,,False,,,A05_neighbor_lower_quantile,1
2025-04-25,1,,,,False,,,A05_neighbor_lower_quantile,1
2025-04-30,1,,,,False,,,A05_neighbor_lower_quantile,1
2025-05-01,1,8604,野村,0.51387461459404538,True,1,0.025097251850936253,A05_neighbor_lower_quantile,1
2025-05-08,1,2670,ＡＢＣマート,1.1020776874435478,True,1,2.915291529152908,A05_neighbor_lower_quantile,1
2025-05-09,1,,,,False,,,A05_neighbor_lower_quantile,1
2025-05-12,1,,,,False,,,A05_neighbor_lower_quantile,1
2025-05-13,1,,,,False,,,A05_neighbor_lower_quantile,1
2025-05-14,1,,,,False,,,A05_neighbor_lower_quantile,1
2025-05-15,1,,,,False,,,A05_neighbor_lower_quantile,1
2025-05-16,1,,,,False,,,A05_neighbor_lower_quantile,1
2025-05-19,1,9444,トーシンＨＤ,1.0752688172043001,True,1,0.65681444991789739,A05_neighbor_lower_quantile,1
2025-05-20,1,5580,Ｇ－プロディライト,0.96061479346782885,True,0,-2.732240437158473,A05_neighbor_lower_quantile,1
2025-05-21,1,,,,False,,,A05_neighbor_lower_quantile,1
2025-05-27,1,,,,False,,,A05_neighbor_lower_quantile,1
2025-05-28,1,3407,旭化成,0.45095828635850488,True,0,-1.1268985791278774,A05_neighbor_lower_quantile,1
2025-05-29,1,,,,False,,,A05_neighbor_lower_quantile,1
2025-05-30,1,,,,False,,,A05_neighbor_lower_quantile,1
2025-06-02,1,,,,False,,,A05_neighbor_lower_quantile,1
2025-06-03,1,,,,False,,,A05_neighbor_lower_quantile,1
2025-06-04,1,2670,ＡＢＣマート,1.1020776874435478,True,1,2.9568934805842551,A05_neighbor_lower_quantile,1
2025-06-05,1,,,,False,,,A05_neighbor_lower_quantile,1
2025-06-06,1,7046,Ｇ－ＴＤＳＥ,0.72625698324022547,True,0,-2.7659574468085091,A05_neighbor_lower_quantile,1
2025-06-09,1,3179,シュッピン,0.67969413763806497,True,1,1.6216216216216273,A05_neighbor_lower_quantile,1
2025-06-10,1,7046,Ｇ－ＴＤＳＥ,0.61919504643963563,True,1,3.0344827586206824,A05_neighbor_lower_quantile,1
2025-06-11,1,3064,ＭＲＯ,0.60869565217391841,True,1,1.3375571981696588,A05_neighbor_lower_quantile,1
2025-06-12,1,,,,False,,,A05_neighbor_lower_quantile,1
2025-06-13,1,,,,False,,,A05_neighbor_lower_quantile,1
2025-06-17,1,3086,Ｊフロント,1.0638297872340496,True,1,0.99304865938429909,A05_neighbor_lower_quantile,1
2025-06-18,1,,,,False,,,A05_neighbor_lower_quantile,1
2025-06-19,1,7043,Ｇ－アルー,1.1778563015312216,True,0,-0.51813471502590858,A05_neighbor_lower_quantile,1
2025-06-20,1,,,,False,,,A05_neighbor_lower_quantile,1
2025-06-24,1,,,,False,,,A05_neighbor_lower_quantile,1
2025-06-25,1,,,,False,,,A05_neighbor_lower_quantile,1
2025-06-26,1,147A,Ｇ－ソラコム,0.45045045045044585,True,0,0,A05_neighbor_lower_quantile,1
2025-06-27,1,9206,ＳＦＪ,1.2042818911685904,True,1,0.51425899953250198,A05_neighbor_lower_quantile,1
2025-06-30,1,5994,ファインシンター,0.65681444991789739,True,0,-0.72289156626506035,A05_neighbor_lower_quantile,1
2025-07-01,1,,,,False,,,A05_neighbor_lower_quantile,1
2025-07-02,1,,,,False,,,A05_neighbor_lower_quantile,1
2025-07-07,1,,,,False,,,A05_neighbor_lower_quantile,1
2025-07-08,1,3179,シュッピン,0.67969413763806497,True,1,0.43290043290042934,A05_neighbor_lower_quantile,1
2025-07-09,1,,,,False,,,A05_neighbor_lower_quantile,1
2025-07-10,1,,,,False,,,A05_neighbor_lower_quantile,1
2025-07-11,1,3064,ＭＲＯ,0.43336944745395733,True,1,2.6925820256776145,A05_neighbor_lower_quantile,1
2025-07-14,1,,,,False,,,A05_neighbor_lower_quantile,1
2025-07-15,1,7043,Ｇ－アルー,0.63965884861407751,True,0,0,A05_neighbor_lower_quantile,1
2025-07-16,1,3086,Ｊフロント,0.99304865938429909,True,1,0.40363269424823489,A05_neighbor_lower_quantile,1
2025-07-23,1,,,,False,,,A05_neighbor_lower_quantile,1
2025-07-24,1,4777,ガーラ,0.65681444991789739,True,0,-0.85470085470085166,A05_neighbor_lower_quantile,1
2025-07-25,1,,,,False,,,A05_neighbor_lower_quantile,1
2025-07-28,1,2154,オープンアップＧ,0.51570557899671687,True,1,0.40068689181453898,A05_neighbor_lower_quantile,1
2025-07-29,1,9206,ＳＦＪ,0.55841924398625231,True,1,0.36036036036035668,A05_neighbor_lower_quantile,1
2025-07-30,1,,,,False,,,A05_neighbor_lower_quantile,1
2025-07-31,1,,,,False,,,A05_neighbor_lower_quantile,1
2024-07-01,1,6625,ＪＡＬＣＯ ＨＤ,1.1494252873563315,True,0,-5.7034220532319431,A05_neighbor_lower_quantile,2
2024-07-01,2,,,,False,,,A05_neighbor_lower_quantile,2
2024-07-02,1,6036,ＫｅｅＰｅｒ技研,0.78125,True,0,-3.9692701664532648,A05_neighbor_lower_quantile,2
2024-07-02,2,8604,野村,0.64068339562199927,True,1,2.1337579617834335,A05_neighbor_lower_quantile,2
2024-07-03,1,4978,Ｇ－リプロセル,1.4598540145985384,True,1,0.7194244604316502,A05_neighbor_lower_quantile,2
2024-07-03,2,7161,じもとＨＤ,0.91476091476090371,True,0,-4.5945945945945921,A05_neighbor_lower_quantile,2
2024-07-04,1,,,,False,,,A05_neighbor_lower_quantile,2
2024-07-04,2,,,,False,,,A05_neighbor_lower_quantile,2
2024-07-05,1,,,,False,,,A05_neighbor_lower_quantile,2
2024-07-05,2,,,,False,,,A05_neighbor_lower_quantile,2
2024-07-08,1,3179,シュッピン,0.67969413763806497,True,1,0.74274139095205083,A05_neighbor_lower_quantile,2
2024-07-08,2,,,,False,,,A05_neighbor_lower_quantile,2
2024-07-09,1,,,,False,,,A05_neighbor_lower_quantile,2
2024-07-09,2,,,,False,,,A05_neighbor_lower_quantile,2
2024-07-10,1,,,,False,,,A05_neighbor_lower_quantile,2
2024-07-10,2,,,,False,,,A05_neighbor_lower_quantile,2
2024-07-11,1,9890,マキヤ,0.65116279069767913,True,1,0.094607379375588607,A05_neighbor_lower_quantile,2
2024-07-11,2,,,,False,,,A05_neighbor_lower_quantile,2
2024-07-12,1,,,,False,,,A05_neighbor_lower_quantile,2
2024-07-12,2,,,,False,,,A05_neighbor_lower_quantile,2
2024-07-16,1,,,,False,,,A05_neighbor_lower_quantile,2
2024-07-16,2,,,,False,,,A05_neighbor_lower_quantile,2
2024-07-17,1,,,,False,,,A05_neighbor_lower_quantile,2
2024-07-17,2,,,,False,,,A05_neighbor_lower_quantile,2
2024-07-18,1,,,,False,,,A05_neighbor_lower_quantile,2
2024-07-18,2,,,,False,,,A05_neighbor_lower_quantile,2
2024-07-19,1,,,,False,,,A05_neighbor_lower_quantile,2
2024-07-19,2,,,,False,,,A05_neighbor_lower_quantile,2
2024-07-22,1,6625,ＪＡＬＣＯ ＨＤ,1.1494252873563315,True,0,-1.3257575757575801,A05_neighbor_lower_quantile,2
2024-07-22,2,,,,False,,,A05_neighbor_lower_quantile,2
2024-07-23,1,,,,False,,,A05_neighbor_lower_quantile,2
2024-07-23,2,,,,False,,,A05_neighbor_lower_quantile,2
2024-07-24,1,6584,三桜工,2.3084994753410193,True,0,-0.50251256281407253,A05_neighbor_lower_quantile,2
2024-07-24,2,,,,False,,,A05_neighbor_lower_quantile,2
2024-07-25,1,,,,False,,,A05_neighbor_lower_quantile,2
2024-07-25,2,,,,False,,,A05_neighbor_lower_quantile,2
2024-07-26,1,,,,False,,,A05_neighbor_lower_quantile,2
2024-07-26,2,,,,False,,,A05_neighbor_lower_quantile,2
2024-07-29,1,,,,False,,,A05_neighbor_lower_quantile,2
2024-07-29,2,,,,False,,,A05_neighbor_lower_quantile,2
2024-07-30,1,,,,False,,,A05_neighbor_lower_quantile,2
2024-07-30,2,,,,False,,,A05_neighbor_lower_quantile,2
2024-07-31,1,,,,False,,,A05_neighbor_lower_quantile,2
2024-07-31,2,,,,False,,,A05_neighbor_lower_quantile,2
2025-04-01,1,,,,False,,,A05_neighbor_lower_quantile,2
2025-04-01,2,,,,False,,,A05_neighbor_lower_quantile,2
2025-04-02,1,8938,Ｇ－グロームＨＤ,0.90909090909090384,True,0,-2.8963414634146312,A05_neighbor_lower_quantile,2
2025-04-02,2,,,,False,,,A05_neighbor_lower_quantile,2
2025-04-03,1,,,,False,,,A05_neighbor_lower_quantile,2
2025-04-03,2,,,,False,,,A05_neighbor_lower_quantile,2
2025-04-04,1,,,,False,,,A05_neighbor_lower_quantile,2
2025-04-04,2,,,,False,,,A05_neighbor_lower_quantile,2
2025-04-07,1,,,,False,,,A05_neighbor_lower_quantile,2
2025-04-07,2,,,,False,,,A05_neighbor_lower_quantile,2
2025-04-08,1,3179,シュッピン,0.67969413763806497,True,1,2.6759167492566904,A05_neighbor_lower_quantile,2
2025-04-08,2,,,,False,,,A05_neighbor_lower_quantile,2
2025-04-09,1,,,,False,,,A05_neighbor_lower_quantile,2
2025-04-09,2,,,,False,,,A05_neighbor_lower_quantile,2
2025-04-10,1,,,,False,,,A05_neighbor_lower_quantile,2
2025-04-10,2,,,,False,,,A05_neighbor_lower_quantile,2
2025-04-11,1,,,,False,,,A05_neighbor_lower_quantile,2
2025-04-11,2,,,,False,,,A05_neighbor_lower_quantile,2
2025-04-14,1,1419,タマホーム,0.88691796008868451,True,0,-1.192052980132452,A05_neighbor_lower_quantile,2
2025-04-14,2,,,,False,,,A05_neighbor_lower_quantile,2
2025-04-22,1,7545,西松屋チェ,0.68493150684931781,True,1,0.090950432014547111,A05_neighbor_lower_quantile,2
2025-04-22,2,,,,False,,,A05_neighbor_lower_quantile,2
2025-04-23,1,,,,False,,,A05_neighbor_lower_quantile,2
2025-04-23,2,,,,False,,,A05_neighbor_lower_quantile,2
2025-04-24,1,,,,False,,,A05_neighbor_lower_quantile,2
2025-04-24,2,,,,False,,,A05_neighbor_lower_quantile,2
2025-04-25,1,,,,False,,,A05_neighbor_lower_quantile,2
2025-04-25,2,,,,False,,,A05_neighbor_lower_quantile,2
2025-04-30,1,,,,False,,,A05_neighbor_lower_quantile,2
2025-04-30,2,,,,False,,,A05_neighbor_lower_quantile,2
2025-05-01,1,8604,野村,0.51387461459404538,True,1,0.025097251850936253,A05_neighbor_lower_quantile,2
2025-05-01,2,,,,False,,,A05_neighbor_lower_quantile,2
2025-05-08,1,2670,ＡＢＣマート,1.1020776874435478,True,1,2.915291529152908,A05_neighbor_lower_quantile,2
2025-05-08,2,,,,False,,,A05_neighbor_lower_quantile,2
2025-05-09,1,,,,False,,,A05_neighbor_lower_quantile,2
2025-05-09,2,,,,False,,,A05_neighbor_lower_quantile,2
2025-05-12,1,,,,False,,,A05_neighbor_lower_quantile,2
2025-05-12,2,,,,False,,,A05_neighbor_lower_quantile,2
2025-05-13,1,,,,False,,,A05_neighbor_lower_quantile,2
2025-05-13,2,,,,False,,,A05_neighbor_lower_quantile,2
2025-05-14,1,,,,False,,,A05_neighbor_lower_quantile,2
2025-05-14,2,,,,False,,,A05_neighbor_lower_quantile,2
2025-05-15,1,,,,False,,,A05_neighbor_lower_quantile,2
2025-05-15,2,,,,False,,,A05_neighbor_lower_quantile,2
2025-05-16,1,,,,False,,,A05_neighbor_lower_quantile,2
2025-05-16,2,,,,False,,,A05_neighbor_lower_quantile,2
2025-05-19,1,9444,トーシンＨＤ,1.0752688172043001,True,1,0.65681444991789739,A05_neighbor_lower_quantile,2
2025-05-19,2,,,,False,,,A05_neighbor_lower_quantile,2
2025-05-20,1,5580,Ｇ－プロディライト,0.96061479346782885,True,0,-2.732240437158473,A05_neighbor_lower_quantile,2
2025-05-20,2,,,,False,,,A05_neighbor_lower_quantile,2
2025-05-21,1,,,,False,,,A05_neighbor_lower_quantile,2
2025-05-21,2,,,,False,,,A05_neighbor_lower_quantile,2
2025-05-27,1,,,,False,,,A05_neighbor_lower_quantile,2
2025-05-27,2,,,,False,,,A05_neighbor_lower_quantile,2
2025-05-28,1,3407,旭化成,0.45095828635850488,True,0,-1.1268985791278774,A05_neighbor_lower_quantile,2
2025-05-28,2,,,,False,,,A05_neighbor_lower_quantile,2
2025-05-29,1,,,,False,,,A05_neighbor_lower_quantile,2
2025-05-29,2,,,,False,,,A05_neighbor_lower_quantile,2
2025-05-30,1,,,,False,,,A05_neighbor_lower_quantile,2
2025-05-30,2,,,,False,,,A05_neighbor_lower_quantile,2
2025-06-02,1,,,,False,,,A05_neighbor_lower_quantile,2
2025-06-02,2,,,,False,,,A05_neighbor_lower_quantile,2
2025-06-03,1,,,,False,,,A05_neighbor_lower_quantile,2
2025-06-03,2,,,,False,,,A05_neighbor_lower_quantile,2
2025-06-04,1,2670,ＡＢＣマート,1.1020776874435478,True,1,2.9568934805842551,A05_neighbor_lower_quantile,2
2025-06-04,2,3415,トウキョウベース,0.79840319361277334,True,1,10.451977401129952,A05_neighbor_lower_quantile,2
2025-06-05,1,,,,False,,,A05_neighbor_lower_quantile,2
2025-06-05,2,,,,False,,,A05_neighbor_lower_quantile,2
2025-06-06,1,7046,Ｇ－ＴＤＳＥ,0.72625698324022547,True,0,-2.7659574468085091,A05_neighbor_lower_quantile,2
2025-06-06,2,,,,False,,,A05_neighbor_lower_quantile,2
2025-06-09,1,3179,シュッピン,0.67969413763806497,True,1,1.6216216216216273,A05_neighbor_lower_quantile,2
2025-06-09,2,,,,False,,,A05_neighbor_lower_quantile,2
2025-06-10,1,7046,Ｇ－ＴＤＳＥ,0.61919504643963563,True,1,3.0344827586206824,A05_neighbor_lower_quantile,2
2025-06-10,2,,,,False,,,A05_neighbor_lower_quantile,2
2025-06-11,1,3064,ＭＲＯ,0.60869565217391841,True,1,1.3375571981696588,A05_neighbor_lower_quantile,2
2025-06-11,2,3399,山岡家,0.47951176983433985,True,1,7.1556350626118093,A05_neighbor_lower_quantile,2
2025-06-12,1,,,,False,,,A05_neighbor_lower_quantile,2
2025-06-12,2,,,,False,,,A05_neighbor_lower_quantile,2
2025-06-13,1,,,,False,,,A05_neighbor_lower_quantile,2
2025-06-13,2,,,,False,,,A05_neighbor_lower_quantile,2
2025-06-17,1,3086,Ｊフロント,1.0638297872340496,True,1,0.99304865938429909,A05_neighbor_lower_quantile,2
2025-06-17,2,5580,Ｇ－プロディライト,0.78260869565216495,True,1,1.8620689655172384,A05_neighbor_lower_quantile,2
2025-06-18,1,,,,False,,,A05_neighbor_lower_quantile,2
2025-06-18,2,,,,False,,,A05_neighbor_lower_quantile,2
2025-06-19,1,7043,Ｇ－アルー,1.1778563015312216,True,0,-0.51813471502590858,A05_neighbor_lower_quantile,2
2025-06-19,2,,,,False,,,A05_neighbor_lower_quantile,2
2025-06-20,1,,,,False,,,A05_neighbor_lower_quantile,2
2025-06-20,2,,,,False,,,A05_neighbor_lower_quantile,2
2025-06-24,1,,,,False,,,A05_neighbor_lower_quantile,2
2025-06-24,2,,,,False,,,A05_neighbor_lower_quantile,2
2025-06-25,1,,,,False,,,A05_neighbor_lower_quantile,2
2025-06-25,2,,,,False,,,A05_neighbor_lower_quantile,2
2025-06-26,1,147A,Ｇ－ソラコム,0.45045045045044585,True,0,0,A05_neighbor_lower_quantile,2
2025-06-26,2,,,,False,,,A05_neighbor_lower_quantile,2
2025-06-27,1,9206,ＳＦＪ,1.2042818911685904,True,1,0.51425899953250198,A05_neighbor_lower_quantile,2
2025-06-27,2,,,,False,,,A05_neighbor_lower_quantile,2
2025-06-30,1,5994,ファインシンター,0.65681444991789739,True,0,-0.72289156626506035,A05_neighbor_lower_quantile,2
2025-06-30,2,,,,False,,,A05_neighbor_lower_quantile,2
2025-07-01,1,,,,False,,,A05_neighbor_lower_quantile,2
2025-07-01,2,,,,False,,,A05_neighbor_lower_quantile,2
2025-07-02,1,,,,False,,,A05_neighbor_lower_quantile,2
2025-07-02,2,,,,False,,,A05_neighbor_lower_quantile,2
2025-07-07,1,,,,False,,,A05_neighbor_lower_quantile,2
2025-07-07,2,,,,False,,,A05_neighbor_lower_quantile,2
2025-07-08,1,3179,シュッピン,0.67969413763806497,True,1,0.43290043290042934,A05_neighbor_lower_quantile,2
2025-07-08,2,,,,False,,,A05_neighbor_lower_quantile,2
2025-07-09,1,,,,False,,,A05_neighbor_lower_quantile,2
2025-07-09,2,,,,False,,,A05_neighbor_lower_quantile,2
2025-07-10,1,,,,False,,,A05_neighbor_lower_quantile,2
2025-07-10,2,,,,False,,,A05_neighbor_lower_quantile,2
2025-07-11,1,3064,ＭＲＯ,0.43336944745395733,True,1,2.6925820256776145,A05_neighbor_lower_quantile,2
2025-07-11,2,,,,False,,,A05_neighbor_lower_quantile,2
2025-07-14,1,,,,False,,,A05_neighbor_lower_quantile,2
2025-07-14,2,,,,False,,,A05_neighbor_lower_quantile,2
2025-07-15,1,7043,Ｇ－アルー,0.63965884861407751,True,0,0,A05_neighbor_lower_quantile,2
2025-07-15,2,,,,False,,,A05_neighbor_lower_quantile,2
2025-07-16,1,3086,Ｊフロント,0.99304865938429909,True,1,0.40363269424823489,A05_neighbor_lower_quantile,2
2025-07-16,2,4343,イオンファン,0.60869565217391841,True,0,-0.32414910858995505,A05_neighbor_lower_quantile,2
2025-07-23,1,,,,False,,,A05_neighbor_lower_quantile,2
2025-07-23,2,,,,False,,,A05_neighbor_lower_quantile,2
2025-07-24,1,4777,ガーラ,0.65681444991789739,True,0,-0.85470085470085166,A05_neighbor_lower_quantile,2
2025-07-24,2,,,,False,,,A05_neighbor_lower_quantile,2
2025-07-25,1,,,,False,,,A05_neighbor_lower_quantile,2
2025-07-25,2,,,,False,,,A05_neighbor_lower_quantile,2
2025-07-28,1,2154,オープンアップＧ,0.51570557899671687,True,1,0.40068689181453898,A05_neighbor_lower_quantile,2
2025-07-28,2,,,,False,,,A05_neighbor_lower_quantile,2
2025-07-29,1,9206,ＳＦＪ,0.55841924398625231,True,1,0.36036036036035668,A05_neighbor_lower_quantile,2
2025-07-29,2,,,,False,,,A05_neighbor_lower_quantile,2
2025-07-30,1,,,,False,,,A05_neighbor_lower_quantile,2
2025-07-30,2,,,,False,,,A05_neighbor_lower_quantile,2
2025-07-31,1,,,,False,,,A05_neighbor_lower_quantile,2
2025-07-31,2,,,,False,,,A05_neighbor_lower_quantile,2
2024-07-01,1,6625,ＪＡＬＣＯ ＨＤ,0.34231870215770227,True,0,-5.7034220532319431,A06_dual_tail_neighbor_utility,1
2024-07-02,1,6036,ＫｅｅＰｅｒ技研,0.42906160632692886,True,0,-3.9692701664532648,A06_dual_tail_neighbor_utility,1
2024-07-03,1,4978,Ｇ－リプロセル,0.47890833431604479,True,1,0.7194244604316502,A06_dual_tail_neighbor_utility,1
2024-07-04,1,7138,Ｇ－ＴＯＲＩＣＯ,0.29268007760867698,True,1,0.39761431411531323,A06_dual_tail_neighbor_utility,1
2024-07-05,1,2702,マクドナルド,0.37818799434640904,True,0,-1.3008130081300862,A06_dual_tail_neighbor_utility,1
2024-07-08,1,9265,ヤマシタヘルスケア,0.28305534238820124,True,0,-1.2677106636838187,A06_dual_tail_neighbor_utility,1
2024-07-09,1,7554,幸楽苑ＨＤ,0.43567749687880292,True,1,0.07468259895444529,A06_dual_tail_neighbor_utility,1
2024-07-10,1,6525,ＫＯＫＵＳＡＩ,0.39402282476208983,True,1,3.4482758620689724,A06_dual_tail_neighbor_utility,1
2024-07-11,1,4951,エステー,0.31997483692182843,True,1,0.31766200762388674,A06_dual_tail_neighbor_utility,1
2024-07-12,1,5801,古河電工,0.37091706442926808,True,0,-0.79231692677070864,A06_dual_tail_neighbor_utility,1
2024-07-16,1,8927,明豊エンター,0.37185299589078852,True,1,1.1904761904761862,A06_dual_tail_neighbor_utility,1
2024-07-17,1,3979,Ｇ－うるる,0.47889818173528331,True,0,-0.45248868778280382,A06_dual_tail_neighbor_utility,1
2024-07-18,1,5888,Ｇ－ダイワサイクル,0.38460120032196404,True,1,2.0954998282377124,A06_dual_tail_neighbor_utility,1
2024-07-19,1,6310,井関農,0.30253794314459814,True,0,-0.38834951456310218,A06_dual_tail_neighbor_utility,1
2024-07-22,1,6625,ＪＡＬＣＯ ＨＤ,0.34231870215770227,True,0,-1.3257575757575801,A06_dual_tail_neighbor_utility,1
2024-07-23,1,4967,小林製薬,0.33101086835214433,True,0,-1.1650485436893177,A06_dual_tail_neighbor_utility,1
2024-07-24,1,6584,三桜工,0.60092022022917813,True,0,-0.50251256281407253,A06_dual_tail_neighbor_utility,1
2024-07-25,1,9418,Ｕ－ＮＥＸＴ,0.20745843299681227,True,1,3.1556039173014083,A06_dual_tail_neighbor_utility,1
2024-07-26,1,3001,片倉,0.39559257115258906,True,1,1.1840157868771684,A06_dual_tail_neighbor_utility,1
2024-07-29,1,4414,Ｇ－フレクト,0.31970710196271995,True,1,2.960526315789469,A06_dual_tail_neighbor_utility,1
2024-07-30,1,8927,明豊エンター,0.36038988968817826,True,1,4.3835616438356206,A06_dual_tail_neighbor_utility,1
2024-07-31,1,4911,資生堂,0.11855827261656154,True,1,0.87625561017310449,A06_dual_tail_neighbor_utility,1
2025-04-01,1,5595,Ｇ－ＱＰＳ研究所,0.48462728923627502,True,0,-3.7239868565169809,A06_dual_tail_neighbor_utility,1
2025-04-02,1,4480,メドレー,0.25800816919603387,True,0,-1.2956810631229221,A06_dual_tail_neighbor_utility,1
2025-04-03,1,5027,Ｇ－ＡｎｙＭｉｎｄ,0.26119337736178827,True,1,0.21551724137931494,A06_dual_tail_neighbor_utility,1
2025-04-04,1,4612,日ペイントＨＤ,0.19354838709677416,True,0,-2.1535580524344566,A06_dual_tail_neighbor_utility,1
2025-04-07,1,3046,ＪＩＮＳＨＤ,0.33349060190645441,True,1,3.3003300330032959,A06_dual_tail_neighbor_utility,1
2025-04-08,1,2735,ワッツ,0.23350780780474284,True,1,4.0650406504065151,A06_dual_tail_neighbor_utility,1
2025-04-09,1,7554,幸楽苑,0.30520579618994059,True,0,-1.285855588526208,A06_dual_tail_neighbor_utility,1
2025-04-10,1,6479,ミネベアミツミ,0.35340255945962867,True,0,-1.3735589894530276,A06_dual_tail_neighbor_utility,1
2025-04-11,1,6184,鎌倉新書,0.27257850934959682,True,1,4.4705882352941151,A06_dual_tail_neighbor_utility,1
2025-04-14,1,1419,タマホーム,0.30578451697278569,True,0,-1.192052980132452,A06_dual_tail_neighbor_utility,1
2025-04-22,1,6952,カシオ計,0.35340255945962867,True,0,-0.58903488898958134,A06_dual_tail_neighbor_utility,1
2025-04-23,1,2742,ハローズ,0.21726804584150261,True,0,-0.33936651583710287,A06_dual_tail_neighbor_utility,1
2025-04-24,1,7769,リズム,0.30842660263676869,True,0,0,A06_dual_tail_neighbor_utility,1
2025-04-25,1,8714,池田泉州,0.35340255945962867,True,0,0,A06_dual_tail_neighbor_utility,1
2025-04-30,1,3121,マーチャント,0.36108890165579743,True,0,-1.016949152542368,A06_dual_tail_neighbor_utility,1
2025-05-01,1,8604,野村,0.5010028084185717,True,1,0.025097251850936253,A06_dual_tail_neighbor_utility,1
2025-05-08,1,3046,ＪＩＮＳＨＤ,0.41778870127056611,True,1,0.11037527593817931,A06_dual_tail_neighbor_utility,1
2025-05-09,1,2735,ワッツ,0.34162939637028594,True,1,3.9492242595204452,A06_dual_tail_neighbor_utility,1
2025-05-12,1,7150,島根銀行,0.25874211429385596,True,1,2.7600849256900206,A06_dual_tail_neighbor_utility,1
2025-05-13,1,3064,ＭＲＯ,0.22672377213688377,True,1,1.9641043007111447,A06_dual_tail_neighbor_utility,1
2025-05-14,1,2654,アスモ,0.19354838709677416,True,0,0,A06_dual_tail_neighbor_utility,1
2025-05-15,1,2612,かどや製油,0.21785412691581996,True,1,0.13927576601671099,A06_dual_tail_neighbor_utility,1
2025-05-16,1,6095,メドピア,0.23059166747717452,True,0,0,A06_dual_tail_neighbor_utility,1
2025-05-19,1,9444,トーシンＨＤ,0.60930469959911948,True,1,0.65681444991789739,A06_dual_tail_neighbor_utility,1
2025-05-20,1,5580,Ｇ－プロディライト,0.36008441795206231,True,0,-2.732240437158473,A06_dual_tail_neighbor_utility,1
2025-05-21,1,6822,大井電気,0.1457814358442783,True,0,0,A06_dual_tail_neighbor_utility,1
2025-05-27,1,4927,ポーラオルＨＤ,0.35200330005858743,True,1,0.52238805970148405,A06_dual_tail_neighbor_utility,1
2025-05-28,1,4015,Ｇ－ペイクラウドＨＤ,0.34100006851818676,True,0,-0.38412291933418441,A06_dual_tail_neighbor_utility,1
2025-05-29,1,3359,Ｇ－ｃｏｔｔａ,0.21770531880143359,True,0,-2.5056947608200431,A06_dual_tail_neighbor_utility,1
2025-05-30,1,3997,トレードワークス,0.18331740764976368,True,0,-1.6949152542372836,A06_dual_tail_neighbor_utility,1
2025-06-02,1,9682,ＤＴＳ,0.26580815597141166,True,1,0.91370558375634126,A06_dual_tail_neighbor_utility,1
2025-06-03,1,285A,キオクシアＨＤ,0.16048943948907418,True,0,-0.99900099900099848,A06_dual_tail_neighbor_utility,1
2025-06-04,1,2670,ＡＢＣマート,0.42001574111979184,True,1,2.9568934805842551,A06_dual_tail_neighbor_utility,1
2025-06-05,1,7445,ライトオン,0.18849742488761956,True,0,-3.9603960396039639,A06_dual_tail_neighbor_utility,1
2025-06-06,1,7134,アップガレージＧ,0.45579147319967117,True,1,1.2017167381974225,A06_dual_tail_neighbor_utility,1
2025-06-09,1,2735,ワッツ,0.45946405825287617,True,0,-0.56179775280899014,A06_dual_tail_neighbor_utility,1
2025-06-10,1,7046,Ｇ－ＴＤＳＥ,0.2165439662585856,True,1,3.0344827586206824,A06_dual_tail_neighbor_utility,1
2025-06-11,1,3064,ＭＲＯ,0.39984763832716269,True,1,1.3375571981696588,A06_dual_tail_neighbor_utility,1
2025-06-12,1,3205,ダイドー,0.16048943948907418,True,1,0.2012072434607548,A06_dual_tail_neighbor_utility,1
2025-06-13,1,219A,Ｇ－ハートシード,0.29157826797115338,True,1,8.0691642651296913,A06_dual_tail_neighbor_utility,1
2025-06-17,1,286A,Ｇ－ユカリア,0.23560814815212167,True,0,-1.0923535253227423,A06_dual_tail_neighbor_utility,1
2025-06-18,1,6927,ヘリオステクノＨ,0.040851801664890164,True,0,-1.7278617710583144,A06_dual_tail_neighbor_utility,1
2025-06-19,1,7043,Ｇ－アルー,0.58214825163567241,True,0,-0.51813471502590858,A06_dual_tail_neighbor_utility,1
2025-06-20,1,8725,ＭＳ＆ＡＤ,0.25891491751828377,True,0,-1.0015649452269182,A06_dual_tail_neighbor_utility,1
2025-06-24,1,6702,富士通,0.38388089494834954,True,1,0.11876484560569001,A06_dual_tail_neighbor_utility,1
2025-06-25,1,4015,Ｇ－ペイクラウドＨＤ,0.37570851362613433,True,1,6.3134160090191571,A06_dual_tail_neighbor_utility,1
2025-06-26,1,7793,Ｇ－イメージマジック,0.32050982748285911,True,0,-0.45941807044410643,A06_dual_tail_neighbor_utility,1
2025-06-27,1,9206,ＳＦＪ,0.64409650910930594,True,1,0.51425899953250198,A06_dual_tail_neighbor_utility,1
2025-06-30,1,5994,ファインシンター,0.49264121237235386,True,0,-0.72289156626506035,A06_dual_tail_neighbor_utility,1
2025-07-01,1,3094,スーパーＶ,0.45555278082904349,True,1,0.53981106612686069,A06_dual_tail_neighbor_utility,1
2025-07-02,1,3003,ヒューリック,0.23658262126356042,True,0,-0.54495912806539204,A06_dual_tail_neighbor_utility,1
2025-07-07,1,3046,ＪＩＮＳＨＤ,0.24109498543626848,True,1,4.7029702970297071,A06_dual_tail_neighbor_utility,1
2025-07-08,1,7134,アップガレージＧ,0.33311584755919399,True,1,1.9004524886877761,A06_dual_tail_neighbor_utility,1
2025-07-09,1,3252,地主,0.13684459641027946,True,1,3.937007874015741,A06_dual_tail_neighbor_utility,1
2025-07-10,1,3097,物語コーポ,0.32245314357758548,True,0,-1.834862385321101,A06_dual_tail_neighbor_utility,1
2025-07-11,1,3064,ＭＲＯ,0.44875031115855668,True,1,2.6925820256776145,A06_dual_tail_neighbor_utility,1
2025-07-14,1,7512,イオン北海,0.2677617270042657,True,1,1.1350737797956922,A06_dual_tail_neighbor_utility,1
2025-07-15,1,7043,Ｇ－アルー,0.49190677469172095,True,0,0,A06_dual_tail_neighbor_utility,1
2025-07-16,1,4343,イオンファン,0.29488911768973436,True,0,-0.32414910858995505,A06_dual_tail_neighbor_utility,1
2025-07-23,1,6769,ザイン,0.21531054431776003,True,1,1.0238907849829282,A06_dual_tail_neighbor_utility,1
2025-07-24,1,4777,ガーラ,0.48806972497265722,True,0,-0.85470085470085166,A06_dual_tail_neighbor_utility,1
2025-07-25,1,6095,メドピア,0.23243717661137386,True,0,-0.56980056980057148,A06_dual_tail_neighbor_utility,1
2025-07-28,1,7203,トヨタ自,0.22899458399667505,True,0,-0.14239943040227354,A06_dual_tail_neighbor_utility,1
2025-07-29,1,9206,ＳＦＪ,0.53721436295782266,True,1,0.36036036036035668,A06_dual_tail_neighbor_utility,1
2025-07-30,1,2871,ニチレイ,0.11488203866346949,True,1,1.1957730812013345,A06_dual_tail_neighbor_utility,1
2025-07-31,1,2217,モロゾフ,0.19354838709677416,True,0,-1.7285531370038409,A06_dual_tail_neighbor_utility,1
2024-07-01,1,6625,ＪＡＬＣＯ ＨＤ,0.34231870215770227,True,0,-5.7034220532319431,A06_dual_tail_neighbor_utility,2
2024-07-01,2,4046,大阪ソーダ,0.24960955945063926,True,0,-1.1059907834101379,A06_dual_tail_neighbor_utility,2
2024-07-02,1,6036,ＫｅｅＰｅｒ技研,0.42906160632692886,True,0,-3.9692701664532648,A06_dual_tail_neighbor_utility,2
2024-07-02,2,9502,中部電力,0.31558110449837723,True,1,0.26518164942985756,A06_dual_tail_neighbor_utility,2
2024-07-03,1,4978,Ｇ－リプロセル,0.47890833431604479,True,1,0.7194244604316502,A06_dual_tail_neighbor_utility,2
2024-07-03,2,7161,じもとＨＤ,0.29022253712311852,True,0,-4.5945945945945921,A06_dual_tail_neighbor_utility,2
2024-07-04,1,7138,Ｇ－ＴＯＲＩＣＯ,0.29268007760867698,True,1,0.39761431411531323,A06_dual_tail_neighbor_utility,2
2024-07-04,2,4985,アース製薬,0.28305534238820124,True,1,0.82730093071354815,A06_dual_tail_neighbor_utility,2
2024-07-05,1,2702,マクドナルド,0.37818799434640904,True,0,-1.3008130081300862,A06_dual_tail_neighbor_utility,2
2024-07-05,2,2789,カルラ,0.34270250470559377,True,1,1.7543859649122862,A06_dual_tail_neighbor_utility,2
2024-07-08,1,9265,ヤマシタヘルスケア,0.28305534238820124,True,0,-1.2677106636838187,A06_dual_tail_neighbor_utility,2
2024-07-08,2,8739,スパークス,0.2386142209525399,True,0,-0.29239766081871066,A06_dual_tail_neighbor_utility,2
2024-07-09,1,7554,幸楽苑ＨＤ,0.43567749687880292,True,1,0.07468259895444529,A06_dual_tail_neighbor_utility,2
2024-07-09,2,2654,アスモ,0.30383006730129375,True,0,0,A06_dual_tail_neighbor_utility,2
2024-07-10,1,6525,ＫＯＫＵＳＡＩ,0.39402282476208983,True,1,3.4482758620689724,A06_dual_tail_neighbor_utility,2
2024-07-10,2,7435,ナ・デックス,0.25130509971971254,True,0,-0.37488284910964786,A06_dual_tail_neighbor_utility,2
2024-07-11,1,4951,エステー,0.31997483692182843,True,1,0.31766200762388674,A06_dual_tail_neighbor_utility,2
2024-07-11,2,5101,浜ゴム,0.30838318225521066,True,1,1.0746268656716351,A06_dual_tail_neighbor_utility,2
2024-07-12,1,5801,古河電工,0.37091706442926808,True,0,-0.79231692677070864,A06_dual_tail_neighbor_utility,2
2024-07-12,2,9041,近鉄ＧＨＤ,0.16574387989866002,True,1,0.95183155465821123,A06_dual_tail_neighbor_utility,2
2024-07-16,1,8927,明豊エンター,0.37185299589078852,True,1,1.1904761904761862,A06_dual_tail_neighbor_utility,2
2024-07-16,2,3133,Ｇ－海帆,0.30505138126337111,True,0,-0.43478260869564966,A06_dual_tail_neighbor_utility,2
2024-07-17,1,3979,Ｇ－うるる,0.47889818173528331,True,0,-0.45248868778280382,A06_dual_tail_neighbor_utility,2
2024-07-17,2,4379,Ｇ－フォトシンス,0.38963785799280015,True,1,3.4912718204488824,A06_dual_tail_neighbor_utility,2
2024-07-18,1,5888,Ｇ－ダイワサイクル,0.38460120032196404,True,1,2.0954998282377124,A06_dual_tail_neighbor_utility,2
2024-07-18,2,1866,北野建,0.23821384764162967,True,1,1.5471167369901506,A06_dual_tail_neighbor_utility,2
2024-07-19,1,6310,井関農,0.30253794314459814,True,0,-0.38834951456310218,A06_dual_tail_neighbor_utility,2
2024-07-19,2,3668,コロプラ,0.26689895683782155,True,0,-0.47318611987381409,A06_dual_tail_neighbor_utility,2
2024-07-22,1,6625,ＪＡＬＣＯ ＨＤ,0.34231870215770227,True,0,-1.3257575757575801,A06_dual_tail_neighbor_utility,2
2024-07-22,2,5871,ＳＯＬＩＺＥ,0.31966270502515926,True,0,-3.4526854219948833,A06_dual_tail_neighbor_utility,2
2024-07-23,1,4967,小林製薬,0.33101086835214433,True,0,-1.1650485436893177,A06_dual_tail_neighbor_utility,2
2024-07-23,2,3133,Ｇ－海帆,0.29469208123892615,True,1,1.3745704467353903,A06_dual_tail_neighbor_utility,2
2024-07-24,1,6584,三桜工,0.60092022022917813,True,0,-0.50251256281407253,A06_dual_tail_neighbor_utility,2
2024-07-24,2,6089,ウィルグループ,0.32570278763813648,True,0,-1.6346153846153899,A06_dual_tail_neighbor_utility,2
2024-07-25,1,9418,Ｕ－ＮＥＸＴ,0.20745843299681227,True,1,3.1556039173014083,A06_dual_tail_neighbor_utility,2
2024-07-25,2,4812,電通総研,0.19354838709677416,True,1,1.3182674199623268,A06_dual_tail_neighbor_utility,2
2024-07-26,1,3001,片倉,0.39559257115258906,True,1,1.1840157868771684,A06_dual_tail_neighbor_utility,2
2024-07-26,2,4095,日パーカライ,0.30859045858345824,True,0,-0.5695687550854367,A06_dual_tail_neighbor_utility,2
2024-07-29,1,4414,Ｇ－フレクト,0.31970710196271995,True,1,2.960526315789469,A06_dual_tail_neighbor_utility,2
2024-07-29,2,4186,東応化,0.19354838709677416,True,1,0.82601961796593404,A06_dual_tail_neighbor_utility,2
2024-07-30,1,8927,明豊エンター,0.36038988968817826,True,1,4.3835616438356206,A06_dual_tail_neighbor_utility,2
2024-07-30,2,7276,小糸製,0.18371449629343495,True,1,3.7740384615384537,A06_dual_tail_neighbor_utility,2
2024-07-31,1,4911,資生堂,0.11855827261656154,True,1,0.87625561017310449,A06_dual_tail_neighbor_utility,2
2024-07-31,2,8923,トーセイ,0.090876848898108598,True,1,1.0843373493975905,A06_dual_tail_neighbor_utility,2
2025-04-01,1,5595,Ｇ－ＱＰＳ研究所,0.48462728923627502,True,0,-3.7239868565169809,A06_dual_tail_neighbor_utility,2
2025-04-01,2,7122,近畿車輌,0.34406228282585094,True,0,-3.2131147540983562,A06_dual_tail_neighbor_utility,2
2025-04-02,1,4480,メドレー,0.25800816919603387,True,0,-1.2956810631229221,A06_dual_tail_neighbor_utility,2
2025-04-02,2,5943,ノーリツ,0.25800816919603387,True,0,-1.4689265536723117,A06_dual_tail_neighbor_utility,2
2025-04-03,1,5027,Ｇ－ＡｎｙＭｉｎｄ,0.26119337736178827,True,1,0.21551724137931494,A06_dual_tail_neighbor_utility,2
2025-04-03,2,2670,ＡＢＣマート,0.1854009002633813,True,1,1.1020776874435478,A06_dual_tail_neighbor_utility,2
2025-04-04,1,4612,日ペイントＨＤ,0.19354838709677416,True,0,-2.1535580524344566,A06_dual_tail_neighbor_utility,2
2025-04-04,2,3566,Ｇ－ユニネク,0.051282121418850246,True,0,-0.40241448692153181,A06_dual_tail_neighbor_utility,2
2025-04-07,1,3046,ＪＩＮＳＨＤ,0.33349060190645441,True,1,3.3003300330032959,A06_dual_tail_neighbor_utility,2
2025-04-07,2,9006,京急,0.19805951487872805,True,0,-1.9822282980177741,A06_dual_tail_neighbor_utility,2
2025-04-08,1,2735,ワッツ,0.23350780780474284,True,1,4.0650406504065151,A06_dual_tail_neighbor_utility,2
2025-04-08,2,8739,スパークス,0.19757965286434759,True,1,2.3130300693908978,A06_dual_tail_neighbor_utility,2
2025-04-09,1,7554,幸楽苑,0.30520579618994059,True,0,-1.285855588526208,A06_dual_tail_neighbor_utility,2
2025-04-09,2,7590,タカショー,0.27362510249949096,True,0,-1.3333333333333308,A06_dual_tail_neighbor_utility,2
2025-04-10,1,6479,ミネベアミツミ,0.35340255945962867,True,0,-1.3735589894530276,A06_dual_tail_neighbor_utility,2
2025-04-10,2,6957,芝浦電子,0.35340255945962867,True,1,0.42735042735042583,A06_dual_tail_neighbor_utility,2
2025-04-11,1,6184,鎌倉新書,0.27257850934959682,True,1,4.4705882352941151,A06_dual_tail_neighbor_utility,2
2025-04-11,2,1904,大成温調,0.25377340524227127,True,1,2.7259684361549574,A06_dual_tail_neighbor_utility,2
2025-04-14,1,1419,タマホーム,0.30578451697278569,True,0,-1.192052980132452,A06_dual_tail_neighbor_utility,2
2025-04-14,2,3093,トレファク,0.15031325776338755,True,1,1.6819571865443361,A06_dual_tail_neighbor_utility,2
2025-04-22,1,6952,カシオ計,0.35340255945962867,True,0,-0.58903488898958134,A06_dual_tail_neighbor_utility,2
2025-04-22,2,6238,フリュー,0.20046168278344875,True,1,0.43103448275862988,A06_dual_tail_neighbor_utility,2
2025-04-23,1,2742,ハローズ,0.21726804584150261,True,0,-0.33936651583710287,A06_dual_tail_neighbor_utility,2
2025-04-23,2,1720,東急建設,0.19354838709677416,True,1,2.5609756097560998,A06_dual_tail_neighbor_utility,2
2025-04-24,1,7769,リズム,0.30842660263676869,True,0,0,A06_dual_tail_neighbor_utility,2
2025-04-24,2,6196,ストライク,0.2383908700670099,True,0,-0.65517241379310365,A06_dual_tail_neighbor_utility,2
2025-04-25,1,8714,池田泉州,0.35340255945962867,True,0,0,A06_dual_tail_neighbor_utility,2
2025-04-25,2,1969,高砂熱,0.24628807154969401,True,0,-2.2374352980464196,A06_dual_tail_neighbor_utility,2
2025-04-30,1,3121,マーチャント,0.36108890165579743,True,0,-1.016949152542368,A06_dual_tail_neighbor_utility,2
2025-04-30,2,9206,ＳＦＪ,0.19340031290259446,True,1,2.0015396458814561,A06_dual_tail_neighbor_utility,2
2025-05-01,1,8604,野村,0.5010028084185717,True,1,0.025097251850936253,A06_dual_tail_neighbor_utility,2
2025-05-01,2,8927,明豊エンター,0.36942777521049419,True,0,-0.60422960725075026,A06_dual_tail_neighbor_utility,2
2025-05-08,1,3046,ＪＩＮＳＨＤ,0.41778870127056611,True,1,0.11037527593817931,A06_dual_tail_neighbor_utility,2
2025-05-08,2,7134,アップガレージＧ,0.36309970726765584,True,1,1.2371134020618513,A06_dual_tail_neighbor_utility,2
2025-05-09,1,2735,ワッツ,0.34162939637028594,True,1,3.9492242595204452,A06_dual_tail_neighbor_utility,2
2025-05-09,2,6088,シグマクシスＨＤ,0.24061617912305622,True,1,4.3689320388349495,A06_dual_tail_neighbor_utility,2
2025-05-12,1,7150,島根銀行,0.25874211429385596,True,1,2.7600849256900206,A06_dual_tail_neighbor_utility,2
2025-05-12,2,3093,トレファク,0.25841891897228647,True,0,-1.7830609212481474,A06_dual_tail_neighbor_utility,2
2025-05-13,1,3064,ＭＲＯ,0.22672377213688377,True,1,1.9641043007111447,A06_dual_tail_neighbor_utility,2
2025-05-13,2,3611,マツオカ,0.19354838709677416,True,1,1.3521126760563273,A06_dual_tail_neighbor_utility,2
2025-05-14,1,2654,アスモ,0.19354838709677416,True,0,0,A06_dual_tail_neighbor_utility,2
2025-05-14,2,4771,エフアンドエム,0.19354838709677416,True,0,-1.1504424778761013,A06_dual_tail_neighbor_utility,2
2025-05-15,1,2612,かどや製油,0.21785412691581996,True,1,0.13927576601671099,A06_dual_tail_neighbor_utility,2
2025-05-15,2,7266,今仙電機,0.19619006363792885,True,0,0,A06_dual_tail_neighbor_utility,2
2025-05-16,1,6095,メドピア,0.23059166747717452,True,0,0,A06_dual_tail_neighbor_utility,2
2025-05-16,2,7182,ゆうちょ銀行,0.16278677625624816,True,0,-1.4836795252225476,A06_dual_tail_neighbor_utility,2
2025-05-19,1,9444,トーシンＨＤ,0.60930469959911948,True,1,0.65681444991789739,A06_dual_tail_neighbor_utility,2
2025-05-19,2,5301,東海カーボン,0.29990315170542692,True,1,0.4321608040200875,A06_dual_tail_neighbor_utility,2
2025-05-20,1,5580,Ｇ－プロディライト,0.36008441795206231,True,0,-2.732240437158473,A06_dual_tail_neighbor_utility,2
2025-05-20,2,177A,Ｇ－コージンバイオ,0.14253309459328384,True,0,-0.9445100354191216,A06_dual_tail_neighbor_utility,2
2025-05-21,1,6822,大井電気,0.1457814358442783,True,0,0,A06_dual_tail_neighbor_utility,2
2025-05-21,2,3841,ジーダット,0.12752849884522482,True,0,0,A06_dual_tail_neighbor_utility,2
2025-05-27,1,4927,ポーラオルＨＤ,0.35200330005858743,True,1,0.52238805970148405,A06_dual_tail_neighbor_utility,2
2025-05-27,2,9206,ＳＦＪ,0.27895704691123069,True,1,1.2042818911685904,A06_dual_tail_neighbor_utility,2
2025-05-28,1,4015,Ｇ－ペイクラウドＨＤ,0.34100006851818676,True,0,-0.38412291933418441,A06_dual_tail_neighbor_utility,2
2025-05-28,2,7718,スター精密,0.18921147866505428,True,1,1.1911852293031489,A06_dual_tail_neighbor_utility,2
2025-05-29,1,3359,Ｇ－ｃｏｔｔａ,0.21770531880143359,True,0,-2.5056947608200431,A06_dual_tail_neighbor_utility,2
2025-05-29,2,7236,ティラド,0.21709533768991346,True,0,-1.0373443983402453,A06_dual_tail_neighbor_utility,2
2025-05-30,1,3997,トレードワークス,0.18331740764976368,True,0,-1.6949152542372836,A06_dual_tail_neighbor_utility,2
2025-05-30,2,3093,トレファク,0.087699213086240568,True,0,-0.05125576627370565,A06_dual_tail_neighbor_utility,2
2025-06-02,1,9682,ＤＴＳ,0.26580815597141166,True,1,0.91370558375634126,A06_dual_tail_neighbor_utility,2
2025-06-02,2,3161,アゼアス,0.19354838709677416,True,1,0.15600624024960652,A06_dual_tail_neighbor_utility,2
2025-06-03,1,285A,キオクシアＨＤ,0.16048943948907418,True,0,-0.99900099900099848,A06_dual_tail_neighbor_utility,2
2025-06-03,2,5122,オカモト,0.09304131135417848,True,0,-1.1857707509881465,A06_dual_tail_neighbor_utility,2
2025-06-04,1,2670,ＡＢＣマート,0.42001574111979184,True,1,2.9568934805842551,A06_dual_tail_neighbor_utility,2
2025-06-04,2,6039,Ｇ－日本動物高度医療,0.41632607903185126,True,1,3.2586558044806591,A06_dual_tail_neighbor_utility,2
2025-06-05,1,7445,ライトオン,0.18849742488761956,True,0,-3.9603960396039639,A06_dual_tail_neighbor_utility,2
2025-06-05,2,9278,ブックオフＧＨＤ,0.070176739433986418,True,1,0.43827611395179655,A06_dual_tail_neighbor_utility,2
2025-06-06,1,7134,アップガレージＧ,0.45579147319967117,True,1,1.2017167381974225,A06_dual_tail_neighbor_utility,2
2025-06-06,2,3046,ＪＩＮＳＨＤ,0.41047388320429379,True,0,-4.2744656917885315,A06_dual_tail_neighbor_utility,2
2025-06-09,1,2735,ワッツ,0.45946405825287617,True,0,-0.56179775280899014,A06_dual_tail_neighbor_utility,2
2025-06-09,2,7422,東邦レマック,0.34754316515746475,True,0,-0.68807339449541427,A06_dual_tail_neighbor_utility,2
2025-06-10,1,7046,Ｇ－ＴＤＳＥ,0.2165439662585856,True,1,3.0344827586206824,A06_dual_tail_neighbor_utility,2
2025-06-10,2,3160,大光,0.10724158343050233,True,1,0.36101083032491488,A06_dual_tail_neighbor_utility,2
2025-06-11,1,3064,ＭＲＯ,0.39984763832716269,True,1,1.3375571981696588,A06_dual_tail_neighbor_utility,2
2025-06-11,2,3542,Ｇ－ＶＥＧＡ,0.36168724270279806,True,1,0.35739814152966343,A06_dual_tail_neighbor_utility,2
2025-06-12,1,3205,ダイドー,0.16048943948907418,True,1,0.2012072434607548,A06_dual_tail_neighbor_utility,2
2025-06-12,2,4318,クイック,0.069355815990815251,True,0,-0.58087578194816469,A06_dual_tail_neighbor_utility,2
2025-06-13,1,219A,Ｇ－ハートシード,0.29157826797115338,True,1,8.0691642651296913,A06_dual_tail_neighbor_utility,2
2025-06-13,2,1885,東亜建,0.28757203964366063,True,0,-1.0603048376408242,A06_dual_tail_neighbor_utility,2
2025-06-17,1,286A,Ｇ－ユカリア,0.23560814815212167,True,0,-1.0923535253227423,A06_dual_tail_neighbor_utility,2
2025-06-17,2,3086,Ｊフロント,0.20235028712842495,True,1,0.99304865938429909,A06_dual_tail_neighbor_utility,2
2025-06-18,1,6927,ヘリオステクノＨ,0.040851801664890164,True,0,-1.7278617710583144,A06_dual_tail_neighbor_utility,2
2025-06-18,2,7898,ウッドワン,0.029069248221434391,True,0,-0.12195121951219523,A06_dual_tail_neighbor_utility,2
2025-06-19,1,7043,Ｇ－アルー,0.58214825163567241,True,0,-0.51813471502590858,A06_dual_tail_neighbor_utility,2
2025-06-19,2,2685,アダストリア,0.12061404478580867,True,1,0.658578856152503,A06_dual_tail_neighbor_utility,2
2025-06-20,1,8725,ＭＳ＆ＡＤ,0.25891491751828377,True,0,-1.0015649452269182,A06_dual_tail_neighbor_utility,2
2025-06-20,2,7851,カワセコンピュ,0.2081275875591771,True,0,-4.1666666666666625,A06_dual_tail_neighbor_utility,2
2025-06-24,1,6702,富士通,0.38388089494834954,True,1,0.11876484560569001,A06_dual_tail_neighbor_utility,2
2025-06-24,2,9625,セレスポ,0.3122134799626029,True,1,0.27777777777777679,A06_dual_tail_neighbor_utility,2
2025-06-25,1,4015,Ｇ－ペイクラウドＨＤ,0.37570851362613433,True,1,6.3134160090191571,A06_dual_tail_neighbor_utility,2
2025-06-25,2,1447,Ｇ－ＳＡＡＦＨＤ,0.17610845780426548,True,1,1.8382352941176405,A06_dual_tail_neighbor_utility,2
2025-06-26,1,7793,Ｇ－イメージマジック,0.32050982748285911,True,0,-0.45941807044410643,A06_dual_tail_neighbor_utility,2
2025-06-26,2,8750,第一生命ＨＤ,0.23804938543617721,True,1,1.5471167369901506,A06_dual_tail_neighbor_utility,2
2025-06-27,1,9206,ＳＦＪ,0.64409650910930594,True,1,0.51425899953250198,A06_dual_tail_neighbor_utility,2
2025-06-27,2,9331,Ｇ－キャスター,0.19354838709677416,True,0,-2.7906976744186074,A06_dual_tail_neighbor_utility,2
2025-06-30,1,5994,ファインシンター,0.49264121237235386,True,0,-0.72289156626506035,A06_dual_tail_neighbor_utility,2
2025-06-30,2,8316,三井住友,0.33588825536191497,True,0,-0.49288061336254518,A06_dual_tail_neighbor_utility,2
2025-07-01,1,3094,スーパーＶ,0.45555278082904349,True,1,0.53981106612686069,A06_dual_tail_neighbor_utility,2
2025-07-01,2,3377,バイク王,0.19354838709677416,True,0,-0.92165898617511122,A06_dual_tail_neighbor_utility,2
2025-07-02,1,3003,ヒューリック,0.23658262126356042,True,0,-0.54495912806539204,A06_dual_tail_neighbor_utility,2
2025-07-02,2,6191,エアトリ,0.19354838709677416,True,0,-2.4830699774266329,A06_dual_tail_neighbor_utility,2
2025-07-07,1,3046,ＪＩＮＳＨＤ,0.24109498543626848,True,1,4.7029702970297071,A06_dual_tail_neighbor_utility,2
2025-07-07,2,7422,東邦レマック,0.23601014422280661,True,0,-0.51546391752577136,A06_dual_tail_neighbor_utility,2
2025-07-08,1,7134,アップガレージＧ,0.33311584755919399,True,1,1.9004524886877761,A06_dual_tail_neighbor_utility,2
2025-07-08,2,2735,ワッツ,0.32956811879922854,True,1,0.28129395218001729,A06_dual_tail_neighbor_utility,2
2025-07-09,1,3252,地主,0.13684459641027946,True,1,3.937007874015741,A06_dual_tail_neighbor_utility,2
2025-07-09,2,6584,三桜工,0.13657397340683947,True,1,1.4263074484944571,A06_dual_tail_neighbor_utility,2
2025-07-10,1,3097,物語コーポ,0.32245314357758548,True,0,-1.834862385321101,A06_dual_tail_neighbor_utility,2
2025-07-10,2,4745,東京個別,0.16714863890682821,True,0,-1.9230769230769273,A06_dual_tail_neighbor_utility,2
2025-07-11,1,3064,ＭＲＯ,0.44875031115855668,True,1,2.6925820256776145,A06_dual_tail_neighbor_utility,2
2025-07-11,2,3399,山岡家,0.34351430419417017,True,1,0.17006802721089009,A06_dual_tail_neighbor_utility,2
2025-07-14,1,7512,イオン北海,0.2677617270042657,True,1,1.1350737797956922,A06_dual_tail_neighbor_utility,2
2025-07-14,2,6323,ローツェ,0.13544775937111098,True,1,3.3297529538131032,A06_dual_tail_neighbor_utility,2
2025-07-15,1,7043,Ｇ－アルー,0.49190677469172095,True,0,0,A06_dual_tail_neighbor_utility,2
2025-07-15,2,7185,ヒロセ通商,0.19933168551143846,True,0,-0.34602076124568004,A06_dual_tail_neighbor_utility,2
2025-07-16,1,4343,イオンファン,0.29488911768973436,True,0,-0.32414910858995505,A06_dual_tail_neighbor_utility,2
2025-07-16,2,3548,バロック,0.24332890703712762,True,0,-2.839506172839501,A06_dual_tail_neighbor_utility,2
2025-07-23,1,6769,ザイン,0.21531054431776003,True,1,1.0238907849829282,A06_dual_tail_neighbor_utility,2
2025-07-23,2,6045,Ｇ－レントラックス,0.14422084625042181,True,0,-0.2525252525252486,A06_dual_tail_neighbor_utility,2
2025-07-24,1,4777,ガーラ,0.48806972497265722,True,0,-0.85470085470085166,A06_dual_tail_neighbor_utility,2
2025-07-24,2,3943,大石産業,0.260468310864723,True,1,0.57899090157154109,A06_dual_tail_neighbor_utility,2
2025-07-25,1,6095,メドピア,0.23243717661137386,True,0,-0.56980056980057148,A06_dual_tail_neighbor_utility,2
2025-07-25,2,4936,アクシージア,0.12471251669658479,True,0,-0.8113590263691739,A06_dual_tail_neighbor_utility,2
2025-07-28,1,7203,トヨタ自,0.22899458399667505,True,0,-0.14239943040227354,A06_dual_tail_neighbor_utility,2
2025-07-28,2,2693,ＹＫＴ,0.19354838709677416,True,1,1.2396694214876103,A06_dual_tail_neighbor_utility,2
2025-07-29,1,9206,ＳＦＪ,0.53721436295782266,True,1,0.36036036036035668,A06_dual_tail_neighbor_utility,2
2025-07-29,2,8737,あかつき本社,0.23402504965705187,True,0,0,A06_dual_tail_neighbor_utility,2
2025-07-30,1,2871,ニチレイ,0.11488203866346949,True,1,1.1957730812013345,A06_dual_tail_neighbor_utility,2
2025-07-30,2,8614,東洋証,0.10508756633287242,True,1,0.79207920792079278,A06_dual_tail_neighbor_utility,2
2025-07-31,1,2217,モロゾフ,0.19354838709677416,True,0,-1.7285531370038409,A06_dual_tail_neighbor_utility,2
2025-07-31,2,4436,Ｇ－ミンカブ,0.14636123158504716,True,1,0.59055118110236116,A06_dual_tail_neighbor_utility,2
2024-07-01,1,3116,トヨタ紡織,0.047957909649163022,True,0,-1.0387811634348987,A07_event_family_prototype,1
2024-07-02,1,3840,ＰＡＴＨ,0.047957909649163022,True,0,-0.68965517241379448,A07_event_family_prototype,1
2024-07-03,1,7267,ホンダ,0.047957909649163022,True,1,0.20172910662823451,A07_event_family_prototype,1
2024-07-04,1,2753,あみやき,0.047957909649163022,True,0,-3.6269430051813489,A07_event_family_prototype,1
2024-07-05,1,4978,Ｇ－リプロセル,0.047957909649163022,True,1,1.4598540145985384,A07_event_family_prototype,1
2024-07-08,1,4265,Ｇ－ＩＧＳ,0.047957909649163022,True,1,1.87353629976581,A07_event_family_prototype,1
2024-07-09,1,1963,日揮ＨＤ,0.047957909649163022,True,1,0.15936254980080111,A07_event_family_prototype,1
2024-07-10,1,2705,大戸屋ＨＤ,0.047957909649163022,True,0,-0.19193857965451588,A07_event_family_prototype,1
2024-07-11,1,4118,カネカ,0.047957909649163022,True,1,2.688679245283021,A07_event_family_prototype,1
2024-07-12,1,1925,大和ハウス,0.047957909649163022,True,1,1.2755716004813511,A07_event_family_prototype,1
2024-07-16,1,4385,メルカリ,0.047957909649163022,True,0,-1.6135705419942026,A07_event_family_prototype,1
2024-07-17,1,3865,北越コーポレーション,0.047957909649163022,True,1,1.5539305301645268,A07_event_family_prototype,1
2024-07-18,1,165A,Ｇ－ＳＢＩレオス,0.047957909649163022,True,0,-1.7988552739165997,A07_event_family_prototype,1
2024-07-19,1,2588,プレミアムウォーター,0.047957909649163022,True,0,-0.66445182724252927,A07_event_family_prototype,1
2024-07-22,1,2130,メンバーズ,0.047957909649163022,True,0,-1.5118790496760237,A07_event_family_prototype,1
2024-07-23,1,3402,東レ,0.047957909649163022,True,0,-0.012738853503191372,A07_event_family_prototype,1
2024-07-24,1,6937,古河電池,0.14319351649947815,True,0,-1.0721944245889903,A07_event_family_prototype,1
2024-07-25,1,2175,ＳＭＳ,0.047957909649163022,True,0,-2.1908471275559838,A07_event_family_prototype,1
2024-07-26,1,2753,あみやき,0.047957909649163022,True,1,1.2891344383057168,A07_event_family_prototype,1
2024-07-29,1,2811,カゴメ,0.047957909649163022,True,1,2.0000000000000018,A07_event_family_prototype,1
2024-07-30,1,8886,ウッドフレンス,0.71146700899910931,True,,,A07_event_family_prototype,1
2024-07-31,1,6182,Ｇ－メタリアル,0.047957909649163022,True,1,1.4354066985645897,A07_event_family_prototype,1
2025-04-01,1,4584,Ｇ－キッズ・バイオ,0.12496149140338061,True,0,0,A07_event_family_prototype,1
2025-04-02,1,3923,ラクス,0.023154861469953061,True,1,0.25773195876288568,A07_event_family_prototype,1
2025-04-03,1,7638,ＮＥＷ ＡＲＴ,-0.084030883945414858,True,1,2.024922118380057,A07_event_family_prototype,1
2025-04-04,1,2927,ＡＦＣ－ＨＤ,0.12496149140338061,True,0,-1.9024970273483932,A07_event_family_prototype,1
2025-04-07,1,4088,エア・ウォーター,0.023154861469953061,True,0,-1.1470588235294121,A07_event_family_prototype,1
2025-04-08,1,3291,飯田ＧＨＤ,-0.10838088856994098,True,0,-0.39098436062557917,A07_event_family_prototype,1
2025-04-09,1,4183,三井化学,0.023154861469953061,True,0,-2.2265077138849954,A07_event_family_prototype,1
2025-04-10,1,4495,Ｇ－アイキューブド,0.12496149140338061,True,0,-5.1250000000000018,A07_event_family_prototype,1
2025-04-11,1,1808,長谷工,0.023154861469953061,True,1,1.845504877405757,A07_event_family_prototype,1
2025-04-14,1,6118,アイダ,0.041906727382297879,True,1,4.756097560975614,A07_event_family_prototype,1
2025-04-22,1,3105,日清紡ＨＤ,-0.08693798604537202,True,1,0.79306071871128037,A07_event_family_prototype,1
2025-04-23,1,2437,シンワワイズ,0.023154861469953061,True,1,1.538461538461533,A07_event_family_prototype,1
2025-04-24,1,6517,デンヨー,-0.07418688421655989,True,0,-3.2860040567951332,A07_event_family_prototype,1
2025-04-25,1,7244,市光工,-0.08693798604537202,True,1,0.51150895140665842,A07_event_family_prototype,1
2025-04-30,1,4914,高砂香料,0.16409487152240895,True,0,0,A07_event_family_prototype,1
2025-05-01,1,4526,理研ビタミン,0.14150477648710966,True,1,0.86580086580085869,A07_event_family_prototype,1
2025-05-08,1,4551,鳥居薬,0.060676186519837576,True,0,-0.15748031496063408,A07_event_family_prototype,1
2025-05-09,1,4523,エーザイ,-0.0012110180932443147,True,0,-0.44247787610619538,A07_event_family_prototype,1
2025-05-12,1,3050,ＤＣＭ,-0.0012110180932443147,True,1,0.074404761904767192,A07_event_family_prototype,1
2025-05-13,1,8595,ジャフコ グループ,-0.064320279038254005,True,0,-0.20669698222406385,A07_event_family_prototype,1
2025-05-14,1,5257,ノバシステム,-0.0012110180932443147,True,1,3.0336662967073602,A07_event_family_prototype,1
2025-05-15,1,8746,ＵＮＢＡＮＫＥＤ,0.5547761143628509,True,0,-2.166064981949456,A07_event_family_prototype,1
2025-05-16,1,1911,住友林,-0.0012110180932443147,True,1,0.7655502392344582,A07_event_family_prototype,1
2025-05-19,1,4071,プラスアルファ,-0.0012110180932443147,True,0,-2.3696682464454999,A07_event_family_prototype,1
2025-05-20,1,7458,第一興商,0.14150477648710966,True,0,-1.749999999999996,A07_event_family_prototype,1
2025-05-21,1,4196,ネオマーケ,0.14150477648710966,True,1,4.4117647058823595,A07_event_family_prototype,1
2025-05-27,1,1911,住友林,-0.0012110180932443147,True,1,1.137739046235775,A07_event_family_prototype,1
2025-05-28,1,6594,ニデック,0.14150477648710966,True,0,-1.3157894736842146,A07_event_family_prototype,1
2025-05-29,1,1808,長谷工,-0.0012110180932443147,True,0,-0.28585040495473502,A07_event_family_prototype,1
2025-05-30,1,6702,富士通,-0.0012110180932443147,True,1,1.4368694588810849,A07_event_family_prototype,1
2025-06-02,1,7984,コクヨ,0.019470661159562214,True,1,1.441383728379253,A07_event_family_prototype,1
2025-06-03,1,3161,アゼアス,-0.0099522211254348507,True,0,-0.31104199066873672,A07_event_family_prototype,1
2025-06-04,1,7259,アイシン,0.12034380147681921,True,0,-1.8131868131868178,A07_event_family_prototype,1
2025-06-05,1,6479,ミネベアミツミ,-0.019331261977220061,True,1,0.12886597938144284,A07_event_family_prototype,1
2025-06-06,1,3415,トウキョウベース,-0.0099522211254348507,True,0,-0.512820512820511,A07_event_family_prototype,1
2025-06-09,1,3948,光ビジネス,0.2363480355856783,True,0,-0.74280408542246601,A07_event_family_prototype,1
2025-06-10,1,9444,トーシンＨＤ,0.5005528205537737,True,1,0.32102728731941976,A07_event_family_prototype,1
2025-06-11,1,9164,Ｇ－トライト,0.045050348436306835,True,0,0,A07_event_family_prototype,1
2025-06-12,1,4929,アジュバンＨＤ,-0.0099522211254348507,True,1,0.26595744680850686,A07_event_family_prototype,1
2025-06-13,1,4447,Ｇ－ＰＢシステムズ,0.2363480355856783,True,1,1.2000000000000011,A07_event_family_prototype,1
2025-06-17,1,6297,鉱研工業,0.045050348436306835,True,0,0,A07_event_family_prototype,1
2025-06-18,1,2602,日清オイリオ,0.0027240934684563743,True,1,2.5176233635448186,A07_event_family_prototype,1
2025-06-19,1,1518,三井松島ＨＤ,0.12034380147681921,True,1,0.70564516129032473,A07_event_family_prototype,1
2025-06-20,1,3107,ダイワボＨＤ,0.0027240934684563743,True,0,-0.27279812938425518,A07_event_family_prototype,1
2025-06-24,1,9432,ＮＴＴ,-0.019331261977220061,True,0,-0.1323626737260053,A07_event_family_prototype,1
2025-06-25,1,4732,ＵＳＳ,0.004367324702320886,True,0,-0.096463022508042062,A07_event_family_prototype,1
2025-06-26,1,9023,東京メトロ,0.0027240934684563743,True,1,0.17804154302669684,A07_event_family_prototype,1
2025-06-27,1,1852,浅沼組,0.0027240934684563743,True,1,0.80645161290322509,A07_event_family_prototype,1
2025-06-30,1,7060,ギークス,0.004367324702320886,True,1,5.6249999999999911,A07_event_family_prototype,1
2025-07-01,1,4689,ＬＩＮＥヤフー,0.2669253554426973,True,1,0.65420560747664336,A07_event_family_prototype,1
2025-07-02,1,2997,Ｇ－ストレージ王,-0.034987807274790846,True,0,-0.34207525655644,A07_event_family_prototype,1
2025-07-07,1,7279,ハイレックス,0.0447309762392031,True,0,-1.4678899082568808,A07_event_family_prototype,1
2025-07-08,1,5463,丸一鋼管,0.033516073718074572,True,1,0.59322033898305815,A07_event_family_prototype,1
2025-07-09,1,4055,Ｇ－ティアンドエスＧ,-0.0085276060259733121,True,1,5.1993067590987874,A07_event_family_prototype,1
2025-07-10,1,8058,三菱商事,-0.0085276060259733121,True,0,-0.052182988345794712,A07_event_family_prototype,1
2025-07-11,1,5076,インフロニアＨＤ,-0.0085276060259733121,True,0,-0.2802241793434801,A07_event_family_prototype,1
2025-07-14,1,7593,ＶＴＨＤ,-0.0085276060259733121,True,1,0.43196544276458138,A07_event_family_prototype,1
2025-07-15,1,1963,日揮ＨＤ,-0.034987807274790846,True,0,-0.51464766429136777,A07_event_family_prototype,1
2025-07-16,1,7628,オーハシテクニカ,-0.0085276060259733121,True,1,2.213848327837975,A07_event_family_prototype,1
2025-07-23,1,3951,朝日印刷,0.2669253554426973,True,0,0,A07_event_family_prototype,1
2025-07-24,1,3608,ＴＳＩ ＨＤ,0.0447309762392031,True,0,-5.2813852813852868,A07_event_family_prototype,1
2025-07-25,1,336A,Ｇ－ダイナミクマップ,-0.0085276060259733121,True,0,-1.388888888888884,A07_event_family_prototype,1
2025-07-28,1,6862,ミナトＨＤ,0.02134644943929314,True,0,-0.11764705882353343,A07_event_family_prototype,1
2025-07-29,1,8334,群馬銀,0.2669253554426973,True,1,1.4587892049598761,A07_event_family_prototype,1
2025-07-30,1,1418,インターライフ,0.2669253554426973,True,0,-1.1904761904761862,A07_event_family_prototype,1
2025-07-31,1,4114,日触媒,0.025685642323729121,True,1,0.49722140976893314,A07_event_family_prototype,1
2024-07-01,1,3116,トヨタ紡織,0.047957909649163022,True,0,-1.0387811634348987,A07_event_family_prototype,2
2024-07-01,2,3199,綿半ホールディングス,0.047957909649163022,True,0,-0.61179087875417038,A07_event_family_prototype,2
2024-07-02,1,3840,ＰＡＴＨ,0.047957909649163022,True,0,-0.68965517241379448,A07_event_family_prototype,2
2024-07-02,2,4262,Ｇ－ニフティライフ,0.047957909649163022,True,0,-1.8181818181818188,A07_event_family_prototype,2
2024-07-03,1,7267,ホンダ,0.047957909649163022,True,1,0.20172910662823451,A07_event_family_prototype,2
2024-07-03,2,5208,有沢製,-0.018117971749695885,True,1,0.81607030759573984,A07_event_family_prototype,2
2024-07-04,1,2753,あみやき,0.047957909649163022,True,0,-3.6269430051813489,A07_event_family_prototype,2
2024-07-04,2,7366,ＬＩＴＡＬＩＣＯ,0.047957909649163022,True,0,-0.40959625511994835,A07_event_family_prototype,2
2024-07-05,1,4978,Ｇ－リプロセル,0.047957909649163022,True,1,1.4598540145985384,A07_event_family_prototype,2
2024-07-05,2,5618,Ｇ－ナイル,0.047957909649163022,True,1,1.9230769230769162,A07_event_family_prototype,2
2024-07-08,1,4265,Ｇ－ＩＧＳ,0.047957909649163022,True,1,1.87353629976581,A07_event_family_prototype,2
2024-07-08,2,4881,Ｇ－ファンペップ,0.047957909649163022,True,0,-6.3218390804597675,A07_event_family_prototype,2
2024-07-09,1,1963,日揮ＨＤ,0.047957909649163022,True,1,0.15936254980080111,A07_event_family_prototype,2
2024-07-09,2,2175,ＳＭＳ,0.047957909649163022,True,1,0.10277492291881352,A07_event_family_prototype,2
2024-07-10,1,2705,大戸屋ＨＤ,0.047957909649163022,True,0,-0.19193857965451588,A07_event_family_prototype,2
2024-07-10,2,7213,レシップＨＤ,0.047957909649163022,True,0,-1.5267175572519109,A07_event_family_prototype,2
2024-07-11,1,4118,カネカ,0.047957909649163022,True,1,2.688679245283021,A07_event_family_prototype,2
2024-07-11,2,4167,Ｇ－ココペリ,0.047957909649163022,True,0,-4.8128342245989275,A07_event_family_prototype,2
2024-07-12,1,1925,大和ハウス,0.047957909649163022,True,1,1.2755716004813511,A07_event_family_prototype,2
2024-07-12,2,2340,極楽湯ＨＤ,0.047957909649163022,True,0,0,A07_event_family_prototype,2
2024-07-16,1,4385,メルカリ,0.047957909649163022,True,0,-1.6135705419942026,A07_event_family_prototype,2
2024-07-16,2,4819,デジタルガレージ,0.047957909649163022,True,0,-0.86792452830188882,A07_event_family_prototype,2
2024-07-17,1,3865,北越コーポレーション,0.047957909649163022,True,1,1.5539305301645268,A07_event_family_prototype,2
2024-07-17,2,3970,Ｇ－イノベーション,0.047957909649163022,True,1,0.91673032849504121,A07_event_family_prototype,2
2024-07-18,1,165A,Ｇ－ＳＢＩレオス,0.047957909649163022,True,0,-1.7988552739165997,A07_event_family_prototype,2
2024-07-18,2,3837,アドソル日進,0.047957909649163022,True,0,-0.24777006937561907,A07_event_family_prototype,2
2024-07-19,1,2588,プレミアムウォーター,0.047957909649163022,True,0,-0.66445182724252927,A07_event_family_prototype,2
2024-07-19,2,3708,特種東海,0.047957909649163022,True,0,-0.65530799475753687,A07_event_family_prototype,2
2024-07-22,1,2130,メンバーズ,0.047957909649163022,True,0,-1.5118790496760237,A07_event_family_prototype,2
2024-07-22,2,3840,ＰＡＴＨ,0.047957909649163022,True,0,-1.3245033112582738,A07_event_family_prototype,2
2024-07-23,1,3402,東レ,0.047957909649163022,True,0,-0.012738853503191372,A07_event_family_prototype,2
2024-07-23,2,4390,ｉｐｓ,0.047957909649163022,True,0,-1.035375323554788,A07_event_family_prototype,2
2024-07-24,1,6937,古河電池,0.14319351649947815,True,0,-1.0721944245889903,A07_event_family_prototype,2
2024-07-24,2,2935,ピックルスＨＤ,0.047957909649163022,True,0,-1.653611836379465,A07_event_family_prototype,2
2024-07-25,1,2175,ＳＭＳ,0.047957909649163022,True,0,-2.1908471275559838,A07_event_family_prototype,2
2024-07-25,2,5071,ヴィス,0.047957909649163022,True,0,-3.1161473087818692,A07_event_family_prototype,2
2024-07-26,1,2753,あみやき,0.047957909649163022,True,1,1.2891344383057168,A07_event_family_prototype,2
2024-07-26,2,2754,東葛ＨＤ,0.047957909649163022,True,1,3.6121673003802313,A07_event_family_prototype,2
2024-07-29,1,2811,カゴメ,0.047957909649163022,True,1,2.0000000000000018,A07_event_family_prototype,2
2024-07-29,2,3123,サイボー,0.047957909649163022,True,1,0.19960079840319889,A07_event_family_prototype,2
2024-07-30,1,8886,ウッドフレンス,0.71146700899910931,True,,,A07_event_family_prototype,2
2024-07-30,2,4530,久光薬,0.047957909649163022,True,0,-0.60679611650485965,A07_event_family_prototype,2
2024-07-31,1,6182,Ｇ－メタリアル,0.047957909649163022,True,1,1.4354066985645897,A07_event_family_prototype,2
2024-07-31,2,8848,レオパレス２１,0.047957909649163022,True,1,3.5514018691588767,A07_event_family_prototype,2
2025-04-01,1,4584,Ｇ－キッズ・バイオ,0.12496149140338061,True,0,0,A07_event_family_prototype,2
2025-04-01,2,6493,ＮＩＴＴＡＮ,0.023154861469953061,True,0,-0.71428571428571175,A07_event_family_prototype,2
2025-04-02,1,3923,ラクス,0.023154861469953061,True,1,0.25773195876288568,A07_event_family_prototype,2
2025-04-02,2,3695,Ｇ－ＧＭＯ－Ｒ＆ＡＩ,-0.084321738394262949,True,1,0.86695565188397161,A07_event_family_prototype,2
2025-04-03,1,7638,ＮＥＷ ＡＲＴ,-0.084030883945414858,True,1,2.024922118380057,A07_event_family_prototype,2
2025-04-03,2,9211,Ｇ－エフ・コード,-0.084030883945414858,True,1,2.0706455542021995,A07_event_family_prototype,2
2025-04-04,1,2927,ＡＦＣ－ＨＤ,0.12496149140338061,True,0,-1.9024970273483932,A07_event_family_prototype,2
2025-04-04,2,3076,あいＨＤ,0.023154861469953061,True,0,-1.1088709677419373,A07_event_family_prototype,2
2025-04-07,1,4088,エア・ウォーター,0.023154861469953061,True,0,-1.1470588235294121,A07_event_family_prototype,2
2025-04-07,2,4298,プロトコーポ,0.023154861469953061,True,1,0.72463768115942351,A07_event_family_prototype,2
2025-04-08,1,3291,飯田ＧＨＤ,-0.10838088856994098,True,0,-0.39098436062557917,A07_event_family_prototype,2
2025-04-08,2,7718,スター精密,-0.10838088856994098,True,0,-2.1118012422360222,A07_event_family_prototype,2
2025-04-09,1,4183,三井化学,0.023154861469953061,True,0,-2.2265077138849954,A07_event_family_prototype,2
2025-04-09,2,1911,住友林,-0.052332710474776188,True,0,-3.397190293742014,A07_event_family_prototype,2
2025-04-10,1,4495,Ｇ－アイキューブド,0.12496149140338061,True,0,-5.1250000000000018,A07_event_family_prototype,2
2025-04-10,2,2292,Ｓ ＦＯＯＤＳ,-0.07418688421655989,True,0,-0.56680161943319929,A07_event_family_prototype,2
2025-04-11,1,1808,長谷工,0.023154861469953061,True,1,1.845504877405757,A07_event_family_prototype,2
2025-04-11,2,9401,ＴＢＳＨＤ,0.023154861469953061,True,0,-2.4269662921348356,A07_event_family_prototype,2
2025-04-14,1,6118,アイダ,0.041906727382297879,True,1,4.756097560975614,A07_event_family_prototype,2
2025-04-14,2,5357,ヨータイ,0.023154861469953061,True,1,0.45454545454546302,A07_event_family_prototype,2
2025-04-22,1,3105,日清紡ＨＤ,-0.08693798604537202,True,1,0.79306071871128037,A07_event_family_prototype,2
2025-04-22,2,3490,アズ企画設計,-0.08693798604537202,True,1,0.12381345439538283,A07_event_family_prototype,2
2025-04-23,1,2437,シンワワイズ,0.023154861469953061,True,1,1.538461538461533,A07_event_family_prototype,2
2025-04-23,2,4519,中外薬,-0.07418688421655989,True,0,-0.40111826911389814,A07_event_family_prototype,2
2025-04-24,1,6517,デンヨー,-0.07418688421655989,True,0,-3.2860040567951332,A07_event_family_prototype,2
2025-04-24,2,1878,大東建,-0.078477334417410324,True,0,-0.19243104554201862,A07_event_family_prototype,2
2025-04-25,1,7244,市光工,-0.08693798604537202,True,1,0.51150895140665842,A07_event_family_prototype,2
2025-04-25,2,2158,Ｇ－ＦＲＯＮＴＥＯ,-0.14486906801850044,True,1,6.0283687943262443,A07_event_family_prototype,2
2025-04-30,1,4914,高砂香料,0.16409487152240895,True,0,0,A07_event_family_prototype,2
2025-04-30,2,1934,ユアテック,-0.07418688421655989,True,1,0.16384489350080855,A07_event_family_prototype,2
2025-05-01,1,4526,理研ビタミン,0.14150477648710966,True,1,0.86580086580085869,A07_event_family_prototype,2
2025-05-01,2,9271,Ｇ－和心,-0.064320279038254005,True,1,0.45045045045044585,A07_event_family_prototype,2
2025-05-08,1,4551,鳥居薬,0.060676186519837576,True,0,-0.15748031496063408,A07_event_family_prototype,2
2025-05-08,2,9434,ソフトバンク,-0.0012110180932443147,True,0,-1.1160714285714302,A07_event_family_prototype,2
2025-05-09,1,4523,エーザイ,-0.0012110180932443147,True,0,-0.44247787610619538,A07_event_family_prototype,2
2025-05-09,2,4689,ＬＩＮＥヤフー,-0.0012110180932443147,True,1,1.0881801125703472,A07_event_family_prototype,2
2025-05-12,1,3050,ＤＣＭ,-0.0012110180932443147,True,1,0.074404761904767192,A07_event_family_prototype,2
2025-05-12,2,9719,ＳＣＳＫ,-0.0012110180932443147,True,1,0.20482476103778069,A07_event_family_prototype,2
2025-05-13,1,8595,ジャフコ グループ,-0.064320279038254005,True,0,-0.20669698222406385,A07_event_family_prototype,2
2025-05-13,2,2351,Ｇ－ＡＳＪ,-0.085431380283072761,True,0,-0.78740157480314821,A07_event_family_prototype,2
2025-05-14,1,5257,ノバシステム,-0.0012110180932443147,True,1,3.0336662967073602,A07_event_family_prototype,2
2025-05-14,2,2267,ヤクルト,-0.064320279038254005,True,1,1.9326241134751676,A07_event_family_prototype,2
2025-05-15,1,8746,ＵＮＢＡＮＫＥＤ,0.5547761143628509,True,0,-2.166064981949456,A07_event_family_prototype,2
2025-05-15,2,7593,ＶＴＨＤ,-0.0012110180932443147,True,0,-0.39447731755424265,A07_event_family_prototype,2
2025-05-16,1,1911,住友林,-0.0012110180932443147,True,1,0.7655502392344582,A07_event_family_prototype,2
2025-05-16,2,5357,ヨータイ,-0.0012110180932443147,True,1,2.7842227378190199,A07_event_family_prototype,2
2025-05-19,1,4071,プラスアルファ,-0.0012110180932443147,True,0,-2.3696682464454999,A07_event_family_prototype,2
2025-05-19,2,7504,高速,-0.0012110180932443147,True,0,-0.3082851637764894,A07_event_family_prototype,2
2025-05-20,1,7458,第一興商,0.14150477648710966,True,0,-1.749999999999996,A07_event_family_prototype,2
2025-05-20,2,9101,郵船,-0.0012110180932443147,True,0,-0.31092110376992332,A07_event_family_prototype,2
2025-05-21,1,4196,ネオマーケ,0.14150477648710966,True,1,4.4117647058823595,A07_event_family_prototype,2
2025-05-21,2,281A,Ｇ－インフォメティス,-0.064320279038254005,True,1,2.6058631921824116,A07_event_family_prototype,2
2025-05-27,1,1911,住友林,-0.0012110180932443147,True,1,1.137739046235775,A07_event_family_prototype,2
2025-05-27,2,8473,ＳＢＩ,-0.0012110180932443147,True,0,-0.19436345966957758,A07_event_family_prototype,2
2025-05-28,1,6594,ニデック,0.14150477648710966,True,0,-1.3157894736842146,A07_event_family_prototype,2
2025-05-28,2,2437,シンワワイズ,-0.0012110180932443147,True,0,-3.5820895522388096,A07_event_family_prototype,2
2025-05-29,1,1808,長谷工,-0.0012110180932443147,True,0,-0.28585040495473502,A07_event_family_prototype,2
2025-05-29,2,6957,芝浦電子,-0.0012110180932443147,True,0,0,A07_event_family_prototype,2
2025-05-30,1,6702,富士通,-0.0012110180932443147,True,1,1.4368694588810849,A07_event_family_prototype,2
2025-05-30,2,2742,ハローズ,-0.064320279038254005,True,1,1.0718113612004254,A07_event_family_prototype,2
2025-06-02,1,7984,コクヨ,0.019470661159562214,True,1,1.441383728379253,A07_event_family_prototype,2
2025-06-02,2,7463,アドヴァングループ,0.0027240934684563743,True,1,0.4761904761904745,A07_event_family_prototype,2
2025-06-03,1,3161,アゼアス,-0.0099522211254348507,True,0,-0.31104199066873672,A07_event_family_prototype,2
2025-06-03,2,4475,Ｇ－ＨＥＮＮＧＥ,-0.0099522211254348507,True,0,-0.58517555266579535,A07_event_family_prototype,2
2025-06-04,1,7259,アイシン,0.12034380147681921,True,0,-1.8131868131868178,A07_event_family_prototype,2
2025-06-04,2,6135,牧野フライス,0.045050348436306835,True,1,0.25839793281654533,A07_event_family_prototype,2
2025-06-05,1,6479,ミネベアミツミ,-0.019331261977220061,True,1,0.12886597938144284,A07_event_family_prototype,2
2025-06-05,2,4507,塩野義薬,-0.023773664284292711,True,1,0.43496271748135751,A07_event_family_prototype,2
2025-06-06,1,3415,トウキョウベース,-0.0099522211254348507,True,0,-0.512820512820511,A07_event_family_prototype,2
2025-06-06,2,4538,扶桑薬,-0.0099522211254348507,True,1,0.88785046728971917,A07_event_family_prototype,2
2025-06-09,1,3948,光ビジネス,0.2363480355856783,True,0,-0.74280408542246601,A07_event_family_prototype,2
2025-06-09,2,3360,シップＨＤ,0.0027240934684563743,True,1,1.3284709559781227,A07_event_family_prototype,2
2025-06-10,1,9444,トーシンＨＤ,0.5005528205537737,True,1,0.32102728731941976,A07_event_family_prototype,2
2025-06-10,2,9696,ウィザス,0.045050348436306835,True,0,-0.15503875968991832,A07_event_family_prototype,2
2025-06-11,1,9164,Ｇ－トライト,0.045050348436306835,True,0,0,A07_event_family_prototype,2
2025-06-11,2,6923,スタンレー電,0.0027240934684563743,True,1,2.2309477065857619,A07_event_family_prototype,2
2025-06-12,1,4929,アジュバンＨＤ,-0.0099522211254348507,True,1,0.26595744680850686,A07_event_family_prototype,2
2025-06-12,2,4231,タイガーポリ,-0.11358723124952809,True,0,-0.24844720496894901,A07_event_family_prototype,2
2025-06-13,1,4447,Ｇ－ＰＢシステムズ,0.2363480355856783,True,1,1.2000000000000011,A07_event_family_prototype,2
2025-06-13,2,8141,新光商,0.2363480355856783,True,0,-1.9427402862985721,A07_event_family_prototype,2
2025-06-17,1,6297,鉱研工業,0.045050348436306835,True,0,0,A07_event_family_prototype,2
2025-06-17,2,6730,アクセル,0.0027240934684563743,True,1,1.731160896130346,A07_event_family_prototype,2
2025-06-18,1,2602,日清オイリオ,0.0027240934684563743,True,1,2.5176233635448186,A07_event_family_prototype,2
2025-06-18,2,8078,阪和興,-0.0099522211254348507,True,1,0.57361376673039643,A07_event_family_prototype,2
2025-06-19,1,1518,三井松島ＨＤ,0.12034380147681921,True,1,0.70564516129032473,A07_event_family_prototype,2
2025-06-19,2,6371,椿本チエイン,0.0058702772932927947,True,0,-0.78475336322869627,A07_event_family_prototype,2
2025-06-20,1,3107,ダイワボＨＤ,0.0027240934684563743,True,0,-0.27279812938425518,A07_event_family_prototype,2
2025-06-20,2,7780,メニコン,0.0027240934684563743,True,1,1.3245033112582849,A07_event_family_prototype,2
2025-06-24,1,9432,ＮＴＴ,-0.019331261977220061,True,0,-0.1323626737260053,A07_event_family_prototype,2
2025-06-24,2,1929,日特建,-0.03819115452185623,True,0,-1.0879419764279197,A07_event_family_prototype,2
2025-06-25,1,4732,ＵＳＳ,0.004367324702320886,True,0,-0.096463022508042062,A07_event_family_prototype,2
2025-06-25,2,6544,ＪＥＳＨＤ,0.0027240934684563743,True,1,1.104294478527601,A07_event_family_prototype,2
2025-06-26,1,9023,東京メトロ,0.0027240934684563743,True,1,0.17804154302669684,A07_event_family_prototype,2
2025-06-26,2,4284,ソルクシーズ,-0.0099522211254348507,True,0,-1.2345679012345734,A07_event_family_prototype,2
2025-06-27,1,1852,浅沼組,0.0027240934684563743,True,1,0.80645161290322509,A07_event_family_prototype,2
2025-06-27,2,6198,Ｇ－キャリア,0.0027240934684563743,True,0,0,A07_event_family_prototype,2
2025-06-30,1,7060,ギークス,0.004367324702320886,True,1,5.6249999999999911,A07_event_family_prototype,2
2025-06-30,2,2353,日駐,0.0027240934684563743,True,0,-2.5830258302583009,A07_event_family_prototype,2
2025-07-01,1,4689,ＬＩＮＥヤフー,0.2669253554426973,True,1,0.65420560747664336,A07_event_family_prototype,2
2025-07-01,2,3003,ヒューリック,-0.0085276060259733121,True,0,-0.75342465753425181,A07_event_family_prototype,2
2025-07-02,1,2997,Ｇ－ストレージ王,-0.034987807274790846,True,0,-0.34207525655644,A07_event_family_prototype,2
2025-07-02,2,4262,Ｇ－ニフティライフ,-0.034987807274790846,True,0,-0.083892617449665696,A07_event_family_prototype,2
2025-07-07,1,7279,ハイレックス,0.0447309762392031,True,0,-1.4678899082568808,A07_event_family_prototype,2
2025-07-07,2,3993,ＰＫＳＨＡ,-0.0085276060259733121,True,0,-0.7225433526011571,A07_event_family_prototype,2
2025-07-08,1,5463,丸一鋼管,0.033516073718074572,True,1,0.59322033898305815,A07_event_family_prototype,2
2025-07-08,2,6395,タダノ,-0.0085276060259733121,True,1,8.9067989253978084,A07_event_family_prototype,2
2025-07-09,1,4055,Ｇ－ティアンドエスＧ,-0.0085276060259733121,True,1,5.1993067590987874,A07_event_family_prototype,2
2025-07-09,2,6634,ネクスＧ,-0.0085276060259733121,True,0,-2.7397260273972601,A07_event_family_prototype,2
2025-07-10,1,8058,三菱商事,-0.0085276060259733121,True,0,-0.052182988345794712,A07_event_family_prototype,2
2025-07-10,2,4167,Ｇ－ココペリ,-0.034987807274790846,True,0,-0.20703933747412417,A07_event_family_prototype,2
2025-07-11,1,5076,インフロニアＨＤ,-0.0085276060259733121,True,0,-0.2802241793434801,A07_event_family_prototype,2
2025-07-11,2,6479,ミネベアミツミ,-0.0085276060259733121,True,1,0.022624434389140191,A07_event_family_prototype,2
2025-07-14,1,7593,ＶＴＨＤ,-0.0085276060259733121,True,1,0.43196544276458138,A07_event_family_prototype,2
2025-07-14,2,8154,加賀電子,-0.0085276060259733121,True,1,0.42016806722688926,A07_event_family_prototype,2
2025-07-15,1,1963,日揮ＨＤ,-0.034987807274790846,True,0,-0.51464766429136777,A07_event_family_prototype,2
2025-07-15,2,3865,北越コーポレーション,-0.034987807274790846,True,0,-2.0527859237536639,A07_event_family_prototype,2
2025-07-16,1,7628,オーハシテクニカ,-0.0085276060259733121,True,1,2.213848327837975,A07_event_family_prototype,2
2025-07-16,2,2927,ＡＦＣ－ＨＤ,-0.034987807274790846,True,0,-0.33860045146726359,A07_event_family_prototype,2
2025-07-23,1,3951,朝日印刷,0.2669253554426973,True,0,0,A07_event_family_prototype,2
2025-07-23,2,7818,トランザクション,0.025685642323729121,True,1,0.89576547231269288,A07_event_family_prototype,2
2025-07-24,1,3608,ＴＳＩ ＨＤ,0.0447309762392031,True,0,-5.2813852813852868,A07_event_family_prototype,2
2025-07-24,2,3993,ＰＫＳＨＡ,-0.033768256561360968,True,1,0.86705202312138407,A07_event_family_prototype,2
2025-07-25,1,336A,Ｇ－ダイナミクマップ,-0.0085276060259733121,True,0,-1.388888888888884,A07_event_family_prototype,2
2025-07-25,2,4439,東名,-0.0085276060259733121,True,0,-0.43835616438355762,A07_event_family_prototype,2
2025-07-28,1,6862,ミナトＨＤ,0.02134644943929314,True,0,-0.11764705882353343,A07_event_family_prototype,2
2025-07-28,2,5020,ＥＮＥＯＳ,-0.0085276060259733121,True,0,-0.1290322580645209,A07_event_family_prototype,2
2025-07-29,1,8334,群馬銀,0.2669253554426973,True,1,1.4587892049598761,A07_event_family_prototype,2
2025-07-29,2,6479,ミネベアミツミ,-0.0085276060259733121,True,1,0.65525258930458907,A07_event_family_prototype,2
2025-07-30,1,1418,インターライフ,0.2669253554426973,True,0,-1.1904761904761862,A07_event_family_prototype,2
2025-07-30,2,6406,フジテック,0.066519430636936466,True,0,-0.26642984014209059,A07_event_family_prototype,2
2025-07-31,1,4114,日触媒,0.025685642323729121,True,1,0.49722140976893314,A07_event_family_prototype,2
2025-07-31,2,3003,ヒューリック,-0.0085276060259733121,True,1,0.5215577190542442,A07_event_family_prototype,2
2024-07-01,1,7769,リズム,7.6740243777527279,True,1,0.64850843060959562,A08_same_issuer_memory,1
2024-07-02,1,2445,タカミヤ,7.1583514099783141,True,0,-0.39920159680638667,A08_same_issuer_memory,1
2024-07-03,1,9692,シーイーシー,5.3305996924654098,True,1,1.0038240917781938,A08_same_issuer_memory,1
2024-07-04,1,5982,マルゼン,2.6422815425679316,True,1,0.80515297906602612,A08_same_issuer_memory,1
2024-07-05,1,3035,ＫＴＫ,5.3244592346089803,True,1,0.88235294117646745,A08_same_issuer_memory,1
2024-07-08,1,9842,アークランズ,7.6740243777527279,True,0,-3.8947368421052619,A08_same_issuer_memory,1
2024-07-09,1,8194,ライフコーポ,5.2219321148825104,True,0,-0.80753701211305762,A08_same_issuer_memory,1
2024-07-10,1,2918,わらべや,4.6861564918314613,True,1,1.2009607686148893,A08_same_issuer_memory,1
2024-07-11,1,9974,ベルク,7.6740243777527279,True,0,-3.4901365705614529,A08_same_issuer_memory,1
2024-07-12,1,5574,Ｇ－ＡＢＥＪＡ,7.6740243777527279,True,1,5.6998556998556937,A08_same_issuer_memory,1
2024-07-16,1,3987,Ｇ－エコモット,7.6740243777527279,True,1,2.8384279475982543,A08_same_issuer_memory,1
2024-07-17,1,6083,ＥＲＩ ＨＤ,4.4169611307420586,True,0,0,A08_same_issuer_memory,1
2024-07-18,1,4978,Ｇ－リプロセル,3.8626440630146366,True,0,-1.3245033112582738,A08_same_issuer_memory,1
2024-07-19,1,3988,ＳＹＳＨＤ,4.5808124459809862,True,0,-1.3428120063191162,A08_same_issuer_memory,1
2024-07-22,1,3696,セレス,5.0839328537170214,True,0,-6.1749571183533414,A08_same_issuer_memory,1
2024-07-23,1,6200,インソース,7.6740243777527279,True,1,0.11764705882353343,A08_same_issuer_memory,1
2024-07-24,1,6018,阪神内燃機工業,6.2116457048334537,True,1,0.03472222222222765,A08_same_issuer_memory,1
2024-07-25,1,1775,ＦＦＥ＆Ｃ,7.2009850041485572,True,0,-2.840059790732441,A08_same_issuer_memory,1
2024-07-26,1,1514,住石ＨＤ,7.6740243777527279,True,0,-4.0909090909090899,A08_same_issuer_memory,1
2024-07-29,1,7046,Ｇ－ＴＤＳＥ,5.3042992741485273,True,1,1.7448200654307522,A08_same_issuer_memory,1
2024-07-30,1,6727,ワコム,6.6066066066066131,True,0,-8.7740384615384581,A08_same_issuer_memory,1
2024-07-31,1,4762,ＸＮＥＴ,7.6740243777527279,True,1,1.6000000000000014,A08_same_issuer_memory,1
2025-04-01,1,1766,東建コーポ,7.5493872089518046,True,0,-1.6178736517719616,A08_same_issuer_memory,1
2025-04-02,1,8876,リログループ,7.5493872089518046,True,0,-2.1646178514163505,A08_same_issuer_memory,1
2025-04-03,1,5027,Ｇ－ＡｎｙＭｉｎｄ,7.0707070707070718,True,1,0.21551724137931494,A08_same_issuer_memory,1
2025-04-04,1,3035,ＫＴＫ,4.4130636467473119,True,0,-0.34904013961605251,A08_same_issuer_memory,1
2025-04-07,1,9072,ニッコンＨＤ,6.0141831415674982,True,1,1.817833907386146,A08_same_issuer_memory,1
2025-04-08,1,4825,ＷＮＩウェザー,2.2135165603988654,True,0,-1.0638297872340385,A08_same_issuer_memory,1
2025-04-09,1,4439,東名,6.2128887364363408,True,1,1.134751773049647,A08_same_issuer_memory,1
2025-04-10,1,3093,トレファク,5.2704449141768439,True,1,1.930099113197703,A08_same_issuer_memory,1
2025-04-11,1,8260,井筒屋,7.0268364088507482,True,0,-1.6627078384798155,A08_same_issuer_memory,1
2025-04-14,1,3093,トレファク,5.1537516536671992,True,1,1.6819571865443361,A08_same_issuer_memory,1
2025-04-22,1,2329,東北新社,3.2000502918268228,True,1,2.1505376344086002,A08_same_issuer_memory,1
2025-04-23,1,7388,ＦＰパートナー,3.4922740054769816,True,1,0.54121565362197366,A08_same_issuer_memory,1
2025-04-24,1,7646,ＰＬＡＮＴ,7.4226550282234536,True,1,1.6288951841359811,A08_same_issuer_memory,1
2025-04-25,1,1433,ベステラ,5.9487179487179409,True,1,1.0526315789473717,A08_same_issuer_memory,1
2025-04-30,1,3719,ＡＩストーム,6.2450802267151539,True,0,-2.2123893805309769,A08_same_issuer_memory,1
2025-05-01,1,4417,Ｇ－グローバルセキュ,6.9962129643344548,True,1,1.1278195488721776,A08_same_issuer_memory,1
2025-05-08,1,3914,Ｇ－ＪＩＧ－ＳＡＷ,7.5098814229249022,True,0,-2.4474319200275763,A08_same_issuer_memory,1
2025-05-09,1,8876,リログループ,7.6796011982792542,True,0,-0.17133066818960652,A08_same_issuer_memory,1
2025-05-12,1,3625,Ｇ－テックファーム,7.7222498904872312,True,1,4.7936085219707048,A08_same_issuer_memory,1
2025-05-13,1,2351,Ｇ－ＡＳＪ,7.6642979409473222,True,0,-0.78740157480314821,A08_same_issuer_memory,1
2025-05-14,1,4390,ｉｐｓ,7.7222498904872312,True,1,4.7321428571428514,A08_same_issuer_memory,1
2025-05-15,1,3393,スターティアＨＤ,7.7222342987186234,True,1,3.0097498940228951,A08_same_issuer_memory,1
2025-05-16,1,3753,フライト,7.3685733218550453,True,1,4.6413502109704741,A08_same_issuer_memory,1
2025-05-19,1,7383,ネットプロＨＤ,6.5652322428529413,True,0,-0.68337129840546629,A08_same_issuer_memory,1
2025-05-20,1,3996,サインポスト,7.7222498904872312,True,0,-3.1073446327683607,A08_same_issuer_memory,1
2025-05-21,1,6545,Ｇ－ＩＩＦ,5.2747252747252782,True,0,-1.1695906432748537,A08_same_issuer_memory,1
2025-05-27,1,5332,ＴＯＴＯ,3.1965839922986738,True,0,-0.19037258634756471,A08_same_issuer_memory,1
2025-05-28,1,2445,タカミヤ,7.0581869103408712,True,1,0.59171597633136397,A08_same_issuer_memory,1
2025-05-29,1,5129,Ｇ－ＦＩＸＥＲ,4.5267912858517168,True,1,1.8367346938775508,A08_same_issuer_memory,1
2025-05-30,1,7689,Ｇ－コパ,6.4798598949211916,True,1,4.016064257028118,A08_same_issuer_memory,1
2025-06-02,1,6777,ｓａｎｔｅｃＨＤ,4.9815740599671958,True,0,-4.7570850202429131,A08_same_issuer_memory,1
2025-06-03,1,6200,インソース,8.3830652629759204,True,1,0.6958250497017815,A08_same_issuer_memory,1
2025-06-04,1,6637,寺崎電気,6.0613522640855244,True,0,-0.92735703245749868,A08_same_issuer_memory,1
2025-06-05,1,4196,ネオマーケ,4.1928379750877101,True,0,-0.73327222731438546,A08_same_issuer_memory,1
2025-06-06,1,286A,Ｇ－ユカリア,5.9821335428105522,True,0,-0.75821398483572056,A08_same_issuer_memory,1
2025-06-09,1,3679,じげん,7.6950315349304343,True,1,0.87527352297593897,A08_same_issuer_memory,1
2025-06-10,1,6558,Ｇ－クックビズ,8.1250000000000036,True,1,1.4084507042253502,A08_same_issuer_memory,1
2025-06-11,1,1436,Ｇ－グリーンエナジー,8.3955898069404142,True,0,-2.4010671409515294,A08_same_issuer_memory,1
2025-06-12,1,9692,シーイーシー,5.3305996924654098,True,0,-1.3548951048951041,A08_same_issuer_memory,1
2025-06-13,1,1766,東建コーポ,6.3667606828021288,True,0,-0.94683175528040842,A08_same_issuer_memory,1
2025-06-17,1,286A,Ｇ－ユカリア,8.236915880415868,True,0,-1.0923535253227423,A08_same_issuer_memory,1
2025-06-18,1,3135,マーケットエンター,8.4430695642803428,True,0,-1.4634146341463428,A08_same_issuer_memory,1
2025-06-19,1,9090,ＡＺ－ＣＯＭ丸和ＨＤ,4.9380498655996368,True,0,-1.4340344168260022,A08_same_issuer_memory,1
2025-06-20,1,7886,ヤマトモビＭｆｇ,8.4430941321452213,True,0,-0.10869565217391797,A08_same_issuer_memory,1
2025-06-24,1,9552,Ｍ＆Ａ総研ＨＤ,7.2255440252034004,True,0,-1.8326693227091684,A08_same_issuer_memory,1
2025-06-25,1,6231,木村工機,6.7037547442617029,True,0,-2.6522593320235766,A08_same_issuer_memory,1
2025-06-26,1,9628,燦ＨＤ,5.2810823845718486,True,1,1.4540647719762045,A08_same_issuer_memory,1
2025-06-27,1,2354,ＹＥ ＤＩＧＩＴＡＬ,6.9664469085660317,True,1,0.46224961479199855,A08_same_issuer_memory,1
2025-06-30,1,7886,ヤマトモビＭｆｇ,8.4430941321452213,True,1,0.99337748344370258,A08_same_issuer_memory,1
2025-07-01,1,6090,ＨＭＴ,6.4004688523353801,True,1,1.8229166666666741,A08_same_issuer_memory,1
2025-07-02,1,8337,千葉興銀,4.4660194174757306,True,0,-3.0758714969241319,A08_same_issuer_memory,1
2025-07-07,1,215A,Ｇ－タイミー,8.3891763691246055,True,1,1.7905588714053122,A08_same_issuer_memory,1
2025-07-08,1,2408,ＫＧ情報,5.9584475493618561,True,0,-2.0634920634920673,A08_same_issuer_memory,1
2025-07-09,1,4055,Ｇ－ティアンドエスＧ,5.8789289871944206,True,1,5.1993067590987874,A08_same_issuer_memory,1
2025-07-10,1,206A,Ｇ－ＰＲＩＳＭＢｉｏ,6.9672131147541005,True,1,0.43859649122806044,A08_same_issuer_memory,1
2025-07-11,1,8260,井筒屋,7.9521319255536733,True,1,0.23310023310023631,A08_same_issuer_memory,1
2025-07-14,1,6323,ローツェ,6.7131002235160659,True,1,3.3297529538131032,A08_same_issuer_memory,1
2025-07-15,1,135A,Ｇ－ＶＲＡＩＮ,8.0236826125079279,True,0,0,A08_same_issuer_memory,1
2025-07-16,1,6532,ベイカレント,7.0318078317290436,True,0,-1.8674698795180689,A08_same_issuer_memory,1
2025-07-23,1,4439,東名,5.7360873217198263,True,0,-0.10695187165775666,A08_same_issuer_memory,1
2025-07-24,1,4390,ｉｐｓ,8.2529468325672131,True,1,1.2340237990304148,A08_same_issuer_memory,1
2025-07-25,1,4439,東名,5.9920056340935375,True,0,-0.43835616438355762,A08_same_issuer_memory,1
2025-07-28,1,3393,スターティアＨＤ,8.0524915832558328,True,0,-0.80030487804878536,A08_same_issuer_memory,1
2025-07-29,1,206A,Ｇ－ＰＲＩＳＭＢｉｏ,6.9672131147541005,True,1,4.3478260869565188,A08_same_issuer_memory,1
2025-07-30,1,4290,ＰＩ,6.2456374363851017,True,0,-3.1343283582089598,A08_same_issuer_memory,1
2025-07-31,1,3626,ＴＩＳ,5.4901112745952005,True,1,2.2626348065130086,A08_same_issuer_memory,1
2024-07-01,1,7769,リズム,7.6740243777527279,True,1,0.64850843060959562,A08_same_issuer_memory,2
2024-07-01,2,4492,ゼネテック,6.9557717592035653,True,0,-1.1494252873563204,A08_same_issuer_memory,2
2024-07-02,1,2445,タカミヤ,7.1583514099783141,True,0,-0.39920159680638667,A08_same_issuer_memory,2
2024-07-02,2,4978,Ｇ－リプロセル,4.7909932992858462,True,1,1.449275362318847,A08_same_issuer_memory,2
2024-07-03,1,9692,シーイーシー,5.3305996924654098,True,1,1.0038240917781938,A08_same_issuer_memory,2
2024-07-03,2,4376,Ｇ－くふうカンパニー,5.0715740649779608,True,0,-1.7857142857142905,A08_same_issuer_memory,2
2024-07-04,1,5982,マルゼン,2.6422815425679316,True,1,0.80515297906602612,A08_same_issuer_memory,2
2024-07-04,2,8769,ＡＲＭ,2.2401936718354425,True,0,-0.74906367041198685,A08_same_issuer_memory,2
2024-07-05,1,3035,ＫＴＫ,5.3244592346089803,True,1,0.88235294117646745,A08_same_issuer_memory,2
2024-07-05,2,3182,オイシックスラ大地,3.1219853150304715,True,1,0.71770334928229484,A08_same_issuer_memory,2
2024-07-08,1,9842,アークランズ,7.6740243777527279,True,0,-3.8947368421052619,A08_same_issuer_memory,2
2024-07-08,2,9072,ニッコンＨＤ,7.4272652934581265,True,0,-0.88790233074361735,A08_same_issuer_memory,2
2024-07-09,1,8194,ライフコーポ,5.2219321148825104,True,0,-0.80753701211305762,A08_same_issuer_memory,2
2024-07-09,2,3988,ＳＹＳＨＤ,4.5808124459809862,True,0,-1.9388516032811332,A08_same_issuer_memory,2
2024-07-10,1,2918,わらべや,4.6861564918314613,True,1,1.2009607686148893,A08_same_issuer_memory,2
2024-07-10,2,6083,ＥＲＩ ＨＤ,4.4169611307420586,True,0,-0.9840674789128423,A08_same_issuer_memory,2
2024-07-11,1,9974,ベルク,7.6740243777527279,True,0,-3.4901365705614529,A08_same_issuer_memory,2
2024-07-11,2,8260,井筒屋,7.3878627968337662,True,1,10.023866348448696,A08_same_issuer_memory,2
2024-07-12,1,5574,Ｇ－ＡＢＥＪＡ,7.6740243777527279,True,1,5.6998556998556937,A08_same_issuer_memory,2
2024-07-12,2,5577,Ｇ－アイデミー,7.6564580559254303,True,1,4.6153846153846212,A08_same_issuer_memory,2
2024-07-16,1,3987,Ｇ－エコモット,7.6740243777527279,True,1,2.8384279475982543,A08_same_issuer_memory,2
2024-07-16,2,3996,サインポスト,7.6740243777527279,True,1,6.3973063973064015,A08_same_issuer_memory,2
2024-07-17,1,6083,ＥＲＩ ＨＤ,4.4169611307420586,True,0,0,A08_same_issuer_memory,2
2024-07-17,2,4577,ダイト,3.9274203866080177,True,0,-1.0914051841746208,A08_same_issuer_memory,2
2024-07-18,1,4978,Ｇ－リプロセル,3.8626440630146366,True,0,-1.3245033112582738,A08_same_issuer_memory,2
2024-07-18,2,1866,北野建,2.3968657606663699,True,1,1.5471167369901506,A08_same_issuer_memory,2
2024-07-19,1,3988,ＳＹＳＨＤ,4.5808124459809862,True,0,-1.3428120063191162,A08_same_issuer_memory,2
2024-07-19,2,9628,燦ＨＤ,3.9680781250589834,True,0,-1.0662604722010638,A08_same_issuer_memory,2
2024-07-22,1,3696,セレス,5.0839328537170214,True,0,-6.1749571183533414,A08_same_issuer_memory,2
2024-07-22,2,4026,神島化学工業,4.3370508054523027,True,0,-4.4092707744488369,A08_same_issuer_memory,2
2024-07-23,1,6200,インソース,7.6740243777527279,True,1,0.11764705882353343,A08_same_issuer_memory,2
2024-07-23,2,7734,理計器,6.6411238825031971,True,0,-0.24906600249066102,A08_same_issuer_memory,2
2024-07-24,1,6018,阪神内燃機工業,6.2116457048334537,True,1,0.03472222222222765,A08_same_issuer_memory,2
2024-07-24,2,4443,Ｓａｎｓａｎ,5.1673944687045115,True,1,1.7467248908296984,A08_same_issuer_memory,2
2024-07-25,1,1775,ＦＦＥ＆Ｃ,7.2009850041485572,True,0,-2.840059790732441,A08_same_issuer_memory,2
2024-07-25,2,7046,Ｇ－ＴＤＳＥ,5.3042992741485273,True,0,-1.0047593865679549,A08_same_issuer_memory,2
2024-07-26,1,1514,住石ＨＤ,7.6740243777527279,True,0,-4.0909090909090899,A08_same_issuer_memory,2
2024-07-26,2,7222,日産車体,7.6215349865678306,True,1,3.203661327231111,A08_same_issuer_memory,2
2024-07-29,1,7046,Ｇ－ＴＤＳＥ,5.3042992741485273,True,1,1.7448200654307522,A08_same_issuer_memory,2
2024-07-29,2,3903,ｇｕｍｉ,4.6732025604720651,True,1,0.30487804878047697,A08_same_issuer_memory,2
2024-07-30,1,6727,ワコム,6.6066066066066131,True,0,-8.7740384615384581,A08_same_issuer_memory,2
2024-07-30,2,4366,ダイトーケミックス,4.4207317073170715,True,1,0.29629629629630561,A08_same_issuer_memory,2
2024-07-31,1,4762,ＸＮＥＴ,7.6740243777527279,True,1,1.6000000000000014,A08_same_issuer_memory,2
2024-07-31,2,9828,元気寿司,7.6740243777527279,True,1,1.5625,A08_same_issuer_memory,2
2025-04-01,1,1766,東建コーポ,7.5493872089518046,True,0,-1.6178736517719616,A08_same_issuer_memory,2
2025-04-01,2,2354,ＹＥ ＤＩＧＩＴＡＬ,6.7081185418723006,True,1,3.0694668820678617,A08_same_issuer_memory,2
2025-04-02,1,8876,リログループ,7.5493872089518046,True,0,-2.1646178514163505,A08_same_issuer_memory,2
2025-04-02,2,3914,Ｇ－ＪＩＧ－ＳＡＷ,7.5098814229249022,True,1,0.96774193548387899,A08_same_issuer_memory,2
2025-04-03,1,5027,Ｇ－ＡｎｙＭｉｎｄ,7.0707070707070718,True,1,0.21551724137931494,A08_same_issuer_memory,2
2025-04-03,2,6986,双葉電子,3.9921415299423999,True,1,1.2000000000000011,A08_same_issuer_memory,2
2025-04-04,1,3035,ＫＴＫ,4.4130636467473119,True,0,-0.34904013961605251,A08_same_issuer_memory,2
2025-04-04,2,6072,Ｇ－地盤ネットＨＤ,2.3333265056457169,True,0,-5.4878048780487854,A08_same_issuer_memory,2
2025-04-07,1,9072,ニッコンＨＤ,6.0141831415674982,True,1,1.817833907386146,A08_same_issuer_memory,2
2025-04-07,2,4506,住友ファーマ,4.7455863015836002,True,0,-4.2857142857142811,A08_same_issuer_memory,2
2025-04-08,1,4825,ＷＮＩウェザー,2.2135165603988654,True,0,-1.0638297872340385,A08_same_issuer_memory,2
2025-04-08,2,7134,アップガレージＧ,1.8066729842599534,True,1,4.0236686390532572,A08_same_issuer_memory,2
2025-04-09,1,4439,東名,6.2128887364363408,True,1,1.134751773049647,A08_same_issuer_memory,2
2025-04-09,2,6458,新晃工業,4.9989195062215694,True,0,-1.8181818181818188,A08_same_issuer_memory,2
2025-04-10,1,3093,トレファク,5.2704449141768439,True,1,1.930099113197703,A08_same_issuer_memory,2
2025-04-10,2,6183,ベル２４ＨＤ,3.2727335851179782,True,0,-3.6666666666666625,A08_same_issuer_memory,2
2025-04-11,1,8260,井筒屋,7.0268364088507482,True,0,-1.6627078384798155,A08_same_issuer_memory,2
2025-04-11,2,1419,タマホーム,3.8110467790158093,True,1,4.3417366946778779,A08_same_issuer_memory,2
2025-04-14,1,3093,トレファク,5.1537516536671992,True,1,1.6819571865443361,A08_same_issuer_memory,2
2025-04-14,2,7611,ハイデ日高,4.1053156137193412,True,1,0.90361445783131433,A08_same_issuer_memory,2
2025-04-22,1,2329,東北新社,3.2000502918268228,True,1,2.1505376344086002,A08_same_issuer_memory,2
2025-04-22,2,7607,進和,2.899096385542177,True,0,-1.1475409836065542,A08_same_issuer_memory,2
2025-04-23,1,7388,ＦＰパートナー,3.4922740054769816,True,1,0.54121565362197366,A08_same_issuer_memory,2
2025-04-23,2,1720,東急建設,2.101892164049604,True,1,2.5609756097560998,A08_same_issuer_memory,2
2025-04-24,1,7646,ＰＬＡＮＴ,7.4226550282234536,True,1,1.6288951841359811,A08_same_issuer_memory,2
2025-04-24,2,4761,さくらＫＣＳ,5.541370394738709,True,1,0.17683465959328348,A08_same_issuer_memory,2
2025-04-25,1,1433,ベステラ,5.9487179487179409,True,1,1.0526315789473717,A08_same_issuer_memory,2
2025-04-25,2,4307,ＮＲＩ,4.3429594806357663,True,0,-3.2269695330809478,A08_same_issuer_memory,2
2025-04-30,1,3719,ＡＩストーム,6.2450802267151539,True,0,-2.2123893805309769,A08_same_issuer_memory,2
2025-04-30,2,7731,ニコン,4.2552408185642481,True,0,-2.8378857750975484,A08_same_issuer_memory,2
2025-05-01,1,4417,Ｇ－グローバルセキュ,6.9962129643344548,True,1,1.1278195488721776,A08_same_issuer_memory,2
2025-05-01,2,2158,Ｇ－ＦＲＯＮＴＥＯ,6.0251105423489921,True,1,0.16694490818029983,A08_same_issuer_memory,2
2025-05-08,1,3914,Ｇ－ＪＩＧ－ＳＡＷ,7.5098814229249022,True,0,-2.4474319200275763,A08_same_issuer_memory,2
2025-05-08,2,3558,Ｇ－ジェイドグループ,4.6318413494904194,True,1,0.24449877750611915,A08_same_issuer_memory,2
2025-05-09,1,8876,リログループ,7.6796011982792542,True,0,-0.17133066818960652,A08_same_issuer_memory,2
2025-05-09,2,4554,富士製薬,7.2923700202565778,True,1,0.69177555726365192,A08_same_issuer_memory,2
2025-05-12,1,3625,Ｇ－テックファーム,7.7222498904872312,True,1,4.7936085219707048,A08_same_issuer_memory,2
2025-05-12,2,4390,ｉｐｓ,7.7222498904872312,True,1,3.9765024853140485,A08_same_issuer_memory,2
2025-05-13,1,2351,Ｇ－ＡＳＪ,7.6642979409473222,True,0,-0.78740157480314821,A08_same_issuer_memory,2
2025-05-13,2,4884,Ｇ－クリングル,7.2665779585755148,True,1,3.1941031941032039,A08_same_issuer_memory,2
2025-05-14,1,4390,ｉｐｓ,7.7222498904872312,True,1,4.7321428571428514,A08_same_issuer_memory,2
2025-05-14,2,6030,Ｇ－アドベンチャー,7.7144807571422547,True,0,-1.0582010582010581,A08_same_issuer_memory,2
2025-05-15,1,3393,スターティアＨＤ,7.7222342987186234,True,1,3.0097498940228951,A08_same_issuer_memory,2
2025-05-15,2,2469,ヒビノ,7.7210494273074053,True,0,-1.7800091282519359,A08_same_issuer_memory,2
2025-05-16,1,3753,フライト,7.3685733218550453,True,1,4.6413502109704741,A08_same_issuer_memory,2
2025-05-16,2,4492,ゼネテック,6.9708625435823075,True,0,-0.44247787610619538,A08_same_issuer_memory,2
2025-05-19,1,7383,ネットプロＨＤ,6.5652322428529413,True,0,-0.68337129840546629,A08_same_issuer_memory,2
2025-05-19,2,5888,Ｇ－ダイワサイクル,4.6941708157263413,True,1,0.95693779904306719,A08_same_issuer_memory,2
2025-05-20,1,3996,サインポスト,7.7222498904872312,True,0,-3.1073446327683607,A08_same_issuer_memory,2
2025-05-20,2,4882,Ｇ－ペルセウス,7.6044058189103394,True,1,1.3729977116704761,A08_same_issuer_memory,2
2025-05-21,1,6545,Ｇ－ＩＩＦ,5.2747252747252782,True,0,-1.1695906432748537,A08_same_issuer_memory,2
2025-05-21,2,6460,セガサミーＨＤ,4.4356205291545416,True,0,-2.7468706536856735,A08_same_issuer_memory,2
2025-05-27,1,5332,ＴＯＴＯ,3.1965839922986738,True,0,-0.19037258634756471,A08_same_issuer_memory,2
2025-05-27,2,6544,ＪＥＳＨＤ,2.8735632183908066,True,1,1.1126564673157091,A08_same_issuer_memory,2
2025-05-28,1,2445,タカミヤ,7.0581869103408712,True,1,0.59171597633136397,A08_same_issuer_memory,2
2025-05-28,2,4015,Ｇ－ペイクラウドＨＤ,4.5182948172230581,True,0,-0.38412291933418441,A08_same_issuer_memory,2
2025-05-29,1,5129,Ｇ－ＦＩＸＥＲ,4.5267912858517168,True,1,1.8367346938775508,A08_same_issuer_memory,2
2025-05-29,2,6460,セガサミーＨＤ,4.4596808014354998,True,0,-0.293040293040292,A08_same_issuer_memory,2
2025-05-30,1,7689,Ｇ－コパ,6.4798598949211916,True,1,4.016064257028118,A08_same_issuer_memory,2
2025-05-30,2,8142,トーホー,3.7877040586519537,True,1,1.2598425196850505,A08_same_issuer_memory,2
2025-06-02,1,6777,ｓａｎｔｅｃＨＤ,4.9815740599671958,True,0,-4.7570850202429131,A08_same_issuer_memory,2
2025-06-02,2,3904,Ｇ－カヤック,4.7480770031627584,True,0,-0.23419203747072626,A08_same_issuer_memory,2
2025-06-03,1,6200,インソース,8.3830652629759204,True,1,0.6958250497017815,A08_same_issuer_memory,2
2025-06-03,2,8242,Ｈ２Ｏリテイル,8.2359055344566396,True,1,1.1325611325611273,A08_same_issuer_memory,2
2025-06-04,1,6637,寺崎電気,6.0613522640855244,True,0,-0.92735703245749868,A08_same_issuer_memory,2
2025-06-04,2,2146,ＵＴグループ,4.8707590144434167,True,0,-0.87719298245614308,A08_same_issuer_memory,2
2025-06-05,1,4196,ネオマーケ,4.1928379750877101,True,0,-0.73327222731438546,A08_same_issuer_memory,2
2025-06-05,2,3987,Ｇ－エコモット,2.1765837803537864,True,1,2.0833333333333259,A08_same_issuer_memory,2
2025-06-06,1,286A,Ｇ－ユカリア,5.9821335428105522,True,0,-0.75821398483572056,A08_same_issuer_memory,2
2025-06-06,2,9627,アインＨＤ,5.4561558901683016,True,0,-5.7706626954579292,A08_same_issuer_memory,2
2025-06-09,1,3679,じげん,7.6950315349304343,True,1,0.87527352297593897,A08_same_issuer_memory,2
2025-06-09,2,7422,東邦レマック,7.4498567335243626,True,0,-0.68807339449541427,A08_same_issuer_memory,2
2025-06-10,1,6558,Ｇ－クックビズ,8.1250000000000036,True,1,1.4084507042253502,A08_same_issuer_memory,2
2025-06-10,2,1433,ベステラ,5.8854779572611911,True,0,-8.6682427107959032,A08_same_issuer_memory,2
2025-06-11,1,1436,Ｇ－グリーンエナジー,8.3955898069404142,True,0,-2.4010671409515294,A08_same_issuer_memory,2
2025-06-11,2,7595,アルゴグラフ,4.6955318551741039,True,0,-2.6923076923076938,A08_same_issuer_memory,2
2025-06-12,1,9692,シーイーシー,5.3305996924654098,True,0,-1.3548951048951041,A08_same_issuer_memory,2
2025-06-12,2,6387,サムコ,4.7375160051216447,True,0,-0.072648020341448127,A08_same_issuer_memory,2
2025-06-13,1,1766,東建コーポ,6.3667606828021288,True,0,-0.94683175528040842,A08_same_issuer_memory,2
2025-06-13,2,5889,ＪＥＨ,5.6862745098039236,True,0,-0.55248618784530246,A08_same_issuer_memory,2
2025-06-17,1,286A,Ｇ－ユカリア,8.236915880415868,True,0,-1.0923535253227423,A08_same_issuer_memory,2
2025-06-17,2,3496,Ｇ－アズーム,5.8562063842035439,True,0,-2.8506271379703518,A08_same_issuer_memory,2
2025-06-18,1,3135,マーケットエンター,8.4430695642803428,True,0,-1.4634146341463428,A08_same_issuer_memory,2
2025-06-18,2,6927,ヘリオステクノＨ,3.9796601465106902,True,0,-1.7278617710583144,A08_same_issuer_memory,2
2025-06-19,1,9090,ＡＺ－ＣＯＭ丸和ＨＤ,4.9380498655996368,True,0,-1.4340344168260022,A08_same_issuer_memory,2
2025-06-19,2,3608,ＴＳＩ ＨＤ,3.5826946009744733,True,0,-0.63063063063063529,A08_same_issuer_memory,2
2025-06-20,1,7886,ヤマトモビＭｆｇ,8.4430941321452213,True,0,-0.10869565217391797,A08_same_issuer_memory,2
2025-06-20,2,1436,Ｇ－グリーンエナジー,8.4142937965164943,True,0,-0.60352831940575502,A08_same_issuer_memory,2
2025-06-24,1,9552,Ｍ＆Ａ総研ＨＤ,7.2255440252034004,True,0,-1.8326693227091684,A08_same_issuer_memory,2
2025-06-24,2,3496,アズーム,5.8562063842035439,True,1,1.3237063778579916,A08_same_issuer_memory,2
2025-06-25,1,6231,木村工機,6.7037547442617029,True,0,-2.6522593320235766,A08_same_issuer_memory,2
2025-06-25,2,2983,Ｇ－アールプランナー,5.6601365623139603,True,1,1.17056856187292,A08_same_issuer_memory,2
2025-06-26,1,9628,燦ＨＤ,5.2810823845718486,True,1,1.4540647719762045,A08_same_issuer_memory,2
2025-06-26,2,2445,タカミヤ,4.5869236454125124,True,0,-0.61349693251533388,A08_same_issuer_memory,2
2025-06-27,1,2354,ＹＥ ＤＩＧＩＴＡＬ,6.9664469085660317,True,1,0.46224961479199855,A08_same_issuer_memory,2
2025-06-27,2,9331,Ｇ－キャスター,6.1838516165126869,True,0,-2.7906976744186074,A08_same_issuer_memory,2
2025-06-30,1,7886,ヤマトモビＭｆｇ,8.4430941321452213,True,1,0.99337748344370258,A08_same_issuer_memory,2
2025-06-30,2,5009,富士興産,8.4256091866781659,True,0,-0.16652789342215257,A08_same_issuer_memory,2
2025-07-01,1,6090,ＨＭＴ,6.4004688523353801,True,1,1.8229166666666741,A08_same_issuer_memory,2
2025-07-01,2,3086,Ｊフロント,3.7680822723580913,True,1,0.54123711340205993,A08_same_issuer_memory,2
2025-07-02,1,8337,千葉興銀,4.4660194174757306,True,0,-3.0758714969241319,A08_same_issuer_memory,2
2025-07-02,2,9552,Ｍ＆Ａ総研ＨＤ,3.3338326484820238,True,1,4.5267489711934061,A08_same_issuer_memory,2
2025-07-07,1,215A,Ｇ－タイミー,8.3891763691246055,True,1,1.7905588714053122,A08_same_issuer_memory,2
2025-07-07,2,7422,東邦レマック,3.4096601512367588,True,0,-0.51546391752577136,A08_same_issuer_memory,2
2025-07-08,1,2408,ＫＧ情報,5.9584475493618561,True,0,-2.0634920634920673,A08_same_issuer_memory,2
2025-07-08,2,4825,ＷＮＩウェザー,2.584784227199167,True,1,5.0931677018633437,A08_same_issuer_memory,2
2025-07-09,1,4055,Ｇ－ティアンドエスＧ,5.8789289871944206,True,1,5.1993067590987874,A08_same_issuer_memory,2
2025-07-09,2,2438,Ｇ－アスカネット,4.7887146436997972,True,0,-0.70257611241217877,A08_same_issuer_memory,2
2025-07-10,1,206A,Ｇ－ＰＲＩＳＭＢｉｏ,6.9672131147541005,True,1,0.43859649122806044,A08_same_issuer_memory,2
2025-07-10,2,3093,トレファク,4.647590021002693,True,1,8.5730724971231353,A08_same_issuer_memory,2
2025-07-11,1,8260,井筒屋,7.9521319255536733,True,1,0.23310023310023631,A08_same_issuer_memory,2
2025-07-11,2,5801,古河電工,4.4405776925046228,True,0,-1.4861111111111103,A08_same_issuer_memory,2
2025-07-14,1,6323,ローツェ,6.7131002235160659,True,1,3.3297529538131032,A08_same_issuer_memory,2
2025-07-14,2,6255,Ｇ－ＮＰＣ,6.3435390011935402,True,1,3.1065088757396442,A08_same_issuer_memory,2
2025-07-15,1,135A,Ｇ－ＶＲＡＩＮ,8.0236826125079279,True,0,0,A08_same_issuer_memory,2
2025-07-15,2,339A,Ｇ－プログレス,6.9114470842332576,True,0,-1.4285714285714235,A08_same_issuer_memory,2
2025-07-16,1,6532,ベイカレント,7.0318078317290436,True,0,-1.8674698795180689,A08_same_issuer_memory,2
2025-07-16,2,339A,Ｇ－プログレス,6.9114470842332576,True,0,-1.5267175572519109,A08_same_issuer_memory,2
2025-07-23,1,4439,東名,5.7360873217198263,True,0,-0.10695187165775666,A08_same_issuer_memory,2
2025-07-23,2,7818,トランザクション,4.1491834309284998,True,1,0.89576547231269288,A08_same_issuer_memory,2
2025-07-24,1,4390,ｉｐｓ,8.2529468325672131,True,1,1.2340237990304148,A08_same_issuer_memory,2
2025-07-24,2,7014,名村造船,7.7407741403634773,True,0,-0.98684210526315264,A08_same_issuer_memory,2
2025-07-25,1,4439,東名,5.9920056340935375,True,0,-0.43835616438355762,A08_same_issuer_memory,2
2025-07-25,2,7709,クボテック,5.327146893005879,True,0,-2.6178010471204161,A08_same_issuer_memory,2
2025-07-28,1,3393,スターティアＨＤ,8.0524915832558328,True,0,-0.80030487804878536,A08_same_issuer_memory,2
2025-07-28,2,6338,タカトリ,6.058631921824098,True,0,-0.37336652146857663,A08_same_issuer_memory,2
2025-07-29,1,206A,Ｇ－ＰＲＩＳＭＢｉｏ,6.9672131147541005,True,1,4.3478260869565188,A08_same_issuer_memory,2
2025-07-29,2,3778,さくらインターネット,3.162529020176633,True,0,0,A08_same_issuer_memory,2
2025-07-30,1,4290,ＰＩ,6.2456374363851017,True,0,-3.1343283582089598,A08_same_issuer_memory,2
2025-07-30,2,6551,ツナグＧＨＤ,4.7854122495065248,True,1,0.58651026392961825,A08_same_issuer_memory,2
2025-07-31,1,3626,ＴＩＳ,5.4901112745952005,True,1,2.2626348065130086,A08_same_issuer_memory,2
2025-07-31,2,9828,ゲンキＧＤＣ,4.840650578748666,True,0,-3.3149171270718258,A08_same_issuer_memory,2
2024-07-01,1,6625,ＪＡＬＣＯ ＨＤ,0.89627017099539874,True,0,-5.7034220532319431,A09_robust_neighbor_consensus,1
2024-07-02,1,6036,ＫｅｅＰｅｒ技研,2.0078333426329342,True,0,-3.9692701664532648,A09_robust_neighbor_consensus,1
2024-07-03,1,7161,じもとＨＤ,1.4384115453802377,True,0,-4.5945945945945921,A09_robust_neighbor_consensus,1
2024-07-04,1,4985,アース製薬,0.3141898538720348,True,1,0.82730093071354815,A09_robust_neighbor_consensus,1
2024-07-05,1,2789,カルラ,0.42007838509066886,True,1,1.7543859649122862,A09_robust_neighbor_consensus,1
2024-07-08,1,9522,Ｇ－リニューアブルＪ,0.58861221493444016,True,1,4.2183622828784184,A09_robust_neighbor_consensus,1
2024-07-09,1,7554,幸楽苑ＨＤ,0.44577114740164325,True,1,0.07468259895444529,A09_robust_neighbor_consensus,1
2024-07-10,1,6525,ＫＯＫＵＳＡＩ,0.32719229360602708,True,1,3.4482758620689724,A09_robust_neighbor_consensus,1
2024-07-11,1,9890,マキヤ,0.37715972832933031,True,1,0.094607379375588607,A09_robust_neighbor_consensus,1
2024-07-12,1,165A,Ｇ－ＳＢＩレオス,0.14413894515615841,True,1,1.5306122448979664,A09_robust_neighbor_consensus,1
2024-07-16,1,3133,Ｇ－海帆,0.41169544305990613,True,0,-0.43478260869564966,A09_robust_neighbor_consensus,1
2024-07-17,1,3979,Ｇ－うるる,0.47793366992687708,True,0,-0.45248868778280382,A09_robust_neighbor_consensus,1
2024-07-18,1,8848,レオパレス２１,0.13914555272900631,True,0,-1.3133208255159512,A09_robust_neighbor_consensus,1
2024-07-19,1,3668,コロプラ,0.44496521547956136,True,0,-0.47318611987381409,A09_robust_neighbor_consensus,1
2024-07-22,1,6625,ＪＡＬＣＯ ＨＤ,0.89627017099539874,True,0,-1.3257575757575801,A09_robust_neighbor_consensus,1
2024-07-23,1,7545,西松屋チェ,0.20562233191604992,True,1,0.68493150684931781,A09_robust_neighbor_consensus,1
2024-07-24,1,6584,三桜工,1.5945084552109592,True,0,-0.50251256281407253,A09_robust_neighbor_consensus,1
2024-07-25,1,9418,Ｕ－ＮＥＸＴ,0.17777484846879205,True,1,3.1556039173014083,A09_robust_neighbor_consensus,1
2024-07-26,1,3001,片倉,0.45953350384463804,True,1,1.1840157868771684,A09_robust_neighbor_consensus,1
2024-07-29,1,3903,ｇｕｍｉ,0.43009640143264977,True,1,0.30487804878047697,A09_robust_neighbor_consensus,1
2024-07-30,1,4951,エステー,0.14140975114407953,True,1,0.83226632522406252,A09_robust_neighbor_consensus,1
2024-07-31,1,7726,黒田精工,0.088805165703254682,True,1,1.653944020356235,A09_robust_neighbor_consensus,1
2025-04-01,1,5595,Ｇ－ＱＰＳ研究所,1.803673986072468,True,0,-3.7239868565169809,A09_robust_neighbor_consensus,1
2025-04-02,1,8938,Ｇ－グロームＨＤ,0.45695773054851019,True,0,-2.8963414634146312,A09_robust_neighbor_consensus,1
2025-04-03,1,5027,Ｇ－ＡｎｙＭｉｎｄ,0.97393480752566841,True,1,0.21551724137931494,A09_robust_neighbor_consensus,1
2025-04-04,1,4612,日ペイントＨＤ,0.1506864605424702,True,0,-2.1535580524344566,A09_robust_neighbor_consensus,1
2025-04-07,1,9006,京急,0.29787087545930135,True,0,-1.9822282980177741,A09_robust_neighbor_consensus,1
2025-04-08,1,3179,シュッピン,0.33786267532101816,True,1,2.6759167492566904,A09_robust_neighbor_consensus,1
2025-04-09,1,7554,幸楽苑,0.44834203060875111,True,0,-1.285855588526208,A09_robust_neighbor_consensus,1
2025-04-10,1,6479,ミネベアミツミ,0.32539797548146399,True,0,-1.3735589894530276,A09_robust_neighbor_consensus,1
2025-04-11,1,3490,アズ企画設計,0.20406903341007884,True,0,-3.4953796705504248,A09_robust_neighbor_consensus,1
2025-04-14,1,1419,タマホーム,0.62159299121036704,True,0,-1.192052980132452,A09_robust_neighbor_consensus,1
2025-04-22,1,6952,カシオ計,0.32539797548146399,True,0,-0.58903488898958134,A09_robust_neighbor_consensus,1
2025-04-23,1,1720,東急建設,0.1506864605424702,True,1,2.5609756097560998,A09_robust_neighbor_consensus,1
2025-04-24,1,6196,ストライク,0.1842720435503952,True,0,-0.65517241379310365,A09_robust_neighbor_consensus,1
2025-04-25,1,8714,池田泉州,0.32539797548146399,True,0,0,A09_robust_neighbor_consensus,1
2025-04-30,1,9206,ＳＦＪ,0.22012693506962236,True,1,2.0015396458814561,A09_robust_neighbor_consensus,1
2025-05-01,1,8604,野村,0.80073457968546435,True,1,0.025097251850936253,A09_robust_neighbor_consensus,1
2025-05-08,1,2670,ＡＢＣマート,0.40432259415901234,True,1,2.915291529152908,A09_robust_neighbor_consensus,1
2025-05-09,1,6088,シグマクシスＨＤ,0.2773956279072724,True,1,4.3689320388349495,A09_robust_neighbor_consensus,1
2025-05-12,1,8237,松屋,0.47012174108048344,True,0,-1.5432098765432056,A09_robust_neighbor_consensus,1
2025-05-13,1,3064,ＭＲＯ,0.32876243300402835,True,1,1.9641043007111447,A09_robust_neighbor_consensus,1
2025-05-14,1,3646,Ｇ－駅探,0.32807796577225973,True,0,-4.3715846994535568,A09_robust_neighbor_consensus,1
2025-05-15,1,2612,かどや製油,0.38768896390379498,True,1,0.13927576601671099,A09_robust_neighbor_consensus,1
2025-05-16,1,6095,メドピア,0.34045823245439211,True,0,0,A09_robust_neighbor_consensus,1
2025-05-19,1,9444,トーシンＨＤ,0.69534298226534985,True,1,0.65681444991789739,A09_robust_neighbor_consensus,1
2025-05-20,1,5580,Ｇ－プロディライト,0.75519196683251388,True,0,-2.732240437158473,A09_robust_neighbor_consensus,1
2025-05-21,1,6822,大井電気,0.15246082807863773,True,0,0,A09_robust_neighbor_consensus,1
2025-05-27,1,4927,ポーラオルＨＤ,0.95714616280318487,True,1,0.52238805970148405,A09_robust_neighbor_consensus,1
2025-05-28,1,4015,Ｇ－ペイクラウドＨＤ,0.73833465979101875,True,0,-0.38412291933418441,A09_robust_neighbor_consensus,1
2025-05-29,1,135A,Ｇ－ＶＲＡＩＮ,0.34187235196400195,True,1,1.4056224899598346,A09_robust_neighbor_consensus,1
2025-05-30,1,7202,いすゞ自,0.20588334906158731,True,1,2.2436733629011218,A09_robust_neighbor_consensus,1
2025-06-02,1,7203,トヨタ自,0.30074082039791306,True,0,-1.6986301369863011,A09_robust_neighbor_consensus,1
2025-06-03,1,7683,ダブルエー,0.19321261022316841,True,0,-1.172161172161168,A09_robust_neighbor_consensus,1
2025-06-04,1,2670,ＡＢＣマート,0.88961428744963722,True,1,2.9568934805842551,A09_robust_neighbor_consensus,1
2025-06-05,1,6036,ＫｅｅＰｅｒ技研,0.23398226626926122,True,1,0.39318479685452878,A09_robust_neighbor_consensus,1
2025-06-06,1,262A,インターメスティック,0.43892773099879262,True,0,-4.6354166666666696,A09_robust_neighbor_consensus,1
2025-06-09,1,2735,ワッツ,0.66245653652097125,True,0,-0.56179775280899014,A09_robust_neighbor_consensus,1
2025-06-10,1,7046,Ｇ－ＴＤＳＥ,0.4001141204357781,True,1,3.0344827586206824,A09_robust_neighbor_consensus,1
2025-06-11,1,3064,ＭＲＯ,0.72307540561560846,True,1,1.3375571981696588,A09_robust_neighbor_consensus,1
2025-06-12,1,4318,クイック,0.27956246048550104,True,0,-0.58087578194816469,A09_robust_neighbor_consensus,1
2025-06-13,1,219A,Ｇ－ハートシード,0.68217664693704927,True,1,8.0691642651296913,A09_robust_neighbor_consensus,1
2025-06-17,1,5580,Ｇ－プロディライト,0.45964974070521702,True,1,1.8620689655172384,A09_robust_neighbor_consensus,1
2025-06-18,1,2497,Ｇ－ＵＮＩＴＥＤ,0.1259325082627383,True,1,1.0471204188481575,A09_robust_neighbor_consensus,1
2025-06-19,1,7043,Ｇ－アルー,0.91988778612693378,True,0,-0.51813471502590858,A09_robust_neighbor_consensus,1
2025-06-20,1,7851,カワセコンピュ,0.48373002206522808,True,0,-4.1666666666666625,A09_robust_neighbor_consensus,1
2025-06-24,1,6702,富士通,0.29413058709576184,True,1,0.11876484560569001,A09_robust_neighbor_consensus,1
2025-06-25,1,4015,Ｇ－ペイクラウドＨＤ,0.30902258867935006,True,1,6.3134160090191571,A09_robust_neighbor_consensus,1
2025-06-26,1,6240,ヤマシンフィルタ,0.41307885366416081,True,1,1.4610389610389518,A09_robust_neighbor_consensus,1
2025-06-27,1,9206,ＳＦＪ,0.94603819183428406,True,1,0.51425899953250198,A09_robust_neighbor_consensus,1
2025-06-30,1,8316,三井住友,0.66467946928667243,True,0,-0.49288061336254518,A09_robust_neighbor_consensus,1
2025-07-01,1,3094,スーパーＶ,0.58813467324788771,True,1,0.53981106612686069,A09_robust_neighbor_consensus,1
2025-07-02,1,6191,エアトリ,0.1506864605424702,True,0,-2.4830699774266329,A09_robust_neighbor_consensus,1
2025-07-07,1,6564,ミダックＨＤ,0.2645731681385376,True,0,-0.049875311720692928,A09_robust_neighbor_consensus,1
2025-07-08,1,3179,シュッピン,0.34475216024220862,True,1,0.43290043290042934,A09_robust_neighbor_consensus,1
2025-07-09,1,4055,Ｇ－ティアンドエスＧ,0.14486986505993224,True,1,5.1993067590987874,A09_robust_neighbor_consensus,1
2025-07-10,1,3097,物語コーポ,0.52470937763687808,True,0,-1.834862385321101,A09_robust_neighbor_consensus,1
2025-07-11,1,3064,ＭＲＯ,0.80180930400222017,True,1,2.6925820256776145,A09_robust_neighbor_consensus,1
2025-07-14,1,7512,イオン北海,0.45657940784789686,True,1,1.1350737797956922,A09_robust_neighbor_consensus,1
2025-07-15,1,7043,Ｇ－アルー,0.55611434908069579,True,0,0,A09_robust_neighbor_consensus,1
2025-07-16,1,4343,イオンファン,0.6203051173269758,True,0,-0.32414910858995505,A09_robust_neighbor_consensus,1
2025-07-23,1,3796,いい生活,0.18326437918073937,True,1,0.39603960396039639,A09_robust_neighbor_consensus,1
2025-07-24,1,4777,ガーラ,0.47420547829157705,True,0,-0.85470085470085166,A09_robust_neighbor_consensus,1
2025-07-25,1,4936,アクシージア,0.27669479784721063,True,0,-0.8113590263691739,A09_robust_neighbor_consensus,1
2025-07-28,1,6954,ファナック,0.31150047377088114,True,0,-2.5939766981754264,A09_robust_neighbor_consensus,1
2025-07-29,1,9206,ＳＦＪ,0.88042606996225736,True,1,0.36036036036035668,A09_robust_neighbor_consensus,1
2025-07-30,1,7309,シマノ,0.22274076660565995,True,0,-5.6034482758620658,A09_robust_neighbor_consensus,1
2025-07-31,1,7198,ＳＢＩアルヒ,0.22777744717817502,True,1,3.0940594059405857,A09_robust_neighbor_consensus,1
2024-07-01,1,6625,ＪＡＬＣＯ ＨＤ,0.89627017099539874,True,0,-5.7034220532319431,A09_robust_neighbor_consensus,2
2024-07-01,2,4485,Ｇ－ＪＴＯＷＥＲ,0.27589262423315847,True,0,-4.5454545454545414,A09_robust_neighbor_consensus,2
2024-07-02,1,6036,ＫｅｅＰｅｒ技研,2.0078333426329342,True,0,-3.9692701664532648,A09_robust_neighbor_consensus,2
2024-07-02,2,8604,野村,0.4951876891486664,True,1,2.1337579617834335,A09_robust_neighbor_consensus,2
2024-07-03,1,7161,じもとＨＤ,1.4384115453802377,True,0,-4.5945945945945921,A09_robust_neighbor_consensus,2
2024-07-03,2,4978,Ｇ－リプロセル,0.83468467526553414,True,1,0.7194244604316502,A09_robust_neighbor_consensus,2
2024-07-04,1,4985,アース製薬,0.3141898538720348,True,1,0.82730093071354815,A09_robust_neighbor_consensus,2
2024-07-04,2,7138,Ｇ－ＴＯＲＩＣＯ,0.1857795130309276,True,1,0.39761431411531323,A09_robust_neighbor_consensus,2
2024-07-05,1,2789,カルラ,0.42007838509066886,True,1,1.7543859649122862,A09_robust_neighbor_consensus,2
2024-07-05,2,2702,マクドナルド,0.17401936160034462,True,0,-1.3008130081300862,A09_robust_neighbor_consensus,2
2024-07-08,1,9522,Ｇ－リニューアブルＪ,0.58861221493444016,True,1,4.2183622828784184,A09_robust_neighbor_consensus,2
2024-07-08,2,3179,シュッピン,0.31968798629317596,True,1,0.74274139095205083,A09_robust_neighbor_consensus,2
2024-07-09,1,7554,幸楽苑ＨＤ,0.44577114740164325,True,1,0.07468259895444529,A09_robust_neighbor_consensus,2
2024-07-09,2,3546,アレンザＨＤ,0.34165225117955272,True,1,0.89847259658579759,A09_robust_neighbor_consensus,2
2024-07-10,1,6525,ＫＯＫＵＳＡＩ,0.32719229360602708,True,1,3.4482758620689724,A09_robust_neighbor_consensus,2
2024-07-10,2,2923,サトウ食品,0.213692424908766,True,1,0.42613636363635354,A09_robust_neighbor_consensus,2
2024-07-11,1,9890,マキヤ,0.37715972832933031,True,1,0.094607379375588607,A09_robust_neighbor_consensus,2
2024-07-11,2,9927,ワットマン,0.31064024183496547,True,0,0,A09_robust_neighbor_consensus,2
2024-07-12,1,165A,Ｇ－ＳＢＩレオス,0.14413894515615841,True,1,1.5306122448979664,A09_robust_neighbor_consensus,2
2024-07-12,2,4179,Ｇ－ジーネクスト,0.14355902308268953,True,0,-1.0204081632653073,A09_robust_neighbor_consensus,2
2024-07-16,1,3133,Ｇ－海帆,0.41169544305990613,True,0,-0.43478260869564966,A09_robust_neighbor_consensus,2
2024-07-16,2,6390,加藤製,0.20668667071957575,True,1,1.4206787687450761,A09_robust_neighbor_consensus,2
2024-07-17,1,3979,Ｇ－うるる,0.47793366992687708,True,0,-0.45248868778280382,A09_robust_neighbor_consensus,2
2024-07-17,2,1419,タマホーム,0.2591555090337162,True,1,0.88691796008868451,A09_robust_neighbor_consensus,2
2024-07-18,1,8848,レオパレス２１,0.13914555272900631,True,0,-1.3133208255159512,A09_robust_neighbor_consensus,2
2024-07-18,2,3407,旭化成,0.12493393419904643,True,1,1.0900473933649346,A09_robust_neighbor_consensus,2
2024-07-19,1,3668,コロプラ,0.44496521547956136,True,0,-0.47318611987381409,A09_robust_neighbor_consensus,2
2024-07-19,2,9235,Ｇ－売れるネット広告,0.18246640971489606,True,0,-0.048995590396860855,A09_robust_neighbor_consensus,2
2024-07-22,1,6625,ＪＡＬＣＯ ＨＤ,0.89627017099539874,True,0,-1.3257575757575801,A09_robust_neighbor_consensus,2
2024-07-22,2,3696,セレス,0.37177208332274775,True,0,-6.1749571183533414,A09_robust_neighbor_consensus,2
2024-07-23,1,7545,西松屋チェ,0.20562233191604992,True,1,0.68493150684931781,A09_robust_neighbor_consensus,2
2024-07-23,2,4967,小林製薬,0.18341655649527303,True,0,-1.1650485436893177,A09_robust_neighbor_consensus,2
2024-07-24,1,6584,三桜工,1.5945084552109592,True,0,-0.50251256281407253,A09_robust_neighbor_consensus,2
2024-07-24,2,4023,クレハ,0.18177331574338002,True,0,-0.38207711010768142,A09_robust_neighbor_consensus,2
2024-07-25,1,9418,Ｕ－ＮＥＸＴ,0.17777484846879205,True,1,3.1556039173014083,A09_robust_neighbor_consensus,2
2024-07-25,2,4812,電通総研,0.1506864605424702,True,1,1.3182674199623268,A09_robust_neighbor_consensus,2
2024-07-26,1,3001,片倉,0.45953350384463804,True,1,1.1840157868771684,A09_robust_neighbor_consensus,2
2024-07-26,2,6277,ホソカワミクロン,0.15991205928283517,True,0,-2.0884520884520863,A09_robust_neighbor_consensus,2
2024-07-29,1,3903,ｇｕｍｉ,0.43009640143264977,True,1,0.30487804878047697,A09_robust_neighbor_consensus,2
2024-07-29,2,4063,信越化,0.18961089453256094,True,1,1.3925925925925897,A09_robust_neighbor_consensus,2
2024-07-30,1,4951,エステー,0.14140975114407953,True,1,0.83226632522406252,A09_robust_neighbor_consensus,2
2024-07-30,2,4593,Ｇ－ヘリオス,0.1257013052000783,True,1,2.732240437158473,A09_robust_neighbor_consensus,2
2024-07-31,1,7726,黒田精工,0.088805165703254682,True,1,1.653944020356235,A09_robust_neighbor_consensus,2
2024-07-31,2,9684,スクエニＨＤ,0.075925095661495176,True,1,1.293017704396271,A09_robust_neighbor_consensus,2
2025-04-01,1,5595,Ｇ－ＱＰＳ研究所,1.803673986072468,True,0,-3.7239868565169809,A09_robust_neighbor_consensus,2
2025-04-01,2,7122,近畿車輌,0.36203428520064879,True,0,-3.2131147540983562,A09_robust_neighbor_consensus,2
2025-04-02,1,8938,Ｇ－グロームＨＤ,0.45695773054851019,True,0,-2.8963414634146312,A09_robust_neighbor_consensus,2
2025-04-02,2,4480,メドレー,0.31540521308650676,True,0,-1.2956810631229221,A09_robust_neighbor_consensus,2
2025-04-03,1,5027,Ｇ－ＡｎｙＭｉｎｄ,0.97393480752566841,True,1,0.21551724137931494,A09_robust_neighbor_consensus,2
2025-04-03,2,2670,ＡＢＣマート,0.52854815595862537,True,1,1.1020776874435478,A09_robust_neighbor_consensus,2
2025-04-04,1,4612,日ペイントＨＤ,0.1506864605424702,True,0,-2.1535580524344566,A09_robust_neighbor_consensus,2
2025-04-04,2,6045,Ｇ－レントラックス,0.13967811323546397,True,0,-7.3146292585170354,A09_robust_neighbor_consensus,2
2025-04-07,1,9006,京急,0.29787087545930135,True,0,-1.9822282980177741,A09_robust_neighbor_consensus,2
2025-04-07,2,9278,ブックオフＧＨＤ,0.12443144534633629,True,0,-0.37341299477221535,A09_robust_neighbor_consensus,2
2025-04-08,1,3179,シュッピン,0.33786267532101816,True,1,2.6759167492566904,A09_robust_neighbor_consensus,2
2025-04-08,2,7679,薬王堂ＨＤ,0.25965984709858819,True,1,0.79726651480638289,A09_robust_neighbor_consensus,2
2025-04-09,1,7554,幸楽苑,0.44834203060875111,True,0,-1.285855588526208,A09_robust_neighbor_consensus,2
2025-04-09,2,7463,アドヴァングループ,0.28070401594377109,True,0,-0.9320905459387463,A09_robust_neighbor_consensus,2
2025-04-10,1,6479,ミネベアミツミ,0.32539797548146399,True,0,-1.3735589894530276,A09_robust_neighbor_consensus,2
2025-04-10,2,6957,芝浦電子,0.32539797548146399,True,1,0.42735042735042583,A09_robust_neighbor_consensus,2
2025-04-11,1,3490,アズ企画設計,0.20406903341007884,True,0,-3.4953796705504248,A09_robust_neighbor_consensus,2
2025-04-11,2,1904,大成温調,0.18690188971262756,True,1,2.7259684361549574,A09_robust_neighbor_consensus,2
2025-04-14,1,1419,タマホーム,0.62159299121036704,True,0,-1.192052980132452,A09_robust_neighbor_consensus,2
2025-04-14,2,6312,フロイント,0.17641997012544122,True,1,2.2503516174402272,A09_robust_neighbor_consensus,2
2025-04-22,1,6952,カシオ計,0.32539797548146399,True,0,-0.58903488898958134,A09_robust_neighbor_consensus,2
2025-04-22,2,6436,アマノ,0.31076094181477171,True,1,2.6241317211216808,A09_robust_neighbor_consensus,2
2025-04-23,1,1720,東急建設,0.1506864605424702,True,1,2.5609756097560998,A09_robust_neighbor_consensus,2
2025-04-23,2,8793,ＮＥＣキャピ,0.1506864605424702,True,0,-0.923482849604218,A09_robust_neighbor_consensus,2
2025-04-24,1,6196,ストライク,0.1842720435503952,True,0,-0.65517241379310365,A09_robust_neighbor_consensus,2
2025-04-24,2,1945,東京エネシス,0.1506864605424702,True,1,0.9009009009008917,A09_robust_neighbor_consensus,2
2025-04-25,1,8714,池田泉州,0.32539797548146399,True,0,0,A09_robust_neighbor_consensus,2
2025-04-25,2,1969,高砂熱,0.16678858989778697,True,0,-2.2374352980464196,A09_robust_neighbor_consensus,2
2025-04-30,1,9206,ＳＦＪ,0.22012693506962236,True,1,2.0015396458814561,A09_robust_neighbor_consensus,2
2025-04-30,2,3121,マーチャント,0.21938338532575449,True,0,-1.016949152542368,A09_robust_neighbor_consensus,2
2025-05-01,1,8604,野村,0.80073457968546435,True,1,0.025097251850936253,A09_robust_neighbor_consensus,2
2025-05-01,2,9719,ＳＣＳＫ,0.34933088037736332,True,1,7.5268817204301008,A09_robust_neighbor_consensus,2
2025-05-08,1,2670,ＡＢＣマート,0.40432259415901234,True,1,2.915291529152908,A09_robust_neighbor_consensus,2
2025-05-08,2,7134,アップガレージＧ,0.25176077267819003,True,1,1.2371134020618513,A09_robust_neighbor_consensus,2
2025-05-09,1,6088,シグマクシスＨＤ,0.2773956279072724,True,1,4.3689320388349495,A09_robust_neighbor_consensus,2
2025-05-09,2,6218,エンシュウ,0.19072414167446614,True,1,0.67264573991030474,A09_robust_neighbor_consensus,2
2025-05-12,1,8237,松屋,0.47012174108048344,True,0,-1.5432098765432056,A09_robust_neighbor_consensus,2
2025-05-12,2,6316,丸山製,0.26438209385012007,True,0,0,A09_robust_neighbor_consensus,2
2025-05-13,1,3064,ＭＲＯ,0.32876243300402835,True,1,1.9641043007111447,A09_robust_neighbor_consensus,2
2025-05-13,2,9364,上組,0.17756869034387421,True,1,6.4842681258549861,A09_robust_neighbor_consensus,2
2025-05-14,1,3646,Ｇ－駅探,0.32807796577225973,True,0,-4.3715846994535568,A09_robust_neighbor_consensus,2
2025-05-14,2,5981,東製綱,0.24001810993798009,True,0,-2.8169014084507005,A09_robust_neighbor_consensus,2
2025-05-15,1,2612,かどや製油,0.38768896390379498,True,1,0.13927576601671099,A09_robust_neighbor_consensus,2
2025-05-15,2,3288,オープンハウスＧ,0.20633737212355752,True,0,-0.098199672667753646,A09_robust_neighbor_consensus,2
2025-05-16,1,6095,メドピア,0.34045823245439211,True,0,0,A09_robust_neighbor_consensus,2
2025-05-16,2,3286,トラストＨＤ,0.32559887486303102,True,0,-1.7811704834605591,A09_robust_neighbor_consensus,2
2025-05-19,1,9444,トーシンＨＤ,0.69534298226534985,True,1,0.65681444991789739,A09_robust_neighbor_consensus,2
2025-05-19,2,5888,Ｇ－ダイワサイクル,0.49073403029756119,True,1,0.95693779904306719,A09_robust_neighbor_consensus,2
2025-05-20,1,5580,Ｇ－プロディライト,0.75519196683251388,True,0,-2.732240437158473,A09_robust_neighbor_consensus,2
2025-05-20,2,8227,しまむら,0.1876003693748467,True,0,-1.9569471624266144,A09_robust_neighbor_consensus,2
2025-05-21,1,6822,大井電気,0.15246082807863773,True,0,0,A09_robust_neighbor_consensus,2
2025-05-21,2,4347,ブロードメディア,0.10093341396035291,True,0,-0.30959752321981782,A09_robust_neighbor_consensus,2
2025-05-27,1,4927,ポーラオルＨＤ,0.95714616280318487,True,1,0.52238805970148405,A09_robust_neighbor_consensus,2
2025-05-27,2,9206,ＳＦＪ,0.64939408571759971,True,1,1.2042818911685904,A09_robust_neighbor_consensus,2
2025-05-28,1,4015,Ｇ－ペイクラウドＨＤ,0.73833465979101875,True,0,-0.38412291933418441,A09_robust_neighbor_consensus,2
2025-05-28,2,3407,旭化成,0.22332011409148286,True,0,-1.1268985791278774,A09_robust_neighbor_consensus,2
2025-05-29,1,135A,Ｇ－ＶＲＡＩＮ,0.34187235196400195,True,1,1.4056224899598346,A09_robust_neighbor_consensus,2
2025-05-29,2,7236,ティラド,0.13879817658978297,True,0,-1.0373443983402453,A09_robust_neighbor_consensus,2
2025-05-30,1,7202,いすゞ自,0.20588334906158731,True,1,2.2436733629011218,A09_robust_neighbor_consensus,2
2025-05-30,2,3091,ブロンコＢ,0.16848091292437684,True,1,0.27100271002709064,A09_robust_neighbor_consensus,2
2025-06-02,1,7203,トヨタ自,0.30074082039791306,True,0,-1.6986301369863011,A09_robust_neighbor_consensus,2
2025-06-02,2,9682,ＤＴＳ,0.20382786440465067,True,1,0.91370558375634126,A09_robust_neighbor_consensus,2
2025-06-03,1,7683,ダブルエー,0.19321261022316841,True,0,-1.172161172161168,A09_robust_neighbor_consensus,2
2025-06-03,2,5122,オカモト,0.16296799484210056,True,0,-1.1857707509881465,A09_robust_neighbor_consensus,2
2025-06-04,1,2670,ＡＢＣマート,0.88961428744963722,True,1,2.9568934805842551,A09_robust_neighbor_consensus,2
2025-06-04,2,3415,トウキョウベース,0.82355120722437292,True,1,10.451977401129952,A09_robust_neighbor_consensus,2
2025-06-05,1,6036,ＫｅｅＰｅｒ技研,0.23398226626926122,True,1,0.39318479685452878,A09_robust_neighbor_consensus,2
2025-06-05,2,7445,ライトオン,0.1383983480183649,True,0,-3.9603960396039639,A09_robust_neighbor_consensus,2
2025-06-06,1,262A,インターメスティック,0.43892773099879262,True,0,-4.6354166666666696,A09_robust_neighbor_consensus,2
2025-06-06,2,7046,Ｇ－ＴＤＳＥ,0.35367869025741899,True,0,-2.7659574468085091,A09_robust_neighbor_consensus,2
2025-06-09,1,2735,ワッツ,0.66245653652097125,True,0,-0.56179775280899014,A09_robust_neighbor_consensus,2
2025-06-09,2,7422,東邦レマック,0.6400575882649725,True,0,-0.68807339449541427,A09_robust_neighbor_consensus,2
2025-06-10,1,7046,Ｇ－ＴＤＳＥ,0.4001141204357781,True,1,3.0344827586206824,A09_robust_neighbor_consensus,2
2025-06-10,2,9619,イチネンＨＤ,0.044887705226653932,True,0,-0.1242236024844745,A09_robust_neighbor_consensus,2
2025-06-11,1,3064,ＭＲＯ,0.72307540561560846,True,1,1.3375571981696588,A09_robust_neighbor_consensus,2
2025-06-11,2,6501,日立,0.68042949948556275,True,0,-0.4103306782524796,A09_robust_neighbor_consensus,2
2025-06-12,1,4318,クイック,0.27956246048550104,True,0,-0.58087578194816469,A09_robust_neighbor_consensus,2
2025-06-12,2,7012,川崎重,0.16292604969154015,True,1,2.7013752455795625,A09_robust_neighbor_consensus,2
2025-06-13,1,219A,Ｇ－ハートシード,0.68217664693704927,True,1,8.0691642651296913,A09_robust_neighbor_consensus,2
2025-06-13,2,1885,東亜建,0.2819300753060931,True,0,-1.0603048376408242,A09_robust_neighbor_consensus,2
2025-06-17,1,5580,Ｇ－プロディライト,0.45964974070521702,True,1,1.8620689655172384,A09_robust_neighbor_consensus,2
2025-06-17,2,3086,Ｊフロント,0.36494257521000595,True,1,0.99304865938429909,A09_robust_neighbor_consensus,2
2025-06-18,1,2497,Ｇ－ＵＮＩＴＥＤ,0.1259325082627383,True,1,1.0471204188481575,A09_robust_neighbor_consensus,2
2025-06-18,2,7585,かんなん,0.064723464625818267,True,1,1.904761904761898,A09_robust_neighbor_consensus,2
2025-06-19,1,7043,Ｇ－アルー,0.91988778612693378,True,0,-0.51813471502590858,A09_robust_neighbor_consensus,2
2025-06-19,2,6349,小森,0.069188271931707485,True,1,0.52980132450330952,A09_robust_neighbor_consensus,2
2025-06-20,1,7851,カワセコンピュ,0.48373002206522808,True,0,-4.1666666666666625,A09_robust_neighbor_consensus,2
2025-06-20,2,8725,ＭＳ＆ＡＤ,0.47331804365086566,True,0,-1.0015649452269182,A09_robust_neighbor_consensus,2
2025-06-24,1,6702,富士通,0.29413058709576184,True,1,0.11876484560569001,A09_robust_neighbor_consensus,2
2025-06-24,2,7545,西松屋チェ,0.24334003979618901,True,0,-1.3333333333333308,A09_robust_neighbor_consensus,2
2025-06-25,1,4015,Ｇ－ペイクラウドＨＤ,0.30902258867935006,True,1,6.3134160090191571,A09_robust_neighbor_consensus,2
2025-06-25,2,6090,Ｇ－ＨＭＴ,0.24419991761617058,True,1,6.4102564102564097,A09_robust_neighbor_consensus,2
2025-06-26,1,6240,ヤマシンフィルタ,0.41307885366416081,True,1,1.4610389610389518,A09_robust_neighbor_consensus,2
2025-06-26,2,147A,Ｇ－ソラコム,0.24883356090331699,True,0,0,A09_robust_neighbor_consensus,2
2025-06-27,1,9206,ＳＦＪ,0.94603819183428406,True,1,0.51425899953250198,A09_robust_neighbor_consensus,2
2025-06-27,2,2002,日清粉Ｇ,0.17919721997863036,True,1,0.23364485981307581,A09_robust_neighbor_consensus,2
2025-06-30,1,8316,三井住友,0.66467946928667243,True,0,-0.49288061336254518,A09_robust_neighbor_consensus,2
2025-06-30,2,5994,ファインシンター,0.65113151816896842,True,0,-0.72289156626506035,A09_robust_neighbor_consensus,2
2025-07-01,1,3094,スーパーＶ,0.58813467324788771,True,1,0.53981106612686069,A09_robust_neighbor_consensus,2
2025-07-01,2,2338,クオンタムＳ,0.29011337566430956,True,0,-2.2123893805309769,A09_robust_neighbor_consensus,2
2025-07-02,1,6191,エアトリ,0.1506864605424702,True,0,-2.4830699774266329,A09_robust_neighbor_consensus,2
2025-07-02,2,6391,加地テック,0.1321983954460248,True,0,0,A09_robust_neighbor_consensus,2
2025-07-07,1,6564,ミダックＨＤ,0.2645731681385376,True,0,-0.049875311720692928,A09_robust_neighbor_consensus,2
2025-07-07,2,2323,ｆｏｎｆｕｎ,0.21930694954973501,True,0,-0.90702947845805459,A09_robust_neighbor_consensus,2
2025-07-08,1,3179,シュッピン,0.34475216024220862,True,1,0.43290043290042934,A09_robust_neighbor_consensus,2
2025-07-08,2,7134,アップガレージＧ,0.29732841971136065,True,1,1.9004524886877761,A09_robust_neighbor_consensus,2
2025-07-09,1,4055,Ｇ－ティアンドエスＧ,0.14486986505993224,True,1,5.1993067590987874,A09_robust_neighbor_consensus,2
2025-07-09,2,9253,Ｇ－スローガン,0.12565375858092986,True,0,-13.36898395721925,A09_robust_neighbor_consensus,2
2025-07-10,1,3097,物語コーポ,0.52470937763687808,True,0,-1.834862385321101,A09_robust_neighbor_consensus,2
2025-07-10,2,3498,霞ヶ関キャピタル,0.20420152209563161,True,0,-2.5000000000000022,A09_robust_neighbor_consensus,2
2025-07-11,1,3064,ＭＲＯ,0.80180930400222017,True,1,2.6925820256776145,A09_robust_neighbor_consensus,2
2025-07-11,2,3399,山岡家,0.33486812138476091,True,1,0.17006802721089009,A09_robust_neighbor_consensus,2
2025-07-14,1,7512,イオン北海,0.45657940784789686,True,1,1.1350737797956922,A09_robust_neighbor_consensus,2
2025-07-14,2,1419,タマホーム,0.16424251996591133,True,1,4.0000000000000036,A09_robust_neighbor_consensus,2
2025-07-15,1,7043,Ｇ－アルー,0.55611434908069579,True,0,0,A09_robust_neighbor_consensus,2
2025-07-15,2,7185,ヒロセ通商,0.21613622703700425,True,0,-0.34602076124568004,A09_robust_neighbor_consensus,2
2025-07-16,1,4343,イオンファン,0.6203051173269758,True,0,-0.32414910858995505,A09_robust_neighbor_consensus,2
2025-07-16,2,3086,Ｊフロント,0.52952616261832441,True,1,0.40363269424823489,A09_robust_neighbor_consensus,2
2025-07-23,1,3796,いい生活,0.18326437918073937,True,1,0.39603960396039639,A09_robust_neighbor_consensus,2
2025-07-23,2,7818,トランザクション,0.15679112114041721,True,1,0.89576547231269288,A09_robust_neighbor_consensus,2
2025-07-24,1,4777,ガーラ,0.47420547829157705,True,0,-0.85470085470085166,A09_robust_neighbor_consensus,2
2025-07-24,2,3943,大石産業,0.26443385585619722,True,1,0.57899090157154109,A09_robust_neighbor_consensus,2
2025-07-25,1,4936,アクシージア,0.27669479784721063,True,0,-0.8113590263691739,A09_robust_neighbor_consensus,2
2025-07-25,2,4933,Ｉｎｅ,0.22785128299064394,True,0,-1.3537374926427259,A09_robust_neighbor_consensus,2
2025-07-28,1,6954,ファナック,0.31150047377088114,True,0,-2.5939766981754264,A09_robust_neighbor_consensus,2
2025-07-28,2,2154,オープンアップＧ,0.29475887509687071,True,1,0.40068689181453898,A09_robust_neighbor_consensus,2
2025-07-29,1,9206,ＳＦＪ,0.88042606996225736,True,1,0.36036036036035668,A09_robust_neighbor_consensus,2
2025-07-29,2,8737,あかつき本社,0.35525246261048959,True,0,0,A09_robust_neighbor_consensus,2
2025-07-30,1,7309,シマノ,0.22274076660565995,True,0,-5.6034482758620658,A09_robust_neighbor_consensus,2
2025-07-30,2,6191,エアトリ,0.14775914831571949,True,1,1.1001100110010986,A09_robust_neighbor_consensus,2
2025-07-31,1,7198,ＳＢＩアルヒ,0.22777744717817502,True,1,3.0940594059405857,A09_robust_neighbor_consensus,2
2025-07-31,2,6023,ダイハツインフィ,0.17706953932962388,True,1,3.8567493112947604,A09_robust_neighbor_consensus,2
2024-07-01,1,2678,アスクル,1.2299009518038726,True,0,-3.0044843049327308,A10_family_then_text_cross_code,1
2024-07-02,1,6279,瑞光,1.4779997495717199,True,0,-2.8028933092224206,A10_family_then_text_cross_code,1
2024-07-03,1,8070,東京産,1.048480735510549,True,0,0,A10_family_then_text_cross_code,1
2024-07-04,1,3803,Ｇ－イメージ情,1.1642281428899253,True,0,-2.8138528138528129,A10_family_then_text_cross_code,1
2024-07-05,1,6898,トミタ電機,1.1243210429393622,True,0,-0.98879367172050037,A10_family_then_text_cross_code,1
2024-07-08,1,3848,データアプリ,1.1593952055015806,True,1,0.10845986984815426,A10_family_then_text_cross_code,1
2024-07-09,1,5759,Ｇ－日本電解,0.8286323717444517,True,0,-0.88321884200196488,A10_family_then_text_cross_code,1
2024-07-10,1,6098,リクルートＨＤ,2.028887136003994,True,1,2.529729729729735,A10_family_then_text_cross_code,1
2024-07-11,1,6525,ＫＯＫＵＳＡＩ,1.438130105473707,True,1,0.90909090909090384,A10_family_then_text_cross_code,1
2024-07-12,1,4443,Ｓａｎｓａｎ,2.7279298722558463,True,0,0,A10_family_then_text_cross_code,1
2024-07-16,1,7638,ＮＥＷ ＡＲＴ,3.6000000000000032,True,1,1.9075144508670538,A10_family_then_text_cross_code,1
2024-07-17,1,3491,Ｇ－ＧＡ ＴＥＣＨ,1.0312162442617785,True,1,3.4937888198757872,A10_family_then_text_cross_code,1
2024-07-18,1,5888,Ｇ－ダイワサイクル,1.7656054914411896,True,1,2.0954998282377124,A10_family_then_text_cross_code,1
2024-07-19,1,9235,Ｇ－売れるネット広告,1.0714718797864735,True,0,-0.048995590396860855,A10_family_then_text_cross_code,1
2024-07-22,1,4766,ピーエイ,1.6264881529987072,True,0,-0.81300813008130524,A10_family_then_text_cross_code,1
2024-07-23,1,4439,東名,1.1642281428899253,True,1,7.1017274472168879,A10_family_then_text_cross_code,1
2024-07-24,1,2653,イオン九州,3.1423290203327126,True,1,4.4285714285714262,A10_family_then_text_cross_code,1
2024-07-25,1,8060,キヤノンＭＪ,0.9035190850761371,True,0,-5.855855855855852,A10_family_then_text_cross_code,1
2024-07-26,1,4095,日パーカライ,1.603490139591673,True,0,-0.5695687550854367,A10_family_then_text_cross_code,1
2024-07-29,1,8341,七十七銀,0.97645020616155842,True,1,1.318681318681314,A10_family_then_text_cross_code,1
2024-07-30,1,2678,アスクル,1.2299009977884039,True,0,-3.5616438356164348,A10_family_then_text_cross_code,1
2024-07-31,1,6182,Ｇ－メタリアル,1.9381284100026395,True,1,1.4354066985645897,A10_family_then_text_cross_code,1
2025-04-01,1,3681,ブイキューブ,1.3780759470997166,True,0,-2.6737967914438499,A10_family_then_text_cross_code,1
2025-04-02,1,8252,丸井Ｇ,0.68064202405286123,True,1,0.39607695209356031,A10_family_then_text_cross_code,1
2025-04-03,1,7987,ナカバヤシ,0.39163599706821678,True,0,-0.59642147117295874,A10_family_then_text_cross_code,1
2025-04-04,1,3498,霞ヶ関キャピタル,0.84965447372078651,True,0,-3.3509700176366897,A10_family_then_text_cross_code,1
2025-04-07,1,3121,マーチャント,1.9459471004331734,True,0,-3.5714285714285698,A10_family_then_text_cross_code,1
2025-04-08,1,7679,薬王堂ＨＤ,0.64604155215475079,True,1,0.79726651480638289,A10_family_then_text_cross_code,1
2025-04-09,1,7463,アドヴァングループ,0.68286166251061897,True,0,-0.9320905459387463,A10_family_then_text_cross_code,1
2025-04-10,1,6479,ミネベアミツミ,0.9170082997092297,True,0,-1.3735589894530276,A10_family_then_text_cross_code,1
2025-04-11,1,6184,鎌倉新書,0.99147111155566159,True,1,4.4705882352941151,A10_family_then_text_cross_code,1
2025-04-14,1,8905,イオンモール,2.4415316331476298,True,1,0.98393574297188646,A10_family_then_text_cross_code,1
2025-04-22,1,6238,フリュー,0.92347946617117249,True,1,0.43103448275862988,A10_family_then_text_cross_code,1
2025-04-23,1,2437,シンワワイズ,1.1640167659034319,True,1,1.538461538461533,A10_family_then_text_cross_code,1
2025-04-24,1,6196,ストライク,0.99248068537578682,True,0,-0.65517241379310365,A10_family_then_text_cross_code,1
2025-04-25,1,3080,ジェーソン,1.1296998892299741,True,0,-0.58651026392961825,A10_family_then_text_cross_code,1
2025-04-30,1,2801,キッコマン,2.7582912328719726,True,0,-5.2935188327112304,A10_family_then_text_cross_code,1
2025-05-01,1,9001,東武,2.1830786944786111,True,1,1.3984674329502012,A10_family_then_text_cross_code,1
2025-05-08,1,9878,セキド,2.1687297828500567,True,0,-1.8651362984218101,A10_family_then_text_cross_code,1
2025-05-09,1,8558,東和銀,3.7849606431083593,True,1,6.7796610169491567,A10_family_then_text_cross_code,1
2025-05-12,1,6222,島精機,2.8265155875225916,True,0,-2.9189189189189224,A10_family_then_text_cross_code,1
2025-05-13,1,5976,ネツレン,3.5471846277761054,True,0,0,A10_family_then_text_cross_code,1
2025-05-14,1,4246,ＤＮＣ,2.4691462921648668,True,1,3.0303030303030276,A10_family_then_text_cross_code,1
2025-05-15,1,1803,清水建,7.7222498904872312,True,1,2.8211085297046079,A10_family_then_text_cross_code,1
2025-05-16,1,2121,ＭＩＸＩ,2.9471245535378574,True,1,4.0435458786936218,A10_family_then_text_cross_code,1
2025-05-19,1,4676,フジＨＤ,1.2736702190892268,True,1,12.827832292595897,A10_family_then_text_cross_code,1
2025-05-20,1,9202,ＡＮＡ,1.1143061518199811,True,0,-2.2138321606315459,A10_family_then_text_cross_code,1
2025-05-21,1,8766,東京海上,0.66687629914913027,True,0,-0.035391966023712307,A10_family_then_text_cross_code,1
2025-05-27,1,7162,アストマックス,1.9075144508670538,True,0,-0.41666666666666519,A10_family_then_text_cross_code,1
2025-05-28,1,8848,レオパレス２１,7.7222498904872312,True,1,3.07443365695792,A10_family_then_text_cross_code,1
2025-05-29,1,135A,Ｇ－ＶＲＡＩＮ,2.6454897796521668,True,1,1.4056224899598346,A10_family_then_text_cross_code,1
2025-05-30,1,3997,トレードワークス,2.3674692110583746,True,0,-1.6949152542372836,A10_family_then_text_cross_code,1
2025-06-02,1,7984,コクヨ,2.0905402463191454,True,1,1.441383728379253,A10_family_then_text_cross_code,1
2025-06-03,1,6071,ＩＢＪ,0.84248716754027486,True,0,-0.85470085470085166,A10_family_then_text_cross_code,1
2025-06-04,1,7203,トヨタ自,2.0256359108804243,True,0,-0.20146520146520075,A10_family_then_text_cross_code,1
2025-06-05,1,7445,ライトオン,1.348051205557113,True,0,-3.9603960396039639,A10_family_then_text_cross_code,1
2025-06-06,1,2702,マクドナルド,1.5243704308861217,True,1,0.33277870216306127,A10_family_then_text_cross_code,1
2025-06-09,1,3948,光ビジネス,1.3966160932861642,True,0,-0.74280408542246601,A10_family_then_text_cross_code,1
2025-06-10,1,4893,Ｇ－ノイルイミューン,1.007957944558681,True,0,-2.7624309392265234,A10_family_then_text_cross_code,1
2025-06-11,1,4228,積水化成,1.2122343120015298,True,0,-0.92024539877300082,A10_family_then_text_cross_code,1
2025-06-12,1,5132,Ｇ－ｐｌｕｓｚｅｒｏ,0.95327839226422406,True,1,7.0000000000000062,A10_family_then_text_cross_code,1
2025-06-13,1,8142,トーホー,1.6212993124747972,True,0,-3.7540453074433655,A10_family_then_text_cross_code,1
2025-06-17,1,4430,東海ソフト,1.2479083346985314,True,0,-0.83816892327530645,A10_family_then_text_cross_code,1
2025-06-18,1,2385,Ｇ－総医研,0.88230320394722306,True,1,1.744186046511631,A10_family_then_text_cross_code,1
2025-06-19,1,4766,ピーエイ,0.92108237331429188,True,0,-0.70175438596491446,A10_family_then_text_cross_code,1
2025-06-20,1,7781,平山,2.1196354960615231,True,1,0.55762081784387352,A10_family_then_text_cross_code,1
2025-06-24,1,6702,富士通,1.2663508521085423,True,1,0.11876484560569001,A10_family_then_text_cross_code,1
2025-06-25,1,9201,ＪＡＬ,1.8615919969896957,True,1,0.43630017452007674,A10_family_then_text_cross_code,1
2025-06-26,1,7793,Ｇ－イメージマジック,1.181737137175958,True,0,-0.45941807044410643,A10_family_then_text_cross_code,1
2025-06-27,1,4316,Ｇ－ビーマップ,1.8129460916404927,True,0,-2.0997375328083989,A10_family_then_text_cross_code,1
2025-06-30,1,6928,エノモト,1.0746570076275661,True,0,-1.0174418604651181,A10_family_then_text_cross_code,1
2025-07-01,1,2678,アスクル,1.4311700170532353,True,1,1.7589576547231367,A10_family_then_text_cross_code,1
2025-07-02,1,8237,松屋,1.2266590085345987,True,1,1.0912698412698374,A10_family_then_text_cross_code,1
2025-07-07,1,7366,ＬＩＴＡＬＩＣＯ,4.0362583717236191,True,0,-0.55031446540880768,A10_family_then_text_cross_code,1
2025-07-08,1,3834,朝日ネット,0.83949709473621126,True,0,-0.73637702503681624,A10_family_then_text_cross_code,1
2025-07-09,1,3252,地主,0.87985603305413973,True,1,3.937007874015741,A10_family_then_text_cross_code,1
2025-07-10,1,8237,松屋,1.0840150957930683,True,0,-2.0289855072463725,A10_family_then_text_cross_code,1
2025-07-11,1,8008,４℃ ＨＤ,2.0721531259616723,True,1,0.69565217391305278,A10_family_then_text_cross_code,1
2025-07-14,1,2437,シンワワイズ,2.1024947537511443,True,0,-2.4054982817869441,A10_family_then_text_cross_code,1
2025-07-15,1,4439,東名,1.1756804298101677,True,1,0.61315496098104383,A10_family_then_text_cross_code,1
2025-07-16,1,4666,パーク２４,2.6390946510373641,True,1,1.2972972972973063,A10_family_then_text_cross_code,1
2025-07-23,1,3951,朝日印刷,1.0321819982729141,True,0,0,A10_family_then_text_cross_code,1
2025-07-24,1,3943,大石産業,1.3153721338503055,True,1,0.57899090157154109,A10_family_then_text_cross_code,1
2025-07-25,1,9629,ピーシーエー,1.6097432023481213,True,0,-1.9469983775013522,A10_family_then_text_cross_code,1
2025-07-28,1,6338,タカトリ,3.3184568063749902,True,0,-0.37336652146857663,A10_family_then_text_cross_code,1
2025-07-29,1,4956,コニシ,1.1966065290639276,True,1,0.65681444991789739,A10_family_then_text_cross_code,1
2025-07-30,1,4498,Ｇ－サイバートラスト,1.442490093121447,True,0,-0.95890410958904271,A10_family_then_text_cross_code,1
2025-07-31,1,2678,アスクル,1.5429619188852963,True,1,1.53949129852744,A10_family_then_text_cross_code,1
2024-07-01,1,2678,アスクル,1.2299009518038726,True,0,-3.0044843049327308,A10_family_then_text_cross_code,2
2024-07-01,2,9832,オートバックス,1.088520592691588,True,1,0.47801147227533036,A10_family_then_text_cross_code,2
2024-07-02,1,6279,瑞光,1.4779997495717199,True,0,-2.8028933092224206,A10_family_then_text_cross_code,2
2024-07-02,2,6030,Ｇ－アドベンチャー,1.313874276144315,True,0,-2.3589743589743639,A10_family_then_text_cross_code,2
2024-07-03,1,8070,東京産,1.048480735510549,True,0,0,A10_family_then_text_cross_code,2
2024-07-03,2,7161,じもとＨＤ,0.84232311127867032,True,0,-4.5945945945945921,A10_family_then_text_cross_code,2
2024-07-04,1,3803,Ｇ－イメージ情,1.1642281428899253,True,0,-2.8138528138528129,A10_family_then_text_cross_code,2
2024-07-04,2,7138,Ｇ－ＴＯＲＩＣＯ,1.0502542005041893,True,1,0.39761431411531323,A10_family_then_text_cross_code,2
2024-07-05,1,6898,トミタ電機,1.1243210429393622,True,0,-0.98879367172050037,A10_family_then_text_cross_code,2
2024-07-05,2,2702,マクドナルド,1.0521854489056619,True,0,-1.3008130081300862,A10_family_then_text_cross_code,2
2024-07-08,1,3848,データアプリ,1.1593952055015806,True,1,0.10845986984815426,A10_family_then_text_cross_code,2
2024-07-08,2,4583,Ｇ－カイオム,0.96863033162050138,True,0,0,A10_family_then_text_cross_code,2
2024-07-09,1,5759,Ｇ－日本電解,0.8286323717444517,True,0,-0.88321884200196488,A10_family_then_text_cross_code,2
2024-07-09,2,9337,Ｇ－トリドリ,0.81925620569014124,True,0,-2.2752497225305257,A10_family_then_text_cross_code,2
2024-07-10,1,6098,リクルートＨＤ,2.028887136003994,True,1,2.529729729729735,A10_family_then_text_cross_code,2
2024-07-10,2,6525,ＫＯＫＵＳＡＩ,0.732063272759369,True,1,3.4482758620689724,A10_family_then_text_cross_code,2
2024-07-11,1,6525,ＫＯＫＵＳＡＩ,1.438130105473707,True,1,0.90909090909090384,A10_family_then_text_cross_code,2
2024-07-11,2,4951,エステー,1.170920467299277,True,1,0.31766200762388674,A10_family_then_text_cross_code,2
2024-07-12,1,4443,Ｓａｎｓａｎ,2.7279298722558463,True,0,0,A10_family_then_text_cross_code,2
2024-07-12,2,5801,古河電工,1.2557515952745062,True,0,-0.79231692677070864,A10_family_then_text_cross_code,2
2024-07-16,1,7638,ＮＥＷ ＡＲＴ,3.6000000000000032,True,1,1.9075144508670538,A10_family_then_text_cross_code,2
2024-07-16,2,3133,Ｇ－海帆,1.2698507854711083,True,0,-0.43478260869564966,A10_family_then_text_cross_code,2
2024-07-17,1,3491,Ｇ－ＧＡ ＴＥＣＨ,1.0312162442617785,True,1,3.4937888198757872,A10_family_then_text_cross_code,2
2024-07-17,2,4379,Ｇ－フォトシンス,0.71250257726739563,True,1,3.4912718204488824,A10_family_then_text_cross_code,2
2024-07-18,1,5888,Ｇ－ダイワサイクル,1.7656054914411896,True,1,2.0954998282377124,A10_family_then_text_cross_code,2
2024-07-18,2,7172,ＪＩＡ,1.7292490118577142,True,1,0.96153846153845812,A10_family_then_text_cross_code,2
2024-07-19,1,9235,Ｇ－売れるネット広告,1.0714718797864735,True,0,-0.048995590396860855,A10_family_then_text_cross_code,2
2024-07-19,2,2588,プレミアムウォーター,0.87090963075568395,True,0,-0.66445182724252927,A10_family_then_text_cross_code,2
2024-07-22,1,4766,ピーエイ,1.6264881529987072,True,0,-0.81300813008130524,A10_family_then_text_cross_code,2
2024-07-22,2,2998,Ｇ－クリアル,1.1642281428899253,True,0,0,A10_family_then_text_cross_code,2
2024-07-23,1,4439,東名,1.1642281428899253,True,1,7.1017274472168879,A10_family_then_text_cross_code,2
2024-07-23,2,3133,Ｇ－海帆,1.0746348576585198,True,1,1.3745704467353903,A10_family_then_text_cross_code,2
2024-07-24,1,2653,イオン九州,3.1423290203327126,True,1,4.4285714285714262,A10_family_then_text_cross_code,2
2024-07-24,2,6584,三桜工,1.9657537468881201,True,0,-0.50251256281407253,A10_family_then_text_cross_code,2
2024-07-25,1,8060,キヤノンＭＪ,0.9035190850761371,True,0,-5.855855855855852,A10_family_then_text_cross_code,2
2024-07-25,2,9418,Ｕ－ＮＥＸＴ,0.73725399580614437,True,1,3.1556039173014083,A10_family_then_text_cross_code,2
2024-07-26,1,4095,日パーカライ,1.603490139591673,True,0,-0.5695687550854367,A10_family_then_text_cross_code,2
2024-07-26,2,3001,片倉,0.68698247855884409,True,1,1.1840157868771684,A10_family_then_text_cross_code,2
2024-07-29,1,8341,七十七銀,0.97645020616155842,True,1,1.318681318681314,A10_family_then_text_cross_code,2
2024-07-29,2,4414,Ｇ－フレクト,0.82769209304742042,True,1,2.960526315789469,A10_family_then_text_cross_code,2
2024-07-30,1,2678,アスクル,1.2299009977884039,True,0,-3.5616438356164348,A10_family_then_text_cross_code,2
2024-07-30,2,1930,北陸電工,0.76620233108113622,True,1,5.579399141630903,A10_family_then_text_cross_code,2
2024-07-31,1,6182,Ｇ－メタリアル,1.9381284100026395,True,1,1.4354066985645897,A10_family_then_text_cross_code,2
2024-07-31,2,2540,養命酒,1.2921606567719452,True,1,2.8077753779697678,A10_family_then_text_cross_code,2
2025-04-01,1,3681,ブイキューブ,1.3780759470997166,True,0,-2.6737967914438499,A10_family_then_text_cross_code,2
2025-04-01,2,7122,近畿車輌,1.3769522046845213,True,0,-3.2131147540983562,A10_family_then_text_cross_code,2
2025-04-02,1,8252,丸井Ｇ,0.68064202405286123,True,1,0.39607695209356031,A10_family_then_text_cross_code,2
2025-04-02,2,4480,メドレー,0.66039944200310641,True,0,-1.2956810631229221,A10_family_then_text_cross_code,2
2025-04-03,1,7987,ナカバヤシ,0.39163599706821678,True,0,-0.59642147117295874,A10_family_then_text_cross_code,2
2025-04-03,2,8793,ＮＥＣキャピ,0.347553545524593,True,1,0.13477088948787852,A10_family_then_text_cross_code,2
2025-04-04,1,3498,霞ヶ関キャピタル,0.84965447372078651,True,0,-3.3509700176366897,A10_family_then_text_cross_code,2
2025-04-04,2,2927,ＡＦＣ－ＨＤ,0.78004317242634358,True,0,-1.9024970273483932,A10_family_then_text_cross_code,2
2025-04-07,1,3121,マーチャント,1.9459471004331734,True,0,-3.5714285714285698,A10_family_then_text_cross_code,2
2025-04-07,2,3046,ＪＩＮＳＨＤ,0.88519715142879074,True,1,3.3003300330032959,A10_family_then_text_cross_code,2
2025-04-08,1,7679,薬王堂ＨＤ,0.64604155215475079,True,1,0.79726651480638289,A10_family_then_text_cross_code,2
2025-04-08,2,3148,クリエイトＳＤＨ,0.52188177280467507,True,0,-0.6045519203413896,A10_family_then_text_cross_code,2
2025-04-09,1,7463,アドヴァングループ,0.68286166251061897,True,0,-0.9320905459387463,A10_family_then_text_cross_code,2
2025-04-09,2,2331,ＡＬＳＯＫ,0.57632545961078341,True,0,-0.83294770939379426,A10_family_then_text_cross_code,2
2025-04-10,1,6479,ミネベアミツミ,0.9170082997092297,True,0,-1.3735589894530276,A10_family_then_text_cross_code,2
2025-04-10,2,6957,芝浦電子,0.9170082997092297,True,1,0.42735042735042583,A10_family_then_text_cross_code,2
2025-04-11,1,6184,鎌倉新書,0.99147111155566159,True,1,4.4705882352941151,A10_family_then_text_cross_code,2
2025-04-11,2,1904,大成温調,0.70691973739965364,True,1,2.7259684361549574,A10_family_then_text_cross_code,2
2025-04-14,1,8905,イオンモール,2.4415316331476298,True,1,0.98393574297188646,A10_family_then_text_cross_code,2
2025-04-14,2,3168,ＭＥＲＦ,1.0764521039864967,True,0,-1.0080645161290369,A10_family_then_text_cross_code,2
2025-04-22,1,6238,フリュー,0.92347946617117249,True,1,0.43103448275862988,A10_family_then_text_cross_code,2
2025-04-22,2,6952,カシオ計,0.9170082997092297,True,0,-0.58903488898958134,A10_family_then_text_cross_code,2
2025-04-23,1,2437,シンワワイズ,1.1640167659034319,True,1,1.538461538461533,A10_family_then_text_cross_code,2
2025-04-23,2,1720,東急建設,0.4339481688625601,True,1,2.5609756097560998,A10_family_then_text_cross_code,2
2025-04-24,1,6196,ストライク,0.99248068537578682,True,0,-0.65517241379310365,A10_family_then_text_cross_code,2
2025-04-24,2,7769,リズム,0.96610523373871837,True,0,0,A10_family_then_text_cross_code,2
2025-04-25,1,3080,ジェーソン,1.1296998892299741,True,0,-0.58651026392961825,A10_family_then_text_cross_code,2
2025-04-25,2,8714,池田泉州,0.9170082997092297,True,0,0,A10_family_then_text_cross_code,2
2025-04-30,1,2801,キッコマン,2.7582912328719726,True,0,-5.2935188327112304,A10_family_then_text_cross_code,2
2025-04-30,2,5332,ＴＯＴＯ,2.4323688983214815,True,1,3.2380952380952399,A10_family_then_text_cross_code,2
2025-05-01,1,9001,東武,2.1830786944786111,True,1,1.3984674329502012,A10_family_then_text_cross_code,2
2025-05-01,2,4374,Ｇ－ロボペイ,1.4272643240120215,True,0,-0.23866348448687846,A10_family_then_text_cross_code,2
2025-05-08,1,9878,セキド,2.1687297828500567,True,0,-1.8651362984218101,A10_family_then_text_cross_code,2
2025-05-08,2,2344,平安レイ,1.9891893663967968,True,0,-1.8583042973286834,A10_family_then_text_cross_code,2
2025-05-09,1,8558,東和銀,3.7849606431083593,True,1,6.7796610169491567,A10_family_then_text_cross_code,2
2025-05-09,2,9628,燦ＨＤ,2.6131047243041317,True,1,5.3519061583577665,A10_family_then_text_cross_code,2
2025-05-12,1,6222,島精機,2.8265155875225916,True,0,-2.9189189189189224,A10_family_then_text_cross_code,2
2025-05-12,2,1375,ユキグニファクトリー,2.7488037202142372,True,0,-0.72137060414788623,A10_family_then_text_cross_code,2
2025-05-13,1,5976,ネツレン,3.5471846277761054,True,0,0,A10_family_then_text_cross_code,2
2025-05-13,2,3467,アグレ都市デザイン,3.4610034909854575,True,0,-0.1110494169905607,A10_family_then_text_cross_code,2
2025-05-14,1,4246,ＤＮＣ,2.4691462921648668,True,1,3.0303030303030276,A10_family_then_text_cross_code,2
2025-05-14,2,7927,ムトー精工,2.3365590039924364,True,1,0.40955631399317571,A10_family_then_text_cross_code,2
2025-05-15,1,1803,清水建,7.7222498904872312,True,1,2.8211085297046079,A10_family_then_text_cross_code,2
2025-05-15,2,6371,椿本チエイン,7.7222498904872312,True,0,0,A10_family_then_text_cross_code,2
2025-05-16,1,2121,ＭＩＸＩ,2.9471245535378574,True,1,4.0435458786936218,A10_family_then_text_cross_code,2
2025-05-16,2,7182,ゆうちょ銀行,1.3057542719765447,True,0,-1.4836795252225476,A10_family_then_text_cross_code,2
2025-05-19,1,4676,フジＨＤ,1.2736702190892268,True,1,12.827832292595897,A10_family_then_text_cross_code,2
2025-05-19,2,9444,トーシンＨＤ,1.0802381820846427,True,1,0.65681444991789739,A10_family_then_text_cross_code,2
2025-05-20,1,9202,ＡＮＡ,1.1143061518199811,True,0,-2.2138321606315459,A10_family_then_text_cross_code,2
2025-05-20,2,2986,Ｇ－ＬＡＨＤ,0.9622737671888818,True,0,-10.59782608695652,A10_family_then_text_cross_code,2
2025-05-21,1,8766,東京海上,0.66687629914913027,True,0,-0.035391966023712307,A10_family_then_text_cross_code,2
2025-05-21,2,3753,フライト,0.5870963103229524,True,1,0.4761904761904745,A10_family_then_text_cross_code,2
2025-05-27,1,7162,アストマックス,1.9075144508670538,True,0,-0.41666666666666519,A10_family_then_text_cross_code,2
2025-05-27,2,3286,トラストＨＤ,1.603618410139737,True,0,-0.97777777777777741,A10_family_then_text_cross_code,2
2025-05-28,1,8848,レオパレス２１,7.7222498904872312,True,1,3.07443365695792,A10_family_then_text_cross_code,2
2025-05-28,2,6594,ニデック,1.8443718446945636,True,0,-1.3157894736842146,A10_family_then_text_cross_code,2
2025-05-29,1,135A,Ｇ－ＶＲＡＩＮ,2.6454897796521668,True,1,1.4056224899598346,A10_family_then_text_cross_code,2
2025-05-29,2,2678,アスクル,1.0852637107253482,True,1,2.3684210526315752,A10_family_then_text_cross_code,2
2025-05-30,1,3997,トレードワークス,2.3674692110583746,True,0,-1.6949152542372836,A10_family_then_text_cross_code,2
2025-05-30,2,9432,ＮＴＴ,1.8307629598727118,True,1,3.0186255619781832,A10_family_then_text_cross_code,2
2025-06-02,1,7984,コクヨ,2.0905402463191454,True,1,1.441383728379253,A10_family_then_text_cross_code,2
2025-06-02,2,9682,ＤＴＳ,1.6269534614265475,True,1,0.91370558375634126,A10_family_then_text_cross_code,2
2025-06-03,1,6071,ＩＢＪ,0.84248716754027486,True,0,-0.85470085470085166,A10_family_then_text_cross_code,2
2025-06-03,2,3161,アゼアス,0.74266386196055967,True,0,-0.31104199066873672,A10_family_then_text_cross_code,2
2025-06-04,1,7203,トヨタ自,2.0256359108804243,True,0,-0.20146520146520075,A10_family_then_text_cross_code,2
2025-06-04,2,6039,Ｇ－日本動物高度医療,1.010291600348783,True,1,3.2586558044806591,A10_family_then_text_cross_code,2
2025-06-05,1,7445,ライトオン,1.348051205557113,True,0,-3.9603960396039639,A10_family_then_text_cross_code,2
2025-06-05,2,1436,Ｇ－グリーンエナジー,1.1236592391050368,True,0,-2.0557332115121008,A10_family_then_text_cross_code,2
2025-06-06,1,2702,マクドナルド,1.5243704308861217,True,1,0.33277870216306127,A10_family_then_text_cross_code,2
2025-06-06,2,3046,ＪＩＮＳＨＤ,1.345587758413425,True,0,-4.2744656917885315,A10_family_then_text_cross_code,2
2025-06-09,1,3948,光ビジネス,1.3966160932861642,True,0,-0.74280408542246601,A10_family_then_text_cross_code,2
2025-06-09,2,3496,Ｇ－アズーム,1.0105987954519844,True,1,2.6900584795321647,A10_family_then_text_cross_code,2
2025-06-10,1,4893,Ｇ－ノイルイミューン,1.007957944558681,True,0,-2.7624309392265234,A10_family_then_text_cross_code,2
2025-06-10,2,7804,ビーアンドピー,0.62409363920108207,True,0,-4.2509286009079661,A10_family_then_text_cross_code,2
2025-06-11,1,4228,積水化成,1.2122343120015298,True,0,-0.92024539877300082,A10_family_then_text_cross_code,2
2025-06-11,2,3399,山岡家,0.95779795414832558,True,1,7.1556350626118093,A10_family_then_text_cross_code,2
2025-06-12,1,5132,Ｇ－ｐｌｕｓｚｅｒｏ,0.95327839226422406,True,1,7.0000000000000062,A10_family_then_text_cross_code,2
2025-06-12,2,2432,ディーエヌエー,0.59535985616099452,True,1,0.38888888888888307,A10_family_then_text_cross_code,2
2025-06-13,1,8142,トーホー,1.6212993124747972,True,0,-3.7540453074433655,A10_family_then_text_cross_code,2
2025-06-13,2,7823,アートネイチャー,1.5304336797265943,True,1,0.14005602240896309,A10_family_then_text_cross_code,2
2025-06-17,1,4430,東海ソフト,1.2479083346985314,True,0,-0.83816892327530645,A10_family_then_text_cross_code,2
2025-06-17,2,5136,Ｇ－ｔｒｉｐｌａ,1.022583640254594,True,0,-1.4648858250754015,A10_family_then_text_cross_code,2
2025-06-18,1,2385,Ｇ－総医研,0.88230320394722306,True,1,1.744186046511631,A10_family_then_text_cross_code,2
2025-06-18,2,9605,東映,0.45391317547302307,True,1,1.9172552976791213,A10_family_then_text_cross_code,2
2025-06-19,1,4766,ピーエイ,0.92108237331429188,True,0,-0.70175438596491446,A10_family_then_text_cross_code,2
2025-06-19,2,6371,椿本チエイン,0.91319485116367527,True,0,-0.78475336322869627,A10_family_then_text_cross_code,2
2025-06-20,1,7781,平山,2.1196354960615231,True,1,0.55762081784387352,A10_family_then_text_cross_code,2
2025-06-20,2,7851,カワセコンピュ,1.3764919447518598,True,0,-4.1666666666666625,A10_family_then_text_cross_code,2
2025-06-24,1,6702,富士通,1.2663508521085423,True,1,0.11876484560569001,A10_family_then_text_cross_code,2
2025-06-24,2,9625,セレスポ,0.88689666253267918,True,1,0.27777777777777679,A10_family_then_text_cross_code,2
2025-06-25,1,9201,ＪＡＬ,1.8615919969896957,True,1,0.43630017452007674,A10_family_then_text_cross_code,2
2025-06-25,2,4732,ＵＳＳ,1.4192625365498299,True,0,-0.096463022508042062,A10_family_then_text_cross_code,2
2025-06-26,1,7793,Ｇ－イメージマジック,1.181737137175958,True,0,-0.45941807044410643,A10_family_then_text_cross_code,2
2025-06-26,2,9202,ＡＮＡ,1.0692636792138892,True,1,0.26814444047194019,A10_family_then_text_cross_code,2
2025-06-27,1,4316,Ｇ－ビーマップ,1.8129460916404927,True,0,-2.0997375328083989,A10_family_then_text_cross_code,2
2025-06-27,2,3010,ポラリスＨＤ,0.8885733547113408,True,0,-0.94339622641509413,A10_family_then_text_cross_code,2
2025-06-30,1,6928,エノモト,1.0746570076275661,True,0,-1.0174418604651181,A10_family_then_text_cross_code,2
2025-06-30,2,5994,ファインシンター,1.0288185841422814,True,0,-0.72289156626506035,A10_family_then_text_cross_code,2
2025-07-01,1,2678,アスクル,1.4311700170532353,True,1,1.7589576547231367,A10_family_then_text_cross_code,2
2025-07-01,2,9444,トーシンＨＤ,0.9979594217995218,True,0,0,A10_family_then_text_cross_code,2
2025-07-02,1,8237,松屋,1.2266590085345987,True,1,1.0912698412698374,A10_family_then_text_cross_code,2
2025-07-02,2,4816,東映アニメ,0.72271108617702484,True,0,-1.8181818181818188,A10_family_then_text_cross_code,2
2025-07-07,1,7366,ＬＩＴＡＬＩＣＯ,4.0362583717236191,True,0,-0.55031446540880768,A10_family_then_text_cross_code,2
2025-07-07,2,3046,ＪＩＮＳＨＤ,1.2554360610724464,True,1,4.7029702970297071,A10_family_then_text_cross_code,2
2025-07-08,1,3834,朝日ネット,0.83949709473621126,True,0,-0.73637702503681624,A10_family_then_text_cross_code,2
2025-07-08,2,3880,大王紙,0.73675474166914146,True,1,1.9512195121951237,A10_family_then_text_cross_code,2
2025-07-09,1,3252,地主,0.87985603305413973,True,1,3.937007874015741,A10_family_then_text_cross_code,2
2025-07-09,2,7554,幸楽苑,0.8158550199789103,True,1,0.19512195121951237,A10_family_then_text_cross_code,2
2025-07-10,1,8237,松屋,1.0840150957930683,True,0,-2.0289855072463725,A10_family_then_text_cross_code,2
2025-07-10,2,7157,Ｇ－ライフネット,0.98149337913078138,True,1,0.75400565504242234,A10_family_then_text_cross_code,2
2025-07-11,1,8008,４℃ ＨＤ,2.0721531259616723,True,1,0.69565217391305278,A10_family_then_text_cross_code,2
2025-07-11,2,3817,ＳＲＡＨＤ,1.2079836884829769,True,1,0.98468271334792856,A10_family_then_text_cross_code,2
2025-07-14,1,2437,シンワワイズ,2.1024947537511443,True,0,-2.4054982817869441,A10_family_then_text_cross_code,2
2025-07-14,2,3221,ヨシックスＨＤ,0.72707743409975301,True,0,-0.62499999999999778,A10_family_then_text_cross_code,2
2025-07-15,1,4439,東名,1.1756804298101677,True,1,0.61315496098104383,A10_family_then_text_cross_code,2
2025-07-15,2,3979,Ｇ－うるる,1.1358725867681936,True,1,0.25477707006369421,A10_family_then_text_cross_code,2
2025-07-16,1,4666,パーク２４,2.6390946510373641,True,1,1.2972972972973063,A10_family_then_text_cross_code,2
2025-07-16,2,4343,イオンファン,1.1246760092624037,True,0,-0.32414910858995505,A10_family_then_text_cross_code,2
2025-07-23,1,3951,朝日印刷,1.0321819982729141,True,0,0,A10_family_then_text_cross_code,2
2025-07-23,2,9418,Ｕ－ＮＥＸＴ,0.88378402332415862,True,0,-0.62771607918880035,A10_family_then_text_cross_code,2
2025-07-24,1,3943,大石産業,1.3153721338503055,True,1,0.57899090157154109,A10_family_then_text_cross_code,2
2025-07-24,2,4777,ガーラ,0.93355597294875625,True,0,-0.85470085470085166,A10_family_then_text_cross_code,2
2025-07-25,1,9629,ピーシーエー,1.6097432023481213,True,0,-1.9469983775013522,A10_family_then_text_cross_code,2
2025-07-25,2,4936,アクシージア,0.77427147382728811,True,0,-0.8113590263691739,A10_family_then_text_cross_code,2
2025-07-28,1,6338,タカトリ,3.3184568063749902,True,0,-0.37336652146857663,A10_family_then_text_cross_code,2
2025-07-28,2,7735,スクリン,1.6082313945447073,True,0,-0.80935251798560648,A10_family_then_text_cross_code,2
2025-07-29,1,4956,コニシ,1.1966065290639276,True,1,0.65681444991789739,A10_family_then_text_cross_code,2
2025-07-29,2,8334,群馬銀,1.0405421625204752,True,1,1.4587892049598761,A10_family_then_text_cross_code,2
2025-07-30,1,4498,Ｇ－サイバートラスト,1.442490093121447,True,0,-0.95890410958904271,A10_family_then_text_cross_code,2
2025-07-30,2,5532,Ｇ－リアルゲイト,0.86433083323221516,True,1,5.8636363636363598,A10_family_then_text_cross_code,2
2025-07-31,1,2678,アスクル,1.5429619188852963,True,1,1.53949129852744,A10_family_then_text_cross_code,2
2025-07-31,2,2327,ＮＳＳＯＬ,1.124429581817989,True,0,-1.2465373961218829,A10_family_then_text_cross_code,2
