candidate_id,date,model_rank,code,name,model_score,pre_veto_code,vetoed,source_rank,label,oc_return_pct
AR05_SECURITY_ACTIVITY_REGIME_EXPERTS,2026-04-01,1,4627,ナトコ,0.12568946802923217,4627,False,1.0,1.0,2.7462686567164107
AR05_SECURITY_ACTIVITY_REGIME_EXPERTS,2026-04-02,1,9702,アイエスビー,0.10802388881169848,9702,False,1.0,0.0,-0.5025125628140725
AR05_SECURITY_ACTIVITY_REGIME_EXPERTS,2026-04-03,1,3449,テクノフレックス,0.11393897819837813,3449,False,1.0,1.0,0.43807248108322927
AR05_SECURITY_ACTIVITY_REGIME_EXPERTS,2026-04-06,1,2481,タウンニュース,0.11595757152254456,2481,False,1.0,0.0,0.0
AR05_SECURITY_ACTIVITY_REGIME_EXPERTS,2026-04-07,1,7501,ティムコ,0.11847487197628727,7501,False,1.0,1.0,1.212440695835526
AR05_SECURITY_ACTIVITY_REGIME_EXPERTS,2026-04-08,1,3948,光ビジネス,0.12597333338607164,3948,False,1.0,1.0,2.3890784982935065
AR05_SECURITY_ACTIVITY_REGIME_EXPERTS,2026-04-09,1,4578,大塚ＨＤ,0.13634210525369345,4578,False,1.0,0.0,-2.0609318996415715
AR05_SECURITY_ACTIVITY_REGIME_EXPERTS,2026-04-10,1,3948,光ビジネス,0.13129850906408097,3948,False,1.0,0.0,-0.33783783783783994
AR05_SECURITY_ACTIVITY_REGIME_EXPERTS,2026-04-13,1,2164,地域新聞社,0.18874688145442692,2164,False,1.0,1.0,5.537459283387625
AR05_SECURITY_ACTIVITY_REGIME_EXPERTS,2026-04-14,1,3087,ドトル日レス,0.12391963273327403,3087,False,1.0,0.0,-1.997968167964781
AR05_SECURITY_ACTIVITY_REGIME_EXPERTS,2026-04-15,1,3543,コメダ,0.11584654018156242,3543,False,1.0,1.0,1.9639934533551617
AR05_SECURITY_ACTIVITY_REGIME_EXPERTS,2026-04-16,1,2345,ＨＯＤＬ１,0.12769529824914375,2345,False,1.0,1.0,1.1857707509881354
AR05_SECURITY_ACTIVITY_REGIME_EXPERTS,2026-04-17,1,2164,地域新聞社,0.1394372242439646,2164,False,1.0,1.0,1.2944983818770295
AR05_SECURITY_ACTIVITY_REGIME_EXPERTS,2026-04-20,1,7073,Ｇ－ジェイック,0.11726524714075669,7073,False,1.0,0.0,-0.30474531998259113
AR05_SECURITY_ACTIVITY_REGIME_EXPERTS,2026-04-21,1,2164,地域新聞社,0.12989517165677905,2164,False,1.0,1.0,10.624999999999996
AR05_SECURITY_ACTIVITY_REGIME_EXPERTS,2026-04-22,1,3198,ＳＦＰＨＤ,0.11117968350477188,3198,False,1.0,0.0,-2.145922746781115
AR05_SECURITY_ACTIVITY_REGIME_EXPERTS,2026-04-23,1,2501,サッポロＨＤ,0.10988383268331944,2501,False,1.0,1.0,0.928343487090233
AR05_SECURITY_ACTIVITY_REGIME_EXPERTS,2026-04-24,1,6653,正興電機製作所,0.1314843366980815,6653,False,1.0,0.0,-3.5589941972920647
AR05_SECURITY_ACTIVITY_REGIME_EXPERTS,2026-04-27,1,6653,正興電機製作所,0.15616853903511818,6653,False,1.0,0.0,-4.203625144620126
AR05_SECURITY_ACTIVITY_REGIME_EXPERTS,2026-04-28,1,7091,Ｇ－ＬＰＦ,0.11901408563037891,7091,False,1.0,1.0,2.2382094324540303
AR05_SECURITY_ACTIVITY_REGIME_EXPERTS,2026-04-30,1,7091,Ｇ－ＬＰＦ,0.14424927439026483,7091,False,1.0,1.0,0.7205764611689425
AR05_SECURITY_ACTIVITY_REGIME_EXPERTS,2026-05-01,1,7091,Ｇ－ＬＰＦ,0.16345865626719008,7091,False,1.0,1.0,1.3632718524458687
AR05_SECURITY_ACTIVITY_REGIME_EXPERTS,2026-05-07,1,7091,Ｇ－ＬＰＦ,0.14411839966618686,7091,False,1.0,0.0,-1.0292953285827355
AR05_SECURITY_ACTIVITY_REGIME_EXPERTS,2026-05-08,1,7091,Ｇ－ＬＰＦ,0.17969952990732369,7091,False,1.0,1.0,1.2057877813504758
AR05_SECURITY_ACTIVITY_REGIME_EXPERTS,2026-05-11,1,7091,Ｇ－ＬＰＦ,0.13976546804732573,7091,False,1.0,1.0,1.1914217633042012
AR05_SECURITY_ACTIVITY_REGIME_EXPERTS,2026-05-12,1,7091,Ｇ－ＬＰＦ,0.12171130841693181,7091,False,1.0,0.0,-0.23529411764705577
AR05_SECURITY_ACTIVITY_REGIME_EXPERTS,2026-05-13,1,7091,Ｇ－ＬＰＦ,0.1110924325817736,7091,False,1.0,1.0,1.1961722488038173
AR05_SECURITY_ACTIVITY_REGIME_EXPERTS,2026-05-14,1,3920,アイビーシー,0.13119501644369747,3920,False,1.0,1.0,1.007049345417932
AR05_SECURITY_ACTIVITY_REGIME_EXPERTS,2026-05-15,1,7091,Ｇ－ＬＰＦ,0.12228096499554704,7091,False,1.0,1.0,3.858267716535435
AR05_SECURITY_ACTIVITY_REGIME_EXPERTS,2026-05-18,1,7345,Ｇ－アイパートナーズ,0.11754722667095066,7345,False,1.0,1.0,2.083333333333326
AR05_SECURITY_ACTIVITY_REGIME_EXPERTS,2026-05-19,1,7091,Ｇ－ＬＰＦ,0.119147636120839,7091,False,1.0,1.0,8.305084745762702
AR05_SECURITY_ACTIVITY_REGIME_EXPERTS,2026-05-20,1,9331,Ｇ－キャスター,0.13312933875859556,9331,False,1.0,0.0,-0.5970149253731294
AR05_SECURITY_ACTIVITY_REGIME_EXPERTS,2026-05-21,1,335A,Ｇ－ミライロ,0.10182002353283005,335A,False,1.0,0.0,-1.8087855297157618
AR05_SECURITY_ACTIVITY_REGIME_EXPERTS,2026-05-22,1,3920,アイビーシー,0.11006104533220733,3920,False,1.0,1.0,0.7049345417925457
AR05_SECURITY_ACTIVITY_REGIME_EXPERTS,2026-05-25,1,3920,アイビーシー,0.11318399203150689,3920,False,1.0,0.0,-0.10000000000000009
AR05_SECURITY_ACTIVITY_REGIME_EXPERTS,2026-05-26,1,9082,大和自交,0.1307113058299653,9082,False,1.0,1.0,0.5524861878453136
AR05_SECURITY_ACTIVITY_REGIME_EXPERTS,2026-05-27,1,8742,小林洋行,0.09501739839752252,8742,False,1.0,0.0,-1.245551601423489
AR05_SECURITY_ACTIVITY_REGIME_EXPERTS,2026-05-28,1,4735,京進,0.10797617690056874,4735,False,1.0,1.0,0.6269592476489061
AR05_SECURITY_ACTIVITY_REGIME_EXPERTS,2026-05-29,1,7345,Ｇ－アイパートナーズ,0.1256818977244591,7345,False,1.0,0.0,-1.4014014014014031
AR05_SECURITY_ACTIVITY_REGIME_EXPERTS,2026-06-01,1,3988,ＳＹＳＨＤ,0.09710540284609293,3988,False,1.0,0.0,-0.917431192660545
AR05_SECURITY_ACTIVITY_REGIME_EXPERTS,2026-06-02,1,1605,ＩＮＰＥＸ,0.11515887883047919,1605,False,1.0,1.0,2.795389048991348
AR05_SECURITY_ACTIVITY_REGIME_EXPERTS,2026-06-03,1,9082,大和自交,0.10430325930553812,9082,False,1.0,1.0,0.7142857142857117
AR05_SECURITY_ACTIVITY_REGIME_EXPERTS,2026-06-04,1,2531,宝ＨＬＤ,0.1144784541149461,2531,False,1.0,1.0,2.4653674571495587
AR05_SECURITY_ACTIVITY_REGIME_EXPERTS,2026-06-05,1,9082,大和自交,0.1271716401940136,9082,False,1.0,,
AR05_SECURITY_ACTIVITY_REGIME_EXPERTS,2026-06-08,1,5945,天龍製鋸,0.10340678237896085,5945,False,1.0,0.0,-0.917431192660545
AR05_SECURITY_ACTIVITY_REGIME_EXPERTS,2026-06-09,1,5945,天龍製鋸,0.12158372323761141,5945,False,1.0,,
AR05_SECURITY_ACTIVITY_REGIME_EXPERTS,2026-06-10,1,3839,ＯＤＫ,0.10280631245828578,3839,False,1.0,0.0,0.0
AR05_SECURITY_ACTIVITY_REGIME_EXPERTS,2026-06-11,1,3920,アイビーシー,0.11808554943236146,3920,False,1.0,1.0,1.1316872427983515
AR05_SECURITY_ACTIVITY_REGIME_EXPERTS,2026-06-12,1,3920,アイビーシー,0.11634437916008188,3920,False,1.0,0.0,0.0
AR05_SECURITY_ACTIVITY_REGIME_EXPERTS,2026-06-15,1,3920,アイビーシー,0.11462629846842275,3920,False,1.0,1.0,1.5400410677617993
AR05_SECURITY_ACTIVITY_REGIME_EXPERTS,2026-06-16,1,3920,アイビーシー,0.11646581024778525,3920,False,1.0,0.0,-1.0030090270812475
AR05_SECURITY_ACTIVITY_REGIME_EXPERTS,2026-06-17,1,2371,カカクコム,0.11139715375013028,2371,False,1.0,1.0,1.8731117824773325
AR05_SECURITY_ACTIVITY_REGIME_EXPERTS,2026-06-18,1,4351,山田債権,0.12838107385251002,4351,False,1.0,0.0,-0.624349635796051
AR05_SECURITY_ACTIVITY_REGIME_EXPERTS,2026-06-19,1,7043,Ｇ－アルー,0.15385619179027604,7043,False,1.0,1.0,0.6872852233676952
AR05_SECURITY_ACTIVITY_REGIME_EXPERTS,2026-06-22,1,7043,Ｇ－アルー,0.15739900628513376,7043,False,1.0,0.0,-0.5733944954128489
AR05_SECURITY_ACTIVITY_REGIME_EXPERTS,2026-06-23,1,4351,山田債権,0.1294754533490024,4351,False,1.0,0.0,-1.6632016632016633
AR05_SECURITY_ACTIVITY_REGIME_EXPERTS,2026-06-24,1,4351,山田債権,0.13726218788287486,4351,False,1.0,0.0,-1.565762004175364
AR05_SECURITY_ACTIVITY_REGIME_EXPERTS,2026-06-25,1,7091,Ｇ－ＬＰＦ,0.12888990591830607,7091,False,1.0,1.0,0.08354218880535225
AR05_SECURITY_ACTIVITY_REGIME_EXPERTS,2026-06-26,1,7091,Ｇ－ＬＰＦ,0.14626541327160925,7091,False,1.0,1.0,0.08347245409014992
AR05_SECURITY_ACTIVITY_REGIME_EXPERTS,2026-06-29,1,7091,Ｇ－ＬＰＦ,0.13904005286402843,7091,False,1.0,1.0,1.4273719563392184
AR05_SECURITY_ACTIVITY_REGIME_EXPERTS,2026-06-30,1,,,,,False,,,
AR05_SECURITY_ACTIVITY_REGIME_EXPERTS,2026-07-01,1,7091,Ｇ－ＬＰＦ,0.13628989651295284,7091,False,1.0,0.0,-0.24772914946324942
AR05_SECURITY_ACTIVITY_REGIME_EXPERTS,2026-07-02,1,3417,大木ヘルスケア,0.1286755831949311,3417,False,1.0,0.0,-1.1413520632133412
AR05_SECURITY_ACTIVITY_REGIME_EXPERTS,2026-07-03,1,4196,ネオマーケ,0.13707290943831557,4196,False,1.0,1.0,0.8928571428571397
AR05_SECURITY_ACTIVITY_REGIME_EXPERTS,2026-07-06,1,4196,ネオマーケ,0.15005519728739608,4196,False,1.0,1.0,0.1769911504424737
AR05_SECURITY_ACTIVITY_REGIME_EXPERTS,2026-07-07,1,4196,ネオマーケ,0.15200778806628196,4196,False,1.0,1.0,0.05889281507656108
AR05_SECURITY_ACTIVITY_REGIME_EXPERTS,2026-07-08,1,4196,ネオマーケ,0.15743314270572384,4196,False,1.0,1.0,1.0119047619047583
AR05_SECURITY_ACTIVITY_REGIME_EXPERTS,2026-07-09,1,3417,大木ヘルスケア,0.1372788013509334,3417,False,1.0,1.0,2.2628372497824234
AR05_SECURITY_ACTIVITY_REGIME_EXPERTS,2026-07-10,1,4196,ネオマーケ,0.13246722185121357,4196,False,1.0,1.0,0.11799410029498247
AR05_SECURITY_ACTIVITY_REGIME_EXPERTS,2026-07-13,1,4196,ネオマーケ,0.15013553327937723,4196,False,1.0,0.0,0.0
AR05_SECURITY_ACTIVITY_REGIME_EXPERTS,2026-07-14,1,7345,Ｇ－アイパートナーズ,0.11704494814411277,7345,False,1.0,1.0,8.125677139761645
AR05_SECURITY_ACTIVITY_REGIME_EXPERTS,2026-07-15,1,4196,ネオマーケ,0.1464929354585866,4196,False,1.0,0.0,-0.6485849056603765
AR05_SECURITY_ACTIVITY_REGIME_EXPERTS,2026-07-16,1,4196,ネオマーケ,0.16080742574680365,4196,False,1.0,0.0,-0.11834319526626835
AR05_SECURITY_ACTIVITY_REGIME_EXPERTS,2026-07-17,1,4196,ネオマーケ,0.14378942536467568,4196,False,1.0,0.0,-0.11848341232227888
AR05_SECURITY_ACTIVITY_REGIME_EXPERTS,2026-07-21,1,4196,ネオマーケ,0.11883950167643362,4196,False,1.0,0.0,-0.17709563164108877
AR05_SECURITY_ACTIVITY_REGIME_EXPERTS,2026-07-22,1,3920,アイビーシー,0.12400441664626093,3920,False,1.0,0.0,-1.3052208835341417
AR05_SECURITY_ACTIVITY_REGIME_EXPERTS,2026-07-23,1,3920,アイビーシー,0.14033851603373426,3920,False,1.0,1.0,0.3030303030302939
AR05_SECURITY_ACTIVITY_REGIME_EXPERTS,2026-07-24,1,6096,レアジョブ,0.11522148269273573,6096,False,1.0,0.0,-2.0050125313283207
AR05_SECURITY_ACTIVITY_REGIME_EXPERTS,2026-07-27,1,228A,Ｇ－オプロ,0.11944350164350118,228A,False,1.0,1.0,1.0598503740648413
AT10_ATTENTION_MIGRATION,2026-04-01,1,4627,ナトコ,0.11740594054127962,4627,False,1.0,1.0,2.7462686567164107
AT10_ATTENTION_MIGRATION,2026-04-02,1,9702,アイエスビー,0.10650321314539907,9702,False,1.0,0.0,-0.5025125628140725
AT10_ATTENTION_MIGRATION,2026-04-03,1,3449,テクノフレックス,0.10336569989293376,3449,False,1.0,1.0,0.43807248108322927
AT10_ATTENTION_MIGRATION,2026-04-06,1,4578,大塚ＨＤ,0.10789865571902534,4578,False,1.0,1.0,0.04474272930647949
AT10_ATTENTION_MIGRATION,2026-04-07,1,7501,ティムコ,0.10992732205853603,7501,False,1.0,1.0,1.212440695835526
AT10_ATTENTION_MIGRATION,2026-04-08,1,2164,地域新聞社,0.15001235517611036,2164,False,1.0,1.0,0.3205128205128194
AT10_ATTENTION_MIGRATION,2026-04-09,1,4578,大塚ＨＤ,0.12876139786778612,4578,False,1.0,0.0,-2.0609318996415715
AT10_ATTENTION_MIGRATION,2026-04-10,1,3138,富士山マガジン,0.1207725787530256,3138,False,1.0,1.0,0.2643171806167466
AT10_ATTENTION_MIGRATION,2026-04-13,1,2164,地域新聞社,0.16843040472139637,2164,False,1.0,1.0,5.537459283387625
AT10_ATTENTION_MIGRATION,2026-04-14,1,3087,ドトル日レス,0.11168097706102117,3087,False,1.0,0.0,-1.997968167964781
AT10_ATTENTION_MIGRATION,2026-04-15,1,3543,コメダ,0.11553394937256521,3543,False,1.0,1.0,1.9639934533551617
AT10_ATTENTION_MIGRATION,2026-04-16,1,2345,ＨＯＤＬ１,0.12442337595711188,2345,False,1.0,1.0,1.1857707509881354
AT10_ATTENTION_MIGRATION,2026-04-17,1,7501,ティムコ,0.13832075034797667,7501,False,1.0,0.0,-0.6207966890843242
AT10_ATTENTION_MIGRATION,2026-04-20,1,7073,Ｇ－ジェイック,0.11177721525514304,7073,False,1.0,0.0,-0.30474531998259113
AT10_ATTENTION_MIGRATION,2026-04-21,1,2164,地域新聞社,0.12656814459375554,2164,False,1.0,1.0,10.624999999999996
AT10_ATTENTION_MIGRATION,2026-04-22,1,3198,ＳＦＰＨＤ,0.12049252243968263,3198,False,1.0,0.0,-2.145922746781115
AT10_ATTENTION_MIGRATION,2026-04-23,1,6914,オプテックスグループ,0.0993118278657802,6914,False,1.0,0.0,-0.3221188260558394
AT10_ATTENTION_MIGRATION,2026-04-24,1,6653,正興電機製作所,0.11841484469986034,6653,False,1.0,0.0,-3.5589941972920647
AT10_ATTENTION_MIGRATION,2026-04-27,1,6653,正興電機製作所,0.15397077070132165,6653,False,1.0,0.0,-4.203625144620126
AT10_ATTENTION_MIGRATION,2026-04-28,1,7501,ティムコ,0.11342401479484701,7501,False,1.0,1.0,9.436913451511986
AT10_ATTENTION_MIGRATION,2026-04-30,1,8945,サンネクスタグループ,0.1241600453648039,8945,False,1.0,0.0,-2.1035598705501646
AT10_ATTENTION_MIGRATION,2026-05-01,1,8945,サンネクスタグループ,0.10264005761518437,8945,False,1.0,0.0,-3.57142857142857
AT10_ATTENTION_MIGRATION,2026-05-07,1,3948,光ビジネス,0.1169312389485746,3948,False,1.0,0.0,-1.4249790444258226
AT10_ATTENTION_MIGRATION,2026-05-08,1,7091,Ｇ－ＬＰＦ,0.16827416899637476,7091,False,1.0,1.0,1.2057877813504758
AT10_ATTENTION_MIGRATION,2026-05-11,1,7091,Ｇ－ＬＰＦ,0.13898351340509224,7091,False,1.0,1.0,1.1914217633042012
AT10_ATTENTION_MIGRATION,2026-05-12,1,7091,Ｇ－ＬＰＦ,0.12167886910989786,7091,False,1.0,0.0,-0.23529411764705577
AT10_ATTENTION_MIGRATION,2026-05-13,1,7091,Ｇ－ＬＰＦ,0.11821813242083484,7091,False,1.0,1.0,1.1961722488038173
AT10_ATTENTION_MIGRATION,2026-05-14,1,3920,アイビーシー,0.12745378930099435,3920,False,1.0,1.0,1.007049345417932
AT10_ATTENTION_MIGRATION,2026-05-15,1,7091,Ｇ－ＬＰＦ,0.11730449559273969,7091,False,1.0,1.0,3.858267716535435
AT10_ATTENTION_MIGRATION,2026-05-18,1,7345,Ｇ－アイパートナーズ,0.11645145905086562,7345,False,1.0,1.0,2.083333333333326
AT10_ATTENTION_MIGRATION,2026-05-19,1,7091,Ｇ－ＬＰＦ,0.12003011051987779,7091,False,1.0,1.0,8.305084745762702
AT10_ATTENTION_MIGRATION,2026-05-20,1,9913,日邦産業,0.1118384203918057,9913,False,1.0,0.0,-3.012912482065999
AT10_ATTENTION_MIGRATION,2026-05-21,1,3417,大木ヘルスケア,0.0971062467860562,3417,False,1.0,0.0,-1.073345259391767
AT10_ATTENTION_MIGRATION,2026-05-22,1,3920,アイビーシー,0.09706188393628709,3920,False,1.0,1.0,0.7049345417925457
AT10_ATTENTION_MIGRATION,2026-05-25,1,3920,アイビーシー,0.10419893320435568,3920,False,1.0,0.0,-0.10000000000000009
AT10_ATTENTION_MIGRATION,2026-05-26,1,9082,大和自交,0.11676495653451224,9082,False,1.0,1.0,0.5524861878453136
AT10_ATTENTION_MIGRATION,2026-05-27,1,8742,小林洋行,0.09920750061011319,8742,False,1.0,0.0,-1.245551601423489
AT10_ATTENTION_MIGRATION,2026-05-28,1,8742,小林洋行,0.10683902761713016,8742,False,1.0,0.0,-0.18115942028985588
AT10_ATTENTION_MIGRATION,2026-05-29,1,7345,Ｇ－アイパートナーズ,0.10199045438496276,7345,False,1.0,0.0,-1.4014014014014031
AT10_ATTENTION_MIGRATION,2026-06-01,1,4391,Ｇ－ロジザード,0.09832253065421291,4391,False,1.0,0.0,-1.188299817184646
AT10_ATTENTION_MIGRATION,2026-06-02,1,2503,キリンＨＤ,0.0950013607499877,2503,False,1.0,1.0,0.663414634146342
AT10_ATTENTION_MIGRATION,2026-06-03,1,9082,大和自交,0.09492537920590147,9082,False,1.0,1.0,0.7142857142857117
AT10_ATTENTION_MIGRATION,2026-06-04,1,2531,宝ＨＬＤ,0.1026834755484167,2531,False,1.0,1.0,2.4653674571495587
AT10_ATTENTION_MIGRATION,2026-06-05,1,9082,大和自交,0.12039891478829469,9082,False,1.0,,
AT10_ATTENTION_MIGRATION,2026-06-08,1,7813,プラッツ,0.09305520781299657,7813,False,1.0,1.0,0.33222591362125353
AT10_ATTENTION_MIGRATION,2026-06-09,1,3920,アイビーシー,0.09519413510232588,3920,False,1.0,1.0,1.7435897435897463
AT10_ATTENTION_MIGRATION,2026-06-10,1,9913,日邦産業,0.10264924816563625,9913,False,1.0,1.0,0.9915014164305846
AT10_ATTENTION_MIGRATION,2026-06-11,1,3920,アイビーシー,0.11334171172850296,3920,False,1.0,1.0,1.1316872427983515
AT10_ATTENTION_MIGRATION,2026-06-12,1,3920,アイビーシー,0.111070444827576,3920,False,1.0,0.0,0.0
AT10_ATTENTION_MIGRATION,2026-06-15,1,3920,アイビーシー,0.10982350475825058,3920,False,1.0,1.0,1.5400410677617993
AT10_ATTENTION_MIGRATION,2026-06-16,1,3920,アイビーシー,0.1113248515681876,3920,False,1.0,0.0,-1.0030090270812475
AT10_ATTENTION_MIGRATION,2026-06-17,1,4351,山田債権,0.10476452405148282,4351,False,1.0,0.0,-0.8255933952528327
AT10_ATTENTION_MIGRATION,2026-06-18,1,4351,山田債権,0.11726728006485174,4351,False,1.0,0.0,-0.624349635796051
AT10_ATTENTION_MIGRATION,2026-06-19,1,2376,サイネックス,0.127995236710816,2376,False,1.0,1.0,1.388888888888884
AT10_ATTENTION_MIGRATION,2026-06-22,1,4351,山田債権,0.1216893458968644,4351,False,1.0,0.0,-0.20811654526534662
AT10_ATTENTION_MIGRATION,2026-06-23,1,4351,山田債権,0.12781439477393858,4351,False,1.0,0.0,-1.6632016632016633
AT10_ATTENTION_MIGRATION,2026-06-24,1,4351,山田債権,0.12306562982008307,4351,False,1.0,0.0,-1.565762004175364
AT10_ATTENTION_MIGRATION,2026-06-25,1,7091,Ｇ－ＬＰＦ,0.12741397690521328,7091,False,1.0,1.0,0.08354218880535225
AT10_ATTENTION_MIGRATION,2026-06-26,1,7091,Ｇ－ＬＰＦ,0.1419235307207683,7091,False,1.0,1.0,0.08347245409014992
AT10_ATTENTION_MIGRATION,2026-06-29,1,7091,Ｇ－ＬＰＦ,0.13341278541279422,7091,False,1.0,1.0,1.4273719563392184
AT10_ATTENTION_MIGRATION,2026-06-30,1,,,,,False,,,
AT10_ATTENTION_MIGRATION,2026-07-01,1,7091,Ｇ－ＬＰＦ,0.12143762807892651,7091,False,1.0,0.0,-0.24772914946324942
AT10_ATTENTION_MIGRATION,2026-07-02,1,3417,大木ヘルスケア,0.12800909411256867,3417,False,1.0,0.0,-1.1413520632133412
AT10_ATTENTION_MIGRATION,2026-07-03,1,3417,大木ヘルスケア,0.12848328596973713,3417,False,1.0,1.0,1.513802315227064
AT10_ATTENTION_MIGRATION,2026-07-06,1,4196,ネオマーケ,0.13679022270625016,4196,False,1.0,1.0,0.1769911504424737
AT10_ATTENTION_MIGRATION,2026-07-07,1,4196,ネオマーケ,0.14229614837947557,4196,False,1.0,1.0,0.05889281507656108
AT10_ATTENTION_MIGRATION,2026-07-08,1,4196,ネオマーケ,0.1365382167779523,4196,False,1.0,1.0,1.0119047619047583
AT10_ATTENTION_MIGRATION,2026-07-09,1,4196,ネオマーケ,0.1460840026077614,4196,False,1.0,1.0,0.5934718100890191
AT10_ATTENTION_MIGRATION,2026-07-10,1,4196,ネオマーケ,0.14414553413525166,4196,False,1.0,1.0,0.11799410029498247
AT10_ATTENTION_MIGRATION,2026-07-13,1,4196,ネオマーケ,0.1301264455911922,4196,False,1.0,0.0,0.0
AT10_ATTENTION_MIGRATION,2026-07-14,1,4196,ネオマーケ,0.1256611219645839,4196,False,1.0,1.0,0.5334914048606976
AT10_ATTENTION_MIGRATION,2026-07-15,1,4196,ネオマーケ,0.12693245242785936,4196,False,1.0,0.0,-0.6485849056603765
AT10_ATTENTION_MIGRATION,2026-07-16,1,4196,ネオマーケ,0.14356610576036224,4196,False,1.0,0.0,-0.11834319526626835
AT10_ATTENTION_MIGRATION,2026-07-17,1,4196,ネオマーケ,0.12870495860317777,4196,False,1.0,0.0,-0.11848341232227888
AT10_ATTENTION_MIGRATION,2026-07-21,1,4196,ネオマーケ,0.10835603570286136,4196,False,1.0,0.0,-0.17709563164108877
AT10_ATTENTION_MIGRATION,2026-07-22,1,3920,アイビーシー,0.12534664981441815,3920,False,1.0,0.0,-1.3052208835341417
AT10_ATTENTION_MIGRATION,2026-07-23,1,3920,アイビーシー,0.13733364266497614,3920,False,1.0,1.0,0.3030303030302939
AT10_ATTENTION_MIGRATION,2026-07-24,1,6096,レアジョブ,0.11566887111541953,6096,False,1.0,0.0,-2.0050125313283207
AT10_ATTENTION_MIGRATION,2026-07-27,1,228A,Ｇ－オプロ,0.10569342180713825,228A,False,1.0,1.0,1.0598503740648413
C00_PRICE_RIDGE_TOP1,2026-04-01,1,4627,ナトコ,0.12970049698328223,4627,False,1.0,1.0,2.7462686567164107
C00_PRICE_RIDGE_TOP1,2026-04-02,1,7501,ティムコ,0.10344336383362066,7501,False,1.0,1.0,0.8849557522123908
C00_PRICE_RIDGE_TOP1,2026-04-03,1,3449,テクノフレックス,0.11396246433472551,3449,False,1.0,1.0,0.43807248108322927
C00_PRICE_RIDGE_TOP1,2026-04-06,1,2481,タウンニュース,0.12136301295355517,2481,False,1.0,0.0,0.0
C00_PRICE_RIDGE_TOP1,2026-04-07,1,7501,ティムコ,0.12255084924719385,7501,False,1.0,1.0,1.212440695835526
C00_PRICE_RIDGE_TOP1,2026-04-08,1,2164,地域新聞社,0.14280488349352802,2164,False,1.0,1.0,0.3205128205128194
C00_PRICE_RIDGE_TOP1,2026-04-09,1,4578,大塚ＨＤ,0.13142614948956963,4578,False,1.0,0.0,-2.0609318996415715
C00_PRICE_RIDGE_TOP1,2026-04-10,1,9861,吉野家ＨＤ,0.11972736718012834,9861,False,1.0,1.0,0.23350846468184194
C00_PRICE_RIDGE_TOP1,2026-04-13,1,2164,地域新聞社,0.18520767887071574,2164,False,1.0,1.0,5.537459283387625
C00_PRICE_RIDGE_TOP1,2026-04-14,1,3087,ドトル日レス,0.12045949226390427,3087,False,1.0,0.0,-1.997968167964781
C00_PRICE_RIDGE_TOP1,2026-04-15,1,3543,コメダ,0.11617660406748229,3543,False,1.0,1.0,1.9639934533551617
C00_PRICE_RIDGE_TOP1,2026-04-16,1,2345,ＨＯＤＬ１,0.1214723958057782,2345,False,1.0,1.0,1.1857707509881354
C00_PRICE_RIDGE_TOP1,2026-04-17,1,2164,地域新聞社,0.13391373845729232,2164,False,1.0,1.0,1.2944983818770295
C00_PRICE_RIDGE_TOP1,2026-04-20,1,7073,Ｇ－ジェイック,0.11937727180446732,7073,False,1.0,0.0,-0.30474531998259113
C00_PRICE_RIDGE_TOP1,2026-04-21,1,2164,地域新聞社,0.12292975836475613,2164,False,1.0,1.0,10.624999999999996
C00_PRICE_RIDGE_TOP1,2026-04-22,1,7878,光・彩,0.11701181296354182,7878,False,1.0,0.0,-0.588235294117645
C00_PRICE_RIDGE_TOP1,2026-04-23,1,6653,正興電機製作所,0.10860274216027684,6653,False,1.0,0.0,-0.5451713395638658
C00_PRICE_RIDGE_TOP1,2026-04-24,1,6653,正興電機製作所,0.12790788305599549,6653,False,1.0,0.0,-3.5589941972920647
C00_PRICE_RIDGE_TOP1,2026-04-27,1,6653,正興電機製作所,0.15424748474286348,6653,False,1.0,0.0,-4.203625144620126
C00_PRICE_RIDGE_TOP1,2026-04-28,1,7091,Ｇ－ＬＰＦ,0.12445076573455917,7091,False,1.0,1.0,2.2382094324540303
C00_PRICE_RIDGE_TOP1,2026-04-30,1,7091,Ｇ－ＬＰＦ,0.14471181376554387,7091,False,1.0,1.0,0.7205764611689425
C00_PRICE_RIDGE_TOP1,2026-05-01,1,7091,Ｇ－ＬＰＦ,0.14738803143680002,7091,False,1.0,1.0,1.3632718524458687
C00_PRICE_RIDGE_TOP1,2026-05-07,1,7091,Ｇ－ＬＰＦ,0.14850543439215994,7091,False,1.0,0.0,-1.0292953285827355
C00_PRICE_RIDGE_TOP1,2026-05-08,1,7091,Ｇ－ＬＰＦ,0.16626178560394456,7091,False,1.0,1.0,1.2057877813504758
C00_PRICE_RIDGE_TOP1,2026-05-11,1,7091,Ｇ－ＬＰＦ,0.14687885689079952,7091,False,1.0,1.0,1.1914217633042012
C00_PRICE_RIDGE_TOP1,2026-05-12,1,7091,Ｇ－ＬＰＦ,0.12745673961519843,7091,False,1.0,0.0,-0.23529411764705577
C00_PRICE_RIDGE_TOP1,2026-05-13,1,7091,Ｇ－ＬＰＦ,0.11969064015083072,7091,False,1.0,1.0,1.1961722488038173
C00_PRICE_RIDGE_TOP1,2026-05-14,1,7091,Ｇ－ＬＰＦ,0.1267523534078565,7091,False,1.0,1.0,0.07818608287724071
C00_PRICE_RIDGE_TOP1,2026-05-15,1,4337,ぴあ,0.11677623521561152,4337,False,1.0,0.0,-5.733333333333334
C00_PRICE_RIDGE_TOP1,2026-05-18,1,5033,Ｇ－ヌーラボ,0.12552147207633896,5033,False,1.0,0.0,-1.0294117647058787
C00_PRICE_RIDGE_TOP1,2026-05-19,1,7091,Ｇ－ＬＰＦ,0.12870064104025838,7091,False,1.0,1.0,8.305084745762702
C00_PRICE_RIDGE_TOP1,2026-05-20,1,9913,日邦産業,0.1273090203921394,9913,False,1.0,0.0,-3.012912482065999
C00_PRICE_RIDGE_TOP1,2026-05-21,1,3417,大木ヘルスケア,0.10831042693195064,3417,False,1.0,0.0,-1.073345259391767
C00_PRICE_RIDGE_TOP1,2026-05-22,1,3920,アイビーシー,0.10447896148153697,3920,False,1.0,1.0,0.7049345417925457
C00_PRICE_RIDGE_TOP1,2026-05-25,1,3920,アイビーシー,0.10733728387096163,3920,False,1.0,0.0,-0.10000000000000009
C00_PRICE_RIDGE_TOP1,2026-05-26,1,9082,大和自交,0.1119648360626424,9082,False,1.0,1.0,0.5524861878453136
C00_PRICE_RIDGE_TOP1,2026-05-27,1,8260,井筒屋,0.11193547656716472,8260,False,1.0,1.0,1.5424164524421524
C00_PRICE_RIDGE_TOP1,2026-05-28,1,8742,小林洋行,0.11078025951997003,8742,False,1.0,0.0,-0.18115942028985588
C00_PRICE_RIDGE_TOP1,2026-05-29,1,8742,小林洋行,0.10935052703359723,8742,False,1.0,1.0,0.727272727272732
C00_PRICE_RIDGE_TOP1,2026-06-01,1,7345,Ｇ－アイパートナーズ,0.09889815272315461,7345,False,1.0,1.0,0.40000000000000036
C00_PRICE_RIDGE_TOP1,2026-06-02,1,2503,キリンＨＤ,0.09764215319277614,2503,False,1.0,1.0,0.663414634146342
C00_PRICE_RIDGE_TOP1,2026-06-03,1,4777,ガーラ,0.09835583411847652,4777,False,1.0,0.0,-0.497512437810943
C00_PRICE_RIDGE_TOP1,2026-06-04,1,2531,宝ＨＬＤ,0.1078854271984052,2531,False,1.0,1.0,2.4653674571495587
C00_PRICE_RIDGE_TOP1,2026-06-05,1,9082,大和自交,0.11801866412958911,9082,False,1.0,,
C00_PRICE_RIDGE_TOP1,2026-06-08,1,5945,天龍製鋸,0.09473612089773627,5945,False,1.0,0.0,-0.917431192660545
C00_PRICE_RIDGE_TOP1,2026-06-09,1,5945,天龍製鋸,0.11467032711531663,5945,False,1.0,,
C00_PRICE_RIDGE_TOP1,2026-06-10,1,6555,ＭＳコンサル,0.09648131267022812,6555,False,1.0,0.0,-1.388888888888884
C00_PRICE_RIDGE_TOP1,2026-06-11,1,3920,アイビーシー,0.10742909538431512,3920,False,1.0,1.0,1.1316872427983515
C00_PRICE_RIDGE_TOP1,2026-06-12,1,3920,アイビーシー,0.10776291417890946,3920,False,1.0,0.0,0.0
C00_PRICE_RIDGE_TOP1,2026-06-15,1,3920,アイビーシー,0.10515573861486026,3920,False,1.0,1.0,1.5400410677617993
C00_PRICE_RIDGE_TOP1,2026-06-16,1,9468,ＫＡＤＯＫＡＷＡ,0.10848884984581697,9468,False,1.0,0.0,-1.0506208213944657
C00_PRICE_RIDGE_TOP1,2026-06-17,1,2371,カカクコム,0.10614300302481011,2371,False,1.0,1.0,1.8731117824773325
C00_PRICE_RIDGE_TOP1,2026-06-18,1,4351,山田債権,0.13101003757203175,4351,False,1.0,0.0,-0.624349635796051
C00_PRICE_RIDGE_TOP1,2026-06-19,1,7043,Ｇ－アルー,0.13635455916891315,7043,False,1.0,1.0,0.6872852233676952
C00_PRICE_RIDGE_TOP1,2026-06-22,1,7043,Ｇ－アルー,0.13735938623988272,7043,False,1.0,0.0,-0.5733944954128489
C00_PRICE_RIDGE_TOP1,2026-06-23,1,7043,Ｇ－アルー,0.14158063318422065,7043,False,1.0,1.0,3.7209302325581506
C00_PRICE_RIDGE_TOP1,2026-06-24,1,4351,山田債権,0.13871026159900385,4351,False,1.0,0.0,-1.565762004175364
C00_PRICE_RIDGE_TOP1,2026-06-25,1,7091,Ｇ－ＬＰＦ,0.13212737120256202,7091,False,1.0,1.0,0.08354218880535225
C00_PRICE_RIDGE_TOP1,2026-06-26,1,7091,Ｇ－ＬＰＦ,0.13629677902028192,7091,False,1.0,1.0,0.08347245409014992
C00_PRICE_RIDGE_TOP1,2026-06-29,1,7091,Ｇ－ＬＰＦ,0.127319768636487,7091,False,1.0,1.0,1.4273719563392184
C00_PRICE_RIDGE_TOP1,2026-06-30,1,,,,,False,,,
C00_PRICE_RIDGE_TOP1,2026-07-01,1,3417,大木ヘルスケア,0.12876258015973974,3417,False,1.0,0.0,0.0
C00_PRICE_RIDGE_TOP1,2026-07-02,1,3417,大木ヘルスケア,0.1345703091088993,3417,False,1.0,0.0,-1.1413520632133412
C00_PRICE_RIDGE_TOP1,2026-07-03,1,3417,大木ヘルスケア,0.13534364996410106,3417,False,1.0,1.0,1.513802315227064
C00_PRICE_RIDGE_TOP1,2026-07-06,1,4196,ネオマーケ,0.1422150757541001,4196,False,1.0,1.0,0.1769911504424737
C00_PRICE_RIDGE_TOP1,2026-07-07,1,4196,ネオマーケ,0.14057594230722073,4196,False,1.0,1.0,0.05889281507656108
C00_PRICE_RIDGE_TOP1,2026-07-08,1,4196,ネオマーケ,0.1429595552049341,4196,False,1.0,1.0,1.0119047619047583
C00_PRICE_RIDGE_TOP1,2026-07-09,1,4196,ネオマーケ,0.14417747638429923,4196,False,1.0,1.0,0.5934718100890191
C00_PRICE_RIDGE_TOP1,2026-07-10,1,4196,ネオマーケ,0.14364900766108452,4196,False,1.0,1.0,0.11799410029498247
C00_PRICE_RIDGE_TOP1,2026-07-13,1,4196,ネオマーケ,0.13847196860241118,4196,False,1.0,0.0,0.0
C00_PRICE_RIDGE_TOP1,2026-07-14,1,4196,ネオマーケ,0.12302974337505163,4196,False,1.0,1.0,0.5334914048606976
C00_PRICE_RIDGE_TOP1,2026-07-15,1,4196,ネオマーケ,0.13455900865298662,4196,False,1.0,0.0,-0.6485849056603765
C00_PRICE_RIDGE_TOP1,2026-07-16,1,4196,ネオマーケ,0.15318426822292425,4196,False,1.0,0.0,-0.11834319526626835
C00_PRICE_RIDGE_TOP1,2026-07-17,1,4196,ネオマーケ,0.13390360722298403,4196,False,1.0,0.0,-0.11848341232227888
C00_PRICE_RIDGE_TOP1,2026-07-21,1,3920,アイビーシー,0.11401145623184142,3920,False,1.0,1.0,1.7453798767967044
C00_PRICE_RIDGE_TOP1,2026-07-22,1,3920,アイビーシー,0.123384234283022,3920,False,1.0,0.0,-1.3052208835341417
C00_PRICE_RIDGE_TOP1,2026-07-23,1,3920,アイビーシー,0.13361040397892263,3920,False,1.0,1.0,0.3030303030302939
C00_PRICE_RIDGE_TOP1,2026-07-24,1,6096,レアジョブ,0.11010133982181601,6096,False,1.0,0.0,-2.0050125313283207
C00_PRICE_RIDGE_TOP1,2026-07-27,1,3920,アイビーシー,0.10816961922711377,3920,False,1.0,1.0,0.8072653884964698
C02_C00_RANK2,2026-04-01,1,4394,Ｇ－エクスモーション,0.1026442162506923,4394,False,2.0,0.0,0.0
C02_C00_RANK2,2026-04-02,1,9702,アイエスビー,0.1015157608792232,9702,False,2.0,0.0,-0.5025125628140725
C02_C00_RANK2,2026-04-03,1,7501,ティムコ,0.10656490382175227,7501,False,2.0,1.0,0.8728859792689558
C02_C00_RANK2,2026-04-06,1,4578,大塚ＨＤ,0.11023500989176627,4578,False,2.0,1.0,0.04474272930647949
C02_C00_RANK2,2026-04-07,1,2481,タウンニュース,0.1002525219066063,2481,False,2.0,1.0,0.8784773060029227
C02_C00_RANK2,2026-04-08,1,3948,光ビジネス,0.1156582510080742,3948,False,2.0,1.0,2.3890784982935065
C02_C00_RANK2,2026-04-09,1,2164,地域新聞社,0.1287892629620293,2164,False,2.0,1.0,4.458598726114649
C02_C00_RANK2,2026-04-10,1,3948,光ビジネス,0.11761541992345198,3948,False,2.0,0.0,-0.33783783783783994
C02_C00_RANK2,2026-04-13,1,3087,ドトル日レス,0.11519326468200111,3087,False,2.0,0.0,-2.101400933955966
C02_C00_RANK2,2026-04-14,1,5903,ＳＨＩＮＰＯ,0.10562564509370166,5903,False,2.0,1.0,0.4946413849958864
C02_C00_RANK2,2026-04-15,1,6150,タケダ機械,0.11147134127253822,6150,False,2.0,1.0,0.6153846153846176
C02_C00_RANK2,2026-04-16,1,5025,Ｇ－マーキュリー,0.1119798975778285,5025,False,2.0,0.0,-0.5594405594405605
C02_C00_RANK2,2026-04-17,1,7501,ティムコ,0.13287042060765608,7501,False,2.0,0.0,-0.6207966890843242
C02_C00_RANK2,2026-04-20,1,7501,ティムコ,0.1178619179678605,7501,False,2.0,1.0,3.3609100310237894
C02_C00_RANK2,2026-04-21,1,7849,スターツ出版,0.10850249729397357,7849,False,2.0,1.0,0.12674271229404788
C02_C00_RANK2,2026-04-22,1,3198,ＳＦＰＨＤ,0.11200170305799749,3198,False,2.0,0.0,-2.145922746781115
C02_C00_RANK2,2026-04-23,1,7073,Ｇ－ジェイック,0.10691366761189978,7073,False,2.0,0.0,0.0
C02_C00_RANK2,2026-04-24,1,6858,小野測器,0.09854321510020944,6858,False,2.0,0.0,-0.6090133982947665
C02_C00_RANK2,2026-04-27,1,8945,サンネクスタグループ,0.11898413578328089,8945,False,2.0,1.0,3.4682080924855585
C02_C00_RANK2,2026-04-28,1,7501,ティムコ,0.10771781566126422,7501,False,2.0,1.0,9.436913451511986
C02_C00_RANK2,2026-04-30,1,8945,サンネクスタグループ,0.1163421407574189,8945,False,2.0,0.0,-2.1035598705501646
C02_C00_RANK2,2026-05-01,1,3920,アイビーシー,0.12122732752494998,3920,False,2.0,1.0,0.9100101112234471
C02_C00_RANK2,2026-05-07,1,4088,エア・ウォーター,0.13141961618439094,4088,False,2.0,1.0,1.2433862433862464
C02_C00_RANK2,2026-05-08,1,3920,アイビーシー,0.13612513709715368,3920,False,2.0,1.0,0.9230769230769154
C02_C00_RANK2,2026-05-11,1,3948,光ビジネス,0.11475007890072812,3948,False,2.0,1.0,0.2546689303905003
C02_C00_RANK2,2026-05-12,1,3948,光ビジネス,0.12388392994405896,3948,False,2.0,0.0,-18.473547267996526
C02_C00_RANK2,2026-05-13,1,4196,ネオマーケ,0.11194417660157559,4196,False,2.0,0.0,-0.42164441321153046
C02_C00_RANK2,2026-05-14,1,3920,アイビーシー,0.12170961664074306,3920,False,2.0,1.0,1.007049345417932
C02_C00_RANK2,2026-05-15,1,7361,Ｇ－ＨＣＨ,0.11366050969891313,7361,False,2.0,1.0,1.1433597185576128
C02_C00_RANK2,2026-05-18,1,2813,和弘食品,0.11170810236766866,2813,False,2.0,0.0,-1.0126582278481067
C02_C00_RANK2,2026-05-19,1,4492,ゼネテック,0.12514543418123739,4492,False,2.0,0.0,-2.849740932642486
C02_C00_RANK2,2026-05-20,1,9331,Ｇ－キャスター,0.1149727820425897,9331,False,2.0,0.0,-0.5970149253731294
C02_C00_RANK2,2026-05-21,1,148A,Ｇ－ハッチ・ワーク,0.09956242187726437,148A,False,2.0,0.0,-0.8655510675129818
C02_C00_RANK2,2026-05-22,1,8144,デンキョーグループ,0.09074581570452842,8144,False,2.0,,
C02_C00_RANK2,2026-05-25,1,8742,小林洋行,0.08942787446133377,8742,False,2.0,0.0,-2.2687609075043635
C02_C00_RANK2,2026-05-26,1,302A,Ｇ－ビースタイルＨＤ,0.09743082700839868,302A,False,2.0,0.0,-0.347222222222221
C02_C00_RANK2,2026-05-27,1,8742,小林洋行,0.10073716687568113,8742,False,2.0,0.0,-1.245551601423489
C02_C00_RANK2,2026-05-28,1,3991,Ｇ－ウォンテッドリー,0.10244863481801948,3991,False,2.0,1.0,2.1299254526091493
C02_C00_RANK2,2026-05-29,1,7345,Ｇ－アイパートナーズ,0.1042631845585523,7345,False,2.0,0.0,-1.4014014014014031
C02_C00_RANK2,2026-06-01,1,3988,ＳＹＳＨＤ,0.09778250392060353,3988,False,2.0,0.0,-0.917431192660545
C02_C00_RANK2,2026-06-02,1,9082,大和自交,0.0908963145377975,9082,False,2.0,1.0,0.32102728731941976
C02_C00_RANK2,2026-06-03,1,9082,大和自交,0.09241188751322912,9082,False,2.0,1.0,0.7142857142857117
C02_C00_RANK2,2026-06-04,1,4750,ダイサン,0.09210886884775055,4750,False,2.0,0.0,-0.18518518518518823
C02_C00_RANK2,2026-06-05,1,9147,ＮＸＨＤ,0.09870163397848078,9147,False,2.0,1.0,2.420634920634912
C02_C00_RANK2,2026-06-08,1,9036,東部ネット,0.08869777284085159,9036,False,2.0,0.0,-1.5936254980079667
C02_C00_RANK2,2026-06-09,1,6951,日電子,0.09218510253113547,6951,False,2.0,0.0,-1.7230955259975866
C02_C00_RANK2,2026-06-10,1,3839,ＯＤＫ,0.09581410940466761,3839,False,2.0,0.0,0.0
C02_C00_RANK2,2026-06-11,1,2438,Ｇ－アスカネット,0.10379167716138213,2438,False,2.0,0.0,-0.9584664536741228
C02_C00_RANK2,2026-06-12,1,7619,田中商事,0.0946877759470087,7619,False,2.0,0.0,-1.3636363636363669
C02_C00_RANK2,2026-06-15,1,6594,ニデック,0.09149576864894982,6594,False,2.0,1.0,2.865761689291091
C02_C00_RANK2,2026-06-16,1,3920,アイビーシー,0.10751891604007545,3920,False,2.0,0.0,-1.0030090270812475
C02_C00_RANK2,2026-06-17,1,3920,アイビーシー,0.10568833709723913,3920,False,2.0,1.0,1.1178861788617933
C02_C00_RANK2,2026-06-18,1,7091,Ｇ－ＬＰＦ,0.10717961945104361,7091,False,2.0,0.0,-1.0569105691056957
C02_C00_RANK2,2026-06-19,1,4351,山田債権,0.12685967983331095,4351,False,2.0,1.0,0.10427528675704956
C02_C00_RANK2,2026-06-22,1,4351,山田債権,0.1221843717198497,4351,False,2.0,0.0,-0.20811654526534662
C02_C00_RANK2,2026-06-23,1,4351,山田債権,0.12812676408866042,4351,False,2.0,0.0,-1.6632016632016633
C02_C00_RANK2,2026-06-24,1,7544,スリーエフ,0.11158420719782902,7544,False,2.0,1.0,0.540540540540535
C02_C00_RANK2,2026-06-25,1,2371,カカクコム,0.11609662956698866,2371,False,2.0,0.0,-0.45180722891565717
C02_C00_RANK2,2026-06-26,1,7544,スリーエフ,0.11089452418836233,7544,False,2.0,0.0,-1.073345259391767
C02_C00_RANK2,2026-06-29,1,7544,スリーエフ,0.10911191235929629,7544,False,2.0,1.0,0.9041591320072317
C02_C00_RANK2,2026-06-30,1,,,,,False,,,
C02_C00_RANK2,2026-07-01,1,7091,Ｇ－ＬＰＦ,0.12858502181823256,7091,False,2.0,0.0,-0.24772914946324942
C02_C00_RANK2,2026-07-02,1,4196,ネオマーケ,0.1251111401926588,4196,False,2.0,1.0,0.2362669816893037
C02_C00_RANK2,2026-07-03,1,4196,ネオマーケ,0.12866903668280583,4196,False,2.0,1.0,0.8928571428571397
C02_C00_RANK2,2026-07-06,1,3920,アイビーシー,0.12452236158888443,3920,False,2.0,1.0,0.40733197556008793
C02_C00_RANK2,2026-07-07,1,3920,アイビーシー,0.13004992847419522,3920,False,2.0,1.0,1.3306038894575156
C02_C00_RANK2,2026-07-08,1,3920,アイビーシー,0.12519847421111574,3920,False,2.0,1.0,0.4036326942482349
C02_C00_RANK2,2026-07-09,1,3920,アイビーシー,0.1250454282135066,3920,False,2.0,1.0,0.4020100502512669
C02_C00_RANK2,2026-07-10,1,7345,Ｇ－アイパートナーズ,0.13294765783448798,7345,False,2.0,1.0,0.8620689655172376
C02_C00_RANK2,2026-07-13,1,7345,Ｇ－アイパートナーズ,0.12348632361485258,7345,False,2.0,0.0,-0.21276595744680327
C02_C00_RANK2,2026-07-14,1,3550,Ｇ－スタジオアタオ,0.11413683694706252,3550,False,2.0,0.0,-0.9049773755656076
C02_C00_RANK2,2026-07-15,1,2371,カカクコム,0.10326465975586081,2371,False,2.0,0.0,-0.027770063871146444
C02_C00_RANK2,2026-07-16,1,2371,カカクコム,0.12657246781503315,2371,False,2.0,0.0,-0.11117287381878782
C02_C00_RANK2,2026-07-17,1,6182,Ｇ－メタリアル,0.11484363581996213,6182,False,2.0,0.0,-5.520169851380041
C02_C00_RANK2,2026-07-21,1,4196,ネオマーケ,0.10972575175905372,4196,False,2.0,0.0,-0.17709563164108877
C02_C00_RANK2,2026-07-22,1,4196,ネオマーケ,0.11837733078060365,4196,False,2.0,1.0,0.8343265792610355
C02_C00_RANK2,2026-07-23,1,7273,イクヨ,0.11165364799789401,7273,False,2.0,0.0,-0.8210180623973717
C02_C00_RANK2,2026-07-24,1,7273,イクヨ,0.10703786942406683,7273,False,2.0,1.0,0.49342105263157077
C02_C00_RANK2,2026-07-27,1,2413,エムスリー,0.10488417237261424,2413,False,2.0,1.0,3.141077714595175
MR09_TURNOVER_WEIGHTED_MARKET_REGIME,2026-04-01,1,4627,ナトコ,0.1313356480125101,4627,False,1.0,1.0,2.7462686567164107
MR09_TURNOVER_WEIGHTED_MARKET_REGIME,2026-04-02,1,7501,ティムコ,0.10136300255346468,7501,False,1.0,1.0,0.8849557522123908
MR09_TURNOVER_WEIGHTED_MARKET_REGIME,2026-04-03,1,6326,クボタ,0.11426252264029206,6326,False,1.0,0.0,-2.0979020979020935
MR09_TURNOVER_WEIGHTED_MARKET_REGIME,2026-04-06,1,2481,タウンニュース,0.11988769392431288,2481,False,1.0,0.0,0.0
MR09_TURNOVER_WEIGHTED_MARKET_REGIME,2026-04-07,1,7501,ティムコ,0.12579348945204888,7501,False,1.0,1.0,1.212440695835526
MR09_TURNOVER_WEIGHTED_MARKET_REGIME,2026-04-08,1,2164,地域新聞社,0.14134608714207975,2164,False,1.0,1.0,0.3205128205128194
MR09_TURNOVER_WEIGHTED_MARKET_REGIME,2026-04-09,1,4578,大塚ＨＤ,0.13121665568612986,4578,False,1.0,0.0,-2.0609318996415715
MR09_TURNOVER_WEIGHTED_MARKET_REGIME,2026-04-10,1,9861,吉野家ＨＤ,0.12349468232325111,9861,False,1.0,1.0,0.23350846468184194
MR09_TURNOVER_WEIGHTED_MARKET_REGIME,2026-04-13,1,2164,地域新聞社,0.18545348873351788,2164,False,1.0,1.0,5.537459283387625
MR09_TURNOVER_WEIGHTED_MARKET_REGIME,2026-04-14,1,3087,ドトル日レス,0.12086449075134985,3087,False,1.0,0.0,-1.997968167964781
MR09_TURNOVER_WEIGHTED_MARKET_REGIME,2026-04-15,1,3543,コメダ,0.11704618806907875,3543,False,1.0,1.0,1.9639934533551617
MR09_TURNOVER_WEIGHTED_MARKET_REGIME,2026-04-16,1,2345,ＨＯＤＬ１,0.12143636552561446,2345,False,1.0,1.0,1.1857707509881354
MR09_TURNOVER_WEIGHTED_MARKET_REGIME,2026-04-17,1,7501,ティムコ,0.13398494076726247,7501,False,1.0,0.0,-0.6207966890843242
MR09_TURNOVER_WEIGHTED_MARKET_REGIME,2026-04-20,1,7073,Ｇ－ジェイック,0.12269220100212322,7073,False,1.0,0.0,-0.30474531998259113
MR09_TURNOVER_WEIGHTED_MARKET_REGIME,2026-04-21,1,2164,地域新聞社,0.12170706526447063,2164,False,1.0,1.0,10.624999999999996
MR09_TURNOVER_WEIGHTED_MARKET_REGIME,2026-04-22,1,7878,光・彩,0.11310550691936078,7878,False,1.0,0.0,-0.588235294117645
MR09_TURNOVER_WEIGHTED_MARKET_REGIME,2026-04-23,1,6653,正興電機製作所,0.11118164525803528,6653,False,1.0,0.0,-0.5451713395638658
MR09_TURNOVER_WEIGHTED_MARKET_REGIME,2026-04-24,1,6653,正興電機製作所,0.12706753574424132,6653,False,1.0,0.0,-3.5589941972920647
MR09_TURNOVER_WEIGHTED_MARKET_REGIME,2026-04-27,1,6653,正興電機製作所,0.15490291932000622,6653,False,1.0,0.0,-4.203625144620126
MR09_TURNOVER_WEIGHTED_MARKET_REGIME,2026-04-28,1,7091,Ｇ－ＬＰＦ,0.12817343386007368,7091,False,1.0,1.0,2.2382094324540303
MR09_TURNOVER_WEIGHTED_MARKET_REGIME,2026-04-30,1,7091,Ｇ－ＬＰＦ,0.14414238102628257,7091,False,1.0,1.0,0.7205764611689425
MR09_TURNOVER_WEIGHTED_MARKET_REGIME,2026-05-01,1,7091,Ｇ－ＬＰＦ,0.14919064619588807,7091,False,1.0,1.0,1.3632718524458687
MR09_TURNOVER_WEIGHTED_MARKET_REGIME,2026-05-07,1,7091,Ｇ－ＬＰＦ,0.14762123258041296,7091,False,1.0,0.0,-1.0292953285827355
MR09_TURNOVER_WEIGHTED_MARKET_REGIME,2026-05-08,1,7091,Ｇ－ＬＰＦ,0.1649420515678305,7091,False,1.0,1.0,1.2057877813504758
MR09_TURNOVER_WEIGHTED_MARKET_REGIME,2026-05-11,1,7091,Ｇ－ＬＰＦ,0.14620315825381652,7091,False,1.0,1.0,1.1914217633042012
MR09_TURNOVER_WEIGHTED_MARKET_REGIME,2026-05-12,1,7091,Ｇ－ＬＰＦ,0.12740147269220561,7091,False,1.0,0.0,-0.23529411764705577
MR09_TURNOVER_WEIGHTED_MARKET_REGIME,2026-05-13,1,7091,Ｇ－ＬＰＦ,0.12048583815658398,7091,False,1.0,1.0,1.1961722488038173
MR09_TURNOVER_WEIGHTED_MARKET_REGIME,2026-05-14,1,7091,Ｇ－ＬＰＦ,0.12703647909386828,7091,False,1.0,1.0,0.07818608287724071
MR09_TURNOVER_WEIGHTED_MARKET_REGIME,2026-05-15,1,4337,ぴあ,0.11557160485724403,4337,False,1.0,0.0,-5.733333333333334
MR09_TURNOVER_WEIGHTED_MARKET_REGIME,2026-05-18,1,5033,Ｇ－ヌーラボ,0.12349067313138823,5033,False,1.0,0.0,-1.0294117647058787
MR09_TURNOVER_WEIGHTED_MARKET_REGIME,2026-05-19,1,7091,Ｇ－ＬＰＦ,0.12826313666253936,7091,False,1.0,1.0,8.305084745762702
MR09_TURNOVER_WEIGHTED_MARKET_REGIME,2026-05-20,1,9913,日邦産業,0.12423560105027874,9913,False,1.0,0.0,-3.012912482065999
MR09_TURNOVER_WEIGHTED_MARKET_REGIME,2026-05-21,1,3417,大木ヘルスケア,0.10889503975257127,3417,False,1.0,0.0,-1.073345259391767
MR09_TURNOVER_WEIGHTED_MARKET_REGIME,2026-05-22,1,3920,アイビーシー,0.10344184250464494,3920,False,1.0,1.0,0.7049345417925457
MR09_TURNOVER_WEIGHTED_MARKET_REGIME,2026-05-25,1,3920,アイビーシー,0.10792471444734275,3920,False,1.0,0.0,-0.10000000000000009
MR09_TURNOVER_WEIGHTED_MARKET_REGIME,2026-05-26,1,9082,大和自交,0.11100044173591114,9082,False,1.0,1.0,0.5524861878453136
MR09_TURNOVER_WEIGHTED_MARKET_REGIME,2026-05-27,1,8260,井筒屋,0.11013070191051139,8260,False,1.0,1.0,1.5424164524421524
MR09_TURNOVER_WEIGHTED_MARKET_REGIME,2026-05-28,1,8742,小林洋行,0.11084627681071703,8742,False,1.0,0.0,-0.18115942028985588
MR09_TURNOVER_WEIGHTED_MARKET_REGIME,2026-05-29,1,8742,小林洋行,0.10973153614593138,8742,False,1.0,1.0,0.727272727272732
MR09_TURNOVER_WEIGHTED_MARKET_REGIME,2026-06-01,1,7345,Ｇ－アイパートナーズ,0.09917941001041396,7345,False,1.0,1.0,0.40000000000000036
MR09_TURNOVER_WEIGHTED_MARKET_REGIME,2026-06-02,1,2503,キリンＨＤ,0.09722849479188604,2503,False,1.0,1.0,0.663414634146342
MR09_TURNOVER_WEIGHTED_MARKET_REGIME,2026-06-03,1,4777,ガーラ,0.10305377854664521,4777,False,1.0,0.0,-0.497512437810943
MR09_TURNOVER_WEIGHTED_MARKET_REGIME,2026-06-04,1,2531,宝ＨＬＤ,0.112367393328829,2531,False,1.0,1.0,2.4653674571495587
MR09_TURNOVER_WEIGHTED_MARKET_REGIME,2026-06-05,1,9082,大和自交,0.1180481507888239,9082,False,1.0,,
MR09_TURNOVER_WEIGHTED_MARKET_REGIME,2026-06-08,1,5945,天龍製鋸,0.09504989488344484,5945,False,1.0,0.0,-0.917431192660545
MR09_TURNOVER_WEIGHTED_MARKET_REGIME,2026-06-09,1,5945,天龍製鋸,0.11663731992336686,5945,False,1.0,,
MR09_TURNOVER_WEIGHTED_MARKET_REGIME,2026-06-10,1,6555,ＭＳコンサル,0.09621981577522946,6555,False,1.0,0.0,-1.388888888888884
MR09_TURNOVER_WEIGHTED_MARKET_REGIME,2026-06-11,1,3920,アイビーシー,0.10769939682492834,3920,False,1.0,1.0,1.1316872427983515
MR09_TURNOVER_WEIGHTED_MARKET_REGIME,2026-06-12,1,3920,アイビーシー,0.10836548183520975,3920,False,1.0,0.0,0.0
MR09_TURNOVER_WEIGHTED_MARKET_REGIME,2026-06-15,1,3920,アイビーシー,0.10510015017352968,3920,False,1.0,1.0,1.5400410677617993
MR09_TURNOVER_WEIGHTED_MARKET_REGIME,2026-06-16,1,9468,ＫＡＤＯＫＡＷＡ,0.1091484600175374,9468,False,1.0,0.0,-1.0506208213944657
MR09_TURNOVER_WEIGHTED_MARKET_REGIME,2026-06-17,1,3920,アイビーシー,0.10599649947408324,3920,False,1.0,1.0,1.1178861788617933
MR09_TURNOVER_WEIGHTED_MARKET_REGIME,2026-06-18,1,4351,山田債権,0.13066193287600475,4351,False,1.0,0.0,-0.624349635796051
MR09_TURNOVER_WEIGHTED_MARKET_REGIME,2026-06-19,1,7043,Ｇ－アルー,0.13768776832438914,7043,False,1.0,1.0,0.6872852233676952
MR09_TURNOVER_WEIGHTED_MARKET_REGIME,2026-06-22,1,7043,Ｇ－アルー,0.13727800183732594,7043,False,1.0,0.0,-0.5733944954128489
MR09_TURNOVER_WEIGHTED_MARKET_REGIME,2026-06-23,1,7043,Ｇ－アルー,0.14084123331550338,7043,False,1.0,1.0,3.7209302325581506
MR09_TURNOVER_WEIGHTED_MARKET_REGIME,2026-06-24,1,4351,山田債権,0.1384837733728485,4351,False,1.0,0.0,-1.565762004175364
MR09_TURNOVER_WEIGHTED_MARKET_REGIME,2026-06-25,1,7091,Ｇ－ＬＰＦ,0.13032505154157714,7091,False,1.0,1.0,0.08354218880535225
MR09_TURNOVER_WEIGHTED_MARKET_REGIME,2026-06-26,1,7091,Ｇ－ＬＰＦ,0.13575181637482106,7091,False,1.0,1.0,0.08347245409014992
MR09_TURNOVER_WEIGHTED_MARKET_REGIME,2026-06-29,1,7091,Ｇ－ＬＰＦ,0.12916183586578073,7091,False,1.0,1.0,1.4273719563392184
MR09_TURNOVER_WEIGHTED_MARKET_REGIME,2026-06-30,1,,,,,False,,,
MR09_TURNOVER_WEIGHTED_MARKET_REGIME,2026-07-01,1,3417,大木ヘルスケア,0.1288391283111523,3417,False,1.0,0.0,0.0
MR09_TURNOVER_WEIGHTED_MARKET_REGIME,2026-07-02,1,3417,大木ヘルスケア,0.13543471073678887,3417,False,1.0,0.0,-1.1413520632133412
MR09_TURNOVER_WEIGHTED_MARKET_REGIME,2026-07-03,1,3417,大木ヘルスケア,0.13551887110305966,3417,False,1.0,1.0,1.513802315227064
MR09_TURNOVER_WEIGHTED_MARKET_REGIME,2026-07-06,1,4196,ネオマーケ,0.1423617110041863,4196,False,1.0,1.0,0.1769911504424737
MR09_TURNOVER_WEIGHTED_MARKET_REGIME,2026-07-07,1,4196,ネオマーケ,0.1404908362755889,4196,False,1.0,1.0,0.05889281507656108
MR09_TURNOVER_WEIGHTED_MARKET_REGIME,2026-07-08,1,4196,ネオマーケ,0.143412655195478,4196,False,1.0,1.0,1.0119047619047583
MR09_TURNOVER_WEIGHTED_MARKET_REGIME,2026-07-09,1,4196,ネオマーケ,0.14556674243641468,4196,False,1.0,1.0,0.5934718100890191
MR09_TURNOVER_WEIGHTED_MARKET_REGIME,2026-07-10,1,4196,ネオマーケ,0.142177956168847,4196,False,1.0,1.0,0.11799410029498247
MR09_TURNOVER_WEIGHTED_MARKET_REGIME,2026-07-13,1,4196,ネオマーケ,0.13949653821641222,4196,False,1.0,0.0,0.0
MR09_TURNOVER_WEIGHTED_MARKET_REGIME,2026-07-14,1,4196,ネオマーケ,0.12347153807999862,4196,False,1.0,1.0,0.5334914048606976
MR09_TURNOVER_WEIGHTED_MARKET_REGIME,2026-07-15,1,4196,ネオマーケ,0.13269295367527506,4196,False,1.0,0.0,-0.6485849056603765
MR09_TURNOVER_WEIGHTED_MARKET_REGIME,2026-07-16,1,4196,ネオマーケ,0.15007713430761668,4196,False,1.0,0.0,-0.11834319526626835
MR09_TURNOVER_WEIGHTED_MARKET_REGIME,2026-07-17,1,4196,ネオマーケ,0.1349302236347061,4196,False,1.0,0.0,-0.11848341232227888
MR09_TURNOVER_WEIGHTED_MARKET_REGIME,2026-07-21,1,3920,アイビーシー,0.11438011558611928,3920,False,1.0,1.0,1.7453798767967044
MR09_TURNOVER_WEIGHTED_MARKET_REGIME,2026-07-22,1,3920,アイビーシー,0.12212038560331775,3920,False,1.0,0.0,-1.3052208835341417
MR09_TURNOVER_WEIGHTED_MARKET_REGIME,2026-07-23,1,3920,アイビーシー,0.1324030318488303,3920,False,1.0,1.0,0.3030303030302939
MR09_TURNOVER_WEIGHTED_MARKET_REGIME,2026-07-24,1,6096,レアジョブ,0.10812055690701762,6096,False,1.0,0.0,-2.0050125313283207
MR09_TURNOVER_WEIGHTED_MARKET_REGIME,2026-07-27,1,3920,アイビーシー,0.10685500823458798,3920,False,1.0,1.0,0.8072653884964698
PAIR00_PRICE_ONLY_TOP2_RERANK,2026-04-01,1,4394,Ｇ－エクスモーション,0.6318834050377815,4394,False,2.0,0.0,0.0
PAIR00_PRICE_ONLY_TOP2_RERANK,2026-04-02,1,9702,アイエスビー,0.045018024850637134,9702,False,2.0,0.0,-0.5025125628140725
PAIR00_PRICE_ONLY_TOP2_RERANK,2026-04-03,1,7501,ティムコ,0.17276564255485974,7501,False,2.0,1.0,0.8728859792689558
PAIR00_PRICE_ONLY_TOP2_RERANK,2026-04-06,1,4578,大塚ＨＤ,0.25988791790899407,4578,False,2.0,1.0,0.04474272930647949
PAIR00_PRICE_ONLY_TOP2_RERANK,2026-04-07,1,2481,タウンニュース,0.5207642227649512,2481,False,2.0,1.0,0.8784773060029227
PAIR00_PRICE_ONLY_TOP2_RERANK,2026-04-08,1,3948,光ビジネス,0.633993516690415,3948,False,2.0,1.0,2.3890784982935065
PAIR00_PRICE_ONLY_TOP2_RERANK,2026-04-09,1,2164,地域新聞社,0.06158292243447367,2164,False,2.0,1.0,4.458598726114649
PAIR00_PRICE_ONLY_TOP2_RERANK,2026-04-10,1,3948,光ビジネス,0.04932327680210014,3948,False,2.0,0.0,-0.33783783783783994
PAIR00_PRICE_ONLY_TOP2_RERANK,2026-04-13,1,3087,ドトル日レス,1.6351451582183387,3087,False,2.0,0.0,-2.101400933955966
PAIR00_PRICE_ONLY_TOP2_RERANK,2026-04-14,1,5903,ＳＨＩＮＰＯ,0.34643571126268546,5903,False,2.0,1.0,0.4946413849958864
PAIR00_PRICE_ONLY_TOP2_RERANK,2026-04-15,1,6150,タケダ機械,0.10988862459893035,6150,False,2.0,1.0,0.6153846153846176
PAIR00_PRICE_ONLY_TOP2_RERANK,2026-04-16,1,5025,Ｇ－マーキュリー,0.2216916715891053,5025,False,2.0,0.0,-0.5594405594405605
PAIR00_PRICE_ONLY_TOP2_RERANK,2026-04-17,1,7501,ティムコ,0.02436607018830765,7501,False,2.0,0.0,-0.6207966890843242
PAIR00_PRICE_ONLY_TOP2_RERANK,2026-04-20,1,7501,ティムコ,0.03539019097177022,7501,False,2.0,1.0,3.3609100310237894
PAIR00_PRICE_ONLY_TOP2_RERANK,2026-04-21,1,7849,スターツ出版,0.33694013382239396,7849,False,2.0,1.0,0.12674271229404788
PAIR00_PRICE_ONLY_TOP2_RERANK,2026-04-22,1,3198,ＳＦＰＨＤ,0.1170081482380386,3198,False,2.0,0.0,-2.145922746781115
PAIR00_PRICE_ONLY_TOP2_RERANK,2026-04-23,1,7073,Ｇ－ジェイック,0.03944733526162588,7073,False,2.0,0.0,0.0
PAIR00_PRICE_ONLY_TOP2_RERANK,2026-04-24,1,6858,小野測器,0.6857944208627286,6858,False,2.0,0.0,-0.6090133982947665
PAIR00_PRICE_ONLY_TOP2_RERANK,2026-04-27,1,8945,サンネクスタグループ,0.8235546206015287,8945,False,2.0,1.0,3.4682080924855585
PAIR00_PRICE_ONLY_TOP2_RERANK,2026-04-28,1,7501,ティムコ,0.39078813430203097,7501,False,2.0,1.0,9.436913451511986
PAIR00_PRICE_ONLY_TOP2_RERANK,2026-04-30,1,8945,サンネクスタグループ,0.6625569034176143,8945,False,2.0,0.0,-2.1035598705501646
PAIR00_PRICE_ONLY_TOP2_RERANK,2026-05-01,1,3920,アイビーシー,0.3482625279224694,3920,False,2.0,1.0,0.9100101112234471
PAIR00_PRICE_ONLY_TOP2_RERANK,2026-05-07,1,4088,エア・ウォーター,0.22745375127180936,4088,False,2.0,1.0,1.2433862433862464
PAIR00_PRICE_ONLY_TOP2_RERANK,2026-05-08,1,3920,アイビーシー,0.4011920102551891,3920,False,2.0,1.0,0.9230769230769154
PAIR00_PRICE_ONLY_TOP2_RERANK,2026-05-11,1,3948,光ビジネス,0.42771209366479085,3948,False,2.0,1.0,0.2546689303905003
PAIR00_PRICE_ONLY_TOP2_RERANK,2026-05-12,1,3948,光ビジネス,0.04756277705865778,3948,False,2.0,0.0,-18.473547267996526
PAIR00_PRICE_ONLY_TOP2_RERANK,2026-05-13,1,4196,ネオマーケ,0.10312425029591167,4196,False,2.0,0.0,-0.42164441321153046
PAIR00_PRICE_ONLY_TOP2_RERANK,2026-05-14,1,3920,アイビーシー,0.06713107797405271,3920,False,2.0,1.0,1.007049345417932
PAIR00_PRICE_ONLY_TOP2_RERANK,2026-05-15,1,7361,Ｇ－ＨＣＨ,0.0414778764521856,7361,False,2.0,1.0,1.1433597185576128
PAIR00_PRICE_ONLY_TOP2_RERANK,2026-05-18,1,2813,和弘食品,0.18388951115684946,2813,False,2.0,0.0,-1.0126582278481067
PAIR00_PRICE_ONLY_TOP2_RERANK,2026-05-19,1,4492,ゼネテック,0.0473284408623696,4492,False,2.0,0.0,-2.849740932642486
PAIR00_PRICE_ONLY_TOP2_RERANK,2026-05-20,1,9331,Ｇ－キャスター,0.16422530399582302,9331,False,2.0,0.0,-0.5970149253731294
PAIR00_PRICE_ONLY_TOP2_RERANK,2026-05-21,1,148A,Ｇ－ハッチ・ワーク,0.11645720103286518,148A,False,2.0,0.0,-0.8655510675129818
PAIR00_PRICE_ONLY_TOP2_RERANK,2026-05-22,1,8144,デンキョーグループ,0.18282153571801807,8144,False,2.0,,
PAIR00_PRICE_ONLY_TOP2_RERANK,2026-05-25,1,8742,小林洋行,0.2384177511282562,8742,False,2.0,0.0,-2.2687609075043635
PAIR00_PRICE_ONLY_TOP2_RERANK,2026-05-26,1,302A,Ｇ－ビースタイルＨＤ,0.1934829716789921,302A,False,2.0,0.0,-0.347222222222221
PAIR00_PRICE_ONLY_TOP2_RERANK,2026-05-27,1,8742,小林洋行,0.14907670889727861,8742,False,2.0,0.0,-1.245551601423489
PAIR00_PRICE_ONLY_TOP2_RERANK,2026-05-28,1,3991,Ｇ－ウォンテッドリー,0.11091416691919564,3991,False,2.0,1.0,2.1299254526091493
PAIR00_PRICE_ONLY_TOP2_RERANK,2026-05-29,1,7345,Ｇ－アイパートナーズ,0.06772488831861886,7345,False,2.0,0.0,-1.4014014014014031
PAIR00_PRICE_ONLY_TOP2_RERANK,2026-06-01,1,3988,ＳＹＳＨＤ,0.008234208921498972,3988,False,2.0,0.0,-0.917431192660545
PAIR00_PRICE_ONLY_TOP2_RERANK,2026-06-02,1,9082,大和自交,0.04978864738509372,9082,False,2.0,1.0,0.32102728731941976
PAIR00_PRICE_ONLY_TOP2_RERANK,2026-06-03,1,9082,大和自交,0.04387016600020136,9082,False,2.0,1.0,0.7142857142857117
PAIR00_PRICE_ONLY_TOP2_RERANK,2026-06-04,1,4750,ダイサン,0.11644119298515725,4750,False,2.0,0.0,-0.18518518518518823
PAIR00_PRICE_ONLY_TOP2_RERANK,2026-06-05,1,9147,ＮＸＨＤ,0.1425721621745196,9147,False,2.0,1.0,2.420634920634912
PAIR00_PRICE_ONLY_TOP2_RERANK,2026-06-08,1,9036,東部ネット,0.044566909700814554,9036,False,2.0,0.0,-1.5936254980079667
PAIR00_PRICE_ONLY_TOP2_RERANK,2026-06-09,1,6951,日電子,0.1659554838848992,6951,False,2.0,0.0,-1.7230955259975866
PAIR00_PRICE_ONLY_TOP2_RERANK,2026-06-10,1,3839,ＯＤＫ,0.004924391142776371,3839,False,2.0,0.0,0.0
PAIR00_PRICE_ONLY_TOP2_RERANK,2026-06-11,1,2438,Ｇ－アスカネット,0.026846496418953973,2438,False,2.0,0.0,-0.9584664536741228
PAIR00_PRICE_ONLY_TOP2_RERANK,2026-06-12,1,7619,田中商事,0.0965029672713877,7619,False,2.0,0.0,-1.3636363636363669
PAIR00_PRICE_ONLY_TOP2_RERANK,2026-06-15,1,6594,ニデック,0.10081940329565148,6594,False,2.0,1.0,2.865761689291091
PAIR00_PRICE_ONLY_TOP2_RERANK,2026-06-16,1,3920,アイビーシー,0.007158738106685353,3920,False,2.0,0.0,-1.0030090270812475
PAIR00_PRICE_ONLY_TOP2_RERANK,2026-06-17,1,3920,アイビーシー,0.0033557282798546344,3920,False,2.0,1.0,1.1178861788617933
PAIR00_PRICE_ONLY_TOP2_RERANK,2026-06-18,1,7091,Ｇ－ＬＰＦ,0.17588388124129908,7091,False,2.0,0.0,-1.0569105691056957
PAIR00_PRICE_ONLY_TOP2_RERANK,2026-06-19,1,4351,山田債権,0.07007834361045924,4351,False,2.0,1.0,0.10427528675704956
PAIR00_PRICE_ONLY_TOP2_RERANK,2026-06-22,1,4351,山田債権,0.11200141089114073,4351,False,2.0,0.0,-0.20811654526534662
PAIR00_PRICE_ONLY_TOP2_RERANK,2026-06-23,1,4351,山田債権,0.09929824572215183,4351,False,2.0,0.0,-1.6632016632016633
PAIR00_PRICE_ONLY_TOP2_RERANK,2026-06-24,1,7544,スリーエフ,0.20020780611647185,7544,False,2.0,1.0,0.540540540540535
PAIR00_PRICE_ONLY_TOP2_RERANK,2026-06-25,1,2371,カカクコム,0.11831722984154754,2371,False,2.0,0.0,-0.45180722891565717
PAIR00_PRICE_ONLY_TOP2_RERANK,2026-06-26,1,7544,スリーエフ,0.18748505164429313,7544,False,2.0,0.0,-1.073345259391767
PAIR00_PRICE_ONLY_TOP2_RERANK,2026-06-29,1,7544,スリーエフ,0.13438574240942697,7544,False,2.0,1.0,0.9041591320072317
PAIR00_PRICE_ONLY_TOP2_RERANK,2026-06-30,1,,,,,False,,,
PAIR00_PRICE_ONLY_TOP2_RERANK,2026-07-01,1,7091,Ｇ－ＬＰＦ,0.00043987897507906214,7091,False,2.0,0.0,-0.24772914946324942
PAIR00_PRICE_ONLY_TOP2_RERANK,2026-07-02,1,4196,ネオマーケ,0.023433928773249967,4196,False,2.0,1.0,0.2362669816893037
PAIR00_PRICE_ONLY_TOP2_RERANK,2026-07-03,1,4196,ネオマーケ,0.01653553431679554,4196,False,2.0,1.0,0.8928571428571397
PAIR00_PRICE_ONLY_TOP2_RERANK,2026-07-06,1,3920,アイビーシー,0.04383152549916816,3920,False,2.0,1.0,0.40733197556008793
PAIR00_PRICE_ONLY_TOP2_RERANK,2026-07-07,1,3920,アイビーシー,0.026076905974885514,3920,False,2.0,1.0,1.3306038894575156
PAIR00_PRICE_ONLY_TOP2_RERANK,2026-07-08,1,3920,アイビーシー,0.04400089591702566,3920,False,2.0,1.0,0.4036326942482349
PAIR00_PRICE_ONLY_TOP2_RERANK,2026-07-09,1,3920,アイビーシー,0.047397298651785935,3920,False,2.0,1.0,0.4020100502512669
PAIR00_PRICE_ONLY_TOP2_RERANK,2026-07-10,1,7345,Ｇ－アイパートナーズ,0.026511279356005297,7345,False,2.0,1.0,0.8620689655172376
PAIR00_PRICE_ONLY_TOP2_RERANK,2026-07-13,1,7345,Ｇ－アイパートナーズ,0.037125094220141035,7345,False,2.0,0.0,-0.21276595744680327
PAIR00_PRICE_ONLY_TOP2_RERANK,2026-07-14,1,3550,Ｇ－スタジオアタオ,0.02203108303340237,3550,False,2.0,0.0,-0.9049773755656076
PAIR00_PRICE_ONLY_TOP2_RERANK,2026-07-15,1,2371,カカクコム,0.07752790435969342,2371,False,2.0,0.0,-0.027770063871146444
PAIR00_PRICE_ONLY_TOP2_RERANK,2026-07-16,1,2371,カカクコム,0.06592746580682879,2371,False,2.0,0.0,-0.11117287381878782
PAIR00_PRICE_ONLY_TOP2_RERANK,2026-07-17,1,6182,Ｇ－メタリアル,0.04721873731546751,6182,False,2.0,0.0,-5.520169851380041
PAIR00_PRICE_ONLY_TOP2_RERANK,2026-07-21,1,4196,ネオマーケ,0.010617306261026293,4196,False,2.0,0.0,-0.17709563164108877
PAIR00_PRICE_ONLY_TOP2_RERANK,2026-07-22,1,4196,ネオマーケ,0.012403988245601601,4196,False,2.0,1.0,0.8343265792610355
PAIR00_PRICE_ONLY_TOP2_RERANK,2026-07-23,1,7273,イクヨ,0.05439516518915834,7273,False,2.0,0.0,-0.8210180623973717
PAIR00_PRICE_ONLY_TOP2_RERANK,2026-07-24,1,7273,イクヨ,0.00758937151196853,7273,False,2.0,1.0,0.49342105263157077
PAIR00_PRICE_ONLY_TOP2_RERANK,2026-07-27,1,2413,エムスリー,0.008139290910055925,2413,False,2.0,1.0,3.141077714595175
PAIR01_TOP2_EXACT_LIQ_RERANK,2026-04-01,1,4394,Ｇ－エクスモーション,0.15055513705274465,4394,False,2.0,0.0,0.0
PAIR01_TOP2_EXACT_LIQ_RERANK,2026-04-02,1,9702,アイエスビー,1.2449715454633585,9702,False,2.0,0.0,-0.5025125628140725
PAIR01_TOP2_EXACT_LIQ_RERANK,2026-04-03,1,3449,テクノフレックス,1.0388056819964164,3449,False,1.0,1.0,0.43807248108322927
PAIR01_TOP2_EXACT_LIQ_RERANK,2026-04-06,1,4578,大塚ＨＤ,2.168885677971303,4578,False,2.0,1.0,0.04474272930647949
PAIR01_TOP2_EXACT_LIQ_RERANK,2026-04-07,1,7501,ティムコ,0.0966008260397024,7501,False,1.0,1.0,1.212440695835526
PAIR01_TOP2_EXACT_LIQ_RERANK,2026-04-08,1,3948,光ビジネス,0.12278666171626802,3948,False,2.0,1.0,2.3890784982935065
PAIR01_TOP2_EXACT_LIQ_RERANK,2026-04-09,1,4578,大塚ＨＤ,0.18957014788232557,4578,False,1.0,0.0,-2.0609318996415715
PAIR01_TOP2_EXACT_LIQ_RERANK,2026-04-10,1,9861,吉野家ＨＤ,0.1408859440744045,9861,False,1.0,1.0,0.23350846468184194
PAIR01_TOP2_EXACT_LIQ_RERANK,2026-04-13,1,3087,ドトル日レス,1.562224444803685,3087,False,2.0,0.0,-2.101400933955966
PAIR01_TOP2_EXACT_LIQ_RERANK,2026-04-14,1,3087,ドトル日レス,0.4751578262869295,3087,False,1.0,0.0,-1.997968167964781
PAIR01_TOP2_EXACT_LIQ_RERANK,2026-04-15,1,3543,コメダ,0.637599666930775,3543,False,1.0,1.0,1.9639934533551617
PAIR01_TOP2_EXACT_LIQ_RERANK,2026-04-16,1,2345,ＨＯＤＬ１,0.7173160300537725,2345,False,1.0,1.0,1.1857707509881354
PAIR01_TOP2_EXACT_LIQ_RERANK,2026-04-17,1,2164,地域新聞社,0.012608125730984365,2164,False,1.0,1.0,1.2944983818770295
PAIR01_TOP2_EXACT_LIQ_RERANK,2026-04-20,1,7073,Ｇ－ジェイック,0.5231209802690919,7073,False,1.0,0.0,-0.30474531998259113
PAIR01_TOP2_EXACT_LIQ_RERANK,2026-04-21,1,2164,地域新聞社,0.24545575182152646,2164,False,1.0,1.0,10.624999999999996
PAIR01_TOP2_EXACT_LIQ_RERANK,2026-04-22,1,7878,光・彩,0.35989243081117883,7878,False,1.0,0.0,-0.588235294117645
PAIR01_TOP2_EXACT_LIQ_RERANK,2026-04-23,1,6653,正興電機製作所,0.7288673056969323,6653,False,1.0,0.0,-0.5451713395638658
PAIR01_TOP2_EXACT_LIQ_RERANK,2026-04-24,1,6858,小野測器,0.3440452918285524,6858,False,2.0,0.0,-0.6090133982947665
PAIR01_TOP2_EXACT_LIQ_RERANK,2026-04-27,1,8945,サンネクスタグループ,0.10038539854577626,8945,False,2.0,1.0,3.4682080924855585
PAIR01_TOP2_EXACT_LIQ_RERANK,2026-04-28,1,7501,ティムコ,0.28503102658901724,7501,False,2.0,1.0,9.436913451511986
PAIR01_TOP2_EXACT_LIQ_RERANK,2026-04-30,1,8945,サンネクスタグループ,0.5607486515218248,8945,False,2.0,0.0,-2.1035598705501646
PAIR01_TOP2_EXACT_LIQ_RERANK,2026-05-01,1,7091,Ｇ－ＬＰＦ,0.43535657939961875,7091,False,1.0,1.0,1.3632718524458687
PAIR01_TOP2_EXACT_LIQ_RERANK,2026-05-07,1,7091,Ｇ－ＬＰＦ,0.3775170934802912,7091,False,1.0,0.0,-1.0292953285827355
PAIR01_TOP2_EXACT_LIQ_RERANK,2026-05-08,1,7091,Ｇ－ＬＰＦ,0.4678859966144124,7091,False,1.0,1.0,1.2057877813504758
PAIR01_TOP2_EXACT_LIQ_RERANK,2026-05-11,1,7091,Ｇ－ＬＰＦ,0.1675710902257355,7091,False,1.0,1.0,1.1914217633042012
PAIR01_TOP2_EXACT_LIQ_RERANK,2026-05-12,1,7091,Ｇ－ＬＰＦ,0.8176101560123081,7091,False,1.0,0.0,-0.23529411764705577
PAIR01_TOP2_EXACT_LIQ_RERANK,2026-05-13,1,7091,Ｇ－ＬＰＦ,0.5042421185176923,7091,False,1.0,1.0,1.1961722488038173
PAIR01_TOP2_EXACT_LIQ_RERANK,2026-05-14,1,7091,Ｇ－ＬＰＦ,0.6061634350932079,7091,False,1.0,1.0,0.07818608287724071
PAIR01_TOP2_EXACT_LIQ_RERANK,2026-05-15,1,4337,ぴあ,0.9080239947224216,4337,False,1.0,0.0,-5.733333333333334
PAIR01_TOP2_EXACT_LIQ_RERANK,2026-05-18,1,5033,Ｇ－ヌーラボ,1.0159756043784605,5033,False,1.0,0.0,-1.0294117647058787
PAIR01_TOP2_EXACT_LIQ_RERANK,2026-05-19,1,7091,Ｇ－ＬＰＦ,0.35695381226936396,7091,False,1.0,1.0,8.305084745762702
PAIR01_TOP2_EXACT_LIQ_RERANK,2026-05-20,1,9331,Ｇ－キャスター,0.43476689718192213,9331,False,2.0,0.0,-0.5970149253731294
PAIR01_TOP2_EXACT_LIQ_RERANK,2026-05-21,1,148A,Ｇ－ハッチ・ワーク,1.0881100816567182,148A,False,2.0,0.0,-0.8655510675129818
PAIR01_TOP2_EXACT_LIQ_RERANK,2026-05-22,1,3920,アイビーシー,0.12943720686129304,3920,False,1.0,1.0,0.7049345417925457
PAIR01_TOP2_EXACT_LIQ_RERANK,2026-05-25,1,8742,小林洋行,0.26773232179324236,8742,False,2.0,0.0,-2.2687609075043635
PAIR01_TOP2_EXACT_LIQ_RERANK,2026-05-26,1,9082,大和自交,0.6934305618240899,9082,False,1.0,1.0,0.5524861878453136
PAIR01_TOP2_EXACT_LIQ_RERANK,2026-05-27,1,8742,小林洋行,0.07054128745010767,8742,False,2.0,0.0,-1.245551601423489
PAIR01_TOP2_EXACT_LIQ_RERANK,2026-05-28,1,3991,Ｇ－ウォンテッドリー,0.2967724521632648,3991,False,2.0,1.0,2.1299254526091493
PAIR01_TOP2_EXACT_LIQ_RERANK,2026-05-29,1,7345,Ｇ－アイパートナーズ,0.9631723934716121,7345,False,2.0,0.0,-1.4014014014014031
PAIR01_TOP2_EXACT_LIQ_RERANK,2026-06-01,1,7345,Ｇ－アイパートナーズ,0.0648826918937025,7345,False,1.0,1.0,0.40000000000000036
PAIR01_TOP2_EXACT_LIQ_RERANK,2026-06-02,1,2503,キリンＨＤ,0.0759058573415913,2503,False,1.0,1.0,0.663414634146342
PAIR01_TOP2_EXACT_LIQ_RERANK,2026-06-03,1,4777,ガーラ,0.10699298414165223,4777,False,1.0,0.0,-0.497512437810943
PAIR01_TOP2_EXACT_LIQ_RERANK,2026-06-04,1,2531,宝ＨＬＤ,1.30966485255112,2531,False,1.0,1.0,2.4653674571495587
PAIR01_TOP2_EXACT_LIQ_RERANK,2026-06-05,1,9147,ＮＸＨＤ,1.0759957047166524,9147,False,2.0,1.0,2.420634920634912
PAIR01_TOP2_EXACT_LIQ_RERANK,2026-06-08,1,5945,天龍製鋸,0.34391628640356126,5945,False,1.0,0.0,-0.917431192660545
PAIR01_TOP2_EXACT_LIQ_RERANK,2026-06-09,1,6951,日電子,0.6052067465440468,6951,False,2.0,0.0,-1.7230955259975866
PAIR01_TOP2_EXACT_LIQ_RERANK,2026-06-10,1,6555,ＭＳコンサル,0.5786587897434472,6555,False,1.0,0.0,-1.388888888888884
PAIR01_TOP2_EXACT_LIQ_RERANK,2026-06-11,1,2438,Ｇ－アスカネット,0.5546005693012063,2438,False,2.0,0.0,-0.9584664536741228
PAIR01_TOP2_EXACT_LIQ_RERANK,2026-06-12,1,3920,アイビーシー,0.1910799445310121,3920,False,1.0,0.0,0.0
PAIR01_TOP2_EXACT_LIQ_RERANK,2026-06-15,1,6594,ニデック,1.2448460933875358,6594,False,2.0,1.0,2.865761689291091
PAIR01_TOP2_EXACT_LIQ_RERANK,2026-06-16,1,9468,ＫＡＤＯＫＡＷＡ,0.260572883431119,9468,False,1.0,0.0,-1.0506208213944657
PAIR01_TOP2_EXACT_LIQ_RERANK,2026-06-17,1,2371,カカクコム,0.24300405056452454,2371,False,1.0,1.0,1.8731117824773325
PAIR01_TOP2_EXACT_LIQ_RERANK,2026-06-18,1,7091,Ｇ－ＬＰＦ,0.7527822592066048,7091,False,2.0,0.0,-1.0569105691056957
PAIR01_TOP2_EXACT_LIQ_RERANK,2026-06-19,1,7043,Ｇ－アルー,0.5011684820322856,7043,False,1.0,1.0,0.6872852233676952
PAIR01_TOP2_EXACT_LIQ_RERANK,2026-06-22,1,7043,Ｇ－アルー,0.3462707854475465,7043,False,1.0,0.0,-0.5733944954128489
PAIR01_TOP2_EXACT_LIQ_RERANK,2026-06-23,1,7043,Ｇ－アルー,0.2995940089745788,7043,False,1.0,1.0,3.7209302325581506
PAIR01_TOP2_EXACT_LIQ_RERANK,2026-06-24,1,7544,スリーエフ,0.34486174039091627,7544,False,2.0,1.0,0.540540540540535
PAIR01_TOP2_EXACT_LIQ_RERANK,2026-06-25,1,7091,Ｇ－ＬＰＦ,0.2792928934156587,7091,False,1.0,1.0,0.08354218880535225
PAIR01_TOP2_EXACT_LIQ_RERANK,2026-06-26,1,7091,Ｇ－ＬＰＦ,0.5923293967327058,7091,False,1.0,1.0,0.08347245409014992
PAIR01_TOP2_EXACT_LIQ_RERANK,2026-06-29,1,7091,Ｇ－ＬＰＦ,0.5172509087891383,7091,False,1.0,1.0,1.4273719563392184
PAIR01_TOP2_EXACT_LIQ_RERANK,2026-06-30,1,,,,,False,,,
PAIR01_TOP2_EXACT_LIQ_RERANK,2026-07-01,1,7091,Ｇ－ＬＰＦ,1.1340106212789025,7091,False,2.0,0.0,-0.24772914946324942
PAIR01_TOP2_EXACT_LIQ_RERANK,2026-07-02,1,4196,ネオマーケ,0.6401111118652782,4196,False,2.0,1.0,0.2362669816893037
PAIR01_TOP2_EXACT_LIQ_RERANK,2026-07-03,1,4196,ネオマーケ,0.5958847763424538,4196,False,2.0,1.0,0.8928571428571397
PAIR01_TOP2_EXACT_LIQ_RERANK,2026-07-06,1,3920,アイビーシー,0.5634944337257564,3920,False,2.0,1.0,0.40733197556008793
PAIR01_TOP2_EXACT_LIQ_RERANK,2026-07-07,1,3920,アイビーシー,0.7571439861729162,3920,False,2.0,1.0,1.3306038894575156
PAIR01_TOP2_EXACT_LIQ_RERANK,2026-07-08,1,3920,アイビーシー,0.5217629710185158,3920,False,2.0,1.0,0.4036326942482349
PAIR01_TOP2_EXACT_LIQ_RERANK,2026-07-09,1,3920,アイビーシー,0.14972458262638247,3920,False,2.0,1.0,0.4020100502512669
PAIR01_TOP2_EXACT_LIQ_RERANK,2026-07-10,1,7345,Ｇ－アイパートナーズ,0.482907868071351,7345,False,2.0,1.0,0.8620689655172376
PAIR01_TOP2_EXACT_LIQ_RERANK,2026-07-13,1,7345,Ｇ－アイパートナーズ,1.4162880672224185,7345,False,2.0,0.0,-0.21276595744680327
PAIR01_TOP2_EXACT_LIQ_RERANK,2026-07-14,1,3550,Ｇ－スタジオアタオ,0.09085642508474229,3550,False,2.0,0.0,-0.9049773755656076
PAIR01_TOP2_EXACT_LIQ_RERANK,2026-07-15,1,2371,カカクコム,0.5457142647509591,2371,False,2.0,0.0,-0.027770063871146444
PAIR01_TOP2_EXACT_LIQ_RERANK,2026-07-16,1,2371,カカクコム,0.5604538294795108,2371,False,2.0,0.0,-0.11117287381878782
PAIR01_TOP2_EXACT_LIQ_RERANK,2026-07-17,1,6182,Ｇ－メタリアル,0.4614105681825079,6182,False,2.0,0.0,-5.520169851380041
PAIR01_TOP2_EXACT_LIQ_RERANK,2026-07-21,1,4196,ネオマーケ,0.2176321401108946,4196,False,2.0,0.0,-0.17709563164108877
PAIR01_TOP2_EXACT_LIQ_RERANK,2026-07-22,1,3920,アイビーシー,0.1006116456135094,3920,False,1.0,0.0,-1.3052208835341417
PAIR01_TOP2_EXACT_LIQ_RERANK,2026-07-23,1,7273,イクヨ,0.8785970304313463,7273,False,2.0,0.0,-0.8210180623973717
PAIR01_TOP2_EXACT_LIQ_RERANK,2026-07-24,1,7273,イクヨ,1.06870135493484,7273,False,2.0,1.0,0.49342105263157077
PAIR01_TOP2_EXACT_LIQ_RERANK,2026-07-27,1,2413,エムスリー,0.8159263894064647,2413,False,2.0,1.0,3.141077714595175
PS06_PERSISTENT_VS_ISOLATED_ACTIVITY,2026-04-01,1,4627,ナトコ,0.13793608305306618,4627,False,1.0,1.0,2.7462686567164107
PS06_PERSISTENT_VS_ISOLATED_ACTIVITY,2026-04-02,1,7501,ティムコ,0.09902491348558992,7501,False,1.0,1.0,0.8849557522123908
PS06_PERSISTENT_VS_ISOLATED_ACTIVITY,2026-04-03,1,3449,テクノフレックス,0.11586125206626721,3449,False,1.0,1.0,0.43807248108322927
PS06_PERSISTENT_VS_ISOLATED_ACTIVITY,2026-04-06,1,4578,大塚ＨＤ,0.113463944576077,4578,False,1.0,1.0,0.04474272930647949
PS06_PERSISTENT_VS_ISOLATED_ACTIVITY,2026-04-07,1,7501,ティムコ,0.11305412982088238,7501,False,1.0,1.0,1.212440695835526
PS06_PERSISTENT_VS_ISOLATED_ACTIVITY,2026-04-08,1,2164,地域新聞社,0.15121374408762153,2164,False,1.0,1.0,0.3205128205128194
PS06_PERSISTENT_VS_ISOLATED_ACTIVITY,2026-04-09,1,2164,地域新聞社,0.13574577540030724,2164,False,1.0,1.0,4.458598726114649
PS06_PERSISTENT_VS_ISOLATED_ACTIVITY,2026-04-10,1,3948,光ビジネス,0.1197628709458202,3948,False,1.0,0.0,-0.33783783783783994
PS06_PERSISTENT_VS_ISOLATED_ACTIVITY,2026-04-13,1,2164,地域新聞社,0.1860983015725183,2164,False,1.0,1.0,5.537459283387625
PS06_PERSISTENT_VS_ISOLATED_ACTIVITY,2026-04-14,1,3087,ドトル日レス,0.1176001040014702,3087,False,1.0,0.0,-1.997968167964781
PS06_PERSISTENT_VS_ISOLATED_ACTIVITY,2026-04-15,1,3543,コメダ,0.11861070806048137,3543,False,1.0,1.0,1.9639934533551617
PS06_PERSISTENT_VS_ISOLATED_ACTIVITY,2026-04-16,1,2345,ＨＯＤＬ１,0.1315017246805574,2345,False,1.0,1.0,1.1857707509881354
PS06_PERSISTENT_VS_ISOLATED_ACTIVITY,2026-04-17,1,7501,ティムコ,0.14073321402559305,7501,False,1.0,0.0,-0.6207966890843242
PS06_PERSISTENT_VS_ISOLATED_ACTIVITY,2026-04-20,1,7073,Ｇ－ジェイック,0.1296620163787787,7073,False,1.0,0.0,-0.30474531998259113
PS06_PERSISTENT_VS_ISOLATED_ACTIVITY,2026-04-21,1,2164,地域新聞社,0.12434591803783127,2164,False,1.0,1.0,10.624999999999996
PS06_PERSISTENT_VS_ISOLATED_ACTIVITY,2026-04-22,1,7878,光・彩,0.11207598393664557,7878,False,1.0,0.0,-0.588235294117645
PS06_PERSISTENT_VS_ISOLATED_ACTIVITY,2026-04-23,1,6653,正興電機製作所,0.10444033323457454,6653,False,1.0,0.0,-0.5451713395638658
PS06_PERSISTENT_VS_ISOLATED_ACTIVITY,2026-04-24,1,6653,正興電機製作所,0.12014402647328729,6653,False,1.0,0.0,-3.5589941972920647
PS06_PERSISTENT_VS_ISOLATED_ACTIVITY,2026-04-27,1,6653,正興電機製作所,0.14346117002459796,6653,False,1.0,0.0,-4.203625144620126
PS06_PERSISTENT_VS_ISOLATED_ACTIVITY,2026-04-28,1,7091,Ｇ－ＬＰＦ,0.12716436927510702,7091,False,1.0,1.0,2.2382094324540303
PS06_PERSISTENT_VS_ISOLATED_ACTIVITY,2026-04-30,1,7091,Ｇ－ＬＰＦ,0.14400691248774466,7091,False,1.0,1.0,0.7205764611689425
PS06_PERSISTENT_VS_ISOLATED_ACTIVITY,2026-05-01,1,7091,Ｇ－ＬＰＦ,0.15122948180143198,7091,False,1.0,1.0,1.3632718524458687
PS06_PERSISTENT_VS_ISOLATED_ACTIVITY,2026-05-07,1,7091,Ｇ－ＬＰＦ,0.14308141328647744,7091,False,1.0,0.0,-1.0292953285827355
PS06_PERSISTENT_VS_ISOLATED_ACTIVITY,2026-05-08,1,7091,Ｇ－ＬＰＦ,0.16427286247690678,7091,False,1.0,1.0,1.2057877813504758
PS06_PERSISTENT_VS_ISOLATED_ACTIVITY,2026-05-11,1,7091,Ｇ－ＬＰＦ,0.1393890112906535,7091,False,1.0,1.0,1.1914217633042012
PS06_PERSISTENT_VS_ISOLATED_ACTIVITY,2026-05-12,1,7091,Ｇ－ＬＰＦ,0.1270580767960368,7091,False,1.0,0.0,-0.23529411764705577
PS06_PERSISTENT_VS_ISOLATED_ACTIVITY,2026-05-13,1,7091,Ｇ－ＬＰＦ,0.12291863943588355,7091,False,1.0,1.0,1.1961722488038173
PS06_PERSISTENT_VS_ISOLATED_ACTIVITY,2026-05-14,1,3920,アイビーシー,0.1244126468898136,3920,False,1.0,1.0,1.007049345417932
PS06_PERSISTENT_VS_ISOLATED_ACTIVITY,2026-05-15,1,7091,Ｇ－ＬＰＦ,0.1209337220532613,7091,False,1.0,1.0,3.858267716535435
PS06_PERSISTENT_VS_ISOLATED_ACTIVITY,2026-05-18,1,5033,Ｇ－ヌーラボ,0.11883043168461084,5033,False,1.0,0.0,-1.0294117647058787
PS06_PERSISTENT_VS_ISOLATED_ACTIVITY,2026-05-19,1,7091,Ｇ－ＬＰＦ,0.11763657188552036,7091,False,1.0,1.0,8.305084745762702
PS06_PERSISTENT_VS_ISOLATED_ACTIVITY,2026-05-20,1,9331,Ｇ－キャスター,0.12985580241005973,9331,False,1.0,0.0,-0.5970149253731294
PS06_PERSISTENT_VS_ISOLATED_ACTIVITY,2026-05-21,1,3417,大木ヘルスケア,0.09966404360626475,3417,False,1.0,0.0,-1.073345259391767
PS06_PERSISTENT_VS_ISOLATED_ACTIVITY,2026-05-22,1,3920,アイビーシー,0.10305842129162235,3920,False,1.0,1.0,0.7049345417925457
PS06_PERSISTENT_VS_ISOLATED_ACTIVITY,2026-05-25,1,3920,アイビーシー,0.10443376719156285,3920,False,1.0,0.0,-0.10000000000000009
PS06_PERSISTENT_VS_ISOLATED_ACTIVITY,2026-05-26,1,9082,大和自交,0.11447476354480284,9082,False,1.0,1.0,0.5524861878453136
PS06_PERSISTENT_VS_ISOLATED_ACTIVITY,2026-05-27,1,8742,小林洋行,0.1058392442686435,8742,False,1.0,0.0,-1.245551601423489
PS06_PERSISTENT_VS_ISOLATED_ACTIVITY,2026-05-28,1,8742,小林洋行,0.10857997754197683,8742,False,1.0,0.0,-0.18115942028985588
PS06_PERSISTENT_VS_ISOLATED_ACTIVITY,2026-05-29,1,8742,小林洋行,0.10692867524981668,8742,False,1.0,1.0,0.727272727272732
PS06_PERSISTENT_VS_ISOLATED_ACTIVITY,2026-06-01,1,4391,Ｇ－ロジザード,0.10356581200811639,4391,False,1.0,0.0,-1.188299817184646
PS06_PERSISTENT_VS_ISOLATED_ACTIVITY,2026-06-02,1,2503,キリンＨＤ,0.09576082130215492,2503,False,1.0,1.0,0.663414634146342
PS06_PERSISTENT_VS_ISOLATED_ACTIVITY,2026-06-03,1,9082,大和自交,0.09082917356144068,9082,False,1.0,1.0,0.7142857142857117
PS06_PERSISTENT_VS_ISOLATED_ACTIVITY,2026-06-04,1,7217,テイン,0.1046308152099901,7217,False,1.0,1.0,1.2165450121654597
PS06_PERSISTENT_VS_ISOLATED_ACTIVITY,2026-06-05,1,9082,大和自交,0.1202153198511039,9082,False,1.0,,
PS06_PERSISTENT_VS_ISOLATED_ACTIVITY,2026-06-08,1,5945,天龍製鋸,0.10158987536518672,5945,False,1.0,0.0,-0.917431192660545
PS06_PERSISTENT_VS_ISOLATED_ACTIVITY,2026-06-09,1,5945,天龍製鋸,0.11866382046536092,5945,False,1.0,,
PS06_PERSISTENT_VS_ISOLATED_ACTIVITY,2026-06-10,1,6555,ＭＳコンサル,0.10249861276794728,6555,False,1.0,0.0,-1.388888888888884
PS06_PERSISTENT_VS_ISOLATED_ACTIVITY,2026-06-11,1,3920,アイビーシー,0.11483043476389153,3920,False,1.0,1.0,1.1316872427983515
PS06_PERSISTENT_VS_ISOLATED_ACTIVITY,2026-06-12,1,3920,アイビーシー,0.10520380421573407,3920,False,1.0,0.0,0.0
PS06_PERSISTENT_VS_ISOLATED_ACTIVITY,2026-06-15,1,3920,アイビーシー,0.10953950009428193,3920,False,1.0,1.0,1.5400410677617993
PS06_PERSISTENT_VS_ISOLATED_ACTIVITY,2026-06-16,1,3920,アイビーシー,0.11462452650034541,3920,False,1.0,0.0,-1.0030090270812475
PS06_PERSISTENT_VS_ISOLATED_ACTIVITY,2026-06-17,1,3920,アイビーシー,0.11316929902925275,3920,False,1.0,1.0,1.1178861788617933
PS06_PERSISTENT_VS_ISOLATED_ACTIVITY,2026-06-18,1,4351,山田債権,0.12452510825314947,4351,False,1.0,0.0,-0.624349635796051
PS06_PERSISTENT_VS_ISOLATED_ACTIVITY,2026-06-19,1,2376,サイネックス,0.1340576101060861,2376,False,1.0,1.0,1.388888888888884
PS06_PERSISTENT_VS_ISOLATED_ACTIVITY,2026-06-22,1,7043,Ｇ－アルー,0.13323085692950323,7043,False,1.0,0.0,-0.5733944954128489
PS06_PERSISTENT_VS_ISOLATED_ACTIVITY,2026-06-23,1,7043,Ｇ－アルー,0.14671053943089718,7043,False,1.0,1.0,3.7209302325581506
PS06_PERSISTENT_VS_ISOLATED_ACTIVITY,2026-06-24,1,4351,山田債権,0.14098482437021875,4351,False,1.0,0.0,-1.565762004175364
PS06_PERSISTENT_VS_ISOLATED_ACTIVITY,2026-06-25,1,7091,Ｇ－ＬＰＦ,0.1343966246773442,7091,False,1.0,1.0,0.08354218880535225
PS06_PERSISTENT_VS_ISOLATED_ACTIVITY,2026-06-26,1,7091,Ｇ－ＬＰＦ,0.14102969325995598,7091,False,1.0,1.0,0.08347245409014992
PS06_PERSISTENT_VS_ISOLATED_ACTIVITY,2026-06-29,1,7091,Ｇ－ＬＰＦ,0.1327058039954089,7091,False,1.0,1.0,1.4273719563392184
PS06_PERSISTENT_VS_ISOLATED_ACTIVITY,2026-06-30,1,,,,,False,,,
PS06_PERSISTENT_VS_ISOLATED_ACTIVITY,2026-07-01,1,4196,ネオマーケ,0.12652928985474413,4196,False,1.0,0.0,-0.1767825574543358
PS06_PERSISTENT_VS_ISOLATED_ACTIVITY,2026-07-02,1,3417,大木ヘルスケア,0.13087617906915253,3417,False,1.0,0.0,-1.1413520632133412
PS06_PERSISTENT_VS_ISOLATED_ACTIVITY,2026-07-03,1,3417,大木ヘルスケア,0.1277249733134525,3417,False,1.0,1.0,1.513802315227064
PS06_PERSISTENT_VS_ISOLATED_ACTIVITY,2026-07-06,1,4196,ネオマーケ,0.14151718689674067,4196,False,1.0,1.0,0.1769911504424737
PS06_PERSISTENT_VS_ISOLATED_ACTIVITY,2026-07-07,1,4196,ネオマーケ,0.14062953137006237,4196,False,1.0,1.0,0.05889281507656108
PS06_PERSISTENT_VS_ISOLATED_ACTIVITY,2026-07-08,1,4196,ネオマーケ,0.13826841245720162,4196,False,1.0,1.0,1.0119047619047583
PS06_PERSISTENT_VS_ISOLATED_ACTIVITY,2026-07-09,1,4196,ネオマーケ,0.15010933108866306,4196,False,1.0,1.0,0.5934718100890191
PS06_PERSISTENT_VS_ISOLATED_ACTIVITY,2026-07-10,1,4196,ネオマーケ,0.13983109034537267,4196,False,1.0,1.0,0.11799410029498247
PS06_PERSISTENT_VS_ISOLATED_ACTIVITY,2026-07-13,1,4196,ネオマーケ,0.1333287781154156,4196,False,1.0,0.0,0.0
PS06_PERSISTENT_VS_ISOLATED_ACTIVITY,2026-07-14,1,4196,ネオマーケ,0.12835704325137162,4196,False,1.0,1.0,0.5334914048606976
PS06_PERSISTENT_VS_ISOLATED_ACTIVITY,2026-07-15,1,4196,ネオマーケ,0.13343523227730023,4196,False,1.0,0.0,-0.6485849056603765
PS06_PERSISTENT_VS_ISOLATED_ACTIVITY,2026-07-16,1,4196,ネオマーケ,0.148211611523435,4196,False,1.0,0.0,-0.11834319526626835
PS06_PERSISTENT_VS_ISOLATED_ACTIVITY,2026-07-17,1,4196,ネオマーケ,0.13053720371816632,4196,False,1.0,0.0,-0.11848341232227888
PS06_PERSISTENT_VS_ISOLATED_ACTIVITY,2026-07-21,1,4196,ネオマーケ,0.10960674491198444,4196,False,1.0,0.0,-0.17709563164108877
PS06_PERSISTENT_VS_ISOLATED_ACTIVITY,2026-07-22,1,3920,アイビーシー,0.12657278942084096,3920,False,1.0,0.0,-1.3052208835341417
PS06_PERSISTENT_VS_ISOLATED_ACTIVITY,2026-07-23,1,3920,アイビーシー,0.14334567434278037,3920,False,1.0,1.0,0.3030303030302939
PS06_PERSISTENT_VS_ISOLATED_ACTIVITY,2026-07-24,1,2413,エムスリー,0.10290258882661253,2413,False,1.0,1.0,0.9428729894620069
PS06_PERSISTENT_VS_ISOLATED_ACTIVITY,2026-07-27,1,228A,Ｇ－オプロ,0.10777533311778215,228A,False,1.0,1.0,1.0598503740648413
RPY04_RETURN_PER_TURNOVER_REVERSAL,2026-04-01,1,7360,Ｇ－オンデック,1.0,7360,False,1.0,1.0,0.1310615989515096
RPY04_RETURN_PER_TURNOVER_REVERSAL,2026-04-02,1,4178,Ｇ－Ｓイノベーション,1.0,4178,False,1.0,1.0,3.3582089552238736
RPY04_RETURN_PER_TURNOVER_REVERSAL,2026-04-03,1,4057,Ｇ－インタファクトリ,1.0,4057,False,1.0,0.0,-1.7721518987341756
RPY04_RETURN_PER_TURNOVER_REVERSAL,2026-04-06,1,4057,Ｇ－インタファクトリ,1.0,4057,False,1.0,0.0,-0.512820512820511
RPY04_RETURN_PER_TURNOVER_REVERSAL,2026-04-07,1,4057,Ｇ－インタファクトリ,1.0,4057,False,1.0,0.0,-0.512820512820511
RPY04_RETURN_PER_TURNOVER_REVERSAL,2026-04-08,1,4057,Ｇ－インタファクトリ,1.0,4057,False,1.0,0.0,-0.2557544757033292
RPY04_RETURN_PER_TURNOVER_REVERSAL,2026-04-09,1,4057,Ｇ－インタファクトリ,1.0,4057,False,1.0,0.0,-0.5089058524173073
RPY04_RETURN_PER_TURNOVER_REVERSAL,2026-04-10,1,4735,京進,1.0,4735,False,1.0,1.0,25.161290322580655
RPY04_RETURN_PER_TURNOVER_REVERSAL,2026-04-13,1,4735,京進,1.0,4735,False,1.0,0.0,-2.777777777777779
RPY04_RETURN_PER_TURNOVER_REVERSAL,2026-04-14,1,8143,ラピーヌ,0.9984508133230054,8143,False,1.0,0.0,-1.025641025641022
RPY04_RETURN_PER_TURNOVER_REVERSAL,2026-04-15,1,8143,ラピーヌ,0.9984496124031008,8143,False,1.0,0.0,0.0
RPY04_RETURN_PER_TURNOVER_REVERSAL,2026-04-16,1,8143,ラピーヌ,0.9984520123839009,8143,False,1.0,1.0,1.0526315789473717
RPY04_RETURN_PER_TURNOVER_REVERSAL,2026-04-17,1,9539,京葉瓦斯,1.0,9539,False,1.0,0.0,-0.936768149882905
RPY04_RETURN_PER_TURNOVER_REVERSAL,2026-04-20,1,7363,Ｇ－ベビーカレンダー,1.0,7363,False,1.0,0.0,0.0
RPY04_RETURN_PER_TURNOVER_REVERSAL,2026-04-21,1,7074,Ｇ－２４７ＨＤ,1.0,7074,False,1.0,1.0,1.4925373134328401
RPY04_RETURN_PER_TURNOVER_REVERSAL,2026-04-22,1,5035,Ｇ－ＨＯＵＳＥＩ,1.0,5035,False,1.0,1.0,1.4888337468982549
RPY04_RETURN_PER_TURNOVER_REVERSAL,2026-04-23,1,7422,東邦レマック,1.0,7422,False,1.0,1.0,3.2019704433497553
RPY04_RETURN_PER_TURNOVER_REVERSAL,2026-04-24,1,7422,東邦レマック,1.0,7422,False,1.0,0.0,-0.47281323877068626
RPY04_RETURN_PER_TURNOVER_REVERSAL,2026-04-27,1,184A,Ｇ－学びエイド,1.0,184A,False,1.0,1.0,0.5730659025787954
RPY04_RETURN_PER_TURNOVER_REVERSAL,2026-04-28,1,150A,Ｇ－ＪＳＨ,1.0,150A,False,1.0,1.0,2.216066481994461
RPY04_RETURN_PER_TURNOVER_REVERSAL,2026-04-30,1,9816,ストライダーズ,1.0,9816,False,1.0,0.0,-0.3144654088050314
RPY04_RETURN_PER_TURNOVER_REVERSAL,2026-05-01,1,7042,アクセスグループ,1.0,7042,False,1.0,0.0,-2.0967741935483897
RPY04_RETURN_PER_TURNOVER_REVERSAL,2026-05-07,1,9253,Ｇ－スローガン,1.0,9253,False,1.0,0.0,-1.5132408575031508
RPY04_RETURN_PER_TURNOVER_REVERSAL,2026-05-08,1,9253,Ｇ－スローガン,1.0,9253,False,1.0,1.0,0.25706940874035134
RPY04_RETURN_PER_TURNOVER_REVERSAL,2026-05-11,1,9253,Ｇ－スローガン,1.0,9253,False,1.0,0.0,-1.546391752577314
RPY04_RETURN_PER_TURNOVER_REVERSAL,2026-05-12,1,9253,Ｇ－スローガン,1.0,9253,False,1.0,1.0,0.1315789473684159
RPY04_RETURN_PER_TURNOVER_REVERSAL,2026-05-13,1,9253,Ｇ－スローガン,1.0,9253,False,1.0,0.0,0.0
RPY04_RETURN_PER_TURNOVER_REVERSAL,2026-05-14,1,4370,Ｇ－モビルス,1.0,4370,False,1.0,0.0,-1.5974440894568676
RPY04_RETURN_PER_TURNOVER_REVERSAL,2026-05-15,1,4370,Ｇ－モビルス,1.0,4370,False,1.0,0.0,0.0
RPY04_RETURN_PER_TURNOVER_REVERSAL,2026-05-18,1,9445,Ｆテレコム,1.0,9445,False,1.0,0.0,0.0
RPY04_RETURN_PER_TURNOVER_REVERSAL,2026-05-19,1,9445,Ｆテレコム,1.0,9445,False,1.0,1.0,1.0791366906474753
RPY04_RETURN_PER_TURNOVER_REVERSAL,2026-05-20,1,4370,Ｇ－モビルス,1.0,4370,False,1.0,1.0,10.963455149501655
RPY04_RETURN_PER_TURNOVER_REVERSAL,2026-05-21,1,143A,Ｇ－イシン,1.0,143A,False,1.0,0.0,-0.9887005649717562
RPY04_RETURN_PER_TURNOVER_REVERSAL,2026-05-22,1,143A,Ｇ－イシン,1.0,143A,False,1.0,1.0,0.43041606886657924
RPY04_RETURN_PER_TURNOVER_REVERSAL,2026-05-25,1,143A,Ｇ－イシン,1.0,143A,False,1.0,1.0,0.4285714285714226
RPY04_RETURN_PER_TURNOVER_REVERSAL,2026-05-26,1,4920,日本色材,1.0,4920,False,1.0,0.0,-0.5263157894736858
RPY04_RETURN_PER_TURNOVER_REVERSAL,2026-05-27,1,4920,日本色材,1.0,4920,False,1.0,1.0,2.123893805309729
RPY04_RETURN_PER_TURNOVER_REVERSAL,2026-05-28,1,7217,テイン,1.0,7217,False,1.0,1.0,0.44943820224718767
RPY04_RETURN_PER_TURNOVER_REVERSAL,2026-05-29,1,5974,中国工,1.0,5974,False,1.0,1.0,0.5256241787122251
RPY04_RETURN_PER_TURNOVER_REVERSAL,2026-06-01,1,5974,中国工,1.0,5974,False,1.0,0.0,0.0
RPY04_RETURN_PER_TURNOVER_REVERSAL,2026-06-02,1,5974,中国工,1.0,5974,False,1.0,0.0,0.0
RPY04_RETURN_PER_TURNOVER_REVERSAL,2026-06-03,1,3224,Ｇ－Ｇオイスター,1.0,3224,False,1.0,0.0,-0.2666666666666706
RPY04_RETURN_PER_TURNOVER_REVERSAL,2026-06-04,1,4059,まぐまぐ,1.0,4059,False,1.0,1.0,0.8196721311475308
RPY04_RETURN_PER_TURNOVER_REVERSAL,2026-06-05,1,4059,まぐまぐ,1.0,4059,False,1.0,1.0,1.0869565217391353
RPY04_RETURN_PER_TURNOVER_REVERSAL,2026-06-08,1,5025,Ｇ－マーキュリー,1.0,5025,False,1.0,0.0,-0.9302325581395321
RPY04_RETURN_PER_TURNOVER_REVERSAL,2026-06-09,1,4059,まぐまぐ,1.0,4059,False,1.0,1.0,1.0869565217391353
RPY04_RETURN_PER_TURNOVER_REVERSAL,2026-06-10,1,4059,まぐまぐ,1.0,4059,False,1.0,0.0,-2.6881720430107503
RPY04_RETURN_PER_TURNOVER_REVERSAL,2026-06-11,1,7031,Ｇ－インバウンド,1.0,7031,False,1.0,1.0,0.4918032786885185
RPY04_RETURN_PER_TURNOVER_REVERSAL,2026-06-12,1,9225,Ｇ－ブリッジコンサル,1.0,9225,False,1.0,1.0,1.4830508474576343
RPY04_RETURN_PER_TURNOVER_REVERSAL,2026-06-15,1,4073,Ｇ－ジィ・シィ企画,1.0,4073,False,1.0,0.0,-0.7009345794392496
RPY04_RETURN_PER_TURNOVER_REVERSAL,2026-06-16,1,4073,Ｇ－ジィ・シィ企画,1.0,4073,False,1.0,0.0,-0.47058823529412264
RPY04_RETURN_PER_TURNOVER_REVERSAL,2026-06-17,1,8045,横浜丸魚,1.0,8045,False,1.0,1.0,0.588235294117645
RPY04_RETURN_PER_TURNOVER_REVERSAL,2026-06-18,1,5138,Ｇ－Ｒｅｂａｓｅ,1.0,5138,False,1.0,0.0,0.0
RPY04_RETURN_PER_TURNOVER_REVERSAL,2026-06-19,1,4416,Ｇ－ＴｒｕｅＤａｔａ,1.0,4416,False,1.0,1.0,1.228501228501222
RPY04_RETURN_PER_TURNOVER_REVERSAL,2026-06-22,1,7090,Ｇ－リグア,1.0,7090,False,1.0,0.0,-6.57476139978791
RPY04_RETURN_PER_TURNOVER_REVERSAL,2026-06-23,1,7946,光陽社,0.9994082840236687,7946,False,1.0,0.0,-3.8147138964577665
RPY04_RETURN_PER_TURNOVER_REVERSAL,2026-06-24,1,7946,光陽社,1.0,7946,False,1.0,1.0,1.671309192200554
RPY04_RETURN_PER_TURNOVER_REVERSAL,2026-06-25,1,4073,Ｇ－ジィ・シィ企画,0.9994065281899109,4073,False,1.0,1.0,2.644230769230771
RPY04_RETURN_PER_TURNOVER_REVERSAL,2026-06-26,1,7524,マルシェ,1.0,7524,False,1.0,0.0,-1.6483516483516536
RPY04_RETURN_PER_TURNOVER_REVERSAL,2026-06-29,1,7524,マルシェ,0.9994300370475919,7524,False,1.0,0.0,0.0
RPY04_RETURN_PER_TURNOVER_REVERSAL,2026-06-30,1,,,,,False,,,
RPY04_RETURN_PER_TURNOVER_REVERSAL,2026-07-01,1,7524,マルシェ,0.999291031549096,7524,False,1.0,1.0,2.2222222222222143
RPY04_RETURN_PER_TURNOVER_REVERSAL,2026-07-02,1,7524,マルシェ,1.0,7524,False,1.0,0.0,-0.540540540540535
RPY04_RETURN_PER_TURNOVER_REVERSAL,2026-07-03,1,9236,Ｇ－ジャパンＭ＆Ａ,0.9992902767920511,9236,False,1.0,1.0,2.3976023976024052
RPY04_RETURN_PER_TURNOVER_REVERSAL,2026-07-06,1,8025,ツカモト,1.0,8025,False,1.0,0.0,-2.431372549019606
RPY04_RETURN_PER_TURNOVER_REVERSAL,2026-07-07,1,3804,システム ディ,1.0,3804,False,1.0,1.0,0.23255813953488857
RPY04_RETURN_PER_TURNOVER_REVERSAL,2026-07-08,1,3804,システム ディ,1.0,3804,False,1.0,1.0,0.9280742459396807
RPY04_RETURN_PER_TURNOVER_REVERSAL,2026-07-09,1,3804,システム ディ,1.0,3804,False,1.0,1.0,0.9132420091324311
RPY04_RETURN_PER_TURNOVER_REVERSAL,2026-07-10,1,3804,システム ディ,1.0,3804,False,1.0,0.0,-1.8099547511312264
RPY04_RETURN_PER_TURNOVER_REVERSAL,2026-07-13,1,3804,システム ディ,1.0,3804,False,1.0,1.0,0.4608294930875667
RPY04_RETURN_PER_TURNOVER_REVERSAL,2026-07-14,1,7851,カワセコンピュ,1.0,7851,False,1.0,1.0,1.1235955056179803
RPY04_RETURN_PER_TURNOVER_REVERSAL,2026-07-15,1,7851,カワセコンピュ,1.0,7851,False,1.0,1.0,6.214689265536721
RPY04_RETURN_PER_TURNOVER_REVERSAL,2026-07-16,1,7851,カワセコンピュ,1.0,7851,False,1.0,,
RPY04_RETURN_PER_TURNOVER_REVERSAL,2026-07-17,1,7985,ネポン,1.0,7985,False,1.0,0.0,0.0
RPY04_RETURN_PER_TURNOVER_REVERSAL,2026-07-21,1,7985,ネポン,0.9992877492877493,7985,False,1.0,0.0,-0.37974683544304
RPY04_RETURN_PER_TURNOVER_REVERSAL,2026-07-22,1,7985,ネポン,1.0,7985,False,1.0,0.0,0.0
RPY04_RETURN_PER_TURNOVER_REVERSAL,2026-07-23,1,9253,Ｇ－スローガン,0.9964374777342359,9253,False,1.0,,
RPY04_RETURN_PER_TURNOVER_REVERSAL,2026-07-24,1,3909,ショーケース,1.0,3909,False,1.0,1.0,0.4901960784313708
RPY04_RETURN_PER_TURNOVER_REVERSAL,2026-07-27,1,3909,ショーケース,1.0,3909,False,1.0,0.0,-0.497512437810943
RW08_EXACT_LOT_RELIABILITY_WEIGHT,2026-04-01,1,4627,ナトコ,0.1250404451314245,4627,False,1.0,1.0,2.7462686567164107
RW08_EXACT_LOT_RELIABILITY_WEIGHT,2026-04-02,1,7501,ティムコ,0.1069425596368401,7501,False,1.0,1.0,0.8849557522123908
RW08_EXACT_LOT_RELIABILITY_WEIGHT,2026-04-03,1,7501,ティムコ,0.111879674857359,7501,False,1.0,1.0,0.8728859792689558
RW08_EXACT_LOT_RELIABILITY_WEIGHT,2026-04-06,1,2481,タウンニュース,0.11695990112786048,2481,False,1.0,0.0,0.0
RW08_EXACT_LOT_RELIABILITY_WEIGHT,2026-04-07,1,7501,ティムコ,0.12921491748245176,7501,False,1.0,1.0,1.212440695835526
RW08_EXACT_LOT_RELIABILITY_WEIGHT,2026-04-08,1,2164,地域新聞社,0.13507925104601312,2164,False,1.0,1.0,0.3205128205128194
RW08_EXACT_LOT_RELIABILITY_WEIGHT,2026-04-09,1,4578,大塚ＨＤ,0.1252012231265876,4578,False,1.0,0.0,-2.0609318996415715
RW08_EXACT_LOT_RELIABILITY_WEIGHT,2026-04-10,1,9861,吉野家ＨＤ,0.11593211975401932,9861,False,1.0,1.0,0.23350846468184194
RW08_EXACT_LOT_RELIABILITY_WEIGHT,2026-04-13,1,2164,地域新聞社,0.1733227437651915,2164,False,1.0,1.0,5.537459283387625
RW08_EXACT_LOT_RELIABILITY_WEIGHT,2026-04-14,1,3087,ドトル日レス,0.11464375533135873,3087,False,1.0,0.0,-1.997968167964781
RW08_EXACT_LOT_RELIABILITY_WEIGHT,2026-04-15,1,3543,コメダ,0.11279112806099903,3543,False,1.0,1.0,1.9639934533551617
RW08_EXACT_LOT_RELIABILITY_WEIGHT,2026-04-16,1,5025,Ｇ－マーキュリー,0.11261873210328369,5025,False,1.0,0.0,-0.5594405594405605
RW08_EXACT_LOT_RELIABILITY_WEIGHT,2026-04-17,1,7501,ティムコ,0.12931889628699875,7501,False,1.0,0.0,-0.6207966890843242
RW08_EXACT_LOT_RELIABILITY_WEIGHT,2026-04-20,1,7501,ティムコ,0.116443867824151,7501,False,1.0,1.0,3.3609100310237894
RW08_EXACT_LOT_RELIABILITY_WEIGHT,2026-04-21,1,2164,地域新聞社,0.10995016617131612,2164,False,1.0,1.0,10.624999999999996
RW08_EXACT_LOT_RELIABILITY_WEIGHT,2026-04-22,1,7878,光・彩,0.11337287131722948,7878,False,1.0,0.0,-0.588235294117645
RW08_EXACT_LOT_RELIABILITY_WEIGHT,2026-04-23,1,6653,正興電機製作所,0.112646501679041,6653,False,1.0,0.0,-0.5451713395638658
RW08_EXACT_LOT_RELIABILITY_WEIGHT,2026-04-24,1,6653,正興電機製作所,0.11216354642891582,6653,False,1.0,0.0,-3.5589941972920647
RW08_EXACT_LOT_RELIABILITY_WEIGHT,2026-04-27,1,6653,正興電機製作所,0.1485205581172984,6653,False,1.0,0.0,-4.203625144620126
RW08_EXACT_LOT_RELIABILITY_WEIGHT,2026-04-28,1,7091,Ｇ－ＬＰＦ,0.12502440794888134,7091,False,1.0,1.0,2.2382094324540303
RW08_EXACT_LOT_RELIABILITY_WEIGHT,2026-04-30,1,7091,Ｇ－ＬＰＦ,0.13448880871939312,7091,False,1.0,1.0,0.7205764611689425
RW08_EXACT_LOT_RELIABILITY_WEIGHT,2026-05-01,1,7091,Ｇ－ＬＰＦ,0.13164266872286995,7091,False,1.0,1.0,1.3632718524458687
RW08_EXACT_LOT_RELIABILITY_WEIGHT,2026-05-07,1,7091,Ｇ－ＬＰＦ,0.13654858812510232,7091,False,1.0,0.0,-1.0292953285827355
RW08_EXACT_LOT_RELIABILITY_WEIGHT,2026-05-08,1,7091,Ｇ－ＬＰＦ,0.15061660985839842,7091,False,1.0,1.0,1.2057877813504758
RW08_EXACT_LOT_RELIABILITY_WEIGHT,2026-05-11,1,7091,Ｇ－ＬＰＦ,0.1323828768244987,7091,False,1.0,1.0,1.1914217633042012
RW08_EXACT_LOT_RELIABILITY_WEIGHT,2026-05-12,1,7192,日本モーゲージＳ,0.1221751048172924,7192,False,1.0,1.0,1.82724252491695
RW08_EXACT_LOT_RELIABILITY_WEIGHT,2026-05-13,1,7091,Ｇ－ＬＰＦ,0.11630625477749905,7091,False,1.0,1.0,1.1961722488038173
RW08_EXACT_LOT_RELIABILITY_WEIGHT,2026-05-14,1,7091,Ｇ－ＬＰＦ,0.11799460154410121,7091,False,1.0,1.0,0.07818608287724071
RW08_EXACT_LOT_RELIABILITY_WEIGHT,2026-05-15,1,4337,ぴあ,0.11691987798916627,4337,False,1.0,0.0,-5.733333333333334
RW08_EXACT_LOT_RELIABILITY_WEIGHT,2026-05-18,1,5033,Ｇ－ヌーラボ,0.12257214155191673,5033,False,1.0,0.0,-1.0294117647058787
RW08_EXACT_LOT_RELIABILITY_WEIGHT,2026-05-19,1,4492,ゼネテック,0.10239571318679298,4492,False,1.0,0.0,-2.849740932642486
RW08_EXACT_LOT_RELIABILITY_WEIGHT,2026-05-20,1,9331,Ｇ－キャスター,0.09922374053039025,9331,False,1.0,0.0,-0.5970149253731294
RW08_EXACT_LOT_RELIABILITY_WEIGHT,2026-05-21,1,3417,大木ヘルスケア,0.09031453554254139,3417,False,1.0,0.0,-1.073345259391767
RW08_EXACT_LOT_RELIABILITY_WEIGHT,2026-05-22,1,3920,アイビーシー,0.09825735432628574,3920,False,1.0,1.0,0.7049345417925457
RW08_EXACT_LOT_RELIABILITY_WEIGHT,2026-05-25,1,3920,アイビーシー,0.0984439226813526,3920,False,1.0,0.0,-0.10000000000000009
RW08_EXACT_LOT_RELIABILITY_WEIGHT,2026-05-26,1,9082,大和自交,0.09446353004196376,9082,False,1.0,1.0,0.5524861878453136
RW08_EXACT_LOT_RELIABILITY_WEIGHT,2026-05-27,1,7501,ティムコ,0.09988118745335928,7501,False,1.0,0.0,-5.233380480905236
RW08_EXACT_LOT_RELIABILITY_WEIGHT,2026-05-28,1,8742,小林洋行,0.09822658999648479,8742,False,1.0,0.0,-0.18115942028985588
RW08_EXACT_LOT_RELIABILITY_WEIGHT,2026-05-29,1,8742,小林洋行,0.09614100512019098,8742,False,1.0,1.0,0.727272727272732
RW08_EXACT_LOT_RELIABILITY_WEIGHT,2026-06-01,1,4391,Ｇ－ロジザード,0.08935969565075948,4391,False,1.0,0.0,-1.188299817184646
RW08_EXACT_LOT_RELIABILITY_WEIGHT,2026-06-02,1,2503,キリンＨＤ,0.08528715441076108,2503,False,1.0,1.0,0.663414634146342
RW08_EXACT_LOT_RELIABILITY_WEIGHT,2026-06-03,1,4777,ガーラ,0.08602462106016841,4777,False,1.0,0.0,-0.497512437810943
RW08_EXACT_LOT_RELIABILITY_WEIGHT,2026-06-04,1,2531,宝ＨＬＤ,0.1040554627062271,2531,False,1.0,1.0,2.4653674571495587
RW08_EXACT_LOT_RELIABILITY_WEIGHT,2026-06-05,1,9082,大和自交,0.10435310690652445,9082,False,1.0,,
RW08_EXACT_LOT_RELIABILITY_WEIGHT,2026-06-08,1,5945,天龍製鋸,0.09040543906531663,5945,False,1.0,0.0,-0.917431192660545
RW08_EXACT_LOT_RELIABILITY_WEIGHT,2026-06-09,1,5945,天龍製鋸,0.10794673027178721,5945,False,1.0,,
RW08_EXACT_LOT_RELIABILITY_WEIGHT,2026-06-10,1,9468,ＫＡＤＯＫＡＷＡ,0.08886835209188908,9468,False,1.0,1.0,0.03060912151822137
RW08_EXACT_LOT_RELIABILITY_WEIGHT,2026-06-11,1,5334,日特殊陶,0.09401647400618796,5334,False,1.0,1.0,2.7150259067357574
RW08_EXACT_LOT_RELIABILITY_WEIGHT,2026-06-12,1,3920,アイビーシー,0.09508694621093147,3920,False,1.0,0.0,0.0
RW08_EXACT_LOT_RELIABILITY_WEIGHT,2026-06-15,1,3920,アイビーシー,0.09683673492951284,3920,False,1.0,1.0,1.5400410677617993
RW08_EXACT_LOT_RELIABILITY_WEIGHT,2026-06-16,1,9468,ＫＡＤＯＫＡＷＡ,0.09989899385824666,9468,False,1.0,0.0,-1.0506208213944657
RW08_EXACT_LOT_RELIABILITY_WEIGHT,2026-06-17,1,4351,山田債権,0.10488959781112629,4351,False,1.0,0.0,-0.8255933952528327
RW08_EXACT_LOT_RELIABILITY_WEIGHT,2026-06-18,1,4351,山田債権,0.118359151507109,4351,False,1.0,0.0,-0.624349635796051
RW08_EXACT_LOT_RELIABILITY_WEIGHT,2026-06-19,1,7043,Ｇ－アルー,0.11540210901636208,7043,False,1.0,1.0,0.6872852233676952
RW08_EXACT_LOT_RELIABILITY_WEIGHT,2026-06-22,1,7043,Ｇ－アルー,0.11185951084475033,7043,False,1.0,0.0,-0.5733944954128489
RW08_EXACT_LOT_RELIABILITY_WEIGHT,2026-06-23,1,7043,Ｇ－アルー,0.1184054285369775,7043,False,1.0,1.0,3.7209302325581506
RW08_EXACT_LOT_RELIABILITY_WEIGHT,2026-06-24,1,4351,山田債権,0.12575211298769814,4351,False,1.0,0.0,-1.565762004175364
RW08_EXACT_LOT_RELIABILITY_WEIGHT,2026-06-25,1,7091,Ｇ－ＬＰＦ,0.1141947711064048,7091,False,1.0,1.0,0.08354218880535225
RW08_EXACT_LOT_RELIABILITY_WEIGHT,2026-06-26,1,7091,Ｇ－ＬＰＦ,0.12314426886534922,7091,False,1.0,1.0,0.08347245409014992
RW08_EXACT_LOT_RELIABILITY_WEIGHT,2026-06-29,1,7091,Ｇ－ＬＰＦ,0.11556580282383112,7091,False,1.0,1.0,1.4273719563392184
RW08_EXACT_LOT_RELIABILITY_WEIGHT,2026-06-30,1,,,,,False,,,
RW08_EXACT_LOT_RELIABILITY_WEIGHT,2026-07-01,1,7091,Ｇ－ＬＰＦ,0.11884828810455328,7091,False,1.0,0.0,-0.24772914946324942
RW08_EXACT_LOT_RELIABILITY_WEIGHT,2026-07-02,1,3417,大木ヘルスケア,0.12038867830473582,3417,False,1.0,0.0,-1.1413520632133412
RW08_EXACT_LOT_RELIABILITY_WEIGHT,2026-07-03,1,3417,大木ヘルスケア,0.12182604310289537,3417,False,1.0,1.0,1.513802315227064
RW08_EXACT_LOT_RELIABILITY_WEIGHT,2026-07-06,1,4196,ネオマーケ,0.12639646299335833,4196,False,1.0,1.0,0.1769911504424737
RW08_EXACT_LOT_RELIABILITY_WEIGHT,2026-07-07,1,4196,ネオマーケ,0.13027549581409015,4196,False,1.0,1.0,0.05889281507656108
RW08_EXACT_LOT_RELIABILITY_WEIGHT,2026-07-08,1,4196,ネオマーケ,0.13521067743491305,4196,False,1.0,1.0,1.0119047619047583
RW08_EXACT_LOT_RELIABILITY_WEIGHT,2026-07-09,1,4196,ネオマーケ,0.13434152916990078,4196,False,1.0,1.0,0.5934718100890191
RW08_EXACT_LOT_RELIABILITY_WEIGHT,2026-07-10,1,4196,ネオマーケ,0.1355191909806536,4196,False,1.0,1.0,0.11799410029498247
RW08_EXACT_LOT_RELIABILITY_WEIGHT,2026-07-13,1,4196,ネオマーケ,0.13327105880701684,4196,False,1.0,0.0,0.0
RW08_EXACT_LOT_RELIABILITY_WEIGHT,2026-07-14,1,4196,ネオマーケ,0.12185529776899942,4196,False,1.0,1.0,0.5334914048606976
RW08_EXACT_LOT_RELIABILITY_WEIGHT,2026-07-15,1,4196,ネオマーケ,0.12933842000424742,4196,False,1.0,0.0,-0.6485849056603765
RW08_EXACT_LOT_RELIABILITY_WEIGHT,2026-07-16,1,4196,ネオマーケ,0.1412080043676927,4196,False,1.0,0.0,-0.11834319526626835
RW08_EXACT_LOT_RELIABILITY_WEIGHT,2026-07-17,1,4196,ネオマーケ,0.1266446799119887,4196,False,1.0,0.0,-0.11848341232227888
RW08_EXACT_LOT_RELIABILITY_WEIGHT,2026-07-21,1,4196,ネオマーケ,0.10794605457292913,4196,False,1.0,0.0,-0.17709563164108877
RW08_EXACT_LOT_RELIABILITY_WEIGHT,2026-07-22,1,4196,ネオマーケ,0.11582383579303453,4196,False,1.0,1.0,0.8343265792610355
RW08_EXACT_LOT_RELIABILITY_WEIGHT,2026-07-23,1,3920,アイビーシー,0.12020167203909723,3920,False,1.0,1.0,0.3030303030302939
RW08_EXACT_LOT_RELIABILITY_WEIGHT,2026-07-24,1,6096,レアジョブ,0.10498448813581582,6096,False,1.0,0.0,-2.0050125313283207
RW08_EXACT_LOT_RELIABILITY_WEIGHT,2026-07-27,1,3920,アイビーシー,0.10518511855756364,3920,False,1.0,1.0,0.8072653884964698
TW02_TURNOVER_WEIGHTED_PRICE_MEMORY,2026-04-01,1,4627,ナトコ,0.1272315202708538,4627,False,1.0,1.0,2.7462686567164107
TW02_TURNOVER_WEIGHTED_PRICE_MEMORY,2026-04-02,1,9702,アイエスビー,0.1057911611642532,9702,False,1.0,0.0,-0.5025125628140725
TW02_TURNOVER_WEIGHTED_PRICE_MEMORY,2026-04-03,1,3449,テクノフレックス,0.11555420173559795,3449,False,1.0,1.0,0.43807248108322927
TW02_TURNOVER_WEIGHTED_PRICE_MEMORY,2026-04-06,1,2481,タウンニュース,0.12082018567574175,2481,False,1.0,0.0,0.0
TW02_TURNOVER_WEIGHTED_PRICE_MEMORY,2026-04-07,1,7501,ティムコ,0.12364344038551374,7501,False,1.0,1.0,1.212440695835526
TW02_TURNOVER_WEIGHTED_PRICE_MEMORY,2026-04-08,1,2164,地域新聞社,0.14063012402433164,2164,False,1.0,1.0,0.3205128205128194
TW02_TURNOVER_WEIGHTED_PRICE_MEMORY,2026-04-09,1,4578,大塚ＨＤ,0.13281118965792382,4578,False,1.0,0.0,-2.0609318996415715
TW02_TURNOVER_WEIGHTED_PRICE_MEMORY,2026-04-10,1,3948,光ビジネス,0.12684323205179399,3948,False,1.0,0.0,-0.33783783783783994
TW02_TURNOVER_WEIGHTED_PRICE_MEMORY,2026-04-13,1,2164,地域新聞社,0.1812383325492589,2164,False,1.0,1.0,5.537459283387625
TW02_TURNOVER_WEIGHTED_PRICE_MEMORY,2026-04-14,1,3087,ドトル日レス,0.12101445851956213,3087,False,1.0,0.0,-1.997968167964781
TW02_TURNOVER_WEIGHTED_PRICE_MEMORY,2026-04-15,1,3543,コメダ,0.11553106907526085,3543,False,1.0,1.0,1.9639934533551617
TW02_TURNOVER_WEIGHTED_PRICE_MEMORY,2026-04-16,1,2345,ＨＯＤＬ１,0.123920439347658,2345,False,1.0,1.0,1.1857707509881354
TW02_TURNOVER_WEIGHTED_PRICE_MEMORY,2026-04-17,1,7501,ティムコ,0.14068685870707945,7501,False,1.0,0.0,-0.6207966890843242
TW02_TURNOVER_WEIGHTED_PRICE_MEMORY,2026-04-20,1,7501,ティムコ,0.12401584276207503,7501,False,1.0,1.0,3.3609100310237894
TW02_TURNOVER_WEIGHTED_PRICE_MEMORY,2026-04-21,1,2164,地域新聞社,0.12517227684497895,2164,False,1.0,1.0,10.624999999999996
TW02_TURNOVER_WEIGHTED_PRICE_MEMORY,2026-04-22,1,7878,光・彩,0.1153962196816848,7878,False,1.0,0.0,-0.588235294117645
TW02_TURNOVER_WEIGHTED_PRICE_MEMORY,2026-04-23,1,6653,正興電機製作所,0.10631918930218735,6653,False,1.0,0.0,-0.5451713395638658
TW02_TURNOVER_WEIGHTED_PRICE_MEMORY,2026-04-24,1,6653,正興電機製作所,0.1295026076375014,6653,False,1.0,0.0,-3.5589941972920647
TW02_TURNOVER_WEIGHTED_PRICE_MEMORY,2026-04-27,1,6653,正興電機製作所,0.1596878670811963,6653,False,1.0,0.0,-4.203625144620126
TW02_TURNOVER_WEIGHTED_PRICE_MEMORY,2026-04-28,1,7091,Ｇ－ＬＰＦ,0.12715464836537707,7091,False,1.0,1.0,2.2382094324540303
TW02_TURNOVER_WEIGHTED_PRICE_MEMORY,2026-04-30,1,7091,Ｇ－ＬＰＦ,0.14619129018586371,7091,False,1.0,1.0,0.7205764611689425
TW02_TURNOVER_WEIGHTED_PRICE_MEMORY,2026-05-01,1,7091,Ｇ－ＬＰＦ,0.14921956598930045,7091,False,1.0,1.0,1.3632718524458687
TW02_TURNOVER_WEIGHTED_PRICE_MEMORY,2026-05-07,1,7091,Ｇ－ＬＰＦ,0.14977302050274488,7091,False,1.0,0.0,-1.0292953285827355
TW02_TURNOVER_WEIGHTED_PRICE_MEMORY,2026-05-08,1,7091,Ｇ－ＬＰＦ,0.16795567506976358,7091,False,1.0,1.0,1.2057877813504758
TW02_TURNOVER_WEIGHTED_PRICE_MEMORY,2026-05-11,1,7091,Ｇ－ＬＰＦ,0.14889961599933882,7091,False,1.0,1.0,1.1914217633042012
TW02_TURNOVER_WEIGHTED_PRICE_MEMORY,2026-05-12,1,7091,Ｇ－ＬＰＦ,0.12952525703803902,7091,False,1.0,0.0,-0.23529411764705577
TW02_TURNOVER_WEIGHTED_PRICE_MEMORY,2026-05-13,1,7091,Ｇ－ＬＰＦ,0.12174858686442495,7091,False,1.0,1.0,1.1961722488038173
TW02_TURNOVER_WEIGHTED_PRICE_MEMORY,2026-05-14,1,7091,Ｇ－ＬＰＦ,0.1289742803728432,7091,False,1.0,1.0,0.07818608287724071
TW02_TURNOVER_WEIGHTED_PRICE_MEMORY,2026-05-15,1,7361,Ｇ－ＨＣＨ,0.11328987774263655,7361,False,1.0,1.0,1.1433597185576128
TW02_TURNOVER_WEIGHTED_PRICE_MEMORY,2026-05-18,1,5033,Ｇ－ヌーラボ,0.12617768000158103,5033,False,1.0,0.0,-1.0294117647058787
TW02_TURNOVER_WEIGHTED_PRICE_MEMORY,2026-05-19,1,7091,Ｇ－ＬＰＦ,0.13223189647817468,7091,False,1.0,1.0,8.305084745762702
TW02_TURNOVER_WEIGHTED_PRICE_MEMORY,2026-05-20,1,9913,日邦産業,0.12691779576679435,9913,False,1.0,0.0,-3.012912482065999
TW02_TURNOVER_WEIGHTED_PRICE_MEMORY,2026-05-21,1,3417,大木ヘルスケア,0.10760605677958658,3417,False,1.0,0.0,-1.073345259391767
TW02_TURNOVER_WEIGHTED_PRICE_MEMORY,2026-05-22,1,3920,アイビーシー,0.10368554668690272,3920,False,1.0,1.0,0.7049345417925457
TW02_TURNOVER_WEIGHTED_PRICE_MEMORY,2026-05-25,1,3920,アイビーシー,0.10736146851994244,3920,False,1.0,0.0,-0.10000000000000009
TW02_TURNOVER_WEIGHTED_PRICE_MEMORY,2026-05-26,1,9082,大和自交,0.11360263131835821,9082,False,1.0,1.0,0.5524861878453136
TW02_TURNOVER_WEIGHTED_PRICE_MEMORY,2026-05-27,1,8260,井筒屋,0.11888075173934347,8260,False,1.0,1.0,1.5424164524421524
TW02_TURNOVER_WEIGHTED_PRICE_MEMORY,2026-05-28,1,8742,小林洋行,0.11074968272318998,8742,False,1.0,0.0,-0.18115942028985588
TW02_TURNOVER_WEIGHTED_PRICE_MEMORY,2026-05-29,1,8742,小林洋行,0.10903876090200115,8742,False,1.0,1.0,0.727272727272732
TW02_TURNOVER_WEIGHTED_PRICE_MEMORY,2026-06-01,1,3988,ＳＹＳＨＤ,0.10002921665535808,3988,False,1.0,0.0,-0.917431192660545
TW02_TURNOVER_WEIGHTED_PRICE_MEMORY,2026-06-02,1,2503,キリンＨＤ,0.09844863794300839,2503,False,1.0,1.0,0.663414634146342
TW02_TURNOVER_WEIGHTED_PRICE_MEMORY,2026-06-03,1,4777,ガーラ,0.09831609055664985,4777,False,1.0,0.0,-0.497512437810943
TW02_TURNOVER_WEIGHTED_PRICE_MEMORY,2026-06-04,1,2531,宝ＨＬＤ,0.11178965132916673,2531,False,1.0,1.0,2.4653674571495587
TW02_TURNOVER_WEIGHTED_PRICE_MEMORY,2026-06-05,1,9082,大和自交,0.11748081287074252,9082,False,1.0,,
TW02_TURNOVER_WEIGHTED_PRICE_MEMORY,2026-06-08,1,5945,天龍製鋸,0.09641912471880168,5945,False,1.0,0.0,-0.917431192660545
TW02_TURNOVER_WEIGHTED_PRICE_MEMORY,2026-06-09,1,5945,天龍製鋸,0.1161672381021153,5945,False,1.0,,
TW02_TURNOVER_WEIGHTED_PRICE_MEMORY,2026-06-10,1,6555,ＭＳコンサル,0.09784923244214666,6555,False,1.0,0.0,-1.388888888888884
TW02_TURNOVER_WEIGHTED_PRICE_MEMORY,2026-06-11,1,3920,アイビーシー,0.10799786016614643,3920,False,1.0,1.0,1.1316872427983515
TW02_TURNOVER_WEIGHTED_PRICE_MEMORY,2026-06-12,1,3920,アイビーシー,0.10813494035457193,3920,False,1.0,0.0,0.0
TW02_TURNOVER_WEIGHTED_PRICE_MEMORY,2026-06-15,1,3920,アイビーシー,0.10540902874812477,3920,False,1.0,1.0,1.5400410677617993
TW02_TURNOVER_WEIGHTED_PRICE_MEMORY,2026-06-16,1,9468,ＫＡＤＯＫＡＷＡ,0.10911094263660549,9468,False,1.0,0.0,-1.0506208213944657
TW02_TURNOVER_WEIGHTED_PRICE_MEMORY,2026-06-17,1,4351,山田債権,0.1071891345269589,4351,False,1.0,0.0,-0.8255933952528327
TW02_TURNOVER_WEIGHTED_PRICE_MEMORY,2026-06-18,1,4351,山田債権,0.13051758791957055,4351,False,1.0,0.0,-0.624349635796051
TW02_TURNOVER_WEIGHTED_PRICE_MEMORY,2026-06-19,1,7043,Ｇ－アルー,0.138572768810612,7043,False,1.0,1.0,0.6872852233676952
TW02_TURNOVER_WEIGHTED_PRICE_MEMORY,2026-06-22,1,7043,Ｇ－アルー,0.14026042850814768,7043,False,1.0,0.0,-0.5733944954128489
TW02_TURNOVER_WEIGHTED_PRICE_MEMORY,2026-06-23,1,7043,Ｇ－アルー,0.14313307790370441,7043,False,1.0,1.0,3.7209302325581506
TW02_TURNOVER_WEIGHTED_PRICE_MEMORY,2026-06-24,1,4351,山田債権,0.13805517850513763,4351,False,1.0,0.0,-1.565762004175364
TW02_TURNOVER_WEIGHTED_PRICE_MEMORY,2026-06-25,1,7091,Ｇ－ＬＰＦ,0.13426018509178736,7091,False,1.0,1.0,0.08354218880535225
TW02_TURNOVER_WEIGHTED_PRICE_MEMORY,2026-06-26,1,7091,Ｇ－ＬＰＦ,0.13811968861749688,7091,False,1.0,1.0,0.08347245409014992
TW02_TURNOVER_WEIGHTED_PRICE_MEMORY,2026-06-29,1,7091,Ｇ－ＬＰＦ,0.12883355492261755,7091,False,1.0,1.0,1.4273719563392184
TW02_TURNOVER_WEIGHTED_PRICE_MEMORY,2026-06-30,1,,,,,False,,,
TW02_TURNOVER_WEIGHTED_PRICE_MEMORY,2026-07-01,1,7091,Ｇ－ＬＰＦ,0.1290904927212947,7091,False,1.0,0.0,-0.24772914946324942
TW02_TURNOVER_WEIGHTED_PRICE_MEMORY,2026-07-02,1,3417,大木ヘルスケア,0.13250985162597742,3417,False,1.0,0.0,-1.1413520632133412
TW02_TURNOVER_WEIGHTED_PRICE_MEMORY,2026-07-03,1,3417,大木ヘルスケア,0.13338857873770604,3417,False,1.0,1.0,1.513802315227064
TW02_TURNOVER_WEIGHTED_PRICE_MEMORY,2026-07-06,1,4196,ネオマーケ,0.14358074186778225,4196,False,1.0,1.0,0.1769911504424737
TW02_TURNOVER_WEIGHTED_PRICE_MEMORY,2026-07-07,1,4196,ネオマーケ,0.1409224344890585,4196,False,1.0,1.0,0.05889281507656108
TW02_TURNOVER_WEIGHTED_PRICE_MEMORY,2026-07-08,1,4196,ネオマーケ,0.14261179751123285,4196,False,1.0,1.0,1.0119047619047583
TW02_TURNOVER_WEIGHTED_PRICE_MEMORY,2026-07-09,1,4196,ネオマーケ,0.14297600458947846,4196,False,1.0,1.0,0.5934718100890191
TW02_TURNOVER_WEIGHTED_PRICE_MEMORY,2026-07-10,1,4196,ネオマーケ,0.14196139146637637,4196,False,1.0,1.0,0.11799410029498247
TW02_TURNOVER_WEIGHTED_PRICE_MEMORY,2026-07-13,1,4196,ネオマーケ,0.13581907595856763,4196,False,1.0,0.0,0.0
TW02_TURNOVER_WEIGHTED_PRICE_MEMORY,2026-07-14,1,4196,ネオマーケ,0.1202115575931233,4196,False,1.0,1.0,0.5334914048606976
TW02_TURNOVER_WEIGHTED_PRICE_MEMORY,2026-07-15,1,4196,ネオマーケ,0.13164770897085049,4196,False,1.0,0.0,-0.6485849056603765
TW02_TURNOVER_WEIGHTED_PRICE_MEMORY,2026-07-16,1,4196,ネオマーケ,0.15078034948256405,4196,False,1.0,0.0,-0.11834319526626835
TW02_TURNOVER_WEIGHTED_PRICE_MEMORY,2026-07-17,1,4196,ネオマーケ,0.1321266294967879,4196,False,1.0,0.0,-0.11848341232227888
TW02_TURNOVER_WEIGHTED_PRICE_MEMORY,2026-07-21,1,3920,アイビーシー,0.11270197312412271,3920,False,1.0,1.0,1.7453798767967044
TW02_TURNOVER_WEIGHTED_PRICE_MEMORY,2026-07-22,1,3920,アイビーシー,0.12184352263684937,3920,False,1.0,0.0,-1.3052208835341417
TW02_TURNOVER_WEIGHTED_PRICE_MEMORY,2026-07-23,1,3920,アイビーシー,0.13228318132132041,3920,False,1.0,1.0,0.3030303030302939
TW02_TURNOVER_WEIGHTED_PRICE_MEMORY,2026-07-24,1,6096,レアジョブ,0.11024049171384781,6096,False,1.0,0.0,-2.0050125313283207
TW02_TURNOVER_WEIGHTED_PRICE_MEMORY,2026-07-27,1,7345,Ｇ－アイパートナーズ,0.1262409415756224,7345,False,1.0,0.0,-0.6185567010309256
VP07_VWAP_RANGE_PRESSURE_MEMORY,2026-04-01,1,4627,ナトコ,0.12819599953319147,4627,False,1.0,1.0,2.7462686567164107
VP07_VWAP_RANGE_PRESSURE_MEMORY,2026-04-02,1,7501,ティムコ,0.10153631831878464,7501,False,1.0,1.0,0.8849557522123908
VP07_VWAP_RANGE_PRESSURE_MEMORY,2026-04-03,1,3449,テクノフレックス,0.11189847617865649,3449,False,1.0,1.0,0.43807248108322927
VP07_VWAP_RANGE_PRESSURE_MEMORY,2026-04-06,1,2481,タウンニュース,0.12234054486039551,2481,False,1.0,0.0,0.0
VP07_VWAP_RANGE_PRESSURE_MEMORY,2026-04-07,1,7501,ティムコ,0.12328168850929386,7501,False,1.0,1.0,1.212440695835526
VP07_VWAP_RANGE_PRESSURE_MEMORY,2026-04-08,1,2164,地域新聞社,0.1439101042282521,2164,False,1.0,1.0,0.3205128205128194
VP07_VWAP_RANGE_PRESSURE_MEMORY,2026-04-09,1,4578,大塚ＨＤ,0.13137672570422548,4578,False,1.0,0.0,-2.0609318996415715
VP07_VWAP_RANGE_PRESSURE_MEMORY,2026-04-10,1,9861,吉野家ＨＤ,0.11757866397320964,9861,False,1.0,1.0,0.23350846468184194
VP07_VWAP_RANGE_PRESSURE_MEMORY,2026-04-13,1,2164,地域新聞社,0.18593385408253776,2164,False,1.0,1.0,5.537459283387625
VP07_VWAP_RANGE_PRESSURE_MEMORY,2026-04-14,1,3087,ドトル日レス,0.12071779990132869,3087,False,1.0,0.0,-1.997968167964781
VP07_VWAP_RANGE_PRESSURE_MEMORY,2026-04-15,1,3543,コメダ,0.11739037483578549,3543,False,1.0,1.0,1.9639934533551617
VP07_VWAP_RANGE_PRESSURE_MEMORY,2026-04-16,1,2345,ＨＯＤＬ１,0.12181314061956901,2345,False,1.0,1.0,1.1857707509881354
VP07_VWAP_RANGE_PRESSURE_MEMORY,2026-04-17,1,7501,ティムコ,0.1342467657566742,7501,False,1.0,0.0,-0.6207966890843242
VP07_VWAP_RANGE_PRESSURE_MEMORY,2026-04-20,1,7501,ティムコ,0.11949395776780568,7501,False,1.0,1.0,3.3609100310237894
VP07_VWAP_RANGE_PRESSURE_MEMORY,2026-04-21,1,2164,地域新聞社,0.12406883277732098,2164,False,1.0,1.0,10.624999999999996
VP07_VWAP_RANGE_PRESSURE_MEMORY,2026-04-22,1,7878,光・彩,0.12075430095566313,7878,False,1.0,0.0,-0.588235294117645
VP07_VWAP_RANGE_PRESSURE_MEMORY,2026-04-23,1,6653,正興電機製作所,0.1094197726792182,6653,False,1.0,0.0,-0.5451713395638658
VP07_VWAP_RANGE_PRESSURE_MEMORY,2026-04-24,1,6653,正興電機製作所,0.12845771642042875,6653,False,1.0,0.0,-3.5589941972920647
VP07_VWAP_RANGE_PRESSURE_MEMORY,2026-04-27,1,6653,正興電機製作所,0.15521796280012493,6653,False,1.0,0.0,-4.203625144620126
VP07_VWAP_RANGE_PRESSURE_MEMORY,2026-04-28,1,7091,Ｇ－ＬＰＦ,0.1253926563811771,7091,False,1.0,1.0,2.2382094324540303
VP07_VWAP_RANGE_PRESSURE_MEMORY,2026-04-30,1,7091,Ｇ－ＬＰＦ,0.14584598403974122,7091,False,1.0,1.0,0.7205764611689425
VP07_VWAP_RANGE_PRESSURE_MEMORY,2026-05-01,1,7091,Ｇ－ＬＰＦ,0.1491170647360638,7091,False,1.0,1.0,1.3632718524458687
VP07_VWAP_RANGE_PRESSURE_MEMORY,2026-05-07,1,7091,Ｇ－ＬＰＦ,0.1500357735517529,7091,False,1.0,0.0,-1.0292953285827355
VP07_VWAP_RANGE_PRESSURE_MEMORY,2026-05-08,1,7091,Ｇ－ＬＰＦ,0.16802284764344289,7091,False,1.0,1.0,1.2057877813504758
VP07_VWAP_RANGE_PRESSURE_MEMORY,2026-05-11,1,7091,Ｇ－ＬＰＦ,0.14864639733182047,7091,False,1.0,1.0,1.1914217633042012
VP07_VWAP_RANGE_PRESSURE_MEMORY,2026-05-12,1,7091,Ｇ－ＬＰＦ,0.1293298210064211,7091,False,1.0,0.0,-0.23529411764705577
VP07_VWAP_RANGE_PRESSURE_MEMORY,2026-05-13,1,7091,Ｇ－ＬＰＦ,0.12214477269835873,7091,False,1.0,1.0,1.1961722488038173
VP07_VWAP_RANGE_PRESSURE_MEMORY,2026-05-14,1,7091,Ｇ－ＬＰＦ,0.12923982155855274,7091,False,1.0,1.0,0.07818608287724071
VP07_VWAP_RANGE_PRESSURE_MEMORY,2026-05-15,1,7091,Ｇ－ＬＰＦ,0.1148339791980787,7091,False,1.0,1.0,3.858267716535435
VP07_VWAP_RANGE_PRESSURE_MEMORY,2026-05-18,1,5033,Ｇ－ヌーラボ,0.1257220881347472,5033,False,1.0,0.0,-1.0294117647058787
VP07_VWAP_RANGE_PRESSURE_MEMORY,2026-05-19,1,7091,Ｇ－ＬＰＦ,0.12806516234801893,7091,False,1.0,1.0,8.305084745762702
VP07_VWAP_RANGE_PRESSURE_MEMORY,2026-05-20,1,9913,日邦産業,0.12779917804601004,9913,False,1.0,0.0,-3.012912482065999
VP07_VWAP_RANGE_PRESSURE_MEMORY,2026-05-21,1,3417,大木ヘルスケア,0.11199194047006371,3417,False,1.0,0.0,-1.073345259391767
VP07_VWAP_RANGE_PRESSURE_MEMORY,2026-05-22,1,3920,アイビーシー,0.10454230658185876,3920,False,1.0,1.0,0.7049345417925457
VP07_VWAP_RANGE_PRESSURE_MEMORY,2026-05-25,1,3920,アイビーシー,0.10915961671558513,3920,False,1.0,0.0,-0.10000000000000009
VP07_VWAP_RANGE_PRESSURE_MEMORY,2026-05-26,1,9082,大和自交,0.11805329937444016,9082,False,1.0,1.0,0.5524861878453136
VP07_VWAP_RANGE_PRESSURE_MEMORY,2026-05-27,1,8260,井筒屋,0.10539763270160585,8260,False,1.0,1.0,1.5424164524421524
VP07_VWAP_RANGE_PRESSURE_MEMORY,2026-05-28,1,8742,小林洋行,0.11121978001756759,8742,False,1.0,0.0,-0.18115942028985588
VP07_VWAP_RANGE_PRESSURE_MEMORY,2026-05-29,1,8742,小林洋行,0.10998997572076999,8742,False,1.0,1.0,0.727272727272732
VP07_VWAP_RANGE_PRESSURE_MEMORY,2026-06-01,1,7345,Ｇ－アイパートナーズ,0.10157899165306063,7345,False,1.0,1.0,0.40000000000000036
VP07_VWAP_RANGE_PRESSURE_MEMORY,2026-06-02,1,2503,キリンＨＤ,0.09639236473589032,2503,False,1.0,1.0,0.663414634146342
VP07_VWAP_RANGE_PRESSURE_MEMORY,2026-06-03,1,4777,ガーラ,0.09925208161302017,4777,False,1.0,0.0,-0.497512437810943
VP07_VWAP_RANGE_PRESSURE_MEMORY,2026-06-04,1,2531,宝ＨＬＤ,0.10557955477386032,2531,False,1.0,1.0,2.4653674571495587
VP07_VWAP_RANGE_PRESSURE_MEMORY,2026-06-05,1,9082,大和自交,0.12323670074664303,9082,False,1.0,,
VP07_VWAP_RANGE_PRESSURE_MEMORY,2026-06-08,1,5945,天龍製鋸,0.09612726885471272,5945,False,1.0,0.0,-0.917431192660545
VP07_VWAP_RANGE_PRESSURE_MEMORY,2026-06-09,1,5945,天龍製鋸,0.11678514274982153,5945,False,1.0,,
VP07_VWAP_RANGE_PRESSURE_MEMORY,2026-06-10,1,6555,ＭＳコンサル,0.10041663055364228,6555,False,1.0,0.0,-1.388888888888884
VP07_VWAP_RANGE_PRESSURE_MEMORY,2026-06-11,1,3920,アイビーシー,0.10998037488170326,3920,False,1.0,1.0,1.1316872427983515
VP07_VWAP_RANGE_PRESSURE_MEMORY,2026-06-12,1,3920,アイビーシー,0.11009812581150757,3920,False,1.0,0.0,0.0
VP07_VWAP_RANGE_PRESSURE_MEMORY,2026-06-15,1,3920,アイビーシー,0.10657734034561028,3920,False,1.0,1.0,1.5400410677617993
VP07_VWAP_RANGE_PRESSURE_MEMORY,2026-06-16,1,3920,アイビーシー,0.11084412929008668,3920,False,1.0,0.0,-1.0030090270812475
VP07_VWAP_RANGE_PRESSURE_MEMORY,2026-06-17,1,3920,アイビーシー,0.10894740311813413,3920,False,1.0,1.0,1.1178861788617933
VP07_VWAP_RANGE_PRESSURE_MEMORY,2026-06-18,1,4351,山田債権,0.12546407310458657,4351,False,1.0,0.0,-0.624349635796051
VP07_VWAP_RANGE_PRESSURE_MEMORY,2026-06-19,1,7043,Ｇ－アルー,0.13945681888948552,7043,False,1.0,1.0,0.6872852233676952
VP07_VWAP_RANGE_PRESSURE_MEMORY,2026-06-22,1,7043,Ｇ－アルー,0.1402951226449534,7043,False,1.0,0.0,-0.5733944954128489
VP07_VWAP_RANGE_PRESSURE_MEMORY,2026-06-23,1,7043,Ｇ－アルー,0.14546547724577946,7043,False,1.0,1.0,3.7209302325581506
VP07_VWAP_RANGE_PRESSURE_MEMORY,2026-06-24,1,4351,山田債権,0.13352462420719555,4351,False,1.0,0.0,-1.565762004175364
VP07_VWAP_RANGE_PRESSURE_MEMORY,2026-06-25,1,7091,Ｇ－ＬＰＦ,0.13491641123943032,7091,False,1.0,1.0,0.08354218880535225
VP07_VWAP_RANGE_PRESSURE_MEMORY,2026-06-26,1,7091,Ｇ－ＬＰＦ,0.1396626101041479,7091,False,1.0,1.0,0.08347245409014992
VP07_VWAP_RANGE_PRESSURE_MEMORY,2026-06-29,1,7091,Ｇ－ＬＰＦ,0.13077994523816536,7091,False,1.0,1.0,1.4273719563392184
VP07_VWAP_RANGE_PRESSURE_MEMORY,2026-06-30,1,,,,,False,,,
VP07_VWAP_RANGE_PRESSURE_MEMORY,2026-07-01,1,7091,Ｇ－ＬＰＦ,0.13349034949391922,7091,False,1.0,0.0,-0.24772914946324942
VP07_VWAP_RANGE_PRESSURE_MEMORY,2026-07-02,1,3417,大木ヘルスケア,0.13735190408230952,3417,False,1.0,0.0,-1.1413520632133412
VP07_VWAP_RANGE_PRESSURE_MEMORY,2026-07-03,1,3417,大木ヘルスケア,0.13919212500808315,3417,False,1.0,1.0,1.513802315227064
VP07_VWAP_RANGE_PRESSURE_MEMORY,2026-07-06,1,4196,ネオマーケ,0.14524192537870015,4196,False,1.0,1.0,0.1769911504424737
VP07_VWAP_RANGE_PRESSURE_MEMORY,2026-07-07,1,4196,ネオマーケ,0.14431639808661628,4196,False,1.0,1.0,0.05889281507656108
VP07_VWAP_RANGE_PRESSURE_MEMORY,2026-07-08,1,4196,ネオマーケ,0.14645010901207342,4196,False,1.0,1.0,1.0119047619047583
VP07_VWAP_RANGE_PRESSURE_MEMORY,2026-07-09,1,4196,ネオマーケ,0.14707798730908828,4196,False,1.0,1.0,0.5934718100890191
VP07_VWAP_RANGE_PRESSURE_MEMORY,2026-07-10,1,4196,ネオマーケ,0.1465888753451555,4196,False,1.0,1.0,0.11799410029498247
VP07_VWAP_RANGE_PRESSURE_MEMORY,2026-07-13,1,4196,ネオマーケ,0.14203364957583853,4196,False,1.0,0.0,0.0
VP07_VWAP_RANGE_PRESSURE_MEMORY,2026-07-14,1,4196,ネオマーケ,0.1267857196091967,4196,False,1.0,1.0,0.5334914048606976
VP07_VWAP_RANGE_PRESSURE_MEMORY,2026-07-15,1,4196,ネオマーケ,0.13812232738097138,4196,False,1.0,0.0,-0.6485849056603765
VP07_VWAP_RANGE_PRESSURE_MEMORY,2026-07-16,1,4196,ネオマーケ,0.1589117827566269,4196,False,1.0,0.0,-0.11834319526626835
VP07_VWAP_RANGE_PRESSURE_MEMORY,2026-07-17,1,4196,ネオマーケ,0.13917972387539806,4196,False,1.0,0.0,-0.11848341232227888
VP07_VWAP_RANGE_PRESSURE_MEMORY,2026-07-21,1,3920,アイビーシー,0.11998302511960149,3920,False,1.0,1.0,1.7453798767967044
VP07_VWAP_RANGE_PRESSURE_MEMORY,2026-07-22,1,3920,アイビーシー,0.1284997879984988,3920,False,1.0,0.0,-1.3052208835341417
VP07_VWAP_RANGE_PRESSURE_MEMORY,2026-07-23,1,3920,アイビーシー,0.14094552237904623,3920,False,1.0,1.0,0.3030303030302939
VP07_VWAP_RANGE_PRESSURE_MEMORY,2026-07-24,1,7273,イクヨ,0.11241421516943279,7273,False,1.0,1.0,0.49342105263157077
VP07_VWAP_RANGE_PRESSURE_MEMORY,2026-07-27,1,3920,アイビーシー,0.11292228790211563,3920,False,1.0,1.0,0.8072653884964698
VW03_AGGREGATE_COST_BASIS,2026-04-01,1,4627,ナトコ,0.13324142433430425,4627,False,1.0,1.0,2.7462686567164107
VW03_AGGREGATE_COST_BASIS,2026-04-02,1,7501,ティムコ,0.11036150799489829,7501,False,1.0,1.0,0.8849557522123908
VW03_AGGREGATE_COST_BASIS,2026-04-03,1,2164,地域新聞社,0.10674126504397201,2164,False,1.0,1.0,0.6116207951070374
VW03_AGGREGATE_COST_BASIS,2026-04-06,1,2481,タウンニュース,0.13265530336460435,2481,False,1.0,0.0,0.0
VW03_AGGREGATE_COST_BASIS,2026-04-07,1,7501,ティムコ,0.12284839087437364,7501,False,1.0,1.0,1.212440695835526
VW03_AGGREGATE_COST_BASIS,2026-04-08,1,2164,地域新聞社,0.16536107558296206,2164,False,1.0,1.0,0.3205128205128194
VW03_AGGREGATE_COST_BASIS,2026-04-09,1,2164,地域新聞社,0.1501797182999686,2164,False,1.0,1.0,4.458598726114649
VW03_AGGREGATE_COST_BASIS,2026-04-10,1,9861,吉野家ＨＤ,0.12531855317788115,9861,False,1.0,1.0,0.23350846468184194
VW03_AGGREGATE_COST_BASIS,2026-04-13,1,2164,地域新聞社,0.17860587812666465,2164,False,1.0,1.0,5.537459283387625
VW03_AGGREGATE_COST_BASIS,2026-04-14,1,3087,ドトル日レス,0.12315179288467153,3087,False,1.0,0.0,-1.997968167964781
VW03_AGGREGATE_COST_BASIS,2026-04-15,1,3543,コメダ,0.11446696673281496,3543,False,1.0,1.0,1.9639934533551617
VW03_AGGREGATE_COST_BASIS,2026-04-16,1,2345,ＨＯＤＬ１,0.12291572669297467,2345,False,1.0,1.0,1.1857707509881354
VW03_AGGREGATE_COST_BASIS,2026-04-17,1,7501,ティムコ,0.13435842316770835,7501,False,1.0,0.0,-0.6207966890843242
VW03_AGGREGATE_COST_BASIS,2026-04-20,1,7501,ティムコ,0.12215205098191803,7501,False,1.0,1.0,3.3609100310237894
VW03_AGGREGATE_COST_BASIS,2026-04-21,1,2164,地域新聞社,0.12068637697079761,2164,False,1.0,1.0,10.624999999999996
VW03_AGGREGATE_COST_BASIS,2026-04-22,1,7878,光・彩,0.11247470274960915,7878,False,1.0,0.0,-0.588235294117645
VW03_AGGREGATE_COST_BASIS,2026-04-23,1,2501,サッポロＨＤ,0.10747471567953083,2501,False,1.0,1.0,0.928343487090233
VW03_AGGREGATE_COST_BASIS,2026-04-24,1,6653,正興電機製作所,0.1288745466435525,6653,False,1.0,0.0,-3.5589941972920647
VW03_AGGREGATE_COST_BASIS,2026-04-27,1,6653,正興電機製作所,0.1616444345037212,6653,False,1.0,0.0,-4.203625144620126
VW03_AGGREGATE_COST_BASIS,2026-04-28,1,3863,日本紙,0.1175897252724752,3863,False,1.0,0.0,-2.690238278247503
VW03_AGGREGATE_COST_BASIS,2026-04-30,1,7091,Ｇ－ＬＰＦ,0.1412586038293373,7091,False,1.0,1.0,0.7205764611689425
VW03_AGGREGATE_COST_BASIS,2026-05-01,1,7091,Ｇ－ＬＰＦ,0.14731662003866378,7091,False,1.0,1.0,1.3632718524458687
VW03_AGGREGATE_COST_BASIS,2026-05-07,1,7091,Ｇ－ＬＰＦ,0.1480371827073559,7091,False,1.0,0.0,-1.0292953285827355
VW03_AGGREGATE_COST_BASIS,2026-05-08,1,7091,Ｇ－ＬＰＦ,0.16934003164217215,7091,False,1.0,1.0,1.2057877813504758
VW03_AGGREGATE_COST_BASIS,2026-05-11,1,7091,Ｇ－ＬＰＦ,0.14645314342972662,7091,False,1.0,1.0,1.1914217633042012
VW03_AGGREGATE_COST_BASIS,2026-05-12,1,7192,日本モーゲージＳ,0.12467449453109919,7192,False,1.0,1.0,1.82724252491695
VW03_AGGREGATE_COST_BASIS,2026-05-13,1,7091,Ｇ－ＬＰＦ,0.1155863807900703,7091,False,1.0,1.0,1.1961722488038173
VW03_AGGREGATE_COST_BASIS,2026-05-14,1,7091,Ｇ－ＬＰＦ,0.12343513113738208,7091,False,1.0,1.0,0.07818608287724071
VW03_AGGREGATE_COST_BASIS,2026-05-15,1,7361,Ｇ－ＨＣＨ,0.11533581301548872,7361,False,1.0,1.0,1.1433597185576128
VW03_AGGREGATE_COST_BASIS,2026-05-18,1,5033,Ｇ－ヌーラボ,0.12347077332883544,5033,False,1.0,0.0,-1.0294117647058787
VW03_AGGREGATE_COST_BASIS,2026-05-19,1,7091,Ｇ－ＬＰＦ,0.12703497668421218,7091,False,1.0,1.0,8.305084745762702
VW03_AGGREGATE_COST_BASIS,2026-05-20,1,9913,日邦産業,0.1409905773789447,9913,False,1.0,0.0,-3.012912482065999
VW03_AGGREGATE_COST_BASIS,2026-05-21,1,3417,大木ヘルスケア,0.10520104082148721,3417,False,1.0,0.0,-1.073345259391767
VW03_AGGREGATE_COST_BASIS,2026-05-22,1,3920,アイビーシー,0.10404063235516317,3920,False,1.0,1.0,0.7049345417925457
VW03_AGGREGATE_COST_BASIS,2026-05-25,1,3920,アイビーシー,0.10698338766220385,3920,False,1.0,0.0,-0.10000000000000009
VW03_AGGREGATE_COST_BASIS,2026-05-26,1,9082,大和自交,0.10753729844294373,9082,False,1.0,1.0,0.5524861878453136
VW03_AGGREGATE_COST_BASIS,2026-05-27,1,8260,井筒屋,0.11279758586169177,8260,False,1.0,1.0,1.5424164524421524
VW03_AGGREGATE_COST_BASIS,2026-05-28,1,8742,小林洋行,0.10986938447102146,8742,False,1.0,0.0,-0.18115942028985588
VW03_AGGREGATE_COST_BASIS,2026-05-29,1,8742,小林洋行,0.10817552673810257,8742,False,1.0,1.0,0.727272727272732
VW03_AGGREGATE_COST_BASIS,2026-06-01,1,3988,ＳＹＳＨＤ,0.0980381218621753,3988,False,1.0,0.0,-0.917431192660545
VW03_AGGREGATE_COST_BASIS,2026-06-02,1,2503,キリンＨＤ,0.09951648969616655,2503,False,1.0,1.0,0.663414634146342
VW03_AGGREGATE_COST_BASIS,2026-06-03,1,4777,ガーラ,0.10048496551331675,4777,False,1.0,0.0,-0.497512437810943
VW03_AGGREGATE_COST_BASIS,2026-06-04,1,2531,宝ＨＬＤ,0.10393904645014466,2531,False,1.0,1.0,2.4653674571495587
VW03_AGGREGATE_COST_BASIS,2026-06-05,1,9082,大和自交,0.11905431862524528,9082,False,1.0,,
VW03_AGGREGATE_COST_BASIS,2026-06-08,1,5945,天龍製鋸,0.09678319001069915,5945,False,1.0,0.0,-0.917431192660545
VW03_AGGREGATE_COST_BASIS,2026-06-09,1,5945,天龍製鋸,0.11505974356637583,5945,False,1.0,,
VW03_AGGREGATE_COST_BASIS,2026-06-10,1,9913,日邦産業,0.09549722394073722,9913,False,1.0,1.0,0.9915014164305846
VW03_AGGREGATE_COST_BASIS,2026-06-11,1,2438,Ｇ－アスカネット,0.11353820630579524,2438,False,1.0,0.0,-0.9584664536741228
VW03_AGGREGATE_COST_BASIS,2026-06-12,1,3920,アイビーシー,0.10761350187241922,3920,False,1.0,0.0,0.0
VW03_AGGREGATE_COST_BASIS,2026-06-15,1,3920,アイビーシー,0.10491656639114817,3920,False,1.0,1.0,1.5400410677617993
VW03_AGGREGATE_COST_BASIS,2026-06-16,1,9468,ＫＡＤＯＫＡＷＡ,0.11421238777965535,9468,False,1.0,0.0,-1.0506208213944657
VW03_AGGREGATE_COST_BASIS,2026-06-17,1,2371,カカクコム,0.10655093337088202,2371,False,1.0,1.0,1.8731117824773325
VW03_AGGREGATE_COST_BASIS,2026-06-18,1,4351,山田債権,0.13505049575377218,4351,False,1.0,0.0,-0.624349635796051
VW03_AGGREGATE_COST_BASIS,2026-06-19,1,4351,山田債権,0.13028393629198423,4351,False,1.0,1.0,0.10427528675704956
VW03_AGGREGATE_COST_BASIS,2026-06-22,1,7043,Ｇ－アルー,0.12996939188370427,7043,False,1.0,0.0,-0.5733944954128489
VW03_AGGREGATE_COST_BASIS,2026-06-23,1,7043,Ｇ－アルー,0.13956268086126702,7043,False,1.0,1.0,3.7209302325581506
VW03_AGGREGATE_COST_BASIS,2026-06-24,1,4351,山田債権,0.13645536315871779,4351,False,1.0,0.0,-1.565762004175364
VW03_AGGREGATE_COST_BASIS,2026-06-25,1,7091,Ｇ－ＬＰＦ,0.12934766125696104,7091,False,1.0,1.0,0.08354218880535225
VW03_AGGREGATE_COST_BASIS,2026-06-26,1,7091,Ｇ－ＬＰＦ,0.13363029897255038,7091,False,1.0,1.0,0.08347245409014992
VW03_AGGREGATE_COST_BASIS,2026-06-29,1,7091,Ｇ－ＬＰＦ,0.12535183158488947,7091,False,1.0,1.0,1.4273719563392184
VW03_AGGREGATE_COST_BASIS,2026-06-30,1,,,,,False,,,
VW03_AGGREGATE_COST_BASIS,2026-07-01,1,3417,大木ヘルスケア,0.12928962413923653,3417,False,1.0,0.0,0.0
VW03_AGGREGATE_COST_BASIS,2026-07-02,1,3417,大木ヘルスケア,0.13481406174870514,3417,False,1.0,0.0,-1.1413520632133412
VW03_AGGREGATE_COST_BASIS,2026-07-03,1,3417,大木ヘルスケア,0.13578524597418232,3417,False,1.0,1.0,1.513802315227064
VW03_AGGREGATE_COST_BASIS,2026-07-06,1,4196,ネオマーケ,0.14394754499440393,4196,False,1.0,1.0,0.1769911504424737
VW03_AGGREGATE_COST_BASIS,2026-07-07,1,4196,ネオマーケ,0.14237893374817068,4196,False,1.0,1.0,0.05889281507656108
VW03_AGGREGATE_COST_BASIS,2026-07-08,1,4196,ネオマーケ,0.14445481607773916,4196,False,1.0,1.0,1.0119047619047583
VW03_AGGREGATE_COST_BASIS,2026-07-09,1,4196,ネオマーケ,0.14528296974524527,4196,False,1.0,1.0,0.5934718100890191
VW03_AGGREGATE_COST_BASIS,2026-07-10,1,4196,ネオマーケ,0.14481642335326406,4196,False,1.0,1.0,0.11799410029498247
VW03_AGGREGATE_COST_BASIS,2026-07-13,1,4196,ネオマーケ,0.13978069638960666,4196,False,1.0,0.0,0.0
VW03_AGGREGATE_COST_BASIS,2026-07-14,1,4196,ネオマーケ,0.12431682521965241,4196,False,1.0,1.0,0.5334914048606976
VW03_AGGREGATE_COST_BASIS,2026-07-15,1,4196,ネオマーケ,0.13594220954946445,4196,False,1.0,0.0,-0.6485849056603765
VW03_AGGREGATE_COST_BASIS,2026-07-16,1,4196,ネオマーケ,0.1539392328046091,4196,False,1.0,0.0,-0.11834319526626835
VW03_AGGREGATE_COST_BASIS,2026-07-17,1,4196,ネオマーケ,0.13474399471615647,4196,False,1.0,0.0,-0.11848341232227888
VW03_AGGREGATE_COST_BASIS,2026-07-21,1,3920,アイビーシー,0.11377063152678656,3920,False,1.0,1.0,1.7453798767967044
VW03_AGGREGATE_COST_BASIS,2026-07-22,1,3920,アイビーシー,0.12354973748377747,3920,False,1.0,0.0,-1.3052208835341417
VW03_AGGREGATE_COST_BASIS,2026-07-23,1,3920,アイビーシー,0.13332730560433018,3920,False,1.0,1.0,0.3030303030302939
VW03_AGGREGATE_COST_BASIS,2026-07-24,1,6096,レアジョブ,0.11055304946205718,6096,False,1.0,0.0,-2.0050125313283207
VW03_AGGREGATE_COST_BASIS,2026-07-27,1,3920,アイビーシー,0.10817518424870164,3920,False,1.0,1.0,0.8072653884964698
