date,policy_id,hypothesis_id,capacity,slot,code,name,posterior_score_pct,oc_return_pct,label
2024-07-01,C01_WEEKDAY_ISSUER_EB_K1,C01_WEEKDAY_ISSUER_EB,1,1,7018,内海造船,0.9327082684588213,-3.195488721804507,0.0
2024-07-02,C01_WEEKDAY_ISSUER_EB_K1,C01_WEEKDAY_ISSUER_EB,1,1,7779,ＣＹＢＥＲＤＹＮＥ,0.8530007813711565,0.0,0.0
2024-07-03,C01_WEEKDAY_ISSUER_EB_K1,C01_WEEKDAY_ISSUER_EB,1,1,9164,トライト,0.514209094984965,-0.4672897196261627,0.0
2024-07-04,C01_WEEKDAY_ISSUER_EB_K1,C01_WEEKDAY_ISSUER_EB,1,1,9889,ＪＢＣＣホールディングス,0.5635892255918477,1.0884353741496655,1.0
2024-07-05,C01_WEEKDAY_ISSUER_EB_K1,C01_WEEKDAY_ISSUER_EB,1,1,6736,サン電子,0.9469162949233838,-1.378579003181335,0.0
2024-07-08,C01_WEEKDAY_ISSUER_EB_K1,C01_WEEKDAY_ISSUER_EB,1,1,7018,内海造船,0.9327082684588213,-0.9328358208955279,0.0
2024-07-09,C01_WEEKDAY_ISSUER_EB_K1,C01_WEEKDAY_ISSUER_EB,1,1,7779,ＣＹＢＥＲＤＹＮＥ,0.8530007813711565,-0.48076923076922906,0.0
2024-07-10,C01_WEEKDAY_ISSUER_EB_K1,C01_WEEKDAY_ISSUER_EB,1,1,9164,トライト,0.514209094984965,-0.917431192660545,0.0
2024-07-11,C01_WEEKDAY_ISSUER_EB_K1,C01_WEEKDAY_ISSUER_EB,1,1,4389,プロパティデータバンク,0.7625094991139378,3.6682615629983983,1.0
2024-07-12,C01_WEEKDAY_ISSUER_EB_K1,C01_WEEKDAY_ISSUER_EB,1,1,6736,サン電子,0.9469162949233838,2.499999999999991,1.0
2024-07-16,C01_WEEKDAY_ISSUER_EB_K1,C01_WEEKDAY_ISSUER_EB,1,1,7779,ＣＹＢＥＲＤＹＮＥ,0.8530007813711565,-0.4716981132075526,0.0
2024-07-17,C01_WEEKDAY_ISSUER_EB_K1,C01_WEEKDAY_ISSUER_EB,1,1,9164,トライト,0.514209094984965,-2.1929824561403466,0.0
2024-07-18,C01_WEEKDAY_ISSUER_EB_K1,C01_WEEKDAY_ISSUER_EB,1,1,4389,プロパティデータバンク,0.7625094991139378,-1.5277777777777724,0.0
2024-07-19,C01_WEEKDAY_ISSUER_EB_K1,C01_WEEKDAY_ISSUER_EB,1,1,6736,サン電子,0.9469162949233838,8.111111111111114,1.0
2024-07-22,C01_WEEKDAY_ISSUER_EB_K1,C01_WEEKDAY_ISSUER_EB,1,1,7018,内海造船,0.9327082684588213,-1.5655577299412915,0.0
2024-07-23,C01_WEEKDAY_ISSUER_EB_K1,C01_WEEKDAY_ISSUER_EB,1,1,7779,ＣＹＢＥＲＤＹＮＥ,0.8530007813711565,0.8968609865470878,1.0
2024-07-24,C01_WEEKDAY_ISSUER_EB_K1,C01_WEEKDAY_ISSUER_EB,1,1,9164,トライト,0.514209094984965,-2.2271714922049046,0.0
2024-07-25,C01_WEEKDAY_ISSUER_EB_K1,C01_WEEKDAY_ISSUER_EB,1,1,4389,プロパティデータバンク,0.7625094991139378,3.330809992429984,1.0
2024-07-26,C01_WEEKDAY_ISSUER_EB_K1,C01_WEEKDAY_ISSUER_EB,1,1,4116,大日精化⼯業,0.8573880167254324,-0.1612903225806428,0.0
2024-07-29,C01_WEEKDAY_ISSUER_EB_K1,C01_WEEKDAY_ISSUER_EB,1,1,7018,内海造船,0.9327082684588213,0.21505376344086446,1.0
2024-07-30,C01_WEEKDAY_ISSUER_EB_K1,C01_WEEKDAY_ISSUER_EB,1,1,7779,ＣＹＢＥＲＤＹＮＥ,0.8530007813711565,-0.462962962962965,0.0
2024-07-31,C01_WEEKDAY_ISSUER_EB_K1,C01_WEEKDAY_ISSUER_EB,1,1,9164,トライト,0.514209094984965,-1.8181818181818188,0.0
2024-08-01,C01_WEEKDAY_ISSUER_EB_K1,C01_WEEKDAY_ISSUER_EB,1,1,4389,プロパティデータバンク,0.694410353783257,-5.35714285714286,0.0
2024-08-02,C01_WEEKDAY_ISSUER_EB_K1,C01_WEEKDAY_ISSUER_EB,1,1,6736,サン電子,0.9113765994117122,-0.18621973929237035,0.0
2024-08-05,C01_WEEKDAY_ISSUER_EB_K1,C01_WEEKDAY_ISSUER_EB,1,1,5707,東邦亜鉛,0.7469456993730789,-5.674846625766872,0.0
2024-08-06,C01_WEEKDAY_ISSUER_EB_K1,C01_WEEKDAY_ISSUER_EB,1,1,3659,ネクソン,0.4784386807059021,3.9764868603042958,1.0
2024-08-07,C01_WEEKDAY_ISSUER_EB_K1,C01_WEEKDAY_ISSUER_EB,1,1,,,,,
2024-08-08,C01_WEEKDAY_ISSUER_EB_K1,C01_WEEKDAY_ISSUER_EB,1,1,9534,北海道瓦斯,0.4239388111876764,-2.4823884602482416,0.0
2024-08-09,C01_WEEKDAY_ISSUER_EB_K1,C01_WEEKDAY_ISSUER_EB,1,1,9902,日伝,0.6815899880954144,3.9531478770131745,1.0
2024-08-13,C01_WEEKDAY_ISSUER_EB_K1,C01_WEEKDAY_ISSUER_EB,1,1,6497,ハマイ,0.461169826769121,-0.7662835249042099,0.0
2024-08-14,C01_WEEKDAY_ISSUER_EB_K1,C01_WEEKDAY_ISSUER_EB,1,1,,,,,
2024-08-15,C01_WEEKDAY_ISSUER_EB_K1,C01_WEEKDAY_ISSUER_EB,1,1,9534,北海道瓦斯,0.4239388111876764,-1.2903225806451646,0.0
2024-08-16,C01_WEEKDAY_ISSUER_EB_K1,C01_WEEKDAY_ISSUER_EB,1,1,6736,サン電子,0.9113765994117122,4.770318021201403,1.0
2024-08-19,C01_WEEKDAY_ISSUER_EB_K1,C01_WEEKDAY_ISSUER_EB,1,1,6930,日本アンテナ,0.6336413813382958,-1.7615176151761558,0.0
2024-08-20,C01_WEEKDAY_ISSUER_EB_K1,C01_WEEKDAY_ISSUER_EB,1,1,6497,ハマイ,0.461169826769121,0.09149130832570851,1.0
2024-08-21,C01_WEEKDAY_ISSUER_EB_K1,C01_WEEKDAY_ISSUER_EB,1,1,,,,,
2024-08-22,C01_WEEKDAY_ISSUER_EB_K1,C01_WEEKDAY_ISSUER_EB,1,1,9534,北海道瓦斯,0.4239388111876764,0.8116883116883189,1.0
2024-08-23,C01_WEEKDAY_ISSUER_EB_K1,C01_WEEKDAY_ISSUER_EB,1,1,9902,日伝,0.6815899880954144,3.6231884057970953,1.0
2024-08-26,C01_WEEKDAY_ISSUER_EB_K1,C01_WEEKDAY_ISSUER_EB,1,1,6930,日本アンテナ,0.6336413813382958,0.0,0.0
2024-08-27,C01_WEEKDAY_ISSUER_EB_K1,C01_WEEKDAY_ISSUER_EB,1,1,7779,ＣＹＢＥＲＤＹＮＥ,0.7064131101392717,0.45662100456620447,1.0
2024-08-28,C01_WEEKDAY_ISSUER_EB_K1,C01_WEEKDAY_ISSUER_EB,1,1,2108,日本甜菜製糖,0.4332469427302694,0.11834319526626835,1.0
2024-08-29,C01_WEEKDAY_ISSUER_EB_K1,C01_WEEKDAY_ISSUER_EB,1,1,4389,プロパティデータバンク,0.694410353783257,-1.708185053380784,0.0
2024-08-30,C01_WEEKDAY_ISSUER_EB_K1,C01_WEEKDAY_ISSUER_EB,1,1,3692,ＦＦＲＩセキュリティ,0.9501635669770434,2.0289855072463725,1.0
2024-09-02,C01_WEEKDAY_ISSUER_EB_K1,C01_WEEKDAY_ISSUER_EB,1,1,,,,,
2024-09-03,C01_WEEKDAY_ISSUER_EB_K1,C01_WEEKDAY_ISSUER_EB,1,1,2652,まんだらけ,1.000549047737311,1.1467889908256979,1.0
2024-09-04,C01_WEEKDAY_ISSUER_EB_K1,C01_WEEKDAY_ISSUER_EB,1,1,9913,日邦産業,0.6739666267054014,-1.355140186915893,0.0
2024-09-05,C01_WEEKDAY_ISSUER_EB_K1,C01_WEEKDAY_ISSUER_EB,1,1,9221,フルハシＥＰＯ,0.623458138026768,-2.2471910112359605,0.0
2024-09-06,C01_WEEKDAY_ISSUER_EB_K1,C01_WEEKDAY_ISSUER_EB,1,1,3692,ＦＦＲＩセキュリティ,0.86959211549018,-1.9256605463502052,0.0
2024-09-09,C01_WEEKDAY_ISSUER_EB_K1,C01_WEEKDAY_ISSUER_EB,1,1,,,,,
2024-09-10,C01_WEEKDAY_ISSUER_EB_K1,C01_WEEKDAY_ISSUER_EB,1,1,2652,まんだらけ,1.000549047737311,0.0,0.0
2024-09-11,C01_WEEKDAY_ISSUER_EB_K1,C01_WEEKDAY_ISSUER_EB,1,1,9913,日邦産業,0.6739666267054014,1.5802469135802522,1.0
2024-09-12,C01_WEEKDAY_ISSUER_EB_K1,C01_WEEKDAY_ISSUER_EB,1,1,4370,モビルス,0.5357099190149894,,
2024-09-13,C01_WEEKDAY_ISSUER_EB_K1,C01_WEEKDAY_ISSUER_EB,1,1,3205,ダイドーリミテッド,0.7946471004693595,-1.3584117032392928,0.0
2024-09-17,C01_WEEKDAY_ISSUER_EB_K1,C01_WEEKDAY_ISSUER_EB,1,1,2334,イオレ,1.067502227242939,-4.1358936484490405,0.0
2024-09-18,C01_WEEKDAY_ISSUER_EB_K1,C01_WEEKDAY_ISSUER_EB,1,1,9913,日邦産業,0.6739666267054014,1.5818091942659374,1.0
2024-09-19,C01_WEEKDAY_ISSUER_EB_K1,C01_WEEKDAY_ISSUER_EB,1,1,9221,フルハシＥＰＯ,0.623458138026768,-0.4044489383215333,0.0
2024-09-20,C01_WEEKDAY_ISSUER_EB_K1,C01_WEEKDAY_ISSUER_EB,1,1,3667,ｅｎｉｓｈ,0.8135557658447872,1.5625,1.0
2024-09-24,C01_WEEKDAY_ISSUER_EB_K1,C01_WEEKDAY_ISSUER_EB,1,1,2334,イオレ,1.067502227242939,-1.1816838995568735,0.0
2024-09-25,C01_WEEKDAY_ISSUER_EB_K1,C01_WEEKDAY_ISSUER_EB,1,1,9913,日邦産業,0.6739666267054014,0.49043648847473253,1.0
2024-09-26,C01_WEEKDAY_ISSUER_EB_K1,C01_WEEKDAY_ISSUER_EB,1,1,9221,フルハシＥＰＯ,0.623458138026768,-0.09950248756218638,0.0
2024-09-27,C01_WEEKDAY_ISSUER_EB_K1,C01_WEEKDAY_ISSUER_EB,1,1,3103,ユニチカ,0.9039384730654579,2.857142857142847,1.0
2024-09-30,C01_WEEKDAY_ISSUER_EB_K1,C01_WEEKDAY_ISSUER_EB,1,1,4884,クリングルファーマ,0.52633213756759,0.0,0.0
2024-10-01,C01_WEEKDAY_ISSUER_EB_K1,C01_WEEKDAY_ISSUER_EB,1,1,2334,イオレ,0.8119120821745452,2.777777777777768,1.0
2024-10-02,C01_WEEKDAY_ISSUER_EB_K1,C01_WEEKDAY_ISSUER_EB,1,1,9913,日邦産業,0.6189056321609931,1.3145539906103343,1.0
2024-10-03,C01_WEEKDAY_ISSUER_EB_K1,C01_WEEKDAY_ISSUER_EB,1,1,4413,ボードルア,0.6242506089148584,-0.3745318352059934,0.0
2024-10-04,C01_WEEKDAY_ISSUER_EB_K1,C01_WEEKDAY_ISSUER_EB,1,1,3103,ユニチカ,0.9103860533308812,-1.2698412698412653,0.0
2024-10-07,C01_WEEKDAY_ISSUER_EB_K1,C01_WEEKDAY_ISSUER_EB,1,1,4884,クリングルファーマ,0.593342741225016,0.3504672897196359,1.0
2024-10-08,C01_WEEKDAY_ISSUER_EB_K1,C01_WEEKDAY_ISSUER_EB,1,1,2334,イオレ,0.8119120821745452,-0.911854103343468,0.0
2024-10-09,C01_WEEKDAY_ISSUER_EB_K1,C01_WEEKDAY_ISSUER_EB,1,1,9913,日邦産業,0.6189056321609931,0.04948045522019662,1.0
2024-10-10,C01_WEEKDAY_ISSUER_EB_K1,C01_WEEKDAY_ISSUER_EB,1,1,4413,ボードルア,0.6242506089148584,-4.940374787052814,0.0
2024-10-11,C01_WEEKDAY_ISSUER_EB_K1,C01_WEEKDAY_ISSUER_EB,1,1,3103,ユニチカ,0.9103860533308812,-0.3311258278145712,0.0
2024-10-15,C01_WEEKDAY_ISSUER_EB_K1,C01_WEEKDAY_ISSUER_EB,1,1,2334,イオレ,0.8119120821745452,-0.3039513677811523,0.0
2024-10-16,C01_WEEKDAY_ISSUER_EB_K1,C01_WEEKDAY_ISSUER_EB,1,1,9913,日邦産業,0.6189056321609931,0.8780487804878057,1.0
2024-10-17,C01_WEEKDAY_ISSUER_EB_K1,C01_WEEKDAY_ISSUER_EB,1,1,4413,ボードルア,0.6242506089148584,-4.61538461538461,0.0
2024-10-18,C01_WEEKDAY_ISSUER_EB_K1,C01_WEEKDAY_ISSUER_EB,1,1,3103,ユニチカ,0.9103860533308812,0.32679738562091387,1.0
2024-10-21,C01_WEEKDAY_ISSUER_EB_K1,C01_WEEKDAY_ISSUER_EB,1,1,4884,クリングルファーマ,0.593342741225016,3.159173754556499,1.0
2024-10-22,C01_WEEKDAY_ISSUER_EB_K1,C01_WEEKDAY_ISSUER_EB,1,1,9337,トリドリ,0.9649104758598747,-4.711673699015472,0.0
2024-10-23,C01_WEEKDAY_ISSUER_EB_K1,C01_WEEKDAY_ISSUER_EB,1,1,9913,日邦産業,0.6189056321609931,2.426006792819013,1.0
2024-10-24,C01_WEEKDAY_ISSUER_EB_K1,C01_WEEKDAY_ISSUER_EB,1,1,3623,ビリングシステム,0.7364715225445039,0.38402457757296116,1.0
2024-10-25,C01_WEEKDAY_ISSUER_EB_K1,C01_WEEKDAY_ISSUER_EB,1,1,3103,ユニチカ,0.9103860533308812,-1.388888888888884,0.0
2024-10-28,C01_WEEKDAY_ISSUER_EB_K1,C01_WEEKDAY_ISSUER_EB,1,1,4884,クリングルファーマ,0.593342741225016,8.781127129750988,1.0
2024-10-29,C01_WEEKDAY_ISSUER_EB_K1,C01_WEEKDAY_ISSUER_EB,1,1,9337,トリドリ,0.9649104758598747,2.0953757225433467,1.0
2024-10-30,C01_WEEKDAY_ISSUER_EB_K1,C01_WEEKDAY_ISSUER_EB,1,1,9913,日邦産業,0.6189056321609931,3.34645669291338,1.0
2024-10-31,C01_WEEKDAY_ISSUER_EB_K1,C01_WEEKDAY_ISSUER_EB,1,1,3623,ビリングシステム,0.7364715225445039,-1.111934766493694,0.0
2024-11-01,C01_WEEKDAY_ISSUER_EB_K1,C01_WEEKDAY_ISSUER_EB,1,1,3103,ユニチカ,0.7657533453375901,-0.6872852233676952,0.0
2024-11-05,C01_WEEKDAY_ISSUER_EB_K1,C01_WEEKDAY_ISSUER_EB,1,1,4051,ＧＭＯフィナンシャルゲート,0.7855018359436009,-1.8205461638491571,0.0
2024-11-06,C01_WEEKDAY_ISSUER_EB_K1,C01_WEEKDAY_ISSUER_EB,1,1,9913,日邦産業,0.701313768268685,-1.9065776930409895,0.0
2024-11-07,C01_WEEKDAY_ISSUER_EB_K1,C01_WEEKDAY_ISSUER_EB,1,1,3623,ビリングシステム,0.644439327878706,1.5498154981549828,1.0
2024-11-08,C01_WEEKDAY_ISSUER_EB_K1,C01_WEEKDAY_ISSUER_EB,1,1,3103,ユニチカ,0.7657533453375901,-17.567567567567565,0.0
2024-11-11,C01_WEEKDAY_ISSUER_EB_K1,C01_WEEKDAY_ISSUER_EB,1,1,4884,クリングルファーマ,0.781364711536143,1.3664596273291973,1.0
2024-11-12,C01_WEEKDAY_ISSUER_EB_K1,C01_WEEKDAY_ISSUER_EB,1,1,4051,ＧＭＯフィナンシャルゲート,0.7855018359436009,-1.0389610389610393,0.0
2024-11-13,C01_WEEKDAY_ISSUER_EB_K1,C01_WEEKDAY_ISSUER_EB,1,1,9913,日邦産業,0.701313768268685,-2.097235462345093,0.0
2024-11-14,C01_WEEKDAY_ISSUER_EB_K1,C01_WEEKDAY_ISSUER_EB,1,1,3623,ビリングシステム,0.644439327878706,-2.4130589070262554,0.0
2024-11-15,C01_WEEKDAY_ISSUER_EB_K1,C01_WEEKDAY_ISSUER_EB,1,1,3205,ダイドーリミテッド,0.690639978614569,0.7117437722419906,1.0
2024-11-18,C01_WEEKDAY_ISSUER_EB_K1,C01_WEEKDAY_ISSUER_EB,1,1,4490,ビザスク,0.8181239147442423,1.7676767676767735,1.0
2024-11-19,C01_WEEKDAY_ISSUER_EB_K1,C01_WEEKDAY_ISSUER_EB,1,1,7083,ＡＨＣグループ,0.7418069777754145,0.36900369003689537,1.0
2024-11-20,C01_WEEKDAY_ISSUER_EB_K1,C01_WEEKDAY_ISSUER_EB,1,1,9913,日邦産業,0.701313768268685,0.9051929490233368,1.0
2024-11-21,C01_WEEKDAY_ISSUER_EB_K1,C01_WEEKDAY_ISSUER_EB,1,1,3623,ビリングシステム,0.644439327878706,1.3370865587614356,1.0
2024-11-22,C01_WEEKDAY_ISSUER_EB_K1,C01_WEEKDAY_ISSUER_EB,1,1,3205,ダイドーリミテッド,0.690639978614569,4.431137724550904,1.0
2024-11-25,C01_WEEKDAY_ISSUER_EB_K1,C01_WEEKDAY_ISSUER_EB,1,1,4490,ビザスク,0.8181239147442423,1.5846538782318564,1.0
2024-11-26,C01_WEEKDAY_ISSUER_EB_K1,C01_WEEKDAY_ISSUER_EB,1,1,137A,Ｃｏｃｏｌｉｖｅ,0.7165532510058368,-0.09090909090908594,0.0
2024-11-27,C01_WEEKDAY_ISSUER_EB_K1,C01_WEEKDAY_ISSUER_EB,1,1,9913,日邦産業,0.701313768268685,-1.3750592697961084,0.0
2024-11-28,C01_WEEKDAY_ISSUER_EB_K1,C01_WEEKDAY_ISSUER_EB,1,1,3623,ビリングシステム,0.644439327878706,3.988803358992299,1.0
2024-11-29,C01_WEEKDAY_ISSUER_EB_K1,C01_WEEKDAY_ISSUER_EB,1,1,3103,ユニチカ,0.7657533453375901,-12.217194570135748,0.0
2024-12-02,C01_WEEKDAY_ISSUER_EB_K1,C01_WEEKDAY_ISSUER_EB,1,1,4490,ビザスク,0.8175784614537577,1.2499999999999956,1.0
2024-12-03,C01_WEEKDAY_ISSUER_EB_K1,C01_WEEKDAY_ISSUER_EB,1,1,4819,デジタルガレージ,0.7807844490708162,1.5810276679841806,1.0
2024-12-04,C01_WEEKDAY_ISSUER_EB_K1,C01_WEEKDAY_ISSUER_EB,1,1,7886,ヤマト モビリティ ＆ Ｍｆｇ．,0.5966609707497795,-2.2797927461139844,0.0
2024-12-05,C01_WEEKDAY_ISSUER_EB_K1,C01_WEEKDAY_ISSUER_EB,1,1,3623,ビリングシステム,0.6829623619594404,0.3107520198881275,1.0
2024-12-06,C01_WEEKDAY_ISSUER_EB_K1,C01_WEEKDAY_ISSUER_EB,1,1,3692,ＦＦＲＩセキュリティ,0.7918748336615651,-2.294557097118466,0.0
2024-12-09,C01_WEEKDAY_ISSUER_EB_K1,C01_WEEKDAY_ISSUER_EB,1,1,4490,ビザスク,0.8175784614537577,6.770833333333326,1.0
2024-12-10,C01_WEEKDAY_ISSUER_EB_K1,C01_WEEKDAY_ISSUER_EB,1,1,4819,デジタルガレージ,0.7807844490708162,-1.4435695538057791,0.0
2024-12-11,C01_WEEKDAY_ISSUER_EB_K1,C01_WEEKDAY_ISSUER_EB,1,1,7886,ヤマト モビリティ ＆ Ｍｆｇ．,0.5966609707497795,0.3239740820734305,1.0
2024-12-12,C01_WEEKDAY_ISSUER_EB_K1,C01_WEEKDAY_ISSUER_EB,1,1,3623,ビリングシステム,0.6829623619594404,0.19672131147541183,1.0
2024-12-13,C01_WEEKDAY_ISSUER_EB_K1,C01_WEEKDAY_ISSUER_EB,1,1,3692,ＦＦＲＩセキュリティ,0.7918748336615651,0.6417112299465177,1.0
2024-12-16,C01_WEEKDAY_ISSUER_EB_K1,C01_WEEKDAY_ISSUER_EB,1,1,4884,クリングルファーマ,0.8816679075739959,-2.430555555555558,0.0
2024-12-17,C01_WEEKDAY_ISSUER_EB_K1,C01_WEEKDAY_ISSUER_EB,1,1,4819,デジタルガレージ,0.7807844490708162,0.2691790040376896,1.0
2024-12-18,C01_WEEKDAY_ISSUER_EB_K1,C01_WEEKDAY_ISSUER_EB,1,1,7886,ヤマト モビリティ ＆ Ｍｆｇ．,0.5966609707497795,-0.43859649122807154,0.0
2024-12-19,C01_WEEKDAY_ISSUER_EB_K1,C01_WEEKDAY_ISSUER_EB,1,1,3623,ビリングシステム,0.6829623619594404,4.186360567184333,1.0
2024-12-20,C01_WEEKDAY_ISSUER_EB_K1,C01_WEEKDAY_ISSUER_EB,1,1,3692,ＦＦＲＩセキュリティ,0.7918748336615651,-3.5560344827586188,0.0
2024-12-23,C01_WEEKDAY_ISSUER_EB_K1,C01_WEEKDAY_ISSUER_EB,1,1,4884,クリングルファーマ,0.8816679075739959,-0.12345679012345512,0.0
2024-12-24,C01_WEEKDAY_ISSUER_EB_K1,C01_WEEKDAY_ISSUER_EB,1,1,7083,ＡＨＣグループ,0.7812594297448134,1.5697137580794163,1.0
2024-12-25,C01_WEEKDAY_ISSUER_EB_K1,C01_WEEKDAY_ISSUER_EB,1,1,7886,ヤマト モビリティ ＆ Ｍｆｇ．,0.5966609707497795,-0.4545454545454519,0.0
2024-12-26,C01_WEEKDAY_ISSUER_EB_K1,C01_WEEKDAY_ISSUER_EB,1,1,3623,ビリングシステム,0.6829623619594404,-1.6083916083916128,0.0
2024-12-27,C01_WEEKDAY_ISSUER_EB_K1,C01_WEEKDAY_ISSUER_EB,1,1,3692,ＦＦＲＩセキュリティ,0.7918748336615651,2.819237147595355,1.0
2024-12-30,C01_WEEKDAY_ISSUER_EB_K1,C01_WEEKDAY_ISSUER_EB,1,1,4884,クリングルファーマ,0.8816679075739959,3.4360189573459765,1.0
2025-01-06,C01_WEEKDAY_ISSUER_EB_K1,C01_WEEKDAY_ISSUER_EB,1,1,4490,ビザスク,0.9380674578975813,-4.524886877828049,0.0
2025-01-07,C01_WEEKDAY_ISSUER_EB_K1,C01_WEEKDAY_ISSUER_EB,1,1,3686,ディー・エル・イー,0.7433490801768748,2.4793388429751984,1.0
2025-01-08,C01_WEEKDAY_ISSUER_EB_K1,C01_WEEKDAY_ISSUER_EB,1,1,9913,日邦産業,0.5230134778488235,-0.04777830864787225,0.0
2025-01-09,C01_WEEKDAY_ISSUER_EB_K1,C01_WEEKDAY_ISSUER_EB,1,1,3623,ビリングシステム,0.6964276453092589,0.0,0.0
2025-01-10,C01_WEEKDAY_ISSUER_EB_K1,C01_WEEKDAY_ISSUER_EB,1,1,3205,ダイドーリミテッド,0.823988543534152,0.21141649048626032,1.0
2025-01-14,C01_WEEKDAY_ISSUER_EB_K1,C01_WEEKDAY_ISSUER_EB,1,1,3686,ディー・エル・イー,0.7433490801768748,0.7874015748031482,1.0
2025-01-15,C01_WEEKDAY_ISSUER_EB_K1,C01_WEEKDAY_ISSUER_EB,1,1,9913,日邦産業,0.5230134778488235,0.5169172932330879,1.0
2025-01-16,C01_WEEKDAY_ISSUER_EB_K1,C01_WEEKDAY_ISSUER_EB,1,1,3623,ビリングシステム,0.6964276453092589,-0.23201856148491462,0.0
2025-01-17,C01_WEEKDAY_ISSUER_EB_K1,C01_WEEKDAY_ISSUER_EB,1,1,3205,ダイドーリミテッド,0.823988543534152,1.8672199170124415,1.0
2025-01-20,C01_WEEKDAY_ISSUER_EB_K1,C01_WEEKDAY_ISSUER_EB,1,1,4490,ビザスク,0.9380674578975813,0.09999999999998899,1.0
2025-01-21,C01_WEEKDAY_ISSUER_EB_K1,C01_WEEKDAY_ISSUER_EB,1,1,4819,デジタルガレージ,0.6994737604910073,0.6765899864682012,1.0
2025-01-22,C01_WEEKDAY_ISSUER_EB_K1,C01_WEEKDAY_ISSUER_EB,1,1,9913,日邦産業,0.5230134778488235,2.127659574468077,1.0
2025-01-23,C01_WEEKDAY_ISSUER_EB_K1,C01_WEEKDAY_ISSUER_EB,1,1,4937,Ｗａｑｏｏ,0.7250599674770358,-1.3035381750465591,0.0
2025-01-24,C01_WEEKDAY_ISSUER_EB_K1,C01_WEEKDAY_ISSUER_EB,1,1,3205,ダイドーリミテッド,0.823988543534152,2.9441624365482255,1.0
2025-01-27,C01_WEEKDAY_ISSUER_EB_K1,C01_WEEKDAY_ISSUER_EB,1,1,4490,ビザスク,0.9380674578975813,0.09587727708533222,1.0
2025-01-28,C01_WEEKDAY_ISSUER_EB_K1,C01_WEEKDAY_ISSUER_EB,1,1,4819,デジタルガレージ,0.6994737604910073,2.4643320363164634,1.0
2025-01-29,C01_WEEKDAY_ISSUER_EB_K1,C01_WEEKDAY_ISSUER_EB,1,1,9913,日邦産業,0.5230134778488235,0.2277904328018332,1.0
2025-01-30,C01_WEEKDAY_ISSUER_EB_K1,C01_WEEKDAY_ISSUER_EB,1,1,4937,Ｗａｑｏｏ,0.7250599674770358,-0.46860356138707093,0.0
2025-01-31,C01_WEEKDAY_ISSUER_EB_K1,C01_WEEKDAY_ISSUER_EB,1,1,3205,ダイドーリミテッド,0.823988543534152,-0.09523809523809268,0.0
2025-02-03,C01_WEEKDAY_ISSUER_EB_K1,C01_WEEKDAY_ISSUER_EB,1,1,4490,ビザスク,0.8014440642934808,-0.08787346221441616,0.0
2025-02-04,C01_WEEKDAY_ISSUER_EB_K1,C01_WEEKDAY_ISSUER_EB,1,1,4783,ＮＣＤ,0.729078158767459,1.6767748840528007,1.0
2025-02-05,C01_WEEKDAY_ISSUER_EB_K1,C01_WEEKDAY_ISSUER_EB,1,1,7760,ＩＭＶ,0.4291620324485377,-1.1265164644714054,0.0
2025-02-06,C01_WEEKDAY_ISSUER_EB_K1,C01_WEEKDAY_ISSUER_EB,1,1,3623,ビリングシステム,0.5908505036710633,-1.3559322033898313,0.0
2025-02-07,C01_WEEKDAY_ISSUER_EB_K1,C01_WEEKDAY_ISSUER_EB,1,1,3205,ダイドーリミテッド,0.8555903563086316,0.0,0.0
2025-02-10,C01_WEEKDAY_ISSUER_EB_K1,C01_WEEKDAY_ISSUER_EB,1,1,4490,ビザスク,0.8014440642934808,-0.07955449482895949,0.0
2025-02-12,C01_WEEKDAY_ISSUER_EB_K1,C01_WEEKDAY_ISSUER_EB,1,1,9913,日邦産業,0.5369801963378055,0.5323868677906018,1.0
2025-02-13,C01_WEEKDAY_ISSUER_EB_K1,C01_WEEKDAY_ISSUER_EB,1,1,3623,ビリングシステム,0.5908505036710633,0.9369676320272635,1.0
2025-02-14,C01_WEEKDAY_ISSUER_EB_K1,C01_WEEKDAY_ISSUER_EB,1,1,3205,ダイドーリミテッド,0.8555903563086316,0.8196721311475308,1.0
2025-02-17,C01_WEEKDAY_ISSUER_EB_K1,C01_WEEKDAY_ISSUER_EB,1,1,4490,ビザスク,0.8014440642934808,-0.9958506224066355,0.0
2025-02-18,C01_WEEKDAY_ISSUER_EB_K1,C01_WEEKDAY_ISSUER_EB,1,1,4783,ＮＣＤ,0.729078158767459,-4.1337842916196905,0.0
2025-02-19,C01_WEEKDAY_ISSUER_EB_K1,C01_WEEKDAY_ISSUER_EB,1,1,9913,日邦産業,0.5369801963378055,-0.08798944126704455,0.0
2025-02-20,C01_WEEKDAY_ISSUER_EB_K1,C01_WEEKDAY_ISSUER_EB,1,1,3623,ビリングシステム,0.5908505036710633,-2.8009084027252107,0.0
2025-02-21,C01_WEEKDAY_ISSUER_EB_K1,C01_WEEKDAY_ISSUER_EB,1,1,3205,ダイドーリミテッド,0.8555903563086316,0.34188034188034067,1.0
2025-02-25,C01_WEEKDAY_ISSUER_EB_K1,C01_WEEKDAY_ISSUER_EB,1,1,4819,デジタルガレージ,0.7013525728029348,-0.21786492374727962,0.0
2025-02-26,C01_WEEKDAY_ISSUER_EB_K1,C01_WEEKDAY_ISSUER_EB,1,1,9913,日邦産業,0.5369801963378055,3.5230352303523116,1.0
2025-02-27,C01_WEEKDAY_ISSUER_EB_K1,C01_WEEKDAY_ISSUER_EB,1,1,3623,ビリングシステム,0.5908505036710633,-2.1207177814029365,0.0
2025-02-28,C01_WEEKDAY_ISSUER_EB_K1,C01_WEEKDAY_ISSUER_EB,1,1,3205,ダイドーリミテッド,0.8555903563086316,0.17391304347826875,1.0
2025-03-03,C01_WEEKDAY_ISSUER_EB_K1,C01_WEEKDAY_ISSUER_EB,1,1,6574,コンヴァノ,0.7587064433992411,-3.0890052356020936,0.0
2025-03-04,C01_WEEKDAY_ISSUER_EB_K1,C01_WEEKDAY_ISSUER_EB,1,1,7375,リファインバースグループ,0.628261275796655,0.6053268765133124,1.0
2025-03-05,C01_WEEKDAY_ISSUER_EB_K1,C01_WEEKDAY_ISSUER_EB,1,1,9913,日邦産業,0.5739439654283341,0.7626738447734427,1.0
2025-03-06,C01_WEEKDAY_ISSUER_EB_K1,C01_WEEKDAY_ISSUER_EB,1,1,4937,Ｗａｑｏｏ,0.6201861132022889,0.7113821138211351,1.0
2025-03-07,C01_WEEKDAY_ISSUER_EB_K1,C01_WEEKDAY_ISSUER_EB,1,1,3205,ダイドーリミテッド,0.8183100033263917,-2.892561983471076,0.0
2025-03-10,C01_WEEKDAY_ISSUER_EB_K1,C01_WEEKDAY_ISSUER_EB,1,1,6574,コンヴァノ,0.7587064433992411,0.05055611729019027,1.0
2025-03-11,C01_WEEKDAY_ISSUER_EB_K1,C01_WEEKDAY_ISSUER_EB,1,1,4783,ＮＣＤ,0.69864204782361,3.0604133545309997,1.0
2025-03-12,C01_WEEKDAY_ISSUER_EB_K1,C01_WEEKDAY_ISSUER_EB,1,1,9913,日邦産業,0.5739439654283341,1.2998655311519558,1.0
2025-03-13,C01_WEEKDAY_ISSUER_EB_K1,C01_WEEKDAY_ISSUER_EB,1,1,4937,Ｗａｑｏｏ,0.6201861132022889,4.229607250755296,1.0
2025-03-14,C01_WEEKDAY_ISSUER_EB_K1,C01_WEEKDAY_ISSUER_EB,1,1,3205,ダイドーリミテッド,0.8183100033263917,0.4237288135593209,1.0
2025-03-17,C01_WEEKDAY_ISSUER_EB_K1,C01_WEEKDAY_ISSUER_EB,1,1,6574,コンヴァノ,0.7587064433992411,0.0,0.0
2025-03-18,C01_WEEKDAY_ISSUER_EB_K1,C01_WEEKDAY_ISSUER_EB,1,1,4783,ＮＣＤ,0.69864204782361,0.3937007874015741,1.0
2025-03-19,C01_WEEKDAY_ISSUER_EB_K1,C01_WEEKDAY_ISSUER_EB,1,1,9913,日邦産業,0.5739439654283341,-0.8620689655172376,0.0
2025-03-21,C01_WEEKDAY_ISSUER_EB_K1,C01_WEEKDAY_ISSUER_EB,1,1,3205,ダイドーリミテッド,0.8183100033263917,-0.4184100418409997,0.0
2025-03-24,C01_WEEKDAY_ISSUER_EB_K1,C01_WEEKDAY_ISSUER_EB,1,1,4490,ビザスク,0.7353889730097639,-2.9069767441860517,0.0
2025-03-25,C01_WEEKDAY_ISSUER_EB_K1,C01_WEEKDAY_ISSUER_EB,1,1,4783,ＮＣＤ,0.69864204782361,1.6065830721003094,1.0
2025-03-26,C01_WEEKDAY_ISSUER_EB_K1,C01_WEEKDAY_ISSUER_EB,1,1,9913,日邦産業,0.5739439654283341,0.6084311169056944,1.0
2025-03-27,C01_WEEKDAY_ISSUER_EB_K1,C01_WEEKDAY_ISSUER_EB,1,1,4937,Ｗａｑｏｏ,0.6201861132022889,1.67322834645669,1.0
2025-03-28,C01_WEEKDAY_ISSUER_EB_K1,C01_WEEKDAY_ISSUER_EB,1,1,3205,ダイドーリミテッド,0.8183100033263917,8.158508158508159,1.0
2025-03-31,C01_WEEKDAY_ISSUER_EB_K1,C01_WEEKDAY_ISSUER_EB,1,1,6574,コンヴァノ,0.7587064433992411,,
2025-04-01,C01_WEEKDAY_ISSUER_EB_K1,C01_WEEKDAY_ISSUER_EB,1,1,4783,ＮＣＤ,0.7461625071999011,-2.1010101010101034,0.0
2025-04-02,C01_WEEKDAY_ISSUER_EB_K1,C01_WEEKDAY_ISSUER_EB,1,1,9913,日邦産業,0.578954066528683,-0.4005340453938633,0.0
2025-04-03,C01_WEEKDAY_ISSUER_EB_K1,C01_WEEKDAY_ISSUER_EB,1,1,4937,Ｗａｑｏｏ,0.6907592085206583,-0.4887585532746819,0.0
2025-04-04,C01_WEEKDAY_ISSUER_EB_K1,C01_WEEKDAY_ISSUER_EB,1,1,9252,ラストワンマイル,0.648791933053527,-1.3266998341625258,0.0
2025-04-07,C01_WEEKDAY_ISSUER_EB_K1,C01_WEEKDAY_ISSUER_EB,1,1,2901,ウェルディッシュ,0.6388262012160817,10.365853658536594,1.0
2025-04-08,C01_WEEKDAY_ISSUER_EB_K1,C01_WEEKDAY_ISSUER_EB,1,1,3659,ネクソン,0.6815921740259544,5.142118863049094,1.0
2025-04-09,C01_WEEKDAY_ISSUER_EB_K1,C01_WEEKDAY_ISSUER_EB,1,1,9913,日邦産業,0.578954066528683,0.0,0.0
2025-04-10,C01_WEEKDAY_ISSUER_EB_K1,C01_WEEKDAY_ISSUER_EB,1,1,166A,タスキホールディングス,0.4646370194685712,-0.31250000000000444,0.0
2025-04-11,C01_WEEKDAY_ISSUER_EB_K1,C01_WEEKDAY_ISSUER_EB,1,1,3299,ムゲンエステート,0.47111997144506707,0.24570024570025328,1.0
2025-04-14,C01_WEEKDAY_ISSUER_EB_K1,C01_WEEKDAY_ISSUER_EB,1,1,7345,アイ・パートナーズフィナンシャル,0.5105338022824214,,
2025-04-15,C01_WEEKDAY_ISSUER_EB_K1,C01_WEEKDAY_ISSUER_EB,1,1,9244,デジタリフト,0.5912959219844748,-1.8005540166205036,0.0
2025-04-16,C01_WEEKDAY_ISSUER_EB_K1,C01_WEEKDAY_ISSUER_EB,1,1,9913,日邦産業,0.578954066528683,1.035569563259786,1.0
2025-04-17,C01_WEEKDAY_ISSUER_EB_K1,C01_WEEKDAY_ISSUER_EB,1,1,166A,タスキホールディングス,0.4646370194685712,0.46367851622874934,1.0
2025-04-18,C01_WEEKDAY_ISSUER_EB_K1,C01_WEEKDAY_ISSUER_EB,1,1,3299,ムゲンエステート,0.47111997144506707,1.799242424242431,1.0
2025-04-21,C01_WEEKDAY_ISSUER_EB_K1,C01_WEEKDAY_ISSUER_EB,1,1,7345,アイ・パートナーズフィナンシャル,0.5105338022824214,-1.3722126929674117,0.0
2025-04-22,C01_WEEKDAY_ISSUER_EB_K1,C01_WEEKDAY_ISSUER_EB,1,1,3659,ネクソン,0.6815921740259544,-0.023601604909129215,0.0
2025-04-23,C01_WEEKDAY_ISSUER_EB_K1,C01_WEEKDAY_ISSUER_EB,1,1,9913,日邦産業,0.578954066528683,-0.6089604175728569,0.0
2025-04-24,C01_WEEKDAY_ISSUER_EB_K1,C01_WEEKDAY_ISSUER_EB,1,1,166A,タスキホールディングス,0.4646370194685712,-0.303030303030305,0.0
2025-04-25,C01_WEEKDAY_ISSUER_EB_K1,C01_WEEKDAY_ISSUER_EB,1,1,3205,ダイドーリミテッド,0.8077070801592766,1.2484394506866447,1.0
2025-04-28,C01_WEEKDAY_ISSUER_EB_K1,C01_WEEKDAY_ISSUER_EB,1,1,7345,アイ・パートナーズフィナンシャル,0.5105338022824214,1.415929203539834,1.0
2025-04-30,C01_WEEKDAY_ISSUER_EB_K1,C01_WEEKDAY_ISSUER_EB,1,1,9913,日邦産業,0.578954066528683,0.0,0.0
2025-05-01,C01_WEEKDAY_ISSUER_EB_K1,C01_WEEKDAY_ISSUER_EB,1,1,4937,Ｗａｑｏｏ,0.7170162110397034,-1.1857707509881465,0.0
2025-05-02,C01_WEEKDAY_ISSUER_EB_K1,C01_WEEKDAY_ISSUER_EB,1,1,3205,ダイドーリミテッド,0.8277173638071627,0.5952380952380931,1.0
2025-05-07,C01_WEEKDAY_ISSUER_EB_K1,C01_WEEKDAY_ISSUER_EB,1,1,5803,フジクラ,0.54115496255508,1.538461538461533,1.0
2025-05-08,C01_WEEKDAY_ISSUER_EB_K1,C01_WEEKDAY_ISSUER_EB,1,1,4937,Ｗａｑｏｏ,0.7170162110397034,3.010348071495761,1.0
2025-05-09,C01_WEEKDAY_ISSUER_EB_K1,C01_WEEKDAY_ISSUER_EB,1,1,3205,ダイドーリミテッド,0.8277173638071627,0.4901960784313708,1.0
2025-05-12,C01_WEEKDAY_ISSUER_EB_K1,C01_WEEKDAY_ISSUER_EB,1,1,2901,ウェルディッシュ,0.7847995292470855,0.6289308176100628,1.0
2025-05-13,C01_WEEKDAY_ISSUER_EB_K1,C01_WEEKDAY_ISSUER_EB,1,1,4783,ＮＣＤ,0.7553487300085363,-0.5797101449275366,0.0
2025-05-14,C01_WEEKDAY_ISSUER_EB_K1,C01_WEEKDAY_ISSUER_EB,1,1,5803,フジクラ,0.54115496255508,1.4134275618374659,1.0
2025-05-15,C01_WEEKDAY_ISSUER_EB_K1,C01_WEEKDAY_ISSUER_EB,1,1,4937,Ｗａｑｏｏ,0.7170162110397034,-4.085422469823586,0.0
2025-05-16,C01_WEEKDAY_ISSUER_EB_K1,C01_WEEKDAY_ISSUER_EB,1,1,3205,ダイドーリミテッド,0.8277173638071627,-2.467811158798283,0.0
2025-05-19,C01_WEEKDAY_ISSUER_EB_K1,C01_WEEKDAY_ISSUER_EB,1,1,2901,ウェルディッシュ,0.7847995292470855,0.6079027355623046,1.0
2025-05-20,C01_WEEKDAY_ISSUER_EB_K1,C01_WEEKDAY_ISSUER_EB,1,1,4783,ＮＣＤ,0.7553487300085363,-0.6393001345895044,0.0
2025-05-21,C01_WEEKDAY_ISSUER_EB_K1,C01_WEEKDAY_ISSUER_EB,1,1,5803,フジクラ,0.54115496255508,-0.6721311475409886,0.0
2025-05-22,C01_WEEKDAY_ISSUER_EB_K1,C01_WEEKDAY_ISSUER_EB,1,1,4937,Ｗａｑｏｏ,0.7170162110397034,-1.0091743119266083,0.0
2025-05-23,C01_WEEKDAY_ISSUER_EB_K1,C01_WEEKDAY_ISSUER_EB,1,1,3205,ダイドーリミテッド,0.8277173638071627,1.012373453318327,1.0
2025-05-26,C01_WEEKDAY_ISSUER_EB_K1,C01_WEEKDAY_ISSUER_EB,1,1,2901,ウェルディッシュ,0.7847995292470855,3.881987577639756,1.0
2025-05-27,C01_WEEKDAY_ISSUER_EB_K1,C01_WEEKDAY_ISSUER_EB,1,1,3686,ディー・エル・イー,0.8020638414905846,2.127659574468077,1.0
2025-05-28,C01_WEEKDAY_ISSUER_EB_K1,C01_WEEKDAY_ISSUER_EB,1,1,5803,フジクラ,0.54115496255508,-1.3179821239206135,0.0
2025-05-29,C01_WEEKDAY_ISSUER_EB_K1,C01_WEEKDAY_ISSUER_EB,1,1,4937,Ｗａｑｏｏ,0.7170162110397034,-1.2623985572587926,0.0
2025-05-30,C01_WEEKDAY_ISSUER_EB_K1,C01_WEEKDAY_ISSUER_EB,1,1,3205,ダイドーリミテッド,0.8277173638071627,0.41753653444676075,1.0
2025-06-02,C01_WEEKDAY_ISSUER_EB_K1,C01_WEEKDAY_ISSUER_EB,1,1,2901,ウェルディッシュ,0.8376554121469109,-6.011730205278587,0.0
2025-06-03,C01_WEEKDAY_ISSUER_EB_K1,C01_WEEKDAY_ISSUER_EB,1,1,3686,ディー・エル・イー,0.724442352578941,-2.6666666666666616,0.0
2025-06-04,C01_WEEKDAY_ISSUER_EB_K1,C01_WEEKDAY_ISSUER_EB,1,1,5803,フジクラ,0.5267267864933263,-2.1186440677966156,0.0
2025-06-05,C01_WEEKDAY_ISSUER_EB_K1,C01_WEEKDAY_ISSUER_EB,1,1,4937,Ｗａｑｏｏ,0.6154155870684436,0.09099181073703999,1.0
2025-06-06,C01_WEEKDAY_ISSUER_EB_K1,C01_WEEKDAY_ISSUER_EB,1,1,3205,ダイドーリミテッド,0.7817105513905037,1.2552301255230214,1.0
2025-06-09,C01_WEEKDAY_ISSUER_EB_K1,C01_WEEKDAY_ISSUER_EB,1,1,2901,ウェルディッシュ,0.8376554121469109,2.1538461538461506,1.0
2025-06-10,C01_WEEKDAY_ISSUER_EB_K1,C01_WEEKDAY_ISSUER_EB,1,1,3686,ディー・エル・イー,0.724442352578941,-1.342281879194629,0.0
2025-06-11,C01_WEEKDAY_ISSUER_EB_K1,C01_WEEKDAY_ISSUER_EB,1,1,5803,フジクラ,0.5267267864933263,-3.857225100748418,0.0
2025-06-12,C01_WEEKDAY_ISSUER_EB_K1,C01_WEEKDAY_ISSUER_EB,1,1,4937,Ｗａｑｏｏ,0.6154155870684436,4.59433040078201,1.0
2025-06-13,C01_WEEKDAY_ISSUER_EB_K1,C01_WEEKDAY_ISSUER_EB,1,1,3205,ダイドーリミテッド,0.7817105513905037,0.10040160642570406,1.0
2025-06-16,C01_WEEKDAY_ISSUER_EB_K1,C01_WEEKDAY_ISSUER_EB,1,1,2901,ウェルディッシュ,0.8376554121469109,1.2944983818770295,1.0
2025-06-17,C01_WEEKDAY_ISSUER_EB_K1,C01_WEEKDAY_ISSUER_EB,1,1,3686,ディー・エル・イー,0.724442352578941,-1.3333333333333308,0.0
2025-06-18,C01_WEEKDAY_ISSUER_EB_K1,C01_WEEKDAY_ISSUER_EB,1,1,5803,フジクラ,0.5267267864933263,-0.8046817849305055,0.0
2025-06-19,C01_WEEKDAY_ISSUER_EB_K1,C01_WEEKDAY_ISSUER_EB,1,1,4937,Ｗａｑｏｏ,0.6154155870684436,-2.400000000000002,0.0
2025-06-20,C01_WEEKDAY_ISSUER_EB_K1,C01_WEEKDAY_ISSUER_EB,1,1,3205,ダイドーリミテッド,0.7817105513905037,-1.2512030798844997,0.0
2025-06-23,C01_WEEKDAY_ISSUER_EB_K1,C01_WEEKDAY_ISSUER_EB,1,1,2901,ウェルディッシュ,0.8376554121469109,0.47999999999999154,1.0
2025-06-24,C01_WEEKDAY_ISSUER_EB_K1,C01_WEEKDAY_ISSUER_EB,1,1,3686,ディー・エル・イー,0.724442352578941,0.6578947368421018,1.0
2025-06-25,C01_WEEKDAY_ISSUER_EB_K1,C01_WEEKDAY_ISSUER_EB,1,1,5803,フジクラ,0.5267267864933263,0.5174825174825148,1.0
2025-06-26,C01_WEEKDAY_ISSUER_EB_K1,C01_WEEKDAY_ISSUER_EB,1,1,4937,Ｗａｑｏｏ,0.6154155870684436,-1.865284974093262,0.0
2025-06-27,C01_WEEKDAY_ISSUER_EB_K1,C01_WEEKDAY_ISSUER_EB,1,1,3205,ダイドーリミテッド,0.7817105513905037,-1.5075376884422065,0.0
2025-06-30,C01_WEEKDAY_ISSUER_EB_K1,C01_WEEKDAY_ISSUER_EB,1,1,2901,ウェルディッシュ,0.8376554121469109,1.4173228346456623,1.0
2025-07-01,C01_WEEKDAY_ISSUER_EB_K1,C01_WEEKDAY_ISSUER_EB,1,1,2345,クシム,0.70785061405194,1.3698630136986356,1.0
2025-07-02,C01_WEEKDAY_ISSUER_EB_K1,C01_WEEKDAY_ISSUER_EB,1,1,6034,ＭＲＴ,0.49941983620602504,-0.4160887656033285,0.0
2025-07-03,C01_WEEKDAY_ISSUER_EB_K1,C01_WEEKDAY_ISSUER_EB,1,1,4937,Ｗａｑｏｏ,0.5906897619229668,3.1016042780748654,1.0
2025-07-04,C01_WEEKDAY_ISSUER_EB_K1,C01_WEEKDAY_ISSUER_EB,1,1,3205,ダイドーリミテッド,0.7213312771358736,0.8385744234800763,1.0
2025-07-07,C01_WEEKDAY_ISSUER_EB_K1,C01_WEEKDAY_ISSUER_EB,1,1,9241,フューチャーリンクネットワーク,0.8015923220776829,-2.3009950248756184,0.0
2025-07-08,C01_WEEKDAY_ISSUER_EB_K1,C01_WEEKDAY_ISSUER_EB,1,1,2345,クシム,0.70785061405194,3.7735849056603765,1.0
2025-07-09,C01_WEEKDAY_ISSUER_EB_K1,C01_WEEKDAY_ISSUER_EB,1,1,6034,ＭＲＴ,0.49941983620602504,-1.104972375690605,0.0
2025-07-10,C01_WEEKDAY_ISSUER_EB_K1,C01_WEEKDAY_ISSUER_EB,1,1,4937,Ｗａｑｏｏ,0.5906897619229668,-0.8221993833504637,0.0
2025-07-11,C01_WEEKDAY_ISSUER_EB_K1,C01_WEEKDAY_ISSUER_EB,1,1,3205,ダイドーリミテッド,0.7213312771358736,2.0618556701030855,1.0
2025-07-14,C01_WEEKDAY_ISSUER_EB_K1,C01_WEEKDAY_ISSUER_EB,1,1,9241,フューチャーリンクネットワーク,0.8015923220776829,-3.0116779348494216,0.0
2025-07-15,C01_WEEKDAY_ISSUER_EB_K1,C01_WEEKDAY_ISSUER_EB,1,1,2345,クシム,0.70785061405194,-1.3761467889908285,0.0
2025-07-16,C01_WEEKDAY_ISSUER_EB_K1,C01_WEEKDAY_ISSUER_EB,1,1,6034,ＭＲＴ,0.49941983620602504,-1.2693935119887145,0.0
2025-07-17,C01_WEEKDAY_ISSUER_EB_K1,C01_WEEKDAY_ISSUER_EB,1,1,4937,Ｗａｑｏｏ,0.5906897619229668,0.30060120240480437,1.0
2025-07-18,C01_WEEKDAY_ISSUER_EB_K1,C01_WEEKDAY_ISSUER_EB,1,1,3205,ダイドーリミテッド,0.7213312771358736,-1.1247443762781195,0.0
2025-07-22,C01_WEEKDAY_ISSUER_EB_K1,C01_WEEKDAY_ISSUER_EB,1,1,2345,クシム,0.70785061405194,0.9569377990430672,1.0
2025-07-23,C01_WEEKDAY_ISSUER_EB_K1,C01_WEEKDAY_ISSUER_EB,1,1,6034,ＭＲＴ,0.49941983620602504,1.1444921316166035,1.0
2025-07-24,C01_WEEKDAY_ISSUER_EB_K1,C01_WEEKDAY_ISSUER_EB,1,1,4937,Ｗａｑｏｏ,0.5906897619229668,0.9910802775024763,1.0
2025-07-25,C01_WEEKDAY_ISSUER_EB_K1,C01_WEEKDAY_ISSUER_EB,1,1,3205,ダイドーリミテッド,0.7213312771358736,0.2044989775051187,1.0
2025-07-28,C01_WEEKDAY_ISSUER_EB_K1,C01_WEEKDAY_ISSUER_EB,1,1,9241,フューチャーリンクネットワーク,0.8015923220776829,0.424628450106157,1.0
2025-07-29,C01_WEEKDAY_ISSUER_EB_K1,C01_WEEKDAY_ISSUER_EB,1,1,4393,バンク・オブ・イノベーション,0.7596701341459384,-0.17825311942959443,0.0
2025-07-30,C01_WEEKDAY_ISSUER_EB_K1,C01_WEEKDAY_ISSUER_EB,1,1,6034,ＭＲＴ,0.49941983620602504,0.0,0.0
2025-07-31,C01_WEEKDAY_ISSUER_EB_K1,C01_WEEKDAY_ISSUER_EB,1,1,4937,Ｗａｑｏｏ,0.5906897619229668,0.9803921568627416,1.0
2024-07-01,C01_WEEKDAY_ISSUER_EB_K2,C01_WEEKDAY_ISSUER_EB,2,1,7018,内海造船,0.9327082684588213,-3.195488721804507,0.0
2024-07-01,C01_WEEKDAY_ISSUER_EB_K2,C01_WEEKDAY_ISSUER_EB,2,2,5707,東邦亜鉛,0.8598481885815686,2.453271028037385,1.0
2024-07-02,C01_WEEKDAY_ISSUER_EB_K2,C01_WEEKDAY_ISSUER_EB,2,1,7779,ＣＹＢＥＲＤＹＮＥ,0.8530007813711565,0.0,0.0
2024-07-02,C01_WEEKDAY_ISSUER_EB_K2,C01_WEEKDAY_ISSUER_EB,2,2,7375,リファインバースグループ,0.7459731325519405,-3.293807641633728,0.0
2024-07-03,C01_WEEKDAY_ISSUER_EB_K2,C01_WEEKDAY_ISSUER_EB,2,1,9164,トライト,0.514209094984965,-0.4672897196261627,0.0
2024-07-03,C01_WEEKDAY_ISSUER_EB_K2,C01_WEEKDAY_ISSUER_EB,2,2,,,,,
2024-07-04,C01_WEEKDAY_ISSUER_EB_K2,C01_WEEKDAY_ISSUER_EB,2,1,9889,ＪＢＣＣホールディングス,0.5635892255918477,1.0884353741496655,1.0
2024-07-04,C01_WEEKDAY_ISSUER_EB_K2,C01_WEEKDAY_ISSUER_EB,2,2,4369,トリケミカル研究所,0.525416054538858,-1.5186915887850483,0.0
2024-07-05,C01_WEEKDAY_ISSUER_EB_K2,C01_WEEKDAY_ISSUER_EB,2,1,6736,サン電子,0.9469162949233838,-1.378579003181335,0.0
2024-07-05,C01_WEEKDAY_ISSUER_EB_K2,C01_WEEKDAY_ISSUER_EB,2,2,4116,大日精化⼯業,0.8573880167254324,-1.900584795321636,0.0
2024-07-08,C01_WEEKDAY_ISSUER_EB_K2,C01_WEEKDAY_ISSUER_EB,2,1,7018,内海造船,0.9327082684588213,-0.9328358208955279,0.0
2024-07-08,C01_WEEKDAY_ISSUER_EB_K2,C01_WEEKDAY_ISSUER_EB,2,2,5707,東邦亜鉛,0.8598481885815686,0.0,0.0
2024-07-09,C01_WEEKDAY_ISSUER_EB_K2,C01_WEEKDAY_ISSUER_EB,2,1,7779,ＣＹＢＥＲＤＹＮＥ,0.8530007813711565,-0.48076923076922906,0.0
2024-07-09,C01_WEEKDAY_ISSUER_EB_K2,C01_WEEKDAY_ISSUER_EB,2,2,7375,リファインバースグループ,0.7459731325519405,-0.3712871287128716,0.0
2024-07-10,C01_WEEKDAY_ISSUER_EB_K2,C01_WEEKDAY_ISSUER_EB,2,1,9164,トライト,0.514209094984965,-0.917431192660545,0.0
2024-07-10,C01_WEEKDAY_ISSUER_EB_K2,C01_WEEKDAY_ISSUER_EB,2,2,,,,,
2024-07-11,C01_WEEKDAY_ISSUER_EB_K2,C01_WEEKDAY_ISSUER_EB,2,1,4389,プロパティデータバンク,0.7625094991139378,3.6682615629983983,1.0
2024-07-11,C01_WEEKDAY_ISSUER_EB_K2,C01_WEEKDAY_ISSUER_EB,2,2,9889,ＪＢＣＣホールディングス,0.5635892255918477,-0.6711409395973145,0.0
2024-07-12,C01_WEEKDAY_ISSUER_EB_K2,C01_WEEKDAY_ISSUER_EB,2,1,6736,サン電子,0.9469162949233838,2.499999999999991,1.0
2024-07-12,C01_WEEKDAY_ISSUER_EB_K2,C01_WEEKDAY_ISSUER_EB,2,2,4116,大日精化⼯業,0.8573880167254324,-0.7668711656441674,0.0
2024-07-16,C01_WEEKDAY_ISSUER_EB_K2,C01_WEEKDAY_ISSUER_EB,2,1,7779,ＣＹＢＥＲＤＹＮＥ,0.8530007813711565,-0.4716981132075526,0.0
2024-07-16,C01_WEEKDAY_ISSUER_EB_K2,C01_WEEKDAY_ISSUER_EB,2,2,7375,リファインバースグループ,0.7459731325519405,2.5485436893203817,1.0
2024-07-17,C01_WEEKDAY_ISSUER_EB_K2,C01_WEEKDAY_ISSUER_EB,2,1,9164,トライト,0.514209094984965,-2.1929824561403466,0.0
2024-07-17,C01_WEEKDAY_ISSUER_EB_K2,C01_WEEKDAY_ISSUER_EB,2,2,,,,,
2024-07-18,C01_WEEKDAY_ISSUER_EB_K2,C01_WEEKDAY_ISSUER_EB,2,1,4389,プロパティデータバンク,0.7625094991139378,-1.5277777777777724,0.0
2024-07-18,C01_WEEKDAY_ISSUER_EB_K2,C01_WEEKDAY_ISSUER_EB,2,2,9889,ＪＢＣＣホールディングス,0.5635892255918477,-0.9536784741144388,0.0
2024-07-19,C01_WEEKDAY_ISSUER_EB_K2,C01_WEEKDAY_ISSUER_EB,2,1,6736,サン電子,0.9469162949233838,8.111111111111114,1.0
2024-07-19,C01_WEEKDAY_ISSUER_EB_K2,C01_WEEKDAY_ISSUER_EB,2,2,4116,大日精化⼯業,0.8573880167254324,0.304878048780477,1.0
2024-07-22,C01_WEEKDAY_ISSUER_EB_K2,C01_WEEKDAY_ISSUER_EB,2,1,7018,内海造船,0.9327082684588213,-1.5655577299412915,0.0
2024-07-22,C01_WEEKDAY_ISSUER_EB_K2,C01_WEEKDAY_ISSUER_EB,2,2,5707,東邦亜鉛,0.8598481885815686,-1.2391573729863659,0.0
2024-07-23,C01_WEEKDAY_ISSUER_EB_K2,C01_WEEKDAY_ISSUER_EB,2,1,7779,ＣＹＢＥＲＤＹＮＥ,0.8530007813711565,0.8968609865470878,1.0
2024-07-23,C01_WEEKDAY_ISSUER_EB_K2,C01_WEEKDAY_ISSUER_EB,2,2,7375,リファインバースグループ,0.7459731325519405,2.9487179487179382,1.0
2024-07-24,C01_WEEKDAY_ISSUER_EB_K2,C01_WEEKDAY_ISSUER_EB,2,1,9164,トライト,0.514209094984965,-2.2271714922049046,0.0
2024-07-24,C01_WEEKDAY_ISSUER_EB_K2,C01_WEEKDAY_ISSUER_EB,2,2,,,,,
2024-07-25,C01_WEEKDAY_ISSUER_EB_K2,C01_WEEKDAY_ISSUER_EB,2,1,4389,プロパティデータバンク,0.7625094991139378,3.330809992429984,1.0
2024-07-25,C01_WEEKDAY_ISSUER_EB_K2,C01_WEEKDAY_ISSUER_EB,2,2,9889,ＪＢＣＣホールディングス,0.5635892255918477,-2.4390243902439046,0.0
2024-07-26,C01_WEEKDAY_ISSUER_EB_K2,C01_WEEKDAY_ISSUER_EB,2,1,4116,大日精化⼯業,0.8573880167254324,-0.1612903225806428,0.0
2024-07-26,C01_WEEKDAY_ISSUER_EB_K2,C01_WEEKDAY_ISSUER_EB,2,2,8131,ミツウロコグループホールディングス,0.8268199993206156,-0.4801920768307322,0.0
2024-07-29,C01_WEEKDAY_ISSUER_EB_K2,C01_WEEKDAY_ISSUER_EB,2,1,7018,内海造船,0.9327082684588213,0.21505376344086446,1.0
2024-07-29,C01_WEEKDAY_ISSUER_EB_K2,C01_WEEKDAY_ISSUER_EB,2,2,5707,東邦亜鉛,0.8598481885815686,1.658163265306123,1.0
2024-07-30,C01_WEEKDAY_ISSUER_EB_K2,C01_WEEKDAY_ISSUER_EB,2,1,7779,ＣＹＢＥＲＤＹＮＥ,0.8530007813711565,-0.462962962962965,0.0
2024-07-30,C01_WEEKDAY_ISSUER_EB_K2,C01_WEEKDAY_ISSUER_EB,2,2,7375,リファインバースグループ,0.7459731325519405,1.8867924528301883,1.0
2024-07-31,C01_WEEKDAY_ISSUER_EB_K2,C01_WEEKDAY_ISSUER_EB,2,1,9164,トライト,0.514209094984965,-1.8181818181818188,0.0
2024-07-31,C01_WEEKDAY_ISSUER_EB_K2,C01_WEEKDAY_ISSUER_EB,2,2,,,,,
2024-08-01,C01_WEEKDAY_ISSUER_EB_K2,C01_WEEKDAY_ISSUER_EB,2,1,4389,プロパティデータバンク,0.694410353783257,-5.35714285714286,0.0
2024-08-01,C01_WEEKDAY_ISSUER_EB_K2,C01_WEEKDAY_ISSUER_EB,2,2,7906,ヨネックス,0.48079940586602044,-2.318034306907746,0.0
2024-08-02,C01_WEEKDAY_ISSUER_EB_K2,C01_WEEKDAY_ISSUER_EB,2,1,6736,サン電子,0.9113765994117122,-0.18621973929237035,0.0
2024-08-02,C01_WEEKDAY_ISSUER_EB_K2,C01_WEEKDAY_ISSUER_EB,2,2,2164,地域新聞社,0.8320505216091405,-4.78723404255319,0.0
2024-08-05,C01_WEEKDAY_ISSUER_EB_K2,C01_WEEKDAY_ISSUER_EB,2,1,5707,東邦亜鉛,0.7469456993730789,-5.674846625766872,0.0
2024-08-05,C01_WEEKDAY_ISSUER_EB_K2,C01_WEEKDAY_ISSUER_EB,2,2,6930,日本アンテナ,0.6336413813382958,-7.152875175315565,0.0
2024-08-06,C01_WEEKDAY_ISSUER_EB_K2,C01_WEEKDAY_ISSUER_EB,2,1,3659,ネクソン,0.4784386807059021,3.9764868603042958,1.0
2024-08-06,C01_WEEKDAY_ISSUER_EB_K2,C01_WEEKDAY_ISSUER_EB,2,2,6497,ハマイ,0.461169826769121,3.0364372469635637,1.0
2024-08-07,C01_WEEKDAY_ISSUER_EB_K2,C01_WEEKDAY_ISSUER_EB,2,1,,,,,
2024-08-07,C01_WEEKDAY_ISSUER_EB_K2,C01_WEEKDAY_ISSUER_EB,2,2,,,,,
2024-08-08,C01_WEEKDAY_ISSUER_EB_K2,C01_WEEKDAY_ISSUER_EB,2,1,9534,北海道瓦斯,0.4239388111876764,-2.4823884602482416,0.0
2024-08-08,C01_WEEKDAY_ISSUER_EB_K2,C01_WEEKDAY_ISSUER_EB,2,2,8111,ゴールドウイン,0.41095634438610573,-1.6688061617458283,0.0
2024-08-09,C01_WEEKDAY_ISSUER_EB_K2,C01_WEEKDAY_ISSUER_EB,2,1,9902,日伝,0.6815899880954144,3.9531478770131745,1.0
2024-08-09,C01_WEEKDAY_ISSUER_EB_K2,C01_WEEKDAY_ISSUER_EB,2,2,7043,アルー,0.6723174816576825,0.0,0.0
2024-08-13,C01_WEEKDAY_ISSUER_EB_K2,C01_WEEKDAY_ISSUER_EB,2,1,6497,ハマイ,0.461169826769121,-0.7662835249042099,0.0
2024-08-13,C01_WEEKDAY_ISSUER_EB_K2,C01_WEEKDAY_ISSUER_EB,2,2,7719,東京衡機,0.43956160458814186,1.6393442622950838,1.0
2024-08-14,C01_WEEKDAY_ISSUER_EB_K2,C01_WEEKDAY_ISSUER_EB,2,1,,,,,
2024-08-14,C01_WEEKDAY_ISSUER_EB_K2,C01_WEEKDAY_ISSUER_EB,2,2,,,,,
2024-08-15,C01_WEEKDAY_ISSUER_EB_K2,C01_WEEKDAY_ISSUER_EB,2,1,9534,北海道瓦斯,0.4239388111876764,-1.2903225806451646,0.0
2024-08-15,C01_WEEKDAY_ISSUER_EB_K2,C01_WEEKDAY_ISSUER_EB,2,2,,,,,
2024-08-16,C01_WEEKDAY_ISSUER_EB_K2,C01_WEEKDAY_ISSUER_EB,2,1,6736,サン電子,0.9113765994117122,4.770318021201403,1.0
2024-08-16,C01_WEEKDAY_ISSUER_EB_K2,C01_WEEKDAY_ISSUER_EB,2,2,9902,日伝,0.6815899880954144,1.147776183644189,1.0
2024-08-19,C01_WEEKDAY_ISSUER_EB_K2,C01_WEEKDAY_ISSUER_EB,2,1,6930,日本アンテナ,0.6336413813382958,-1.7615176151761558,0.0
2024-08-19,C01_WEEKDAY_ISSUER_EB_K2,C01_WEEKDAY_ISSUER_EB,2,2,7043,アルー,0.54652780505648,-0.5031446540880502,0.0
2024-08-20,C01_WEEKDAY_ISSUER_EB_K2,C01_WEEKDAY_ISSUER_EB,2,1,6497,ハマイ,0.461169826769121,0.09149130832570851,1.0
2024-08-20,C01_WEEKDAY_ISSUER_EB_K2,C01_WEEKDAY_ISSUER_EB,2,2,7719,東京衡機,0.43956160458814186,1.5625,1.0
2024-08-21,C01_WEEKDAY_ISSUER_EB_K2,C01_WEEKDAY_ISSUER_EB,2,1,,,,,
2024-08-21,C01_WEEKDAY_ISSUER_EB_K2,C01_WEEKDAY_ISSUER_EB,2,2,,,,,
2024-08-22,C01_WEEKDAY_ISSUER_EB_K2,C01_WEEKDAY_ISSUER_EB,2,1,9534,北海道瓦斯,0.4239388111876764,0.8116883116883189,1.0
2024-08-22,C01_WEEKDAY_ISSUER_EB_K2,C01_WEEKDAY_ISSUER_EB,2,2,9889,ＪＢＣＣホールディングス,0.41864335578343903,0.9615384615384581,1.0
2024-08-23,C01_WEEKDAY_ISSUER_EB_K2,C01_WEEKDAY_ISSUER_EB,2,1,9902,日伝,0.6815899880954144,3.6231884057970953,1.0
2024-08-23,C01_WEEKDAY_ISSUER_EB_K2,C01_WEEKDAY_ISSUER_EB,2,2,7043,アルー,0.6723174816576825,-1.4981273408239737,0.0
2024-08-26,C01_WEEKDAY_ISSUER_EB_K2,C01_WEEKDAY_ISSUER_EB,2,1,6930,日本アンテナ,0.6336413813382958,0.0,0.0
2024-08-26,C01_WEEKDAY_ISSUER_EB_K2,C01_WEEKDAY_ISSUER_EB,2,2,7043,アルー,0.54652780505648,0.25316455696202667,1.0
2024-08-27,C01_WEEKDAY_ISSUER_EB_K2,C01_WEEKDAY_ISSUER_EB,2,1,7779,ＣＹＢＥＲＤＹＮＥ,0.7064131101392717,0.45662100456620447,1.0
2024-08-27,C01_WEEKDAY_ISSUER_EB_K2,C01_WEEKDAY_ISSUER_EB,2,2,4176,ココナラ,0.621483877368479,0.0,0.0
2024-08-28,C01_WEEKDAY_ISSUER_EB_K2,C01_WEEKDAY_ISSUER_EB,2,1,2108,日本甜菜製糖,0.4332469427302694,0.11834319526626835,1.0
2024-08-28,C01_WEEKDAY_ISSUER_EB_K2,C01_WEEKDAY_ISSUER_EB,2,2,,,,,
2024-08-29,C01_WEEKDAY_ISSUER_EB_K2,C01_WEEKDAY_ISSUER_EB,2,1,4389,プロパティデータバンク,0.694410353783257,-1.708185053380784,0.0
2024-08-29,C01_WEEKDAY_ISSUER_EB_K2,C01_WEEKDAY_ISSUER_EB,2,2,3990,ＵＵＵＭ,0.4607457882935371,-1.2499999999999956,0.0
2024-08-30,C01_WEEKDAY_ISSUER_EB_K2,C01_WEEKDAY_ISSUER_EB,2,1,3692,ＦＦＲＩセキュリティ,0.9501635669770434,2.0289855072463725,1.0
2024-08-30,C01_WEEKDAY_ISSUER_EB_K2,C01_WEEKDAY_ISSUER_EB,2,2,2164,地域新聞社,0.8320505216091405,-2.3560209424083767,0.0
2024-09-02,C01_WEEKDAY_ISSUER_EB_K2,C01_WEEKDAY_ISSUER_EB,2,1,,,,,
2024-09-02,C01_WEEKDAY_ISSUER_EB_K2,C01_WEEKDAY_ISSUER_EB,2,2,,,,,
2024-09-03,C01_WEEKDAY_ISSUER_EB_K2,C01_WEEKDAY_ISSUER_EB,2,1,2652,まんだらけ,1.000549047737311,1.1467889908256979,1.0
2024-09-03,C01_WEEKDAY_ISSUER_EB_K2,C01_WEEKDAY_ISSUER_EB,2,2,4783,ＮＣＤ,0.9764249810839488,-1.4932802389248434,0.0
2024-09-04,C01_WEEKDAY_ISSUER_EB_K2,C01_WEEKDAY_ISSUER_EB,2,1,9913,日邦産業,0.6739666267054014,-1.355140186915893,0.0
2024-09-04,C01_WEEKDAY_ISSUER_EB_K2,C01_WEEKDAY_ISSUER_EB,2,2,2338,クオンタムソリューションズ,0.660274692613663,-1.2474012474012475,0.0
2024-09-05,C01_WEEKDAY_ISSUER_EB_K2,C01_WEEKDAY_ISSUER_EB,2,1,9221,フルハシＥＰＯ,0.623458138026768,-2.2471910112359605,0.0
2024-09-05,C01_WEEKDAY_ISSUER_EB_K2,C01_WEEKDAY_ISSUER_EB,2,2,4370,モビルス,0.5357099190149894,-2.8089887640449396,0.0
2024-09-06,C01_WEEKDAY_ISSUER_EB_K2,C01_WEEKDAY_ISSUER_EB,2,1,3692,ＦＦＲＩセキュリティ,0.86959211549018,-1.9256605463502052,0.0
2024-09-06,C01_WEEKDAY_ISSUER_EB_K2,C01_WEEKDAY_ISSUER_EB,2,2,3205,ダイドーリミテッド,0.7946471004693595,2.5723472668810254,1.0
2024-09-09,C01_WEEKDAY_ISSUER_EB_K2,C01_WEEKDAY_ISSUER_EB,2,1,,,,,
2024-09-09,C01_WEEKDAY_ISSUER_EB_K2,C01_WEEKDAY_ISSUER_EB,2,2,,,,,
2024-09-10,C01_WEEKDAY_ISSUER_EB_K2,C01_WEEKDAY_ISSUER_EB,2,1,2652,まんだらけ,1.000549047737311,0.0,0.0
2024-09-10,C01_WEEKDAY_ISSUER_EB_K2,C01_WEEKDAY_ISSUER_EB,2,2,4783,ＮＣＤ,0.9764249810839488,-1.6586409844836836,0.0
2024-09-11,C01_WEEKDAY_ISSUER_EB_K2,C01_WEEKDAY_ISSUER_EB,2,1,9913,日邦産業,0.6739666267054014,1.5802469135802522,1.0
2024-09-11,C01_WEEKDAY_ISSUER_EB_K2,C01_WEEKDAY_ISSUER_EB,2,2,2338,クオンタムソリューションズ,0.660274692613663,-1.0729613733905574,0.0
2024-09-12,C01_WEEKDAY_ISSUER_EB_K2,C01_WEEKDAY_ISSUER_EB,2,1,4370,モビルス,0.5357099190149894,,
2024-09-12,C01_WEEKDAY_ISSUER_EB_K2,C01_WEEKDAY_ISSUER_EB,2,2,4937,Ｗａｑｏｏ,0.4577150400523559,-0.23419203747072626,0.0
2024-09-13,C01_WEEKDAY_ISSUER_EB_K2,C01_WEEKDAY_ISSUER_EB,2,1,3205,ダイドーリミテッド,0.7946471004693595,-1.3584117032392928,0.0
2024-09-13,C01_WEEKDAY_ISSUER_EB_K2,C01_WEEKDAY_ISSUER_EB,2,2,4442,バルテス・ホールディングス,0.6867881776273536,-0.9433962264150941,0.0
2024-09-17,C01_WEEKDAY_ISSUER_EB_K2,C01_WEEKDAY_ISSUER_EB,2,1,2334,イオレ,1.067502227242939,-4.1358936484490405,0.0
2024-09-17,C01_WEEKDAY_ISSUER_EB_K2,C01_WEEKDAY_ISSUER_EB,2,2,2652,まんだらけ,1.000549047737311,-0.952380952380949,0.0
2024-09-18,C01_WEEKDAY_ISSUER_EB_K2,C01_WEEKDAY_ISSUER_EB,2,1,9913,日邦産業,0.6739666267054014,1.5818091942659374,1.0
2024-09-18,C01_WEEKDAY_ISSUER_EB_K2,C01_WEEKDAY_ISSUER_EB,2,2,2338,クオンタムソリューションズ,0.660274692613663,-1.943844492440605,0.0
2024-09-19,C01_WEEKDAY_ISSUER_EB_K2,C01_WEEKDAY_ISSUER_EB,2,1,9221,フルハシＥＰＯ,0.623458138026768,-0.4044489383215333,0.0
2024-09-19,C01_WEEKDAY_ISSUER_EB_K2,C01_WEEKDAY_ISSUER_EB,2,2,4370,モビルス,0.5357099190149894,1.4577259475218707,1.0
2024-09-20,C01_WEEKDAY_ISSUER_EB_K2,C01_WEEKDAY_ISSUER_EB,2,1,3667,ｅｎｉｓｈ,0.8135557658447872,1.5625,1.0
2024-09-20,C01_WEEKDAY_ISSUER_EB_K2,C01_WEEKDAY_ISSUER_EB,2,2,3205,ダイドーリミテッド,0.7946471004693595,0.31088082901553626,1.0
2024-09-24,C01_WEEKDAY_ISSUER_EB_K2,C01_WEEKDAY_ISSUER_EB,2,1,2334,イオレ,1.067502227242939,-1.1816838995568735,0.0
2024-09-24,C01_WEEKDAY_ISSUER_EB_K2,C01_WEEKDAY_ISSUER_EB,2,2,2652,まんだらけ,1.000549047737311,-2.3201856148491906,0.0
2024-09-25,C01_WEEKDAY_ISSUER_EB_K2,C01_WEEKDAY_ISSUER_EB,2,1,9913,日邦産業,0.6739666267054014,0.49043648847473253,1.0
2024-09-25,C01_WEEKDAY_ISSUER_EB_K2,C01_WEEKDAY_ISSUER_EB,2,2,2338,クオンタムソリューションズ,0.660274692613663,1.7621145374449254,1.0
2024-09-26,C01_WEEKDAY_ISSUER_EB_K2,C01_WEEKDAY_ISSUER_EB,2,1,9221,フルハシＥＰＯ,0.623458138026768,-0.09950248756218638,0.0
2024-09-26,C01_WEEKDAY_ISSUER_EB_K2,C01_WEEKDAY_ISSUER_EB,2,2,4370,モビルス,0.5357099190149894,1.1560693641618602,1.0
2024-09-27,C01_WEEKDAY_ISSUER_EB_K2,C01_WEEKDAY_ISSUER_EB,2,1,3103,ユニチカ,0.9039384730654579,2.857142857142847,1.0
2024-09-27,C01_WEEKDAY_ISSUER_EB_K2,C01_WEEKDAY_ISSUER_EB,2,2,3667,ｅｎｉｓｈ,0.8135557658447872,-3.589743589743588,0.0
2024-09-30,C01_WEEKDAY_ISSUER_EB_K2,C01_WEEKDAY_ISSUER_EB,2,1,4884,クリングルファーマ,0.52633213756759,0.0,0.0
2024-09-30,C01_WEEKDAY_ISSUER_EB_K2,C01_WEEKDAY_ISSUER_EB,2,2,6855,日本電子材料,0.4473876304551406,-3.4016235021260166,0.0
2024-10-01,C01_WEEKDAY_ISSUER_EB_K2,C01_WEEKDAY_ISSUER_EB,2,1,2334,イオレ,0.8119120821745452,2.777777777777768,1.0
2024-10-01,C01_WEEKDAY_ISSUER_EB_K2,C01_WEEKDAY_ISSUER_EB,2,2,2652,まんだらけ,0.7717203171741204,-1.715686274509809,0.0
2024-10-02,C01_WEEKDAY_ISSUER_EB_K2,C01_WEEKDAY_ISSUER_EB,2,1,9913,日邦産業,0.6189056321609931,1.3145539906103343,1.0
2024-10-02,C01_WEEKDAY_ISSUER_EB_K2,C01_WEEKDAY_ISSUER_EB,2,2,7886,ヤマト モビリティ ＆ Ｍｆｇ．,0.5706051335781854,-2.0000000000000018,0.0
2024-10-03,C01_WEEKDAY_ISSUER_EB_K2,C01_WEEKDAY_ISSUER_EB,2,1,4413,ボードルア,0.6242506089148584,-0.3745318352059934,0.0
2024-10-03,C01_WEEKDAY_ISSUER_EB_K2,C01_WEEKDAY_ISSUER_EB,2,2,7356,Ｒｅｔｔｙ,0.5603104675408618,1.3157894736842035,1.0
2024-10-04,C01_WEEKDAY_ISSUER_EB_K2,C01_WEEKDAY_ISSUER_EB,2,1,3103,ユニチカ,0.9103860533308812,-1.2698412698412653,0.0
2024-10-04,C01_WEEKDAY_ISSUER_EB_K2,C01_WEEKDAY_ISSUER_EB,2,2,3205,ダイドーリミテッド,0.7424577728316575,-0.43290043290042934,0.0
2024-10-07,C01_WEEKDAY_ISSUER_EB_K2,C01_WEEKDAY_ISSUER_EB,2,1,4884,クリングルファーマ,0.593342741225016,0.3504672897196359,1.0
2024-10-07,C01_WEEKDAY_ISSUER_EB_K2,C01_WEEKDAY_ISSUER_EB,2,2,9369,キユーソー流通システム,0.5096844726457068,0.3031834259727084,1.0
2024-10-08,C01_WEEKDAY_ISSUER_EB_K2,C01_WEEKDAY_ISSUER_EB,2,1,2334,イオレ,0.8119120821745452,-0.911854103343468,0.0
2024-10-08,C01_WEEKDAY_ISSUER_EB_K2,C01_WEEKDAY_ISSUER_EB,2,2,2652,まんだらけ,0.7717203171741204,-0.7772020725388629,0.0
2024-10-09,C01_WEEKDAY_ISSUER_EB_K2,C01_WEEKDAY_ISSUER_EB,2,1,9913,日邦産業,0.6189056321609931,0.04948045522019662,1.0
2024-10-09,C01_WEEKDAY_ISSUER_EB_K2,C01_WEEKDAY_ISSUER_EB,2,2,9340,アソインターナショナル,0.5175732207244174,-0.4827586206896606,0.0
2024-10-10,C01_WEEKDAY_ISSUER_EB_K2,C01_WEEKDAY_ISSUER_EB,2,1,4413,ボードルア,0.6242506089148584,-4.940374787052814,0.0
2024-10-10,C01_WEEKDAY_ISSUER_EB_K2,C01_WEEKDAY_ISSUER_EB,2,2,6524,湖北⼯業,0.571204987086962,-5.855855855855852,0.0
2024-10-11,C01_WEEKDAY_ISSUER_EB_K2,C01_WEEKDAY_ISSUER_EB,2,1,3103,ユニチカ,0.9103860533308812,-0.3311258278145712,0.0
2024-10-11,C01_WEEKDAY_ISSUER_EB_K2,C01_WEEKDAY_ISSUER_EB,2,2,3205,ダイドーリミテッド,0.7424577728316575,-1.631701631701632,0.0
2024-10-15,C01_WEEKDAY_ISSUER_EB_K2,C01_WEEKDAY_ISSUER_EB,2,1,2334,イオレ,0.8119120821745452,-0.3039513677811523,0.0
2024-10-15,C01_WEEKDAY_ISSUER_EB_K2,C01_WEEKDAY_ISSUER_EB,2,2,2652,まんだらけ,0.7717203171741204,1.6129032258064502,1.0
2024-10-16,C01_WEEKDAY_ISSUER_EB_K2,C01_WEEKDAY_ISSUER_EB,2,1,9913,日邦産業,0.6189056321609931,0.8780487804878057,1.0
2024-10-16,C01_WEEKDAY_ISSUER_EB_K2,C01_WEEKDAY_ISSUER_EB,2,2,9438,エムティーアイ,0.5017793653621149,-0.41288191577208977,0.0
2024-10-17,C01_WEEKDAY_ISSUER_EB_K2,C01_WEEKDAY_ISSUER_EB,2,1,4413,ボードルア,0.6242506089148584,-4.61538461538461,0.0
2024-10-17,C01_WEEKDAY_ISSUER_EB_K2,C01_WEEKDAY_ISSUER_EB,2,2,5889,Ｊａｐａｎ Ｅｙｅｗｅａｒ Ｈｏｌｄｉｎｇｓ,0.5924079454508733,-1.9088016967126142,0.0
2024-10-18,C01_WEEKDAY_ISSUER_EB_K2,C01_WEEKDAY_ISSUER_EB,2,1,3103,ユニチカ,0.9103860533308812,0.32679738562091387,1.0
2024-10-18,C01_WEEKDAY_ISSUER_EB_K2,C01_WEEKDAY_ISSUER_EB,2,2,3205,ダイドーリミテッド,0.7424577728316575,2.696365767878084,1.0
2024-10-21,C01_WEEKDAY_ISSUER_EB_K2,C01_WEEKDAY_ISSUER_EB,2,1,4884,クリングルファーマ,0.593342741225016,3.159173754556499,1.0
2024-10-21,C01_WEEKDAY_ISSUER_EB_K2,C01_WEEKDAY_ISSUER_EB,2,2,9369,キユーソー流通システム,0.5096844726457068,0.0,0.0
2024-10-22,C01_WEEKDAY_ISSUER_EB_K2,C01_WEEKDAY_ISSUER_EB,2,1,9337,トリドリ,0.9649104758598747,-4.711673699015472,0.0
2024-10-22,C01_WEEKDAY_ISSUER_EB_K2,C01_WEEKDAY_ISSUER_EB,2,2,4813,ＡＣＣＥＳＳ,0.8653761931617399,-3.918613413715144,0.0
2024-10-23,C01_WEEKDAY_ISSUER_EB_K2,C01_WEEKDAY_ISSUER_EB,2,1,9913,日邦産業,0.6189056321609931,2.426006792819013,1.0
2024-10-23,C01_WEEKDAY_ISSUER_EB_K2,C01_WEEKDAY_ISSUER_EB,2,2,9438,エムティーアイ,0.5017793653621149,-2.9888983774551625,0.0
2024-10-24,C01_WEEKDAY_ISSUER_EB_K2,C01_WEEKDAY_ISSUER_EB,2,1,3623,ビリングシステム,0.7364715225445039,0.38402457757296116,1.0
2024-10-24,C01_WEEKDAY_ISSUER_EB_K2,C01_WEEKDAY_ISSUER_EB,2,2,5889,Ｊａｐａｎ Ｅｙｅｗｅａｒ Ｈｏｌｄｉｎｇｓ,0.5924079454508733,0.8829174664107375,1.0
2024-10-25,C01_WEEKDAY_ISSUER_EB_K2,C01_WEEKDAY_ISSUER_EB,2,1,3103,ユニチカ,0.9103860533308812,-1.388888888888884,0.0
2024-10-25,C01_WEEKDAY_ISSUER_EB_K2,C01_WEEKDAY_ISSUER_EB,2,2,3692,ＦＦＲＩセキュリティ,0.8830830915111575,-0.2511300853842324,0.0
2024-10-28,C01_WEEKDAY_ISSUER_EB_K2,C01_WEEKDAY_ISSUER_EB,2,1,4884,クリングルファーマ,0.593342741225016,8.781127129750988,1.0
2024-10-28,C01_WEEKDAY_ISSUER_EB_K2,C01_WEEKDAY_ISSUER_EB,2,2,3623,ビリングシステム,0.5632876647039622,3.89408099688473,1.0
2024-10-29,C01_WEEKDAY_ISSUER_EB_K2,C01_WEEKDAY_ISSUER_EB,2,1,9337,トリドリ,0.9649104758598747,2.0953757225433467,1.0
2024-10-29,C01_WEEKDAY_ISSUER_EB_K2,C01_WEEKDAY_ISSUER_EB,2,2,4813,ＡＣＣＥＳＳ,0.8653761931617399,-1.3698630136986356,0.0
2024-10-30,C01_WEEKDAY_ISSUER_EB_K2,C01_WEEKDAY_ISSUER_EB,2,1,9913,日邦産業,0.6189056321609931,3.34645669291338,1.0
2024-10-30,C01_WEEKDAY_ISSUER_EB_K2,C01_WEEKDAY_ISSUER_EB,2,2,7886,ヤマト モビリティ ＆ Ｍｆｇ．,0.5706051335781854,3.9039039039038936,1.0
2024-10-31,C01_WEEKDAY_ISSUER_EB_K2,C01_WEEKDAY_ISSUER_EB,2,1,3623,ビリングシステム,0.7364715225445039,-1.111934766493694,0.0
2024-10-31,C01_WEEKDAY_ISSUER_EB_K2,C01_WEEKDAY_ISSUER_EB,2,2,4413,ボードルア,0.6242506089148584,-0.6335797254487852,0.0
2024-11-01,C01_WEEKDAY_ISSUER_EB_K2,C01_WEEKDAY_ISSUER_EB,2,1,3103,ユニチカ,0.7657533453375901,-0.6872852233676952,0.0
2024-11-01,C01_WEEKDAY_ISSUER_EB_K2,C01_WEEKDAY_ISSUER_EB,2,2,3205,ダイドーリミテッド,0.690639978614569,2.9940119760478945,1.0
2024-11-05,C01_WEEKDAY_ISSUER_EB_K2,C01_WEEKDAY_ISSUER_EB,2,1,4051,ＧＭＯフィナンシャルゲート,0.7855018359436009,-1.8205461638491571,0.0
2024-11-05,C01_WEEKDAY_ISSUER_EB_K2,C01_WEEKDAY_ISSUER_EB,2,2,137A,Ｃｏｃｏｌｉｖｅ,0.7165532510058368,0.0,0.0
2024-11-06,C01_WEEKDAY_ISSUER_EB_K2,C01_WEEKDAY_ISSUER_EB,2,1,9913,日邦産業,0.701313768268685,-1.9065776930409895,0.0
2024-11-06,C01_WEEKDAY_ISSUER_EB_K2,C01_WEEKDAY_ISSUER_EB,2,2,7886,ヤマト モビリティ ＆ Ｍｆｇ．,0.5717715445267508,-0.40000000000000036,0.0
2024-11-07,C01_WEEKDAY_ISSUER_EB_K2,C01_WEEKDAY_ISSUER_EB,2,1,3623,ビリングシステム,0.644439327878706,1.5498154981549828,1.0
2024-11-07,C01_WEEKDAY_ISSUER_EB_K2,C01_WEEKDAY_ISSUER_EB,2,2,9221,フルハシＥＰＯ,0.5417452470307577,1.3347022587268942,1.0
2024-11-08,C01_WEEKDAY_ISSUER_EB_K2,C01_WEEKDAY_ISSUER_EB,2,1,3103,ユニチカ,0.7657533453375901,-17.567567567567565,0.0
2024-11-08,C01_WEEKDAY_ISSUER_EB_K2,C01_WEEKDAY_ISSUER_EB,2,2,3205,ダイドーリミテッド,0.690639978614569,-0.5793742757821518,0.0
2024-11-11,C01_WEEKDAY_ISSUER_EB_K2,C01_WEEKDAY_ISSUER_EB,2,1,4884,クリングルファーマ,0.781364711536143,1.3664596273291973,1.0
2024-11-11,C01_WEEKDAY_ISSUER_EB_K2,C01_WEEKDAY_ISSUER_EB,2,2,3623,ビリングシステム,0.653929071825244,1.9882179675994038,1.0
2024-11-12,C01_WEEKDAY_ISSUER_EB_K2,C01_WEEKDAY_ISSUER_EB,2,1,4051,ＧＭＯフィナンシャルゲート,0.7855018359436009,-1.0389610389610393,0.0
2024-11-12,C01_WEEKDAY_ISSUER_EB_K2,C01_WEEKDAY_ISSUER_EB,2,2,7083,ＡＨＣグループ,0.7418069777754145,2.187028657616885,1.0
2024-11-13,C01_WEEKDAY_ISSUER_EB_K2,C01_WEEKDAY_ISSUER_EB,2,1,9913,日邦産業,0.701313768268685,-2.097235462345093,0.0
2024-11-13,C01_WEEKDAY_ISSUER_EB_K2,C01_WEEKDAY_ISSUER_EB,2,2,7886,ヤマト モビリティ ＆ Ｍｆｇ．,0.5717715445267508,7.737512242899114,1.0
2024-11-14,C01_WEEKDAY_ISSUER_EB_K2,C01_WEEKDAY_ISSUER_EB,2,1,3623,ビリングシステム,0.644439327878706,-2.4130589070262554,0.0
2024-11-14,C01_WEEKDAY_ISSUER_EB_K2,C01_WEEKDAY_ISSUER_EB,2,2,9221,フルハシＥＰＯ,0.5417452470307577,-2.1739130434782594,0.0
2024-11-15,C01_WEEKDAY_ISSUER_EB_K2,C01_WEEKDAY_ISSUER_EB,2,1,3205,ダイドーリミテッド,0.690639978614569,0.7117437722419906,1.0
2024-11-15,C01_WEEKDAY_ISSUER_EB_K2,C01_WEEKDAY_ISSUER_EB,2,2,3692,ＦＦＲＩセキュリティ,0.6743841653109128,6.218767351471399,1.0
2024-11-18,C01_WEEKDAY_ISSUER_EB_K2,C01_WEEKDAY_ISSUER_EB,2,1,4490,ビザスク,0.8181239147442423,1.7676767676767735,1.0
2024-11-18,C01_WEEKDAY_ISSUER_EB_K2,C01_WEEKDAY_ISSUER_EB,2,2,4884,クリングルファーマ,0.781364711536143,0.5154639175257714,1.0
2024-11-19,C01_WEEKDAY_ISSUER_EB_K2,C01_WEEKDAY_ISSUER_EB,2,1,7083,ＡＨＣグループ,0.7418069777754145,0.36900369003689537,1.0
2024-11-19,C01_WEEKDAY_ISSUER_EB_K2,C01_WEEKDAY_ISSUER_EB,2,2,137A,Ｃｏｃｏｌｉｖｅ,0.7165532510058368,0.2849002849002913,1.0
2024-11-20,C01_WEEKDAY_ISSUER_EB_K2,C01_WEEKDAY_ISSUER_EB,2,1,9913,日邦産業,0.701313768268685,0.9051929490233368,1.0
2024-11-20,C01_WEEKDAY_ISSUER_EB_K2,C01_WEEKDAY_ISSUER_EB,2,2,7886,ヤマト モビリティ ＆ Ｍｆｇ．,0.5717715445267508,-1.1190233977619535,0.0
2024-11-21,C01_WEEKDAY_ISSUER_EB_K2,C01_WEEKDAY_ISSUER_EB,2,1,3623,ビリングシステム,0.644439327878706,1.3370865587614356,1.0
2024-11-21,C01_WEEKDAY_ISSUER_EB_K2,C01_WEEKDAY_ISSUER_EB,2,2,9221,フルハシＥＰＯ,0.5417452470307577,-2.2471910112359605,0.0
2024-11-22,C01_WEEKDAY_ISSUER_EB_K2,C01_WEEKDAY_ISSUER_EB,2,1,3205,ダイドーリミテッド,0.690639978614569,4.431137724550904,1.0
2024-11-22,C01_WEEKDAY_ISSUER_EB_K2,C01_WEEKDAY_ISSUER_EB,2,2,3692,ＦＦＲＩセキュリティ,0.6743841653109128,2.417582417582409,1.0
2024-11-25,C01_WEEKDAY_ISSUER_EB_K2,C01_WEEKDAY_ISSUER_EB,2,1,4490,ビザスク,0.8181239147442423,1.5846538782318564,1.0
2024-11-25,C01_WEEKDAY_ISSUER_EB_K2,C01_WEEKDAY_ISSUER_EB,2,2,3623,ビリングシステム,0.653929071825244,0.4005340453938633,1.0
2024-11-26,C01_WEEKDAY_ISSUER_EB_K2,C01_WEEKDAY_ISSUER_EB,2,1,137A,Ｃｏｃｏｌｉｖｅ,0.7165532510058368,-0.09090909090908594,0.0
2024-11-26,C01_WEEKDAY_ISSUER_EB_K2,C01_WEEKDAY_ISSUER_EB,2,2,2334,イオレ,0.7102655249054743,-3.792415169660679,0.0
2024-11-27,C01_WEEKDAY_ISSUER_EB_K2,C01_WEEKDAY_ISSUER_EB,2,1,9913,日邦産業,0.701313768268685,-1.3750592697961084,0.0
2024-11-27,C01_WEEKDAY_ISSUER_EB_K2,C01_WEEKDAY_ISSUER_EB,2,2,7886,ヤマト モビリティ ＆ Ｍｆｇ．,0.5717715445267508,0.10526315789474161,1.0
2024-11-28,C01_WEEKDAY_ISSUER_EB_K2,C01_WEEKDAY_ISSUER_EB,2,1,3623,ビリングシステム,0.644439327878706,3.988803358992299,1.0
2024-11-28,C01_WEEKDAY_ISSUER_EB_K2,C01_WEEKDAY_ISSUER_EB,2,2,9221,フルハシＥＰＯ,0.5417452470307577,-0.7151370679380209,0.0
2024-11-29,C01_WEEKDAY_ISSUER_EB_K2,C01_WEEKDAY_ISSUER_EB,2,1,3103,ユニチカ,0.7657533453375901,-12.217194570135748,0.0
2024-11-29,C01_WEEKDAY_ISSUER_EB_K2,C01_WEEKDAY_ISSUER_EB,2,2,3205,ダイドーリミテッド,0.690639978614569,0.22522522522523403,1.0
2024-12-02,C01_WEEKDAY_ISSUER_EB_K2,C01_WEEKDAY_ISSUER_EB,2,1,4490,ビザスク,0.8175784614537577,1.2499999999999956,1.0
2024-12-02,C01_WEEKDAY_ISSUER_EB_K2,C01_WEEKDAY_ISSUER_EB,2,2,3623,ビリングシステム,0.724424907312407,-0.8535784635587684,0.0
2024-12-03,C01_WEEKDAY_ISSUER_EB_K2,C01_WEEKDAY_ISSUER_EB,2,1,4819,デジタルガレージ,0.7807844490708162,1.5810276679841806,1.0
2024-12-03,C01_WEEKDAY_ISSUER_EB_K2,C01_WEEKDAY_ISSUER_EB,2,2,9246,プロジェクトホールディングス,0.6926034781980548,1.0060362173038184,1.0
2024-12-04,C01_WEEKDAY_ISSUER_EB_K2,C01_WEEKDAY_ISSUER_EB,2,1,7886,ヤマト モビリティ ＆ Ｍｆｇ．,0.5966609707497795,-2.2797927461139844,0.0
2024-12-04,C01_WEEKDAY_ISSUER_EB_K2,C01_WEEKDAY_ISSUER_EB,2,2,9913,日邦産業,0.5648075354747008,0.1890359168241984,1.0
2024-12-05,C01_WEEKDAY_ISSUER_EB_K2,C01_WEEKDAY_ISSUER_EB,2,1,3623,ビリングシステム,0.6829623619594404,0.3107520198881275,1.0
2024-12-05,C01_WEEKDAY_ISSUER_EB_K2,C01_WEEKDAY_ISSUER_EB,2,2,4937,Ｗａｑｏｏ,0.6602211641558763,-0.9471191791633804,0.0
2024-12-06,C01_WEEKDAY_ISSUER_EB_K2,C01_WEEKDAY_ISSUER_EB,2,1,3692,ＦＦＲＩセキュリティ,0.7918748336615651,-2.294557097118466,0.0
2024-12-06,C01_WEEKDAY_ISSUER_EB_K2,C01_WEEKDAY_ISSUER_EB,2,2,3205,ダイドーリミテッド,0.7696109897725842,2.2222222222222143,1.0
2024-12-09,C01_WEEKDAY_ISSUER_EB_K2,C01_WEEKDAY_ISSUER_EB,2,1,4490,ビザスク,0.8175784614537577,6.770833333333326,1.0
2024-12-09,C01_WEEKDAY_ISSUER_EB_K2,C01_WEEKDAY_ISSUER_EB,2,2,196A,ＭＦＳ,0.7884361135737156,0.3030303030302939,1.0
2024-12-10,C01_WEEKDAY_ISSUER_EB_K2,C01_WEEKDAY_ISSUER_EB,2,1,4819,デジタルガレージ,0.7807844490708162,-1.4435695538057791,0.0
2024-12-10,C01_WEEKDAY_ISSUER_EB_K2,C01_WEEKDAY_ISSUER_EB,2,2,3686,ディー・エル・イー,0.7505105777722428,3.305785123966931,1.0
2024-12-11,C01_WEEKDAY_ISSUER_EB_K2,C01_WEEKDAY_ISSUER_EB,2,1,7886,ヤマト モビリティ ＆ Ｍｆｇ．,0.5966609707497795,0.3239740820734305,1.0
2024-12-11,C01_WEEKDAY_ISSUER_EB_K2,C01_WEEKDAY_ISSUER_EB,2,2,9913,日邦産業,0.5648075354747008,-0.04803073967338811,0.0
2024-12-12,C01_WEEKDAY_ISSUER_EB_K2,C01_WEEKDAY_ISSUER_EB,2,1,3623,ビリングシステム,0.6829623619594404,0.19672131147541183,1.0
2024-12-12,C01_WEEKDAY_ISSUER_EB_K2,C01_WEEKDAY_ISSUER_EB,2,2,5892,ｙｕｔｏｒｉ,0.6443878449588317,-3.3333333333333326,0.0
2024-12-13,C01_WEEKDAY_ISSUER_EB_K2,C01_WEEKDAY_ISSUER_EB,2,1,3692,ＦＦＲＩセキュリティ,0.7918748336615651,0.6417112299465177,1.0
2024-12-13,C01_WEEKDAY_ISSUER_EB_K2,C01_WEEKDAY_ISSUER_EB,2,2,3205,ダイドーリミテッド,0.7696109897725842,1.3498312710911176,1.0
2024-12-16,C01_WEEKDAY_ISSUER_EB_K2,C01_WEEKDAY_ISSUER_EB,2,1,4884,クリングルファーマ,0.8816679075739959,-2.430555555555558,0.0
2024-12-16,C01_WEEKDAY_ISSUER_EB_K2,C01_WEEKDAY_ISSUER_EB,2,2,4490,ビザスク,0.8175784614537577,0.8368200836819994,1.0
2024-12-17,C01_WEEKDAY_ISSUER_EB_K2,C01_WEEKDAY_ISSUER_EB,2,1,4819,デジタルガレージ,0.7807844490708162,0.2691790040376896,1.0
2024-12-17,C01_WEEKDAY_ISSUER_EB_K2,C01_WEEKDAY_ISSUER_EB,2,2,4051,ＧＭＯフィナンシャルゲート,0.736012837800197,-2.257636122177953,0.0
2024-12-18,C01_WEEKDAY_ISSUER_EB_K2,C01_WEEKDAY_ISSUER_EB,2,1,7886,ヤマト モビリティ ＆ Ｍｆｇ．,0.5966609707497795,-0.43859649122807154,0.0
2024-12-18,C01_WEEKDAY_ISSUER_EB_K2,C01_WEEKDAY_ISSUER_EB,2,2,9913,日邦産業,0.5648075354747008,-1.28571428571429,0.0
2024-12-19,C01_WEEKDAY_ISSUER_EB_K2,C01_WEEKDAY_ISSUER_EB,2,1,3623,ビリングシステム,0.6829623619594404,4.186360567184333,1.0
2024-12-19,C01_WEEKDAY_ISSUER_EB_K2,C01_WEEKDAY_ISSUER_EB,2,2,173A,ハンモック,0.5807356140123858,-0.9461426491994218,0.0
2024-12-20,C01_WEEKDAY_ISSUER_EB_K2,C01_WEEKDAY_ISSUER_EB,2,1,3692,ＦＦＲＩセキュリティ,0.7918748336615651,-3.5560344827586188,0.0
2024-12-20,C01_WEEKDAY_ISSUER_EB_K2,C01_WEEKDAY_ISSUER_EB,2,2,3205,ダイドーリミテッド,0.7696109897725842,0.0,0.0
2024-12-23,C01_WEEKDAY_ISSUER_EB_K2,C01_WEEKDAY_ISSUER_EB,2,1,4884,クリングルファーマ,0.8816679075739959,-0.12345679012345512,0.0
2024-12-23,C01_WEEKDAY_ISSUER_EB_K2,C01_WEEKDAY_ISSUER_EB,2,2,4490,ビザスク,0.8175784614537577,2.4953789279112737,1.0
2024-12-24,C01_WEEKDAY_ISSUER_EB_K2,C01_WEEKDAY_ISSUER_EB,2,1,7083,ＡＨＣグループ,0.7812594297448134,1.5697137580794163,1.0
2024-12-24,C01_WEEKDAY_ISSUER_EB_K2,C01_WEEKDAY_ISSUER_EB,2,2,4819,デジタルガレージ,0.7807844490708162,-1.4454664914586024,0.0
2024-12-25,C01_WEEKDAY_ISSUER_EB_K2,C01_WEEKDAY_ISSUER_EB,2,1,7886,ヤマト モビリティ ＆ Ｍｆｇ．,0.5966609707497795,-0.4545454545454519,0.0
2024-12-25,C01_WEEKDAY_ISSUER_EB_K2,C01_WEEKDAY_ISSUER_EB,2,2,9913,日邦産業,0.5648075354747008,1.1605415860735047,1.0
2024-12-26,C01_WEEKDAY_ISSUER_EB_K2,C01_WEEKDAY_ISSUER_EB,2,1,3623,ビリングシステム,0.6829623619594404,-1.6083916083916128,0.0
2024-12-26,C01_WEEKDAY_ISSUER_EB_K2,C01_WEEKDAY_ISSUER_EB,2,2,173A,ハンモック,0.5807356140123858,0.44943820224718767,1.0
2024-12-27,C01_WEEKDAY_ISSUER_EB_K2,C01_WEEKDAY_ISSUER_EB,2,1,3692,ＦＦＲＩセキュリティ,0.7918748336615651,2.819237147595355,1.0
2024-12-27,C01_WEEKDAY_ISSUER_EB_K2,C01_WEEKDAY_ISSUER_EB,2,2,3205,ダイドーリミテッド,0.7696109897725842,2.312775330396466,1.0
2024-12-30,C01_WEEKDAY_ISSUER_EB_K2,C01_WEEKDAY_ISSUER_EB,2,1,4884,クリングルファーマ,0.8816679075739959,3.4360189573459765,1.0
2024-12-30,C01_WEEKDAY_ISSUER_EB_K2,C01_WEEKDAY_ISSUER_EB,2,2,4490,ビザスク,0.8175784614537577,0.37842951750235443,1.0
2025-01-06,C01_WEEKDAY_ISSUER_EB_K2,C01_WEEKDAY_ISSUER_EB,2,1,4490,ビザスク,0.9380674578975813,-4.524886877828049,0.0
2025-01-06,C01_WEEKDAY_ISSUER_EB_K2,C01_WEEKDAY_ISSUER_EB,2,2,4884,クリングルファーマ,0.8023603985103357,2.6497695852534475,1.0
2025-01-07,C01_WEEKDAY_ISSUER_EB_K2,C01_WEEKDAY_ISSUER_EB,2,1,3686,ディー・エル・イー,0.7433490801768748,2.4793388429751984,1.0
2025-01-07,C01_WEEKDAY_ISSUER_EB_K2,C01_WEEKDAY_ISSUER_EB,2,2,4819,デジタルガレージ,0.6994737604910073,0.3926701570680535,1.0
2025-01-08,C01_WEEKDAY_ISSUER_EB_K2,C01_WEEKDAY_ISSUER_EB,2,1,9913,日邦産業,0.5230134778488235,-0.04777830864787225,0.0
2025-01-08,C01_WEEKDAY_ISSUER_EB_K2,C01_WEEKDAY_ISSUER_EB,2,2,7886,ヤマト モビリティ ＆ Ｍｆｇ．,0.4805321148274142,,
2025-01-09,C01_WEEKDAY_ISSUER_EB_K2,C01_WEEKDAY_ISSUER_EB,2,1,3623,ビリングシステム,0.6964276453092589,0.0,0.0
2025-01-09,C01_WEEKDAY_ISSUER_EB_K2,C01_WEEKDAY_ISSUER_EB,2,2,166A,タスキホールディングス,0.6527039412243467,0.6165228113440113,1.0
2025-01-10,C01_WEEKDAY_ISSUER_EB_K2,C01_WEEKDAY_ISSUER_EB,2,1,3205,ダイドーリミテッド,0.823988543534152,0.21141649048626032,1.0
2025-01-10,C01_WEEKDAY_ISSUER_EB_K2,C01_WEEKDAY_ISSUER_EB,2,2,3692,ＦＦＲＩセキュリティ,0.7020536391196683,2.855805243445686,1.0
2025-01-14,C01_WEEKDAY_ISSUER_EB_K2,C01_WEEKDAY_ISSUER_EB,2,1,3686,ディー・エル・イー,0.7433490801768748,0.7874015748031482,1.0
2025-01-14,C01_WEEKDAY_ISSUER_EB_K2,C01_WEEKDAY_ISSUER_EB,2,2,4819,デジタルガレージ,0.6994737604910073,-0.26420079260237594,0.0
2025-01-15,C01_WEEKDAY_ISSUER_EB_K2,C01_WEEKDAY_ISSUER_EB,2,1,9913,日邦産業,0.5230134778488235,0.5169172932330879,1.0
2025-01-15,C01_WEEKDAY_ISSUER_EB_K2,C01_WEEKDAY_ISSUER_EB,2,2,7886,ヤマト モビリティ ＆ Ｍｆｇ．,0.4805321148274142,0.0,0.0
2025-01-16,C01_WEEKDAY_ISSUER_EB_K2,C01_WEEKDAY_ISSUER_EB,2,1,3623,ビリングシステム,0.6964276453092589,-0.23201856148491462,0.0
2025-01-16,C01_WEEKDAY_ISSUER_EB_K2,C01_WEEKDAY_ISSUER_EB,2,2,166A,タスキホールディングス,0.6527039412243467,-1.1180124223602483,0.0
2025-01-17,C01_WEEKDAY_ISSUER_EB_K2,C01_WEEKDAY_ISSUER_EB,2,1,3205,ダイドーリミテッド,0.823988543534152,1.8672199170124415,1.0
2025-01-17,C01_WEEKDAY_ISSUER_EB_K2,C01_WEEKDAY_ISSUER_EB,2,2,2901,ウェルディッシュ,0.5457227377112687,-4.666666666666663,0.0
2025-01-20,C01_WEEKDAY_ISSUER_EB_K2,C01_WEEKDAY_ISSUER_EB,2,1,4490,ビザスク,0.9380674578975813,0.09999999999998899,1.0
2025-01-20,C01_WEEKDAY_ISSUER_EB_K2,C01_WEEKDAY_ISSUER_EB,2,2,4169,ＥＮＥＣＨＡＮＧＥ,0.71908539752885,5.134474327628369,1.0
2025-01-21,C01_WEEKDAY_ISSUER_EB_K2,C01_WEEKDAY_ISSUER_EB,2,1,4819,デジタルガレージ,0.6994737604910073,0.6765899864682012,1.0
2025-01-21,C01_WEEKDAY_ISSUER_EB_K2,C01_WEEKDAY_ISSUER_EB,2,2,4783,ＮＣＤ,0.6991782766274246,1.5103338632750374,1.0
2025-01-22,C01_WEEKDAY_ISSUER_EB_K2,C01_WEEKDAY_ISSUER_EB,2,1,9913,日邦産業,0.5230134778488235,2.127659574468077,1.0
2025-01-22,C01_WEEKDAY_ISSUER_EB_K2,C01_WEEKDAY_ISSUER_EB,2,2,5803,フジクラ,0.4352261676357088,13.170334148329266,1.0
2025-01-23,C01_WEEKDAY_ISSUER_EB_K2,C01_WEEKDAY_ISSUER_EB,2,1,4937,Ｗａｑｏｏ,0.7250599674770358,-1.3035381750465591,0.0
2025-01-23,C01_WEEKDAY_ISSUER_EB_K2,C01_WEEKDAY_ISSUER_EB,2,2,3623,ビリングシステム,0.6964276453092589,-3.0008110300081103,0.0
2025-01-24,C01_WEEKDAY_ISSUER_EB_K2,C01_WEEKDAY_ISSUER_EB,2,1,3205,ダイドーリミテッド,0.823988543534152,2.9441624365482255,1.0
2025-01-24,C01_WEEKDAY_ISSUER_EB_K2,C01_WEEKDAY_ISSUER_EB,2,2,2901,ウェルディッシュ,0.5457227377112687,5.932203389830515,1.0
2025-01-27,C01_WEEKDAY_ISSUER_EB_K2,C01_WEEKDAY_ISSUER_EB,2,1,4490,ビザスク,0.9380674578975813,0.09587727708533222,1.0
2025-01-27,C01_WEEKDAY_ISSUER_EB_K2,C01_WEEKDAY_ISSUER_EB,2,2,2901,ウェルディッシュ,0.7521102975481525,0.3989361702127603,1.0
2025-01-28,C01_WEEKDAY_ISSUER_EB_K2,C01_WEEKDAY_ISSUER_EB,2,1,4819,デジタルガレージ,0.6994737604910073,2.4643320363164634,1.0
2025-01-28,C01_WEEKDAY_ISSUER_EB_K2,C01_WEEKDAY_ISSUER_EB,2,2,4783,ＮＣＤ,0.6991782766274246,0.3610108303249149,1.0
2025-01-29,C01_WEEKDAY_ISSUER_EB_K2,C01_WEEKDAY_ISSUER_EB,2,1,9913,日邦産業,0.5230134778488235,0.2277904328018332,1.0
2025-01-29,C01_WEEKDAY_ISSUER_EB_K2,C01_WEEKDAY_ISSUER_EB,2,2,,,,,
2025-01-30,C01_WEEKDAY_ISSUER_EB_K2,C01_WEEKDAY_ISSUER_EB,2,1,4937,Ｗａｑｏｏ,0.7250599674770358,-0.46860356138707093,0.0
2025-01-30,C01_WEEKDAY_ISSUER_EB_K2,C01_WEEKDAY_ISSUER_EB,2,2,3623,ビリングシステム,0.6964276453092589,0.0803858520900258,1.0
2025-01-31,C01_WEEKDAY_ISSUER_EB_K2,C01_WEEKDAY_ISSUER_EB,2,1,3205,ダイドーリミテッド,0.823988543534152,-0.09523809523809268,0.0
2025-01-31,C01_WEEKDAY_ISSUER_EB_K2,C01_WEEKDAY_ISSUER_EB,2,2,3692,ＦＦＲＩセキュリティ,0.7020536391196683,1.8569735282496946,1.0
2025-02-03,C01_WEEKDAY_ISSUER_EB_K2,C01_WEEKDAY_ISSUER_EB,2,1,4490,ビザスク,0.8014440642934808,-0.08787346221441616,0.0
2025-02-03,C01_WEEKDAY_ISSUER_EB_K2,C01_WEEKDAY_ISSUER_EB,2,2,6574,コンヴァノ,0.7115066152630903,0.9268795056642576,1.0
2025-02-04,C01_WEEKDAY_ISSUER_EB_K2,C01_WEEKDAY_ISSUER_EB,2,1,4783,ＮＣＤ,0.729078158767459,1.6767748840528007,1.0
2025-02-04,C01_WEEKDAY_ISSUER_EB_K2,C01_WEEKDAY_ISSUER_EB,2,2,4819,デジタルガレージ,0.7013525728029348,-2.258469259723961,0.0
2025-02-05,C01_WEEKDAY_ISSUER_EB_K2,C01_WEEKDAY_ISSUER_EB,2,1,7760,ＩＭＶ,0.4291620324485377,-1.1265164644714054,0.0
2025-02-05,C01_WEEKDAY_ISSUER_EB_K2,C01_WEEKDAY_ISSUER_EB,2,2,2338,クオンタムソリューションズ,0.4042911271547772,0.9328358208955168,1.0
2025-02-06,C01_WEEKDAY_ISSUER_EB_K2,C01_WEEKDAY_ISSUER_EB,2,1,3623,ビリングシステム,0.5908505036710633,-1.3559322033898313,0.0
2025-02-06,C01_WEEKDAY_ISSUER_EB_K2,C01_WEEKDAY_ISSUER_EB,2,2,4937,Ｗａｑｏｏ,0.5759203793050458,2.3278370514064006,1.0
2025-02-07,C01_WEEKDAY_ISSUER_EB_K2,C01_WEEKDAY_ISSUER_EB,2,1,3205,ダイドーリミテッド,0.8555903563086316,0.0,0.0
2025-02-07,C01_WEEKDAY_ISSUER_EB_K2,C01_WEEKDAY_ISSUER_EB,2,2,3692,ＦＦＲＩセキュリティ,0.815339430233609,0.9551800146950784,1.0
2025-02-10,C01_WEEKDAY_ISSUER_EB_K2,C01_WEEKDAY_ISSUER_EB,2,1,4490,ビザスク,0.8014440642934808,-0.07955449482895949,0.0
2025-02-10,C01_WEEKDAY_ISSUER_EB_K2,C01_WEEKDAY_ISSUER_EB,2,2,6574,コンヴァノ,0.7115066152630903,1.9240769630785248,1.0
2025-02-12,C01_WEEKDAY_ISSUER_EB_K2,C01_WEEKDAY_ISSUER_EB,2,1,9913,日邦産業,0.5369801963378055,0.5323868677906018,1.0
2025-02-12,C01_WEEKDAY_ISSUER_EB_K2,C01_WEEKDAY_ISSUER_EB,2,2,7760,ＩＭＶ,0.4291620324485377,3.338068181818188,1.0
2025-02-13,C01_WEEKDAY_ISSUER_EB_K2,C01_WEEKDAY_ISSUER_EB,2,1,3623,ビリングシステム,0.5908505036710633,0.9369676320272635,1.0
2025-02-13,C01_WEEKDAY_ISSUER_EB_K2,C01_WEEKDAY_ISSUER_EB,2,2,4937,Ｗａｑｏｏ,0.5759203793050458,2.7728085867620766,1.0
2025-02-14,C01_WEEKDAY_ISSUER_EB_K2,C01_WEEKDAY_ISSUER_EB,2,1,3205,ダイドーリミテッド,0.8555903563086316,0.8196721311475308,1.0
2025-02-14,C01_WEEKDAY_ISSUER_EB_K2,C01_WEEKDAY_ISSUER_EB,2,2,3692,ＦＦＲＩセキュリティ,0.815339430233609,0.8088235294117618,1.0
2025-02-17,C01_WEEKDAY_ISSUER_EB_K2,C01_WEEKDAY_ISSUER_EB,2,1,4490,ビザスク,0.8014440642934808,-0.9958506224066355,0.0
2025-02-17,C01_WEEKDAY_ISSUER_EB_K2,C01_WEEKDAY_ISSUER_EB,2,2,6574,コンヴァノ,0.7115066152630903,1.9354838709677358,1.0
2025-02-18,C01_WEEKDAY_ISSUER_EB_K2,C01_WEEKDAY_ISSUER_EB,2,1,4783,ＮＣＤ,0.729078158767459,-4.1337842916196905,0.0
2025-02-18,C01_WEEKDAY_ISSUER_EB_K2,C01_WEEKDAY_ISSUER_EB,2,2,4819,デジタルガレージ,0.7013525728029348,-1.3377926421404673,0.0
2025-02-19,C01_WEEKDAY_ISSUER_EB_K2,C01_WEEKDAY_ISSUER_EB,2,1,9913,日邦産業,0.5369801963378055,-0.08798944126704455,0.0
2025-02-19,C01_WEEKDAY_ISSUER_EB_K2,C01_WEEKDAY_ISSUER_EB,2,2,196A,ＭＦＳ,0.4187142249317907,8.933002481389574,1.0
2025-02-20,C01_WEEKDAY_ISSUER_EB_K2,C01_WEEKDAY_ISSUER_EB,2,1,3623,ビリングシステム,0.5908505036710633,-2.8009084027252107,0.0
2025-02-20,C01_WEEKDAY_ISSUER_EB_K2,C01_WEEKDAY_ISSUER_EB,2,2,4937,Ｗａｑｏｏ,0.5759203793050458,0.0,0.0
2025-02-21,C01_WEEKDAY_ISSUER_EB_K2,C01_WEEKDAY_ISSUER_EB,2,1,3205,ダイドーリミテッド,0.8555903563086316,0.34188034188034067,1.0
2025-02-21,C01_WEEKDAY_ISSUER_EB_K2,C01_WEEKDAY_ISSUER_EB,2,2,3692,ＦＦＲＩセキュリティ,0.815339430233609,3.910209992758862,1.0
2025-02-25,C01_WEEKDAY_ISSUER_EB_K2,C01_WEEKDAY_ISSUER_EB,2,1,4819,デジタルガレージ,0.7013525728029348,-0.21786492374727962,0.0
2025-02-25,C01_WEEKDAY_ISSUER_EB_K2,C01_WEEKDAY_ISSUER_EB,2,2,7375,リファインバースグループ,0.6374256873810137,-0.8196721311475419,0.0
2025-02-26,C01_WEEKDAY_ISSUER_EB_K2,C01_WEEKDAY_ISSUER_EB,2,1,9913,日邦産業,0.5369801963378055,3.5230352303523116,1.0
2025-02-26,C01_WEEKDAY_ISSUER_EB_K2,C01_WEEKDAY_ISSUER_EB,2,2,7886,ヤマト モビリティ ＆ Ｍｆｇ．,0.47359119960905205,0.0,0.0
2025-02-27,C01_WEEKDAY_ISSUER_EB_K2,C01_WEEKDAY_ISSUER_EB,2,1,3623,ビリングシステム,0.5908505036710633,-2.1207177814029365,0.0
2025-02-27,C01_WEEKDAY_ISSUER_EB_K2,C01_WEEKDAY_ISSUER_EB,2,2,4937,Ｗａｑｏｏ,0.5759203793050458,-0.09784735812132794,0.0
2025-02-28,C01_WEEKDAY_ISSUER_EB_K2,C01_WEEKDAY_ISSUER_EB,2,1,3205,ダイドーリミテッド,0.8555903563086316,0.17391304347826875,1.0
2025-02-28,C01_WEEKDAY_ISSUER_EB_K2,C01_WEEKDAY_ISSUER_EB,2,2,9252,ラストワンマイル,0.7653002660375361,-0.8064516129032251,0.0
2025-03-03,C01_WEEKDAY_ISSUER_EB_K2,C01_WEEKDAY_ISSUER_EB,2,1,6574,コンヴァノ,0.7587064433992411,-3.0890052356020936,0.0
2025-03-03,C01_WEEKDAY_ISSUER_EB_K2,C01_WEEKDAY_ISSUER_EB,2,2,4490,ビザスク,0.7353889730097639,-3.612334801762118,0.0
2025-03-04,C01_WEEKDAY_ISSUER_EB_K2,C01_WEEKDAY_ISSUER_EB,2,1,7375,リファインバースグループ,0.628261275796655,0.6053268765133124,1.0
2025-03-04,C01_WEEKDAY_ISSUER_EB_K2,C01_WEEKDAY_ISSUER_EB,2,2,137A,Ｃｏｃｏｌｉｖｅ,0.6150511247066264,-0.7659574468085073,0.0
2025-03-05,C01_WEEKDAY_ISSUER_EB_K2,C01_WEEKDAY_ISSUER_EB,2,1,9913,日邦産業,0.5739439654283341,0.7626738447734427,1.0
2025-03-05,C01_WEEKDAY_ISSUER_EB_K2,C01_WEEKDAY_ISSUER_EB,2,2,,,,,
2025-03-06,C01_WEEKDAY_ISSUER_EB_K2,C01_WEEKDAY_ISSUER_EB,2,1,4937,Ｗａｑｏｏ,0.6201861132022889,0.7113821138211351,1.0
2025-03-06,C01_WEEKDAY_ISSUER_EB_K2,C01_WEEKDAY_ISSUER_EB,2,2,166A,タスキホールディングス,0.5479664634808581,0.5839416058394109,1.0
2025-03-07,C01_WEEKDAY_ISSUER_EB_K2,C01_WEEKDAY_ISSUER_EB,2,1,3205,ダイドーリミテッド,0.8183100033263917,-2.892561983471076,0.0
2025-03-07,C01_WEEKDAY_ISSUER_EB_K2,C01_WEEKDAY_ISSUER_EB,2,2,9252,ラストワンマイル,0.6803018808617156,-2.5396825396825418,0.0
2025-03-10,C01_WEEKDAY_ISSUER_EB_K2,C01_WEEKDAY_ISSUER_EB,2,1,6574,コンヴァノ,0.7587064433992411,0.05055611729019027,1.0
2025-03-10,C01_WEEKDAY_ISSUER_EB_K2,C01_WEEKDAY_ISSUER_EB,2,2,4490,ビザスク,0.7353889730097639,-0.5000000000000004,0.0
2025-03-11,C01_WEEKDAY_ISSUER_EB_K2,C01_WEEKDAY_ISSUER_EB,2,1,4783,ＮＣＤ,0.69864204782361,3.0604133545309997,1.0
2025-03-11,C01_WEEKDAY_ISSUER_EB_K2,C01_WEEKDAY_ISSUER_EB,2,2,7375,リファインバースグループ,0.628261275796655,0.12062726176116367,1.0
2025-03-12,C01_WEEKDAY_ISSUER_EB_K2,C01_WEEKDAY_ISSUER_EB,2,1,9913,日邦産業,0.5739439654283341,1.2998655311519558,1.0
2025-03-12,C01_WEEKDAY_ISSUER_EB_K2,C01_WEEKDAY_ISSUER_EB,2,2,,,,,
2025-03-13,C01_WEEKDAY_ISSUER_EB_K2,C01_WEEKDAY_ISSUER_EB,2,1,4937,Ｗａｑｏｏ,0.6201861132022889,4.229607250755296,1.0
2025-03-13,C01_WEEKDAY_ISSUER_EB_K2,C01_WEEKDAY_ISSUER_EB,2,2,166A,タスキホールディングス,0.5479664634808581,-1.4705882352941124,0.0
2025-03-14,C01_WEEKDAY_ISSUER_EB_K2,C01_WEEKDAY_ISSUER_EB,2,1,3205,ダイドーリミテッド,0.8183100033263917,0.4237288135593209,1.0
2025-03-14,C01_WEEKDAY_ISSUER_EB_K2,C01_WEEKDAY_ISSUER_EB,2,2,9252,ラストワンマイル,0.6803018808617156,-1.6233766233766267,0.0
2025-03-17,C01_WEEKDAY_ISSUER_EB_K2,C01_WEEKDAY_ISSUER_EB,2,1,6574,コンヴァノ,0.7587064433992411,0.0,0.0
2025-03-17,C01_WEEKDAY_ISSUER_EB_K2,C01_WEEKDAY_ISSUER_EB,2,2,4490,ビザスク,0.7353889730097639,-1.980198019801982,0.0
2025-03-18,C01_WEEKDAY_ISSUER_EB_K2,C01_WEEKDAY_ISSUER_EB,2,1,4783,ＮＣＤ,0.69864204782361,0.3937007874015741,1.0
2025-03-18,C01_WEEKDAY_ISSUER_EB_K2,C01_WEEKDAY_ISSUER_EB,2,2,7375,リファインバースグループ,0.628261275796655,-0.11990407673860837,0.0
2025-03-19,C01_WEEKDAY_ISSUER_EB_K2,C01_WEEKDAY_ISSUER_EB,2,1,9913,日邦産業,0.5739439654283341,-0.8620689655172376,0.0
2025-03-19,C01_WEEKDAY_ISSUER_EB_K2,C01_WEEKDAY_ISSUER_EB,2,2,196A,ＭＦＳ,0.4918848407353416,-2.637889688249395,0.0
2025-03-21,C01_WEEKDAY_ISSUER_EB_K2,C01_WEEKDAY_ISSUER_EB,2,1,3205,ダイドーリミテッド,0.8183100033263917,-0.4184100418409997,0.0
2025-03-21,C01_WEEKDAY_ISSUER_EB_K2,C01_WEEKDAY_ISSUER_EB,2,2,9252,ラストワンマイル,0.6803018808617156,3.338632750397452,1.0
2025-03-24,C01_WEEKDAY_ISSUER_EB_K2,C01_WEEKDAY_ISSUER_EB,2,1,4490,ビザスク,0.7353889730097639,-2.9069767441860517,0.0
2025-03-24,C01_WEEKDAY_ISSUER_EB_K2,C01_WEEKDAY_ISSUER_EB,2,2,2901,ウェルディッシュ,0.7244953386933888,-1.2430939226519389,0.0
2025-03-25,C01_WEEKDAY_ISSUER_EB_K2,C01_WEEKDAY_ISSUER_EB,2,1,4783,ＮＣＤ,0.69864204782361,1.6065830721003094,1.0
2025-03-25,C01_WEEKDAY_ISSUER_EB_K2,C01_WEEKDAY_ISSUER_EB,2,2,7375,リファインバースグループ,0.628261275796655,-0.2389486260453988,0.0
2025-03-26,C01_WEEKDAY_ISSUER_EB_K2,C01_WEEKDAY_ISSUER_EB,2,1,9913,日邦産業,0.5739439654283341,0.6084311169056944,1.0
2025-03-26,C01_WEEKDAY_ISSUER_EB_K2,C01_WEEKDAY_ISSUER_EB,2,2,196A,ＭＦＳ,0.4918848407353416,0.0,0.0
2025-03-27,C01_WEEKDAY_ISSUER_EB_K2,C01_WEEKDAY_ISSUER_EB,2,1,4937,Ｗａｑｏｏ,0.6201861132022889,1.67322834645669,1.0
2025-03-27,C01_WEEKDAY_ISSUER_EB_K2,C01_WEEKDAY_ISSUER_EB,2,2,7163,住信ＳＢＩネット銀行,0.5883468919910937,1.1614401858304202,1.0
2025-03-28,C01_WEEKDAY_ISSUER_EB_K2,C01_WEEKDAY_ISSUER_EB,2,1,3205,ダイドーリミテッド,0.8183100033263917,8.158508158508159,1.0
2025-03-28,C01_WEEKDAY_ISSUER_EB_K2,C01_WEEKDAY_ISSUER_EB,2,2,9252,ラストワンマイル,0.6803018808617156,0.9216589861751112,1.0
2025-03-31,C01_WEEKDAY_ISSUER_EB_K2,C01_WEEKDAY_ISSUER_EB,2,1,6574,コンヴァノ,0.7587064433992411,,
2025-03-31,C01_WEEKDAY_ISSUER_EB_K2,C01_WEEKDAY_ISSUER_EB,2,2,4490,ビザスク,0.7353889730097639,-1.66015625,0.0
2025-04-01,C01_WEEKDAY_ISSUER_EB_K2,C01_WEEKDAY_ISSUER_EB,2,1,4783,ＮＣＤ,0.7461625071999011,-2.1010101010101034,0.0
2025-04-01,C01_WEEKDAY_ISSUER_EB_K2,C01_WEEKDAY_ISSUER_EB,2,2,3659,ネクソン,0.6815921740259544,-1.591511936339518,0.0
2025-04-02,C01_WEEKDAY_ISSUER_EB_K2,C01_WEEKDAY_ISSUER_EB,2,1,9913,日邦産業,0.578954066528683,-0.4005340453938633,0.0
2025-04-02,C01_WEEKDAY_ISSUER_EB_K2,C01_WEEKDAY_ISSUER_EB,2,2,196A,ＭＦＳ,0.4221586394716073,4.83516483516484,1.0
2025-04-03,C01_WEEKDAY_ISSUER_EB_K2,C01_WEEKDAY_ISSUER_EB,2,1,4937,Ｗａｑｏｏ,0.6907592085206583,-0.4887585532746819,0.0
2025-04-03,C01_WEEKDAY_ISSUER_EB_K2,C01_WEEKDAY_ISSUER_EB,2,2,7163,住信ＳＢＩネット銀行,0.6645867069854751,0.0,0.0
2025-04-04,C01_WEEKDAY_ISSUER_EB_K2,C01_WEEKDAY_ISSUER_EB,2,1,9252,ラストワンマイル,0.648791933053527,-1.3266998341625258,0.0
2025-04-04,C01_WEEKDAY_ISSUER_EB_K2,C01_WEEKDAY_ISSUER_EB,2,2,4375,セーフィー,0.5668299133834784,-5.333333333333334,0.0
2025-04-07,C01_WEEKDAY_ISSUER_EB_K2,C01_WEEKDAY_ISSUER_EB,2,1,2901,ウェルディッシュ,0.6388262012160817,10.365853658536594,1.0
2025-04-07,C01_WEEKDAY_ISSUER_EB_K2,C01_WEEKDAY_ISSUER_EB,2,2,3928,マイネット,0.5333602046303088,2.840909090909083,1.0
2025-04-08,C01_WEEKDAY_ISSUER_EB_K2,C01_WEEKDAY_ISSUER_EB,2,1,3659,ネクソン,0.6815921740259544,5.142118863049094,1.0
2025-04-08,C01_WEEKDAY_ISSUER_EB_K2,C01_WEEKDAY_ISSUER_EB,2,2,7375,リファインバースグループ,0.5969960374340694,-4.444444444444439,0.0
2025-04-09,C01_WEEKDAY_ISSUER_EB_K2,C01_WEEKDAY_ISSUER_EB,2,1,9913,日邦産業,0.578954066528683,0.0,0.0
2025-04-09,C01_WEEKDAY_ISSUER_EB_K2,C01_WEEKDAY_ISSUER_EB,2,2,,,,,
2025-04-10,C01_WEEKDAY_ISSUER_EB_K2,C01_WEEKDAY_ISSUER_EB,2,1,166A,タスキホールディングス,0.4646370194685712,-0.31250000000000444,0.0
2025-04-10,C01_WEEKDAY_ISSUER_EB_K2,C01_WEEKDAY_ISSUER_EB,2,2,7043,アルー,0.4597523847068625,0.2958579881656709,1.0
2025-04-11,C01_WEEKDAY_ISSUER_EB_K2,C01_WEEKDAY_ISSUER_EB,2,1,3299,ムゲンエステート,0.47111997144506707,0.24570024570025328,1.0
2025-04-11,C01_WEEKDAY_ISSUER_EB_K2,C01_WEEKDAY_ISSUER_EB,2,2,9913,日邦産業,0.4619706904597232,1.2413793103448256,1.0
2025-04-14,C01_WEEKDAY_ISSUER_EB_K2,C01_WEEKDAY_ISSUER_EB,2,1,7345,アイ・パートナーズフィナンシャル,0.5105338022824214,,
2025-04-14,C01_WEEKDAY_ISSUER_EB_K2,C01_WEEKDAY_ISSUER_EB,2,2,173A,ハンモック,0.43387529366079824,0.9271523178807861,1.0
2025-04-15,C01_WEEKDAY_ISSUER_EB_K2,C01_WEEKDAY_ISSUER_EB,2,1,9244,デジタリフト,0.5912959219844748,-1.8005540166205036,0.0
2025-04-15,C01_WEEKDAY_ISSUER_EB_K2,C01_WEEKDAY_ISSUER_EB,2,2,8225,タカチホ,0.5403523265099668,8.709677419354843,1.0
2025-04-16,C01_WEEKDAY_ISSUER_EB_K2,C01_WEEKDAY_ISSUER_EB,2,1,9913,日邦産業,0.578954066528683,1.035569563259786,1.0
2025-04-16,C01_WEEKDAY_ISSUER_EB_K2,C01_WEEKDAY_ISSUER_EB,2,2,,,,,
2025-04-17,C01_WEEKDAY_ISSUER_EB_K2,C01_WEEKDAY_ISSUER_EB,2,1,166A,タスキホールディングス,0.4646370194685712,0.46367851622874934,1.0
2025-04-17,C01_WEEKDAY_ISSUER_EB_K2,C01_WEEKDAY_ISSUER_EB,2,2,7043,アルー,0.4597523847068625,-0.5772005772005762,0.0
2025-04-18,C01_WEEKDAY_ISSUER_EB_K2,C01_WEEKDAY_ISSUER_EB,2,1,3299,ムゲンエステート,0.47111997144506707,1.799242424242431,1.0
2025-04-18,C01_WEEKDAY_ISSUER_EB_K2,C01_WEEKDAY_ISSUER_EB,2,2,9913,日邦産業,0.4619706904597232,-0.1769911504424737,0.0
2025-04-21,C01_WEEKDAY_ISSUER_EB_K2,C01_WEEKDAY_ISSUER_EB,2,1,7345,アイ・パートナーズフィナンシャル,0.5105338022824214,-1.3722126929674117,0.0
2025-04-21,C01_WEEKDAY_ISSUER_EB_K2,C01_WEEKDAY_ISSUER_EB,2,2,9241,フューチャーリンクネットワーク,0.4880022145742785,0.9105960264900625,1.0
2025-04-22,C01_WEEKDAY_ISSUER_EB_K2,C01_WEEKDAY_ISSUER_EB,2,1,3659,ネクソン,0.6815921740259544,-0.023601604909129215,0.0
2025-04-22,C01_WEEKDAY_ISSUER_EB_K2,C01_WEEKDAY_ISSUER_EB,2,2,9244,デジタリフト,0.5912959219844748,0.9859154929577452,1.0
2025-04-23,C01_WEEKDAY_ISSUER_EB_K2,C01_WEEKDAY_ISSUER_EB,2,1,9913,日邦産業,0.578954066528683,-0.6089604175728569,0.0
2025-04-23,C01_WEEKDAY_ISSUER_EB_K2,C01_WEEKDAY_ISSUER_EB,2,2,,,,,
2025-04-24,C01_WEEKDAY_ISSUER_EB_K2,C01_WEEKDAY_ISSUER_EB,2,1,166A,タスキホールディングス,0.4646370194685712,-0.303030303030305,0.0
2025-04-24,C01_WEEKDAY_ISSUER_EB_K2,C01_WEEKDAY_ISSUER_EB,2,2,7043,アルー,0.4597523847068625,0.5788712011577379,1.0
2025-04-25,C01_WEEKDAY_ISSUER_EB_K2,C01_WEEKDAY_ISSUER_EB,2,1,3205,ダイドーリミテッド,0.8077070801592766,1.2484394506866447,1.0
2025-04-25,C01_WEEKDAY_ISSUER_EB_K2,C01_WEEKDAY_ISSUER_EB,2,2,4375,セーフィー,0.5668299133834784,1.1124845488257096,1.0
2025-04-28,C01_WEEKDAY_ISSUER_EB_K2,C01_WEEKDAY_ISSUER_EB,2,1,7345,アイ・パートナーズフィナンシャル,0.5105338022824214,1.415929203539834,1.0
2025-04-28,C01_WEEKDAY_ISSUER_EB_K2,C01_WEEKDAY_ISSUER_EB,2,2,3623,ビリングシステム,0.46266202258618844,0.42087542087541063,1.0
2025-04-30,C01_WEEKDAY_ISSUER_EB_K2,C01_WEEKDAY_ISSUER_EB,2,1,9913,日邦産業,0.578954066528683,0.0,0.0
2025-04-30,C01_WEEKDAY_ISSUER_EB_K2,C01_WEEKDAY_ISSUER_EB,2,2,7886,ヤマト モビリティ ＆ Ｍｆｇ．,0.4827158303014457,0.2270147559591429,1.0
2025-05-01,C01_WEEKDAY_ISSUER_EB_K2,C01_WEEKDAY_ISSUER_EB,2,1,4937,Ｗａｑｏｏ,0.7170162110397034,-1.1857707509881465,0.0
2025-05-01,C01_WEEKDAY_ISSUER_EB_K2,C01_WEEKDAY_ISSUER_EB,2,2,7163,住信ＳＢＩネット銀行,0.605158521907768,-3.6855036855036882,0.0
2025-05-02,C01_WEEKDAY_ISSUER_EB_K2,C01_WEEKDAY_ISSUER_EB,2,1,3205,ダイドーリミテッド,0.8277173638071627,0.5952380952380931,1.0
2025-05-02,C01_WEEKDAY_ISSUER_EB_K2,C01_WEEKDAY_ISSUER_EB,2,2,248A,キッズスター,0.6471886833753587,-0.5196733481811378,0.0
2025-05-07,C01_WEEKDAY_ISSUER_EB_K2,C01_WEEKDAY_ISSUER_EB,2,1,5803,フジクラ,0.54115496255508,1.538461538461533,1.0
2025-05-07,C01_WEEKDAY_ISSUER_EB_K2,C01_WEEKDAY_ISSUER_EB,2,2,9913,日邦産業,0.5309872399130616,1.3396715643906765,1.0
2025-05-08,C01_WEEKDAY_ISSUER_EB_K2,C01_WEEKDAY_ISSUER_EB,2,1,4937,Ｗａｑｏｏ,0.7170162110397034,3.010348071495761,1.0
2025-05-08,C01_WEEKDAY_ISSUER_EB_K2,C01_WEEKDAY_ISSUER_EB,2,2,7163,住信ＳＢＩネット銀行,0.605158521907768,0.8152173913043459,1.0
2025-05-09,C01_WEEKDAY_ISSUER_EB_K2,C01_WEEKDAY_ISSUER_EB,2,1,3205,ダイドーリミテッド,0.8277173638071627,0.4901960784313708,1.0
2025-05-09,C01_WEEKDAY_ISSUER_EB_K2,C01_WEEKDAY_ISSUER_EB,2,2,3692,ＦＦＲＩセキュリティ,0.7740033261838573,5.654761904761907,1.0
2025-05-12,C01_WEEKDAY_ISSUER_EB_K2,C01_WEEKDAY_ISSUER_EB,2,1,2901,ウェルディッシュ,0.7847995292470855,0.6289308176100628,1.0
2025-05-12,C01_WEEKDAY_ISSUER_EB_K2,C01_WEEKDAY_ISSUER_EB,2,2,4935,リベルタ,0.6314557179708209,0.2293577981651307,1.0
2025-05-13,C01_WEEKDAY_ISSUER_EB_K2,C01_WEEKDAY_ISSUER_EB,2,1,4783,ＮＣＤ,0.7553487300085363,-0.5797101449275366,0.0
2025-05-13,C01_WEEKDAY_ISSUER_EB_K2,C01_WEEKDAY_ISSUER_EB,2,2,3659,ネクソン,0.6871433205245606,-2.031993082576744,0.0
2025-05-14,C01_WEEKDAY_ISSUER_EB_K2,C01_WEEKDAY_ISSUER_EB,2,1,5803,フジクラ,0.54115496255508,1.4134275618374659,1.0
2025-05-14,C01_WEEKDAY_ISSUER_EB_K2,C01_WEEKDAY_ISSUER_EB,2,2,9913,日邦産業,0.5309872399130616,-1.3945857260049266,0.0
2025-05-15,C01_WEEKDAY_ISSUER_EB_K2,C01_WEEKDAY_ISSUER_EB,2,1,4937,Ｗａｑｏｏ,0.7170162110397034,-4.085422469823586,0.0
2025-05-15,C01_WEEKDAY_ISSUER_EB_K2,C01_WEEKDAY_ISSUER_EB,2,2,7163,住信ＳＢＩネット銀行,0.605158521907768,-0.1481481481481528,0.0
2025-05-16,C01_WEEKDAY_ISSUER_EB_K2,C01_WEEKDAY_ISSUER_EB,2,1,3205,ダイドーリミテッド,0.8277173638071627,-2.467811158798283,0.0
2025-05-16,C01_WEEKDAY_ISSUER_EB_K2,C01_WEEKDAY_ISSUER_EB,2,2,3692,ＦＦＲＩセキュリティ,0.7740033261838573,14.514285714285723,1.0
2025-05-19,C01_WEEKDAY_ISSUER_EB_K2,C01_WEEKDAY_ISSUER_EB,2,1,2901,ウェルディッシュ,0.7847995292470855,0.6079027355623046,1.0
2025-05-19,C01_WEEKDAY_ISSUER_EB_K2,C01_WEEKDAY_ISSUER_EB,2,2,4935,リベルタ,0.6314557179708209,2.001539645881456,1.0
2025-05-20,C01_WEEKDAY_ISSUER_EB_K2,C01_WEEKDAY_ISSUER_EB,2,1,4783,ＮＣＤ,0.7553487300085363,-0.6393001345895044,0.0
2025-05-20,C01_WEEKDAY_ISSUER_EB_K2,C01_WEEKDAY_ISSUER_EB,2,2,3659,ネクソン,0.6871433205245606,-0.27413354219698594,0.0
2025-05-21,C01_WEEKDAY_ISSUER_EB_K2,C01_WEEKDAY_ISSUER_EB,2,1,5803,フジクラ,0.54115496255508,-0.6721311475409886,0.0
2025-05-21,C01_WEEKDAY_ISSUER_EB_K2,C01_WEEKDAY_ISSUER_EB,2,2,9913,日邦産業,0.5309872399130616,-0.5636070853462183,0.0
2025-05-22,C01_WEEKDAY_ISSUER_EB_K2,C01_WEEKDAY_ISSUER_EB,2,1,4937,Ｗａｑｏｏ,0.7170162110397034,-1.0091743119266083,0.0
2025-05-22,C01_WEEKDAY_ISSUER_EB_K2,C01_WEEKDAY_ISSUER_EB,2,2,2432,ディー・エヌ・エー,0.5565503218852236,1.0638297872340496,1.0
2025-05-23,C01_WEEKDAY_ISSUER_EB_K2,C01_WEEKDAY_ISSUER_EB,2,1,3205,ダイドーリミテッド,0.8277173638071627,1.012373453318327,1.0
2025-05-23,C01_WEEKDAY_ISSUER_EB_K2,C01_WEEKDAY_ISSUER_EB,2,2,248A,キッズスター,0.6471886833753587,-1.5162454873646203,0.0
2025-05-26,C01_WEEKDAY_ISSUER_EB_K2,C01_WEEKDAY_ISSUER_EB,2,1,2901,ウェルディッシュ,0.7847995292470855,3.881987577639756,1.0
2025-05-26,C01_WEEKDAY_ISSUER_EB_K2,C01_WEEKDAY_ISSUER_EB,2,2,7345,アイ・パートナーズフィナンシャル,0.5689404062710148,0.3656307129798808,1.0
2025-05-27,C01_WEEKDAY_ISSUER_EB_K2,C01_WEEKDAY_ISSUER_EB,2,1,3686,ディー・エル・イー,0.8020638414905846,2.127659574468077,1.0
2025-05-27,C01_WEEKDAY_ISSUER_EB_K2,C01_WEEKDAY_ISSUER_EB,2,2,4783,ＮＣＤ,0.7553487300085363,-1.273885350318471,0.0
2025-05-28,C01_WEEKDAY_ISSUER_EB_K2,C01_WEEKDAY_ISSUER_EB,2,1,5803,フジクラ,0.54115496255508,-1.3179821239206135,0.0
2025-05-28,C01_WEEKDAY_ISSUER_EB_K2,C01_WEEKDAY_ISSUER_EB,2,2,9913,日邦産業,0.5309872399130616,0.43630017452007674,1.0
2025-05-29,C01_WEEKDAY_ISSUER_EB_K2,C01_WEEKDAY_ISSUER_EB,2,1,4937,Ｗａｑｏｏ,0.7170162110397034,-1.2623985572587926,0.0
2025-05-29,C01_WEEKDAY_ISSUER_EB_K2,C01_WEEKDAY_ISSUER_EB,2,2,7163,住信ＳＢＩネット銀行,0.605158521907768,0.0,0.0
2025-05-30,C01_WEEKDAY_ISSUER_EB_K2,C01_WEEKDAY_ISSUER_EB,2,1,3205,ダイドーリミテッド,0.8277173638071627,0.41753653444676075,1.0
2025-05-30,C01_WEEKDAY_ISSUER_EB_K2,C01_WEEKDAY_ISSUER_EB,2,2,248A,キッズスター,0.6471886833753587,0.0,0.0
2025-06-02,C01_WEEKDAY_ISSUER_EB_K2,C01_WEEKDAY_ISSUER_EB,2,1,2901,ウェルディッシュ,0.8376554121469109,-6.011730205278587,0.0
2025-06-02,C01_WEEKDAY_ISSUER_EB_K2,C01_WEEKDAY_ISSUER_EB,2,2,7345,アイ・パートナーズフィナンシャル,0.5663223618879373,0.18348623853210455,1.0
2025-06-03,C01_WEEKDAY_ISSUER_EB_K2,C01_WEEKDAY_ISSUER_EB,2,1,3686,ディー・エル・イー,0.724442352578941,-2.6666666666666616,0.0
2025-06-03,C01_WEEKDAY_ISSUER_EB_K2,C01_WEEKDAY_ISSUER_EB,2,2,4783,ＮＣＤ,0.687948947785087,-1.768488745980712,0.0
2025-06-04,C01_WEEKDAY_ISSUER_EB_K2,C01_WEEKDAY_ISSUER_EB,2,1,5803,フジクラ,0.5267267864933263,-2.1186440677966156,0.0
2025-06-04,C01_WEEKDAY_ISSUER_EB_K2,C01_WEEKDAY_ISSUER_EB,2,2,9913,日邦産業,0.5024102766769857,-0.5833333333333357,0.0
2025-06-05,C01_WEEKDAY_ISSUER_EB_K2,C01_WEEKDAY_ISSUER_EB,2,1,4937,Ｗａｑｏｏ,0.6154155870684436,0.09099181073703999,1.0
2025-06-05,C01_WEEKDAY_ISSUER_EB_K2,C01_WEEKDAY_ISSUER_EB,2,2,7013,ＩＨＩ,0.5585959883108693,-4.373820012586538,0.0
2025-06-06,C01_WEEKDAY_ISSUER_EB_K2,C01_WEEKDAY_ISSUER_EB,2,1,3205,ダイドーリミテッド,0.7817105513905037,1.2552301255230214,1.0
2025-06-06,C01_WEEKDAY_ISSUER_EB_K2,C01_WEEKDAY_ISSUER_EB,2,2,4882,ペルセウスプロテオミクス,0.7273448237665667,-3.3936651583710398,0.0
2025-06-09,C01_WEEKDAY_ISSUER_EB_K2,C01_WEEKDAY_ISSUER_EB,2,1,2901,ウェルディッシュ,0.8376554121469109,2.1538461538461506,1.0
2025-06-09,C01_WEEKDAY_ISSUER_EB_K2,C01_WEEKDAY_ISSUER_EB,2,2,7345,アイ・パートナーズフィナンシャル,0.5663223618879373,0.9009009009008917,1.0
2025-06-10,C01_WEEKDAY_ISSUER_EB_K2,C01_WEEKDAY_ISSUER_EB,2,1,3686,ディー・エル・イー,0.724442352578941,-1.342281879194629,0.0
2025-06-10,C01_WEEKDAY_ISSUER_EB_K2,C01_WEEKDAY_ISSUER_EB,2,2,4978,リプロセル,0.6941155898611642,0.0,0.0
2025-06-11,C01_WEEKDAY_ISSUER_EB_K2,C01_WEEKDAY_ISSUER_EB,2,1,5803,フジクラ,0.5267267864933263,-3.857225100748418,0.0
2025-06-11,C01_WEEKDAY_ISSUER_EB_K2,C01_WEEKDAY_ISSUER_EB,2,2,7760,ＩＭＶ,0.5193214060503801,-3.90455531453362,0.0
2025-06-12,C01_WEEKDAY_ISSUER_EB_K2,C01_WEEKDAY_ISSUER_EB,2,1,4937,Ｗａｑｏｏ,0.6154155870684436,4.59433040078201,1.0
2025-06-12,C01_WEEKDAY_ISSUER_EB_K2,C01_WEEKDAY_ISSUER_EB,2,2,7013,ＩＨＩ,0.5585959883108693,2.004076086956519,1.0
2025-06-13,C01_WEEKDAY_ISSUER_EB_K2,C01_WEEKDAY_ISSUER_EB,2,1,3205,ダイドーリミテッド,0.7817105513905037,0.10040160642570406,1.0
2025-06-13,C01_WEEKDAY_ISSUER_EB_K2,C01_WEEKDAY_ISSUER_EB,2,2,4882,ペルセウスプロテオミクス,0.7273448237665667,-2.877697841726623,0.0
2025-06-16,C01_WEEKDAY_ISSUER_EB_K2,C01_WEEKDAY_ISSUER_EB,2,1,2901,ウェルディッシュ,0.8376554121469109,1.2944983818770295,1.0
2025-06-16,C01_WEEKDAY_ISSUER_EB_K2,C01_WEEKDAY_ISSUER_EB,2,2,9241,フューチャーリンクネットワーク,0.7008611871806065,1.5665796344647598,1.0
2025-06-17,C01_WEEKDAY_ISSUER_EB_K2,C01_WEEKDAY_ISSUER_EB,2,1,3686,ディー・エル・イー,0.724442352578941,-1.3333333333333308,0.0
2025-06-17,C01_WEEKDAY_ISSUER_EB_K2,C01_WEEKDAY_ISSUER_EB,2,2,4978,リプロセル,0.6941155898611642,-5.102040816326525,0.0
2025-06-18,C01_WEEKDAY_ISSUER_EB_K2,C01_WEEKDAY_ISSUER_EB,2,1,5803,フジクラ,0.5267267864933263,-0.8046817849305055,0.0
2025-06-18,C01_WEEKDAY_ISSUER_EB_K2,C01_WEEKDAY_ISSUER_EB,2,2,7760,ＩＭＶ,0.5193214060503801,-2.1714285714285686,0.0
2025-06-19,C01_WEEKDAY_ISSUER_EB_K2,C01_WEEKDAY_ISSUER_EB,2,1,4937,Ｗａｑｏｏ,0.6154155870684436,-2.400000000000002,0.0
2025-06-19,C01_WEEKDAY_ISSUER_EB_K2,C01_WEEKDAY_ISSUER_EB,2,2,7013,ＩＨＩ,0.5585959883108693,0.601646611779616,1.0
2025-06-20,C01_WEEKDAY_ISSUER_EB_K2,C01_WEEKDAY_ISSUER_EB,2,1,3205,ダイドーリミテッド,0.7817105513905037,-1.2512030798844997,0.0
2025-06-20,C01_WEEKDAY_ISSUER_EB_K2,C01_WEEKDAY_ISSUER_EB,2,2,4882,ペルセウスプロテオミクス,0.7273448237665667,0.4987531172069737,1.0
2025-06-23,C01_WEEKDAY_ISSUER_EB_K2,C01_WEEKDAY_ISSUER_EB,2,1,2901,ウェルディッシュ,0.8376554121469109,0.47999999999999154,1.0
2025-06-23,C01_WEEKDAY_ISSUER_EB_K2,C01_WEEKDAY_ISSUER_EB,2,2,9241,フューチャーリンクネットワーク,0.7008611871806065,2.348993288590595,1.0
2025-06-24,C01_WEEKDAY_ISSUER_EB_K2,C01_WEEKDAY_ISSUER_EB,2,1,3686,ディー・エル・イー,0.724442352578941,0.6578947368421018,1.0
2025-06-24,C01_WEEKDAY_ISSUER_EB_K2,C01_WEEKDAY_ISSUER_EB,2,2,4783,ＮＣＤ,0.687948947785087,-0.07092198581559739,0.0
2025-06-25,C01_WEEKDAY_ISSUER_EB_K2,C01_WEEKDAY_ISSUER_EB,2,1,5803,フジクラ,0.5267267864933263,0.5174825174825148,1.0
2025-06-25,C01_WEEKDAY_ISSUER_EB_K2,C01_WEEKDAY_ISSUER_EB,2,2,7760,ＩＭＶ,0.5193214060503801,2.8927963698241577,1.0
2025-06-26,C01_WEEKDAY_ISSUER_EB_K2,C01_WEEKDAY_ISSUER_EB,2,1,4937,Ｗａｑｏｏ,0.6154155870684436,-1.865284974093262,0.0
2025-06-26,C01_WEEKDAY_ISSUER_EB_K2,C01_WEEKDAY_ISSUER_EB,2,2,7013,ＩＨＩ,0.5585959883108693,-0.7513884351519118,0.0
2025-06-27,C01_WEEKDAY_ISSUER_EB_K2,C01_WEEKDAY_ISSUER_EB,2,1,3205,ダイドーリミテッド,0.7817105513905037,-1.5075376884422065,0.0
2025-06-27,C01_WEEKDAY_ISSUER_EB_K2,C01_WEEKDAY_ISSUER_EB,2,2,4882,ペルセウスプロテオミクス,0.7273448237665667,-2.9197080291970767,0.0
2025-06-30,C01_WEEKDAY_ISSUER_EB_K2,C01_WEEKDAY_ISSUER_EB,2,1,2901,ウェルディッシュ,0.8376554121469109,1.4173228346456623,1.0
2025-06-30,C01_WEEKDAY_ISSUER_EB_K2,C01_WEEKDAY_ISSUER_EB,2,2,9241,フューチャーリンクネットワーク,0.7008611871806065,-0.45662100456621557,0.0
2025-07-01,C01_WEEKDAY_ISSUER_EB_K2,C01_WEEKDAY_ISSUER_EB,2,1,2345,クシム,0.70785061405194,1.3698630136986356,1.0
2025-07-01,C01_WEEKDAY_ISSUER_EB_K2,C01_WEEKDAY_ISSUER_EB,2,2,9246,プロジェクトホールディングス,0.648706664185891,0.6606110652353392,1.0
2025-07-02,C01_WEEKDAY_ISSUER_EB_K2,C01_WEEKDAY_ISSUER_EB,2,1,6034,ＭＲＴ,0.49941983620602504,-0.4160887656033285,0.0
2025-07-02,C01_WEEKDAY_ISSUER_EB_K2,C01_WEEKDAY_ISSUER_EB,2,2,7760,ＩＭＶ,0.4508804442222295,-2.8683914510686193,0.0
2025-07-03,C01_WEEKDAY_ISSUER_EB_K2,C01_WEEKDAY_ISSUER_EB,2,1,4937,Ｗａｑｏｏ,0.5906897619229668,3.1016042780748654,1.0
2025-07-03,C01_WEEKDAY_ISSUER_EB_K2,C01_WEEKDAY_ISSUER_EB,2,2,7011,三菱重⼯業,0.5438203475130795,-2.2855530474040653,0.0
2025-07-04,C01_WEEKDAY_ISSUER_EB_K2,C01_WEEKDAY_ISSUER_EB,2,1,3205,ダイドーリミテッド,0.7213312771358736,0.8385744234800763,1.0
2025-07-04,C01_WEEKDAY_ISSUER_EB_K2,C01_WEEKDAY_ISSUER_EB,2,2,9252,ラストワンマイル,0.6348905197294474,-1.4619883040935644,0.0
2025-07-07,C01_WEEKDAY_ISSUER_EB_K2,C01_WEEKDAY_ISSUER_EB,2,1,9241,フューチャーリンクネットワーク,0.8015923220776829,-2.3009950248756184,0.0
2025-07-07,C01_WEEKDAY_ISSUER_EB_K2,C01_WEEKDAY_ISSUER_EB,2,2,2901,ウェルディッシュ,0.7808874456225162,-0.32206119162641045,0.0
2025-07-08,C01_WEEKDAY_ISSUER_EB_K2,C01_WEEKDAY_ISSUER_EB,2,1,2345,クシム,0.70785061405194,3.7735849056603765,1.0
2025-07-08,C01_WEEKDAY_ISSUER_EB_K2,C01_WEEKDAY_ISSUER_EB,2,2,9246,プロジェクトホールディングス,0.648706664185891,3.5188216039279796,1.0
2025-07-09,C01_WEEKDAY_ISSUER_EB_K2,C01_WEEKDAY_ISSUER_EB,2,1,6034,ＭＲＴ,0.49941983620602504,-1.104972375690605,0.0
2025-07-09,C01_WEEKDAY_ISSUER_EB_K2,C01_WEEKDAY_ISSUER_EB,2,2,7886,ヤマト モビリティ ＆ Ｍｆｇ．,0.4487590423691698,,
2025-07-10,C01_WEEKDAY_ISSUER_EB_K2,C01_WEEKDAY_ISSUER_EB,2,1,4937,Ｗａｑｏｏ,0.5906897619229668,-0.8221993833504637,0.0
2025-07-10,C01_WEEKDAY_ISSUER_EB_K2,C01_WEEKDAY_ISSUER_EB,2,2,299A,ｄｅｌｙ,0.5673855998403313,0.7629427792915422,1.0
2025-07-11,C01_WEEKDAY_ISSUER_EB_K2,C01_WEEKDAY_ISSUER_EB,2,1,3205,ダイドーリミテッド,0.7213312771358736,2.0618556701030855,1.0
2025-07-11,C01_WEEKDAY_ISSUER_EB_K2,C01_WEEKDAY_ISSUER_EB,2,2,9252,ラストワンマイル,0.6348905197294474,-0.29940119760478723,0.0
2025-07-14,C01_WEEKDAY_ISSUER_EB_K2,C01_WEEKDAY_ISSUER_EB,2,1,9241,フューチャーリンクネットワーク,0.8015923220776829,-3.0116779348494216,0.0
2025-07-14,C01_WEEKDAY_ISSUER_EB_K2,C01_WEEKDAY_ISSUER_EB,2,2,2901,ウェルディッシュ,0.7808874456225162,0.6430868167202508,1.0
2025-07-15,C01_WEEKDAY_ISSUER_EB_K2,C01_WEEKDAY_ISSUER_EB,2,1,2345,クシム,0.70785061405194,-1.3761467889908285,0.0
2025-07-15,C01_WEEKDAY_ISSUER_EB_K2,C01_WEEKDAY_ISSUER_EB,2,2,9246,プロジェクトホールディングス,0.648706664185891,-5.26717557251909,0.0
2025-07-16,C01_WEEKDAY_ISSUER_EB_K2,C01_WEEKDAY_ISSUER_EB,2,1,6034,ＭＲＴ,0.49941983620602504,-1.2693935119887145,0.0
2025-07-16,C01_WEEKDAY_ISSUER_EB_K2,C01_WEEKDAY_ISSUER_EB,2,2,7886,ヤマト モビリティ ＆ Ｍｆｇ．,0.4487590423691698,3.384615384615386,1.0
2025-07-17,C01_WEEKDAY_ISSUER_EB_K2,C01_WEEKDAY_ISSUER_EB,2,1,4937,Ｗａｑｏｏ,0.5906897619229668,0.30060120240480437,1.0
2025-07-17,C01_WEEKDAY_ISSUER_EB_K2,C01_WEEKDAY_ISSUER_EB,2,2,7011,三菱重⼯業,0.5438203475130795,-0.552995391705069,0.0
2025-07-18,C01_WEEKDAY_ISSUER_EB_K2,C01_WEEKDAY_ISSUER_EB,2,1,3205,ダイドーリミテッド,0.7213312771358736,-1.1247443762781195,0.0
2025-07-18,C01_WEEKDAY_ISSUER_EB_K2,C01_WEEKDAY_ISSUER_EB,2,2,9252,ラストワンマイル,0.6348905197294474,-2.6521060842433664,0.0
2025-07-22,C01_WEEKDAY_ISSUER_EB_K2,C01_WEEKDAY_ISSUER_EB,2,1,2345,クシム,0.70785061405194,0.9569377990430672,1.0
2025-07-22,C01_WEEKDAY_ISSUER_EB_K2,C01_WEEKDAY_ISSUER_EB,2,2,9246,プロジェクトホールディングス,0.648706664185891,0.32626427406199365,1.0
2025-07-23,C01_WEEKDAY_ISSUER_EB_K2,C01_WEEKDAY_ISSUER_EB,2,1,6034,ＭＲＴ,0.49941983620602504,1.1444921316166035,1.0
2025-07-23,C01_WEEKDAY_ISSUER_EB_K2,C01_WEEKDAY_ISSUER_EB,2,2,7760,ＩＭＶ,0.4508804442222295,1.6413373860182379,1.0
2025-07-24,C01_WEEKDAY_ISSUER_EB_K2,C01_WEEKDAY_ISSUER_EB,2,1,4937,Ｗａｑｏｏ,0.5906897619229668,0.9910802775024763,1.0
2025-07-24,C01_WEEKDAY_ISSUER_EB_K2,C01_WEEKDAY_ISSUER_EB,2,2,7011,三菱重⼯業,0.5438203475130795,2.480752780153983,1.0
2025-07-25,C01_WEEKDAY_ISSUER_EB_K2,C01_WEEKDAY_ISSUER_EB,2,1,3205,ダイドーリミテッド,0.7213312771358736,0.2044989775051187,1.0
2025-07-25,C01_WEEKDAY_ISSUER_EB_K2,C01_WEEKDAY_ISSUER_EB,2,2,8938,グローム・ホールディングス,0.5819796413578665,-0.6015037593984918,0.0
2025-07-28,C01_WEEKDAY_ISSUER_EB_K2,C01_WEEKDAY_ISSUER_EB,2,1,9241,フューチャーリンクネットワーク,0.8015923220776829,0.424628450106157,1.0
2025-07-28,C01_WEEKDAY_ISSUER_EB_K2,C01_WEEKDAY_ISSUER_EB,2,2,2901,ウェルディッシュ,0.7808874456225162,-1.883830455259028,0.0
2025-07-29,C01_WEEKDAY_ISSUER_EB_K2,C01_WEEKDAY_ISSUER_EB,2,1,4393,バンク・オブ・イノベーション,0.7596701341459384,-0.17825311942959443,0.0
2025-07-29,C01_WEEKDAY_ISSUER_EB_K2,C01_WEEKDAY_ISSUER_EB,2,2,2345,クシム,0.70785061405194,-2.3809523809523836,0.0
2025-07-30,C01_WEEKDAY_ISSUER_EB_K2,C01_WEEKDAY_ISSUER_EB,2,1,6034,ＭＲＴ,0.49941983620602504,0.0,0.0
2025-07-30,C01_WEEKDAY_ISSUER_EB_K2,C01_WEEKDAY_ISSUER_EB,2,2,3375,ＺＯＡ,0.4750804775792867,0.0,0.0
2025-07-31,C01_WEEKDAY_ISSUER_EB_K2,C01_WEEKDAY_ISSUER_EB,2,1,4937,Ｗａｑｏｏ,0.5906897619229668,0.9803921568627416,1.0
2025-07-31,C01_WEEKDAY_ISSUER_EB_K2,C01_WEEKDAY_ISSUER_EB,2,2,299A,ｄｅｌｙ,0.5673855998403313,3.5637149028077797,1.0
2024-07-01,C02_POST_HOLIDAY_ISSUER_EB_K1,C02_POST_HOLIDAY_ISSUER_EB,1,1,4264,セキュア,0.9069177124979958,0.0,0.0
2024-07-02,C02_POST_HOLIDAY_ISSUER_EB_K1,C02_POST_HOLIDAY_ISSUER_EB,1,1,,,,,
2024-07-03,C02_POST_HOLIDAY_ISSUER_EB_K1,C02_POST_HOLIDAY_ISSUER_EB,1,1,,,,,
2024-07-04,C02_POST_HOLIDAY_ISSUER_EB_K1,C02_POST_HOLIDAY_ISSUER_EB,1,1,,,,,
2024-07-05,C02_POST_HOLIDAY_ISSUER_EB_K1,C02_POST_HOLIDAY_ISSUER_EB,1,1,,,,,
2024-07-08,C02_POST_HOLIDAY_ISSUER_EB_K1,C02_POST_HOLIDAY_ISSUER_EB,1,1,4264,セキュア,0.9069177124979958,-3.0971374941342056,0.0
2024-07-09,C02_POST_HOLIDAY_ISSUER_EB_K1,C02_POST_HOLIDAY_ISSUER_EB,1,1,,,,,
2024-07-10,C02_POST_HOLIDAY_ISSUER_EB_K1,C02_POST_HOLIDAY_ISSUER_EB,1,1,,,,,
2024-07-11,C02_POST_HOLIDAY_ISSUER_EB_K1,C02_POST_HOLIDAY_ISSUER_EB,1,1,,,,,
2024-07-12,C02_POST_HOLIDAY_ISSUER_EB_K1,C02_POST_HOLIDAY_ISSUER_EB,1,1,,,,,
2024-07-16,C02_POST_HOLIDAY_ISSUER_EB_K1,C02_POST_HOLIDAY_ISSUER_EB,1,1,4264,セキュア,0.9069177124979958,-0.6265060240963849,0.0
2024-07-17,C02_POST_HOLIDAY_ISSUER_EB_K1,C02_POST_HOLIDAY_ISSUER_EB,1,1,,,,,
2024-07-18,C02_POST_HOLIDAY_ISSUER_EB_K1,C02_POST_HOLIDAY_ISSUER_EB,1,1,,,,,
2024-07-19,C02_POST_HOLIDAY_ISSUER_EB_K1,C02_POST_HOLIDAY_ISSUER_EB,1,1,,,,,
2024-07-22,C02_POST_HOLIDAY_ISSUER_EB_K1,C02_POST_HOLIDAY_ISSUER_EB,1,1,4264,セキュア,0.9069177124979958,-4.303278688524593,0.0
2024-07-23,C02_POST_HOLIDAY_ISSUER_EB_K1,C02_POST_HOLIDAY_ISSUER_EB,1,1,,,,,
2024-07-24,C02_POST_HOLIDAY_ISSUER_EB_K1,C02_POST_HOLIDAY_ISSUER_EB,1,1,,,,,
2024-07-25,C02_POST_HOLIDAY_ISSUER_EB_K1,C02_POST_HOLIDAY_ISSUER_EB,1,1,,,,,
2024-07-26,C02_POST_HOLIDAY_ISSUER_EB_K1,C02_POST_HOLIDAY_ISSUER_EB,1,1,,,,,
2024-07-29,C02_POST_HOLIDAY_ISSUER_EB_K1,C02_POST_HOLIDAY_ISSUER_EB,1,1,4264,セキュア,0.9069177124979958,-1.0752688172043001,0.0
2024-07-30,C02_POST_HOLIDAY_ISSUER_EB_K1,C02_POST_HOLIDAY_ISSUER_EB,1,1,,,,,
2024-07-31,C02_POST_HOLIDAY_ISSUER_EB_K1,C02_POST_HOLIDAY_ISSUER_EB,1,1,,,,,
2024-08-01,C02_POST_HOLIDAY_ISSUER_EB_K1,C02_POST_HOLIDAY_ISSUER_EB,1,1,,,,,
2024-08-02,C02_POST_HOLIDAY_ISSUER_EB_K1,C02_POST_HOLIDAY_ISSUER_EB,1,1,,,,,
2024-08-05,C02_POST_HOLIDAY_ISSUER_EB_K1,C02_POST_HOLIDAY_ISSUER_EB,1,1,5707,東邦亜鉛,0.726014805689797,-5.674846625766872,0.0
2024-08-06,C02_POST_HOLIDAY_ISSUER_EB_K1,C02_POST_HOLIDAY_ISSUER_EB,1,1,,,,,
2024-08-07,C02_POST_HOLIDAY_ISSUER_EB_K1,C02_POST_HOLIDAY_ISSUER_EB,1,1,,,,,
2024-08-08,C02_POST_HOLIDAY_ISSUER_EB_K1,C02_POST_HOLIDAY_ISSUER_EB,1,1,,,,,
2024-08-09,C02_POST_HOLIDAY_ISSUER_EB_K1,C02_POST_HOLIDAY_ISSUER_EB,1,1,,,,,
2024-08-13,C02_POST_HOLIDAY_ISSUER_EB_K1,C02_POST_HOLIDAY_ISSUER_EB,1,1,6930,日本アンテナ,0.6262306743619225,0.7142857142857117,1.0
2024-08-14,C02_POST_HOLIDAY_ISSUER_EB_K1,C02_POST_HOLIDAY_ISSUER_EB,1,1,,,,,
2024-08-15,C02_POST_HOLIDAY_ISSUER_EB_K1,C02_POST_HOLIDAY_ISSUER_EB,1,1,,,,,
2024-08-16,C02_POST_HOLIDAY_ISSUER_EB_K1,C02_POST_HOLIDAY_ISSUER_EB,1,1,,,,,
2024-08-19,C02_POST_HOLIDAY_ISSUER_EB_K1,C02_POST_HOLIDAY_ISSUER_EB,1,1,6930,日本アンテナ,0.6262306743619225,-1.7615176151761558,0.0
2024-08-20,C02_POST_HOLIDAY_ISSUER_EB_K1,C02_POST_HOLIDAY_ISSUER_EB,1,1,,,,,
2024-08-21,C02_POST_HOLIDAY_ISSUER_EB_K1,C02_POST_HOLIDAY_ISSUER_EB,1,1,,,,,
2024-08-22,C02_POST_HOLIDAY_ISSUER_EB_K1,C02_POST_HOLIDAY_ISSUER_EB,1,1,,,,,
2024-08-23,C02_POST_HOLIDAY_ISSUER_EB_K1,C02_POST_HOLIDAY_ISSUER_EB,1,1,,,,,
2024-08-26,C02_POST_HOLIDAY_ISSUER_EB_K1,C02_POST_HOLIDAY_ISSUER_EB,1,1,6930,日本アンテナ,0.6262306743619225,0.0,0.0
2024-08-27,C02_POST_HOLIDAY_ISSUER_EB_K1,C02_POST_HOLIDAY_ISSUER_EB,1,1,,,,,
2024-08-28,C02_POST_HOLIDAY_ISSUER_EB_K1,C02_POST_HOLIDAY_ISSUER_EB,1,1,,,,,
2024-08-29,C02_POST_HOLIDAY_ISSUER_EB_K1,C02_POST_HOLIDAY_ISSUER_EB,1,1,,,,,
2024-08-30,C02_POST_HOLIDAY_ISSUER_EB_K1,C02_POST_HOLIDAY_ISSUER_EB,1,1,,,,,
2024-09-02,C02_POST_HOLIDAY_ISSUER_EB_K1,C02_POST_HOLIDAY_ISSUER_EB,1,1,6047,Ｇｕｎｏｓｙ,0.5482395190925591,-2.777777777777779,0.0
2024-09-03,C02_POST_HOLIDAY_ISSUER_EB_K1,C02_POST_HOLIDAY_ISSUER_EB,1,1,,,,,
2024-09-04,C02_POST_HOLIDAY_ISSUER_EB_K1,C02_POST_HOLIDAY_ISSUER_EB,1,1,,,,,
2024-09-05,C02_POST_HOLIDAY_ISSUER_EB_K1,C02_POST_HOLIDAY_ISSUER_EB,1,1,,,,,
2024-09-06,C02_POST_HOLIDAY_ISSUER_EB_K1,C02_POST_HOLIDAY_ISSUER_EB,1,1,,,,,
2024-09-09,C02_POST_HOLIDAY_ISSUER_EB_K1,C02_POST_HOLIDAY_ISSUER_EB,1,1,6047,Ｇｕｎｏｓｙ,0.5482395190925591,4.033214709371302,1.0
2024-09-10,C02_POST_HOLIDAY_ISSUER_EB_K1,C02_POST_HOLIDAY_ISSUER_EB,1,1,,,,,
2024-09-11,C02_POST_HOLIDAY_ISSUER_EB_K1,C02_POST_HOLIDAY_ISSUER_EB,1,1,,,,,
2024-09-12,C02_POST_HOLIDAY_ISSUER_EB_K1,C02_POST_HOLIDAY_ISSUER_EB,1,1,,,,,
2024-09-13,C02_POST_HOLIDAY_ISSUER_EB_K1,C02_POST_HOLIDAY_ISSUER_EB,1,1,,,,,
2024-09-17,C02_POST_HOLIDAY_ISSUER_EB_K1,C02_POST_HOLIDAY_ISSUER_EB,1,1,6047,Ｇｕｎｏｓｙ,0.5482395190925591,-3.125,0.0
2024-09-18,C02_POST_HOLIDAY_ISSUER_EB_K1,C02_POST_HOLIDAY_ISSUER_EB,1,1,,,,,
2024-09-19,C02_POST_HOLIDAY_ISSUER_EB_K1,C02_POST_HOLIDAY_ISSUER_EB,1,1,,,,,
2024-09-20,C02_POST_HOLIDAY_ISSUER_EB_K1,C02_POST_HOLIDAY_ISSUER_EB,1,1,,,,,
2024-09-24,C02_POST_HOLIDAY_ISSUER_EB_K1,C02_POST_HOLIDAY_ISSUER_EB,1,1,4884,クリングルファーマ,0.7541569476164994,-1.94508009153318,0.0
2024-09-25,C02_POST_HOLIDAY_ISSUER_EB_K1,C02_POST_HOLIDAY_ISSUER_EB,1,1,,,,,
2024-09-26,C02_POST_HOLIDAY_ISSUER_EB_K1,C02_POST_HOLIDAY_ISSUER_EB,1,1,,,,,
2024-09-27,C02_POST_HOLIDAY_ISSUER_EB_K1,C02_POST_HOLIDAY_ISSUER_EB,1,1,,,,,
2024-09-30,C02_POST_HOLIDAY_ISSUER_EB_K1,C02_POST_HOLIDAY_ISSUER_EB,1,1,6855,日本電子材料,0.7542956712685226,-3.4016235021260166,0.0
2024-10-01,C02_POST_HOLIDAY_ISSUER_EB_K1,C02_POST_HOLIDAY_ISSUER_EB,1,1,,,,,
2024-10-02,C02_POST_HOLIDAY_ISSUER_EB_K1,C02_POST_HOLIDAY_ISSUER_EB,1,1,,,,,
2024-10-03,C02_POST_HOLIDAY_ISSUER_EB_K1,C02_POST_HOLIDAY_ISSUER_EB,1,1,,,,,
2024-10-04,C02_POST_HOLIDAY_ISSUER_EB_K1,C02_POST_HOLIDAY_ISSUER_EB,1,1,,,,,
2024-10-07,C02_POST_HOLIDAY_ISSUER_EB_K1,C02_POST_HOLIDAY_ISSUER_EB,1,1,4884,クリングルファーマ,0.603586140773765,0.3504672897196359,1.0
2024-10-08,C02_POST_HOLIDAY_ISSUER_EB_K1,C02_POST_HOLIDAY_ISSUER_EB,1,1,,,,,
2024-10-09,C02_POST_HOLIDAY_ISSUER_EB_K1,C02_POST_HOLIDAY_ISSUER_EB,1,1,,,,,
2024-10-10,C02_POST_HOLIDAY_ISSUER_EB_K1,C02_POST_HOLIDAY_ISSUER_EB,1,1,,,,,
2024-10-11,C02_POST_HOLIDAY_ISSUER_EB_K1,C02_POST_HOLIDAY_ISSUER_EB,1,1,,,,,
2024-10-15,C02_POST_HOLIDAY_ISSUER_EB_K1,C02_POST_HOLIDAY_ISSUER_EB,1,1,4884,クリングルファーマ,0.603586140773765,-1.620370370370372,0.0
2024-10-16,C02_POST_HOLIDAY_ISSUER_EB_K1,C02_POST_HOLIDAY_ISSUER_EB,1,1,,,,,
2024-10-17,C02_POST_HOLIDAY_ISSUER_EB_K1,C02_POST_HOLIDAY_ISSUER_EB,1,1,,,,,
2024-10-18,C02_POST_HOLIDAY_ISSUER_EB_K1,C02_POST_HOLIDAY_ISSUER_EB,1,1,,,,,
2024-10-21,C02_POST_HOLIDAY_ISSUER_EB_K1,C02_POST_HOLIDAY_ISSUER_EB,1,1,4884,クリングルファーマ,0.603586140773765,3.159173754556499,1.0
2024-10-22,C02_POST_HOLIDAY_ISSUER_EB_K1,C02_POST_HOLIDAY_ISSUER_EB,1,1,,,,,
2024-10-23,C02_POST_HOLIDAY_ISSUER_EB_K1,C02_POST_HOLIDAY_ISSUER_EB,1,1,,,,,
2024-10-24,C02_POST_HOLIDAY_ISSUER_EB_K1,C02_POST_HOLIDAY_ISSUER_EB,1,1,,,,,
2024-10-25,C02_POST_HOLIDAY_ISSUER_EB_K1,C02_POST_HOLIDAY_ISSUER_EB,1,1,,,,,
2024-10-28,C02_POST_HOLIDAY_ISSUER_EB_K1,C02_POST_HOLIDAY_ISSUER_EB,1,1,4884,クリングルファーマ,0.603586140773765,8.781127129750988,1.0
2024-10-29,C02_POST_HOLIDAY_ISSUER_EB_K1,C02_POST_HOLIDAY_ISSUER_EB,1,1,,,,,
2024-10-30,C02_POST_HOLIDAY_ISSUER_EB_K1,C02_POST_HOLIDAY_ISSUER_EB,1,1,,,,,
2024-10-31,C02_POST_HOLIDAY_ISSUER_EB_K1,C02_POST_HOLIDAY_ISSUER_EB,1,1,,,,,
2024-11-01,C02_POST_HOLIDAY_ISSUER_EB_K1,C02_POST_HOLIDAY_ISSUER_EB,1,1,,,,,
2024-11-05,C02_POST_HOLIDAY_ISSUER_EB_K1,C02_POST_HOLIDAY_ISSUER_EB,1,1,4884,クリングルファーマ,0.7125186625182338,-1.098901098901095,0.0
2024-11-06,C02_POST_HOLIDAY_ISSUER_EB_K1,C02_POST_HOLIDAY_ISSUER_EB,1,1,,,,,
2024-11-07,C02_POST_HOLIDAY_ISSUER_EB_K1,C02_POST_HOLIDAY_ISSUER_EB,1,1,,,,,
2024-11-08,C02_POST_HOLIDAY_ISSUER_EB_K1,C02_POST_HOLIDAY_ISSUER_EB,1,1,,,,,
2024-11-11,C02_POST_HOLIDAY_ISSUER_EB_K1,C02_POST_HOLIDAY_ISSUER_EB,1,1,4884,クリングルファーマ,0.7125186625182338,1.3664596273291973,1.0
2024-11-12,C02_POST_HOLIDAY_ISSUER_EB_K1,C02_POST_HOLIDAY_ISSUER_EB,1,1,,,,,
2024-11-13,C02_POST_HOLIDAY_ISSUER_EB_K1,C02_POST_HOLIDAY_ISSUER_EB,1,1,,,,,
2024-11-14,C02_POST_HOLIDAY_ISSUER_EB_K1,C02_POST_HOLIDAY_ISSUER_EB,1,1,,,,,
2024-11-15,C02_POST_HOLIDAY_ISSUER_EB_K1,C02_POST_HOLIDAY_ISSUER_EB,1,1,,,,,
2024-11-18,C02_POST_HOLIDAY_ISSUER_EB_K1,C02_POST_HOLIDAY_ISSUER_EB,1,1,4490,ビザスク,0.7934117258759034,1.7676767676767735,1.0
2024-11-19,C02_POST_HOLIDAY_ISSUER_EB_K1,C02_POST_HOLIDAY_ISSUER_EB,1,1,,,,,
2024-11-20,C02_POST_HOLIDAY_ISSUER_EB_K1,C02_POST_HOLIDAY_ISSUER_EB,1,1,,,,,
2024-11-21,C02_POST_HOLIDAY_ISSUER_EB_K1,C02_POST_HOLIDAY_ISSUER_EB,1,1,,,,,
2024-11-22,C02_POST_HOLIDAY_ISSUER_EB_K1,C02_POST_HOLIDAY_ISSUER_EB,1,1,,,,,
2024-11-25,C02_POST_HOLIDAY_ISSUER_EB_K1,C02_POST_HOLIDAY_ISSUER_EB,1,1,4490,ビザスク,0.7934117258759034,1.5846538782318564,1.0
2024-11-26,C02_POST_HOLIDAY_ISSUER_EB_K1,C02_POST_HOLIDAY_ISSUER_EB,1,1,,,,,
2024-11-27,C02_POST_HOLIDAY_ISSUER_EB_K1,C02_POST_HOLIDAY_ISSUER_EB,1,1,,,,,
2024-11-28,C02_POST_HOLIDAY_ISSUER_EB_K1,C02_POST_HOLIDAY_ISSUER_EB,1,1,,,,,
2024-11-29,C02_POST_HOLIDAY_ISSUER_EB_K1,C02_POST_HOLIDAY_ISSUER_EB,1,1,,,,,
2024-12-02,C02_POST_HOLIDAY_ISSUER_EB_K1,C02_POST_HOLIDAY_ISSUER_EB,1,1,4490,ビザスク,0.7550378759224721,1.2499999999999956,1.0
2024-12-03,C02_POST_HOLIDAY_ISSUER_EB_K1,C02_POST_HOLIDAY_ISSUER_EB,1,1,,,,,
2024-12-04,C02_POST_HOLIDAY_ISSUER_EB_K1,C02_POST_HOLIDAY_ISSUER_EB,1,1,,,,,
2024-12-05,C02_POST_HOLIDAY_ISSUER_EB_K1,C02_POST_HOLIDAY_ISSUER_EB,1,1,,,,,
2024-12-06,C02_POST_HOLIDAY_ISSUER_EB_K1,C02_POST_HOLIDAY_ISSUER_EB,1,1,,,,,
2024-12-09,C02_POST_HOLIDAY_ISSUER_EB_K1,C02_POST_HOLIDAY_ISSUER_EB,1,1,4490,ビザスク,0.7550378759224721,6.770833333333326,1.0
2024-12-10,C02_POST_HOLIDAY_ISSUER_EB_K1,C02_POST_HOLIDAY_ISSUER_EB,1,1,,,,,
2024-12-11,C02_POST_HOLIDAY_ISSUER_EB_K1,C02_POST_HOLIDAY_ISSUER_EB,1,1,,,,,
2024-12-12,C02_POST_HOLIDAY_ISSUER_EB_K1,C02_POST_HOLIDAY_ISSUER_EB,1,1,,,,,
2024-12-13,C02_POST_HOLIDAY_ISSUER_EB_K1,C02_POST_HOLIDAY_ISSUER_EB,1,1,,,,,
2024-12-16,C02_POST_HOLIDAY_ISSUER_EB_K1,C02_POST_HOLIDAY_ISSUER_EB,1,1,4884,クリングルファーマ,0.7653411567348022,-2.430555555555558,0.0
2024-12-17,C02_POST_HOLIDAY_ISSUER_EB_K1,C02_POST_HOLIDAY_ISSUER_EB,1,1,,,,,
2024-12-18,C02_POST_HOLIDAY_ISSUER_EB_K1,C02_POST_HOLIDAY_ISSUER_EB,1,1,,,,,
2024-12-19,C02_POST_HOLIDAY_ISSUER_EB_K1,C02_POST_HOLIDAY_ISSUER_EB,1,1,,,,,
2024-12-20,C02_POST_HOLIDAY_ISSUER_EB_K1,C02_POST_HOLIDAY_ISSUER_EB,1,1,,,,,
2024-12-23,C02_POST_HOLIDAY_ISSUER_EB_K1,C02_POST_HOLIDAY_ISSUER_EB,1,1,4884,クリングルファーマ,0.7653411567348022,-0.12345679012345512,0.0
2024-12-24,C02_POST_HOLIDAY_ISSUER_EB_K1,C02_POST_HOLIDAY_ISSUER_EB,1,1,,,,,
2024-12-25,C02_POST_HOLIDAY_ISSUER_EB_K1,C02_POST_HOLIDAY_ISSUER_EB,1,1,,,,,
2024-12-26,C02_POST_HOLIDAY_ISSUER_EB_K1,C02_POST_HOLIDAY_ISSUER_EB,1,1,,,,,
2024-12-27,C02_POST_HOLIDAY_ISSUER_EB_K1,C02_POST_HOLIDAY_ISSUER_EB,1,1,,,,,
2024-12-30,C02_POST_HOLIDAY_ISSUER_EB_K1,C02_POST_HOLIDAY_ISSUER_EB,1,1,4884,クリングルファーマ,0.7653411567348022,3.4360189573459765,1.0
2025-01-06,C02_POST_HOLIDAY_ISSUER_EB_K1,C02_POST_HOLIDAY_ISSUER_EB,1,1,4490,ビザスク,0.862250552823279,-4.524886877828049,0.0
2025-01-07,C02_POST_HOLIDAY_ISSUER_EB_K1,C02_POST_HOLIDAY_ISSUER_EB,1,1,,,,,
2025-01-08,C02_POST_HOLIDAY_ISSUER_EB_K1,C02_POST_HOLIDAY_ISSUER_EB,1,1,,,,,
2025-01-09,C02_POST_HOLIDAY_ISSUER_EB_K1,C02_POST_HOLIDAY_ISSUER_EB,1,1,,,,,
2025-01-10,C02_POST_HOLIDAY_ISSUER_EB_K1,C02_POST_HOLIDAY_ISSUER_EB,1,1,,,,,
2025-01-14,C02_POST_HOLIDAY_ISSUER_EB_K1,C02_POST_HOLIDAY_ISSUER_EB,1,1,4490,ビザスク,0.862250552823279,-2.4907749077490826,0.0
2025-01-15,C02_POST_HOLIDAY_ISSUER_EB_K1,C02_POST_HOLIDAY_ISSUER_EB,1,1,,,,,
2025-01-16,C02_POST_HOLIDAY_ISSUER_EB_K1,C02_POST_HOLIDAY_ISSUER_EB,1,1,,,,,
2025-01-17,C02_POST_HOLIDAY_ISSUER_EB_K1,C02_POST_HOLIDAY_ISSUER_EB,1,1,,,,,
2025-01-20,C02_POST_HOLIDAY_ISSUER_EB_K1,C02_POST_HOLIDAY_ISSUER_EB,1,1,4490,ビザスク,0.862250552823279,0.09999999999998899,1.0
2025-01-21,C02_POST_HOLIDAY_ISSUER_EB_K1,C02_POST_HOLIDAY_ISSUER_EB,1,1,,,,,
2025-01-22,C02_POST_HOLIDAY_ISSUER_EB_K1,C02_POST_HOLIDAY_ISSUER_EB,1,1,,,,,
2025-01-23,C02_POST_HOLIDAY_ISSUER_EB_K1,C02_POST_HOLIDAY_ISSUER_EB,1,1,,,,,
2025-01-24,C02_POST_HOLIDAY_ISSUER_EB_K1,C02_POST_HOLIDAY_ISSUER_EB,1,1,,,,,
2025-01-27,C02_POST_HOLIDAY_ISSUER_EB_K1,C02_POST_HOLIDAY_ISSUER_EB,1,1,4490,ビザスク,0.862250552823279,0.09587727708533222,1.0
2025-01-28,C02_POST_HOLIDAY_ISSUER_EB_K1,C02_POST_HOLIDAY_ISSUER_EB,1,1,,,,,
2025-01-29,C02_POST_HOLIDAY_ISSUER_EB_K1,C02_POST_HOLIDAY_ISSUER_EB,1,1,,,,,
2025-01-30,C02_POST_HOLIDAY_ISSUER_EB_K1,C02_POST_HOLIDAY_ISSUER_EB,1,1,,,,,
2025-01-31,C02_POST_HOLIDAY_ISSUER_EB_K1,C02_POST_HOLIDAY_ISSUER_EB,1,1,,,,,
2025-02-03,C02_POST_HOLIDAY_ISSUER_EB_K1,C02_POST_HOLIDAY_ISSUER_EB,1,1,2901,ウェルディッシュ,0.7842328369673355,1.8396846254927768,1.0
2025-02-04,C02_POST_HOLIDAY_ISSUER_EB_K1,C02_POST_HOLIDAY_ISSUER_EB,1,1,,,,,
2025-02-05,C02_POST_HOLIDAY_ISSUER_EB_K1,C02_POST_HOLIDAY_ISSUER_EB,1,1,,,,,
2025-02-06,C02_POST_HOLIDAY_ISSUER_EB_K1,C02_POST_HOLIDAY_ISSUER_EB,1,1,,,,,
2025-02-07,C02_POST_HOLIDAY_ISSUER_EB_K1,C02_POST_HOLIDAY_ISSUER_EB,1,1,,,,,
2025-02-10,C02_POST_HOLIDAY_ISSUER_EB_K1,C02_POST_HOLIDAY_ISSUER_EB,1,1,2901,ウェルディッシュ,0.7842328369673355,0.24752475247524774,1.0
2025-02-12,C02_POST_HOLIDAY_ISSUER_EB_K1,C02_POST_HOLIDAY_ISSUER_EB,1,1,,,,,
2025-02-13,C02_POST_HOLIDAY_ISSUER_EB_K1,C02_POST_HOLIDAY_ISSUER_EB,1,1,,,,,
2025-02-14,C02_POST_HOLIDAY_ISSUER_EB_K1,C02_POST_HOLIDAY_ISSUER_EB,1,1,,,,,
2025-02-17,C02_POST_HOLIDAY_ISSUER_EB_K1,C02_POST_HOLIDAY_ISSUER_EB,1,1,2901,ウェルディッシュ,0.7842328369673355,2.075226977950706,1.0
2025-02-18,C02_POST_HOLIDAY_ISSUER_EB_K1,C02_POST_HOLIDAY_ISSUER_EB,1,1,,,,,
2025-02-19,C02_POST_HOLIDAY_ISSUER_EB_K1,C02_POST_HOLIDAY_ISSUER_EB,1,1,,,,,
2025-02-20,C02_POST_HOLIDAY_ISSUER_EB_K1,C02_POST_HOLIDAY_ISSUER_EB,1,1,,,,,
2025-02-21,C02_POST_HOLIDAY_ISSUER_EB_K1,C02_POST_HOLIDAY_ISSUER_EB,1,1,,,,,
2025-02-25,C02_POST_HOLIDAY_ISSUER_EB_K1,C02_POST_HOLIDAY_ISSUER_EB,1,1,2901,ウェルディッシュ,0.7842328369673355,4.143646408839774,1.0
2025-02-26,C02_POST_HOLIDAY_ISSUER_EB_K1,C02_POST_HOLIDAY_ISSUER_EB,1,1,,,,,
2025-02-27,C02_POST_HOLIDAY_ISSUER_EB_K1,C02_POST_HOLIDAY_ISSUER_EB,1,1,,,,,
2025-02-28,C02_POST_HOLIDAY_ISSUER_EB_K1,C02_POST_HOLIDAY_ISSUER_EB,1,1,,,,,
2025-03-03,C02_POST_HOLIDAY_ISSUER_EB_K1,C02_POST_HOLIDAY_ISSUER_EB,1,1,2901,ウェルディッシュ,0.8729454214356476,-1.66204986149584,0.0
2025-03-04,C02_POST_HOLIDAY_ISSUER_EB_K1,C02_POST_HOLIDAY_ISSUER_EB,1,1,,,,,
2025-03-05,C02_POST_HOLIDAY_ISSUER_EB_K1,C02_POST_HOLIDAY_ISSUER_EB,1,1,,,,,
2025-03-06,C02_POST_HOLIDAY_ISSUER_EB_K1,C02_POST_HOLIDAY_ISSUER_EB,1,1,,,,,
2025-03-07,C02_POST_HOLIDAY_ISSUER_EB_K1,C02_POST_HOLIDAY_ISSUER_EB,1,1,,,,,
2025-03-10,C02_POST_HOLIDAY_ISSUER_EB_K1,C02_POST_HOLIDAY_ISSUER_EB,1,1,2901,ウェルディッシュ,0.8729454214356476,-0.28612303290415086,0.0
2025-03-11,C02_POST_HOLIDAY_ISSUER_EB_K1,C02_POST_HOLIDAY_ISSUER_EB,1,1,,,,,
2025-03-12,C02_POST_HOLIDAY_ISSUER_EB_K1,C02_POST_HOLIDAY_ISSUER_EB,1,1,,,,,
2025-03-13,C02_POST_HOLIDAY_ISSUER_EB_K1,C02_POST_HOLIDAY_ISSUER_EB,1,1,,,,,
2025-03-14,C02_POST_HOLIDAY_ISSUER_EB_K1,C02_POST_HOLIDAY_ISSUER_EB,1,1,,,,,
2025-03-17,C02_POST_HOLIDAY_ISSUER_EB_K1,C02_POST_HOLIDAY_ISSUER_EB,1,1,2901,ウェルディッシュ,0.8729454214356476,-0.5369127516778538,0.0
2025-03-18,C02_POST_HOLIDAY_ISSUER_EB_K1,C02_POST_HOLIDAY_ISSUER_EB,1,1,,,,,
2025-03-19,C02_POST_HOLIDAY_ISSUER_EB_K1,C02_POST_HOLIDAY_ISSUER_EB,1,1,,,,,
2025-03-21,C02_POST_HOLIDAY_ISSUER_EB_K1,C02_POST_HOLIDAY_ISSUER_EB,1,1,,,,,
2025-03-24,C02_POST_HOLIDAY_ISSUER_EB_K1,C02_POST_HOLIDAY_ISSUER_EB,1,1,2901,ウェルディッシュ,0.8729454214356476,-1.2430939226519389,0.0
2025-03-25,C02_POST_HOLIDAY_ISSUER_EB_K1,C02_POST_HOLIDAY_ISSUER_EB,1,1,,,,,
2025-03-26,C02_POST_HOLIDAY_ISSUER_EB_K1,C02_POST_HOLIDAY_ISSUER_EB,1,1,,,,,
2025-03-27,C02_POST_HOLIDAY_ISSUER_EB_K1,C02_POST_HOLIDAY_ISSUER_EB,1,1,,,,,
2025-03-28,C02_POST_HOLIDAY_ISSUER_EB_K1,C02_POST_HOLIDAY_ISSUER_EB,1,1,,,,,
2025-03-31,C02_POST_HOLIDAY_ISSUER_EB_K1,C02_POST_HOLIDAY_ISSUER_EB,1,1,2901,ウェルディッシュ,0.8729454214356476,3.197674418604657,1.0
2025-04-01,C02_POST_HOLIDAY_ISSUER_EB_K1,C02_POST_HOLIDAY_ISSUER_EB,1,1,,,,,
2025-04-02,C02_POST_HOLIDAY_ISSUER_EB_K1,C02_POST_HOLIDAY_ISSUER_EB,1,1,,,,,
2025-04-03,C02_POST_HOLIDAY_ISSUER_EB_K1,C02_POST_HOLIDAY_ISSUER_EB,1,1,,,,,
2025-04-04,C02_POST_HOLIDAY_ISSUER_EB_K1,C02_POST_HOLIDAY_ISSUER_EB,1,1,,,,,
2025-04-07,C02_POST_HOLIDAY_ISSUER_EB_K1,C02_POST_HOLIDAY_ISSUER_EB,1,1,2901,ウェルディッシュ,0.7886930581359688,10.365853658536594,1.0
2025-04-08,C02_POST_HOLIDAY_ISSUER_EB_K1,C02_POST_HOLIDAY_ISSUER_EB,1,1,,,,,
2025-04-09,C02_POST_HOLIDAY_ISSUER_EB_K1,C02_POST_HOLIDAY_ISSUER_EB,1,1,,,,,
2025-04-10,C02_POST_HOLIDAY_ISSUER_EB_K1,C02_POST_HOLIDAY_ISSUER_EB,1,1,,,,,
2025-04-11,C02_POST_HOLIDAY_ISSUER_EB_K1,C02_POST_HOLIDAY_ISSUER_EB,1,1,,,,,
2025-04-14,C02_POST_HOLIDAY_ISSUER_EB_K1,C02_POST_HOLIDAY_ISSUER_EB,1,1,7345,アイ・パートナーズフィナンシャル,0.6364620624078094,,
2025-04-15,C02_POST_HOLIDAY_ISSUER_EB_K1,C02_POST_HOLIDAY_ISSUER_EB,1,1,,,,,
2025-04-16,C02_POST_HOLIDAY_ISSUER_EB_K1,C02_POST_HOLIDAY_ISSUER_EB,1,1,,,,,
2025-04-17,C02_POST_HOLIDAY_ISSUER_EB_K1,C02_POST_HOLIDAY_ISSUER_EB,1,1,,,,,
2025-04-18,C02_POST_HOLIDAY_ISSUER_EB_K1,C02_POST_HOLIDAY_ISSUER_EB,1,1,,,,,
2025-04-21,C02_POST_HOLIDAY_ISSUER_EB_K1,C02_POST_HOLIDAY_ISSUER_EB,1,1,7345,アイ・パートナーズフィナンシャル,0.6364620624078094,-1.3722126929674117,0.0
2025-04-22,C02_POST_HOLIDAY_ISSUER_EB_K1,C02_POST_HOLIDAY_ISSUER_EB,1,1,,,,,
2025-04-23,C02_POST_HOLIDAY_ISSUER_EB_K1,C02_POST_HOLIDAY_ISSUER_EB,1,1,,,,,
2025-04-24,C02_POST_HOLIDAY_ISSUER_EB_K1,C02_POST_HOLIDAY_ISSUER_EB,1,1,,,,,
2025-04-25,C02_POST_HOLIDAY_ISSUER_EB_K1,C02_POST_HOLIDAY_ISSUER_EB,1,1,,,,,
2025-04-28,C02_POST_HOLIDAY_ISSUER_EB_K1,C02_POST_HOLIDAY_ISSUER_EB,1,1,7345,アイ・パートナーズフィナンシャル,0.6364620624078094,1.415929203539834,1.0
2025-04-30,C02_POST_HOLIDAY_ISSUER_EB_K1,C02_POST_HOLIDAY_ISSUER_EB,1,1,,,,,
2025-05-01,C02_POST_HOLIDAY_ISSUER_EB_K1,C02_POST_HOLIDAY_ISSUER_EB,1,1,,,,,
2025-05-02,C02_POST_HOLIDAY_ISSUER_EB_K1,C02_POST_HOLIDAY_ISSUER_EB,1,1,,,,,
2025-05-07,C02_POST_HOLIDAY_ISSUER_EB_K1,C02_POST_HOLIDAY_ISSUER_EB,1,1,2901,ウェルディッシュ,0.904935874494823,2.471169686985175,1.0
2025-05-08,C02_POST_HOLIDAY_ISSUER_EB_K1,C02_POST_HOLIDAY_ISSUER_EB,1,1,,,,,
2025-05-09,C02_POST_HOLIDAY_ISSUER_EB_K1,C02_POST_HOLIDAY_ISSUER_EB,1,1,,,,,
2025-05-12,C02_POST_HOLIDAY_ISSUER_EB_K1,C02_POST_HOLIDAY_ISSUER_EB,1,1,2901,ウェルディッシュ,0.904935874494823,0.6289308176100628,1.0
2025-05-13,C02_POST_HOLIDAY_ISSUER_EB_K1,C02_POST_HOLIDAY_ISSUER_EB,1,1,,,,,
2025-05-14,C02_POST_HOLIDAY_ISSUER_EB_K1,C02_POST_HOLIDAY_ISSUER_EB,1,1,,,,,
2025-05-15,C02_POST_HOLIDAY_ISSUER_EB_K1,C02_POST_HOLIDAY_ISSUER_EB,1,1,,,,,
2025-05-16,C02_POST_HOLIDAY_ISSUER_EB_K1,C02_POST_HOLIDAY_ISSUER_EB,1,1,,,,,
2025-05-19,C02_POST_HOLIDAY_ISSUER_EB_K1,C02_POST_HOLIDAY_ISSUER_EB,1,1,2901,ウェルディッシュ,0.904935874494823,0.6079027355623046,1.0
2025-05-20,C02_POST_HOLIDAY_ISSUER_EB_K1,C02_POST_HOLIDAY_ISSUER_EB,1,1,,,,,
2025-05-21,C02_POST_HOLIDAY_ISSUER_EB_K1,C02_POST_HOLIDAY_ISSUER_EB,1,1,,,,,
2025-05-22,C02_POST_HOLIDAY_ISSUER_EB_K1,C02_POST_HOLIDAY_ISSUER_EB,1,1,,,,,
2025-05-23,C02_POST_HOLIDAY_ISSUER_EB_K1,C02_POST_HOLIDAY_ISSUER_EB,1,1,,,,,
2025-05-26,C02_POST_HOLIDAY_ISSUER_EB_K1,C02_POST_HOLIDAY_ISSUER_EB,1,1,2901,ウェルディッシュ,0.904935874494823,3.881987577639756,1.0
2025-05-27,C02_POST_HOLIDAY_ISSUER_EB_K1,C02_POST_HOLIDAY_ISSUER_EB,1,1,,,,,
2025-05-28,C02_POST_HOLIDAY_ISSUER_EB_K1,C02_POST_HOLIDAY_ISSUER_EB,1,1,,,,,
2025-05-29,C02_POST_HOLIDAY_ISSUER_EB_K1,C02_POST_HOLIDAY_ISSUER_EB,1,1,,,,,
2025-05-30,C02_POST_HOLIDAY_ISSUER_EB_K1,C02_POST_HOLIDAY_ISSUER_EB,1,1,,,,,
2025-06-02,C02_POST_HOLIDAY_ISSUER_EB_K1,C02_POST_HOLIDAY_ISSUER_EB,1,1,2901,ウェルディッシュ,0.968048590244068,-6.011730205278587,0.0
2025-06-03,C02_POST_HOLIDAY_ISSUER_EB_K1,C02_POST_HOLIDAY_ISSUER_EB,1,1,,,,,
2025-06-04,C02_POST_HOLIDAY_ISSUER_EB_K1,C02_POST_HOLIDAY_ISSUER_EB,1,1,,,,,
2025-06-05,C02_POST_HOLIDAY_ISSUER_EB_K1,C02_POST_HOLIDAY_ISSUER_EB,1,1,,,,,
2025-06-06,C02_POST_HOLIDAY_ISSUER_EB_K1,C02_POST_HOLIDAY_ISSUER_EB,1,1,,,,,
2025-06-09,C02_POST_HOLIDAY_ISSUER_EB_K1,C02_POST_HOLIDAY_ISSUER_EB,1,1,2901,ウェルディッシュ,0.968048590244068,2.1538461538461506,1.0
2025-06-10,C02_POST_HOLIDAY_ISSUER_EB_K1,C02_POST_HOLIDAY_ISSUER_EB,1,1,,,,,
2025-06-11,C02_POST_HOLIDAY_ISSUER_EB_K1,C02_POST_HOLIDAY_ISSUER_EB,1,1,,,,,
2025-06-12,C02_POST_HOLIDAY_ISSUER_EB_K1,C02_POST_HOLIDAY_ISSUER_EB,1,1,,,,,
2025-06-13,C02_POST_HOLIDAY_ISSUER_EB_K1,C02_POST_HOLIDAY_ISSUER_EB,1,1,,,,,
2025-06-16,C02_POST_HOLIDAY_ISSUER_EB_K1,C02_POST_HOLIDAY_ISSUER_EB,1,1,2901,ウェルディッシュ,0.968048590244068,1.2944983818770295,1.0
2025-06-17,C02_POST_HOLIDAY_ISSUER_EB_K1,C02_POST_HOLIDAY_ISSUER_EB,1,1,,,,,
2025-06-18,C02_POST_HOLIDAY_ISSUER_EB_K1,C02_POST_HOLIDAY_ISSUER_EB,1,1,,,,,
2025-06-19,C02_POST_HOLIDAY_ISSUER_EB_K1,C02_POST_HOLIDAY_ISSUER_EB,1,1,,,,,
2025-06-20,C02_POST_HOLIDAY_ISSUER_EB_K1,C02_POST_HOLIDAY_ISSUER_EB,1,1,,,,,
2025-06-23,C02_POST_HOLIDAY_ISSUER_EB_K1,C02_POST_HOLIDAY_ISSUER_EB,1,1,2901,ウェルディッシュ,0.968048590244068,0.47999999999999154,1.0
2025-06-24,C02_POST_HOLIDAY_ISSUER_EB_K1,C02_POST_HOLIDAY_ISSUER_EB,1,1,,,,,
2025-06-25,C02_POST_HOLIDAY_ISSUER_EB_K1,C02_POST_HOLIDAY_ISSUER_EB,1,1,,,,,
2025-06-26,C02_POST_HOLIDAY_ISSUER_EB_K1,C02_POST_HOLIDAY_ISSUER_EB,1,1,,,,,
2025-06-27,C02_POST_HOLIDAY_ISSUER_EB_K1,C02_POST_HOLIDAY_ISSUER_EB,1,1,,,,,
2025-06-30,C02_POST_HOLIDAY_ISSUER_EB_K1,C02_POST_HOLIDAY_ISSUER_EB,1,1,2901,ウェルディッシュ,0.968048590244068,1.4173228346456623,1.0
2025-07-01,C02_POST_HOLIDAY_ISSUER_EB_K1,C02_POST_HOLIDAY_ISSUER_EB,1,1,,,,,
2025-07-02,C02_POST_HOLIDAY_ISSUER_EB_K1,C02_POST_HOLIDAY_ISSUER_EB,1,1,,,,,
2025-07-03,C02_POST_HOLIDAY_ISSUER_EB_K1,C02_POST_HOLIDAY_ISSUER_EB,1,1,,,,,
2025-07-04,C02_POST_HOLIDAY_ISSUER_EB_K1,C02_POST_HOLIDAY_ISSUER_EB,1,1,,,,,
2025-07-07,C02_POST_HOLIDAY_ISSUER_EB_K1,C02_POST_HOLIDAY_ISSUER_EB,1,1,2901,ウェルディッシュ,0.9096011983005324,-0.32206119162641045,0.0
2025-07-08,C02_POST_HOLIDAY_ISSUER_EB_K1,C02_POST_HOLIDAY_ISSUER_EB,1,1,,,,,
2025-07-09,C02_POST_HOLIDAY_ISSUER_EB_K1,C02_POST_HOLIDAY_ISSUER_EB,1,1,,,,,
2025-07-10,C02_POST_HOLIDAY_ISSUER_EB_K1,C02_POST_HOLIDAY_ISSUER_EB,1,1,,,,,
2025-07-11,C02_POST_HOLIDAY_ISSUER_EB_K1,C02_POST_HOLIDAY_ISSUER_EB,1,1,,,,,
2025-07-14,C02_POST_HOLIDAY_ISSUER_EB_K1,C02_POST_HOLIDAY_ISSUER_EB,1,1,2901,ウェルディッシュ,0.9096011983005324,0.6430868167202508,1.0
2025-07-15,C02_POST_HOLIDAY_ISSUER_EB_K1,C02_POST_HOLIDAY_ISSUER_EB,1,1,,,,,
2025-07-16,C02_POST_HOLIDAY_ISSUER_EB_K1,C02_POST_HOLIDAY_ISSUER_EB,1,1,,,,,
2025-07-17,C02_POST_HOLIDAY_ISSUER_EB_K1,C02_POST_HOLIDAY_ISSUER_EB,1,1,,,,,
2025-07-18,C02_POST_HOLIDAY_ISSUER_EB_K1,C02_POST_HOLIDAY_ISSUER_EB,1,1,,,,,
2025-07-22,C02_POST_HOLIDAY_ISSUER_EB_K1,C02_POST_HOLIDAY_ISSUER_EB,1,1,2901,ウェルディッシュ,0.9096011983005324,-1.5847860538827252,0.0
2025-07-23,C02_POST_HOLIDAY_ISSUER_EB_K1,C02_POST_HOLIDAY_ISSUER_EB,1,1,,,,,
2025-07-24,C02_POST_HOLIDAY_ISSUER_EB_K1,C02_POST_HOLIDAY_ISSUER_EB,1,1,,,,,
2025-07-25,C02_POST_HOLIDAY_ISSUER_EB_K1,C02_POST_HOLIDAY_ISSUER_EB,1,1,,,,,
2025-07-28,C02_POST_HOLIDAY_ISSUER_EB_K1,C02_POST_HOLIDAY_ISSUER_EB,1,1,2901,ウェルディッシュ,0.9096011983005324,-1.883830455259028,0.0
2025-07-29,C02_POST_HOLIDAY_ISSUER_EB_K1,C02_POST_HOLIDAY_ISSUER_EB,1,1,,,,,
2025-07-30,C02_POST_HOLIDAY_ISSUER_EB_K1,C02_POST_HOLIDAY_ISSUER_EB,1,1,,,,,
2025-07-31,C02_POST_HOLIDAY_ISSUER_EB_K1,C02_POST_HOLIDAY_ISSUER_EB,1,1,,,,,
2024-07-01,C02_POST_HOLIDAY_ISSUER_EB_K2,C02_POST_HOLIDAY_ISSUER_EB,2,1,4264,セキュア,0.9069177124979958,0.0,0.0
2024-07-01,C02_POST_HOLIDAY_ISSUER_EB_K2,C02_POST_HOLIDAY_ISSUER_EB,2,2,5707,東邦亜鉛,0.8943889202439959,2.453271028037385,1.0
2024-07-02,C02_POST_HOLIDAY_ISSUER_EB_K2,C02_POST_HOLIDAY_ISSUER_EB,2,1,,,,,
2024-07-02,C02_POST_HOLIDAY_ISSUER_EB_K2,C02_POST_HOLIDAY_ISSUER_EB,2,2,,,,,
2024-07-03,C02_POST_HOLIDAY_ISSUER_EB_K2,C02_POST_HOLIDAY_ISSUER_EB,2,1,,,,,
2024-07-03,C02_POST_HOLIDAY_ISSUER_EB_K2,C02_POST_HOLIDAY_ISSUER_EB,2,2,,,,,
2024-07-04,C02_POST_HOLIDAY_ISSUER_EB_K2,C02_POST_HOLIDAY_ISSUER_EB,2,1,,,,,
2024-07-04,C02_POST_HOLIDAY_ISSUER_EB_K2,C02_POST_HOLIDAY_ISSUER_EB,2,2,,,,,
2024-07-05,C02_POST_HOLIDAY_ISSUER_EB_K2,C02_POST_HOLIDAY_ISSUER_EB,2,1,,,,,
2024-07-05,C02_POST_HOLIDAY_ISSUER_EB_K2,C02_POST_HOLIDAY_ISSUER_EB,2,2,,,,,
2024-07-08,C02_POST_HOLIDAY_ISSUER_EB_K2,C02_POST_HOLIDAY_ISSUER_EB,2,1,4264,セキュア,0.9069177124979958,-3.0971374941342056,0.0
2024-07-08,C02_POST_HOLIDAY_ISSUER_EB_K2,C02_POST_HOLIDAY_ISSUER_EB,2,2,5707,東邦亜鉛,0.8943889202439959,0.0,0.0
2024-07-09,C02_POST_HOLIDAY_ISSUER_EB_K2,C02_POST_HOLIDAY_ISSUER_EB,2,1,,,,,
2024-07-09,C02_POST_HOLIDAY_ISSUER_EB_K2,C02_POST_HOLIDAY_ISSUER_EB,2,2,,,,,
2024-07-10,C02_POST_HOLIDAY_ISSUER_EB_K2,C02_POST_HOLIDAY_ISSUER_EB,2,1,,,,,
2024-07-10,C02_POST_HOLIDAY_ISSUER_EB_K2,C02_POST_HOLIDAY_ISSUER_EB,2,2,,,,,
2024-07-11,C02_POST_HOLIDAY_ISSUER_EB_K2,C02_POST_HOLIDAY_ISSUER_EB,2,1,,,,,
2024-07-11,C02_POST_HOLIDAY_ISSUER_EB_K2,C02_POST_HOLIDAY_ISSUER_EB,2,2,,,,,
2024-07-12,C02_POST_HOLIDAY_ISSUER_EB_K2,C02_POST_HOLIDAY_ISSUER_EB,2,1,,,,,
2024-07-12,C02_POST_HOLIDAY_ISSUER_EB_K2,C02_POST_HOLIDAY_ISSUER_EB,2,2,,,,,
2024-07-16,C02_POST_HOLIDAY_ISSUER_EB_K2,C02_POST_HOLIDAY_ISSUER_EB,2,1,4264,セキュア,0.9069177124979958,-0.6265060240963849,0.0
2024-07-16,C02_POST_HOLIDAY_ISSUER_EB_K2,C02_POST_HOLIDAY_ISSUER_EB,2,2,5707,東邦亜鉛,0.8943889202439959,-1.4475271411338975,0.0
2024-07-17,C02_POST_HOLIDAY_ISSUER_EB_K2,C02_POST_HOLIDAY_ISSUER_EB,2,1,,,,,
2024-07-17,C02_POST_HOLIDAY_ISSUER_EB_K2,C02_POST_HOLIDAY_ISSUER_EB,2,2,,,,,
2024-07-18,C02_POST_HOLIDAY_ISSUER_EB_K2,C02_POST_HOLIDAY_ISSUER_EB,2,1,,,,,
2024-07-18,C02_POST_HOLIDAY_ISSUER_EB_K2,C02_POST_HOLIDAY_ISSUER_EB,2,2,,,,,
2024-07-19,C02_POST_HOLIDAY_ISSUER_EB_K2,C02_POST_HOLIDAY_ISSUER_EB,2,1,,,,,
2024-07-19,C02_POST_HOLIDAY_ISSUER_EB_K2,C02_POST_HOLIDAY_ISSUER_EB,2,2,,,,,
2024-07-22,C02_POST_HOLIDAY_ISSUER_EB_K2,C02_POST_HOLIDAY_ISSUER_EB,2,1,4264,セキュア,0.9069177124979958,-4.303278688524593,0.0
2024-07-22,C02_POST_HOLIDAY_ISSUER_EB_K2,C02_POST_HOLIDAY_ISSUER_EB,2,2,5707,東邦亜鉛,0.8943889202439959,-1.2391573729863659,0.0
2024-07-23,C02_POST_HOLIDAY_ISSUER_EB_K2,C02_POST_HOLIDAY_ISSUER_EB,2,1,,,,,
2024-07-23,C02_POST_HOLIDAY_ISSUER_EB_K2,C02_POST_HOLIDAY_ISSUER_EB,2,2,,,,,
2024-07-24,C02_POST_HOLIDAY_ISSUER_EB_K2,C02_POST_HOLIDAY_ISSUER_EB,2,1,,,,,
2024-07-24,C02_POST_HOLIDAY_ISSUER_EB_K2,C02_POST_HOLIDAY_ISSUER_EB,2,2,,,,,
2024-07-25,C02_POST_HOLIDAY_ISSUER_EB_K2,C02_POST_HOLIDAY_ISSUER_EB,2,1,,,,,
2024-07-25,C02_POST_HOLIDAY_ISSUER_EB_K2,C02_POST_HOLIDAY_ISSUER_EB,2,2,,,,,
2024-07-26,C02_POST_HOLIDAY_ISSUER_EB_K2,C02_POST_HOLIDAY_ISSUER_EB,2,1,,,,,
2024-07-26,C02_POST_HOLIDAY_ISSUER_EB_K2,C02_POST_HOLIDAY_ISSUER_EB,2,2,,,,,
2024-07-29,C02_POST_HOLIDAY_ISSUER_EB_K2,C02_POST_HOLIDAY_ISSUER_EB,2,1,4264,セキュア,0.9069177124979958,-1.0752688172043001,0.0
2024-07-29,C02_POST_HOLIDAY_ISSUER_EB_K2,C02_POST_HOLIDAY_ISSUER_EB,2,2,5707,東邦亜鉛,0.8943889202439959,1.658163265306123,1.0
2024-07-30,C02_POST_HOLIDAY_ISSUER_EB_K2,C02_POST_HOLIDAY_ISSUER_EB,2,1,,,,,
2024-07-30,C02_POST_HOLIDAY_ISSUER_EB_K2,C02_POST_HOLIDAY_ISSUER_EB,2,2,,,,,
2024-07-31,C02_POST_HOLIDAY_ISSUER_EB_K2,C02_POST_HOLIDAY_ISSUER_EB,2,1,,,,,
2024-07-31,C02_POST_HOLIDAY_ISSUER_EB_K2,C02_POST_HOLIDAY_ISSUER_EB,2,2,,,,,
2024-08-01,C02_POST_HOLIDAY_ISSUER_EB_K2,C02_POST_HOLIDAY_ISSUER_EB,2,1,,,,,
2024-08-01,C02_POST_HOLIDAY_ISSUER_EB_K2,C02_POST_HOLIDAY_ISSUER_EB,2,2,,,,,
2024-08-02,C02_POST_HOLIDAY_ISSUER_EB_K2,C02_POST_HOLIDAY_ISSUER_EB,2,1,,,,,
2024-08-02,C02_POST_HOLIDAY_ISSUER_EB_K2,C02_POST_HOLIDAY_ISSUER_EB,2,2,,,,,
2024-08-05,C02_POST_HOLIDAY_ISSUER_EB_K2,C02_POST_HOLIDAY_ISSUER_EB,2,1,5707,東邦亜鉛,0.726014805689797,-5.674846625766872,0.0
2024-08-05,C02_POST_HOLIDAY_ISSUER_EB_K2,C02_POST_HOLIDAY_ISSUER_EB,2,2,7979,松風,0.6754981044913037,0.79155672823219,1.0
2024-08-06,C02_POST_HOLIDAY_ISSUER_EB_K2,C02_POST_HOLIDAY_ISSUER_EB,2,1,,,,,
2024-08-06,C02_POST_HOLIDAY_ISSUER_EB_K2,C02_POST_HOLIDAY_ISSUER_EB,2,2,,,,,
2024-08-07,C02_POST_HOLIDAY_ISSUER_EB_K2,C02_POST_HOLIDAY_ISSUER_EB,2,1,,,,,
2024-08-07,C02_POST_HOLIDAY_ISSUER_EB_K2,C02_POST_HOLIDAY_ISSUER_EB,2,2,,,,,
2024-08-08,C02_POST_HOLIDAY_ISSUER_EB_K2,C02_POST_HOLIDAY_ISSUER_EB,2,1,,,,,
2024-08-08,C02_POST_HOLIDAY_ISSUER_EB_K2,C02_POST_HOLIDAY_ISSUER_EB,2,2,,,,,
2024-08-09,C02_POST_HOLIDAY_ISSUER_EB_K2,C02_POST_HOLIDAY_ISSUER_EB,2,1,,,,,
2024-08-09,C02_POST_HOLIDAY_ISSUER_EB_K2,C02_POST_HOLIDAY_ISSUER_EB,2,2,,,,,
2024-08-13,C02_POST_HOLIDAY_ISSUER_EB_K2,C02_POST_HOLIDAY_ISSUER_EB,2,1,6930,日本アンテナ,0.6262306743619225,0.7142857142857117,1.0
2024-08-13,C02_POST_HOLIDAY_ISSUER_EB_K2,C02_POST_HOLIDAY_ISSUER_EB,2,2,9278,ブックオフグループホールディングス,0.5909528189618998,1.661392405063289,1.0
2024-08-14,C02_POST_HOLIDAY_ISSUER_EB_K2,C02_POST_HOLIDAY_ISSUER_EB,2,1,,,,,
2024-08-14,C02_POST_HOLIDAY_ISSUER_EB_K2,C02_POST_HOLIDAY_ISSUER_EB,2,2,,,,,
2024-08-15,C02_POST_HOLIDAY_ISSUER_EB_K2,C02_POST_HOLIDAY_ISSUER_EB,2,1,,,,,
2024-08-15,C02_POST_HOLIDAY_ISSUER_EB_K2,C02_POST_HOLIDAY_ISSUER_EB,2,2,,,,,
2024-08-16,C02_POST_HOLIDAY_ISSUER_EB_K2,C02_POST_HOLIDAY_ISSUER_EB,2,1,,,,,
2024-08-16,C02_POST_HOLIDAY_ISSUER_EB_K2,C02_POST_HOLIDAY_ISSUER_EB,2,2,,,,,
2024-08-19,C02_POST_HOLIDAY_ISSUER_EB_K2,C02_POST_HOLIDAY_ISSUER_EB,2,1,6930,日本アンテナ,0.6262306743619225,-1.7615176151761558,0.0
2024-08-19,C02_POST_HOLIDAY_ISSUER_EB_K2,C02_POST_HOLIDAY_ISSUER_EB,2,2,9278,ブックオフグループホールディングス,0.5909528189618998,-1.8072289156626509,0.0
2024-08-20,C02_POST_HOLIDAY_ISSUER_EB_K2,C02_POST_HOLIDAY_ISSUER_EB,2,1,,,,,
2024-08-20,C02_POST_HOLIDAY_ISSUER_EB_K2,C02_POST_HOLIDAY_ISSUER_EB,2,2,,,,,
2024-08-21,C02_POST_HOLIDAY_ISSUER_EB_K2,C02_POST_HOLIDAY_ISSUER_EB,2,1,,,,,
2024-08-21,C02_POST_HOLIDAY_ISSUER_EB_K2,C02_POST_HOLIDAY_ISSUER_EB,2,2,,,,,
2024-08-22,C02_POST_HOLIDAY_ISSUER_EB_K2,C02_POST_HOLIDAY_ISSUER_EB,2,1,,,,,
2024-08-22,C02_POST_HOLIDAY_ISSUER_EB_K2,C02_POST_HOLIDAY_ISSUER_EB,2,2,,,,,
2024-08-23,C02_POST_HOLIDAY_ISSUER_EB_K2,C02_POST_HOLIDAY_ISSUER_EB,2,1,,,,,
2024-08-23,C02_POST_HOLIDAY_ISSUER_EB_K2,C02_POST_HOLIDAY_ISSUER_EB,2,2,,,,,
2024-08-26,C02_POST_HOLIDAY_ISSUER_EB_K2,C02_POST_HOLIDAY_ISSUER_EB,2,1,6930,日本アンテナ,0.6262306743619225,0.0,0.0
2024-08-26,C02_POST_HOLIDAY_ISSUER_EB_K2,C02_POST_HOLIDAY_ISSUER_EB,2,2,8614,東洋証券,0.6236279041202188,0.9280742459396807,1.0
2024-08-27,C02_POST_HOLIDAY_ISSUER_EB_K2,C02_POST_HOLIDAY_ISSUER_EB,2,1,,,,,
2024-08-27,C02_POST_HOLIDAY_ISSUER_EB_K2,C02_POST_HOLIDAY_ISSUER_EB,2,2,,,,,
2024-08-28,C02_POST_HOLIDAY_ISSUER_EB_K2,C02_POST_HOLIDAY_ISSUER_EB,2,1,,,,,
2024-08-28,C02_POST_HOLIDAY_ISSUER_EB_K2,C02_POST_HOLIDAY_ISSUER_EB,2,2,,,,,
2024-08-29,C02_POST_HOLIDAY_ISSUER_EB_K2,C02_POST_HOLIDAY_ISSUER_EB,2,1,,,,,
2024-08-29,C02_POST_HOLIDAY_ISSUER_EB_K2,C02_POST_HOLIDAY_ISSUER_EB,2,2,,,,,
2024-08-30,C02_POST_HOLIDAY_ISSUER_EB_K2,C02_POST_HOLIDAY_ISSUER_EB,2,1,,,,,
2024-08-30,C02_POST_HOLIDAY_ISSUER_EB_K2,C02_POST_HOLIDAY_ISSUER_EB,2,2,,,,,
2024-09-02,C02_POST_HOLIDAY_ISSUER_EB_K2,C02_POST_HOLIDAY_ISSUER_EB,2,1,6047,Ｇｕｎｏｓｙ,0.5482395190925591,-2.777777777777779,0.0
2024-09-02,C02_POST_HOLIDAY_ISSUER_EB_K2,C02_POST_HOLIDAY_ISSUER_EB,2,2,3744,サイオス,0.53888587824147,-2.020202020202022,0.0
2024-09-03,C02_POST_HOLIDAY_ISSUER_EB_K2,C02_POST_HOLIDAY_ISSUER_EB,2,1,,,,,
2024-09-03,C02_POST_HOLIDAY_ISSUER_EB_K2,C02_POST_HOLIDAY_ISSUER_EB,2,2,,,,,
2024-09-04,C02_POST_HOLIDAY_ISSUER_EB_K2,C02_POST_HOLIDAY_ISSUER_EB,2,1,,,,,
2024-09-04,C02_POST_HOLIDAY_ISSUER_EB_K2,C02_POST_HOLIDAY_ISSUER_EB,2,2,,,,,
2024-09-05,C02_POST_HOLIDAY_ISSUER_EB_K2,C02_POST_HOLIDAY_ISSUER_EB,2,1,,,,,
2024-09-05,C02_POST_HOLIDAY_ISSUER_EB_K2,C02_POST_HOLIDAY_ISSUER_EB,2,2,,,,,
2024-09-06,C02_POST_HOLIDAY_ISSUER_EB_K2,C02_POST_HOLIDAY_ISSUER_EB,2,1,,,,,
2024-09-06,C02_POST_HOLIDAY_ISSUER_EB_K2,C02_POST_HOLIDAY_ISSUER_EB,2,2,,,,,
2024-09-09,C02_POST_HOLIDAY_ISSUER_EB_K2,C02_POST_HOLIDAY_ISSUER_EB,2,1,6047,Ｇｕｎｏｓｙ,0.5482395190925591,4.033214709371302,1.0
2024-09-09,C02_POST_HOLIDAY_ISSUER_EB_K2,C02_POST_HOLIDAY_ISSUER_EB,2,2,3744,サイオス,0.53888587824147,5.787037037037046,1.0
2024-09-10,C02_POST_HOLIDAY_ISSUER_EB_K2,C02_POST_HOLIDAY_ISSUER_EB,2,1,,,,,
2024-09-10,C02_POST_HOLIDAY_ISSUER_EB_K2,C02_POST_HOLIDAY_ISSUER_EB,2,2,,,,,
2024-09-11,C02_POST_HOLIDAY_ISSUER_EB_K2,C02_POST_HOLIDAY_ISSUER_EB,2,1,,,,,
2024-09-11,C02_POST_HOLIDAY_ISSUER_EB_K2,C02_POST_HOLIDAY_ISSUER_EB,2,2,,,,,
2024-09-12,C02_POST_HOLIDAY_ISSUER_EB_K2,C02_POST_HOLIDAY_ISSUER_EB,2,1,,,,,
2024-09-12,C02_POST_HOLIDAY_ISSUER_EB_K2,C02_POST_HOLIDAY_ISSUER_EB,2,2,,,,,
2024-09-13,C02_POST_HOLIDAY_ISSUER_EB_K2,C02_POST_HOLIDAY_ISSUER_EB,2,1,,,,,
2024-09-13,C02_POST_HOLIDAY_ISSUER_EB_K2,C02_POST_HOLIDAY_ISSUER_EB,2,2,,,,,
2024-09-17,C02_POST_HOLIDAY_ISSUER_EB_K2,C02_POST_HOLIDAY_ISSUER_EB,2,1,6047,Ｇｕｎｏｓｙ,0.5482395190925591,-3.125,0.0
2024-09-17,C02_POST_HOLIDAY_ISSUER_EB_K2,C02_POST_HOLIDAY_ISSUER_EB,2,2,3744,サイオス,0.53888587824147,-3.9823008849557473,0.0
2024-09-18,C02_POST_HOLIDAY_ISSUER_EB_K2,C02_POST_HOLIDAY_ISSUER_EB,2,1,,,,,
2024-09-18,C02_POST_HOLIDAY_ISSUER_EB_K2,C02_POST_HOLIDAY_ISSUER_EB,2,2,,,,,
2024-09-19,C02_POST_HOLIDAY_ISSUER_EB_K2,C02_POST_HOLIDAY_ISSUER_EB,2,1,,,,,
2024-09-19,C02_POST_HOLIDAY_ISSUER_EB_K2,C02_POST_HOLIDAY_ISSUER_EB,2,2,,,,,
2024-09-20,C02_POST_HOLIDAY_ISSUER_EB_K2,C02_POST_HOLIDAY_ISSUER_EB,2,1,,,,,
2024-09-20,C02_POST_HOLIDAY_ISSUER_EB_K2,C02_POST_HOLIDAY_ISSUER_EB,2,2,,,,,
2024-09-24,C02_POST_HOLIDAY_ISSUER_EB_K2,C02_POST_HOLIDAY_ISSUER_EB,2,1,4884,クリングルファーマ,0.7541569476164994,-1.94508009153318,0.0
2024-09-24,C02_POST_HOLIDAY_ISSUER_EB_K2,C02_POST_HOLIDAY_ISSUER_EB,2,2,3744,サイオス,0.53888587824147,-0.44943820224718767,0.0
2024-09-25,C02_POST_HOLIDAY_ISSUER_EB_K2,C02_POST_HOLIDAY_ISSUER_EB,2,1,,,,,
2024-09-25,C02_POST_HOLIDAY_ISSUER_EB_K2,C02_POST_HOLIDAY_ISSUER_EB,2,2,,,,,
2024-09-26,C02_POST_HOLIDAY_ISSUER_EB_K2,C02_POST_HOLIDAY_ISSUER_EB,2,1,,,,,
2024-09-26,C02_POST_HOLIDAY_ISSUER_EB_K2,C02_POST_HOLIDAY_ISSUER_EB,2,2,,,,,
2024-09-27,C02_POST_HOLIDAY_ISSUER_EB_K2,C02_POST_HOLIDAY_ISSUER_EB,2,1,,,,,
2024-09-27,C02_POST_HOLIDAY_ISSUER_EB_K2,C02_POST_HOLIDAY_ISSUER_EB,2,2,,,,,
2024-09-30,C02_POST_HOLIDAY_ISSUER_EB_K2,C02_POST_HOLIDAY_ISSUER_EB,2,1,6855,日本電子材料,0.7542956712685226,-3.4016235021260166,0.0
2024-09-30,C02_POST_HOLIDAY_ISSUER_EB_K2,C02_POST_HOLIDAY_ISSUER_EB,2,2,4884,クリングルファーマ,0.7541569476164994,0.0,0.0
2024-10-01,C02_POST_HOLIDAY_ISSUER_EB_K2,C02_POST_HOLIDAY_ISSUER_EB,2,1,,,,,
2024-10-01,C02_POST_HOLIDAY_ISSUER_EB_K2,C02_POST_HOLIDAY_ISSUER_EB,2,2,,,,,
2024-10-02,C02_POST_HOLIDAY_ISSUER_EB_K2,C02_POST_HOLIDAY_ISSUER_EB,2,1,,,,,
2024-10-02,C02_POST_HOLIDAY_ISSUER_EB_K2,C02_POST_HOLIDAY_ISSUER_EB,2,2,,,,,
2024-10-03,C02_POST_HOLIDAY_ISSUER_EB_K2,C02_POST_HOLIDAY_ISSUER_EB,2,1,,,,,
2024-10-03,C02_POST_HOLIDAY_ISSUER_EB_K2,C02_POST_HOLIDAY_ISSUER_EB,2,2,,,,,
2024-10-04,C02_POST_HOLIDAY_ISSUER_EB_K2,C02_POST_HOLIDAY_ISSUER_EB,2,1,,,,,
2024-10-04,C02_POST_HOLIDAY_ISSUER_EB_K2,C02_POST_HOLIDAY_ISSUER_EB,2,2,,,,,
2024-10-07,C02_POST_HOLIDAY_ISSUER_EB_K2,C02_POST_HOLIDAY_ISSUER_EB,2,1,4884,クリングルファーマ,0.603586140773765,0.3504672897196359,1.0
2024-10-07,C02_POST_HOLIDAY_ISSUER_EB_K2,C02_POST_HOLIDAY_ISSUER_EB,2,2,8871,ゴールドクレスト,0.5648245588981543,2.4242424242424176,1.0
2024-10-08,C02_POST_HOLIDAY_ISSUER_EB_K2,C02_POST_HOLIDAY_ISSUER_EB,2,1,,,,,
2024-10-08,C02_POST_HOLIDAY_ISSUER_EB_K2,C02_POST_HOLIDAY_ISSUER_EB,2,2,,,,,
2024-10-09,C02_POST_HOLIDAY_ISSUER_EB_K2,C02_POST_HOLIDAY_ISSUER_EB,2,1,,,,,
2024-10-09,C02_POST_HOLIDAY_ISSUER_EB_K2,C02_POST_HOLIDAY_ISSUER_EB,2,2,,,,,
2024-10-10,C02_POST_HOLIDAY_ISSUER_EB_K2,C02_POST_HOLIDAY_ISSUER_EB,2,1,,,,,
2024-10-10,C02_POST_HOLIDAY_ISSUER_EB_K2,C02_POST_HOLIDAY_ISSUER_EB,2,2,,,,,
2024-10-11,C02_POST_HOLIDAY_ISSUER_EB_K2,C02_POST_HOLIDAY_ISSUER_EB,2,1,,,,,
2024-10-11,C02_POST_HOLIDAY_ISSUER_EB_K2,C02_POST_HOLIDAY_ISSUER_EB,2,2,,,,,
2024-10-15,C02_POST_HOLIDAY_ISSUER_EB_K2,C02_POST_HOLIDAY_ISSUER_EB,2,1,4884,クリングルファーマ,0.603586140773765,-1.620370370370372,0.0
2024-10-15,C02_POST_HOLIDAY_ISSUER_EB_K2,C02_POST_HOLIDAY_ISSUER_EB,2,2,8871,ゴールドクレスト,0.5648245588981543,0.46583850931676274,1.0
2024-10-16,C02_POST_HOLIDAY_ISSUER_EB_K2,C02_POST_HOLIDAY_ISSUER_EB,2,1,,,,,
2024-10-16,C02_POST_HOLIDAY_ISSUER_EB_K2,C02_POST_HOLIDAY_ISSUER_EB,2,2,,,,,
2024-10-17,C02_POST_HOLIDAY_ISSUER_EB_K2,C02_POST_HOLIDAY_ISSUER_EB,2,1,,,,,
2024-10-17,C02_POST_HOLIDAY_ISSUER_EB_K2,C02_POST_HOLIDAY_ISSUER_EB,2,2,,,,,
2024-10-18,C02_POST_HOLIDAY_ISSUER_EB_K2,C02_POST_HOLIDAY_ISSUER_EB,2,1,,,,,
2024-10-18,C02_POST_HOLIDAY_ISSUER_EB_K2,C02_POST_HOLIDAY_ISSUER_EB,2,2,,,,,
2024-10-21,C02_POST_HOLIDAY_ISSUER_EB_K2,C02_POST_HOLIDAY_ISSUER_EB,2,1,4884,クリングルファーマ,0.603586140773765,3.159173754556499,1.0
2024-10-21,C02_POST_HOLIDAY_ISSUER_EB_K2,C02_POST_HOLIDAY_ISSUER_EB,2,2,8871,ゴールドクレスト,0.5648245588981543,-0.4511278195488688,0.0
2024-10-22,C02_POST_HOLIDAY_ISSUER_EB_K2,C02_POST_HOLIDAY_ISSUER_EB,2,1,,,,,
2024-10-22,C02_POST_HOLIDAY_ISSUER_EB_K2,C02_POST_HOLIDAY_ISSUER_EB,2,2,,,,,
2024-10-23,C02_POST_HOLIDAY_ISSUER_EB_K2,C02_POST_HOLIDAY_ISSUER_EB,2,1,,,,,
2024-10-23,C02_POST_HOLIDAY_ISSUER_EB_K2,C02_POST_HOLIDAY_ISSUER_EB,2,2,,,,,
2024-10-24,C02_POST_HOLIDAY_ISSUER_EB_K2,C02_POST_HOLIDAY_ISSUER_EB,2,1,,,,,
2024-10-24,C02_POST_HOLIDAY_ISSUER_EB_K2,C02_POST_HOLIDAY_ISSUER_EB,2,2,,,,,
2024-10-25,C02_POST_HOLIDAY_ISSUER_EB_K2,C02_POST_HOLIDAY_ISSUER_EB,2,1,,,,,
2024-10-25,C02_POST_HOLIDAY_ISSUER_EB_K2,C02_POST_HOLIDAY_ISSUER_EB,2,2,,,,,
2024-10-28,C02_POST_HOLIDAY_ISSUER_EB_K2,C02_POST_HOLIDAY_ISSUER_EB,2,1,4884,クリングルファーマ,0.603586140773765,8.781127129750988,1.0
2024-10-28,C02_POST_HOLIDAY_ISSUER_EB_K2,C02_POST_HOLIDAY_ISSUER_EB,2,2,8871,ゴールドクレスト,0.5648245588981543,-2.1035598705501646,0.0
2024-10-29,C02_POST_HOLIDAY_ISSUER_EB_K2,C02_POST_HOLIDAY_ISSUER_EB,2,1,,,,,
2024-10-29,C02_POST_HOLIDAY_ISSUER_EB_K2,C02_POST_HOLIDAY_ISSUER_EB,2,2,,,,,
2024-10-30,C02_POST_HOLIDAY_ISSUER_EB_K2,C02_POST_HOLIDAY_ISSUER_EB,2,1,,,,,
2024-10-30,C02_POST_HOLIDAY_ISSUER_EB_K2,C02_POST_HOLIDAY_ISSUER_EB,2,2,,,,,
2024-10-31,C02_POST_HOLIDAY_ISSUER_EB_K2,C02_POST_HOLIDAY_ISSUER_EB,2,1,,,,,
2024-10-31,C02_POST_HOLIDAY_ISSUER_EB_K2,C02_POST_HOLIDAY_ISSUER_EB,2,2,,,,,
2024-11-01,C02_POST_HOLIDAY_ISSUER_EB_K2,C02_POST_HOLIDAY_ISSUER_EB,2,1,,,,,
2024-11-01,C02_POST_HOLIDAY_ISSUER_EB_K2,C02_POST_HOLIDAY_ISSUER_EB,2,2,,,,,
2024-11-05,C02_POST_HOLIDAY_ISSUER_EB_K2,C02_POST_HOLIDAY_ISSUER_EB,2,1,4884,クリングルファーマ,0.7125186625182338,-1.098901098901095,0.0
2024-11-05,C02_POST_HOLIDAY_ISSUER_EB_K2,C02_POST_HOLIDAY_ISSUER_EB,2,2,6855,日本電子材料,0.7097898225005159,-1.722689075630257,0.0
2024-11-06,C02_POST_HOLIDAY_ISSUER_EB_K2,C02_POST_HOLIDAY_ISSUER_EB,2,1,,,,,
2024-11-06,C02_POST_HOLIDAY_ISSUER_EB_K2,C02_POST_HOLIDAY_ISSUER_EB,2,2,,,,,
2024-11-07,C02_POST_HOLIDAY_ISSUER_EB_K2,C02_POST_HOLIDAY_ISSUER_EB,2,1,,,,,
2024-11-07,C02_POST_HOLIDAY_ISSUER_EB_K2,C02_POST_HOLIDAY_ISSUER_EB,2,2,,,,,
2024-11-08,C02_POST_HOLIDAY_ISSUER_EB_K2,C02_POST_HOLIDAY_ISSUER_EB,2,1,,,,,
2024-11-08,C02_POST_HOLIDAY_ISSUER_EB_K2,C02_POST_HOLIDAY_ISSUER_EB,2,2,,,,,
2024-11-11,C02_POST_HOLIDAY_ISSUER_EB_K2,C02_POST_HOLIDAY_ISSUER_EB,2,1,4884,クリングルファーマ,0.7125186625182338,1.3664596273291973,1.0
2024-11-11,C02_POST_HOLIDAY_ISSUER_EB_K2,C02_POST_HOLIDAY_ISSUER_EB,2,2,6855,日本電子材料,0.7097898225005159,3.5547240411599734,1.0
2024-11-12,C02_POST_HOLIDAY_ISSUER_EB_K2,C02_POST_HOLIDAY_ISSUER_EB,2,1,,,,,
2024-11-12,C02_POST_HOLIDAY_ISSUER_EB_K2,C02_POST_HOLIDAY_ISSUER_EB,2,2,,,,,
2024-11-13,C02_POST_HOLIDAY_ISSUER_EB_K2,C02_POST_HOLIDAY_ISSUER_EB,2,1,,,,,
2024-11-13,C02_POST_HOLIDAY_ISSUER_EB_K2,C02_POST_HOLIDAY_ISSUER_EB,2,2,,,,,
2024-11-14,C02_POST_HOLIDAY_ISSUER_EB_K2,C02_POST_HOLIDAY_ISSUER_EB,2,1,,,,,
2024-11-14,C02_POST_HOLIDAY_ISSUER_EB_K2,C02_POST_HOLIDAY_ISSUER_EB,2,2,,,,,
2024-11-15,C02_POST_HOLIDAY_ISSUER_EB_K2,C02_POST_HOLIDAY_ISSUER_EB,2,1,,,,,
2024-11-15,C02_POST_HOLIDAY_ISSUER_EB_K2,C02_POST_HOLIDAY_ISSUER_EB,2,2,,,,,
2024-11-18,C02_POST_HOLIDAY_ISSUER_EB_K2,C02_POST_HOLIDAY_ISSUER_EB,2,1,4490,ビザスク,0.7934117258759034,1.7676767676767735,1.0
2024-11-18,C02_POST_HOLIDAY_ISSUER_EB_K2,C02_POST_HOLIDAY_ISSUER_EB,2,2,4884,クリングルファーマ,0.7125186625182338,0.5154639175257714,1.0
2024-11-19,C02_POST_HOLIDAY_ISSUER_EB_K2,C02_POST_HOLIDAY_ISSUER_EB,2,1,,,,,
2024-11-19,C02_POST_HOLIDAY_ISSUER_EB_K2,C02_POST_HOLIDAY_ISSUER_EB,2,2,,,,,
2024-11-20,C02_POST_HOLIDAY_ISSUER_EB_K2,C02_POST_HOLIDAY_ISSUER_EB,2,1,,,,,
2024-11-20,C02_POST_HOLIDAY_ISSUER_EB_K2,C02_POST_HOLIDAY_ISSUER_EB,2,2,,,,,
2024-11-21,C02_POST_HOLIDAY_ISSUER_EB_K2,C02_POST_HOLIDAY_ISSUER_EB,2,1,,,,,
2024-11-21,C02_POST_HOLIDAY_ISSUER_EB_K2,C02_POST_HOLIDAY_ISSUER_EB,2,2,,,,,
2024-11-22,C02_POST_HOLIDAY_ISSUER_EB_K2,C02_POST_HOLIDAY_ISSUER_EB,2,1,,,,,
2024-11-22,C02_POST_HOLIDAY_ISSUER_EB_K2,C02_POST_HOLIDAY_ISSUER_EB,2,2,,,,,
2024-11-25,C02_POST_HOLIDAY_ISSUER_EB_K2,C02_POST_HOLIDAY_ISSUER_EB,2,1,4490,ビザスク,0.7934117258759034,1.5846538782318564,1.0
2024-11-25,C02_POST_HOLIDAY_ISSUER_EB_K2,C02_POST_HOLIDAY_ISSUER_EB,2,2,6855,日本電子材料,0.7097898225005159,-1.3128112267994596,0.0
2024-11-26,C02_POST_HOLIDAY_ISSUER_EB_K2,C02_POST_HOLIDAY_ISSUER_EB,2,1,,,,,
2024-11-26,C02_POST_HOLIDAY_ISSUER_EB_K2,C02_POST_HOLIDAY_ISSUER_EB,2,2,,,,,
2024-11-27,C02_POST_HOLIDAY_ISSUER_EB_K2,C02_POST_HOLIDAY_ISSUER_EB,2,1,,,,,
2024-11-27,C02_POST_HOLIDAY_ISSUER_EB_K2,C02_POST_HOLIDAY_ISSUER_EB,2,2,,,,,
2024-11-28,C02_POST_HOLIDAY_ISSUER_EB_K2,C02_POST_HOLIDAY_ISSUER_EB,2,1,,,,,
2024-11-28,C02_POST_HOLIDAY_ISSUER_EB_K2,C02_POST_HOLIDAY_ISSUER_EB,2,2,,,,,
2024-11-29,C02_POST_HOLIDAY_ISSUER_EB_K2,C02_POST_HOLIDAY_ISSUER_EB,2,1,,,,,
2024-11-29,C02_POST_HOLIDAY_ISSUER_EB_K2,C02_POST_HOLIDAY_ISSUER_EB,2,2,,,,,
2024-12-02,C02_POST_HOLIDAY_ISSUER_EB_K2,C02_POST_HOLIDAY_ISSUER_EB,2,1,4490,ビザスク,0.7550378759224721,1.2499999999999956,1.0
2024-12-02,C02_POST_HOLIDAY_ISSUER_EB_K2,C02_POST_HOLIDAY_ISSUER_EB,2,2,6855,日本電子材料,0.6857274603087206,1.3592233009708687,1.0
2024-12-03,C02_POST_HOLIDAY_ISSUER_EB_K2,C02_POST_HOLIDAY_ISSUER_EB,2,1,,,,,
2024-12-03,C02_POST_HOLIDAY_ISSUER_EB_K2,C02_POST_HOLIDAY_ISSUER_EB,2,2,,,,,
2024-12-04,C02_POST_HOLIDAY_ISSUER_EB_K2,C02_POST_HOLIDAY_ISSUER_EB,2,1,,,,,
2024-12-04,C02_POST_HOLIDAY_ISSUER_EB_K2,C02_POST_HOLIDAY_ISSUER_EB,2,2,,,,,
2024-12-05,C02_POST_HOLIDAY_ISSUER_EB_K2,C02_POST_HOLIDAY_ISSUER_EB,2,1,,,,,
2024-12-05,C02_POST_HOLIDAY_ISSUER_EB_K2,C02_POST_HOLIDAY_ISSUER_EB,2,2,,,,,
2024-12-06,C02_POST_HOLIDAY_ISSUER_EB_K2,C02_POST_HOLIDAY_ISSUER_EB,2,1,,,,,
2024-12-06,C02_POST_HOLIDAY_ISSUER_EB_K2,C02_POST_HOLIDAY_ISSUER_EB,2,2,,,,,
2024-12-09,C02_POST_HOLIDAY_ISSUER_EB_K2,C02_POST_HOLIDAY_ISSUER_EB,2,1,4490,ビザスク,0.7550378759224721,6.770833333333326,1.0
2024-12-09,C02_POST_HOLIDAY_ISSUER_EB_K2,C02_POST_HOLIDAY_ISSUER_EB,2,2,6855,日本電子材料,0.6857274603087206,-3.3225657591139823,0.0
2024-12-10,C02_POST_HOLIDAY_ISSUER_EB_K2,C02_POST_HOLIDAY_ISSUER_EB,2,1,,,,,
2024-12-10,C02_POST_HOLIDAY_ISSUER_EB_K2,C02_POST_HOLIDAY_ISSUER_EB,2,2,,,,,
2024-12-11,C02_POST_HOLIDAY_ISSUER_EB_K2,C02_POST_HOLIDAY_ISSUER_EB,2,1,,,,,
2024-12-11,C02_POST_HOLIDAY_ISSUER_EB_K2,C02_POST_HOLIDAY_ISSUER_EB,2,2,,,,,
2024-12-12,C02_POST_HOLIDAY_ISSUER_EB_K2,C02_POST_HOLIDAY_ISSUER_EB,2,1,,,,,
2024-12-12,C02_POST_HOLIDAY_ISSUER_EB_K2,C02_POST_HOLIDAY_ISSUER_EB,2,2,,,,,
2024-12-13,C02_POST_HOLIDAY_ISSUER_EB_K2,C02_POST_HOLIDAY_ISSUER_EB,2,1,,,,,
2024-12-13,C02_POST_HOLIDAY_ISSUER_EB_K2,C02_POST_HOLIDAY_ISSUER_EB,2,2,,,,,
2024-12-16,C02_POST_HOLIDAY_ISSUER_EB_K2,C02_POST_HOLIDAY_ISSUER_EB,2,1,4884,クリングルファーマ,0.7653411567348022,-2.430555555555558,0.0
2024-12-16,C02_POST_HOLIDAY_ISSUER_EB_K2,C02_POST_HOLIDAY_ISSUER_EB,2,2,4490,ビザスク,0.7550378759224721,0.8368200836819994,1.0
2024-12-17,C02_POST_HOLIDAY_ISSUER_EB_K2,C02_POST_HOLIDAY_ISSUER_EB,2,1,,,,,
2024-12-17,C02_POST_HOLIDAY_ISSUER_EB_K2,C02_POST_HOLIDAY_ISSUER_EB,2,2,,,,,
2024-12-18,C02_POST_HOLIDAY_ISSUER_EB_K2,C02_POST_HOLIDAY_ISSUER_EB,2,1,,,,,
2024-12-18,C02_POST_HOLIDAY_ISSUER_EB_K2,C02_POST_HOLIDAY_ISSUER_EB,2,2,,,,,
2024-12-19,C02_POST_HOLIDAY_ISSUER_EB_K2,C02_POST_HOLIDAY_ISSUER_EB,2,1,,,,,
2024-12-19,C02_POST_HOLIDAY_ISSUER_EB_K2,C02_POST_HOLIDAY_ISSUER_EB,2,2,,,,,
2024-12-20,C02_POST_HOLIDAY_ISSUER_EB_K2,C02_POST_HOLIDAY_ISSUER_EB,2,1,,,,,
2024-12-20,C02_POST_HOLIDAY_ISSUER_EB_K2,C02_POST_HOLIDAY_ISSUER_EB,2,2,,,,,
2024-12-23,C02_POST_HOLIDAY_ISSUER_EB_K2,C02_POST_HOLIDAY_ISSUER_EB,2,1,4884,クリングルファーマ,0.7653411567348022,-0.12345679012345512,0.0
2024-12-23,C02_POST_HOLIDAY_ISSUER_EB_K2,C02_POST_HOLIDAY_ISSUER_EB,2,2,4490,ビザスク,0.7550378759224721,2.4953789279112737,1.0
2024-12-24,C02_POST_HOLIDAY_ISSUER_EB_K2,C02_POST_HOLIDAY_ISSUER_EB,2,1,,,,,
2024-12-24,C02_POST_HOLIDAY_ISSUER_EB_K2,C02_POST_HOLIDAY_ISSUER_EB,2,2,,,,,
2024-12-25,C02_POST_HOLIDAY_ISSUER_EB_K2,C02_POST_HOLIDAY_ISSUER_EB,2,1,,,,,
2024-12-25,C02_POST_HOLIDAY_ISSUER_EB_K2,C02_POST_HOLIDAY_ISSUER_EB,2,2,,,,,
2024-12-26,C02_POST_HOLIDAY_ISSUER_EB_K2,C02_POST_HOLIDAY_ISSUER_EB,2,1,,,,,
2024-12-26,C02_POST_HOLIDAY_ISSUER_EB_K2,C02_POST_HOLIDAY_ISSUER_EB,2,2,,,,,
2024-12-27,C02_POST_HOLIDAY_ISSUER_EB_K2,C02_POST_HOLIDAY_ISSUER_EB,2,1,,,,,
2024-12-27,C02_POST_HOLIDAY_ISSUER_EB_K2,C02_POST_HOLIDAY_ISSUER_EB,2,2,,,,,
2024-12-30,C02_POST_HOLIDAY_ISSUER_EB_K2,C02_POST_HOLIDAY_ISSUER_EB,2,1,4884,クリングルファーマ,0.7653411567348022,3.4360189573459765,1.0
2024-12-30,C02_POST_HOLIDAY_ISSUER_EB_K2,C02_POST_HOLIDAY_ISSUER_EB,2,2,4490,ビザスク,0.7550378759224721,0.37842951750235443,1.0
2025-01-06,C02_POST_HOLIDAY_ISSUER_EB_K2,C02_POST_HOLIDAY_ISSUER_EB,2,1,4490,ビザスク,0.862250552823279,-4.524886877828049,0.0
2025-01-06,C02_POST_HOLIDAY_ISSUER_EB_K2,C02_POST_HOLIDAY_ISSUER_EB,2,2,4169,ＥＮＥＣＨＡＮＧＥ,0.7637483954101693,1.4005602240896309,1.0
2025-01-07,C02_POST_HOLIDAY_ISSUER_EB_K2,C02_POST_HOLIDAY_ISSUER_EB,2,1,,,,,
2025-01-07,C02_POST_HOLIDAY_ISSUER_EB_K2,C02_POST_HOLIDAY_ISSUER_EB,2,2,,,,,
2025-01-08,C02_POST_HOLIDAY_ISSUER_EB_K2,C02_POST_HOLIDAY_ISSUER_EB,2,1,,,,,
2025-01-08,C02_POST_HOLIDAY_ISSUER_EB_K2,C02_POST_HOLIDAY_ISSUER_EB,2,2,,,,,
2025-01-09,C02_POST_HOLIDAY_ISSUER_EB_K2,C02_POST_HOLIDAY_ISSUER_EB,2,1,,,,,
2025-01-09,C02_POST_HOLIDAY_ISSUER_EB_K2,C02_POST_HOLIDAY_ISSUER_EB,2,2,,,,,
2025-01-10,C02_POST_HOLIDAY_ISSUER_EB_K2,C02_POST_HOLIDAY_ISSUER_EB,2,1,,,,,
2025-01-10,C02_POST_HOLIDAY_ISSUER_EB_K2,C02_POST_HOLIDAY_ISSUER_EB,2,2,,,,,
2025-01-14,C02_POST_HOLIDAY_ISSUER_EB_K2,C02_POST_HOLIDAY_ISSUER_EB,2,1,4490,ビザスク,0.862250552823279,-2.4907749077490826,0.0
2025-01-14,C02_POST_HOLIDAY_ISSUER_EB_K2,C02_POST_HOLIDAY_ISSUER_EB,2,2,2901,ウェルディッシュ,0.790656512449122,3.949224259520445,1.0
2025-01-15,C02_POST_HOLIDAY_ISSUER_EB_K2,C02_POST_HOLIDAY_ISSUER_EB,2,1,,,,,
2025-01-15,C02_POST_HOLIDAY_ISSUER_EB_K2,C02_POST_HOLIDAY_ISSUER_EB,2,2,,,,,
2025-01-16,C02_POST_HOLIDAY_ISSUER_EB_K2,C02_POST_HOLIDAY_ISSUER_EB,2,1,,,,,
2025-01-16,C02_POST_HOLIDAY_ISSUER_EB_K2,C02_POST_HOLIDAY_ISSUER_EB,2,2,,,,,
2025-01-17,C02_POST_HOLIDAY_ISSUER_EB_K2,C02_POST_HOLIDAY_ISSUER_EB,2,1,,,,,
2025-01-17,C02_POST_HOLIDAY_ISSUER_EB_K2,C02_POST_HOLIDAY_ISSUER_EB,2,2,,,,,
2025-01-20,C02_POST_HOLIDAY_ISSUER_EB_K2,C02_POST_HOLIDAY_ISSUER_EB,2,1,4490,ビザスク,0.862250552823279,0.09999999999998899,1.0
2025-01-20,C02_POST_HOLIDAY_ISSUER_EB_K2,C02_POST_HOLIDAY_ISSUER_EB,2,2,4169,ＥＮＥＣＨＡＮＧＥ,0.7637483954101693,5.134474327628369,1.0
2025-01-21,C02_POST_HOLIDAY_ISSUER_EB_K2,C02_POST_HOLIDAY_ISSUER_EB,2,1,,,,,
2025-01-21,C02_POST_HOLIDAY_ISSUER_EB_K2,C02_POST_HOLIDAY_ISSUER_EB,2,2,,,,,
2025-01-22,C02_POST_HOLIDAY_ISSUER_EB_K2,C02_POST_HOLIDAY_ISSUER_EB,2,1,,,,,
2025-01-22,C02_POST_HOLIDAY_ISSUER_EB_K2,C02_POST_HOLIDAY_ISSUER_EB,2,2,,,,,
2025-01-23,C02_POST_HOLIDAY_ISSUER_EB_K2,C02_POST_HOLIDAY_ISSUER_EB,2,1,,,,,
2025-01-23,C02_POST_HOLIDAY_ISSUER_EB_K2,C02_POST_HOLIDAY_ISSUER_EB,2,2,,,,,
2025-01-24,C02_POST_HOLIDAY_ISSUER_EB_K2,C02_POST_HOLIDAY_ISSUER_EB,2,1,,,,,
2025-01-24,C02_POST_HOLIDAY_ISSUER_EB_K2,C02_POST_HOLIDAY_ISSUER_EB,2,2,,,,,
2025-01-27,C02_POST_HOLIDAY_ISSUER_EB_K2,C02_POST_HOLIDAY_ISSUER_EB,2,1,4490,ビザスク,0.862250552823279,0.09587727708533222,1.0
2025-01-27,C02_POST_HOLIDAY_ISSUER_EB_K2,C02_POST_HOLIDAY_ISSUER_EB,2,2,2901,ウェルディッシュ,0.790656512449122,0.3989361702127603,1.0
2025-01-28,C02_POST_HOLIDAY_ISSUER_EB_K2,C02_POST_HOLIDAY_ISSUER_EB,2,1,,,,,
2025-01-28,C02_POST_HOLIDAY_ISSUER_EB_K2,C02_POST_HOLIDAY_ISSUER_EB,2,2,,,,,
2025-01-29,C02_POST_HOLIDAY_ISSUER_EB_K2,C02_POST_HOLIDAY_ISSUER_EB,2,1,,,,,
2025-01-29,C02_POST_HOLIDAY_ISSUER_EB_K2,C02_POST_HOLIDAY_ISSUER_EB,2,2,,,,,
2025-01-30,C02_POST_HOLIDAY_ISSUER_EB_K2,C02_POST_HOLIDAY_ISSUER_EB,2,1,,,,,
2025-01-30,C02_POST_HOLIDAY_ISSUER_EB_K2,C02_POST_HOLIDAY_ISSUER_EB,2,2,,,,,
2025-01-31,C02_POST_HOLIDAY_ISSUER_EB_K2,C02_POST_HOLIDAY_ISSUER_EB,2,1,,,,,
2025-01-31,C02_POST_HOLIDAY_ISSUER_EB_K2,C02_POST_HOLIDAY_ISSUER_EB,2,2,,,,,
2025-02-03,C02_POST_HOLIDAY_ISSUER_EB_K2,C02_POST_HOLIDAY_ISSUER_EB,2,1,2901,ウェルディッシュ,0.7842328369673355,1.8396846254927768,1.0
2025-02-03,C02_POST_HOLIDAY_ISSUER_EB_K2,C02_POST_HOLIDAY_ISSUER_EB,2,2,4490,ビザスク,0.690324575648049,-0.08787346221441616,0.0
2025-02-04,C02_POST_HOLIDAY_ISSUER_EB_K2,C02_POST_HOLIDAY_ISSUER_EB,2,1,,,,,
2025-02-04,C02_POST_HOLIDAY_ISSUER_EB_K2,C02_POST_HOLIDAY_ISSUER_EB,2,2,,,,,
2025-02-05,C02_POST_HOLIDAY_ISSUER_EB_K2,C02_POST_HOLIDAY_ISSUER_EB,2,1,,,,,
2025-02-05,C02_POST_HOLIDAY_ISSUER_EB_K2,C02_POST_HOLIDAY_ISSUER_EB,2,2,,,,,
2025-02-06,C02_POST_HOLIDAY_ISSUER_EB_K2,C02_POST_HOLIDAY_ISSUER_EB,2,1,,,,,
2025-02-06,C02_POST_HOLIDAY_ISSUER_EB_K2,C02_POST_HOLIDAY_ISSUER_EB,2,2,,,,,
2025-02-07,C02_POST_HOLIDAY_ISSUER_EB_K2,C02_POST_HOLIDAY_ISSUER_EB,2,1,,,,,
2025-02-07,C02_POST_HOLIDAY_ISSUER_EB_K2,C02_POST_HOLIDAY_ISSUER_EB,2,2,,,,,
2025-02-10,C02_POST_HOLIDAY_ISSUER_EB_K2,C02_POST_HOLIDAY_ISSUER_EB,2,1,2901,ウェルディッシュ,0.7842328369673355,0.24752475247524774,1.0
2025-02-10,C02_POST_HOLIDAY_ISSUER_EB_K2,C02_POST_HOLIDAY_ISSUER_EB,2,2,4490,ビザスク,0.690324575648049,-0.07955449482895949,0.0
2025-02-12,C02_POST_HOLIDAY_ISSUER_EB_K2,C02_POST_HOLIDAY_ISSUER_EB,2,1,,,,,
2025-02-12,C02_POST_HOLIDAY_ISSUER_EB_K2,C02_POST_HOLIDAY_ISSUER_EB,2,2,,,,,
2025-02-13,C02_POST_HOLIDAY_ISSUER_EB_K2,C02_POST_HOLIDAY_ISSUER_EB,2,1,,,,,
2025-02-13,C02_POST_HOLIDAY_ISSUER_EB_K2,C02_POST_HOLIDAY_ISSUER_EB,2,2,,,,,
2025-02-14,C02_POST_HOLIDAY_ISSUER_EB_K2,C02_POST_HOLIDAY_ISSUER_EB,2,1,,,,,
2025-02-14,C02_POST_HOLIDAY_ISSUER_EB_K2,C02_POST_HOLIDAY_ISSUER_EB,2,2,,,,,
2025-02-17,C02_POST_HOLIDAY_ISSUER_EB_K2,C02_POST_HOLIDAY_ISSUER_EB,2,1,2901,ウェルディッシュ,0.7842328369673355,2.075226977950706,1.0
2025-02-17,C02_POST_HOLIDAY_ISSUER_EB_K2,C02_POST_HOLIDAY_ISSUER_EB,2,2,4490,ビザスク,0.690324575648049,-0.9958506224066355,0.0
2025-02-18,C02_POST_HOLIDAY_ISSUER_EB_K2,C02_POST_HOLIDAY_ISSUER_EB,2,1,,,,,
2025-02-18,C02_POST_HOLIDAY_ISSUER_EB_K2,C02_POST_HOLIDAY_ISSUER_EB,2,2,,,,,
2025-02-19,C02_POST_HOLIDAY_ISSUER_EB_K2,C02_POST_HOLIDAY_ISSUER_EB,2,1,,,,,
2025-02-19,C02_POST_HOLIDAY_ISSUER_EB_K2,C02_POST_HOLIDAY_ISSUER_EB,2,2,,,,,
2025-02-20,C02_POST_HOLIDAY_ISSUER_EB_K2,C02_POST_HOLIDAY_ISSUER_EB,2,1,,,,,
2025-02-20,C02_POST_HOLIDAY_ISSUER_EB_K2,C02_POST_HOLIDAY_ISSUER_EB,2,2,,,,,
2025-02-21,C02_POST_HOLIDAY_ISSUER_EB_K2,C02_POST_HOLIDAY_ISSUER_EB,2,1,,,,,
2025-02-21,C02_POST_HOLIDAY_ISSUER_EB_K2,C02_POST_HOLIDAY_ISSUER_EB,2,2,,,,,
2025-02-25,C02_POST_HOLIDAY_ISSUER_EB_K2,C02_POST_HOLIDAY_ISSUER_EB,2,1,2901,ウェルディッシュ,0.7842328369673355,4.143646408839774,1.0
2025-02-25,C02_POST_HOLIDAY_ISSUER_EB_K2,C02_POST_HOLIDAY_ISSUER_EB,2,2,4490,ビザスク,0.690324575648049,-2.782608695652178,0.0
2025-02-26,C02_POST_HOLIDAY_ISSUER_EB_K2,C02_POST_HOLIDAY_ISSUER_EB,2,1,,,,,
2025-02-26,C02_POST_HOLIDAY_ISSUER_EB_K2,C02_POST_HOLIDAY_ISSUER_EB,2,2,,,,,
2025-02-27,C02_POST_HOLIDAY_ISSUER_EB_K2,C02_POST_HOLIDAY_ISSUER_EB,2,1,,,,,
2025-02-27,C02_POST_HOLIDAY_ISSUER_EB_K2,C02_POST_HOLIDAY_ISSUER_EB,2,2,,,,,
2025-02-28,C02_POST_HOLIDAY_ISSUER_EB_K2,C02_POST_HOLIDAY_ISSUER_EB,2,1,,,,,
2025-02-28,C02_POST_HOLIDAY_ISSUER_EB_K2,C02_POST_HOLIDAY_ISSUER_EB,2,2,,,,,
2025-03-03,C02_POST_HOLIDAY_ISSUER_EB_K2,C02_POST_HOLIDAY_ISSUER_EB,2,1,2901,ウェルディッシュ,0.8729454214356476,-1.66204986149584,0.0
2025-03-03,C02_POST_HOLIDAY_ISSUER_EB_K2,C02_POST_HOLIDAY_ISSUER_EB,2,2,6574,コンヴァノ,0.715769382424344,-3.0890052356020936,0.0
2025-03-04,C02_POST_HOLIDAY_ISSUER_EB_K2,C02_POST_HOLIDAY_ISSUER_EB,2,1,,,,,
2025-03-04,C02_POST_HOLIDAY_ISSUER_EB_K2,C02_POST_HOLIDAY_ISSUER_EB,2,2,,,,,
2025-03-05,C02_POST_HOLIDAY_ISSUER_EB_K2,C02_POST_HOLIDAY_ISSUER_EB,2,1,,,,,
2025-03-05,C02_POST_HOLIDAY_ISSUER_EB_K2,C02_POST_HOLIDAY_ISSUER_EB,2,2,,,,,
2025-03-06,C02_POST_HOLIDAY_ISSUER_EB_K2,C02_POST_HOLIDAY_ISSUER_EB,2,1,,,,,
2025-03-06,C02_POST_HOLIDAY_ISSUER_EB_K2,C02_POST_HOLIDAY_ISSUER_EB,2,2,,,,,
2025-03-07,C02_POST_HOLIDAY_ISSUER_EB_K2,C02_POST_HOLIDAY_ISSUER_EB,2,1,,,,,
2025-03-07,C02_POST_HOLIDAY_ISSUER_EB_K2,C02_POST_HOLIDAY_ISSUER_EB,2,2,,,,,
2025-03-10,C02_POST_HOLIDAY_ISSUER_EB_K2,C02_POST_HOLIDAY_ISSUER_EB,2,1,2901,ウェルディッシュ,0.8729454214356476,-0.28612303290415086,0.0
2025-03-10,C02_POST_HOLIDAY_ISSUER_EB_K2,C02_POST_HOLIDAY_ISSUER_EB,2,2,6574,コンヴァノ,0.715769382424344,0.05055611729019027,1.0
2025-03-11,C02_POST_HOLIDAY_ISSUER_EB_K2,C02_POST_HOLIDAY_ISSUER_EB,2,1,,,,,
2025-03-11,C02_POST_HOLIDAY_ISSUER_EB_K2,C02_POST_HOLIDAY_ISSUER_EB,2,2,,,,,
2025-03-12,C02_POST_HOLIDAY_ISSUER_EB_K2,C02_POST_HOLIDAY_ISSUER_EB,2,1,,,,,
2025-03-12,C02_POST_HOLIDAY_ISSUER_EB_K2,C02_POST_HOLIDAY_ISSUER_EB,2,2,,,,,
2025-03-13,C02_POST_HOLIDAY_ISSUER_EB_K2,C02_POST_HOLIDAY_ISSUER_EB,2,1,,,,,
2025-03-13,C02_POST_HOLIDAY_ISSUER_EB_K2,C02_POST_HOLIDAY_ISSUER_EB,2,2,,,,,
2025-03-14,C02_POST_HOLIDAY_ISSUER_EB_K2,C02_POST_HOLIDAY_ISSUER_EB,2,1,,,,,
2025-03-14,C02_POST_HOLIDAY_ISSUER_EB_K2,C02_POST_HOLIDAY_ISSUER_EB,2,2,,,,,
2025-03-17,C02_POST_HOLIDAY_ISSUER_EB_K2,C02_POST_HOLIDAY_ISSUER_EB,2,1,2901,ウェルディッシュ,0.8729454214356476,-0.5369127516778538,0.0
2025-03-17,C02_POST_HOLIDAY_ISSUER_EB_K2,C02_POST_HOLIDAY_ISSUER_EB,2,2,6574,コンヴァノ,0.715769382424344,0.0,0.0
2025-03-18,C02_POST_HOLIDAY_ISSUER_EB_K2,C02_POST_HOLIDAY_ISSUER_EB,2,1,,,,,
2025-03-18,C02_POST_HOLIDAY_ISSUER_EB_K2,C02_POST_HOLIDAY_ISSUER_EB,2,2,,,,,
2025-03-19,C02_POST_HOLIDAY_ISSUER_EB_K2,C02_POST_HOLIDAY_ISSUER_EB,2,1,,,,,
2025-03-19,C02_POST_HOLIDAY_ISSUER_EB_K2,C02_POST_HOLIDAY_ISSUER_EB,2,2,,,,,
2025-03-21,C02_POST_HOLIDAY_ISSUER_EB_K2,C02_POST_HOLIDAY_ISSUER_EB,2,1,,,,,
2025-03-21,C02_POST_HOLIDAY_ISSUER_EB_K2,C02_POST_HOLIDAY_ISSUER_EB,2,2,,,,,
2025-03-24,C02_POST_HOLIDAY_ISSUER_EB_K2,C02_POST_HOLIDAY_ISSUER_EB,2,1,2901,ウェルディッシュ,0.8729454214356476,-1.2430939226519389,0.0
2025-03-24,C02_POST_HOLIDAY_ISSUER_EB_K2,C02_POST_HOLIDAY_ISSUER_EB,2,2,7345,アイ・パートナーズフィナンシャル,0.6594150511091932,1.7391304347825987,1.0
2025-03-25,C02_POST_HOLIDAY_ISSUER_EB_K2,C02_POST_HOLIDAY_ISSUER_EB,2,1,,,,,
2025-03-25,C02_POST_HOLIDAY_ISSUER_EB_K2,C02_POST_HOLIDAY_ISSUER_EB,2,2,,,,,
2025-03-26,C02_POST_HOLIDAY_ISSUER_EB_K2,C02_POST_HOLIDAY_ISSUER_EB,2,1,,,,,
2025-03-26,C02_POST_HOLIDAY_ISSUER_EB_K2,C02_POST_HOLIDAY_ISSUER_EB,2,2,,,,,
2025-03-27,C02_POST_HOLIDAY_ISSUER_EB_K2,C02_POST_HOLIDAY_ISSUER_EB,2,1,,,,,
2025-03-27,C02_POST_HOLIDAY_ISSUER_EB_K2,C02_POST_HOLIDAY_ISSUER_EB,2,2,,,,,
2025-03-28,C02_POST_HOLIDAY_ISSUER_EB_K2,C02_POST_HOLIDAY_ISSUER_EB,2,1,,,,,
2025-03-28,C02_POST_HOLIDAY_ISSUER_EB_K2,C02_POST_HOLIDAY_ISSUER_EB,2,2,,,,,
2025-03-31,C02_POST_HOLIDAY_ISSUER_EB_K2,C02_POST_HOLIDAY_ISSUER_EB,2,1,2901,ウェルディッシュ,0.8729454214356476,3.197674418604657,1.0
2025-03-31,C02_POST_HOLIDAY_ISSUER_EB_K2,C02_POST_HOLIDAY_ISSUER_EB,2,2,6574,コンヴァノ,0.715769382424344,,
2025-04-01,C02_POST_HOLIDAY_ISSUER_EB_K2,C02_POST_HOLIDAY_ISSUER_EB,2,1,,,,,
2025-04-01,C02_POST_HOLIDAY_ISSUER_EB_K2,C02_POST_HOLIDAY_ISSUER_EB,2,2,,,,,
2025-04-02,C02_POST_HOLIDAY_ISSUER_EB_K2,C02_POST_HOLIDAY_ISSUER_EB,2,1,,,,,
2025-04-02,C02_POST_HOLIDAY_ISSUER_EB_K2,C02_POST_HOLIDAY_ISSUER_EB,2,2,,,,,
2025-04-03,C02_POST_HOLIDAY_ISSUER_EB_K2,C02_POST_HOLIDAY_ISSUER_EB,2,1,,,,,
2025-04-03,C02_POST_HOLIDAY_ISSUER_EB_K2,C02_POST_HOLIDAY_ISSUER_EB,2,2,,,,,
2025-04-04,C02_POST_HOLIDAY_ISSUER_EB_K2,C02_POST_HOLIDAY_ISSUER_EB,2,1,,,,,
2025-04-04,C02_POST_HOLIDAY_ISSUER_EB_K2,C02_POST_HOLIDAY_ISSUER_EB,2,2,,,,,
2025-04-07,C02_POST_HOLIDAY_ISSUER_EB_K2,C02_POST_HOLIDAY_ISSUER_EB,2,1,2901,ウェルディッシュ,0.7886930581359688,10.365853658536594,1.0
2025-04-07,C02_POST_HOLIDAY_ISSUER_EB_K2,C02_POST_HOLIDAY_ISSUER_EB,2,2,7345,アイ・パートナーズフィナンシャル,0.6364620624078094,5.072463768115942,1.0
2025-04-08,C02_POST_HOLIDAY_ISSUER_EB_K2,C02_POST_HOLIDAY_ISSUER_EB,2,1,,,,,
2025-04-08,C02_POST_HOLIDAY_ISSUER_EB_K2,C02_POST_HOLIDAY_ISSUER_EB,2,2,,,,,
2025-04-09,C02_POST_HOLIDAY_ISSUER_EB_K2,C02_POST_HOLIDAY_ISSUER_EB,2,1,,,,,
2025-04-09,C02_POST_HOLIDAY_ISSUER_EB_K2,C02_POST_HOLIDAY_ISSUER_EB,2,2,,,,,
2025-04-10,C02_POST_HOLIDAY_ISSUER_EB_K2,C02_POST_HOLIDAY_ISSUER_EB,2,1,,,,,
2025-04-10,C02_POST_HOLIDAY_ISSUER_EB_K2,C02_POST_HOLIDAY_ISSUER_EB,2,2,,,,,
2025-04-11,C02_POST_HOLIDAY_ISSUER_EB_K2,C02_POST_HOLIDAY_ISSUER_EB,2,1,,,,,
2025-04-11,C02_POST_HOLIDAY_ISSUER_EB_K2,C02_POST_HOLIDAY_ISSUER_EB,2,2,,,,,
2025-04-14,C02_POST_HOLIDAY_ISSUER_EB_K2,C02_POST_HOLIDAY_ISSUER_EB,2,1,7345,アイ・パートナーズフィナンシャル,0.6364620624078094,,
2025-04-14,C02_POST_HOLIDAY_ISSUER_EB_K2,C02_POST_HOLIDAY_ISSUER_EB,2,2,9517,イーレックス,0.48058559234076703,1.6455696202531733,1.0
2025-04-15,C02_POST_HOLIDAY_ISSUER_EB_K2,C02_POST_HOLIDAY_ISSUER_EB,2,1,,,,,
2025-04-15,C02_POST_HOLIDAY_ISSUER_EB_K2,C02_POST_HOLIDAY_ISSUER_EB,2,2,,,,,
2025-04-16,C02_POST_HOLIDAY_ISSUER_EB_K2,C02_POST_HOLIDAY_ISSUER_EB,2,1,,,,,
2025-04-16,C02_POST_HOLIDAY_ISSUER_EB_K2,C02_POST_HOLIDAY_ISSUER_EB,2,2,,,,,
2025-04-17,C02_POST_HOLIDAY_ISSUER_EB_K2,C02_POST_HOLIDAY_ISSUER_EB,2,1,,,,,
2025-04-17,C02_POST_HOLIDAY_ISSUER_EB_K2,C02_POST_HOLIDAY_ISSUER_EB,2,2,,,,,
2025-04-18,C02_POST_HOLIDAY_ISSUER_EB_K2,C02_POST_HOLIDAY_ISSUER_EB,2,1,,,,,
2025-04-18,C02_POST_HOLIDAY_ISSUER_EB_K2,C02_POST_HOLIDAY_ISSUER_EB,2,2,,,,,
2025-04-21,C02_POST_HOLIDAY_ISSUER_EB_K2,C02_POST_HOLIDAY_ISSUER_EB,2,1,7345,アイ・パートナーズフィナンシャル,0.6364620624078094,-1.3722126929674117,0.0
2025-04-21,C02_POST_HOLIDAY_ISSUER_EB_K2,C02_POST_HOLIDAY_ISSUER_EB,2,2,9517,イーレックス,0.48058559234076703,2.7261462205700138,1.0
2025-04-22,C02_POST_HOLIDAY_ISSUER_EB_K2,C02_POST_HOLIDAY_ISSUER_EB,2,1,,,,,
2025-04-22,C02_POST_HOLIDAY_ISSUER_EB_K2,C02_POST_HOLIDAY_ISSUER_EB,2,2,,,,,
2025-04-23,C02_POST_HOLIDAY_ISSUER_EB_K2,C02_POST_HOLIDAY_ISSUER_EB,2,1,,,,,
2025-04-23,C02_POST_HOLIDAY_ISSUER_EB_K2,C02_POST_HOLIDAY_ISSUER_EB,2,2,,,,,
2025-04-24,C02_POST_HOLIDAY_ISSUER_EB_K2,C02_POST_HOLIDAY_ISSUER_EB,2,1,,,,,
2025-04-24,C02_POST_HOLIDAY_ISSUER_EB_K2,C02_POST_HOLIDAY_ISSUER_EB,2,2,,,,,
2025-04-25,C02_POST_HOLIDAY_ISSUER_EB_K2,C02_POST_HOLIDAY_ISSUER_EB,2,1,,,,,
2025-04-25,C02_POST_HOLIDAY_ISSUER_EB_K2,C02_POST_HOLIDAY_ISSUER_EB,2,2,,,,,
2025-04-28,C02_POST_HOLIDAY_ISSUER_EB_K2,C02_POST_HOLIDAY_ISSUER_EB,2,1,7345,アイ・パートナーズフィナンシャル,0.6364620624078094,1.415929203539834,1.0
2025-04-28,C02_POST_HOLIDAY_ISSUER_EB_K2,C02_POST_HOLIDAY_ISSUER_EB,2,2,1447,ＳＡＡＦホールディングス,0.5362107754695866,0.0,0.0
2025-04-30,C02_POST_HOLIDAY_ISSUER_EB_K2,C02_POST_HOLIDAY_ISSUER_EB,2,1,,,,,
2025-04-30,C02_POST_HOLIDAY_ISSUER_EB_K2,C02_POST_HOLIDAY_ISSUER_EB,2,2,,,,,
2025-05-01,C02_POST_HOLIDAY_ISSUER_EB_K2,C02_POST_HOLIDAY_ISSUER_EB,2,1,,,,,
2025-05-01,C02_POST_HOLIDAY_ISSUER_EB_K2,C02_POST_HOLIDAY_ISSUER_EB,2,2,,,,,
2025-05-02,C02_POST_HOLIDAY_ISSUER_EB_K2,C02_POST_HOLIDAY_ISSUER_EB,2,1,,,,,
2025-05-02,C02_POST_HOLIDAY_ISSUER_EB_K2,C02_POST_HOLIDAY_ISSUER_EB,2,2,,,,,
2025-05-07,C02_POST_HOLIDAY_ISSUER_EB_K2,C02_POST_HOLIDAY_ISSUER_EB,2,1,2901,ウェルディッシュ,0.904935874494823,2.471169686985175,1.0
2025-05-07,C02_POST_HOLIDAY_ISSUER_EB_K2,C02_POST_HOLIDAY_ISSUER_EB,2,2,7345,アイ・パートナーズフィナンシャル,0.6822144949668091,0.8802816901408494,1.0
2025-05-08,C02_POST_HOLIDAY_ISSUER_EB_K2,C02_POST_HOLIDAY_ISSUER_EB,2,1,,,,,
2025-05-08,C02_POST_HOLIDAY_ISSUER_EB_K2,C02_POST_HOLIDAY_ISSUER_EB,2,2,,,,,
2025-05-09,C02_POST_HOLIDAY_ISSUER_EB_K2,C02_POST_HOLIDAY_ISSUER_EB,2,1,,,,,
2025-05-09,C02_POST_HOLIDAY_ISSUER_EB_K2,C02_POST_HOLIDAY_ISSUER_EB,2,2,,,,,
2025-05-12,C02_POST_HOLIDAY_ISSUER_EB_K2,C02_POST_HOLIDAY_ISSUER_EB,2,1,2901,ウェルディッシュ,0.904935874494823,0.6289308176100628,1.0
2025-05-12,C02_POST_HOLIDAY_ISSUER_EB_K2,C02_POST_HOLIDAY_ISSUER_EB,2,2,7345,アイ・パートナーズフィナンシャル,0.6822144949668091,1.6042780748663166,1.0
2025-05-13,C02_POST_HOLIDAY_ISSUER_EB_K2,C02_POST_HOLIDAY_ISSUER_EB,2,1,,,,,
2025-05-13,C02_POST_HOLIDAY_ISSUER_EB_K2,C02_POST_HOLIDAY_ISSUER_EB,2,2,,,,,
2025-05-14,C02_POST_HOLIDAY_ISSUER_EB_K2,C02_POST_HOLIDAY_ISSUER_EB,2,1,,,,,
2025-05-14,C02_POST_HOLIDAY_ISSUER_EB_K2,C02_POST_HOLIDAY_ISSUER_EB,2,2,,,,,
2025-05-15,C02_POST_HOLIDAY_ISSUER_EB_K2,C02_POST_HOLIDAY_ISSUER_EB,2,1,,,,,
2025-05-15,C02_POST_HOLIDAY_ISSUER_EB_K2,C02_POST_HOLIDAY_ISSUER_EB,2,2,,,,,
2025-05-16,C02_POST_HOLIDAY_ISSUER_EB_K2,C02_POST_HOLIDAY_ISSUER_EB,2,1,,,,,
2025-05-16,C02_POST_HOLIDAY_ISSUER_EB_K2,C02_POST_HOLIDAY_ISSUER_EB,2,2,,,,,
2025-05-19,C02_POST_HOLIDAY_ISSUER_EB_K2,C02_POST_HOLIDAY_ISSUER_EB,2,1,2901,ウェルディッシュ,0.904935874494823,0.6079027355623046,1.0
2025-05-19,C02_POST_HOLIDAY_ISSUER_EB_K2,C02_POST_HOLIDAY_ISSUER_EB,2,2,7345,アイ・パートナーズフィナンシャル,0.6822144949668091,-0.9009009009009028,0.0
2025-05-20,C02_POST_HOLIDAY_ISSUER_EB_K2,C02_POST_HOLIDAY_ISSUER_EB,2,1,,,,,
2025-05-20,C02_POST_HOLIDAY_ISSUER_EB_K2,C02_POST_HOLIDAY_ISSUER_EB,2,2,,,,,
2025-05-21,C02_POST_HOLIDAY_ISSUER_EB_K2,C02_POST_HOLIDAY_ISSUER_EB,2,1,,,,,
2025-05-21,C02_POST_HOLIDAY_ISSUER_EB_K2,C02_POST_HOLIDAY_ISSUER_EB,2,2,,,,,
2025-05-22,C02_POST_HOLIDAY_ISSUER_EB_K2,C02_POST_HOLIDAY_ISSUER_EB,2,1,,,,,
2025-05-22,C02_POST_HOLIDAY_ISSUER_EB_K2,C02_POST_HOLIDAY_ISSUER_EB,2,2,,,,,
2025-05-23,C02_POST_HOLIDAY_ISSUER_EB_K2,C02_POST_HOLIDAY_ISSUER_EB,2,1,,,,,
2025-05-23,C02_POST_HOLIDAY_ISSUER_EB_K2,C02_POST_HOLIDAY_ISSUER_EB,2,2,,,,,
2025-05-26,C02_POST_HOLIDAY_ISSUER_EB_K2,C02_POST_HOLIDAY_ISSUER_EB,2,1,2901,ウェルディッシュ,0.904935874494823,3.881987577639756,1.0
2025-05-26,C02_POST_HOLIDAY_ISSUER_EB_K2,C02_POST_HOLIDAY_ISSUER_EB,2,2,7345,アイ・パートナーズフィナンシャル,0.6822144949668091,0.3656307129798808,1.0
2025-05-27,C02_POST_HOLIDAY_ISSUER_EB_K2,C02_POST_HOLIDAY_ISSUER_EB,2,1,,,,,
2025-05-27,C02_POST_HOLIDAY_ISSUER_EB_K2,C02_POST_HOLIDAY_ISSUER_EB,2,2,,,,,
2025-05-28,C02_POST_HOLIDAY_ISSUER_EB_K2,C02_POST_HOLIDAY_ISSUER_EB,2,1,,,,,
2025-05-28,C02_POST_HOLIDAY_ISSUER_EB_K2,C02_POST_HOLIDAY_ISSUER_EB,2,2,,,,,
2025-05-29,C02_POST_HOLIDAY_ISSUER_EB_K2,C02_POST_HOLIDAY_ISSUER_EB,2,1,,,,,
2025-05-29,C02_POST_HOLIDAY_ISSUER_EB_K2,C02_POST_HOLIDAY_ISSUER_EB,2,2,,,,,
2025-05-30,C02_POST_HOLIDAY_ISSUER_EB_K2,C02_POST_HOLIDAY_ISSUER_EB,2,1,,,,,
2025-05-30,C02_POST_HOLIDAY_ISSUER_EB_K2,C02_POST_HOLIDAY_ISSUER_EB,2,2,,,,,
2025-06-02,C02_POST_HOLIDAY_ISSUER_EB_K2,C02_POST_HOLIDAY_ISSUER_EB,2,1,2901,ウェルディッシュ,0.968048590244068,-6.011730205278587,0.0
2025-06-02,C02_POST_HOLIDAY_ISSUER_EB_K2,C02_POST_HOLIDAY_ISSUER_EB,2,2,7345,アイ・パートナーズフィナンシャル,0.6787234182862544,0.18348623853210455,1.0
2025-06-03,C02_POST_HOLIDAY_ISSUER_EB_K2,C02_POST_HOLIDAY_ISSUER_EB,2,1,,,,,
2025-06-03,C02_POST_HOLIDAY_ISSUER_EB_K2,C02_POST_HOLIDAY_ISSUER_EB,2,2,,,,,
2025-06-04,C02_POST_HOLIDAY_ISSUER_EB_K2,C02_POST_HOLIDAY_ISSUER_EB,2,1,,,,,
2025-06-04,C02_POST_HOLIDAY_ISSUER_EB_K2,C02_POST_HOLIDAY_ISSUER_EB,2,2,,,,,
2025-06-05,C02_POST_HOLIDAY_ISSUER_EB_K2,C02_POST_HOLIDAY_ISSUER_EB,2,1,,,,,
2025-06-05,C02_POST_HOLIDAY_ISSUER_EB_K2,C02_POST_HOLIDAY_ISSUER_EB,2,2,,,,,
2025-06-06,C02_POST_HOLIDAY_ISSUER_EB_K2,C02_POST_HOLIDAY_ISSUER_EB,2,1,,,,,
2025-06-06,C02_POST_HOLIDAY_ISSUER_EB_K2,C02_POST_HOLIDAY_ISSUER_EB,2,2,,,,,
2025-06-09,C02_POST_HOLIDAY_ISSUER_EB_K2,C02_POST_HOLIDAY_ISSUER_EB,2,1,2901,ウェルディッシュ,0.968048590244068,2.1538461538461506,1.0
2025-06-09,C02_POST_HOLIDAY_ISSUER_EB_K2,C02_POST_HOLIDAY_ISSUER_EB,2,2,7345,アイ・パートナーズフィナンシャル,0.6787234182862544,0.9009009009008917,1.0
2025-06-10,C02_POST_HOLIDAY_ISSUER_EB_K2,C02_POST_HOLIDAY_ISSUER_EB,2,1,,,,,
2025-06-10,C02_POST_HOLIDAY_ISSUER_EB_K2,C02_POST_HOLIDAY_ISSUER_EB,2,2,,,,,
2025-06-11,C02_POST_HOLIDAY_ISSUER_EB_K2,C02_POST_HOLIDAY_ISSUER_EB,2,1,,,,,
2025-06-11,C02_POST_HOLIDAY_ISSUER_EB_K2,C02_POST_HOLIDAY_ISSUER_EB,2,2,,,,,
2025-06-12,C02_POST_HOLIDAY_ISSUER_EB_K2,C02_POST_HOLIDAY_ISSUER_EB,2,1,,,,,
2025-06-12,C02_POST_HOLIDAY_ISSUER_EB_K2,C02_POST_HOLIDAY_ISSUER_EB,2,2,,,,,
2025-06-13,C02_POST_HOLIDAY_ISSUER_EB_K2,C02_POST_HOLIDAY_ISSUER_EB,2,1,,,,,
2025-06-13,C02_POST_HOLIDAY_ISSUER_EB_K2,C02_POST_HOLIDAY_ISSUER_EB,2,2,,,,,
2025-06-16,C02_POST_HOLIDAY_ISSUER_EB_K2,C02_POST_HOLIDAY_ISSUER_EB,2,1,2901,ウェルディッシュ,0.968048590244068,1.2944983818770295,1.0
2025-06-16,C02_POST_HOLIDAY_ISSUER_EB_K2,C02_POST_HOLIDAY_ISSUER_EB,2,2,7345,アイ・パートナーズフィナンシャル,0.6787234182862544,2.177858439201441,1.0
2025-06-17,C02_POST_HOLIDAY_ISSUER_EB_K2,C02_POST_HOLIDAY_ISSUER_EB,2,1,,,,,
2025-06-17,C02_POST_HOLIDAY_ISSUER_EB_K2,C02_POST_HOLIDAY_ISSUER_EB,2,2,,,,,
2025-06-18,C02_POST_HOLIDAY_ISSUER_EB_K2,C02_POST_HOLIDAY_ISSUER_EB,2,1,,,,,
2025-06-18,C02_POST_HOLIDAY_ISSUER_EB_K2,C02_POST_HOLIDAY_ISSUER_EB,2,2,,,,,
2025-06-19,C02_POST_HOLIDAY_ISSUER_EB_K2,C02_POST_HOLIDAY_ISSUER_EB,2,1,,,,,
2025-06-19,C02_POST_HOLIDAY_ISSUER_EB_K2,C02_POST_HOLIDAY_ISSUER_EB,2,2,,,,,
2025-06-20,C02_POST_HOLIDAY_ISSUER_EB_K2,C02_POST_HOLIDAY_ISSUER_EB,2,1,,,,,
2025-06-20,C02_POST_HOLIDAY_ISSUER_EB_K2,C02_POST_HOLIDAY_ISSUER_EB,2,2,,,,,
2025-06-23,C02_POST_HOLIDAY_ISSUER_EB_K2,C02_POST_HOLIDAY_ISSUER_EB,2,1,2901,ウェルディッシュ,0.968048590244068,0.47999999999999154,1.0
2025-06-23,C02_POST_HOLIDAY_ISSUER_EB_K2,C02_POST_HOLIDAY_ISSUER_EB,2,2,246A,アスア,0.5707668180235969,-0.9079118028534339,0.0
2025-06-24,C02_POST_HOLIDAY_ISSUER_EB_K2,C02_POST_HOLIDAY_ISSUER_EB,2,1,,,,,
2025-06-24,C02_POST_HOLIDAY_ISSUER_EB_K2,C02_POST_HOLIDAY_ISSUER_EB,2,2,,,,,
2025-06-25,C02_POST_HOLIDAY_ISSUER_EB_K2,C02_POST_HOLIDAY_ISSUER_EB,2,1,,,,,
2025-06-25,C02_POST_HOLIDAY_ISSUER_EB_K2,C02_POST_HOLIDAY_ISSUER_EB,2,2,,,,,
2025-06-26,C02_POST_HOLIDAY_ISSUER_EB_K2,C02_POST_HOLIDAY_ISSUER_EB,2,1,,,,,
2025-06-26,C02_POST_HOLIDAY_ISSUER_EB_K2,C02_POST_HOLIDAY_ISSUER_EB,2,2,,,,,
2025-06-27,C02_POST_HOLIDAY_ISSUER_EB_K2,C02_POST_HOLIDAY_ISSUER_EB,2,1,,,,,
2025-06-27,C02_POST_HOLIDAY_ISSUER_EB_K2,C02_POST_HOLIDAY_ISSUER_EB,2,2,,,,,
2025-06-30,C02_POST_HOLIDAY_ISSUER_EB_K2,C02_POST_HOLIDAY_ISSUER_EB,2,1,2901,ウェルディッシュ,0.968048590244068,1.4173228346456623,1.0
2025-06-30,C02_POST_HOLIDAY_ISSUER_EB_K2,C02_POST_HOLIDAY_ISSUER_EB,2,2,246A,アスア,0.5707668180235969,1.775956284153013,1.0
2025-07-01,C02_POST_HOLIDAY_ISSUER_EB_K2,C02_POST_HOLIDAY_ISSUER_EB,2,1,,,,,
2025-07-01,C02_POST_HOLIDAY_ISSUER_EB_K2,C02_POST_HOLIDAY_ISSUER_EB,2,2,,,,,
2025-07-02,C02_POST_HOLIDAY_ISSUER_EB_K2,C02_POST_HOLIDAY_ISSUER_EB,2,1,,,,,
2025-07-02,C02_POST_HOLIDAY_ISSUER_EB_K2,C02_POST_HOLIDAY_ISSUER_EB,2,2,,,,,
2025-07-03,C02_POST_HOLIDAY_ISSUER_EB_K2,C02_POST_HOLIDAY_ISSUER_EB,2,1,,,,,
2025-07-03,C02_POST_HOLIDAY_ISSUER_EB_K2,C02_POST_HOLIDAY_ISSUER_EB,2,2,,,,,
2025-07-04,C02_POST_HOLIDAY_ISSUER_EB_K2,C02_POST_HOLIDAY_ISSUER_EB,2,1,,,,,
2025-07-04,C02_POST_HOLIDAY_ISSUER_EB_K2,C02_POST_HOLIDAY_ISSUER_EB,2,2,,,,,
2025-07-07,C02_POST_HOLIDAY_ISSUER_EB_K2,C02_POST_HOLIDAY_ISSUER_EB,2,1,2901,ウェルディッシュ,0.9096011983005324,-0.32206119162641045,0.0
2025-07-07,C02_POST_HOLIDAY_ISSUER_EB_K2,C02_POST_HOLIDAY_ISSUER_EB,2,2,7345,アイ・パートナーズフィナンシャル,0.6947065322477353,-0.34662045060658286,0.0
2025-07-08,C02_POST_HOLIDAY_ISSUER_EB_K2,C02_POST_HOLIDAY_ISSUER_EB,2,1,,,,,
2025-07-08,C02_POST_HOLIDAY_ISSUER_EB_K2,C02_POST_HOLIDAY_ISSUER_EB,2,2,,,,,
2025-07-09,C02_POST_HOLIDAY_ISSUER_EB_K2,C02_POST_HOLIDAY_ISSUER_EB,2,1,,,,,
2025-07-09,C02_POST_HOLIDAY_ISSUER_EB_K2,C02_POST_HOLIDAY_ISSUER_EB,2,2,,,,,
2025-07-10,C02_POST_HOLIDAY_ISSUER_EB_K2,C02_POST_HOLIDAY_ISSUER_EB,2,1,,,,,
2025-07-10,C02_POST_HOLIDAY_ISSUER_EB_K2,C02_POST_HOLIDAY_ISSUER_EB,2,2,,,,,
2025-07-11,C02_POST_HOLIDAY_ISSUER_EB_K2,C02_POST_HOLIDAY_ISSUER_EB,2,1,,,,,
2025-07-11,C02_POST_HOLIDAY_ISSUER_EB_K2,C02_POST_HOLIDAY_ISSUER_EB,2,2,,,,,
2025-07-14,C02_POST_HOLIDAY_ISSUER_EB_K2,C02_POST_HOLIDAY_ISSUER_EB,2,1,2901,ウェルディッシュ,0.9096011983005324,0.6430868167202508,1.0
2025-07-14,C02_POST_HOLIDAY_ISSUER_EB_K2,C02_POST_HOLIDAY_ISSUER_EB,2,2,7345,アイ・パートナーズフィナンシャル,0.6947065322477353,0.694444444444442,1.0
2025-07-15,C02_POST_HOLIDAY_ISSUER_EB_K2,C02_POST_HOLIDAY_ISSUER_EB,2,1,,,,,
2025-07-15,C02_POST_HOLIDAY_ISSUER_EB_K2,C02_POST_HOLIDAY_ISSUER_EB,2,2,,,,,
2025-07-16,C02_POST_HOLIDAY_ISSUER_EB_K2,C02_POST_HOLIDAY_ISSUER_EB,2,1,,,,,
2025-07-16,C02_POST_HOLIDAY_ISSUER_EB_K2,C02_POST_HOLIDAY_ISSUER_EB,2,2,,,,,
2025-07-17,C02_POST_HOLIDAY_ISSUER_EB_K2,C02_POST_HOLIDAY_ISSUER_EB,2,1,,,,,
2025-07-17,C02_POST_HOLIDAY_ISSUER_EB_K2,C02_POST_HOLIDAY_ISSUER_EB,2,2,,,,,
2025-07-18,C02_POST_HOLIDAY_ISSUER_EB_K2,C02_POST_HOLIDAY_ISSUER_EB,2,1,,,,,
2025-07-18,C02_POST_HOLIDAY_ISSUER_EB_K2,C02_POST_HOLIDAY_ISSUER_EB,2,2,,,,,
2025-07-22,C02_POST_HOLIDAY_ISSUER_EB_K2,C02_POST_HOLIDAY_ISSUER_EB,2,1,2901,ウェルディッシュ,0.9096011983005324,-1.5847860538827252,0.0
2025-07-22,C02_POST_HOLIDAY_ISSUER_EB_K2,C02_POST_HOLIDAY_ISSUER_EB,2,2,7345,アイ・パートナーズフィナンシャル,0.6947065322477353,0.16891891891892552,1.0
2025-07-23,C02_POST_HOLIDAY_ISSUER_EB_K2,C02_POST_HOLIDAY_ISSUER_EB,2,1,,,,,
2025-07-23,C02_POST_HOLIDAY_ISSUER_EB_K2,C02_POST_HOLIDAY_ISSUER_EB,2,2,,,,,
2025-07-24,C02_POST_HOLIDAY_ISSUER_EB_K2,C02_POST_HOLIDAY_ISSUER_EB,2,1,,,,,
2025-07-24,C02_POST_HOLIDAY_ISSUER_EB_K2,C02_POST_HOLIDAY_ISSUER_EB,2,2,,,,,
2025-07-25,C02_POST_HOLIDAY_ISSUER_EB_K2,C02_POST_HOLIDAY_ISSUER_EB,2,1,,,,,
2025-07-25,C02_POST_HOLIDAY_ISSUER_EB_K2,C02_POST_HOLIDAY_ISSUER_EB,2,2,,,,,
2025-07-28,C02_POST_HOLIDAY_ISSUER_EB_K2,C02_POST_HOLIDAY_ISSUER_EB,2,1,2901,ウェルディッシュ,0.9096011983005324,-1.883830455259028,0.0
2025-07-28,C02_POST_HOLIDAY_ISSUER_EB_K2,C02_POST_HOLIDAY_ISSUER_EB,2,2,7345,アイ・パートナーズフィナンシャル,0.6947065322477353,-0.991735537190086,0.0
2025-07-29,C02_POST_HOLIDAY_ISSUER_EB_K2,C02_POST_HOLIDAY_ISSUER_EB,2,1,,,,,
2025-07-29,C02_POST_HOLIDAY_ISSUER_EB_K2,C02_POST_HOLIDAY_ISSUER_EB,2,2,,,,,
2025-07-30,C02_POST_HOLIDAY_ISSUER_EB_K2,C02_POST_HOLIDAY_ISSUER_EB,2,1,,,,,
2025-07-30,C02_POST_HOLIDAY_ISSUER_EB_K2,C02_POST_HOLIDAY_ISSUER_EB,2,2,,,,,
2025-07-31,C02_POST_HOLIDAY_ISSUER_EB_K2,C02_POST_HOLIDAY_ISSUER_EB,2,1,,,,,
2025-07-31,C02_POST_HOLIDAY_ISSUER_EB_K2,C02_POST_HOLIDAY_ISSUER_EB,2,2,,,,,
2024-07-01,C03_PRE_HOLIDAY_ISSUER_EB_K1,C03_PRE_HOLIDAY_ISSUER_EB,1,1,,,,,
2024-07-02,C03_PRE_HOLIDAY_ISSUER_EB_K1,C03_PRE_HOLIDAY_ISSUER_EB,1,1,,,,,
2024-07-03,C03_PRE_HOLIDAY_ISSUER_EB_K1,C03_PRE_HOLIDAY_ISSUER_EB,1,1,,,,,
2024-07-04,C03_PRE_HOLIDAY_ISSUER_EB_K1,C03_PRE_HOLIDAY_ISSUER_EB,1,1,,,,,
2024-07-05,C03_PRE_HOLIDAY_ISSUER_EB_K1,C03_PRE_HOLIDAY_ISSUER_EB,1,1,6736,サン電子,0.9722263365847202,-1.378579003181335,0.0
2024-07-08,C03_PRE_HOLIDAY_ISSUER_EB_K1,C03_PRE_HOLIDAY_ISSUER_EB,1,1,,,,,
2024-07-09,C03_PRE_HOLIDAY_ISSUER_EB_K1,C03_PRE_HOLIDAY_ISSUER_EB,1,1,,,,,
2024-07-10,C03_PRE_HOLIDAY_ISSUER_EB_K1,C03_PRE_HOLIDAY_ISSUER_EB,1,1,,,,,
2024-07-11,C03_PRE_HOLIDAY_ISSUER_EB_K1,C03_PRE_HOLIDAY_ISSUER_EB,1,1,,,,,
2024-07-12,C03_PRE_HOLIDAY_ISSUER_EB_K1,C03_PRE_HOLIDAY_ISSUER_EB,1,1,6736,サン電子,0.9722263365847202,2.499999999999991,1.0
2024-07-16,C03_PRE_HOLIDAY_ISSUER_EB_K1,C03_PRE_HOLIDAY_ISSUER_EB,1,1,,,,,
2024-07-17,C03_PRE_HOLIDAY_ISSUER_EB_K1,C03_PRE_HOLIDAY_ISSUER_EB,1,1,,,,,
2024-07-18,C03_PRE_HOLIDAY_ISSUER_EB_K1,C03_PRE_HOLIDAY_ISSUER_EB,1,1,,,,,
2024-07-19,C03_PRE_HOLIDAY_ISSUER_EB_K1,C03_PRE_HOLIDAY_ISSUER_EB,1,1,6736,サン電子,0.9722263365847202,8.111111111111114,1.0
2024-07-22,C03_PRE_HOLIDAY_ISSUER_EB_K1,C03_PRE_HOLIDAY_ISSUER_EB,1,1,,,,,
2024-07-23,C03_PRE_HOLIDAY_ISSUER_EB_K1,C03_PRE_HOLIDAY_ISSUER_EB,1,1,,,,,
2024-07-24,C03_PRE_HOLIDAY_ISSUER_EB_K1,C03_PRE_HOLIDAY_ISSUER_EB,1,1,,,,,
2024-07-25,C03_PRE_HOLIDAY_ISSUER_EB_K1,C03_PRE_HOLIDAY_ISSUER_EB,1,1,,,,,
2024-07-26,C03_PRE_HOLIDAY_ISSUER_EB_K1,C03_PRE_HOLIDAY_ISSUER_EB,1,1,8938,グローム・ホールディングス,0.8926359529928993,-0.4739336492891044,0.0
2024-07-29,C03_PRE_HOLIDAY_ISSUER_EB_K1,C03_PRE_HOLIDAY_ISSUER_EB,1,1,,,,,
2024-07-30,C03_PRE_HOLIDAY_ISSUER_EB_K1,C03_PRE_HOLIDAY_ISSUER_EB,1,1,,,,,
2024-07-31,C03_PRE_HOLIDAY_ISSUER_EB_K1,C03_PRE_HOLIDAY_ISSUER_EB,1,1,,,,,
2024-08-01,C03_PRE_HOLIDAY_ISSUER_EB_K1,C03_PRE_HOLIDAY_ISSUER_EB,1,1,,,,,
2024-08-02,C03_PRE_HOLIDAY_ISSUER_EB_K1,C03_PRE_HOLIDAY_ISSUER_EB,1,1,6736,サン電子,0.9385702103419967,-0.18621973929237035,0.0
2024-08-05,C03_PRE_HOLIDAY_ISSUER_EB_K1,C03_PRE_HOLIDAY_ISSUER_EB,1,1,,,,,
2024-08-06,C03_PRE_HOLIDAY_ISSUER_EB_K1,C03_PRE_HOLIDAY_ISSUER_EB,1,1,,,,,
2024-08-07,C03_PRE_HOLIDAY_ISSUER_EB_K1,C03_PRE_HOLIDAY_ISSUER_EB,1,1,,,,,
2024-08-08,C03_PRE_HOLIDAY_ISSUER_EB_K1,C03_PRE_HOLIDAY_ISSUER_EB,1,1,,,,,
2024-08-09,C03_PRE_HOLIDAY_ISSUER_EB_K1,C03_PRE_HOLIDAY_ISSUER_EB,1,1,9902,日伝,0.6851417954724524,3.9531478770131745,1.0
2024-08-13,C03_PRE_HOLIDAY_ISSUER_EB_K1,C03_PRE_HOLIDAY_ISSUER_EB,1,1,,,,,
2024-08-14,C03_PRE_HOLIDAY_ISSUER_EB_K1,C03_PRE_HOLIDAY_ISSUER_EB,1,1,,,,,
2024-08-15,C03_PRE_HOLIDAY_ISSUER_EB_K1,C03_PRE_HOLIDAY_ISSUER_EB,1,1,,,,,
2024-08-16,C03_PRE_HOLIDAY_ISSUER_EB_K1,C03_PRE_HOLIDAY_ISSUER_EB,1,1,6736,サン電子,0.9385702103419967,4.770318021201403,1.0
2024-08-19,C03_PRE_HOLIDAY_ISSUER_EB_K1,C03_PRE_HOLIDAY_ISSUER_EB,1,1,,,,,
2024-08-20,C03_PRE_HOLIDAY_ISSUER_EB_K1,C03_PRE_HOLIDAY_ISSUER_EB,1,1,,,,,
2024-08-21,C03_PRE_HOLIDAY_ISSUER_EB_K1,C03_PRE_HOLIDAY_ISSUER_EB,1,1,,,,,
2024-08-22,C03_PRE_HOLIDAY_ISSUER_EB_K1,C03_PRE_HOLIDAY_ISSUER_EB,1,1,,,,,
2024-08-23,C03_PRE_HOLIDAY_ISSUER_EB_K1,C03_PRE_HOLIDAY_ISSUER_EB,1,1,9902,日伝,0.6851417954724524,3.6231884057970953,1.0
2024-08-26,C03_PRE_HOLIDAY_ISSUER_EB_K1,C03_PRE_HOLIDAY_ISSUER_EB,1,1,,,,,
2024-08-27,C03_PRE_HOLIDAY_ISSUER_EB_K1,C03_PRE_HOLIDAY_ISSUER_EB,1,1,,,,,
2024-08-28,C03_PRE_HOLIDAY_ISSUER_EB_K1,C03_PRE_HOLIDAY_ISSUER_EB,1,1,,,,,
2024-08-29,C03_PRE_HOLIDAY_ISSUER_EB_K1,C03_PRE_HOLIDAY_ISSUER_EB,1,1,,,,,
2024-08-30,C03_PRE_HOLIDAY_ISSUER_EB_K1,C03_PRE_HOLIDAY_ISSUER_EB,1,1,3692,ＦＦＲＩセキュリティ,0.9306316213594044,2.0289855072463725,1.0
2024-09-02,C03_PRE_HOLIDAY_ISSUER_EB_K1,C03_PRE_HOLIDAY_ISSUER_EB,1,1,,,,,
2024-09-03,C03_PRE_HOLIDAY_ISSUER_EB_K1,C03_PRE_HOLIDAY_ISSUER_EB,1,1,,,,,
2024-09-04,C03_PRE_HOLIDAY_ISSUER_EB_K1,C03_PRE_HOLIDAY_ISSUER_EB,1,1,,,,,
2024-09-05,C03_PRE_HOLIDAY_ISSUER_EB_K1,C03_PRE_HOLIDAY_ISSUER_EB,1,1,,,,,
2024-09-06,C03_PRE_HOLIDAY_ISSUER_EB_K1,C03_PRE_HOLIDAY_ISSUER_EB,1,1,3692,ＦＦＲＩセキュリティ,0.8579872161906313,-1.9256605463502052,0.0
2024-09-09,C03_PRE_HOLIDAY_ISSUER_EB_K1,C03_PRE_HOLIDAY_ISSUER_EB,1,1,,,,,
2024-09-10,C03_PRE_HOLIDAY_ISSUER_EB_K1,C03_PRE_HOLIDAY_ISSUER_EB,1,1,,,,,
2024-09-11,C03_PRE_HOLIDAY_ISSUER_EB_K1,C03_PRE_HOLIDAY_ISSUER_EB,1,1,,,,,
2024-09-12,C03_PRE_HOLIDAY_ISSUER_EB_K1,C03_PRE_HOLIDAY_ISSUER_EB,1,1,,,,,
2024-09-13,C03_PRE_HOLIDAY_ISSUER_EB_K1,C03_PRE_HOLIDAY_ISSUER_EB,1,1,3205,ダイドーリミテッド,0.7983939947465247,-1.3584117032392928,0.0
2024-09-17,C03_PRE_HOLIDAY_ISSUER_EB_K1,C03_PRE_HOLIDAY_ISSUER_EB,1,1,,,,,
2024-09-18,C03_PRE_HOLIDAY_ISSUER_EB_K1,C03_PRE_HOLIDAY_ISSUER_EB,1,1,,,,,
2024-09-19,C03_PRE_HOLIDAY_ISSUER_EB_K1,C03_PRE_HOLIDAY_ISSUER_EB,1,1,,,,,
2024-09-20,C03_PRE_HOLIDAY_ISSUER_EB_K1,C03_PRE_HOLIDAY_ISSUER_EB,1,1,3667,ｅｎｉｓｈ,0.8043883480478329,1.5625,1.0
2024-09-24,C03_PRE_HOLIDAY_ISSUER_EB_K1,C03_PRE_HOLIDAY_ISSUER_EB,1,1,,,,,
2024-09-25,C03_PRE_HOLIDAY_ISSUER_EB_K1,C03_PRE_HOLIDAY_ISSUER_EB,1,1,,,,,
2024-09-26,C03_PRE_HOLIDAY_ISSUER_EB_K1,C03_PRE_HOLIDAY_ISSUER_EB,1,1,,,,,
2024-09-27,C03_PRE_HOLIDAY_ISSUER_EB_K1,C03_PRE_HOLIDAY_ISSUER_EB,1,1,3103,ユニチカ,0.9394406111243404,2.857142857142847,1.0
2024-09-30,C03_PRE_HOLIDAY_ISSUER_EB_K1,C03_PRE_HOLIDAY_ISSUER_EB,1,1,,,,,
2024-10-01,C03_PRE_HOLIDAY_ISSUER_EB_K1,C03_PRE_HOLIDAY_ISSUER_EB,1,1,,,,,
2024-10-02,C03_PRE_HOLIDAY_ISSUER_EB_K1,C03_PRE_HOLIDAY_ISSUER_EB,1,1,,,,,
2024-10-03,C03_PRE_HOLIDAY_ISSUER_EB_K1,C03_PRE_HOLIDAY_ISSUER_EB,1,1,,,,,
2024-10-04,C03_PRE_HOLIDAY_ISSUER_EB_K1,C03_PRE_HOLIDAY_ISSUER_EB,1,1,3103,ユニチカ,0.9435683537842131,-1.2698412698412653,0.0
2024-10-07,C03_PRE_HOLIDAY_ISSUER_EB_K1,C03_PRE_HOLIDAY_ISSUER_EB,1,1,,,,,
2024-10-08,C03_PRE_HOLIDAY_ISSUER_EB_K1,C03_PRE_HOLIDAY_ISSUER_EB,1,1,,,,,
2024-10-09,C03_PRE_HOLIDAY_ISSUER_EB_K1,C03_PRE_HOLIDAY_ISSUER_EB,1,1,,,,,
2024-10-10,C03_PRE_HOLIDAY_ISSUER_EB_K1,C03_PRE_HOLIDAY_ISSUER_EB,1,1,,,,,
2024-10-11,C03_PRE_HOLIDAY_ISSUER_EB_K1,C03_PRE_HOLIDAY_ISSUER_EB,1,1,3103,ユニチカ,0.9435683537842131,-0.3311258278145712,0.0
2024-10-15,C03_PRE_HOLIDAY_ISSUER_EB_K1,C03_PRE_HOLIDAY_ISSUER_EB,1,1,,,,,
2024-10-16,C03_PRE_HOLIDAY_ISSUER_EB_K1,C03_PRE_HOLIDAY_ISSUER_EB,1,1,,,,,
2024-10-17,C03_PRE_HOLIDAY_ISSUER_EB_K1,C03_PRE_HOLIDAY_ISSUER_EB,1,1,,,,,
2024-10-18,C03_PRE_HOLIDAY_ISSUER_EB_K1,C03_PRE_HOLIDAY_ISSUER_EB,1,1,3103,ユニチカ,0.9435683537842131,0.32679738562091387,1.0
2024-10-21,C03_PRE_HOLIDAY_ISSUER_EB_K1,C03_PRE_HOLIDAY_ISSUER_EB,1,1,,,,,
2024-10-22,C03_PRE_HOLIDAY_ISSUER_EB_K1,C03_PRE_HOLIDAY_ISSUER_EB,1,1,,,,,
2024-10-23,C03_PRE_HOLIDAY_ISSUER_EB_K1,C03_PRE_HOLIDAY_ISSUER_EB,1,1,,,,,
2024-10-24,C03_PRE_HOLIDAY_ISSUER_EB_K1,C03_PRE_HOLIDAY_ISSUER_EB,1,1,,,,,
2024-10-25,C03_PRE_HOLIDAY_ISSUER_EB_K1,C03_PRE_HOLIDAY_ISSUER_EB,1,1,3103,ユニチカ,0.9435683537842131,-1.388888888888884,0.0
2024-10-28,C03_PRE_HOLIDAY_ISSUER_EB_K1,C03_PRE_HOLIDAY_ISSUER_EB,1,1,,,,,
2024-10-29,C03_PRE_HOLIDAY_ISSUER_EB_K1,C03_PRE_HOLIDAY_ISSUER_EB,1,1,,,,,
2024-10-30,C03_PRE_HOLIDAY_ISSUER_EB_K1,C03_PRE_HOLIDAY_ISSUER_EB,1,1,,,,,
2024-10-31,C03_PRE_HOLIDAY_ISSUER_EB_K1,C03_PRE_HOLIDAY_ISSUER_EB,1,1,,,,,
2024-11-01,C03_PRE_HOLIDAY_ISSUER_EB_K1,C03_PRE_HOLIDAY_ISSUER_EB,1,1,3103,ユニチカ,0.7996375425888631,-0.6872852233676952,0.0
2024-11-05,C03_PRE_HOLIDAY_ISSUER_EB_K1,C03_PRE_HOLIDAY_ISSUER_EB,1,1,,,,,
2024-11-06,C03_PRE_HOLIDAY_ISSUER_EB_K1,C03_PRE_HOLIDAY_ISSUER_EB,1,1,,,,,
2024-11-07,C03_PRE_HOLIDAY_ISSUER_EB_K1,C03_PRE_HOLIDAY_ISSUER_EB,1,1,,,,,
2024-11-08,C03_PRE_HOLIDAY_ISSUER_EB_K1,C03_PRE_HOLIDAY_ISSUER_EB,1,1,3103,ユニチカ,0.7996375425888631,-17.567567567567565,0.0
2024-11-11,C03_PRE_HOLIDAY_ISSUER_EB_K1,C03_PRE_HOLIDAY_ISSUER_EB,1,1,,,,,
2024-11-12,C03_PRE_HOLIDAY_ISSUER_EB_K1,C03_PRE_HOLIDAY_ISSUER_EB,1,1,,,,,
2024-11-13,C03_PRE_HOLIDAY_ISSUER_EB_K1,C03_PRE_HOLIDAY_ISSUER_EB,1,1,,,,,
2024-11-14,C03_PRE_HOLIDAY_ISSUER_EB_K1,C03_PRE_HOLIDAY_ISSUER_EB,1,1,,,,,
2024-11-15,C03_PRE_HOLIDAY_ISSUER_EB_K1,C03_PRE_HOLIDAY_ISSUER_EB,1,1,3205,ダイドーリミテッド,0.6971662109717381,0.7117437722419906,1.0
2024-11-18,C03_PRE_HOLIDAY_ISSUER_EB_K1,C03_PRE_HOLIDAY_ISSUER_EB,1,1,,,,,
2024-11-19,C03_PRE_HOLIDAY_ISSUER_EB_K1,C03_PRE_HOLIDAY_ISSUER_EB,1,1,,,,,
2024-11-20,C03_PRE_HOLIDAY_ISSUER_EB_K1,C03_PRE_HOLIDAY_ISSUER_EB,1,1,,,,,
2024-11-21,C03_PRE_HOLIDAY_ISSUER_EB_K1,C03_PRE_HOLIDAY_ISSUER_EB,1,1,,,,,
2024-11-22,C03_PRE_HOLIDAY_ISSUER_EB_K1,C03_PRE_HOLIDAY_ISSUER_EB,1,1,3205,ダイドーリミテッド,0.6971662109717381,4.431137724550904,1.0
2024-11-25,C03_PRE_HOLIDAY_ISSUER_EB_K1,C03_PRE_HOLIDAY_ISSUER_EB,1,1,,,,,
2024-11-26,C03_PRE_HOLIDAY_ISSUER_EB_K1,C03_PRE_HOLIDAY_ISSUER_EB,1,1,,,,,
2024-11-27,C03_PRE_HOLIDAY_ISSUER_EB_K1,C03_PRE_HOLIDAY_ISSUER_EB,1,1,,,,,
2024-11-28,C03_PRE_HOLIDAY_ISSUER_EB_K1,C03_PRE_HOLIDAY_ISSUER_EB,1,1,,,,,
2024-11-29,C03_PRE_HOLIDAY_ISSUER_EB_K1,C03_PRE_HOLIDAY_ISSUER_EB,1,1,3103,ユニチカ,0.7996375425888631,-12.217194570135748,0.0
2024-12-02,C03_PRE_HOLIDAY_ISSUER_EB_K1,C03_PRE_HOLIDAY_ISSUER_EB,1,1,,,,,
2024-12-03,C03_PRE_HOLIDAY_ISSUER_EB_K1,C03_PRE_HOLIDAY_ISSUER_EB,1,1,,,,,
2024-12-04,C03_PRE_HOLIDAY_ISSUER_EB_K1,C03_PRE_HOLIDAY_ISSUER_EB,1,1,,,,,
2024-12-05,C03_PRE_HOLIDAY_ISSUER_EB_K1,C03_PRE_HOLIDAY_ISSUER_EB,1,1,,,,,
2024-12-06,C03_PRE_HOLIDAY_ISSUER_EB_K1,C03_PRE_HOLIDAY_ISSUER_EB,1,1,3692,ＦＦＲＩセキュリティ,0.7855282686572261,-2.294557097118466,0.0
2024-12-09,C03_PRE_HOLIDAY_ISSUER_EB_K1,C03_PRE_HOLIDAY_ISSUER_EB,1,1,,,,,
2024-12-10,C03_PRE_HOLIDAY_ISSUER_EB_K1,C03_PRE_HOLIDAY_ISSUER_EB,1,1,,,,,
2024-12-11,C03_PRE_HOLIDAY_ISSUER_EB_K1,C03_PRE_HOLIDAY_ISSUER_EB,1,1,,,,,
2024-12-12,C03_PRE_HOLIDAY_ISSUER_EB_K1,C03_PRE_HOLIDAY_ISSUER_EB,1,1,,,,,
2024-12-13,C03_PRE_HOLIDAY_ISSUER_EB_K1,C03_PRE_HOLIDAY_ISSUER_EB,1,1,3692,ＦＦＲＩセキュリティ,0.7855282686572261,0.6417112299465177,1.0
2024-12-16,C03_PRE_HOLIDAY_ISSUER_EB_K1,C03_PRE_HOLIDAY_ISSUER_EB,1,1,,,,,
2024-12-17,C03_PRE_HOLIDAY_ISSUER_EB_K1,C03_PRE_HOLIDAY_ISSUER_EB,1,1,,,,,
2024-12-18,C03_PRE_HOLIDAY_ISSUER_EB_K1,C03_PRE_HOLIDAY_ISSUER_EB,1,1,,,,,
2024-12-19,C03_PRE_HOLIDAY_ISSUER_EB_K1,C03_PRE_HOLIDAY_ISSUER_EB,1,1,,,,,
2024-12-20,C03_PRE_HOLIDAY_ISSUER_EB_K1,C03_PRE_HOLIDAY_ISSUER_EB,1,1,3692,ＦＦＲＩセキュリティ,0.7855282686572261,-3.5560344827586188,0.0
2024-12-23,C03_PRE_HOLIDAY_ISSUER_EB_K1,C03_PRE_HOLIDAY_ISSUER_EB,1,1,,,,,
2024-12-24,C03_PRE_HOLIDAY_ISSUER_EB_K1,C03_PRE_HOLIDAY_ISSUER_EB,1,1,,,,,
2024-12-25,C03_PRE_HOLIDAY_ISSUER_EB_K1,C03_PRE_HOLIDAY_ISSUER_EB,1,1,,,,,
2024-12-26,C03_PRE_HOLIDAY_ISSUER_EB_K1,C03_PRE_HOLIDAY_ISSUER_EB,1,1,,,,,
2024-12-27,C03_PRE_HOLIDAY_ISSUER_EB_K1,C03_PRE_HOLIDAY_ISSUER_EB,1,1,3692,ＦＦＲＩセキュリティ,0.7855282686572261,2.819237147595355,1.0
2024-12-30,C03_PRE_HOLIDAY_ISSUER_EB_K1,C03_PRE_HOLIDAY_ISSUER_EB,1,1,3692,ＦＦＲＩセキュリティ,0.7855282686572261,4.384133611691032,1.0
2025-01-06,C03_PRE_HOLIDAY_ISSUER_EB_K1,C03_PRE_HOLIDAY_ISSUER_EB,1,1,,,,,
2025-01-07,C03_PRE_HOLIDAY_ISSUER_EB_K1,C03_PRE_HOLIDAY_ISSUER_EB,1,1,,,,,
2025-01-08,C03_PRE_HOLIDAY_ISSUER_EB_K1,C03_PRE_HOLIDAY_ISSUER_EB,1,1,,,,,
2025-01-09,C03_PRE_HOLIDAY_ISSUER_EB_K1,C03_PRE_HOLIDAY_ISSUER_EB,1,1,,,,,
2025-01-10,C03_PRE_HOLIDAY_ISSUER_EB_K1,C03_PRE_HOLIDAY_ISSUER_EB,1,1,3205,ダイドーリミテッド,0.8114310047385941,0.21141649048626032,1.0
2025-01-14,C03_PRE_HOLIDAY_ISSUER_EB_K1,C03_PRE_HOLIDAY_ISSUER_EB,1,1,,,,,
2025-01-15,C03_PRE_HOLIDAY_ISSUER_EB_K1,C03_PRE_HOLIDAY_ISSUER_EB,1,1,,,,,
2025-01-16,C03_PRE_HOLIDAY_ISSUER_EB_K1,C03_PRE_HOLIDAY_ISSUER_EB,1,1,,,,,
2025-01-17,C03_PRE_HOLIDAY_ISSUER_EB_K1,C03_PRE_HOLIDAY_ISSUER_EB,1,1,3205,ダイドーリミテッド,0.8114310047385941,1.8672199170124415,1.0
2025-01-20,C03_PRE_HOLIDAY_ISSUER_EB_K1,C03_PRE_HOLIDAY_ISSUER_EB,1,1,,,,,
2025-01-21,C03_PRE_HOLIDAY_ISSUER_EB_K1,C03_PRE_HOLIDAY_ISSUER_EB,1,1,,,,,
2025-01-22,C03_PRE_HOLIDAY_ISSUER_EB_K1,C03_PRE_HOLIDAY_ISSUER_EB,1,1,,,,,
2025-01-23,C03_PRE_HOLIDAY_ISSUER_EB_K1,C03_PRE_HOLIDAY_ISSUER_EB,1,1,,,,,
2025-01-24,C03_PRE_HOLIDAY_ISSUER_EB_K1,C03_PRE_HOLIDAY_ISSUER_EB,1,1,3205,ダイドーリミテッド,0.8114310047385941,2.9441624365482255,1.0
2025-01-27,C03_PRE_HOLIDAY_ISSUER_EB_K1,C03_PRE_HOLIDAY_ISSUER_EB,1,1,,,,,
2025-01-28,C03_PRE_HOLIDAY_ISSUER_EB_K1,C03_PRE_HOLIDAY_ISSUER_EB,1,1,,,,,
2025-01-29,C03_PRE_HOLIDAY_ISSUER_EB_K1,C03_PRE_HOLIDAY_ISSUER_EB,1,1,,,,,
2025-01-30,C03_PRE_HOLIDAY_ISSUER_EB_K1,C03_PRE_HOLIDAY_ISSUER_EB,1,1,,,,,
2025-01-31,C03_PRE_HOLIDAY_ISSUER_EB_K1,C03_PRE_HOLIDAY_ISSUER_EB,1,1,3205,ダイドーリミテッド,0.8114310047385941,-0.09523809523809268,0.0
2025-02-03,C03_PRE_HOLIDAY_ISSUER_EB_K1,C03_PRE_HOLIDAY_ISSUER_EB,1,1,,,,,
2025-02-04,C03_PRE_HOLIDAY_ISSUER_EB_K1,C03_PRE_HOLIDAY_ISSUER_EB,1,1,,,,,
2025-02-05,C03_PRE_HOLIDAY_ISSUER_EB_K1,C03_PRE_HOLIDAY_ISSUER_EB,1,1,,,,,
2025-02-06,C03_PRE_HOLIDAY_ISSUER_EB_K1,C03_PRE_HOLIDAY_ISSUER_EB,1,1,,,,,
2025-02-07,C03_PRE_HOLIDAY_ISSUER_EB_K1,C03_PRE_HOLIDAY_ISSUER_EB,1,1,3692,ＦＦＲＩセキュリティ,0.8663595983890453,0.9551800146950784,1.0
2025-02-10,C03_PRE_HOLIDAY_ISSUER_EB_K1,C03_PRE_HOLIDAY_ISSUER_EB,1,1,,,,,
2025-02-12,C03_PRE_HOLIDAY_ISSUER_EB_K1,C03_PRE_HOLIDAY_ISSUER_EB,1,1,,,,,
2025-02-13,C03_PRE_HOLIDAY_ISSUER_EB_K1,C03_PRE_HOLIDAY_ISSUER_EB,1,1,,,,,
2025-02-14,C03_PRE_HOLIDAY_ISSUER_EB_K1,C03_PRE_HOLIDAY_ISSUER_EB,1,1,3692,ＦＦＲＩセキュリティ,0.8663595983890453,0.8088235294117618,1.0
2025-02-17,C03_PRE_HOLIDAY_ISSUER_EB_K1,C03_PRE_HOLIDAY_ISSUER_EB,1,1,,,,,
2025-02-18,C03_PRE_HOLIDAY_ISSUER_EB_K1,C03_PRE_HOLIDAY_ISSUER_EB,1,1,,,,,
2025-02-19,C03_PRE_HOLIDAY_ISSUER_EB_K1,C03_PRE_HOLIDAY_ISSUER_EB,1,1,,,,,
2025-02-20,C03_PRE_HOLIDAY_ISSUER_EB_K1,C03_PRE_HOLIDAY_ISSUER_EB,1,1,,,,,
2025-02-21,C03_PRE_HOLIDAY_ISSUER_EB_K1,C03_PRE_HOLIDAY_ISSUER_EB,1,1,3692,ＦＦＲＩセキュリティ,0.8663595983890453,3.910209992758862,1.0
2025-02-25,C03_PRE_HOLIDAY_ISSUER_EB_K1,C03_PRE_HOLIDAY_ISSUER_EB,1,1,,,,,
2025-02-26,C03_PRE_HOLIDAY_ISSUER_EB_K1,C03_PRE_HOLIDAY_ISSUER_EB,1,1,,,,,
2025-02-27,C03_PRE_HOLIDAY_ISSUER_EB_K1,C03_PRE_HOLIDAY_ISSUER_EB,1,1,,,,,
2025-02-28,C03_PRE_HOLIDAY_ISSUER_EB_K1,C03_PRE_HOLIDAY_ISSUER_EB,1,1,3205,ダイドーリミテッド,0.8424011897247238,0.17391304347826875,1.0
2025-03-03,C03_PRE_HOLIDAY_ISSUER_EB_K1,C03_PRE_HOLIDAY_ISSUER_EB,1,1,,,,,
2025-03-04,C03_PRE_HOLIDAY_ISSUER_EB_K1,C03_PRE_HOLIDAY_ISSUER_EB,1,1,,,,,
2025-03-05,C03_PRE_HOLIDAY_ISSUER_EB_K1,C03_PRE_HOLIDAY_ISSUER_EB,1,1,,,,,
2025-03-06,C03_PRE_HOLIDAY_ISSUER_EB_K1,C03_PRE_HOLIDAY_ISSUER_EB,1,1,,,,,
2025-03-07,C03_PRE_HOLIDAY_ISSUER_EB_K1,C03_PRE_HOLIDAY_ISSUER_EB,1,1,3205,ダイドーリミテッド,0.8070893658022527,-2.892561983471076,0.0
2025-03-10,C03_PRE_HOLIDAY_ISSUER_EB_K1,C03_PRE_HOLIDAY_ISSUER_EB,1,1,,,,,
2025-03-11,C03_PRE_HOLIDAY_ISSUER_EB_K1,C03_PRE_HOLIDAY_ISSUER_EB,1,1,,,,,
2025-03-12,C03_PRE_HOLIDAY_ISSUER_EB_K1,C03_PRE_HOLIDAY_ISSUER_EB,1,1,,,,,
2025-03-13,C03_PRE_HOLIDAY_ISSUER_EB_K1,C03_PRE_HOLIDAY_ISSUER_EB,1,1,,,,,
2025-03-14,C03_PRE_HOLIDAY_ISSUER_EB_K1,C03_PRE_HOLIDAY_ISSUER_EB,1,1,3205,ダイドーリミテッド,0.8070893658022527,0.4237288135593209,1.0
2025-03-17,C03_PRE_HOLIDAY_ISSUER_EB_K1,C03_PRE_HOLIDAY_ISSUER_EB,1,1,,,,,
2025-03-18,C03_PRE_HOLIDAY_ISSUER_EB_K1,C03_PRE_HOLIDAY_ISSUER_EB,1,1,,,,,
2025-03-19,C03_PRE_HOLIDAY_ISSUER_EB_K1,C03_PRE_HOLIDAY_ISSUER_EB,1,1,,,,,
2025-03-21,C03_PRE_HOLIDAY_ISSUER_EB_K1,C03_PRE_HOLIDAY_ISSUER_EB,1,1,3205,ダイドーリミテッド,0.8070893658022527,-0.4184100418409997,0.0
2025-03-24,C03_PRE_HOLIDAY_ISSUER_EB_K1,C03_PRE_HOLIDAY_ISSUER_EB,1,1,,,,,
2025-03-25,C03_PRE_HOLIDAY_ISSUER_EB_K1,C03_PRE_HOLIDAY_ISSUER_EB,1,1,,,,,
2025-03-26,C03_PRE_HOLIDAY_ISSUER_EB_K1,C03_PRE_HOLIDAY_ISSUER_EB,1,1,,,,,
2025-03-27,C03_PRE_HOLIDAY_ISSUER_EB_K1,C03_PRE_HOLIDAY_ISSUER_EB,1,1,,,,,
2025-03-28,C03_PRE_HOLIDAY_ISSUER_EB_K1,C03_PRE_HOLIDAY_ISSUER_EB,1,1,3205,ダイドーリミテッド,0.8070893658022527,8.158508158508159,1.0
2025-03-31,C03_PRE_HOLIDAY_ISSUER_EB_K1,C03_PRE_HOLIDAY_ISSUER_EB,1,1,,,,,
2025-04-01,C03_PRE_HOLIDAY_ISSUER_EB_K1,C03_PRE_HOLIDAY_ISSUER_EB,1,1,,,,,
2025-04-02,C03_PRE_HOLIDAY_ISSUER_EB_K1,C03_PRE_HOLIDAY_ISSUER_EB,1,1,,,,,
2025-04-03,C03_PRE_HOLIDAY_ISSUER_EB_K1,C03_PRE_HOLIDAY_ISSUER_EB,1,1,,,,,
2025-04-04,C03_PRE_HOLIDAY_ISSUER_EB_K1,C03_PRE_HOLIDAY_ISSUER_EB,1,1,9252,ラストワンマイル,0.6631457058234802,-1.3266998341625258,0.0
2025-04-07,C03_PRE_HOLIDAY_ISSUER_EB_K1,C03_PRE_HOLIDAY_ISSUER_EB,1,1,,,,,
2025-04-08,C03_PRE_HOLIDAY_ISSUER_EB_K1,C03_PRE_HOLIDAY_ISSUER_EB,1,1,,,,,
2025-04-09,C03_PRE_HOLIDAY_ISSUER_EB_K1,C03_PRE_HOLIDAY_ISSUER_EB,1,1,,,,,
2025-04-10,C03_PRE_HOLIDAY_ISSUER_EB_K1,C03_PRE_HOLIDAY_ISSUER_EB,1,1,,,,,
2025-04-11,C03_PRE_HOLIDAY_ISSUER_EB_K1,C03_PRE_HOLIDAY_ISSUER_EB,1,1,9913,日邦産業,0.5313889335214811,1.2413793103448256,1.0
2025-04-14,C03_PRE_HOLIDAY_ISSUER_EB_K1,C03_PRE_HOLIDAY_ISSUER_EB,1,1,,,,,
2025-04-15,C03_PRE_HOLIDAY_ISSUER_EB_K1,C03_PRE_HOLIDAY_ISSUER_EB,1,1,,,,,
2025-04-16,C03_PRE_HOLIDAY_ISSUER_EB_K1,C03_PRE_HOLIDAY_ISSUER_EB,1,1,,,,,
2025-04-17,C03_PRE_HOLIDAY_ISSUER_EB_K1,C03_PRE_HOLIDAY_ISSUER_EB,1,1,,,,,
2025-04-18,C03_PRE_HOLIDAY_ISSUER_EB_K1,C03_PRE_HOLIDAY_ISSUER_EB,1,1,9913,日邦産業,0.5313889335214811,-0.1769911504424737,0.0
2025-04-21,C03_PRE_HOLIDAY_ISSUER_EB_K1,C03_PRE_HOLIDAY_ISSUER_EB,1,1,,,,,
2025-04-22,C03_PRE_HOLIDAY_ISSUER_EB_K1,C03_PRE_HOLIDAY_ISSUER_EB,1,1,,,,,
2025-04-23,C03_PRE_HOLIDAY_ISSUER_EB_K1,C03_PRE_HOLIDAY_ISSUER_EB,1,1,,,,,
2025-04-24,C03_PRE_HOLIDAY_ISSUER_EB_K1,C03_PRE_HOLIDAY_ISSUER_EB,1,1,,,,,
2025-04-25,C03_PRE_HOLIDAY_ISSUER_EB_K1,C03_PRE_HOLIDAY_ISSUER_EB,1,1,3205,ダイドーリミテッド,0.7970567019255639,1.2484394506866447,1.0
2025-04-28,C03_PRE_HOLIDAY_ISSUER_EB_K1,C03_PRE_HOLIDAY_ISSUER_EB,1,1,,,,,
2025-04-30,C03_PRE_HOLIDAY_ISSUER_EB_K1,C03_PRE_HOLIDAY_ISSUER_EB,1,1,,,,,
2025-05-01,C03_PRE_HOLIDAY_ISSUER_EB_K1,C03_PRE_HOLIDAY_ISSUER_EB,1,1,,,,,
2025-05-02,C03_PRE_HOLIDAY_ISSUER_EB_K1,C03_PRE_HOLIDAY_ISSUER_EB,1,1,3205,ダイドーリミテッド,0.8167043923498497,0.5952380952380931,1.0
2025-05-07,C03_PRE_HOLIDAY_ISSUER_EB_K1,C03_PRE_HOLIDAY_ISSUER_EB,1,1,,,,,
2025-05-08,C03_PRE_HOLIDAY_ISSUER_EB_K1,C03_PRE_HOLIDAY_ISSUER_EB,1,1,,,,,
2025-05-09,C03_PRE_HOLIDAY_ISSUER_EB_K1,C03_PRE_HOLIDAY_ISSUER_EB,1,1,3692,ＦＦＲＩセキュリティ,0.8174156658635783,5.654761904761907,1.0
2025-05-12,C03_PRE_HOLIDAY_ISSUER_EB_K1,C03_PRE_HOLIDAY_ISSUER_EB,1,1,,,,,
2025-05-13,C03_PRE_HOLIDAY_ISSUER_EB_K1,C03_PRE_HOLIDAY_ISSUER_EB,1,1,,,,,
2025-05-14,C03_PRE_HOLIDAY_ISSUER_EB_K1,C03_PRE_HOLIDAY_ISSUER_EB,1,1,,,,,
2025-05-15,C03_PRE_HOLIDAY_ISSUER_EB_K1,C03_PRE_HOLIDAY_ISSUER_EB,1,1,,,,,
2025-05-16,C03_PRE_HOLIDAY_ISSUER_EB_K1,C03_PRE_HOLIDAY_ISSUER_EB,1,1,3692,ＦＦＲＩセキュリティ,0.8174156658635783,14.514285714285723,1.0
2025-05-19,C03_PRE_HOLIDAY_ISSUER_EB_K1,C03_PRE_HOLIDAY_ISSUER_EB,1,1,,,,,
2025-05-20,C03_PRE_HOLIDAY_ISSUER_EB_K1,C03_PRE_HOLIDAY_ISSUER_EB,1,1,,,,,
2025-05-21,C03_PRE_HOLIDAY_ISSUER_EB_K1,C03_PRE_HOLIDAY_ISSUER_EB,1,1,,,,,
2025-05-22,C03_PRE_HOLIDAY_ISSUER_EB_K1,C03_PRE_HOLIDAY_ISSUER_EB,1,1,,,,,
2025-05-23,C03_PRE_HOLIDAY_ISSUER_EB_K1,C03_PRE_HOLIDAY_ISSUER_EB,1,1,3205,ダイドーリミテッド,0.8167043923498497,1.012373453318327,1.0
2025-05-26,C03_PRE_HOLIDAY_ISSUER_EB_K1,C03_PRE_HOLIDAY_ISSUER_EB,1,1,,,,,
2025-05-27,C03_PRE_HOLIDAY_ISSUER_EB_K1,C03_PRE_HOLIDAY_ISSUER_EB,1,1,,,,,
2025-05-28,C03_PRE_HOLIDAY_ISSUER_EB_K1,C03_PRE_HOLIDAY_ISSUER_EB,1,1,,,,,
2025-05-29,C03_PRE_HOLIDAY_ISSUER_EB_K1,C03_PRE_HOLIDAY_ISSUER_EB,1,1,,,,,
2025-05-30,C03_PRE_HOLIDAY_ISSUER_EB_K1,C03_PRE_HOLIDAY_ISSUER_EB,1,1,3205,ダイドーリミテッド,0.8167043923498497,0.41753653444676075,1.0
2025-06-02,C03_PRE_HOLIDAY_ISSUER_EB_K1,C03_PRE_HOLIDAY_ISSUER_EB,1,1,,,,,
2025-06-03,C03_PRE_HOLIDAY_ISSUER_EB_K1,C03_PRE_HOLIDAY_ISSUER_EB,1,1,,,,,
2025-06-04,C03_PRE_HOLIDAY_ISSUER_EB_K1,C03_PRE_HOLIDAY_ISSUER_EB,1,1,,,,,
2025-06-05,C03_PRE_HOLIDAY_ISSUER_EB_K1,C03_PRE_HOLIDAY_ISSUER_EB,1,1,,,,,
2025-06-06,C03_PRE_HOLIDAY_ISSUER_EB_K1,C03_PRE_HOLIDAY_ISSUER_EB,1,1,3205,ダイドーリミテッド,0.772266477696022,1.2552301255230214,1.0
2025-06-09,C03_PRE_HOLIDAY_ISSUER_EB_K1,C03_PRE_HOLIDAY_ISSUER_EB,1,1,,,,,
2025-06-10,C03_PRE_HOLIDAY_ISSUER_EB_K1,C03_PRE_HOLIDAY_ISSUER_EB,1,1,,,,,
2025-06-11,C03_PRE_HOLIDAY_ISSUER_EB_K1,C03_PRE_HOLIDAY_ISSUER_EB,1,1,,,,,
2025-06-12,C03_PRE_HOLIDAY_ISSUER_EB_K1,C03_PRE_HOLIDAY_ISSUER_EB,1,1,,,,,
2025-06-13,C03_PRE_HOLIDAY_ISSUER_EB_K1,C03_PRE_HOLIDAY_ISSUER_EB,1,1,3205,ダイドーリミテッド,0.772266477696022,0.10040160642570406,1.0
2025-06-16,C03_PRE_HOLIDAY_ISSUER_EB_K1,C03_PRE_HOLIDAY_ISSUER_EB,1,1,,,,,
2025-06-17,C03_PRE_HOLIDAY_ISSUER_EB_K1,C03_PRE_HOLIDAY_ISSUER_EB,1,1,,,,,
2025-06-18,C03_PRE_HOLIDAY_ISSUER_EB_K1,C03_PRE_HOLIDAY_ISSUER_EB,1,1,,,,,
2025-06-19,C03_PRE_HOLIDAY_ISSUER_EB_K1,C03_PRE_HOLIDAY_ISSUER_EB,1,1,,,,,
2025-06-20,C03_PRE_HOLIDAY_ISSUER_EB_K1,C03_PRE_HOLIDAY_ISSUER_EB,1,1,3205,ダイドーリミテッド,0.772266477696022,-1.2512030798844997,0.0
2025-06-23,C03_PRE_HOLIDAY_ISSUER_EB_K1,C03_PRE_HOLIDAY_ISSUER_EB,1,1,,,,,
2025-06-24,C03_PRE_HOLIDAY_ISSUER_EB_K1,C03_PRE_HOLIDAY_ISSUER_EB,1,1,,,,,
2025-06-25,C03_PRE_HOLIDAY_ISSUER_EB_K1,C03_PRE_HOLIDAY_ISSUER_EB,1,1,,,,,
2025-06-26,C03_PRE_HOLIDAY_ISSUER_EB_K1,C03_PRE_HOLIDAY_ISSUER_EB,1,1,,,,,
2025-06-27,C03_PRE_HOLIDAY_ISSUER_EB_K1,C03_PRE_HOLIDAY_ISSUER_EB,1,1,3205,ダイドーリミテッド,0.772266477696022,-1.5075376884422065,0.0
2025-06-30,C03_PRE_HOLIDAY_ISSUER_EB_K1,C03_PRE_HOLIDAY_ISSUER_EB,1,1,,,,,
2025-07-01,C03_PRE_HOLIDAY_ISSUER_EB_K1,C03_PRE_HOLIDAY_ISSUER_EB,1,1,,,,,
2025-07-02,C03_PRE_HOLIDAY_ISSUER_EB_K1,C03_PRE_HOLIDAY_ISSUER_EB,1,1,,,,,
2025-07-03,C03_PRE_HOLIDAY_ISSUER_EB_K1,C03_PRE_HOLIDAY_ISSUER_EB,1,1,,,,,
2025-07-04,C03_PRE_HOLIDAY_ISSUER_EB_K1,C03_PRE_HOLIDAY_ISSUER_EB,1,1,3205,ダイドーリミテッド,0.7138977998732288,0.8385744234800763,1.0
2025-07-07,C03_PRE_HOLIDAY_ISSUER_EB_K1,C03_PRE_HOLIDAY_ISSUER_EB,1,1,,,,,
2025-07-08,C03_PRE_HOLIDAY_ISSUER_EB_K1,C03_PRE_HOLIDAY_ISSUER_EB,1,1,,,,,
2025-07-09,C03_PRE_HOLIDAY_ISSUER_EB_K1,C03_PRE_HOLIDAY_ISSUER_EB,1,1,,,,,
2025-07-10,C03_PRE_HOLIDAY_ISSUER_EB_K1,C03_PRE_HOLIDAY_ISSUER_EB,1,1,,,,,
2025-07-11,C03_PRE_HOLIDAY_ISSUER_EB_K1,C03_PRE_HOLIDAY_ISSUER_EB,1,1,3205,ダイドーリミテッド,0.7138977998732288,2.0618556701030855,1.0
2025-07-14,C03_PRE_HOLIDAY_ISSUER_EB_K1,C03_PRE_HOLIDAY_ISSUER_EB,1,1,,,,,
2025-07-15,C03_PRE_HOLIDAY_ISSUER_EB_K1,C03_PRE_HOLIDAY_ISSUER_EB,1,1,,,,,
2025-07-16,C03_PRE_HOLIDAY_ISSUER_EB_K1,C03_PRE_HOLIDAY_ISSUER_EB,1,1,,,,,
2025-07-17,C03_PRE_HOLIDAY_ISSUER_EB_K1,C03_PRE_HOLIDAY_ISSUER_EB,1,1,,,,,
2025-07-18,C03_PRE_HOLIDAY_ISSUER_EB_K1,C03_PRE_HOLIDAY_ISSUER_EB,1,1,3205,ダイドーリミテッド,0.7138977998732288,-1.1247443762781195,0.0
2025-07-22,C03_PRE_HOLIDAY_ISSUER_EB_K1,C03_PRE_HOLIDAY_ISSUER_EB,1,1,,,,,
2025-07-23,C03_PRE_HOLIDAY_ISSUER_EB_K1,C03_PRE_HOLIDAY_ISSUER_EB,1,1,,,,,
2025-07-24,C03_PRE_HOLIDAY_ISSUER_EB_K1,C03_PRE_HOLIDAY_ISSUER_EB,1,1,,,,,
2025-07-25,C03_PRE_HOLIDAY_ISSUER_EB_K1,C03_PRE_HOLIDAY_ISSUER_EB,1,1,3205,ダイドーリミテッド,0.7138977998732288,0.2044989775051187,1.0
2025-07-28,C03_PRE_HOLIDAY_ISSUER_EB_K1,C03_PRE_HOLIDAY_ISSUER_EB,1,1,,,,,
2025-07-29,C03_PRE_HOLIDAY_ISSUER_EB_K1,C03_PRE_HOLIDAY_ISSUER_EB,1,1,,,,,
2025-07-30,C03_PRE_HOLIDAY_ISSUER_EB_K1,C03_PRE_HOLIDAY_ISSUER_EB,1,1,,,,,
2025-07-31,C03_PRE_HOLIDAY_ISSUER_EB_K1,C03_PRE_HOLIDAY_ISSUER_EB,1,1,,,,,
2024-07-01,C03_PRE_HOLIDAY_ISSUER_EB_K2,C03_PRE_HOLIDAY_ISSUER_EB,2,1,,,,,
2024-07-01,C03_PRE_HOLIDAY_ISSUER_EB_K2,C03_PRE_HOLIDAY_ISSUER_EB,2,2,,,,,
2024-07-02,C03_PRE_HOLIDAY_ISSUER_EB_K2,C03_PRE_HOLIDAY_ISSUER_EB,2,1,,,,,
2024-07-02,C03_PRE_HOLIDAY_ISSUER_EB_K2,C03_PRE_HOLIDAY_ISSUER_EB,2,2,,,,,
2024-07-03,C03_PRE_HOLIDAY_ISSUER_EB_K2,C03_PRE_HOLIDAY_ISSUER_EB,2,1,,,,,
2024-07-03,C03_PRE_HOLIDAY_ISSUER_EB_K2,C03_PRE_HOLIDAY_ISSUER_EB,2,2,,,,,
2024-07-04,C03_PRE_HOLIDAY_ISSUER_EB_K2,C03_PRE_HOLIDAY_ISSUER_EB,2,1,,,,,
2024-07-04,C03_PRE_HOLIDAY_ISSUER_EB_K2,C03_PRE_HOLIDAY_ISSUER_EB,2,2,,,,,
2024-07-05,C03_PRE_HOLIDAY_ISSUER_EB_K2,C03_PRE_HOLIDAY_ISSUER_EB,2,1,6736,サン電子,0.9722263365847202,-1.378579003181335,0.0
2024-07-05,C03_PRE_HOLIDAY_ISSUER_EB_K2,C03_PRE_HOLIDAY_ISSUER_EB,2,2,8938,グローム・ホールディングス,0.8926359529928993,4.968944099378891,1.0
2024-07-08,C03_PRE_HOLIDAY_ISSUER_EB_K2,C03_PRE_HOLIDAY_ISSUER_EB,2,1,,,,,
2024-07-08,C03_PRE_HOLIDAY_ISSUER_EB_K2,C03_PRE_HOLIDAY_ISSUER_EB,2,2,,,,,
2024-07-09,C03_PRE_HOLIDAY_ISSUER_EB_K2,C03_PRE_HOLIDAY_ISSUER_EB,2,1,,,,,
2024-07-09,C03_PRE_HOLIDAY_ISSUER_EB_K2,C03_PRE_HOLIDAY_ISSUER_EB,2,2,,,,,
2024-07-10,C03_PRE_HOLIDAY_ISSUER_EB_K2,C03_PRE_HOLIDAY_ISSUER_EB,2,1,,,,,
2024-07-10,C03_PRE_HOLIDAY_ISSUER_EB_K2,C03_PRE_HOLIDAY_ISSUER_EB,2,2,,,,,
2024-07-11,C03_PRE_HOLIDAY_ISSUER_EB_K2,C03_PRE_HOLIDAY_ISSUER_EB,2,1,,,,,
2024-07-11,C03_PRE_HOLIDAY_ISSUER_EB_K2,C03_PRE_HOLIDAY_ISSUER_EB,2,2,,,,,
2024-07-12,C03_PRE_HOLIDAY_ISSUER_EB_K2,C03_PRE_HOLIDAY_ISSUER_EB,2,1,6736,サン電子,0.9722263365847202,2.499999999999991,1.0
2024-07-12,C03_PRE_HOLIDAY_ISSUER_EB_K2,C03_PRE_HOLIDAY_ISSUER_EB,2,2,8938,グローム・ホールディングス,0.8926359529928993,0.3654080389768666,1.0
2024-07-16,C03_PRE_HOLIDAY_ISSUER_EB_K2,C03_PRE_HOLIDAY_ISSUER_EB,2,1,,,,,
2024-07-16,C03_PRE_HOLIDAY_ISSUER_EB_K2,C03_PRE_HOLIDAY_ISSUER_EB,2,2,,,,,
2024-07-17,C03_PRE_HOLIDAY_ISSUER_EB_K2,C03_PRE_HOLIDAY_ISSUER_EB,2,1,,,,,
2024-07-17,C03_PRE_HOLIDAY_ISSUER_EB_K2,C03_PRE_HOLIDAY_ISSUER_EB,2,2,,,,,
2024-07-18,C03_PRE_HOLIDAY_ISSUER_EB_K2,C03_PRE_HOLIDAY_ISSUER_EB,2,1,,,,,
2024-07-18,C03_PRE_HOLIDAY_ISSUER_EB_K2,C03_PRE_HOLIDAY_ISSUER_EB,2,2,,,,,
2024-07-19,C03_PRE_HOLIDAY_ISSUER_EB_K2,C03_PRE_HOLIDAY_ISSUER_EB,2,1,6736,サン電子,0.9722263365847202,8.111111111111114,1.0
2024-07-19,C03_PRE_HOLIDAY_ISSUER_EB_K2,C03_PRE_HOLIDAY_ISSUER_EB,2,2,8938,グローム・ホールディングス,0.8926359529928993,-1.2658227848101222,0.0
2024-07-22,C03_PRE_HOLIDAY_ISSUER_EB_K2,C03_PRE_HOLIDAY_ISSUER_EB,2,1,,,,,
2024-07-22,C03_PRE_HOLIDAY_ISSUER_EB_K2,C03_PRE_HOLIDAY_ISSUER_EB,2,2,,,,,
2024-07-23,C03_PRE_HOLIDAY_ISSUER_EB_K2,C03_PRE_HOLIDAY_ISSUER_EB,2,1,,,,,
2024-07-23,C03_PRE_HOLIDAY_ISSUER_EB_K2,C03_PRE_HOLIDAY_ISSUER_EB,2,2,,,,,
2024-07-24,C03_PRE_HOLIDAY_ISSUER_EB_K2,C03_PRE_HOLIDAY_ISSUER_EB,2,1,,,,,
2024-07-24,C03_PRE_HOLIDAY_ISSUER_EB_K2,C03_PRE_HOLIDAY_ISSUER_EB,2,2,,,,,
2024-07-25,C03_PRE_HOLIDAY_ISSUER_EB_K2,C03_PRE_HOLIDAY_ISSUER_EB,2,1,,,,,
2024-07-25,C03_PRE_HOLIDAY_ISSUER_EB_K2,C03_PRE_HOLIDAY_ISSUER_EB,2,2,,,,,
2024-07-26,C03_PRE_HOLIDAY_ISSUER_EB_K2,C03_PRE_HOLIDAY_ISSUER_EB,2,1,8938,グローム・ホールディングス,0.8926359529928993,-0.4739336492891044,0.0
2024-07-26,C03_PRE_HOLIDAY_ISSUER_EB_K2,C03_PRE_HOLIDAY_ISSUER_EB,2,2,4116,大日精化⼯業,0.7944098310311073,-0.1612903225806428,0.0
2024-07-29,C03_PRE_HOLIDAY_ISSUER_EB_K2,C03_PRE_HOLIDAY_ISSUER_EB,2,1,,,,,
2024-07-29,C03_PRE_HOLIDAY_ISSUER_EB_K2,C03_PRE_HOLIDAY_ISSUER_EB,2,2,,,,,
2024-07-30,C03_PRE_HOLIDAY_ISSUER_EB_K2,C03_PRE_HOLIDAY_ISSUER_EB,2,1,,,,,
2024-07-30,C03_PRE_HOLIDAY_ISSUER_EB_K2,C03_PRE_HOLIDAY_ISSUER_EB,2,2,,,,,
2024-07-31,C03_PRE_HOLIDAY_ISSUER_EB_K2,C03_PRE_HOLIDAY_ISSUER_EB,2,1,,,,,
2024-07-31,C03_PRE_HOLIDAY_ISSUER_EB_K2,C03_PRE_HOLIDAY_ISSUER_EB,2,2,,,,,
2024-08-01,C03_PRE_HOLIDAY_ISSUER_EB_K2,C03_PRE_HOLIDAY_ISSUER_EB,2,1,,,,,
2024-08-01,C03_PRE_HOLIDAY_ISSUER_EB_K2,C03_PRE_HOLIDAY_ISSUER_EB,2,2,,,,,
2024-08-02,C03_PRE_HOLIDAY_ISSUER_EB_K2,C03_PRE_HOLIDAY_ISSUER_EB,2,1,6736,サン電子,0.9385702103419967,-0.18621973929237035,0.0
2024-08-02,C03_PRE_HOLIDAY_ISSUER_EB_K2,C03_PRE_HOLIDAY_ISSUER_EB,2,2,8938,グローム・ホールディングス,0.8683791094696099,-4.021447721179627,0.0
2024-08-05,C03_PRE_HOLIDAY_ISSUER_EB_K2,C03_PRE_HOLIDAY_ISSUER_EB,2,1,,,,,
2024-08-05,C03_PRE_HOLIDAY_ISSUER_EB_K2,C03_PRE_HOLIDAY_ISSUER_EB,2,2,,,,,
2024-08-06,C03_PRE_HOLIDAY_ISSUER_EB_K2,C03_PRE_HOLIDAY_ISSUER_EB,2,1,,,,,
2024-08-06,C03_PRE_HOLIDAY_ISSUER_EB_K2,C03_PRE_HOLIDAY_ISSUER_EB,2,2,,,,,
2024-08-07,C03_PRE_HOLIDAY_ISSUER_EB_K2,C03_PRE_HOLIDAY_ISSUER_EB,2,1,,,,,
2024-08-07,C03_PRE_HOLIDAY_ISSUER_EB_K2,C03_PRE_HOLIDAY_ISSUER_EB,2,2,,,,,
2024-08-08,C03_PRE_HOLIDAY_ISSUER_EB_K2,C03_PRE_HOLIDAY_ISSUER_EB,2,1,,,,,
2024-08-08,C03_PRE_HOLIDAY_ISSUER_EB_K2,C03_PRE_HOLIDAY_ISSUER_EB,2,2,,,,,
2024-08-09,C03_PRE_HOLIDAY_ISSUER_EB_K2,C03_PRE_HOLIDAY_ISSUER_EB,2,1,9902,日伝,0.6851417954724524,3.9531478770131745,1.0
2024-08-09,C03_PRE_HOLIDAY_ISSUER_EB_K2,C03_PRE_HOLIDAY_ISSUER_EB,2,2,7043,アルー,0.6339162003464711,0.0,0.0
2024-08-13,C03_PRE_HOLIDAY_ISSUER_EB_K2,C03_PRE_HOLIDAY_ISSUER_EB,2,1,,,,,
2024-08-13,C03_PRE_HOLIDAY_ISSUER_EB_K2,C03_PRE_HOLIDAY_ISSUER_EB,2,2,,,,,
2024-08-14,C03_PRE_HOLIDAY_ISSUER_EB_K2,C03_PRE_HOLIDAY_ISSUER_EB,2,1,,,,,
2024-08-14,C03_PRE_HOLIDAY_ISSUER_EB_K2,C03_PRE_HOLIDAY_ISSUER_EB,2,2,,,,,
2024-08-15,C03_PRE_HOLIDAY_ISSUER_EB_K2,C03_PRE_HOLIDAY_ISSUER_EB,2,1,,,,,
2024-08-15,C03_PRE_HOLIDAY_ISSUER_EB_K2,C03_PRE_HOLIDAY_ISSUER_EB,2,2,,,,,
2024-08-16,C03_PRE_HOLIDAY_ISSUER_EB_K2,C03_PRE_HOLIDAY_ISSUER_EB,2,1,6736,サン電子,0.9385702103419967,4.770318021201403,1.0
2024-08-16,C03_PRE_HOLIDAY_ISSUER_EB_K2,C03_PRE_HOLIDAY_ISSUER_EB,2,2,9902,日伝,0.6851417954724524,1.147776183644189,1.0
2024-08-19,C03_PRE_HOLIDAY_ISSUER_EB_K2,C03_PRE_HOLIDAY_ISSUER_EB,2,1,,,,,
2024-08-19,C03_PRE_HOLIDAY_ISSUER_EB_K2,C03_PRE_HOLIDAY_ISSUER_EB,2,2,,,,,
2024-08-20,C03_PRE_HOLIDAY_ISSUER_EB_K2,C03_PRE_HOLIDAY_ISSUER_EB,2,1,,,,,
2024-08-20,C03_PRE_HOLIDAY_ISSUER_EB_K2,C03_PRE_HOLIDAY_ISSUER_EB,2,2,,,,,
2024-08-21,C03_PRE_HOLIDAY_ISSUER_EB_K2,C03_PRE_HOLIDAY_ISSUER_EB,2,1,,,,,
2024-08-21,C03_PRE_HOLIDAY_ISSUER_EB_K2,C03_PRE_HOLIDAY_ISSUER_EB,2,2,,,,,
2024-08-22,C03_PRE_HOLIDAY_ISSUER_EB_K2,C03_PRE_HOLIDAY_ISSUER_EB,2,1,,,,,
2024-08-22,C03_PRE_HOLIDAY_ISSUER_EB_K2,C03_PRE_HOLIDAY_ISSUER_EB,2,2,,,,,
2024-08-23,C03_PRE_HOLIDAY_ISSUER_EB_K2,C03_PRE_HOLIDAY_ISSUER_EB,2,1,9902,日伝,0.6851417954724524,3.6231884057970953,1.0
2024-08-23,C03_PRE_HOLIDAY_ISSUER_EB_K2,C03_PRE_HOLIDAY_ISSUER_EB,2,2,7043,アルー,0.6339162003464711,-1.4981273408239737,0.0
2024-08-26,C03_PRE_HOLIDAY_ISSUER_EB_K2,C03_PRE_HOLIDAY_ISSUER_EB,2,1,,,,,
2024-08-26,C03_PRE_HOLIDAY_ISSUER_EB_K2,C03_PRE_HOLIDAY_ISSUER_EB,2,2,,,,,
2024-08-27,C03_PRE_HOLIDAY_ISSUER_EB_K2,C03_PRE_HOLIDAY_ISSUER_EB,2,1,,,,,
2024-08-27,C03_PRE_HOLIDAY_ISSUER_EB_K2,C03_PRE_HOLIDAY_ISSUER_EB,2,2,,,,,
2024-08-28,C03_PRE_HOLIDAY_ISSUER_EB_K2,C03_PRE_HOLIDAY_ISSUER_EB,2,1,,,,,
2024-08-28,C03_PRE_HOLIDAY_ISSUER_EB_K2,C03_PRE_HOLIDAY_ISSUER_EB,2,2,,,,,
2024-08-29,C03_PRE_HOLIDAY_ISSUER_EB_K2,C03_PRE_HOLIDAY_ISSUER_EB,2,1,,,,,
2024-08-29,C03_PRE_HOLIDAY_ISSUER_EB_K2,C03_PRE_HOLIDAY_ISSUER_EB,2,2,,,,,
2024-08-30,C03_PRE_HOLIDAY_ISSUER_EB_K2,C03_PRE_HOLIDAY_ISSUER_EB,2,1,3692,ＦＦＲＩセキュリティ,0.9306316213594044,2.0289855072463725,1.0
2024-08-30,C03_PRE_HOLIDAY_ISSUER_EB_K2,C03_PRE_HOLIDAY_ISSUER_EB,2,2,8938,グローム・ホールディングス,0.8683791094696099,0.41551246537396835,1.0
2024-09-02,C03_PRE_HOLIDAY_ISSUER_EB_K2,C03_PRE_HOLIDAY_ISSUER_EB,2,1,,,,,
2024-09-02,C03_PRE_HOLIDAY_ISSUER_EB_K2,C03_PRE_HOLIDAY_ISSUER_EB,2,2,,,,,
2024-09-03,C03_PRE_HOLIDAY_ISSUER_EB_K2,C03_PRE_HOLIDAY_ISSUER_EB,2,1,,,,,
2024-09-03,C03_PRE_HOLIDAY_ISSUER_EB_K2,C03_PRE_HOLIDAY_ISSUER_EB,2,2,,,,,
2024-09-04,C03_PRE_HOLIDAY_ISSUER_EB_K2,C03_PRE_HOLIDAY_ISSUER_EB,2,1,,,,,
2024-09-04,C03_PRE_HOLIDAY_ISSUER_EB_K2,C03_PRE_HOLIDAY_ISSUER_EB,2,2,,,,,
2024-09-05,C03_PRE_HOLIDAY_ISSUER_EB_K2,C03_PRE_HOLIDAY_ISSUER_EB,2,1,,,,,
2024-09-05,C03_PRE_HOLIDAY_ISSUER_EB_K2,C03_PRE_HOLIDAY_ISSUER_EB,2,2,,,,,
2024-09-06,C03_PRE_HOLIDAY_ISSUER_EB_K2,C03_PRE_HOLIDAY_ISSUER_EB,2,1,3692,ＦＦＲＩセキュリティ,0.8579872161906313,-1.9256605463502052,0.0
2024-09-06,C03_PRE_HOLIDAY_ISSUER_EB_K2,C03_PRE_HOLIDAY_ISSUER_EB,2,2,3205,ダイドーリミテッド,0.7983939947465247,2.5723472668810254,1.0
2024-09-09,C03_PRE_HOLIDAY_ISSUER_EB_K2,C03_PRE_HOLIDAY_ISSUER_EB,2,1,,,,,
2024-09-09,C03_PRE_HOLIDAY_ISSUER_EB_K2,C03_PRE_HOLIDAY_ISSUER_EB,2,2,,,,,
2024-09-10,C03_PRE_HOLIDAY_ISSUER_EB_K2,C03_PRE_HOLIDAY_ISSUER_EB,2,1,,,,,
2024-09-10,C03_PRE_HOLIDAY_ISSUER_EB_K2,C03_PRE_HOLIDAY_ISSUER_EB,2,2,,,,,
2024-09-11,C03_PRE_HOLIDAY_ISSUER_EB_K2,C03_PRE_HOLIDAY_ISSUER_EB,2,1,,,,,
2024-09-11,C03_PRE_HOLIDAY_ISSUER_EB_K2,C03_PRE_HOLIDAY_ISSUER_EB,2,2,,,,,
2024-09-12,C03_PRE_HOLIDAY_ISSUER_EB_K2,C03_PRE_HOLIDAY_ISSUER_EB,2,1,,,,,
2024-09-12,C03_PRE_HOLIDAY_ISSUER_EB_K2,C03_PRE_HOLIDAY_ISSUER_EB,2,2,,,,,
2024-09-13,C03_PRE_HOLIDAY_ISSUER_EB_K2,C03_PRE_HOLIDAY_ISSUER_EB,2,1,3205,ダイドーリミテッド,0.7983939947465247,-1.3584117032392928,0.0
2024-09-13,C03_PRE_HOLIDAY_ISSUER_EB_K2,C03_PRE_HOLIDAY_ISSUER_EB,2,2,4442,バルテス・ホールディングス,0.6752524230067243,-0.9433962264150941,0.0
2024-09-17,C03_PRE_HOLIDAY_ISSUER_EB_K2,C03_PRE_HOLIDAY_ISSUER_EB,2,1,,,,,
2024-09-17,C03_PRE_HOLIDAY_ISSUER_EB_K2,C03_PRE_HOLIDAY_ISSUER_EB,2,2,,,,,
2024-09-18,C03_PRE_HOLIDAY_ISSUER_EB_K2,C03_PRE_HOLIDAY_ISSUER_EB,2,1,,,,,
2024-09-18,C03_PRE_HOLIDAY_ISSUER_EB_K2,C03_PRE_HOLIDAY_ISSUER_EB,2,2,,,,,
2024-09-19,C03_PRE_HOLIDAY_ISSUER_EB_K2,C03_PRE_HOLIDAY_ISSUER_EB,2,1,,,,,
2024-09-19,C03_PRE_HOLIDAY_ISSUER_EB_K2,C03_PRE_HOLIDAY_ISSUER_EB,2,2,,,,,
2024-09-20,C03_PRE_HOLIDAY_ISSUER_EB_K2,C03_PRE_HOLIDAY_ISSUER_EB,2,1,3667,ｅｎｉｓｈ,0.8043883480478329,1.5625,1.0
2024-09-20,C03_PRE_HOLIDAY_ISSUER_EB_K2,C03_PRE_HOLIDAY_ISSUER_EB,2,2,3205,ダイドーリミテッド,0.7983939947465247,0.31088082901553626,1.0
2024-09-24,C03_PRE_HOLIDAY_ISSUER_EB_K2,C03_PRE_HOLIDAY_ISSUER_EB,2,1,,,,,
2024-09-24,C03_PRE_HOLIDAY_ISSUER_EB_K2,C03_PRE_HOLIDAY_ISSUER_EB,2,2,,,,,
2024-09-25,C03_PRE_HOLIDAY_ISSUER_EB_K2,C03_PRE_HOLIDAY_ISSUER_EB,2,1,,,,,
2024-09-25,C03_PRE_HOLIDAY_ISSUER_EB_K2,C03_PRE_HOLIDAY_ISSUER_EB,2,2,,,,,
2024-09-26,C03_PRE_HOLIDAY_ISSUER_EB_K2,C03_PRE_HOLIDAY_ISSUER_EB,2,1,,,,,
2024-09-26,C03_PRE_HOLIDAY_ISSUER_EB_K2,C03_PRE_HOLIDAY_ISSUER_EB,2,2,,,,,
2024-09-27,C03_PRE_HOLIDAY_ISSUER_EB_K2,C03_PRE_HOLIDAY_ISSUER_EB,2,1,3103,ユニチカ,0.9394406111243404,2.857142857142847,1.0
2024-09-27,C03_PRE_HOLIDAY_ISSUER_EB_K2,C03_PRE_HOLIDAY_ISSUER_EB,2,2,3667,ｅｎｉｓｈ,0.8043883480478329,-3.589743589743588,0.0
2024-09-30,C03_PRE_HOLIDAY_ISSUER_EB_K2,C03_PRE_HOLIDAY_ISSUER_EB,2,1,,,,,
2024-09-30,C03_PRE_HOLIDAY_ISSUER_EB_K2,C03_PRE_HOLIDAY_ISSUER_EB,2,2,,,,,
2024-10-01,C03_PRE_HOLIDAY_ISSUER_EB_K2,C03_PRE_HOLIDAY_ISSUER_EB,2,1,,,,,
2024-10-01,C03_PRE_HOLIDAY_ISSUER_EB_K2,C03_PRE_HOLIDAY_ISSUER_EB,2,2,,,,,
2024-10-02,C03_PRE_HOLIDAY_ISSUER_EB_K2,C03_PRE_HOLIDAY_ISSUER_EB,2,1,,,,,
2024-10-02,C03_PRE_HOLIDAY_ISSUER_EB_K2,C03_PRE_HOLIDAY_ISSUER_EB,2,2,,,,,
2024-10-03,C03_PRE_HOLIDAY_ISSUER_EB_K2,C03_PRE_HOLIDAY_ISSUER_EB,2,1,,,,,
2024-10-03,C03_PRE_HOLIDAY_ISSUER_EB_K2,C03_PRE_HOLIDAY_ISSUER_EB,2,2,,,,,
2024-10-04,C03_PRE_HOLIDAY_ISSUER_EB_K2,C03_PRE_HOLIDAY_ISSUER_EB,2,1,3103,ユニチカ,0.9435683537842131,-1.2698412698412653,0.0
2024-10-04,C03_PRE_HOLIDAY_ISSUER_EB_K2,C03_PRE_HOLIDAY_ISSUER_EB,2,2,3205,ダイドーリミテッド,0.7479208704387069,-0.43290043290042934,0.0
2024-10-07,C03_PRE_HOLIDAY_ISSUER_EB_K2,C03_PRE_HOLIDAY_ISSUER_EB,2,1,,,,,
2024-10-07,C03_PRE_HOLIDAY_ISSUER_EB_K2,C03_PRE_HOLIDAY_ISSUER_EB,2,2,,,,,
2024-10-08,C03_PRE_HOLIDAY_ISSUER_EB_K2,C03_PRE_HOLIDAY_ISSUER_EB,2,1,,,,,
2024-10-08,C03_PRE_HOLIDAY_ISSUER_EB_K2,C03_PRE_HOLIDAY_ISSUER_EB,2,2,,,,,
2024-10-09,C03_PRE_HOLIDAY_ISSUER_EB_K2,C03_PRE_HOLIDAY_ISSUER_EB,2,1,,,,,
2024-10-09,C03_PRE_HOLIDAY_ISSUER_EB_K2,C03_PRE_HOLIDAY_ISSUER_EB,2,2,,,,,
2024-10-10,C03_PRE_HOLIDAY_ISSUER_EB_K2,C03_PRE_HOLIDAY_ISSUER_EB,2,1,,,,,
2024-10-10,C03_PRE_HOLIDAY_ISSUER_EB_K2,C03_PRE_HOLIDAY_ISSUER_EB,2,2,,,,,
2024-10-11,C03_PRE_HOLIDAY_ISSUER_EB_K2,C03_PRE_HOLIDAY_ISSUER_EB,2,1,3103,ユニチカ,0.9435683537842131,-0.3311258278145712,0.0
2024-10-11,C03_PRE_HOLIDAY_ISSUER_EB_K2,C03_PRE_HOLIDAY_ISSUER_EB,2,2,3205,ダイドーリミテッド,0.7479208704387069,-1.631701631701632,0.0
2024-10-15,C03_PRE_HOLIDAY_ISSUER_EB_K2,C03_PRE_HOLIDAY_ISSUER_EB,2,1,,,,,
2024-10-15,C03_PRE_HOLIDAY_ISSUER_EB_K2,C03_PRE_HOLIDAY_ISSUER_EB,2,2,,,,,
2024-10-16,C03_PRE_HOLIDAY_ISSUER_EB_K2,C03_PRE_HOLIDAY_ISSUER_EB,2,1,,,,,
2024-10-16,C03_PRE_HOLIDAY_ISSUER_EB_K2,C03_PRE_HOLIDAY_ISSUER_EB,2,2,,,,,
2024-10-17,C03_PRE_HOLIDAY_ISSUER_EB_K2,C03_PRE_HOLIDAY_ISSUER_EB,2,1,,,,,
2024-10-17,C03_PRE_HOLIDAY_ISSUER_EB_K2,C03_PRE_HOLIDAY_ISSUER_EB,2,2,,,,,
2024-10-18,C03_PRE_HOLIDAY_ISSUER_EB_K2,C03_PRE_HOLIDAY_ISSUER_EB,2,1,3103,ユニチカ,0.9435683537842131,0.32679738562091387,1.0
2024-10-18,C03_PRE_HOLIDAY_ISSUER_EB_K2,C03_PRE_HOLIDAY_ISSUER_EB,2,2,3205,ダイドーリミテッド,0.7479208704387069,2.696365767878084,1.0
2024-10-21,C03_PRE_HOLIDAY_ISSUER_EB_K2,C03_PRE_HOLIDAY_ISSUER_EB,2,1,,,,,
2024-10-21,C03_PRE_HOLIDAY_ISSUER_EB_K2,C03_PRE_HOLIDAY_ISSUER_EB,2,2,,,,,
2024-10-22,C03_PRE_HOLIDAY_ISSUER_EB_K2,C03_PRE_HOLIDAY_ISSUER_EB,2,1,,,,,
2024-10-22,C03_PRE_HOLIDAY_ISSUER_EB_K2,C03_PRE_HOLIDAY_ISSUER_EB,2,2,,,,,
2024-10-23,C03_PRE_HOLIDAY_ISSUER_EB_K2,C03_PRE_HOLIDAY_ISSUER_EB,2,1,,,,,
2024-10-23,C03_PRE_HOLIDAY_ISSUER_EB_K2,C03_PRE_HOLIDAY_ISSUER_EB,2,2,,,,,
2024-10-24,C03_PRE_HOLIDAY_ISSUER_EB_K2,C03_PRE_HOLIDAY_ISSUER_EB,2,1,,,,,
2024-10-24,C03_PRE_HOLIDAY_ISSUER_EB_K2,C03_PRE_HOLIDAY_ISSUER_EB,2,2,,,,,
2024-10-25,C03_PRE_HOLIDAY_ISSUER_EB_K2,C03_PRE_HOLIDAY_ISSUER_EB,2,1,3103,ユニチカ,0.9435683537842131,-1.388888888888884,0.0
2024-10-25,C03_PRE_HOLIDAY_ISSUER_EB_K2,C03_PRE_HOLIDAY_ISSUER_EB,2,2,3692,ＦＦＲＩセキュリティ,0.8731015014251488,-0.2511300853842324,0.0
2024-10-28,C03_PRE_HOLIDAY_ISSUER_EB_K2,C03_PRE_HOLIDAY_ISSUER_EB,2,1,,,,,
2024-10-28,C03_PRE_HOLIDAY_ISSUER_EB_K2,C03_PRE_HOLIDAY_ISSUER_EB,2,2,,,,,
2024-10-29,C03_PRE_HOLIDAY_ISSUER_EB_K2,C03_PRE_HOLIDAY_ISSUER_EB,2,1,,,,,
2024-10-29,C03_PRE_HOLIDAY_ISSUER_EB_K2,C03_PRE_HOLIDAY_ISSUER_EB,2,2,,,,,
2024-10-30,C03_PRE_HOLIDAY_ISSUER_EB_K2,C03_PRE_HOLIDAY_ISSUER_EB,2,1,,,,,
2024-10-30,C03_PRE_HOLIDAY_ISSUER_EB_K2,C03_PRE_HOLIDAY_ISSUER_EB,2,2,,,,,
2024-10-31,C03_PRE_HOLIDAY_ISSUER_EB_K2,C03_PRE_HOLIDAY_ISSUER_EB,2,1,,,,,
2024-10-31,C03_PRE_HOLIDAY_ISSUER_EB_K2,C03_PRE_HOLIDAY_ISSUER_EB,2,2,,,,,
2024-11-01,C03_PRE_HOLIDAY_ISSUER_EB_K2,C03_PRE_HOLIDAY_ISSUER_EB,2,1,3103,ユニチカ,0.7996375425888631,-0.6872852233676952,0.0
2024-11-01,C03_PRE_HOLIDAY_ISSUER_EB_K2,C03_PRE_HOLIDAY_ISSUER_EB,2,2,3205,ダイドーリミテッド,0.6971662109717381,2.9940119760478945,1.0
2024-11-05,C03_PRE_HOLIDAY_ISSUER_EB_K2,C03_PRE_HOLIDAY_ISSUER_EB,2,1,,,,,
2024-11-05,C03_PRE_HOLIDAY_ISSUER_EB_K2,C03_PRE_HOLIDAY_ISSUER_EB,2,2,,,,,
2024-11-06,C03_PRE_HOLIDAY_ISSUER_EB_K2,C03_PRE_HOLIDAY_ISSUER_EB,2,1,,,,,
2024-11-06,C03_PRE_HOLIDAY_ISSUER_EB_K2,C03_PRE_HOLIDAY_ISSUER_EB,2,2,,,,,
2024-11-07,C03_PRE_HOLIDAY_ISSUER_EB_K2,C03_PRE_HOLIDAY_ISSUER_EB,2,1,,,,,
2024-11-07,C03_PRE_HOLIDAY_ISSUER_EB_K2,C03_PRE_HOLIDAY_ISSUER_EB,2,2,,,,,
2024-11-08,C03_PRE_HOLIDAY_ISSUER_EB_K2,C03_PRE_HOLIDAY_ISSUER_EB,2,1,3103,ユニチカ,0.7996375425888631,-17.567567567567565,0.0
2024-11-08,C03_PRE_HOLIDAY_ISSUER_EB_K2,C03_PRE_HOLIDAY_ISSUER_EB,2,2,3205,ダイドーリミテッド,0.6971662109717381,-0.5793742757821518,0.0
2024-11-11,C03_PRE_HOLIDAY_ISSUER_EB_K2,C03_PRE_HOLIDAY_ISSUER_EB,2,1,,,,,
2024-11-11,C03_PRE_HOLIDAY_ISSUER_EB_K2,C03_PRE_HOLIDAY_ISSUER_EB,2,2,,,,,
2024-11-12,C03_PRE_HOLIDAY_ISSUER_EB_K2,C03_PRE_HOLIDAY_ISSUER_EB,2,1,,,,,
2024-11-12,C03_PRE_HOLIDAY_ISSUER_EB_K2,C03_PRE_HOLIDAY_ISSUER_EB,2,2,,,,,
2024-11-13,C03_PRE_HOLIDAY_ISSUER_EB_K2,C03_PRE_HOLIDAY_ISSUER_EB,2,1,,,,,
2024-11-13,C03_PRE_HOLIDAY_ISSUER_EB_K2,C03_PRE_HOLIDAY_ISSUER_EB,2,2,,,,,
2024-11-14,C03_PRE_HOLIDAY_ISSUER_EB_K2,C03_PRE_HOLIDAY_ISSUER_EB,2,1,,,,,
2024-11-14,C03_PRE_HOLIDAY_ISSUER_EB_K2,C03_PRE_HOLIDAY_ISSUER_EB,2,2,,,,,
2024-11-15,C03_PRE_HOLIDAY_ISSUER_EB_K2,C03_PRE_HOLIDAY_ISSUER_EB,2,1,3205,ダイドーリミテッド,0.6971662109717381,0.7117437722419906,1.0
2024-11-15,C03_PRE_HOLIDAY_ISSUER_EB_K2,C03_PRE_HOLIDAY_ISSUER_EB,2,2,8938,グローム・ホールディングス,0.6733349334352451,0.12594458438286438,1.0
2024-11-18,C03_PRE_HOLIDAY_ISSUER_EB_K2,C03_PRE_HOLIDAY_ISSUER_EB,2,1,,,,,
2024-11-18,C03_PRE_HOLIDAY_ISSUER_EB_K2,C03_PRE_HOLIDAY_ISSUER_EB,2,2,,,,,
2024-11-19,C03_PRE_HOLIDAY_ISSUER_EB_K2,C03_PRE_HOLIDAY_ISSUER_EB,2,1,,,,,
2024-11-19,C03_PRE_HOLIDAY_ISSUER_EB_K2,C03_PRE_HOLIDAY_ISSUER_EB,2,2,,,,,
2024-11-20,C03_PRE_HOLIDAY_ISSUER_EB_K2,C03_PRE_HOLIDAY_ISSUER_EB,2,1,,,,,
2024-11-20,C03_PRE_HOLIDAY_ISSUER_EB_K2,C03_PRE_HOLIDAY_ISSUER_EB,2,2,,,,,
2024-11-21,C03_PRE_HOLIDAY_ISSUER_EB_K2,C03_PRE_HOLIDAY_ISSUER_EB,2,1,,,,,
2024-11-21,C03_PRE_HOLIDAY_ISSUER_EB_K2,C03_PRE_HOLIDAY_ISSUER_EB,2,2,,,,,
2024-11-22,C03_PRE_HOLIDAY_ISSUER_EB_K2,C03_PRE_HOLIDAY_ISSUER_EB,2,1,3205,ダイドーリミテッド,0.6971662109717381,4.431137724550904,1.0
2024-11-22,C03_PRE_HOLIDAY_ISSUER_EB_K2,C03_PRE_HOLIDAY_ISSUER_EB,2,2,8938,グローム・ホールディングス,0.6733349334352451,1.182654402102501,1.0
2024-11-25,C03_PRE_HOLIDAY_ISSUER_EB_K2,C03_PRE_HOLIDAY_ISSUER_EB,2,1,,,,,
2024-11-25,C03_PRE_HOLIDAY_ISSUER_EB_K2,C03_PRE_HOLIDAY_ISSUER_EB,2,2,,,,,
2024-11-26,C03_PRE_HOLIDAY_ISSUER_EB_K2,C03_PRE_HOLIDAY_ISSUER_EB,2,1,,,,,
2024-11-26,C03_PRE_HOLIDAY_ISSUER_EB_K2,C03_PRE_HOLIDAY_ISSUER_EB,2,2,,,,,
2024-11-27,C03_PRE_HOLIDAY_ISSUER_EB_K2,C03_PRE_HOLIDAY_ISSUER_EB,2,1,,,,,
2024-11-27,C03_PRE_HOLIDAY_ISSUER_EB_K2,C03_PRE_HOLIDAY_ISSUER_EB,2,2,,,,,
2024-11-28,C03_PRE_HOLIDAY_ISSUER_EB_K2,C03_PRE_HOLIDAY_ISSUER_EB,2,1,,,,,
2024-11-28,C03_PRE_HOLIDAY_ISSUER_EB_K2,C03_PRE_HOLIDAY_ISSUER_EB,2,2,,,,,
2024-11-29,C03_PRE_HOLIDAY_ISSUER_EB_K2,C03_PRE_HOLIDAY_ISSUER_EB,2,1,3103,ユニチカ,0.7996375425888631,-12.217194570135748,0.0
2024-11-29,C03_PRE_HOLIDAY_ISSUER_EB_K2,C03_PRE_HOLIDAY_ISSUER_EB,2,2,3205,ダイドーリミテッド,0.6971662109717381,0.22522522522523403,1.0
2024-12-02,C03_PRE_HOLIDAY_ISSUER_EB_K2,C03_PRE_HOLIDAY_ISSUER_EB,2,1,,,,,
2024-12-02,C03_PRE_HOLIDAY_ISSUER_EB_K2,C03_PRE_HOLIDAY_ISSUER_EB,2,2,,,,,
2024-12-03,C03_PRE_HOLIDAY_ISSUER_EB_K2,C03_PRE_HOLIDAY_ISSUER_EB,2,1,,,,,
2024-12-03,C03_PRE_HOLIDAY_ISSUER_EB_K2,C03_PRE_HOLIDAY_ISSUER_EB,2,2,,,,,
2024-12-04,C03_PRE_HOLIDAY_ISSUER_EB_K2,C03_PRE_HOLIDAY_ISSUER_EB,2,1,,,,,
2024-12-04,C03_PRE_HOLIDAY_ISSUER_EB_K2,C03_PRE_HOLIDAY_ISSUER_EB,2,2,,,,,
2024-12-05,C03_PRE_HOLIDAY_ISSUER_EB_K2,C03_PRE_HOLIDAY_ISSUER_EB,2,1,,,,,
2024-12-05,C03_PRE_HOLIDAY_ISSUER_EB_K2,C03_PRE_HOLIDAY_ISSUER_EB,2,2,,,,,
2024-12-06,C03_PRE_HOLIDAY_ISSUER_EB_K2,C03_PRE_HOLIDAY_ISSUER_EB,2,1,3692,ＦＦＲＩセキュリティ,0.7855282686572261,-2.294557097118466,0.0
2024-12-06,C03_PRE_HOLIDAY_ISSUER_EB_K2,C03_PRE_HOLIDAY_ISSUER_EB,2,2,3205,ダイドーリミテッド,0.774029773115339,2.2222222222222143,1.0
2024-12-09,C03_PRE_HOLIDAY_ISSUER_EB_K2,C03_PRE_HOLIDAY_ISSUER_EB,2,1,,,,,
2024-12-09,C03_PRE_HOLIDAY_ISSUER_EB_K2,C03_PRE_HOLIDAY_ISSUER_EB,2,2,,,,,
2024-12-10,C03_PRE_HOLIDAY_ISSUER_EB_K2,C03_PRE_HOLIDAY_ISSUER_EB,2,1,,,,,
2024-12-10,C03_PRE_HOLIDAY_ISSUER_EB_K2,C03_PRE_HOLIDAY_ISSUER_EB,2,2,,,,,
2024-12-11,C03_PRE_HOLIDAY_ISSUER_EB_K2,C03_PRE_HOLIDAY_ISSUER_EB,2,1,,,,,
2024-12-11,C03_PRE_HOLIDAY_ISSUER_EB_K2,C03_PRE_HOLIDAY_ISSUER_EB,2,2,,,,,
2024-12-12,C03_PRE_HOLIDAY_ISSUER_EB_K2,C03_PRE_HOLIDAY_ISSUER_EB,2,1,,,,,
2024-12-12,C03_PRE_HOLIDAY_ISSUER_EB_K2,C03_PRE_HOLIDAY_ISSUER_EB,2,2,,,,,
2024-12-13,C03_PRE_HOLIDAY_ISSUER_EB_K2,C03_PRE_HOLIDAY_ISSUER_EB,2,1,3692,ＦＦＲＩセキュリティ,0.7855282686572261,0.6417112299465177,1.0
2024-12-13,C03_PRE_HOLIDAY_ISSUER_EB_K2,C03_PRE_HOLIDAY_ISSUER_EB,2,2,3205,ダイドーリミテッド,0.774029773115339,1.3498312710911176,1.0
2024-12-16,C03_PRE_HOLIDAY_ISSUER_EB_K2,C03_PRE_HOLIDAY_ISSUER_EB,2,1,,,,,
2024-12-16,C03_PRE_HOLIDAY_ISSUER_EB_K2,C03_PRE_HOLIDAY_ISSUER_EB,2,2,,,,,
2024-12-17,C03_PRE_HOLIDAY_ISSUER_EB_K2,C03_PRE_HOLIDAY_ISSUER_EB,2,1,,,,,
2024-12-17,C03_PRE_HOLIDAY_ISSUER_EB_K2,C03_PRE_HOLIDAY_ISSUER_EB,2,2,,,,,
2024-12-18,C03_PRE_HOLIDAY_ISSUER_EB_K2,C03_PRE_HOLIDAY_ISSUER_EB,2,1,,,,,
2024-12-18,C03_PRE_HOLIDAY_ISSUER_EB_K2,C03_PRE_HOLIDAY_ISSUER_EB,2,2,,,,,
2024-12-19,C03_PRE_HOLIDAY_ISSUER_EB_K2,C03_PRE_HOLIDAY_ISSUER_EB,2,1,,,,,
2024-12-19,C03_PRE_HOLIDAY_ISSUER_EB_K2,C03_PRE_HOLIDAY_ISSUER_EB,2,2,,,,,
2024-12-20,C03_PRE_HOLIDAY_ISSUER_EB_K2,C03_PRE_HOLIDAY_ISSUER_EB,2,1,3692,ＦＦＲＩセキュリティ,0.7855282686572261,-3.5560344827586188,0.0
2024-12-20,C03_PRE_HOLIDAY_ISSUER_EB_K2,C03_PRE_HOLIDAY_ISSUER_EB,2,2,3205,ダイドーリミテッド,0.774029773115339,0.0,0.0
2024-12-23,C03_PRE_HOLIDAY_ISSUER_EB_K2,C03_PRE_HOLIDAY_ISSUER_EB,2,1,,,,,
2024-12-23,C03_PRE_HOLIDAY_ISSUER_EB_K2,C03_PRE_HOLIDAY_ISSUER_EB,2,2,,,,,
2024-12-24,C03_PRE_HOLIDAY_ISSUER_EB_K2,C03_PRE_HOLIDAY_ISSUER_EB,2,1,,,,,
2024-12-24,C03_PRE_HOLIDAY_ISSUER_EB_K2,C03_PRE_HOLIDAY_ISSUER_EB,2,2,,,,,
2024-12-25,C03_PRE_HOLIDAY_ISSUER_EB_K2,C03_PRE_HOLIDAY_ISSUER_EB,2,1,,,,,
2024-12-25,C03_PRE_HOLIDAY_ISSUER_EB_K2,C03_PRE_HOLIDAY_ISSUER_EB,2,2,,,,,
2024-12-26,C03_PRE_HOLIDAY_ISSUER_EB_K2,C03_PRE_HOLIDAY_ISSUER_EB,2,1,,,,,
2024-12-26,C03_PRE_HOLIDAY_ISSUER_EB_K2,C03_PRE_HOLIDAY_ISSUER_EB,2,2,,,,,
2024-12-27,C03_PRE_HOLIDAY_ISSUER_EB_K2,C03_PRE_HOLIDAY_ISSUER_EB,2,1,3692,ＦＦＲＩセキュリティ,0.7855282686572261,2.819237147595355,1.0
2024-12-27,C03_PRE_HOLIDAY_ISSUER_EB_K2,C03_PRE_HOLIDAY_ISSUER_EB,2,2,3205,ダイドーリミテッド,0.774029773115339,2.312775330396466,1.0
2024-12-30,C03_PRE_HOLIDAY_ISSUER_EB_K2,C03_PRE_HOLIDAY_ISSUER_EB,2,1,3692,ＦＦＲＩセキュリティ,0.7855282686572261,4.384133611691032,1.0
2024-12-30,C03_PRE_HOLIDAY_ISSUER_EB_K2,C03_PRE_HOLIDAY_ISSUER_EB,2,2,3205,ダイドーリミテッド,0.774029773115339,-0.21459227467811592,0.0
2025-01-06,C03_PRE_HOLIDAY_ISSUER_EB_K2,C03_PRE_HOLIDAY_ISSUER_EB,2,1,,,,,
2025-01-06,C03_PRE_HOLIDAY_ISSUER_EB_K2,C03_PRE_HOLIDAY_ISSUER_EB,2,2,,,,,
2025-01-07,C03_PRE_HOLIDAY_ISSUER_EB_K2,C03_PRE_HOLIDAY_ISSUER_EB,2,1,,,,,
2025-01-07,C03_PRE_HOLIDAY_ISSUER_EB_K2,C03_PRE_HOLIDAY_ISSUER_EB,2,2,,,,,
2025-01-08,C03_PRE_HOLIDAY_ISSUER_EB_K2,C03_PRE_HOLIDAY_ISSUER_EB,2,1,,,,,
2025-01-08,C03_PRE_HOLIDAY_ISSUER_EB_K2,C03_PRE_HOLIDAY_ISSUER_EB,2,2,,,,,
2025-01-09,C03_PRE_HOLIDAY_ISSUER_EB_K2,C03_PRE_HOLIDAY_ISSUER_EB,2,1,,,,,
2025-01-09,C03_PRE_HOLIDAY_ISSUER_EB_K2,C03_PRE_HOLIDAY_ISSUER_EB,2,2,,,,,
2025-01-10,C03_PRE_HOLIDAY_ISSUER_EB_K2,C03_PRE_HOLIDAY_ISSUER_EB,2,1,3205,ダイドーリミテッド,0.8114310047385941,0.21141649048626032,1.0
2025-01-10,C03_PRE_HOLIDAY_ISSUER_EB_K2,C03_PRE_HOLIDAY_ISSUER_EB,2,2,3692,ＦＦＲＩセキュリティ,0.760708856657393,2.855805243445686,1.0
2025-01-14,C03_PRE_HOLIDAY_ISSUER_EB_K2,C03_PRE_HOLIDAY_ISSUER_EB,2,1,,,,,
2025-01-14,C03_PRE_HOLIDAY_ISSUER_EB_K2,C03_PRE_HOLIDAY_ISSUER_EB,2,2,,,,,
2025-01-15,C03_PRE_HOLIDAY_ISSUER_EB_K2,C03_PRE_HOLIDAY_ISSUER_EB,2,1,,,,,
2025-01-15,C03_PRE_HOLIDAY_ISSUER_EB_K2,C03_PRE_HOLIDAY_ISSUER_EB,2,2,,,,,
2025-01-16,C03_PRE_HOLIDAY_ISSUER_EB_K2,C03_PRE_HOLIDAY_ISSUER_EB,2,1,,,,,
2025-01-16,C03_PRE_HOLIDAY_ISSUER_EB_K2,C03_PRE_HOLIDAY_ISSUER_EB,2,2,,,,,
2025-01-17,C03_PRE_HOLIDAY_ISSUER_EB_K2,C03_PRE_HOLIDAY_ISSUER_EB,2,1,3205,ダイドーリミテッド,0.8114310047385941,1.8672199170124415,1.0
2025-01-17,C03_PRE_HOLIDAY_ISSUER_EB_K2,C03_PRE_HOLIDAY_ISSUER_EB,2,2,8789,フィンテック グローバル,0.5597436451950709,0.8928571428571397,1.0
2025-01-20,C03_PRE_HOLIDAY_ISSUER_EB_K2,C03_PRE_HOLIDAY_ISSUER_EB,2,1,,,,,
2025-01-20,C03_PRE_HOLIDAY_ISSUER_EB_K2,C03_PRE_HOLIDAY_ISSUER_EB,2,2,,,,,
2025-01-21,C03_PRE_HOLIDAY_ISSUER_EB_K2,C03_PRE_HOLIDAY_ISSUER_EB,2,1,,,,,
2025-01-21,C03_PRE_HOLIDAY_ISSUER_EB_K2,C03_PRE_HOLIDAY_ISSUER_EB,2,2,,,,,
2025-01-22,C03_PRE_HOLIDAY_ISSUER_EB_K2,C03_PRE_HOLIDAY_ISSUER_EB,2,1,,,,,
2025-01-22,C03_PRE_HOLIDAY_ISSUER_EB_K2,C03_PRE_HOLIDAY_ISSUER_EB,2,2,,,,,
2025-01-23,C03_PRE_HOLIDAY_ISSUER_EB_K2,C03_PRE_HOLIDAY_ISSUER_EB,2,1,,,,,
2025-01-23,C03_PRE_HOLIDAY_ISSUER_EB_K2,C03_PRE_HOLIDAY_ISSUER_EB,2,2,,,,,
2025-01-24,C03_PRE_HOLIDAY_ISSUER_EB_K2,C03_PRE_HOLIDAY_ISSUER_EB,2,1,3205,ダイドーリミテッド,0.8114310047385941,2.9441624365482255,1.0
2025-01-24,C03_PRE_HOLIDAY_ISSUER_EB_K2,C03_PRE_HOLIDAY_ISSUER_EB,2,2,8938,グローム・ホールディングス,0.6054766232404913,3.463203463203457,1.0
2025-01-27,C03_PRE_HOLIDAY_ISSUER_EB_K2,C03_PRE_HOLIDAY_ISSUER_EB,2,1,,,,,
2025-01-27,C03_PRE_HOLIDAY_ISSUER_EB_K2,C03_PRE_HOLIDAY_ISSUER_EB,2,2,,,,,
2025-01-28,C03_PRE_HOLIDAY_ISSUER_EB_K2,C03_PRE_HOLIDAY_ISSUER_EB,2,1,,,,,
2025-01-28,C03_PRE_HOLIDAY_ISSUER_EB_K2,C03_PRE_HOLIDAY_ISSUER_EB,2,2,,,,,
2025-01-29,C03_PRE_HOLIDAY_ISSUER_EB_K2,C03_PRE_HOLIDAY_ISSUER_EB,2,1,,,,,
2025-01-29,C03_PRE_HOLIDAY_ISSUER_EB_K2,C03_PRE_HOLIDAY_ISSUER_EB,2,2,,,,,
2025-01-30,C03_PRE_HOLIDAY_ISSUER_EB_K2,C03_PRE_HOLIDAY_ISSUER_EB,2,1,,,,,
2025-01-30,C03_PRE_HOLIDAY_ISSUER_EB_K2,C03_PRE_HOLIDAY_ISSUER_EB,2,2,,,,,
2025-01-31,C03_PRE_HOLIDAY_ISSUER_EB_K2,C03_PRE_HOLIDAY_ISSUER_EB,2,1,3205,ダイドーリミテッド,0.8114310047385941,-0.09523809523809268,0.0
2025-01-31,C03_PRE_HOLIDAY_ISSUER_EB_K2,C03_PRE_HOLIDAY_ISSUER_EB,2,2,3692,ＦＦＲＩセキュリティ,0.760708856657393,1.8569735282496946,1.0
2025-02-03,C03_PRE_HOLIDAY_ISSUER_EB_K2,C03_PRE_HOLIDAY_ISSUER_EB,2,1,,,,,
2025-02-03,C03_PRE_HOLIDAY_ISSUER_EB_K2,C03_PRE_HOLIDAY_ISSUER_EB,2,2,,,,,
2025-02-04,C03_PRE_HOLIDAY_ISSUER_EB_K2,C03_PRE_HOLIDAY_ISSUER_EB,2,1,,,,,
2025-02-04,C03_PRE_HOLIDAY_ISSUER_EB_K2,C03_PRE_HOLIDAY_ISSUER_EB,2,2,,,,,
2025-02-05,C03_PRE_HOLIDAY_ISSUER_EB_K2,C03_PRE_HOLIDAY_ISSUER_EB,2,1,,,,,
2025-02-05,C03_PRE_HOLIDAY_ISSUER_EB_K2,C03_PRE_HOLIDAY_ISSUER_EB,2,2,,,,,
2025-02-06,C03_PRE_HOLIDAY_ISSUER_EB_K2,C03_PRE_HOLIDAY_ISSUER_EB,2,1,,,,,
2025-02-06,C03_PRE_HOLIDAY_ISSUER_EB_K2,C03_PRE_HOLIDAY_ISSUER_EB,2,2,,,,,
2025-02-07,C03_PRE_HOLIDAY_ISSUER_EB_K2,C03_PRE_HOLIDAY_ISSUER_EB,2,1,3692,ＦＦＲＩセキュリティ,0.8663595983890453,0.9551800146950784,1.0
2025-02-07,C03_PRE_HOLIDAY_ISSUER_EB_K2,C03_PRE_HOLIDAY_ISSUER_EB,2,2,3205,ダイドーリミテッド,0.8424011897247238,0.0,0.0
2025-02-10,C03_PRE_HOLIDAY_ISSUER_EB_K2,C03_PRE_HOLIDAY_ISSUER_EB,2,1,,,,,
2025-02-10,C03_PRE_HOLIDAY_ISSUER_EB_K2,C03_PRE_HOLIDAY_ISSUER_EB,2,2,,,,,
2025-02-12,C03_PRE_HOLIDAY_ISSUER_EB_K2,C03_PRE_HOLIDAY_ISSUER_EB,2,1,,,,,
2025-02-12,C03_PRE_HOLIDAY_ISSUER_EB_K2,C03_PRE_HOLIDAY_ISSUER_EB,2,2,,,,,
2025-02-13,C03_PRE_HOLIDAY_ISSUER_EB_K2,C03_PRE_HOLIDAY_ISSUER_EB,2,1,,,,,
2025-02-13,C03_PRE_HOLIDAY_ISSUER_EB_K2,C03_PRE_HOLIDAY_ISSUER_EB,2,2,,,,,
2025-02-14,C03_PRE_HOLIDAY_ISSUER_EB_K2,C03_PRE_HOLIDAY_ISSUER_EB,2,1,3692,ＦＦＲＩセキュリティ,0.8663595983890453,0.8088235294117618,1.0
2025-02-14,C03_PRE_HOLIDAY_ISSUER_EB_K2,C03_PRE_HOLIDAY_ISSUER_EB,2,2,3205,ダイドーリミテッド,0.8424011897247238,0.8196721311475308,1.0
2025-02-17,C03_PRE_HOLIDAY_ISSUER_EB_K2,C03_PRE_HOLIDAY_ISSUER_EB,2,1,,,,,
2025-02-17,C03_PRE_HOLIDAY_ISSUER_EB_K2,C03_PRE_HOLIDAY_ISSUER_EB,2,2,,,,,
2025-02-18,C03_PRE_HOLIDAY_ISSUER_EB_K2,C03_PRE_HOLIDAY_ISSUER_EB,2,1,,,,,
2025-02-18,C03_PRE_HOLIDAY_ISSUER_EB_K2,C03_PRE_HOLIDAY_ISSUER_EB,2,2,,,,,
2025-02-19,C03_PRE_HOLIDAY_ISSUER_EB_K2,C03_PRE_HOLIDAY_ISSUER_EB,2,1,,,,,
2025-02-19,C03_PRE_HOLIDAY_ISSUER_EB_K2,C03_PRE_HOLIDAY_ISSUER_EB,2,2,,,,,
2025-02-20,C03_PRE_HOLIDAY_ISSUER_EB_K2,C03_PRE_HOLIDAY_ISSUER_EB,2,1,,,,,
2025-02-20,C03_PRE_HOLIDAY_ISSUER_EB_K2,C03_PRE_HOLIDAY_ISSUER_EB,2,2,,,,,
2025-02-21,C03_PRE_HOLIDAY_ISSUER_EB_K2,C03_PRE_HOLIDAY_ISSUER_EB,2,1,3692,ＦＦＲＩセキュリティ,0.8663595983890453,3.910209992758862,1.0
2025-02-21,C03_PRE_HOLIDAY_ISSUER_EB_K2,C03_PRE_HOLIDAY_ISSUER_EB,2,2,3205,ダイドーリミテッド,0.8424011897247238,0.34188034188034067,1.0
2025-02-25,C03_PRE_HOLIDAY_ISSUER_EB_K2,C03_PRE_HOLIDAY_ISSUER_EB,2,1,,,,,
2025-02-25,C03_PRE_HOLIDAY_ISSUER_EB_K2,C03_PRE_HOLIDAY_ISSUER_EB,2,2,,,,,
2025-02-26,C03_PRE_HOLIDAY_ISSUER_EB_K2,C03_PRE_HOLIDAY_ISSUER_EB,2,1,,,,,
2025-02-26,C03_PRE_HOLIDAY_ISSUER_EB_K2,C03_PRE_HOLIDAY_ISSUER_EB,2,2,,,,,
2025-02-27,C03_PRE_HOLIDAY_ISSUER_EB_K2,C03_PRE_HOLIDAY_ISSUER_EB,2,1,,,,,
2025-02-27,C03_PRE_HOLIDAY_ISSUER_EB_K2,C03_PRE_HOLIDAY_ISSUER_EB,2,2,,,,,
2025-02-28,C03_PRE_HOLIDAY_ISSUER_EB_K2,C03_PRE_HOLIDAY_ISSUER_EB,2,1,3205,ダイドーリミテッド,0.8424011897247238,0.17391304347826875,1.0
2025-02-28,C03_PRE_HOLIDAY_ISSUER_EB_K2,C03_PRE_HOLIDAY_ISSUER_EB,2,2,9252,ラストワンマイル,0.7780962363066695,-0.8064516129032251,0.0
2025-03-03,C03_PRE_HOLIDAY_ISSUER_EB_K2,C03_PRE_HOLIDAY_ISSUER_EB,2,1,,,,,
2025-03-03,C03_PRE_HOLIDAY_ISSUER_EB_K2,C03_PRE_HOLIDAY_ISSUER_EB,2,2,,,,,
2025-03-04,C03_PRE_HOLIDAY_ISSUER_EB_K2,C03_PRE_HOLIDAY_ISSUER_EB,2,1,,,,,
2025-03-04,C03_PRE_HOLIDAY_ISSUER_EB_K2,C03_PRE_HOLIDAY_ISSUER_EB,2,2,,,,,
2025-03-05,C03_PRE_HOLIDAY_ISSUER_EB_K2,C03_PRE_HOLIDAY_ISSUER_EB,2,1,,,,,
2025-03-05,C03_PRE_HOLIDAY_ISSUER_EB_K2,C03_PRE_HOLIDAY_ISSUER_EB,2,2,,,,,
2025-03-06,C03_PRE_HOLIDAY_ISSUER_EB_K2,C03_PRE_HOLIDAY_ISSUER_EB,2,1,,,,,
2025-03-06,C03_PRE_HOLIDAY_ISSUER_EB_K2,C03_PRE_HOLIDAY_ISSUER_EB,2,2,,,,,
2025-03-07,C03_PRE_HOLIDAY_ISSUER_EB_K2,C03_PRE_HOLIDAY_ISSUER_EB,2,1,3205,ダイドーリミテッド,0.8070893658022527,-2.892561983471076,0.0
2025-03-07,C03_PRE_HOLIDAY_ISSUER_EB_K2,C03_PRE_HOLIDAY_ISSUER_EB,2,2,9252,ラストワンマイル,0.6949413142637794,-2.5396825396825418,0.0
2025-03-10,C03_PRE_HOLIDAY_ISSUER_EB_K2,C03_PRE_HOLIDAY_ISSUER_EB,2,1,,,,,
2025-03-10,C03_PRE_HOLIDAY_ISSUER_EB_K2,C03_PRE_HOLIDAY_ISSUER_EB,2,2,,,,,
2025-03-11,C03_PRE_HOLIDAY_ISSUER_EB_K2,C03_PRE_HOLIDAY_ISSUER_EB,2,1,,,,,
2025-03-11,C03_PRE_HOLIDAY_ISSUER_EB_K2,C03_PRE_HOLIDAY_ISSUER_EB,2,2,,,,,
2025-03-12,C03_PRE_HOLIDAY_ISSUER_EB_K2,C03_PRE_HOLIDAY_ISSUER_EB,2,1,,,,,
2025-03-12,C03_PRE_HOLIDAY_ISSUER_EB_K2,C03_PRE_HOLIDAY_ISSUER_EB,2,2,,,,,
2025-03-13,C03_PRE_HOLIDAY_ISSUER_EB_K2,C03_PRE_HOLIDAY_ISSUER_EB,2,1,,,,,
2025-03-13,C03_PRE_HOLIDAY_ISSUER_EB_K2,C03_PRE_HOLIDAY_ISSUER_EB,2,2,,,,,
2025-03-14,C03_PRE_HOLIDAY_ISSUER_EB_K2,C03_PRE_HOLIDAY_ISSUER_EB,2,1,3205,ダイドーリミテッド,0.8070893658022527,0.4237288135593209,1.0
2025-03-14,C03_PRE_HOLIDAY_ISSUER_EB_K2,C03_PRE_HOLIDAY_ISSUER_EB,2,2,9252,ラストワンマイル,0.6949413142637794,-1.6233766233766267,0.0
2025-03-17,C03_PRE_HOLIDAY_ISSUER_EB_K2,C03_PRE_HOLIDAY_ISSUER_EB,2,1,,,,,
2025-03-17,C03_PRE_HOLIDAY_ISSUER_EB_K2,C03_PRE_HOLIDAY_ISSUER_EB,2,2,,,,,
2025-03-18,C03_PRE_HOLIDAY_ISSUER_EB_K2,C03_PRE_HOLIDAY_ISSUER_EB,2,1,,,,,
2025-03-18,C03_PRE_HOLIDAY_ISSUER_EB_K2,C03_PRE_HOLIDAY_ISSUER_EB,2,2,,,,,
2025-03-19,C03_PRE_HOLIDAY_ISSUER_EB_K2,C03_PRE_HOLIDAY_ISSUER_EB,2,1,,,,,
2025-03-19,C03_PRE_HOLIDAY_ISSUER_EB_K2,C03_PRE_HOLIDAY_ISSUER_EB,2,2,,,,,
2025-03-21,C03_PRE_HOLIDAY_ISSUER_EB_K2,C03_PRE_HOLIDAY_ISSUER_EB,2,1,3205,ダイドーリミテッド,0.8070893658022527,-0.4184100418409997,0.0
2025-03-21,C03_PRE_HOLIDAY_ISSUER_EB_K2,C03_PRE_HOLIDAY_ISSUER_EB,2,2,9252,ラストワンマイル,0.6949413142637794,3.338632750397452,1.0
2025-03-24,C03_PRE_HOLIDAY_ISSUER_EB_K2,C03_PRE_HOLIDAY_ISSUER_EB,2,1,,,,,
2025-03-24,C03_PRE_HOLIDAY_ISSUER_EB_K2,C03_PRE_HOLIDAY_ISSUER_EB,2,2,,,,,
2025-03-25,C03_PRE_HOLIDAY_ISSUER_EB_K2,C03_PRE_HOLIDAY_ISSUER_EB,2,1,,,,,
2025-03-25,C03_PRE_HOLIDAY_ISSUER_EB_K2,C03_PRE_HOLIDAY_ISSUER_EB,2,2,,,,,
2025-03-26,C03_PRE_HOLIDAY_ISSUER_EB_K2,C03_PRE_HOLIDAY_ISSUER_EB,2,1,,,,,
2025-03-26,C03_PRE_HOLIDAY_ISSUER_EB_K2,C03_PRE_HOLIDAY_ISSUER_EB,2,2,,,,,
2025-03-27,C03_PRE_HOLIDAY_ISSUER_EB_K2,C03_PRE_HOLIDAY_ISSUER_EB,2,1,,,,,
2025-03-27,C03_PRE_HOLIDAY_ISSUER_EB_K2,C03_PRE_HOLIDAY_ISSUER_EB,2,2,,,,,
2025-03-28,C03_PRE_HOLIDAY_ISSUER_EB_K2,C03_PRE_HOLIDAY_ISSUER_EB,2,1,3205,ダイドーリミテッド,0.8070893658022527,8.158508158508159,1.0
2025-03-28,C03_PRE_HOLIDAY_ISSUER_EB_K2,C03_PRE_HOLIDAY_ISSUER_EB,2,2,9252,ラストワンマイル,0.6949413142637794,0.9216589861751112,1.0
2025-03-31,C03_PRE_HOLIDAY_ISSUER_EB_K2,C03_PRE_HOLIDAY_ISSUER_EB,2,1,,,,,
2025-03-31,C03_PRE_HOLIDAY_ISSUER_EB_K2,C03_PRE_HOLIDAY_ISSUER_EB,2,2,,,,,
2025-04-01,C03_PRE_HOLIDAY_ISSUER_EB_K2,C03_PRE_HOLIDAY_ISSUER_EB,2,1,,,,,
2025-04-01,C03_PRE_HOLIDAY_ISSUER_EB_K2,C03_PRE_HOLIDAY_ISSUER_EB,2,2,,,,,
2025-04-02,C03_PRE_HOLIDAY_ISSUER_EB_K2,C03_PRE_HOLIDAY_ISSUER_EB,2,1,,,,,
2025-04-02,C03_PRE_HOLIDAY_ISSUER_EB_K2,C03_PRE_HOLIDAY_ISSUER_EB,2,2,,,,,
2025-04-03,C03_PRE_HOLIDAY_ISSUER_EB_K2,C03_PRE_HOLIDAY_ISSUER_EB,2,1,,,,,
2025-04-03,C03_PRE_HOLIDAY_ISSUER_EB_K2,C03_PRE_HOLIDAY_ISSUER_EB,2,2,,,,,
2025-04-04,C03_PRE_HOLIDAY_ISSUER_EB_K2,C03_PRE_HOLIDAY_ISSUER_EB,2,1,9252,ラストワンマイル,0.6631457058234802,-1.3266998341625258,0.0
2025-04-04,C03_PRE_HOLIDAY_ISSUER_EB_K2,C03_PRE_HOLIDAY_ISSUER_EB,2,2,248A,キッズスター,0.6329217294534256,-2.642857142857147,0.0
2025-04-07,C03_PRE_HOLIDAY_ISSUER_EB_K2,C03_PRE_HOLIDAY_ISSUER_EB,2,1,,,,,
2025-04-07,C03_PRE_HOLIDAY_ISSUER_EB_K2,C03_PRE_HOLIDAY_ISSUER_EB,2,2,,,,,
2025-04-08,C03_PRE_HOLIDAY_ISSUER_EB_K2,C03_PRE_HOLIDAY_ISSUER_EB,2,1,,,,,
2025-04-08,C03_PRE_HOLIDAY_ISSUER_EB_K2,C03_PRE_HOLIDAY_ISSUER_EB,2,2,,,,,
2025-04-09,C03_PRE_HOLIDAY_ISSUER_EB_K2,C03_PRE_HOLIDAY_ISSUER_EB,2,1,,,,,
2025-04-09,C03_PRE_HOLIDAY_ISSUER_EB_K2,C03_PRE_HOLIDAY_ISSUER_EB,2,2,,,,,
2025-04-10,C03_PRE_HOLIDAY_ISSUER_EB_K2,C03_PRE_HOLIDAY_ISSUER_EB,2,1,,,,,
2025-04-10,C03_PRE_HOLIDAY_ISSUER_EB_K2,C03_PRE_HOLIDAY_ISSUER_EB,2,2,,,,,
2025-04-11,C03_PRE_HOLIDAY_ISSUER_EB_K2,C03_PRE_HOLIDAY_ISSUER_EB,2,1,9913,日邦産業,0.5313889335214811,1.2413793103448256,1.0
2025-04-11,C03_PRE_HOLIDAY_ISSUER_EB_K2,C03_PRE_HOLIDAY_ISSUER_EB,2,2,3299,ムゲンエステート,0.5232469384743901,0.24570024570025328,1.0
2025-04-14,C03_PRE_HOLIDAY_ISSUER_EB_K2,C03_PRE_HOLIDAY_ISSUER_EB,2,1,,,,,
2025-04-14,C03_PRE_HOLIDAY_ISSUER_EB_K2,C03_PRE_HOLIDAY_ISSUER_EB,2,2,,,,,
2025-04-15,C03_PRE_HOLIDAY_ISSUER_EB_K2,C03_PRE_HOLIDAY_ISSUER_EB,2,1,,,,,
2025-04-15,C03_PRE_HOLIDAY_ISSUER_EB_K2,C03_PRE_HOLIDAY_ISSUER_EB,2,2,,,,,
2025-04-16,C03_PRE_HOLIDAY_ISSUER_EB_K2,C03_PRE_HOLIDAY_ISSUER_EB,2,1,,,,,
2025-04-16,C03_PRE_HOLIDAY_ISSUER_EB_K2,C03_PRE_HOLIDAY_ISSUER_EB,2,2,,,,,
2025-04-17,C03_PRE_HOLIDAY_ISSUER_EB_K2,C03_PRE_HOLIDAY_ISSUER_EB,2,1,,,,,
2025-04-17,C03_PRE_HOLIDAY_ISSUER_EB_K2,C03_PRE_HOLIDAY_ISSUER_EB,2,2,,,,,
2025-04-18,C03_PRE_HOLIDAY_ISSUER_EB_K2,C03_PRE_HOLIDAY_ISSUER_EB,2,1,9913,日邦産業,0.5313889335214811,-0.1769911504424737,0.0
2025-04-18,C03_PRE_HOLIDAY_ISSUER_EB_K2,C03_PRE_HOLIDAY_ISSUER_EB,2,2,3299,ムゲンエステート,0.5232469384743901,1.799242424242431,1.0
2025-04-21,C03_PRE_HOLIDAY_ISSUER_EB_K2,C03_PRE_HOLIDAY_ISSUER_EB,2,1,,,,,
2025-04-21,C03_PRE_HOLIDAY_ISSUER_EB_K2,C03_PRE_HOLIDAY_ISSUER_EB,2,2,,,,,
2025-04-22,C03_PRE_HOLIDAY_ISSUER_EB_K2,C03_PRE_HOLIDAY_ISSUER_EB,2,1,,,,,
2025-04-22,C03_PRE_HOLIDAY_ISSUER_EB_K2,C03_PRE_HOLIDAY_ISSUER_EB,2,2,,,,,
2025-04-23,C03_PRE_HOLIDAY_ISSUER_EB_K2,C03_PRE_HOLIDAY_ISSUER_EB,2,1,,,,,
2025-04-23,C03_PRE_HOLIDAY_ISSUER_EB_K2,C03_PRE_HOLIDAY_ISSUER_EB,2,2,,,,,
2025-04-24,C03_PRE_HOLIDAY_ISSUER_EB_K2,C03_PRE_HOLIDAY_ISSUER_EB,2,1,,,,,
2025-04-24,C03_PRE_HOLIDAY_ISSUER_EB_K2,C03_PRE_HOLIDAY_ISSUER_EB,2,2,,,,,
2025-04-25,C03_PRE_HOLIDAY_ISSUER_EB_K2,C03_PRE_HOLIDAY_ISSUER_EB,2,1,3205,ダイドーリミテッド,0.7970567019255639,1.2484394506866447,1.0
2025-04-25,C03_PRE_HOLIDAY_ISSUER_EB_K2,C03_PRE_HOLIDAY_ISSUER_EB,2,2,8938,グローム・ホールディングス,0.6054205557832584,-0.7610350076103556,0.0
2025-04-28,C03_PRE_HOLIDAY_ISSUER_EB_K2,C03_PRE_HOLIDAY_ISSUER_EB,2,1,,,,,
2025-04-28,C03_PRE_HOLIDAY_ISSUER_EB_K2,C03_PRE_HOLIDAY_ISSUER_EB,2,2,,,,,
2025-04-30,C03_PRE_HOLIDAY_ISSUER_EB_K2,C03_PRE_HOLIDAY_ISSUER_EB,2,1,,,,,
2025-04-30,C03_PRE_HOLIDAY_ISSUER_EB_K2,C03_PRE_HOLIDAY_ISSUER_EB,2,2,,,,,
2025-05-01,C03_PRE_HOLIDAY_ISSUER_EB_K2,C03_PRE_HOLIDAY_ISSUER_EB,2,1,,,,,
2025-05-01,C03_PRE_HOLIDAY_ISSUER_EB_K2,C03_PRE_HOLIDAY_ISSUER_EB,2,2,,,,,
2025-05-02,C03_PRE_HOLIDAY_ISSUER_EB_K2,C03_PRE_HOLIDAY_ISSUER_EB,2,1,3205,ダイドーリミテッド,0.8167043923498497,0.5952380952380931,1.0
2025-05-02,C03_PRE_HOLIDAY_ISSUER_EB_K2,C03_PRE_HOLIDAY_ISSUER_EB,2,2,248A,キッズスター,0.7633309244909227,-0.5196733481811378,0.0
2025-05-07,C03_PRE_HOLIDAY_ISSUER_EB_K2,C03_PRE_HOLIDAY_ISSUER_EB,2,1,,,,,
2025-05-07,C03_PRE_HOLIDAY_ISSUER_EB_K2,C03_PRE_HOLIDAY_ISSUER_EB,2,2,,,,,
2025-05-08,C03_PRE_HOLIDAY_ISSUER_EB_K2,C03_PRE_HOLIDAY_ISSUER_EB,2,1,,,,,
2025-05-08,C03_PRE_HOLIDAY_ISSUER_EB_K2,C03_PRE_HOLIDAY_ISSUER_EB,2,2,,,,,
2025-05-09,C03_PRE_HOLIDAY_ISSUER_EB_K2,C03_PRE_HOLIDAY_ISSUER_EB,2,1,3692,ＦＦＲＩセキュリティ,0.8174156658635783,5.654761904761907,1.0
2025-05-09,C03_PRE_HOLIDAY_ISSUER_EB_K2,C03_PRE_HOLIDAY_ISSUER_EB,2,2,3205,ダイドーリミテッド,0.8167043923498497,0.4901960784313708,1.0
2025-05-12,C03_PRE_HOLIDAY_ISSUER_EB_K2,C03_PRE_HOLIDAY_ISSUER_EB,2,1,,,,,
2025-05-12,C03_PRE_HOLIDAY_ISSUER_EB_K2,C03_PRE_HOLIDAY_ISSUER_EB,2,2,,,,,
2025-05-13,C03_PRE_HOLIDAY_ISSUER_EB_K2,C03_PRE_HOLIDAY_ISSUER_EB,2,1,,,,,
2025-05-13,C03_PRE_HOLIDAY_ISSUER_EB_K2,C03_PRE_HOLIDAY_ISSUER_EB,2,2,,,,,
2025-05-14,C03_PRE_HOLIDAY_ISSUER_EB_K2,C03_PRE_HOLIDAY_ISSUER_EB,2,1,,,,,
2025-05-14,C03_PRE_HOLIDAY_ISSUER_EB_K2,C03_PRE_HOLIDAY_ISSUER_EB,2,2,,,,,
2025-05-15,C03_PRE_HOLIDAY_ISSUER_EB_K2,C03_PRE_HOLIDAY_ISSUER_EB,2,1,,,,,
2025-05-15,C03_PRE_HOLIDAY_ISSUER_EB_K2,C03_PRE_HOLIDAY_ISSUER_EB,2,2,,,,,
2025-05-16,C03_PRE_HOLIDAY_ISSUER_EB_K2,C03_PRE_HOLIDAY_ISSUER_EB,2,1,3692,ＦＦＲＩセキュリティ,0.8174156658635783,14.514285714285723,1.0
2025-05-16,C03_PRE_HOLIDAY_ISSUER_EB_K2,C03_PRE_HOLIDAY_ISSUER_EB,2,2,3205,ダイドーリミテッド,0.8167043923498497,-2.467811158798283,0.0
2025-05-19,C03_PRE_HOLIDAY_ISSUER_EB_K2,C03_PRE_HOLIDAY_ISSUER_EB,2,1,,,,,
2025-05-19,C03_PRE_HOLIDAY_ISSUER_EB_K2,C03_PRE_HOLIDAY_ISSUER_EB,2,2,,,,,
2025-05-20,C03_PRE_HOLIDAY_ISSUER_EB_K2,C03_PRE_HOLIDAY_ISSUER_EB,2,1,,,,,
2025-05-20,C03_PRE_HOLIDAY_ISSUER_EB_K2,C03_PRE_HOLIDAY_ISSUER_EB,2,2,,,,,
2025-05-21,C03_PRE_HOLIDAY_ISSUER_EB_K2,C03_PRE_HOLIDAY_ISSUER_EB,2,1,,,,,
2025-05-21,C03_PRE_HOLIDAY_ISSUER_EB_K2,C03_PRE_HOLIDAY_ISSUER_EB,2,2,,,,,
2025-05-22,C03_PRE_HOLIDAY_ISSUER_EB_K2,C03_PRE_HOLIDAY_ISSUER_EB,2,1,,,,,
2025-05-22,C03_PRE_HOLIDAY_ISSUER_EB_K2,C03_PRE_HOLIDAY_ISSUER_EB,2,2,,,,,
2025-05-23,C03_PRE_HOLIDAY_ISSUER_EB_K2,C03_PRE_HOLIDAY_ISSUER_EB,2,1,3205,ダイドーリミテッド,0.8167043923498497,1.012373453318327,1.0
2025-05-23,C03_PRE_HOLIDAY_ISSUER_EB_K2,C03_PRE_HOLIDAY_ISSUER_EB,2,2,248A,キッズスター,0.7633309244909227,-1.5162454873646203,0.0
2025-05-26,C03_PRE_HOLIDAY_ISSUER_EB_K2,C03_PRE_HOLIDAY_ISSUER_EB,2,1,,,,,
2025-05-26,C03_PRE_HOLIDAY_ISSUER_EB_K2,C03_PRE_HOLIDAY_ISSUER_EB,2,2,,,,,
2025-05-27,C03_PRE_HOLIDAY_ISSUER_EB_K2,C03_PRE_HOLIDAY_ISSUER_EB,2,1,,,,,
2025-05-27,C03_PRE_HOLIDAY_ISSUER_EB_K2,C03_PRE_HOLIDAY_ISSUER_EB,2,2,,,,,
2025-05-28,C03_PRE_HOLIDAY_ISSUER_EB_K2,C03_PRE_HOLIDAY_ISSUER_EB,2,1,,,,,
2025-05-28,C03_PRE_HOLIDAY_ISSUER_EB_K2,C03_PRE_HOLIDAY_ISSUER_EB,2,2,,,,,
2025-05-29,C03_PRE_HOLIDAY_ISSUER_EB_K2,C03_PRE_HOLIDAY_ISSUER_EB,2,1,,,,,
2025-05-29,C03_PRE_HOLIDAY_ISSUER_EB_K2,C03_PRE_HOLIDAY_ISSUER_EB,2,2,,,,,
2025-05-30,C03_PRE_HOLIDAY_ISSUER_EB_K2,C03_PRE_HOLIDAY_ISSUER_EB,2,1,3205,ダイドーリミテッド,0.8167043923498497,0.41753653444676075,1.0
2025-05-30,C03_PRE_HOLIDAY_ISSUER_EB_K2,C03_PRE_HOLIDAY_ISSUER_EB,2,2,248A,キッズスター,0.7633309244909227,0.0,0.0
2025-06-02,C03_PRE_HOLIDAY_ISSUER_EB_K2,C03_PRE_HOLIDAY_ISSUER_EB,2,1,,,,,
2025-06-02,C03_PRE_HOLIDAY_ISSUER_EB_K2,C03_PRE_HOLIDAY_ISSUER_EB,2,2,,,,,
2025-06-03,C03_PRE_HOLIDAY_ISSUER_EB_K2,C03_PRE_HOLIDAY_ISSUER_EB,2,1,,,,,
2025-06-03,C03_PRE_HOLIDAY_ISSUER_EB_K2,C03_PRE_HOLIDAY_ISSUER_EB,2,2,,,,,
2025-06-04,C03_PRE_HOLIDAY_ISSUER_EB_K2,C03_PRE_HOLIDAY_ISSUER_EB,2,1,,,,,
2025-06-04,C03_PRE_HOLIDAY_ISSUER_EB_K2,C03_PRE_HOLIDAY_ISSUER_EB,2,2,,,,,
2025-06-05,C03_PRE_HOLIDAY_ISSUER_EB_K2,C03_PRE_HOLIDAY_ISSUER_EB,2,1,,,,,
2025-06-05,C03_PRE_HOLIDAY_ISSUER_EB_K2,C03_PRE_HOLIDAY_ISSUER_EB,2,2,,,,,
2025-06-06,C03_PRE_HOLIDAY_ISSUER_EB_K2,C03_PRE_HOLIDAY_ISSUER_EB,2,1,3205,ダイドーリミテッド,0.772266477696022,1.2552301255230214,1.0
2025-06-06,C03_PRE_HOLIDAY_ISSUER_EB_K2,C03_PRE_HOLIDAY_ISSUER_EB,2,2,9252,ラストワンマイル,0.7156310249434427,-1.5873015873015928,0.0
2025-06-09,C03_PRE_HOLIDAY_ISSUER_EB_K2,C03_PRE_HOLIDAY_ISSUER_EB,2,1,,,,,
2025-06-09,C03_PRE_HOLIDAY_ISSUER_EB_K2,C03_PRE_HOLIDAY_ISSUER_EB,2,2,,,,,
2025-06-10,C03_PRE_HOLIDAY_ISSUER_EB_K2,C03_PRE_HOLIDAY_ISSUER_EB,2,1,,,,,
2025-06-10,C03_PRE_HOLIDAY_ISSUER_EB_K2,C03_PRE_HOLIDAY_ISSUER_EB,2,2,,,,,
2025-06-11,C03_PRE_HOLIDAY_ISSUER_EB_K2,C03_PRE_HOLIDAY_ISSUER_EB,2,1,,,,,
2025-06-11,C03_PRE_HOLIDAY_ISSUER_EB_K2,C03_PRE_HOLIDAY_ISSUER_EB,2,2,,,,,
2025-06-12,C03_PRE_HOLIDAY_ISSUER_EB_K2,C03_PRE_HOLIDAY_ISSUER_EB,2,1,,,,,
2025-06-12,C03_PRE_HOLIDAY_ISSUER_EB_K2,C03_PRE_HOLIDAY_ISSUER_EB,2,2,,,,,
2025-06-13,C03_PRE_HOLIDAY_ISSUER_EB_K2,C03_PRE_HOLIDAY_ISSUER_EB,2,1,3205,ダイドーリミテッド,0.772266477696022,0.10040160642570406,1.0
2025-06-13,C03_PRE_HOLIDAY_ISSUER_EB_K2,C03_PRE_HOLIDAY_ISSUER_EB,2,2,9252,ラストワンマイル,0.7156310249434427,-1.6442451420029869,0.0
2025-06-16,C03_PRE_HOLIDAY_ISSUER_EB_K2,C03_PRE_HOLIDAY_ISSUER_EB,2,1,,,,,
2025-06-16,C03_PRE_HOLIDAY_ISSUER_EB_K2,C03_PRE_HOLIDAY_ISSUER_EB,2,2,,,,,
2025-06-17,C03_PRE_HOLIDAY_ISSUER_EB_K2,C03_PRE_HOLIDAY_ISSUER_EB,2,1,,,,,
2025-06-17,C03_PRE_HOLIDAY_ISSUER_EB_K2,C03_PRE_HOLIDAY_ISSUER_EB,2,2,,,,,
2025-06-18,C03_PRE_HOLIDAY_ISSUER_EB_K2,C03_PRE_HOLIDAY_ISSUER_EB,2,1,,,,,
2025-06-18,C03_PRE_HOLIDAY_ISSUER_EB_K2,C03_PRE_HOLIDAY_ISSUER_EB,2,2,,,,,
2025-06-19,C03_PRE_HOLIDAY_ISSUER_EB_K2,C03_PRE_HOLIDAY_ISSUER_EB,2,1,,,,,
2025-06-19,C03_PRE_HOLIDAY_ISSUER_EB_K2,C03_PRE_HOLIDAY_ISSUER_EB,2,2,,,,,
2025-06-20,C03_PRE_HOLIDAY_ISSUER_EB_K2,C03_PRE_HOLIDAY_ISSUER_EB,2,1,3205,ダイドーリミテッド,0.772266477696022,-1.2512030798844997,0.0
2025-06-20,C03_PRE_HOLIDAY_ISSUER_EB_K2,C03_PRE_HOLIDAY_ISSUER_EB,2,2,9252,ラストワンマイル,0.7156310249434427,1.0144927536231974,1.0
2025-06-23,C03_PRE_HOLIDAY_ISSUER_EB_K2,C03_PRE_HOLIDAY_ISSUER_EB,2,1,,,,,
2025-06-23,C03_PRE_HOLIDAY_ISSUER_EB_K2,C03_PRE_HOLIDAY_ISSUER_EB,2,2,,,,,
2025-06-24,C03_PRE_HOLIDAY_ISSUER_EB_K2,C03_PRE_HOLIDAY_ISSUER_EB,2,1,,,,,
2025-06-24,C03_PRE_HOLIDAY_ISSUER_EB_K2,C03_PRE_HOLIDAY_ISSUER_EB,2,2,,,,,
2025-06-25,C03_PRE_HOLIDAY_ISSUER_EB_K2,C03_PRE_HOLIDAY_ISSUER_EB,2,1,,,,,
2025-06-25,C03_PRE_HOLIDAY_ISSUER_EB_K2,C03_PRE_HOLIDAY_ISSUER_EB,2,2,,,,,
2025-06-26,C03_PRE_HOLIDAY_ISSUER_EB_K2,C03_PRE_HOLIDAY_ISSUER_EB,2,1,,,,,
2025-06-26,C03_PRE_HOLIDAY_ISSUER_EB_K2,C03_PRE_HOLIDAY_ISSUER_EB,2,2,,,,,
2025-06-27,C03_PRE_HOLIDAY_ISSUER_EB_K2,C03_PRE_HOLIDAY_ISSUER_EB,2,1,3205,ダイドーリミテッド,0.772266477696022,-1.5075376884422065,0.0
2025-06-27,C03_PRE_HOLIDAY_ISSUER_EB_K2,C03_PRE_HOLIDAY_ISSUER_EB,2,2,9252,ラストワンマイル,0.7156310249434427,-0.29069767441860517,0.0
2025-06-30,C03_PRE_HOLIDAY_ISSUER_EB_K2,C03_PRE_HOLIDAY_ISSUER_EB,2,1,,,,,
2025-06-30,C03_PRE_HOLIDAY_ISSUER_EB_K2,C03_PRE_HOLIDAY_ISSUER_EB,2,2,,,,,
2025-07-01,C03_PRE_HOLIDAY_ISSUER_EB_K2,C03_PRE_HOLIDAY_ISSUER_EB,2,1,,,,,
2025-07-01,C03_PRE_HOLIDAY_ISSUER_EB_K2,C03_PRE_HOLIDAY_ISSUER_EB,2,2,,,,,
2025-07-02,C03_PRE_HOLIDAY_ISSUER_EB_K2,C03_PRE_HOLIDAY_ISSUER_EB,2,1,,,,,
2025-07-02,C03_PRE_HOLIDAY_ISSUER_EB_K2,C03_PRE_HOLIDAY_ISSUER_EB,2,2,,,,,
2025-07-03,C03_PRE_HOLIDAY_ISSUER_EB_K2,C03_PRE_HOLIDAY_ISSUER_EB,2,1,,,,,
2025-07-03,C03_PRE_HOLIDAY_ISSUER_EB_K2,C03_PRE_HOLIDAY_ISSUER_EB,2,2,,,,,
2025-07-04,C03_PRE_HOLIDAY_ISSUER_EB_K2,C03_PRE_HOLIDAY_ISSUER_EB,2,1,3205,ダイドーリミテッド,0.7138977998732288,0.8385744234800763,1.0
2025-07-04,C03_PRE_HOLIDAY_ISSUER_EB_K2,C03_PRE_HOLIDAY_ISSUER_EB,2,2,8938,グローム・ホールディングス,0.6656832778843648,0.46874999999999556,1.0
2025-07-07,C03_PRE_HOLIDAY_ISSUER_EB_K2,C03_PRE_HOLIDAY_ISSUER_EB,2,1,,,,,
2025-07-07,C03_PRE_HOLIDAY_ISSUER_EB_K2,C03_PRE_HOLIDAY_ISSUER_EB,2,2,,,,,
2025-07-08,C03_PRE_HOLIDAY_ISSUER_EB_K2,C03_PRE_HOLIDAY_ISSUER_EB,2,1,,,,,
2025-07-08,C03_PRE_HOLIDAY_ISSUER_EB_K2,C03_PRE_HOLIDAY_ISSUER_EB,2,2,,,,,
2025-07-09,C03_PRE_HOLIDAY_ISSUER_EB_K2,C03_PRE_HOLIDAY_ISSUER_EB,2,1,,,,,
2025-07-09,C03_PRE_HOLIDAY_ISSUER_EB_K2,C03_PRE_HOLIDAY_ISSUER_EB,2,2,,,,,
2025-07-10,C03_PRE_HOLIDAY_ISSUER_EB_K2,C03_PRE_HOLIDAY_ISSUER_EB,2,1,,,,,
2025-07-10,C03_PRE_HOLIDAY_ISSUER_EB_K2,C03_PRE_HOLIDAY_ISSUER_EB,2,2,,,,,
2025-07-11,C03_PRE_HOLIDAY_ISSUER_EB_K2,C03_PRE_HOLIDAY_ISSUER_EB,2,1,3205,ダイドーリミテッド,0.7138977998732288,2.0618556701030855,1.0
2025-07-11,C03_PRE_HOLIDAY_ISSUER_EB_K2,C03_PRE_HOLIDAY_ISSUER_EB,2,2,8938,グローム・ホールディングス,0.6656832778843648,-0.14534883720930258,0.0
2025-07-14,C03_PRE_HOLIDAY_ISSUER_EB_K2,C03_PRE_HOLIDAY_ISSUER_EB,2,1,,,,,
2025-07-14,C03_PRE_HOLIDAY_ISSUER_EB_K2,C03_PRE_HOLIDAY_ISSUER_EB,2,2,,,,,
2025-07-15,C03_PRE_HOLIDAY_ISSUER_EB_K2,C03_PRE_HOLIDAY_ISSUER_EB,2,1,,,,,
2025-07-15,C03_PRE_HOLIDAY_ISSUER_EB_K2,C03_PRE_HOLIDAY_ISSUER_EB,2,2,,,,,
2025-07-16,C03_PRE_HOLIDAY_ISSUER_EB_K2,C03_PRE_HOLIDAY_ISSUER_EB,2,1,,,,,
2025-07-16,C03_PRE_HOLIDAY_ISSUER_EB_K2,C03_PRE_HOLIDAY_ISSUER_EB,2,2,,,,,
2025-07-17,C03_PRE_HOLIDAY_ISSUER_EB_K2,C03_PRE_HOLIDAY_ISSUER_EB,2,1,,,,,
2025-07-17,C03_PRE_HOLIDAY_ISSUER_EB_K2,C03_PRE_HOLIDAY_ISSUER_EB,2,2,,,,,
2025-07-18,C03_PRE_HOLIDAY_ISSUER_EB_K2,C03_PRE_HOLIDAY_ISSUER_EB,2,1,3205,ダイドーリミテッド,0.7138977998732288,-1.1247443762781195,0.0
2025-07-18,C03_PRE_HOLIDAY_ISSUER_EB_K2,C03_PRE_HOLIDAY_ISSUER_EB,2,2,8938,グローム・ホールディングス,0.6656832778843648,-0.5997001499250421,0.0
2025-07-22,C03_PRE_HOLIDAY_ISSUER_EB_K2,C03_PRE_HOLIDAY_ISSUER_EB,2,1,,,,,
2025-07-22,C03_PRE_HOLIDAY_ISSUER_EB_K2,C03_PRE_HOLIDAY_ISSUER_EB,2,2,,,,,
2025-07-23,C03_PRE_HOLIDAY_ISSUER_EB_K2,C03_PRE_HOLIDAY_ISSUER_EB,2,1,,,,,
2025-07-23,C03_PRE_HOLIDAY_ISSUER_EB_K2,C03_PRE_HOLIDAY_ISSUER_EB,2,2,,,,,
2025-07-24,C03_PRE_HOLIDAY_ISSUER_EB_K2,C03_PRE_HOLIDAY_ISSUER_EB,2,1,,,,,
2025-07-24,C03_PRE_HOLIDAY_ISSUER_EB_K2,C03_PRE_HOLIDAY_ISSUER_EB,2,2,,,,,
2025-07-25,C03_PRE_HOLIDAY_ISSUER_EB_K2,C03_PRE_HOLIDAY_ISSUER_EB,2,1,3205,ダイドーリミテッド,0.7138977998732288,0.2044989775051187,1.0
2025-07-25,C03_PRE_HOLIDAY_ISSUER_EB_K2,C03_PRE_HOLIDAY_ISSUER_EB,2,2,8938,グローム・ホールディングス,0.6656832778843648,-0.6015037593984918,0.0
2025-07-28,C03_PRE_HOLIDAY_ISSUER_EB_K2,C03_PRE_HOLIDAY_ISSUER_EB,2,1,,,,,
2025-07-28,C03_PRE_HOLIDAY_ISSUER_EB_K2,C03_PRE_HOLIDAY_ISSUER_EB,2,2,,,,,
2025-07-29,C03_PRE_HOLIDAY_ISSUER_EB_K2,C03_PRE_HOLIDAY_ISSUER_EB,2,1,,,,,
2025-07-29,C03_PRE_HOLIDAY_ISSUER_EB_K2,C03_PRE_HOLIDAY_ISSUER_EB,2,2,,,,,
2025-07-30,C03_PRE_HOLIDAY_ISSUER_EB_K2,C03_PRE_HOLIDAY_ISSUER_EB,2,1,,,,,
2025-07-30,C03_PRE_HOLIDAY_ISSUER_EB_K2,C03_PRE_HOLIDAY_ISSUER_EB,2,2,,,,,
2025-07-31,C03_PRE_HOLIDAY_ISSUER_EB_K2,C03_PRE_HOLIDAY_ISSUER_EB,2,1,,,,,
2025-07-31,C03_PRE_HOLIDAY_ISSUER_EB_K2,C03_PRE_HOLIDAY_ISSUER_EB,2,2,,,,,
2024-07-01,C04_MONTH_START_ISSUER_EB_K1,C04_MONTH_START_ISSUER_EB,1,1,8938,グローム・ホールディングス,0.6841251530576431,-0.8871989860583018,0.0
2024-07-02,C04_MONTH_START_ISSUER_EB_K1,C04_MONTH_START_ISSUER_EB,1,1,8938,グローム・ホールディングス,0.6841251530576431,-0.2564102564102555,0.0
2024-07-03,C04_MONTH_START_ISSUER_EB_K1,C04_MONTH_START_ISSUER_EB,1,1,8938,グローム・ホールディングス,0.6841251530576431,3.2258064516129004,1.0
2024-07-04,C04_MONTH_START_ISSUER_EB_K1,C04_MONTH_START_ISSUER_EB,1,1,,,,,
2024-07-05,C04_MONTH_START_ISSUER_EB_K1,C04_MONTH_START_ISSUER_EB,1,1,,,,,
2024-07-08,C04_MONTH_START_ISSUER_EB_K1,C04_MONTH_START_ISSUER_EB,1,1,,,,,
2024-07-09,C04_MONTH_START_ISSUER_EB_K1,C04_MONTH_START_ISSUER_EB,1,1,,,,,
2024-07-10,C04_MONTH_START_ISSUER_EB_K1,C04_MONTH_START_ISSUER_EB,1,1,,,,,
2024-07-11,C04_MONTH_START_ISSUER_EB_K1,C04_MONTH_START_ISSUER_EB,1,1,,,,,
2024-07-12,C04_MONTH_START_ISSUER_EB_K1,C04_MONTH_START_ISSUER_EB,1,1,,,,,
2024-07-16,C04_MONTH_START_ISSUER_EB_K1,C04_MONTH_START_ISSUER_EB,1,1,,,,,
2024-07-17,C04_MONTH_START_ISSUER_EB_K1,C04_MONTH_START_ISSUER_EB,1,1,,,,,
2024-07-18,C04_MONTH_START_ISSUER_EB_K1,C04_MONTH_START_ISSUER_EB,1,1,,,,,
2024-07-19,C04_MONTH_START_ISSUER_EB_K1,C04_MONTH_START_ISSUER_EB,1,1,,,,,
2024-07-22,C04_MONTH_START_ISSUER_EB_K1,C04_MONTH_START_ISSUER_EB,1,1,,,,,
2024-07-23,C04_MONTH_START_ISSUER_EB_K1,C04_MONTH_START_ISSUER_EB,1,1,,,,,
2024-07-24,C04_MONTH_START_ISSUER_EB_K1,C04_MONTH_START_ISSUER_EB,1,1,,,,,
2024-07-25,C04_MONTH_START_ISSUER_EB_K1,C04_MONTH_START_ISSUER_EB,1,1,,,,,
2024-07-26,C04_MONTH_START_ISSUER_EB_K1,C04_MONTH_START_ISSUER_EB,1,1,,,,,
2024-07-29,C04_MONTH_START_ISSUER_EB_K1,C04_MONTH_START_ISSUER_EB,1,1,,,,,
2024-07-30,C04_MONTH_START_ISSUER_EB_K1,C04_MONTH_START_ISSUER_EB,1,1,,,,,
2024-07-31,C04_MONTH_START_ISSUER_EB_K1,C04_MONTH_START_ISSUER_EB,1,1,,,,,
2024-08-01,C04_MONTH_START_ISSUER_EB_K1,C04_MONTH_START_ISSUER_EB,1,1,8938,グローム・ホールディングス,0.6521133337860027,-4.433497536945808,0.0
2024-08-02,C04_MONTH_START_ISSUER_EB_K1,C04_MONTH_START_ISSUER_EB,1,1,8938,グローム・ホールディングス,0.6521133337860027,-4.021447721179627,0.0
2024-08-05,C04_MONTH_START_ISSUER_EB_K1,C04_MONTH_START_ISSUER_EB,1,1,7781,平山ホールディングス,0.5962591310608416,-7.862679955703211,0.0
2024-08-06,C04_MONTH_START_ISSUER_EB_K1,C04_MONTH_START_ISSUER_EB,1,1,,,,,
2024-08-07,C04_MONTH_START_ISSUER_EB_K1,C04_MONTH_START_ISSUER_EB,1,1,,,,,
2024-08-08,C04_MONTH_START_ISSUER_EB_K1,C04_MONTH_START_ISSUER_EB,1,1,,,,,
2024-08-09,C04_MONTH_START_ISSUER_EB_K1,C04_MONTH_START_ISSUER_EB,1,1,,,,,
2024-08-13,C04_MONTH_START_ISSUER_EB_K1,C04_MONTH_START_ISSUER_EB,1,1,,,,,
2024-08-14,C04_MONTH_START_ISSUER_EB_K1,C04_MONTH_START_ISSUER_EB,1,1,,,,,
2024-08-15,C04_MONTH_START_ISSUER_EB_K1,C04_MONTH_START_ISSUER_EB,1,1,,,,,
2024-08-16,C04_MONTH_START_ISSUER_EB_K1,C04_MONTH_START_ISSUER_EB,1,1,,,,,
2024-08-19,C04_MONTH_START_ISSUER_EB_K1,C04_MONTH_START_ISSUER_EB,1,1,,,,,
2024-08-20,C04_MONTH_START_ISSUER_EB_K1,C04_MONTH_START_ISSUER_EB,1,1,,,,,
2024-08-21,C04_MONTH_START_ISSUER_EB_K1,C04_MONTH_START_ISSUER_EB,1,1,,,,,
2024-08-22,C04_MONTH_START_ISSUER_EB_K1,C04_MONTH_START_ISSUER_EB,1,1,,,,,
2024-08-23,C04_MONTH_START_ISSUER_EB_K1,C04_MONTH_START_ISSUER_EB,1,1,,,,,
2024-08-26,C04_MONTH_START_ISSUER_EB_K1,C04_MONTH_START_ISSUER_EB,1,1,,,,,
2024-08-27,C04_MONTH_START_ISSUER_EB_K1,C04_MONTH_START_ISSUER_EB,1,1,,,,,
2024-08-28,C04_MONTH_START_ISSUER_EB_K1,C04_MONTH_START_ISSUER_EB,1,1,,,,,
2024-08-29,C04_MONTH_START_ISSUER_EB_K1,C04_MONTH_START_ISSUER_EB,1,1,,,,,
2024-08-30,C04_MONTH_START_ISSUER_EB_K1,C04_MONTH_START_ISSUER_EB,1,1,,,,,
2024-09-02,C04_MONTH_START_ISSUER_EB_K1,C04_MONTH_START_ISSUER_EB,1,1,,,,,
2024-09-03,C04_MONTH_START_ISSUER_EB_K1,C04_MONTH_START_ISSUER_EB,1,1,,,,,
2024-09-04,C04_MONTH_START_ISSUER_EB_K1,C04_MONTH_START_ISSUER_EB,1,1,,,,,
2024-09-05,C04_MONTH_START_ISSUER_EB_K1,C04_MONTH_START_ISSUER_EB,1,1,,,,,
2024-09-06,C04_MONTH_START_ISSUER_EB_K1,C04_MONTH_START_ISSUER_EB,1,1,,,,,
2024-09-09,C04_MONTH_START_ISSUER_EB_K1,C04_MONTH_START_ISSUER_EB,1,1,,,,,
2024-09-10,C04_MONTH_START_ISSUER_EB_K1,C04_MONTH_START_ISSUER_EB,1,1,,,,,
2024-09-11,C04_MONTH_START_ISSUER_EB_K1,C04_MONTH_START_ISSUER_EB,1,1,,,,,
2024-09-12,C04_MONTH_START_ISSUER_EB_K1,C04_MONTH_START_ISSUER_EB,1,1,,,,,
2024-09-13,C04_MONTH_START_ISSUER_EB_K1,C04_MONTH_START_ISSUER_EB,1,1,,,,,
2024-09-17,C04_MONTH_START_ISSUER_EB_K1,C04_MONTH_START_ISSUER_EB,1,1,,,,,
2024-09-18,C04_MONTH_START_ISSUER_EB_K1,C04_MONTH_START_ISSUER_EB,1,1,,,,,
2024-09-19,C04_MONTH_START_ISSUER_EB_K1,C04_MONTH_START_ISSUER_EB,1,1,,,,,
2024-09-20,C04_MONTH_START_ISSUER_EB_K1,C04_MONTH_START_ISSUER_EB,1,1,,,,,
2024-09-24,C04_MONTH_START_ISSUER_EB_K1,C04_MONTH_START_ISSUER_EB,1,1,,,,,
2024-09-25,C04_MONTH_START_ISSUER_EB_K1,C04_MONTH_START_ISSUER_EB,1,1,,,,,
2024-09-26,C04_MONTH_START_ISSUER_EB_K1,C04_MONTH_START_ISSUER_EB,1,1,,,,,
2024-09-27,C04_MONTH_START_ISSUER_EB_K1,C04_MONTH_START_ISSUER_EB,1,1,,,,,
2024-09-30,C04_MONTH_START_ISSUER_EB_K1,C04_MONTH_START_ISSUER_EB,1,1,,,,,
2024-10-01,C04_MONTH_START_ISSUER_EB_K1,C04_MONTH_START_ISSUER_EB,1,1,,,,,
2024-10-02,C04_MONTH_START_ISSUER_EB_K1,C04_MONTH_START_ISSUER_EB,1,1,,,,,
2024-10-03,C04_MONTH_START_ISSUER_EB_K1,C04_MONTH_START_ISSUER_EB,1,1,,,,,
2024-10-04,C04_MONTH_START_ISSUER_EB_K1,C04_MONTH_START_ISSUER_EB,1,1,,,,,
2024-10-07,C04_MONTH_START_ISSUER_EB_K1,C04_MONTH_START_ISSUER_EB,1,1,,,,,
2024-10-08,C04_MONTH_START_ISSUER_EB_K1,C04_MONTH_START_ISSUER_EB,1,1,,,,,
2024-10-09,C04_MONTH_START_ISSUER_EB_K1,C04_MONTH_START_ISSUER_EB,1,1,,,,,
2024-10-10,C04_MONTH_START_ISSUER_EB_K1,C04_MONTH_START_ISSUER_EB,1,1,,,,,
2024-10-11,C04_MONTH_START_ISSUER_EB_K1,C04_MONTH_START_ISSUER_EB,1,1,,,,,
2024-10-15,C04_MONTH_START_ISSUER_EB_K1,C04_MONTH_START_ISSUER_EB,1,1,,,,,
2024-10-16,C04_MONTH_START_ISSUER_EB_K1,C04_MONTH_START_ISSUER_EB,1,1,,,,,
2024-10-17,C04_MONTH_START_ISSUER_EB_K1,C04_MONTH_START_ISSUER_EB,1,1,,,,,
2024-10-18,C04_MONTH_START_ISSUER_EB_K1,C04_MONTH_START_ISSUER_EB,1,1,,,,,
2024-10-21,C04_MONTH_START_ISSUER_EB_K1,C04_MONTH_START_ISSUER_EB,1,1,,,,,
2024-10-22,C04_MONTH_START_ISSUER_EB_K1,C04_MONTH_START_ISSUER_EB,1,1,,,,,
2024-10-23,C04_MONTH_START_ISSUER_EB_K1,C04_MONTH_START_ISSUER_EB,1,1,,,,,
2024-10-24,C04_MONTH_START_ISSUER_EB_K1,C04_MONTH_START_ISSUER_EB,1,1,,,,,
2024-10-25,C04_MONTH_START_ISSUER_EB_K1,C04_MONTH_START_ISSUER_EB,1,1,,,,,
2024-10-28,C04_MONTH_START_ISSUER_EB_K1,C04_MONTH_START_ISSUER_EB,1,1,,,,,
2024-10-29,C04_MONTH_START_ISSUER_EB_K1,C04_MONTH_START_ISSUER_EB,1,1,,,,,
2024-10-30,C04_MONTH_START_ISSUER_EB_K1,C04_MONTH_START_ISSUER_EB,1,1,,,,,
2024-10-31,C04_MONTH_START_ISSUER_EB_K1,C04_MONTH_START_ISSUER_EB,1,1,,,,,
2024-11-01,C04_MONTH_START_ISSUER_EB_K1,C04_MONTH_START_ISSUER_EB,1,1,,,,,
2024-11-05,C04_MONTH_START_ISSUER_EB_K1,C04_MONTH_START_ISSUER_EB,1,1,,,,,
2024-11-06,C04_MONTH_START_ISSUER_EB_K1,C04_MONTH_START_ISSUER_EB,1,1,,,,,
2024-11-07,C04_MONTH_START_ISSUER_EB_K1,C04_MONTH_START_ISSUER_EB,1,1,,,,,
2024-11-08,C04_MONTH_START_ISSUER_EB_K1,C04_MONTH_START_ISSUER_EB,1,1,,,,,
2024-11-11,C04_MONTH_START_ISSUER_EB_K1,C04_MONTH_START_ISSUER_EB,1,1,,,,,
2024-11-12,C04_MONTH_START_ISSUER_EB_K1,C04_MONTH_START_ISSUER_EB,1,1,,,,,
2024-11-13,C04_MONTH_START_ISSUER_EB_K1,C04_MONTH_START_ISSUER_EB,1,1,,,,,
2024-11-14,C04_MONTH_START_ISSUER_EB_K1,C04_MONTH_START_ISSUER_EB,1,1,,,,,
2024-11-15,C04_MONTH_START_ISSUER_EB_K1,C04_MONTH_START_ISSUER_EB,1,1,,,,,
2024-11-18,C04_MONTH_START_ISSUER_EB_K1,C04_MONTH_START_ISSUER_EB,1,1,,,,,
2024-11-19,C04_MONTH_START_ISSUER_EB_K1,C04_MONTH_START_ISSUER_EB,1,1,,,,,
2024-11-20,C04_MONTH_START_ISSUER_EB_K1,C04_MONTH_START_ISSUER_EB,1,1,,,,,
2024-11-21,C04_MONTH_START_ISSUER_EB_K1,C04_MONTH_START_ISSUER_EB,1,1,,,,,
2024-11-22,C04_MONTH_START_ISSUER_EB_K1,C04_MONTH_START_ISSUER_EB,1,1,,,,,
2024-11-25,C04_MONTH_START_ISSUER_EB_K1,C04_MONTH_START_ISSUER_EB,1,1,,,,,
2024-11-26,C04_MONTH_START_ISSUER_EB_K1,C04_MONTH_START_ISSUER_EB,1,1,,,,,
2024-11-27,C04_MONTH_START_ISSUER_EB_K1,C04_MONTH_START_ISSUER_EB,1,1,,,,,
2024-11-28,C04_MONTH_START_ISSUER_EB_K1,C04_MONTH_START_ISSUER_EB,1,1,,,,,
2024-11-29,C04_MONTH_START_ISSUER_EB_K1,C04_MONTH_START_ISSUER_EB,1,1,,,,,
2024-12-02,C04_MONTH_START_ISSUER_EB_K1,C04_MONTH_START_ISSUER_EB,1,1,3623,ビリングシステム,0.4158507082649181,-0.8535784635587684,0.0
2024-12-03,C04_MONTH_START_ISSUER_EB_K1,C04_MONTH_START_ISSUER_EB,1,1,3623,ビリングシステム,0.4158507082649181,0.5988023952095745,1.0
2024-12-04,C04_MONTH_START_ISSUER_EB_K1,C04_MONTH_START_ISSUER_EB,1,1,3623,ビリングシステム,0.4158507082649181,4.927726675427069,1.0
2024-12-05,C04_MONTH_START_ISSUER_EB_K1,C04_MONTH_START_ISSUER_EB,1,1,,,,,
2024-12-06,C04_MONTH_START_ISSUER_EB_K1,C04_MONTH_START_ISSUER_EB,1,1,,,,,
2024-12-09,C04_MONTH_START_ISSUER_EB_K1,C04_MONTH_START_ISSUER_EB,1,1,,,,,
2024-12-10,C04_MONTH_START_ISSUER_EB_K1,C04_MONTH_START_ISSUER_EB,1,1,,,,,
2024-12-11,C04_MONTH_START_ISSUER_EB_K1,C04_MONTH_START_ISSUER_EB,1,1,,,,,
2024-12-12,C04_MONTH_START_ISSUER_EB_K1,C04_MONTH_START_ISSUER_EB,1,1,,,,,
2024-12-13,C04_MONTH_START_ISSUER_EB_K1,C04_MONTH_START_ISSUER_EB,1,1,,,,,
2024-12-16,C04_MONTH_START_ISSUER_EB_K1,C04_MONTH_START_ISSUER_EB,1,1,,,,,
2024-12-17,C04_MONTH_START_ISSUER_EB_K1,C04_MONTH_START_ISSUER_EB,1,1,,,,,
2024-12-18,C04_MONTH_START_ISSUER_EB_K1,C04_MONTH_START_ISSUER_EB,1,1,,,,,
2024-12-19,C04_MONTH_START_ISSUER_EB_K1,C04_MONTH_START_ISSUER_EB,1,1,,,,,
2024-12-20,C04_MONTH_START_ISSUER_EB_K1,C04_MONTH_START_ISSUER_EB,1,1,,,,,
2024-12-23,C04_MONTH_START_ISSUER_EB_K1,C04_MONTH_START_ISSUER_EB,1,1,,,,,
2024-12-24,C04_MONTH_START_ISSUER_EB_K1,C04_MONTH_START_ISSUER_EB,1,1,,,,,
2024-12-25,C04_MONTH_START_ISSUER_EB_K1,C04_MONTH_START_ISSUER_EB,1,1,,,,,
2024-12-26,C04_MONTH_START_ISSUER_EB_K1,C04_MONTH_START_ISSUER_EB,1,1,,,,,
2024-12-27,C04_MONTH_START_ISSUER_EB_K1,C04_MONTH_START_ISSUER_EB,1,1,,,,,
2024-12-30,C04_MONTH_START_ISSUER_EB_K1,C04_MONTH_START_ISSUER_EB,1,1,,,,,
2025-01-06,C04_MONTH_START_ISSUER_EB_K1,C04_MONTH_START_ISSUER_EB,1,1,3623,ビリングシステム,0.5117472564281446,-2.7576197387518153,0.0
2025-01-07,C04_MONTH_START_ISSUER_EB_K1,C04_MONTH_START_ISSUER_EB,1,1,3623,ビリングシステム,0.5117472564281446,0.07407407407407085,1.0
2025-01-08,C04_MONTH_START_ISSUER_EB_K1,C04_MONTH_START_ISSUER_EB,1,1,3623,ビリングシステム,0.5117472564281446,0.0,0.0
2025-01-09,C04_MONTH_START_ISSUER_EB_K1,C04_MONTH_START_ISSUER_EB,1,1,,,,,
2025-01-10,C04_MONTH_START_ISSUER_EB_K1,C04_MONTH_START_ISSUER_EB,1,1,,,,,
2025-01-14,C04_MONTH_START_ISSUER_EB_K1,C04_MONTH_START_ISSUER_EB,1,1,,,,,
2025-01-15,C04_MONTH_START_ISSUER_EB_K1,C04_MONTH_START_ISSUER_EB,1,1,,,,,
2025-01-16,C04_MONTH_START_ISSUER_EB_K1,C04_MONTH_START_ISSUER_EB,1,1,,,,,
2025-01-17,C04_MONTH_START_ISSUER_EB_K1,C04_MONTH_START_ISSUER_EB,1,1,,,,,
2025-01-20,C04_MONTH_START_ISSUER_EB_K1,C04_MONTH_START_ISSUER_EB,1,1,,,,,
2025-01-21,C04_MONTH_START_ISSUER_EB_K1,C04_MONTH_START_ISSUER_EB,1,1,,,,,
2025-01-22,C04_MONTH_START_ISSUER_EB_K1,C04_MONTH_START_ISSUER_EB,1,1,,,,,
2025-01-23,C04_MONTH_START_ISSUER_EB_K1,C04_MONTH_START_ISSUER_EB,1,1,,,,,
2025-01-24,C04_MONTH_START_ISSUER_EB_K1,C04_MONTH_START_ISSUER_EB,1,1,,,,,
2025-01-27,C04_MONTH_START_ISSUER_EB_K1,C04_MONTH_START_ISSUER_EB,1,1,,,,,
2025-01-28,C04_MONTH_START_ISSUER_EB_K1,C04_MONTH_START_ISSUER_EB,1,1,,,,,
2025-01-29,C04_MONTH_START_ISSUER_EB_K1,C04_MONTH_START_ISSUER_EB,1,1,,,,,
2025-01-30,C04_MONTH_START_ISSUER_EB_K1,C04_MONTH_START_ISSUER_EB,1,1,,,,,
2025-01-31,C04_MONTH_START_ISSUER_EB_K1,C04_MONTH_START_ISSUER_EB,1,1,,,,,
2025-02-03,C04_MONTH_START_ISSUER_EB_K1,C04_MONTH_START_ISSUER_EB,1,1,8938,グローム・ホールディングス,0.4414725444448609,0.14164305949009304,1.0
2025-02-04,C04_MONTH_START_ISSUER_EB_K1,C04_MONTH_START_ISSUER_EB,1,1,8938,グローム・ホールディングス,0.4414725444448609,2.1186440677966045,1.0
2025-02-05,C04_MONTH_START_ISSUER_EB_K1,C04_MONTH_START_ISSUER_EB,1,1,8938,グローム・ホールディングス,0.4414725444448609,0.5540166204986097,1.0
2025-02-06,C04_MONTH_START_ISSUER_EB_K1,C04_MONTH_START_ISSUER_EB,1,1,,,,,
2025-02-07,C04_MONTH_START_ISSUER_EB_K1,C04_MONTH_START_ISSUER_EB,1,1,,,,,
2025-02-10,C04_MONTH_START_ISSUER_EB_K1,C04_MONTH_START_ISSUER_EB,1,1,,,,,
2025-02-12,C04_MONTH_START_ISSUER_EB_K1,C04_MONTH_START_ISSUER_EB,1,1,,,,,
2025-02-13,C04_MONTH_START_ISSUER_EB_K1,C04_MONTH_START_ISSUER_EB,1,1,,,,,
2025-02-14,C04_MONTH_START_ISSUER_EB_K1,C04_MONTH_START_ISSUER_EB,1,1,,,,,
2025-02-17,C04_MONTH_START_ISSUER_EB_K1,C04_MONTH_START_ISSUER_EB,1,1,,,,,
2025-02-18,C04_MONTH_START_ISSUER_EB_K1,C04_MONTH_START_ISSUER_EB,1,1,,,,,
2025-02-19,C04_MONTH_START_ISSUER_EB_K1,C04_MONTH_START_ISSUER_EB,1,1,,,,,
2025-02-20,C04_MONTH_START_ISSUER_EB_K1,C04_MONTH_START_ISSUER_EB,1,1,,,,,
2025-02-21,C04_MONTH_START_ISSUER_EB_K1,C04_MONTH_START_ISSUER_EB,1,1,,,,,
2025-02-25,C04_MONTH_START_ISSUER_EB_K1,C04_MONTH_START_ISSUER_EB,1,1,,,,,
2025-02-26,C04_MONTH_START_ISSUER_EB_K1,C04_MONTH_START_ISSUER_EB,1,1,,,,,
2025-02-27,C04_MONTH_START_ISSUER_EB_K1,C04_MONTH_START_ISSUER_EB,1,1,,,,,
2025-02-28,C04_MONTH_START_ISSUER_EB_K1,C04_MONTH_START_ISSUER_EB,1,1,,,,,
2025-03-03,C04_MONTH_START_ISSUER_EB_K1,C04_MONTH_START_ISSUER_EB,1,1,8938,グローム・ホールディングス,0.47271534228018774,5.961251862891204,1.0
2025-03-04,C04_MONTH_START_ISSUER_EB_K1,C04_MONTH_START_ISSUER_EB,1,1,8938,グローム・ホールディングス,0.47271534228018774,-1.6666666666666718,0.0
2025-03-05,C04_MONTH_START_ISSUER_EB_K1,C04_MONTH_START_ISSUER_EB,1,1,8938,グローム・ホールディングス,0.47271534228018774,-1.6783216783216814,0.0
2025-03-06,C04_MONTH_START_ISSUER_EB_K1,C04_MONTH_START_ISSUER_EB,1,1,,,,,
2025-03-07,C04_MONTH_START_ISSUER_EB_K1,C04_MONTH_START_ISSUER_EB,1,1,,,,,
2025-03-10,C04_MONTH_START_ISSUER_EB_K1,C04_MONTH_START_ISSUER_EB,1,1,,,,,
2025-03-11,C04_MONTH_START_ISSUER_EB_K1,C04_MONTH_START_ISSUER_EB,1,1,,,,,
2025-03-12,C04_MONTH_START_ISSUER_EB_K1,C04_MONTH_START_ISSUER_EB,1,1,,,,,
2025-03-13,C04_MONTH_START_ISSUER_EB_K1,C04_MONTH_START_ISSUER_EB,1,1,,,,,
2025-03-14,C04_MONTH_START_ISSUER_EB_K1,C04_MONTH_START_ISSUER_EB,1,1,,,,,
2025-03-17,C04_MONTH_START_ISSUER_EB_K1,C04_MONTH_START_ISSUER_EB,1,1,,,,,
2025-03-18,C04_MONTH_START_ISSUER_EB_K1,C04_MONTH_START_ISSUER_EB,1,1,,,,,
2025-03-19,C04_MONTH_START_ISSUER_EB_K1,C04_MONTH_START_ISSUER_EB,1,1,,,,,
2025-03-21,C04_MONTH_START_ISSUER_EB_K1,C04_MONTH_START_ISSUER_EB,1,1,,,,,
2025-03-24,C04_MONTH_START_ISSUER_EB_K1,C04_MONTH_START_ISSUER_EB,1,1,,,,,
2025-03-25,C04_MONTH_START_ISSUER_EB_K1,C04_MONTH_START_ISSUER_EB,1,1,,,,,
2025-03-26,C04_MONTH_START_ISSUER_EB_K1,C04_MONTH_START_ISSUER_EB,1,1,,,,,
2025-03-27,C04_MONTH_START_ISSUER_EB_K1,C04_MONTH_START_ISSUER_EB,1,1,,,,,
2025-03-28,C04_MONTH_START_ISSUER_EB_K1,C04_MONTH_START_ISSUER_EB,1,1,,,,,
2025-03-31,C04_MONTH_START_ISSUER_EB_K1,C04_MONTH_START_ISSUER_EB,1,1,,,,,
2025-04-01,C04_MONTH_START_ISSUER_EB_K1,C04_MONTH_START_ISSUER_EB,1,1,8938,グローム・ホールディングス,0.4943596132543733,-1.6742770167427756,0.0
2025-04-02,C04_MONTH_START_ISSUER_EB_K1,C04_MONTH_START_ISSUER_EB,1,1,8938,グローム・ホールディングス,0.4943596132543733,-2.896341463414631,0.0
2025-04-03,C04_MONTH_START_ISSUER_EB_K1,C04_MONTH_START_ISSUER_EB,1,1,8938,グローム・ホールディングス,0.4943596132543733,-1.2718600953895098,0.0
2025-04-04,C04_MONTH_START_ISSUER_EB_K1,C04_MONTH_START_ISSUER_EB,1,1,,,,,
2025-04-07,C04_MONTH_START_ISSUER_EB_K1,C04_MONTH_START_ISSUER_EB,1,1,,,,,
2025-04-08,C04_MONTH_START_ISSUER_EB_K1,C04_MONTH_START_ISSUER_EB,1,1,,,,,
2025-04-09,C04_MONTH_START_ISSUER_EB_K1,C04_MONTH_START_ISSUER_EB,1,1,,,,,
2025-04-10,C04_MONTH_START_ISSUER_EB_K1,C04_MONTH_START_ISSUER_EB,1,1,,,,,
2025-04-11,C04_MONTH_START_ISSUER_EB_K1,C04_MONTH_START_ISSUER_EB,1,1,,,,,
2025-04-14,C04_MONTH_START_ISSUER_EB_K1,C04_MONTH_START_ISSUER_EB,1,1,,,,,
2025-04-15,C04_MONTH_START_ISSUER_EB_K1,C04_MONTH_START_ISSUER_EB,1,1,,,,,
2025-04-16,C04_MONTH_START_ISSUER_EB_K1,C04_MONTH_START_ISSUER_EB,1,1,,,,,
2025-04-17,C04_MONTH_START_ISSUER_EB_K1,C04_MONTH_START_ISSUER_EB,1,1,,,,,
2025-04-18,C04_MONTH_START_ISSUER_EB_K1,C04_MONTH_START_ISSUER_EB,1,1,,,,,
2025-04-21,C04_MONTH_START_ISSUER_EB_K1,C04_MONTH_START_ISSUER_EB,1,1,,,,,
2025-04-22,C04_MONTH_START_ISSUER_EB_K1,C04_MONTH_START_ISSUER_EB,1,1,,,,,
2025-04-23,C04_MONTH_START_ISSUER_EB_K1,C04_MONTH_START_ISSUER_EB,1,1,,,,,
2025-04-24,C04_MONTH_START_ISSUER_EB_K1,C04_MONTH_START_ISSUER_EB,1,1,,,,,
2025-04-25,C04_MONTH_START_ISSUER_EB_K1,C04_MONTH_START_ISSUER_EB,1,1,,,,,
2025-04-28,C04_MONTH_START_ISSUER_EB_K1,C04_MONTH_START_ISSUER_EB,1,1,,,,,
2025-04-30,C04_MONTH_START_ISSUER_EB_K1,C04_MONTH_START_ISSUER_EB,1,1,,,,,
2025-05-01,C04_MONTH_START_ISSUER_EB_K1,C04_MONTH_START_ISSUER_EB,1,1,,,,,
2025-05-02,C04_MONTH_START_ISSUER_EB_K1,C04_MONTH_START_ISSUER_EB,1,1,,,,,
2025-05-07,C04_MONTH_START_ISSUER_EB_K1,C04_MONTH_START_ISSUER_EB,1,1,,,,,
2025-05-08,C04_MONTH_START_ISSUER_EB_K1,C04_MONTH_START_ISSUER_EB,1,1,,,,,
2025-05-09,C04_MONTH_START_ISSUER_EB_K1,C04_MONTH_START_ISSUER_EB,1,1,,,,,
2025-05-12,C04_MONTH_START_ISSUER_EB_K1,C04_MONTH_START_ISSUER_EB,1,1,,,,,
2025-05-13,C04_MONTH_START_ISSUER_EB_K1,C04_MONTH_START_ISSUER_EB,1,1,,,,,
2025-05-14,C04_MONTH_START_ISSUER_EB_K1,C04_MONTH_START_ISSUER_EB,1,1,,,,,
2025-05-15,C04_MONTH_START_ISSUER_EB_K1,C04_MONTH_START_ISSUER_EB,1,1,,,,,
2025-05-16,C04_MONTH_START_ISSUER_EB_K1,C04_MONTH_START_ISSUER_EB,1,1,,,,,
2025-05-19,C04_MONTH_START_ISSUER_EB_K1,C04_MONTH_START_ISSUER_EB,1,1,,,,,
2025-05-20,C04_MONTH_START_ISSUER_EB_K1,C04_MONTH_START_ISSUER_EB,1,1,,,,,
2025-05-21,C04_MONTH_START_ISSUER_EB_K1,C04_MONTH_START_ISSUER_EB,1,1,,,,,
2025-05-22,C04_MONTH_START_ISSUER_EB_K1,C04_MONTH_START_ISSUER_EB,1,1,,,,,
2025-05-23,C04_MONTH_START_ISSUER_EB_K1,C04_MONTH_START_ISSUER_EB,1,1,,,,,
2025-05-26,C04_MONTH_START_ISSUER_EB_K1,C04_MONTH_START_ISSUER_EB,1,1,,,,,
2025-05-27,C04_MONTH_START_ISSUER_EB_K1,C04_MONTH_START_ISSUER_EB,1,1,,,,,
2025-05-28,C04_MONTH_START_ISSUER_EB_K1,C04_MONTH_START_ISSUER_EB,1,1,,,,,
2025-05-29,C04_MONTH_START_ISSUER_EB_K1,C04_MONTH_START_ISSUER_EB,1,1,,,,,
2025-05-30,C04_MONTH_START_ISSUER_EB_K1,C04_MONTH_START_ISSUER_EB,1,1,,,,,
2025-06-02,C04_MONTH_START_ISSUER_EB_K1,C04_MONTH_START_ISSUER_EB,1,1,8938,グローム・ホールディングス,0.40847153917796947,5.588235294117649,1.0
2025-06-03,C04_MONTH_START_ISSUER_EB_K1,C04_MONTH_START_ISSUER_EB,1,1,8938,グローム・ホールディングス,0.40847153917796947,-1.671309192200554,0.0
2025-06-04,C04_MONTH_START_ISSUER_EB_K1,C04_MONTH_START_ISSUER_EB,1,1,8938,グローム・ホールディングス,0.40847153917796947,0.9943181818181879,1.0
2025-06-05,C04_MONTH_START_ISSUER_EB_K1,C04_MONTH_START_ISSUER_EB,1,1,,,,,
2025-06-06,C04_MONTH_START_ISSUER_EB_K1,C04_MONTH_START_ISSUER_EB,1,1,,,,,
2025-06-09,C04_MONTH_START_ISSUER_EB_K1,C04_MONTH_START_ISSUER_EB,1,1,,,,,
2025-06-10,C04_MONTH_START_ISSUER_EB_K1,C04_MONTH_START_ISSUER_EB,1,1,,,,,
2025-06-11,C04_MONTH_START_ISSUER_EB_K1,C04_MONTH_START_ISSUER_EB,1,1,,,,,
2025-06-12,C04_MONTH_START_ISSUER_EB_K1,C04_MONTH_START_ISSUER_EB,1,1,,,,,
2025-06-13,C04_MONTH_START_ISSUER_EB_K1,C04_MONTH_START_ISSUER_EB,1,1,,,,,
2025-06-16,C04_MONTH_START_ISSUER_EB_K1,C04_MONTH_START_ISSUER_EB,1,1,,,,,
2025-06-17,C04_MONTH_START_ISSUER_EB_K1,C04_MONTH_START_ISSUER_EB,1,1,,,,,
2025-06-18,C04_MONTH_START_ISSUER_EB_K1,C04_MONTH_START_ISSUER_EB,1,1,,,,,
2025-06-19,C04_MONTH_START_ISSUER_EB_K1,C04_MONTH_START_ISSUER_EB,1,1,,,,,
2025-06-20,C04_MONTH_START_ISSUER_EB_K1,C04_MONTH_START_ISSUER_EB,1,1,,,,,
2025-06-23,C04_MONTH_START_ISSUER_EB_K1,C04_MONTH_START_ISSUER_EB,1,1,,,,,
2025-06-24,C04_MONTH_START_ISSUER_EB_K1,C04_MONTH_START_ISSUER_EB,1,1,,,,,
2025-06-25,C04_MONTH_START_ISSUER_EB_K1,C04_MONTH_START_ISSUER_EB,1,1,,,,,
2025-06-26,C04_MONTH_START_ISSUER_EB_K1,C04_MONTH_START_ISSUER_EB,1,1,,,,,
2025-06-27,C04_MONTH_START_ISSUER_EB_K1,C04_MONTH_START_ISSUER_EB,1,1,,,,,
2025-06-30,C04_MONTH_START_ISSUER_EB_K1,C04_MONTH_START_ISSUER_EB,1,1,,,,,
2025-07-01,C04_MONTH_START_ISSUER_EB_K1,C04_MONTH_START_ISSUER_EB,1,1,8938,グローム・ホールディングス,0.46594358079490905,-3.45864661654135,0.0
2025-07-02,C04_MONTH_START_ISSUER_EB_K1,C04_MONTH_START_ISSUER_EB,1,1,8938,グローム・ホールディングス,0.46594358079490905,1.0903426791277315,1.0
2025-07-03,C04_MONTH_START_ISSUER_EB_K1,C04_MONTH_START_ISSUER_EB,1,1,8938,グローム・ホールディングス,0.46594358079490905,-0.46583850931677384,0.0
2025-07-04,C04_MONTH_START_ISSUER_EB_K1,C04_MONTH_START_ISSUER_EB,1,1,,,,,
2025-07-07,C04_MONTH_START_ISSUER_EB_K1,C04_MONTH_START_ISSUER_EB,1,1,,,,,
2025-07-08,C04_MONTH_START_ISSUER_EB_K1,C04_MONTH_START_ISSUER_EB,1,1,,,,,
2025-07-09,C04_MONTH_START_ISSUER_EB_K1,C04_MONTH_START_ISSUER_EB,1,1,,,,,
2025-07-10,C04_MONTH_START_ISSUER_EB_K1,C04_MONTH_START_ISSUER_EB,1,1,,,,,
2025-07-11,C04_MONTH_START_ISSUER_EB_K1,C04_MONTH_START_ISSUER_EB,1,1,,,,,
2025-07-14,C04_MONTH_START_ISSUER_EB_K1,C04_MONTH_START_ISSUER_EB,1,1,,,,,
2025-07-15,C04_MONTH_START_ISSUER_EB_K1,C04_MONTH_START_ISSUER_EB,1,1,,,,,
2025-07-16,C04_MONTH_START_ISSUER_EB_K1,C04_MONTH_START_ISSUER_EB,1,1,,,,,
2025-07-17,C04_MONTH_START_ISSUER_EB_K1,C04_MONTH_START_ISSUER_EB,1,1,,,,,
2025-07-18,C04_MONTH_START_ISSUER_EB_K1,C04_MONTH_START_ISSUER_EB,1,1,,,,,
2025-07-22,C04_MONTH_START_ISSUER_EB_K1,C04_MONTH_START_ISSUER_EB,1,1,,,,,
2025-07-23,C04_MONTH_START_ISSUER_EB_K1,C04_MONTH_START_ISSUER_EB,1,1,,,,,
2025-07-24,C04_MONTH_START_ISSUER_EB_K1,C04_MONTH_START_ISSUER_EB,1,1,,,,,
2025-07-25,C04_MONTH_START_ISSUER_EB_K1,C04_MONTH_START_ISSUER_EB,1,1,,,,,
2025-07-28,C04_MONTH_START_ISSUER_EB_K1,C04_MONTH_START_ISSUER_EB,1,1,,,,,
2025-07-29,C04_MONTH_START_ISSUER_EB_K1,C04_MONTH_START_ISSUER_EB,1,1,,,,,
2025-07-30,C04_MONTH_START_ISSUER_EB_K1,C04_MONTH_START_ISSUER_EB,1,1,,,,,
2025-07-31,C04_MONTH_START_ISSUER_EB_K1,C04_MONTH_START_ISSUER_EB,1,1,,,,,
2024-07-01,C04_MONTH_START_ISSUER_EB_K2,C04_MONTH_START_ISSUER_EB,2,1,8938,グローム・ホールディングス,0.6841251530576431,-0.8871989860583018,0.0
2024-07-01,C04_MONTH_START_ISSUER_EB_K2,C04_MONTH_START_ISSUER_EB,2,2,1407,ウエストホールディングス,0.6390182615238774,-4.4965411222136815,0.0
2024-07-02,C04_MONTH_START_ISSUER_EB_K2,C04_MONTH_START_ISSUER_EB,2,1,8938,グローム・ホールディングス,0.6841251530576431,-0.2564102564102555,0.0
2024-07-02,C04_MONTH_START_ISSUER_EB_K2,C04_MONTH_START_ISSUER_EB,2,2,1407,ウエストホールディングス,0.6390182615238774,1.464009760065066,1.0
2024-07-03,C04_MONTH_START_ISSUER_EB_K2,C04_MONTH_START_ISSUER_EB,2,1,8938,グローム・ホールディングス,0.6841251530576431,3.2258064516129004,1.0
2024-07-03,C04_MONTH_START_ISSUER_EB_K2,C04_MONTH_START_ISSUER_EB,2,2,1407,ウエストホールディングス,0.6390182615238774,-1.8429487179487225,0.0
2024-07-04,C04_MONTH_START_ISSUER_EB_K2,C04_MONTH_START_ISSUER_EB,2,1,,,,,
2024-07-04,C04_MONTH_START_ISSUER_EB_K2,C04_MONTH_START_ISSUER_EB,2,2,,,,,
2024-07-05,C04_MONTH_START_ISSUER_EB_K2,C04_MONTH_START_ISSUER_EB,2,1,,,,,
2024-07-05,C04_MONTH_START_ISSUER_EB_K2,C04_MONTH_START_ISSUER_EB,2,2,,,,,
2024-07-08,C04_MONTH_START_ISSUER_EB_K2,C04_MONTH_START_ISSUER_EB,2,1,,,,,
2024-07-08,C04_MONTH_START_ISSUER_EB_K2,C04_MONTH_START_ISSUER_EB,2,2,,,,,
2024-07-09,C04_MONTH_START_ISSUER_EB_K2,C04_MONTH_START_ISSUER_EB,2,1,,,,,
2024-07-09,C04_MONTH_START_ISSUER_EB_K2,C04_MONTH_START_ISSUER_EB,2,2,,,,,
2024-07-10,C04_MONTH_START_ISSUER_EB_K2,C04_MONTH_START_ISSUER_EB,2,1,,,,,
2024-07-10,C04_MONTH_START_ISSUER_EB_K2,C04_MONTH_START_ISSUER_EB,2,2,,,,,
2024-07-11,C04_MONTH_START_ISSUER_EB_K2,C04_MONTH_START_ISSUER_EB,2,1,,,,,
2024-07-11,C04_MONTH_START_ISSUER_EB_K2,C04_MONTH_START_ISSUER_EB,2,2,,,,,
2024-07-12,C04_MONTH_START_ISSUER_EB_K2,C04_MONTH_START_ISSUER_EB,2,1,,,,,
2024-07-12,C04_MONTH_START_ISSUER_EB_K2,C04_MONTH_START_ISSUER_EB,2,2,,,,,
2024-07-16,C04_MONTH_START_ISSUER_EB_K2,C04_MONTH_START_ISSUER_EB,2,1,,,,,
2024-07-16,C04_MONTH_START_ISSUER_EB_K2,C04_MONTH_START_ISSUER_EB,2,2,,,,,
2024-07-17,C04_MONTH_START_ISSUER_EB_K2,C04_MONTH_START_ISSUER_EB,2,1,,,,,
2024-07-17,C04_MONTH_START_ISSUER_EB_K2,C04_MONTH_START_ISSUER_EB,2,2,,,,,
2024-07-18,C04_MONTH_START_ISSUER_EB_K2,C04_MONTH_START_ISSUER_EB,2,1,,,,,
2024-07-18,C04_MONTH_START_ISSUER_EB_K2,C04_MONTH_START_ISSUER_EB,2,2,,,,,
2024-07-19,C04_MONTH_START_ISSUER_EB_K2,C04_MONTH_START_ISSUER_EB,2,1,,,,,
2024-07-19,C04_MONTH_START_ISSUER_EB_K2,C04_MONTH_START_ISSUER_EB,2,2,,,,,
2024-07-22,C04_MONTH_START_ISSUER_EB_K2,C04_MONTH_START_ISSUER_EB,2,1,,,,,
2024-07-22,C04_MONTH_START_ISSUER_EB_K2,C04_MONTH_START_ISSUER_EB,2,2,,,,,
2024-07-23,C04_MONTH_START_ISSUER_EB_K2,C04_MONTH_START_ISSUER_EB,2,1,,,,,
2024-07-23,C04_MONTH_START_ISSUER_EB_K2,C04_MONTH_START_ISSUER_EB,2,2,,,,,
2024-07-24,C04_MONTH_START_ISSUER_EB_K2,C04_MONTH_START_ISSUER_EB,2,1,,,,,
2024-07-24,C04_MONTH_START_ISSUER_EB_K2,C04_MONTH_START_ISSUER_EB,2,2,,,,,
2024-07-25,C04_MONTH_START_ISSUER_EB_K2,C04_MONTH_START_ISSUER_EB,2,1,,,,,
2024-07-25,C04_MONTH_START_ISSUER_EB_K2,C04_MONTH_START_ISSUER_EB,2,2,,,,,
2024-07-26,C04_MONTH_START_ISSUER_EB_K2,C04_MONTH_START_ISSUER_EB,2,1,,,,,
2024-07-26,C04_MONTH_START_ISSUER_EB_K2,C04_MONTH_START_ISSUER_EB,2,2,,,,,
2024-07-29,C04_MONTH_START_ISSUER_EB_K2,C04_MONTH_START_ISSUER_EB,2,1,,,,,
2024-07-29,C04_MONTH_START_ISSUER_EB_K2,C04_MONTH_START_ISSUER_EB,2,2,,,,,
2024-07-30,C04_MONTH_START_ISSUER_EB_K2,C04_MONTH_START_ISSUER_EB,2,1,,,,,
2024-07-30,C04_MONTH_START_ISSUER_EB_K2,C04_MONTH_START_ISSUER_EB,2,2,,,,,
2024-07-31,C04_MONTH_START_ISSUER_EB_K2,C04_MONTH_START_ISSUER_EB,2,1,,,,,
2024-07-31,C04_MONTH_START_ISSUER_EB_K2,C04_MONTH_START_ISSUER_EB,2,2,,,,,
2024-08-01,C04_MONTH_START_ISSUER_EB_K2,C04_MONTH_START_ISSUER_EB,2,1,8938,グローム・ホールディングス,0.6521133337860027,-4.433497536945808,0.0
2024-08-01,C04_MONTH_START_ISSUER_EB_K2,C04_MONTH_START_ISSUER_EB,2,2,7781,平山ホールディングス,0.5962591310608416,-3.7142857142857144,0.0
2024-08-02,C04_MONTH_START_ISSUER_EB_K2,C04_MONTH_START_ISSUER_EB,2,1,8938,グローム・ホールディングス,0.6521133337860027,-4.021447721179627,0.0
2024-08-02,C04_MONTH_START_ISSUER_EB_K2,C04_MONTH_START_ISSUER_EB,2,2,7781,平山ホールディングス,0.5962591310608416,-4.040404040404044,0.0
2024-08-05,C04_MONTH_START_ISSUER_EB_K2,C04_MONTH_START_ISSUER_EB,2,1,7781,平山ホールディングス,0.5962591310608416,-7.862679955703211,0.0
2024-08-05,C04_MONTH_START_ISSUER_EB_K2,C04_MONTH_START_ISSUER_EB,2,2,9416,ビジョン,0.5951950720311442,-9.913043478260875,0.0
2024-08-06,C04_MONTH_START_ISSUER_EB_K2,C04_MONTH_START_ISSUER_EB,2,1,,,,,
2024-08-06,C04_MONTH_START_ISSUER_EB_K2,C04_MONTH_START_ISSUER_EB,2,2,,,,,
2024-08-07,C04_MONTH_START_ISSUER_EB_K2,C04_MONTH_START_ISSUER_EB,2,1,,,,,
2024-08-07,C04_MONTH_START_ISSUER_EB_K2,C04_MONTH_START_ISSUER_EB,2,2,,,,,
2024-08-08,C04_MONTH_START_ISSUER_EB_K2,C04_MONTH_START_ISSUER_EB,2,1,,,,,
2024-08-08,C04_MONTH_START_ISSUER_EB_K2,C04_MONTH_START_ISSUER_EB,2,2,,,,,
2024-08-09,C04_MONTH_START_ISSUER_EB_K2,C04_MONTH_START_ISSUER_EB,2,1,,,,,
2024-08-09,C04_MONTH_START_ISSUER_EB_K2,C04_MONTH_START_ISSUER_EB,2,2,,,,,
2024-08-13,C04_MONTH_START_ISSUER_EB_K2,C04_MONTH_START_ISSUER_EB,2,1,,,,,
2024-08-13,C04_MONTH_START_ISSUER_EB_K2,C04_MONTH_START_ISSUER_EB,2,2,,,,,
2024-08-14,C04_MONTH_START_ISSUER_EB_K2,C04_MONTH_START_ISSUER_EB,2,1,,,,,
2024-08-14,C04_MONTH_START_ISSUER_EB_K2,C04_MONTH_START_ISSUER_EB,2,2,,,,,
2024-08-15,C04_MONTH_START_ISSUER_EB_K2,C04_MONTH_START_ISSUER_EB,2,1,,,,,
2024-08-15,C04_MONTH_START_ISSUER_EB_K2,C04_MONTH_START_ISSUER_EB,2,2,,,,,
2024-08-16,C04_MONTH_START_ISSUER_EB_K2,C04_MONTH_START_ISSUER_EB,2,1,,,,,
2024-08-16,C04_MONTH_START_ISSUER_EB_K2,C04_MONTH_START_ISSUER_EB,2,2,,,,,
2024-08-19,C04_MONTH_START_ISSUER_EB_K2,C04_MONTH_START_ISSUER_EB,2,1,,,,,
2024-08-19,C04_MONTH_START_ISSUER_EB_K2,C04_MONTH_START_ISSUER_EB,2,2,,,,,
2024-08-20,C04_MONTH_START_ISSUER_EB_K2,C04_MONTH_START_ISSUER_EB,2,1,,,,,
2024-08-20,C04_MONTH_START_ISSUER_EB_K2,C04_MONTH_START_ISSUER_EB,2,2,,,,,
2024-08-21,C04_MONTH_START_ISSUER_EB_K2,C04_MONTH_START_ISSUER_EB,2,1,,,,,
2024-08-21,C04_MONTH_START_ISSUER_EB_K2,C04_MONTH_START_ISSUER_EB,2,2,,,,,
2024-08-22,C04_MONTH_START_ISSUER_EB_K2,C04_MONTH_START_ISSUER_EB,2,1,,,,,
2024-08-22,C04_MONTH_START_ISSUER_EB_K2,C04_MONTH_START_ISSUER_EB,2,2,,,,,
2024-08-23,C04_MONTH_START_ISSUER_EB_K2,C04_MONTH_START_ISSUER_EB,2,1,,,,,
2024-08-23,C04_MONTH_START_ISSUER_EB_K2,C04_MONTH_START_ISSUER_EB,2,2,,,,,
2024-08-26,C04_MONTH_START_ISSUER_EB_K2,C04_MONTH_START_ISSUER_EB,2,1,,,,,
2024-08-26,C04_MONTH_START_ISSUER_EB_K2,C04_MONTH_START_ISSUER_EB,2,2,,,,,
2024-08-27,C04_MONTH_START_ISSUER_EB_K2,C04_MONTH_START_ISSUER_EB,2,1,,,,,
2024-08-27,C04_MONTH_START_ISSUER_EB_K2,C04_MONTH_START_ISSUER_EB,2,2,,,,,
2024-08-28,C04_MONTH_START_ISSUER_EB_K2,C04_MONTH_START_ISSUER_EB,2,1,,,,,
2024-08-28,C04_MONTH_START_ISSUER_EB_K2,C04_MONTH_START_ISSUER_EB,2,2,,,,,
2024-08-29,C04_MONTH_START_ISSUER_EB_K2,C04_MONTH_START_ISSUER_EB,2,1,,,,,
2024-08-29,C04_MONTH_START_ISSUER_EB_K2,C04_MONTH_START_ISSUER_EB,2,2,,,,,
2024-08-30,C04_MONTH_START_ISSUER_EB_K2,C04_MONTH_START_ISSUER_EB,2,1,,,,,
2024-08-30,C04_MONTH_START_ISSUER_EB_K2,C04_MONTH_START_ISSUER_EB,2,2,,,,,
2024-09-02,C04_MONTH_START_ISSUER_EB_K2,C04_MONTH_START_ISSUER_EB,2,1,,,,,
2024-09-02,C04_MONTH_START_ISSUER_EB_K2,C04_MONTH_START_ISSUER_EB,2,2,,,,,
2024-09-03,C04_MONTH_START_ISSUER_EB_K2,C04_MONTH_START_ISSUER_EB,2,1,,,,,
2024-09-03,C04_MONTH_START_ISSUER_EB_K2,C04_MONTH_START_ISSUER_EB,2,2,,,,,
2024-09-04,C04_MONTH_START_ISSUER_EB_K2,C04_MONTH_START_ISSUER_EB,2,1,,,,,
2024-09-04,C04_MONTH_START_ISSUER_EB_K2,C04_MONTH_START_ISSUER_EB,2,2,,,,,
2024-09-05,C04_MONTH_START_ISSUER_EB_K2,C04_MONTH_START_ISSUER_EB,2,1,,,,,
2024-09-05,C04_MONTH_START_ISSUER_EB_K2,C04_MONTH_START_ISSUER_EB,2,2,,,,,
2024-09-06,C04_MONTH_START_ISSUER_EB_K2,C04_MONTH_START_ISSUER_EB,2,1,,,,,
2024-09-06,C04_MONTH_START_ISSUER_EB_K2,C04_MONTH_START_ISSUER_EB,2,2,,,,,
2024-09-09,C04_MONTH_START_ISSUER_EB_K2,C04_MONTH_START_ISSUER_EB,2,1,,,,,
2024-09-09,C04_MONTH_START_ISSUER_EB_K2,C04_MONTH_START_ISSUER_EB,2,2,,,,,
2024-09-10,C04_MONTH_START_ISSUER_EB_K2,C04_MONTH_START_ISSUER_EB,2,1,,,,,
2024-09-10,C04_MONTH_START_ISSUER_EB_K2,C04_MONTH_START_ISSUER_EB,2,2,,,,,
2024-09-11,C04_MONTH_START_ISSUER_EB_K2,C04_MONTH_START_ISSUER_EB,2,1,,,,,
2024-09-11,C04_MONTH_START_ISSUER_EB_K2,C04_MONTH_START_ISSUER_EB,2,2,,,,,
2024-09-12,C04_MONTH_START_ISSUER_EB_K2,C04_MONTH_START_ISSUER_EB,2,1,,,,,
2024-09-12,C04_MONTH_START_ISSUER_EB_K2,C04_MONTH_START_ISSUER_EB,2,2,,,,,
2024-09-13,C04_MONTH_START_ISSUER_EB_K2,C04_MONTH_START_ISSUER_EB,2,1,,,,,
2024-09-13,C04_MONTH_START_ISSUER_EB_K2,C04_MONTH_START_ISSUER_EB,2,2,,,,,
2024-09-17,C04_MONTH_START_ISSUER_EB_K2,C04_MONTH_START_ISSUER_EB,2,1,,,,,
2024-09-17,C04_MONTH_START_ISSUER_EB_K2,C04_MONTH_START_ISSUER_EB,2,2,,,,,
2024-09-18,C04_MONTH_START_ISSUER_EB_K2,C04_MONTH_START_ISSUER_EB,2,1,,,,,
2024-09-18,C04_MONTH_START_ISSUER_EB_K2,C04_MONTH_START_ISSUER_EB,2,2,,,,,
2024-09-19,C04_MONTH_START_ISSUER_EB_K2,C04_MONTH_START_ISSUER_EB,2,1,,,,,
2024-09-19,C04_MONTH_START_ISSUER_EB_K2,C04_MONTH_START_ISSUER_EB,2,2,,,,,
2024-09-20,C04_MONTH_START_ISSUER_EB_K2,C04_MONTH_START_ISSUER_EB,2,1,,,,,
2024-09-20,C04_MONTH_START_ISSUER_EB_K2,C04_MONTH_START_ISSUER_EB,2,2,,,,,
2024-09-24,C04_MONTH_START_ISSUER_EB_K2,C04_MONTH_START_ISSUER_EB,2,1,,,,,
2024-09-24,C04_MONTH_START_ISSUER_EB_K2,C04_MONTH_START_ISSUER_EB,2,2,,,,,
2024-09-25,C04_MONTH_START_ISSUER_EB_K2,C04_MONTH_START_ISSUER_EB,2,1,,,,,
2024-09-25,C04_MONTH_START_ISSUER_EB_K2,C04_MONTH_START_ISSUER_EB,2,2,,,,,
2024-09-26,C04_MONTH_START_ISSUER_EB_K2,C04_MONTH_START_ISSUER_EB,2,1,,,,,
2024-09-26,C04_MONTH_START_ISSUER_EB_K2,C04_MONTH_START_ISSUER_EB,2,2,,,,,
2024-09-27,C04_MONTH_START_ISSUER_EB_K2,C04_MONTH_START_ISSUER_EB,2,1,,,,,
2024-09-27,C04_MONTH_START_ISSUER_EB_K2,C04_MONTH_START_ISSUER_EB,2,2,,,,,
2024-09-30,C04_MONTH_START_ISSUER_EB_K2,C04_MONTH_START_ISSUER_EB,2,1,,,,,
2024-09-30,C04_MONTH_START_ISSUER_EB_K2,C04_MONTH_START_ISSUER_EB,2,2,,,,,
2024-10-01,C04_MONTH_START_ISSUER_EB_K2,C04_MONTH_START_ISSUER_EB,2,1,,,,,
2024-10-01,C04_MONTH_START_ISSUER_EB_K2,C04_MONTH_START_ISSUER_EB,2,2,,,,,
2024-10-02,C04_MONTH_START_ISSUER_EB_K2,C04_MONTH_START_ISSUER_EB,2,1,,,,,
2024-10-02,C04_MONTH_START_ISSUER_EB_K2,C04_MONTH_START_ISSUER_EB,2,2,,,,,
2024-10-03,C04_MONTH_START_ISSUER_EB_K2,C04_MONTH_START_ISSUER_EB,2,1,,,,,
2024-10-03,C04_MONTH_START_ISSUER_EB_K2,C04_MONTH_START_ISSUER_EB,2,2,,,,,
2024-10-04,C04_MONTH_START_ISSUER_EB_K2,C04_MONTH_START_ISSUER_EB,2,1,,,,,
2024-10-04,C04_MONTH_START_ISSUER_EB_K2,C04_MONTH_START_ISSUER_EB,2,2,,,,,
2024-10-07,C04_MONTH_START_ISSUER_EB_K2,C04_MONTH_START_ISSUER_EB,2,1,,,,,
2024-10-07,C04_MONTH_START_ISSUER_EB_K2,C04_MONTH_START_ISSUER_EB,2,2,,,,,
2024-10-08,C04_MONTH_START_ISSUER_EB_K2,C04_MONTH_START_ISSUER_EB,2,1,,,,,
2024-10-08,C04_MONTH_START_ISSUER_EB_K2,C04_MONTH_START_ISSUER_EB,2,2,,,,,
2024-10-09,C04_MONTH_START_ISSUER_EB_K2,C04_MONTH_START_ISSUER_EB,2,1,,,,,
2024-10-09,C04_MONTH_START_ISSUER_EB_K2,C04_MONTH_START_ISSUER_EB,2,2,,,,,
2024-10-10,C04_MONTH_START_ISSUER_EB_K2,C04_MONTH_START_ISSUER_EB,2,1,,,,,
2024-10-10,C04_MONTH_START_ISSUER_EB_K2,C04_MONTH_START_ISSUER_EB,2,2,,,,,
2024-10-11,C04_MONTH_START_ISSUER_EB_K2,C04_MONTH_START_ISSUER_EB,2,1,,,,,
2024-10-11,C04_MONTH_START_ISSUER_EB_K2,C04_MONTH_START_ISSUER_EB,2,2,,,,,
2024-10-15,C04_MONTH_START_ISSUER_EB_K2,C04_MONTH_START_ISSUER_EB,2,1,,,,,
2024-10-15,C04_MONTH_START_ISSUER_EB_K2,C04_MONTH_START_ISSUER_EB,2,2,,,,,
2024-10-16,C04_MONTH_START_ISSUER_EB_K2,C04_MONTH_START_ISSUER_EB,2,1,,,,,
2024-10-16,C04_MONTH_START_ISSUER_EB_K2,C04_MONTH_START_ISSUER_EB,2,2,,,,,
2024-10-17,C04_MONTH_START_ISSUER_EB_K2,C04_MONTH_START_ISSUER_EB,2,1,,,,,
2024-10-17,C04_MONTH_START_ISSUER_EB_K2,C04_MONTH_START_ISSUER_EB,2,2,,,,,
2024-10-18,C04_MONTH_START_ISSUER_EB_K2,C04_MONTH_START_ISSUER_EB,2,1,,,,,
2024-10-18,C04_MONTH_START_ISSUER_EB_K2,C04_MONTH_START_ISSUER_EB,2,2,,,,,
2024-10-21,C04_MONTH_START_ISSUER_EB_K2,C04_MONTH_START_ISSUER_EB,2,1,,,,,
2024-10-21,C04_MONTH_START_ISSUER_EB_K2,C04_MONTH_START_ISSUER_EB,2,2,,,,,
2024-10-22,C04_MONTH_START_ISSUER_EB_K2,C04_MONTH_START_ISSUER_EB,2,1,,,,,
2024-10-22,C04_MONTH_START_ISSUER_EB_K2,C04_MONTH_START_ISSUER_EB,2,2,,,,,
2024-10-23,C04_MONTH_START_ISSUER_EB_K2,C04_MONTH_START_ISSUER_EB,2,1,,,,,
2024-10-23,C04_MONTH_START_ISSUER_EB_K2,C04_MONTH_START_ISSUER_EB,2,2,,,,,
2024-10-24,C04_MONTH_START_ISSUER_EB_K2,C04_MONTH_START_ISSUER_EB,2,1,,,,,
2024-10-24,C04_MONTH_START_ISSUER_EB_K2,C04_MONTH_START_ISSUER_EB,2,2,,,,,
2024-10-25,C04_MONTH_START_ISSUER_EB_K2,C04_MONTH_START_ISSUER_EB,2,1,,,,,
2024-10-25,C04_MONTH_START_ISSUER_EB_K2,C04_MONTH_START_ISSUER_EB,2,2,,,,,
2024-10-28,C04_MONTH_START_ISSUER_EB_K2,C04_MONTH_START_ISSUER_EB,2,1,,,,,
2024-10-28,C04_MONTH_START_ISSUER_EB_K2,C04_MONTH_START_ISSUER_EB,2,2,,,,,
2024-10-29,C04_MONTH_START_ISSUER_EB_K2,C04_MONTH_START_ISSUER_EB,2,1,,,,,
2024-10-29,C04_MONTH_START_ISSUER_EB_K2,C04_MONTH_START_ISSUER_EB,2,2,,,,,
2024-10-30,C04_MONTH_START_ISSUER_EB_K2,C04_MONTH_START_ISSUER_EB,2,1,,,,,
2024-10-30,C04_MONTH_START_ISSUER_EB_K2,C04_MONTH_START_ISSUER_EB,2,2,,,,,
2024-10-31,C04_MONTH_START_ISSUER_EB_K2,C04_MONTH_START_ISSUER_EB,2,1,,,,,
2024-10-31,C04_MONTH_START_ISSUER_EB_K2,C04_MONTH_START_ISSUER_EB,2,2,,,,,
2024-11-01,C04_MONTH_START_ISSUER_EB_K2,C04_MONTH_START_ISSUER_EB,2,1,,,,,
2024-11-01,C04_MONTH_START_ISSUER_EB_K2,C04_MONTH_START_ISSUER_EB,2,2,,,,,
2024-11-05,C04_MONTH_START_ISSUER_EB_K2,C04_MONTH_START_ISSUER_EB,2,1,,,,,
2024-11-05,C04_MONTH_START_ISSUER_EB_K2,C04_MONTH_START_ISSUER_EB,2,2,,,,,
2024-11-06,C04_MONTH_START_ISSUER_EB_K2,C04_MONTH_START_ISSUER_EB,2,1,,,,,
2024-11-06,C04_MONTH_START_ISSUER_EB_K2,C04_MONTH_START_ISSUER_EB,2,2,,,,,
2024-11-07,C04_MONTH_START_ISSUER_EB_K2,C04_MONTH_START_ISSUER_EB,2,1,,,,,
2024-11-07,C04_MONTH_START_ISSUER_EB_K2,C04_MONTH_START_ISSUER_EB,2,2,,,,,
2024-11-08,C04_MONTH_START_ISSUER_EB_K2,C04_MONTH_START_ISSUER_EB,2,1,,,,,
2024-11-08,C04_MONTH_START_ISSUER_EB_K2,C04_MONTH_START_ISSUER_EB,2,2,,,,,
2024-11-11,C04_MONTH_START_ISSUER_EB_K2,C04_MONTH_START_ISSUER_EB,2,1,,,,,
2024-11-11,C04_MONTH_START_ISSUER_EB_K2,C04_MONTH_START_ISSUER_EB,2,2,,,,,
2024-11-12,C04_MONTH_START_ISSUER_EB_K2,C04_MONTH_START_ISSUER_EB,2,1,,,,,
2024-11-12,C04_MONTH_START_ISSUER_EB_K2,C04_MONTH_START_ISSUER_EB,2,2,,,,,
2024-11-13,C04_MONTH_START_ISSUER_EB_K2,C04_MONTH_START_ISSUER_EB,2,1,,,,,
2024-11-13,C04_MONTH_START_ISSUER_EB_K2,C04_MONTH_START_ISSUER_EB,2,2,,,,,
2024-11-14,C04_MONTH_START_ISSUER_EB_K2,C04_MONTH_START_ISSUER_EB,2,1,,,,,
2024-11-14,C04_MONTH_START_ISSUER_EB_K2,C04_MONTH_START_ISSUER_EB,2,2,,,,,
2024-11-15,C04_MONTH_START_ISSUER_EB_K2,C04_MONTH_START_ISSUER_EB,2,1,,,,,
2024-11-15,C04_MONTH_START_ISSUER_EB_K2,C04_MONTH_START_ISSUER_EB,2,2,,,,,
2024-11-18,C04_MONTH_START_ISSUER_EB_K2,C04_MONTH_START_ISSUER_EB,2,1,,,,,
2024-11-18,C04_MONTH_START_ISSUER_EB_K2,C04_MONTH_START_ISSUER_EB,2,2,,,,,
2024-11-19,C04_MONTH_START_ISSUER_EB_K2,C04_MONTH_START_ISSUER_EB,2,1,,,,,
2024-11-19,C04_MONTH_START_ISSUER_EB_K2,C04_MONTH_START_ISSUER_EB,2,2,,,,,
2024-11-20,C04_MONTH_START_ISSUER_EB_K2,C04_MONTH_START_ISSUER_EB,2,1,,,,,
2024-11-20,C04_MONTH_START_ISSUER_EB_K2,C04_MONTH_START_ISSUER_EB,2,2,,,,,
2024-11-21,C04_MONTH_START_ISSUER_EB_K2,C04_MONTH_START_ISSUER_EB,2,1,,,,,
2024-11-21,C04_MONTH_START_ISSUER_EB_K2,C04_MONTH_START_ISSUER_EB,2,2,,,,,
2024-11-22,C04_MONTH_START_ISSUER_EB_K2,C04_MONTH_START_ISSUER_EB,2,1,,,,,
2024-11-22,C04_MONTH_START_ISSUER_EB_K2,C04_MONTH_START_ISSUER_EB,2,2,,,,,
2024-11-25,C04_MONTH_START_ISSUER_EB_K2,C04_MONTH_START_ISSUER_EB,2,1,,,,,
2024-11-25,C04_MONTH_START_ISSUER_EB_K2,C04_MONTH_START_ISSUER_EB,2,2,,,,,
2024-11-26,C04_MONTH_START_ISSUER_EB_K2,C04_MONTH_START_ISSUER_EB,2,1,,,,,
2024-11-26,C04_MONTH_START_ISSUER_EB_K2,C04_MONTH_START_ISSUER_EB,2,2,,,,,
2024-11-27,C04_MONTH_START_ISSUER_EB_K2,C04_MONTH_START_ISSUER_EB,2,1,,,,,
2024-11-27,C04_MONTH_START_ISSUER_EB_K2,C04_MONTH_START_ISSUER_EB,2,2,,,,,
2024-11-28,C04_MONTH_START_ISSUER_EB_K2,C04_MONTH_START_ISSUER_EB,2,1,,,,,
2024-11-28,C04_MONTH_START_ISSUER_EB_K2,C04_MONTH_START_ISSUER_EB,2,2,,,,,
2024-11-29,C04_MONTH_START_ISSUER_EB_K2,C04_MONTH_START_ISSUER_EB,2,1,,,,,
2024-11-29,C04_MONTH_START_ISSUER_EB_K2,C04_MONTH_START_ISSUER_EB,2,2,,,,,
2024-12-02,C04_MONTH_START_ISSUER_EB_K2,C04_MONTH_START_ISSUER_EB,2,1,3623,ビリングシステム,0.4158507082649181,-0.8535784635587684,0.0
2024-12-02,C04_MONTH_START_ISSUER_EB_K2,C04_MONTH_START_ISSUER_EB,2,2,,,,,
2024-12-03,C04_MONTH_START_ISSUER_EB_K2,C04_MONTH_START_ISSUER_EB,2,1,3623,ビリングシステム,0.4158507082649181,0.5988023952095745,1.0
2024-12-03,C04_MONTH_START_ISSUER_EB_K2,C04_MONTH_START_ISSUER_EB,2,2,,,,,
2024-12-04,C04_MONTH_START_ISSUER_EB_K2,C04_MONTH_START_ISSUER_EB,2,1,3623,ビリングシステム,0.4158507082649181,4.927726675427069,1.0
2024-12-04,C04_MONTH_START_ISSUER_EB_K2,C04_MONTH_START_ISSUER_EB,2,2,,,,,
2024-12-05,C04_MONTH_START_ISSUER_EB_K2,C04_MONTH_START_ISSUER_EB,2,1,,,,,
2024-12-05,C04_MONTH_START_ISSUER_EB_K2,C04_MONTH_START_ISSUER_EB,2,2,,,,,
2024-12-06,C04_MONTH_START_ISSUER_EB_K2,C04_MONTH_START_ISSUER_EB,2,1,,,,,
2024-12-06,C04_MONTH_START_ISSUER_EB_K2,C04_MONTH_START_ISSUER_EB,2,2,,,,,
2024-12-09,C04_MONTH_START_ISSUER_EB_K2,C04_MONTH_START_ISSUER_EB,2,1,,,,,
2024-12-09,C04_MONTH_START_ISSUER_EB_K2,C04_MONTH_START_ISSUER_EB,2,2,,,,,
2024-12-10,C04_MONTH_START_ISSUER_EB_K2,C04_MONTH_START_ISSUER_EB,2,1,,,,,
2024-12-10,C04_MONTH_START_ISSUER_EB_K2,C04_MONTH_START_ISSUER_EB,2,2,,,,,
2024-12-11,C04_MONTH_START_ISSUER_EB_K2,C04_MONTH_START_ISSUER_EB,2,1,,,,,
2024-12-11,C04_MONTH_START_ISSUER_EB_K2,C04_MONTH_START_ISSUER_EB,2,2,,,,,
2024-12-12,C04_MONTH_START_ISSUER_EB_K2,C04_MONTH_START_ISSUER_EB,2,1,,,,,
2024-12-12,C04_MONTH_START_ISSUER_EB_K2,C04_MONTH_START_ISSUER_EB,2,2,,,,,
2024-12-13,C04_MONTH_START_ISSUER_EB_K2,C04_MONTH_START_ISSUER_EB,2,1,,,,,
2024-12-13,C04_MONTH_START_ISSUER_EB_K2,C04_MONTH_START_ISSUER_EB,2,2,,,,,
2024-12-16,C04_MONTH_START_ISSUER_EB_K2,C04_MONTH_START_ISSUER_EB,2,1,,,,,
2024-12-16,C04_MONTH_START_ISSUER_EB_K2,C04_MONTH_START_ISSUER_EB,2,2,,,,,
2024-12-17,C04_MONTH_START_ISSUER_EB_K2,C04_MONTH_START_ISSUER_EB,2,1,,,,,
2024-12-17,C04_MONTH_START_ISSUER_EB_K2,C04_MONTH_START_ISSUER_EB,2,2,,,,,
2024-12-18,C04_MONTH_START_ISSUER_EB_K2,C04_MONTH_START_ISSUER_EB,2,1,,,,,
2024-12-18,C04_MONTH_START_ISSUER_EB_K2,C04_MONTH_START_ISSUER_EB,2,2,,,,,
2024-12-19,C04_MONTH_START_ISSUER_EB_K2,C04_MONTH_START_ISSUER_EB,2,1,,,,,
2024-12-19,C04_MONTH_START_ISSUER_EB_K2,C04_MONTH_START_ISSUER_EB,2,2,,,,,
2024-12-20,C04_MONTH_START_ISSUER_EB_K2,C04_MONTH_START_ISSUER_EB,2,1,,,,,
2024-12-20,C04_MONTH_START_ISSUER_EB_K2,C04_MONTH_START_ISSUER_EB,2,2,,,,,
2024-12-23,C04_MONTH_START_ISSUER_EB_K2,C04_MONTH_START_ISSUER_EB,2,1,,,,,
2024-12-23,C04_MONTH_START_ISSUER_EB_K2,C04_MONTH_START_ISSUER_EB,2,2,,,,,
2024-12-24,C04_MONTH_START_ISSUER_EB_K2,C04_MONTH_START_ISSUER_EB,2,1,,,,,
2024-12-24,C04_MONTH_START_ISSUER_EB_K2,C04_MONTH_START_ISSUER_EB,2,2,,,,,
2024-12-25,C04_MONTH_START_ISSUER_EB_K2,C04_MONTH_START_ISSUER_EB,2,1,,,,,
2024-12-25,C04_MONTH_START_ISSUER_EB_K2,C04_MONTH_START_ISSUER_EB,2,2,,,,,
2024-12-26,C04_MONTH_START_ISSUER_EB_K2,C04_MONTH_START_ISSUER_EB,2,1,,,,,
2024-12-26,C04_MONTH_START_ISSUER_EB_K2,C04_MONTH_START_ISSUER_EB,2,2,,,,,
2024-12-27,C04_MONTH_START_ISSUER_EB_K2,C04_MONTH_START_ISSUER_EB,2,1,,,,,
2024-12-27,C04_MONTH_START_ISSUER_EB_K2,C04_MONTH_START_ISSUER_EB,2,2,,,,,
2024-12-30,C04_MONTH_START_ISSUER_EB_K2,C04_MONTH_START_ISSUER_EB,2,1,,,,,
2024-12-30,C04_MONTH_START_ISSUER_EB_K2,C04_MONTH_START_ISSUER_EB,2,2,,,,,
2025-01-06,C04_MONTH_START_ISSUER_EB_K2,C04_MONTH_START_ISSUER_EB,2,1,3623,ビリングシステム,0.5117472564281446,-2.7576197387518153,0.0
2025-01-06,C04_MONTH_START_ISSUER_EB_K2,C04_MONTH_START_ISSUER_EB,2,2,,,,,
2025-01-07,C04_MONTH_START_ISSUER_EB_K2,C04_MONTH_START_ISSUER_EB,2,1,3623,ビリングシステム,0.5117472564281446,0.07407407407407085,1.0
2025-01-07,C04_MONTH_START_ISSUER_EB_K2,C04_MONTH_START_ISSUER_EB,2,2,,,,,
2025-01-08,C04_MONTH_START_ISSUER_EB_K2,C04_MONTH_START_ISSUER_EB,2,1,3623,ビリングシステム,0.5117472564281446,0.0,0.0
2025-01-08,C04_MONTH_START_ISSUER_EB_K2,C04_MONTH_START_ISSUER_EB,2,2,,,,,
2025-01-09,C04_MONTH_START_ISSUER_EB_K2,C04_MONTH_START_ISSUER_EB,2,1,,,,,
2025-01-09,C04_MONTH_START_ISSUER_EB_K2,C04_MONTH_START_ISSUER_EB,2,2,,,,,
2025-01-10,C04_MONTH_START_ISSUER_EB_K2,C04_MONTH_START_ISSUER_EB,2,1,,,,,
2025-01-10,C04_MONTH_START_ISSUER_EB_K2,C04_MONTH_START_ISSUER_EB,2,2,,,,,
2025-01-14,C04_MONTH_START_ISSUER_EB_K2,C04_MONTH_START_ISSUER_EB,2,1,,,,,
2025-01-14,C04_MONTH_START_ISSUER_EB_K2,C04_MONTH_START_ISSUER_EB,2,2,,,,,
2025-01-15,C04_MONTH_START_ISSUER_EB_K2,C04_MONTH_START_ISSUER_EB,2,1,,,,,
2025-01-15,C04_MONTH_START_ISSUER_EB_K2,C04_MONTH_START_ISSUER_EB,2,2,,,,,
2025-01-16,C04_MONTH_START_ISSUER_EB_K2,C04_MONTH_START_ISSUER_EB,2,1,,,,,
2025-01-16,C04_MONTH_START_ISSUER_EB_K2,C04_MONTH_START_ISSUER_EB,2,2,,,,,
2025-01-17,C04_MONTH_START_ISSUER_EB_K2,C04_MONTH_START_ISSUER_EB,2,1,,,,,
2025-01-17,C04_MONTH_START_ISSUER_EB_K2,C04_MONTH_START_ISSUER_EB,2,2,,,,,
2025-01-20,C04_MONTH_START_ISSUER_EB_K2,C04_MONTH_START_ISSUER_EB,2,1,,,,,
2025-01-20,C04_MONTH_START_ISSUER_EB_K2,C04_MONTH_START_ISSUER_EB,2,2,,,,,
2025-01-21,C04_MONTH_START_ISSUER_EB_K2,C04_MONTH_START_ISSUER_EB,2,1,,,,,
2025-01-21,C04_MONTH_START_ISSUER_EB_K2,C04_MONTH_START_ISSUER_EB,2,2,,,,,
2025-01-22,C04_MONTH_START_ISSUER_EB_K2,C04_MONTH_START_ISSUER_EB,2,1,,,,,
2025-01-22,C04_MONTH_START_ISSUER_EB_K2,C04_MONTH_START_ISSUER_EB,2,2,,,,,
2025-01-23,C04_MONTH_START_ISSUER_EB_K2,C04_MONTH_START_ISSUER_EB,2,1,,,,,
2025-01-23,C04_MONTH_START_ISSUER_EB_K2,C04_MONTH_START_ISSUER_EB,2,2,,,,,
2025-01-24,C04_MONTH_START_ISSUER_EB_K2,C04_MONTH_START_ISSUER_EB,2,1,,,,,
2025-01-24,C04_MONTH_START_ISSUER_EB_K2,C04_MONTH_START_ISSUER_EB,2,2,,,,,
2025-01-27,C04_MONTH_START_ISSUER_EB_K2,C04_MONTH_START_ISSUER_EB,2,1,,,,,
2025-01-27,C04_MONTH_START_ISSUER_EB_K2,C04_MONTH_START_ISSUER_EB,2,2,,,,,
2025-01-28,C04_MONTH_START_ISSUER_EB_K2,C04_MONTH_START_ISSUER_EB,2,1,,,,,
2025-01-28,C04_MONTH_START_ISSUER_EB_K2,C04_MONTH_START_ISSUER_EB,2,2,,,,,
2025-01-29,C04_MONTH_START_ISSUER_EB_K2,C04_MONTH_START_ISSUER_EB,2,1,,,,,
2025-01-29,C04_MONTH_START_ISSUER_EB_K2,C04_MONTH_START_ISSUER_EB,2,2,,,,,
2025-01-30,C04_MONTH_START_ISSUER_EB_K2,C04_MONTH_START_ISSUER_EB,2,1,,,,,
2025-01-30,C04_MONTH_START_ISSUER_EB_K2,C04_MONTH_START_ISSUER_EB,2,2,,,,,
2025-01-31,C04_MONTH_START_ISSUER_EB_K2,C04_MONTH_START_ISSUER_EB,2,1,,,,,
2025-01-31,C04_MONTH_START_ISSUER_EB_K2,C04_MONTH_START_ISSUER_EB,2,2,,,,,
2025-02-03,C04_MONTH_START_ISSUER_EB_K2,C04_MONTH_START_ISSUER_EB,2,1,8938,グローム・ホールディングス,0.4414725444448609,0.14164305949009304,1.0
2025-02-03,C04_MONTH_START_ISSUER_EB_K2,C04_MONTH_START_ISSUER_EB,2,2,3623,ビリングシステム,0.4234707069814767,-0.8403361344537785,0.0
2025-02-04,C04_MONTH_START_ISSUER_EB_K2,C04_MONTH_START_ISSUER_EB,2,1,8938,グローム・ホールディングス,0.4414725444448609,2.1186440677966045,1.0
2025-02-04,C04_MONTH_START_ISSUER_EB_K2,C04_MONTH_START_ISSUER_EB,2,2,3623,ビリングシステム,0.4234707069814767,-0.3389830508474523,0.0
2025-02-05,C04_MONTH_START_ISSUER_EB_K2,C04_MONTH_START_ISSUER_EB,2,1,8938,グローム・ホールディングス,0.4414725444448609,0.5540166204986097,1.0
2025-02-05,C04_MONTH_START_ISSUER_EB_K2,C04_MONTH_START_ISSUER_EB,2,2,3623,ビリングシステム,0.4234707069814767,1.5332197614991383,1.0
2025-02-06,C04_MONTH_START_ISSUER_EB_K2,C04_MONTH_START_ISSUER_EB,2,1,,,,,
2025-02-06,C04_MONTH_START_ISSUER_EB_K2,C04_MONTH_START_ISSUER_EB,2,2,,,,,
2025-02-07,C04_MONTH_START_ISSUER_EB_K2,C04_MONTH_START_ISSUER_EB,2,1,,,,,
2025-02-07,C04_MONTH_START_ISSUER_EB_K2,C04_MONTH_START_ISSUER_EB,2,2,,,,,
2025-02-10,C04_MONTH_START_ISSUER_EB_K2,C04_MONTH_START_ISSUER_EB,2,1,,,,,
2025-02-10,C04_MONTH_START_ISSUER_EB_K2,C04_MONTH_START_ISSUER_EB,2,2,,,,,
2025-02-12,C04_MONTH_START_ISSUER_EB_K2,C04_MONTH_START_ISSUER_EB,2,1,,,,,
2025-02-12,C04_MONTH_START_ISSUER_EB_K2,C04_MONTH_START_ISSUER_EB,2,2,,,,,
2025-02-13,C04_MONTH_START_ISSUER_EB_K2,C04_MONTH_START_ISSUER_EB,2,1,,,,,
2025-02-13,C04_MONTH_START_ISSUER_EB_K2,C04_MONTH_START_ISSUER_EB,2,2,,,,,
2025-02-14,C04_MONTH_START_ISSUER_EB_K2,C04_MONTH_START_ISSUER_EB,2,1,,,,,
2025-02-14,C04_MONTH_START_ISSUER_EB_K2,C04_MONTH_START_ISSUER_EB,2,2,,,,,
2025-02-17,C04_MONTH_START_ISSUER_EB_K2,C04_MONTH_START_ISSUER_EB,2,1,,,,,
2025-02-17,C04_MONTH_START_ISSUER_EB_K2,C04_MONTH_START_ISSUER_EB,2,2,,,,,
2025-02-18,C04_MONTH_START_ISSUER_EB_K2,C04_MONTH_START_ISSUER_EB,2,1,,,,,
2025-02-18,C04_MONTH_START_ISSUER_EB_K2,C04_MONTH_START_ISSUER_EB,2,2,,,,,
2025-02-19,C04_MONTH_START_ISSUER_EB_K2,C04_MONTH_START_ISSUER_EB,2,1,,,,,
2025-02-19,C04_MONTH_START_ISSUER_EB_K2,C04_MONTH_START_ISSUER_EB,2,2,,,,,
2025-02-20,C04_MONTH_START_ISSUER_EB_K2,C04_MONTH_START_ISSUER_EB,2,1,,,,,
2025-02-20,C04_MONTH_START_ISSUER_EB_K2,C04_MONTH_START_ISSUER_EB,2,2,,,,,
2025-02-21,C04_MONTH_START_ISSUER_EB_K2,C04_MONTH_START_ISSUER_EB,2,1,,,,,
2025-02-21,C04_MONTH_START_ISSUER_EB_K2,C04_MONTH_START_ISSUER_EB,2,2,,,,,
2025-02-25,C04_MONTH_START_ISSUER_EB_K2,C04_MONTH_START_ISSUER_EB,2,1,,,,,
2025-02-25,C04_MONTH_START_ISSUER_EB_K2,C04_MONTH_START_ISSUER_EB,2,2,,,,,
2025-02-26,C04_MONTH_START_ISSUER_EB_K2,C04_MONTH_START_ISSUER_EB,2,1,,,,,
2025-02-26,C04_MONTH_START_ISSUER_EB_K2,C04_MONTH_START_ISSUER_EB,2,2,,,,,
2025-02-27,C04_MONTH_START_ISSUER_EB_K2,C04_MONTH_START_ISSUER_EB,2,1,,,,,
2025-02-27,C04_MONTH_START_ISSUER_EB_K2,C04_MONTH_START_ISSUER_EB,2,2,,,,,
2025-02-28,C04_MONTH_START_ISSUER_EB_K2,C04_MONTH_START_ISSUER_EB,2,1,,,,,
2025-02-28,C04_MONTH_START_ISSUER_EB_K2,C04_MONTH_START_ISSUER_EB,2,2,,,,,
2025-03-03,C04_MONTH_START_ISSUER_EB_K2,C04_MONTH_START_ISSUER_EB,2,1,8938,グローム・ホールディングス,0.47271534228018774,5.961251862891204,1.0
2025-03-03,C04_MONTH_START_ISSUER_EB_K2,C04_MONTH_START_ISSUER_EB,2,2,,,,,
2025-03-04,C04_MONTH_START_ISSUER_EB_K2,C04_MONTH_START_ISSUER_EB,2,1,8938,グローム・ホールディングス,0.47271534228018774,-1.6666666666666718,0.0
2025-03-04,C04_MONTH_START_ISSUER_EB_K2,C04_MONTH_START_ISSUER_EB,2,2,,,,,
2025-03-05,C04_MONTH_START_ISSUER_EB_K2,C04_MONTH_START_ISSUER_EB,2,1,8938,グローム・ホールディングス,0.47271534228018774,-1.6783216783216814,0.0
2025-03-05,C04_MONTH_START_ISSUER_EB_K2,C04_MONTH_START_ISSUER_EB,2,2,,,,,
2025-03-06,C04_MONTH_START_ISSUER_EB_K2,C04_MONTH_START_ISSUER_EB,2,1,,,,,
2025-03-06,C04_MONTH_START_ISSUER_EB_K2,C04_MONTH_START_ISSUER_EB,2,2,,,,,
2025-03-07,C04_MONTH_START_ISSUER_EB_K2,C04_MONTH_START_ISSUER_EB,2,1,,,,,
2025-03-07,C04_MONTH_START_ISSUER_EB_K2,C04_MONTH_START_ISSUER_EB,2,2,,,,,
2025-03-10,C04_MONTH_START_ISSUER_EB_K2,C04_MONTH_START_ISSUER_EB,2,1,,,,,
2025-03-10,C04_MONTH_START_ISSUER_EB_K2,C04_MONTH_START_ISSUER_EB,2,2,,,,,
2025-03-11,C04_MONTH_START_ISSUER_EB_K2,C04_MONTH_START_ISSUER_EB,2,1,,,,,
2025-03-11,C04_MONTH_START_ISSUER_EB_K2,C04_MONTH_START_ISSUER_EB,2,2,,,,,
2025-03-12,C04_MONTH_START_ISSUER_EB_K2,C04_MONTH_START_ISSUER_EB,2,1,,,,,
2025-03-12,C04_MONTH_START_ISSUER_EB_K2,C04_MONTH_START_ISSUER_EB,2,2,,,,,
2025-03-13,C04_MONTH_START_ISSUER_EB_K2,C04_MONTH_START_ISSUER_EB,2,1,,,,,
2025-03-13,C04_MONTH_START_ISSUER_EB_K2,C04_MONTH_START_ISSUER_EB,2,2,,,,,
2025-03-14,C04_MONTH_START_ISSUER_EB_K2,C04_MONTH_START_ISSUER_EB,2,1,,,,,
2025-03-14,C04_MONTH_START_ISSUER_EB_K2,C04_MONTH_START_ISSUER_EB,2,2,,,,,
2025-03-17,C04_MONTH_START_ISSUER_EB_K2,C04_MONTH_START_ISSUER_EB,2,1,,,,,
2025-03-17,C04_MONTH_START_ISSUER_EB_K2,C04_MONTH_START_ISSUER_EB,2,2,,,,,
2025-03-18,C04_MONTH_START_ISSUER_EB_K2,C04_MONTH_START_ISSUER_EB,2,1,,,,,
2025-03-18,C04_MONTH_START_ISSUER_EB_K2,C04_MONTH_START_ISSUER_EB,2,2,,,,,
2025-03-19,C04_MONTH_START_ISSUER_EB_K2,C04_MONTH_START_ISSUER_EB,2,1,,,,,
2025-03-19,C04_MONTH_START_ISSUER_EB_K2,C04_MONTH_START_ISSUER_EB,2,2,,,,,
2025-03-21,C04_MONTH_START_ISSUER_EB_K2,C04_MONTH_START_ISSUER_EB,2,1,,,,,
2025-03-21,C04_MONTH_START_ISSUER_EB_K2,C04_MONTH_START_ISSUER_EB,2,2,,,,,
2025-03-24,C04_MONTH_START_ISSUER_EB_K2,C04_MONTH_START_ISSUER_EB,2,1,,,,,
2025-03-24,C04_MONTH_START_ISSUER_EB_K2,C04_MONTH_START_ISSUER_EB,2,2,,,,,
2025-03-25,C04_MONTH_START_ISSUER_EB_K2,C04_MONTH_START_ISSUER_EB,2,1,,,,,
2025-03-25,C04_MONTH_START_ISSUER_EB_K2,C04_MONTH_START_ISSUER_EB,2,2,,,,,
2025-03-26,C04_MONTH_START_ISSUER_EB_K2,C04_MONTH_START_ISSUER_EB,2,1,,,,,
2025-03-26,C04_MONTH_START_ISSUER_EB_K2,C04_MONTH_START_ISSUER_EB,2,2,,,,,
2025-03-27,C04_MONTH_START_ISSUER_EB_K2,C04_MONTH_START_ISSUER_EB,2,1,,,,,
2025-03-27,C04_MONTH_START_ISSUER_EB_K2,C04_MONTH_START_ISSUER_EB,2,2,,,,,
2025-03-28,C04_MONTH_START_ISSUER_EB_K2,C04_MONTH_START_ISSUER_EB,2,1,,,,,
2025-03-28,C04_MONTH_START_ISSUER_EB_K2,C04_MONTH_START_ISSUER_EB,2,2,,,,,
2025-03-31,C04_MONTH_START_ISSUER_EB_K2,C04_MONTH_START_ISSUER_EB,2,1,,,,,
2025-03-31,C04_MONTH_START_ISSUER_EB_K2,C04_MONTH_START_ISSUER_EB,2,2,,,,,
2025-04-01,C04_MONTH_START_ISSUER_EB_K2,C04_MONTH_START_ISSUER_EB,2,1,8938,グローム・ホールディングス,0.4943596132543733,-1.6742770167427756,0.0
2025-04-01,C04_MONTH_START_ISSUER_EB_K2,C04_MONTH_START_ISSUER_EB,2,2,,,,,
2025-04-02,C04_MONTH_START_ISSUER_EB_K2,C04_MONTH_START_ISSUER_EB,2,1,8938,グローム・ホールディングス,0.4943596132543733,-2.896341463414631,0.0
2025-04-02,C04_MONTH_START_ISSUER_EB_K2,C04_MONTH_START_ISSUER_EB,2,2,,,,,
2025-04-03,C04_MONTH_START_ISSUER_EB_K2,C04_MONTH_START_ISSUER_EB,2,1,8938,グローム・ホールディングス,0.4943596132543733,-1.2718600953895098,0.0
2025-04-03,C04_MONTH_START_ISSUER_EB_K2,C04_MONTH_START_ISSUER_EB,2,2,,,,,
2025-04-04,C04_MONTH_START_ISSUER_EB_K2,C04_MONTH_START_ISSUER_EB,2,1,,,,,
2025-04-04,C04_MONTH_START_ISSUER_EB_K2,C04_MONTH_START_ISSUER_EB,2,2,,,,,
2025-04-07,C04_MONTH_START_ISSUER_EB_K2,C04_MONTH_START_ISSUER_EB,2,1,,,,,
2025-04-07,C04_MONTH_START_ISSUER_EB_K2,C04_MONTH_START_ISSUER_EB,2,2,,,,,
2025-04-08,C04_MONTH_START_ISSUER_EB_K2,C04_MONTH_START_ISSUER_EB,2,1,,,,,
2025-04-08,C04_MONTH_START_ISSUER_EB_K2,C04_MONTH_START_ISSUER_EB,2,2,,,,,
2025-04-09,C04_MONTH_START_ISSUER_EB_K2,C04_MONTH_START_ISSUER_EB,2,1,,,,,
2025-04-09,C04_MONTH_START_ISSUER_EB_K2,C04_MONTH_START_ISSUER_EB,2,2,,,,,
2025-04-10,C04_MONTH_START_ISSUER_EB_K2,C04_MONTH_START_ISSUER_EB,2,1,,,,,
2025-04-10,C04_MONTH_START_ISSUER_EB_K2,C04_MONTH_START_ISSUER_EB,2,2,,,,,
2025-04-11,C04_MONTH_START_ISSUER_EB_K2,C04_MONTH_START_ISSUER_EB,2,1,,,,,
2025-04-11,C04_MONTH_START_ISSUER_EB_K2,C04_MONTH_START_ISSUER_EB,2,2,,,,,
2025-04-14,C04_MONTH_START_ISSUER_EB_K2,C04_MONTH_START_ISSUER_EB,2,1,,,,,
2025-04-14,C04_MONTH_START_ISSUER_EB_K2,C04_MONTH_START_ISSUER_EB,2,2,,,,,
2025-04-15,C04_MONTH_START_ISSUER_EB_K2,C04_MONTH_START_ISSUER_EB,2,1,,,,,
2025-04-15,C04_MONTH_START_ISSUER_EB_K2,C04_MONTH_START_ISSUER_EB,2,2,,,,,
2025-04-16,C04_MONTH_START_ISSUER_EB_K2,C04_MONTH_START_ISSUER_EB,2,1,,,,,
2025-04-16,C04_MONTH_START_ISSUER_EB_K2,C04_MONTH_START_ISSUER_EB,2,2,,,,,
2025-04-17,C04_MONTH_START_ISSUER_EB_K2,C04_MONTH_START_ISSUER_EB,2,1,,,,,
2025-04-17,C04_MONTH_START_ISSUER_EB_K2,C04_MONTH_START_ISSUER_EB,2,2,,,,,
2025-04-18,C04_MONTH_START_ISSUER_EB_K2,C04_MONTH_START_ISSUER_EB,2,1,,,,,
2025-04-18,C04_MONTH_START_ISSUER_EB_K2,C04_MONTH_START_ISSUER_EB,2,2,,,,,
2025-04-21,C04_MONTH_START_ISSUER_EB_K2,C04_MONTH_START_ISSUER_EB,2,1,,,,,
2025-04-21,C04_MONTH_START_ISSUER_EB_K2,C04_MONTH_START_ISSUER_EB,2,2,,,,,
2025-04-22,C04_MONTH_START_ISSUER_EB_K2,C04_MONTH_START_ISSUER_EB,2,1,,,,,
2025-04-22,C04_MONTH_START_ISSUER_EB_K2,C04_MONTH_START_ISSUER_EB,2,2,,,,,
2025-04-23,C04_MONTH_START_ISSUER_EB_K2,C04_MONTH_START_ISSUER_EB,2,1,,,,,
2025-04-23,C04_MONTH_START_ISSUER_EB_K2,C04_MONTH_START_ISSUER_EB,2,2,,,,,
2025-04-24,C04_MONTH_START_ISSUER_EB_K2,C04_MONTH_START_ISSUER_EB,2,1,,,,,
2025-04-24,C04_MONTH_START_ISSUER_EB_K2,C04_MONTH_START_ISSUER_EB,2,2,,,,,
2025-04-25,C04_MONTH_START_ISSUER_EB_K2,C04_MONTH_START_ISSUER_EB,2,1,,,,,
2025-04-25,C04_MONTH_START_ISSUER_EB_K2,C04_MONTH_START_ISSUER_EB,2,2,,,,,
2025-04-28,C04_MONTH_START_ISSUER_EB_K2,C04_MONTH_START_ISSUER_EB,2,1,,,,,
2025-04-28,C04_MONTH_START_ISSUER_EB_K2,C04_MONTH_START_ISSUER_EB,2,2,,,,,
2025-04-30,C04_MONTH_START_ISSUER_EB_K2,C04_MONTH_START_ISSUER_EB,2,1,,,,,
2025-04-30,C04_MONTH_START_ISSUER_EB_K2,C04_MONTH_START_ISSUER_EB,2,2,,,,,
2025-05-01,C04_MONTH_START_ISSUER_EB_K2,C04_MONTH_START_ISSUER_EB,2,1,,,,,
2025-05-01,C04_MONTH_START_ISSUER_EB_K2,C04_MONTH_START_ISSUER_EB,2,2,,,,,
2025-05-02,C04_MONTH_START_ISSUER_EB_K2,C04_MONTH_START_ISSUER_EB,2,1,,,,,
2025-05-02,C04_MONTH_START_ISSUER_EB_K2,C04_MONTH_START_ISSUER_EB,2,2,,,,,
2025-05-07,C04_MONTH_START_ISSUER_EB_K2,C04_MONTH_START_ISSUER_EB,2,1,,,,,
2025-05-07,C04_MONTH_START_ISSUER_EB_K2,C04_MONTH_START_ISSUER_EB,2,2,,,,,
2025-05-08,C04_MONTH_START_ISSUER_EB_K2,C04_MONTH_START_ISSUER_EB,2,1,,,,,
2025-05-08,C04_MONTH_START_ISSUER_EB_K2,C04_MONTH_START_ISSUER_EB,2,2,,,,,
2025-05-09,C04_MONTH_START_ISSUER_EB_K2,C04_MONTH_START_ISSUER_EB,2,1,,,,,
2025-05-09,C04_MONTH_START_ISSUER_EB_K2,C04_MONTH_START_ISSUER_EB,2,2,,,,,
2025-05-12,C04_MONTH_START_ISSUER_EB_K2,C04_MONTH_START_ISSUER_EB,2,1,,,,,
2025-05-12,C04_MONTH_START_ISSUER_EB_K2,C04_MONTH_START_ISSUER_EB,2,2,,,,,
2025-05-13,C04_MONTH_START_ISSUER_EB_K2,C04_MONTH_START_ISSUER_EB,2,1,,,,,
2025-05-13,C04_MONTH_START_ISSUER_EB_K2,C04_MONTH_START_ISSUER_EB,2,2,,,,,
2025-05-14,C04_MONTH_START_ISSUER_EB_K2,C04_MONTH_START_ISSUER_EB,2,1,,,,,
2025-05-14,C04_MONTH_START_ISSUER_EB_K2,C04_MONTH_START_ISSUER_EB,2,2,,,,,
2025-05-15,C04_MONTH_START_ISSUER_EB_K2,C04_MONTH_START_ISSUER_EB,2,1,,,,,
2025-05-15,C04_MONTH_START_ISSUER_EB_K2,C04_MONTH_START_ISSUER_EB,2,2,,,,,
2025-05-16,C04_MONTH_START_ISSUER_EB_K2,C04_MONTH_START_ISSUER_EB,2,1,,,,,
2025-05-16,C04_MONTH_START_ISSUER_EB_K2,C04_MONTH_START_ISSUER_EB,2,2,,,,,
2025-05-19,C04_MONTH_START_ISSUER_EB_K2,C04_MONTH_START_ISSUER_EB,2,1,,,,,
2025-05-19,C04_MONTH_START_ISSUER_EB_K2,C04_MONTH_START_ISSUER_EB,2,2,,,,,
2025-05-20,C04_MONTH_START_ISSUER_EB_K2,C04_MONTH_START_ISSUER_EB,2,1,,,,,
2025-05-20,C04_MONTH_START_ISSUER_EB_K2,C04_MONTH_START_ISSUER_EB,2,2,,,,,
2025-05-21,C04_MONTH_START_ISSUER_EB_K2,C04_MONTH_START_ISSUER_EB,2,1,,,,,
2025-05-21,C04_MONTH_START_ISSUER_EB_K2,C04_MONTH_START_ISSUER_EB,2,2,,,,,
2025-05-22,C04_MONTH_START_ISSUER_EB_K2,C04_MONTH_START_ISSUER_EB,2,1,,,,,
2025-05-22,C04_MONTH_START_ISSUER_EB_K2,C04_MONTH_START_ISSUER_EB,2,2,,,,,
2025-05-23,C04_MONTH_START_ISSUER_EB_K2,C04_MONTH_START_ISSUER_EB,2,1,,,,,
2025-05-23,C04_MONTH_START_ISSUER_EB_K2,C04_MONTH_START_ISSUER_EB,2,2,,,,,
2025-05-26,C04_MONTH_START_ISSUER_EB_K2,C04_MONTH_START_ISSUER_EB,2,1,,,,,
2025-05-26,C04_MONTH_START_ISSUER_EB_K2,C04_MONTH_START_ISSUER_EB,2,2,,,,,
2025-05-27,C04_MONTH_START_ISSUER_EB_K2,C04_MONTH_START_ISSUER_EB,2,1,,,,,
2025-05-27,C04_MONTH_START_ISSUER_EB_K2,C04_MONTH_START_ISSUER_EB,2,2,,,,,
2025-05-28,C04_MONTH_START_ISSUER_EB_K2,C04_MONTH_START_ISSUER_EB,2,1,,,,,
2025-05-28,C04_MONTH_START_ISSUER_EB_K2,C04_MONTH_START_ISSUER_EB,2,2,,,,,
2025-05-29,C04_MONTH_START_ISSUER_EB_K2,C04_MONTH_START_ISSUER_EB,2,1,,,,,
2025-05-29,C04_MONTH_START_ISSUER_EB_K2,C04_MONTH_START_ISSUER_EB,2,2,,,,,
2025-05-30,C04_MONTH_START_ISSUER_EB_K2,C04_MONTH_START_ISSUER_EB,2,1,,,,,
2025-05-30,C04_MONTH_START_ISSUER_EB_K2,C04_MONTH_START_ISSUER_EB,2,2,,,,,
2025-06-02,C04_MONTH_START_ISSUER_EB_K2,C04_MONTH_START_ISSUER_EB,2,1,8938,グローム・ホールディングス,0.40847153917796947,5.588235294117649,1.0
2025-06-02,C04_MONTH_START_ISSUER_EB_K2,C04_MONTH_START_ISSUER_EB,2,2,2484,出前館,0.40775833613487705,-1.6877637130801704,0.0
2025-06-03,C04_MONTH_START_ISSUER_EB_K2,C04_MONTH_START_ISSUER_EB,2,1,8938,グローム・ホールディングス,0.40847153917796947,-1.671309192200554,0.0
2025-06-03,C04_MONTH_START_ISSUER_EB_K2,C04_MONTH_START_ISSUER_EB,2,2,2484,出前館,0.40775833613487705,-0.8620689655172376,0.0
2025-06-04,C04_MONTH_START_ISSUER_EB_K2,C04_MONTH_START_ISSUER_EB,2,1,8938,グローム・ホールディングス,0.40847153917796947,0.9943181818181879,1.0
2025-06-04,C04_MONTH_START_ISSUER_EB_K2,C04_MONTH_START_ISSUER_EB,2,2,2484,出前館,0.40775833613487705,-0.8658008658008698,0.0
2025-06-05,C04_MONTH_START_ISSUER_EB_K2,C04_MONTH_START_ISSUER_EB,2,1,,,,,
2025-06-05,C04_MONTH_START_ISSUER_EB_K2,C04_MONTH_START_ISSUER_EB,2,2,,,,,
2025-06-06,C04_MONTH_START_ISSUER_EB_K2,C04_MONTH_START_ISSUER_EB,2,1,,,,,
2025-06-06,C04_MONTH_START_ISSUER_EB_K2,C04_MONTH_START_ISSUER_EB,2,2,,,,,
2025-06-09,C04_MONTH_START_ISSUER_EB_K2,C04_MONTH_START_ISSUER_EB,2,1,,,,,
2025-06-09,C04_MONTH_START_ISSUER_EB_K2,C04_MONTH_START_ISSUER_EB,2,2,,,,,
2025-06-10,C04_MONTH_START_ISSUER_EB_K2,C04_MONTH_START_ISSUER_EB,2,1,,,,,
2025-06-10,C04_MONTH_START_ISSUER_EB_K2,C04_MONTH_START_ISSUER_EB,2,2,,,,,
2025-06-11,C04_MONTH_START_ISSUER_EB_K2,C04_MONTH_START_ISSUER_EB,2,1,,,,,
2025-06-11,C04_MONTH_START_ISSUER_EB_K2,C04_MONTH_START_ISSUER_EB,2,2,,,,,
2025-06-12,C04_MONTH_START_ISSUER_EB_K2,C04_MONTH_START_ISSUER_EB,2,1,,,,,
2025-06-12,C04_MONTH_START_ISSUER_EB_K2,C04_MONTH_START_ISSUER_EB,2,2,,,,,
2025-06-13,C04_MONTH_START_ISSUER_EB_K2,C04_MONTH_START_ISSUER_EB,2,1,,,,,
2025-06-13,C04_MONTH_START_ISSUER_EB_K2,C04_MONTH_START_ISSUER_EB,2,2,,,,,
2025-06-16,C04_MONTH_START_ISSUER_EB_K2,C04_MONTH_START_ISSUER_EB,2,1,,,,,
2025-06-16,C04_MONTH_START_ISSUER_EB_K2,C04_MONTH_START_ISSUER_EB,2,2,,,,,
2025-06-17,C04_MONTH_START_ISSUER_EB_K2,C04_MONTH_START_ISSUER_EB,2,1,,,,,
2025-06-17,C04_MONTH_START_ISSUER_EB_K2,C04_MONTH_START_ISSUER_EB,2,2,,,,,
2025-06-18,C04_MONTH_START_ISSUER_EB_K2,C04_MONTH_START_ISSUER_EB,2,1,,,,,
2025-06-18,C04_MONTH_START_ISSUER_EB_K2,C04_MONTH_START_ISSUER_EB,2,2,,,,,
2025-06-19,C04_MONTH_START_ISSUER_EB_K2,C04_MONTH_START_ISSUER_EB,2,1,,,,,
2025-06-19,C04_MONTH_START_ISSUER_EB_K2,C04_MONTH_START_ISSUER_EB,2,2,,,,,
2025-06-20,C04_MONTH_START_ISSUER_EB_K2,C04_MONTH_START_ISSUER_EB,2,1,,,,,
2025-06-20,C04_MONTH_START_ISSUER_EB_K2,C04_MONTH_START_ISSUER_EB,2,2,,,,,
2025-06-23,C04_MONTH_START_ISSUER_EB_K2,C04_MONTH_START_ISSUER_EB,2,1,,,,,
2025-06-23,C04_MONTH_START_ISSUER_EB_K2,C04_MONTH_START_ISSUER_EB,2,2,,,,,
2025-06-24,C04_MONTH_START_ISSUER_EB_K2,C04_MONTH_START_ISSUER_EB,2,1,,,,,
2025-06-24,C04_MONTH_START_ISSUER_EB_K2,C04_MONTH_START_ISSUER_EB,2,2,,,,,
2025-06-25,C04_MONTH_START_ISSUER_EB_K2,C04_MONTH_START_ISSUER_EB,2,1,,,,,
2025-06-25,C04_MONTH_START_ISSUER_EB_K2,C04_MONTH_START_ISSUER_EB,2,2,,,,,
2025-06-26,C04_MONTH_START_ISSUER_EB_K2,C04_MONTH_START_ISSUER_EB,2,1,,,,,
2025-06-26,C04_MONTH_START_ISSUER_EB_K2,C04_MONTH_START_ISSUER_EB,2,2,,,,,
2025-06-27,C04_MONTH_START_ISSUER_EB_K2,C04_MONTH_START_ISSUER_EB,2,1,,,,,
2025-06-27,C04_MONTH_START_ISSUER_EB_K2,C04_MONTH_START_ISSUER_EB,2,2,,,,,
2025-06-30,C04_MONTH_START_ISSUER_EB_K2,C04_MONTH_START_ISSUER_EB,2,1,,,,,
2025-06-30,C04_MONTH_START_ISSUER_EB_K2,C04_MONTH_START_ISSUER_EB,2,2,,,,,
2025-07-01,C04_MONTH_START_ISSUER_EB_K2,C04_MONTH_START_ISSUER_EB,2,1,8938,グローム・ホールディングス,0.46594358079490905,-3.45864661654135,0.0
2025-07-01,C04_MONTH_START_ISSUER_EB_K2,C04_MONTH_START_ISSUER_EB,2,2,,,,,
2025-07-02,C04_MONTH_START_ISSUER_EB_K2,C04_MONTH_START_ISSUER_EB,2,1,8938,グローム・ホールディングス,0.46594358079490905,1.0903426791277315,1.0
2025-07-02,C04_MONTH_START_ISSUER_EB_K2,C04_MONTH_START_ISSUER_EB,2,2,,,,,
2025-07-03,C04_MONTH_START_ISSUER_EB_K2,C04_MONTH_START_ISSUER_EB,2,1,8938,グローム・ホールディングス,0.46594358079490905,-0.46583850931677384,0.0
2025-07-03,C04_MONTH_START_ISSUER_EB_K2,C04_MONTH_START_ISSUER_EB,2,2,,,,,
2025-07-04,C04_MONTH_START_ISSUER_EB_K2,C04_MONTH_START_ISSUER_EB,2,1,,,,,
2025-07-04,C04_MONTH_START_ISSUER_EB_K2,C04_MONTH_START_ISSUER_EB,2,2,,,,,
2025-07-07,C04_MONTH_START_ISSUER_EB_K2,C04_MONTH_START_ISSUER_EB,2,1,,,,,
2025-07-07,C04_MONTH_START_ISSUER_EB_K2,C04_MONTH_START_ISSUER_EB,2,2,,,,,
2025-07-08,C04_MONTH_START_ISSUER_EB_K2,C04_MONTH_START_ISSUER_EB,2,1,,,,,
2025-07-08,C04_MONTH_START_ISSUER_EB_K2,C04_MONTH_START_ISSUER_EB,2,2,,,,,
2025-07-09,C04_MONTH_START_ISSUER_EB_K2,C04_MONTH_START_ISSUER_EB,2,1,,,,,
2025-07-09,C04_MONTH_START_ISSUER_EB_K2,C04_MONTH_START_ISSUER_EB,2,2,,,,,
2025-07-10,C04_MONTH_START_ISSUER_EB_K2,C04_MONTH_START_ISSUER_EB,2,1,,,,,
2025-07-10,C04_MONTH_START_ISSUER_EB_K2,C04_MONTH_START_ISSUER_EB,2,2,,,,,
2025-07-11,C04_MONTH_START_ISSUER_EB_K2,C04_MONTH_START_ISSUER_EB,2,1,,,,,
2025-07-11,C04_MONTH_START_ISSUER_EB_K2,C04_MONTH_START_ISSUER_EB,2,2,,,,,
2025-07-14,C04_MONTH_START_ISSUER_EB_K2,C04_MONTH_START_ISSUER_EB,2,1,,,,,
2025-07-14,C04_MONTH_START_ISSUER_EB_K2,C04_MONTH_START_ISSUER_EB,2,2,,,,,
2025-07-15,C04_MONTH_START_ISSUER_EB_K2,C04_MONTH_START_ISSUER_EB,2,1,,,,,
2025-07-15,C04_MONTH_START_ISSUER_EB_K2,C04_MONTH_START_ISSUER_EB,2,2,,,,,
2025-07-16,C04_MONTH_START_ISSUER_EB_K2,C04_MONTH_START_ISSUER_EB,2,1,,,,,
2025-07-16,C04_MONTH_START_ISSUER_EB_K2,C04_MONTH_START_ISSUER_EB,2,2,,,,,
2025-07-17,C04_MONTH_START_ISSUER_EB_K2,C04_MONTH_START_ISSUER_EB,2,1,,,,,
2025-07-17,C04_MONTH_START_ISSUER_EB_K2,C04_MONTH_START_ISSUER_EB,2,2,,,,,
2025-07-18,C04_MONTH_START_ISSUER_EB_K2,C04_MONTH_START_ISSUER_EB,2,1,,,,,
2025-07-18,C04_MONTH_START_ISSUER_EB_K2,C04_MONTH_START_ISSUER_EB,2,2,,,,,
2025-07-22,C04_MONTH_START_ISSUER_EB_K2,C04_MONTH_START_ISSUER_EB,2,1,,,,,
2025-07-22,C04_MONTH_START_ISSUER_EB_K2,C04_MONTH_START_ISSUER_EB,2,2,,,,,
2025-07-23,C04_MONTH_START_ISSUER_EB_K2,C04_MONTH_START_ISSUER_EB,2,1,,,,,
2025-07-23,C04_MONTH_START_ISSUER_EB_K2,C04_MONTH_START_ISSUER_EB,2,2,,,,,
2025-07-24,C04_MONTH_START_ISSUER_EB_K2,C04_MONTH_START_ISSUER_EB,2,1,,,,,
2025-07-24,C04_MONTH_START_ISSUER_EB_K2,C04_MONTH_START_ISSUER_EB,2,2,,,,,
2025-07-25,C04_MONTH_START_ISSUER_EB_K2,C04_MONTH_START_ISSUER_EB,2,1,,,,,
2025-07-25,C04_MONTH_START_ISSUER_EB_K2,C04_MONTH_START_ISSUER_EB,2,2,,,,,
2025-07-28,C04_MONTH_START_ISSUER_EB_K2,C04_MONTH_START_ISSUER_EB,2,1,,,,,
2025-07-28,C04_MONTH_START_ISSUER_EB_K2,C04_MONTH_START_ISSUER_EB,2,2,,,,,
2025-07-29,C04_MONTH_START_ISSUER_EB_K2,C04_MONTH_START_ISSUER_EB,2,1,,,,,
2025-07-29,C04_MONTH_START_ISSUER_EB_K2,C04_MONTH_START_ISSUER_EB,2,2,,,,,
2025-07-30,C04_MONTH_START_ISSUER_EB_K2,C04_MONTH_START_ISSUER_EB,2,1,,,,,
2025-07-30,C04_MONTH_START_ISSUER_EB_K2,C04_MONTH_START_ISSUER_EB,2,2,,,,,
2025-07-31,C04_MONTH_START_ISSUER_EB_K2,C04_MONTH_START_ISSUER_EB,2,1,,,,,
2025-07-31,C04_MONTH_START_ISSUER_EB_K2,C04_MONTH_START_ISSUER_EB,2,2,,,,,
2024-07-01,C05_MONTH_END_ISSUER_EB_K1,C05_MONTH_END_ISSUER_EB,1,1,,,,,
2024-07-02,C05_MONTH_END_ISSUER_EB_K1,C05_MONTH_END_ISSUER_EB,1,1,,,,,
2024-07-03,C05_MONTH_END_ISSUER_EB_K1,C05_MONTH_END_ISSUER_EB,1,1,,,,,
2024-07-04,C05_MONTH_END_ISSUER_EB_K1,C05_MONTH_END_ISSUER_EB,1,1,,,,,
2024-07-05,C05_MONTH_END_ISSUER_EB_K1,C05_MONTH_END_ISSUER_EB,1,1,,,,,
2024-07-08,C05_MONTH_END_ISSUER_EB_K1,C05_MONTH_END_ISSUER_EB,1,1,,,,,
2024-07-09,C05_MONTH_END_ISSUER_EB_K1,C05_MONTH_END_ISSUER_EB,1,1,,,,,
2024-07-10,C05_MONTH_END_ISSUER_EB_K1,C05_MONTH_END_ISSUER_EB,1,1,,,,,
2024-07-11,C05_MONTH_END_ISSUER_EB_K1,C05_MONTH_END_ISSUER_EB,1,1,,,,,
2024-07-12,C05_MONTH_END_ISSUER_EB_K1,C05_MONTH_END_ISSUER_EB,1,1,,,,,
2024-07-16,C05_MONTH_END_ISSUER_EB_K1,C05_MONTH_END_ISSUER_EB,1,1,,,,,
2024-07-17,C05_MONTH_END_ISSUER_EB_K1,C05_MONTH_END_ISSUER_EB,1,1,,,,,
2024-07-18,C05_MONTH_END_ISSUER_EB_K1,C05_MONTH_END_ISSUER_EB,1,1,,,,,
2024-07-19,C05_MONTH_END_ISSUER_EB_K1,C05_MONTH_END_ISSUER_EB,1,1,,,,,
2024-07-22,C05_MONTH_END_ISSUER_EB_K1,C05_MONTH_END_ISSUER_EB,1,1,,,,,
2024-07-23,C05_MONTH_END_ISSUER_EB_K1,C05_MONTH_END_ISSUER_EB,1,1,,,,,
2024-07-24,C05_MONTH_END_ISSUER_EB_K1,C05_MONTH_END_ISSUER_EB,1,1,,,,,
2024-07-25,C05_MONTH_END_ISSUER_EB_K1,C05_MONTH_END_ISSUER_EB,1,1,,,,,
2024-07-26,C05_MONTH_END_ISSUER_EB_K1,C05_MONTH_END_ISSUER_EB,1,1,,,,,
2024-07-29,C05_MONTH_END_ISSUER_EB_K1,C05_MONTH_END_ISSUER_EB,1,1,9919,関⻄フードマーケット,0.6202139324113941,,
2024-07-30,C05_MONTH_END_ISSUER_EB_K1,C05_MONTH_END_ISSUER_EB,1,1,6496,中北製作所,0.6018125865560622,-1.5214384508990264,0.0
2024-07-31,C05_MONTH_END_ISSUER_EB_K1,C05_MONTH_END_ISSUER_EB,1,1,6496,中北製作所,0.6018125865560622,1.1315417256011262,1.0
2024-08-01,C05_MONTH_END_ISSUER_EB_K1,C05_MONTH_END_ISSUER_EB,1,1,,,,,
2024-08-02,C05_MONTH_END_ISSUER_EB_K1,C05_MONTH_END_ISSUER_EB,1,1,,,,,
2024-08-05,C05_MONTH_END_ISSUER_EB_K1,C05_MONTH_END_ISSUER_EB,1,1,,,,,
2024-08-06,C05_MONTH_END_ISSUER_EB_K1,C05_MONTH_END_ISSUER_EB,1,1,,,,,
2024-08-07,C05_MONTH_END_ISSUER_EB_K1,C05_MONTH_END_ISSUER_EB,1,1,,,,,
2024-08-08,C05_MONTH_END_ISSUER_EB_K1,C05_MONTH_END_ISSUER_EB,1,1,,,,,
2024-08-09,C05_MONTH_END_ISSUER_EB_K1,C05_MONTH_END_ISSUER_EB,1,1,,,,,
2024-08-13,C05_MONTH_END_ISSUER_EB_K1,C05_MONTH_END_ISSUER_EB,1,1,,,,,
2024-08-14,C05_MONTH_END_ISSUER_EB_K1,C05_MONTH_END_ISSUER_EB,1,1,,,,,
2024-08-15,C05_MONTH_END_ISSUER_EB_K1,C05_MONTH_END_ISSUER_EB,1,1,,,,,
2024-08-16,C05_MONTH_END_ISSUER_EB_K1,C05_MONTH_END_ISSUER_EB,1,1,,,,,
2024-08-19,C05_MONTH_END_ISSUER_EB_K1,C05_MONTH_END_ISSUER_EB,1,1,,,,,
2024-08-20,C05_MONTH_END_ISSUER_EB_K1,C05_MONTH_END_ISSUER_EB,1,1,,,,,
2024-08-21,C05_MONTH_END_ISSUER_EB_K1,C05_MONTH_END_ISSUER_EB,1,1,,,,,
2024-08-22,C05_MONTH_END_ISSUER_EB_K1,C05_MONTH_END_ISSUER_EB,1,1,,,,,
2024-08-23,C05_MONTH_END_ISSUER_EB_K1,C05_MONTH_END_ISSUER_EB,1,1,,,,,
2024-08-26,C05_MONTH_END_ISSUER_EB_K1,C05_MONTH_END_ISSUER_EB,1,1,,,,,
2024-08-27,C05_MONTH_END_ISSUER_EB_K1,C05_MONTH_END_ISSUER_EB,1,1,,,,,
2024-08-28,C05_MONTH_END_ISSUER_EB_K1,C05_MONTH_END_ISSUER_EB,1,1,7734,理研計器,0.8828040614364714,3.3457249070631967,1.0
2024-08-29,C05_MONTH_END_ISSUER_EB_K1,C05_MONTH_END_ISSUER_EB,1,1,7734,理研計器,0.8828040614364714,0.3597122302158251,1.0
2024-08-30,C05_MONTH_END_ISSUER_EB_K1,C05_MONTH_END_ISSUER_EB,1,1,7734,理研計器,0.8828040614364714,-1.194743130227005,0.0
2024-09-02,C05_MONTH_END_ISSUER_EB_K1,C05_MONTH_END_ISSUER_EB,1,1,,,,,
2024-09-03,C05_MONTH_END_ISSUER_EB_K1,C05_MONTH_END_ISSUER_EB,1,1,,,,,
2024-09-04,C05_MONTH_END_ISSUER_EB_K1,C05_MONTH_END_ISSUER_EB,1,1,,,,,
2024-09-05,C05_MONTH_END_ISSUER_EB_K1,C05_MONTH_END_ISSUER_EB,1,1,,,,,
2024-09-06,C05_MONTH_END_ISSUER_EB_K1,C05_MONTH_END_ISSUER_EB,1,1,,,,,
2024-09-09,C05_MONTH_END_ISSUER_EB_K1,C05_MONTH_END_ISSUER_EB,1,1,,,,,
2024-09-10,C05_MONTH_END_ISSUER_EB_K1,C05_MONTH_END_ISSUER_EB,1,1,,,,,
2024-09-11,C05_MONTH_END_ISSUER_EB_K1,C05_MONTH_END_ISSUER_EB,1,1,,,,,
2024-09-12,C05_MONTH_END_ISSUER_EB_K1,C05_MONTH_END_ISSUER_EB,1,1,,,,,
2024-09-13,C05_MONTH_END_ISSUER_EB_K1,C05_MONTH_END_ISSUER_EB,1,1,,,,,
2024-09-17,C05_MONTH_END_ISSUER_EB_K1,C05_MONTH_END_ISSUER_EB,1,1,,,,,
2024-09-18,C05_MONTH_END_ISSUER_EB_K1,C05_MONTH_END_ISSUER_EB,1,1,,,,,
2024-09-19,C05_MONTH_END_ISSUER_EB_K1,C05_MONTH_END_ISSUER_EB,1,1,,,,,
2024-09-20,C05_MONTH_END_ISSUER_EB_K1,C05_MONTH_END_ISSUER_EB,1,1,,,,,
2024-09-24,C05_MONTH_END_ISSUER_EB_K1,C05_MONTH_END_ISSUER_EB,1,1,,,,,
2024-09-25,C05_MONTH_END_ISSUER_EB_K1,C05_MONTH_END_ISSUER_EB,1,1,,,,,
2024-09-26,C05_MONTH_END_ISSUER_EB_K1,C05_MONTH_END_ISSUER_EB,1,1,2767,円⾕フィールズホールディングス,0.8830724784936477,2.732463295269172,1.0
2024-09-27,C05_MONTH_END_ISSUER_EB_K1,C05_MONTH_END_ISSUER_EB,1,1,2767,円⾕フィールズホールディングス,0.8830724784936477,2.2709163346613437,1.0
2024-09-30,C05_MONTH_END_ISSUER_EB_K1,C05_MONTH_END_ISSUER_EB,1,1,2767,円⾕フィールズホールディングス,0.8830724784936477,0.16064257028112205,1.0
2024-10-01,C05_MONTH_END_ISSUER_EB_K1,C05_MONTH_END_ISSUER_EB,1,1,,,,,
2024-10-02,C05_MONTH_END_ISSUER_EB_K1,C05_MONTH_END_ISSUER_EB,1,1,,,,,
2024-10-03,C05_MONTH_END_ISSUER_EB_K1,C05_MONTH_END_ISSUER_EB,1,1,,,,,
2024-10-04,C05_MONTH_END_ISSUER_EB_K1,C05_MONTH_END_ISSUER_EB,1,1,,,,,
2024-10-07,C05_MONTH_END_ISSUER_EB_K1,C05_MONTH_END_ISSUER_EB,1,1,,,,,
2024-10-08,C05_MONTH_END_ISSUER_EB_K1,C05_MONTH_END_ISSUER_EB,1,1,,,,,
2024-10-09,C05_MONTH_END_ISSUER_EB_K1,C05_MONTH_END_ISSUER_EB,1,1,,,,,
2024-10-10,C05_MONTH_END_ISSUER_EB_K1,C05_MONTH_END_ISSUER_EB,1,1,,,,,
2024-10-11,C05_MONTH_END_ISSUER_EB_K1,C05_MONTH_END_ISSUER_EB,1,1,,,,,
2024-10-15,C05_MONTH_END_ISSUER_EB_K1,C05_MONTH_END_ISSUER_EB,1,1,,,,,
2024-10-16,C05_MONTH_END_ISSUER_EB_K1,C05_MONTH_END_ISSUER_EB,1,1,,,,,
2024-10-17,C05_MONTH_END_ISSUER_EB_K1,C05_MONTH_END_ISSUER_EB,1,1,,,,,
2024-10-18,C05_MONTH_END_ISSUER_EB_K1,C05_MONTH_END_ISSUER_EB,1,1,,,,,
2024-10-21,C05_MONTH_END_ISSUER_EB_K1,C05_MONTH_END_ISSUER_EB,1,1,,,,,
2024-10-22,C05_MONTH_END_ISSUER_EB_K1,C05_MONTH_END_ISSUER_EB,1,1,,,,,
2024-10-23,C05_MONTH_END_ISSUER_EB_K1,C05_MONTH_END_ISSUER_EB,1,1,,,,,
2024-10-24,C05_MONTH_END_ISSUER_EB_K1,C05_MONTH_END_ISSUER_EB,1,1,,,,,
2024-10-25,C05_MONTH_END_ISSUER_EB_K1,C05_MONTH_END_ISSUER_EB,1,1,,,,,
2024-10-28,C05_MONTH_END_ISSUER_EB_K1,C05_MONTH_END_ISSUER_EB,1,1,,,,,
2024-10-29,C05_MONTH_END_ISSUER_EB_K1,C05_MONTH_END_ISSUER_EB,1,1,2767,円⾕フィールズホールディングス,0.9731805089135545,-4.311543810848406,0.0
2024-10-30,C05_MONTH_END_ISSUER_EB_K1,C05_MONTH_END_ISSUER_EB,1,1,2767,円⾕フィールズホールディングス,0.9731805089135545,-0.4333172845450206,0.0
2024-10-31,C05_MONTH_END_ISSUER_EB_K1,C05_MONTH_END_ISSUER_EB,1,1,2767,円⾕フィールズホールディングス,0.9731805089135545,-0.5777563793933571,0.0
2024-11-01,C05_MONTH_END_ISSUER_EB_K1,C05_MONTH_END_ISSUER_EB,1,1,,,,,
2024-11-05,C05_MONTH_END_ISSUER_EB_K1,C05_MONTH_END_ISSUER_EB,1,1,,,,,
2024-11-06,C05_MONTH_END_ISSUER_EB_K1,C05_MONTH_END_ISSUER_EB,1,1,,,,,
2024-11-07,C05_MONTH_END_ISSUER_EB_K1,C05_MONTH_END_ISSUER_EB,1,1,,,,,
2024-11-08,C05_MONTH_END_ISSUER_EB_K1,C05_MONTH_END_ISSUER_EB,1,1,,,,,
2024-11-11,C05_MONTH_END_ISSUER_EB_K1,C05_MONTH_END_ISSUER_EB,1,1,,,,,
2024-11-12,C05_MONTH_END_ISSUER_EB_K1,C05_MONTH_END_ISSUER_EB,1,1,,,,,
2024-11-13,C05_MONTH_END_ISSUER_EB_K1,C05_MONTH_END_ISSUER_EB,1,1,,,,,
2024-11-14,C05_MONTH_END_ISSUER_EB_K1,C05_MONTH_END_ISSUER_EB,1,1,,,,,
2024-11-15,C05_MONTH_END_ISSUER_EB_K1,C05_MONTH_END_ISSUER_EB,1,1,,,,,
2024-11-18,C05_MONTH_END_ISSUER_EB_K1,C05_MONTH_END_ISSUER_EB,1,1,,,,,
2024-11-19,C05_MONTH_END_ISSUER_EB_K1,C05_MONTH_END_ISSUER_EB,1,1,,,,,
2024-11-20,C05_MONTH_END_ISSUER_EB_K1,C05_MONTH_END_ISSUER_EB,1,1,,,,,
2024-11-21,C05_MONTH_END_ISSUER_EB_K1,C05_MONTH_END_ISSUER_EB,1,1,,,,,
2024-11-22,C05_MONTH_END_ISSUER_EB_K1,C05_MONTH_END_ISSUER_EB,1,1,,,,,
2024-11-25,C05_MONTH_END_ISSUER_EB_K1,C05_MONTH_END_ISSUER_EB,1,1,,,,,
2024-11-26,C05_MONTH_END_ISSUER_EB_K1,C05_MONTH_END_ISSUER_EB,1,1,,,,,
2024-11-27,C05_MONTH_END_ISSUER_EB_K1,C05_MONTH_END_ISSUER_EB,1,1,7013,ＩＨＩ,0.9789023300965762,-3.1617095726068523,0.0
2024-11-28,C05_MONTH_END_ISSUER_EB_K1,C05_MONTH_END_ISSUER_EB,1,1,7013,ＩＨＩ,0.9789023300965762,1.2638436482084625,1.0
2024-11-29,C05_MONTH_END_ISSUER_EB_K1,C05_MONTH_END_ISSUER_EB,1,1,7013,ＩＨＩ,0.9789023300965762,-0.566937250354338,0.0
2024-12-02,C05_MONTH_END_ISSUER_EB_K1,C05_MONTH_END_ISSUER_EB,1,1,,,,,
2024-12-03,C05_MONTH_END_ISSUER_EB_K1,C05_MONTH_END_ISSUER_EB,1,1,,,,,
2024-12-04,C05_MONTH_END_ISSUER_EB_K1,C05_MONTH_END_ISSUER_EB,1,1,,,,,
2024-12-05,C05_MONTH_END_ISSUER_EB_K1,C05_MONTH_END_ISSUER_EB,1,1,,,,,
2024-12-06,C05_MONTH_END_ISSUER_EB_K1,C05_MONTH_END_ISSUER_EB,1,1,,,,,
2024-12-09,C05_MONTH_END_ISSUER_EB_K1,C05_MONTH_END_ISSUER_EB,1,1,,,,,
2024-12-10,C05_MONTH_END_ISSUER_EB_K1,C05_MONTH_END_ISSUER_EB,1,1,,,,,
2024-12-11,C05_MONTH_END_ISSUER_EB_K1,C05_MONTH_END_ISSUER_EB,1,1,,,,,
2024-12-12,C05_MONTH_END_ISSUER_EB_K1,C05_MONTH_END_ISSUER_EB,1,1,,,,,
2024-12-13,C05_MONTH_END_ISSUER_EB_K1,C05_MONTH_END_ISSUER_EB,1,1,,,,,
2024-12-16,C05_MONTH_END_ISSUER_EB_K1,C05_MONTH_END_ISSUER_EB,1,1,,,,,
2024-12-17,C05_MONTH_END_ISSUER_EB_K1,C05_MONTH_END_ISSUER_EB,1,1,,,,,
2024-12-18,C05_MONTH_END_ISSUER_EB_K1,C05_MONTH_END_ISSUER_EB,1,1,,,,,
2024-12-19,C05_MONTH_END_ISSUER_EB_K1,C05_MONTH_END_ISSUER_EB,1,1,,,,,
2024-12-20,C05_MONTH_END_ISSUER_EB_K1,C05_MONTH_END_ISSUER_EB,1,1,,,,,
2024-12-23,C05_MONTH_END_ISSUER_EB_K1,C05_MONTH_END_ISSUER_EB,1,1,,,,,
2024-12-24,C05_MONTH_END_ISSUER_EB_K1,C05_MONTH_END_ISSUER_EB,1,1,,,,,
2024-12-25,C05_MONTH_END_ISSUER_EB_K1,C05_MONTH_END_ISSUER_EB,1,1,,,,,
2024-12-26,C05_MONTH_END_ISSUER_EB_K1,C05_MONTH_END_ISSUER_EB,1,1,4980,デクセリアルズ,0.8838942632246927,0.5957271980279399,1.0
2024-12-27,C05_MONTH_END_ISSUER_EB_K1,C05_MONTH_END_ISSUER_EB,1,1,4980,デクセリアルズ,0.8838942632246927,1.2330705478067472,1.0
2024-12-30,C05_MONTH_END_ISSUER_EB_K1,C05_MONTH_END_ISSUER_EB,1,1,4980,デクセリアルズ,0.8838942632246927,-1.3373253493013992,0.0
2025-01-06,C05_MONTH_END_ISSUER_EB_K1,C05_MONTH_END_ISSUER_EB,1,1,,,,,
2025-01-07,C05_MONTH_END_ISSUER_EB_K1,C05_MONTH_END_ISSUER_EB,1,1,,,,,
2025-01-08,C05_MONTH_END_ISSUER_EB_K1,C05_MONTH_END_ISSUER_EB,1,1,,,,,
2025-01-09,C05_MONTH_END_ISSUER_EB_K1,C05_MONTH_END_ISSUER_EB,1,1,,,,,
2025-01-10,C05_MONTH_END_ISSUER_EB_K1,C05_MONTH_END_ISSUER_EB,1,1,,,,,
2025-01-14,C05_MONTH_END_ISSUER_EB_K1,C05_MONTH_END_ISSUER_EB,1,1,,,,,
2025-01-15,C05_MONTH_END_ISSUER_EB_K1,C05_MONTH_END_ISSUER_EB,1,1,,,,,
2025-01-16,C05_MONTH_END_ISSUER_EB_K1,C05_MONTH_END_ISSUER_EB,1,1,,,,,
2025-01-17,C05_MONTH_END_ISSUER_EB_K1,C05_MONTH_END_ISSUER_EB,1,1,,,,,
2025-01-20,C05_MONTH_END_ISSUER_EB_K1,C05_MONTH_END_ISSUER_EB,1,1,,,,,
2025-01-21,C05_MONTH_END_ISSUER_EB_K1,C05_MONTH_END_ISSUER_EB,1,1,,,,,
2025-01-22,C05_MONTH_END_ISSUER_EB_K1,C05_MONTH_END_ISSUER_EB,1,1,,,,,
2025-01-23,C05_MONTH_END_ISSUER_EB_K1,C05_MONTH_END_ISSUER_EB,1,1,,,,,
2025-01-24,C05_MONTH_END_ISSUER_EB_K1,C05_MONTH_END_ISSUER_EB,1,1,,,,,
2025-01-27,C05_MONTH_END_ISSUER_EB_K1,C05_MONTH_END_ISSUER_EB,1,1,,,,,
2025-01-28,C05_MONTH_END_ISSUER_EB_K1,C05_MONTH_END_ISSUER_EB,1,1,,,,,
2025-01-29,C05_MONTH_END_ISSUER_EB_K1,C05_MONTH_END_ISSUER_EB,1,1,7013,ＩＨＩ,0.9744460347882847,-3.5539082088738683,0.0
2025-01-30,C05_MONTH_END_ISSUER_EB_K1,C05_MONTH_END_ISSUER_EB,1,1,7013,ＩＨＩ,0.9744460347882847,1.3190529875986456,1.0
2025-01-31,C05_MONTH_END_ISSUER_EB_K1,C05_MONTH_END_ISSUER_EB,1,1,7013,ＩＨＩ,0.9744460347882847,3.5797149486244573,1.0
2025-02-03,C05_MONTH_END_ISSUER_EB_K1,C05_MONTH_END_ISSUER_EB,1,1,,,,,
2025-02-04,C05_MONTH_END_ISSUER_EB_K1,C05_MONTH_END_ISSUER_EB,1,1,,,,,
2025-02-05,C05_MONTH_END_ISSUER_EB_K1,C05_MONTH_END_ISSUER_EB,1,1,,,,,
2025-02-06,C05_MONTH_END_ISSUER_EB_K1,C05_MONTH_END_ISSUER_EB,1,1,,,,,
2025-02-07,C05_MONTH_END_ISSUER_EB_K1,C05_MONTH_END_ISSUER_EB,1,1,,,,,
2025-02-10,C05_MONTH_END_ISSUER_EB_K1,C05_MONTH_END_ISSUER_EB,1,1,,,,,
2025-02-12,C05_MONTH_END_ISSUER_EB_K1,C05_MONTH_END_ISSUER_EB,1,1,,,,,
2025-02-13,C05_MONTH_END_ISSUER_EB_K1,C05_MONTH_END_ISSUER_EB,1,1,,,,,
2025-02-14,C05_MONTH_END_ISSUER_EB_K1,C05_MONTH_END_ISSUER_EB,1,1,,,,,
2025-02-17,C05_MONTH_END_ISSUER_EB_K1,C05_MONTH_END_ISSUER_EB,1,1,,,,,
2025-02-18,C05_MONTH_END_ISSUER_EB_K1,C05_MONTH_END_ISSUER_EB,1,1,,,,,
2025-02-19,C05_MONTH_END_ISSUER_EB_K1,C05_MONTH_END_ISSUER_EB,1,1,,,,,
2025-02-20,C05_MONTH_END_ISSUER_EB_K1,C05_MONTH_END_ISSUER_EB,1,1,,,,,
2025-02-21,C05_MONTH_END_ISSUER_EB_K1,C05_MONTH_END_ISSUER_EB,1,1,,,,,
2025-02-25,C05_MONTH_END_ISSUER_EB_K1,C05_MONTH_END_ISSUER_EB,1,1,,,,,
2025-02-26,C05_MONTH_END_ISSUER_EB_K1,C05_MONTH_END_ISSUER_EB,1,1,6856,堀場製作所,0.8879066101698193,0.9440738840430951,1.0
2025-02-27,C05_MONTH_END_ISSUER_EB_K1,C05_MONTH_END_ISSUER_EB,1,1,6856,堀場製作所,0.8879066101698193,0.8233380768448928,1.0
2025-02-28,C05_MONTH_END_ISSUER_EB_K1,C05_MONTH_END_ISSUER_EB,1,1,6856,堀場製作所,0.8879066101698193,-2.030097969902034,0.0
2025-03-03,C05_MONTH_END_ISSUER_EB_K1,C05_MONTH_END_ISSUER_EB,1,1,,,,,
2025-03-04,C05_MONTH_END_ISSUER_EB_K1,C05_MONTH_END_ISSUER_EB,1,1,,,,,
2025-03-05,C05_MONTH_END_ISSUER_EB_K1,C05_MONTH_END_ISSUER_EB,1,1,,,,,
2025-03-06,C05_MONTH_END_ISSUER_EB_K1,C05_MONTH_END_ISSUER_EB,1,1,,,,,
2025-03-07,C05_MONTH_END_ISSUER_EB_K1,C05_MONTH_END_ISSUER_EB,1,1,,,,,
2025-03-10,C05_MONTH_END_ISSUER_EB_K1,C05_MONTH_END_ISSUER_EB,1,1,,,,,
2025-03-11,C05_MONTH_END_ISSUER_EB_K1,C05_MONTH_END_ISSUER_EB,1,1,,,,,
2025-03-12,C05_MONTH_END_ISSUER_EB_K1,C05_MONTH_END_ISSUER_EB,1,1,,,,,
2025-03-13,C05_MONTH_END_ISSUER_EB_K1,C05_MONTH_END_ISSUER_EB,1,1,,,,,
2025-03-14,C05_MONTH_END_ISSUER_EB_K1,C05_MONTH_END_ISSUER_EB,1,1,,,,,
2025-03-17,C05_MONTH_END_ISSUER_EB_K1,C05_MONTH_END_ISSUER_EB,1,1,,,,,
2025-03-18,C05_MONTH_END_ISSUER_EB_K1,C05_MONTH_END_ISSUER_EB,1,1,,,,,
2025-03-19,C05_MONTH_END_ISSUER_EB_K1,C05_MONTH_END_ISSUER_EB,1,1,,,,,
2025-03-21,C05_MONTH_END_ISSUER_EB_K1,C05_MONTH_END_ISSUER_EB,1,1,,,,,
2025-03-24,C05_MONTH_END_ISSUER_EB_K1,C05_MONTH_END_ISSUER_EB,1,1,,,,,
2025-03-25,C05_MONTH_END_ISSUER_EB_K1,C05_MONTH_END_ISSUER_EB,1,1,,,,,
2025-03-26,C05_MONTH_END_ISSUER_EB_K1,C05_MONTH_END_ISSUER_EB,1,1,,,,,
2025-03-27,C05_MONTH_END_ISSUER_EB_K1,C05_MONTH_END_ISSUER_EB,1,1,4840,トライアイズ,0.8599505418888973,0.5797101449275255,1.0
2025-03-28,C05_MONTH_END_ISSUER_EB_K1,C05_MONTH_END_ISSUER_EB,1,1,4840,トライアイズ,0.8599505418888973,-0.5780346820809301,0.0
2025-03-31,C05_MONTH_END_ISSUER_EB_K1,C05_MONTH_END_ISSUER_EB,1,1,4840,トライアイズ,0.8599505418888973,-4.941860465116276,0.0
2025-04-01,C05_MONTH_END_ISSUER_EB_K1,C05_MONTH_END_ISSUER_EB,1,1,,,,,
2025-04-02,C05_MONTH_END_ISSUER_EB_K1,C05_MONTH_END_ISSUER_EB,1,1,,,,,
2025-04-03,C05_MONTH_END_ISSUER_EB_K1,C05_MONTH_END_ISSUER_EB,1,1,,,,,
2025-04-04,C05_MONTH_END_ISSUER_EB_K1,C05_MONTH_END_ISSUER_EB,1,1,,,,,
2025-04-07,C05_MONTH_END_ISSUER_EB_K1,C05_MONTH_END_ISSUER_EB,1,1,,,,,
2025-04-08,C05_MONTH_END_ISSUER_EB_K1,C05_MONTH_END_ISSUER_EB,1,1,,,,,
2025-04-09,C05_MONTH_END_ISSUER_EB_K1,C05_MONTH_END_ISSUER_EB,1,1,,,,,
2025-04-10,C05_MONTH_END_ISSUER_EB_K1,C05_MONTH_END_ISSUER_EB,1,1,,,,,
2025-04-11,C05_MONTH_END_ISSUER_EB_K1,C05_MONTH_END_ISSUER_EB,1,1,,,,,
2025-04-14,C05_MONTH_END_ISSUER_EB_K1,C05_MONTH_END_ISSUER_EB,1,1,,,,,
2025-04-15,C05_MONTH_END_ISSUER_EB_K1,C05_MONTH_END_ISSUER_EB,1,1,,,,,
2025-04-16,C05_MONTH_END_ISSUER_EB_K1,C05_MONTH_END_ISSUER_EB,1,1,,,,,
2025-04-17,C05_MONTH_END_ISSUER_EB_K1,C05_MONTH_END_ISSUER_EB,1,1,,,,,
2025-04-18,C05_MONTH_END_ISSUER_EB_K1,C05_MONTH_END_ISSUER_EB,1,1,,,,,
2025-04-21,C05_MONTH_END_ISSUER_EB_K1,C05_MONTH_END_ISSUER_EB,1,1,,,,,
2025-04-22,C05_MONTH_END_ISSUER_EB_K1,C05_MONTH_END_ISSUER_EB,1,1,,,,,
2025-04-23,C05_MONTH_END_ISSUER_EB_K1,C05_MONTH_END_ISSUER_EB,1,1,,,,,
2025-04-24,C05_MONTH_END_ISSUER_EB_K1,C05_MONTH_END_ISSUER_EB,1,1,,,,,
2025-04-25,C05_MONTH_END_ISSUER_EB_K1,C05_MONTH_END_ISSUER_EB,1,1,3106,倉敷紡績,0.7739220471182569,0.31746031746031633,1.0
2025-04-28,C05_MONTH_END_ISSUER_EB_K1,C05_MONTH_END_ISSUER_EB,1,1,3106,倉敷紡績,0.7739220471182569,-2.677165354330713,0.0
2025-04-30,C05_MONTH_END_ISSUER_EB_K1,C05_MONTH_END_ISSUER_EB,1,1,7013,ＩＨＩ,0.848410745039849,-2.1929824561403466,0.0
2025-05-01,C05_MONTH_END_ISSUER_EB_K1,C05_MONTH_END_ISSUER_EB,1,1,,,,,
2025-05-02,C05_MONTH_END_ISSUER_EB_K1,C05_MONTH_END_ISSUER_EB,1,1,,,,,
2025-05-07,C05_MONTH_END_ISSUER_EB_K1,C05_MONTH_END_ISSUER_EB,1,1,,,,,
2025-05-08,C05_MONTH_END_ISSUER_EB_K1,C05_MONTH_END_ISSUER_EB,1,1,,,,,
2025-05-09,C05_MONTH_END_ISSUER_EB_K1,C05_MONTH_END_ISSUER_EB,1,1,,,,,
2025-05-12,C05_MONTH_END_ISSUER_EB_K1,C05_MONTH_END_ISSUER_EB,1,1,,,,,
2025-05-13,C05_MONTH_END_ISSUER_EB_K1,C05_MONTH_END_ISSUER_EB,1,1,,,,,
2025-05-14,C05_MONTH_END_ISSUER_EB_K1,C05_MONTH_END_ISSUER_EB,1,1,,,,,
2025-05-15,C05_MONTH_END_ISSUER_EB_K1,C05_MONTH_END_ISSUER_EB,1,1,,,,,
2025-05-16,C05_MONTH_END_ISSUER_EB_K1,C05_MONTH_END_ISSUER_EB,1,1,,,,,
2025-05-19,C05_MONTH_END_ISSUER_EB_K1,C05_MONTH_END_ISSUER_EB,1,1,,,,,
2025-05-20,C05_MONTH_END_ISSUER_EB_K1,C05_MONTH_END_ISSUER_EB,1,1,,,,,
2025-05-21,C05_MONTH_END_ISSUER_EB_K1,C05_MONTH_END_ISSUER_EB,1,1,,,,,
2025-05-22,C05_MONTH_END_ISSUER_EB_K1,C05_MONTH_END_ISSUER_EB,1,1,,,,,
2025-05-23,C05_MONTH_END_ISSUER_EB_K1,C05_MONTH_END_ISSUER_EB,1,1,,,,,
2025-05-26,C05_MONTH_END_ISSUER_EB_K1,C05_MONTH_END_ISSUER_EB,1,1,,,,,
2025-05-27,C05_MONTH_END_ISSUER_EB_K1,C05_MONTH_END_ISSUER_EB,1,1,,,,,
2025-05-28,C05_MONTH_END_ISSUER_EB_K1,C05_MONTH_END_ISSUER_EB,1,1,7013,ＩＨＩ,0.8000534819494798,-2.710215427380125,0.0
2025-05-29,C05_MONTH_END_ISSUER_EB_K1,C05_MONTH_END_ISSUER_EB,1,1,7013,ＩＨＩ,0.8000534819494798,-0.7430997876857748,0.0
2025-05-30,C05_MONTH_END_ISSUER_EB_K1,C05_MONTH_END_ISSUER_EB,1,1,7013,ＩＨＩ,0.8000534819494798,0.974729241877248,1.0
2025-06-02,C05_MONTH_END_ISSUER_EB_K1,C05_MONTH_END_ISSUER_EB,1,1,,,,,
2025-06-03,C05_MONTH_END_ISSUER_EB_K1,C05_MONTH_END_ISSUER_EB,1,1,,,,,
2025-06-04,C05_MONTH_END_ISSUER_EB_K1,C05_MONTH_END_ISSUER_EB,1,1,,,,,
2025-06-05,C05_MONTH_END_ISSUER_EB_K1,C05_MONTH_END_ISSUER_EB,1,1,,,,,
2025-06-06,C05_MONTH_END_ISSUER_EB_K1,C05_MONTH_END_ISSUER_EB,1,1,,,,,
2025-06-09,C05_MONTH_END_ISSUER_EB_K1,C05_MONTH_END_ISSUER_EB,1,1,,,,,
2025-06-10,C05_MONTH_END_ISSUER_EB_K1,C05_MONTH_END_ISSUER_EB,1,1,,,,,
2025-06-11,C05_MONTH_END_ISSUER_EB_K1,C05_MONTH_END_ISSUER_EB,1,1,,,,,
2025-06-12,C05_MONTH_END_ISSUER_EB_K1,C05_MONTH_END_ISSUER_EB,1,1,,,,,
2025-06-13,C05_MONTH_END_ISSUER_EB_K1,C05_MONTH_END_ISSUER_EB,1,1,,,,,
2025-06-16,C05_MONTH_END_ISSUER_EB_K1,C05_MONTH_END_ISSUER_EB,1,1,,,,,
2025-06-17,C05_MONTH_END_ISSUER_EB_K1,C05_MONTH_END_ISSUER_EB,1,1,,,,,
2025-06-18,C05_MONTH_END_ISSUER_EB_K1,C05_MONTH_END_ISSUER_EB,1,1,,,,,
2025-06-19,C05_MONTH_END_ISSUER_EB_K1,C05_MONTH_END_ISSUER_EB,1,1,,,,,
2025-06-20,C05_MONTH_END_ISSUER_EB_K1,C05_MONTH_END_ISSUER_EB,1,1,,,,,
2025-06-23,C05_MONTH_END_ISSUER_EB_K1,C05_MONTH_END_ISSUER_EB,1,1,,,,,
2025-06-24,C05_MONTH_END_ISSUER_EB_K1,C05_MONTH_END_ISSUER_EB,1,1,,,,,
2025-06-25,C05_MONTH_END_ISSUER_EB_K1,C05_MONTH_END_ISSUER_EB,1,1,,,,,
2025-06-26,C05_MONTH_END_ISSUER_EB_K1,C05_MONTH_END_ISSUER_EB,1,1,5803,フジクラ,0.7658026561506078,4.227915441691166,1.0
2025-06-27,C05_MONTH_END_ISSUER_EB_K1,C05_MONTH_END_ISSUER_EB,1,1,5803,フジクラ,0.7658026561506078,1.0370961308336701,1.0
2025-06-30,C05_MONTH_END_ISSUER_EB_K1,C05_MONTH_END_ISSUER_EB,1,1,5803,フジクラ,0.7658026561506078,-2.2970705897535137,0.0
2025-07-01,C05_MONTH_END_ISSUER_EB_K1,C05_MONTH_END_ISSUER_EB,1,1,,,,,
2025-07-02,C05_MONTH_END_ISSUER_EB_K1,C05_MONTH_END_ISSUER_EB,1,1,,,,,
2025-07-03,C05_MONTH_END_ISSUER_EB_K1,C05_MONTH_END_ISSUER_EB,1,1,,,,,
2025-07-04,C05_MONTH_END_ISSUER_EB_K1,C05_MONTH_END_ISSUER_EB,1,1,,,,,
2025-07-07,C05_MONTH_END_ISSUER_EB_K1,C05_MONTH_END_ISSUER_EB,1,1,,,,,
2025-07-08,C05_MONTH_END_ISSUER_EB_K1,C05_MONTH_END_ISSUER_EB,1,1,,,,,
2025-07-09,C05_MONTH_END_ISSUER_EB_K1,C05_MONTH_END_ISSUER_EB,1,1,,,,,
2025-07-10,C05_MONTH_END_ISSUER_EB_K1,C05_MONTH_END_ISSUER_EB,1,1,,,,,
2025-07-11,C05_MONTH_END_ISSUER_EB_K1,C05_MONTH_END_ISSUER_EB,1,1,,,,,
2025-07-14,C05_MONTH_END_ISSUER_EB_K1,C05_MONTH_END_ISSUER_EB,1,1,,,,,
2025-07-15,C05_MONTH_END_ISSUER_EB_K1,C05_MONTH_END_ISSUER_EB,1,1,,,,,
2025-07-16,C05_MONTH_END_ISSUER_EB_K1,C05_MONTH_END_ISSUER_EB,1,1,,,,,
2025-07-17,C05_MONTH_END_ISSUER_EB_K1,C05_MONTH_END_ISSUER_EB,1,1,,,,,
2025-07-18,C05_MONTH_END_ISSUER_EB_K1,C05_MONTH_END_ISSUER_EB,1,1,,,,,
2025-07-22,C05_MONTH_END_ISSUER_EB_K1,C05_MONTH_END_ISSUER_EB,1,1,,,,,
2025-07-23,C05_MONTH_END_ISSUER_EB_K1,C05_MONTH_END_ISSUER_EB,1,1,,,,,
2025-07-24,C05_MONTH_END_ISSUER_EB_K1,C05_MONTH_END_ISSUER_EB,1,1,,,,,
2025-07-25,C05_MONTH_END_ISSUER_EB_K1,C05_MONTH_END_ISSUER_EB,1,1,,,,,
2025-07-28,C05_MONTH_END_ISSUER_EB_K1,C05_MONTH_END_ISSUER_EB,1,1,,,,,
2025-07-29,C05_MONTH_END_ISSUER_EB_K1,C05_MONTH_END_ISSUER_EB,1,1,5803,フジクラ,0.7727672745432336,2.1714285714285797,1.0
2025-07-30,C05_MONTH_END_ISSUER_EB_K1,C05_MONTH_END_ISSUER_EB,1,1,5803,フジクラ,0.7727672745432336,4.039324642017528,1.0
2025-07-31,C05_MONTH_END_ISSUER_EB_K1,C05_MONTH_END_ISSUER_EB,1,1,5803,フジクラ,0.7727672745432336,4.0830658105939,1.0
2024-07-01,C05_MONTH_END_ISSUER_EB_K2,C05_MONTH_END_ISSUER_EB,2,1,,,,,
2024-07-01,C05_MONTH_END_ISSUER_EB_K2,C05_MONTH_END_ISSUER_EB,2,2,,,,,
2024-07-02,C05_MONTH_END_ISSUER_EB_K2,C05_MONTH_END_ISSUER_EB,2,1,,,,,
2024-07-02,C05_MONTH_END_ISSUER_EB_K2,C05_MONTH_END_ISSUER_EB,2,2,,,,,
2024-07-03,C05_MONTH_END_ISSUER_EB_K2,C05_MONTH_END_ISSUER_EB,2,1,,,,,
2024-07-03,C05_MONTH_END_ISSUER_EB_K2,C05_MONTH_END_ISSUER_EB,2,2,,,,,
2024-07-04,C05_MONTH_END_ISSUER_EB_K2,C05_MONTH_END_ISSUER_EB,2,1,,,,,
2024-07-04,C05_MONTH_END_ISSUER_EB_K2,C05_MONTH_END_ISSUER_EB,2,2,,,,,
2024-07-05,C05_MONTH_END_ISSUER_EB_K2,C05_MONTH_END_ISSUER_EB,2,1,,,,,
2024-07-05,C05_MONTH_END_ISSUER_EB_K2,C05_MONTH_END_ISSUER_EB,2,2,,,,,
2024-07-08,C05_MONTH_END_ISSUER_EB_K2,C05_MONTH_END_ISSUER_EB,2,1,,,,,
2024-07-08,C05_MONTH_END_ISSUER_EB_K2,C05_MONTH_END_ISSUER_EB,2,2,,,,,
2024-07-09,C05_MONTH_END_ISSUER_EB_K2,C05_MONTH_END_ISSUER_EB,2,1,,,,,
2024-07-09,C05_MONTH_END_ISSUER_EB_K2,C05_MONTH_END_ISSUER_EB,2,2,,,,,
2024-07-10,C05_MONTH_END_ISSUER_EB_K2,C05_MONTH_END_ISSUER_EB,2,1,,,,,
2024-07-10,C05_MONTH_END_ISSUER_EB_K2,C05_MONTH_END_ISSUER_EB,2,2,,,,,
2024-07-11,C05_MONTH_END_ISSUER_EB_K2,C05_MONTH_END_ISSUER_EB,2,1,,,,,
2024-07-11,C05_MONTH_END_ISSUER_EB_K2,C05_MONTH_END_ISSUER_EB,2,2,,,,,
2024-07-12,C05_MONTH_END_ISSUER_EB_K2,C05_MONTH_END_ISSUER_EB,2,1,,,,,
2024-07-12,C05_MONTH_END_ISSUER_EB_K2,C05_MONTH_END_ISSUER_EB,2,2,,,,,
2024-07-16,C05_MONTH_END_ISSUER_EB_K2,C05_MONTH_END_ISSUER_EB,2,1,,,,,
2024-07-16,C05_MONTH_END_ISSUER_EB_K2,C05_MONTH_END_ISSUER_EB,2,2,,,,,
2024-07-17,C05_MONTH_END_ISSUER_EB_K2,C05_MONTH_END_ISSUER_EB,2,1,,,,,
2024-07-17,C05_MONTH_END_ISSUER_EB_K2,C05_MONTH_END_ISSUER_EB,2,2,,,,,
2024-07-18,C05_MONTH_END_ISSUER_EB_K2,C05_MONTH_END_ISSUER_EB,2,1,,,,,
2024-07-18,C05_MONTH_END_ISSUER_EB_K2,C05_MONTH_END_ISSUER_EB,2,2,,,,,
2024-07-19,C05_MONTH_END_ISSUER_EB_K2,C05_MONTH_END_ISSUER_EB,2,1,,,,,
2024-07-19,C05_MONTH_END_ISSUER_EB_K2,C05_MONTH_END_ISSUER_EB,2,2,,,,,
2024-07-22,C05_MONTH_END_ISSUER_EB_K2,C05_MONTH_END_ISSUER_EB,2,1,,,,,
2024-07-22,C05_MONTH_END_ISSUER_EB_K2,C05_MONTH_END_ISSUER_EB,2,2,,,,,
2024-07-23,C05_MONTH_END_ISSUER_EB_K2,C05_MONTH_END_ISSUER_EB,2,1,,,,,
2024-07-23,C05_MONTH_END_ISSUER_EB_K2,C05_MONTH_END_ISSUER_EB,2,2,,,,,
2024-07-24,C05_MONTH_END_ISSUER_EB_K2,C05_MONTH_END_ISSUER_EB,2,1,,,,,
2024-07-24,C05_MONTH_END_ISSUER_EB_K2,C05_MONTH_END_ISSUER_EB,2,2,,,,,
2024-07-25,C05_MONTH_END_ISSUER_EB_K2,C05_MONTH_END_ISSUER_EB,2,1,,,,,
2024-07-25,C05_MONTH_END_ISSUER_EB_K2,C05_MONTH_END_ISSUER_EB,2,2,,,,,
2024-07-26,C05_MONTH_END_ISSUER_EB_K2,C05_MONTH_END_ISSUER_EB,2,1,,,,,
2024-07-26,C05_MONTH_END_ISSUER_EB_K2,C05_MONTH_END_ISSUER_EB,2,2,,,,,
2024-07-29,C05_MONTH_END_ISSUER_EB_K2,C05_MONTH_END_ISSUER_EB,2,1,9919,関⻄フードマーケット,0.6202139324113941,,
2024-07-29,C05_MONTH_END_ISSUER_EB_K2,C05_MONTH_END_ISSUER_EB,2,2,6278,ユニオンツール,0.5977134520538755,1.4571948998178597,1.0
2024-07-30,C05_MONTH_END_ISSUER_EB_K2,C05_MONTH_END_ISSUER_EB,2,1,6496,中北製作所,0.6018125865560622,-1.5214384508990264,0.0
2024-07-30,C05_MONTH_END_ISSUER_EB_K2,C05_MONTH_END_ISSUER_EB,2,2,6278,ユニオンツール,0.5977134520538755,0.538599640933568,1.0
2024-07-31,C05_MONTH_END_ISSUER_EB_K2,C05_MONTH_END_ISSUER_EB,2,1,6496,中北製作所,0.6018125865560622,1.1315417256011262,1.0
2024-07-31,C05_MONTH_END_ISSUER_EB_K2,C05_MONTH_END_ISSUER_EB,2,2,6278,ユニオンツール,0.5977134520538755,5.989110707803991,1.0
2024-08-01,C05_MONTH_END_ISSUER_EB_K2,C05_MONTH_END_ISSUER_EB,2,1,,,,,
2024-08-01,C05_MONTH_END_ISSUER_EB_K2,C05_MONTH_END_ISSUER_EB,2,2,,,,,
2024-08-02,C05_MONTH_END_ISSUER_EB_K2,C05_MONTH_END_ISSUER_EB,2,1,,,,,
2024-08-02,C05_MONTH_END_ISSUER_EB_K2,C05_MONTH_END_ISSUER_EB,2,2,,,,,
2024-08-05,C05_MONTH_END_ISSUER_EB_K2,C05_MONTH_END_ISSUER_EB,2,1,,,,,
2024-08-05,C05_MONTH_END_ISSUER_EB_K2,C05_MONTH_END_ISSUER_EB,2,2,,,,,
2024-08-06,C05_MONTH_END_ISSUER_EB_K2,C05_MONTH_END_ISSUER_EB,2,1,,,,,
2024-08-06,C05_MONTH_END_ISSUER_EB_K2,C05_MONTH_END_ISSUER_EB,2,2,,,,,
2024-08-07,C05_MONTH_END_ISSUER_EB_K2,C05_MONTH_END_ISSUER_EB,2,1,,,,,
2024-08-07,C05_MONTH_END_ISSUER_EB_K2,C05_MONTH_END_ISSUER_EB,2,2,,,,,
2024-08-08,C05_MONTH_END_ISSUER_EB_K2,C05_MONTH_END_ISSUER_EB,2,1,,,,,
2024-08-08,C05_MONTH_END_ISSUER_EB_K2,C05_MONTH_END_ISSUER_EB,2,2,,,,,
2024-08-09,C05_MONTH_END_ISSUER_EB_K2,C05_MONTH_END_ISSUER_EB,2,1,,,,,
2024-08-09,C05_MONTH_END_ISSUER_EB_K2,C05_MONTH_END_ISSUER_EB,2,2,,,,,
2024-08-13,C05_MONTH_END_ISSUER_EB_K2,C05_MONTH_END_ISSUER_EB,2,1,,,,,
2024-08-13,C05_MONTH_END_ISSUER_EB_K2,C05_MONTH_END_ISSUER_EB,2,2,,,,,
2024-08-14,C05_MONTH_END_ISSUER_EB_K2,C05_MONTH_END_ISSUER_EB,2,1,,,,,
2024-08-14,C05_MONTH_END_ISSUER_EB_K2,C05_MONTH_END_ISSUER_EB,2,2,,,,,
2024-08-15,C05_MONTH_END_ISSUER_EB_K2,C05_MONTH_END_ISSUER_EB,2,1,,,,,
2024-08-15,C05_MONTH_END_ISSUER_EB_K2,C05_MONTH_END_ISSUER_EB,2,2,,,,,
2024-08-16,C05_MONTH_END_ISSUER_EB_K2,C05_MONTH_END_ISSUER_EB,2,1,,,,,
2024-08-16,C05_MONTH_END_ISSUER_EB_K2,C05_MONTH_END_ISSUER_EB,2,2,,,,,
2024-08-19,C05_MONTH_END_ISSUER_EB_K2,C05_MONTH_END_ISSUER_EB,2,1,,,,,
2024-08-19,C05_MONTH_END_ISSUER_EB_K2,C05_MONTH_END_ISSUER_EB,2,2,,,,,
2024-08-20,C05_MONTH_END_ISSUER_EB_K2,C05_MONTH_END_ISSUER_EB,2,1,,,,,
2024-08-20,C05_MONTH_END_ISSUER_EB_K2,C05_MONTH_END_ISSUER_EB,2,2,,,,,
2024-08-21,C05_MONTH_END_ISSUER_EB_K2,C05_MONTH_END_ISSUER_EB,2,1,,,,,
2024-08-21,C05_MONTH_END_ISSUER_EB_K2,C05_MONTH_END_ISSUER_EB,2,2,,,,,
2024-08-22,C05_MONTH_END_ISSUER_EB_K2,C05_MONTH_END_ISSUER_EB,2,1,,,,,
2024-08-22,C05_MONTH_END_ISSUER_EB_K2,C05_MONTH_END_ISSUER_EB,2,2,,,,,
2024-08-23,C05_MONTH_END_ISSUER_EB_K2,C05_MONTH_END_ISSUER_EB,2,1,,,,,
2024-08-23,C05_MONTH_END_ISSUER_EB_K2,C05_MONTH_END_ISSUER_EB,2,2,,,,,
2024-08-26,C05_MONTH_END_ISSUER_EB_K2,C05_MONTH_END_ISSUER_EB,2,1,,,,,
2024-08-26,C05_MONTH_END_ISSUER_EB_K2,C05_MONTH_END_ISSUER_EB,2,2,,,,,
2024-08-27,C05_MONTH_END_ISSUER_EB_K2,C05_MONTH_END_ISSUER_EB,2,1,,,,,
2024-08-27,C05_MONTH_END_ISSUER_EB_K2,C05_MONTH_END_ISSUER_EB,2,2,,,,,
2024-08-28,C05_MONTH_END_ISSUER_EB_K2,C05_MONTH_END_ISSUER_EB,2,1,7734,理研計器,0.8828040614364714,3.3457249070631967,1.0
2024-08-28,C05_MONTH_END_ISSUER_EB_K2,C05_MONTH_END_ISSUER_EB,2,2,4568,第一三共,0.8087686977779692,0.4198152812762368,1.0
2024-08-29,C05_MONTH_END_ISSUER_EB_K2,C05_MONTH_END_ISSUER_EB,2,1,7734,理研計器,0.8828040614364714,0.3597122302158251,1.0
2024-08-29,C05_MONTH_END_ISSUER_EB_K2,C05_MONTH_END_ISSUER_EB,2,2,6278,ユニオンツール,0.8308877677288218,-2.2727272727272707,0.0
2024-08-30,C05_MONTH_END_ISSUER_EB_K2,C05_MONTH_END_ISSUER_EB,2,1,7734,理研計器,0.8828040614364714,-1.194743130227005,0.0
2024-08-30,C05_MONTH_END_ISSUER_EB_K2,C05_MONTH_END_ISSUER_EB,2,2,6278,ユニオンツール,0.8308877677288218,3.5149384885764468,1.0
2024-09-02,C05_MONTH_END_ISSUER_EB_K2,C05_MONTH_END_ISSUER_EB,2,1,,,,,
2024-09-02,C05_MONTH_END_ISSUER_EB_K2,C05_MONTH_END_ISSUER_EB,2,2,,,,,
2024-09-03,C05_MONTH_END_ISSUER_EB_K2,C05_MONTH_END_ISSUER_EB,2,1,,,,,
2024-09-03,C05_MONTH_END_ISSUER_EB_K2,C05_MONTH_END_ISSUER_EB,2,2,,,,,
2024-09-04,C05_MONTH_END_ISSUER_EB_K2,C05_MONTH_END_ISSUER_EB,2,1,,,,,
2024-09-04,C05_MONTH_END_ISSUER_EB_K2,C05_MONTH_END_ISSUER_EB,2,2,,,,,
2024-09-05,C05_MONTH_END_ISSUER_EB_K2,C05_MONTH_END_ISSUER_EB,2,1,,,,,
2024-09-05,C05_MONTH_END_ISSUER_EB_K2,C05_MONTH_END_ISSUER_EB,2,2,,,,,
2024-09-06,C05_MONTH_END_ISSUER_EB_K2,C05_MONTH_END_ISSUER_EB,2,1,,,,,
2024-09-06,C05_MONTH_END_ISSUER_EB_K2,C05_MONTH_END_ISSUER_EB,2,2,,,,,
2024-09-09,C05_MONTH_END_ISSUER_EB_K2,C05_MONTH_END_ISSUER_EB,2,1,,,,,
2024-09-09,C05_MONTH_END_ISSUER_EB_K2,C05_MONTH_END_ISSUER_EB,2,2,,,,,
2024-09-10,C05_MONTH_END_ISSUER_EB_K2,C05_MONTH_END_ISSUER_EB,2,1,,,,,
2024-09-10,C05_MONTH_END_ISSUER_EB_K2,C05_MONTH_END_ISSUER_EB,2,2,,,,,
2024-09-11,C05_MONTH_END_ISSUER_EB_K2,C05_MONTH_END_ISSUER_EB,2,1,,,,,
2024-09-11,C05_MONTH_END_ISSUER_EB_K2,C05_MONTH_END_ISSUER_EB,2,2,,,,,
2024-09-12,C05_MONTH_END_ISSUER_EB_K2,C05_MONTH_END_ISSUER_EB,2,1,,,,,
2024-09-12,C05_MONTH_END_ISSUER_EB_K2,C05_MONTH_END_ISSUER_EB,2,2,,,,,
2024-09-13,C05_MONTH_END_ISSUER_EB_K2,C05_MONTH_END_ISSUER_EB,2,1,,,,,
2024-09-13,C05_MONTH_END_ISSUER_EB_K2,C05_MONTH_END_ISSUER_EB,2,2,,,,,
2024-09-17,C05_MONTH_END_ISSUER_EB_K2,C05_MONTH_END_ISSUER_EB,2,1,,,,,
2024-09-17,C05_MONTH_END_ISSUER_EB_K2,C05_MONTH_END_ISSUER_EB,2,2,,,,,
2024-09-18,C05_MONTH_END_ISSUER_EB_K2,C05_MONTH_END_ISSUER_EB,2,1,,,,,
2024-09-18,C05_MONTH_END_ISSUER_EB_K2,C05_MONTH_END_ISSUER_EB,2,2,,,,,
2024-09-19,C05_MONTH_END_ISSUER_EB_K2,C05_MONTH_END_ISSUER_EB,2,1,,,,,
2024-09-19,C05_MONTH_END_ISSUER_EB_K2,C05_MONTH_END_ISSUER_EB,2,2,,,,,
2024-09-20,C05_MONTH_END_ISSUER_EB_K2,C05_MONTH_END_ISSUER_EB,2,1,,,,,
2024-09-20,C05_MONTH_END_ISSUER_EB_K2,C05_MONTH_END_ISSUER_EB,2,2,,,,,
2024-09-24,C05_MONTH_END_ISSUER_EB_K2,C05_MONTH_END_ISSUER_EB,2,1,,,,,
2024-09-24,C05_MONTH_END_ISSUER_EB_K2,C05_MONTH_END_ISSUER_EB,2,2,,,,,
2024-09-25,C05_MONTH_END_ISSUER_EB_K2,C05_MONTH_END_ISSUER_EB,2,1,,,,,
2024-09-25,C05_MONTH_END_ISSUER_EB_K2,C05_MONTH_END_ISSUER_EB,2,2,,,,,
2024-09-26,C05_MONTH_END_ISSUER_EB_K2,C05_MONTH_END_ISSUER_EB,2,1,2767,円⾕フィールズホールディングス,0.8830724784936477,2.732463295269172,1.0
2024-09-26,C05_MONTH_END_ISSUER_EB_K2,C05_MONTH_END_ISSUER_EB,2,2,7734,理研計器,0.8687124217444958,1.0000000000000009,1.0
2024-09-27,C05_MONTH_END_ISSUER_EB_K2,C05_MONTH_END_ISSUER_EB,2,1,2767,円⾕フィールズホールディングス,0.8830724784936477,2.2709163346613437,1.0
2024-09-27,C05_MONTH_END_ISSUER_EB_K2,C05_MONTH_END_ISSUER_EB,2,2,7734,理研計器,0.8687124217444958,2.0000000000000018,1.0
2024-09-30,C05_MONTH_END_ISSUER_EB_K2,C05_MONTH_END_ISSUER_EB,2,1,2767,円⾕フィールズホールディングス,0.8830724784936477,0.16064257028112205,1.0
2024-09-30,C05_MONTH_END_ISSUER_EB_K2,C05_MONTH_END_ISSUER_EB,2,2,7734,理研計器,0.8687124217444958,-1.0309278350515427,0.0
2024-10-01,C05_MONTH_END_ISSUER_EB_K2,C05_MONTH_END_ISSUER_EB,2,1,,,,,
2024-10-01,C05_MONTH_END_ISSUER_EB_K2,C05_MONTH_END_ISSUER_EB,2,2,,,,,
2024-10-02,C05_MONTH_END_ISSUER_EB_K2,C05_MONTH_END_ISSUER_EB,2,1,,,,,
2024-10-02,C05_MONTH_END_ISSUER_EB_K2,C05_MONTH_END_ISSUER_EB,2,2,,,,,
2024-10-03,C05_MONTH_END_ISSUER_EB_K2,C05_MONTH_END_ISSUER_EB,2,1,,,,,
2024-10-03,C05_MONTH_END_ISSUER_EB_K2,C05_MONTH_END_ISSUER_EB,2,2,,,,,
2024-10-04,C05_MONTH_END_ISSUER_EB_K2,C05_MONTH_END_ISSUER_EB,2,1,,,,,
2024-10-04,C05_MONTH_END_ISSUER_EB_K2,C05_MONTH_END_ISSUER_EB,2,2,,,,,
2024-10-07,C05_MONTH_END_ISSUER_EB_K2,C05_MONTH_END_ISSUER_EB,2,1,,,,,
2024-10-07,C05_MONTH_END_ISSUER_EB_K2,C05_MONTH_END_ISSUER_EB,2,2,,,,,
2024-10-08,C05_MONTH_END_ISSUER_EB_K2,C05_MONTH_END_ISSUER_EB,2,1,,,,,
2024-10-08,C05_MONTH_END_ISSUER_EB_K2,C05_MONTH_END_ISSUER_EB,2,2,,,,,
2024-10-09,C05_MONTH_END_ISSUER_EB_K2,C05_MONTH_END_ISSUER_EB,2,1,,,,,
2024-10-09,C05_MONTH_END_ISSUER_EB_K2,C05_MONTH_END_ISSUER_EB,2,2,,,,,
2024-10-10,C05_MONTH_END_ISSUER_EB_K2,C05_MONTH_END_ISSUER_EB,2,1,,,,,
2024-10-10,C05_MONTH_END_ISSUER_EB_K2,C05_MONTH_END_ISSUER_EB,2,2,,,,,
2024-10-11,C05_MONTH_END_ISSUER_EB_K2,C05_MONTH_END_ISSUER_EB,2,1,,,,,
2024-10-11,C05_MONTH_END_ISSUER_EB_K2,C05_MONTH_END_ISSUER_EB,2,2,,,,,
2024-10-15,C05_MONTH_END_ISSUER_EB_K2,C05_MONTH_END_ISSUER_EB,2,1,,,,,
2024-10-15,C05_MONTH_END_ISSUER_EB_K2,C05_MONTH_END_ISSUER_EB,2,2,,,,,
2024-10-16,C05_MONTH_END_ISSUER_EB_K2,C05_MONTH_END_ISSUER_EB,2,1,,,,,
2024-10-16,C05_MONTH_END_ISSUER_EB_K2,C05_MONTH_END_ISSUER_EB,2,2,,,,,
2024-10-17,C05_MONTH_END_ISSUER_EB_K2,C05_MONTH_END_ISSUER_EB,2,1,,,,,
2024-10-17,C05_MONTH_END_ISSUER_EB_K2,C05_MONTH_END_ISSUER_EB,2,2,,,,,
2024-10-18,C05_MONTH_END_ISSUER_EB_K2,C05_MONTH_END_ISSUER_EB,2,1,,,,,
2024-10-18,C05_MONTH_END_ISSUER_EB_K2,C05_MONTH_END_ISSUER_EB,2,2,,,,,
2024-10-21,C05_MONTH_END_ISSUER_EB_K2,C05_MONTH_END_ISSUER_EB,2,1,,,,,
2024-10-21,C05_MONTH_END_ISSUER_EB_K2,C05_MONTH_END_ISSUER_EB,2,2,,,,,
2024-10-22,C05_MONTH_END_ISSUER_EB_K2,C05_MONTH_END_ISSUER_EB,2,1,,,,,
2024-10-22,C05_MONTH_END_ISSUER_EB_K2,C05_MONTH_END_ISSUER_EB,2,2,,,,,
2024-10-23,C05_MONTH_END_ISSUER_EB_K2,C05_MONTH_END_ISSUER_EB,2,1,,,,,
2024-10-23,C05_MONTH_END_ISSUER_EB_K2,C05_MONTH_END_ISSUER_EB,2,2,,,,,
2024-10-24,C05_MONTH_END_ISSUER_EB_K2,C05_MONTH_END_ISSUER_EB,2,1,,,,,
2024-10-24,C05_MONTH_END_ISSUER_EB_K2,C05_MONTH_END_ISSUER_EB,2,2,,,,,
2024-10-25,C05_MONTH_END_ISSUER_EB_K2,C05_MONTH_END_ISSUER_EB,2,1,,,,,
2024-10-25,C05_MONTH_END_ISSUER_EB_K2,C05_MONTH_END_ISSUER_EB,2,2,,,,,
2024-10-28,C05_MONTH_END_ISSUER_EB_K2,C05_MONTH_END_ISSUER_EB,2,1,,,,,
2024-10-28,C05_MONTH_END_ISSUER_EB_K2,C05_MONTH_END_ISSUER_EB,2,2,,,,,
2024-10-29,C05_MONTH_END_ISSUER_EB_K2,C05_MONTH_END_ISSUER_EB,2,1,2767,円⾕フィールズホールディングス,0.9731805089135545,-4.311543810848406,0.0
2024-10-29,C05_MONTH_END_ISSUER_EB_K2,C05_MONTH_END_ISSUER_EB,2,2,5805,ＳＷＣＣ,0.9155485188863524,0.3898635477582957,1.0
2024-10-30,C05_MONTH_END_ISSUER_EB_K2,C05_MONTH_END_ISSUER_EB,2,1,2767,円⾕フィールズホールディングス,0.9731805089135545,-0.4333172845450206,0.0
2024-10-30,C05_MONTH_END_ISSUER_EB_K2,C05_MONTH_END_ISSUER_EB,2,2,5805,ＳＷＣＣ,0.9155485188863524,1.9083969465648831,1.0
2024-10-31,C05_MONTH_END_ISSUER_EB_K2,C05_MONTH_END_ISSUER_EB,2,1,2767,円⾕フィールズホールディングス,0.9731805089135545,-0.5777563793933571,0.0
2024-10-31,C05_MONTH_END_ISSUER_EB_K2,C05_MONTH_END_ISSUER_EB,2,2,5805,ＳＷＣＣ,0.9155485188863524,1.6853932584269593,1.0
2024-11-01,C05_MONTH_END_ISSUER_EB_K2,C05_MONTH_END_ISSUER_EB,2,1,,,,,
2024-11-01,C05_MONTH_END_ISSUER_EB_K2,C05_MONTH_END_ISSUER_EB,2,2,,,,,
2024-11-05,C05_MONTH_END_ISSUER_EB_K2,C05_MONTH_END_ISSUER_EB,2,1,,,,,
2024-11-05,C05_MONTH_END_ISSUER_EB_K2,C05_MONTH_END_ISSUER_EB,2,2,,,,,
2024-11-06,C05_MONTH_END_ISSUER_EB_K2,C05_MONTH_END_ISSUER_EB,2,1,,,,,
2024-11-06,C05_MONTH_END_ISSUER_EB_K2,C05_MONTH_END_ISSUER_EB,2,2,,,,,
2024-11-07,C05_MONTH_END_ISSUER_EB_K2,C05_MONTH_END_ISSUER_EB,2,1,,,,,
2024-11-07,C05_MONTH_END_ISSUER_EB_K2,C05_MONTH_END_ISSUER_EB,2,2,,,,,
2024-11-08,C05_MONTH_END_ISSUER_EB_K2,C05_MONTH_END_ISSUER_EB,2,1,,,,,
2024-11-08,C05_MONTH_END_ISSUER_EB_K2,C05_MONTH_END_ISSUER_EB,2,2,,,,,
2024-11-11,C05_MONTH_END_ISSUER_EB_K2,C05_MONTH_END_ISSUER_EB,2,1,,,,,
2024-11-11,C05_MONTH_END_ISSUER_EB_K2,C05_MONTH_END_ISSUER_EB,2,2,,,,,
2024-11-12,C05_MONTH_END_ISSUER_EB_K2,C05_MONTH_END_ISSUER_EB,2,1,,,,,
2024-11-12,C05_MONTH_END_ISSUER_EB_K2,C05_MONTH_END_ISSUER_EB,2,2,,,,,
2024-11-13,C05_MONTH_END_ISSUER_EB_K2,C05_MONTH_END_ISSUER_EB,2,1,,,,,
2024-11-13,C05_MONTH_END_ISSUER_EB_K2,C05_MONTH_END_ISSUER_EB,2,2,,,,,
2024-11-14,C05_MONTH_END_ISSUER_EB_K2,C05_MONTH_END_ISSUER_EB,2,1,,,,,
2024-11-14,C05_MONTH_END_ISSUER_EB_K2,C05_MONTH_END_ISSUER_EB,2,2,,,,,
2024-11-15,C05_MONTH_END_ISSUER_EB_K2,C05_MONTH_END_ISSUER_EB,2,1,,,,,
2024-11-15,C05_MONTH_END_ISSUER_EB_K2,C05_MONTH_END_ISSUER_EB,2,2,,,,,
2024-11-18,C05_MONTH_END_ISSUER_EB_K2,C05_MONTH_END_ISSUER_EB,2,1,,,,,
2024-11-18,C05_MONTH_END_ISSUER_EB_K2,C05_MONTH_END_ISSUER_EB,2,2,,,,,
2024-11-19,C05_MONTH_END_ISSUER_EB_K2,C05_MONTH_END_ISSUER_EB,2,1,,,,,
2024-11-19,C05_MONTH_END_ISSUER_EB_K2,C05_MONTH_END_ISSUER_EB,2,2,,,,,
2024-11-20,C05_MONTH_END_ISSUER_EB_K2,C05_MONTH_END_ISSUER_EB,2,1,,,,,
2024-11-20,C05_MONTH_END_ISSUER_EB_K2,C05_MONTH_END_ISSUER_EB,2,2,,,,,
2024-11-21,C05_MONTH_END_ISSUER_EB_K2,C05_MONTH_END_ISSUER_EB,2,1,,,,,
2024-11-21,C05_MONTH_END_ISSUER_EB_K2,C05_MONTH_END_ISSUER_EB,2,2,,,,,
2024-11-22,C05_MONTH_END_ISSUER_EB_K2,C05_MONTH_END_ISSUER_EB,2,1,,,,,
2024-11-22,C05_MONTH_END_ISSUER_EB_K2,C05_MONTH_END_ISSUER_EB,2,2,,,,,
2024-11-25,C05_MONTH_END_ISSUER_EB_K2,C05_MONTH_END_ISSUER_EB,2,1,,,,,
2024-11-25,C05_MONTH_END_ISSUER_EB_K2,C05_MONTH_END_ISSUER_EB,2,2,,,,,
2024-11-26,C05_MONTH_END_ISSUER_EB_K2,C05_MONTH_END_ISSUER_EB,2,1,,,,,
2024-11-26,C05_MONTH_END_ISSUER_EB_K2,C05_MONTH_END_ISSUER_EB,2,2,,,,,
2024-11-27,C05_MONTH_END_ISSUER_EB_K2,C05_MONTH_END_ISSUER_EB,2,1,7013,ＩＨＩ,0.9789023300965762,-3.1617095726068523,0.0
2024-11-27,C05_MONTH_END_ISSUER_EB_K2,C05_MONTH_END_ISSUER_EB,2,2,6620,宮越ホールディングス,0.8972708913045429,0.42417815482502785,1.0
2024-11-28,C05_MONTH_END_ISSUER_EB_K2,C05_MONTH_END_ISSUER_EB,2,1,7013,ＩＨＩ,0.9789023300965762,1.2638436482084625,1.0
2024-11-28,C05_MONTH_END_ISSUER_EB_K2,C05_MONTH_END_ISSUER_EB,2,2,3110,日東紡績,0.9108761615097497,1.4975041597337757,1.0
2024-11-29,C05_MONTH_END_ISSUER_EB_K2,C05_MONTH_END_ISSUER_EB,2,1,7013,ＩＨＩ,0.9789023300965762,-0.566937250354338,0.0
2024-11-29,C05_MONTH_END_ISSUER_EB_K2,C05_MONTH_END_ISSUER_EB,2,2,3110,日東紡績,0.9108761615097497,-0.8264462809917328,0.0
2024-12-02,C05_MONTH_END_ISSUER_EB_K2,C05_MONTH_END_ISSUER_EB,2,1,,,,,
2024-12-02,C05_MONTH_END_ISSUER_EB_K2,C05_MONTH_END_ISSUER_EB,2,2,,,,,
2024-12-03,C05_MONTH_END_ISSUER_EB_K2,C05_MONTH_END_ISSUER_EB,2,1,,,,,
2024-12-03,C05_MONTH_END_ISSUER_EB_K2,C05_MONTH_END_ISSUER_EB,2,2,,,,,
2024-12-04,C05_MONTH_END_ISSUER_EB_K2,C05_MONTH_END_ISSUER_EB,2,1,,,,,
2024-12-04,C05_MONTH_END_ISSUER_EB_K2,C05_MONTH_END_ISSUER_EB,2,2,,,,,
2024-12-05,C05_MONTH_END_ISSUER_EB_K2,C05_MONTH_END_ISSUER_EB,2,1,,,,,
2024-12-05,C05_MONTH_END_ISSUER_EB_K2,C05_MONTH_END_ISSUER_EB,2,2,,,,,
2024-12-06,C05_MONTH_END_ISSUER_EB_K2,C05_MONTH_END_ISSUER_EB,2,1,,,,,
2024-12-06,C05_MONTH_END_ISSUER_EB_K2,C05_MONTH_END_ISSUER_EB,2,2,,,,,
2024-12-09,C05_MONTH_END_ISSUER_EB_K2,C05_MONTH_END_ISSUER_EB,2,1,,,,,
2024-12-09,C05_MONTH_END_ISSUER_EB_K2,C05_MONTH_END_ISSUER_EB,2,2,,,,,
2024-12-10,C05_MONTH_END_ISSUER_EB_K2,C05_MONTH_END_ISSUER_EB,2,1,,,,,
2024-12-10,C05_MONTH_END_ISSUER_EB_K2,C05_MONTH_END_ISSUER_EB,2,2,,,,,
2024-12-11,C05_MONTH_END_ISSUER_EB_K2,C05_MONTH_END_ISSUER_EB,2,1,,,,,
2024-12-11,C05_MONTH_END_ISSUER_EB_K2,C05_MONTH_END_ISSUER_EB,2,2,,,,,
2024-12-12,C05_MONTH_END_ISSUER_EB_K2,C05_MONTH_END_ISSUER_EB,2,1,,,,,
2024-12-12,C05_MONTH_END_ISSUER_EB_K2,C05_MONTH_END_ISSUER_EB,2,2,,,,,
2024-12-13,C05_MONTH_END_ISSUER_EB_K2,C05_MONTH_END_ISSUER_EB,2,1,,,,,
2024-12-13,C05_MONTH_END_ISSUER_EB_K2,C05_MONTH_END_ISSUER_EB,2,2,,,,,
2024-12-16,C05_MONTH_END_ISSUER_EB_K2,C05_MONTH_END_ISSUER_EB,2,1,,,,,
2024-12-16,C05_MONTH_END_ISSUER_EB_K2,C05_MONTH_END_ISSUER_EB,2,2,,,,,
2024-12-17,C05_MONTH_END_ISSUER_EB_K2,C05_MONTH_END_ISSUER_EB,2,1,,,,,
2024-12-17,C05_MONTH_END_ISSUER_EB_K2,C05_MONTH_END_ISSUER_EB,2,2,,,,,
2024-12-18,C05_MONTH_END_ISSUER_EB_K2,C05_MONTH_END_ISSUER_EB,2,1,,,,,
2024-12-18,C05_MONTH_END_ISSUER_EB_K2,C05_MONTH_END_ISSUER_EB,2,2,,,,,
2024-12-19,C05_MONTH_END_ISSUER_EB_K2,C05_MONTH_END_ISSUER_EB,2,1,,,,,
2024-12-19,C05_MONTH_END_ISSUER_EB_K2,C05_MONTH_END_ISSUER_EB,2,2,,,,,
2024-12-20,C05_MONTH_END_ISSUER_EB_K2,C05_MONTH_END_ISSUER_EB,2,1,,,,,
2024-12-20,C05_MONTH_END_ISSUER_EB_K2,C05_MONTH_END_ISSUER_EB,2,2,,,,,
2024-12-23,C05_MONTH_END_ISSUER_EB_K2,C05_MONTH_END_ISSUER_EB,2,1,,,,,
2024-12-23,C05_MONTH_END_ISSUER_EB_K2,C05_MONTH_END_ISSUER_EB,2,2,,,,,
2024-12-24,C05_MONTH_END_ISSUER_EB_K2,C05_MONTH_END_ISSUER_EB,2,1,,,,,
2024-12-24,C05_MONTH_END_ISSUER_EB_K2,C05_MONTH_END_ISSUER_EB,2,2,,,,,
2024-12-25,C05_MONTH_END_ISSUER_EB_K2,C05_MONTH_END_ISSUER_EB,2,1,,,,,
2024-12-25,C05_MONTH_END_ISSUER_EB_K2,C05_MONTH_END_ISSUER_EB,2,2,,,,,
2024-12-26,C05_MONTH_END_ISSUER_EB_K2,C05_MONTH_END_ISSUER_EB,2,1,4980,デクセリアルズ,0.8838942632246927,0.5957271980279399,1.0
2024-12-26,C05_MONTH_END_ISSUER_EB_K2,C05_MONTH_END_ISSUER_EB,2,2,5805,ＳＷＣＣ,0.8786517632932981,1.9893899204244114,1.0
2024-12-27,C05_MONTH_END_ISSUER_EB_K2,C05_MONTH_END_ISSUER_EB,2,1,4980,デクセリアルズ,0.8838942632246927,1.2330705478067472,1.0
2024-12-27,C05_MONTH_END_ISSUER_EB_K2,C05_MONTH_END_ISSUER_EB,2,2,5805,ＳＷＣＣ,0.8786517632932981,0.5194805194805197,1.0
2024-12-30,C05_MONTH_END_ISSUER_EB_K2,C05_MONTH_END_ISSUER_EB,2,1,4980,デクセリアルズ,0.8838942632246927,-1.3373253493013992,0.0
2024-12-30,C05_MONTH_END_ISSUER_EB_K2,C05_MONTH_END_ISSUER_EB,2,2,5805,ＳＷＣＣ,0.8786517632932981,-1.2987012987012991,0.0
2025-01-06,C05_MONTH_END_ISSUER_EB_K2,C05_MONTH_END_ISSUER_EB,2,1,,,,,
2025-01-06,C05_MONTH_END_ISSUER_EB_K2,C05_MONTH_END_ISSUER_EB,2,2,,,,,
2025-01-07,C05_MONTH_END_ISSUER_EB_K2,C05_MONTH_END_ISSUER_EB,2,1,,,,,
2025-01-07,C05_MONTH_END_ISSUER_EB_K2,C05_MONTH_END_ISSUER_EB,2,2,,,,,
2025-01-08,C05_MONTH_END_ISSUER_EB_K2,C05_MONTH_END_ISSUER_EB,2,1,,,,,
2025-01-08,C05_MONTH_END_ISSUER_EB_K2,C05_MONTH_END_ISSUER_EB,2,2,,,,,
2025-01-09,C05_MONTH_END_ISSUER_EB_K2,C05_MONTH_END_ISSUER_EB,2,1,,,,,
2025-01-09,C05_MONTH_END_ISSUER_EB_K2,C05_MONTH_END_ISSUER_EB,2,2,,,,,
2025-01-10,C05_MONTH_END_ISSUER_EB_K2,C05_MONTH_END_ISSUER_EB,2,1,,,,,
2025-01-10,C05_MONTH_END_ISSUER_EB_K2,C05_MONTH_END_ISSUER_EB,2,2,,,,,
2025-01-14,C05_MONTH_END_ISSUER_EB_K2,C05_MONTH_END_ISSUER_EB,2,1,,,,,
2025-01-14,C05_MONTH_END_ISSUER_EB_K2,C05_MONTH_END_ISSUER_EB,2,2,,,,,
2025-01-15,C05_MONTH_END_ISSUER_EB_K2,C05_MONTH_END_ISSUER_EB,2,1,,,,,
2025-01-15,C05_MONTH_END_ISSUER_EB_K2,C05_MONTH_END_ISSUER_EB,2,2,,,,,
2025-01-16,C05_MONTH_END_ISSUER_EB_K2,C05_MONTH_END_ISSUER_EB,2,1,,,,,
2025-01-16,C05_MONTH_END_ISSUER_EB_K2,C05_MONTH_END_ISSUER_EB,2,2,,,,,
2025-01-17,C05_MONTH_END_ISSUER_EB_K2,C05_MONTH_END_ISSUER_EB,2,1,,,,,
2025-01-17,C05_MONTH_END_ISSUER_EB_K2,C05_MONTH_END_ISSUER_EB,2,2,,,,,
2025-01-20,C05_MONTH_END_ISSUER_EB_K2,C05_MONTH_END_ISSUER_EB,2,1,,,,,
2025-01-20,C05_MONTH_END_ISSUER_EB_K2,C05_MONTH_END_ISSUER_EB,2,2,,,,,
2025-01-21,C05_MONTH_END_ISSUER_EB_K2,C05_MONTH_END_ISSUER_EB,2,1,,,,,
2025-01-21,C05_MONTH_END_ISSUER_EB_K2,C05_MONTH_END_ISSUER_EB,2,2,,,,,
2025-01-22,C05_MONTH_END_ISSUER_EB_K2,C05_MONTH_END_ISSUER_EB,2,1,,,,,
2025-01-22,C05_MONTH_END_ISSUER_EB_K2,C05_MONTH_END_ISSUER_EB,2,2,,,,,
2025-01-23,C05_MONTH_END_ISSUER_EB_K2,C05_MONTH_END_ISSUER_EB,2,1,,,,,
2025-01-23,C05_MONTH_END_ISSUER_EB_K2,C05_MONTH_END_ISSUER_EB,2,2,,,,,
2025-01-24,C05_MONTH_END_ISSUER_EB_K2,C05_MONTH_END_ISSUER_EB,2,1,,,,,
2025-01-24,C05_MONTH_END_ISSUER_EB_K2,C05_MONTH_END_ISSUER_EB,2,2,,,,,
2025-01-27,C05_MONTH_END_ISSUER_EB_K2,C05_MONTH_END_ISSUER_EB,2,1,,,,,
2025-01-27,C05_MONTH_END_ISSUER_EB_K2,C05_MONTH_END_ISSUER_EB,2,2,,,,,
2025-01-28,C05_MONTH_END_ISSUER_EB_K2,C05_MONTH_END_ISSUER_EB,2,1,,,,,
2025-01-28,C05_MONTH_END_ISSUER_EB_K2,C05_MONTH_END_ISSUER_EB,2,2,,,,,
2025-01-29,C05_MONTH_END_ISSUER_EB_K2,C05_MONTH_END_ISSUER_EB,2,1,7013,ＩＨＩ,0.9744460347882847,-3.5539082088738683,0.0
2025-01-29,C05_MONTH_END_ISSUER_EB_K2,C05_MONTH_END_ISSUER_EB,2,2,6278,ユニオンツール,0.8797347221054628,-0.31880977683315104,0.0
2025-01-30,C05_MONTH_END_ISSUER_EB_K2,C05_MONTH_END_ISSUER_EB,2,1,7013,ＩＨＩ,0.9744460347882847,1.3190529875986456,1.0
2025-01-30,C05_MONTH_END_ISSUER_EB_K2,C05_MONTH_END_ISSUER_EB,2,2,6278,ユニオンツール,0.8797347221054628,0.7526881720430145,1.0
2025-01-31,C05_MONTH_END_ISSUER_EB_K2,C05_MONTH_END_ISSUER_EB,2,1,7013,ＩＨＩ,0.9744460347882847,3.5797149486244573,1.0
2025-01-31,C05_MONTH_END_ISSUER_EB_K2,C05_MONTH_END_ISSUER_EB,2,2,6278,ユニオンツール,0.8797347221054628,0.7470651013874008,1.0
2025-02-03,C05_MONTH_END_ISSUER_EB_K2,C05_MONTH_END_ISSUER_EB,2,1,,,,,
2025-02-03,C05_MONTH_END_ISSUER_EB_K2,C05_MONTH_END_ISSUER_EB,2,2,,,,,
2025-02-04,C05_MONTH_END_ISSUER_EB_K2,C05_MONTH_END_ISSUER_EB,2,1,,,,,
2025-02-04,C05_MONTH_END_ISSUER_EB_K2,C05_MONTH_END_ISSUER_EB,2,2,,,,,
2025-02-05,C05_MONTH_END_ISSUER_EB_K2,C05_MONTH_END_ISSUER_EB,2,1,,,,,
2025-02-05,C05_MONTH_END_ISSUER_EB_K2,C05_MONTH_END_ISSUER_EB,2,2,,,,,
2025-02-06,C05_MONTH_END_ISSUER_EB_K2,C05_MONTH_END_ISSUER_EB,2,1,,,,,
2025-02-06,C05_MONTH_END_ISSUER_EB_K2,C05_MONTH_END_ISSUER_EB,2,2,,,,,
2025-02-07,C05_MONTH_END_ISSUER_EB_K2,C05_MONTH_END_ISSUER_EB,2,1,,,,,
2025-02-07,C05_MONTH_END_ISSUER_EB_K2,C05_MONTH_END_ISSUER_EB,2,2,,,,,
2025-02-10,C05_MONTH_END_ISSUER_EB_K2,C05_MONTH_END_ISSUER_EB,2,1,,,,,
2025-02-10,C05_MONTH_END_ISSUER_EB_K2,C05_MONTH_END_ISSUER_EB,2,2,,,,,
2025-02-12,C05_MONTH_END_ISSUER_EB_K2,C05_MONTH_END_ISSUER_EB,2,1,,,,,
2025-02-12,C05_MONTH_END_ISSUER_EB_K2,C05_MONTH_END_ISSUER_EB,2,2,,,,,
2025-02-13,C05_MONTH_END_ISSUER_EB_K2,C05_MONTH_END_ISSUER_EB,2,1,,,,,
2025-02-13,C05_MONTH_END_ISSUER_EB_K2,C05_MONTH_END_ISSUER_EB,2,2,,,,,
2025-02-14,C05_MONTH_END_ISSUER_EB_K2,C05_MONTH_END_ISSUER_EB,2,1,,,,,
2025-02-14,C05_MONTH_END_ISSUER_EB_K2,C05_MONTH_END_ISSUER_EB,2,2,,,,,
2025-02-17,C05_MONTH_END_ISSUER_EB_K2,C05_MONTH_END_ISSUER_EB,2,1,,,,,
2025-02-17,C05_MONTH_END_ISSUER_EB_K2,C05_MONTH_END_ISSUER_EB,2,2,,,,,
2025-02-18,C05_MONTH_END_ISSUER_EB_K2,C05_MONTH_END_ISSUER_EB,2,1,,,,,
2025-02-18,C05_MONTH_END_ISSUER_EB_K2,C05_MONTH_END_ISSUER_EB,2,2,,,,,
2025-02-19,C05_MONTH_END_ISSUER_EB_K2,C05_MONTH_END_ISSUER_EB,2,1,,,,,
2025-02-19,C05_MONTH_END_ISSUER_EB_K2,C05_MONTH_END_ISSUER_EB,2,2,,,,,
2025-02-20,C05_MONTH_END_ISSUER_EB_K2,C05_MONTH_END_ISSUER_EB,2,1,,,,,
2025-02-20,C05_MONTH_END_ISSUER_EB_K2,C05_MONTH_END_ISSUER_EB,2,2,,,,,
2025-02-21,C05_MONTH_END_ISSUER_EB_K2,C05_MONTH_END_ISSUER_EB,2,1,,,,,
2025-02-21,C05_MONTH_END_ISSUER_EB_K2,C05_MONTH_END_ISSUER_EB,2,2,,,,,
2025-02-25,C05_MONTH_END_ISSUER_EB_K2,C05_MONTH_END_ISSUER_EB,2,1,,,,,
2025-02-25,C05_MONTH_END_ISSUER_EB_K2,C05_MONTH_END_ISSUER_EB,2,2,,,,,
2025-02-26,C05_MONTH_END_ISSUER_EB_K2,C05_MONTH_END_ISSUER_EB,2,1,6856,堀場製作所,0.8879066101698193,0.9440738840430951,1.0
2025-02-26,C05_MONTH_END_ISSUER_EB_K2,C05_MONTH_END_ISSUER_EB,2,2,6516,山洋電気,0.8137817928616665,-1.1086474501108667,0.0
2025-02-27,C05_MONTH_END_ISSUER_EB_K2,C05_MONTH_END_ISSUER_EB,2,1,6856,堀場製作所,0.8879066101698193,0.8233380768448928,1.0
2025-02-27,C05_MONTH_END_ISSUER_EB_K2,C05_MONTH_END_ISSUER_EB,2,2,6516,山洋電気,0.8137817928616665,0.0,0.0
2025-02-28,C05_MONTH_END_ISSUER_EB_K2,C05_MONTH_END_ISSUER_EB,2,1,6856,堀場製作所,0.8879066101698193,-2.030097969902034,0.0
2025-02-28,C05_MONTH_END_ISSUER_EB_K2,C05_MONTH_END_ISSUER_EB,2,2,6516,山洋電気,0.8137817928616665,-2.134831460674158,0.0
2025-03-03,C05_MONTH_END_ISSUER_EB_K2,C05_MONTH_END_ISSUER_EB,2,1,,,,,
2025-03-03,C05_MONTH_END_ISSUER_EB_K2,C05_MONTH_END_ISSUER_EB,2,2,,,,,
2025-03-04,C05_MONTH_END_ISSUER_EB_K2,C05_MONTH_END_ISSUER_EB,2,1,,,,,
2025-03-04,C05_MONTH_END_ISSUER_EB_K2,C05_MONTH_END_ISSUER_EB,2,2,,,,,
2025-03-05,C05_MONTH_END_ISSUER_EB_K2,C05_MONTH_END_ISSUER_EB,2,1,,,,,
2025-03-05,C05_MONTH_END_ISSUER_EB_K2,C05_MONTH_END_ISSUER_EB,2,2,,,,,
2025-03-06,C05_MONTH_END_ISSUER_EB_K2,C05_MONTH_END_ISSUER_EB,2,1,,,,,
2025-03-06,C05_MONTH_END_ISSUER_EB_K2,C05_MONTH_END_ISSUER_EB,2,2,,,,,
2025-03-07,C05_MONTH_END_ISSUER_EB_K2,C05_MONTH_END_ISSUER_EB,2,1,,,,,
2025-03-07,C05_MONTH_END_ISSUER_EB_K2,C05_MONTH_END_ISSUER_EB,2,2,,,,,
2025-03-10,C05_MONTH_END_ISSUER_EB_K2,C05_MONTH_END_ISSUER_EB,2,1,,,,,
2025-03-10,C05_MONTH_END_ISSUER_EB_K2,C05_MONTH_END_ISSUER_EB,2,2,,,,,
2025-03-11,C05_MONTH_END_ISSUER_EB_K2,C05_MONTH_END_ISSUER_EB,2,1,,,,,
2025-03-11,C05_MONTH_END_ISSUER_EB_K2,C05_MONTH_END_ISSUER_EB,2,2,,,,,
2025-03-12,C05_MONTH_END_ISSUER_EB_K2,C05_MONTH_END_ISSUER_EB,2,1,,,,,
2025-03-12,C05_MONTH_END_ISSUER_EB_K2,C05_MONTH_END_ISSUER_EB,2,2,,,,,
2025-03-13,C05_MONTH_END_ISSUER_EB_K2,C05_MONTH_END_ISSUER_EB,2,1,,,,,
2025-03-13,C05_MONTH_END_ISSUER_EB_K2,C05_MONTH_END_ISSUER_EB,2,2,,,,,
2025-03-14,C05_MONTH_END_ISSUER_EB_K2,C05_MONTH_END_ISSUER_EB,2,1,,,,,
2025-03-14,C05_MONTH_END_ISSUER_EB_K2,C05_MONTH_END_ISSUER_EB,2,2,,,,,
2025-03-17,C05_MONTH_END_ISSUER_EB_K2,C05_MONTH_END_ISSUER_EB,2,1,,,,,
2025-03-17,C05_MONTH_END_ISSUER_EB_K2,C05_MONTH_END_ISSUER_EB,2,2,,,,,
2025-03-18,C05_MONTH_END_ISSUER_EB_K2,C05_MONTH_END_ISSUER_EB,2,1,,,,,
2025-03-18,C05_MONTH_END_ISSUER_EB_K2,C05_MONTH_END_ISSUER_EB,2,2,,,,,
2025-03-19,C05_MONTH_END_ISSUER_EB_K2,C05_MONTH_END_ISSUER_EB,2,1,,,,,
2025-03-19,C05_MONTH_END_ISSUER_EB_K2,C05_MONTH_END_ISSUER_EB,2,2,,,,,
2025-03-21,C05_MONTH_END_ISSUER_EB_K2,C05_MONTH_END_ISSUER_EB,2,1,,,,,
2025-03-21,C05_MONTH_END_ISSUER_EB_K2,C05_MONTH_END_ISSUER_EB,2,2,,,,,
2025-03-24,C05_MONTH_END_ISSUER_EB_K2,C05_MONTH_END_ISSUER_EB,2,1,,,,,
2025-03-24,C05_MONTH_END_ISSUER_EB_K2,C05_MONTH_END_ISSUER_EB,2,2,,,,,
2025-03-25,C05_MONTH_END_ISSUER_EB_K2,C05_MONTH_END_ISSUER_EB,2,1,,,,,
2025-03-25,C05_MONTH_END_ISSUER_EB_K2,C05_MONTH_END_ISSUER_EB,2,2,,,,,
2025-03-26,C05_MONTH_END_ISSUER_EB_K2,C05_MONTH_END_ISSUER_EB,2,1,,,,,
2025-03-26,C05_MONTH_END_ISSUER_EB_K2,C05_MONTH_END_ISSUER_EB,2,2,,,,,
2025-03-27,C05_MONTH_END_ISSUER_EB_K2,C05_MONTH_END_ISSUER_EB,2,1,4840,トライアイズ,0.8599505418888973,0.5797101449275255,1.0
2025-03-27,C05_MONTH_END_ISSUER_EB_K2,C05_MONTH_END_ISSUER_EB,2,2,5803,フジクラ,0.822838286281909,-3.284126720849234,0.0
2025-03-28,C05_MONTH_END_ISSUER_EB_K2,C05_MONTH_END_ISSUER_EB,2,1,4840,トライアイズ,0.8599505418888973,-0.5780346820809301,0.0
2025-03-28,C05_MONTH_END_ISSUER_EB_K2,C05_MONTH_END_ISSUER_EB,2,2,6856,堀場製作所,0.8212035453697792,-0.6313744536182608,0.0
2025-03-31,C05_MONTH_END_ISSUER_EB_K2,C05_MONTH_END_ISSUER_EB,2,1,4840,トライアイズ,0.8599505418888973,-4.941860465116276,0.0
2025-03-31,C05_MONTH_END_ISSUER_EB_K2,C05_MONTH_END_ISSUER_EB,2,2,6856,堀場製作所,0.8212035453697792,-0.39054676547165545,0.0
2025-04-01,C05_MONTH_END_ISSUER_EB_K2,C05_MONTH_END_ISSUER_EB,2,1,,,,,
2025-04-01,C05_MONTH_END_ISSUER_EB_K2,C05_MONTH_END_ISSUER_EB,2,2,,,,,
2025-04-02,C05_MONTH_END_ISSUER_EB_K2,C05_MONTH_END_ISSUER_EB,2,1,,,,,
2025-04-02,C05_MONTH_END_ISSUER_EB_K2,C05_MONTH_END_ISSUER_EB,2,2,,,,,
2025-04-03,C05_MONTH_END_ISSUER_EB_K2,C05_MONTH_END_ISSUER_EB,2,1,,,,,
2025-04-03,C05_MONTH_END_ISSUER_EB_K2,C05_MONTH_END_ISSUER_EB,2,2,,,,,
2025-04-04,C05_MONTH_END_ISSUER_EB_K2,C05_MONTH_END_ISSUER_EB,2,1,,,,,
2025-04-04,C05_MONTH_END_ISSUER_EB_K2,C05_MONTH_END_ISSUER_EB,2,2,,,,,
2025-04-07,C05_MONTH_END_ISSUER_EB_K2,C05_MONTH_END_ISSUER_EB,2,1,,,,,
2025-04-07,C05_MONTH_END_ISSUER_EB_K2,C05_MONTH_END_ISSUER_EB,2,2,,,,,
2025-04-08,C05_MONTH_END_ISSUER_EB_K2,C05_MONTH_END_ISSUER_EB,2,1,,,,,
2025-04-08,C05_MONTH_END_ISSUER_EB_K2,C05_MONTH_END_ISSUER_EB,2,2,,,,,
2025-04-09,C05_MONTH_END_ISSUER_EB_K2,C05_MONTH_END_ISSUER_EB,2,1,,,,,
2025-04-09,C05_MONTH_END_ISSUER_EB_K2,C05_MONTH_END_ISSUER_EB,2,2,,,,,
2025-04-10,C05_MONTH_END_ISSUER_EB_K2,C05_MONTH_END_ISSUER_EB,2,1,,,,,
2025-04-10,C05_MONTH_END_ISSUER_EB_K2,C05_MONTH_END_ISSUER_EB,2,2,,,,,
2025-04-11,C05_MONTH_END_ISSUER_EB_K2,C05_MONTH_END_ISSUER_EB,2,1,,,,,
2025-04-11,C05_MONTH_END_ISSUER_EB_K2,C05_MONTH_END_ISSUER_EB,2,2,,,,,
2025-04-14,C05_MONTH_END_ISSUER_EB_K2,C05_MONTH_END_ISSUER_EB,2,1,,,,,
2025-04-14,C05_MONTH_END_ISSUER_EB_K2,C05_MONTH_END_ISSUER_EB,2,2,,,,,
2025-04-15,C05_MONTH_END_ISSUER_EB_K2,C05_MONTH_END_ISSUER_EB,2,1,,,,,
2025-04-15,C05_MONTH_END_ISSUER_EB_K2,C05_MONTH_END_ISSUER_EB,2,2,,,,,
2025-04-16,C05_MONTH_END_ISSUER_EB_K2,C05_MONTH_END_ISSUER_EB,2,1,,,,,
2025-04-16,C05_MONTH_END_ISSUER_EB_K2,C05_MONTH_END_ISSUER_EB,2,2,,,,,
2025-04-17,C05_MONTH_END_ISSUER_EB_K2,C05_MONTH_END_ISSUER_EB,2,1,,,,,
2025-04-17,C05_MONTH_END_ISSUER_EB_K2,C05_MONTH_END_ISSUER_EB,2,2,,,,,
2025-04-18,C05_MONTH_END_ISSUER_EB_K2,C05_MONTH_END_ISSUER_EB,2,1,,,,,
2025-04-18,C05_MONTH_END_ISSUER_EB_K2,C05_MONTH_END_ISSUER_EB,2,2,,,,,
2025-04-21,C05_MONTH_END_ISSUER_EB_K2,C05_MONTH_END_ISSUER_EB,2,1,,,,,
2025-04-21,C05_MONTH_END_ISSUER_EB_K2,C05_MONTH_END_ISSUER_EB,2,2,,,,,
2025-04-22,C05_MONTH_END_ISSUER_EB_K2,C05_MONTH_END_ISSUER_EB,2,1,,,,,
2025-04-22,C05_MONTH_END_ISSUER_EB_K2,C05_MONTH_END_ISSUER_EB,2,2,,,,,
2025-04-23,C05_MONTH_END_ISSUER_EB_K2,C05_MONTH_END_ISSUER_EB,2,1,,,,,
2025-04-23,C05_MONTH_END_ISSUER_EB_K2,C05_MONTH_END_ISSUER_EB,2,2,,,,,
2025-04-24,C05_MONTH_END_ISSUER_EB_K2,C05_MONTH_END_ISSUER_EB,2,1,,,,,
2025-04-24,C05_MONTH_END_ISSUER_EB_K2,C05_MONTH_END_ISSUER_EB,2,2,,,,,
2025-04-25,C05_MONTH_END_ISSUER_EB_K2,C05_MONTH_END_ISSUER_EB,2,1,3106,倉敷紡績,0.7739220471182569,0.31746031746031633,1.0
2025-04-25,C05_MONTH_END_ISSUER_EB_K2,C05_MONTH_END_ISSUER_EB,2,2,6856,堀場製作所,0.7632403240070873,1.187500000000008,1.0
2025-04-28,C05_MONTH_END_ISSUER_EB_K2,C05_MONTH_END_ISSUER_EB,2,1,3106,倉敷紡績,0.7739220471182569,-2.677165354330713,0.0
2025-04-28,C05_MONTH_END_ISSUER_EB_K2,C05_MONTH_END_ISSUER_EB,2,2,6856,堀場製作所,0.7632403240070873,-0.8990807152237545,0.0
2025-04-30,C05_MONTH_END_ISSUER_EB_K2,C05_MONTH_END_ISSUER_EB,2,1,7013,ＩＨＩ,0.848410745039849,-2.1929824561403466,0.0
2025-04-30,C05_MONTH_END_ISSUER_EB_K2,C05_MONTH_END_ISSUER_EB,2,2,3106,倉敷紡績,0.7739220471182569,-0.15974440894568342,0.0
2025-05-01,C05_MONTH_END_ISSUER_EB_K2,C05_MONTH_END_ISSUER_EB,2,1,,,,,
2025-05-01,C05_MONTH_END_ISSUER_EB_K2,C05_MONTH_END_ISSUER_EB,2,2,,,,,
2025-05-02,C05_MONTH_END_ISSUER_EB_K2,C05_MONTH_END_ISSUER_EB,2,1,,,,,
2025-05-02,C05_MONTH_END_ISSUER_EB_K2,C05_MONTH_END_ISSUER_EB,2,2,,,,,
2025-05-07,C05_MONTH_END_ISSUER_EB_K2,C05_MONTH_END_ISSUER_EB,2,1,,,,,
2025-05-07,C05_MONTH_END_ISSUER_EB_K2,C05_MONTH_END_ISSUER_EB,2,2,,,,,
2025-05-08,C05_MONTH_END_ISSUER_EB_K2,C05_MONTH_END_ISSUER_EB,2,1,,,,,
2025-05-08,C05_MONTH_END_ISSUER_EB_K2,C05_MONTH_END_ISSUER_EB,2,2,,,,,
2025-05-09,C05_MONTH_END_ISSUER_EB_K2,C05_MONTH_END_ISSUER_EB,2,1,,,,,
2025-05-09,C05_MONTH_END_ISSUER_EB_K2,C05_MONTH_END_ISSUER_EB,2,2,,,,,
2025-05-12,C05_MONTH_END_ISSUER_EB_K2,C05_MONTH_END_ISSUER_EB,2,1,,,,,
2025-05-12,C05_MONTH_END_ISSUER_EB_K2,C05_MONTH_END_ISSUER_EB,2,2,,,,,
2025-05-13,C05_MONTH_END_ISSUER_EB_K2,C05_MONTH_END_ISSUER_EB,2,1,,,,,
2025-05-13,C05_MONTH_END_ISSUER_EB_K2,C05_MONTH_END_ISSUER_EB,2,2,,,,,
2025-05-14,C05_MONTH_END_ISSUER_EB_K2,C05_MONTH_END_ISSUER_EB,2,1,,,,,
2025-05-14,C05_MONTH_END_ISSUER_EB_K2,C05_MONTH_END_ISSUER_EB,2,2,,,,,
2025-05-15,C05_MONTH_END_ISSUER_EB_K2,C05_MONTH_END_ISSUER_EB,2,1,,,,,
2025-05-15,C05_MONTH_END_ISSUER_EB_K2,C05_MONTH_END_ISSUER_EB,2,2,,,,,
2025-05-16,C05_MONTH_END_ISSUER_EB_K2,C05_MONTH_END_ISSUER_EB,2,1,,,,,
2025-05-16,C05_MONTH_END_ISSUER_EB_K2,C05_MONTH_END_ISSUER_EB,2,2,,,,,
2025-05-19,C05_MONTH_END_ISSUER_EB_K2,C05_MONTH_END_ISSUER_EB,2,1,,,,,
2025-05-19,C05_MONTH_END_ISSUER_EB_K2,C05_MONTH_END_ISSUER_EB,2,2,,,,,
2025-05-20,C05_MONTH_END_ISSUER_EB_K2,C05_MONTH_END_ISSUER_EB,2,1,,,,,
2025-05-20,C05_MONTH_END_ISSUER_EB_K2,C05_MONTH_END_ISSUER_EB,2,2,,,,,
2025-05-21,C05_MONTH_END_ISSUER_EB_K2,C05_MONTH_END_ISSUER_EB,2,1,,,,,
2025-05-21,C05_MONTH_END_ISSUER_EB_K2,C05_MONTH_END_ISSUER_EB,2,2,,,,,
2025-05-22,C05_MONTH_END_ISSUER_EB_K2,C05_MONTH_END_ISSUER_EB,2,1,,,,,
2025-05-22,C05_MONTH_END_ISSUER_EB_K2,C05_MONTH_END_ISSUER_EB,2,2,,,,,
2025-05-23,C05_MONTH_END_ISSUER_EB_K2,C05_MONTH_END_ISSUER_EB,2,1,,,,,
2025-05-23,C05_MONTH_END_ISSUER_EB_K2,C05_MONTH_END_ISSUER_EB,2,2,,,,,
2025-05-26,C05_MONTH_END_ISSUER_EB_K2,C05_MONTH_END_ISSUER_EB,2,1,,,,,
2025-05-26,C05_MONTH_END_ISSUER_EB_K2,C05_MONTH_END_ISSUER_EB,2,2,,,,,
2025-05-27,C05_MONTH_END_ISSUER_EB_K2,C05_MONTH_END_ISSUER_EB,2,1,,,,,
2025-05-27,C05_MONTH_END_ISSUER_EB_K2,C05_MONTH_END_ISSUER_EB,2,2,,,,,
2025-05-28,C05_MONTH_END_ISSUER_EB_K2,C05_MONTH_END_ISSUER_EB,2,1,7013,ＩＨＩ,0.8000534819494798,-2.710215427380125,0.0
2025-05-28,C05_MONTH_END_ISSUER_EB_K2,C05_MONTH_END_ISSUER_EB,2,2,5803,フジクラ,0.7849951670635238,-1.3179821239206135,0.0
2025-05-29,C05_MONTH_END_ISSUER_EB_K2,C05_MONTH_END_ISSUER_EB,2,1,7013,ＩＨＩ,0.8000534819494798,-0.7430997876857748,0.0
2025-05-29,C05_MONTH_END_ISSUER_EB_K2,C05_MONTH_END_ISSUER_EB,2,2,5803,フジクラ,0.7849951670635238,1.85185185185186,1.0
2025-05-30,C05_MONTH_END_ISSUER_EB_K2,C05_MONTH_END_ISSUER_EB,2,1,7013,ＩＨＩ,0.8000534819494798,0.974729241877248,1.0
2025-05-30,C05_MONTH_END_ISSUER_EB_K2,C05_MONTH_END_ISSUER_EB,2,2,5803,フジクラ,0.7849951670635238,0.5688622754491002,1.0
2025-06-02,C05_MONTH_END_ISSUER_EB_K2,C05_MONTH_END_ISSUER_EB,2,1,,,,,
2025-06-02,C05_MONTH_END_ISSUER_EB_K2,C05_MONTH_END_ISSUER_EB,2,2,,,,,
2025-06-03,C05_MONTH_END_ISSUER_EB_K2,C05_MONTH_END_ISSUER_EB,2,1,,,,,
2025-06-03,C05_MONTH_END_ISSUER_EB_K2,C05_MONTH_END_ISSUER_EB,2,2,,,,,
2025-06-04,C05_MONTH_END_ISSUER_EB_K2,C05_MONTH_END_ISSUER_EB,2,1,,,,,
2025-06-04,C05_MONTH_END_ISSUER_EB_K2,C05_MONTH_END_ISSUER_EB,2,2,,,,,
2025-06-05,C05_MONTH_END_ISSUER_EB_K2,C05_MONTH_END_ISSUER_EB,2,1,,,,,
2025-06-05,C05_MONTH_END_ISSUER_EB_K2,C05_MONTH_END_ISSUER_EB,2,2,,,,,
2025-06-06,C05_MONTH_END_ISSUER_EB_K2,C05_MONTH_END_ISSUER_EB,2,1,,,,,
2025-06-06,C05_MONTH_END_ISSUER_EB_K2,C05_MONTH_END_ISSUER_EB,2,2,,,,,
2025-06-09,C05_MONTH_END_ISSUER_EB_K2,C05_MONTH_END_ISSUER_EB,2,1,,,,,
2025-06-09,C05_MONTH_END_ISSUER_EB_K2,C05_MONTH_END_ISSUER_EB,2,2,,,,,
2025-06-10,C05_MONTH_END_ISSUER_EB_K2,C05_MONTH_END_ISSUER_EB,2,1,,,,,
2025-06-10,C05_MONTH_END_ISSUER_EB_K2,C05_MONTH_END_ISSUER_EB,2,2,,,,,
2025-06-11,C05_MONTH_END_ISSUER_EB_K2,C05_MONTH_END_ISSUER_EB,2,1,,,,,
2025-06-11,C05_MONTH_END_ISSUER_EB_K2,C05_MONTH_END_ISSUER_EB,2,2,,,,,
2025-06-12,C05_MONTH_END_ISSUER_EB_K2,C05_MONTH_END_ISSUER_EB,2,1,,,,,
2025-06-12,C05_MONTH_END_ISSUER_EB_K2,C05_MONTH_END_ISSUER_EB,2,2,,,,,
2025-06-13,C05_MONTH_END_ISSUER_EB_K2,C05_MONTH_END_ISSUER_EB,2,1,,,,,
2025-06-13,C05_MONTH_END_ISSUER_EB_K2,C05_MONTH_END_ISSUER_EB,2,2,,,,,
2025-06-16,C05_MONTH_END_ISSUER_EB_K2,C05_MONTH_END_ISSUER_EB,2,1,,,,,
2025-06-16,C05_MONTH_END_ISSUER_EB_K2,C05_MONTH_END_ISSUER_EB,2,2,,,,,
2025-06-17,C05_MONTH_END_ISSUER_EB_K2,C05_MONTH_END_ISSUER_EB,2,1,,,,,
2025-06-17,C05_MONTH_END_ISSUER_EB_K2,C05_MONTH_END_ISSUER_EB,2,2,,,,,
2025-06-18,C05_MONTH_END_ISSUER_EB_K2,C05_MONTH_END_ISSUER_EB,2,1,,,,,
2025-06-18,C05_MONTH_END_ISSUER_EB_K2,C05_MONTH_END_ISSUER_EB,2,2,,,,,
2025-06-19,C05_MONTH_END_ISSUER_EB_K2,C05_MONTH_END_ISSUER_EB,2,1,,,,,
2025-06-19,C05_MONTH_END_ISSUER_EB_K2,C05_MONTH_END_ISSUER_EB,2,2,,,,,
2025-06-20,C05_MONTH_END_ISSUER_EB_K2,C05_MONTH_END_ISSUER_EB,2,1,,,,,
2025-06-20,C05_MONTH_END_ISSUER_EB_K2,C05_MONTH_END_ISSUER_EB,2,2,,,,,
2025-06-23,C05_MONTH_END_ISSUER_EB_K2,C05_MONTH_END_ISSUER_EB,2,1,,,,,
2025-06-23,C05_MONTH_END_ISSUER_EB_K2,C05_MONTH_END_ISSUER_EB,2,2,,,,,
2025-06-24,C05_MONTH_END_ISSUER_EB_K2,C05_MONTH_END_ISSUER_EB,2,1,,,,,
2025-06-24,C05_MONTH_END_ISSUER_EB_K2,C05_MONTH_END_ISSUER_EB,2,2,,,,,
2025-06-25,C05_MONTH_END_ISSUER_EB_K2,C05_MONTH_END_ISSUER_EB,2,1,,,,,
2025-06-25,C05_MONTH_END_ISSUER_EB_K2,C05_MONTH_END_ISSUER_EB,2,2,,,,,
2025-06-26,C05_MONTH_END_ISSUER_EB_K2,C05_MONTH_END_ISSUER_EB,2,1,5803,フジクラ,0.7658026561506078,4.227915441691166,1.0
2025-06-26,C05_MONTH_END_ISSUER_EB_K2,C05_MONTH_END_ISSUER_EB,2,2,3106,倉敷紡績,0.7590715006189402,0.1335113484646211,1.0
2025-06-27,C05_MONTH_END_ISSUER_EB_K2,C05_MONTH_END_ISSUER_EB,2,1,5803,フジクラ,0.7658026561506078,1.0370961308336701,1.0
2025-06-27,C05_MONTH_END_ISSUER_EB_K2,C05_MONTH_END_ISSUER_EB,2,2,3106,倉敷紡績,0.7590715006189402,0.13333333333334085,1.0
2025-06-30,C05_MONTH_END_ISSUER_EB_K2,C05_MONTH_END_ISSUER_EB,2,1,5803,フジクラ,0.7658026561506078,-2.2970705897535137,0.0
2025-06-30,C05_MONTH_END_ISSUER_EB_K2,C05_MONTH_END_ISSUER_EB,2,2,3106,倉敷紡績,0.7590715006189402,-0.9283819628647216,0.0
2025-07-01,C05_MONTH_END_ISSUER_EB_K2,C05_MONTH_END_ISSUER_EB,2,1,,,,,
2025-07-01,C05_MONTH_END_ISSUER_EB_K2,C05_MONTH_END_ISSUER_EB,2,2,,,,,
2025-07-02,C05_MONTH_END_ISSUER_EB_K2,C05_MONTH_END_ISSUER_EB,2,1,,,,,
2025-07-02,C05_MONTH_END_ISSUER_EB_K2,C05_MONTH_END_ISSUER_EB,2,2,,,,,
2025-07-03,C05_MONTH_END_ISSUER_EB_K2,C05_MONTH_END_ISSUER_EB,2,1,,,,,
2025-07-03,C05_MONTH_END_ISSUER_EB_K2,C05_MONTH_END_ISSUER_EB,2,2,,,,,
2025-07-04,C05_MONTH_END_ISSUER_EB_K2,C05_MONTH_END_ISSUER_EB,2,1,,,,,
2025-07-04,C05_MONTH_END_ISSUER_EB_K2,C05_MONTH_END_ISSUER_EB,2,2,,,,,
2025-07-07,C05_MONTH_END_ISSUER_EB_K2,C05_MONTH_END_ISSUER_EB,2,1,,,,,
2025-07-07,C05_MONTH_END_ISSUER_EB_K2,C05_MONTH_END_ISSUER_EB,2,2,,,,,
2025-07-08,C05_MONTH_END_ISSUER_EB_K2,C05_MONTH_END_ISSUER_EB,2,1,,,,,
2025-07-08,C05_MONTH_END_ISSUER_EB_K2,C05_MONTH_END_ISSUER_EB,2,2,,,,,
2025-07-09,C05_MONTH_END_ISSUER_EB_K2,C05_MONTH_END_ISSUER_EB,2,1,,,,,
2025-07-09,C05_MONTH_END_ISSUER_EB_K2,C05_MONTH_END_ISSUER_EB,2,2,,,,,
2025-07-10,C05_MONTH_END_ISSUER_EB_K2,C05_MONTH_END_ISSUER_EB,2,1,,,,,
2025-07-10,C05_MONTH_END_ISSUER_EB_K2,C05_MONTH_END_ISSUER_EB,2,2,,,,,
2025-07-11,C05_MONTH_END_ISSUER_EB_K2,C05_MONTH_END_ISSUER_EB,2,1,,,,,
2025-07-11,C05_MONTH_END_ISSUER_EB_K2,C05_MONTH_END_ISSUER_EB,2,2,,,,,
2025-07-14,C05_MONTH_END_ISSUER_EB_K2,C05_MONTH_END_ISSUER_EB,2,1,,,,,
2025-07-14,C05_MONTH_END_ISSUER_EB_K2,C05_MONTH_END_ISSUER_EB,2,2,,,,,
2025-07-15,C05_MONTH_END_ISSUER_EB_K2,C05_MONTH_END_ISSUER_EB,2,1,,,,,
2025-07-15,C05_MONTH_END_ISSUER_EB_K2,C05_MONTH_END_ISSUER_EB,2,2,,,,,
2025-07-16,C05_MONTH_END_ISSUER_EB_K2,C05_MONTH_END_ISSUER_EB,2,1,,,,,
2025-07-16,C05_MONTH_END_ISSUER_EB_K2,C05_MONTH_END_ISSUER_EB,2,2,,,,,
2025-07-17,C05_MONTH_END_ISSUER_EB_K2,C05_MONTH_END_ISSUER_EB,2,1,,,,,
2025-07-17,C05_MONTH_END_ISSUER_EB_K2,C05_MONTH_END_ISSUER_EB,2,2,,,,,
2025-07-18,C05_MONTH_END_ISSUER_EB_K2,C05_MONTH_END_ISSUER_EB,2,1,,,,,
2025-07-18,C05_MONTH_END_ISSUER_EB_K2,C05_MONTH_END_ISSUER_EB,2,2,,,,,
2025-07-22,C05_MONTH_END_ISSUER_EB_K2,C05_MONTH_END_ISSUER_EB,2,1,,,,,
2025-07-22,C05_MONTH_END_ISSUER_EB_K2,C05_MONTH_END_ISSUER_EB,2,2,,,,,
2025-07-23,C05_MONTH_END_ISSUER_EB_K2,C05_MONTH_END_ISSUER_EB,2,1,,,,,
2025-07-23,C05_MONTH_END_ISSUER_EB_K2,C05_MONTH_END_ISSUER_EB,2,2,,,,,
2025-07-24,C05_MONTH_END_ISSUER_EB_K2,C05_MONTH_END_ISSUER_EB,2,1,,,,,
2025-07-24,C05_MONTH_END_ISSUER_EB_K2,C05_MONTH_END_ISSUER_EB,2,2,,,,,
2025-07-25,C05_MONTH_END_ISSUER_EB_K2,C05_MONTH_END_ISSUER_EB,2,1,,,,,
2025-07-25,C05_MONTH_END_ISSUER_EB_K2,C05_MONTH_END_ISSUER_EB,2,2,,,,,
2025-07-28,C05_MONTH_END_ISSUER_EB_K2,C05_MONTH_END_ISSUER_EB,2,1,,,,,
2025-07-28,C05_MONTH_END_ISSUER_EB_K2,C05_MONTH_END_ISSUER_EB,2,2,,,,,
2025-07-29,C05_MONTH_END_ISSUER_EB_K2,C05_MONTH_END_ISSUER_EB,2,1,5803,フジクラ,0.7727672745432336,2.1714285714285797,1.0
2025-07-29,C05_MONTH_END_ISSUER_EB_K2,C05_MONTH_END_ISSUER_EB,2,2,3110,日東紡績,0.7461133060384533,2.127659574468077,1.0
2025-07-30,C05_MONTH_END_ISSUER_EB_K2,C05_MONTH_END_ISSUER_EB,2,1,5803,フジクラ,0.7727672745432336,4.039324642017528,1.0
2025-07-30,C05_MONTH_END_ISSUER_EB_K2,C05_MONTH_END_ISSUER_EB,2,2,3110,日東紡績,0.7461133060384533,1.4423076923076872,1.0
2025-07-31,C05_MONTH_END_ISSUER_EB_K2,C05_MONTH_END_ISSUER_EB,2,1,5803,フジクラ,0.7727672745432336,4.0830658105939,1.0
2025-07-31,C05_MONTH_END_ISSUER_EB_K2,C05_MONTH_END_ISSUER_EB,2,2,3110,日東紡績,0.7461133060384533,5.6782334384858135,1.0
2024-07-01,C06_TURN_MONTH_DIFFERENTIAL_EB_K1,C06_TURN_MONTH_DIFFERENTIAL_EB,1,1,9337,トリドリ,0.98777713524582,-0.33351862145636346,0.0
2024-07-02,C06_TURN_MONTH_DIFFERENTIAL_EB_K1,C06_TURN_MONTH_DIFFERENTIAL_EB,1,1,9337,トリドリ,0.98777713524582,1.3904338153504003,1.0
2024-07-03,C06_TURN_MONTH_DIFFERENTIAL_EB_K1,C06_TURN_MONTH_DIFFERENTIAL_EB,1,1,9337,トリドリ,0.98777713524582,-0.5500550055005493,0.0
2024-07-04,C06_TURN_MONTH_DIFFERENTIAL_EB_K1,C06_TURN_MONTH_DIFFERENTIAL_EB,1,1,,,,,
2024-07-05,C06_TURN_MONTH_DIFFERENTIAL_EB_K1,C06_TURN_MONTH_DIFFERENTIAL_EB,1,1,,,,,
2024-07-08,C06_TURN_MONTH_DIFFERENTIAL_EB_K1,C06_TURN_MONTH_DIFFERENTIAL_EB,1,1,,,,,
2024-07-09,C06_TURN_MONTH_DIFFERENTIAL_EB_K1,C06_TURN_MONTH_DIFFERENTIAL_EB,1,1,,,,,
2024-07-10,C06_TURN_MONTH_DIFFERENTIAL_EB_K1,C06_TURN_MONTH_DIFFERENTIAL_EB,1,1,,,,,
2024-07-11,C06_TURN_MONTH_DIFFERENTIAL_EB_K1,C06_TURN_MONTH_DIFFERENTIAL_EB,1,1,,,,,
2024-07-12,C06_TURN_MONTH_DIFFERENTIAL_EB_K1,C06_TURN_MONTH_DIFFERENTIAL_EB,1,1,,,,,
2024-07-16,C06_TURN_MONTH_DIFFERENTIAL_EB_K1,C06_TURN_MONTH_DIFFERENTIAL_EB,1,1,,,,,
2024-07-17,C06_TURN_MONTH_DIFFERENTIAL_EB_K1,C06_TURN_MONTH_DIFFERENTIAL_EB,1,1,,,,,
2024-07-18,C06_TURN_MONTH_DIFFERENTIAL_EB_K1,C06_TURN_MONTH_DIFFERENTIAL_EB,1,1,,,,,
2024-07-19,C06_TURN_MONTH_DIFFERENTIAL_EB_K1,C06_TURN_MONTH_DIFFERENTIAL_EB,1,1,,,,,
2024-07-22,C06_TURN_MONTH_DIFFERENTIAL_EB_K1,C06_TURN_MONTH_DIFFERENTIAL_EB,1,1,,,,,
2024-07-23,C06_TURN_MONTH_DIFFERENTIAL_EB_K1,C06_TURN_MONTH_DIFFERENTIAL_EB,1,1,,,,,
2024-07-24,C06_TURN_MONTH_DIFFERENTIAL_EB_K1,C06_TURN_MONTH_DIFFERENTIAL_EB,1,1,,,,,
2024-07-25,C06_TURN_MONTH_DIFFERENTIAL_EB_K1,C06_TURN_MONTH_DIFFERENTIAL_EB,1,1,,,,,
2024-07-26,C06_TURN_MONTH_DIFFERENTIAL_EB_K1,C06_TURN_MONTH_DIFFERENTIAL_EB,1,1,,,,,
2024-07-29,C06_TURN_MONTH_DIFFERENTIAL_EB_K1,C06_TURN_MONTH_DIFFERENTIAL_EB,1,1,,,,,
2024-07-30,C06_TURN_MONTH_DIFFERENTIAL_EB_K1,C06_TURN_MONTH_DIFFERENTIAL_EB,1,1,9337,トリドリ,0.98777713524582,0.9489916963226541,1.0
2024-07-31,C06_TURN_MONTH_DIFFERENTIAL_EB_K1,C06_TURN_MONTH_DIFFERENTIAL_EB,1,1,9337,トリドリ,0.98777713524582,0.2937720329024618,1.0
2024-08-01,C06_TURN_MONTH_DIFFERENTIAL_EB_K1,C06_TURN_MONTH_DIFFERENTIAL_EB,1,1,9337,トリドリ,0.9365401768121421,-2.699460107978402,0.0
2024-08-02,C06_TURN_MONTH_DIFFERENTIAL_EB_K1,C06_TURN_MONTH_DIFFERENTIAL_EB,1,1,9337,トリドリ,0.9365401768121421,-1.7509727626459193,0.0
2024-08-05,C06_TURN_MONTH_DIFFERENTIAL_EB_K1,C06_TURN_MONTH_DIFFERENTIAL_EB,1,1,9337,トリドリ,0.9365401768121421,-10.832719233603537,0.0
2024-08-06,C06_TURN_MONTH_DIFFERENTIAL_EB_K1,C06_TURN_MONTH_DIFFERENTIAL_EB,1,1,,,,,
2024-08-07,C06_TURN_MONTH_DIFFERENTIAL_EB_K1,C06_TURN_MONTH_DIFFERENTIAL_EB,1,1,,,,,
2024-08-08,C06_TURN_MONTH_DIFFERENTIAL_EB_K1,C06_TURN_MONTH_DIFFERENTIAL_EB,1,1,,,,,
2024-08-09,C06_TURN_MONTH_DIFFERENTIAL_EB_K1,C06_TURN_MONTH_DIFFERENTIAL_EB,1,1,,,,,
2024-08-13,C06_TURN_MONTH_DIFFERENTIAL_EB_K1,C06_TURN_MONTH_DIFFERENTIAL_EB,1,1,,,,,
2024-08-14,C06_TURN_MONTH_DIFFERENTIAL_EB_K1,C06_TURN_MONTH_DIFFERENTIAL_EB,1,1,,,,,
2024-08-15,C06_TURN_MONTH_DIFFERENTIAL_EB_K1,C06_TURN_MONTH_DIFFERENTIAL_EB,1,1,,,,,
2024-08-16,C06_TURN_MONTH_DIFFERENTIAL_EB_K1,C06_TURN_MONTH_DIFFERENTIAL_EB,1,1,,,,,
2024-08-19,C06_TURN_MONTH_DIFFERENTIAL_EB_K1,C06_TURN_MONTH_DIFFERENTIAL_EB,1,1,,,,,
2024-08-20,C06_TURN_MONTH_DIFFERENTIAL_EB_K1,C06_TURN_MONTH_DIFFERENTIAL_EB,1,1,,,,,
2024-08-21,C06_TURN_MONTH_DIFFERENTIAL_EB_K1,C06_TURN_MONTH_DIFFERENTIAL_EB,1,1,,,,,
2024-08-22,C06_TURN_MONTH_DIFFERENTIAL_EB_K1,C06_TURN_MONTH_DIFFERENTIAL_EB,1,1,,,,,
2024-08-23,C06_TURN_MONTH_DIFFERENTIAL_EB_K1,C06_TURN_MONTH_DIFFERENTIAL_EB,1,1,,,,,
2024-08-26,C06_TURN_MONTH_DIFFERENTIAL_EB_K1,C06_TURN_MONTH_DIFFERENTIAL_EB,1,1,,,,,
2024-08-27,C06_TURN_MONTH_DIFFERENTIAL_EB_K1,C06_TURN_MONTH_DIFFERENTIAL_EB,1,1,,,,,
2024-08-28,C06_TURN_MONTH_DIFFERENTIAL_EB_K1,C06_TURN_MONTH_DIFFERENTIAL_EB,1,1,,,,,
2024-08-29,C06_TURN_MONTH_DIFFERENTIAL_EB_K1,C06_TURN_MONTH_DIFFERENTIAL_EB,1,1,9107,川崎汽船,0.9227607024539454,0.6998069498069581,1.0
2024-08-30,C06_TURN_MONTH_DIFFERENTIAL_EB_K1,C06_TURN_MONTH_DIFFERENTIAL_EB,1,1,9107,川崎汽船,0.9227607024539454,1.3987671882408792,1.0
2024-09-02,C06_TURN_MONTH_DIFFERENTIAL_EB_K1,C06_TURN_MONTH_DIFFERENTIAL_EB,1,1,,,,,
2024-09-03,C06_TURN_MONTH_DIFFERENTIAL_EB_K1,C06_TURN_MONTH_DIFFERENTIAL_EB,1,1,,,,,
2024-09-04,C06_TURN_MONTH_DIFFERENTIAL_EB_K1,C06_TURN_MONTH_DIFFERENTIAL_EB,1,1,,,,,
2024-09-05,C06_TURN_MONTH_DIFFERENTIAL_EB_K1,C06_TURN_MONTH_DIFFERENTIAL_EB,1,1,,,,,
2024-09-06,C06_TURN_MONTH_DIFFERENTIAL_EB_K1,C06_TURN_MONTH_DIFFERENTIAL_EB,1,1,,,,,
2024-09-09,C06_TURN_MONTH_DIFFERENTIAL_EB_K1,C06_TURN_MONTH_DIFFERENTIAL_EB,1,1,,,,,
2024-09-10,C06_TURN_MONTH_DIFFERENTIAL_EB_K1,C06_TURN_MONTH_DIFFERENTIAL_EB,1,1,,,,,
2024-09-11,C06_TURN_MONTH_DIFFERENTIAL_EB_K1,C06_TURN_MONTH_DIFFERENTIAL_EB,1,1,,,,,
2024-09-12,C06_TURN_MONTH_DIFFERENTIAL_EB_K1,C06_TURN_MONTH_DIFFERENTIAL_EB,1,1,,,,,
2024-09-13,C06_TURN_MONTH_DIFFERENTIAL_EB_K1,C06_TURN_MONTH_DIFFERENTIAL_EB,1,1,,,,,
2024-09-17,C06_TURN_MONTH_DIFFERENTIAL_EB_K1,C06_TURN_MONTH_DIFFERENTIAL_EB,1,1,,,,,
2024-09-18,C06_TURN_MONTH_DIFFERENTIAL_EB_K1,C06_TURN_MONTH_DIFFERENTIAL_EB,1,1,,,,,
2024-09-19,C06_TURN_MONTH_DIFFERENTIAL_EB_K1,C06_TURN_MONTH_DIFFERENTIAL_EB,1,1,,,,,
2024-09-20,C06_TURN_MONTH_DIFFERENTIAL_EB_K1,C06_TURN_MONTH_DIFFERENTIAL_EB,1,1,,,,,
2024-09-24,C06_TURN_MONTH_DIFFERENTIAL_EB_K1,C06_TURN_MONTH_DIFFERENTIAL_EB,1,1,,,,,
2024-09-25,C06_TURN_MONTH_DIFFERENTIAL_EB_K1,C06_TURN_MONTH_DIFFERENTIAL_EB,1,1,,,,,
2024-09-26,C06_TURN_MONTH_DIFFERENTIAL_EB_K1,C06_TURN_MONTH_DIFFERENTIAL_EB,1,1,,,,,
2024-09-27,C06_TURN_MONTH_DIFFERENTIAL_EB_K1,C06_TURN_MONTH_DIFFERENTIAL_EB,1,1,5246,ＥＬＥＭＥＮＴＳ,0.4012614027349666,0.28169014084507005,1.0
2024-09-30,C06_TURN_MONTH_DIFFERENTIAL_EB_K1,C06_TURN_MONTH_DIFFERENTIAL_EB,1,1,5246,ＥＬＥＭＥＮＴＳ,0.4012614027349666,-0.4366812227074246,0.0
2024-10-01,C06_TURN_MONTH_DIFFERENTIAL_EB_K1,C06_TURN_MONTH_DIFFERENTIAL_EB,1,1,,,,,
2024-10-02,C06_TURN_MONTH_DIFFERENTIAL_EB_K1,C06_TURN_MONTH_DIFFERENTIAL_EB,1,1,,,,,
2024-10-03,C06_TURN_MONTH_DIFFERENTIAL_EB_K1,C06_TURN_MONTH_DIFFERENTIAL_EB,1,1,,,,,
2024-10-04,C06_TURN_MONTH_DIFFERENTIAL_EB_K1,C06_TURN_MONTH_DIFFERENTIAL_EB,1,1,,,,,
2024-10-07,C06_TURN_MONTH_DIFFERENTIAL_EB_K1,C06_TURN_MONTH_DIFFERENTIAL_EB,1,1,,,,,
2024-10-08,C06_TURN_MONTH_DIFFERENTIAL_EB_K1,C06_TURN_MONTH_DIFFERENTIAL_EB,1,1,,,,,
2024-10-09,C06_TURN_MONTH_DIFFERENTIAL_EB_K1,C06_TURN_MONTH_DIFFERENTIAL_EB,1,1,,,,,
2024-10-10,C06_TURN_MONTH_DIFFERENTIAL_EB_K1,C06_TURN_MONTH_DIFFERENTIAL_EB,1,1,,,,,
2024-10-11,C06_TURN_MONTH_DIFFERENTIAL_EB_K1,C06_TURN_MONTH_DIFFERENTIAL_EB,1,1,,,,,
2024-10-15,C06_TURN_MONTH_DIFFERENTIAL_EB_K1,C06_TURN_MONTH_DIFFERENTIAL_EB,1,1,,,,,
2024-10-16,C06_TURN_MONTH_DIFFERENTIAL_EB_K1,C06_TURN_MONTH_DIFFERENTIAL_EB,1,1,,,,,
2024-10-17,C06_TURN_MONTH_DIFFERENTIAL_EB_K1,C06_TURN_MONTH_DIFFERENTIAL_EB,1,1,,,,,
2024-10-18,C06_TURN_MONTH_DIFFERENTIAL_EB_K1,C06_TURN_MONTH_DIFFERENTIAL_EB,1,1,,,,,
2024-10-21,C06_TURN_MONTH_DIFFERENTIAL_EB_K1,C06_TURN_MONTH_DIFFERENTIAL_EB,1,1,,,,,
2024-10-22,C06_TURN_MONTH_DIFFERENTIAL_EB_K1,C06_TURN_MONTH_DIFFERENTIAL_EB,1,1,,,,,
2024-10-23,C06_TURN_MONTH_DIFFERENTIAL_EB_K1,C06_TURN_MONTH_DIFFERENTIAL_EB,1,1,,,,,
2024-10-24,C06_TURN_MONTH_DIFFERENTIAL_EB_K1,C06_TURN_MONTH_DIFFERENTIAL_EB,1,1,,,,,
2024-10-25,C06_TURN_MONTH_DIFFERENTIAL_EB_K1,C06_TURN_MONTH_DIFFERENTIAL_EB,1,1,,,,,
2024-10-28,C06_TURN_MONTH_DIFFERENTIAL_EB_K1,C06_TURN_MONTH_DIFFERENTIAL_EB,1,1,,,,,
2024-10-29,C06_TURN_MONTH_DIFFERENTIAL_EB_K1,C06_TURN_MONTH_DIFFERENTIAL_EB,1,1,,,,,
2024-10-30,C06_TURN_MONTH_DIFFERENTIAL_EB_K1,C06_TURN_MONTH_DIFFERENTIAL_EB,1,1,3905,データセクション,0.5410998256823341,-1.4190317195325597,0.0
2024-10-31,C06_TURN_MONTH_DIFFERENTIAL_EB_K1,C06_TURN_MONTH_DIFFERENTIAL_EB,1,1,3905,データセクション,0.5410998256823341,0.0,0.0
2024-11-01,C06_TURN_MONTH_DIFFERENTIAL_EB_K1,C06_TURN_MONTH_DIFFERENTIAL_EB,1,1,3905,データセクション,0.547782787756693,-2.55281690140845,0.0
2024-11-05,C06_TURN_MONTH_DIFFERENTIAL_EB_K1,C06_TURN_MONTH_DIFFERENTIAL_EB,1,1,,,,,
2024-11-06,C06_TURN_MONTH_DIFFERENTIAL_EB_K1,C06_TURN_MONTH_DIFFERENTIAL_EB,1,1,,,,,
2024-11-07,C06_TURN_MONTH_DIFFERENTIAL_EB_K1,C06_TURN_MONTH_DIFFERENTIAL_EB,1,1,,,,,
2024-11-08,C06_TURN_MONTH_DIFFERENTIAL_EB_K1,C06_TURN_MONTH_DIFFERENTIAL_EB,1,1,,,,,
2024-11-11,C06_TURN_MONTH_DIFFERENTIAL_EB_K1,C06_TURN_MONTH_DIFFERENTIAL_EB,1,1,,,,,
2024-11-12,C06_TURN_MONTH_DIFFERENTIAL_EB_K1,C06_TURN_MONTH_DIFFERENTIAL_EB,1,1,,,,,
2024-11-13,C06_TURN_MONTH_DIFFERENTIAL_EB_K1,C06_TURN_MONTH_DIFFERENTIAL_EB,1,1,,,,,
2024-11-14,C06_TURN_MONTH_DIFFERENTIAL_EB_K1,C06_TURN_MONTH_DIFFERENTIAL_EB,1,1,,,,,
2024-11-15,C06_TURN_MONTH_DIFFERENTIAL_EB_K1,C06_TURN_MONTH_DIFFERENTIAL_EB,1,1,,,,,
2024-11-18,C06_TURN_MONTH_DIFFERENTIAL_EB_K1,C06_TURN_MONTH_DIFFERENTIAL_EB,1,1,,,,,
2024-11-19,C06_TURN_MONTH_DIFFERENTIAL_EB_K1,C06_TURN_MONTH_DIFFERENTIAL_EB,1,1,,,,,
2024-11-20,C06_TURN_MONTH_DIFFERENTIAL_EB_K1,C06_TURN_MONTH_DIFFERENTIAL_EB,1,1,,,,,
2024-11-21,C06_TURN_MONTH_DIFFERENTIAL_EB_K1,C06_TURN_MONTH_DIFFERENTIAL_EB,1,1,,,,,
2024-11-22,C06_TURN_MONTH_DIFFERENTIAL_EB_K1,C06_TURN_MONTH_DIFFERENTIAL_EB,1,1,,,,,
2024-11-25,C06_TURN_MONTH_DIFFERENTIAL_EB_K1,C06_TURN_MONTH_DIFFERENTIAL_EB,1,1,,,,,
2024-11-26,C06_TURN_MONTH_DIFFERENTIAL_EB_K1,C06_TURN_MONTH_DIFFERENTIAL_EB,1,1,,,,,
2024-11-27,C06_TURN_MONTH_DIFFERENTIAL_EB_K1,C06_TURN_MONTH_DIFFERENTIAL_EB,1,1,,,,,
2024-11-28,C06_TURN_MONTH_DIFFERENTIAL_EB_K1,C06_TURN_MONTH_DIFFERENTIAL_EB,1,1,,,,,
2024-11-29,C06_TURN_MONTH_DIFFERENTIAL_EB_K1,C06_TURN_MONTH_DIFFERENTIAL_EB,1,1,,,,,
2024-12-02,C06_TURN_MONTH_DIFFERENTIAL_EB_K1,C06_TURN_MONTH_DIFFERENTIAL_EB,1,1,5246,ＥＬＥＭＥＮＴＳ,0.4520975938495023,-8.027923211169286,0.0
2024-12-03,C06_TURN_MONTH_DIFFERENTIAL_EB_K1,C06_TURN_MONTH_DIFFERENTIAL_EB,1,1,5246,ＥＬＥＭＥＮＴＳ,0.4520975938495023,-2.6819923371647514,0.0
2024-12-04,C06_TURN_MONTH_DIFFERENTIAL_EB_K1,C06_TURN_MONTH_DIFFERENTIAL_EB,1,1,3623,ビリングシステム,0.4203079765857548,4.927726675427069,1.0
2024-12-05,C06_TURN_MONTH_DIFFERENTIAL_EB_K1,C06_TURN_MONTH_DIFFERENTIAL_EB,1,1,,,,,
2024-12-06,C06_TURN_MONTH_DIFFERENTIAL_EB_K1,C06_TURN_MONTH_DIFFERENTIAL_EB,1,1,,,,,
2024-12-09,C06_TURN_MONTH_DIFFERENTIAL_EB_K1,C06_TURN_MONTH_DIFFERENTIAL_EB,1,1,,,,,
2024-12-10,C06_TURN_MONTH_DIFFERENTIAL_EB_K1,C06_TURN_MONTH_DIFFERENTIAL_EB,1,1,,,,,
2024-12-11,C06_TURN_MONTH_DIFFERENTIAL_EB_K1,C06_TURN_MONTH_DIFFERENTIAL_EB,1,1,,,,,
2024-12-12,C06_TURN_MONTH_DIFFERENTIAL_EB_K1,C06_TURN_MONTH_DIFFERENTIAL_EB,1,1,,,,,
2024-12-13,C06_TURN_MONTH_DIFFERENTIAL_EB_K1,C06_TURN_MONTH_DIFFERENTIAL_EB,1,1,,,,,
2024-12-16,C06_TURN_MONTH_DIFFERENTIAL_EB_K1,C06_TURN_MONTH_DIFFERENTIAL_EB,1,1,,,,,
2024-12-17,C06_TURN_MONTH_DIFFERENTIAL_EB_K1,C06_TURN_MONTH_DIFFERENTIAL_EB,1,1,,,,,
2024-12-18,C06_TURN_MONTH_DIFFERENTIAL_EB_K1,C06_TURN_MONTH_DIFFERENTIAL_EB,1,1,,,,,
2024-12-19,C06_TURN_MONTH_DIFFERENTIAL_EB_K1,C06_TURN_MONTH_DIFFERENTIAL_EB,1,1,,,,,
2024-12-20,C06_TURN_MONTH_DIFFERENTIAL_EB_K1,C06_TURN_MONTH_DIFFERENTIAL_EB,1,1,,,,,
2024-12-23,C06_TURN_MONTH_DIFFERENTIAL_EB_K1,C06_TURN_MONTH_DIFFERENTIAL_EB,1,1,,,,,
2024-12-24,C06_TURN_MONTH_DIFFERENTIAL_EB_K1,C06_TURN_MONTH_DIFFERENTIAL_EB,1,1,,,,,
2024-12-25,C06_TURN_MONTH_DIFFERENTIAL_EB_K1,C06_TURN_MONTH_DIFFERENTIAL_EB,1,1,,,,,
2024-12-26,C06_TURN_MONTH_DIFFERENTIAL_EB_K1,C06_TURN_MONTH_DIFFERENTIAL_EB,1,1,,,,,
2024-12-27,C06_TURN_MONTH_DIFFERENTIAL_EB_K1,C06_TURN_MONTH_DIFFERENTIAL_EB,1,1,2156,セーラー広告,0.5030424607306917,2.0050125313283207,1.0
2024-12-30,C06_TURN_MONTH_DIFFERENTIAL_EB_K1,C06_TURN_MONTH_DIFFERENTIAL_EB,1,1,2156,セーラー広告,0.5030424607306917,-0.497512437810943,0.0
2025-01-06,C06_TURN_MONTH_DIFFERENTIAL_EB_K1,C06_TURN_MONTH_DIFFERENTIAL_EB,1,1,7013,ＩＨＩ,0.5812246366788404,-5.730505569837185,0.0
2025-01-07,C06_TURN_MONTH_DIFFERENTIAL_EB_K1,C06_TURN_MONTH_DIFFERENTIAL_EB,1,1,7013,ＩＨＩ,0.5812246366788404,-3.2258064516129004,0.0
2025-01-08,C06_TURN_MONTH_DIFFERENTIAL_EB_K1,C06_TURN_MONTH_DIFFERENTIAL_EB,1,1,7013,ＩＨＩ,0.5812246366788404,-3.1864170252354884,0.0
2025-01-09,C06_TURN_MONTH_DIFFERENTIAL_EB_K1,C06_TURN_MONTH_DIFFERENTIAL_EB,1,1,,,,,
2025-01-10,C06_TURN_MONTH_DIFFERENTIAL_EB_K1,C06_TURN_MONTH_DIFFERENTIAL_EB,1,1,,,,,
2025-01-14,C06_TURN_MONTH_DIFFERENTIAL_EB_K1,C06_TURN_MONTH_DIFFERENTIAL_EB,1,1,,,,,
2025-01-15,C06_TURN_MONTH_DIFFERENTIAL_EB_K1,C06_TURN_MONTH_DIFFERENTIAL_EB,1,1,,,,,
2025-01-16,C06_TURN_MONTH_DIFFERENTIAL_EB_K1,C06_TURN_MONTH_DIFFERENTIAL_EB,1,1,,,,,
2025-01-17,C06_TURN_MONTH_DIFFERENTIAL_EB_K1,C06_TURN_MONTH_DIFFERENTIAL_EB,1,1,,,,,
2025-01-20,C06_TURN_MONTH_DIFFERENTIAL_EB_K1,C06_TURN_MONTH_DIFFERENTIAL_EB,1,1,,,,,
2025-01-21,C06_TURN_MONTH_DIFFERENTIAL_EB_K1,C06_TURN_MONTH_DIFFERENTIAL_EB,1,1,,,,,
2025-01-22,C06_TURN_MONTH_DIFFERENTIAL_EB_K1,C06_TURN_MONTH_DIFFERENTIAL_EB,1,1,,,,,
2025-01-23,C06_TURN_MONTH_DIFFERENTIAL_EB_K1,C06_TURN_MONTH_DIFFERENTIAL_EB,1,1,,,,,
2025-01-24,C06_TURN_MONTH_DIFFERENTIAL_EB_K1,C06_TURN_MONTH_DIFFERENTIAL_EB,1,1,,,,,
2025-01-27,C06_TURN_MONTH_DIFFERENTIAL_EB_K1,C06_TURN_MONTH_DIFFERENTIAL_EB,1,1,,,,,
2025-01-28,C06_TURN_MONTH_DIFFERENTIAL_EB_K1,C06_TURN_MONTH_DIFFERENTIAL_EB,1,1,,,,,
2025-01-29,C06_TURN_MONTH_DIFFERENTIAL_EB_K1,C06_TURN_MONTH_DIFFERENTIAL_EB,1,1,,,,,
2025-01-30,C06_TURN_MONTH_DIFFERENTIAL_EB_K1,C06_TURN_MONTH_DIFFERENTIAL_EB,1,1,7013,ＩＨＩ,0.5812246366788404,1.3190529875986456,1.0
2025-01-31,C06_TURN_MONTH_DIFFERENTIAL_EB_K1,C06_TURN_MONTH_DIFFERENTIAL_EB,1,1,7013,ＩＨＩ,0.5812246366788404,3.5797149486244573,1.0
2025-02-03,C06_TURN_MONTH_DIFFERENTIAL_EB_K1,C06_TURN_MONTH_DIFFERENTIAL_EB,1,1,5250,プライム・ストラテジー,0.6371184735492434,-3.996598639455784,0.0
2025-02-04,C06_TURN_MONTH_DIFFERENTIAL_EB_K1,C06_TURN_MONTH_DIFFERENTIAL_EB,1,1,5250,プライム・ストラテジー,0.6371184735492434,0.4416961130742081,1.0
2025-02-05,C06_TURN_MONTH_DIFFERENTIAL_EB_K1,C06_TURN_MONTH_DIFFERENTIAL_EB,1,1,5250,プライム・ストラテジー,0.6371184735492434,-0.08771929824561431,0.0
2025-02-06,C06_TURN_MONTH_DIFFERENTIAL_EB_K1,C06_TURN_MONTH_DIFFERENTIAL_EB,1,1,,,,,
2025-02-07,C06_TURN_MONTH_DIFFERENTIAL_EB_K1,C06_TURN_MONTH_DIFFERENTIAL_EB,1,1,,,,,
2025-02-10,C06_TURN_MONTH_DIFFERENTIAL_EB_K1,C06_TURN_MONTH_DIFFERENTIAL_EB,1,1,,,,,
2025-02-12,C06_TURN_MONTH_DIFFERENTIAL_EB_K1,C06_TURN_MONTH_DIFFERENTIAL_EB,1,1,,,,,
2025-02-13,C06_TURN_MONTH_DIFFERENTIAL_EB_K1,C06_TURN_MONTH_DIFFERENTIAL_EB,1,1,,,,,
2025-02-14,C06_TURN_MONTH_DIFFERENTIAL_EB_K1,C06_TURN_MONTH_DIFFERENTIAL_EB,1,1,,,,,
2025-02-17,C06_TURN_MONTH_DIFFERENTIAL_EB_K1,C06_TURN_MONTH_DIFFERENTIAL_EB,1,1,,,,,
2025-02-18,C06_TURN_MONTH_DIFFERENTIAL_EB_K1,C06_TURN_MONTH_DIFFERENTIAL_EB,1,1,,,,,
2025-02-19,C06_TURN_MONTH_DIFFERENTIAL_EB_K1,C06_TURN_MONTH_DIFFERENTIAL_EB,1,1,,,,,
2025-02-20,C06_TURN_MONTH_DIFFERENTIAL_EB_K1,C06_TURN_MONTH_DIFFERENTIAL_EB,1,1,,,,,
2025-02-21,C06_TURN_MONTH_DIFFERENTIAL_EB_K1,C06_TURN_MONTH_DIFFERENTIAL_EB,1,1,,,,,
2025-02-25,C06_TURN_MONTH_DIFFERENTIAL_EB_K1,C06_TURN_MONTH_DIFFERENTIAL_EB,1,1,,,,,
2025-02-26,C06_TURN_MONTH_DIFFERENTIAL_EB_K1,C06_TURN_MONTH_DIFFERENTIAL_EB,1,1,,,,,
2025-02-27,C06_TURN_MONTH_DIFFERENTIAL_EB_K1,C06_TURN_MONTH_DIFFERENTIAL_EB,1,1,5250,プライム・ストラテジー,0.6371184735492434,-1.781170483460559,0.0
2025-02-28,C06_TURN_MONTH_DIFFERENTIAL_EB_K1,C06_TURN_MONTH_DIFFERENTIAL_EB,1,1,5250,プライム・ストラテジー,0.6371184735492434,-1.5652173913043521,0.0
2025-03-03,C06_TURN_MONTH_DIFFERENTIAL_EB_K1,C06_TURN_MONTH_DIFFERENTIAL_EB,1,1,5250,プライム・ストラテジー,0.4492784285251349,-0.17667844522968323,0.0
2025-03-04,C06_TURN_MONTH_DIFFERENTIAL_EB_K1,C06_TURN_MONTH_DIFFERENTIAL_EB,1,1,5250,プライム・ストラテジー,0.4492784285251349,-0.3561887800534236,0.0
2025-03-05,C06_TURN_MONTH_DIFFERENTIAL_EB_K1,C06_TURN_MONTH_DIFFERENTIAL_EB,1,1,5250,プライム・ストラテジー,0.4492784285251349,-0.3597122302158251,0.0
2025-03-06,C06_TURN_MONTH_DIFFERENTIAL_EB_K1,C06_TURN_MONTH_DIFFERENTIAL_EB,1,1,,,,,
2025-03-07,C06_TURN_MONTH_DIFFERENTIAL_EB_K1,C06_TURN_MONTH_DIFFERENTIAL_EB,1,1,,,,,
2025-03-10,C06_TURN_MONTH_DIFFERENTIAL_EB_K1,C06_TURN_MONTH_DIFFERENTIAL_EB,1,1,,,,,
2025-03-11,C06_TURN_MONTH_DIFFERENTIAL_EB_K1,C06_TURN_MONTH_DIFFERENTIAL_EB,1,1,,,,,
2025-03-12,C06_TURN_MONTH_DIFFERENTIAL_EB_K1,C06_TURN_MONTH_DIFFERENTIAL_EB,1,1,,,,,
2025-03-13,C06_TURN_MONTH_DIFFERENTIAL_EB_K1,C06_TURN_MONTH_DIFFERENTIAL_EB,1,1,,,,,
2025-03-14,C06_TURN_MONTH_DIFFERENTIAL_EB_K1,C06_TURN_MONTH_DIFFERENTIAL_EB,1,1,,,,,
2025-03-17,C06_TURN_MONTH_DIFFERENTIAL_EB_K1,C06_TURN_MONTH_DIFFERENTIAL_EB,1,1,,,,,
2025-03-18,C06_TURN_MONTH_DIFFERENTIAL_EB_K1,C06_TURN_MONTH_DIFFERENTIAL_EB,1,1,,,,,
2025-03-19,C06_TURN_MONTH_DIFFERENTIAL_EB_K1,C06_TURN_MONTH_DIFFERENTIAL_EB,1,1,,,,,
2025-03-21,C06_TURN_MONTH_DIFFERENTIAL_EB_K1,C06_TURN_MONTH_DIFFERENTIAL_EB,1,1,,,,,
2025-03-24,C06_TURN_MONTH_DIFFERENTIAL_EB_K1,C06_TURN_MONTH_DIFFERENTIAL_EB,1,1,,,,,
2025-03-25,C06_TURN_MONTH_DIFFERENTIAL_EB_K1,C06_TURN_MONTH_DIFFERENTIAL_EB,1,1,,,,,
2025-03-26,C06_TURN_MONTH_DIFFERENTIAL_EB_K1,C06_TURN_MONTH_DIFFERENTIAL_EB,1,1,,,,,
2025-03-27,C06_TURN_MONTH_DIFFERENTIAL_EB_K1,C06_TURN_MONTH_DIFFERENTIAL_EB,1,1,,,,,
2025-03-28,C06_TURN_MONTH_DIFFERENTIAL_EB_K1,C06_TURN_MONTH_DIFFERENTIAL_EB,1,1,5250,プライム・ストラテジー,0.4492784285251349,-0.19029495718363432,0.0
2025-03-31,C06_TURN_MONTH_DIFFERENTIAL_EB_K1,C06_TURN_MONTH_DIFFERENTIAL_EB,1,1,5250,プライム・ストラテジー,0.4492784285251349,-1.3513513513513487,0.0
2025-04-01,C06_TURN_MONTH_DIFFERENTIAL_EB_K1,C06_TURN_MONTH_DIFFERENTIAL_EB,1,1,,,,,
2025-04-02,C06_TURN_MONTH_DIFFERENTIAL_EB_K1,C06_TURN_MONTH_DIFFERENTIAL_EB,1,1,,,,,
2025-04-03,C06_TURN_MONTH_DIFFERENTIAL_EB_K1,C06_TURN_MONTH_DIFFERENTIAL_EB,1,1,,,,,
2025-04-04,C06_TURN_MONTH_DIFFERENTIAL_EB_K1,C06_TURN_MONTH_DIFFERENTIAL_EB,1,1,,,,,
2025-04-07,C06_TURN_MONTH_DIFFERENTIAL_EB_K1,C06_TURN_MONTH_DIFFERENTIAL_EB,1,1,,,,,
2025-04-08,C06_TURN_MONTH_DIFFERENTIAL_EB_K1,C06_TURN_MONTH_DIFFERENTIAL_EB,1,1,,,,,
2025-04-09,C06_TURN_MONTH_DIFFERENTIAL_EB_K1,C06_TURN_MONTH_DIFFERENTIAL_EB,1,1,,,,,
2025-04-10,C06_TURN_MONTH_DIFFERENTIAL_EB_K1,C06_TURN_MONTH_DIFFERENTIAL_EB,1,1,,,,,
2025-04-11,C06_TURN_MONTH_DIFFERENTIAL_EB_K1,C06_TURN_MONTH_DIFFERENTIAL_EB,1,1,,,,,
2025-04-14,C06_TURN_MONTH_DIFFERENTIAL_EB_K1,C06_TURN_MONTH_DIFFERENTIAL_EB,1,1,,,,,
2025-04-15,C06_TURN_MONTH_DIFFERENTIAL_EB_K1,C06_TURN_MONTH_DIFFERENTIAL_EB,1,1,,,,,
2025-04-16,C06_TURN_MONTH_DIFFERENTIAL_EB_K1,C06_TURN_MONTH_DIFFERENTIAL_EB,1,1,,,,,
2025-04-17,C06_TURN_MONTH_DIFFERENTIAL_EB_K1,C06_TURN_MONTH_DIFFERENTIAL_EB,1,1,,,,,
2025-04-18,C06_TURN_MONTH_DIFFERENTIAL_EB_K1,C06_TURN_MONTH_DIFFERENTIAL_EB,1,1,,,,,
2025-04-21,C06_TURN_MONTH_DIFFERENTIAL_EB_K1,C06_TURN_MONTH_DIFFERENTIAL_EB,1,1,,,,,
2025-04-22,C06_TURN_MONTH_DIFFERENTIAL_EB_K1,C06_TURN_MONTH_DIFFERENTIAL_EB,1,1,,,,,
2025-04-23,C06_TURN_MONTH_DIFFERENTIAL_EB_K1,C06_TURN_MONTH_DIFFERENTIAL_EB,1,1,,,,,
2025-04-24,C06_TURN_MONTH_DIFFERENTIAL_EB_K1,C06_TURN_MONTH_DIFFERENTIAL_EB,1,1,,,,,
2025-04-25,C06_TURN_MONTH_DIFFERENTIAL_EB_K1,C06_TURN_MONTH_DIFFERENTIAL_EB,1,1,,,,,
2025-04-28,C06_TURN_MONTH_DIFFERENTIAL_EB_K1,C06_TURN_MONTH_DIFFERENTIAL_EB,1,1,,,,,
2025-04-30,C06_TURN_MONTH_DIFFERENTIAL_EB_K1,C06_TURN_MONTH_DIFFERENTIAL_EB,1,1,7013,ＩＨＩ,0.5398968167637803,-2.1929824561403466,0.0
2025-05-01,C06_TURN_MONTH_DIFFERENTIAL_EB_K1,C06_TURN_MONTH_DIFFERENTIAL_EB,1,1,7013,ＩＨＩ,0.5425722769913204,-1.2803532008829999,0.0
2025-05-02,C06_TURN_MONTH_DIFFERENTIAL_EB_K1,C06_TURN_MONTH_DIFFERENTIAL_EB,1,1,7013,ＩＨＩ,0.5425722769913204,1.5837104072398134,1.0
2025-05-07,C06_TURN_MONTH_DIFFERENTIAL_EB_K1,C06_TURN_MONTH_DIFFERENTIAL_EB,1,1,7013,ＩＨＩ,0.5425722769913204,0.8463251670378646,1.0
2025-05-08,C06_TURN_MONTH_DIFFERENTIAL_EB_K1,C06_TURN_MONTH_DIFFERENTIAL_EB,1,1,,,,,
2025-05-09,C06_TURN_MONTH_DIFFERENTIAL_EB_K1,C06_TURN_MONTH_DIFFERENTIAL_EB,1,1,,,,,
2025-05-12,C06_TURN_MONTH_DIFFERENTIAL_EB_K1,C06_TURN_MONTH_DIFFERENTIAL_EB,1,1,,,,,
2025-05-13,C06_TURN_MONTH_DIFFERENTIAL_EB_K1,C06_TURN_MONTH_DIFFERENTIAL_EB,1,1,,,,,
2025-05-14,C06_TURN_MONTH_DIFFERENTIAL_EB_K1,C06_TURN_MONTH_DIFFERENTIAL_EB,1,1,,,,,
2025-05-15,C06_TURN_MONTH_DIFFERENTIAL_EB_K1,C06_TURN_MONTH_DIFFERENTIAL_EB,1,1,,,,,
2025-05-16,C06_TURN_MONTH_DIFFERENTIAL_EB_K1,C06_TURN_MONTH_DIFFERENTIAL_EB,1,1,,,,,
2025-05-19,C06_TURN_MONTH_DIFFERENTIAL_EB_K1,C06_TURN_MONTH_DIFFERENTIAL_EB,1,1,,,,,
2025-05-20,C06_TURN_MONTH_DIFFERENTIAL_EB_K1,C06_TURN_MONTH_DIFFERENTIAL_EB,1,1,,,,,
2025-05-21,C06_TURN_MONTH_DIFFERENTIAL_EB_K1,C06_TURN_MONTH_DIFFERENTIAL_EB,1,1,,,,,
2025-05-22,C06_TURN_MONTH_DIFFERENTIAL_EB_K1,C06_TURN_MONTH_DIFFERENTIAL_EB,1,1,,,,,
2025-05-23,C06_TURN_MONTH_DIFFERENTIAL_EB_K1,C06_TURN_MONTH_DIFFERENTIAL_EB,1,1,,,,,
2025-05-26,C06_TURN_MONTH_DIFFERENTIAL_EB_K1,C06_TURN_MONTH_DIFFERENTIAL_EB,1,1,,,,,
2025-05-27,C06_TURN_MONTH_DIFFERENTIAL_EB_K1,C06_TURN_MONTH_DIFFERENTIAL_EB,1,1,,,,,
2025-05-28,C06_TURN_MONTH_DIFFERENTIAL_EB_K1,C06_TURN_MONTH_DIFFERENTIAL_EB,1,1,,,,,
2025-05-29,C06_TURN_MONTH_DIFFERENTIAL_EB_K1,C06_TURN_MONTH_DIFFERENTIAL_EB,1,1,7013,ＩＨＩ,0.5425722769913204,-0.7430997876857748,0.0
2025-05-30,C06_TURN_MONTH_DIFFERENTIAL_EB_K1,C06_TURN_MONTH_DIFFERENTIAL_EB,1,1,7013,ＩＨＩ,0.5425722769913204,0.974729241877248,1.0
2025-06-02,C06_TURN_MONTH_DIFFERENTIAL_EB_K1,C06_TURN_MONTH_DIFFERENTIAL_EB,1,1,7013,ＩＨＩ,0.5147748292495887,3.2986733596271023,1.0
2025-06-03,C06_TURN_MONTH_DIFFERENTIAL_EB_K1,C06_TURN_MONTH_DIFFERENTIAL_EB,1,1,7013,ＩＨＩ,0.5147748292495887,0.5593945376768605,1.0
2025-06-04,C06_TURN_MONTH_DIFFERENTIAL_EB_K1,C06_TURN_MONTH_DIFFERENTIAL_EB,1,1,7013,ＩＨＩ,0.5147748292495887,2.1822849807445532,1.0
2025-06-05,C06_TURN_MONTH_DIFFERENTIAL_EB_K1,C06_TURN_MONTH_DIFFERENTIAL_EB,1,1,,,,,
2025-06-06,C06_TURN_MONTH_DIFFERENTIAL_EB_K1,C06_TURN_MONTH_DIFFERENTIAL_EB,1,1,,,,,
2025-06-09,C06_TURN_MONTH_DIFFERENTIAL_EB_K1,C06_TURN_MONTH_DIFFERENTIAL_EB,1,1,,,,,
2025-06-10,C06_TURN_MONTH_DIFFERENTIAL_EB_K1,C06_TURN_MONTH_DIFFERENTIAL_EB,1,1,,,,,
2025-06-11,C06_TURN_MONTH_DIFFERENTIAL_EB_K1,C06_TURN_MONTH_DIFFERENTIAL_EB,1,1,,,,,
2025-06-12,C06_TURN_MONTH_DIFFERENTIAL_EB_K1,C06_TURN_MONTH_DIFFERENTIAL_EB,1,1,,,,,
2025-06-13,C06_TURN_MONTH_DIFFERENTIAL_EB_K1,C06_TURN_MONTH_DIFFERENTIAL_EB,1,1,,,,,
2025-06-16,C06_TURN_MONTH_DIFFERENTIAL_EB_K1,C06_TURN_MONTH_DIFFERENTIAL_EB,1,1,,,,,
2025-06-17,C06_TURN_MONTH_DIFFERENTIAL_EB_K1,C06_TURN_MONTH_DIFFERENTIAL_EB,1,1,,,,,
2025-06-18,C06_TURN_MONTH_DIFFERENTIAL_EB_K1,C06_TURN_MONTH_DIFFERENTIAL_EB,1,1,,,,,
2025-06-19,C06_TURN_MONTH_DIFFERENTIAL_EB_K1,C06_TURN_MONTH_DIFFERENTIAL_EB,1,1,,,,,
2025-06-20,C06_TURN_MONTH_DIFFERENTIAL_EB_K1,C06_TURN_MONTH_DIFFERENTIAL_EB,1,1,,,,,
2025-06-23,C06_TURN_MONTH_DIFFERENTIAL_EB_K1,C06_TURN_MONTH_DIFFERENTIAL_EB,1,1,,,,,
2025-06-24,C06_TURN_MONTH_DIFFERENTIAL_EB_K1,C06_TURN_MONTH_DIFFERENTIAL_EB,1,1,,,,,
2025-06-25,C06_TURN_MONTH_DIFFERENTIAL_EB_K1,C06_TURN_MONTH_DIFFERENTIAL_EB,1,1,,,,,
2025-06-26,C06_TURN_MONTH_DIFFERENTIAL_EB_K1,C06_TURN_MONTH_DIFFERENTIAL_EB,1,1,,,,,
2025-06-27,C06_TURN_MONTH_DIFFERENTIAL_EB_K1,C06_TURN_MONTH_DIFFERENTIAL_EB,1,1,7013,ＩＨＩ,0.5147748292495887,2.8396256857050606,1.0
2025-06-30,C06_TURN_MONTH_DIFFERENTIAL_EB_K1,C06_TURN_MONTH_DIFFERENTIAL_EB,1,1,7013,ＩＨＩ,0.5147748292495887,-3.7242228377962427,0.0
2025-07-01,C06_TURN_MONTH_DIFFERENTIAL_EB_K1,C06_TURN_MONTH_DIFFERENTIAL_EB,1,1,7013,ＩＨＩ,0.5646647440458414,0.3188775510204023,1.0
2025-07-02,C06_TURN_MONTH_DIFFERENTIAL_EB_K1,C06_TURN_MONTH_DIFFERENTIAL_EB,1,1,7013,ＩＨＩ,0.5646647440458414,-2.0874103065883887,0.0
2025-07-03,C06_TURN_MONTH_DIFFERENTIAL_EB_K1,C06_TURN_MONTH_DIFFERENTIAL_EB,1,1,7013,ＩＨＩ,0.5646647440458414,-0.7323568575232975,0.0
2025-07-04,C06_TURN_MONTH_DIFFERENTIAL_EB_K1,C06_TURN_MONTH_DIFFERENTIAL_EB,1,1,,,,,
2025-07-07,C06_TURN_MONTH_DIFFERENTIAL_EB_K1,C06_TURN_MONTH_DIFFERENTIAL_EB,1,1,,,,,
2025-07-08,C06_TURN_MONTH_DIFFERENTIAL_EB_K1,C06_TURN_MONTH_DIFFERENTIAL_EB,1,1,,,,,
2025-07-09,C06_TURN_MONTH_DIFFERENTIAL_EB_K1,C06_TURN_MONTH_DIFFERENTIAL_EB,1,1,,,,,
2025-07-10,C06_TURN_MONTH_DIFFERENTIAL_EB_K1,C06_TURN_MONTH_DIFFERENTIAL_EB,1,1,,,,,
2025-07-11,C06_TURN_MONTH_DIFFERENTIAL_EB_K1,C06_TURN_MONTH_DIFFERENTIAL_EB,1,1,,,,,
2025-07-14,C06_TURN_MONTH_DIFFERENTIAL_EB_K1,C06_TURN_MONTH_DIFFERENTIAL_EB,1,1,,,,,
2025-07-15,C06_TURN_MONTH_DIFFERENTIAL_EB_K1,C06_TURN_MONTH_DIFFERENTIAL_EB,1,1,,,,,
2025-07-16,C06_TURN_MONTH_DIFFERENTIAL_EB_K1,C06_TURN_MONTH_DIFFERENTIAL_EB,1,1,,,,,
2025-07-17,C06_TURN_MONTH_DIFFERENTIAL_EB_K1,C06_TURN_MONTH_DIFFERENTIAL_EB,1,1,,,,,
2025-07-18,C06_TURN_MONTH_DIFFERENTIAL_EB_K1,C06_TURN_MONTH_DIFFERENTIAL_EB,1,1,,,,,
2025-07-22,C06_TURN_MONTH_DIFFERENTIAL_EB_K1,C06_TURN_MONTH_DIFFERENTIAL_EB,1,1,,,,,
2025-07-23,C06_TURN_MONTH_DIFFERENTIAL_EB_K1,C06_TURN_MONTH_DIFFERENTIAL_EB,1,1,,,,,
2025-07-24,C06_TURN_MONTH_DIFFERENTIAL_EB_K1,C06_TURN_MONTH_DIFFERENTIAL_EB,1,1,,,,,
2025-07-25,C06_TURN_MONTH_DIFFERENTIAL_EB_K1,C06_TURN_MONTH_DIFFERENTIAL_EB,1,1,,,,,
2025-07-28,C06_TURN_MONTH_DIFFERENTIAL_EB_K1,C06_TURN_MONTH_DIFFERENTIAL_EB,1,1,,,,,
2025-07-29,C06_TURN_MONTH_DIFFERENTIAL_EB_K1,C06_TURN_MONTH_DIFFERENTIAL_EB,1,1,,,,,
2025-07-30,C06_TURN_MONTH_DIFFERENTIAL_EB_K1,C06_TURN_MONTH_DIFFERENTIAL_EB,1,1,7013,ＩＨＩ,0.5646647440458414,3.750000000000009,1.0
2025-07-31,C06_TURN_MONTH_DIFFERENTIAL_EB_K1,C06_TURN_MONTH_DIFFERENTIAL_EB,1,1,7013,ＩＨＩ,0.5646647440458414,2.319277108433737,1.0
2024-07-01,C06_TURN_MONTH_DIFFERENTIAL_EB_K2,C06_TURN_MONTH_DIFFERENTIAL_EB,2,1,9337,トリドリ,0.98777713524582,-0.33351862145636346,0.0
2024-07-01,C06_TURN_MONTH_DIFFERENTIAL_EB_K2,C06_TURN_MONTH_DIFFERENTIAL_EB,2,2,8938,グローム・ホールディングス,0.895410166205863,-0.8871989860583018,0.0
2024-07-02,C06_TURN_MONTH_DIFFERENTIAL_EB_K2,C06_TURN_MONTH_DIFFERENTIAL_EB,2,1,9337,トリドリ,0.98777713524582,1.3904338153504003,1.0
2024-07-02,C06_TURN_MONTH_DIFFERENTIAL_EB_K2,C06_TURN_MONTH_DIFFERENTIAL_EB,2,2,8938,グローム・ホールディングス,0.895410166205863,-0.2564102564102555,0.0
2024-07-03,C06_TURN_MONTH_DIFFERENTIAL_EB_K2,C06_TURN_MONTH_DIFFERENTIAL_EB,2,1,9337,トリドリ,0.98777713524582,-0.5500550055005493,0.0
2024-07-03,C06_TURN_MONTH_DIFFERENTIAL_EB_K2,C06_TURN_MONTH_DIFFERENTIAL_EB,2,2,8938,グローム・ホールディングス,0.895410166205863,3.2258064516129004,1.0
2024-07-04,C06_TURN_MONTH_DIFFERENTIAL_EB_K2,C06_TURN_MONTH_DIFFERENTIAL_EB,2,1,,,,,
2024-07-04,C06_TURN_MONTH_DIFFERENTIAL_EB_K2,C06_TURN_MONTH_DIFFERENTIAL_EB,2,2,,,,,
2024-07-05,C06_TURN_MONTH_DIFFERENTIAL_EB_K2,C06_TURN_MONTH_DIFFERENTIAL_EB,2,1,,,,,
2024-07-05,C06_TURN_MONTH_DIFFERENTIAL_EB_K2,C06_TURN_MONTH_DIFFERENTIAL_EB,2,2,,,,,
2024-07-08,C06_TURN_MONTH_DIFFERENTIAL_EB_K2,C06_TURN_MONTH_DIFFERENTIAL_EB,2,1,,,,,
2024-07-08,C06_TURN_MONTH_DIFFERENTIAL_EB_K2,C06_TURN_MONTH_DIFFERENTIAL_EB,2,2,,,,,
2024-07-09,C06_TURN_MONTH_DIFFERENTIAL_EB_K2,C06_TURN_MONTH_DIFFERENTIAL_EB,2,1,,,,,
2024-07-09,C06_TURN_MONTH_DIFFERENTIAL_EB_K2,C06_TURN_MONTH_DIFFERENTIAL_EB,2,2,,,,,
2024-07-10,C06_TURN_MONTH_DIFFERENTIAL_EB_K2,C06_TURN_MONTH_DIFFERENTIAL_EB,2,1,,,,,
2024-07-10,C06_TURN_MONTH_DIFFERENTIAL_EB_K2,C06_TURN_MONTH_DIFFERENTIAL_EB,2,2,,,,,
2024-07-11,C06_TURN_MONTH_DIFFERENTIAL_EB_K2,C06_TURN_MONTH_DIFFERENTIAL_EB,2,1,,,,,
2024-07-11,C06_TURN_MONTH_DIFFERENTIAL_EB_K2,C06_TURN_MONTH_DIFFERENTIAL_EB,2,2,,,,,
2024-07-12,C06_TURN_MONTH_DIFFERENTIAL_EB_K2,C06_TURN_MONTH_DIFFERENTIAL_EB,2,1,,,,,
2024-07-12,C06_TURN_MONTH_DIFFERENTIAL_EB_K2,C06_TURN_MONTH_DIFFERENTIAL_EB,2,2,,,,,
2024-07-16,C06_TURN_MONTH_DIFFERENTIAL_EB_K2,C06_TURN_MONTH_DIFFERENTIAL_EB,2,1,,,,,
2024-07-16,C06_TURN_MONTH_DIFFERENTIAL_EB_K2,C06_TURN_MONTH_DIFFERENTIAL_EB,2,2,,,,,
2024-07-17,C06_TURN_MONTH_DIFFERENTIAL_EB_K2,C06_TURN_MONTH_DIFFERENTIAL_EB,2,1,,,,,
2024-07-17,C06_TURN_MONTH_DIFFERENTIAL_EB_K2,C06_TURN_MONTH_DIFFERENTIAL_EB,2,2,,,,,
2024-07-18,C06_TURN_MONTH_DIFFERENTIAL_EB_K2,C06_TURN_MONTH_DIFFERENTIAL_EB,2,1,,,,,
2024-07-18,C06_TURN_MONTH_DIFFERENTIAL_EB_K2,C06_TURN_MONTH_DIFFERENTIAL_EB,2,2,,,,,
2024-07-19,C06_TURN_MONTH_DIFFERENTIAL_EB_K2,C06_TURN_MONTH_DIFFERENTIAL_EB,2,1,,,,,
2024-07-19,C06_TURN_MONTH_DIFFERENTIAL_EB_K2,C06_TURN_MONTH_DIFFERENTIAL_EB,2,2,,,,,
2024-07-22,C06_TURN_MONTH_DIFFERENTIAL_EB_K2,C06_TURN_MONTH_DIFFERENTIAL_EB,2,1,,,,,
2024-07-22,C06_TURN_MONTH_DIFFERENTIAL_EB_K2,C06_TURN_MONTH_DIFFERENTIAL_EB,2,2,,,,,
2024-07-23,C06_TURN_MONTH_DIFFERENTIAL_EB_K2,C06_TURN_MONTH_DIFFERENTIAL_EB,2,1,,,,,
2024-07-23,C06_TURN_MONTH_DIFFERENTIAL_EB_K2,C06_TURN_MONTH_DIFFERENTIAL_EB,2,2,,,,,
2024-07-24,C06_TURN_MONTH_DIFFERENTIAL_EB_K2,C06_TURN_MONTH_DIFFERENTIAL_EB,2,1,,,,,
2024-07-24,C06_TURN_MONTH_DIFFERENTIAL_EB_K2,C06_TURN_MONTH_DIFFERENTIAL_EB,2,2,,,,,
2024-07-25,C06_TURN_MONTH_DIFFERENTIAL_EB_K2,C06_TURN_MONTH_DIFFERENTIAL_EB,2,1,,,,,
2024-07-25,C06_TURN_MONTH_DIFFERENTIAL_EB_K2,C06_TURN_MONTH_DIFFERENTIAL_EB,2,2,,,,,
2024-07-26,C06_TURN_MONTH_DIFFERENTIAL_EB_K2,C06_TURN_MONTH_DIFFERENTIAL_EB,2,1,,,,,
2024-07-26,C06_TURN_MONTH_DIFFERENTIAL_EB_K2,C06_TURN_MONTH_DIFFERENTIAL_EB,2,2,,,,,
2024-07-29,C06_TURN_MONTH_DIFFERENTIAL_EB_K2,C06_TURN_MONTH_DIFFERENTIAL_EB,2,1,,,,,
2024-07-29,C06_TURN_MONTH_DIFFERENTIAL_EB_K2,C06_TURN_MONTH_DIFFERENTIAL_EB,2,2,,,,,
2024-07-30,C06_TURN_MONTH_DIFFERENTIAL_EB_K2,C06_TURN_MONTH_DIFFERENTIAL_EB,2,1,9337,トリドリ,0.98777713524582,0.9489916963226541,1.0
2024-07-30,C06_TURN_MONTH_DIFFERENTIAL_EB_K2,C06_TURN_MONTH_DIFFERENTIAL_EB,2,2,8938,グローム・ホールディングス,0.895410166205863,1.744186046511631,1.0
2024-07-31,C06_TURN_MONTH_DIFFERENTIAL_EB_K2,C06_TURN_MONTH_DIFFERENTIAL_EB,2,1,9337,トリドリ,0.98777713524582,0.2937720329024618,1.0
2024-07-31,C06_TURN_MONTH_DIFFERENTIAL_EB_K2,C06_TURN_MONTH_DIFFERENTIAL_EB,2,2,8938,グローム・ホールディングス,0.895410166205863,-7.540603248259858,0.0
2024-08-01,C06_TURN_MONTH_DIFFERENTIAL_EB_K2,C06_TURN_MONTH_DIFFERENTIAL_EB,2,1,9337,トリドリ,0.9365401768121421,-2.699460107978402,0.0
2024-08-01,C06_TURN_MONTH_DIFFERENTIAL_EB_K2,C06_TURN_MONTH_DIFFERENTIAL_EB,2,2,9107,川崎汽船,0.9227607024539454,-0.8117923520615244,0.0
2024-08-02,C06_TURN_MONTH_DIFFERENTIAL_EB_K2,C06_TURN_MONTH_DIFFERENTIAL_EB,2,1,9337,トリドリ,0.9365401768121421,-1.7509727626459193,0.0
2024-08-02,C06_TURN_MONTH_DIFFERENTIAL_EB_K2,C06_TURN_MONTH_DIFFERENTIAL_EB,2,2,9107,川崎汽船,0.9227607024539454,-2.134423251589468,0.0
2024-08-05,C06_TURN_MONTH_DIFFERENTIAL_EB_K2,C06_TURN_MONTH_DIFFERENTIAL_EB,2,1,9337,トリドリ,0.9365401768121421,-10.832719233603537,0.0
2024-08-05,C06_TURN_MONTH_DIFFERENTIAL_EB_K2,C06_TURN_MONTH_DIFFERENTIAL_EB,2,2,9107,川崎汽船,0.9227607024539454,-7.53575357535754,0.0
2024-08-06,C06_TURN_MONTH_DIFFERENTIAL_EB_K2,C06_TURN_MONTH_DIFFERENTIAL_EB,2,1,,,,,
2024-08-06,C06_TURN_MONTH_DIFFERENTIAL_EB_K2,C06_TURN_MONTH_DIFFERENTIAL_EB,2,2,,,,,
2024-08-07,C06_TURN_MONTH_DIFFERENTIAL_EB_K2,C06_TURN_MONTH_DIFFERENTIAL_EB,2,1,,,,,
2024-08-07,C06_TURN_MONTH_DIFFERENTIAL_EB_K2,C06_TURN_MONTH_DIFFERENTIAL_EB,2,2,,,,,
2024-08-08,C06_TURN_MONTH_DIFFERENTIAL_EB_K2,C06_TURN_MONTH_DIFFERENTIAL_EB,2,1,,,,,
2024-08-08,C06_TURN_MONTH_DIFFERENTIAL_EB_K2,C06_TURN_MONTH_DIFFERENTIAL_EB,2,2,,,,,
2024-08-09,C06_TURN_MONTH_DIFFERENTIAL_EB_K2,C06_TURN_MONTH_DIFFERENTIAL_EB,2,1,,,,,
2024-08-09,C06_TURN_MONTH_DIFFERENTIAL_EB_K2,C06_TURN_MONTH_DIFFERENTIAL_EB,2,2,,,,,
2024-08-13,C06_TURN_MONTH_DIFFERENTIAL_EB_K2,C06_TURN_MONTH_DIFFERENTIAL_EB,2,1,,,,,
2024-08-13,C06_TURN_MONTH_DIFFERENTIAL_EB_K2,C06_TURN_MONTH_DIFFERENTIAL_EB,2,2,,,,,
2024-08-14,C06_TURN_MONTH_DIFFERENTIAL_EB_K2,C06_TURN_MONTH_DIFFERENTIAL_EB,2,1,,,,,
2024-08-14,C06_TURN_MONTH_DIFFERENTIAL_EB_K2,C06_TURN_MONTH_DIFFERENTIAL_EB,2,2,,,,,
2024-08-15,C06_TURN_MONTH_DIFFERENTIAL_EB_K2,C06_TURN_MONTH_DIFFERENTIAL_EB,2,1,,,,,
2024-08-15,C06_TURN_MONTH_DIFFERENTIAL_EB_K2,C06_TURN_MONTH_DIFFERENTIAL_EB,2,2,,,,,
2024-08-16,C06_TURN_MONTH_DIFFERENTIAL_EB_K2,C06_TURN_MONTH_DIFFERENTIAL_EB,2,1,,,,,
2024-08-16,C06_TURN_MONTH_DIFFERENTIAL_EB_K2,C06_TURN_MONTH_DIFFERENTIAL_EB,2,2,,,,,
2024-08-19,C06_TURN_MONTH_DIFFERENTIAL_EB_K2,C06_TURN_MONTH_DIFFERENTIAL_EB,2,1,,,,,
2024-08-19,C06_TURN_MONTH_DIFFERENTIAL_EB_K2,C06_TURN_MONTH_DIFFERENTIAL_EB,2,2,,,,,
2024-08-20,C06_TURN_MONTH_DIFFERENTIAL_EB_K2,C06_TURN_MONTH_DIFFERENTIAL_EB,2,1,,,,,
2024-08-20,C06_TURN_MONTH_DIFFERENTIAL_EB_K2,C06_TURN_MONTH_DIFFERENTIAL_EB,2,2,,,,,
2024-08-21,C06_TURN_MONTH_DIFFERENTIAL_EB_K2,C06_TURN_MONTH_DIFFERENTIAL_EB,2,1,,,,,
2024-08-21,C06_TURN_MONTH_DIFFERENTIAL_EB_K2,C06_TURN_MONTH_DIFFERENTIAL_EB,2,2,,,,,
2024-08-22,C06_TURN_MONTH_DIFFERENTIAL_EB_K2,C06_TURN_MONTH_DIFFERENTIAL_EB,2,1,,,,,
2024-08-22,C06_TURN_MONTH_DIFFERENTIAL_EB_K2,C06_TURN_MONTH_DIFFERENTIAL_EB,2,2,,,,,
2024-08-23,C06_TURN_MONTH_DIFFERENTIAL_EB_K2,C06_TURN_MONTH_DIFFERENTIAL_EB,2,1,,,,,
2024-08-23,C06_TURN_MONTH_DIFFERENTIAL_EB_K2,C06_TURN_MONTH_DIFFERENTIAL_EB,2,2,,,,,
2024-08-26,C06_TURN_MONTH_DIFFERENTIAL_EB_K2,C06_TURN_MONTH_DIFFERENTIAL_EB,2,1,,,,,
2024-08-26,C06_TURN_MONTH_DIFFERENTIAL_EB_K2,C06_TURN_MONTH_DIFFERENTIAL_EB,2,2,,,,,
2024-08-27,C06_TURN_MONTH_DIFFERENTIAL_EB_K2,C06_TURN_MONTH_DIFFERENTIAL_EB,2,1,,,,,
2024-08-27,C06_TURN_MONTH_DIFFERENTIAL_EB_K2,C06_TURN_MONTH_DIFFERENTIAL_EB,2,2,,,,,
2024-08-28,C06_TURN_MONTH_DIFFERENTIAL_EB_K2,C06_TURN_MONTH_DIFFERENTIAL_EB,2,1,,,,,
2024-08-28,C06_TURN_MONTH_DIFFERENTIAL_EB_K2,C06_TURN_MONTH_DIFFERENTIAL_EB,2,2,,,,,
2024-08-29,C06_TURN_MONTH_DIFFERENTIAL_EB_K2,C06_TURN_MONTH_DIFFERENTIAL_EB,2,1,9107,川崎汽船,0.9227607024539454,0.6998069498069581,1.0
2024-08-29,C06_TURN_MONTH_DIFFERENTIAL_EB_K2,C06_TURN_MONTH_DIFFERENTIAL_EB,2,2,7013,ＩＨＩ,0.9053930111032764,4.297269969666329,1.0
2024-08-30,C06_TURN_MONTH_DIFFERENTIAL_EB_K2,C06_TURN_MONTH_DIFFERENTIAL_EB,2,1,9107,川崎汽船,0.9227607024539454,1.3987671882408792,1.0
2024-08-30,C06_TURN_MONTH_DIFFERENTIAL_EB_K2,C06_TURN_MONTH_DIFFERENTIAL_EB,2,2,7013,ＩＨＩ,0.9053930111032764,1.7172203498635907,1.0
2024-09-02,C06_TURN_MONTH_DIFFERENTIAL_EB_K2,C06_TURN_MONTH_DIFFERENTIAL_EB,2,1,,,,,
2024-09-02,C06_TURN_MONTH_DIFFERENTIAL_EB_K2,C06_TURN_MONTH_DIFFERENTIAL_EB,2,2,,,,,
2024-09-03,C06_TURN_MONTH_DIFFERENTIAL_EB_K2,C06_TURN_MONTH_DIFFERENTIAL_EB,2,1,,,,,
2024-09-03,C06_TURN_MONTH_DIFFERENTIAL_EB_K2,C06_TURN_MONTH_DIFFERENTIAL_EB,2,2,,,,,
2024-09-04,C06_TURN_MONTH_DIFFERENTIAL_EB_K2,C06_TURN_MONTH_DIFFERENTIAL_EB,2,1,,,,,
2024-09-04,C06_TURN_MONTH_DIFFERENTIAL_EB_K2,C06_TURN_MONTH_DIFFERENTIAL_EB,2,2,,,,,
2024-09-05,C06_TURN_MONTH_DIFFERENTIAL_EB_K2,C06_TURN_MONTH_DIFFERENTIAL_EB,2,1,,,,,
2024-09-05,C06_TURN_MONTH_DIFFERENTIAL_EB_K2,C06_TURN_MONTH_DIFFERENTIAL_EB,2,2,,,,,
2024-09-06,C06_TURN_MONTH_DIFFERENTIAL_EB_K2,C06_TURN_MONTH_DIFFERENTIAL_EB,2,1,,,,,
2024-09-06,C06_TURN_MONTH_DIFFERENTIAL_EB_K2,C06_TURN_MONTH_DIFFERENTIAL_EB,2,2,,,,,
2024-09-09,C06_TURN_MONTH_DIFFERENTIAL_EB_K2,C06_TURN_MONTH_DIFFERENTIAL_EB,2,1,,,,,
2024-09-09,C06_TURN_MONTH_DIFFERENTIAL_EB_K2,C06_TURN_MONTH_DIFFERENTIAL_EB,2,2,,,,,
2024-09-10,C06_TURN_MONTH_DIFFERENTIAL_EB_K2,C06_TURN_MONTH_DIFFERENTIAL_EB,2,1,,,,,
2024-09-10,C06_TURN_MONTH_DIFFERENTIAL_EB_K2,C06_TURN_MONTH_DIFFERENTIAL_EB,2,2,,,,,
2024-09-11,C06_TURN_MONTH_DIFFERENTIAL_EB_K2,C06_TURN_MONTH_DIFFERENTIAL_EB,2,1,,,,,
2024-09-11,C06_TURN_MONTH_DIFFERENTIAL_EB_K2,C06_TURN_MONTH_DIFFERENTIAL_EB,2,2,,,,,
2024-09-12,C06_TURN_MONTH_DIFFERENTIAL_EB_K2,C06_TURN_MONTH_DIFFERENTIAL_EB,2,1,,,,,
2024-09-12,C06_TURN_MONTH_DIFFERENTIAL_EB_K2,C06_TURN_MONTH_DIFFERENTIAL_EB,2,2,,,,,
2024-09-13,C06_TURN_MONTH_DIFFERENTIAL_EB_K2,C06_TURN_MONTH_DIFFERENTIAL_EB,2,1,,,,,
2024-09-13,C06_TURN_MONTH_DIFFERENTIAL_EB_K2,C06_TURN_MONTH_DIFFERENTIAL_EB,2,2,,,,,
2024-09-17,C06_TURN_MONTH_DIFFERENTIAL_EB_K2,C06_TURN_MONTH_DIFFERENTIAL_EB,2,1,,,,,
2024-09-17,C06_TURN_MONTH_DIFFERENTIAL_EB_K2,C06_TURN_MONTH_DIFFERENTIAL_EB,2,2,,,,,
2024-09-18,C06_TURN_MONTH_DIFFERENTIAL_EB_K2,C06_TURN_MONTH_DIFFERENTIAL_EB,2,1,,,,,
2024-09-18,C06_TURN_MONTH_DIFFERENTIAL_EB_K2,C06_TURN_MONTH_DIFFERENTIAL_EB,2,2,,,,,
2024-09-19,C06_TURN_MONTH_DIFFERENTIAL_EB_K2,C06_TURN_MONTH_DIFFERENTIAL_EB,2,1,,,,,
2024-09-19,C06_TURN_MONTH_DIFFERENTIAL_EB_K2,C06_TURN_MONTH_DIFFERENTIAL_EB,2,2,,,,,
2024-09-20,C06_TURN_MONTH_DIFFERENTIAL_EB_K2,C06_TURN_MONTH_DIFFERENTIAL_EB,2,1,,,,,
2024-09-20,C06_TURN_MONTH_DIFFERENTIAL_EB_K2,C06_TURN_MONTH_DIFFERENTIAL_EB,2,2,,,,,
2024-09-24,C06_TURN_MONTH_DIFFERENTIAL_EB_K2,C06_TURN_MONTH_DIFFERENTIAL_EB,2,1,,,,,
2024-09-24,C06_TURN_MONTH_DIFFERENTIAL_EB_K2,C06_TURN_MONTH_DIFFERENTIAL_EB,2,2,,,,,
2024-09-25,C06_TURN_MONTH_DIFFERENTIAL_EB_K2,C06_TURN_MONTH_DIFFERENTIAL_EB,2,1,,,,,
2024-09-25,C06_TURN_MONTH_DIFFERENTIAL_EB_K2,C06_TURN_MONTH_DIFFERENTIAL_EB,2,2,,,,,
2024-09-26,C06_TURN_MONTH_DIFFERENTIAL_EB_K2,C06_TURN_MONTH_DIFFERENTIAL_EB,2,1,,,,,
2024-09-26,C06_TURN_MONTH_DIFFERENTIAL_EB_K2,C06_TURN_MONTH_DIFFERENTIAL_EB,2,2,,,,,
2024-09-27,C06_TURN_MONTH_DIFFERENTIAL_EB_K2,C06_TURN_MONTH_DIFFERENTIAL_EB,2,1,5246,ＥＬＥＭＥＮＴＳ,0.4012614027349666,0.28169014084507005,1.0
2024-09-27,C06_TURN_MONTH_DIFFERENTIAL_EB_K2,C06_TURN_MONTH_DIFFERENTIAL_EB,2,2,,,,,
2024-09-30,C06_TURN_MONTH_DIFFERENTIAL_EB_K2,C06_TURN_MONTH_DIFFERENTIAL_EB,2,1,5246,ＥＬＥＭＥＮＴＳ,0.4012614027349666,-0.4366812227074246,0.0
2024-09-30,C06_TURN_MONTH_DIFFERENTIAL_EB_K2,C06_TURN_MONTH_DIFFERENTIAL_EB,2,2,,,,,
2024-10-01,C06_TURN_MONTH_DIFFERENTIAL_EB_K2,C06_TURN_MONTH_DIFFERENTIAL_EB,2,1,,,,,
2024-10-01,C06_TURN_MONTH_DIFFERENTIAL_EB_K2,C06_TURN_MONTH_DIFFERENTIAL_EB,2,2,,,,,
2024-10-02,C06_TURN_MONTH_DIFFERENTIAL_EB_K2,C06_TURN_MONTH_DIFFERENTIAL_EB,2,1,,,,,
2024-10-02,C06_TURN_MONTH_DIFFERENTIAL_EB_K2,C06_TURN_MONTH_DIFFERENTIAL_EB,2,2,,,,,
2024-10-03,C06_TURN_MONTH_DIFFERENTIAL_EB_K2,C06_TURN_MONTH_DIFFERENTIAL_EB,2,1,,,,,
2024-10-03,C06_TURN_MONTH_DIFFERENTIAL_EB_K2,C06_TURN_MONTH_DIFFERENTIAL_EB,2,2,,,,,
2024-10-04,C06_TURN_MONTH_DIFFERENTIAL_EB_K2,C06_TURN_MONTH_DIFFERENTIAL_EB,2,1,,,,,
2024-10-04,C06_TURN_MONTH_DIFFERENTIAL_EB_K2,C06_TURN_MONTH_DIFFERENTIAL_EB,2,2,,,,,
2024-10-07,C06_TURN_MONTH_DIFFERENTIAL_EB_K2,C06_TURN_MONTH_DIFFERENTIAL_EB,2,1,,,,,
2024-10-07,C06_TURN_MONTH_DIFFERENTIAL_EB_K2,C06_TURN_MONTH_DIFFERENTIAL_EB,2,2,,,,,
2024-10-08,C06_TURN_MONTH_DIFFERENTIAL_EB_K2,C06_TURN_MONTH_DIFFERENTIAL_EB,2,1,,,,,
2024-10-08,C06_TURN_MONTH_DIFFERENTIAL_EB_K2,C06_TURN_MONTH_DIFFERENTIAL_EB,2,2,,,,,
2024-10-09,C06_TURN_MONTH_DIFFERENTIAL_EB_K2,C06_TURN_MONTH_DIFFERENTIAL_EB,2,1,,,,,
2024-10-09,C06_TURN_MONTH_DIFFERENTIAL_EB_K2,C06_TURN_MONTH_DIFFERENTIAL_EB,2,2,,,,,
2024-10-10,C06_TURN_MONTH_DIFFERENTIAL_EB_K2,C06_TURN_MONTH_DIFFERENTIAL_EB,2,1,,,,,
2024-10-10,C06_TURN_MONTH_DIFFERENTIAL_EB_K2,C06_TURN_MONTH_DIFFERENTIAL_EB,2,2,,,,,
2024-10-11,C06_TURN_MONTH_DIFFERENTIAL_EB_K2,C06_TURN_MONTH_DIFFERENTIAL_EB,2,1,,,,,
2024-10-11,C06_TURN_MONTH_DIFFERENTIAL_EB_K2,C06_TURN_MONTH_DIFFERENTIAL_EB,2,2,,,,,
2024-10-15,C06_TURN_MONTH_DIFFERENTIAL_EB_K2,C06_TURN_MONTH_DIFFERENTIAL_EB,2,1,,,,,
2024-10-15,C06_TURN_MONTH_DIFFERENTIAL_EB_K2,C06_TURN_MONTH_DIFFERENTIAL_EB,2,2,,,,,
2024-10-16,C06_TURN_MONTH_DIFFERENTIAL_EB_K2,C06_TURN_MONTH_DIFFERENTIAL_EB,2,1,,,,,
2024-10-16,C06_TURN_MONTH_DIFFERENTIAL_EB_K2,C06_TURN_MONTH_DIFFERENTIAL_EB,2,2,,,,,
2024-10-17,C06_TURN_MONTH_DIFFERENTIAL_EB_K2,C06_TURN_MONTH_DIFFERENTIAL_EB,2,1,,,,,
2024-10-17,C06_TURN_MONTH_DIFFERENTIAL_EB_K2,C06_TURN_MONTH_DIFFERENTIAL_EB,2,2,,,,,
2024-10-18,C06_TURN_MONTH_DIFFERENTIAL_EB_K2,C06_TURN_MONTH_DIFFERENTIAL_EB,2,1,,,,,
2024-10-18,C06_TURN_MONTH_DIFFERENTIAL_EB_K2,C06_TURN_MONTH_DIFFERENTIAL_EB,2,2,,,,,
2024-10-21,C06_TURN_MONTH_DIFFERENTIAL_EB_K2,C06_TURN_MONTH_DIFFERENTIAL_EB,2,1,,,,,
2024-10-21,C06_TURN_MONTH_DIFFERENTIAL_EB_K2,C06_TURN_MONTH_DIFFERENTIAL_EB,2,2,,,,,
2024-10-22,C06_TURN_MONTH_DIFFERENTIAL_EB_K2,C06_TURN_MONTH_DIFFERENTIAL_EB,2,1,,,,,
2024-10-22,C06_TURN_MONTH_DIFFERENTIAL_EB_K2,C06_TURN_MONTH_DIFFERENTIAL_EB,2,2,,,,,
2024-10-23,C06_TURN_MONTH_DIFFERENTIAL_EB_K2,C06_TURN_MONTH_DIFFERENTIAL_EB,2,1,,,,,
2024-10-23,C06_TURN_MONTH_DIFFERENTIAL_EB_K2,C06_TURN_MONTH_DIFFERENTIAL_EB,2,2,,,,,
2024-10-24,C06_TURN_MONTH_DIFFERENTIAL_EB_K2,C06_TURN_MONTH_DIFFERENTIAL_EB,2,1,,,,,
2024-10-24,C06_TURN_MONTH_DIFFERENTIAL_EB_K2,C06_TURN_MONTH_DIFFERENTIAL_EB,2,2,,,,,
2024-10-25,C06_TURN_MONTH_DIFFERENTIAL_EB_K2,C06_TURN_MONTH_DIFFERENTIAL_EB,2,1,,,,,
2024-10-25,C06_TURN_MONTH_DIFFERENTIAL_EB_K2,C06_TURN_MONTH_DIFFERENTIAL_EB,2,2,,,,,
2024-10-28,C06_TURN_MONTH_DIFFERENTIAL_EB_K2,C06_TURN_MONTH_DIFFERENTIAL_EB,2,1,,,,,
2024-10-28,C06_TURN_MONTH_DIFFERENTIAL_EB_K2,C06_TURN_MONTH_DIFFERENTIAL_EB,2,2,,,,,
2024-10-29,C06_TURN_MONTH_DIFFERENTIAL_EB_K2,C06_TURN_MONTH_DIFFERENTIAL_EB,2,1,,,,,
2024-10-29,C06_TURN_MONTH_DIFFERENTIAL_EB_K2,C06_TURN_MONTH_DIFFERENTIAL_EB,2,2,,,,,
2024-10-30,C06_TURN_MONTH_DIFFERENTIAL_EB_K2,C06_TURN_MONTH_DIFFERENTIAL_EB,2,1,3905,データセクション,0.5410998256823341,-1.4190317195325597,0.0
2024-10-30,C06_TURN_MONTH_DIFFERENTIAL_EB_K2,C06_TURN_MONTH_DIFFERENTIAL_EB,2,2,3623,ビリングシステム,0.40382419809420517,-1.8881626724764011,0.0
2024-10-31,C06_TURN_MONTH_DIFFERENTIAL_EB_K2,C06_TURN_MONTH_DIFFERENTIAL_EB,2,1,3905,データセクション,0.5410998256823341,0.0,0.0
2024-10-31,C06_TURN_MONTH_DIFFERENTIAL_EB_K2,C06_TURN_MONTH_DIFFERENTIAL_EB,2,2,3623,ビリングシステム,0.40382419809420517,-1.111934766493694,0.0
2024-11-01,C06_TURN_MONTH_DIFFERENTIAL_EB_K2,C06_TURN_MONTH_DIFFERENTIAL_EB,2,1,3905,データセクション,0.547782787756693,-2.55281690140845,0.0
2024-11-01,C06_TURN_MONTH_DIFFERENTIAL_EB_K2,C06_TURN_MONTH_DIFFERENTIAL_EB,2,2,,,,,
2024-11-05,C06_TURN_MONTH_DIFFERENTIAL_EB_K2,C06_TURN_MONTH_DIFFERENTIAL_EB,2,1,,,,,
2024-11-05,C06_TURN_MONTH_DIFFERENTIAL_EB_K2,C06_TURN_MONTH_DIFFERENTIAL_EB,2,2,,,,,
2024-11-06,C06_TURN_MONTH_DIFFERENTIAL_EB_K2,C06_TURN_MONTH_DIFFERENTIAL_EB,2,1,,,,,
2024-11-06,C06_TURN_MONTH_DIFFERENTIAL_EB_K2,C06_TURN_MONTH_DIFFERENTIAL_EB,2,2,,,,,
2024-11-07,C06_TURN_MONTH_DIFFERENTIAL_EB_K2,C06_TURN_MONTH_DIFFERENTIAL_EB,2,1,,,,,
2024-11-07,C06_TURN_MONTH_DIFFERENTIAL_EB_K2,C06_TURN_MONTH_DIFFERENTIAL_EB,2,2,,,,,
2024-11-08,C06_TURN_MONTH_DIFFERENTIAL_EB_K2,C06_TURN_MONTH_DIFFERENTIAL_EB,2,1,,,,,
2024-11-08,C06_TURN_MONTH_DIFFERENTIAL_EB_K2,C06_TURN_MONTH_DIFFERENTIAL_EB,2,2,,,,,
2024-11-11,C06_TURN_MONTH_DIFFERENTIAL_EB_K2,C06_TURN_MONTH_DIFFERENTIAL_EB,2,1,,,,,
2024-11-11,C06_TURN_MONTH_DIFFERENTIAL_EB_K2,C06_TURN_MONTH_DIFFERENTIAL_EB,2,2,,,,,
2024-11-12,C06_TURN_MONTH_DIFFERENTIAL_EB_K2,C06_TURN_MONTH_DIFFERENTIAL_EB,2,1,,,,,
2024-11-12,C06_TURN_MONTH_DIFFERENTIAL_EB_K2,C06_TURN_MONTH_DIFFERENTIAL_EB,2,2,,,,,
2024-11-13,C06_TURN_MONTH_DIFFERENTIAL_EB_K2,C06_TURN_MONTH_DIFFERENTIAL_EB,2,1,,,,,
2024-11-13,C06_TURN_MONTH_DIFFERENTIAL_EB_K2,C06_TURN_MONTH_DIFFERENTIAL_EB,2,2,,,,,
2024-11-14,C06_TURN_MONTH_DIFFERENTIAL_EB_K2,C06_TURN_MONTH_DIFFERENTIAL_EB,2,1,,,,,
2024-11-14,C06_TURN_MONTH_DIFFERENTIAL_EB_K2,C06_TURN_MONTH_DIFFERENTIAL_EB,2,2,,,,,
2024-11-15,C06_TURN_MONTH_DIFFERENTIAL_EB_K2,C06_TURN_MONTH_DIFFERENTIAL_EB,2,1,,,,,
2024-11-15,C06_TURN_MONTH_DIFFERENTIAL_EB_K2,C06_TURN_MONTH_DIFFERENTIAL_EB,2,2,,,,,
2024-11-18,C06_TURN_MONTH_DIFFERENTIAL_EB_K2,C06_TURN_MONTH_DIFFERENTIAL_EB,2,1,,,,,
2024-11-18,C06_TURN_MONTH_DIFFERENTIAL_EB_K2,C06_TURN_MONTH_DIFFERENTIAL_EB,2,2,,,,,
2024-11-19,C06_TURN_MONTH_DIFFERENTIAL_EB_K2,C06_TURN_MONTH_DIFFERENTIAL_EB,2,1,,,,,
2024-11-19,C06_TURN_MONTH_DIFFERENTIAL_EB_K2,C06_TURN_MONTH_DIFFERENTIAL_EB,2,2,,,,,
2024-11-20,C06_TURN_MONTH_DIFFERENTIAL_EB_K2,C06_TURN_MONTH_DIFFERENTIAL_EB,2,1,,,,,
2024-11-20,C06_TURN_MONTH_DIFFERENTIAL_EB_K2,C06_TURN_MONTH_DIFFERENTIAL_EB,2,2,,,,,
2024-11-21,C06_TURN_MONTH_DIFFERENTIAL_EB_K2,C06_TURN_MONTH_DIFFERENTIAL_EB,2,1,,,,,
2024-11-21,C06_TURN_MONTH_DIFFERENTIAL_EB_K2,C06_TURN_MONTH_DIFFERENTIAL_EB,2,2,,,,,
2024-11-22,C06_TURN_MONTH_DIFFERENTIAL_EB_K2,C06_TURN_MONTH_DIFFERENTIAL_EB,2,1,,,,,
2024-11-22,C06_TURN_MONTH_DIFFERENTIAL_EB_K2,C06_TURN_MONTH_DIFFERENTIAL_EB,2,2,,,,,
2024-11-25,C06_TURN_MONTH_DIFFERENTIAL_EB_K2,C06_TURN_MONTH_DIFFERENTIAL_EB,2,1,,,,,
2024-11-25,C06_TURN_MONTH_DIFFERENTIAL_EB_K2,C06_TURN_MONTH_DIFFERENTIAL_EB,2,2,,,,,
2024-11-26,C06_TURN_MONTH_DIFFERENTIAL_EB_K2,C06_TURN_MONTH_DIFFERENTIAL_EB,2,1,,,,,
2024-11-26,C06_TURN_MONTH_DIFFERENTIAL_EB_K2,C06_TURN_MONTH_DIFFERENTIAL_EB,2,2,,,,,
2024-11-27,C06_TURN_MONTH_DIFFERENTIAL_EB_K2,C06_TURN_MONTH_DIFFERENTIAL_EB,2,1,,,,,
2024-11-27,C06_TURN_MONTH_DIFFERENTIAL_EB_K2,C06_TURN_MONTH_DIFFERENTIAL_EB,2,2,,,,,
2024-11-28,C06_TURN_MONTH_DIFFERENTIAL_EB_K2,C06_TURN_MONTH_DIFFERENTIAL_EB,2,1,,,,,
2024-11-28,C06_TURN_MONTH_DIFFERENTIAL_EB_K2,C06_TURN_MONTH_DIFFERENTIAL_EB,2,2,,,,,
2024-11-29,C06_TURN_MONTH_DIFFERENTIAL_EB_K2,C06_TURN_MONTH_DIFFERENTIAL_EB,2,1,,,,,
2024-11-29,C06_TURN_MONTH_DIFFERENTIAL_EB_K2,C06_TURN_MONTH_DIFFERENTIAL_EB,2,2,,,,,
2024-12-02,C06_TURN_MONTH_DIFFERENTIAL_EB_K2,C06_TURN_MONTH_DIFFERENTIAL_EB,2,1,5246,ＥＬＥＭＥＮＴＳ,0.4520975938495023,-8.027923211169286,0.0
2024-12-02,C06_TURN_MONTH_DIFFERENTIAL_EB_K2,C06_TURN_MONTH_DIFFERENTIAL_EB,2,2,3623,ビリングシステム,0.4203079765857548,-0.8535784635587684,0.0
2024-12-03,C06_TURN_MONTH_DIFFERENTIAL_EB_K2,C06_TURN_MONTH_DIFFERENTIAL_EB,2,1,5246,ＥＬＥＭＥＮＴＳ,0.4520975938495023,-2.6819923371647514,0.0
2024-12-03,C06_TURN_MONTH_DIFFERENTIAL_EB_K2,C06_TURN_MONTH_DIFFERENTIAL_EB,2,2,3623,ビリングシステム,0.4203079765857548,0.5988023952095745,1.0
2024-12-04,C06_TURN_MONTH_DIFFERENTIAL_EB_K2,C06_TURN_MONTH_DIFFERENTIAL_EB,2,1,3623,ビリングシステム,0.4203079765857548,4.927726675427069,1.0
2024-12-04,C06_TURN_MONTH_DIFFERENTIAL_EB_K2,C06_TURN_MONTH_DIFFERENTIAL_EB,2,2,7013,ＩＨＩ,0.413981129784591,2.080076950823617,1.0
2024-12-05,C06_TURN_MONTH_DIFFERENTIAL_EB_K2,C06_TURN_MONTH_DIFFERENTIAL_EB,2,1,,,,,
2024-12-05,C06_TURN_MONTH_DIFFERENTIAL_EB_K2,C06_TURN_MONTH_DIFFERENTIAL_EB,2,2,,,,,
2024-12-06,C06_TURN_MONTH_DIFFERENTIAL_EB_K2,C06_TURN_MONTH_DIFFERENTIAL_EB,2,1,,,,,
2024-12-06,C06_TURN_MONTH_DIFFERENTIAL_EB_K2,C06_TURN_MONTH_DIFFERENTIAL_EB,2,2,,,,,
2024-12-09,C06_TURN_MONTH_DIFFERENTIAL_EB_K2,C06_TURN_MONTH_DIFFERENTIAL_EB,2,1,,,,,
2024-12-09,C06_TURN_MONTH_DIFFERENTIAL_EB_K2,C06_TURN_MONTH_DIFFERENTIAL_EB,2,2,,,,,
2024-12-10,C06_TURN_MONTH_DIFFERENTIAL_EB_K2,C06_TURN_MONTH_DIFFERENTIAL_EB,2,1,,,,,
2024-12-10,C06_TURN_MONTH_DIFFERENTIAL_EB_K2,C06_TURN_MONTH_DIFFERENTIAL_EB,2,2,,,,,
2024-12-11,C06_TURN_MONTH_DIFFERENTIAL_EB_K2,C06_TURN_MONTH_DIFFERENTIAL_EB,2,1,,,,,
2024-12-11,C06_TURN_MONTH_DIFFERENTIAL_EB_K2,C06_TURN_MONTH_DIFFERENTIAL_EB,2,2,,,,,
2024-12-12,C06_TURN_MONTH_DIFFERENTIAL_EB_K2,C06_TURN_MONTH_DIFFERENTIAL_EB,2,1,,,,,
2024-12-12,C06_TURN_MONTH_DIFFERENTIAL_EB_K2,C06_TURN_MONTH_DIFFERENTIAL_EB,2,2,,,,,
2024-12-13,C06_TURN_MONTH_DIFFERENTIAL_EB_K2,C06_TURN_MONTH_DIFFERENTIAL_EB,2,1,,,,,
2024-12-13,C06_TURN_MONTH_DIFFERENTIAL_EB_K2,C06_TURN_MONTH_DIFFERENTIAL_EB,2,2,,,,,
2024-12-16,C06_TURN_MONTH_DIFFERENTIAL_EB_K2,C06_TURN_MONTH_DIFFERENTIAL_EB,2,1,,,,,
2024-12-16,C06_TURN_MONTH_DIFFERENTIAL_EB_K2,C06_TURN_MONTH_DIFFERENTIAL_EB,2,2,,,,,
2024-12-17,C06_TURN_MONTH_DIFFERENTIAL_EB_K2,C06_TURN_MONTH_DIFFERENTIAL_EB,2,1,,,,,
2024-12-17,C06_TURN_MONTH_DIFFERENTIAL_EB_K2,C06_TURN_MONTH_DIFFERENTIAL_EB,2,2,,,,,
2024-12-18,C06_TURN_MONTH_DIFFERENTIAL_EB_K2,C06_TURN_MONTH_DIFFERENTIAL_EB,2,1,,,,,
2024-12-18,C06_TURN_MONTH_DIFFERENTIAL_EB_K2,C06_TURN_MONTH_DIFFERENTIAL_EB,2,2,,,,,
2024-12-19,C06_TURN_MONTH_DIFFERENTIAL_EB_K2,C06_TURN_MONTH_DIFFERENTIAL_EB,2,1,,,,,
2024-12-19,C06_TURN_MONTH_DIFFERENTIAL_EB_K2,C06_TURN_MONTH_DIFFERENTIAL_EB,2,2,,,,,
2024-12-20,C06_TURN_MONTH_DIFFERENTIAL_EB_K2,C06_TURN_MONTH_DIFFERENTIAL_EB,2,1,,,,,
2024-12-20,C06_TURN_MONTH_DIFFERENTIAL_EB_K2,C06_TURN_MONTH_DIFFERENTIAL_EB,2,2,,,,,
2024-12-23,C06_TURN_MONTH_DIFFERENTIAL_EB_K2,C06_TURN_MONTH_DIFFERENTIAL_EB,2,1,,,,,
2024-12-23,C06_TURN_MONTH_DIFFERENTIAL_EB_K2,C06_TURN_MONTH_DIFFERENTIAL_EB,2,2,,,,,
2024-12-24,C06_TURN_MONTH_DIFFERENTIAL_EB_K2,C06_TURN_MONTH_DIFFERENTIAL_EB,2,1,,,,,
2024-12-24,C06_TURN_MONTH_DIFFERENTIAL_EB_K2,C06_TURN_MONTH_DIFFERENTIAL_EB,2,2,,,,,
2024-12-25,C06_TURN_MONTH_DIFFERENTIAL_EB_K2,C06_TURN_MONTH_DIFFERENTIAL_EB,2,1,,,,,
2024-12-25,C06_TURN_MONTH_DIFFERENTIAL_EB_K2,C06_TURN_MONTH_DIFFERENTIAL_EB,2,2,,,,,
2024-12-26,C06_TURN_MONTH_DIFFERENTIAL_EB_K2,C06_TURN_MONTH_DIFFERENTIAL_EB,2,1,,,,,
2024-12-26,C06_TURN_MONTH_DIFFERENTIAL_EB_K2,C06_TURN_MONTH_DIFFERENTIAL_EB,2,2,,,,,
2024-12-27,C06_TURN_MONTH_DIFFERENTIAL_EB_K2,C06_TURN_MONTH_DIFFERENTIAL_EB,2,1,2156,セーラー広告,0.5030424607306917,2.0050125313283207,1.0
2024-12-27,C06_TURN_MONTH_DIFFERENTIAL_EB_K2,C06_TURN_MONTH_DIFFERENTIAL_EB,2,2,5246,ＥＬＥＭＥＮＴＳ,0.4520975938495023,2.1327014218009532,1.0
2024-12-30,C06_TURN_MONTH_DIFFERENTIAL_EB_K2,C06_TURN_MONTH_DIFFERENTIAL_EB,2,1,2156,セーラー広告,0.5030424607306917,-0.497512437810943,0.0
2024-12-30,C06_TURN_MONTH_DIFFERENTIAL_EB_K2,C06_TURN_MONTH_DIFFERENTIAL_EB,2,2,5246,ＥＬＥＭＥＮＴＳ,0.4520975938495023,5.011389521640086,1.0
2025-01-06,C06_TURN_MONTH_DIFFERENTIAL_EB_K2,C06_TURN_MONTH_DIFFERENTIAL_EB,2,1,7013,ＩＨＩ,0.5812246366788404,-5.730505569837185,0.0
2025-01-06,C06_TURN_MONTH_DIFFERENTIAL_EB_K2,C06_TURN_MONTH_DIFFERENTIAL_EB,2,2,3623,ビリングシステム,0.525608898086402,-2.7576197387518153,0.0
2025-01-07,C06_TURN_MONTH_DIFFERENTIAL_EB_K2,C06_TURN_MONTH_DIFFERENTIAL_EB,2,1,7013,ＩＨＩ,0.5812246366788404,-3.2258064516129004,0.0
2025-01-07,C06_TURN_MONTH_DIFFERENTIAL_EB_K2,C06_TURN_MONTH_DIFFERENTIAL_EB,2,2,3623,ビリングシステム,0.525608898086402,0.07407407407407085,1.0
2025-01-08,C06_TURN_MONTH_DIFFERENTIAL_EB_K2,C06_TURN_MONTH_DIFFERENTIAL_EB,2,1,7013,ＩＨＩ,0.5812246366788404,-3.1864170252354884,0.0
2025-01-08,C06_TURN_MONTH_DIFFERENTIAL_EB_K2,C06_TURN_MONTH_DIFFERENTIAL_EB,2,2,3623,ビリングシステム,0.525608898086402,0.0,0.0
2025-01-09,C06_TURN_MONTH_DIFFERENTIAL_EB_K2,C06_TURN_MONTH_DIFFERENTIAL_EB,2,1,,,,,
2025-01-09,C06_TURN_MONTH_DIFFERENTIAL_EB_K2,C06_TURN_MONTH_DIFFERENTIAL_EB,2,2,,,,,
2025-01-10,C06_TURN_MONTH_DIFFERENTIAL_EB_K2,C06_TURN_MONTH_DIFFERENTIAL_EB,2,1,,,,,
2025-01-10,C06_TURN_MONTH_DIFFERENTIAL_EB_K2,C06_TURN_MONTH_DIFFERENTIAL_EB,2,2,,,,,
2025-01-14,C06_TURN_MONTH_DIFFERENTIAL_EB_K2,C06_TURN_MONTH_DIFFERENTIAL_EB,2,1,,,,,
2025-01-14,C06_TURN_MONTH_DIFFERENTIAL_EB_K2,C06_TURN_MONTH_DIFFERENTIAL_EB,2,2,,,,,
2025-01-15,C06_TURN_MONTH_DIFFERENTIAL_EB_K2,C06_TURN_MONTH_DIFFERENTIAL_EB,2,1,,,,,
2025-01-15,C06_TURN_MONTH_DIFFERENTIAL_EB_K2,C06_TURN_MONTH_DIFFERENTIAL_EB,2,2,,,,,
2025-01-16,C06_TURN_MONTH_DIFFERENTIAL_EB_K2,C06_TURN_MONTH_DIFFERENTIAL_EB,2,1,,,,,
2025-01-16,C06_TURN_MONTH_DIFFERENTIAL_EB_K2,C06_TURN_MONTH_DIFFERENTIAL_EB,2,2,,,,,
2025-01-17,C06_TURN_MONTH_DIFFERENTIAL_EB_K2,C06_TURN_MONTH_DIFFERENTIAL_EB,2,1,,,,,
2025-01-17,C06_TURN_MONTH_DIFFERENTIAL_EB_K2,C06_TURN_MONTH_DIFFERENTIAL_EB,2,2,,,,,
2025-01-20,C06_TURN_MONTH_DIFFERENTIAL_EB_K2,C06_TURN_MONTH_DIFFERENTIAL_EB,2,1,,,,,
2025-01-20,C06_TURN_MONTH_DIFFERENTIAL_EB_K2,C06_TURN_MONTH_DIFFERENTIAL_EB,2,2,,,,,
2025-01-21,C06_TURN_MONTH_DIFFERENTIAL_EB_K2,C06_TURN_MONTH_DIFFERENTIAL_EB,2,1,,,,,
2025-01-21,C06_TURN_MONTH_DIFFERENTIAL_EB_K2,C06_TURN_MONTH_DIFFERENTIAL_EB,2,2,,,,,
2025-01-22,C06_TURN_MONTH_DIFFERENTIAL_EB_K2,C06_TURN_MONTH_DIFFERENTIAL_EB,2,1,,,,,
2025-01-22,C06_TURN_MONTH_DIFFERENTIAL_EB_K2,C06_TURN_MONTH_DIFFERENTIAL_EB,2,2,,,,,
2025-01-23,C06_TURN_MONTH_DIFFERENTIAL_EB_K2,C06_TURN_MONTH_DIFFERENTIAL_EB,2,1,,,,,
2025-01-23,C06_TURN_MONTH_DIFFERENTIAL_EB_K2,C06_TURN_MONTH_DIFFERENTIAL_EB,2,2,,,,,
2025-01-24,C06_TURN_MONTH_DIFFERENTIAL_EB_K2,C06_TURN_MONTH_DIFFERENTIAL_EB,2,1,,,,,
2025-01-24,C06_TURN_MONTH_DIFFERENTIAL_EB_K2,C06_TURN_MONTH_DIFFERENTIAL_EB,2,2,,,,,
2025-01-27,C06_TURN_MONTH_DIFFERENTIAL_EB_K2,C06_TURN_MONTH_DIFFERENTIAL_EB,2,1,,,,,
2025-01-27,C06_TURN_MONTH_DIFFERENTIAL_EB_K2,C06_TURN_MONTH_DIFFERENTIAL_EB,2,2,,,,,
2025-01-28,C06_TURN_MONTH_DIFFERENTIAL_EB_K2,C06_TURN_MONTH_DIFFERENTIAL_EB,2,1,,,,,
2025-01-28,C06_TURN_MONTH_DIFFERENTIAL_EB_K2,C06_TURN_MONTH_DIFFERENTIAL_EB,2,2,,,,,
2025-01-29,C06_TURN_MONTH_DIFFERENTIAL_EB_K2,C06_TURN_MONTH_DIFFERENTIAL_EB,2,1,,,,,
2025-01-29,C06_TURN_MONTH_DIFFERENTIAL_EB_K2,C06_TURN_MONTH_DIFFERENTIAL_EB,2,2,,,,,
2025-01-30,C06_TURN_MONTH_DIFFERENTIAL_EB_K2,C06_TURN_MONTH_DIFFERENTIAL_EB,2,1,7013,ＩＨＩ,0.5812246366788404,1.3190529875986456,1.0
2025-01-30,C06_TURN_MONTH_DIFFERENTIAL_EB_K2,C06_TURN_MONTH_DIFFERENTIAL_EB,2,2,3623,ビリングシステム,0.525608898086402,0.0803858520900258,1.0
2025-01-31,C06_TURN_MONTH_DIFFERENTIAL_EB_K2,C06_TURN_MONTH_DIFFERENTIAL_EB,2,1,7013,ＩＨＩ,0.5812246366788404,3.5797149486244573,1.0
2025-01-31,C06_TURN_MONTH_DIFFERENTIAL_EB_K2,C06_TURN_MONTH_DIFFERENTIAL_EB,2,2,3623,ビリングシステム,0.525608898086402,-1.7004048582995979,0.0
2025-02-03,C06_TURN_MONTH_DIFFERENTIAL_EB_K2,C06_TURN_MONTH_DIFFERENTIAL_EB,2,1,5250,プライム・ストラテジー,0.6371184735492434,-3.996598639455784,0.0
2025-02-03,C06_TURN_MONTH_DIFFERENTIAL_EB_K2,C06_TURN_MONTH_DIFFERENTIAL_EB,2,2,7013,ＩＨＩ,0.44017126326092276,2.7027027027026973,1.0
2025-02-04,C06_TURN_MONTH_DIFFERENTIAL_EB_K2,C06_TURN_MONTH_DIFFERENTIAL_EB,2,1,5250,プライム・ストラテジー,0.6371184735492434,0.4416961130742081,1.0
2025-02-04,C06_TURN_MONTH_DIFFERENTIAL_EB_K2,C06_TURN_MONTH_DIFFERENTIAL_EB,2,2,7013,ＩＨＩ,0.44017126326092276,0.4053632678515662,1.0
2025-02-05,C06_TURN_MONTH_DIFFERENTIAL_EB_K2,C06_TURN_MONTH_DIFFERENTIAL_EB,2,1,5250,プライム・ストラテジー,0.6371184735492434,-0.08771929824561431,0.0
2025-02-05,C06_TURN_MONTH_DIFFERENTIAL_EB_K2,C06_TURN_MONTH_DIFFERENTIAL_EB,2,2,7013,ＩＨＩ,0.44017126326092276,-1.735291097648628,0.0
2025-02-06,C06_TURN_MONTH_DIFFERENTIAL_EB_K2,C06_TURN_MONTH_DIFFERENTIAL_EB,2,1,,,,,
2025-02-06,C06_TURN_MONTH_DIFFERENTIAL_EB_K2,C06_TURN_MONTH_DIFFERENTIAL_EB,2,2,,,,,
2025-02-07,C06_TURN_MONTH_DIFFERENTIAL_EB_K2,C06_TURN_MONTH_DIFFERENTIAL_EB,2,1,,,,,
2025-02-07,C06_TURN_MONTH_DIFFERENTIAL_EB_K2,C06_TURN_MONTH_DIFFERENTIAL_EB,2,2,,,,,
2025-02-10,C06_TURN_MONTH_DIFFERENTIAL_EB_K2,C06_TURN_MONTH_DIFFERENTIAL_EB,2,1,,,,,
2025-02-10,C06_TURN_MONTH_DIFFERENTIAL_EB_K2,C06_TURN_MONTH_DIFFERENTIAL_EB,2,2,,,,,
2025-02-12,C06_TURN_MONTH_DIFFERENTIAL_EB_K2,C06_TURN_MONTH_DIFFERENTIAL_EB,2,1,,,,,
2025-02-12,C06_TURN_MONTH_DIFFERENTIAL_EB_K2,C06_TURN_MONTH_DIFFERENTIAL_EB,2,2,,,,,
2025-02-13,C06_TURN_MONTH_DIFFERENTIAL_EB_K2,C06_TURN_MONTH_DIFFERENTIAL_EB,2,1,,,,,
2025-02-13,C06_TURN_MONTH_DIFFERENTIAL_EB_K2,C06_TURN_MONTH_DIFFERENTIAL_EB,2,2,,,,,
2025-02-14,C06_TURN_MONTH_DIFFERENTIAL_EB_K2,C06_TURN_MONTH_DIFFERENTIAL_EB,2,1,,,,,
2025-02-14,C06_TURN_MONTH_DIFFERENTIAL_EB_K2,C06_TURN_MONTH_DIFFERENTIAL_EB,2,2,,,,,
2025-02-17,C06_TURN_MONTH_DIFFERENTIAL_EB_K2,C06_TURN_MONTH_DIFFERENTIAL_EB,2,1,,,,,
2025-02-17,C06_TURN_MONTH_DIFFERENTIAL_EB_K2,C06_TURN_MONTH_DIFFERENTIAL_EB,2,2,,,,,
2025-02-18,C06_TURN_MONTH_DIFFERENTIAL_EB_K2,C06_TURN_MONTH_DIFFERENTIAL_EB,2,1,,,,,
2025-02-18,C06_TURN_MONTH_DIFFERENTIAL_EB_K2,C06_TURN_MONTH_DIFFERENTIAL_EB,2,2,,,,,
2025-02-19,C06_TURN_MONTH_DIFFERENTIAL_EB_K2,C06_TURN_MONTH_DIFFERENTIAL_EB,2,1,,,,,
2025-02-19,C06_TURN_MONTH_DIFFERENTIAL_EB_K2,C06_TURN_MONTH_DIFFERENTIAL_EB,2,2,,,,,
2025-02-20,C06_TURN_MONTH_DIFFERENTIAL_EB_K2,C06_TURN_MONTH_DIFFERENTIAL_EB,2,1,,,,,
2025-02-20,C06_TURN_MONTH_DIFFERENTIAL_EB_K2,C06_TURN_MONTH_DIFFERENTIAL_EB,2,2,,,,,
2025-02-21,C06_TURN_MONTH_DIFFERENTIAL_EB_K2,C06_TURN_MONTH_DIFFERENTIAL_EB,2,1,,,,,
2025-02-21,C06_TURN_MONTH_DIFFERENTIAL_EB_K2,C06_TURN_MONTH_DIFFERENTIAL_EB,2,2,,,,,
2025-02-25,C06_TURN_MONTH_DIFFERENTIAL_EB_K2,C06_TURN_MONTH_DIFFERENTIAL_EB,2,1,,,,,
2025-02-25,C06_TURN_MONTH_DIFFERENTIAL_EB_K2,C06_TURN_MONTH_DIFFERENTIAL_EB,2,2,,,,,
2025-02-26,C06_TURN_MONTH_DIFFERENTIAL_EB_K2,C06_TURN_MONTH_DIFFERENTIAL_EB,2,1,,,,,
2025-02-26,C06_TURN_MONTH_DIFFERENTIAL_EB_K2,C06_TURN_MONTH_DIFFERENTIAL_EB,2,2,,,,,
2025-02-27,C06_TURN_MONTH_DIFFERENTIAL_EB_K2,C06_TURN_MONTH_DIFFERENTIAL_EB,2,1,5250,プライム・ストラテジー,0.6371184735492434,-1.781170483460559,0.0
2025-02-27,C06_TURN_MONTH_DIFFERENTIAL_EB_K2,C06_TURN_MONTH_DIFFERENTIAL_EB,2,2,6836,ぷらっとホーム,0.4173185565653193,-0.5944055944055893,0.0
2025-02-28,C06_TURN_MONTH_DIFFERENTIAL_EB_K2,C06_TURN_MONTH_DIFFERENTIAL_EB,2,1,5250,プライム・ストラテジー,0.6371184735492434,-1.5652173913043521,0.0
2025-02-28,C06_TURN_MONTH_DIFFERENTIAL_EB_K2,C06_TURN_MONTH_DIFFERENTIAL_EB,2,2,6836,ぷらっとホーム,0.4173185565653193,-0.992555831265507,0.0
2025-03-03,C06_TURN_MONTH_DIFFERENTIAL_EB_K2,C06_TURN_MONTH_DIFFERENTIAL_EB,2,1,5250,プライム・ストラテジー,0.4492784285251349,-0.17667844522968323,0.0
2025-03-03,C06_TURN_MONTH_DIFFERENTIAL_EB_K2,C06_TURN_MONTH_DIFFERENTIAL_EB,2,2,,,,,
2025-03-04,C06_TURN_MONTH_DIFFERENTIAL_EB_K2,C06_TURN_MONTH_DIFFERENTIAL_EB,2,1,5250,プライム・ストラテジー,0.4492784285251349,-0.3561887800534236,0.0
2025-03-04,C06_TURN_MONTH_DIFFERENTIAL_EB_K2,C06_TURN_MONTH_DIFFERENTIAL_EB,2,2,,,,,
2025-03-05,C06_TURN_MONTH_DIFFERENTIAL_EB_K2,C06_TURN_MONTH_DIFFERENTIAL_EB,2,1,5250,プライム・ストラテジー,0.4492784285251349,-0.3597122302158251,0.0
2025-03-05,C06_TURN_MONTH_DIFFERENTIAL_EB_K2,C06_TURN_MONTH_DIFFERENTIAL_EB,2,2,,,,,
2025-03-06,C06_TURN_MONTH_DIFFERENTIAL_EB_K2,C06_TURN_MONTH_DIFFERENTIAL_EB,2,1,,,,,
2025-03-06,C06_TURN_MONTH_DIFFERENTIAL_EB_K2,C06_TURN_MONTH_DIFFERENTIAL_EB,2,2,,,,,
2025-03-07,C06_TURN_MONTH_DIFFERENTIAL_EB_K2,C06_TURN_MONTH_DIFFERENTIAL_EB,2,1,,,,,
2025-03-07,C06_TURN_MONTH_DIFFERENTIAL_EB_K2,C06_TURN_MONTH_DIFFERENTIAL_EB,2,2,,,,,
2025-03-10,C06_TURN_MONTH_DIFFERENTIAL_EB_K2,C06_TURN_MONTH_DIFFERENTIAL_EB,2,1,,,,,
2025-03-10,C06_TURN_MONTH_DIFFERENTIAL_EB_K2,C06_TURN_MONTH_DIFFERENTIAL_EB,2,2,,,,,
2025-03-11,C06_TURN_MONTH_DIFFERENTIAL_EB_K2,C06_TURN_MONTH_DIFFERENTIAL_EB,2,1,,,,,
2025-03-11,C06_TURN_MONTH_DIFFERENTIAL_EB_K2,C06_TURN_MONTH_DIFFERENTIAL_EB,2,2,,,,,
2025-03-12,C06_TURN_MONTH_DIFFERENTIAL_EB_K2,C06_TURN_MONTH_DIFFERENTIAL_EB,2,1,,,,,
2025-03-12,C06_TURN_MONTH_DIFFERENTIAL_EB_K2,C06_TURN_MONTH_DIFFERENTIAL_EB,2,2,,,,,
2025-03-13,C06_TURN_MONTH_DIFFERENTIAL_EB_K2,C06_TURN_MONTH_DIFFERENTIAL_EB,2,1,,,,,
2025-03-13,C06_TURN_MONTH_DIFFERENTIAL_EB_K2,C06_TURN_MONTH_DIFFERENTIAL_EB,2,2,,,,,
2025-03-14,C06_TURN_MONTH_DIFFERENTIAL_EB_K2,C06_TURN_MONTH_DIFFERENTIAL_EB,2,1,,,,,
2025-03-14,C06_TURN_MONTH_DIFFERENTIAL_EB_K2,C06_TURN_MONTH_DIFFERENTIAL_EB,2,2,,,,,
2025-03-17,C06_TURN_MONTH_DIFFERENTIAL_EB_K2,C06_TURN_MONTH_DIFFERENTIAL_EB,2,1,,,,,
2025-03-17,C06_TURN_MONTH_DIFFERENTIAL_EB_K2,C06_TURN_MONTH_DIFFERENTIAL_EB,2,2,,,,,
2025-03-18,C06_TURN_MONTH_DIFFERENTIAL_EB_K2,C06_TURN_MONTH_DIFFERENTIAL_EB,2,1,,,,,
2025-03-18,C06_TURN_MONTH_DIFFERENTIAL_EB_K2,C06_TURN_MONTH_DIFFERENTIAL_EB,2,2,,,,,
2025-03-19,C06_TURN_MONTH_DIFFERENTIAL_EB_K2,C06_TURN_MONTH_DIFFERENTIAL_EB,2,1,,,,,
2025-03-19,C06_TURN_MONTH_DIFFERENTIAL_EB_K2,C06_TURN_MONTH_DIFFERENTIAL_EB,2,2,,,,,
2025-03-21,C06_TURN_MONTH_DIFFERENTIAL_EB_K2,C06_TURN_MONTH_DIFFERENTIAL_EB,2,1,,,,,
2025-03-21,C06_TURN_MONTH_DIFFERENTIAL_EB_K2,C06_TURN_MONTH_DIFFERENTIAL_EB,2,2,,,,,
2025-03-24,C06_TURN_MONTH_DIFFERENTIAL_EB_K2,C06_TURN_MONTH_DIFFERENTIAL_EB,2,1,,,,,
2025-03-24,C06_TURN_MONTH_DIFFERENTIAL_EB_K2,C06_TURN_MONTH_DIFFERENTIAL_EB,2,2,,,,,
2025-03-25,C06_TURN_MONTH_DIFFERENTIAL_EB_K2,C06_TURN_MONTH_DIFFERENTIAL_EB,2,1,,,,,
2025-03-25,C06_TURN_MONTH_DIFFERENTIAL_EB_K2,C06_TURN_MONTH_DIFFERENTIAL_EB,2,2,,,,,
2025-03-26,C06_TURN_MONTH_DIFFERENTIAL_EB_K2,C06_TURN_MONTH_DIFFERENTIAL_EB,2,1,,,,,
2025-03-26,C06_TURN_MONTH_DIFFERENTIAL_EB_K2,C06_TURN_MONTH_DIFFERENTIAL_EB,2,2,,,,,
2025-03-27,C06_TURN_MONTH_DIFFERENTIAL_EB_K2,C06_TURN_MONTH_DIFFERENTIAL_EB,2,1,,,,,
2025-03-27,C06_TURN_MONTH_DIFFERENTIAL_EB_K2,C06_TURN_MONTH_DIFFERENTIAL_EB,2,2,,,,,
2025-03-28,C06_TURN_MONTH_DIFFERENTIAL_EB_K2,C06_TURN_MONTH_DIFFERENTIAL_EB,2,1,5250,プライム・ストラテジー,0.4492784285251349,-0.19029495718363432,0.0
2025-03-28,C06_TURN_MONTH_DIFFERENTIAL_EB_K2,C06_TURN_MONTH_DIFFERENTIAL_EB,2,2,,,,,
2025-03-31,C06_TURN_MONTH_DIFFERENTIAL_EB_K2,C06_TURN_MONTH_DIFFERENTIAL_EB,2,1,5250,プライム・ストラテジー,0.4492784285251349,-1.3513513513513487,0.0
2025-03-31,C06_TURN_MONTH_DIFFERENTIAL_EB_K2,C06_TURN_MONTH_DIFFERENTIAL_EB,2,2,,,,,
2025-04-01,C06_TURN_MONTH_DIFFERENTIAL_EB_K2,C06_TURN_MONTH_DIFFERENTIAL_EB,2,1,,,,,
2025-04-01,C06_TURN_MONTH_DIFFERENTIAL_EB_K2,C06_TURN_MONTH_DIFFERENTIAL_EB,2,2,,,,,
2025-04-02,C06_TURN_MONTH_DIFFERENTIAL_EB_K2,C06_TURN_MONTH_DIFFERENTIAL_EB,2,1,,,,,
2025-04-02,C06_TURN_MONTH_DIFFERENTIAL_EB_K2,C06_TURN_MONTH_DIFFERENTIAL_EB,2,2,,,,,
2025-04-03,C06_TURN_MONTH_DIFFERENTIAL_EB_K2,C06_TURN_MONTH_DIFFERENTIAL_EB,2,1,,,,,
2025-04-03,C06_TURN_MONTH_DIFFERENTIAL_EB_K2,C06_TURN_MONTH_DIFFERENTIAL_EB,2,2,,,,,
2025-04-04,C06_TURN_MONTH_DIFFERENTIAL_EB_K2,C06_TURN_MONTH_DIFFERENTIAL_EB,2,1,,,,,
2025-04-04,C06_TURN_MONTH_DIFFERENTIAL_EB_K2,C06_TURN_MONTH_DIFFERENTIAL_EB,2,2,,,,,
2025-04-07,C06_TURN_MONTH_DIFFERENTIAL_EB_K2,C06_TURN_MONTH_DIFFERENTIAL_EB,2,1,,,,,
2025-04-07,C06_TURN_MONTH_DIFFERENTIAL_EB_K2,C06_TURN_MONTH_DIFFERENTIAL_EB,2,2,,,,,
2025-04-08,C06_TURN_MONTH_DIFFERENTIAL_EB_K2,C06_TURN_MONTH_DIFFERENTIAL_EB,2,1,,,,,
2025-04-08,C06_TURN_MONTH_DIFFERENTIAL_EB_K2,C06_TURN_MONTH_DIFFERENTIAL_EB,2,2,,,,,
2025-04-09,C06_TURN_MONTH_DIFFERENTIAL_EB_K2,C06_TURN_MONTH_DIFFERENTIAL_EB,2,1,,,,,
2025-04-09,C06_TURN_MONTH_DIFFERENTIAL_EB_K2,C06_TURN_MONTH_DIFFERENTIAL_EB,2,2,,,,,
2025-04-10,C06_TURN_MONTH_DIFFERENTIAL_EB_K2,C06_TURN_MONTH_DIFFERENTIAL_EB,2,1,,,,,
2025-04-10,C06_TURN_MONTH_DIFFERENTIAL_EB_K2,C06_TURN_MONTH_DIFFERENTIAL_EB,2,2,,,,,
2025-04-11,C06_TURN_MONTH_DIFFERENTIAL_EB_K2,C06_TURN_MONTH_DIFFERENTIAL_EB,2,1,,,,,
2025-04-11,C06_TURN_MONTH_DIFFERENTIAL_EB_K2,C06_TURN_MONTH_DIFFERENTIAL_EB,2,2,,,,,
2025-04-14,C06_TURN_MONTH_DIFFERENTIAL_EB_K2,C06_TURN_MONTH_DIFFERENTIAL_EB,2,1,,,,,
2025-04-14,C06_TURN_MONTH_DIFFERENTIAL_EB_K2,C06_TURN_MONTH_DIFFERENTIAL_EB,2,2,,,,,
2025-04-15,C06_TURN_MONTH_DIFFERENTIAL_EB_K2,C06_TURN_MONTH_DIFFERENTIAL_EB,2,1,,,,,
2025-04-15,C06_TURN_MONTH_DIFFERENTIAL_EB_K2,C06_TURN_MONTH_DIFFERENTIAL_EB,2,2,,,,,
2025-04-16,C06_TURN_MONTH_DIFFERENTIAL_EB_K2,C06_TURN_MONTH_DIFFERENTIAL_EB,2,1,,,,,
2025-04-16,C06_TURN_MONTH_DIFFERENTIAL_EB_K2,C06_TURN_MONTH_DIFFERENTIAL_EB,2,2,,,,,
2025-04-17,C06_TURN_MONTH_DIFFERENTIAL_EB_K2,C06_TURN_MONTH_DIFFERENTIAL_EB,2,1,,,,,
2025-04-17,C06_TURN_MONTH_DIFFERENTIAL_EB_K2,C06_TURN_MONTH_DIFFERENTIAL_EB,2,2,,,,,
2025-04-18,C06_TURN_MONTH_DIFFERENTIAL_EB_K2,C06_TURN_MONTH_DIFFERENTIAL_EB,2,1,,,,,
2025-04-18,C06_TURN_MONTH_DIFFERENTIAL_EB_K2,C06_TURN_MONTH_DIFFERENTIAL_EB,2,2,,,,,
2025-04-21,C06_TURN_MONTH_DIFFERENTIAL_EB_K2,C06_TURN_MONTH_DIFFERENTIAL_EB,2,1,,,,,
2025-04-21,C06_TURN_MONTH_DIFFERENTIAL_EB_K2,C06_TURN_MONTH_DIFFERENTIAL_EB,2,2,,,,,
2025-04-22,C06_TURN_MONTH_DIFFERENTIAL_EB_K2,C06_TURN_MONTH_DIFFERENTIAL_EB,2,1,,,,,
2025-04-22,C06_TURN_MONTH_DIFFERENTIAL_EB_K2,C06_TURN_MONTH_DIFFERENTIAL_EB,2,2,,,,,
2025-04-23,C06_TURN_MONTH_DIFFERENTIAL_EB_K2,C06_TURN_MONTH_DIFFERENTIAL_EB,2,1,,,,,
2025-04-23,C06_TURN_MONTH_DIFFERENTIAL_EB_K2,C06_TURN_MONTH_DIFFERENTIAL_EB,2,2,,,,,
2025-04-24,C06_TURN_MONTH_DIFFERENTIAL_EB_K2,C06_TURN_MONTH_DIFFERENTIAL_EB,2,1,,,,,
2025-04-24,C06_TURN_MONTH_DIFFERENTIAL_EB_K2,C06_TURN_MONTH_DIFFERENTIAL_EB,2,2,,,,,
2025-04-25,C06_TURN_MONTH_DIFFERENTIAL_EB_K2,C06_TURN_MONTH_DIFFERENTIAL_EB,2,1,,,,,
2025-04-25,C06_TURN_MONTH_DIFFERENTIAL_EB_K2,C06_TURN_MONTH_DIFFERENTIAL_EB,2,2,,,,,
2025-04-28,C06_TURN_MONTH_DIFFERENTIAL_EB_K2,C06_TURN_MONTH_DIFFERENTIAL_EB,2,1,,,,,
2025-04-28,C06_TURN_MONTH_DIFFERENTIAL_EB_K2,C06_TURN_MONTH_DIFFERENTIAL_EB,2,2,,,,,
2025-04-30,C06_TURN_MONTH_DIFFERENTIAL_EB_K2,C06_TURN_MONTH_DIFFERENTIAL_EB,2,1,7013,ＩＨＩ,0.5398968167637803,-2.1929824561403466,0.0
2025-04-30,C06_TURN_MONTH_DIFFERENTIAL_EB_K2,C06_TURN_MONTH_DIFFERENTIAL_EB,2,2,,,,,
2025-05-01,C06_TURN_MONTH_DIFFERENTIAL_EB_K2,C06_TURN_MONTH_DIFFERENTIAL_EB,2,1,7013,ＩＨＩ,0.5425722769913204,-1.2803532008829999,0.0
2025-05-01,C06_TURN_MONTH_DIFFERENTIAL_EB_K2,C06_TURN_MONTH_DIFFERENTIAL_EB,2,2,,,,,
2025-05-02,C06_TURN_MONTH_DIFFERENTIAL_EB_K2,C06_TURN_MONTH_DIFFERENTIAL_EB,2,1,7013,ＩＨＩ,0.5425722769913204,1.5837104072398134,1.0
2025-05-02,C06_TURN_MONTH_DIFFERENTIAL_EB_K2,C06_TURN_MONTH_DIFFERENTIAL_EB,2,2,,,,,
2025-05-07,C06_TURN_MONTH_DIFFERENTIAL_EB_K2,C06_TURN_MONTH_DIFFERENTIAL_EB,2,1,7013,ＩＨＩ,0.5425722769913204,0.8463251670378646,1.0
2025-05-07,C06_TURN_MONTH_DIFFERENTIAL_EB_K2,C06_TURN_MONTH_DIFFERENTIAL_EB,2,2,2484,出前館,0.44692288372539374,-1.2396694214875992,0.0
2025-05-08,C06_TURN_MONTH_DIFFERENTIAL_EB_K2,C06_TURN_MONTH_DIFFERENTIAL_EB,2,1,,,,,
2025-05-08,C06_TURN_MONTH_DIFFERENTIAL_EB_K2,C06_TURN_MONTH_DIFFERENTIAL_EB,2,2,,,,,
2025-05-09,C06_TURN_MONTH_DIFFERENTIAL_EB_K2,C06_TURN_MONTH_DIFFERENTIAL_EB,2,1,,,,,
2025-05-09,C06_TURN_MONTH_DIFFERENTIAL_EB_K2,C06_TURN_MONTH_DIFFERENTIAL_EB,2,2,,,,,
2025-05-12,C06_TURN_MONTH_DIFFERENTIAL_EB_K2,C06_TURN_MONTH_DIFFERENTIAL_EB,2,1,,,,,
2025-05-12,C06_TURN_MONTH_DIFFERENTIAL_EB_K2,C06_TURN_MONTH_DIFFERENTIAL_EB,2,2,,,,,
2025-05-13,C06_TURN_MONTH_DIFFERENTIAL_EB_K2,C06_TURN_MONTH_DIFFERENTIAL_EB,2,1,,,,,
2025-05-13,C06_TURN_MONTH_DIFFERENTIAL_EB_K2,C06_TURN_MONTH_DIFFERENTIAL_EB,2,2,,,,,
2025-05-14,C06_TURN_MONTH_DIFFERENTIAL_EB_K2,C06_TURN_MONTH_DIFFERENTIAL_EB,2,1,,,,,
2025-05-14,C06_TURN_MONTH_DIFFERENTIAL_EB_K2,C06_TURN_MONTH_DIFFERENTIAL_EB,2,2,,,,,
2025-05-15,C06_TURN_MONTH_DIFFERENTIAL_EB_K2,C06_TURN_MONTH_DIFFERENTIAL_EB,2,1,,,,,
2025-05-15,C06_TURN_MONTH_DIFFERENTIAL_EB_K2,C06_TURN_MONTH_DIFFERENTIAL_EB,2,2,,,,,
2025-05-16,C06_TURN_MONTH_DIFFERENTIAL_EB_K2,C06_TURN_MONTH_DIFFERENTIAL_EB,2,1,,,,,
2025-05-16,C06_TURN_MONTH_DIFFERENTIAL_EB_K2,C06_TURN_MONTH_DIFFERENTIAL_EB,2,2,,,,,
2025-05-19,C06_TURN_MONTH_DIFFERENTIAL_EB_K2,C06_TURN_MONTH_DIFFERENTIAL_EB,2,1,,,,,
2025-05-19,C06_TURN_MONTH_DIFFERENTIAL_EB_K2,C06_TURN_MONTH_DIFFERENTIAL_EB,2,2,,,,,
2025-05-20,C06_TURN_MONTH_DIFFERENTIAL_EB_K2,C06_TURN_MONTH_DIFFERENTIAL_EB,2,1,,,,,
2025-05-20,C06_TURN_MONTH_DIFFERENTIAL_EB_K2,C06_TURN_MONTH_DIFFERENTIAL_EB,2,2,,,,,
2025-05-21,C06_TURN_MONTH_DIFFERENTIAL_EB_K2,C06_TURN_MONTH_DIFFERENTIAL_EB,2,1,,,,,
2025-05-21,C06_TURN_MONTH_DIFFERENTIAL_EB_K2,C06_TURN_MONTH_DIFFERENTIAL_EB,2,2,,,,,
2025-05-22,C06_TURN_MONTH_DIFFERENTIAL_EB_K2,C06_TURN_MONTH_DIFFERENTIAL_EB,2,1,,,,,
2025-05-22,C06_TURN_MONTH_DIFFERENTIAL_EB_K2,C06_TURN_MONTH_DIFFERENTIAL_EB,2,2,,,,,
2025-05-23,C06_TURN_MONTH_DIFFERENTIAL_EB_K2,C06_TURN_MONTH_DIFFERENTIAL_EB,2,1,,,,,
2025-05-23,C06_TURN_MONTH_DIFFERENTIAL_EB_K2,C06_TURN_MONTH_DIFFERENTIAL_EB,2,2,,,,,
2025-05-26,C06_TURN_MONTH_DIFFERENTIAL_EB_K2,C06_TURN_MONTH_DIFFERENTIAL_EB,2,1,,,,,
2025-05-26,C06_TURN_MONTH_DIFFERENTIAL_EB_K2,C06_TURN_MONTH_DIFFERENTIAL_EB,2,2,,,,,
2025-05-27,C06_TURN_MONTH_DIFFERENTIAL_EB_K2,C06_TURN_MONTH_DIFFERENTIAL_EB,2,1,,,,,
2025-05-27,C06_TURN_MONTH_DIFFERENTIAL_EB_K2,C06_TURN_MONTH_DIFFERENTIAL_EB,2,2,,,,,
2025-05-28,C06_TURN_MONTH_DIFFERENTIAL_EB_K2,C06_TURN_MONTH_DIFFERENTIAL_EB,2,1,,,,,
2025-05-28,C06_TURN_MONTH_DIFFERENTIAL_EB_K2,C06_TURN_MONTH_DIFFERENTIAL_EB,2,2,,,,,
2025-05-29,C06_TURN_MONTH_DIFFERENTIAL_EB_K2,C06_TURN_MONTH_DIFFERENTIAL_EB,2,1,7013,ＩＨＩ,0.5425722769913204,-0.7430997876857748,0.0
2025-05-29,C06_TURN_MONTH_DIFFERENTIAL_EB_K2,C06_TURN_MONTH_DIFFERENTIAL_EB,2,2,2484,出前館,0.44692288372539374,0.4166666666666652,1.0
2025-05-30,C06_TURN_MONTH_DIFFERENTIAL_EB_K2,C06_TURN_MONTH_DIFFERENTIAL_EB,2,1,7013,ＩＨＩ,0.5425722769913204,0.974729241877248,1.0
2025-05-30,C06_TURN_MONTH_DIFFERENTIAL_EB_K2,C06_TURN_MONTH_DIFFERENTIAL_EB,2,2,5246,ＥＬＥＭＥＮＴＳ,0.44755127245218257,7.802093244529029,1.0
2025-06-02,C06_TURN_MONTH_DIFFERENTIAL_EB_K2,C06_TURN_MONTH_DIFFERENTIAL_EB,2,1,7013,ＩＨＩ,0.5147748292495887,3.2986733596271023,1.0
2025-06-02,C06_TURN_MONTH_DIFFERENTIAL_EB_K2,C06_TURN_MONTH_DIFFERENTIAL_EB,2,2,2484,出前館,0.4762834969992944,-1.6877637130801704,0.0
2025-06-03,C06_TURN_MONTH_DIFFERENTIAL_EB_K2,C06_TURN_MONTH_DIFFERENTIAL_EB,2,1,7013,ＩＨＩ,0.5147748292495887,0.5593945376768605,1.0
2025-06-03,C06_TURN_MONTH_DIFFERENTIAL_EB_K2,C06_TURN_MONTH_DIFFERENTIAL_EB,2,2,2484,出前館,0.4762834969992944,-0.8620689655172376,0.0
2025-06-04,C06_TURN_MONTH_DIFFERENTIAL_EB_K2,C06_TURN_MONTH_DIFFERENTIAL_EB,2,1,7013,ＩＨＩ,0.5147748292495887,2.1822849807445532,1.0
2025-06-04,C06_TURN_MONTH_DIFFERENTIAL_EB_K2,C06_TURN_MONTH_DIFFERENTIAL_EB,2,2,2484,出前館,0.4762834969992944,-0.8658008658008698,0.0
2025-06-05,C06_TURN_MONTH_DIFFERENTIAL_EB_K2,C06_TURN_MONTH_DIFFERENTIAL_EB,2,1,,,,,
2025-06-05,C06_TURN_MONTH_DIFFERENTIAL_EB_K2,C06_TURN_MONTH_DIFFERENTIAL_EB,2,2,,,,,
2025-06-06,C06_TURN_MONTH_DIFFERENTIAL_EB_K2,C06_TURN_MONTH_DIFFERENTIAL_EB,2,1,,,,,
2025-06-06,C06_TURN_MONTH_DIFFERENTIAL_EB_K2,C06_TURN_MONTH_DIFFERENTIAL_EB,2,2,,,,,
2025-06-09,C06_TURN_MONTH_DIFFERENTIAL_EB_K2,C06_TURN_MONTH_DIFFERENTIAL_EB,2,1,,,,,
2025-06-09,C06_TURN_MONTH_DIFFERENTIAL_EB_K2,C06_TURN_MONTH_DIFFERENTIAL_EB,2,2,,,,,
2025-06-10,C06_TURN_MONTH_DIFFERENTIAL_EB_K2,C06_TURN_MONTH_DIFFERENTIAL_EB,2,1,,,,,
2025-06-10,C06_TURN_MONTH_DIFFERENTIAL_EB_K2,C06_TURN_MONTH_DIFFERENTIAL_EB,2,2,,,,,
2025-06-11,C06_TURN_MONTH_DIFFERENTIAL_EB_K2,C06_TURN_MONTH_DIFFERENTIAL_EB,2,1,,,,,
2025-06-11,C06_TURN_MONTH_DIFFERENTIAL_EB_K2,C06_TURN_MONTH_DIFFERENTIAL_EB,2,2,,,,,
2025-06-12,C06_TURN_MONTH_DIFFERENTIAL_EB_K2,C06_TURN_MONTH_DIFFERENTIAL_EB,2,1,,,,,
2025-06-12,C06_TURN_MONTH_DIFFERENTIAL_EB_K2,C06_TURN_MONTH_DIFFERENTIAL_EB,2,2,,,,,
2025-06-13,C06_TURN_MONTH_DIFFERENTIAL_EB_K2,C06_TURN_MONTH_DIFFERENTIAL_EB,2,1,,,,,
2025-06-13,C06_TURN_MONTH_DIFFERENTIAL_EB_K2,C06_TURN_MONTH_DIFFERENTIAL_EB,2,2,,,,,
2025-06-16,C06_TURN_MONTH_DIFFERENTIAL_EB_K2,C06_TURN_MONTH_DIFFERENTIAL_EB,2,1,,,,,
2025-06-16,C06_TURN_MONTH_DIFFERENTIAL_EB_K2,C06_TURN_MONTH_DIFFERENTIAL_EB,2,2,,,,,
2025-06-17,C06_TURN_MONTH_DIFFERENTIAL_EB_K2,C06_TURN_MONTH_DIFFERENTIAL_EB,2,1,,,,,
2025-06-17,C06_TURN_MONTH_DIFFERENTIAL_EB_K2,C06_TURN_MONTH_DIFFERENTIAL_EB,2,2,,,,,
2025-06-18,C06_TURN_MONTH_DIFFERENTIAL_EB_K2,C06_TURN_MONTH_DIFFERENTIAL_EB,2,1,,,,,
2025-06-18,C06_TURN_MONTH_DIFFERENTIAL_EB_K2,C06_TURN_MONTH_DIFFERENTIAL_EB,2,2,,,,,
2025-06-19,C06_TURN_MONTH_DIFFERENTIAL_EB_K2,C06_TURN_MONTH_DIFFERENTIAL_EB,2,1,,,,,
2025-06-19,C06_TURN_MONTH_DIFFERENTIAL_EB_K2,C06_TURN_MONTH_DIFFERENTIAL_EB,2,2,,,,,
2025-06-20,C06_TURN_MONTH_DIFFERENTIAL_EB_K2,C06_TURN_MONTH_DIFFERENTIAL_EB,2,1,,,,,
2025-06-20,C06_TURN_MONTH_DIFFERENTIAL_EB_K2,C06_TURN_MONTH_DIFFERENTIAL_EB,2,2,,,,,
2025-06-23,C06_TURN_MONTH_DIFFERENTIAL_EB_K2,C06_TURN_MONTH_DIFFERENTIAL_EB,2,1,,,,,
2025-06-23,C06_TURN_MONTH_DIFFERENTIAL_EB_K2,C06_TURN_MONTH_DIFFERENTIAL_EB,2,2,,,,,
2025-06-24,C06_TURN_MONTH_DIFFERENTIAL_EB_K2,C06_TURN_MONTH_DIFFERENTIAL_EB,2,1,,,,,
2025-06-24,C06_TURN_MONTH_DIFFERENTIAL_EB_K2,C06_TURN_MONTH_DIFFERENTIAL_EB,2,2,,,,,
2025-06-25,C06_TURN_MONTH_DIFFERENTIAL_EB_K2,C06_TURN_MONTH_DIFFERENTIAL_EB,2,1,,,,,
2025-06-25,C06_TURN_MONTH_DIFFERENTIAL_EB_K2,C06_TURN_MONTH_DIFFERENTIAL_EB,2,2,,,,,
2025-06-26,C06_TURN_MONTH_DIFFERENTIAL_EB_K2,C06_TURN_MONTH_DIFFERENTIAL_EB,2,1,,,,,
2025-06-26,C06_TURN_MONTH_DIFFERENTIAL_EB_K2,C06_TURN_MONTH_DIFFERENTIAL_EB,2,2,,,,,
2025-06-27,C06_TURN_MONTH_DIFFERENTIAL_EB_K2,C06_TURN_MONTH_DIFFERENTIAL_EB,2,1,7013,ＩＨＩ,0.5147748292495887,2.8396256857050606,1.0
2025-06-27,C06_TURN_MONTH_DIFFERENTIAL_EB_K2,C06_TURN_MONTH_DIFFERENTIAL_EB,2,2,2484,出前館,0.4762834969992944,-1.6393442622950838,0.0
2025-06-30,C06_TURN_MONTH_DIFFERENTIAL_EB_K2,C06_TURN_MONTH_DIFFERENTIAL_EB,2,1,7013,ＩＨＩ,0.5147748292495887,-3.7242228377962427,0.0
2025-06-30,C06_TURN_MONTH_DIFFERENTIAL_EB_K2,C06_TURN_MONTH_DIFFERENTIAL_EB,2,2,2484,出前館,0.4762834969992944,1.6597510373443924,1.0
2025-07-01,C06_TURN_MONTH_DIFFERENTIAL_EB_K2,C06_TURN_MONTH_DIFFERENTIAL_EB,2,1,7013,ＩＨＩ,0.5646647440458414,0.3188775510204023,1.0
2025-07-01,C06_TURN_MONTH_DIFFERENTIAL_EB_K2,C06_TURN_MONTH_DIFFERENTIAL_EB,2,2,,,,,
2025-07-02,C06_TURN_MONTH_DIFFERENTIAL_EB_K2,C06_TURN_MONTH_DIFFERENTIAL_EB,2,1,7013,ＩＨＩ,0.5646647440458414,-2.0874103065883887,0.0
2025-07-02,C06_TURN_MONTH_DIFFERENTIAL_EB_K2,C06_TURN_MONTH_DIFFERENTIAL_EB,2,2,,,,,
2025-07-03,C06_TURN_MONTH_DIFFERENTIAL_EB_K2,C06_TURN_MONTH_DIFFERENTIAL_EB,2,1,7013,ＩＨＩ,0.5646647440458414,-0.7323568575232975,0.0
2025-07-03,C06_TURN_MONTH_DIFFERENTIAL_EB_K2,C06_TURN_MONTH_DIFFERENTIAL_EB,2,2,,,,,
2025-07-04,C06_TURN_MONTH_DIFFERENTIAL_EB_K2,C06_TURN_MONTH_DIFFERENTIAL_EB,2,1,,,,,
2025-07-04,C06_TURN_MONTH_DIFFERENTIAL_EB_K2,C06_TURN_MONTH_DIFFERENTIAL_EB,2,2,,,,,
2025-07-07,C06_TURN_MONTH_DIFFERENTIAL_EB_K2,C06_TURN_MONTH_DIFFERENTIAL_EB,2,1,,,,,
2025-07-07,C06_TURN_MONTH_DIFFERENTIAL_EB_K2,C06_TURN_MONTH_DIFFERENTIAL_EB,2,2,,,,,
2025-07-08,C06_TURN_MONTH_DIFFERENTIAL_EB_K2,C06_TURN_MONTH_DIFFERENTIAL_EB,2,1,,,,,
2025-07-08,C06_TURN_MONTH_DIFFERENTIAL_EB_K2,C06_TURN_MONTH_DIFFERENTIAL_EB,2,2,,,,,
2025-07-09,C06_TURN_MONTH_DIFFERENTIAL_EB_K2,C06_TURN_MONTH_DIFFERENTIAL_EB,2,1,,,,,
2025-07-09,C06_TURN_MONTH_DIFFERENTIAL_EB_K2,C06_TURN_MONTH_DIFFERENTIAL_EB,2,2,,,,,
2025-07-10,C06_TURN_MONTH_DIFFERENTIAL_EB_K2,C06_TURN_MONTH_DIFFERENTIAL_EB,2,1,,,,,
2025-07-10,C06_TURN_MONTH_DIFFERENTIAL_EB_K2,C06_TURN_MONTH_DIFFERENTIAL_EB,2,2,,,,,
2025-07-11,C06_TURN_MONTH_DIFFERENTIAL_EB_K2,C06_TURN_MONTH_DIFFERENTIAL_EB,2,1,,,,,
2025-07-11,C06_TURN_MONTH_DIFFERENTIAL_EB_K2,C06_TURN_MONTH_DIFFERENTIAL_EB,2,2,,,,,
2025-07-14,C06_TURN_MONTH_DIFFERENTIAL_EB_K2,C06_TURN_MONTH_DIFFERENTIAL_EB,2,1,,,,,
2025-07-14,C06_TURN_MONTH_DIFFERENTIAL_EB_K2,C06_TURN_MONTH_DIFFERENTIAL_EB,2,2,,,,,
2025-07-15,C06_TURN_MONTH_DIFFERENTIAL_EB_K2,C06_TURN_MONTH_DIFFERENTIAL_EB,2,1,,,,,
2025-07-15,C06_TURN_MONTH_DIFFERENTIAL_EB_K2,C06_TURN_MONTH_DIFFERENTIAL_EB,2,2,,,,,
2025-07-16,C06_TURN_MONTH_DIFFERENTIAL_EB_K2,C06_TURN_MONTH_DIFFERENTIAL_EB,2,1,,,,,
2025-07-16,C06_TURN_MONTH_DIFFERENTIAL_EB_K2,C06_TURN_MONTH_DIFFERENTIAL_EB,2,2,,,,,
2025-07-17,C06_TURN_MONTH_DIFFERENTIAL_EB_K2,C06_TURN_MONTH_DIFFERENTIAL_EB,2,1,,,,,
2025-07-17,C06_TURN_MONTH_DIFFERENTIAL_EB_K2,C06_TURN_MONTH_DIFFERENTIAL_EB,2,2,,,,,
2025-07-18,C06_TURN_MONTH_DIFFERENTIAL_EB_K2,C06_TURN_MONTH_DIFFERENTIAL_EB,2,1,,,,,
2025-07-18,C06_TURN_MONTH_DIFFERENTIAL_EB_K2,C06_TURN_MONTH_DIFFERENTIAL_EB,2,2,,,,,
2025-07-22,C06_TURN_MONTH_DIFFERENTIAL_EB_K2,C06_TURN_MONTH_DIFFERENTIAL_EB,2,1,,,,,
2025-07-22,C06_TURN_MONTH_DIFFERENTIAL_EB_K2,C06_TURN_MONTH_DIFFERENTIAL_EB,2,2,,,,,
2025-07-23,C06_TURN_MONTH_DIFFERENTIAL_EB_K2,C06_TURN_MONTH_DIFFERENTIAL_EB,2,1,,,,,
2025-07-23,C06_TURN_MONTH_DIFFERENTIAL_EB_K2,C06_TURN_MONTH_DIFFERENTIAL_EB,2,2,,,,,
2025-07-24,C06_TURN_MONTH_DIFFERENTIAL_EB_K2,C06_TURN_MONTH_DIFFERENTIAL_EB,2,1,,,,,
2025-07-24,C06_TURN_MONTH_DIFFERENTIAL_EB_K2,C06_TURN_MONTH_DIFFERENTIAL_EB,2,2,,,,,
2025-07-25,C06_TURN_MONTH_DIFFERENTIAL_EB_K2,C06_TURN_MONTH_DIFFERENTIAL_EB,2,1,,,,,
2025-07-25,C06_TURN_MONTH_DIFFERENTIAL_EB_K2,C06_TURN_MONTH_DIFFERENTIAL_EB,2,2,,,,,
2025-07-28,C06_TURN_MONTH_DIFFERENTIAL_EB_K2,C06_TURN_MONTH_DIFFERENTIAL_EB,2,1,,,,,
2025-07-28,C06_TURN_MONTH_DIFFERENTIAL_EB_K2,C06_TURN_MONTH_DIFFERENTIAL_EB,2,2,,,,,
2025-07-29,C06_TURN_MONTH_DIFFERENTIAL_EB_K2,C06_TURN_MONTH_DIFFERENTIAL_EB,2,1,,,,,
2025-07-29,C06_TURN_MONTH_DIFFERENTIAL_EB_K2,C06_TURN_MONTH_DIFFERENTIAL_EB,2,2,,,,,
2025-07-30,C06_TURN_MONTH_DIFFERENTIAL_EB_K2,C06_TURN_MONTH_DIFFERENTIAL_EB,2,1,7013,ＩＨＩ,0.5646647440458414,3.750000000000009,1.0
2025-07-30,C06_TURN_MONTH_DIFFERENTIAL_EB_K2,C06_TURN_MONTH_DIFFERENTIAL_EB,2,2,254A,ＡＩフュージョンキャピタルグループ,0.49786829564921065,1.379310344827589,1.0
2025-07-31,C06_TURN_MONTH_DIFFERENTIAL_EB_K2,C06_TURN_MONTH_DIFFERENTIAL_EB,2,1,7013,ＩＨＩ,0.5646647440458414,2.319277108433737,1.0
2025-07-31,C06_TURN_MONTH_DIFFERENTIAL_EB_K2,C06_TURN_MONTH_DIFFERENTIAL_EB,2,2,254A,ＡＩフュージョンキャピタルグループ,0.49786829564921065,0.0,0.0
2024-07-01,C07_QUARTER_END_ISSUER_EB_K1,C07_QUARTER_END_ISSUER_EB,1,1,,,,,
2024-07-02,C07_QUARTER_END_ISSUER_EB_K1,C07_QUARTER_END_ISSUER_EB,1,1,,,,,
2024-07-03,C07_QUARTER_END_ISSUER_EB_K1,C07_QUARTER_END_ISSUER_EB,1,1,,,,,
2024-07-04,C07_QUARTER_END_ISSUER_EB_K1,C07_QUARTER_END_ISSUER_EB,1,1,,,,,
2024-07-05,C07_QUARTER_END_ISSUER_EB_K1,C07_QUARTER_END_ISSUER_EB,1,1,,,,,
2024-07-08,C07_QUARTER_END_ISSUER_EB_K1,C07_QUARTER_END_ISSUER_EB,1,1,,,,,
2024-07-09,C07_QUARTER_END_ISSUER_EB_K1,C07_QUARTER_END_ISSUER_EB,1,1,,,,,
2024-07-10,C07_QUARTER_END_ISSUER_EB_K1,C07_QUARTER_END_ISSUER_EB,1,1,,,,,
2024-07-11,C07_QUARTER_END_ISSUER_EB_K1,C07_QUARTER_END_ISSUER_EB,1,1,,,,,
2024-07-12,C07_QUARTER_END_ISSUER_EB_K1,C07_QUARTER_END_ISSUER_EB,1,1,,,,,
2024-07-16,C07_QUARTER_END_ISSUER_EB_K1,C07_QUARTER_END_ISSUER_EB,1,1,,,,,
2024-07-17,C07_QUARTER_END_ISSUER_EB_K1,C07_QUARTER_END_ISSUER_EB,1,1,,,,,
2024-07-18,C07_QUARTER_END_ISSUER_EB_K1,C07_QUARTER_END_ISSUER_EB,1,1,,,,,
2024-07-19,C07_QUARTER_END_ISSUER_EB_K1,C07_QUARTER_END_ISSUER_EB,1,1,,,,,
2024-07-22,C07_QUARTER_END_ISSUER_EB_K1,C07_QUARTER_END_ISSUER_EB,1,1,,,,,
2024-07-23,C07_QUARTER_END_ISSUER_EB_K1,C07_QUARTER_END_ISSUER_EB,1,1,,,,,
2024-07-24,C07_QUARTER_END_ISSUER_EB_K1,C07_QUARTER_END_ISSUER_EB,1,1,,,,,
2024-07-25,C07_QUARTER_END_ISSUER_EB_K1,C07_QUARTER_END_ISSUER_EB,1,1,,,,,
2024-07-26,C07_QUARTER_END_ISSUER_EB_K1,C07_QUARTER_END_ISSUER_EB,1,1,,,,,
2024-07-29,C07_QUARTER_END_ISSUER_EB_K1,C07_QUARTER_END_ISSUER_EB,1,1,,,,,
2024-07-30,C07_QUARTER_END_ISSUER_EB_K1,C07_QUARTER_END_ISSUER_EB,1,1,,,,,
2024-07-31,C07_QUARTER_END_ISSUER_EB_K1,C07_QUARTER_END_ISSUER_EB,1,1,,,,,
2024-08-01,C07_QUARTER_END_ISSUER_EB_K1,C07_QUARTER_END_ISSUER_EB,1,1,,,,,
2024-08-02,C07_QUARTER_END_ISSUER_EB_K1,C07_QUARTER_END_ISSUER_EB,1,1,,,,,
2024-08-05,C07_QUARTER_END_ISSUER_EB_K1,C07_QUARTER_END_ISSUER_EB,1,1,,,,,
2024-08-06,C07_QUARTER_END_ISSUER_EB_K1,C07_QUARTER_END_ISSUER_EB,1,1,,,,,
2024-08-07,C07_QUARTER_END_ISSUER_EB_K1,C07_QUARTER_END_ISSUER_EB,1,1,,,,,
2024-08-08,C07_QUARTER_END_ISSUER_EB_K1,C07_QUARTER_END_ISSUER_EB,1,1,,,,,
2024-08-09,C07_QUARTER_END_ISSUER_EB_K1,C07_QUARTER_END_ISSUER_EB,1,1,,,,,
2024-08-13,C07_QUARTER_END_ISSUER_EB_K1,C07_QUARTER_END_ISSUER_EB,1,1,,,,,
2024-08-14,C07_QUARTER_END_ISSUER_EB_K1,C07_QUARTER_END_ISSUER_EB,1,1,,,,,
2024-08-15,C07_QUARTER_END_ISSUER_EB_K1,C07_QUARTER_END_ISSUER_EB,1,1,,,,,
2024-08-16,C07_QUARTER_END_ISSUER_EB_K1,C07_QUARTER_END_ISSUER_EB,1,1,,,,,
2024-08-19,C07_QUARTER_END_ISSUER_EB_K1,C07_QUARTER_END_ISSUER_EB,1,1,,,,,
2024-08-20,C07_QUARTER_END_ISSUER_EB_K1,C07_QUARTER_END_ISSUER_EB,1,1,,,,,
2024-08-21,C07_QUARTER_END_ISSUER_EB_K1,C07_QUARTER_END_ISSUER_EB,1,1,,,,,
2024-08-22,C07_QUARTER_END_ISSUER_EB_K1,C07_QUARTER_END_ISSUER_EB,1,1,,,,,
2024-08-23,C07_QUARTER_END_ISSUER_EB_K1,C07_QUARTER_END_ISSUER_EB,1,1,,,,,
2024-08-26,C07_QUARTER_END_ISSUER_EB_K1,C07_QUARTER_END_ISSUER_EB,1,1,,,,,
2024-08-27,C07_QUARTER_END_ISSUER_EB_K1,C07_QUARTER_END_ISSUER_EB,1,1,,,,,
2024-08-28,C07_QUARTER_END_ISSUER_EB_K1,C07_QUARTER_END_ISSUER_EB,1,1,,,,,
2024-08-29,C07_QUARTER_END_ISSUER_EB_K1,C07_QUARTER_END_ISSUER_EB,1,1,,,,,
2024-08-30,C07_QUARTER_END_ISSUER_EB_K1,C07_QUARTER_END_ISSUER_EB,1,1,,,,,
2024-09-02,C07_QUARTER_END_ISSUER_EB_K1,C07_QUARTER_END_ISSUER_EB,1,1,,,,,
2024-09-03,C07_QUARTER_END_ISSUER_EB_K1,C07_QUARTER_END_ISSUER_EB,1,1,,,,,
2024-09-04,C07_QUARTER_END_ISSUER_EB_K1,C07_QUARTER_END_ISSUER_EB,1,1,,,,,
2024-09-05,C07_QUARTER_END_ISSUER_EB_K1,C07_QUARTER_END_ISSUER_EB,1,1,,,,,
2024-09-06,C07_QUARTER_END_ISSUER_EB_K1,C07_QUARTER_END_ISSUER_EB,1,1,,,,,
2024-09-09,C07_QUARTER_END_ISSUER_EB_K1,C07_QUARTER_END_ISSUER_EB,1,1,,,,,
2024-09-10,C07_QUARTER_END_ISSUER_EB_K1,C07_QUARTER_END_ISSUER_EB,1,1,,,,,
2024-09-11,C07_QUARTER_END_ISSUER_EB_K1,C07_QUARTER_END_ISSUER_EB,1,1,,,,,
2024-09-12,C07_QUARTER_END_ISSUER_EB_K1,C07_QUARTER_END_ISSUER_EB,1,1,,,,,
2024-09-13,C07_QUARTER_END_ISSUER_EB_K1,C07_QUARTER_END_ISSUER_EB,1,1,,,,,
2024-09-17,C07_QUARTER_END_ISSUER_EB_K1,C07_QUARTER_END_ISSUER_EB,1,1,,,,,
2024-09-18,C07_QUARTER_END_ISSUER_EB_K1,C07_QUARTER_END_ISSUER_EB,1,1,,,,,
2024-09-19,C07_QUARTER_END_ISSUER_EB_K1,C07_QUARTER_END_ISSUER_EB,1,1,,,,,
2024-09-20,C07_QUARTER_END_ISSUER_EB_K1,C07_QUARTER_END_ISSUER_EB,1,1,,,,,
2024-09-24,C07_QUARTER_END_ISSUER_EB_K1,C07_QUARTER_END_ISSUER_EB,1,1,6166,中村超硬,0.8315594592946424,-1.5981735159817378,0.0
2024-09-25,C07_QUARTER_END_ISSUER_EB_K1,C07_QUARTER_END_ISSUER_EB,1,1,6166,中村超硬,0.8315594592946424,1.6091954022988464,1.0
2024-09-26,C07_QUARTER_END_ISSUER_EB_K1,C07_QUARTER_END_ISSUER_EB,1,1,6166,中村超硬,0.8315594592946424,1.82648401826484,1.0
2024-09-27,C07_QUARTER_END_ISSUER_EB_K1,C07_QUARTER_END_ISSUER_EB,1,1,6166,中村超硬,0.8315594592946424,4.697986577181212,1.0
2024-09-30,C07_QUARTER_END_ISSUER_EB_K1,C07_QUARTER_END_ISSUER_EB,1,1,6166,中村超硬,0.8315594592946424,-0.6696428571428603,0.0
2024-10-01,C07_QUARTER_END_ISSUER_EB_K1,C07_QUARTER_END_ISSUER_EB,1,1,,,,,
2024-10-02,C07_QUARTER_END_ISSUER_EB_K1,C07_QUARTER_END_ISSUER_EB,1,1,,,,,
2024-10-03,C07_QUARTER_END_ISSUER_EB_K1,C07_QUARTER_END_ISSUER_EB,1,1,,,,,
2024-10-04,C07_QUARTER_END_ISSUER_EB_K1,C07_QUARTER_END_ISSUER_EB,1,1,,,,,
2024-10-07,C07_QUARTER_END_ISSUER_EB_K1,C07_QUARTER_END_ISSUER_EB,1,1,,,,,
2024-10-08,C07_QUARTER_END_ISSUER_EB_K1,C07_QUARTER_END_ISSUER_EB,1,1,,,,,
2024-10-09,C07_QUARTER_END_ISSUER_EB_K1,C07_QUARTER_END_ISSUER_EB,1,1,,,,,
2024-10-10,C07_QUARTER_END_ISSUER_EB_K1,C07_QUARTER_END_ISSUER_EB,1,1,,,,,
2024-10-11,C07_QUARTER_END_ISSUER_EB_K1,C07_QUARTER_END_ISSUER_EB,1,1,,,,,
2024-10-15,C07_QUARTER_END_ISSUER_EB_K1,C07_QUARTER_END_ISSUER_EB,1,1,,,,,
2024-10-16,C07_QUARTER_END_ISSUER_EB_K1,C07_QUARTER_END_ISSUER_EB,1,1,,,,,
2024-10-17,C07_QUARTER_END_ISSUER_EB_K1,C07_QUARTER_END_ISSUER_EB,1,1,,,,,
2024-10-18,C07_QUARTER_END_ISSUER_EB_K1,C07_QUARTER_END_ISSUER_EB,1,1,,,,,
2024-10-21,C07_QUARTER_END_ISSUER_EB_K1,C07_QUARTER_END_ISSUER_EB,1,1,,,,,
2024-10-22,C07_QUARTER_END_ISSUER_EB_K1,C07_QUARTER_END_ISSUER_EB,1,1,,,,,
2024-10-23,C07_QUARTER_END_ISSUER_EB_K1,C07_QUARTER_END_ISSUER_EB,1,1,,,,,
2024-10-24,C07_QUARTER_END_ISSUER_EB_K1,C07_QUARTER_END_ISSUER_EB,1,1,,,,,
2024-10-25,C07_QUARTER_END_ISSUER_EB_K1,C07_QUARTER_END_ISSUER_EB,1,1,,,,,
2024-10-28,C07_QUARTER_END_ISSUER_EB_K1,C07_QUARTER_END_ISSUER_EB,1,1,,,,,
2024-10-29,C07_QUARTER_END_ISSUER_EB_K1,C07_QUARTER_END_ISSUER_EB,1,1,,,,,
2024-10-30,C07_QUARTER_END_ISSUER_EB_K1,C07_QUARTER_END_ISSUER_EB,1,1,,,,,
2024-10-31,C07_QUARTER_END_ISSUER_EB_K1,C07_QUARTER_END_ISSUER_EB,1,1,,,,,
2024-11-01,C07_QUARTER_END_ISSUER_EB_K1,C07_QUARTER_END_ISSUER_EB,1,1,,,,,
2024-11-05,C07_QUARTER_END_ISSUER_EB_K1,C07_QUARTER_END_ISSUER_EB,1,1,,,,,
2024-11-06,C07_QUARTER_END_ISSUER_EB_K1,C07_QUARTER_END_ISSUER_EB,1,1,,,,,
2024-11-07,C07_QUARTER_END_ISSUER_EB_K1,C07_QUARTER_END_ISSUER_EB,1,1,,,,,
2024-11-08,C07_QUARTER_END_ISSUER_EB_K1,C07_QUARTER_END_ISSUER_EB,1,1,,,,,
2024-11-11,C07_QUARTER_END_ISSUER_EB_K1,C07_QUARTER_END_ISSUER_EB,1,1,,,,,
2024-11-12,C07_QUARTER_END_ISSUER_EB_K1,C07_QUARTER_END_ISSUER_EB,1,1,,,,,
2024-11-13,C07_QUARTER_END_ISSUER_EB_K1,C07_QUARTER_END_ISSUER_EB,1,1,,,,,
2024-11-14,C07_QUARTER_END_ISSUER_EB_K1,C07_QUARTER_END_ISSUER_EB,1,1,,,,,
2024-11-15,C07_QUARTER_END_ISSUER_EB_K1,C07_QUARTER_END_ISSUER_EB,1,1,,,,,
2024-11-18,C07_QUARTER_END_ISSUER_EB_K1,C07_QUARTER_END_ISSUER_EB,1,1,,,,,
2024-11-19,C07_QUARTER_END_ISSUER_EB_K1,C07_QUARTER_END_ISSUER_EB,1,1,,,,,
2024-11-20,C07_QUARTER_END_ISSUER_EB_K1,C07_QUARTER_END_ISSUER_EB,1,1,,,,,
2024-11-21,C07_QUARTER_END_ISSUER_EB_K1,C07_QUARTER_END_ISSUER_EB,1,1,,,,,
2024-11-22,C07_QUARTER_END_ISSUER_EB_K1,C07_QUARTER_END_ISSUER_EB,1,1,,,,,
2024-11-25,C07_QUARTER_END_ISSUER_EB_K1,C07_QUARTER_END_ISSUER_EB,1,1,,,,,
2024-11-26,C07_QUARTER_END_ISSUER_EB_K1,C07_QUARTER_END_ISSUER_EB,1,1,,,,,
2024-11-27,C07_QUARTER_END_ISSUER_EB_K1,C07_QUARTER_END_ISSUER_EB,1,1,,,,,
2024-11-28,C07_QUARTER_END_ISSUER_EB_K1,C07_QUARTER_END_ISSUER_EB,1,1,,,,,
2024-11-29,C07_QUARTER_END_ISSUER_EB_K1,C07_QUARTER_END_ISSUER_EB,1,1,,,,,
2024-12-02,C07_QUARTER_END_ISSUER_EB_K1,C07_QUARTER_END_ISSUER_EB,1,1,,,,,
2024-12-03,C07_QUARTER_END_ISSUER_EB_K1,C07_QUARTER_END_ISSUER_EB,1,1,,,,,
2024-12-04,C07_QUARTER_END_ISSUER_EB_K1,C07_QUARTER_END_ISSUER_EB,1,1,,,,,
2024-12-05,C07_QUARTER_END_ISSUER_EB_K1,C07_QUARTER_END_ISSUER_EB,1,1,,,,,
2024-12-06,C07_QUARTER_END_ISSUER_EB_K1,C07_QUARTER_END_ISSUER_EB,1,1,,,,,
2024-12-09,C07_QUARTER_END_ISSUER_EB_K1,C07_QUARTER_END_ISSUER_EB,1,1,,,,,
2024-12-10,C07_QUARTER_END_ISSUER_EB_K1,C07_QUARTER_END_ISSUER_EB,1,1,,,,,
2024-12-11,C07_QUARTER_END_ISSUER_EB_K1,C07_QUARTER_END_ISSUER_EB,1,1,,,,,
2024-12-12,C07_QUARTER_END_ISSUER_EB_K1,C07_QUARTER_END_ISSUER_EB,1,1,,,,,
2024-12-13,C07_QUARTER_END_ISSUER_EB_K1,C07_QUARTER_END_ISSUER_EB,1,1,,,,,
2024-12-16,C07_QUARTER_END_ISSUER_EB_K1,C07_QUARTER_END_ISSUER_EB,1,1,,,,,
2024-12-17,C07_QUARTER_END_ISSUER_EB_K1,C07_QUARTER_END_ISSUER_EB,1,1,,,,,
2024-12-18,C07_QUARTER_END_ISSUER_EB_K1,C07_QUARTER_END_ISSUER_EB,1,1,,,,,
2024-12-19,C07_QUARTER_END_ISSUER_EB_K1,C07_QUARTER_END_ISSUER_EB,1,1,,,,,
2024-12-20,C07_QUARTER_END_ISSUER_EB_K1,C07_QUARTER_END_ISSUER_EB,1,1,,,,,
2024-12-23,C07_QUARTER_END_ISSUER_EB_K1,C07_QUARTER_END_ISSUER_EB,1,1,,,,,
2024-12-24,C07_QUARTER_END_ISSUER_EB_K1,C07_QUARTER_END_ISSUER_EB,1,1,6166,中村超硬,0.8692553915585204,0.6024096385542244,1.0
2024-12-25,C07_QUARTER_END_ISSUER_EB_K1,C07_QUARTER_END_ISSUER_EB,1,1,6166,中村超硬,0.8692553915585204,-1.1940298507462699,0.0
2024-12-26,C07_QUARTER_END_ISSUER_EB_K1,C07_QUARTER_END_ISSUER_EB,1,1,6166,中村超硬,0.8692553915585204,1.2048192771084265,1.0
2024-12-27,C07_QUARTER_END_ISSUER_EB_K1,C07_QUARTER_END_ISSUER_EB,1,1,6166,中村超硬,0.8692553915585204,1.7804154302670572,1.0
2024-12-30,C07_QUARTER_END_ISSUER_EB_K1,C07_QUARTER_END_ISSUER_EB,1,1,6166,中村超硬,0.8692553915585204,2.3391812865497075,1.0
2025-01-06,C07_QUARTER_END_ISSUER_EB_K1,C07_QUARTER_END_ISSUER_EB,1,1,,,,,
2025-01-07,C07_QUARTER_END_ISSUER_EB_K1,C07_QUARTER_END_ISSUER_EB,1,1,,,,,
2025-01-08,C07_QUARTER_END_ISSUER_EB_K1,C07_QUARTER_END_ISSUER_EB,1,1,,,,,
2025-01-09,C07_QUARTER_END_ISSUER_EB_K1,C07_QUARTER_END_ISSUER_EB,1,1,,,,,
2025-01-10,C07_QUARTER_END_ISSUER_EB_K1,C07_QUARTER_END_ISSUER_EB,1,1,,,,,
2025-01-14,C07_QUARTER_END_ISSUER_EB_K1,C07_QUARTER_END_ISSUER_EB,1,1,,,,,
2025-01-15,C07_QUARTER_END_ISSUER_EB_K1,C07_QUARTER_END_ISSUER_EB,1,1,,,,,
2025-01-16,C07_QUARTER_END_ISSUER_EB_K1,C07_QUARTER_END_ISSUER_EB,1,1,,,,,
2025-01-17,C07_QUARTER_END_ISSUER_EB_K1,C07_QUARTER_END_ISSUER_EB,1,1,,,,,
2025-01-20,C07_QUARTER_END_ISSUER_EB_K1,C07_QUARTER_END_ISSUER_EB,1,1,,,,,
2025-01-21,C07_QUARTER_END_ISSUER_EB_K1,C07_QUARTER_END_ISSUER_EB,1,1,,,,,
2025-01-22,C07_QUARTER_END_ISSUER_EB_K1,C07_QUARTER_END_ISSUER_EB,1,1,,,,,
2025-01-23,C07_QUARTER_END_ISSUER_EB_K1,C07_QUARTER_END_ISSUER_EB,1,1,,,,,
2025-01-24,C07_QUARTER_END_ISSUER_EB_K1,C07_QUARTER_END_ISSUER_EB,1,1,,,,,
2025-01-27,C07_QUARTER_END_ISSUER_EB_K1,C07_QUARTER_END_ISSUER_EB,1,1,,,,,
2025-01-28,C07_QUARTER_END_ISSUER_EB_K1,C07_QUARTER_END_ISSUER_EB,1,1,,,,,
2025-01-29,C07_QUARTER_END_ISSUER_EB_K1,C07_QUARTER_END_ISSUER_EB,1,1,,,,,
2025-01-30,C07_QUARTER_END_ISSUER_EB_K1,C07_QUARTER_END_ISSUER_EB,1,1,,,,,
2025-01-31,C07_QUARTER_END_ISSUER_EB_K1,C07_QUARTER_END_ISSUER_EB,1,1,,,,,
2025-02-03,C07_QUARTER_END_ISSUER_EB_K1,C07_QUARTER_END_ISSUER_EB,1,1,,,,,
2025-02-04,C07_QUARTER_END_ISSUER_EB_K1,C07_QUARTER_END_ISSUER_EB,1,1,,,,,
2025-02-05,C07_QUARTER_END_ISSUER_EB_K1,C07_QUARTER_END_ISSUER_EB,1,1,,,,,
2025-02-06,C07_QUARTER_END_ISSUER_EB_K1,C07_QUARTER_END_ISSUER_EB,1,1,,,,,
2025-02-07,C07_QUARTER_END_ISSUER_EB_K1,C07_QUARTER_END_ISSUER_EB,1,1,,,,,
2025-02-10,C07_QUARTER_END_ISSUER_EB_K1,C07_QUARTER_END_ISSUER_EB,1,1,,,,,
2025-02-12,C07_QUARTER_END_ISSUER_EB_K1,C07_QUARTER_END_ISSUER_EB,1,1,,,,,
2025-02-13,C07_QUARTER_END_ISSUER_EB_K1,C07_QUARTER_END_ISSUER_EB,1,1,,,,,
2025-02-14,C07_QUARTER_END_ISSUER_EB_K1,C07_QUARTER_END_ISSUER_EB,1,1,,,,,
2025-02-17,C07_QUARTER_END_ISSUER_EB_K1,C07_QUARTER_END_ISSUER_EB,1,1,,,,,
2025-02-18,C07_QUARTER_END_ISSUER_EB_K1,C07_QUARTER_END_ISSUER_EB,1,1,,,,,
2025-02-19,C07_QUARTER_END_ISSUER_EB_K1,C07_QUARTER_END_ISSUER_EB,1,1,,,,,
2025-02-20,C07_QUARTER_END_ISSUER_EB_K1,C07_QUARTER_END_ISSUER_EB,1,1,,,,,
2025-02-21,C07_QUARTER_END_ISSUER_EB_K1,C07_QUARTER_END_ISSUER_EB,1,1,,,,,
2025-02-25,C07_QUARTER_END_ISSUER_EB_K1,C07_QUARTER_END_ISSUER_EB,1,1,,,,,
2025-02-26,C07_QUARTER_END_ISSUER_EB_K1,C07_QUARTER_END_ISSUER_EB,1,1,,,,,
2025-02-27,C07_QUARTER_END_ISSUER_EB_K1,C07_QUARTER_END_ISSUER_EB,1,1,,,,,
2025-02-28,C07_QUARTER_END_ISSUER_EB_K1,C07_QUARTER_END_ISSUER_EB,1,1,,,,,
2025-03-03,C07_QUARTER_END_ISSUER_EB_K1,C07_QUARTER_END_ISSUER_EB,1,1,,,,,
2025-03-04,C07_QUARTER_END_ISSUER_EB_K1,C07_QUARTER_END_ISSUER_EB,1,1,,,,,
2025-03-05,C07_QUARTER_END_ISSUER_EB_K1,C07_QUARTER_END_ISSUER_EB,1,1,,,,,
2025-03-06,C07_QUARTER_END_ISSUER_EB_K1,C07_QUARTER_END_ISSUER_EB,1,1,,,,,
2025-03-07,C07_QUARTER_END_ISSUER_EB_K1,C07_QUARTER_END_ISSUER_EB,1,1,,,,,
2025-03-10,C07_QUARTER_END_ISSUER_EB_K1,C07_QUARTER_END_ISSUER_EB,1,1,,,,,
2025-03-11,C07_QUARTER_END_ISSUER_EB_K1,C07_QUARTER_END_ISSUER_EB,1,1,,,,,
2025-03-12,C07_QUARTER_END_ISSUER_EB_K1,C07_QUARTER_END_ISSUER_EB,1,1,,,,,
2025-03-13,C07_QUARTER_END_ISSUER_EB_K1,C07_QUARTER_END_ISSUER_EB,1,1,,,,,
2025-03-14,C07_QUARTER_END_ISSUER_EB_K1,C07_QUARTER_END_ISSUER_EB,1,1,,,,,
2025-03-17,C07_QUARTER_END_ISSUER_EB_K1,C07_QUARTER_END_ISSUER_EB,1,1,,,,,
2025-03-18,C07_QUARTER_END_ISSUER_EB_K1,C07_QUARTER_END_ISSUER_EB,1,1,,,,,
2025-03-19,C07_QUARTER_END_ISSUER_EB_K1,C07_QUARTER_END_ISSUER_EB,1,1,,,,,
2025-03-21,C07_QUARTER_END_ISSUER_EB_K1,C07_QUARTER_END_ISSUER_EB,1,1,,,,,
2025-03-24,C07_QUARTER_END_ISSUER_EB_K1,C07_QUARTER_END_ISSUER_EB,1,1,,,,,
2025-03-25,C07_QUARTER_END_ISSUER_EB_K1,C07_QUARTER_END_ISSUER_EB,1,1,1518,三井松島ホールディングス,0.9061820908313929,-1.5222482435597207,0.0
2025-03-26,C07_QUARTER_END_ISSUER_EB_K1,C07_QUARTER_END_ISSUER_EB,1,1,1518,三井松島ホールディングス,0.9061820908313929,0.7134363852556502,1.0
2025-03-27,C07_QUARTER_END_ISSUER_EB_K1,C07_QUARTER_END_ISSUER_EB,1,1,1518,三井松島ホールディングス,0.9061820908313929,1.7878426698450633,1.0
2025-03-28,C07_QUARTER_END_ISSUER_EB_K1,C07_QUARTER_END_ISSUER_EB,1,1,1518,三井松島ホールディングス,0.9061820908313929,1.2033694344163681,1.0
2025-03-31,C07_QUARTER_END_ISSUER_EB_K1,C07_QUARTER_END_ISSUER_EB,1,1,1518,三井松島ホールディングス,0.9061820908313929,-3.8694074969770287,0.0
2025-04-01,C07_QUARTER_END_ISSUER_EB_K1,C07_QUARTER_END_ISSUER_EB,1,1,,,,,
2025-04-02,C07_QUARTER_END_ISSUER_EB_K1,C07_QUARTER_END_ISSUER_EB,1,1,,,,,
2025-04-03,C07_QUARTER_END_ISSUER_EB_K1,C07_QUARTER_END_ISSUER_EB,1,1,,,,,
2025-04-04,C07_QUARTER_END_ISSUER_EB_K1,C07_QUARTER_END_ISSUER_EB,1,1,,,,,
2025-04-07,C07_QUARTER_END_ISSUER_EB_K1,C07_QUARTER_END_ISSUER_EB,1,1,,,,,
2025-04-08,C07_QUARTER_END_ISSUER_EB_K1,C07_QUARTER_END_ISSUER_EB,1,1,,,,,
2025-04-09,C07_QUARTER_END_ISSUER_EB_K1,C07_QUARTER_END_ISSUER_EB,1,1,,,,,
2025-04-10,C07_QUARTER_END_ISSUER_EB_K1,C07_QUARTER_END_ISSUER_EB,1,1,,,,,
2025-04-11,C07_QUARTER_END_ISSUER_EB_K1,C07_QUARTER_END_ISSUER_EB,1,1,,,,,
2025-04-14,C07_QUARTER_END_ISSUER_EB_K1,C07_QUARTER_END_ISSUER_EB,1,1,,,,,
2025-04-15,C07_QUARTER_END_ISSUER_EB_K1,C07_QUARTER_END_ISSUER_EB,1,1,,,,,
2025-04-16,C07_QUARTER_END_ISSUER_EB_K1,C07_QUARTER_END_ISSUER_EB,1,1,,,,,
2025-04-17,C07_QUARTER_END_ISSUER_EB_K1,C07_QUARTER_END_ISSUER_EB,1,1,,,,,
2025-04-18,C07_QUARTER_END_ISSUER_EB_K1,C07_QUARTER_END_ISSUER_EB,1,1,,,,,
2025-04-21,C07_QUARTER_END_ISSUER_EB_K1,C07_QUARTER_END_ISSUER_EB,1,1,,,,,
2025-04-22,C07_QUARTER_END_ISSUER_EB_K1,C07_QUARTER_END_ISSUER_EB,1,1,,,,,
2025-04-23,C07_QUARTER_END_ISSUER_EB_K1,C07_QUARTER_END_ISSUER_EB,1,1,,,,,
2025-04-24,C07_QUARTER_END_ISSUER_EB_K1,C07_QUARTER_END_ISSUER_EB,1,1,,,,,
2025-04-25,C07_QUARTER_END_ISSUER_EB_K1,C07_QUARTER_END_ISSUER_EB,1,1,,,,,
2025-04-28,C07_QUARTER_END_ISSUER_EB_K1,C07_QUARTER_END_ISSUER_EB,1,1,,,,,
2025-04-30,C07_QUARTER_END_ISSUER_EB_K1,C07_QUARTER_END_ISSUER_EB,1,1,,,,,
2025-05-01,C07_QUARTER_END_ISSUER_EB_K1,C07_QUARTER_END_ISSUER_EB,1,1,,,,,
2025-05-02,C07_QUARTER_END_ISSUER_EB_K1,C07_QUARTER_END_ISSUER_EB,1,1,,,,,
2025-05-07,C07_QUARTER_END_ISSUER_EB_K1,C07_QUARTER_END_ISSUER_EB,1,1,,,,,
2025-05-08,C07_QUARTER_END_ISSUER_EB_K1,C07_QUARTER_END_ISSUER_EB,1,1,,,,,
2025-05-09,C07_QUARTER_END_ISSUER_EB_K1,C07_QUARTER_END_ISSUER_EB,1,1,,,,,
2025-05-12,C07_QUARTER_END_ISSUER_EB_K1,C07_QUARTER_END_ISSUER_EB,1,1,,,,,
2025-05-13,C07_QUARTER_END_ISSUER_EB_K1,C07_QUARTER_END_ISSUER_EB,1,1,,,,,
2025-05-14,C07_QUARTER_END_ISSUER_EB_K1,C07_QUARTER_END_ISSUER_EB,1,1,,,,,
2025-05-15,C07_QUARTER_END_ISSUER_EB_K1,C07_QUARTER_END_ISSUER_EB,1,1,,,,,
2025-05-16,C07_QUARTER_END_ISSUER_EB_K1,C07_QUARTER_END_ISSUER_EB,1,1,,,,,
2025-05-19,C07_QUARTER_END_ISSUER_EB_K1,C07_QUARTER_END_ISSUER_EB,1,1,,,,,
2025-05-20,C07_QUARTER_END_ISSUER_EB_K1,C07_QUARTER_END_ISSUER_EB,1,1,,,,,
2025-05-21,C07_QUARTER_END_ISSUER_EB_K1,C07_QUARTER_END_ISSUER_EB,1,1,,,,,
2025-05-22,C07_QUARTER_END_ISSUER_EB_K1,C07_QUARTER_END_ISSUER_EB,1,1,,,,,
2025-05-23,C07_QUARTER_END_ISSUER_EB_K1,C07_QUARTER_END_ISSUER_EB,1,1,,,,,
2025-05-26,C07_QUARTER_END_ISSUER_EB_K1,C07_QUARTER_END_ISSUER_EB,1,1,,,,,
2025-05-27,C07_QUARTER_END_ISSUER_EB_K1,C07_QUARTER_END_ISSUER_EB,1,1,,,,,
2025-05-28,C07_QUARTER_END_ISSUER_EB_K1,C07_QUARTER_END_ISSUER_EB,1,1,,,,,
2025-05-29,C07_QUARTER_END_ISSUER_EB_K1,C07_QUARTER_END_ISSUER_EB,1,1,,,,,
2025-05-30,C07_QUARTER_END_ISSUER_EB_K1,C07_QUARTER_END_ISSUER_EB,1,1,,,,,
2025-06-02,C07_QUARTER_END_ISSUER_EB_K1,C07_QUARTER_END_ISSUER_EB,1,1,,,,,
2025-06-03,C07_QUARTER_END_ISSUER_EB_K1,C07_QUARTER_END_ISSUER_EB,1,1,,,,,
2025-06-04,C07_QUARTER_END_ISSUER_EB_K1,C07_QUARTER_END_ISSUER_EB,1,1,,,,,
2025-06-05,C07_QUARTER_END_ISSUER_EB_K1,C07_QUARTER_END_ISSUER_EB,1,1,,,,,
2025-06-06,C07_QUARTER_END_ISSUER_EB_K1,C07_QUARTER_END_ISSUER_EB,1,1,,,,,
2025-06-09,C07_QUARTER_END_ISSUER_EB_K1,C07_QUARTER_END_ISSUER_EB,1,1,,,,,
2025-06-10,C07_QUARTER_END_ISSUER_EB_K1,C07_QUARTER_END_ISSUER_EB,1,1,,,,,
2025-06-11,C07_QUARTER_END_ISSUER_EB_K1,C07_QUARTER_END_ISSUER_EB,1,1,,,,,
2025-06-12,C07_QUARTER_END_ISSUER_EB_K1,C07_QUARTER_END_ISSUER_EB,1,1,,,,,
2025-06-13,C07_QUARTER_END_ISSUER_EB_K1,C07_QUARTER_END_ISSUER_EB,1,1,,,,,
2025-06-16,C07_QUARTER_END_ISSUER_EB_K1,C07_QUARTER_END_ISSUER_EB,1,1,,,,,
2025-06-17,C07_QUARTER_END_ISSUER_EB_K1,C07_QUARTER_END_ISSUER_EB,1,1,,,,,
2025-06-18,C07_QUARTER_END_ISSUER_EB_K1,C07_QUARTER_END_ISSUER_EB,1,1,,,,,
2025-06-19,C07_QUARTER_END_ISSUER_EB_K1,C07_QUARTER_END_ISSUER_EB,1,1,,,,,
2025-06-20,C07_QUARTER_END_ISSUER_EB_K1,C07_QUARTER_END_ISSUER_EB,1,1,,,,,
2025-06-23,C07_QUARTER_END_ISSUER_EB_K1,C07_QUARTER_END_ISSUER_EB,1,1,,,,,
2025-06-24,C07_QUARTER_END_ISSUER_EB_K1,C07_QUARTER_END_ISSUER_EB,1,1,6166,中村超硬,0.7464307445949597,1.9480519480519431,1.0
2025-06-25,C07_QUARTER_END_ISSUER_EB_K1,C07_QUARTER_END_ISSUER_EB,1,1,6166,中村超硬,0.7464307445949597,-3.809523809523807,0.0
2025-06-26,C07_QUARTER_END_ISSUER_EB_K1,C07_QUARTER_END_ISSUER_EB,1,1,6166,中村超硬,0.7464307445949597,1.6447368421052655,1.0
2025-06-27,C07_QUARTER_END_ISSUER_EB_K1,C07_QUARTER_END_ISSUER_EB,1,1,6166,中村超硬,0.7464307445949597,4.516129032258065,1.0
2025-06-30,C07_QUARTER_END_ISSUER_EB_K1,C07_QUARTER_END_ISSUER_EB,1,1,6166,中村超硬,0.7464307445949597,-0.9036144578313254,0.0
2025-07-01,C07_QUARTER_END_ISSUER_EB_K1,C07_QUARTER_END_ISSUER_EB,1,1,,,,,
2025-07-02,C07_QUARTER_END_ISSUER_EB_K1,C07_QUARTER_END_ISSUER_EB,1,1,,,,,
2025-07-03,C07_QUARTER_END_ISSUER_EB_K1,C07_QUARTER_END_ISSUER_EB,1,1,,,,,
2025-07-04,C07_QUARTER_END_ISSUER_EB_K1,C07_QUARTER_END_ISSUER_EB,1,1,,,,,
2025-07-07,C07_QUARTER_END_ISSUER_EB_K1,C07_QUARTER_END_ISSUER_EB,1,1,,,,,
2025-07-08,C07_QUARTER_END_ISSUER_EB_K1,C07_QUARTER_END_ISSUER_EB,1,1,,,,,
2025-07-09,C07_QUARTER_END_ISSUER_EB_K1,C07_QUARTER_END_ISSUER_EB,1,1,,,,,
2025-07-10,C07_QUARTER_END_ISSUER_EB_K1,C07_QUARTER_END_ISSUER_EB,1,1,,,,,
2025-07-11,C07_QUARTER_END_ISSUER_EB_K1,C07_QUARTER_END_ISSUER_EB,1,1,,,,,
2025-07-14,C07_QUARTER_END_ISSUER_EB_K1,C07_QUARTER_END_ISSUER_EB,1,1,,,,,
2025-07-15,C07_QUARTER_END_ISSUER_EB_K1,C07_QUARTER_END_ISSUER_EB,1,1,,,,,
2025-07-16,C07_QUARTER_END_ISSUER_EB_K1,C07_QUARTER_END_ISSUER_EB,1,1,,,,,
2025-07-17,C07_QUARTER_END_ISSUER_EB_K1,C07_QUARTER_END_ISSUER_EB,1,1,,,,,
2025-07-18,C07_QUARTER_END_ISSUER_EB_K1,C07_QUARTER_END_ISSUER_EB,1,1,,,,,
2025-07-22,C07_QUARTER_END_ISSUER_EB_K1,C07_QUARTER_END_ISSUER_EB,1,1,,,,,
2025-07-23,C07_QUARTER_END_ISSUER_EB_K1,C07_QUARTER_END_ISSUER_EB,1,1,,,,,
2025-07-24,C07_QUARTER_END_ISSUER_EB_K1,C07_QUARTER_END_ISSUER_EB,1,1,,,,,
2025-07-25,C07_QUARTER_END_ISSUER_EB_K1,C07_QUARTER_END_ISSUER_EB,1,1,,,,,
2025-07-28,C07_QUARTER_END_ISSUER_EB_K1,C07_QUARTER_END_ISSUER_EB,1,1,,,,,
2025-07-29,C07_QUARTER_END_ISSUER_EB_K1,C07_QUARTER_END_ISSUER_EB,1,1,,,,,
2025-07-30,C07_QUARTER_END_ISSUER_EB_K1,C07_QUARTER_END_ISSUER_EB,1,1,,,,,
2025-07-31,C07_QUARTER_END_ISSUER_EB_K1,C07_QUARTER_END_ISSUER_EB,1,1,,,,,
2024-07-01,C07_QUARTER_END_ISSUER_EB_K2,C07_QUARTER_END_ISSUER_EB,2,1,,,,,
2024-07-01,C07_QUARTER_END_ISSUER_EB_K2,C07_QUARTER_END_ISSUER_EB,2,2,,,,,
2024-07-02,C07_QUARTER_END_ISSUER_EB_K2,C07_QUARTER_END_ISSUER_EB,2,1,,,,,
2024-07-02,C07_QUARTER_END_ISSUER_EB_K2,C07_QUARTER_END_ISSUER_EB,2,2,,,,,
2024-07-03,C07_QUARTER_END_ISSUER_EB_K2,C07_QUARTER_END_ISSUER_EB,2,1,,,,,
2024-07-03,C07_QUARTER_END_ISSUER_EB_K2,C07_QUARTER_END_ISSUER_EB,2,2,,,,,
2024-07-04,C07_QUARTER_END_ISSUER_EB_K2,C07_QUARTER_END_ISSUER_EB,2,1,,,,,
2024-07-04,C07_QUARTER_END_ISSUER_EB_K2,C07_QUARTER_END_ISSUER_EB,2,2,,,,,
2024-07-05,C07_QUARTER_END_ISSUER_EB_K2,C07_QUARTER_END_ISSUER_EB,2,1,,,,,
2024-07-05,C07_QUARTER_END_ISSUER_EB_K2,C07_QUARTER_END_ISSUER_EB,2,2,,,,,
2024-07-08,C07_QUARTER_END_ISSUER_EB_K2,C07_QUARTER_END_ISSUER_EB,2,1,,,,,
2024-07-08,C07_QUARTER_END_ISSUER_EB_K2,C07_QUARTER_END_ISSUER_EB,2,2,,,,,
2024-07-09,C07_QUARTER_END_ISSUER_EB_K2,C07_QUARTER_END_ISSUER_EB,2,1,,,,,
2024-07-09,C07_QUARTER_END_ISSUER_EB_K2,C07_QUARTER_END_ISSUER_EB,2,2,,,,,
2024-07-10,C07_QUARTER_END_ISSUER_EB_K2,C07_QUARTER_END_ISSUER_EB,2,1,,,,,
2024-07-10,C07_QUARTER_END_ISSUER_EB_K2,C07_QUARTER_END_ISSUER_EB,2,2,,,,,
2024-07-11,C07_QUARTER_END_ISSUER_EB_K2,C07_QUARTER_END_ISSUER_EB,2,1,,,,,
2024-07-11,C07_QUARTER_END_ISSUER_EB_K2,C07_QUARTER_END_ISSUER_EB,2,2,,,,,
2024-07-12,C07_QUARTER_END_ISSUER_EB_K2,C07_QUARTER_END_ISSUER_EB,2,1,,,,,
2024-07-12,C07_QUARTER_END_ISSUER_EB_K2,C07_QUARTER_END_ISSUER_EB,2,2,,,,,
2024-07-16,C07_QUARTER_END_ISSUER_EB_K2,C07_QUARTER_END_ISSUER_EB,2,1,,,,,
2024-07-16,C07_QUARTER_END_ISSUER_EB_K2,C07_QUARTER_END_ISSUER_EB,2,2,,,,,
2024-07-17,C07_QUARTER_END_ISSUER_EB_K2,C07_QUARTER_END_ISSUER_EB,2,1,,,,,
2024-07-17,C07_QUARTER_END_ISSUER_EB_K2,C07_QUARTER_END_ISSUER_EB,2,2,,,,,
2024-07-18,C07_QUARTER_END_ISSUER_EB_K2,C07_QUARTER_END_ISSUER_EB,2,1,,,,,
2024-07-18,C07_QUARTER_END_ISSUER_EB_K2,C07_QUARTER_END_ISSUER_EB,2,2,,,,,
2024-07-19,C07_QUARTER_END_ISSUER_EB_K2,C07_QUARTER_END_ISSUER_EB,2,1,,,,,
2024-07-19,C07_QUARTER_END_ISSUER_EB_K2,C07_QUARTER_END_ISSUER_EB,2,2,,,,,
2024-07-22,C07_QUARTER_END_ISSUER_EB_K2,C07_QUARTER_END_ISSUER_EB,2,1,,,,,
2024-07-22,C07_QUARTER_END_ISSUER_EB_K2,C07_QUARTER_END_ISSUER_EB,2,2,,,,,
2024-07-23,C07_QUARTER_END_ISSUER_EB_K2,C07_QUARTER_END_ISSUER_EB,2,1,,,,,
2024-07-23,C07_QUARTER_END_ISSUER_EB_K2,C07_QUARTER_END_ISSUER_EB,2,2,,,,,
2024-07-24,C07_QUARTER_END_ISSUER_EB_K2,C07_QUARTER_END_ISSUER_EB,2,1,,,,,
2024-07-24,C07_QUARTER_END_ISSUER_EB_K2,C07_QUARTER_END_ISSUER_EB,2,2,,,,,
2024-07-25,C07_QUARTER_END_ISSUER_EB_K2,C07_QUARTER_END_ISSUER_EB,2,1,,,,,
2024-07-25,C07_QUARTER_END_ISSUER_EB_K2,C07_QUARTER_END_ISSUER_EB,2,2,,,,,
2024-07-26,C07_QUARTER_END_ISSUER_EB_K2,C07_QUARTER_END_ISSUER_EB,2,1,,,,,
2024-07-26,C07_QUARTER_END_ISSUER_EB_K2,C07_QUARTER_END_ISSUER_EB,2,2,,,,,
2024-07-29,C07_QUARTER_END_ISSUER_EB_K2,C07_QUARTER_END_ISSUER_EB,2,1,,,,,
2024-07-29,C07_QUARTER_END_ISSUER_EB_K2,C07_QUARTER_END_ISSUER_EB,2,2,,,,,
2024-07-30,C07_QUARTER_END_ISSUER_EB_K2,C07_QUARTER_END_ISSUER_EB,2,1,,,,,
2024-07-30,C07_QUARTER_END_ISSUER_EB_K2,C07_QUARTER_END_ISSUER_EB,2,2,,,,,
2024-07-31,C07_QUARTER_END_ISSUER_EB_K2,C07_QUARTER_END_ISSUER_EB,2,1,,,,,
2024-07-31,C07_QUARTER_END_ISSUER_EB_K2,C07_QUARTER_END_ISSUER_EB,2,2,,,,,
2024-08-01,C07_QUARTER_END_ISSUER_EB_K2,C07_QUARTER_END_ISSUER_EB,2,1,,,,,
2024-08-01,C07_QUARTER_END_ISSUER_EB_K2,C07_QUARTER_END_ISSUER_EB,2,2,,,,,
2024-08-02,C07_QUARTER_END_ISSUER_EB_K2,C07_QUARTER_END_ISSUER_EB,2,1,,,,,
2024-08-02,C07_QUARTER_END_ISSUER_EB_K2,C07_QUARTER_END_ISSUER_EB,2,2,,,,,
2024-08-05,C07_QUARTER_END_ISSUER_EB_K2,C07_QUARTER_END_ISSUER_EB,2,1,,,,,
2024-08-05,C07_QUARTER_END_ISSUER_EB_K2,C07_QUARTER_END_ISSUER_EB,2,2,,,,,
2024-08-06,C07_QUARTER_END_ISSUER_EB_K2,C07_QUARTER_END_ISSUER_EB,2,1,,,,,
2024-08-06,C07_QUARTER_END_ISSUER_EB_K2,C07_QUARTER_END_ISSUER_EB,2,2,,,,,
2024-08-07,C07_QUARTER_END_ISSUER_EB_K2,C07_QUARTER_END_ISSUER_EB,2,1,,,,,
2024-08-07,C07_QUARTER_END_ISSUER_EB_K2,C07_QUARTER_END_ISSUER_EB,2,2,,,,,
2024-08-08,C07_QUARTER_END_ISSUER_EB_K2,C07_QUARTER_END_ISSUER_EB,2,1,,,,,
2024-08-08,C07_QUARTER_END_ISSUER_EB_K2,C07_QUARTER_END_ISSUER_EB,2,2,,,,,
2024-08-09,C07_QUARTER_END_ISSUER_EB_K2,C07_QUARTER_END_ISSUER_EB,2,1,,,,,
2024-08-09,C07_QUARTER_END_ISSUER_EB_K2,C07_QUARTER_END_ISSUER_EB,2,2,,,,,
2024-08-13,C07_QUARTER_END_ISSUER_EB_K2,C07_QUARTER_END_ISSUER_EB,2,1,,,,,
2024-08-13,C07_QUARTER_END_ISSUER_EB_K2,C07_QUARTER_END_ISSUER_EB,2,2,,,,,
2024-08-14,C07_QUARTER_END_ISSUER_EB_K2,C07_QUARTER_END_ISSUER_EB,2,1,,,,,
2024-08-14,C07_QUARTER_END_ISSUER_EB_K2,C07_QUARTER_END_ISSUER_EB,2,2,,,,,
2024-08-15,C07_QUARTER_END_ISSUER_EB_K2,C07_QUARTER_END_ISSUER_EB,2,1,,,,,
2024-08-15,C07_QUARTER_END_ISSUER_EB_K2,C07_QUARTER_END_ISSUER_EB,2,2,,,,,
2024-08-16,C07_QUARTER_END_ISSUER_EB_K2,C07_QUARTER_END_ISSUER_EB,2,1,,,,,
2024-08-16,C07_QUARTER_END_ISSUER_EB_K2,C07_QUARTER_END_ISSUER_EB,2,2,,,,,
2024-08-19,C07_QUARTER_END_ISSUER_EB_K2,C07_QUARTER_END_ISSUER_EB,2,1,,,,,
2024-08-19,C07_QUARTER_END_ISSUER_EB_K2,C07_QUARTER_END_ISSUER_EB,2,2,,,,,
2024-08-20,C07_QUARTER_END_ISSUER_EB_K2,C07_QUARTER_END_ISSUER_EB,2,1,,,,,
2024-08-20,C07_QUARTER_END_ISSUER_EB_K2,C07_QUARTER_END_ISSUER_EB,2,2,,,,,
2024-08-21,C07_QUARTER_END_ISSUER_EB_K2,C07_QUARTER_END_ISSUER_EB,2,1,,,,,
2024-08-21,C07_QUARTER_END_ISSUER_EB_K2,C07_QUARTER_END_ISSUER_EB,2,2,,,,,
2024-08-22,C07_QUARTER_END_ISSUER_EB_K2,C07_QUARTER_END_ISSUER_EB,2,1,,,,,
2024-08-22,C07_QUARTER_END_ISSUER_EB_K2,C07_QUARTER_END_ISSUER_EB,2,2,,,,,
2024-08-23,C07_QUARTER_END_ISSUER_EB_K2,C07_QUARTER_END_ISSUER_EB,2,1,,,,,
2024-08-23,C07_QUARTER_END_ISSUER_EB_K2,C07_QUARTER_END_ISSUER_EB,2,2,,,,,
2024-08-26,C07_QUARTER_END_ISSUER_EB_K2,C07_QUARTER_END_ISSUER_EB,2,1,,,,,
2024-08-26,C07_QUARTER_END_ISSUER_EB_K2,C07_QUARTER_END_ISSUER_EB,2,2,,,,,
2024-08-27,C07_QUARTER_END_ISSUER_EB_K2,C07_QUARTER_END_ISSUER_EB,2,1,,,,,
2024-08-27,C07_QUARTER_END_ISSUER_EB_K2,C07_QUARTER_END_ISSUER_EB,2,2,,,,,
2024-08-28,C07_QUARTER_END_ISSUER_EB_K2,C07_QUARTER_END_ISSUER_EB,2,1,,,,,
2024-08-28,C07_QUARTER_END_ISSUER_EB_K2,C07_QUARTER_END_ISSUER_EB,2,2,,,,,
2024-08-29,C07_QUARTER_END_ISSUER_EB_K2,C07_QUARTER_END_ISSUER_EB,2,1,,,,,
2024-08-29,C07_QUARTER_END_ISSUER_EB_K2,C07_QUARTER_END_ISSUER_EB,2,2,,,,,
2024-08-30,C07_QUARTER_END_ISSUER_EB_K2,C07_QUARTER_END_ISSUER_EB,2,1,,,,,
2024-08-30,C07_QUARTER_END_ISSUER_EB_K2,C07_QUARTER_END_ISSUER_EB,2,2,,,,,
2024-09-02,C07_QUARTER_END_ISSUER_EB_K2,C07_QUARTER_END_ISSUER_EB,2,1,,,,,
2024-09-02,C07_QUARTER_END_ISSUER_EB_K2,C07_QUARTER_END_ISSUER_EB,2,2,,,,,
2024-09-03,C07_QUARTER_END_ISSUER_EB_K2,C07_QUARTER_END_ISSUER_EB,2,1,,,,,
2024-09-03,C07_QUARTER_END_ISSUER_EB_K2,C07_QUARTER_END_ISSUER_EB,2,2,,,,,
2024-09-04,C07_QUARTER_END_ISSUER_EB_K2,C07_QUARTER_END_ISSUER_EB,2,1,,,,,
2024-09-04,C07_QUARTER_END_ISSUER_EB_K2,C07_QUARTER_END_ISSUER_EB,2,2,,,,,
2024-09-05,C07_QUARTER_END_ISSUER_EB_K2,C07_QUARTER_END_ISSUER_EB,2,1,,,,,
2024-09-05,C07_QUARTER_END_ISSUER_EB_K2,C07_QUARTER_END_ISSUER_EB,2,2,,,,,
2024-09-06,C07_QUARTER_END_ISSUER_EB_K2,C07_QUARTER_END_ISSUER_EB,2,1,,,,,
2024-09-06,C07_QUARTER_END_ISSUER_EB_K2,C07_QUARTER_END_ISSUER_EB,2,2,,,,,
2024-09-09,C07_QUARTER_END_ISSUER_EB_K2,C07_QUARTER_END_ISSUER_EB,2,1,,,,,
2024-09-09,C07_QUARTER_END_ISSUER_EB_K2,C07_QUARTER_END_ISSUER_EB,2,2,,,,,
2024-09-10,C07_QUARTER_END_ISSUER_EB_K2,C07_QUARTER_END_ISSUER_EB,2,1,,,,,
2024-09-10,C07_QUARTER_END_ISSUER_EB_K2,C07_QUARTER_END_ISSUER_EB,2,2,,,,,
2024-09-11,C07_QUARTER_END_ISSUER_EB_K2,C07_QUARTER_END_ISSUER_EB,2,1,,,,,
2024-09-11,C07_QUARTER_END_ISSUER_EB_K2,C07_QUARTER_END_ISSUER_EB,2,2,,,,,
2024-09-12,C07_QUARTER_END_ISSUER_EB_K2,C07_QUARTER_END_ISSUER_EB,2,1,,,,,
2024-09-12,C07_QUARTER_END_ISSUER_EB_K2,C07_QUARTER_END_ISSUER_EB,2,2,,,,,
2024-09-13,C07_QUARTER_END_ISSUER_EB_K2,C07_QUARTER_END_ISSUER_EB,2,1,,,,,
2024-09-13,C07_QUARTER_END_ISSUER_EB_K2,C07_QUARTER_END_ISSUER_EB,2,2,,,,,
2024-09-17,C07_QUARTER_END_ISSUER_EB_K2,C07_QUARTER_END_ISSUER_EB,2,1,,,,,
2024-09-17,C07_QUARTER_END_ISSUER_EB_K2,C07_QUARTER_END_ISSUER_EB,2,2,,,,,
2024-09-18,C07_QUARTER_END_ISSUER_EB_K2,C07_QUARTER_END_ISSUER_EB,2,1,,,,,
2024-09-18,C07_QUARTER_END_ISSUER_EB_K2,C07_QUARTER_END_ISSUER_EB,2,2,,,,,
2024-09-19,C07_QUARTER_END_ISSUER_EB_K2,C07_QUARTER_END_ISSUER_EB,2,1,,,,,
2024-09-19,C07_QUARTER_END_ISSUER_EB_K2,C07_QUARTER_END_ISSUER_EB,2,2,,,,,
2024-09-20,C07_QUARTER_END_ISSUER_EB_K2,C07_QUARTER_END_ISSUER_EB,2,1,,,,,
2024-09-20,C07_QUARTER_END_ISSUER_EB_K2,C07_QUARTER_END_ISSUER_EB,2,2,,,,,
2024-09-24,C07_QUARTER_END_ISSUER_EB_K2,C07_QUARTER_END_ISSUER_EB,2,1,6166,中村超硬,0.8315594592946424,-1.5981735159817378,0.0
2024-09-24,C07_QUARTER_END_ISSUER_EB_K2,C07_QUARTER_END_ISSUER_EB,2,2,2216,カンロ,0.7139331266646209,-3.064066852367686,0.0
2024-09-25,C07_QUARTER_END_ISSUER_EB_K2,C07_QUARTER_END_ISSUER_EB,2,1,6166,中村超硬,0.8315594592946424,1.6091954022988464,1.0
2024-09-25,C07_QUARTER_END_ISSUER_EB_K2,C07_QUARTER_END_ISSUER_EB,2,2,2216,カンロ,0.7139331266646209,-1.7142857142857126,0.0
2024-09-26,C07_QUARTER_END_ISSUER_EB_K2,C07_QUARTER_END_ISSUER_EB,2,1,6166,中村超硬,0.8315594592946424,1.82648401826484,1.0
2024-09-26,C07_QUARTER_END_ISSUER_EB_K2,C07_QUARTER_END_ISSUER_EB,2,2,2216,カンロ,0.7139331266646209,1.7467248908296984,1.0
2024-09-27,C07_QUARTER_END_ISSUER_EB_K2,C07_QUARTER_END_ISSUER_EB,2,1,6166,中村超硬,0.8315594592946424,4.697986577181212,1.0
2024-09-27,C07_QUARTER_END_ISSUER_EB_K2,C07_QUARTER_END_ISSUER_EB,2,2,2216,カンロ,0.7139331266646209,0.14224751066855834,1.0
2024-09-30,C07_QUARTER_END_ISSUER_EB_K2,C07_QUARTER_END_ISSUER_EB,2,1,6166,中村超硬,0.8315594592946424,-0.6696428571428603,0.0
2024-09-30,C07_QUARTER_END_ISSUER_EB_K2,C07_QUARTER_END_ISSUER_EB,2,2,2216,カンロ,0.7139331266646209,2.1929824561403466,1.0
2024-10-01,C07_QUARTER_END_ISSUER_EB_K2,C07_QUARTER_END_ISSUER_EB,2,1,,,,,
2024-10-01,C07_QUARTER_END_ISSUER_EB_K2,C07_QUARTER_END_ISSUER_EB,2,2,,,,,
2024-10-02,C07_QUARTER_END_ISSUER_EB_K2,C07_QUARTER_END_ISSUER_EB,2,1,,,,,
2024-10-02,C07_QUARTER_END_ISSUER_EB_K2,C07_QUARTER_END_ISSUER_EB,2,2,,,,,
2024-10-03,C07_QUARTER_END_ISSUER_EB_K2,C07_QUARTER_END_ISSUER_EB,2,1,,,,,
2024-10-03,C07_QUARTER_END_ISSUER_EB_K2,C07_QUARTER_END_ISSUER_EB,2,2,,,,,
2024-10-04,C07_QUARTER_END_ISSUER_EB_K2,C07_QUARTER_END_ISSUER_EB,2,1,,,,,
2024-10-04,C07_QUARTER_END_ISSUER_EB_K2,C07_QUARTER_END_ISSUER_EB,2,2,,,,,
2024-10-07,C07_QUARTER_END_ISSUER_EB_K2,C07_QUARTER_END_ISSUER_EB,2,1,,,,,
2024-10-07,C07_QUARTER_END_ISSUER_EB_K2,C07_QUARTER_END_ISSUER_EB,2,2,,,,,
2024-10-08,C07_QUARTER_END_ISSUER_EB_K2,C07_QUARTER_END_ISSUER_EB,2,1,,,,,
2024-10-08,C07_QUARTER_END_ISSUER_EB_K2,C07_QUARTER_END_ISSUER_EB,2,2,,,,,
2024-10-09,C07_QUARTER_END_ISSUER_EB_K2,C07_QUARTER_END_ISSUER_EB,2,1,,,,,
2024-10-09,C07_QUARTER_END_ISSUER_EB_K2,C07_QUARTER_END_ISSUER_EB,2,2,,,,,
2024-10-10,C07_QUARTER_END_ISSUER_EB_K2,C07_QUARTER_END_ISSUER_EB,2,1,,,,,
2024-10-10,C07_QUARTER_END_ISSUER_EB_K2,C07_QUARTER_END_ISSUER_EB,2,2,,,,,
2024-10-11,C07_QUARTER_END_ISSUER_EB_K2,C07_QUARTER_END_ISSUER_EB,2,1,,,,,
2024-10-11,C07_QUARTER_END_ISSUER_EB_K2,C07_QUARTER_END_ISSUER_EB,2,2,,,,,
2024-10-15,C07_QUARTER_END_ISSUER_EB_K2,C07_QUARTER_END_ISSUER_EB,2,1,,,,,
2024-10-15,C07_QUARTER_END_ISSUER_EB_K2,C07_QUARTER_END_ISSUER_EB,2,2,,,,,
2024-10-16,C07_QUARTER_END_ISSUER_EB_K2,C07_QUARTER_END_ISSUER_EB,2,1,,,,,
2024-10-16,C07_QUARTER_END_ISSUER_EB_K2,C07_QUARTER_END_ISSUER_EB,2,2,,,,,
2024-10-17,C07_QUARTER_END_ISSUER_EB_K2,C07_QUARTER_END_ISSUER_EB,2,1,,,,,
2024-10-17,C07_QUARTER_END_ISSUER_EB_K2,C07_QUARTER_END_ISSUER_EB,2,2,,,,,
2024-10-18,C07_QUARTER_END_ISSUER_EB_K2,C07_QUARTER_END_ISSUER_EB,2,1,,,,,
2024-10-18,C07_QUARTER_END_ISSUER_EB_K2,C07_QUARTER_END_ISSUER_EB,2,2,,,,,
2024-10-21,C07_QUARTER_END_ISSUER_EB_K2,C07_QUARTER_END_ISSUER_EB,2,1,,,,,
2024-10-21,C07_QUARTER_END_ISSUER_EB_K2,C07_QUARTER_END_ISSUER_EB,2,2,,,,,
2024-10-22,C07_QUARTER_END_ISSUER_EB_K2,C07_QUARTER_END_ISSUER_EB,2,1,,,,,
2024-10-22,C07_QUARTER_END_ISSUER_EB_K2,C07_QUARTER_END_ISSUER_EB,2,2,,,,,
2024-10-23,C07_QUARTER_END_ISSUER_EB_K2,C07_QUARTER_END_ISSUER_EB,2,1,,,,,
2024-10-23,C07_QUARTER_END_ISSUER_EB_K2,C07_QUARTER_END_ISSUER_EB,2,2,,,,,
2024-10-24,C07_QUARTER_END_ISSUER_EB_K2,C07_QUARTER_END_ISSUER_EB,2,1,,,,,
2024-10-24,C07_QUARTER_END_ISSUER_EB_K2,C07_QUARTER_END_ISSUER_EB,2,2,,,,,
2024-10-25,C07_QUARTER_END_ISSUER_EB_K2,C07_QUARTER_END_ISSUER_EB,2,1,,,,,
2024-10-25,C07_QUARTER_END_ISSUER_EB_K2,C07_QUARTER_END_ISSUER_EB,2,2,,,,,
2024-10-28,C07_QUARTER_END_ISSUER_EB_K2,C07_QUARTER_END_ISSUER_EB,2,1,,,,,
2024-10-28,C07_QUARTER_END_ISSUER_EB_K2,C07_QUARTER_END_ISSUER_EB,2,2,,,,,
2024-10-29,C07_QUARTER_END_ISSUER_EB_K2,C07_QUARTER_END_ISSUER_EB,2,1,,,,,
2024-10-29,C07_QUARTER_END_ISSUER_EB_K2,C07_QUARTER_END_ISSUER_EB,2,2,,,,,
2024-10-30,C07_QUARTER_END_ISSUER_EB_K2,C07_QUARTER_END_ISSUER_EB,2,1,,,,,
2024-10-30,C07_QUARTER_END_ISSUER_EB_K2,C07_QUARTER_END_ISSUER_EB,2,2,,,,,
2024-10-31,C07_QUARTER_END_ISSUER_EB_K2,C07_QUARTER_END_ISSUER_EB,2,1,,,,,
2024-10-31,C07_QUARTER_END_ISSUER_EB_K2,C07_QUARTER_END_ISSUER_EB,2,2,,,,,
2024-11-01,C07_QUARTER_END_ISSUER_EB_K2,C07_QUARTER_END_ISSUER_EB,2,1,,,,,
2024-11-01,C07_QUARTER_END_ISSUER_EB_K2,C07_QUARTER_END_ISSUER_EB,2,2,,,,,
2024-11-05,C07_QUARTER_END_ISSUER_EB_K2,C07_QUARTER_END_ISSUER_EB,2,1,,,,,
2024-11-05,C07_QUARTER_END_ISSUER_EB_K2,C07_QUARTER_END_ISSUER_EB,2,2,,,,,
2024-11-06,C07_QUARTER_END_ISSUER_EB_K2,C07_QUARTER_END_ISSUER_EB,2,1,,,,,
2024-11-06,C07_QUARTER_END_ISSUER_EB_K2,C07_QUARTER_END_ISSUER_EB,2,2,,,,,
2024-11-07,C07_QUARTER_END_ISSUER_EB_K2,C07_QUARTER_END_ISSUER_EB,2,1,,,,,
2024-11-07,C07_QUARTER_END_ISSUER_EB_K2,C07_QUARTER_END_ISSUER_EB,2,2,,,,,
2024-11-08,C07_QUARTER_END_ISSUER_EB_K2,C07_QUARTER_END_ISSUER_EB,2,1,,,,,
2024-11-08,C07_QUARTER_END_ISSUER_EB_K2,C07_QUARTER_END_ISSUER_EB,2,2,,,,,
2024-11-11,C07_QUARTER_END_ISSUER_EB_K2,C07_QUARTER_END_ISSUER_EB,2,1,,,,,
2024-11-11,C07_QUARTER_END_ISSUER_EB_K2,C07_QUARTER_END_ISSUER_EB,2,2,,,,,
2024-11-12,C07_QUARTER_END_ISSUER_EB_K2,C07_QUARTER_END_ISSUER_EB,2,1,,,,,
2024-11-12,C07_QUARTER_END_ISSUER_EB_K2,C07_QUARTER_END_ISSUER_EB,2,2,,,,,
2024-11-13,C07_QUARTER_END_ISSUER_EB_K2,C07_QUARTER_END_ISSUER_EB,2,1,,,,,
2024-11-13,C07_QUARTER_END_ISSUER_EB_K2,C07_QUARTER_END_ISSUER_EB,2,2,,,,,
2024-11-14,C07_QUARTER_END_ISSUER_EB_K2,C07_QUARTER_END_ISSUER_EB,2,1,,,,,
2024-11-14,C07_QUARTER_END_ISSUER_EB_K2,C07_QUARTER_END_ISSUER_EB,2,2,,,,,
2024-11-15,C07_QUARTER_END_ISSUER_EB_K2,C07_QUARTER_END_ISSUER_EB,2,1,,,,,
2024-11-15,C07_QUARTER_END_ISSUER_EB_K2,C07_QUARTER_END_ISSUER_EB,2,2,,,,,
2024-11-18,C07_QUARTER_END_ISSUER_EB_K2,C07_QUARTER_END_ISSUER_EB,2,1,,,,,
2024-11-18,C07_QUARTER_END_ISSUER_EB_K2,C07_QUARTER_END_ISSUER_EB,2,2,,,,,
2024-11-19,C07_QUARTER_END_ISSUER_EB_K2,C07_QUARTER_END_ISSUER_EB,2,1,,,,,
2024-11-19,C07_QUARTER_END_ISSUER_EB_K2,C07_QUARTER_END_ISSUER_EB,2,2,,,,,
2024-11-20,C07_QUARTER_END_ISSUER_EB_K2,C07_QUARTER_END_ISSUER_EB,2,1,,,,,
2024-11-20,C07_QUARTER_END_ISSUER_EB_K2,C07_QUARTER_END_ISSUER_EB,2,2,,,,,
2024-11-21,C07_QUARTER_END_ISSUER_EB_K2,C07_QUARTER_END_ISSUER_EB,2,1,,,,,
2024-11-21,C07_QUARTER_END_ISSUER_EB_K2,C07_QUARTER_END_ISSUER_EB,2,2,,,,,
2024-11-22,C07_QUARTER_END_ISSUER_EB_K2,C07_QUARTER_END_ISSUER_EB,2,1,,,,,
2024-11-22,C07_QUARTER_END_ISSUER_EB_K2,C07_QUARTER_END_ISSUER_EB,2,2,,,,,
2024-11-25,C07_QUARTER_END_ISSUER_EB_K2,C07_QUARTER_END_ISSUER_EB,2,1,,,,,
2024-11-25,C07_QUARTER_END_ISSUER_EB_K2,C07_QUARTER_END_ISSUER_EB,2,2,,,,,
2024-11-26,C07_QUARTER_END_ISSUER_EB_K2,C07_QUARTER_END_ISSUER_EB,2,1,,,,,
2024-11-26,C07_QUARTER_END_ISSUER_EB_K2,C07_QUARTER_END_ISSUER_EB,2,2,,,,,
2024-11-27,C07_QUARTER_END_ISSUER_EB_K2,C07_QUARTER_END_ISSUER_EB,2,1,,,,,
2024-11-27,C07_QUARTER_END_ISSUER_EB_K2,C07_QUARTER_END_ISSUER_EB,2,2,,,,,
2024-11-28,C07_QUARTER_END_ISSUER_EB_K2,C07_QUARTER_END_ISSUER_EB,2,1,,,,,
2024-11-28,C07_QUARTER_END_ISSUER_EB_K2,C07_QUARTER_END_ISSUER_EB,2,2,,,,,
2024-11-29,C07_QUARTER_END_ISSUER_EB_K2,C07_QUARTER_END_ISSUER_EB,2,1,,,,,
2024-11-29,C07_QUARTER_END_ISSUER_EB_K2,C07_QUARTER_END_ISSUER_EB,2,2,,,,,
2024-12-02,C07_QUARTER_END_ISSUER_EB_K2,C07_QUARTER_END_ISSUER_EB,2,1,,,,,
2024-12-02,C07_QUARTER_END_ISSUER_EB_K2,C07_QUARTER_END_ISSUER_EB,2,2,,,,,
2024-12-03,C07_QUARTER_END_ISSUER_EB_K2,C07_QUARTER_END_ISSUER_EB,2,1,,,,,
2024-12-03,C07_QUARTER_END_ISSUER_EB_K2,C07_QUARTER_END_ISSUER_EB,2,2,,,,,
2024-12-04,C07_QUARTER_END_ISSUER_EB_K2,C07_QUARTER_END_ISSUER_EB,2,1,,,,,
2024-12-04,C07_QUARTER_END_ISSUER_EB_K2,C07_QUARTER_END_ISSUER_EB,2,2,,,,,
2024-12-05,C07_QUARTER_END_ISSUER_EB_K2,C07_QUARTER_END_ISSUER_EB,2,1,,,,,
2024-12-05,C07_QUARTER_END_ISSUER_EB_K2,C07_QUARTER_END_ISSUER_EB,2,2,,,,,
2024-12-06,C07_QUARTER_END_ISSUER_EB_K2,C07_QUARTER_END_ISSUER_EB,2,1,,,,,
2024-12-06,C07_QUARTER_END_ISSUER_EB_K2,C07_QUARTER_END_ISSUER_EB,2,2,,,,,
2024-12-09,C07_QUARTER_END_ISSUER_EB_K2,C07_QUARTER_END_ISSUER_EB,2,1,,,,,
2024-12-09,C07_QUARTER_END_ISSUER_EB_K2,C07_QUARTER_END_ISSUER_EB,2,2,,,,,
2024-12-10,C07_QUARTER_END_ISSUER_EB_K2,C07_QUARTER_END_ISSUER_EB,2,1,,,,,
2024-12-10,C07_QUARTER_END_ISSUER_EB_K2,C07_QUARTER_END_ISSUER_EB,2,2,,,,,
2024-12-11,C07_QUARTER_END_ISSUER_EB_K2,C07_QUARTER_END_ISSUER_EB,2,1,,,,,
2024-12-11,C07_QUARTER_END_ISSUER_EB_K2,C07_QUARTER_END_ISSUER_EB,2,2,,,,,
2024-12-12,C07_QUARTER_END_ISSUER_EB_K2,C07_QUARTER_END_ISSUER_EB,2,1,,,,,
2024-12-12,C07_QUARTER_END_ISSUER_EB_K2,C07_QUARTER_END_ISSUER_EB,2,2,,,,,
2024-12-13,C07_QUARTER_END_ISSUER_EB_K2,C07_QUARTER_END_ISSUER_EB,2,1,,,,,
2024-12-13,C07_QUARTER_END_ISSUER_EB_K2,C07_QUARTER_END_ISSUER_EB,2,2,,,,,
2024-12-16,C07_QUARTER_END_ISSUER_EB_K2,C07_QUARTER_END_ISSUER_EB,2,1,,,,,
2024-12-16,C07_QUARTER_END_ISSUER_EB_K2,C07_QUARTER_END_ISSUER_EB,2,2,,,,,
2024-12-17,C07_QUARTER_END_ISSUER_EB_K2,C07_QUARTER_END_ISSUER_EB,2,1,,,,,
2024-12-17,C07_QUARTER_END_ISSUER_EB_K2,C07_QUARTER_END_ISSUER_EB,2,2,,,,,
2024-12-18,C07_QUARTER_END_ISSUER_EB_K2,C07_QUARTER_END_ISSUER_EB,2,1,,,,,
2024-12-18,C07_QUARTER_END_ISSUER_EB_K2,C07_QUARTER_END_ISSUER_EB,2,2,,,,,
2024-12-19,C07_QUARTER_END_ISSUER_EB_K2,C07_QUARTER_END_ISSUER_EB,2,1,,,,,
2024-12-19,C07_QUARTER_END_ISSUER_EB_K2,C07_QUARTER_END_ISSUER_EB,2,2,,,,,
2024-12-20,C07_QUARTER_END_ISSUER_EB_K2,C07_QUARTER_END_ISSUER_EB,2,1,,,,,
2024-12-20,C07_QUARTER_END_ISSUER_EB_K2,C07_QUARTER_END_ISSUER_EB,2,2,,,,,
2024-12-23,C07_QUARTER_END_ISSUER_EB_K2,C07_QUARTER_END_ISSUER_EB,2,1,,,,,
2024-12-23,C07_QUARTER_END_ISSUER_EB_K2,C07_QUARTER_END_ISSUER_EB,2,2,,,,,
2024-12-24,C07_QUARTER_END_ISSUER_EB_K2,C07_QUARTER_END_ISSUER_EB,2,1,6166,中村超硬,0.8692553915585204,0.6024096385542244,1.0
2024-12-24,C07_QUARTER_END_ISSUER_EB_K2,C07_QUARTER_END_ISSUER_EB,2,2,6496,中北製作所,0.7089091007412918,0.16393442622950616,1.0
2024-12-25,C07_QUARTER_END_ISSUER_EB_K2,C07_QUARTER_END_ISSUER_EB,2,1,6166,中村超硬,0.8692553915585204,-1.1940298507462699,0.0
2024-12-25,C07_QUARTER_END_ISSUER_EB_K2,C07_QUARTER_END_ISSUER_EB,2,2,6496,中北製作所,0.7089091007412918,-0.6546644844517169,0.0
2024-12-26,C07_QUARTER_END_ISSUER_EB_K2,C07_QUARTER_END_ISSUER_EB,2,1,6166,中村超硬,0.8692553915585204,1.2048192771084265,1.0
2024-12-26,C07_QUARTER_END_ISSUER_EB_K2,C07_QUARTER_END_ISSUER_EB,2,2,7013,ＩＨＩ,0.7367888645021186,3.9883720930232514,1.0
2024-12-27,C07_QUARTER_END_ISSUER_EB_K2,C07_QUARTER_END_ISSUER_EB,2,1,6166,中村超硬,0.8692553915585204,1.7804154302670572,1.0
2024-12-27,C07_QUARTER_END_ISSUER_EB_K2,C07_QUARTER_END_ISSUER_EB,2,2,7013,ＩＨＩ,0.7367888645021186,2.777777777777768,1.0
2024-12-30,C07_QUARTER_END_ISSUER_EB_K2,C07_QUARTER_END_ISSUER_EB,2,1,6166,中村超硬,0.8692553915585204,2.3391812865497075,1.0
2024-12-30,C07_QUARTER_END_ISSUER_EB_K2,C07_QUARTER_END_ISSUER_EB,2,2,7013,ＩＨＩ,0.7367888645021186,1.427015250544672,1.0
2025-01-06,C07_QUARTER_END_ISSUER_EB_K2,C07_QUARTER_END_ISSUER_EB,2,1,,,,,
2025-01-06,C07_QUARTER_END_ISSUER_EB_K2,C07_QUARTER_END_ISSUER_EB,2,2,,,,,
2025-01-07,C07_QUARTER_END_ISSUER_EB_K2,C07_QUARTER_END_ISSUER_EB,2,1,,,,,
2025-01-07,C07_QUARTER_END_ISSUER_EB_K2,C07_QUARTER_END_ISSUER_EB,2,2,,,,,
2025-01-08,C07_QUARTER_END_ISSUER_EB_K2,C07_QUARTER_END_ISSUER_EB,2,1,,,,,
2025-01-08,C07_QUARTER_END_ISSUER_EB_K2,C07_QUARTER_END_ISSUER_EB,2,2,,,,,
2025-01-09,C07_QUARTER_END_ISSUER_EB_K2,C07_QUARTER_END_ISSUER_EB,2,1,,,,,
2025-01-09,C07_QUARTER_END_ISSUER_EB_K2,C07_QUARTER_END_ISSUER_EB,2,2,,,,,
2025-01-10,C07_QUARTER_END_ISSUER_EB_K2,C07_QUARTER_END_ISSUER_EB,2,1,,,,,
2025-01-10,C07_QUARTER_END_ISSUER_EB_K2,C07_QUARTER_END_ISSUER_EB,2,2,,,,,
2025-01-14,C07_QUARTER_END_ISSUER_EB_K2,C07_QUARTER_END_ISSUER_EB,2,1,,,,,
2025-01-14,C07_QUARTER_END_ISSUER_EB_K2,C07_QUARTER_END_ISSUER_EB,2,2,,,,,
2025-01-15,C07_QUARTER_END_ISSUER_EB_K2,C07_QUARTER_END_ISSUER_EB,2,1,,,,,
2025-01-15,C07_QUARTER_END_ISSUER_EB_K2,C07_QUARTER_END_ISSUER_EB,2,2,,,,,
2025-01-16,C07_QUARTER_END_ISSUER_EB_K2,C07_QUARTER_END_ISSUER_EB,2,1,,,,,
2025-01-16,C07_QUARTER_END_ISSUER_EB_K2,C07_QUARTER_END_ISSUER_EB,2,2,,,,,
2025-01-17,C07_QUARTER_END_ISSUER_EB_K2,C07_QUARTER_END_ISSUER_EB,2,1,,,,,
2025-01-17,C07_QUARTER_END_ISSUER_EB_K2,C07_QUARTER_END_ISSUER_EB,2,2,,,,,
2025-01-20,C07_QUARTER_END_ISSUER_EB_K2,C07_QUARTER_END_ISSUER_EB,2,1,,,,,
2025-01-20,C07_QUARTER_END_ISSUER_EB_K2,C07_QUARTER_END_ISSUER_EB,2,2,,,,,
2025-01-21,C07_QUARTER_END_ISSUER_EB_K2,C07_QUARTER_END_ISSUER_EB,2,1,,,,,
2025-01-21,C07_QUARTER_END_ISSUER_EB_K2,C07_QUARTER_END_ISSUER_EB,2,2,,,,,
2025-01-22,C07_QUARTER_END_ISSUER_EB_K2,C07_QUARTER_END_ISSUER_EB,2,1,,,,,
2025-01-22,C07_QUARTER_END_ISSUER_EB_K2,C07_QUARTER_END_ISSUER_EB,2,2,,,,,
2025-01-23,C07_QUARTER_END_ISSUER_EB_K2,C07_QUARTER_END_ISSUER_EB,2,1,,,,,
2025-01-23,C07_QUARTER_END_ISSUER_EB_K2,C07_QUARTER_END_ISSUER_EB,2,2,,,,,
2025-01-24,C07_QUARTER_END_ISSUER_EB_K2,C07_QUARTER_END_ISSUER_EB,2,1,,,,,
2025-01-24,C07_QUARTER_END_ISSUER_EB_K2,C07_QUARTER_END_ISSUER_EB,2,2,,,,,
2025-01-27,C07_QUARTER_END_ISSUER_EB_K2,C07_QUARTER_END_ISSUER_EB,2,1,,,,,
2025-01-27,C07_QUARTER_END_ISSUER_EB_K2,C07_QUARTER_END_ISSUER_EB,2,2,,,,,
2025-01-28,C07_QUARTER_END_ISSUER_EB_K2,C07_QUARTER_END_ISSUER_EB,2,1,,,,,
2025-01-28,C07_QUARTER_END_ISSUER_EB_K2,C07_QUARTER_END_ISSUER_EB,2,2,,,,,
2025-01-29,C07_QUARTER_END_ISSUER_EB_K2,C07_QUARTER_END_ISSUER_EB,2,1,,,,,
2025-01-29,C07_QUARTER_END_ISSUER_EB_K2,C07_QUARTER_END_ISSUER_EB,2,2,,,,,
2025-01-30,C07_QUARTER_END_ISSUER_EB_K2,C07_QUARTER_END_ISSUER_EB,2,1,,,,,
2025-01-30,C07_QUARTER_END_ISSUER_EB_K2,C07_QUARTER_END_ISSUER_EB,2,2,,,,,
2025-01-31,C07_QUARTER_END_ISSUER_EB_K2,C07_QUARTER_END_ISSUER_EB,2,1,,,,,
2025-01-31,C07_QUARTER_END_ISSUER_EB_K2,C07_QUARTER_END_ISSUER_EB,2,2,,,,,
2025-02-03,C07_QUARTER_END_ISSUER_EB_K2,C07_QUARTER_END_ISSUER_EB,2,1,,,,,
2025-02-03,C07_QUARTER_END_ISSUER_EB_K2,C07_QUARTER_END_ISSUER_EB,2,2,,,,,
2025-02-04,C07_QUARTER_END_ISSUER_EB_K2,C07_QUARTER_END_ISSUER_EB,2,1,,,,,
2025-02-04,C07_QUARTER_END_ISSUER_EB_K2,C07_QUARTER_END_ISSUER_EB,2,2,,,,,
2025-02-05,C07_QUARTER_END_ISSUER_EB_K2,C07_QUARTER_END_ISSUER_EB,2,1,,,,,
2025-02-05,C07_QUARTER_END_ISSUER_EB_K2,C07_QUARTER_END_ISSUER_EB,2,2,,,,,
2025-02-06,C07_QUARTER_END_ISSUER_EB_K2,C07_QUARTER_END_ISSUER_EB,2,1,,,,,
2025-02-06,C07_QUARTER_END_ISSUER_EB_K2,C07_QUARTER_END_ISSUER_EB,2,2,,,,,
2025-02-07,C07_QUARTER_END_ISSUER_EB_K2,C07_QUARTER_END_ISSUER_EB,2,1,,,,,
2025-02-07,C07_QUARTER_END_ISSUER_EB_K2,C07_QUARTER_END_ISSUER_EB,2,2,,,,,
2025-02-10,C07_QUARTER_END_ISSUER_EB_K2,C07_QUARTER_END_ISSUER_EB,2,1,,,,,
2025-02-10,C07_QUARTER_END_ISSUER_EB_K2,C07_QUARTER_END_ISSUER_EB,2,2,,,,,
2025-02-12,C07_QUARTER_END_ISSUER_EB_K2,C07_QUARTER_END_ISSUER_EB,2,1,,,,,
2025-02-12,C07_QUARTER_END_ISSUER_EB_K2,C07_QUARTER_END_ISSUER_EB,2,2,,,,,
2025-02-13,C07_QUARTER_END_ISSUER_EB_K2,C07_QUARTER_END_ISSUER_EB,2,1,,,,,
2025-02-13,C07_QUARTER_END_ISSUER_EB_K2,C07_QUARTER_END_ISSUER_EB,2,2,,,,,
2025-02-14,C07_QUARTER_END_ISSUER_EB_K2,C07_QUARTER_END_ISSUER_EB,2,1,,,,,
2025-02-14,C07_QUARTER_END_ISSUER_EB_K2,C07_QUARTER_END_ISSUER_EB,2,2,,,,,
2025-02-17,C07_QUARTER_END_ISSUER_EB_K2,C07_QUARTER_END_ISSUER_EB,2,1,,,,,
2025-02-17,C07_QUARTER_END_ISSUER_EB_K2,C07_QUARTER_END_ISSUER_EB,2,2,,,,,
2025-02-18,C07_QUARTER_END_ISSUER_EB_K2,C07_QUARTER_END_ISSUER_EB,2,1,,,,,
2025-02-18,C07_QUARTER_END_ISSUER_EB_K2,C07_QUARTER_END_ISSUER_EB,2,2,,,,,
2025-02-19,C07_QUARTER_END_ISSUER_EB_K2,C07_QUARTER_END_ISSUER_EB,2,1,,,,,
2025-02-19,C07_QUARTER_END_ISSUER_EB_K2,C07_QUARTER_END_ISSUER_EB,2,2,,,,,
2025-02-20,C07_QUARTER_END_ISSUER_EB_K2,C07_QUARTER_END_ISSUER_EB,2,1,,,,,
2025-02-20,C07_QUARTER_END_ISSUER_EB_K2,C07_QUARTER_END_ISSUER_EB,2,2,,,,,
2025-02-21,C07_QUARTER_END_ISSUER_EB_K2,C07_QUARTER_END_ISSUER_EB,2,1,,,,,
2025-02-21,C07_QUARTER_END_ISSUER_EB_K2,C07_QUARTER_END_ISSUER_EB,2,2,,,,,
2025-02-25,C07_QUARTER_END_ISSUER_EB_K2,C07_QUARTER_END_ISSUER_EB,2,1,,,,,
2025-02-25,C07_QUARTER_END_ISSUER_EB_K2,C07_QUARTER_END_ISSUER_EB,2,2,,,,,
2025-02-26,C07_QUARTER_END_ISSUER_EB_K2,C07_QUARTER_END_ISSUER_EB,2,1,,,,,
2025-02-26,C07_QUARTER_END_ISSUER_EB_K2,C07_QUARTER_END_ISSUER_EB,2,2,,,,,
2025-02-27,C07_QUARTER_END_ISSUER_EB_K2,C07_QUARTER_END_ISSUER_EB,2,1,,,,,
2025-02-27,C07_QUARTER_END_ISSUER_EB_K2,C07_QUARTER_END_ISSUER_EB,2,2,,,,,
2025-02-28,C07_QUARTER_END_ISSUER_EB_K2,C07_QUARTER_END_ISSUER_EB,2,1,,,,,
2025-02-28,C07_QUARTER_END_ISSUER_EB_K2,C07_QUARTER_END_ISSUER_EB,2,2,,,,,
2025-03-03,C07_QUARTER_END_ISSUER_EB_K2,C07_QUARTER_END_ISSUER_EB,2,1,,,,,
2025-03-03,C07_QUARTER_END_ISSUER_EB_K2,C07_QUARTER_END_ISSUER_EB,2,2,,,,,
2025-03-04,C07_QUARTER_END_ISSUER_EB_K2,C07_QUARTER_END_ISSUER_EB,2,1,,,,,
2025-03-04,C07_QUARTER_END_ISSUER_EB_K2,C07_QUARTER_END_ISSUER_EB,2,2,,,,,
2025-03-05,C07_QUARTER_END_ISSUER_EB_K2,C07_QUARTER_END_ISSUER_EB,2,1,,,,,
2025-03-05,C07_QUARTER_END_ISSUER_EB_K2,C07_QUARTER_END_ISSUER_EB,2,2,,,,,
2025-03-06,C07_QUARTER_END_ISSUER_EB_K2,C07_QUARTER_END_ISSUER_EB,2,1,,,,,
2025-03-06,C07_QUARTER_END_ISSUER_EB_K2,C07_QUARTER_END_ISSUER_EB,2,2,,,,,
2025-03-07,C07_QUARTER_END_ISSUER_EB_K2,C07_QUARTER_END_ISSUER_EB,2,1,,,,,
2025-03-07,C07_QUARTER_END_ISSUER_EB_K2,C07_QUARTER_END_ISSUER_EB,2,2,,,,,
2025-03-10,C07_QUARTER_END_ISSUER_EB_K2,C07_QUARTER_END_ISSUER_EB,2,1,,,,,
2025-03-10,C07_QUARTER_END_ISSUER_EB_K2,C07_QUARTER_END_ISSUER_EB,2,2,,,,,
2025-03-11,C07_QUARTER_END_ISSUER_EB_K2,C07_QUARTER_END_ISSUER_EB,2,1,,,,,
2025-03-11,C07_QUARTER_END_ISSUER_EB_K2,C07_QUARTER_END_ISSUER_EB,2,2,,,,,
2025-03-12,C07_QUARTER_END_ISSUER_EB_K2,C07_QUARTER_END_ISSUER_EB,2,1,,,,,
2025-03-12,C07_QUARTER_END_ISSUER_EB_K2,C07_QUARTER_END_ISSUER_EB,2,2,,,,,
2025-03-13,C07_QUARTER_END_ISSUER_EB_K2,C07_QUARTER_END_ISSUER_EB,2,1,,,,,
2025-03-13,C07_QUARTER_END_ISSUER_EB_K2,C07_QUARTER_END_ISSUER_EB,2,2,,,,,
2025-03-14,C07_QUARTER_END_ISSUER_EB_K2,C07_QUARTER_END_ISSUER_EB,2,1,,,,,
2025-03-14,C07_QUARTER_END_ISSUER_EB_K2,C07_QUARTER_END_ISSUER_EB,2,2,,,,,
2025-03-17,C07_QUARTER_END_ISSUER_EB_K2,C07_QUARTER_END_ISSUER_EB,2,1,,,,,
2025-03-17,C07_QUARTER_END_ISSUER_EB_K2,C07_QUARTER_END_ISSUER_EB,2,2,,,,,
2025-03-18,C07_QUARTER_END_ISSUER_EB_K2,C07_QUARTER_END_ISSUER_EB,2,1,,,,,
2025-03-18,C07_QUARTER_END_ISSUER_EB_K2,C07_QUARTER_END_ISSUER_EB,2,2,,,,,
2025-03-19,C07_QUARTER_END_ISSUER_EB_K2,C07_QUARTER_END_ISSUER_EB,2,1,,,,,
2025-03-19,C07_QUARTER_END_ISSUER_EB_K2,C07_QUARTER_END_ISSUER_EB,2,2,,,,,
2025-03-21,C07_QUARTER_END_ISSUER_EB_K2,C07_QUARTER_END_ISSUER_EB,2,1,,,,,
2025-03-21,C07_QUARTER_END_ISSUER_EB_K2,C07_QUARTER_END_ISSUER_EB,2,2,,,,,
2025-03-24,C07_QUARTER_END_ISSUER_EB_K2,C07_QUARTER_END_ISSUER_EB,2,1,,,,,
2025-03-24,C07_QUARTER_END_ISSUER_EB_K2,C07_QUARTER_END_ISSUER_EB,2,2,,,,,
2025-03-25,C07_QUARTER_END_ISSUER_EB_K2,C07_QUARTER_END_ISSUER_EB,2,1,1518,三井松島ホールディングス,0.9061820908313929,-1.5222482435597207,0.0
2025-03-25,C07_QUARTER_END_ISSUER_EB_K2,C07_QUARTER_END_ISSUER_EB,2,2,6166,中村超硬,0.8906151406344818,0.8823529411764675,1.0
2025-03-26,C07_QUARTER_END_ISSUER_EB_K2,C07_QUARTER_END_ISSUER_EB,2,1,1518,三井松島ホールディングス,0.9061820908313929,0.7134363852556502,1.0
2025-03-26,C07_QUARTER_END_ISSUER_EB_K2,C07_QUARTER_END_ISSUER_EB,2,2,6166,中村超硬,0.8906151406344818,-0.2915451895043719,0.0
2025-03-27,C07_QUARTER_END_ISSUER_EB_K2,C07_QUARTER_END_ISSUER_EB,2,1,1518,三井松島ホールディングス,0.9061820908313929,1.7878426698450633,1.0
2025-03-27,C07_QUARTER_END_ISSUER_EB_K2,C07_QUARTER_END_ISSUER_EB,2,2,6166,中村超硬,0.8906151406344818,2.0000000000000018,1.0
2025-03-28,C07_QUARTER_END_ISSUER_EB_K2,C07_QUARTER_END_ISSUER_EB,2,1,1518,三井松島ホールディングス,0.9061820908313929,1.2033694344163681,1.0
2025-03-28,C07_QUARTER_END_ISSUER_EB_K2,C07_QUARTER_END_ISSUER_EB,2,2,6166,中村超硬,0.8906151406344818,-0.2932551319648091,0.0
2025-03-31,C07_QUARTER_END_ISSUER_EB_K2,C07_QUARTER_END_ISSUER_EB,2,1,1518,三井松島ホールディングス,0.9061820908313929,-3.8694074969770287,0.0
2025-03-31,C07_QUARTER_END_ISSUER_EB_K2,C07_QUARTER_END_ISSUER_EB,2,2,6166,中村超硬,0.8906151406344818,-2.046783625730997,0.0
2025-04-01,C07_QUARTER_END_ISSUER_EB_K2,C07_QUARTER_END_ISSUER_EB,2,1,,,,,
2025-04-01,C07_QUARTER_END_ISSUER_EB_K2,C07_QUARTER_END_ISSUER_EB,2,2,,,,,
2025-04-02,C07_QUARTER_END_ISSUER_EB_K2,C07_QUARTER_END_ISSUER_EB,2,1,,,,,
2025-04-02,C07_QUARTER_END_ISSUER_EB_K2,C07_QUARTER_END_ISSUER_EB,2,2,,,,,
2025-04-03,C07_QUARTER_END_ISSUER_EB_K2,C07_QUARTER_END_ISSUER_EB,2,1,,,,,
2025-04-03,C07_QUARTER_END_ISSUER_EB_K2,C07_QUARTER_END_ISSUER_EB,2,2,,,,,
2025-04-04,C07_QUARTER_END_ISSUER_EB_K2,C07_QUARTER_END_ISSUER_EB,2,1,,,,,
2025-04-04,C07_QUARTER_END_ISSUER_EB_K2,C07_QUARTER_END_ISSUER_EB,2,2,,,,,
2025-04-07,C07_QUARTER_END_ISSUER_EB_K2,C07_QUARTER_END_ISSUER_EB,2,1,,,,,
2025-04-07,C07_QUARTER_END_ISSUER_EB_K2,C07_QUARTER_END_ISSUER_EB,2,2,,,,,
2025-04-08,C07_QUARTER_END_ISSUER_EB_K2,C07_QUARTER_END_ISSUER_EB,2,1,,,,,
2025-04-08,C07_QUARTER_END_ISSUER_EB_K2,C07_QUARTER_END_ISSUER_EB,2,2,,,,,
2025-04-09,C07_QUARTER_END_ISSUER_EB_K2,C07_QUARTER_END_ISSUER_EB,2,1,,,,,
2025-04-09,C07_QUARTER_END_ISSUER_EB_K2,C07_QUARTER_END_ISSUER_EB,2,2,,,,,
2025-04-10,C07_QUARTER_END_ISSUER_EB_K2,C07_QUARTER_END_ISSUER_EB,2,1,,,,,
2025-04-10,C07_QUARTER_END_ISSUER_EB_K2,C07_QUARTER_END_ISSUER_EB,2,2,,,,,
2025-04-11,C07_QUARTER_END_ISSUER_EB_K2,C07_QUARTER_END_ISSUER_EB,2,1,,,,,
2025-04-11,C07_QUARTER_END_ISSUER_EB_K2,C07_QUARTER_END_ISSUER_EB,2,2,,,,,
2025-04-14,C07_QUARTER_END_ISSUER_EB_K2,C07_QUARTER_END_ISSUER_EB,2,1,,,,,
2025-04-14,C07_QUARTER_END_ISSUER_EB_K2,C07_QUARTER_END_ISSUER_EB,2,2,,,,,
2025-04-15,C07_QUARTER_END_ISSUER_EB_K2,C07_QUARTER_END_ISSUER_EB,2,1,,,,,
2025-04-15,C07_QUARTER_END_ISSUER_EB_K2,C07_QUARTER_END_ISSUER_EB,2,2,,,,,
2025-04-16,C07_QUARTER_END_ISSUER_EB_K2,C07_QUARTER_END_ISSUER_EB,2,1,,,,,
2025-04-16,C07_QUARTER_END_ISSUER_EB_K2,C07_QUARTER_END_ISSUER_EB,2,2,,,,,
2025-04-17,C07_QUARTER_END_ISSUER_EB_K2,C07_QUARTER_END_ISSUER_EB,2,1,,,,,
2025-04-17,C07_QUARTER_END_ISSUER_EB_K2,C07_QUARTER_END_ISSUER_EB,2,2,,,,,
2025-04-18,C07_QUARTER_END_ISSUER_EB_K2,C07_QUARTER_END_ISSUER_EB,2,1,,,,,
2025-04-18,C07_QUARTER_END_ISSUER_EB_K2,C07_QUARTER_END_ISSUER_EB,2,2,,,,,
2025-04-21,C07_QUARTER_END_ISSUER_EB_K2,C07_QUARTER_END_ISSUER_EB,2,1,,,,,
2025-04-21,C07_QUARTER_END_ISSUER_EB_K2,C07_QUARTER_END_ISSUER_EB,2,2,,,,,
2025-04-22,C07_QUARTER_END_ISSUER_EB_K2,C07_QUARTER_END_ISSUER_EB,2,1,,,,,
2025-04-22,C07_QUARTER_END_ISSUER_EB_K2,C07_QUARTER_END_ISSUER_EB,2,2,,,,,
2025-04-23,C07_QUARTER_END_ISSUER_EB_K2,C07_QUARTER_END_ISSUER_EB,2,1,,,,,
2025-04-23,C07_QUARTER_END_ISSUER_EB_K2,C07_QUARTER_END_ISSUER_EB,2,2,,,,,
2025-04-24,C07_QUARTER_END_ISSUER_EB_K2,C07_QUARTER_END_ISSUER_EB,2,1,,,,,
2025-04-24,C07_QUARTER_END_ISSUER_EB_K2,C07_QUARTER_END_ISSUER_EB,2,2,,,,,
2025-04-25,C07_QUARTER_END_ISSUER_EB_K2,C07_QUARTER_END_ISSUER_EB,2,1,,,,,
2025-04-25,C07_QUARTER_END_ISSUER_EB_K2,C07_QUARTER_END_ISSUER_EB,2,2,,,,,
2025-04-28,C07_QUARTER_END_ISSUER_EB_K2,C07_QUARTER_END_ISSUER_EB,2,1,,,,,
2025-04-28,C07_QUARTER_END_ISSUER_EB_K2,C07_QUARTER_END_ISSUER_EB,2,2,,,,,
2025-04-30,C07_QUARTER_END_ISSUER_EB_K2,C07_QUARTER_END_ISSUER_EB,2,1,,,,,
2025-04-30,C07_QUARTER_END_ISSUER_EB_K2,C07_QUARTER_END_ISSUER_EB,2,2,,,,,
2025-05-01,C07_QUARTER_END_ISSUER_EB_K2,C07_QUARTER_END_ISSUER_EB,2,1,,,,,
2025-05-01,C07_QUARTER_END_ISSUER_EB_K2,C07_QUARTER_END_ISSUER_EB,2,2,,,,,
2025-05-02,C07_QUARTER_END_ISSUER_EB_K2,C07_QUARTER_END_ISSUER_EB,2,1,,,,,
2025-05-02,C07_QUARTER_END_ISSUER_EB_K2,C07_QUARTER_END_ISSUER_EB,2,2,,,,,
2025-05-07,C07_QUARTER_END_ISSUER_EB_K2,C07_QUARTER_END_ISSUER_EB,2,1,,,,,
2025-05-07,C07_QUARTER_END_ISSUER_EB_K2,C07_QUARTER_END_ISSUER_EB,2,2,,,,,
2025-05-08,C07_QUARTER_END_ISSUER_EB_K2,C07_QUARTER_END_ISSUER_EB,2,1,,,,,
2025-05-08,C07_QUARTER_END_ISSUER_EB_K2,C07_QUARTER_END_ISSUER_EB,2,2,,,,,
2025-05-09,C07_QUARTER_END_ISSUER_EB_K2,C07_QUARTER_END_ISSUER_EB,2,1,,,,,
2025-05-09,C07_QUARTER_END_ISSUER_EB_K2,C07_QUARTER_END_ISSUER_EB,2,2,,,,,
2025-05-12,C07_QUARTER_END_ISSUER_EB_K2,C07_QUARTER_END_ISSUER_EB,2,1,,,,,
2025-05-12,C07_QUARTER_END_ISSUER_EB_K2,C07_QUARTER_END_ISSUER_EB,2,2,,,,,
2025-05-13,C07_QUARTER_END_ISSUER_EB_K2,C07_QUARTER_END_ISSUER_EB,2,1,,,,,
2025-05-13,C07_QUARTER_END_ISSUER_EB_K2,C07_QUARTER_END_ISSUER_EB,2,2,,,,,
2025-05-14,C07_QUARTER_END_ISSUER_EB_K2,C07_QUARTER_END_ISSUER_EB,2,1,,,,,
2025-05-14,C07_QUARTER_END_ISSUER_EB_K2,C07_QUARTER_END_ISSUER_EB,2,2,,,,,
2025-05-15,C07_QUARTER_END_ISSUER_EB_K2,C07_QUARTER_END_ISSUER_EB,2,1,,,,,
2025-05-15,C07_QUARTER_END_ISSUER_EB_K2,C07_QUARTER_END_ISSUER_EB,2,2,,,,,
2025-05-16,C07_QUARTER_END_ISSUER_EB_K2,C07_QUARTER_END_ISSUER_EB,2,1,,,,,
2025-05-16,C07_QUARTER_END_ISSUER_EB_K2,C07_QUARTER_END_ISSUER_EB,2,2,,,,,
2025-05-19,C07_QUARTER_END_ISSUER_EB_K2,C07_QUARTER_END_ISSUER_EB,2,1,,,,,
2025-05-19,C07_QUARTER_END_ISSUER_EB_K2,C07_QUARTER_END_ISSUER_EB,2,2,,,,,
2025-05-20,C07_QUARTER_END_ISSUER_EB_K2,C07_QUARTER_END_ISSUER_EB,2,1,,,,,
2025-05-20,C07_QUARTER_END_ISSUER_EB_K2,C07_QUARTER_END_ISSUER_EB,2,2,,,,,
2025-05-21,C07_QUARTER_END_ISSUER_EB_K2,C07_QUARTER_END_ISSUER_EB,2,1,,,,,
2025-05-21,C07_QUARTER_END_ISSUER_EB_K2,C07_QUARTER_END_ISSUER_EB,2,2,,,,,
2025-05-22,C07_QUARTER_END_ISSUER_EB_K2,C07_QUARTER_END_ISSUER_EB,2,1,,,,,
2025-05-22,C07_QUARTER_END_ISSUER_EB_K2,C07_QUARTER_END_ISSUER_EB,2,2,,,,,
2025-05-23,C07_QUARTER_END_ISSUER_EB_K2,C07_QUARTER_END_ISSUER_EB,2,1,,,,,
2025-05-23,C07_QUARTER_END_ISSUER_EB_K2,C07_QUARTER_END_ISSUER_EB,2,2,,,,,
2025-05-26,C07_QUARTER_END_ISSUER_EB_K2,C07_QUARTER_END_ISSUER_EB,2,1,,,,,
2025-05-26,C07_QUARTER_END_ISSUER_EB_K2,C07_QUARTER_END_ISSUER_EB,2,2,,,,,
2025-05-27,C07_QUARTER_END_ISSUER_EB_K2,C07_QUARTER_END_ISSUER_EB,2,1,,,,,
2025-05-27,C07_QUARTER_END_ISSUER_EB_K2,C07_QUARTER_END_ISSUER_EB,2,2,,,,,
2025-05-28,C07_QUARTER_END_ISSUER_EB_K2,C07_QUARTER_END_ISSUER_EB,2,1,,,,,
2025-05-28,C07_QUARTER_END_ISSUER_EB_K2,C07_QUARTER_END_ISSUER_EB,2,2,,,,,
2025-05-29,C07_QUARTER_END_ISSUER_EB_K2,C07_QUARTER_END_ISSUER_EB,2,1,,,,,
2025-05-29,C07_QUARTER_END_ISSUER_EB_K2,C07_QUARTER_END_ISSUER_EB,2,2,,,,,
2025-05-30,C07_QUARTER_END_ISSUER_EB_K2,C07_QUARTER_END_ISSUER_EB,2,1,,,,,
2025-05-30,C07_QUARTER_END_ISSUER_EB_K2,C07_QUARTER_END_ISSUER_EB,2,2,,,,,
2025-06-02,C07_QUARTER_END_ISSUER_EB_K2,C07_QUARTER_END_ISSUER_EB,2,1,,,,,
2025-06-02,C07_QUARTER_END_ISSUER_EB_K2,C07_QUARTER_END_ISSUER_EB,2,2,,,,,
2025-06-03,C07_QUARTER_END_ISSUER_EB_K2,C07_QUARTER_END_ISSUER_EB,2,1,,,,,
2025-06-03,C07_QUARTER_END_ISSUER_EB_K2,C07_QUARTER_END_ISSUER_EB,2,2,,,,,
2025-06-04,C07_QUARTER_END_ISSUER_EB_K2,C07_QUARTER_END_ISSUER_EB,2,1,,,,,
2025-06-04,C07_QUARTER_END_ISSUER_EB_K2,C07_QUARTER_END_ISSUER_EB,2,2,,,,,
2025-06-05,C07_QUARTER_END_ISSUER_EB_K2,C07_QUARTER_END_ISSUER_EB,2,1,,,,,
2025-06-05,C07_QUARTER_END_ISSUER_EB_K2,C07_QUARTER_END_ISSUER_EB,2,2,,,,,
2025-06-06,C07_QUARTER_END_ISSUER_EB_K2,C07_QUARTER_END_ISSUER_EB,2,1,,,,,
2025-06-06,C07_QUARTER_END_ISSUER_EB_K2,C07_QUARTER_END_ISSUER_EB,2,2,,,,,
2025-06-09,C07_QUARTER_END_ISSUER_EB_K2,C07_QUARTER_END_ISSUER_EB,2,1,,,,,
2025-06-09,C07_QUARTER_END_ISSUER_EB_K2,C07_QUARTER_END_ISSUER_EB,2,2,,,,,
2025-06-10,C07_QUARTER_END_ISSUER_EB_K2,C07_QUARTER_END_ISSUER_EB,2,1,,,,,
2025-06-10,C07_QUARTER_END_ISSUER_EB_K2,C07_QUARTER_END_ISSUER_EB,2,2,,,,,
2025-06-11,C07_QUARTER_END_ISSUER_EB_K2,C07_QUARTER_END_ISSUER_EB,2,1,,,,,
2025-06-11,C07_QUARTER_END_ISSUER_EB_K2,C07_QUARTER_END_ISSUER_EB,2,2,,,,,
2025-06-12,C07_QUARTER_END_ISSUER_EB_K2,C07_QUARTER_END_ISSUER_EB,2,1,,,,,
2025-06-12,C07_QUARTER_END_ISSUER_EB_K2,C07_QUARTER_END_ISSUER_EB,2,2,,,,,
2025-06-13,C07_QUARTER_END_ISSUER_EB_K2,C07_QUARTER_END_ISSUER_EB,2,1,,,,,
2025-06-13,C07_QUARTER_END_ISSUER_EB_K2,C07_QUARTER_END_ISSUER_EB,2,2,,,,,
2025-06-16,C07_QUARTER_END_ISSUER_EB_K2,C07_QUARTER_END_ISSUER_EB,2,1,,,,,
2025-06-16,C07_QUARTER_END_ISSUER_EB_K2,C07_QUARTER_END_ISSUER_EB,2,2,,,,,
2025-06-17,C07_QUARTER_END_ISSUER_EB_K2,C07_QUARTER_END_ISSUER_EB,2,1,,,,,
2025-06-17,C07_QUARTER_END_ISSUER_EB_K2,C07_QUARTER_END_ISSUER_EB,2,2,,,,,
2025-06-18,C07_QUARTER_END_ISSUER_EB_K2,C07_QUARTER_END_ISSUER_EB,2,1,,,,,
2025-06-18,C07_QUARTER_END_ISSUER_EB_K2,C07_QUARTER_END_ISSUER_EB,2,2,,,,,
2025-06-19,C07_QUARTER_END_ISSUER_EB_K2,C07_QUARTER_END_ISSUER_EB,2,1,,,,,
2025-06-19,C07_QUARTER_END_ISSUER_EB_K2,C07_QUARTER_END_ISSUER_EB,2,2,,,,,
2025-06-20,C07_QUARTER_END_ISSUER_EB_K2,C07_QUARTER_END_ISSUER_EB,2,1,,,,,
2025-06-20,C07_QUARTER_END_ISSUER_EB_K2,C07_QUARTER_END_ISSUER_EB,2,2,,,,,
2025-06-23,C07_QUARTER_END_ISSUER_EB_K2,C07_QUARTER_END_ISSUER_EB,2,1,,,,,
2025-06-23,C07_QUARTER_END_ISSUER_EB_K2,C07_QUARTER_END_ISSUER_EB,2,2,,,,,
2025-06-24,C07_QUARTER_END_ISSUER_EB_K2,C07_QUARTER_END_ISSUER_EB,2,1,6166,中村超硬,0.7464307445949597,1.9480519480519431,1.0
2025-06-24,C07_QUARTER_END_ISSUER_EB_K2,C07_QUARTER_END_ISSUER_EB,2,2,3341,日本調剤,0.7181356796268754,-1.8292682926829285,0.0
2025-06-25,C07_QUARTER_END_ISSUER_EB_K2,C07_QUARTER_END_ISSUER_EB,2,1,6166,中村超硬,0.7464307445949597,-3.809523809523807,0.0
2025-06-25,C07_QUARTER_END_ISSUER_EB_K2,C07_QUARTER_END_ISSUER_EB,2,2,3341,日本調剤,0.7181356796268754,-2.018633540372672,0.0
2025-06-26,C07_QUARTER_END_ISSUER_EB_K2,C07_QUARTER_END_ISSUER_EB,2,1,6166,中村超硬,0.7464307445949597,1.6447368421052655,1.0
2025-06-26,C07_QUARTER_END_ISSUER_EB_K2,C07_QUARTER_END_ISSUER_EB,2,2,3341,日本調剤,0.7181356796268754,1.1075949367088667,1.0
2025-06-27,C07_QUARTER_END_ISSUER_EB_K2,C07_QUARTER_END_ISSUER_EB,2,1,6166,中村超硬,0.7464307445949597,4.516129032258065,1.0
2025-06-27,C07_QUARTER_END_ISSUER_EB_K2,C07_QUARTER_END_ISSUER_EB,2,2,3341,日本調剤,0.7181356796268754,2.5316455696202445,1.0
2025-06-30,C07_QUARTER_END_ISSUER_EB_K2,C07_QUARTER_END_ISSUER_EB,2,1,6166,中村超硬,0.7464307445949597,-0.9036144578313254,0.0
2025-06-30,C07_QUARTER_END_ISSUER_EB_K2,C07_QUARTER_END_ISSUER_EB,2,2,3341,日本調剤,0.7181356796268754,-1.0802469135802517,0.0
2025-07-01,C07_QUARTER_END_ISSUER_EB_K2,C07_QUARTER_END_ISSUER_EB,2,1,,,,,
2025-07-01,C07_QUARTER_END_ISSUER_EB_K2,C07_QUARTER_END_ISSUER_EB,2,2,,,,,
2025-07-02,C07_QUARTER_END_ISSUER_EB_K2,C07_QUARTER_END_ISSUER_EB,2,1,,,,,
2025-07-02,C07_QUARTER_END_ISSUER_EB_K2,C07_QUARTER_END_ISSUER_EB,2,2,,,,,
2025-07-03,C07_QUARTER_END_ISSUER_EB_K2,C07_QUARTER_END_ISSUER_EB,2,1,,,,,
2025-07-03,C07_QUARTER_END_ISSUER_EB_K2,C07_QUARTER_END_ISSUER_EB,2,2,,,,,
2025-07-04,C07_QUARTER_END_ISSUER_EB_K2,C07_QUARTER_END_ISSUER_EB,2,1,,,,,
2025-07-04,C07_QUARTER_END_ISSUER_EB_K2,C07_QUARTER_END_ISSUER_EB,2,2,,,,,
2025-07-07,C07_QUARTER_END_ISSUER_EB_K2,C07_QUARTER_END_ISSUER_EB,2,1,,,,,
2025-07-07,C07_QUARTER_END_ISSUER_EB_K2,C07_QUARTER_END_ISSUER_EB,2,2,,,,,
2025-07-08,C07_QUARTER_END_ISSUER_EB_K2,C07_QUARTER_END_ISSUER_EB,2,1,,,,,
2025-07-08,C07_QUARTER_END_ISSUER_EB_K2,C07_QUARTER_END_ISSUER_EB,2,2,,,,,
2025-07-09,C07_QUARTER_END_ISSUER_EB_K2,C07_QUARTER_END_ISSUER_EB,2,1,,,,,
2025-07-09,C07_QUARTER_END_ISSUER_EB_K2,C07_QUARTER_END_ISSUER_EB,2,2,,,,,
2025-07-10,C07_QUARTER_END_ISSUER_EB_K2,C07_QUARTER_END_ISSUER_EB,2,1,,,,,
2025-07-10,C07_QUARTER_END_ISSUER_EB_K2,C07_QUARTER_END_ISSUER_EB,2,2,,,,,
2025-07-11,C07_QUARTER_END_ISSUER_EB_K2,C07_QUARTER_END_ISSUER_EB,2,1,,,,,
2025-07-11,C07_QUARTER_END_ISSUER_EB_K2,C07_QUARTER_END_ISSUER_EB,2,2,,,,,
2025-07-14,C07_QUARTER_END_ISSUER_EB_K2,C07_QUARTER_END_ISSUER_EB,2,1,,,,,
2025-07-14,C07_QUARTER_END_ISSUER_EB_K2,C07_QUARTER_END_ISSUER_EB,2,2,,,,,
2025-07-15,C07_QUARTER_END_ISSUER_EB_K2,C07_QUARTER_END_ISSUER_EB,2,1,,,,,
2025-07-15,C07_QUARTER_END_ISSUER_EB_K2,C07_QUARTER_END_ISSUER_EB,2,2,,,,,
2025-07-16,C07_QUARTER_END_ISSUER_EB_K2,C07_QUARTER_END_ISSUER_EB,2,1,,,,,
2025-07-16,C07_QUARTER_END_ISSUER_EB_K2,C07_QUARTER_END_ISSUER_EB,2,2,,,,,
2025-07-17,C07_QUARTER_END_ISSUER_EB_K2,C07_QUARTER_END_ISSUER_EB,2,1,,,,,
2025-07-17,C07_QUARTER_END_ISSUER_EB_K2,C07_QUARTER_END_ISSUER_EB,2,2,,,,,
2025-07-18,C07_QUARTER_END_ISSUER_EB_K2,C07_QUARTER_END_ISSUER_EB,2,1,,,,,
2025-07-18,C07_QUARTER_END_ISSUER_EB_K2,C07_QUARTER_END_ISSUER_EB,2,2,,,,,
2025-07-22,C07_QUARTER_END_ISSUER_EB_K2,C07_QUARTER_END_ISSUER_EB,2,1,,,,,
2025-07-22,C07_QUARTER_END_ISSUER_EB_K2,C07_QUARTER_END_ISSUER_EB,2,2,,,,,
2025-07-23,C07_QUARTER_END_ISSUER_EB_K2,C07_QUARTER_END_ISSUER_EB,2,1,,,,,
2025-07-23,C07_QUARTER_END_ISSUER_EB_K2,C07_QUARTER_END_ISSUER_EB,2,2,,,,,
2025-07-24,C07_QUARTER_END_ISSUER_EB_K2,C07_QUARTER_END_ISSUER_EB,2,1,,,,,
2025-07-24,C07_QUARTER_END_ISSUER_EB_K2,C07_QUARTER_END_ISSUER_EB,2,2,,,,,
2025-07-25,C07_QUARTER_END_ISSUER_EB_K2,C07_QUARTER_END_ISSUER_EB,2,1,,,,,
2025-07-25,C07_QUARTER_END_ISSUER_EB_K2,C07_QUARTER_END_ISSUER_EB,2,2,,,,,
2025-07-28,C07_QUARTER_END_ISSUER_EB_K2,C07_QUARTER_END_ISSUER_EB,2,1,,,,,
2025-07-28,C07_QUARTER_END_ISSUER_EB_K2,C07_QUARTER_END_ISSUER_EB,2,2,,,,,
2025-07-29,C07_QUARTER_END_ISSUER_EB_K2,C07_QUARTER_END_ISSUER_EB,2,1,,,,,
2025-07-29,C07_QUARTER_END_ISSUER_EB_K2,C07_QUARTER_END_ISSUER_EB,2,2,,,,,
2025-07-30,C07_QUARTER_END_ISSUER_EB_K2,C07_QUARTER_END_ISSUER_EB,2,1,,,,,
2025-07-30,C07_QUARTER_END_ISSUER_EB_K2,C07_QUARTER_END_ISSUER_EB,2,2,,,,,
2025-07-31,C07_QUARTER_END_ISSUER_EB_K2,C07_QUARTER_END_ISSUER_EB,2,1,,,,,
2025-07-31,C07_QUARTER_END_ISSUER_EB_K2,C07_QUARTER_END_ISSUER_EB,2,2,,,,,
2024-07-01,C08_FISCAL_HALF_YEAR_ISSUER_EB_K1,C08_FISCAL_HALF_YEAR_ISSUER_EB,1,1,,,,,
2024-07-02,C08_FISCAL_HALF_YEAR_ISSUER_EB_K1,C08_FISCAL_HALF_YEAR_ISSUER_EB,1,1,,,,,
2024-07-03,C08_FISCAL_HALF_YEAR_ISSUER_EB_K1,C08_FISCAL_HALF_YEAR_ISSUER_EB,1,1,,,,,
2024-07-04,C08_FISCAL_HALF_YEAR_ISSUER_EB_K1,C08_FISCAL_HALF_YEAR_ISSUER_EB,1,1,,,,,
2024-07-05,C08_FISCAL_HALF_YEAR_ISSUER_EB_K1,C08_FISCAL_HALF_YEAR_ISSUER_EB,1,1,,,,,
2024-07-08,C08_FISCAL_HALF_YEAR_ISSUER_EB_K1,C08_FISCAL_HALF_YEAR_ISSUER_EB,1,1,,,,,
2024-07-09,C08_FISCAL_HALF_YEAR_ISSUER_EB_K1,C08_FISCAL_HALF_YEAR_ISSUER_EB,1,1,,,,,
2024-07-10,C08_FISCAL_HALF_YEAR_ISSUER_EB_K1,C08_FISCAL_HALF_YEAR_ISSUER_EB,1,1,,,,,
2024-07-11,C08_FISCAL_HALF_YEAR_ISSUER_EB_K1,C08_FISCAL_HALF_YEAR_ISSUER_EB,1,1,,,,,
2024-07-12,C08_FISCAL_HALF_YEAR_ISSUER_EB_K1,C08_FISCAL_HALF_YEAR_ISSUER_EB,1,1,,,,,
2024-07-16,C08_FISCAL_HALF_YEAR_ISSUER_EB_K1,C08_FISCAL_HALF_YEAR_ISSUER_EB,1,1,,,,,
2024-07-17,C08_FISCAL_HALF_YEAR_ISSUER_EB_K1,C08_FISCAL_HALF_YEAR_ISSUER_EB,1,1,,,,,
2024-07-18,C08_FISCAL_HALF_YEAR_ISSUER_EB_K1,C08_FISCAL_HALF_YEAR_ISSUER_EB,1,1,,,,,
2024-07-19,C08_FISCAL_HALF_YEAR_ISSUER_EB_K1,C08_FISCAL_HALF_YEAR_ISSUER_EB,1,1,,,,,
2024-07-22,C08_FISCAL_HALF_YEAR_ISSUER_EB_K1,C08_FISCAL_HALF_YEAR_ISSUER_EB,1,1,,,,,
2024-07-23,C08_FISCAL_HALF_YEAR_ISSUER_EB_K1,C08_FISCAL_HALF_YEAR_ISSUER_EB,1,1,,,,,
2024-07-24,C08_FISCAL_HALF_YEAR_ISSUER_EB_K1,C08_FISCAL_HALF_YEAR_ISSUER_EB,1,1,,,,,
2024-07-25,C08_FISCAL_HALF_YEAR_ISSUER_EB_K1,C08_FISCAL_HALF_YEAR_ISSUER_EB,1,1,,,,,
2024-07-26,C08_FISCAL_HALF_YEAR_ISSUER_EB_K1,C08_FISCAL_HALF_YEAR_ISSUER_EB,1,1,,,,,
2024-07-29,C08_FISCAL_HALF_YEAR_ISSUER_EB_K1,C08_FISCAL_HALF_YEAR_ISSUER_EB,1,1,,,,,
2024-07-30,C08_FISCAL_HALF_YEAR_ISSUER_EB_K1,C08_FISCAL_HALF_YEAR_ISSUER_EB,1,1,,,,,
2024-07-31,C08_FISCAL_HALF_YEAR_ISSUER_EB_K1,C08_FISCAL_HALF_YEAR_ISSUER_EB,1,1,,,,,
2024-08-01,C08_FISCAL_HALF_YEAR_ISSUER_EB_K1,C08_FISCAL_HALF_YEAR_ISSUER_EB,1,1,,,,,
2024-08-02,C08_FISCAL_HALF_YEAR_ISSUER_EB_K1,C08_FISCAL_HALF_YEAR_ISSUER_EB,1,1,,,,,
2024-08-05,C08_FISCAL_HALF_YEAR_ISSUER_EB_K1,C08_FISCAL_HALF_YEAR_ISSUER_EB,1,1,,,,,
2024-08-06,C08_FISCAL_HALF_YEAR_ISSUER_EB_K1,C08_FISCAL_HALF_YEAR_ISSUER_EB,1,1,,,,,
2024-08-07,C08_FISCAL_HALF_YEAR_ISSUER_EB_K1,C08_FISCAL_HALF_YEAR_ISSUER_EB,1,1,,,,,
2024-08-08,C08_FISCAL_HALF_YEAR_ISSUER_EB_K1,C08_FISCAL_HALF_YEAR_ISSUER_EB,1,1,,,,,
2024-08-09,C08_FISCAL_HALF_YEAR_ISSUER_EB_K1,C08_FISCAL_HALF_YEAR_ISSUER_EB,1,1,,,,,
2024-08-13,C08_FISCAL_HALF_YEAR_ISSUER_EB_K1,C08_FISCAL_HALF_YEAR_ISSUER_EB,1,1,,,,,
2024-08-14,C08_FISCAL_HALF_YEAR_ISSUER_EB_K1,C08_FISCAL_HALF_YEAR_ISSUER_EB,1,1,,,,,
2024-08-15,C08_FISCAL_HALF_YEAR_ISSUER_EB_K1,C08_FISCAL_HALF_YEAR_ISSUER_EB,1,1,,,,,
2024-08-16,C08_FISCAL_HALF_YEAR_ISSUER_EB_K1,C08_FISCAL_HALF_YEAR_ISSUER_EB,1,1,,,,,
2024-08-19,C08_FISCAL_HALF_YEAR_ISSUER_EB_K1,C08_FISCAL_HALF_YEAR_ISSUER_EB,1,1,,,,,
2024-08-20,C08_FISCAL_HALF_YEAR_ISSUER_EB_K1,C08_FISCAL_HALF_YEAR_ISSUER_EB,1,1,,,,,
2024-08-21,C08_FISCAL_HALF_YEAR_ISSUER_EB_K1,C08_FISCAL_HALF_YEAR_ISSUER_EB,1,1,,,,,
2024-08-22,C08_FISCAL_HALF_YEAR_ISSUER_EB_K1,C08_FISCAL_HALF_YEAR_ISSUER_EB,1,1,,,,,
2024-08-23,C08_FISCAL_HALF_YEAR_ISSUER_EB_K1,C08_FISCAL_HALF_YEAR_ISSUER_EB,1,1,,,,,
2024-08-26,C08_FISCAL_HALF_YEAR_ISSUER_EB_K1,C08_FISCAL_HALF_YEAR_ISSUER_EB,1,1,,,,,
2024-08-27,C08_FISCAL_HALF_YEAR_ISSUER_EB_K1,C08_FISCAL_HALF_YEAR_ISSUER_EB,1,1,,,,,
2024-08-28,C08_FISCAL_HALF_YEAR_ISSUER_EB_K1,C08_FISCAL_HALF_YEAR_ISSUER_EB,1,1,,,,,
2024-08-29,C08_FISCAL_HALF_YEAR_ISSUER_EB_K1,C08_FISCAL_HALF_YEAR_ISSUER_EB,1,1,,,,,
2024-08-30,C08_FISCAL_HALF_YEAR_ISSUER_EB_K1,C08_FISCAL_HALF_YEAR_ISSUER_EB,1,1,,,,,
2024-09-02,C08_FISCAL_HALF_YEAR_ISSUER_EB_K1,C08_FISCAL_HALF_YEAR_ISSUER_EB,1,1,,,,,
2024-09-03,C08_FISCAL_HALF_YEAR_ISSUER_EB_K1,C08_FISCAL_HALF_YEAR_ISSUER_EB,1,1,,,,,
2024-09-04,C08_FISCAL_HALF_YEAR_ISSUER_EB_K1,C08_FISCAL_HALF_YEAR_ISSUER_EB,1,1,,,,,
2024-09-05,C08_FISCAL_HALF_YEAR_ISSUER_EB_K1,C08_FISCAL_HALF_YEAR_ISSUER_EB,1,1,,,,,
2024-09-06,C08_FISCAL_HALF_YEAR_ISSUER_EB_K1,C08_FISCAL_HALF_YEAR_ISSUER_EB,1,1,,,,,
2024-09-09,C08_FISCAL_HALF_YEAR_ISSUER_EB_K1,C08_FISCAL_HALF_YEAR_ISSUER_EB,1,1,,,,,
2024-09-10,C08_FISCAL_HALF_YEAR_ISSUER_EB_K1,C08_FISCAL_HALF_YEAR_ISSUER_EB,1,1,,,,,
2024-09-11,C08_FISCAL_HALF_YEAR_ISSUER_EB_K1,C08_FISCAL_HALF_YEAR_ISSUER_EB,1,1,,,,,
2024-09-12,C08_FISCAL_HALF_YEAR_ISSUER_EB_K1,C08_FISCAL_HALF_YEAR_ISSUER_EB,1,1,,,,,
2024-09-13,C08_FISCAL_HALF_YEAR_ISSUER_EB_K1,C08_FISCAL_HALF_YEAR_ISSUER_EB,1,1,,,,,
2024-09-17,C08_FISCAL_HALF_YEAR_ISSUER_EB_K1,C08_FISCAL_HALF_YEAR_ISSUER_EB,1,1,,,,,
2024-09-18,C08_FISCAL_HALF_YEAR_ISSUER_EB_K1,C08_FISCAL_HALF_YEAR_ISSUER_EB,1,1,,,,,
2024-09-19,C08_FISCAL_HALF_YEAR_ISSUER_EB_K1,C08_FISCAL_HALF_YEAR_ISSUER_EB,1,1,,,,,
2024-09-20,C08_FISCAL_HALF_YEAR_ISSUER_EB_K1,C08_FISCAL_HALF_YEAR_ISSUER_EB,1,1,,,,,
2024-09-24,C08_FISCAL_HALF_YEAR_ISSUER_EB_K1,C08_FISCAL_HALF_YEAR_ISSUER_EB,1,1,,,,,
2024-09-25,C08_FISCAL_HALF_YEAR_ISSUER_EB_K1,C08_FISCAL_HALF_YEAR_ISSUER_EB,1,1,,,,,
2024-09-26,C08_FISCAL_HALF_YEAR_ISSUER_EB_K1,C08_FISCAL_HALF_YEAR_ISSUER_EB,1,1,,,,,
2024-09-27,C08_FISCAL_HALF_YEAR_ISSUER_EB_K1,C08_FISCAL_HALF_YEAR_ISSUER_EB,1,1,,,,,
2024-09-30,C08_FISCAL_HALF_YEAR_ISSUER_EB_K1,C08_FISCAL_HALF_YEAR_ISSUER_EB,1,1,,,,,
2024-10-01,C08_FISCAL_HALF_YEAR_ISSUER_EB_K1,C08_FISCAL_HALF_YEAR_ISSUER_EB,1,1,,,,,
2024-10-02,C08_FISCAL_HALF_YEAR_ISSUER_EB_K1,C08_FISCAL_HALF_YEAR_ISSUER_EB,1,1,,,,,
2024-10-03,C08_FISCAL_HALF_YEAR_ISSUER_EB_K1,C08_FISCAL_HALF_YEAR_ISSUER_EB,1,1,,,,,
2024-10-04,C08_FISCAL_HALF_YEAR_ISSUER_EB_K1,C08_FISCAL_HALF_YEAR_ISSUER_EB,1,1,,,,,
2024-10-07,C08_FISCAL_HALF_YEAR_ISSUER_EB_K1,C08_FISCAL_HALF_YEAR_ISSUER_EB,1,1,,,,,
2024-10-08,C08_FISCAL_HALF_YEAR_ISSUER_EB_K1,C08_FISCAL_HALF_YEAR_ISSUER_EB,1,1,,,,,
2024-10-09,C08_FISCAL_HALF_YEAR_ISSUER_EB_K1,C08_FISCAL_HALF_YEAR_ISSUER_EB,1,1,,,,,
2024-10-10,C08_FISCAL_HALF_YEAR_ISSUER_EB_K1,C08_FISCAL_HALF_YEAR_ISSUER_EB,1,1,,,,,
2024-10-11,C08_FISCAL_HALF_YEAR_ISSUER_EB_K1,C08_FISCAL_HALF_YEAR_ISSUER_EB,1,1,,,,,
2024-10-15,C08_FISCAL_HALF_YEAR_ISSUER_EB_K1,C08_FISCAL_HALF_YEAR_ISSUER_EB,1,1,,,,,
2024-10-16,C08_FISCAL_HALF_YEAR_ISSUER_EB_K1,C08_FISCAL_HALF_YEAR_ISSUER_EB,1,1,,,,,
2024-10-17,C08_FISCAL_HALF_YEAR_ISSUER_EB_K1,C08_FISCAL_HALF_YEAR_ISSUER_EB,1,1,,,,,
2024-10-18,C08_FISCAL_HALF_YEAR_ISSUER_EB_K1,C08_FISCAL_HALF_YEAR_ISSUER_EB,1,1,,,,,
2024-10-21,C08_FISCAL_HALF_YEAR_ISSUER_EB_K1,C08_FISCAL_HALF_YEAR_ISSUER_EB,1,1,,,,,
2024-10-22,C08_FISCAL_HALF_YEAR_ISSUER_EB_K1,C08_FISCAL_HALF_YEAR_ISSUER_EB,1,1,,,,,
2024-10-23,C08_FISCAL_HALF_YEAR_ISSUER_EB_K1,C08_FISCAL_HALF_YEAR_ISSUER_EB,1,1,,,,,
2024-10-24,C08_FISCAL_HALF_YEAR_ISSUER_EB_K1,C08_FISCAL_HALF_YEAR_ISSUER_EB,1,1,,,,,
2024-10-25,C08_FISCAL_HALF_YEAR_ISSUER_EB_K1,C08_FISCAL_HALF_YEAR_ISSUER_EB,1,1,,,,,
2024-10-28,C08_FISCAL_HALF_YEAR_ISSUER_EB_K1,C08_FISCAL_HALF_YEAR_ISSUER_EB,1,1,,,,,
2024-10-29,C08_FISCAL_HALF_YEAR_ISSUER_EB_K1,C08_FISCAL_HALF_YEAR_ISSUER_EB,1,1,,,,,
2024-10-30,C08_FISCAL_HALF_YEAR_ISSUER_EB_K1,C08_FISCAL_HALF_YEAR_ISSUER_EB,1,1,,,,,
2024-10-31,C08_FISCAL_HALF_YEAR_ISSUER_EB_K1,C08_FISCAL_HALF_YEAR_ISSUER_EB,1,1,,,,,
2024-11-01,C08_FISCAL_HALF_YEAR_ISSUER_EB_K1,C08_FISCAL_HALF_YEAR_ISSUER_EB,1,1,,,,,
2024-11-05,C08_FISCAL_HALF_YEAR_ISSUER_EB_K1,C08_FISCAL_HALF_YEAR_ISSUER_EB,1,1,,,,,
2024-11-06,C08_FISCAL_HALF_YEAR_ISSUER_EB_K1,C08_FISCAL_HALF_YEAR_ISSUER_EB,1,1,,,,,
2024-11-07,C08_FISCAL_HALF_YEAR_ISSUER_EB_K1,C08_FISCAL_HALF_YEAR_ISSUER_EB,1,1,,,,,
2024-11-08,C08_FISCAL_HALF_YEAR_ISSUER_EB_K1,C08_FISCAL_HALF_YEAR_ISSUER_EB,1,1,,,,,
2024-11-11,C08_FISCAL_HALF_YEAR_ISSUER_EB_K1,C08_FISCAL_HALF_YEAR_ISSUER_EB,1,1,,,,,
2024-11-12,C08_FISCAL_HALF_YEAR_ISSUER_EB_K1,C08_FISCAL_HALF_YEAR_ISSUER_EB,1,1,,,,,
2024-11-13,C08_FISCAL_HALF_YEAR_ISSUER_EB_K1,C08_FISCAL_HALF_YEAR_ISSUER_EB,1,1,,,,,
2024-11-14,C08_FISCAL_HALF_YEAR_ISSUER_EB_K1,C08_FISCAL_HALF_YEAR_ISSUER_EB,1,1,,,,,
2024-11-15,C08_FISCAL_HALF_YEAR_ISSUER_EB_K1,C08_FISCAL_HALF_YEAR_ISSUER_EB,1,1,,,,,
2024-11-18,C08_FISCAL_HALF_YEAR_ISSUER_EB_K1,C08_FISCAL_HALF_YEAR_ISSUER_EB,1,1,,,,,
2024-11-19,C08_FISCAL_HALF_YEAR_ISSUER_EB_K1,C08_FISCAL_HALF_YEAR_ISSUER_EB,1,1,,,,,
2024-11-20,C08_FISCAL_HALF_YEAR_ISSUER_EB_K1,C08_FISCAL_HALF_YEAR_ISSUER_EB,1,1,,,,,
2024-11-21,C08_FISCAL_HALF_YEAR_ISSUER_EB_K1,C08_FISCAL_HALF_YEAR_ISSUER_EB,1,1,,,,,
2024-11-22,C08_FISCAL_HALF_YEAR_ISSUER_EB_K1,C08_FISCAL_HALF_YEAR_ISSUER_EB,1,1,,,,,
2024-11-25,C08_FISCAL_HALF_YEAR_ISSUER_EB_K1,C08_FISCAL_HALF_YEAR_ISSUER_EB,1,1,,,,,
2024-11-26,C08_FISCAL_HALF_YEAR_ISSUER_EB_K1,C08_FISCAL_HALF_YEAR_ISSUER_EB,1,1,,,,,
2024-11-27,C08_FISCAL_HALF_YEAR_ISSUER_EB_K1,C08_FISCAL_HALF_YEAR_ISSUER_EB,1,1,,,,,
2024-11-28,C08_FISCAL_HALF_YEAR_ISSUER_EB_K1,C08_FISCAL_HALF_YEAR_ISSUER_EB,1,1,,,,,
2024-11-29,C08_FISCAL_HALF_YEAR_ISSUER_EB_K1,C08_FISCAL_HALF_YEAR_ISSUER_EB,1,1,,,,,
2024-12-02,C08_FISCAL_HALF_YEAR_ISSUER_EB_K1,C08_FISCAL_HALF_YEAR_ISSUER_EB,1,1,,,,,
2024-12-03,C08_FISCAL_HALF_YEAR_ISSUER_EB_K1,C08_FISCAL_HALF_YEAR_ISSUER_EB,1,1,,,,,
2024-12-04,C08_FISCAL_HALF_YEAR_ISSUER_EB_K1,C08_FISCAL_HALF_YEAR_ISSUER_EB,1,1,,,,,
2024-12-05,C08_FISCAL_HALF_YEAR_ISSUER_EB_K1,C08_FISCAL_HALF_YEAR_ISSUER_EB,1,1,,,,,
2024-12-06,C08_FISCAL_HALF_YEAR_ISSUER_EB_K1,C08_FISCAL_HALF_YEAR_ISSUER_EB,1,1,,,,,
2024-12-09,C08_FISCAL_HALF_YEAR_ISSUER_EB_K1,C08_FISCAL_HALF_YEAR_ISSUER_EB,1,1,,,,,
2024-12-10,C08_FISCAL_HALF_YEAR_ISSUER_EB_K1,C08_FISCAL_HALF_YEAR_ISSUER_EB,1,1,,,,,
2024-12-11,C08_FISCAL_HALF_YEAR_ISSUER_EB_K1,C08_FISCAL_HALF_YEAR_ISSUER_EB,1,1,,,,,
2024-12-12,C08_FISCAL_HALF_YEAR_ISSUER_EB_K1,C08_FISCAL_HALF_YEAR_ISSUER_EB,1,1,,,,,
2024-12-13,C08_FISCAL_HALF_YEAR_ISSUER_EB_K1,C08_FISCAL_HALF_YEAR_ISSUER_EB,1,1,,,,,
2024-12-16,C08_FISCAL_HALF_YEAR_ISSUER_EB_K1,C08_FISCAL_HALF_YEAR_ISSUER_EB,1,1,,,,,
2024-12-17,C08_FISCAL_HALF_YEAR_ISSUER_EB_K1,C08_FISCAL_HALF_YEAR_ISSUER_EB,1,1,,,,,
2024-12-18,C08_FISCAL_HALF_YEAR_ISSUER_EB_K1,C08_FISCAL_HALF_YEAR_ISSUER_EB,1,1,,,,,
2024-12-19,C08_FISCAL_HALF_YEAR_ISSUER_EB_K1,C08_FISCAL_HALF_YEAR_ISSUER_EB,1,1,,,,,
2024-12-20,C08_FISCAL_HALF_YEAR_ISSUER_EB_K1,C08_FISCAL_HALF_YEAR_ISSUER_EB,1,1,,,,,
2024-12-23,C08_FISCAL_HALF_YEAR_ISSUER_EB_K1,C08_FISCAL_HALF_YEAR_ISSUER_EB,1,1,,,,,
2024-12-24,C08_FISCAL_HALF_YEAR_ISSUER_EB_K1,C08_FISCAL_HALF_YEAR_ISSUER_EB,1,1,,,,,
2024-12-25,C08_FISCAL_HALF_YEAR_ISSUER_EB_K1,C08_FISCAL_HALF_YEAR_ISSUER_EB,1,1,,,,,
2024-12-26,C08_FISCAL_HALF_YEAR_ISSUER_EB_K1,C08_FISCAL_HALF_YEAR_ISSUER_EB,1,1,,,,,
2024-12-27,C08_FISCAL_HALF_YEAR_ISSUER_EB_K1,C08_FISCAL_HALF_YEAR_ISSUER_EB,1,1,,,,,
2024-12-30,C08_FISCAL_HALF_YEAR_ISSUER_EB_K1,C08_FISCAL_HALF_YEAR_ISSUER_EB,1,1,,,,,
2025-01-06,C08_FISCAL_HALF_YEAR_ISSUER_EB_K1,C08_FISCAL_HALF_YEAR_ISSUER_EB,1,1,,,,,
2025-01-07,C08_FISCAL_HALF_YEAR_ISSUER_EB_K1,C08_FISCAL_HALF_YEAR_ISSUER_EB,1,1,,,,,
2025-01-08,C08_FISCAL_HALF_YEAR_ISSUER_EB_K1,C08_FISCAL_HALF_YEAR_ISSUER_EB,1,1,,,,,
2025-01-09,C08_FISCAL_HALF_YEAR_ISSUER_EB_K1,C08_FISCAL_HALF_YEAR_ISSUER_EB,1,1,,,,,
2025-01-10,C08_FISCAL_HALF_YEAR_ISSUER_EB_K1,C08_FISCAL_HALF_YEAR_ISSUER_EB,1,1,,,,,
2025-01-14,C08_FISCAL_HALF_YEAR_ISSUER_EB_K1,C08_FISCAL_HALF_YEAR_ISSUER_EB,1,1,,,,,
2025-01-15,C08_FISCAL_HALF_YEAR_ISSUER_EB_K1,C08_FISCAL_HALF_YEAR_ISSUER_EB,1,1,,,,,
2025-01-16,C08_FISCAL_HALF_YEAR_ISSUER_EB_K1,C08_FISCAL_HALF_YEAR_ISSUER_EB,1,1,,,,,
2025-01-17,C08_FISCAL_HALF_YEAR_ISSUER_EB_K1,C08_FISCAL_HALF_YEAR_ISSUER_EB,1,1,,,,,
2025-01-20,C08_FISCAL_HALF_YEAR_ISSUER_EB_K1,C08_FISCAL_HALF_YEAR_ISSUER_EB,1,1,,,,,
2025-01-21,C08_FISCAL_HALF_YEAR_ISSUER_EB_K1,C08_FISCAL_HALF_YEAR_ISSUER_EB,1,1,,,,,
2025-01-22,C08_FISCAL_HALF_YEAR_ISSUER_EB_K1,C08_FISCAL_HALF_YEAR_ISSUER_EB,1,1,,,,,
2025-01-23,C08_FISCAL_HALF_YEAR_ISSUER_EB_K1,C08_FISCAL_HALF_YEAR_ISSUER_EB,1,1,,,,,
2025-01-24,C08_FISCAL_HALF_YEAR_ISSUER_EB_K1,C08_FISCAL_HALF_YEAR_ISSUER_EB,1,1,,,,,
2025-01-27,C08_FISCAL_HALF_YEAR_ISSUER_EB_K1,C08_FISCAL_HALF_YEAR_ISSUER_EB,1,1,,,,,
2025-01-28,C08_FISCAL_HALF_YEAR_ISSUER_EB_K1,C08_FISCAL_HALF_YEAR_ISSUER_EB,1,1,,,,,
2025-01-29,C08_FISCAL_HALF_YEAR_ISSUER_EB_K1,C08_FISCAL_HALF_YEAR_ISSUER_EB,1,1,,,,,
2025-01-30,C08_FISCAL_HALF_YEAR_ISSUER_EB_K1,C08_FISCAL_HALF_YEAR_ISSUER_EB,1,1,,,,,
2025-01-31,C08_FISCAL_HALF_YEAR_ISSUER_EB_K1,C08_FISCAL_HALF_YEAR_ISSUER_EB,1,1,,,,,
2025-02-03,C08_FISCAL_HALF_YEAR_ISSUER_EB_K1,C08_FISCAL_HALF_YEAR_ISSUER_EB,1,1,,,,,
2025-02-04,C08_FISCAL_HALF_YEAR_ISSUER_EB_K1,C08_FISCAL_HALF_YEAR_ISSUER_EB,1,1,,,,,
2025-02-05,C08_FISCAL_HALF_YEAR_ISSUER_EB_K1,C08_FISCAL_HALF_YEAR_ISSUER_EB,1,1,,,,,
2025-02-06,C08_FISCAL_HALF_YEAR_ISSUER_EB_K1,C08_FISCAL_HALF_YEAR_ISSUER_EB,1,1,,,,,
2025-02-07,C08_FISCAL_HALF_YEAR_ISSUER_EB_K1,C08_FISCAL_HALF_YEAR_ISSUER_EB,1,1,,,,,
2025-02-10,C08_FISCAL_HALF_YEAR_ISSUER_EB_K1,C08_FISCAL_HALF_YEAR_ISSUER_EB,1,1,,,,,
2025-02-12,C08_FISCAL_HALF_YEAR_ISSUER_EB_K1,C08_FISCAL_HALF_YEAR_ISSUER_EB,1,1,,,,,
2025-02-13,C08_FISCAL_HALF_YEAR_ISSUER_EB_K1,C08_FISCAL_HALF_YEAR_ISSUER_EB,1,1,,,,,
2025-02-14,C08_FISCAL_HALF_YEAR_ISSUER_EB_K1,C08_FISCAL_HALF_YEAR_ISSUER_EB,1,1,,,,,
2025-02-17,C08_FISCAL_HALF_YEAR_ISSUER_EB_K1,C08_FISCAL_HALF_YEAR_ISSUER_EB,1,1,,,,,
2025-02-18,C08_FISCAL_HALF_YEAR_ISSUER_EB_K1,C08_FISCAL_HALF_YEAR_ISSUER_EB,1,1,,,,,
2025-02-19,C08_FISCAL_HALF_YEAR_ISSUER_EB_K1,C08_FISCAL_HALF_YEAR_ISSUER_EB,1,1,,,,,
2025-02-20,C08_FISCAL_HALF_YEAR_ISSUER_EB_K1,C08_FISCAL_HALF_YEAR_ISSUER_EB,1,1,,,,,
2025-02-21,C08_FISCAL_HALF_YEAR_ISSUER_EB_K1,C08_FISCAL_HALF_YEAR_ISSUER_EB,1,1,,,,,
2025-02-25,C08_FISCAL_HALF_YEAR_ISSUER_EB_K1,C08_FISCAL_HALF_YEAR_ISSUER_EB,1,1,,,,,
2025-02-26,C08_FISCAL_HALF_YEAR_ISSUER_EB_K1,C08_FISCAL_HALF_YEAR_ISSUER_EB,1,1,,,,,
2025-02-27,C08_FISCAL_HALF_YEAR_ISSUER_EB_K1,C08_FISCAL_HALF_YEAR_ISSUER_EB,1,1,,,,,
2025-02-28,C08_FISCAL_HALF_YEAR_ISSUER_EB_K1,C08_FISCAL_HALF_YEAR_ISSUER_EB,1,1,,,,,
2025-03-03,C08_FISCAL_HALF_YEAR_ISSUER_EB_K1,C08_FISCAL_HALF_YEAR_ISSUER_EB,1,1,,,,,
2025-03-04,C08_FISCAL_HALF_YEAR_ISSUER_EB_K1,C08_FISCAL_HALF_YEAR_ISSUER_EB,1,1,,,,,
2025-03-05,C08_FISCAL_HALF_YEAR_ISSUER_EB_K1,C08_FISCAL_HALF_YEAR_ISSUER_EB,1,1,,,,,
2025-03-06,C08_FISCAL_HALF_YEAR_ISSUER_EB_K1,C08_FISCAL_HALF_YEAR_ISSUER_EB,1,1,,,,,
2025-03-07,C08_FISCAL_HALF_YEAR_ISSUER_EB_K1,C08_FISCAL_HALF_YEAR_ISSUER_EB,1,1,,,,,
2025-03-10,C08_FISCAL_HALF_YEAR_ISSUER_EB_K1,C08_FISCAL_HALF_YEAR_ISSUER_EB,1,1,,,,,
2025-03-11,C08_FISCAL_HALF_YEAR_ISSUER_EB_K1,C08_FISCAL_HALF_YEAR_ISSUER_EB,1,1,,,,,
2025-03-12,C08_FISCAL_HALF_YEAR_ISSUER_EB_K1,C08_FISCAL_HALF_YEAR_ISSUER_EB,1,1,,,,,
2025-03-13,C08_FISCAL_HALF_YEAR_ISSUER_EB_K1,C08_FISCAL_HALF_YEAR_ISSUER_EB,1,1,,,,,
2025-03-14,C08_FISCAL_HALF_YEAR_ISSUER_EB_K1,C08_FISCAL_HALF_YEAR_ISSUER_EB,1,1,,,,,
2025-03-17,C08_FISCAL_HALF_YEAR_ISSUER_EB_K1,C08_FISCAL_HALF_YEAR_ISSUER_EB,1,1,,,,,
2025-03-18,C08_FISCAL_HALF_YEAR_ISSUER_EB_K1,C08_FISCAL_HALF_YEAR_ISSUER_EB,1,1,,,,,
2025-03-19,C08_FISCAL_HALF_YEAR_ISSUER_EB_K1,C08_FISCAL_HALF_YEAR_ISSUER_EB,1,1,,,,,
2025-03-21,C08_FISCAL_HALF_YEAR_ISSUER_EB_K1,C08_FISCAL_HALF_YEAR_ISSUER_EB,1,1,,,,,
2025-03-24,C08_FISCAL_HALF_YEAR_ISSUER_EB_K1,C08_FISCAL_HALF_YEAR_ISSUER_EB,1,1,,,,,
2025-03-25,C08_FISCAL_HALF_YEAR_ISSUER_EB_K1,C08_FISCAL_HALF_YEAR_ISSUER_EB,1,1,4922,コーセー,0.6091271822770524,0.4327666151468401,1.0
2025-03-26,C08_FISCAL_HALF_YEAR_ISSUER_EB_K1,C08_FISCAL_HALF_YEAR_ISSUER_EB,1,1,4922,コーセー,0.6091271822770524,-1.5632183908045993,0.0
2025-03-27,C08_FISCAL_HALF_YEAR_ISSUER_EB_K1,C08_FISCAL_HALF_YEAR_ISSUER_EB,1,1,4922,コーセー,0.6091271822770524,-0.5426356589147252,0.0
2025-03-28,C08_FISCAL_HALF_YEAR_ISSUER_EB_K1,C08_FISCAL_HALF_YEAR_ISSUER_EB,1,1,4922,コーセー,0.6091271822770524,-1.2626656274356995,0.0
2025-03-31,C08_FISCAL_HALF_YEAR_ISSUER_EB_K1,C08_FISCAL_HALF_YEAR_ISSUER_EB,1,1,4922,コーセー,0.6091271822770524,-0.48000000000000265,0.0
2025-04-01,C08_FISCAL_HALF_YEAR_ISSUER_EB_K1,C08_FISCAL_HALF_YEAR_ISSUER_EB,1,1,,,,,
2025-04-02,C08_FISCAL_HALF_YEAR_ISSUER_EB_K1,C08_FISCAL_HALF_YEAR_ISSUER_EB,1,1,,,,,
2025-04-03,C08_FISCAL_HALF_YEAR_ISSUER_EB_K1,C08_FISCAL_HALF_YEAR_ISSUER_EB,1,1,,,,,
2025-04-04,C08_FISCAL_HALF_YEAR_ISSUER_EB_K1,C08_FISCAL_HALF_YEAR_ISSUER_EB,1,1,,,,,
2025-04-07,C08_FISCAL_HALF_YEAR_ISSUER_EB_K1,C08_FISCAL_HALF_YEAR_ISSUER_EB,1,1,,,,,
2025-04-08,C08_FISCAL_HALF_YEAR_ISSUER_EB_K1,C08_FISCAL_HALF_YEAR_ISSUER_EB,1,1,,,,,
2025-04-09,C08_FISCAL_HALF_YEAR_ISSUER_EB_K1,C08_FISCAL_HALF_YEAR_ISSUER_EB,1,1,,,,,
2025-04-10,C08_FISCAL_HALF_YEAR_ISSUER_EB_K1,C08_FISCAL_HALF_YEAR_ISSUER_EB,1,1,,,,,
2025-04-11,C08_FISCAL_HALF_YEAR_ISSUER_EB_K1,C08_FISCAL_HALF_YEAR_ISSUER_EB,1,1,,,,,
2025-04-14,C08_FISCAL_HALF_YEAR_ISSUER_EB_K1,C08_FISCAL_HALF_YEAR_ISSUER_EB,1,1,,,,,
2025-04-15,C08_FISCAL_HALF_YEAR_ISSUER_EB_K1,C08_FISCAL_HALF_YEAR_ISSUER_EB,1,1,,,,,
2025-04-16,C08_FISCAL_HALF_YEAR_ISSUER_EB_K1,C08_FISCAL_HALF_YEAR_ISSUER_EB,1,1,,,,,
2025-04-17,C08_FISCAL_HALF_YEAR_ISSUER_EB_K1,C08_FISCAL_HALF_YEAR_ISSUER_EB,1,1,,,,,
2025-04-18,C08_FISCAL_HALF_YEAR_ISSUER_EB_K1,C08_FISCAL_HALF_YEAR_ISSUER_EB,1,1,,,,,
2025-04-21,C08_FISCAL_HALF_YEAR_ISSUER_EB_K1,C08_FISCAL_HALF_YEAR_ISSUER_EB,1,1,,,,,
2025-04-22,C08_FISCAL_HALF_YEAR_ISSUER_EB_K1,C08_FISCAL_HALF_YEAR_ISSUER_EB,1,1,,,,,
2025-04-23,C08_FISCAL_HALF_YEAR_ISSUER_EB_K1,C08_FISCAL_HALF_YEAR_ISSUER_EB,1,1,,,,,
2025-04-24,C08_FISCAL_HALF_YEAR_ISSUER_EB_K1,C08_FISCAL_HALF_YEAR_ISSUER_EB,1,1,,,,,
2025-04-25,C08_FISCAL_HALF_YEAR_ISSUER_EB_K1,C08_FISCAL_HALF_YEAR_ISSUER_EB,1,1,,,,,
2025-04-28,C08_FISCAL_HALF_YEAR_ISSUER_EB_K1,C08_FISCAL_HALF_YEAR_ISSUER_EB,1,1,,,,,
2025-04-30,C08_FISCAL_HALF_YEAR_ISSUER_EB_K1,C08_FISCAL_HALF_YEAR_ISSUER_EB,1,1,,,,,
2025-05-01,C08_FISCAL_HALF_YEAR_ISSUER_EB_K1,C08_FISCAL_HALF_YEAR_ISSUER_EB,1,1,,,,,
2025-05-02,C08_FISCAL_HALF_YEAR_ISSUER_EB_K1,C08_FISCAL_HALF_YEAR_ISSUER_EB,1,1,,,,,
2025-05-07,C08_FISCAL_HALF_YEAR_ISSUER_EB_K1,C08_FISCAL_HALF_YEAR_ISSUER_EB,1,1,,,,,
2025-05-08,C08_FISCAL_HALF_YEAR_ISSUER_EB_K1,C08_FISCAL_HALF_YEAR_ISSUER_EB,1,1,,,,,
2025-05-09,C08_FISCAL_HALF_YEAR_ISSUER_EB_K1,C08_FISCAL_HALF_YEAR_ISSUER_EB,1,1,,,,,
2025-05-12,C08_FISCAL_HALF_YEAR_ISSUER_EB_K1,C08_FISCAL_HALF_YEAR_ISSUER_EB,1,1,,,,,
2025-05-13,C08_FISCAL_HALF_YEAR_ISSUER_EB_K1,C08_FISCAL_HALF_YEAR_ISSUER_EB,1,1,,,,,
2025-05-14,C08_FISCAL_HALF_YEAR_ISSUER_EB_K1,C08_FISCAL_HALF_YEAR_ISSUER_EB,1,1,,,,,
2025-05-15,C08_FISCAL_HALF_YEAR_ISSUER_EB_K1,C08_FISCAL_HALF_YEAR_ISSUER_EB,1,1,,,,,
2025-05-16,C08_FISCAL_HALF_YEAR_ISSUER_EB_K1,C08_FISCAL_HALF_YEAR_ISSUER_EB,1,1,,,,,
2025-05-19,C08_FISCAL_HALF_YEAR_ISSUER_EB_K1,C08_FISCAL_HALF_YEAR_ISSUER_EB,1,1,,,,,
2025-05-20,C08_FISCAL_HALF_YEAR_ISSUER_EB_K1,C08_FISCAL_HALF_YEAR_ISSUER_EB,1,1,,,,,
2025-05-21,C08_FISCAL_HALF_YEAR_ISSUER_EB_K1,C08_FISCAL_HALF_YEAR_ISSUER_EB,1,1,,,,,
2025-05-22,C08_FISCAL_HALF_YEAR_ISSUER_EB_K1,C08_FISCAL_HALF_YEAR_ISSUER_EB,1,1,,,,,
2025-05-23,C08_FISCAL_HALF_YEAR_ISSUER_EB_K1,C08_FISCAL_HALF_YEAR_ISSUER_EB,1,1,,,,,
2025-05-26,C08_FISCAL_HALF_YEAR_ISSUER_EB_K1,C08_FISCAL_HALF_YEAR_ISSUER_EB,1,1,,,,,
2025-05-27,C08_FISCAL_HALF_YEAR_ISSUER_EB_K1,C08_FISCAL_HALF_YEAR_ISSUER_EB,1,1,,,,,
2025-05-28,C08_FISCAL_HALF_YEAR_ISSUER_EB_K1,C08_FISCAL_HALF_YEAR_ISSUER_EB,1,1,,,,,
2025-05-29,C08_FISCAL_HALF_YEAR_ISSUER_EB_K1,C08_FISCAL_HALF_YEAR_ISSUER_EB,1,1,,,,,
2025-05-30,C08_FISCAL_HALF_YEAR_ISSUER_EB_K1,C08_FISCAL_HALF_YEAR_ISSUER_EB,1,1,,,,,
2025-06-02,C08_FISCAL_HALF_YEAR_ISSUER_EB_K1,C08_FISCAL_HALF_YEAR_ISSUER_EB,1,1,,,,,
2025-06-03,C08_FISCAL_HALF_YEAR_ISSUER_EB_K1,C08_FISCAL_HALF_YEAR_ISSUER_EB,1,1,,,,,
2025-06-04,C08_FISCAL_HALF_YEAR_ISSUER_EB_K1,C08_FISCAL_HALF_YEAR_ISSUER_EB,1,1,,,,,
2025-06-05,C08_FISCAL_HALF_YEAR_ISSUER_EB_K1,C08_FISCAL_HALF_YEAR_ISSUER_EB,1,1,,,,,
2025-06-06,C08_FISCAL_HALF_YEAR_ISSUER_EB_K1,C08_FISCAL_HALF_YEAR_ISSUER_EB,1,1,,,,,
2025-06-09,C08_FISCAL_HALF_YEAR_ISSUER_EB_K1,C08_FISCAL_HALF_YEAR_ISSUER_EB,1,1,,,,,
2025-06-10,C08_FISCAL_HALF_YEAR_ISSUER_EB_K1,C08_FISCAL_HALF_YEAR_ISSUER_EB,1,1,,,,,
2025-06-11,C08_FISCAL_HALF_YEAR_ISSUER_EB_K1,C08_FISCAL_HALF_YEAR_ISSUER_EB,1,1,,,,,
2025-06-12,C08_FISCAL_HALF_YEAR_ISSUER_EB_K1,C08_FISCAL_HALF_YEAR_ISSUER_EB,1,1,,,,,
2025-06-13,C08_FISCAL_HALF_YEAR_ISSUER_EB_K1,C08_FISCAL_HALF_YEAR_ISSUER_EB,1,1,,,,,
2025-06-16,C08_FISCAL_HALF_YEAR_ISSUER_EB_K1,C08_FISCAL_HALF_YEAR_ISSUER_EB,1,1,,,,,
2025-06-17,C08_FISCAL_HALF_YEAR_ISSUER_EB_K1,C08_FISCAL_HALF_YEAR_ISSUER_EB,1,1,,,,,
2025-06-18,C08_FISCAL_HALF_YEAR_ISSUER_EB_K1,C08_FISCAL_HALF_YEAR_ISSUER_EB,1,1,,,,,
2025-06-19,C08_FISCAL_HALF_YEAR_ISSUER_EB_K1,C08_FISCAL_HALF_YEAR_ISSUER_EB,1,1,,,,,
2025-06-20,C08_FISCAL_HALF_YEAR_ISSUER_EB_K1,C08_FISCAL_HALF_YEAR_ISSUER_EB,1,1,,,,,
2025-06-23,C08_FISCAL_HALF_YEAR_ISSUER_EB_K1,C08_FISCAL_HALF_YEAR_ISSUER_EB,1,1,,,,,
2025-06-24,C08_FISCAL_HALF_YEAR_ISSUER_EB_K1,C08_FISCAL_HALF_YEAR_ISSUER_EB,1,1,,,,,
2025-06-25,C08_FISCAL_HALF_YEAR_ISSUER_EB_K1,C08_FISCAL_HALF_YEAR_ISSUER_EB,1,1,,,,,
2025-06-26,C08_FISCAL_HALF_YEAR_ISSUER_EB_K1,C08_FISCAL_HALF_YEAR_ISSUER_EB,1,1,,,,,
2025-06-27,C08_FISCAL_HALF_YEAR_ISSUER_EB_K1,C08_FISCAL_HALF_YEAR_ISSUER_EB,1,1,,,,,
2025-06-30,C08_FISCAL_HALF_YEAR_ISSUER_EB_K1,C08_FISCAL_HALF_YEAR_ISSUER_EB,1,1,,,,,
2025-07-01,C08_FISCAL_HALF_YEAR_ISSUER_EB_K1,C08_FISCAL_HALF_YEAR_ISSUER_EB,1,1,,,,,
2025-07-02,C08_FISCAL_HALF_YEAR_ISSUER_EB_K1,C08_FISCAL_HALF_YEAR_ISSUER_EB,1,1,,,,,
2025-07-03,C08_FISCAL_HALF_YEAR_ISSUER_EB_K1,C08_FISCAL_HALF_YEAR_ISSUER_EB,1,1,,,,,
2025-07-04,C08_FISCAL_HALF_YEAR_ISSUER_EB_K1,C08_FISCAL_HALF_YEAR_ISSUER_EB,1,1,,,,,
2025-07-07,C08_FISCAL_HALF_YEAR_ISSUER_EB_K1,C08_FISCAL_HALF_YEAR_ISSUER_EB,1,1,,,,,
2025-07-08,C08_FISCAL_HALF_YEAR_ISSUER_EB_K1,C08_FISCAL_HALF_YEAR_ISSUER_EB,1,1,,,,,
2025-07-09,C08_FISCAL_HALF_YEAR_ISSUER_EB_K1,C08_FISCAL_HALF_YEAR_ISSUER_EB,1,1,,,,,
2025-07-10,C08_FISCAL_HALF_YEAR_ISSUER_EB_K1,C08_FISCAL_HALF_YEAR_ISSUER_EB,1,1,,,,,
2025-07-11,C08_FISCAL_HALF_YEAR_ISSUER_EB_K1,C08_FISCAL_HALF_YEAR_ISSUER_EB,1,1,,,,,
2025-07-14,C08_FISCAL_HALF_YEAR_ISSUER_EB_K1,C08_FISCAL_HALF_YEAR_ISSUER_EB,1,1,,,,,
2025-07-15,C08_FISCAL_HALF_YEAR_ISSUER_EB_K1,C08_FISCAL_HALF_YEAR_ISSUER_EB,1,1,,,,,
2025-07-16,C08_FISCAL_HALF_YEAR_ISSUER_EB_K1,C08_FISCAL_HALF_YEAR_ISSUER_EB,1,1,,,,,
2025-07-17,C08_FISCAL_HALF_YEAR_ISSUER_EB_K1,C08_FISCAL_HALF_YEAR_ISSUER_EB,1,1,,,,,
2025-07-18,C08_FISCAL_HALF_YEAR_ISSUER_EB_K1,C08_FISCAL_HALF_YEAR_ISSUER_EB,1,1,,,,,
2025-07-22,C08_FISCAL_HALF_YEAR_ISSUER_EB_K1,C08_FISCAL_HALF_YEAR_ISSUER_EB,1,1,,,,,
2025-07-23,C08_FISCAL_HALF_YEAR_ISSUER_EB_K1,C08_FISCAL_HALF_YEAR_ISSUER_EB,1,1,,,,,
2025-07-24,C08_FISCAL_HALF_YEAR_ISSUER_EB_K1,C08_FISCAL_HALF_YEAR_ISSUER_EB,1,1,,,,,
2025-07-25,C08_FISCAL_HALF_YEAR_ISSUER_EB_K1,C08_FISCAL_HALF_YEAR_ISSUER_EB,1,1,,,,,
2025-07-28,C08_FISCAL_HALF_YEAR_ISSUER_EB_K1,C08_FISCAL_HALF_YEAR_ISSUER_EB,1,1,,,,,
2025-07-29,C08_FISCAL_HALF_YEAR_ISSUER_EB_K1,C08_FISCAL_HALF_YEAR_ISSUER_EB,1,1,,,,,
2025-07-30,C08_FISCAL_HALF_YEAR_ISSUER_EB_K1,C08_FISCAL_HALF_YEAR_ISSUER_EB,1,1,,,,,
2025-07-31,C08_FISCAL_HALF_YEAR_ISSUER_EB_K1,C08_FISCAL_HALF_YEAR_ISSUER_EB,1,1,,,,,
2024-07-01,C08_FISCAL_HALF_YEAR_ISSUER_EB_K2,C08_FISCAL_HALF_YEAR_ISSUER_EB,2,1,,,,,
2024-07-01,C08_FISCAL_HALF_YEAR_ISSUER_EB_K2,C08_FISCAL_HALF_YEAR_ISSUER_EB,2,2,,,,,
2024-07-02,C08_FISCAL_HALF_YEAR_ISSUER_EB_K2,C08_FISCAL_HALF_YEAR_ISSUER_EB,2,1,,,,,
2024-07-02,C08_FISCAL_HALF_YEAR_ISSUER_EB_K2,C08_FISCAL_HALF_YEAR_ISSUER_EB,2,2,,,,,
2024-07-03,C08_FISCAL_HALF_YEAR_ISSUER_EB_K2,C08_FISCAL_HALF_YEAR_ISSUER_EB,2,1,,,,,
2024-07-03,C08_FISCAL_HALF_YEAR_ISSUER_EB_K2,C08_FISCAL_HALF_YEAR_ISSUER_EB,2,2,,,,,
2024-07-04,C08_FISCAL_HALF_YEAR_ISSUER_EB_K2,C08_FISCAL_HALF_YEAR_ISSUER_EB,2,1,,,,,
2024-07-04,C08_FISCAL_HALF_YEAR_ISSUER_EB_K2,C08_FISCAL_HALF_YEAR_ISSUER_EB,2,2,,,,,
2024-07-05,C08_FISCAL_HALF_YEAR_ISSUER_EB_K2,C08_FISCAL_HALF_YEAR_ISSUER_EB,2,1,,,,,
2024-07-05,C08_FISCAL_HALF_YEAR_ISSUER_EB_K2,C08_FISCAL_HALF_YEAR_ISSUER_EB,2,2,,,,,
2024-07-08,C08_FISCAL_HALF_YEAR_ISSUER_EB_K2,C08_FISCAL_HALF_YEAR_ISSUER_EB,2,1,,,,,
2024-07-08,C08_FISCAL_HALF_YEAR_ISSUER_EB_K2,C08_FISCAL_HALF_YEAR_ISSUER_EB,2,2,,,,,
2024-07-09,C08_FISCAL_HALF_YEAR_ISSUER_EB_K2,C08_FISCAL_HALF_YEAR_ISSUER_EB,2,1,,,,,
2024-07-09,C08_FISCAL_HALF_YEAR_ISSUER_EB_K2,C08_FISCAL_HALF_YEAR_ISSUER_EB,2,2,,,,,
2024-07-10,C08_FISCAL_HALF_YEAR_ISSUER_EB_K2,C08_FISCAL_HALF_YEAR_ISSUER_EB,2,1,,,,,
2024-07-10,C08_FISCAL_HALF_YEAR_ISSUER_EB_K2,C08_FISCAL_HALF_YEAR_ISSUER_EB,2,2,,,,,
2024-07-11,C08_FISCAL_HALF_YEAR_ISSUER_EB_K2,C08_FISCAL_HALF_YEAR_ISSUER_EB,2,1,,,,,
2024-07-11,C08_FISCAL_HALF_YEAR_ISSUER_EB_K2,C08_FISCAL_HALF_YEAR_ISSUER_EB,2,2,,,,,
2024-07-12,C08_FISCAL_HALF_YEAR_ISSUER_EB_K2,C08_FISCAL_HALF_YEAR_ISSUER_EB,2,1,,,,,
2024-07-12,C08_FISCAL_HALF_YEAR_ISSUER_EB_K2,C08_FISCAL_HALF_YEAR_ISSUER_EB,2,2,,,,,
2024-07-16,C08_FISCAL_HALF_YEAR_ISSUER_EB_K2,C08_FISCAL_HALF_YEAR_ISSUER_EB,2,1,,,,,
2024-07-16,C08_FISCAL_HALF_YEAR_ISSUER_EB_K2,C08_FISCAL_HALF_YEAR_ISSUER_EB,2,2,,,,,
2024-07-17,C08_FISCAL_HALF_YEAR_ISSUER_EB_K2,C08_FISCAL_HALF_YEAR_ISSUER_EB,2,1,,,,,
2024-07-17,C08_FISCAL_HALF_YEAR_ISSUER_EB_K2,C08_FISCAL_HALF_YEAR_ISSUER_EB,2,2,,,,,
2024-07-18,C08_FISCAL_HALF_YEAR_ISSUER_EB_K2,C08_FISCAL_HALF_YEAR_ISSUER_EB,2,1,,,,,
2024-07-18,C08_FISCAL_HALF_YEAR_ISSUER_EB_K2,C08_FISCAL_HALF_YEAR_ISSUER_EB,2,2,,,,,
2024-07-19,C08_FISCAL_HALF_YEAR_ISSUER_EB_K2,C08_FISCAL_HALF_YEAR_ISSUER_EB,2,1,,,,,
2024-07-19,C08_FISCAL_HALF_YEAR_ISSUER_EB_K2,C08_FISCAL_HALF_YEAR_ISSUER_EB,2,2,,,,,
2024-07-22,C08_FISCAL_HALF_YEAR_ISSUER_EB_K2,C08_FISCAL_HALF_YEAR_ISSUER_EB,2,1,,,,,
2024-07-22,C08_FISCAL_HALF_YEAR_ISSUER_EB_K2,C08_FISCAL_HALF_YEAR_ISSUER_EB,2,2,,,,,
2024-07-23,C08_FISCAL_HALF_YEAR_ISSUER_EB_K2,C08_FISCAL_HALF_YEAR_ISSUER_EB,2,1,,,,,
2024-07-23,C08_FISCAL_HALF_YEAR_ISSUER_EB_K2,C08_FISCAL_HALF_YEAR_ISSUER_EB,2,2,,,,,
2024-07-24,C08_FISCAL_HALF_YEAR_ISSUER_EB_K2,C08_FISCAL_HALF_YEAR_ISSUER_EB,2,1,,,,,
2024-07-24,C08_FISCAL_HALF_YEAR_ISSUER_EB_K2,C08_FISCAL_HALF_YEAR_ISSUER_EB,2,2,,,,,
2024-07-25,C08_FISCAL_HALF_YEAR_ISSUER_EB_K2,C08_FISCAL_HALF_YEAR_ISSUER_EB,2,1,,,,,
2024-07-25,C08_FISCAL_HALF_YEAR_ISSUER_EB_K2,C08_FISCAL_HALF_YEAR_ISSUER_EB,2,2,,,,,
2024-07-26,C08_FISCAL_HALF_YEAR_ISSUER_EB_K2,C08_FISCAL_HALF_YEAR_ISSUER_EB,2,1,,,,,
2024-07-26,C08_FISCAL_HALF_YEAR_ISSUER_EB_K2,C08_FISCAL_HALF_YEAR_ISSUER_EB,2,2,,,,,
2024-07-29,C08_FISCAL_HALF_YEAR_ISSUER_EB_K2,C08_FISCAL_HALF_YEAR_ISSUER_EB,2,1,,,,,
2024-07-29,C08_FISCAL_HALF_YEAR_ISSUER_EB_K2,C08_FISCAL_HALF_YEAR_ISSUER_EB,2,2,,,,,
2024-07-30,C08_FISCAL_HALF_YEAR_ISSUER_EB_K2,C08_FISCAL_HALF_YEAR_ISSUER_EB,2,1,,,,,
2024-07-30,C08_FISCAL_HALF_YEAR_ISSUER_EB_K2,C08_FISCAL_HALF_YEAR_ISSUER_EB,2,2,,,,,
2024-07-31,C08_FISCAL_HALF_YEAR_ISSUER_EB_K2,C08_FISCAL_HALF_YEAR_ISSUER_EB,2,1,,,,,
2024-07-31,C08_FISCAL_HALF_YEAR_ISSUER_EB_K2,C08_FISCAL_HALF_YEAR_ISSUER_EB,2,2,,,,,
2024-08-01,C08_FISCAL_HALF_YEAR_ISSUER_EB_K2,C08_FISCAL_HALF_YEAR_ISSUER_EB,2,1,,,,,
2024-08-01,C08_FISCAL_HALF_YEAR_ISSUER_EB_K2,C08_FISCAL_HALF_YEAR_ISSUER_EB,2,2,,,,,
2024-08-02,C08_FISCAL_HALF_YEAR_ISSUER_EB_K2,C08_FISCAL_HALF_YEAR_ISSUER_EB,2,1,,,,,
2024-08-02,C08_FISCAL_HALF_YEAR_ISSUER_EB_K2,C08_FISCAL_HALF_YEAR_ISSUER_EB,2,2,,,,,
2024-08-05,C08_FISCAL_HALF_YEAR_ISSUER_EB_K2,C08_FISCAL_HALF_YEAR_ISSUER_EB,2,1,,,,,
2024-08-05,C08_FISCAL_HALF_YEAR_ISSUER_EB_K2,C08_FISCAL_HALF_YEAR_ISSUER_EB,2,2,,,,,
2024-08-06,C08_FISCAL_HALF_YEAR_ISSUER_EB_K2,C08_FISCAL_HALF_YEAR_ISSUER_EB,2,1,,,,,
2024-08-06,C08_FISCAL_HALF_YEAR_ISSUER_EB_K2,C08_FISCAL_HALF_YEAR_ISSUER_EB,2,2,,,,,
2024-08-07,C08_FISCAL_HALF_YEAR_ISSUER_EB_K2,C08_FISCAL_HALF_YEAR_ISSUER_EB,2,1,,,,,
2024-08-07,C08_FISCAL_HALF_YEAR_ISSUER_EB_K2,C08_FISCAL_HALF_YEAR_ISSUER_EB,2,2,,,,,
2024-08-08,C08_FISCAL_HALF_YEAR_ISSUER_EB_K2,C08_FISCAL_HALF_YEAR_ISSUER_EB,2,1,,,,,
2024-08-08,C08_FISCAL_HALF_YEAR_ISSUER_EB_K2,C08_FISCAL_HALF_YEAR_ISSUER_EB,2,2,,,,,
2024-08-09,C08_FISCAL_HALF_YEAR_ISSUER_EB_K2,C08_FISCAL_HALF_YEAR_ISSUER_EB,2,1,,,,,
2024-08-09,C08_FISCAL_HALF_YEAR_ISSUER_EB_K2,C08_FISCAL_HALF_YEAR_ISSUER_EB,2,2,,,,,
2024-08-13,C08_FISCAL_HALF_YEAR_ISSUER_EB_K2,C08_FISCAL_HALF_YEAR_ISSUER_EB,2,1,,,,,
2024-08-13,C08_FISCAL_HALF_YEAR_ISSUER_EB_K2,C08_FISCAL_HALF_YEAR_ISSUER_EB,2,2,,,,,
2024-08-14,C08_FISCAL_HALF_YEAR_ISSUER_EB_K2,C08_FISCAL_HALF_YEAR_ISSUER_EB,2,1,,,,,
2024-08-14,C08_FISCAL_HALF_YEAR_ISSUER_EB_K2,C08_FISCAL_HALF_YEAR_ISSUER_EB,2,2,,,,,
2024-08-15,C08_FISCAL_HALF_YEAR_ISSUER_EB_K2,C08_FISCAL_HALF_YEAR_ISSUER_EB,2,1,,,,,
2024-08-15,C08_FISCAL_HALF_YEAR_ISSUER_EB_K2,C08_FISCAL_HALF_YEAR_ISSUER_EB,2,2,,,,,
2024-08-16,C08_FISCAL_HALF_YEAR_ISSUER_EB_K2,C08_FISCAL_HALF_YEAR_ISSUER_EB,2,1,,,,,
2024-08-16,C08_FISCAL_HALF_YEAR_ISSUER_EB_K2,C08_FISCAL_HALF_YEAR_ISSUER_EB,2,2,,,,,
2024-08-19,C08_FISCAL_HALF_YEAR_ISSUER_EB_K2,C08_FISCAL_HALF_YEAR_ISSUER_EB,2,1,,,,,
2024-08-19,C08_FISCAL_HALF_YEAR_ISSUER_EB_K2,C08_FISCAL_HALF_YEAR_ISSUER_EB,2,2,,,,,
2024-08-20,C08_FISCAL_HALF_YEAR_ISSUER_EB_K2,C08_FISCAL_HALF_YEAR_ISSUER_EB,2,1,,,,,
2024-08-20,C08_FISCAL_HALF_YEAR_ISSUER_EB_K2,C08_FISCAL_HALF_YEAR_ISSUER_EB,2,2,,,,,
2024-08-21,C08_FISCAL_HALF_YEAR_ISSUER_EB_K2,C08_FISCAL_HALF_YEAR_ISSUER_EB,2,1,,,,,
2024-08-21,C08_FISCAL_HALF_YEAR_ISSUER_EB_K2,C08_FISCAL_HALF_YEAR_ISSUER_EB,2,2,,,,,
2024-08-22,C08_FISCAL_HALF_YEAR_ISSUER_EB_K2,C08_FISCAL_HALF_YEAR_ISSUER_EB,2,1,,,,,
2024-08-22,C08_FISCAL_HALF_YEAR_ISSUER_EB_K2,C08_FISCAL_HALF_YEAR_ISSUER_EB,2,2,,,,,
2024-08-23,C08_FISCAL_HALF_YEAR_ISSUER_EB_K2,C08_FISCAL_HALF_YEAR_ISSUER_EB,2,1,,,,,
2024-08-23,C08_FISCAL_HALF_YEAR_ISSUER_EB_K2,C08_FISCAL_HALF_YEAR_ISSUER_EB,2,2,,,,,
2024-08-26,C08_FISCAL_HALF_YEAR_ISSUER_EB_K2,C08_FISCAL_HALF_YEAR_ISSUER_EB,2,1,,,,,
2024-08-26,C08_FISCAL_HALF_YEAR_ISSUER_EB_K2,C08_FISCAL_HALF_YEAR_ISSUER_EB,2,2,,,,,
2024-08-27,C08_FISCAL_HALF_YEAR_ISSUER_EB_K2,C08_FISCAL_HALF_YEAR_ISSUER_EB,2,1,,,,,
2024-08-27,C08_FISCAL_HALF_YEAR_ISSUER_EB_K2,C08_FISCAL_HALF_YEAR_ISSUER_EB,2,2,,,,,
2024-08-28,C08_FISCAL_HALF_YEAR_ISSUER_EB_K2,C08_FISCAL_HALF_YEAR_ISSUER_EB,2,1,,,,,
2024-08-28,C08_FISCAL_HALF_YEAR_ISSUER_EB_K2,C08_FISCAL_HALF_YEAR_ISSUER_EB,2,2,,,,,
2024-08-29,C08_FISCAL_HALF_YEAR_ISSUER_EB_K2,C08_FISCAL_HALF_YEAR_ISSUER_EB,2,1,,,,,
2024-08-29,C08_FISCAL_HALF_YEAR_ISSUER_EB_K2,C08_FISCAL_HALF_YEAR_ISSUER_EB,2,2,,,,,
2024-08-30,C08_FISCAL_HALF_YEAR_ISSUER_EB_K2,C08_FISCAL_HALF_YEAR_ISSUER_EB,2,1,,,,,
2024-08-30,C08_FISCAL_HALF_YEAR_ISSUER_EB_K2,C08_FISCAL_HALF_YEAR_ISSUER_EB,2,2,,,,,
2024-09-02,C08_FISCAL_HALF_YEAR_ISSUER_EB_K2,C08_FISCAL_HALF_YEAR_ISSUER_EB,2,1,,,,,
2024-09-02,C08_FISCAL_HALF_YEAR_ISSUER_EB_K2,C08_FISCAL_HALF_YEAR_ISSUER_EB,2,2,,,,,
2024-09-03,C08_FISCAL_HALF_YEAR_ISSUER_EB_K2,C08_FISCAL_HALF_YEAR_ISSUER_EB,2,1,,,,,
2024-09-03,C08_FISCAL_HALF_YEAR_ISSUER_EB_K2,C08_FISCAL_HALF_YEAR_ISSUER_EB,2,2,,,,,
2024-09-04,C08_FISCAL_HALF_YEAR_ISSUER_EB_K2,C08_FISCAL_HALF_YEAR_ISSUER_EB,2,1,,,,,
2024-09-04,C08_FISCAL_HALF_YEAR_ISSUER_EB_K2,C08_FISCAL_HALF_YEAR_ISSUER_EB,2,2,,,,,
2024-09-05,C08_FISCAL_HALF_YEAR_ISSUER_EB_K2,C08_FISCAL_HALF_YEAR_ISSUER_EB,2,1,,,,,
2024-09-05,C08_FISCAL_HALF_YEAR_ISSUER_EB_K2,C08_FISCAL_HALF_YEAR_ISSUER_EB,2,2,,,,,
2024-09-06,C08_FISCAL_HALF_YEAR_ISSUER_EB_K2,C08_FISCAL_HALF_YEAR_ISSUER_EB,2,1,,,,,
2024-09-06,C08_FISCAL_HALF_YEAR_ISSUER_EB_K2,C08_FISCAL_HALF_YEAR_ISSUER_EB,2,2,,,,,
2024-09-09,C08_FISCAL_HALF_YEAR_ISSUER_EB_K2,C08_FISCAL_HALF_YEAR_ISSUER_EB,2,1,,,,,
2024-09-09,C08_FISCAL_HALF_YEAR_ISSUER_EB_K2,C08_FISCAL_HALF_YEAR_ISSUER_EB,2,2,,,,,
2024-09-10,C08_FISCAL_HALF_YEAR_ISSUER_EB_K2,C08_FISCAL_HALF_YEAR_ISSUER_EB,2,1,,,,,
2024-09-10,C08_FISCAL_HALF_YEAR_ISSUER_EB_K2,C08_FISCAL_HALF_YEAR_ISSUER_EB,2,2,,,,,
2024-09-11,C08_FISCAL_HALF_YEAR_ISSUER_EB_K2,C08_FISCAL_HALF_YEAR_ISSUER_EB,2,1,,,,,
2024-09-11,C08_FISCAL_HALF_YEAR_ISSUER_EB_K2,C08_FISCAL_HALF_YEAR_ISSUER_EB,2,2,,,,,
2024-09-12,C08_FISCAL_HALF_YEAR_ISSUER_EB_K2,C08_FISCAL_HALF_YEAR_ISSUER_EB,2,1,,,,,
2024-09-12,C08_FISCAL_HALF_YEAR_ISSUER_EB_K2,C08_FISCAL_HALF_YEAR_ISSUER_EB,2,2,,,,,
2024-09-13,C08_FISCAL_HALF_YEAR_ISSUER_EB_K2,C08_FISCAL_HALF_YEAR_ISSUER_EB,2,1,,,,,
2024-09-13,C08_FISCAL_HALF_YEAR_ISSUER_EB_K2,C08_FISCAL_HALF_YEAR_ISSUER_EB,2,2,,,,,
2024-09-17,C08_FISCAL_HALF_YEAR_ISSUER_EB_K2,C08_FISCAL_HALF_YEAR_ISSUER_EB,2,1,,,,,
2024-09-17,C08_FISCAL_HALF_YEAR_ISSUER_EB_K2,C08_FISCAL_HALF_YEAR_ISSUER_EB,2,2,,,,,
2024-09-18,C08_FISCAL_HALF_YEAR_ISSUER_EB_K2,C08_FISCAL_HALF_YEAR_ISSUER_EB,2,1,,,,,
2024-09-18,C08_FISCAL_HALF_YEAR_ISSUER_EB_K2,C08_FISCAL_HALF_YEAR_ISSUER_EB,2,2,,,,,
2024-09-19,C08_FISCAL_HALF_YEAR_ISSUER_EB_K2,C08_FISCAL_HALF_YEAR_ISSUER_EB,2,1,,,,,
2024-09-19,C08_FISCAL_HALF_YEAR_ISSUER_EB_K2,C08_FISCAL_HALF_YEAR_ISSUER_EB,2,2,,,,,
2024-09-20,C08_FISCAL_HALF_YEAR_ISSUER_EB_K2,C08_FISCAL_HALF_YEAR_ISSUER_EB,2,1,,,,,
2024-09-20,C08_FISCAL_HALF_YEAR_ISSUER_EB_K2,C08_FISCAL_HALF_YEAR_ISSUER_EB,2,2,,,,,
2024-09-24,C08_FISCAL_HALF_YEAR_ISSUER_EB_K2,C08_FISCAL_HALF_YEAR_ISSUER_EB,2,1,,,,,
2024-09-24,C08_FISCAL_HALF_YEAR_ISSUER_EB_K2,C08_FISCAL_HALF_YEAR_ISSUER_EB,2,2,,,,,
2024-09-25,C08_FISCAL_HALF_YEAR_ISSUER_EB_K2,C08_FISCAL_HALF_YEAR_ISSUER_EB,2,1,,,,,
2024-09-25,C08_FISCAL_HALF_YEAR_ISSUER_EB_K2,C08_FISCAL_HALF_YEAR_ISSUER_EB,2,2,,,,,
2024-09-26,C08_FISCAL_HALF_YEAR_ISSUER_EB_K2,C08_FISCAL_HALF_YEAR_ISSUER_EB,2,1,,,,,
2024-09-26,C08_FISCAL_HALF_YEAR_ISSUER_EB_K2,C08_FISCAL_HALF_YEAR_ISSUER_EB,2,2,,,,,
2024-09-27,C08_FISCAL_HALF_YEAR_ISSUER_EB_K2,C08_FISCAL_HALF_YEAR_ISSUER_EB,2,1,,,,,
2024-09-27,C08_FISCAL_HALF_YEAR_ISSUER_EB_K2,C08_FISCAL_HALF_YEAR_ISSUER_EB,2,2,,,,,
2024-09-30,C08_FISCAL_HALF_YEAR_ISSUER_EB_K2,C08_FISCAL_HALF_YEAR_ISSUER_EB,2,1,,,,,
2024-09-30,C08_FISCAL_HALF_YEAR_ISSUER_EB_K2,C08_FISCAL_HALF_YEAR_ISSUER_EB,2,2,,,,,
2024-10-01,C08_FISCAL_HALF_YEAR_ISSUER_EB_K2,C08_FISCAL_HALF_YEAR_ISSUER_EB,2,1,,,,,
2024-10-01,C08_FISCAL_HALF_YEAR_ISSUER_EB_K2,C08_FISCAL_HALF_YEAR_ISSUER_EB,2,2,,,,,
2024-10-02,C08_FISCAL_HALF_YEAR_ISSUER_EB_K2,C08_FISCAL_HALF_YEAR_ISSUER_EB,2,1,,,,,
2024-10-02,C08_FISCAL_HALF_YEAR_ISSUER_EB_K2,C08_FISCAL_HALF_YEAR_ISSUER_EB,2,2,,,,,
2024-10-03,C08_FISCAL_HALF_YEAR_ISSUER_EB_K2,C08_FISCAL_HALF_YEAR_ISSUER_EB,2,1,,,,,
2024-10-03,C08_FISCAL_HALF_YEAR_ISSUER_EB_K2,C08_FISCAL_HALF_YEAR_ISSUER_EB,2,2,,,,,
2024-10-04,C08_FISCAL_HALF_YEAR_ISSUER_EB_K2,C08_FISCAL_HALF_YEAR_ISSUER_EB,2,1,,,,,
2024-10-04,C08_FISCAL_HALF_YEAR_ISSUER_EB_K2,C08_FISCAL_HALF_YEAR_ISSUER_EB,2,2,,,,,
2024-10-07,C08_FISCAL_HALF_YEAR_ISSUER_EB_K2,C08_FISCAL_HALF_YEAR_ISSUER_EB,2,1,,,,,
2024-10-07,C08_FISCAL_HALF_YEAR_ISSUER_EB_K2,C08_FISCAL_HALF_YEAR_ISSUER_EB,2,2,,,,,
2024-10-08,C08_FISCAL_HALF_YEAR_ISSUER_EB_K2,C08_FISCAL_HALF_YEAR_ISSUER_EB,2,1,,,,,
2024-10-08,C08_FISCAL_HALF_YEAR_ISSUER_EB_K2,C08_FISCAL_HALF_YEAR_ISSUER_EB,2,2,,,,,
2024-10-09,C08_FISCAL_HALF_YEAR_ISSUER_EB_K2,C08_FISCAL_HALF_YEAR_ISSUER_EB,2,1,,,,,
2024-10-09,C08_FISCAL_HALF_YEAR_ISSUER_EB_K2,C08_FISCAL_HALF_YEAR_ISSUER_EB,2,2,,,,,
2024-10-10,C08_FISCAL_HALF_YEAR_ISSUER_EB_K2,C08_FISCAL_HALF_YEAR_ISSUER_EB,2,1,,,,,
2024-10-10,C08_FISCAL_HALF_YEAR_ISSUER_EB_K2,C08_FISCAL_HALF_YEAR_ISSUER_EB,2,2,,,,,
2024-10-11,C08_FISCAL_HALF_YEAR_ISSUER_EB_K2,C08_FISCAL_HALF_YEAR_ISSUER_EB,2,1,,,,,
2024-10-11,C08_FISCAL_HALF_YEAR_ISSUER_EB_K2,C08_FISCAL_HALF_YEAR_ISSUER_EB,2,2,,,,,
2024-10-15,C08_FISCAL_HALF_YEAR_ISSUER_EB_K2,C08_FISCAL_HALF_YEAR_ISSUER_EB,2,1,,,,,
2024-10-15,C08_FISCAL_HALF_YEAR_ISSUER_EB_K2,C08_FISCAL_HALF_YEAR_ISSUER_EB,2,2,,,,,
2024-10-16,C08_FISCAL_HALF_YEAR_ISSUER_EB_K2,C08_FISCAL_HALF_YEAR_ISSUER_EB,2,1,,,,,
2024-10-16,C08_FISCAL_HALF_YEAR_ISSUER_EB_K2,C08_FISCAL_HALF_YEAR_ISSUER_EB,2,2,,,,,
2024-10-17,C08_FISCAL_HALF_YEAR_ISSUER_EB_K2,C08_FISCAL_HALF_YEAR_ISSUER_EB,2,1,,,,,
2024-10-17,C08_FISCAL_HALF_YEAR_ISSUER_EB_K2,C08_FISCAL_HALF_YEAR_ISSUER_EB,2,2,,,,,
2024-10-18,C08_FISCAL_HALF_YEAR_ISSUER_EB_K2,C08_FISCAL_HALF_YEAR_ISSUER_EB,2,1,,,,,
2024-10-18,C08_FISCAL_HALF_YEAR_ISSUER_EB_K2,C08_FISCAL_HALF_YEAR_ISSUER_EB,2,2,,,,,
2024-10-21,C08_FISCAL_HALF_YEAR_ISSUER_EB_K2,C08_FISCAL_HALF_YEAR_ISSUER_EB,2,1,,,,,
2024-10-21,C08_FISCAL_HALF_YEAR_ISSUER_EB_K2,C08_FISCAL_HALF_YEAR_ISSUER_EB,2,2,,,,,
2024-10-22,C08_FISCAL_HALF_YEAR_ISSUER_EB_K2,C08_FISCAL_HALF_YEAR_ISSUER_EB,2,1,,,,,
2024-10-22,C08_FISCAL_HALF_YEAR_ISSUER_EB_K2,C08_FISCAL_HALF_YEAR_ISSUER_EB,2,2,,,,,
2024-10-23,C08_FISCAL_HALF_YEAR_ISSUER_EB_K2,C08_FISCAL_HALF_YEAR_ISSUER_EB,2,1,,,,,
2024-10-23,C08_FISCAL_HALF_YEAR_ISSUER_EB_K2,C08_FISCAL_HALF_YEAR_ISSUER_EB,2,2,,,,,
2024-10-24,C08_FISCAL_HALF_YEAR_ISSUER_EB_K2,C08_FISCAL_HALF_YEAR_ISSUER_EB,2,1,,,,,
2024-10-24,C08_FISCAL_HALF_YEAR_ISSUER_EB_K2,C08_FISCAL_HALF_YEAR_ISSUER_EB,2,2,,,,,
2024-10-25,C08_FISCAL_HALF_YEAR_ISSUER_EB_K2,C08_FISCAL_HALF_YEAR_ISSUER_EB,2,1,,,,,
2024-10-25,C08_FISCAL_HALF_YEAR_ISSUER_EB_K2,C08_FISCAL_HALF_YEAR_ISSUER_EB,2,2,,,,,
2024-10-28,C08_FISCAL_HALF_YEAR_ISSUER_EB_K2,C08_FISCAL_HALF_YEAR_ISSUER_EB,2,1,,,,,
2024-10-28,C08_FISCAL_HALF_YEAR_ISSUER_EB_K2,C08_FISCAL_HALF_YEAR_ISSUER_EB,2,2,,,,,
2024-10-29,C08_FISCAL_HALF_YEAR_ISSUER_EB_K2,C08_FISCAL_HALF_YEAR_ISSUER_EB,2,1,,,,,
2024-10-29,C08_FISCAL_HALF_YEAR_ISSUER_EB_K2,C08_FISCAL_HALF_YEAR_ISSUER_EB,2,2,,,,,
2024-10-30,C08_FISCAL_HALF_YEAR_ISSUER_EB_K2,C08_FISCAL_HALF_YEAR_ISSUER_EB,2,1,,,,,
2024-10-30,C08_FISCAL_HALF_YEAR_ISSUER_EB_K2,C08_FISCAL_HALF_YEAR_ISSUER_EB,2,2,,,,,
2024-10-31,C08_FISCAL_HALF_YEAR_ISSUER_EB_K2,C08_FISCAL_HALF_YEAR_ISSUER_EB,2,1,,,,,
2024-10-31,C08_FISCAL_HALF_YEAR_ISSUER_EB_K2,C08_FISCAL_HALF_YEAR_ISSUER_EB,2,2,,,,,
2024-11-01,C08_FISCAL_HALF_YEAR_ISSUER_EB_K2,C08_FISCAL_HALF_YEAR_ISSUER_EB,2,1,,,,,
2024-11-01,C08_FISCAL_HALF_YEAR_ISSUER_EB_K2,C08_FISCAL_HALF_YEAR_ISSUER_EB,2,2,,,,,
2024-11-05,C08_FISCAL_HALF_YEAR_ISSUER_EB_K2,C08_FISCAL_HALF_YEAR_ISSUER_EB,2,1,,,,,
2024-11-05,C08_FISCAL_HALF_YEAR_ISSUER_EB_K2,C08_FISCAL_HALF_YEAR_ISSUER_EB,2,2,,,,,
2024-11-06,C08_FISCAL_HALF_YEAR_ISSUER_EB_K2,C08_FISCAL_HALF_YEAR_ISSUER_EB,2,1,,,,,
2024-11-06,C08_FISCAL_HALF_YEAR_ISSUER_EB_K2,C08_FISCAL_HALF_YEAR_ISSUER_EB,2,2,,,,,
2024-11-07,C08_FISCAL_HALF_YEAR_ISSUER_EB_K2,C08_FISCAL_HALF_YEAR_ISSUER_EB,2,1,,,,,
2024-11-07,C08_FISCAL_HALF_YEAR_ISSUER_EB_K2,C08_FISCAL_HALF_YEAR_ISSUER_EB,2,2,,,,,
2024-11-08,C08_FISCAL_HALF_YEAR_ISSUER_EB_K2,C08_FISCAL_HALF_YEAR_ISSUER_EB,2,1,,,,,
2024-11-08,C08_FISCAL_HALF_YEAR_ISSUER_EB_K2,C08_FISCAL_HALF_YEAR_ISSUER_EB,2,2,,,,,
2024-11-11,C08_FISCAL_HALF_YEAR_ISSUER_EB_K2,C08_FISCAL_HALF_YEAR_ISSUER_EB,2,1,,,,,
2024-11-11,C08_FISCAL_HALF_YEAR_ISSUER_EB_K2,C08_FISCAL_HALF_YEAR_ISSUER_EB,2,2,,,,,
2024-11-12,C08_FISCAL_HALF_YEAR_ISSUER_EB_K2,C08_FISCAL_HALF_YEAR_ISSUER_EB,2,1,,,,,
2024-11-12,C08_FISCAL_HALF_YEAR_ISSUER_EB_K2,C08_FISCAL_HALF_YEAR_ISSUER_EB,2,2,,,,,
2024-11-13,C08_FISCAL_HALF_YEAR_ISSUER_EB_K2,C08_FISCAL_HALF_YEAR_ISSUER_EB,2,1,,,,,
2024-11-13,C08_FISCAL_HALF_YEAR_ISSUER_EB_K2,C08_FISCAL_HALF_YEAR_ISSUER_EB,2,2,,,,,
2024-11-14,C08_FISCAL_HALF_YEAR_ISSUER_EB_K2,C08_FISCAL_HALF_YEAR_ISSUER_EB,2,1,,,,,
2024-11-14,C08_FISCAL_HALF_YEAR_ISSUER_EB_K2,C08_FISCAL_HALF_YEAR_ISSUER_EB,2,2,,,,,
2024-11-15,C08_FISCAL_HALF_YEAR_ISSUER_EB_K2,C08_FISCAL_HALF_YEAR_ISSUER_EB,2,1,,,,,
2024-11-15,C08_FISCAL_HALF_YEAR_ISSUER_EB_K2,C08_FISCAL_HALF_YEAR_ISSUER_EB,2,2,,,,,
2024-11-18,C08_FISCAL_HALF_YEAR_ISSUER_EB_K2,C08_FISCAL_HALF_YEAR_ISSUER_EB,2,1,,,,,
2024-11-18,C08_FISCAL_HALF_YEAR_ISSUER_EB_K2,C08_FISCAL_HALF_YEAR_ISSUER_EB,2,2,,,,,
2024-11-19,C08_FISCAL_HALF_YEAR_ISSUER_EB_K2,C08_FISCAL_HALF_YEAR_ISSUER_EB,2,1,,,,,
2024-11-19,C08_FISCAL_HALF_YEAR_ISSUER_EB_K2,C08_FISCAL_HALF_YEAR_ISSUER_EB,2,2,,,,,
2024-11-20,C08_FISCAL_HALF_YEAR_ISSUER_EB_K2,C08_FISCAL_HALF_YEAR_ISSUER_EB,2,1,,,,,
2024-11-20,C08_FISCAL_HALF_YEAR_ISSUER_EB_K2,C08_FISCAL_HALF_YEAR_ISSUER_EB,2,2,,,,,
2024-11-21,C08_FISCAL_HALF_YEAR_ISSUER_EB_K2,C08_FISCAL_HALF_YEAR_ISSUER_EB,2,1,,,,,
2024-11-21,C08_FISCAL_HALF_YEAR_ISSUER_EB_K2,C08_FISCAL_HALF_YEAR_ISSUER_EB,2,2,,,,,
2024-11-22,C08_FISCAL_HALF_YEAR_ISSUER_EB_K2,C08_FISCAL_HALF_YEAR_ISSUER_EB,2,1,,,,,
2024-11-22,C08_FISCAL_HALF_YEAR_ISSUER_EB_K2,C08_FISCAL_HALF_YEAR_ISSUER_EB,2,2,,,,,
2024-11-25,C08_FISCAL_HALF_YEAR_ISSUER_EB_K2,C08_FISCAL_HALF_YEAR_ISSUER_EB,2,1,,,,,
2024-11-25,C08_FISCAL_HALF_YEAR_ISSUER_EB_K2,C08_FISCAL_HALF_YEAR_ISSUER_EB,2,2,,,,,
2024-11-26,C08_FISCAL_HALF_YEAR_ISSUER_EB_K2,C08_FISCAL_HALF_YEAR_ISSUER_EB,2,1,,,,,
2024-11-26,C08_FISCAL_HALF_YEAR_ISSUER_EB_K2,C08_FISCAL_HALF_YEAR_ISSUER_EB,2,2,,,,,
2024-11-27,C08_FISCAL_HALF_YEAR_ISSUER_EB_K2,C08_FISCAL_HALF_YEAR_ISSUER_EB,2,1,,,,,
2024-11-27,C08_FISCAL_HALF_YEAR_ISSUER_EB_K2,C08_FISCAL_HALF_YEAR_ISSUER_EB,2,2,,,,,
2024-11-28,C08_FISCAL_HALF_YEAR_ISSUER_EB_K2,C08_FISCAL_HALF_YEAR_ISSUER_EB,2,1,,,,,
2024-11-28,C08_FISCAL_HALF_YEAR_ISSUER_EB_K2,C08_FISCAL_HALF_YEAR_ISSUER_EB,2,2,,,,,
2024-11-29,C08_FISCAL_HALF_YEAR_ISSUER_EB_K2,C08_FISCAL_HALF_YEAR_ISSUER_EB,2,1,,,,,
2024-11-29,C08_FISCAL_HALF_YEAR_ISSUER_EB_K2,C08_FISCAL_HALF_YEAR_ISSUER_EB,2,2,,,,,
2024-12-02,C08_FISCAL_HALF_YEAR_ISSUER_EB_K2,C08_FISCAL_HALF_YEAR_ISSUER_EB,2,1,,,,,
2024-12-02,C08_FISCAL_HALF_YEAR_ISSUER_EB_K2,C08_FISCAL_HALF_YEAR_ISSUER_EB,2,2,,,,,
2024-12-03,C08_FISCAL_HALF_YEAR_ISSUER_EB_K2,C08_FISCAL_HALF_YEAR_ISSUER_EB,2,1,,,,,
2024-12-03,C08_FISCAL_HALF_YEAR_ISSUER_EB_K2,C08_FISCAL_HALF_YEAR_ISSUER_EB,2,2,,,,,
2024-12-04,C08_FISCAL_HALF_YEAR_ISSUER_EB_K2,C08_FISCAL_HALF_YEAR_ISSUER_EB,2,1,,,,,
2024-12-04,C08_FISCAL_HALF_YEAR_ISSUER_EB_K2,C08_FISCAL_HALF_YEAR_ISSUER_EB,2,2,,,,,
2024-12-05,C08_FISCAL_HALF_YEAR_ISSUER_EB_K2,C08_FISCAL_HALF_YEAR_ISSUER_EB,2,1,,,,,
2024-12-05,C08_FISCAL_HALF_YEAR_ISSUER_EB_K2,C08_FISCAL_HALF_YEAR_ISSUER_EB,2,2,,,,,
2024-12-06,C08_FISCAL_HALF_YEAR_ISSUER_EB_K2,C08_FISCAL_HALF_YEAR_ISSUER_EB,2,1,,,,,
2024-12-06,C08_FISCAL_HALF_YEAR_ISSUER_EB_K2,C08_FISCAL_HALF_YEAR_ISSUER_EB,2,2,,,,,
2024-12-09,C08_FISCAL_HALF_YEAR_ISSUER_EB_K2,C08_FISCAL_HALF_YEAR_ISSUER_EB,2,1,,,,,
2024-12-09,C08_FISCAL_HALF_YEAR_ISSUER_EB_K2,C08_FISCAL_HALF_YEAR_ISSUER_EB,2,2,,,,,
2024-12-10,C08_FISCAL_HALF_YEAR_ISSUER_EB_K2,C08_FISCAL_HALF_YEAR_ISSUER_EB,2,1,,,,,
2024-12-10,C08_FISCAL_HALF_YEAR_ISSUER_EB_K2,C08_FISCAL_HALF_YEAR_ISSUER_EB,2,2,,,,,
2024-12-11,C08_FISCAL_HALF_YEAR_ISSUER_EB_K2,C08_FISCAL_HALF_YEAR_ISSUER_EB,2,1,,,,,
2024-12-11,C08_FISCAL_HALF_YEAR_ISSUER_EB_K2,C08_FISCAL_HALF_YEAR_ISSUER_EB,2,2,,,,,
2024-12-12,C08_FISCAL_HALF_YEAR_ISSUER_EB_K2,C08_FISCAL_HALF_YEAR_ISSUER_EB,2,1,,,,,
2024-12-12,C08_FISCAL_HALF_YEAR_ISSUER_EB_K2,C08_FISCAL_HALF_YEAR_ISSUER_EB,2,2,,,,,
2024-12-13,C08_FISCAL_HALF_YEAR_ISSUER_EB_K2,C08_FISCAL_HALF_YEAR_ISSUER_EB,2,1,,,,,
2024-12-13,C08_FISCAL_HALF_YEAR_ISSUER_EB_K2,C08_FISCAL_HALF_YEAR_ISSUER_EB,2,2,,,,,
2024-12-16,C08_FISCAL_HALF_YEAR_ISSUER_EB_K2,C08_FISCAL_HALF_YEAR_ISSUER_EB,2,1,,,,,
2024-12-16,C08_FISCAL_HALF_YEAR_ISSUER_EB_K2,C08_FISCAL_HALF_YEAR_ISSUER_EB,2,2,,,,,
2024-12-17,C08_FISCAL_HALF_YEAR_ISSUER_EB_K2,C08_FISCAL_HALF_YEAR_ISSUER_EB,2,1,,,,,
2024-12-17,C08_FISCAL_HALF_YEAR_ISSUER_EB_K2,C08_FISCAL_HALF_YEAR_ISSUER_EB,2,2,,,,,
2024-12-18,C08_FISCAL_HALF_YEAR_ISSUER_EB_K2,C08_FISCAL_HALF_YEAR_ISSUER_EB,2,1,,,,,
2024-12-18,C08_FISCAL_HALF_YEAR_ISSUER_EB_K2,C08_FISCAL_HALF_YEAR_ISSUER_EB,2,2,,,,,
2024-12-19,C08_FISCAL_HALF_YEAR_ISSUER_EB_K2,C08_FISCAL_HALF_YEAR_ISSUER_EB,2,1,,,,,
2024-12-19,C08_FISCAL_HALF_YEAR_ISSUER_EB_K2,C08_FISCAL_HALF_YEAR_ISSUER_EB,2,2,,,,,
2024-12-20,C08_FISCAL_HALF_YEAR_ISSUER_EB_K2,C08_FISCAL_HALF_YEAR_ISSUER_EB,2,1,,,,,
2024-12-20,C08_FISCAL_HALF_YEAR_ISSUER_EB_K2,C08_FISCAL_HALF_YEAR_ISSUER_EB,2,2,,,,,
2024-12-23,C08_FISCAL_HALF_YEAR_ISSUER_EB_K2,C08_FISCAL_HALF_YEAR_ISSUER_EB,2,1,,,,,
2024-12-23,C08_FISCAL_HALF_YEAR_ISSUER_EB_K2,C08_FISCAL_HALF_YEAR_ISSUER_EB,2,2,,,,,
2024-12-24,C08_FISCAL_HALF_YEAR_ISSUER_EB_K2,C08_FISCAL_HALF_YEAR_ISSUER_EB,2,1,,,,,
2024-12-24,C08_FISCAL_HALF_YEAR_ISSUER_EB_K2,C08_FISCAL_HALF_YEAR_ISSUER_EB,2,2,,,,,
2024-12-25,C08_FISCAL_HALF_YEAR_ISSUER_EB_K2,C08_FISCAL_HALF_YEAR_ISSUER_EB,2,1,,,,,
2024-12-25,C08_FISCAL_HALF_YEAR_ISSUER_EB_K2,C08_FISCAL_HALF_YEAR_ISSUER_EB,2,2,,,,,
2024-12-26,C08_FISCAL_HALF_YEAR_ISSUER_EB_K2,C08_FISCAL_HALF_YEAR_ISSUER_EB,2,1,,,,,
2024-12-26,C08_FISCAL_HALF_YEAR_ISSUER_EB_K2,C08_FISCAL_HALF_YEAR_ISSUER_EB,2,2,,,,,
2024-12-27,C08_FISCAL_HALF_YEAR_ISSUER_EB_K2,C08_FISCAL_HALF_YEAR_ISSUER_EB,2,1,,,,,
2024-12-27,C08_FISCAL_HALF_YEAR_ISSUER_EB_K2,C08_FISCAL_HALF_YEAR_ISSUER_EB,2,2,,,,,
2024-12-30,C08_FISCAL_HALF_YEAR_ISSUER_EB_K2,C08_FISCAL_HALF_YEAR_ISSUER_EB,2,1,,,,,
2024-12-30,C08_FISCAL_HALF_YEAR_ISSUER_EB_K2,C08_FISCAL_HALF_YEAR_ISSUER_EB,2,2,,,,,
2025-01-06,C08_FISCAL_HALF_YEAR_ISSUER_EB_K2,C08_FISCAL_HALF_YEAR_ISSUER_EB,2,1,,,,,
2025-01-06,C08_FISCAL_HALF_YEAR_ISSUER_EB_K2,C08_FISCAL_HALF_YEAR_ISSUER_EB,2,2,,,,,
2025-01-07,C08_FISCAL_HALF_YEAR_ISSUER_EB_K2,C08_FISCAL_HALF_YEAR_ISSUER_EB,2,1,,,,,
2025-01-07,C08_FISCAL_HALF_YEAR_ISSUER_EB_K2,C08_FISCAL_HALF_YEAR_ISSUER_EB,2,2,,,,,
2025-01-08,C08_FISCAL_HALF_YEAR_ISSUER_EB_K2,C08_FISCAL_HALF_YEAR_ISSUER_EB,2,1,,,,,
2025-01-08,C08_FISCAL_HALF_YEAR_ISSUER_EB_K2,C08_FISCAL_HALF_YEAR_ISSUER_EB,2,2,,,,,
2025-01-09,C08_FISCAL_HALF_YEAR_ISSUER_EB_K2,C08_FISCAL_HALF_YEAR_ISSUER_EB,2,1,,,,,
2025-01-09,C08_FISCAL_HALF_YEAR_ISSUER_EB_K2,C08_FISCAL_HALF_YEAR_ISSUER_EB,2,2,,,,,
2025-01-10,C08_FISCAL_HALF_YEAR_ISSUER_EB_K2,C08_FISCAL_HALF_YEAR_ISSUER_EB,2,1,,,,,
2025-01-10,C08_FISCAL_HALF_YEAR_ISSUER_EB_K2,C08_FISCAL_HALF_YEAR_ISSUER_EB,2,2,,,,,
2025-01-14,C08_FISCAL_HALF_YEAR_ISSUER_EB_K2,C08_FISCAL_HALF_YEAR_ISSUER_EB,2,1,,,,,
2025-01-14,C08_FISCAL_HALF_YEAR_ISSUER_EB_K2,C08_FISCAL_HALF_YEAR_ISSUER_EB,2,2,,,,,
2025-01-15,C08_FISCAL_HALF_YEAR_ISSUER_EB_K2,C08_FISCAL_HALF_YEAR_ISSUER_EB,2,1,,,,,
2025-01-15,C08_FISCAL_HALF_YEAR_ISSUER_EB_K2,C08_FISCAL_HALF_YEAR_ISSUER_EB,2,2,,,,,
2025-01-16,C08_FISCAL_HALF_YEAR_ISSUER_EB_K2,C08_FISCAL_HALF_YEAR_ISSUER_EB,2,1,,,,,
2025-01-16,C08_FISCAL_HALF_YEAR_ISSUER_EB_K2,C08_FISCAL_HALF_YEAR_ISSUER_EB,2,2,,,,,
2025-01-17,C08_FISCAL_HALF_YEAR_ISSUER_EB_K2,C08_FISCAL_HALF_YEAR_ISSUER_EB,2,1,,,,,
2025-01-17,C08_FISCAL_HALF_YEAR_ISSUER_EB_K2,C08_FISCAL_HALF_YEAR_ISSUER_EB,2,2,,,,,
2025-01-20,C08_FISCAL_HALF_YEAR_ISSUER_EB_K2,C08_FISCAL_HALF_YEAR_ISSUER_EB,2,1,,,,,
2025-01-20,C08_FISCAL_HALF_YEAR_ISSUER_EB_K2,C08_FISCAL_HALF_YEAR_ISSUER_EB,2,2,,,,,
2025-01-21,C08_FISCAL_HALF_YEAR_ISSUER_EB_K2,C08_FISCAL_HALF_YEAR_ISSUER_EB,2,1,,,,,
2025-01-21,C08_FISCAL_HALF_YEAR_ISSUER_EB_K2,C08_FISCAL_HALF_YEAR_ISSUER_EB,2,2,,,,,
2025-01-22,C08_FISCAL_HALF_YEAR_ISSUER_EB_K2,C08_FISCAL_HALF_YEAR_ISSUER_EB,2,1,,,,,
2025-01-22,C08_FISCAL_HALF_YEAR_ISSUER_EB_K2,C08_FISCAL_HALF_YEAR_ISSUER_EB,2,2,,,,,
2025-01-23,C08_FISCAL_HALF_YEAR_ISSUER_EB_K2,C08_FISCAL_HALF_YEAR_ISSUER_EB,2,1,,,,,
2025-01-23,C08_FISCAL_HALF_YEAR_ISSUER_EB_K2,C08_FISCAL_HALF_YEAR_ISSUER_EB,2,2,,,,,
2025-01-24,C08_FISCAL_HALF_YEAR_ISSUER_EB_K2,C08_FISCAL_HALF_YEAR_ISSUER_EB,2,1,,,,,
2025-01-24,C08_FISCAL_HALF_YEAR_ISSUER_EB_K2,C08_FISCAL_HALF_YEAR_ISSUER_EB,2,2,,,,,
2025-01-27,C08_FISCAL_HALF_YEAR_ISSUER_EB_K2,C08_FISCAL_HALF_YEAR_ISSUER_EB,2,1,,,,,
2025-01-27,C08_FISCAL_HALF_YEAR_ISSUER_EB_K2,C08_FISCAL_HALF_YEAR_ISSUER_EB,2,2,,,,,
2025-01-28,C08_FISCAL_HALF_YEAR_ISSUER_EB_K2,C08_FISCAL_HALF_YEAR_ISSUER_EB,2,1,,,,,
2025-01-28,C08_FISCAL_HALF_YEAR_ISSUER_EB_K2,C08_FISCAL_HALF_YEAR_ISSUER_EB,2,2,,,,,
2025-01-29,C08_FISCAL_HALF_YEAR_ISSUER_EB_K2,C08_FISCAL_HALF_YEAR_ISSUER_EB,2,1,,,,,
2025-01-29,C08_FISCAL_HALF_YEAR_ISSUER_EB_K2,C08_FISCAL_HALF_YEAR_ISSUER_EB,2,2,,,,,
2025-01-30,C08_FISCAL_HALF_YEAR_ISSUER_EB_K2,C08_FISCAL_HALF_YEAR_ISSUER_EB,2,1,,,,,
2025-01-30,C08_FISCAL_HALF_YEAR_ISSUER_EB_K2,C08_FISCAL_HALF_YEAR_ISSUER_EB,2,2,,,,,
2025-01-31,C08_FISCAL_HALF_YEAR_ISSUER_EB_K2,C08_FISCAL_HALF_YEAR_ISSUER_EB,2,1,,,,,
2025-01-31,C08_FISCAL_HALF_YEAR_ISSUER_EB_K2,C08_FISCAL_HALF_YEAR_ISSUER_EB,2,2,,,,,
2025-02-03,C08_FISCAL_HALF_YEAR_ISSUER_EB_K2,C08_FISCAL_HALF_YEAR_ISSUER_EB,2,1,,,,,
2025-02-03,C08_FISCAL_HALF_YEAR_ISSUER_EB_K2,C08_FISCAL_HALF_YEAR_ISSUER_EB,2,2,,,,,
2025-02-04,C08_FISCAL_HALF_YEAR_ISSUER_EB_K2,C08_FISCAL_HALF_YEAR_ISSUER_EB,2,1,,,,,
2025-02-04,C08_FISCAL_HALF_YEAR_ISSUER_EB_K2,C08_FISCAL_HALF_YEAR_ISSUER_EB,2,2,,,,,
2025-02-05,C08_FISCAL_HALF_YEAR_ISSUER_EB_K2,C08_FISCAL_HALF_YEAR_ISSUER_EB,2,1,,,,,
2025-02-05,C08_FISCAL_HALF_YEAR_ISSUER_EB_K2,C08_FISCAL_HALF_YEAR_ISSUER_EB,2,2,,,,,
2025-02-06,C08_FISCAL_HALF_YEAR_ISSUER_EB_K2,C08_FISCAL_HALF_YEAR_ISSUER_EB,2,1,,,,,
2025-02-06,C08_FISCAL_HALF_YEAR_ISSUER_EB_K2,C08_FISCAL_HALF_YEAR_ISSUER_EB,2,2,,,,,
2025-02-07,C08_FISCAL_HALF_YEAR_ISSUER_EB_K2,C08_FISCAL_HALF_YEAR_ISSUER_EB,2,1,,,,,
2025-02-07,C08_FISCAL_HALF_YEAR_ISSUER_EB_K2,C08_FISCAL_HALF_YEAR_ISSUER_EB,2,2,,,,,
2025-02-10,C08_FISCAL_HALF_YEAR_ISSUER_EB_K2,C08_FISCAL_HALF_YEAR_ISSUER_EB,2,1,,,,,
2025-02-10,C08_FISCAL_HALF_YEAR_ISSUER_EB_K2,C08_FISCAL_HALF_YEAR_ISSUER_EB,2,2,,,,,
2025-02-12,C08_FISCAL_HALF_YEAR_ISSUER_EB_K2,C08_FISCAL_HALF_YEAR_ISSUER_EB,2,1,,,,,
2025-02-12,C08_FISCAL_HALF_YEAR_ISSUER_EB_K2,C08_FISCAL_HALF_YEAR_ISSUER_EB,2,2,,,,,
2025-02-13,C08_FISCAL_HALF_YEAR_ISSUER_EB_K2,C08_FISCAL_HALF_YEAR_ISSUER_EB,2,1,,,,,
2025-02-13,C08_FISCAL_HALF_YEAR_ISSUER_EB_K2,C08_FISCAL_HALF_YEAR_ISSUER_EB,2,2,,,,,
2025-02-14,C08_FISCAL_HALF_YEAR_ISSUER_EB_K2,C08_FISCAL_HALF_YEAR_ISSUER_EB,2,1,,,,,
2025-02-14,C08_FISCAL_HALF_YEAR_ISSUER_EB_K2,C08_FISCAL_HALF_YEAR_ISSUER_EB,2,2,,,,,
2025-02-17,C08_FISCAL_HALF_YEAR_ISSUER_EB_K2,C08_FISCAL_HALF_YEAR_ISSUER_EB,2,1,,,,,
2025-02-17,C08_FISCAL_HALF_YEAR_ISSUER_EB_K2,C08_FISCAL_HALF_YEAR_ISSUER_EB,2,2,,,,,
2025-02-18,C08_FISCAL_HALF_YEAR_ISSUER_EB_K2,C08_FISCAL_HALF_YEAR_ISSUER_EB,2,1,,,,,
2025-02-18,C08_FISCAL_HALF_YEAR_ISSUER_EB_K2,C08_FISCAL_HALF_YEAR_ISSUER_EB,2,2,,,,,
2025-02-19,C08_FISCAL_HALF_YEAR_ISSUER_EB_K2,C08_FISCAL_HALF_YEAR_ISSUER_EB,2,1,,,,,
2025-02-19,C08_FISCAL_HALF_YEAR_ISSUER_EB_K2,C08_FISCAL_HALF_YEAR_ISSUER_EB,2,2,,,,,
2025-02-20,C08_FISCAL_HALF_YEAR_ISSUER_EB_K2,C08_FISCAL_HALF_YEAR_ISSUER_EB,2,1,,,,,
2025-02-20,C08_FISCAL_HALF_YEAR_ISSUER_EB_K2,C08_FISCAL_HALF_YEAR_ISSUER_EB,2,2,,,,,
2025-02-21,C08_FISCAL_HALF_YEAR_ISSUER_EB_K2,C08_FISCAL_HALF_YEAR_ISSUER_EB,2,1,,,,,
2025-02-21,C08_FISCAL_HALF_YEAR_ISSUER_EB_K2,C08_FISCAL_HALF_YEAR_ISSUER_EB,2,2,,,,,
2025-02-25,C08_FISCAL_HALF_YEAR_ISSUER_EB_K2,C08_FISCAL_HALF_YEAR_ISSUER_EB,2,1,,,,,
2025-02-25,C08_FISCAL_HALF_YEAR_ISSUER_EB_K2,C08_FISCAL_HALF_YEAR_ISSUER_EB,2,2,,,,,
2025-02-26,C08_FISCAL_HALF_YEAR_ISSUER_EB_K2,C08_FISCAL_HALF_YEAR_ISSUER_EB,2,1,,,,,
2025-02-26,C08_FISCAL_HALF_YEAR_ISSUER_EB_K2,C08_FISCAL_HALF_YEAR_ISSUER_EB,2,2,,,,,
2025-02-27,C08_FISCAL_HALF_YEAR_ISSUER_EB_K2,C08_FISCAL_HALF_YEAR_ISSUER_EB,2,1,,,,,
2025-02-27,C08_FISCAL_HALF_YEAR_ISSUER_EB_K2,C08_FISCAL_HALF_YEAR_ISSUER_EB,2,2,,,,,
2025-02-28,C08_FISCAL_HALF_YEAR_ISSUER_EB_K2,C08_FISCAL_HALF_YEAR_ISSUER_EB,2,1,,,,,
2025-02-28,C08_FISCAL_HALF_YEAR_ISSUER_EB_K2,C08_FISCAL_HALF_YEAR_ISSUER_EB,2,2,,,,,
2025-03-03,C08_FISCAL_HALF_YEAR_ISSUER_EB_K2,C08_FISCAL_HALF_YEAR_ISSUER_EB,2,1,,,,,
2025-03-03,C08_FISCAL_HALF_YEAR_ISSUER_EB_K2,C08_FISCAL_HALF_YEAR_ISSUER_EB,2,2,,,,,
2025-03-04,C08_FISCAL_HALF_YEAR_ISSUER_EB_K2,C08_FISCAL_HALF_YEAR_ISSUER_EB,2,1,,,,,
2025-03-04,C08_FISCAL_HALF_YEAR_ISSUER_EB_K2,C08_FISCAL_HALF_YEAR_ISSUER_EB,2,2,,,,,
2025-03-05,C08_FISCAL_HALF_YEAR_ISSUER_EB_K2,C08_FISCAL_HALF_YEAR_ISSUER_EB,2,1,,,,,
2025-03-05,C08_FISCAL_HALF_YEAR_ISSUER_EB_K2,C08_FISCAL_HALF_YEAR_ISSUER_EB,2,2,,,,,
2025-03-06,C08_FISCAL_HALF_YEAR_ISSUER_EB_K2,C08_FISCAL_HALF_YEAR_ISSUER_EB,2,1,,,,,
2025-03-06,C08_FISCAL_HALF_YEAR_ISSUER_EB_K2,C08_FISCAL_HALF_YEAR_ISSUER_EB,2,2,,,,,
2025-03-07,C08_FISCAL_HALF_YEAR_ISSUER_EB_K2,C08_FISCAL_HALF_YEAR_ISSUER_EB,2,1,,,,,
2025-03-07,C08_FISCAL_HALF_YEAR_ISSUER_EB_K2,C08_FISCAL_HALF_YEAR_ISSUER_EB,2,2,,,,,
2025-03-10,C08_FISCAL_HALF_YEAR_ISSUER_EB_K2,C08_FISCAL_HALF_YEAR_ISSUER_EB,2,1,,,,,
2025-03-10,C08_FISCAL_HALF_YEAR_ISSUER_EB_K2,C08_FISCAL_HALF_YEAR_ISSUER_EB,2,2,,,,,
2025-03-11,C08_FISCAL_HALF_YEAR_ISSUER_EB_K2,C08_FISCAL_HALF_YEAR_ISSUER_EB,2,1,,,,,
2025-03-11,C08_FISCAL_HALF_YEAR_ISSUER_EB_K2,C08_FISCAL_HALF_YEAR_ISSUER_EB,2,2,,,,,
2025-03-12,C08_FISCAL_HALF_YEAR_ISSUER_EB_K2,C08_FISCAL_HALF_YEAR_ISSUER_EB,2,1,,,,,
2025-03-12,C08_FISCAL_HALF_YEAR_ISSUER_EB_K2,C08_FISCAL_HALF_YEAR_ISSUER_EB,2,2,,,,,
2025-03-13,C08_FISCAL_HALF_YEAR_ISSUER_EB_K2,C08_FISCAL_HALF_YEAR_ISSUER_EB,2,1,,,,,
2025-03-13,C08_FISCAL_HALF_YEAR_ISSUER_EB_K2,C08_FISCAL_HALF_YEAR_ISSUER_EB,2,2,,,,,
2025-03-14,C08_FISCAL_HALF_YEAR_ISSUER_EB_K2,C08_FISCAL_HALF_YEAR_ISSUER_EB,2,1,,,,,
2025-03-14,C08_FISCAL_HALF_YEAR_ISSUER_EB_K2,C08_FISCAL_HALF_YEAR_ISSUER_EB,2,2,,,,,
2025-03-17,C08_FISCAL_HALF_YEAR_ISSUER_EB_K2,C08_FISCAL_HALF_YEAR_ISSUER_EB,2,1,,,,,
2025-03-17,C08_FISCAL_HALF_YEAR_ISSUER_EB_K2,C08_FISCAL_HALF_YEAR_ISSUER_EB,2,2,,,,,
2025-03-18,C08_FISCAL_HALF_YEAR_ISSUER_EB_K2,C08_FISCAL_HALF_YEAR_ISSUER_EB,2,1,,,,,
2025-03-18,C08_FISCAL_HALF_YEAR_ISSUER_EB_K2,C08_FISCAL_HALF_YEAR_ISSUER_EB,2,2,,,,,
2025-03-19,C08_FISCAL_HALF_YEAR_ISSUER_EB_K2,C08_FISCAL_HALF_YEAR_ISSUER_EB,2,1,,,,,
2025-03-19,C08_FISCAL_HALF_YEAR_ISSUER_EB_K2,C08_FISCAL_HALF_YEAR_ISSUER_EB,2,2,,,,,
2025-03-21,C08_FISCAL_HALF_YEAR_ISSUER_EB_K2,C08_FISCAL_HALF_YEAR_ISSUER_EB,2,1,,,,,
2025-03-21,C08_FISCAL_HALF_YEAR_ISSUER_EB_K2,C08_FISCAL_HALF_YEAR_ISSUER_EB,2,2,,,,,
2025-03-24,C08_FISCAL_HALF_YEAR_ISSUER_EB_K2,C08_FISCAL_HALF_YEAR_ISSUER_EB,2,1,,,,,
2025-03-24,C08_FISCAL_HALF_YEAR_ISSUER_EB_K2,C08_FISCAL_HALF_YEAR_ISSUER_EB,2,2,,,,,
2025-03-25,C08_FISCAL_HALF_YEAR_ISSUER_EB_K2,C08_FISCAL_HALF_YEAR_ISSUER_EB,2,1,4922,コーセー,0.6091271822770524,0.4327666151468401,1.0
2025-03-25,C08_FISCAL_HALF_YEAR_ISSUER_EB_K2,C08_FISCAL_HALF_YEAR_ISSUER_EB,2,2,4612,日本ペイントホールディングス,0.6044839653194443,-0.8496176720475757,0.0
2025-03-26,C08_FISCAL_HALF_YEAR_ISSUER_EB_K2,C08_FISCAL_HALF_YEAR_ISSUER_EB,2,1,4922,コーセー,0.6091271822770524,-1.5632183908045993,0.0
2025-03-26,C08_FISCAL_HALF_YEAR_ISSUER_EB_K2,C08_FISCAL_HALF_YEAR_ISSUER_EB,2,2,4612,日本ペイントホールディングス,0.6044839653194443,-0.471092077087798,0.0
2025-03-27,C08_FISCAL_HALF_YEAR_ISSUER_EB_K2,C08_FISCAL_HALF_YEAR_ISSUER_EB,2,1,4922,コーセー,0.6091271822770524,-0.5426356589147252,0.0
2025-03-27,C08_FISCAL_HALF_YEAR_ISSUER_EB_K2,C08_FISCAL_HALF_YEAR_ISSUER_EB,2,2,4612,日本ペイントホールディングス,0.6044839653194443,2.2983521248915784,1.0
2025-03-28,C08_FISCAL_HALF_YEAR_ISSUER_EB_K2,C08_FISCAL_HALF_YEAR_ISSUER_EB,2,1,4922,コーセー,0.6091271822770524,-1.2626656274356995,0.0
2025-03-28,C08_FISCAL_HALF_YEAR_ISSUER_EB_K2,C08_FISCAL_HALF_YEAR_ISSUER_EB,2,2,4612,日本ペイントホールディングス,0.6044839653194443,-1.6731016731016735,0.0
2025-03-31,C08_FISCAL_HALF_YEAR_ISSUER_EB_K2,C08_FISCAL_HALF_YEAR_ISSUER_EB,2,1,4922,コーセー,0.6091271822770524,-0.48000000000000265,0.0
2025-03-31,C08_FISCAL_HALF_YEAR_ISSUER_EB_K2,C08_FISCAL_HALF_YEAR_ISSUER_EB,2,2,4612,日本ペイントホールディングス,0.6044839653194443,-0.4440497335701621,0.0
2025-04-01,C08_FISCAL_HALF_YEAR_ISSUER_EB_K2,C08_FISCAL_HALF_YEAR_ISSUER_EB,2,1,,,,,
2025-04-01,C08_FISCAL_HALF_YEAR_ISSUER_EB_K2,C08_FISCAL_HALF_YEAR_ISSUER_EB,2,2,,,,,
2025-04-02,C08_FISCAL_HALF_YEAR_ISSUER_EB_K2,C08_FISCAL_HALF_YEAR_ISSUER_EB,2,1,,,,,
2025-04-02,C08_FISCAL_HALF_YEAR_ISSUER_EB_K2,C08_FISCAL_HALF_YEAR_ISSUER_EB,2,2,,,,,
2025-04-03,C08_FISCAL_HALF_YEAR_ISSUER_EB_K2,C08_FISCAL_HALF_YEAR_ISSUER_EB,2,1,,,,,
2025-04-03,C08_FISCAL_HALF_YEAR_ISSUER_EB_K2,C08_FISCAL_HALF_YEAR_ISSUER_EB,2,2,,,,,
2025-04-04,C08_FISCAL_HALF_YEAR_ISSUER_EB_K2,C08_FISCAL_HALF_YEAR_ISSUER_EB,2,1,,,,,
2025-04-04,C08_FISCAL_HALF_YEAR_ISSUER_EB_K2,C08_FISCAL_HALF_YEAR_ISSUER_EB,2,2,,,,,
2025-04-07,C08_FISCAL_HALF_YEAR_ISSUER_EB_K2,C08_FISCAL_HALF_YEAR_ISSUER_EB,2,1,,,,,
2025-04-07,C08_FISCAL_HALF_YEAR_ISSUER_EB_K2,C08_FISCAL_HALF_YEAR_ISSUER_EB,2,2,,,,,
2025-04-08,C08_FISCAL_HALF_YEAR_ISSUER_EB_K2,C08_FISCAL_HALF_YEAR_ISSUER_EB,2,1,,,,,
2025-04-08,C08_FISCAL_HALF_YEAR_ISSUER_EB_K2,C08_FISCAL_HALF_YEAR_ISSUER_EB,2,2,,,,,
2025-04-09,C08_FISCAL_HALF_YEAR_ISSUER_EB_K2,C08_FISCAL_HALF_YEAR_ISSUER_EB,2,1,,,,,
2025-04-09,C08_FISCAL_HALF_YEAR_ISSUER_EB_K2,C08_FISCAL_HALF_YEAR_ISSUER_EB,2,2,,,,,
2025-04-10,C08_FISCAL_HALF_YEAR_ISSUER_EB_K2,C08_FISCAL_HALF_YEAR_ISSUER_EB,2,1,,,,,
2025-04-10,C08_FISCAL_HALF_YEAR_ISSUER_EB_K2,C08_FISCAL_HALF_YEAR_ISSUER_EB,2,2,,,,,
2025-04-11,C08_FISCAL_HALF_YEAR_ISSUER_EB_K2,C08_FISCAL_HALF_YEAR_ISSUER_EB,2,1,,,,,
2025-04-11,C08_FISCAL_HALF_YEAR_ISSUER_EB_K2,C08_FISCAL_HALF_YEAR_ISSUER_EB,2,2,,,,,
2025-04-14,C08_FISCAL_HALF_YEAR_ISSUER_EB_K2,C08_FISCAL_HALF_YEAR_ISSUER_EB,2,1,,,,,
2025-04-14,C08_FISCAL_HALF_YEAR_ISSUER_EB_K2,C08_FISCAL_HALF_YEAR_ISSUER_EB,2,2,,,,,
2025-04-15,C08_FISCAL_HALF_YEAR_ISSUER_EB_K2,C08_FISCAL_HALF_YEAR_ISSUER_EB,2,1,,,,,
2025-04-15,C08_FISCAL_HALF_YEAR_ISSUER_EB_K2,C08_FISCAL_HALF_YEAR_ISSUER_EB,2,2,,,,,
2025-04-16,C08_FISCAL_HALF_YEAR_ISSUER_EB_K2,C08_FISCAL_HALF_YEAR_ISSUER_EB,2,1,,,,,
2025-04-16,C08_FISCAL_HALF_YEAR_ISSUER_EB_K2,C08_FISCAL_HALF_YEAR_ISSUER_EB,2,2,,,,,
2025-04-17,C08_FISCAL_HALF_YEAR_ISSUER_EB_K2,C08_FISCAL_HALF_YEAR_ISSUER_EB,2,1,,,,,
2025-04-17,C08_FISCAL_HALF_YEAR_ISSUER_EB_K2,C08_FISCAL_HALF_YEAR_ISSUER_EB,2,2,,,,,
2025-04-18,C08_FISCAL_HALF_YEAR_ISSUER_EB_K2,C08_FISCAL_HALF_YEAR_ISSUER_EB,2,1,,,,,
2025-04-18,C08_FISCAL_HALF_YEAR_ISSUER_EB_K2,C08_FISCAL_HALF_YEAR_ISSUER_EB,2,2,,,,,
2025-04-21,C08_FISCAL_HALF_YEAR_ISSUER_EB_K2,C08_FISCAL_HALF_YEAR_ISSUER_EB,2,1,,,,,
2025-04-21,C08_FISCAL_HALF_YEAR_ISSUER_EB_K2,C08_FISCAL_HALF_YEAR_ISSUER_EB,2,2,,,,,
2025-04-22,C08_FISCAL_HALF_YEAR_ISSUER_EB_K2,C08_FISCAL_HALF_YEAR_ISSUER_EB,2,1,,,,,
2025-04-22,C08_FISCAL_HALF_YEAR_ISSUER_EB_K2,C08_FISCAL_HALF_YEAR_ISSUER_EB,2,2,,,,,
2025-04-23,C08_FISCAL_HALF_YEAR_ISSUER_EB_K2,C08_FISCAL_HALF_YEAR_ISSUER_EB,2,1,,,,,
2025-04-23,C08_FISCAL_HALF_YEAR_ISSUER_EB_K2,C08_FISCAL_HALF_YEAR_ISSUER_EB,2,2,,,,,
2025-04-24,C08_FISCAL_HALF_YEAR_ISSUER_EB_K2,C08_FISCAL_HALF_YEAR_ISSUER_EB,2,1,,,,,
2025-04-24,C08_FISCAL_HALF_YEAR_ISSUER_EB_K2,C08_FISCAL_HALF_YEAR_ISSUER_EB,2,2,,,,,
2025-04-25,C08_FISCAL_HALF_YEAR_ISSUER_EB_K2,C08_FISCAL_HALF_YEAR_ISSUER_EB,2,1,,,,,
2025-04-25,C08_FISCAL_HALF_YEAR_ISSUER_EB_K2,C08_FISCAL_HALF_YEAR_ISSUER_EB,2,2,,,,,
2025-04-28,C08_FISCAL_HALF_YEAR_ISSUER_EB_K2,C08_FISCAL_HALF_YEAR_ISSUER_EB,2,1,,,,,
2025-04-28,C08_FISCAL_HALF_YEAR_ISSUER_EB_K2,C08_FISCAL_HALF_YEAR_ISSUER_EB,2,2,,,,,
2025-04-30,C08_FISCAL_HALF_YEAR_ISSUER_EB_K2,C08_FISCAL_HALF_YEAR_ISSUER_EB,2,1,,,,,
2025-04-30,C08_FISCAL_HALF_YEAR_ISSUER_EB_K2,C08_FISCAL_HALF_YEAR_ISSUER_EB,2,2,,,,,
2025-05-01,C08_FISCAL_HALF_YEAR_ISSUER_EB_K2,C08_FISCAL_HALF_YEAR_ISSUER_EB,2,1,,,,,
2025-05-01,C08_FISCAL_HALF_YEAR_ISSUER_EB_K2,C08_FISCAL_HALF_YEAR_ISSUER_EB,2,2,,,,,
2025-05-02,C08_FISCAL_HALF_YEAR_ISSUER_EB_K2,C08_FISCAL_HALF_YEAR_ISSUER_EB,2,1,,,,,
2025-05-02,C08_FISCAL_HALF_YEAR_ISSUER_EB_K2,C08_FISCAL_HALF_YEAR_ISSUER_EB,2,2,,,,,
2025-05-07,C08_FISCAL_HALF_YEAR_ISSUER_EB_K2,C08_FISCAL_HALF_YEAR_ISSUER_EB,2,1,,,,,
2025-05-07,C08_FISCAL_HALF_YEAR_ISSUER_EB_K2,C08_FISCAL_HALF_YEAR_ISSUER_EB,2,2,,,,,
2025-05-08,C08_FISCAL_HALF_YEAR_ISSUER_EB_K2,C08_FISCAL_HALF_YEAR_ISSUER_EB,2,1,,,,,
2025-05-08,C08_FISCAL_HALF_YEAR_ISSUER_EB_K2,C08_FISCAL_HALF_YEAR_ISSUER_EB,2,2,,,,,
2025-05-09,C08_FISCAL_HALF_YEAR_ISSUER_EB_K2,C08_FISCAL_HALF_YEAR_ISSUER_EB,2,1,,,,,
2025-05-09,C08_FISCAL_HALF_YEAR_ISSUER_EB_K2,C08_FISCAL_HALF_YEAR_ISSUER_EB,2,2,,,,,
2025-05-12,C08_FISCAL_HALF_YEAR_ISSUER_EB_K2,C08_FISCAL_HALF_YEAR_ISSUER_EB,2,1,,,,,
2025-05-12,C08_FISCAL_HALF_YEAR_ISSUER_EB_K2,C08_FISCAL_HALF_YEAR_ISSUER_EB,2,2,,,,,
2025-05-13,C08_FISCAL_HALF_YEAR_ISSUER_EB_K2,C08_FISCAL_HALF_YEAR_ISSUER_EB,2,1,,,,,
2025-05-13,C08_FISCAL_HALF_YEAR_ISSUER_EB_K2,C08_FISCAL_HALF_YEAR_ISSUER_EB,2,2,,,,,
2025-05-14,C08_FISCAL_HALF_YEAR_ISSUER_EB_K2,C08_FISCAL_HALF_YEAR_ISSUER_EB,2,1,,,,,
2025-05-14,C08_FISCAL_HALF_YEAR_ISSUER_EB_K2,C08_FISCAL_HALF_YEAR_ISSUER_EB,2,2,,,,,
2025-05-15,C08_FISCAL_HALF_YEAR_ISSUER_EB_K2,C08_FISCAL_HALF_YEAR_ISSUER_EB,2,1,,,,,
2025-05-15,C08_FISCAL_HALF_YEAR_ISSUER_EB_K2,C08_FISCAL_HALF_YEAR_ISSUER_EB,2,2,,,,,
2025-05-16,C08_FISCAL_HALF_YEAR_ISSUER_EB_K2,C08_FISCAL_HALF_YEAR_ISSUER_EB,2,1,,,,,
2025-05-16,C08_FISCAL_HALF_YEAR_ISSUER_EB_K2,C08_FISCAL_HALF_YEAR_ISSUER_EB,2,2,,,,,
2025-05-19,C08_FISCAL_HALF_YEAR_ISSUER_EB_K2,C08_FISCAL_HALF_YEAR_ISSUER_EB,2,1,,,,,
2025-05-19,C08_FISCAL_HALF_YEAR_ISSUER_EB_K2,C08_FISCAL_HALF_YEAR_ISSUER_EB,2,2,,,,,
2025-05-20,C08_FISCAL_HALF_YEAR_ISSUER_EB_K2,C08_FISCAL_HALF_YEAR_ISSUER_EB,2,1,,,,,
2025-05-20,C08_FISCAL_HALF_YEAR_ISSUER_EB_K2,C08_FISCAL_HALF_YEAR_ISSUER_EB,2,2,,,,,
2025-05-21,C08_FISCAL_HALF_YEAR_ISSUER_EB_K2,C08_FISCAL_HALF_YEAR_ISSUER_EB,2,1,,,,,
2025-05-21,C08_FISCAL_HALF_YEAR_ISSUER_EB_K2,C08_FISCAL_HALF_YEAR_ISSUER_EB,2,2,,,,,
2025-05-22,C08_FISCAL_HALF_YEAR_ISSUER_EB_K2,C08_FISCAL_HALF_YEAR_ISSUER_EB,2,1,,,,,
2025-05-22,C08_FISCAL_HALF_YEAR_ISSUER_EB_K2,C08_FISCAL_HALF_YEAR_ISSUER_EB,2,2,,,,,
2025-05-23,C08_FISCAL_HALF_YEAR_ISSUER_EB_K2,C08_FISCAL_HALF_YEAR_ISSUER_EB,2,1,,,,,
2025-05-23,C08_FISCAL_HALF_YEAR_ISSUER_EB_K2,C08_FISCAL_HALF_YEAR_ISSUER_EB,2,2,,,,,
2025-05-26,C08_FISCAL_HALF_YEAR_ISSUER_EB_K2,C08_FISCAL_HALF_YEAR_ISSUER_EB,2,1,,,,,
2025-05-26,C08_FISCAL_HALF_YEAR_ISSUER_EB_K2,C08_FISCAL_HALF_YEAR_ISSUER_EB,2,2,,,,,
2025-05-27,C08_FISCAL_HALF_YEAR_ISSUER_EB_K2,C08_FISCAL_HALF_YEAR_ISSUER_EB,2,1,,,,,
2025-05-27,C08_FISCAL_HALF_YEAR_ISSUER_EB_K2,C08_FISCAL_HALF_YEAR_ISSUER_EB,2,2,,,,,
2025-05-28,C08_FISCAL_HALF_YEAR_ISSUER_EB_K2,C08_FISCAL_HALF_YEAR_ISSUER_EB,2,1,,,,,
2025-05-28,C08_FISCAL_HALF_YEAR_ISSUER_EB_K2,C08_FISCAL_HALF_YEAR_ISSUER_EB,2,2,,,,,
2025-05-29,C08_FISCAL_HALF_YEAR_ISSUER_EB_K2,C08_FISCAL_HALF_YEAR_ISSUER_EB,2,1,,,,,
2025-05-29,C08_FISCAL_HALF_YEAR_ISSUER_EB_K2,C08_FISCAL_HALF_YEAR_ISSUER_EB,2,2,,,,,
2025-05-30,C08_FISCAL_HALF_YEAR_ISSUER_EB_K2,C08_FISCAL_HALF_YEAR_ISSUER_EB,2,1,,,,,
2025-05-30,C08_FISCAL_HALF_YEAR_ISSUER_EB_K2,C08_FISCAL_HALF_YEAR_ISSUER_EB,2,2,,,,,
2025-06-02,C08_FISCAL_HALF_YEAR_ISSUER_EB_K2,C08_FISCAL_HALF_YEAR_ISSUER_EB,2,1,,,,,
2025-06-02,C08_FISCAL_HALF_YEAR_ISSUER_EB_K2,C08_FISCAL_HALF_YEAR_ISSUER_EB,2,2,,,,,
2025-06-03,C08_FISCAL_HALF_YEAR_ISSUER_EB_K2,C08_FISCAL_HALF_YEAR_ISSUER_EB,2,1,,,,,
2025-06-03,C08_FISCAL_HALF_YEAR_ISSUER_EB_K2,C08_FISCAL_HALF_YEAR_ISSUER_EB,2,2,,,,,
2025-06-04,C08_FISCAL_HALF_YEAR_ISSUER_EB_K2,C08_FISCAL_HALF_YEAR_ISSUER_EB,2,1,,,,,
2025-06-04,C08_FISCAL_HALF_YEAR_ISSUER_EB_K2,C08_FISCAL_HALF_YEAR_ISSUER_EB,2,2,,,,,
2025-06-05,C08_FISCAL_HALF_YEAR_ISSUER_EB_K2,C08_FISCAL_HALF_YEAR_ISSUER_EB,2,1,,,,,
2025-06-05,C08_FISCAL_HALF_YEAR_ISSUER_EB_K2,C08_FISCAL_HALF_YEAR_ISSUER_EB,2,2,,,,,
2025-06-06,C08_FISCAL_HALF_YEAR_ISSUER_EB_K2,C08_FISCAL_HALF_YEAR_ISSUER_EB,2,1,,,,,
2025-06-06,C08_FISCAL_HALF_YEAR_ISSUER_EB_K2,C08_FISCAL_HALF_YEAR_ISSUER_EB,2,2,,,,,
2025-06-09,C08_FISCAL_HALF_YEAR_ISSUER_EB_K2,C08_FISCAL_HALF_YEAR_ISSUER_EB,2,1,,,,,
2025-06-09,C08_FISCAL_HALF_YEAR_ISSUER_EB_K2,C08_FISCAL_HALF_YEAR_ISSUER_EB,2,2,,,,,
2025-06-10,C08_FISCAL_HALF_YEAR_ISSUER_EB_K2,C08_FISCAL_HALF_YEAR_ISSUER_EB,2,1,,,,,
2025-06-10,C08_FISCAL_HALF_YEAR_ISSUER_EB_K2,C08_FISCAL_HALF_YEAR_ISSUER_EB,2,2,,,,,
2025-06-11,C08_FISCAL_HALF_YEAR_ISSUER_EB_K2,C08_FISCAL_HALF_YEAR_ISSUER_EB,2,1,,,,,
2025-06-11,C08_FISCAL_HALF_YEAR_ISSUER_EB_K2,C08_FISCAL_HALF_YEAR_ISSUER_EB,2,2,,,,,
2025-06-12,C08_FISCAL_HALF_YEAR_ISSUER_EB_K2,C08_FISCAL_HALF_YEAR_ISSUER_EB,2,1,,,,,
2025-06-12,C08_FISCAL_HALF_YEAR_ISSUER_EB_K2,C08_FISCAL_HALF_YEAR_ISSUER_EB,2,2,,,,,
2025-06-13,C08_FISCAL_HALF_YEAR_ISSUER_EB_K2,C08_FISCAL_HALF_YEAR_ISSUER_EB,2,1,,,,,
2025-06-13,C08_FISCAL_HALF_YEAR_ISSUER_EB_K2,C08_FISCAL_HALF_YEAR_ISSUER_EB,2,2,,,,,
2025-06-16,C08_FISCAL_HALF_YEAR_ISSUER_EB_K2,C08_FISCAL_HALF_YEAR_ISSUER_EB,2,1,,,,,
2025-06-16,C08_FISCAL_HALF_YEAR_ISSUER_EB_K2,C08_FISCAL_HALF_YEAR_ISSUER_EB,2,2,,,,,
2025-06-17,C08_FISCAL_HALF_YEAR_ISSUER_EB_K2,C08_FISCAL_HALF_YEAR_ISSUER_EB,2,1,,,,,
2025-06-17,C08_FISCAL_HALF_YEAR_ISSUER_EB_K2,C08_FISCAL_HALF_YEAR_ISSUER_EB,2,2,,,,,
2025-06-18,C08_FISCAL_HALF_YEAR_ISSUER_EB_K2,C08_FISCAL_HALF_YEAR_ISSUER_EB,2,1,,,,,
2025-06-18,C08_FISCAL_HALF_YEAR_ISSUER_EB_K2,C08_FISCAL_HALF_YEAR_ISSUER_EB,2,2,,,,,
2025-06-19,C08_FISCAL_HALF_YEAR_ISSUER_EB_K2,C08_FISCAL_HALF_YEAR_ISSUER_EB,2,1,,,,,
2025-06-19,C08_FISCAL_HALF_YEAR_ISSUER_EB_K2,C08_FISCAL_HALF_YEAR_ISSUER_EB,2,2,,,,,
2025-06-20,C08_FISCAL_HALF_YEAR_ISSUER_EB_K2,C08_FISCAL_HALF_YEAR_ISSUER_EB,2,1,,,,,
2025-06-20,C08_FISCAL_HALF_YEAR_ISSUER_EB_K2,C08_FISCAL_HALF_YEAR_ISSUER_EB,2,2,,,,,
2025-06-23,C08_FISCAL_HALF_YEAR_ISSUER_EB_K2,C08_FISCAL_HALF_YEAR_ISSUER_EB,2,1,,,,,
2025-06-23,C08_FISCAL_HALF_YEAR_ISSUER_EB_K2,C08_FISCAL_HALF_YEAR_ISSUER_EB,2,2,,,,,
2025-06-24,C08_FISCAL_HALF_YEAR_ISSUER_EB_K2,C08_FISCAL_HALF_YEAR_ISSUER_EB,2,1,,,,,
2025-06-24,C08_FISCAL_HALF_YEAR_ISSUER_EB_K2,C08_FISCAL_HALF_YEAR_ISSUER_EB,2,2,,,,,
2025-06-25,C08_FISCAL_HALF_YEAR_ISSUER_EB_K2,C08_FISCAL_HALF_YEAR_ISSUER_EB,2,1,,,,,
2025-06-25,C08_FISCAL_HALF_YEAR_ISSUER_EB_K2,C08_FISCAL_HALF_YEAR_ISSUER_EB,2,2,,,,,
2025-06-26,C08_FISCAL_HALF_YEAR_ISSUER_EB_K2,C08_FISCAL_HALF_YEAR_ISSUER_EB,2,1,,,,,
2025-06-26,C08_FISCAL_HALF_YEAR_ISSUER_EB_K2,C08_FISCAL_HALF_YEAR_ISSUER_EB,2,2,,,,,
2025-06-27,C08_FISCAL_HALF_YEAR_ISSUER_EB_K2,C08_FISCAL_HALF_YEAR_ISSUER_EB,2,1,,,,,
2025-06-27,C08_FISCAL_HALF_YEAR_ISSUER_EB_K2,C08_FISCAL_HALF_YEAR_ISSUER_EB,2,2,,,,,
2025-06-30,C08_FISCAL_HALF_YEAR_ISSUER_EB_K2,C08_FISCAL_HALF_YEAR_ISSUER_EB,2,1,,,,,
2025-06-30,C08_FISCAL_HALF_YEAR_ISSUER_EB_K2,C08_FISCAL_HALF_YEAR_ISSUER_EB,2,2,,,,,
2025-07-01,C08_FISCAL_HALF_YEAR_ISSUER_EB_K2,C08_FISCAL_HALF_YEAR_ISSUER_EB,2,1,,,,,
2025-07-01,C08_FISCAL_HALF_YEAR_ISSUER_EB_K2,C08_FISCAL_HALF_YEAR_ISSUER_EB,2,2,,,,,
2025-07-02,C08_FISCAL_HALF_YEAR_ISSUER_EB_K2,C08_FISCAL_HALF_YEAR_ISSUER_EB,2,1,,,,,
2025-07-02,C08_FISCAL_HALF_YEAR_ISSUER_EB_K2,C08_FISCAL_HALF_YEAR_ISSUER_EB,2,2,,,,,
2025-07-03,C08_FISCAL_HALF_YEAR_ISSUER_EB_K2,C08_FISCAL_HALF_YEAR_ISSUER_EB,2,1,,,,,
2025-07-03,C08_FISCAL_HALF_YEAR_ISSUER_EB_K2,C08_FISCAL_HALF_YEAR_ISSUER_EB,2,2,,,,,
2025-07-04,C08_FISCAL_HALF_YEAR_ISSUER_EB_K2,C08_FISCAL_HALF_YEAR_ISSUER_EB,2,1,,,,,
2025-07-04,C08_FISCAL_HALF_YEAR_ISSUER_EB_K2,C08_FISCAL_HALF_YEAR_ISSUER_EB,2,2,,,,,
2025-07-07,C08_FISCAL_HALF_YEAR_ISSUER_EB_K2,C08_FISCAL_HALF_YEAR_ISSUER_EB,2,1,,,,,
2025-07-07,C08_FISCAL_HALF_YEAR_ISSUER_EB_K2,C08_FISCAL_HALF_YEAR_ISSUER_EB,2,2,,,,,
2025-07-08,C08_FISCAL_HALF_YEAR_ISSUER_EB_K2,C08_FISCAL_HALF_YEAR_ISSUER_EB,2,1,,,,,
2025-07-08,C08_FISCAL_HALF_YEAR_ISSUER_EB_K2,C08_FISCAL_HALF_YEAR_ISSUER_EB,2,2,,,,,
2025-07-09,C08_FISCAL_HALF_YEAR_ISSUER_EB_K2,C08_FISCAL_HALF_YEAR_ISSUER_EB,2,1,,,,,
2025-07-09,C08_FISCAL_HALF_YEAR_ISSUER_EB_K2,C08_FISCAL_HALF_YEAR_ISSUER_EB,2,2,,,,,
2025-07-10,C08_FISCAL_HALF_YEAR_ISSUER_EB_K2,C08_FISCAL_HALF_YEAR_ISSUER_EB,2,1,,,,,
2025-07-10,C08_FISCAL_HALF_YEAR_ISSUER_EB_K2,C08_FISCAL_HALF_YEAR_ISSUER_EB,2,2,,,,,
2025-07-11,C08_FISCAL_HALF_YEAR_ISSUER_EB_K2,C08_FISCAL_HALF_YEAR_ISSUER_EB,2,1,,,,,
2025-07-11,C08_FISCAL_HALF_YEAR_ISSUER_EB_K2,C08_FISCAL_HALF_YEAR_ISSUER_EB,2,2,,,,,
2025-07-14,C08_FISCAL_HALF_YEAR_ISSUER_EB_K2,C08_FISCAL_HALF_YEAR_ISSUER_EB,2,1,,,,,
2025-07-14,C08_FISCAL_HALF_YEAR_ISSUER_EB_K2,C08_FISCAL_HALF_YEAR_ISSUER_EB,2,2,,,,,
2025-07-15,C08_FISCAL_HALF_YEAR_ISSUER_EB_K2,C08_FISCAL_HALF_YEAR_ISSUER_EB,2,1,,,,,
2025-07-15,C08_FISCAL_HALF_YEAR_ISSUER_EB_K2,C08_FISCAL_HALF_YEAR_ISSUER_EB,2,2,,,,,
2025-07-16,C08_FISCAL_HALF_YEAR_ISSUER_EB_K2,C08_FISCAL_HALF_YEAR_ISSUER_EB,2,1,,,,,
2025-07-16,C08_FISCAL_HALF_YEAR_ISSUER_EB_K2,C08_FISCAL_HALF_YEAR_ISSUER_EB,2,2,,,,,
2025-07-17,C08_FISCAL_HALF_YEAR_ISSUER_EB_K2,C08_FISCAL_HALF_YEAR_ISSUER_EB,2,1,,,,,
2025-07-17,C08_FISCAL_HALF_YEAR_ISSUER_EB_K2,C08_FISCAL_HALF_YEAR_ISSUER_EB,2,2,,,,,
2025-07-18,C08_FISCAL_HALF_YEAR_ISSUER_EB_K2,C08_FISCAL_HALF_YEAR_ISSUER_EB,2,1,,,,,
2025-07-18,C08_FISCAL_HALF_YEAR_ISSUER_EB_K2,C08_FISCAL_HALF_YEAR_ISSUER_EB,2,2,,,,,
2025-07-22,C08_FISCAL_HALF_YEAR_ISSUER_EB_K2,C08_FISCAL_HALF_YEAR_ISSUER_EB,2,1,,,,,
2025-07-22,C08_FISCAL_HALF_YEAR_ISSUER_EB_K2,C08_FISCAL_HALF_YEAR_ISSUER_EB,2,2,,,,,
2025-07-23,C08_FISCAL_HALF_YEAR_ISSUER_EB_K2,C08_FISCAL_HALF_YEAR_ISSUER_EB,2,1,,,,,
2025-07-23,C08_FISCAL_HALF_YEAR_ISSUER_EB_K2,C08_FISCAL_HALF_YEAR_ISSUER_EB,2,2,,,,,
2025-07-24,C08_FISCAL_HALF_YEAR_ISSUER_EB_K2,C08_FISCAL_HALF_YEAR_ISSUER_EB,2,1,,,,,
2025-07-24,C08_FISCAL_HALF_YEAR_ISSUER_EB_K2,C08_FISCAL_HALF_YEAR_ISSUER_EB,2,2,,,,,
2025-07-25,C08_FISCAL_HALF_YEAR_ISSUER_EB_K2,C08_FISCAL_HALF_YEAR_ISSUER_EB,2,1,,,,,
2025-07-25,C08_FISCAL_HALF_YEAR_ISSUER_EB_K2,C08_FISCAL_HALF_YEAR_ISSUER_EB,2,2,,,,,
2025-07-28,C08_FISCAL_HALF_YEAR_ISSUER_EB_K2,C08_FISCAL_HALF_YEAR_ISSUER_EB,2,1,,,,,
2025-07-28,C08_FISCAL_HALF_YEAR_ISSUER_EB_K2,C08_FISCAL_HALF_YEAR_ISSUER_EB,2,2,,,,,
2025-07-29,C08_FISCAL_HALF_YEAR_ISSUER_EB_K2,C08_FISCAL_HALF_YEAR_ISSUER_EB,2,1,,,,,
2025-07-29,C08_FISCAL_HALF_YEAR_ISSUER_EB_K2,C08_FISCAL_HALF_YEAR_ISSUER_EB,2,2,,,,,
2025-07-30,C08_FISCAL_HALF_YEAR_ISSUER_EB_K2,C08_FISCAL_HALF_YEAR_ISSUER_EB,2,1,,,,,
2025-07-30,C08_FISCAL_HALF_YEAR_ISSUER_EB_K2,C08_FISCAL_HALF_YEAR_ISSUER_EB,2,2,,,,,
2025-07-31,C08_FISCAL_HALF_YEAR_ISSUER_EB_K2,C08_FISCAL_HALF_YEAR_ISSUER_EB,2,1,,,,,
2025-07-31,C08_FISCAL_HALF_YEAR_ISSUER_EB_K2,C08_FISCAL_HALF_YEAR_ISSUER_EB,2,2,,,,,
2024-07-01,C09_SQ_PROXY_ISSUER_EB_K1,C09_SQ_PROXY_ISSUER_EB,1,1,,,,,
2024-07-02,C09_SQ_PROXY_ISSUER_EB_K1,C09_SQ_PROXY_ISSUER_EB,1,1,,,,,
2024-07-03,C09_SQ_PROXY_ISSUER_EB_K1,C09_SQ_PROXY_ISSUER_EB,1,1,,,,,
2024-07-04,C09_SQ_PROXY_ISSUER_EB_K1,C09_SQ_PROXY_ISSUER_EB,1,1,,,,,
2024-07-05,C09_SQ_PROXY_ISSUER_EB_K1,C09_SQ_PROXY_ISSUER_EB,1,1,,,,,
2024-07-08,C09_SQ_PROXY_ISSUER_EB_K1,C09_SQ_PROXY_ISSUER_EB,1,1,,,,,
2024-07-09,C09_SQ_PROXY_ISSUER_EB_K1,C09_SQ_PROXY_ISSUER_EB,1,1,,,,,
2024-07-10,C09_SQ_PROXY_ISSUER_EB_K1,C09_SQ_PROXY_ISSUER_EB,1,1,,,,,
2024-07-11,C09_SQ_PROXY_ISSUER_EB_K1,C09_SQ_PROXY_ISSUER_EB,1,1,,,,,
2024-07-12,C09_SQ_PROXY_ISSUER_EB_K1,C09_SQ_PROXY_ISSUER_EB,1,1,3482,ロードスターキャピタル,0.826261496388081,5.06283662477558,1.0
2024-07-16,C09_SQ_PROXY_ISSUER_EB_K1,C09_SQ_PROXY_ISSUER_EB,1,1,,,,,
2024-07-17,C09_SQ_PROXY_ISSUER_EB_K1,C09_SQ_PROXY_ISSUER_EB,1,1,,,,,
2024-07-18,C09_SQ_PROXY_ISSUER_EB_K1,C09_SQ_PROXY_ISSUER_EB,1,1,,,,,
2024-07-19,C09_SQ_PROXY_ISSUER_EB_K1,C09_SQ_PROXY_ISSUER_EB,1,1,,,,,
2024-07-22,C09_SQ_PROXY_ISSUER_EB_K1,C09_SQ_PROXY_ISSUER_EB,1,1,,,,,
2024-07-23,C09_SQ_PROXY_ISSUER_EB_K1,C09_SQ_PROXY_ISSUER_EB,1,1,,,,,
2024-07-24,C09_SQ_PROXY_ISSUER_EB_K1,C09_SQ_PROXY_ISSUER_EB,1,1,,,,,
2024-07-25,C09_SQ_PROXY_ISSUER_EB_K1,C09_SQ_PROXY_ISSUER_EB,1,1,,,,,
2024-07-26,C09_SQ_PROXY_ISSUER_EB_K1,C09_SQ_PROXY_ISSUER_EB,1,1,,,,,
2024-07-29,C09_SQ_PROXY_ISSUER_EB_K1,C09_SQ_PROXY_ISSUER_EB,1,1,,,,,
2024-07-30,C09_SQ_PROXY_ISSUER_EB_K1,C09_SQ_PROXY_ISSUER_EB,1,1,,,,,
2024-07-31,C09_SQ_PROXY_ISSUER_EB_K1,C09_SQ_PROXY_ISSUER_EB,1,1,,,,,
2024-08-01,C09_SQ_PROXY_ISSUER_EB_K1,C09_SQ_PROXY_ISSUER_EB,1,1,,,,,
2024-08-02,C09_SQ_PROXY_ISSUER_EB_K1,C09_SQ_PROXY_ISSUER_EB,1,1,,,,,
2024-08-05,C09_SQ_PROXY_ISSUER_EB_K1,C09_SQ_PROXY_ISSUER_EB,1,1,,,,,
2024-08-06,C09_SQ_PROXY_ISSUER_EB_K1,C09_SQ_PROXY_ISSUER_EB,1,1,,,,,
2024-08-07,C09_SQ_PROXY_ISSUER_EB_K1,C09_SQ_PROXY_ISSUER_EB,1,1,,,,,
2024-08-08,C09_SQ_PROXY_ISSUER_EB_K1,C09_SQ_PROXY_ISSUER_EB,1,1,,,,,
2024-08-09,C09_SQ_PROXY_ISSUER_EB_K1,C09_SQ_PROXY_ISSUER_EB,1,1,1419,タマホーム,0.9084291976101545,-2.192448233861144,0.0
2024-08-13,C09_SQ_PROXY_ISSUER_EB_K1,C09_SQ_PROXY_ISSUER_EB,1,1,,,,,
2024-08-14,C09_SQ_PROXY_ISSUER_EB_K1,C09_SQ_PROXY_ISSUER_EB,1,1,,,,,
2024-08-15,C09_SQ_PROXY_ISSUER_EB_K1,C09_SQ_PROXY_ISSUER_EB,1,1,,,,,
2024-08-16,C09_SQ_PROXY_ISSUER_EB_K1,C09_SQ_PROXY_ISSUER_EB,1,1,,,,,
2024-08-19,C09_SQ_PROXY_ISSUER_EB_K1,C09_SQ_PROXY_ISSUER_EB,1,1,,,,,
2024-08-20,C09_SQ_PROXY_ISSUER_EB_K1,C09_SQ_PROXY_ISSUER_EB,1,1,,,,,
2024-08-21,C09_SQ_PROXY_ISSUER_EB_K1,C09_SQ_PROXY_ISSUER_EB,1,1,,,,,
2024-08-22,C09_SQ_PROXY_ISSUER_EB_K1,C09_SQ_PROXY_ISSUER_EB,1,1,,,,,
2024-08-23,C09_SQ_PROXY_ISSUER_EB_K1,C09_SQ_PROXY_ISSUER_EB,1,1,,,,,
2024-08-26,C09_SQ_PROXY_ISSUER_EB_K1,C09_SQ_PROXY_ISSUER_EB,1,1,,,,,
2024-08-27,C09_SQ_PROXY_ISSUER_EB_K1,C09_SQ_PROXY_ISSUER_EB,1,1,,,,,
2024-08-28,C09_SQ_PROXY_ISSUER_EB_K1,C09_SQ_PROXY_ISSUER_EB,1,1,,,,,
2024-08-29,C09_SQ_PROXY_ISSUER_EB_K1,C09_SQ_PROXY_ISSUER_EB,1,1,,,,,
2024-08-30,C09_SQ_PROXY_ISSUER_EB_K1,C09_SQ_PROXY_ISSUER_EB,1,1,,,,,
2024-09-02,C09_SQ_PROXY_ISSUER_EB_K1,C09_SQ_PROXY_ISSUER_EB,1,1,,,,,
2024-09-03,C09_SQ_PROXY_ISSUER_EB_K1,C09_SQ_PROXY_ISSUER_EB,1,1,,,,,
2024-09-04,C09_SQ_PROXY_ISSUER_EB_K1,C09_SQ_PROXY_ISSUER_EB,1,1,,,,,
2024-09-05,C09_SQ_PROXY_ISSUER_EB_K1,C09_SQ_PROXY_ISSUER_EB,1,1,,,,,
2024-09-06,C09_SQ_PROXY_ISSUER_EB_K1,C09_SQ_PROXY_ISSUER_EB,1,1,,,,,
2024-09-09,C09_SQ_PROXY_ISSUER_EB_K1,C09_SQ_PROXY_ISSUER_EB,1,1,,,,,
2024-09-10,C09_SQ_PROXY_ISSUER_EB_K1,C09_SQ_PROXY_ISSUER_EB,1,1,,,,,
2024-09-11,C09_SQ_PROXY_ISSUER_EB_K1,C09_SQ_PROXY_ISSUER_EB,1,1,,,,,
2024-09-12,C09_SQ_PROXY_ISSUER_EB_K1,C09_SQ_PROXY_ISSUER_EB,1,1,,,,,
2024-09-13,C09_SQ_PROXY_ISSUER_EB_K1,C09_SQ_PROXY_ISSUER_EB,1,1,4389,プロパティデータバンク,0.9290906644864854,0.0,0.0
2024-09-17,C09_SQ_PROXY_ISSUER_EB_K1,C09_SQ_PROXY_ISSUER_EB,1,1,,,,,
2024-09-18,C09_SQ_PROXY_ISSUER_EB_K1,C09_SQ_PROXY_ISSUER_EB,1,1,,,,,
2024-09-19,C09_SQ_PROXY_ISSUER_EB_K1,C09_SQ_PROXY_ISSUER_EB,1,1,,,,,
2024-09-20,C09_SQ_PROXY_ISSUER_EB_K1,C09_SQ_PROXY_ISSUER_EB,1,1,,,,,
2024-09-24,C09_SQ_PROXY_ISSUER_EB_K1,C09_SQ_PROXY_ISSUER_EB,1,1,,,,,
2024-09-25,C09_SQ_PROXY_ISSUER_EB_K1,C09_SQ_PROXY_ISSUER_EB,1,1,,,,,
2024-09-26,C09_SQ_PROXY_ISSUER_EB_K1,C09_SQ_PROXY_ISSUER_EB,1,1,,,,,
2024-09-27,C09_SQ_PROXY_ISSUER_EB_K1,C09_SQ_PROXY_ISSUER_EB,1,1,,,,,
2024-09-30,C09_SQ_PROXY_ISSUER_EB_K1,C09_SQ_PROXY_ISSUER_EB,1,1,,,,,
2024-10-01,C09_SQ_PROXY_ISSUER_EB_K1,C09_SQ_PROXY_ISSUER_EB,1,1,,,,,
2024-10-02,C09_SQ_PROXY_ISSUER_EB_K1,C09_SQ_PROXY_ISSUER_EB,1,1,,,,,
2024-10-03,C09_SQ_PROXY_ISSUER_EB_K1,C09_SQ_PROXY_ISSUER_EB,1,1,,,,,
2024-10-04,C09_SQ_PROXY_ISSUER_EB_K1,C09_SQ_PROXY_ISSUER_EB,1,1,,,,,
2024-10-07,C09_SQ_PROXY_ISSUER_EB_K1,C09_SQ_PROXY_ISSUER_EB,1,1,,,,,
2024-10-08,C09_SQ_PROXY_ISSUER_EB_K1,C09_SQ_PROXY_ISSUER_EB,1,1,,,,,
2024-10-09,C09_SQ_PROXY_ISSUER_EB_K1,C09_SQ_PROXY_ISSUER_EB,1,1,,,,,
2024-10-10,C09_SQ_PROXY_ISSUER_EB_K1,C09_SQ_PROXY_ISSUER_EB,1,1,,,,,
2024-10-11,C09_SQ_PROXY_ISSUER_EB_K1,C09_SQ_PROXY_ISSUER_EB,1,1,7094,ＮｅｘＴｏｎｅ,0.8467719223907111,1.304090100770594,1.0
2024-10-15,C09_SQ_PROXY_ISSUER_EB_K1,C09_SQ_PROXY_ISSUER_EB,1,1,,,,,
2024-10-16,C09_SQ_PROXY_ISSUER_EB_K1,C09_SQ_PROXY_ISSUER_EB,1,1,,,,,
2024-10-17,C09_SQ_PROXY_ISSUER_EB_K1,C09_SQ_PROXY_ISSUER_EB,1,1,,,,,
2024-10-18,C09_SQ_PROXY_ISSUER_EB_K1,C09_SQ_PROXY_ISSUER_EB,1,1,,,,,
2024-10-21,C09_SQ_PROXY_ISSUER_EB_K1,C09_SQ_PROXY_ISSUER_EB,1,1,,,,,
2024-10-22,C09_SQ_PROXY_ISSUER_EB_K1,C09_SQ_PROXY_ISSUER_EB,1,1,,,,,
2024-10-23,C09_SQ_PROXY_ISSUER_EB_K1,C09_SQ_PROXY_ISSUER_EB,1,1,,,,,
2024-10-24,C09_SQ_PROXY_ISSUER_EB_K1,C09_SQ_PROXY_ISSUER_EB,1,1,,,,,
2024-10-25,C09_SQ_PROXY_ISSUER_EB_K1,C09_SQ_PROXY_ISSUER_EB,1,1,,,,,
2024-10-28,C09_SQ_PROXY_ISSUER_EB_K1,C09_SQ_PROXY_ISSUER_EB,1,1,,,,,
2024-10-29,C09_SQ_PROXY_ISSUER_EB_K1,C09_SQ_PROXY_ISSUER_EB,1,1,,,,,
2024-10-30,C09_SQ_PROXY_ISSUER_EB_K1,C09_SQ_PROXY_ISSUER_EB,1,1,,,,,
2024-10-31,C09_SQ_PROXY_ISSUER_EB_K1,C09_SQ_PROXY_ISSUER_EB,1,1,,,,,
2024-11-01,C09_SQ_PROXY_ISSUER_EB_K1,C09_SQ_PROXY_ISSUER_EB,1,1,,,,,
2024-11-05,C09_SQ_PROXY_ISSUER_EB_K1,C09_SQ_PROXY_ISSUER_EB,1,1,,,,,
2024-11-06,C09_SQ_PROXY_ISSUER_EB_K1,C09_SQ_PROXY_ISSUER_EB,1,1,,,,,
2024-11-07,C09_SQ_PROXY_ISSUER_EB_K1,C09_SQ_PROXY_ISSUER_EB,1,1,,,,,
2024-11-08,C09_SQ_PROXY_ISSUER_EB_K1,C09_SQ_PROXY_ISSUER_EB,1,1,7094,ＮｅｘＴｏｎｅ,0.8199692840320291,-8.147713950762014,0.0
2024-11-11,C09_SQ_PROXY_ISSUER_EB_K1,C09_SQ_PROXY_ISSUER_EB,1,1,,,,,
2024-11-12,C09_SQ_PROXY_ISSUER_EB_K1,C09_SQ_PROXY_ISSUER_EB,1,1,,,,,
2024-11-13,C09_SQ_PROXY_ISSUER_EB_K1,C09_SQ_PROXY_ISSUER_EB,1,1,,,,,
2024-11-14,C09_SQ_PROXY_ISSUER_EB_K1,C09_SQ_PROXY_ISSUER_EB,1,1,,,,,
2024-11-15,C09_SQ_PROXY_ISSUER_EB_K1,C09_SQ_PROXY_ISSUER_EB,1,1,,,,,
2024-11-18,C09_SQ_PROXY_ISSUER_EB_K1,C09_SQ_PROXY_ISSUER_EB,1,1,,,,,
2024-11-19,C09_SQ_PROXY_ISSUER_EB_K1,C09_SQ_PROXY_ISSUER_EB,1,1,,,,,
2024-11-20,C09_SQ_PROXY_ISSUER_EB_K1,C09_SQ_PROXY_ISSUER_EB,1,1,,,,,
2024-11-21,C09_SQ_PROXY_ISSUER_EB_K1,C09_SQ_PROXY_ISSUER_EB,1,1,,,,,
2024-11-22,C09_SQ_PROXY_ISSUER_EB_K1,C09_SQ_PROXY_ISSUER_EB,1,1,,,,,
2024-11-25,C09_SQ_PROXY_ISSUER_EB_K1,C09_SQ_PROXY_ISSUER_EB,1,1,,,,,
2024-11-26,C09_SQ_PROXY_ISSUER_EB_K1,C09_SQ_PROXY_ISSUER_EB,1,1,,,,,
2024-11-27,C09_SQ_PROXY_ISSUER_EB_K1,C09_SQ_PROXY_ISSUER_EB,1,1,,,,,
2024-11-28,C09_SQ_PROXY_ISSUER_EB_K1,C09_SQ_PROXY_ISSUER_EB,1,1,,,,,
2024-11-29,C09_SQ_PROXY_ISSUER_EB_K1,C09_SQ_PROXY_ISSUER_EB,1,1,,,,,
2024-12-02,C09_SQ_PROXY_ISSUER_EB_K1,C09_SQ_PROXY_ISSUER_EB,1,1,,,,,
2024-12-03,C09_SQ_PROXY_ISSUER_EB_K1,C09_SQ_PROXY_ISSUER_EB,1,1,,,,,
2024-12-04,C09_SQ_PROXY_ISSUER_EB_K1,C09_SQ_PROXY_ISSUER_EB,1,1,,,,,
2024-12-05,C09_SQ_PROXY_ISSUER_EB_K1,C09_SQ_PROXY_ISSUER_EB,1,1,,,,,
2024-12-06,C09_SQ_PROXY_ISSUER_EB_K1,C09_SQ_PROXY_ISSUER_EB,1,1,,,,,
2024-12-09,C09_SQ_PROXY_ISSUER_EB_K1,C09_SQ_PROXY_ISSUER_EB,1,1,,,,,
2024-12-10,C09_SQ_PROXY_ISSUER_EB_K1,C09_SQ_PROXY_ISSUER_EB,1,1,,,,,
2024-12-11,C09_SQ_PROXY_ISSUER_EB_K1,C09_SQ_PROXY_ISSUER_EB,1,1,,,,,
2024-12-12,C09_SQ_PROXY_ISSUER_EB_K1,C09_SQ_PROXY_ISSUER_EB,1,1,,,,,
2024-12-13,C09_SQ_PROXY_ISSUER_EB_K1,C09_SQ_PROXY_ISSUER_EB,1,1,4058,トヨクモ,0.7397324119329565,4.932735426008961,1.0
2024-12-16,C09_SQ_PROXY_ISSUER_EB_K1,C09_SQ_PROXY_ISSUER_EB,1,1,,,,,
2024-12-17,C09_SQ_PROXY_ISSUER_EB_K1,C09_SQ_PROXY_ISSUER_EB,1,1,,,,,
2024-12-18,C09_SQ_PROXY_ISSUER_EB_K1,C09_SQ_PROXY_ISSUER_EB,1,1,,,,,
2024-12-19,C09_SQ_PROXY_ISSUER_EB_K1,C09_SQ_PROXY_ISSUER_EB,1,1,,,,,
2024-12-20,C09_SQ_PROXY_ISSUER_EB_K1,C09_SQ_PROXY_ISSUER_EB,1,1,,,,,
2024-12-23,C09_SQ_PROXY_ISSUER_EB_K1,C09_SQ_PROXY_ISSUER_EB,1,1,,,,,
2024-12-24,C09_SQ_PROXY_ISSUER_EB_K1,C09_SQ_PROXY_ISSUER_EB,1,1,,,,,
2024-12-25,C09_SQ_PROXY_ISSUER_EB_K1,C09_SQ_PROXY_ISSUER_EB,1,1,,,,,
2024-12-26,C09_SQ_PROXY_ISSUER_EB_K1,C09_SQ_PROXY_ISSUER_EB,1,1,,,,,
2024-12-27,C09_SQ_PROXY_ISSUER_EB_K1,C09_SQ_PROXY_ISSUER_EB,1,1,,,,,
2024-12-30,C09_SQ_PROXY_ISSUER_EB_K1,C09_SQ_PROXY_ISSUER_EB,1,1,,,,,
2025-01-06,C09_SQ_PROXY_ISSUER_EB_K1,C09_SQ_PROXY_ISSUER_EB,1,1,,,,,
2025-01-07,C09_SQ_PROXY_ISSUER_EB_K1,C09_SQ_PROXY_ISSUER_EB,1,1,,,,,
2025-01-08,C09_SQ_PROXY_ISSUER_EB_K1,C09_SQ_PROXY_ISSUER_EB,1,1,,,,,
2025-01-09,C09_SQ_PROXY_ISSUER_EB_K1,C09_SQ_PROXY_ISSUER_EB,1,1,,,,,
2025-01-10,C09_SQ_PROXY_ISSUER_EB_K1,C09_SQ_PROXY_ISSUER_EB,1,1,4058,トヨクモ,0.8921956098080672,1.3959981386691522,1.0
2025-01-14,C09_SQ_PROXY_ISSUER_EB_K1,C09_SQ_PROXY_ISSUER_EB,1,1,,,,,
2025-01-15,C09_SQ_PROXY_ISSUER_EB_K1,C09_SQ_PROXY_ISSUER_EB,1,1,,,,,
2025-01-16,C09_SQ_PROXY_ISSUER_EB_K1,C09_SQ_PROXY_ISSUER_EB,1,1,,,,,
2025-01-17,C09_SQ_PROXY_ISSUER_EB_K1,C09_SQ_PROXY_ISSUER_EB,1,1,,,,,
2025-01-20,C09_SQ_PROXY_ISSUER_EB_K1,C09_SQ_PROXY_ISSUER_EB,1,1,,,,,
2025-01-21,C09_SQ_PROXY_ISSUER_EB_K1,C09_SQ_PROXY_ISSUER_EB,1,1,,,,,
2025-01-22,C09_SQ_PROXY_ISSUER_EB_K1,C09_SQ_PROXY_ISSUER_EB,1,1,,,,,
2025-01-23,C09_SQ_PROXY_ISSUER_EB_K1,C09_SQ_PROXY_ISSUER_EB,1,1,,,,,
2025-01-24,C09_SQ_PROXY_ISSUER_EB_K1,C09_SQ_PROXY_ISSUER_EB,1,1,,,,,
2025-01-27,C09_SQ_PROXY_ISSUER_EB_K1,C09_SQ_PROXY_ISSUER_EB,1,1,,,,,
2025-01-28,C09_SQ_PROXY_ISSUER_EB_K1,C09_SQ_PROXY_ISSUER_EB,1,1,,,,,
2025-01-29,C09_SQ_PROXY_ISSUER_EB_K1,C09_SQ_PROXY_ISSUER_EB,1,1,,,,,
2025-01-30,C09_SQ_PROXY_ISSUER_EB_K1,C09_SQ_PROXY_ISSUER_EB,1,1,,,,,
2025-01-31,C09_SQ_PROXY_ISSUER_EB_K1,C09_SQ_PROXY_ISSUER_EB,1,1,,,,,
2025-02-03,C09_SQ_PROXY_ISSUER_EB_K1,C09_SQ_PROXY_ISSUER_EB,1,1,,,,,
2025-02-04,C09_SQ_PROXY_ISSUER_EB_K1,C09_SQ_PROXY_ISSUER_EB,1,1,,,,,
2025-02-05,C09_SQ_PROXY_ISSUER_EB_K1,C09_SQ_PROXY_ISSUER_EB,1,1,,,,,
2025-02-06,C09_SQ_PROXY_ISSUER_EB_K1,C09_SQ_PROXY_ISSUER_EB,1,1,,,,,
2025-02-07,C09_SQ_PROXY_ISSUER_EB_K1,C09_SQ_PROXY_ISSUER_EB,1,1,,,,,
2025-02-10,C09_SQ_PROXY_ISSUER_EB_K1,C09_SQ_PROXY_ISSUER_EB,1,1,,,,,
2025-02-12,C09_SQ_PROXY_ISSUER_EB_K1,C09_SQ_PROXY_ISSUER_EB,1,1,,,,,
2025-02-13,C09_SQ_PROXY_ISSUER_EB_K1,C09_SQ_PROXY_ISSUER_EB,1,1,,,,,
2025-02-14,C09_SQ_PROXY_ISSUER_EB_K1,C09_SQ_PROXY_ISSUER_EB,1,1,4058,トヨクモ,0.9046800508937187,-0.5032907471931858,0.0
2025-02-17,C09_SQ_PROXY_ISSUER_EB_K1,C09_SQ_PROXY_ISSUER_EB,1,1,,,,,
2025-02-18,C09_SQ_PROXY_ISSUER_EB_K1,C09_SQ_PROXY_ISSUER_EB,1,1,,,,,
2025-02-19,C09_SQ_PROXY_ISSUER_EB_K1,C09_SQ_PROXY_ISSUER_EB,1,1,,,,,
2025-02-20,C09_SQ_PROXY_ISSUER_EB_K1,C09_SQ_PROXY_ISSUER_EB,1,1,,,,,
2025-02-21,C09_SQ_PROXY_ISSUER_EB_K1,C09_SQ_PROXY_ISSUER_EB,1,1,,,,,
2025-02-25,C09_SQ_PROXY_ISSUER_EB_K1,C09_SQ_PROXY_ISSUER_EB,1,1,,,,,
2025-02-26,C09_SQ_PROXY_ISSUER_EB_K1,C09_SQ_PROXY_ISSUER_EB,1,1,,,,,
2025-02-27,C09_SQ_PROXY_ISSUER_EB_K1,C09_SQ_PROXY_ISSUER_EB,1,1,,,,,
2025-02-28,C09_SQ_PROXY_ISSUER_EB_K1,C09_SQ_PROXY_ISSUER_EB,1,1,,,,,
2025-03-03,C09_SQ_PROXY_ISSUER_EB_K1,C09_SQ_PROXY_ISSUER_EB,1,1,,,,,
2025-03-04,C09_SQ_PROXY_ISSUER_EB_K1,C09_SQ_PROXY_ISSUER_EB,1,1,,,,,
2025-03-05,C09_SQ_PROXY_ISSUER_EB_K1,C09_SQ_PROXY_ISSUER_EB,1,1,,,,,
2025-03-06,C09_SQ_PROXY_ISSUER_EB_K1,C09_SQ_PROXY_ISSUER_EB,1,1,,,,,
2025-03-07,C09_SQ_PROXY_ISSUER_EB_K1,C09_SQ_PROXY_ISSUER_EB,1,1,,,,,
2025-03-10,C09_SQ_PROXY_ISSUER_EB_K1,C09_SQ_PROXY_ISSUER_EB,1,1,,,,,
2025-03-11,C09_SQ_PROXY_ISSUER_EB_K1,C09_SQ_PROXY_ISSUER_EB,1,1,,,,,
2025-03-12,C09_SQ_PROXY_ISSUER_EB_K1,C09_SQ_PROXY_ISSUER_EB,1,1,,,,,
2025-03-13,C09_SQ_PROXY_ISSUER_EB_K1,C09_SQ_PROXY_ISSUER_EB,1,1,,,,,
2025-03-14,C09_SQ_PROXY_ISSUER_EB_K1,C09_SQ_PROXY_ISSUER_EB,1,1,4058,トヨクモ,0.82644225604889,8.090753424657526,1.0
2025-03-17,C09_SQ_PROXY_ISSUER_EB_K1,C09_SQ_PROXY_ISSUER_EB,1,1,,,,,
2025-03-18,C09_SQ_PROXY_ISSUER_EB_K1,C09_SQ_PROXY_ISSUER_EB,1,1,,,,,
2025-03-19,C09_SQ_PROXY_ISSUER_EB_K1,C09_SQ_PROXY_ISSUER_EB,1,1,,,,,
2025-03-21,C09_SQ_PROXY_ISSUER_EB_K1,C09_SQ_PROXY_ISSUER_EB,1,1,,,,,
2025-03-24,C09_SQ_PROXY_ISSUER_EB_K1,C09_SQ_PROXY_ISSUER_EB,1,1,,,,,
2025-03-25,C09_SQ_PROXY_ISSUER_EB_K1,C09_SQ_PROXY_ISSUER_EB,1,1,,,,,
2025-03-26,C09_SQ_PROXY_ISSUER_EB_K1,C09_SQ_PROXY_ISSUER_EB,1,1,,,,,
2025-03-27,C09_SQ_PROXY_ISSUER_EB_K1,C09_SQ_PROXY_ISSUER_EB,1,1,,,,,
2025-03-28,C09_SQ_PROXY_ISSUER_EB_K1,C09_SQ_PROXY_ISSUER_EB,1,1,,,,,
2025-03-31,C09_SQ_PROXY_ISSUER_EB_K1,C09_SQ_PROXY_ISSUER_EB,1,1,,,,,
2025-04-01,C09_SQ_PROXY_ISSUER_EB_K1,C09_SQ_PROXY_ISSUER_EB,1,1,,,,,
2025-04-02,C09_SQ_PROXY_ISSUER_EB_K1,C09_SQ_PROXY_ISSUER_EB,1,1,,,,,
2025-04-03,C09_SQ_PROXY_ISSUER_EB_K1,C09_SQ_PROXY_ISSUER_EB,1,1,,,,,
2025-04-04,C09_SQ_PROXY_ISSUER_EB_K1,C09_SQ_PROXY_ISSUER_EB,1,1,,,,,
2025-04-07,C09_SQ_PROXY_ISSUER_EB_K1,C09_SQ_PROXY_ISSUER_EB,1,1,,,,,
2025-04-08,C09_SQ_PROXY_ISSUER_EB_K1,C09_SQ_PROXY_ISSUER_EB,1,1,,,,,
2025-04-09,C09_SQ_PROXY_ISSUER_EB_K1,C09_SQ_PROXY_ISSUER_EB,1,1,,,,,
2025-04-10,C09_SQ_PROXY_ISSUER_EB_K1,C09_SQ_PROXY_ISSUER_EB,1,1,,,,,
2025-04-11,C09_SQ_PROXY_ISSUER_EB_K1,C09_SQ_PROXY_ISSUER_EB,1,1,4075,ブレインズテクノロジー,0.6377264847856187,1.7391304347825987,1.0
2025-04-14,C09_SQ_PROXY_ISSUER_EB_K1,C09_SQ_PROXY_ISSUER_EB,1,1,,,,,
2025-04-15,C09_SQ_PROXY_ISSUER_EB_K1,C09_SQ_PROXY_ISSUER_EB,1,1,,,,,
2025-04-16,C09_SQ_PROXY_ISSUER_EB_K1,C09_SQ_PROXY_ISSUER_EB,1,1,,,,,
2025-04-17,C09_SQ_PROXY_ISSUER_EB_K1,C09_SQ_PROXY_ISSUER_EB,1,1,,,,,
2025-04-18,C09_SQ_PROXY_ISSUER_EB_K1,C09_SQ_PROXY_ISSUER_EB,1,1,,,,,
2025-04-21,C09_SQ_PROXY_ISSUER_EB_K1,C09_SQ_PROXY_ISSUER_EB,1,1,,,,,
2025-04-22,C09_SQ_PROXY_ISSUER_EB_K1,C09_SQ_PROXY_ISSUER_EB,1,1,,,,,
2025-04-23,C09_SQ_PROXY_ISSUER_EB_K1,C09_SQ_PROXY_ISSUER_EB,1,1,,,,,
2025-04-24,C09_SQ_PROXY_ISSUER_EB_K1,C09_SQ_PROXY_ISSUER_EB,1,1,,,,,
2025-04-25,C09_SQ_PROXY_ISSUER_EB_K1,C09_SQ_PROXY_ISSUER_EB,1,1,,,,,
2025-04-28,C09_SQ_PROXY_ISSUER_EB_K1,C09_SQ_PROXY_ISSUER_EB,1,1,,,,,
2025-04-30,C09_SQ_PROXY_ISSUER_EB_K1,C09_SQ_PROXY_ISSUER_EB,1,1,,,,,
2025-05-01,C09_SQ_PROXY_ISSUER_EB_K1,C09_SQ_PROXY_ISSUER_EB,1,1,,,,,
2025-05-02,C09_SQ_PROXY_ISSUER_EB_K1,C09_SQ_PROXY_ISSUER_EB,1,1,,,,,
2025-05-07,C09_SQ_PROXY_ISSUER_EB_K1,C09_SQ_PROXY_ISSUER_EB,1,1,,,,,
2025-05-08,C09_SQ_PROXY_ISSUER_EB_K1,C09_SQ_PROXY_ISSUER_EB,1,1,,,,,
2025-05-09,C09_SQ_PROXY_ISSUER_EB_K1,C09_SQ_PROXY_ISSUER_EB,1,1,4058,トヨクモ,1.1841703262445167,1.2321144674085849,1.0
2025-05-12,C09_SQ_PROXY_ISSUER_EB_K1,C09_SQ_PROXY_ISSUER_EB,1,1,,,,,
2025-05-13,C09_SQ_PROXY_ISSUER_EB_K1,C09_SQ_PROXY_ISSUER_EB,1,1,,,,,
2025-05-14,C09_SQ_PROXY_ISSUER_EB_K1,C09_SQ_PROXY_ISSUER_EB,1,1,,,,,
2025-05-15,C09_SQ_PROXY_ISSUER_EB_K1,C09_SQ_PROXY_ISSUER_EB,1,1,,,,,
2025-05-16,C09_SQ_PROXY_ISSUER_EB_K1,C09_SQ_PROXY_ISSUER_EB,1,1,,,,,
2025-05-19,C09_SQ_PROXY_ISSUER_EB_K1,C09_SQ_PROXY_ISSUER_EB,1,1,,,,,
2025-05-20,C09_SQ_PROXY_ISSUER_EB_K1,C09_SQ_PROXY_ISSUER_EB,1,1,,,,,
2025-05-21,C09_SQ_PROXY_ISSUER_EB_K1,C09_SQ_PROXY_ISSUER_EB,1,1,,,,,
2025-05-22,C09_SQ_PROXY_ISSUER_EB_K1,C09_SQ_PROXY_ISSUER_EB,1,1,,,,,
2025-05-23,C09_SQ_PROXY_ISSUER_EB_K1,C09_SQ_PROXY_ISSUER_EB,1,1,,,,,
2025-05-26,C09_SQ_PROXY_ISSUER_EB_K1,C09_SQ_PROXY_ISSUER_EB,1,1,,,,,
2025-05-27,C09_SQ_PROXY_ISSUER_EB_K1,C09_SQ_PROXY_ISSUER_EB,1,1,,,,,
2025-05-28,C09_SQ_PROXY_ISSUER_EB_K1,C09_SQ_PROXY_ISSUER_EB,1,1,,,,,
2025-05-29,C09_SQ_PROXY_ISSUER_EB_K1,C09_SQ_PROXY_ISSUER_EB,1,1,,,,,
2025-05-30,C09_SQ_PROXY_ISSUER_EB_K1,C09_SQ_PROXY_ISSUER_EB,1,1,,,,,
2025-06-02,C09_SQ_PROXY_ISSUER_EB_K1,C09_SQ_PROXY_ISSUER_EB,1,1,,,,,
2025-06-03,C09_SQ_PROXY_ISSUER_EB_K1,C09_SQ_PROXY_ISSUER_EB,1,1,,,,,
2025-06-04,C09_SQ_PROXY_ISSUER_EB_K1,C09_SQ_PROXY_ISSUER_EB,1,1,,,,,
2025-06-05,C09_SQ_PROXY_ISSUER_EB_K1,C09_SQ_PROXY_ISSUER_EB,1,1,,,,,
2025-06-06,C09_SQ_PROXY_ISSUER_EB_K1,C09_SQ_PROXY_ISSUER_EB,1,1,,,,,
2025-06-09,C09_SQ_PROXY_ISSUER_EB_K1,C09_SQ_PROXY_ISSUER_EB,1,1,,,,,
2025-06-10,C09_SQ_PROXY_ISSUER_EB_K1,C09_SQ_PROXY_ISSUER_EB,1,1,,,,,
2025-06-11,C09_SQ_PROXY_ISSUER_EB_K1,C09_SQ_PROXY_ISSUER_EB,1,1,,,,,
2025-06-12,C09_SQ_PROXY_ISSUER_EB_K1,C09_SQ_PROXY_ISSUER_EB,1,1,,,,,
2025-06-13,C09_SQ_PROXY_ISSUER_EB_K1,C09_SQ_PROXY_ISSUER_EB,1,1,4058,トヨクモ,1.1963579983062327,-4.961240310077519,0.0
2025-06-16,C09_SQ_PROXY_ISSUER_EB_K1,C09_SQ_PROXY_ISSUER_EB,1,1,,,,,
2025-06-17,C09_SQ_PROXY_ISSUER_EB_K1,C09_SQ_PROXY_ISSUER_EB,1,1,,,,,
2025-06-18,C09_SQ_PROXY_ISSUER_EB_K1,C09_SQ_PROXY_ISSUER_EB,1,1,,,,,
2025-06-19,C09_SQ_PROXY_ISSUER_EB_K1,C09_SQ_PROXY_ISSUER_EB,1,1,,,,,
2025-06-20,C09_SQ_PROXY_ISSUER_EB_K1,C09_SQ_PROXY_ISSUER_EB,1,1,,,,,
2025-06-23,C09_SQ_PROXY_ISSUER_EB_K1,C09_SQ_PROXY_ISSUER_EB,1,1,,,,,
2025-06-24,C09_SQ_PROXY_ISSUER_EB_K1,C09_SQ_PROXY_ISSUER_EB,1,1,,,,,
2025-06-25,C09_SQ_PROXY_ISSUER_EB_K1,C09_SQ_PROXY_ISSUER_EB,1,1,,,,,
2025-06-26,C09_SQ_PROXY_ISSUER_EB_K1,C09_SQ_PROXY_ISSUER_EB,1,1,,,,,
2025-06-27,C09_SQ_PROXY_ISSUER_EB_K1,C09_SQ_PROXY_ISSUER_EB,1,1,,,,,
2025-06-30,C09_SQ_PROXY_ISSUER_EB_K1,C09_SQ_PROXY_ISSUER_EB,1,1,,,,,
2025-07-01,C09_SQ_PROXY_ISSUER_EB_K1,C09_SQ_PROXY_ISSUER_EB,1,1,,,,,
2025-07-02,C09_SQ_PROXY_ISSUER_EB_K1,C09_SQ_PROXY_ISSUER_EB,1,1,,,,,
2025-07-03,C09_SQ_PROXY_ISSUER_EB_K1,C09_SQ_PROXY_ISSUER_EB,1,1,,,,,
2025-07-04,C09_SQ_PROXY_ISSUER_EB_K1,C09_SQ_PROXY_ISSUER_EB,1,1,,,,,
2025-07-07,C09_SQ_PROXY_ISSUER_EB_K1,C09_SQ_PROXY_ISSUER_EB,1,1,,,,,
2025-07-08,C09_SQ_PROXY_ISSUER_EB_K1,C09_SQ_PROXY_ISSUER_EB,1,1,,,,,
2025-07-09,C09_SQ_PROXY_ISSUER_EB_K1,C09_SQ_PROXY_ISSUER_EB,1,1,,,,,
2025-07-10,C09_SQ_PROXY_ISSUER_EB_K1,C09_SQ_PROXY_ISSUER_EB,1,1,,,,,
2025-07-11,C09_SQ_PROXY_ISSUER_EB_K1,C09_SQ_PROXY_ISSUER_EB,1,1,4058,トヨクモ,0.9738731068495495,1.3114754098360715,1.0
2025-07-14,C09_SQ_PROXY_ISSUER_EB_K1,C09_SQ_PROXY_ISSUER_EB,1,1,,,,,
2025-07-15,C09_SQ_PROXY_ISSUER_EB_K1,C09_SQ_PROXY_ISSUER_EB,1,1,,,,,
2025-07-16,C09_SQ_PROXY_ISSUER_EB_K1,C09_SQ_PROXY_ISSUER_EB,1,1,,,,,
2025-07-17,C09_SQ_PROXY_ISSUER_EB_K1,C09_SQ_PROXY_ISSUER_EB,1,1,,,,,
2025-07-18,C09_SQ_PROXY_ISSUER_EB_K1,C09_SQ_PROXY_ISSUER_EB,1,1,,,,,
2025-07-22,C09_SQ_PROXY_ISSUER_EB_K1,C09_SQ_PROXY_ISSUER_EB,1,1,,,,,
2025-07-23,C09_SQ_PROXY_ISSUER_EB_K1,C09_SQ_PROXY_ISSUER_EB,1,1,,,,,
2025-07-24,C09_SQ_PROXY_ISSUER_EB_K1,C09_SQ_PROXY_ISSUER_EB,1,1,,,,,
2025-07-25,C09_SQ_PROXY_ISSUER_EB_K1,C09_SQ_PROXY_ISSUER_EB,1,1,,,,,
2025-07-28,C09_SQ_PROXY_ISSUER_EB_K1,C09_SQ_PROXY_ISSUER_EB,1,1,,,,,
2025-07-29,C09_SQ_PROXY_ISSUER_EB_K1,C09_SQ_PROXY_ISSUER_EB,1,1,,,,,
2025-07-30,C09_SQ_PROXY_ISSUER_EB_K1,C09_SQ_PROXY_ISSUER_EB,1,1,,,,,
2025-07-31,C09_SQ_PROXY_ISSUER_EB_K1,C09_SQ_PROXY_ISSUER_EB,1,1,,,,,
2024-07-01,C09_SQ_PROXY_ISSUER_EB_K2,C09_SQ_PROXY_ISSUER_EB,2,1,,,,,
2024-07-01,C09_SQ_PROXY_ISSUER_EB_K2,C09_SQ_PROXY_ISSUER_EB,2,2,,,,,
2024-07-02,C09_SQ_PROXY_ISSUER_EB_K2,C09_SQ_PROXY_ISSUER_EB,2,1,,,,,
2024-07-02,C09_SQ_PROXY_ISSUER_EB_K2,C09_SQ_PROXY_ISSUER_EB,2,2,,,,,
2024-07-03,C09_SQ_PROXY_ISSUER_EB_K2,C09_SQ_PROXY_ISSUER_EB,2,1,,,,,
2024-07-03,C09_SQ_PROXY_ISSUER_EB_K2,C09_SQ_PROXY_ISSUER_EB,2,2,,,,,
2024-07-04,C09_SQ_PROXY_ISSUER_EB_K2,C09_SQ_PROXY_ISSUER_EB,2,1,,,,,
2024-07-04,C09_SQ_PROXY_ISSUER_EB_K2,C09_SQ_PROXY_ISSUER_EB,2,2,,,,,
2024-07-05,C09_SQ_PROXY_ISSUER_EB_K2,C09_SQ_PROXY_ISSUER_EB,2,1,,,,,
2024-07-05,C09_SQ_PROXY_ISSUER_EB_K2,C09_SQ_PROXY_ISSUER_EB,2,2,,,,,
2024-07-08,C09_SQ_PROXY_ISSUER_EB_K2,C09_SQ_PROXY_ISSUER_EB,2,1,,,,,
2024-07-08,C09_SQ_PROXY_ISSUER_EB_K2,C09_SQ_PROXY_ISSUER_EB,2,2,,,,,
2024-07-09,C09_SQ_PROXY_ISSUER_EB_K2,C09_SQ_PROXY_ISSUER_EB,2,1,,,,,
2024-07-09,C09_SQ_PROXY_ISSUER_EB_K2,C09_SQ_PROXY_ISSUER_EB,2,2,,,,,
2024-07-10,C09_SQ_PROXY_ISSUER_EB_K2,C09_SQ_PROXY_ISSUER_EB,2,1,,,,,
2024-07-10,C09_SQ_PROXY_ISSUER_EB_K2,C09_SQ_PROXY_ISSUER_EB,2,2,,,,,
2024-07-11,C09_SQ_PROXY_ISSUER_EB_K2,C09_SQ_PROXY_ISSUER_EB,2,1,,,,,
2024-07-11,C09_SQ_PROXY_ISSUER_EB_K2,C09_SQ_PROXY_ISSUER_EB,2,2,,,,,
2024-07-12,C09_SQ_PROXY_ISSUER_EB_K2,C09_SQ_PROXY_ISSUER_EB,2,1,3482,ロードスターキャピタル,0.826261496388081,5.06283662477558,1.0
2024-07-12,C09_SQ_PROXY_ISSUER_EB_K2,C09_SQ_PROXY_ISSUER_EB,2,2,4888,ステラファーマ,0.7631144984584739,1.4150943396226356,1.0
2024-07-16,C09_SQ_PROXY_ISSUER_EB_K2,C09_SQ_PROXY_ISSUER_EB,2,1,,,,,
2024-07-16,C09_SQ_PROXY_ISSUER_EB_K2,C09_SQ_PROXY_ISSUER_EB,2,2,,,,,
2024-07-17,C09_SQ_PROXY_ISSUER_EB_K2,C09_SQ_PROXY_ISSUER_EB,2,1,,,,,
2024-07-17,C09_SQ_PROXY_ISSUER_EB_K2,C09_SQ_PROXY_ISSUER_EB,2,2,,,,,
2024-07-18,C09_SQ_PROXY_ISSUER_EB_K2,C09_SQ_PROXY_ISSUER_EB,2,1,,,,,
2024-07-18,C09_SQ_PROXY_ISSUER_EB_K2,C09_SQ_PROXY_ISSUER_EB,2,2,,,,,
2024-07-19,C09_SQ_PROXY_ISSUER_EB_K2,C09_SQ_PROXY_ISSUER_EB,2,1,,,,,
2024-07-19,C09_SQ_PROXY_ISSUER_EB_K2,C09_SQ_PROXY_ISSUER_EB,2,2,,,,,
2024-07-22,C09_SQ_PROXY_ISSUER_EB_K2,C09_SQ_PROXY_ISSUER_EB,2,1,,,,,
2024-07-22,C09_SQ_PROXY_ISSUER_EB_K2,C09_SQ_PROXY_ISSUER_EB,2,2,,,,,
2024-07-23,C09_SQ_PROXY_ISSUER_EB_K2,C09_SQ_PROXY_ISSUER_EB,2,1,,,,,
2024-07-23,C09_SQ_PROXY_ISSUER_EB_K2,C09_SQ_PROXY_ISSUER_EB,2,2,,,,,
2024-07-24,C09_SQ_PROXY_ISSUER_EB_K2,C09_SQ_PROXY_ISSUER_EB,2,1,,,,,
2024-07-24,C09_SQ_PROXY_ISSUER_EB_K2,C09_SQ_PROXY_ISSUER_EB,2,2,,,,,
2024-07-25,C09_SQ_PROXY_ISSUER_EB_K2,C09_SQ_PROXY_ISSUER_EB,2,1,,,,,
2024-07-25,C09_SQ_PROXY_ISSUER_EB_K2,C09_SQ_PROXY_ISSUER_EB,2,2,,,,,
2024-07-26,C09_SQ_PROXY_ISSUER_EB_K2,C09_SQ_PROXY_ISSUER_EB,2,1,,,,,
2024-07-26,C09_SQ_PROXY_ISSUER_EB_K2,C09_SQ_PROXY_ISSUER_EB,2,2,,,,,
2024-07-29,C09_SQ_PROXY_ISSUER_EB_K2,C09_SQ_PROXY_ISSUER_EB,2,1,,,,,
2024-07-29,C09_SQ_PROXY_ISSUER_EB_K2,C09_SQ_PROXY_ISSUER_EB,2,2,,,,,
2024-07-30,C09_SQ_PROXY_ISSUER_EB_K2,C09_SQ_PROXY_ISSUER_EB,2,1,,,,,
2024-07-30,C09_SQ_PROXY_ISSUER_EB_K2,C09_SQ_PROXY_ISSUER_EB,2,2,,,,,
2024-07-31,C09_SQ_PROXY_ISSUER_EB_K2,C09_SQ_PROXY_ISSUER_EB,2,1,,,,,
2024-07-31,C09_SQ_PROXY_ISSUER_EB_K2,C09_SQ_PROXY_ISSUER_EB,2,2,,,,,
2024-08-01,C09_SQ_PROXY_ISSUER_EB_K2,C09_SQ_PROXY_ISSUER_EB,2,1,,,,,
2024-08-01,C09_SQ_PROXY_ISSUER_EB_K2,C09_SQ_PROXY_ISSUER_EB,2,2,,,,,
2024-08-02,C09_SQ_PROXY_ISSUER_EB_K2,C09_SQ_PROXY_ISSUER_EB,2,1,,,,,
2024-08-02,C09_SQ_PROXY_ISSUER_EB_K2,C09_SQ_PROXY_ISSUER_EB,2,2,,,,,
2024-08-05,C09_SQ_PROXY_ISSUER_EB_K2,C09_SQ_PROXY_ISSUER_EB,2,1,,,,,
2024-08-05,C09_SQ_PROXY_ISSUER_EB_K2,C09_SQ_PROXY_ISSUER_EB,2,2,,,,,
2024-08-06,C09_SQ_PROXY_ISSUER_EB_K2,C09_SQ_PROXY_ISSUER_EB,2,1,,,,,
2024-08-06,C09_SQ_PROXY_ISSUER_EB_K2,C09_SQ_PROXY_ISSUER_EB,2,2,,,,,
2024-08-07,C09_SQ_PROXY_ISSUER_EB_K2,C09_SQ_PROXY_ISSUER_EB,2,1,,,,,
2024-08-07,C09_SQ_PROXY_ISSUER_EB_K2,C09_SQ_PROXY_ISSUER_EB,2,2,,,,,
2024-08-08,C09_SQ_PROXY_ISSUER_EB_K2,C09_SQ_PROXY_ISSUER_EB,2,1,,,,,
2024-08-08,C09_SQ_PROXY_ISSUER_EB_K2,C09_SQ_PROXY_ISSUER_EB,2,2,,,,,
2024-08-09,C09_SQ_PROXY_ISSUER_EB_K2,C09_SQ_PROXY_ISSUER_EB,2,1,1419,タマホーム,0.9084291976101545,-2.192448233861144,0.0
2024-08-09,C09_SQ_PROXY_ISSUER_EB_K2,C09_SQ_PROXY_ISSUER_EB,2,2,9534,北海道瓦斯,0.8840401638643236,2.3541453428863823,1.0
2024-08-13,C09_SQ_PROXY_ISSUER_EB_K2,C09_SQ_PROXY_ISSUER_EB,2,1,,,,,
2024-08-13,C09_SQ_PROXY_ISSUER_EB_K2,C09_SQ_PROXY_ISSUER_EB,2,2,,,,,
2024-08-14,C09_SQ_PROXY_ISSUER_EB_K2,C09_SQ_PROXY_ISSUER_EB,2,1,,,,,
2024-08-14,C09_SQ_PROXY_ISSUER_EB_K2,C09_SQ_PROXY_ISSUER_EB,2,2,,,,,
2024-08-15,C09_SQ_PROXY_ISSUER_EB_K2,C09_SQ_PROXY_ISSUER_EB,2,1,,,,,
2024-08-15,C09_SQ_PROXY_ISSUER_EB_K2,C09_SQ_PROXY_ISSUER_EB,2,2,,,,,
2024-08-16,C09_SQ_PROXY_ISSUER_EB_K2,C09_SQ_PROXY_ISSUER_EB,2,1,,,,,
2024-08-16,C09_SQ_PROXY_ISSUER_EB_K2,C09_SQ_PROXY_ISSUER_EB,2,2,,,,,
2024-08-19,C09_SQ_PROXY_ISSUER_EB_K2,C09_SQ_PROXY_ISSUER_EB,2,1,,,,,
2024-08-19,C09_SQ_PROXY_ISSUER_EB_K2,C09_SQ_PROXY_ISSUER_EB,2,2,,,,,
2024-08-20,C09_SQ_PROXY_ISSUER_EB_K2,C09_SQ_PROXY_ISSUER_EB,2,1,,,,,
2024-08-20,C09_SQ_PROXY_ISSUER_EB_K2,C09_SQ_PROXY_ISSUER_EB,2,2,,,,,
2024-08-21,C09_SQ_PROXY_ISSUER_EB_K2,C09_SQ_PROXY_ISSUER_EB,2,1,,,,,
2024-08-21,C09_SQ_PROXY_ISSUER_EB_K2,C09_SQ_PROXY_ISSUER_EB,2,2,,,,,
2024-08-22,C09_SQ_PROXY_ISSUER_EB_K2,C09_SQ_PROXY_ISSUER_EB,2,1,,,,,
2024-08-22,C09_SQ_PROXY_ISSUER_EB_K2,C09_SQ_PROXY_ISSUER_EB,2,2,,,,,
2024-08-23,C09_SQ_PROXY_ISSUER_EB_K2,C09_SQ_PROXY_ISSUER_EB,2,1,,,,,
2024-08-23,C09_SQ_PROXY_ISSUER_EB_K2,C09_SQ_PROXY_ISSUER_EB,2,2,,,,,
2024-08-26,C09_SQ_PROXY_ISSUER_EB_K2,C09_SQ_PROXY_ISSUER_EB,2,1,,,,,
2024-08-26,C09_SQ_PROXY_ISSUER_EB_K2,C09_SQ_PROXY_ISSUER_EB,2,2,,,,,
2024-08-27,C09_SQ_PROXY_ISSUER_EB_K2,C09_SQ_PROXY_ISSUER_EB,2,1,,,,,
2024-08-27,C09_SQ_PROXY_ISSUER_EB_K2,C09_SQ_PROXY_ISSUER_EB,2,2,,,,,
2024-08-28,C09_SQ_PROXY_ISSUER_EB_K2,C09_SQ_PROXY_ISSUER_EB,2,1,,,,,
2024-08-28,C09_SQ_PROXY_ISSUER_EB_K2,C09_SQ_PROXY_ISSUER_EB,2,2,,,,,
2024-08-29,C09_SQ_PROXY_ISSUER_EB_K2,C09_SQ_PROXY_ISSUER_EB,2,1,,,,,
2024-08-29,C09_SQ_PROXY_ISSUER_EB_K2,C09_SQ_PROXY_ISSUER_EB,2,2,,,,,
2024-08-30,C09_SQ_PROXY_ISSUER_EB_K2,C09_SQ_PROXY_ISSUER_EB,2,1,,,,,
2024-08-30,C09_SQ_PROXY_ISSUER_EB_K2,C09_SQ_PROXY_ISSUER_EB,2,2,,,,,
2024-09-02,C09_SQ_PROXY_ISSUER_EB_K2,C09_SQ_PROXY_ISSUER_EB,2,1,,,,,
2024-09-02,C09_SQ_PROXY_ISSUER_EB_K2,C09_SQ_PROXY_ISSUER_EB,2,2,,,,,
2024-09-03,C09_SQ_PROXY_ISSUER_EB_K2,C09_SQ_PROXY_ISSUER_EB,2,1,,,,,
2024-09-03,C09_SQ_PROXY_ISSUER_EB_K2,C09_SQ_PROXY_ISSUER_EB,2,2,,,,,
2024-09-04,C09_SQ_PROXY_ISSUER_EB_K2,C09_SQ_PROXY_ISSUER_EB,2,1,,,,,
2024-09-04,C09_SQ_PROXY_ISSUER_EB_K2,C09_SQ_PROXY_ISSUER_EB,2,2,,,,,
2024-09-05,C09_SQ_PROXY_ISSUER_EB_K2,C09_SQ_PROXY_ISSUER_EB,2,1,,,,,
2024-09-05,C09_SQ_PROXY_ISSUER_EB_K2,C09_SQ_PROXY_ISSUER_EB,2,2,,,,,
2024-09-06,C09_SQ_PROXY_ISSUER_EB_K2,C09_SQ_PROXY_ISSUER_EB,2,1,,,,,
2024-09-06,C09_SQ_PROXY_ISSUER_EB_K2,C09_SQ_PROXY_ISSUER_EB,2,2,,,,,
2024-09-09,C09_SQ_PROXY_ISSUER_EB_K2,C09_SQ_PROXY_ISSUER_EB,2,1,,,,,
2024-09-09,C09_SQ_PROXY_ISSUER_EB_K2,C09_SQ_PROXY_ISSUER_EB,2,2,,,,,
2024-09-10,C09_SQ_PROXY_ISSUER_EB_K2,C09_SQ_PROXY_ISSUER_EB,2,1,,,,,
2024-09-10,C09_SQ_PROXY_ISSUER_EB_K2,C09_SQ_PROXY_ISSUER_EB,2,2,,,,,
2024-09-11,C09_SQ_PROXY_ISSUER_EB_K2,C09_SQ_PROXY_ISSUER_EB,2,1,,,,,
2024-09-11,C09_SQ_PROXY_ISSUER_EB_K2,C09_SQ_PROXY_ISSUER_EB,2,2,,,,,
2024-09-12,C09_SQ_PROXY_ISSUER_EB_K2,C09_SQ_PROXY_ISSUER_EB,2,1,,,,,
2024-09-12,C09_SQ_PROXY_ISSUER_EB_K2,C09_SQ_PROXY_ISSUER_EB,2,2,,,,,
2024-09-13,C09_SQ_PROXY_ISSUER_EB_K2,C09_SQ_PROXY_ISSUER_EB,2,1,4389,プロパティデータバンク,0.9290906644864854,0.0,0.0
2024-09-13,C09_SQ_PROXY_ISSUER_EB_K2,C09_SQ_PROXY_ISSUER_EB,2,2,3482,ロードスターキャピタル,0.9146309327206691,-0.2666666666666706,0.0
2024-09-17,C09_SQ_PROXY_ISSUER_EB_K2,C09_SQ_PROXY_ISSUER_EB,2,1,,,,,
2024-09-17,C09_SQ_PROXY_ISSUER_EB_K2,C09_SQ_PROXY_ISSUER_EB,2,2,,,,,
2024-09-18,C09_SQ_PROXY_ISSUER_EB_K2,C09_SQ_PROXY_ISSUER_EB,2,1,,,,,
2024-09-18,C09_SQ_PROXY_ISSUER_EB_K2,C09_SQ_PROXY_ISSUER_EB,2,2,,,,,
2024-09-19,C09_SQ_PROXY_ISSUER_EB_K2,C09_SQ_PROXY_ISSUER_EB,2,1,,,,,
2024-09-19,C09_SQ_PROXY_ISSUER_EB_K2,C09_SQ_PROXY_ISSUER_EB,2,2,,,,,
2024-09-20,C09_SQ_PROXY_ISSUER_EB_K2,C09_SQ_PROXY_ISSUER_EB,2,1,,,,,
2024-09-20,C09_SQ_PROXY_ISSUER_EB_K2,C09_SQ_PROXY_ISSUER_EB,2,2,,,,,
2024-09-24,C09_SQ_PROXY_ISSUER_EB_K2,C09_SQ_PROXY_ISSUER_EB,2,1,,,,,
2024-09-24,C09_SQ_PROXY_ISSUER_EB_K2,C09_SQ_PROXY_ISSUER_EB,2,2,,,,,
2024-09-25,C09_SQ_PROXY_ISSUER_EB_K2,C09_SQ_PROXY_ISSUER_EB,2,1,,,,,
2024-09-25,C09_SQ_PROXY_ISSUER_EB_K2,C09_SQ_PROXY_ISSUER_EB,2,2,,,,,
2024-09-26,C09_SQ_PROXY_ISSUER_EB_K2,C09_SQ_PROXY_ISSUER_EB,2,1,,,,,
2024-09-26,C09_SQ_PROXY_ISSUER_EB_K2,C09_SQ_PROXY_ISSUER_EB,2,2,,,,,
2024-09-27,C09_SQ_PROXY_ISSUER_EB_K2,C09_SQ_PROXY_ISSUER_EB,2,1,,,,,
2024-09-27,C09_SQ_PROXY_ISSUER_EB_K2,C09_SQ_PROXY_ISSUER_EB,2,2,,,,,
2024-09-30,C09_SQ_PROXY_ISSUER_EB_K2,C09_SQ_PROXY_ISSUER_EB,2,1,,,,,
2024-09-30,C09_SQ_PROXY_ISSUER_EB_K2,C09_SQ_PROXY_ISSUER_EB,2,2,,,,,
2024-10-01,C09_SQ_PROXY_ISSUER_EB_K2,C09_SQ_PROXY_ISSUER_EB,2,1,,,,,
2024-10-01,C09_SQ_PROXY_ISSUER_EB_K2,C09_SQ_PROXY_ISSUER_EB,2,2,,,,,
2024-10-02,C09_SQ_PROXY_ISSUER_EB_K2,C09_SQ_PROXY_ISSUER_EB,2,1,,,,,
2024-10-02,C09_SQ_PROXY_ISSUER_EB_K2,C09_SQ_PROXY_ISSUER_EB,2,2,,,,,
2024-10-03,C09_SQ_PROXY_ISSUER_EB_K2,C09_SQ_PROXY_ISSUER_EB,2,1,,,,,
2024-10-03,C09_SQ_PROXY_ISSUER_EB_K2,C09_SQ_PROXY_ISSUER_EB,2,2,,,,,
2024-10-04,C09_SQ_PROXY_ISSUER_EB_K2,C09_SQ_PROXY_ISSUER_EB,2,1,,,,,
2024-10-04,C09_SQ_PROXY_ISSUER_EB_K2,C09_SQ_PROXY_ISSUER_EB,2,2,,,,,
2024-10-07,C09_SQ_PROXY_ISSUER_EB_K2,C09_SQ_PROXY_ISSUER_EB,2,1,,,,,
2024-10-07,C09_SQ_PROXY_ISSUER_EB_K2,C09_SQ_PROXY_ISSUER_EB,2,2,,,,,
2024-10-08,C09_SQ_PROXY_ISSUER_EB_K2,C09_SQ_PROXY_ISSUER_EB,2,1,,,,,
2024-10-08,C09_SQ_PROXY_ISSUER_EB_K2,C09_SQ_PROXY_ISSUER_EB,2,2,,,,,
2024-10-09,C09_SQ_PROXY_ISSUER_EB_K2,C09_SQ_PROXY_ISSUER_EB,2,1,,,,,
2024-10-09,C09_SQ_PROXY_ISSUER_EB_K2,C09_SQ_PROXY_ISSUER_EB,2,2,,,,,
2024-10-10,C09_SQ_PROXY_ISSUER_EB_K2,C09_SQ_PROXY_ISSUER_EB,2,1,,,,,
2024-10-10,C09_SQ_PROXY_ISSUER_EB_K2,C09_SQ_PROXY_ISSUER_EB,2,2,,,,,
2024-10-11,C09_SQ_PROXY_ISSUER_EB_K2,C09_SQ_PROXY_ISSUER_EB,2,1,7094,ＮｅｘＴｏｎｅ,0.8467719223907111,1.304090100770594,1.0
2024-10-11,C09_SQ_PROXY_ISSUER_EB_K2,C09_SQ_PROXY_ISSUER_EB,2,2,4389,プロパティデータバンク,0.821024656597687,-0.6879299562226437,0.0
2024-10-15,C09_SQ_PROXY_ISSUER_EB_K2,C09_SQ_PROXY_ISSUER_EB,2,1,,,,,
2024-10-15,C09_SQ_PROXY_ISSUER_EB_K2,C09_SQ_PROXY_ISSUER_EB,2,2,,,,,
2024-10-16,C09_SQ_PROXY_ISSUER_EB_K2,C09_SQ_PROXY_ISSUER_EB,2,1,,,,,
2024-10-16,C09_SQ_PROXY_ISSUER_EB_K2,C09_SQ_PROXY_ISSUER_EB,2,2,,,,,
2024-10-17,C09_SQ_PROXY_ISSUER_EB_K2,C09_SQ_PROXY_ISSUER_EB,2,1,,,,,
2024-10-17,C09_SQ_PROXY_ISSUER_EB_K2,C09_SQ_PROXY_ISSUER_EB,2,2,,,,,
2024-10-18,C09_SQ_PROXY_ISSUER_EB_K2,C09_SQ_PROXY_ISSUER_EB,2,1,,,,,
2024-10-18,C09_SQ_PROXY_ISSUER_EB_K2,C09_SQ_PROXY_ISSUER_EB,2,2,,,,,
2024-10-21,C09_SQ_PROXY_ISSUER_EB_K2,C09_SQ_PROXY_ISSUER_EB,2,1,,,,,
2024-10-21,C09_SQ_PROXY_ISSUER_EB_K2,C09_SQ_PROXY_ISSUER_EB,2,2,,,,,
2024-10-22,C09_SQ_PROXY_ISSUER_EB_K2,C09_SQ_PROXY_ISSUER_EB,2,1,,,,,
2024-10-22,C09_SQ_PROXY_ISSUER_EB_K2,C09_SQ_PROXY_ISSUER_EB,2,2,,,,,
2024-10-23,C09_SQ_PROXY_ISSUER_EB_K2,C09_SQ_PROXY_ISSUER_EB,2,1,,,,,
2024-10-23,C09_SQ_PROXY_ISSUER_EB_K2,C09_SQ_PROXY_ISSUER_EB,2,2,,,,,
2024-10-24,C09_SQ_PROXY_ISSUER_EB_K2,C09_SQ_PROXY_ISSUER_EB,2,1,,,,,
2024-10-24,C09_SQ_PROXY_ISSUER_EB_K2,C09_SQ_PROXY_ISSUER_EB,2,2,,,,,
2024-10-25,C09_SQ_PROXY_ISSUER_EB_K2,C09_SQ_PROXY_ISSUER_EB,2,1,,,,,
2024-10-25,C09_SQ_PROXY_ISSUER_EB_K2,C09_SQ_PROXY_ISSUER_EB,2,2,,,,,
2024-10-28,C09_SQ_PROXY_ISSUER_EB_K2,C09_SQ_PROXY_ISSUER_EB,2,1,,,,,
2024-10-28,C09_SQ_PROXY_ISSUER_EB_K2,C09_SQ_PROXY_ISSUER_EB,2,2,,,,,
2024-10-29,C09_SQ_PROXY_ISSUER_EB_K2,C09_SQ_PROXY_ISSUER_EB,2,1,,,,,
2024-10-29,C09_SQ_PROXY_ISSUER_EB_K2,C09_SQ_PROXY_ISSUER_EB,2,2,,,,,
2024-10-30,C09_SQ_PROXY_ISSUER_EB_K2,C09_SQ_PROXY_ISSUER_EB,2,1,,,,,
2024-10-30,C09_SQ_PROXY_ISSUER_EB_K2,C09_SQ_PROXY_ISSUER_EB,2,2,,,,,
2024-10-31,C09_SQ_PROXY_ISSUER_EB_K2,C09_SQ_PROXY_ISSUER_EB,2,1,,,,,
2024-10-31,C09_SQ_PROXY_ISSUER_EB_K2,C09_SQ_PROXY_ISSUER_EB,2,2,,,,,
2024-11-01,C09_SQ_PROXY_ISSUER_EB_K2,C09_SQ_PROXY_ISSUER_EB,2,1,,,,,
2024-11-01,C09_SQ_PROXY_ISSUER_EB_K2,C09_SQ_PROXY_ISSUER_EB,2,2,,,,,
2024-11-05,C09_SQ_PROXY_ISSUER_EB_K2,C09_SQ_PROXY_ISSUER_EB,2,1,,,,,
2024-11-05,C09_SQ_PROXY_ISSUER_EB_K2,C09_SQ_PROXY_ISSUER_EB,2,2,,,,,
2024-11-06,C09_SQ_PROXY_ISSUER_EB_K2,C09_SQ_PROXY_ISSUER_EB,2,1,,,,,
2024-11-06,C09_SQ_PROXY_ISSUER_EB_K2,C09_SQ_PROXY_ISSUER_EB,2,2,,,,,
2024-11-07,C09_SQ_PROXY_ISSUER_EB_K2,C09_SQ_PROXY_ISSUER_EB,2,1,,,,,
2024-11-07,C09_SQ_PROXY_ISSUER_EB_K2,C09_SQ_PROXY_ISSUER_EB,2,2,,,,,
2024-11-08,C09_SQ_PROXY_ISSUER_EB_K2,C09_SQ_PROXY_ISSUER_EB,2,1,7094,ＮｅｘＴｏｎｅ,0.8199692840320291,-8.147713950762014,0.0
2024-11-08,C09_SQ_PROXY_ISSUER_EB_K2,C09_SQ_PROXY_ISSUER_EB,2,2,4058,トヨクモ,0.7430529941282993,2.0000000000000018,1.0
2024-11-11,C09_SQ_PROXY_ISSUER_EB_K2,C09_SQ_PROXY_ISSUER_EB,2,1,,,,,
2024-11-11,C09_SQ_PROXY_ISSUER_EB_K2,C09_SQ_PROXY_ISSUER_EB,2,2,,,,,
2024-11-12,C09_SQ_PROXY_ISSUER_EB_K2,C09_SQ_PROXY_ISSUER_EB,2,1,,,,,
2024-11-12,C09_SQ_PROXY_ISSUER_EB_K2,C09_SQ_PROXY_ISSUER_EB,2,2,,,,,
2024-11-13,C09_SQ_PROXY_ISSUER_EB_K2,C09_SQ_PROXY_ISSUER_EB,2,1,,,,,
2024-11-13,C09_SQ_PROXY_ISSUER_EB_K2,C09_SQ_PROXY_ISSUER_EB,2,2,,,,,
2024-11-14,C09_SQ_PROXY_ISSUER_EB_K2,C09_SQ_PROXY_ISSUER_EB,2,1,,,,,
2024-11-14,C09_SQ_PROXY_ISSUER_EB_K2,C09_SQ_PROXY_ISSUER_EB,2,2,,,,,
2024-11-15,C09_SQ_PROXY_ISSUER_EB_K2,C09_SQ_PROXY_ISSUER_EB,2,1,,,,,
2024-11-15,C09_SQ_PROXY_ISSUER_EB_K2,C09_SQ_PROXY_ISSUER_EB,2,2,,,,,
2024-11-18,C09_SQ_PROXY_ISSUER_EB_K2,C09_SQ_PROXY_ISSUER_EB,2,1,,,,,
2024-11-18,C09_SQ_PROXY_ISSUER_EB_K2,C09_SQ_PROXY_ISSUER_EB,2,2,,,,,
2024-11-19,C09_SQ_PROXY_ISSUER_EB_K2,C09_SQ_PROXY_ISSUER_EB,2,1,,,,,
2024-11-19,C09_SQ_PROXY_ISSUER_EB_K2,C09_SQ_PROXY_ISSUER_EB,2,2,,,,,
2024-11-20,C09_SQ_PROXY_ISSUER_EB_K2,C09_SQ_PROXY_ISSUER_EB,2,1,,,,,
2024-11-20,C09_SQ_PROXY_ISSUER_EB_K2,C09_SQ_PROXY_ISSUER_EB,2,2,,,,,
2024-11-21,C09_SQ_PROXY_ISSUER_EB_K2,C09_SQ_PROXY_ISSUER_EB,2,1,,,,,
2024-11-21,C09_SQ_PROXY_ISSUER_EB_K2,C09_SQ_PROXY_ISSUER_EB,2,2,,,,,
2024-11-22,C09_SQ_PROXY_ISSUER_EB_K2,C09_SQ_PROXY_ISSUER_EB,2,1,,,,,
2024-11-22,C09_SQ_PROXY_ISSUER_EB_K2,C09_SQ_PROXY_ISSUER_EB,2,2,,,,,
2024-11-25,C09_SQ_PROXY_ISSUER_EB_K2,C09_SQ_PROXY_ISSUER_EB,2,1,,,,,
2024-11-25,C09_SQ_PROXY_ISSUER_EB_K2,C09_SQ_PROXY_ISSUER_EB,2,2,,,,,
2024-11-26,C09_SQ_PROXY_ISSUER_EB_K2,C09_SQ_PROXY_ISSUER_EB,2,1,,,,,
2024-11-26,C09_SQ_PROXY_ISSUER_EB_K2,C09_SQ_PROXY_ISSUER_EB,2,2,,,,,
2024-11-27,C09_SQ_PROXY_ISSUER_EB_K2,C09_SQ_PROXY_ISSUER_EB,2,1,,,,,
2024-11-27,C09_SQ_PROXY_ISSUER_EB_K2,C09_SQ_PROXY_ISSUER_EB,2,2,,,,,
2024-11-28,C09_SQ_PROXY_ISSUER_EB_K2,C09_SQ_PROXY_ISSUER_EB,2,1,,,,,
2024-11-28,C09_SQ_PROXY_ISSUER_EB_K2,C09_SQ_PROXY_ISSUER_EB,2,2,,,,,
2024-11-29,C09_SQ_PROXY_ISSUER_EB_K2,C09_SQ_PROXY_ISSUER_EB,2,1,,,,,
2024-11-29,C09_SQ_PROXY_ISSUER_EB_K2,C09_SQ_PROXY_ISSUER_EB,2,2,,,,,
2024-12-02,C09_SQ_PROXY_ISSUER_EB_K2,C09_SQ_PROXY_ISSUER_EB,2,1,,,,,
2024-12-02,C09_SQ_PROXY_ISSUER_EB_K2,C09_SQ_PROXY_ISSUER_EB,2,2,,,,,
2024-12-03,C09_SQ_PROXY_ISSUER_EB_K2,C09_SQ_PROXY_ISSUER_EB,2,1,,,,,
2024-12-03,C09_SQ_PROXY_ISSUER_EB_K2,C09_SQ_PROXY_ISSUER_EB,2,2,,,,,
2024-12-04,C09_SQ_PROXY_ISSUER_EB_K2,C09_SQ_PROXY_ISSUER_EB,2,1,,,,,
2024-12-04,C09_SQ_PROXY_ISSUER_EB_K2,C09_SQ_PROXY_ISSUER_EB,2,2,,,,,
2024-12-05,C09_SQ_PROXY_ISSUER_EB_K2,C09_SQ_PROXY_ISSUER_EB,2,1,,,,,
2024-12-05,C09_SQ_PROXY_ISSUER_EB_K2,C09_SQ_PROXY_ISSUER_EB,2,2,,,,,
2024-12-06,C09_SQ_PROXY_ISSUER_EB_K2,C09_SQ_PROXY_ISSUER_EB,2,1,,,,,
2024-12-06,C09_SQ_PROXY_ISSUER_EB_K2,C09_SQ_PROXY_ISSUER_EB,2,2,,,,,
2024-12-09,C09_SQ_PROXY_ISSUER_EB_K2,C09_SQ_PROXY_ISSUER_EB,2,1,,,,,
2024-12-09,C09_SQ_PROXY_ISSUER_EB_K2,C09_SQ_PROXY_ISSUER_EB,2,2,,,,,
2024-12-10,C09_SQ_PROXY_ISSUER_EB_K2,C09_SQ_PROXY_ISSUER_EB,2,1,,,,,
2024-12-10,C09_SQ_PROXY_ISSUER_EB_K2,C09_SQ_PROXY_ISSUER_EB,2,2,,,,,
2024-12-11,C09_SQ_PROXY_ISSUER_EB_K2,C09_SQ_PROXY_ISSUER_EB,2,1,,,,,
2024-12-11,C09_SQ_PROXY_ISSUER_EB_K2,C09_SQ_PROXY_ISSUER_EB,2,2,,,,,
2024-12-12,C09_SQ_PROXY_ISSUER_EB_K2,C09_SQ_PROXY_ISSUER_EB,2,1,,,,,
2024-12-12,C09_SQ_PROXY_ISSUER_EB_K2,C09_SQ_PROXY_ISSUER_EB,2,2,,,,,
2024-12-13,C09_SQ_PROXY_ISSUER_EB_K2,C09_SQ_PROXY_ISSUER_EB,2,1,4058,トヨクモ,0.7397324119329565,4.932735426008961,1.0
2024-12-13,C09_SQ_PROXY_ISSUER_EB_K2,C09_SQ_PROXY_ISSUER_EB,2,2,9171,栗林商船,0.6626839956209973,-0.32679738562091387,0.0
2024-12-16,C09_SQ_PROXY_ISSUER_EB_K2,C09_SQ_PROXY_ISSUER_EB,2,1,,,,,
2024-12-16,C09_SQ_PROXY_ISSUER_EB_K2,C09_SQ_PROXY_ISSUER_EB,2,2,,,,,
2024-12-17,C09_SQ_PROXY_ISSUER_EB_K2,C09_SQ_PROXY_ISSUER_EB,2,1,,,,,
2024-12-17,C09_SQ_PROXY_ISSUER_EB_K2,C09_SQ_PROXY_ISSUER_EB,2,2,,,,,
2024-12-18,C09_SQ_PROXY_ISSUER_EB_K2,C09_SQ_PROXY_ISSUER_EB,2,1,,,,,
2024-12-18,C09_SQ_PROXY_ISSUER_EB_K2,C09_SQ_PROXY_ISSUER_EB,2,2,,,,,
2024-12-19,C09_SQ_PROXY_ISSUER_EB_K2,C09_SQ_PROXY_ISSUER_EB,2,1,,,,,
2024-12-19,C09_SQ_PROXY_ISSUER_EB_K2,C09_SQ_PROXY_ISSUER_EB,2,2,,,,,
2024-12-20,C09_SQ_PROXY_ISSUER_EB_K2,C09_SQ_PROXY_ISSUER_EB,2,1,,,,,
2024-12-20,C09_SQ_PROXY_ISSUER_EB_K2,C09_SQ_PROXY_ISSUER_EB,2,2,,,,,
2024-12-23,C09_SQ_PROXY_ISSUER_EB_K2,C09_SQ_PROXY_ISSUER_EB,2,1,,,,,
2024-12-23,C09_SQ_PROXY_ISSUER_EB_K2,C09_SQ_PROXY_ISSUER_EB,2,2,,,,,
2024-12-24,C09_SQ_PROXY_ISSUER_EB_K2,C09_SQ_PROXY_ISSUER_EB,2,1,,,,,
2024-12-24,C09_SQ_PROXY_ISSUER_EB_K2,C09_SQ_PROXY_ISSUER_EB,2,2,,,,,
2024-12-25,C09_SQ_PROXY_ISSUER_EB_K2,C09_SQ_PROXY_ISSUER_EB,2,1,,,,,
2024-12-25,C09_SQ_PROXY_ISSUER_EB_K2,C09_SQ_PROXY_ISSUER_EB,2,2,,,,,
2024-12-26,C09_SQ_PROXY_ISSUER_EB_K2,C09_SQ_PROXY_ISSUER_EB,2,1,,,,,
2024-12-26,C09_SQ_PROXY_ISSUER_EB_K2,C09_SQ_PROXY_ISSUER_EB,2,2,,,,,
2024-12-27,C09_SQ_PROXY_ISSUER_EB_K2,C09_SQ_PROXY_ISSUER_EB,2,1,,,,,
2024-12-27,C09_SQ_PROXY_ISSUER_EB_K2,C09_SQ_PROXY_ISSUER_EB,2,2,,,,,
2024-12-30,C09_SQ_PROXY_ISSUER_EB_K2,C09_SQ_PROXY_ISSUER_EB,2,1,,,,,
2024-12-30,C09_SQ_PROXY_ISSUER_EB_K2,C09_SQ_PROXY_ISSUER_EB,2,2,,,,,
2025-01-06,C09_SQ_PROXY_ISSUER_EB_K2,C09_SQ_PROXY_ISSUER_EB,2,1,,,,,
2025-01-06,C09_SQ_PROXY_ISSUER_EB_K2,C09_SQ_PROXY_ISSUER_EB,2,2,,,,,
2025-01-07,C09_SQ_PROXY_ISSUER_EB_K2,C09_SQ_PROXY_ISSUER_EB,2,1,,,,,
2025-01-07,C09_SQ_PROXY_ISSUER_EB_K2,C09_SQ_PROXY_ISSUER_EB,2,2,,,,,
2025-01-08,C09_SQ_PROXY_ISSUER_EB_K2,C09_SQ_PROXY_ISSUER_EB,2,1,,,,,
2025-01-08,C09_SQ_PROXY_ISSUER_EB_K2,C09_SQ_PROXY_ISSUER_EB,2,2,,,,,
2025-01-09,C09_SQ_PROXY_ISSUER_EB_K2,C09_SQ_PROXY_ISSUER_EB,2,1,,,,,
2025-01-09,C09_SQ_PROXY_ISSUER_EB_K2,C09_SQ_PROXY_ISSUER_EB,2,2,,,,,
2025-01-10,C09_SQ_PROXY_ISSUER_EB_K2,C09_SQ_PROXY_ISSUER_EB,2,1,4058,トヨクモ,0.8921956098080672,1.3959981386691522,1.0
2025-01-10,C09_SQ_PROXY_ISSUER_EB_K2,C09_SQ_PROXY_ISSUER_EB,2,2,2901,ウェルディッシュ,0.6874735150911752,-2.0547945205479423,0.0
2025-01-14,C09_SQ_PROXY_ISSUER_EB_K2,C09_SQ_PROXY_ISSUER_EB,2,1,,,,,
2025-01-14,C09_SQ_PROXY_ISSUER_EB_K2,C09_SQ_PROXY_ISSUER_EB,2,2,,,,,
2025-01-15,C09_SQ_PROXY_ISSUER_EB_K2,C09_SQ_PROXY_ISSUER_EB,2,1,,,,,
2025-01-15,C09_SQ_PROXY_ISSUER_EB_K2,C09_SQ_PROXY_ISSUER_EB,2,2,,,,,
2025-01-16,C09_SQ_PROXY_ISSUER_EB_K2,C09_SQ_PROXY_ISSUER_EB,2,1,,,,,
2025-01-16,C09_SQ_PROXY_ISSUER_EB_K2,C09_SQ_PROXY_ISSUER_EB,2,2,,,,,
2025-01-17,C09_SQ_PROXY_ISSUER_EB_K2,C09_SQ_PROXY_ISSUER_EB,2,1,,,,,
2025-01-17,C09_SQ_PROXY_ISSUER_EB_K2,C09_SQ_PROXY_ISSUER_EB,2,2,,,,,
2025-01-20,C09_SQ_PROXY_ISSUER_EB_K2,C09_SQ_PROXY_ISSUER_EB,2,1,,,,,
2025-01-20,C09_SQ_PROXY_ISSUER_EB_K2,C09_SQ_PROXY_ISSUER_EB,2,2,,,,,
2025-01-21,C09_SQ_PROXY_ISSUER_EB_K2,C09_SQ_PROXY_ISSUER_EB,2,1,,,,,
2025-01-21,C09_SQ_PROXY_ISSUER_EB_K2,C09_SQ_PROXY_ISSUER_EB,2,2,,,,,
2025-01-22,C09_SQ_PROXY_ISSUER_EB_K2,C09_SQ_PROXY_ISSUER_EB,2,1,,,,,
2025-01-22,C09_SQ_PROXY_ISSUER_EB_K2,C09_SQ_PROXY_ISSUER_EB,2,2,,,,,
2025-01-23,C09_SQ_PROXY_ISSUER_EB_K2,C09_SQ_PROXY_ISSUER_EB,2,1,,,,,
2025-01-23,C09_SQ_PROXY_ISSUER_EB_K2,C09_SQ_PROXY_ISSUER_EB,2,2,,,,,
2025-01-24,C09_SQ_PROXY_ISSUER_EB_K2,C09_SQ_PROXY_ISSUER_EB,2,1,,,,,
2025-01-24,C09_SQ_PROXY_ISSUER_EB_K2,C09_SQ_PROXY_ISSUER_EB,2,2,,,,,
2025-01-27,C09_SQ_PROXY_ISSUER_EB_K2,C09_SQ_PROXY_ISSUER_EB,2,1,,,,,
2025-01-27,C09_SQ_PROXY_ISSUER_EB_K2,C09_SQ_PROXY_ISSUER_EB,2,2,,,,,
2025-01-28,C09_SQ_PROXY_ISSUER_EB_K2,C09_SQ_PROXY_ISSUER_EB,2,1,,,,,
2025-01-28,C09_SQ_PROXY_ISSUER_EB_K2,C09_SQ_PROXY_ISSUER_EB,2,2,,,,,
2025-01-29,C09_SQ_PROXY_ISSUER_EB_K2,C09_SQ_PROXY_ISSUER_EB,2,1,,,,,
2025-01-29,C09_SQ_PROXY_ISSUER_EB_K2,C09_SQ_PROXY_ISSUER_EB,2,2,,,,,
2025-01-30,C09_SQ_PROXY_ISSUER_EB_K2,C09_SQ_PROXY_ISSUER_EB,2,1,,,,,
2025-01-30,C09_SQ_PROXY_ISSUER_EB_K2,C09_SQ_PROXY_ISSUER_EB,2,2,,,,,
2025-01-31,C09_SQ_PROXY_ISSUER_EB_K2,C09_SQ_PROXY_ISSUER_EB,2,1,,,,,
2025-01-31,C09_SQ_PROXY_ISSUER_EB_K2,C09_SQ_PROXY_ISSUER_EB,2,2,,,,,
2025-02-03,C09_SQ_PROXY_ISSUER_EB_K2,C09_SQ_PROXY_ISSUER_EB,2,1,,,,,
2025-02-03,C09_SQ_PROXY_ISSUER_EB_K2,C09_SQ_PROXY_ISSUER_EB,2,2,,,,,
2025-02-04,C09_SQ_PROXY_ISSUER_EB_K2,C09_SQ_PROXY_ISSUER_EB,2,1,,,,,
2025-02-04,C09_SQ_PROXY_ISSUER_EB_K2,C09_SQ_PROXY_ISSUER_EB,2,2,,,,,
2025-02-05,C09_SQ_PROXY_ISSUER_EB_K2,C09_SQ_PROXY_ISSUER_EB,2,1,,,,,
2025-02-05,C09_SQ_PROXY_ISSUER_EB_K2,C09_SQ_PROXY_ISSUER_EB,2,2,,,,,
2025-02-06,C09_SQ_PROXY_ISSUER_EB_K2,C09_SQ_PROXY_ISSUER_EB,2,1,,,,,
2025-02-06,C09_SQ_PROXY_ISSUER_EB_K2,C09_SQ_PROXY_ISSUER_EB,2,2,,,,,
2025-02-07,C09_SQ_PROXY_ISSUER_EB_K2,C09_SQ_PROXY_ISSUER_EB,2,1,,,,,
2025-02-07,C09_SQ_PROXY_ISSUER_EB_K2,C09_SQ_PROXY_ISSUER_EB,2,2,,,,,
2025-02-10,C09_SQ_PROXY_ISSUER_EB_K2,C09_SQ_PROXY_ISSUER_EB,2,1,,,,,
2025-02-10,C09_SQ_PROXY_ISSUER_EB_K2,C09_SQ_PROXY_ISSUER_EB,2,2,,,,,
2025-02-12,C09_SQ_PROXY_ISSUER_EB_K2,C09_SQ_PROXY_ISSUER_EB,2,1,,,,,
2025-02-12,C09_SQ_PROXY_ISSUER_EB_K2,C09_SQ_PROXY_ISSUER_EB,2,2,,,,,
2025-02-13,C09_SQ_PROXY_ISSUER_EB_K2,C09_SQ_PROXY_ISSUER_EB,2,1,,,,,
2025-02-13,C09_SQ_PROXY_ISSUER_EB_K2,C09_SQ_PROXY_ISSUER_EB,2,2,,,,,
2025-02-14,C09_SQ_PROXY_ISSUER_EB_K2,C09_SQ_PROXY_ISSUER_EB,2,1,4058,トヨクモ,0.9046800508937187,-0.5032907471931858,0.0
2025-02-14,C09_SQ_PROXY_ISSUER_EB_K2,C09_SQ_PROXY_ISSUER_EB,2,2,2970,グッドライフカンパニー,0.7310432715247743,4.195011337868482,1.0
2025-02-17,C09_SQ_PROXY_ISSUER_EB_K2,C09_SQ_PROXY_ISSUER_EB,2,1,,,,,
2025-02-17,C09_SQ_PROXY_ISSUER_EB_K2,C09_SQ_PROXY_ISSUER_EB,2,2,,,,,
2025-02-18,C09_SQ_PROXY_ISSUER_EB_K2,C09_SQ_PROXY_ISSUER_EB,2,1,,,,,
2025-02-18,C09_SQ_PROXY_ISSUER_EB_K2,C09_SQ_PROXY_ISSUER_EB,2,2,,,,,
2025-02-19,C09_SQ_PROXY_ISSUER_EB_K2,C09_SQ_PROXY_ISSUER_EB,2,1,,,,,
2025-02-19,C09_SQ_PROXY_ISSUER_EB_K2,C09_SQ_PROXY_ISSUER_EB,2,2,,,,,
2025-02-20,C09_SQ_PROXY_ISSUER_EB_K2,C09_SQ_PROXY_ISSUER_EB,2,1,,,,,
2025-02-20,C09_SQ_PROXY_ISSUER_EB_K2,C09_SQ_PROXY_ISSUER_EB,2,2,,,,,
2025-02-21,C09_SQ_PROXY_ISSUER_EB_K2,C09_SQ_PROXY_ISSUER_EB,2,1,,,,,
2025-02-21,C09_SQ_PROXY_ISSUER_EB_K2,C09_SQ_PROXY_ISSUER_EB,2,2,,,,,
2025-02-25,C09_SQ_PROXY_ISSUER_EB_K2,C09_SQ_PROXY_ISSUER_EB,2,1,,,,,
2025-02-25,C09_SQ_PROXY_ISSUER_EB_K2,C09_SQ_PROXY_ISSUER_EB,2,2,,,,,
2025-02-26,C09_SQ_PROXY_ISSUER_EB_K2,C09_SQ_PROXY_ISSUER_EB,2,1,,,,,
2025-02-26,C09_SQ_PROXY_ISSUER_EB_K2,C09_SQ_PROXY_ISSUER_EB,2,2,,,,,
2025-02-27,C09_SQ_PROXY_ISSUER_EB_K2,C09_SQ_PROXY_ISSUER_EB,2,1,,,,,
2025-02-27,C09_SQ_PROXY_ISSUER_EB_K2,C09_SQ_PROXY_ISSUER_EB,2,2,,,,,
2025-02-28,C09_SQ_PROXY_ISSUER_EB_K2,C09_SQ_PROXY_ISSUER_EB,2,1,,,,,
2025-02-28,C09_SQ_PROXY_ISSUER_EB_K2,C09_SQ_PROXY_ISSUER_EB,2,2,,,,,
2025-03-03,C09_SQ_PROXY_ISSUER_EB_K2,C09_SQ_PROXY_ISSUER_EB,2,1,,,,,
2025-03-03,C09_SQ_PROXY_ISSUER_EB_K2,C09_SQ_PROXY_ISSUER_EB,2,2,,,,,
2025-03-04,C09_SQ_PROXY_ISSUER_EB_K2,C09_SQ_PROXY_ISSUER_EB,2,1,,,,,
2025-03-04,C09_SQ_PROXY_ISSUER_EB_K2,C09_SQ_PROXY_ISSUER_EB,2,2,,,,,
2025-03-05,C09_SQ_PROXY_ISSUER_EB_K2,C09_SQ_PROXY_ISSUER_EB,2,1,,,,,
2025-03-05,C09_SQ_PROXY_ISSUER_EB_K2,C09_SQ_PROXY_ISSUER_EB,2,2,,,,,
2025-03-06,C09_SQ_PROXY_ISSUER_EB_K2,C09_SQ_PROXY_ISSUER_EB,2,1,,,,,
2025-03-06,C09_SQ_PROXY_ISSUER_EB_K2,C09_SQ_PROXY_ISSUER_EB,2,2,,,,,
2025-03-07,C09_SQ_PROXY_ISSUER_EB_K2,C09_SQ_PROXY_ISSUER_EB,2,1,,,,,
2025-03-07,C09_SQ_PROXY_ISSUER_EB_K2,C09_SQ_PROXY_ISSUER_EB,2,2,,,,,
2025-03-10,C09_SQ_PROXY_ISSUER_EB_K2,C09_SQ_PROXY_ISSUER_EB,2,1,,,,,
2025-03-10,C09_SQ_PROXY_ISSUER_EB_K2,C09_SQ_PROXY_ISSUER_EB,2,2,,,,,
2025-03-11,C09_SQ_PROXY_ISSUER_EB_K2,C09_SQ_PROXY_ISSUER_EB,2,1,,,,,
2025-03-11,C09_SQ_PROXY_ISSUER_EB_K2,C09_SQ_PROXY_ISSUER_EB,2,2,,,,,
2025-03-12,C09_SQ_PROXY_ISSUER_EB_K2,C09_SQ_PROXY_ISSUER_EB,2,1,,,,,
2025-03-12,C09_SQ_PROXY_ISSUER_EB_K2,C09_SQ_PROXY_ISSUER_EB,2,2,,,,,
2025-03-13,C09_SQ_PROXY_ISSUER_EB_K2,C09_SQ_PROXY_ISSUER_EB,2,1,,,,,
2025-03-13,C09_SQ_PROXY_ISSUER_EB_K2,C09_SQ_PROXY_ISSUER_EB,2,2,,,,,
2025-03-14,C09_SQ_PROXY_ISSUER_EB_K2,C09_SQ_PROXY_ISSUER_EB,2,1,4058,トヨクモ,0.82644225604889,8.090753424657526,1.0
2025-03-14,C09_SQ_PROXY_ISSUER_EB_K2,C09_SQ_PROXY_ISSUER_EB,2,2,9342,スマサポ,0.691147957669712,2.0129403306973437,1.0
2025-03-17,C09_SQ_PROXY_ISSUER_EB_K2,C09_SQ_PROXY_ISSUER_EB,2,1,,,,,
2025-03-17,C09_SQ_PROXY_ISSUER_EB_K2,C09_SQ_PROXY_ISSUER_EB,2,2,,,,,
2025-03-18,C09_SQ_PROXY_ISSUER_EB_K2,C09_SQ_PROXY_ISSUER_EB,2,1,,,,,
2025-03-18,C09_SQ_PROXY_ISSUER_EB_K2,C09_SQ_PROXY_ISSUER_EB,2,2,,,,,
2025-03-19,C09_SQ_PROXY_ISSUER_EB_K2,C09_SQ_PROXY_ISSUER_EB,2,1,,,,,
2025-03-19,C09_SQ_PROXY_ISSUER_EB_K2,C09_SQ_PROXY_ISSUER_EB,2,2,,,,,
2025-03-21,C09_SQ_PROXY_ISSUER_EB_K2,C09_SQ_PROXY_ISSUER_EB,2,1,,,,,
2025-03-21,C09_SQ_PROXY_ISSUER_EB_K2,C09_SQ_PROXY_ISSUER_EB,2,2,,,,,
2025-03-24,C09_SQ_PROXY_ISSUER_EB_K2,C09_SQ_PROXY_ISSUER_EB,2,1,,,,,
2025-03-24,C09_SQ_PROXY_ISSUER_EB_K2,C09_SQ_PROXY_ISSUER_EB,2,2,,,,,
2025-03-25,C09_SQ_PROXY_ISSUER_EB_K2,C09_SQ_PROXY_ISSUER_EB,2,1,,,,,
2025-03-25,C09_SQ_PROXY_ISSUER_EB_K2,C09_SQ_PROXY_ISSUER_EB,2,2,,,,,
2025-03-26,C09_SQ_PROXY_ISSUER_EB_K2,C09_SQ_PROXY_ISSUER_EB,2,1,,,,,
2025-03-26,C09_SQ_PROXY_ISSUER_EB_K2,C09_SQ_PROXY_ISSUER_EB,2,2,,,,,
2025-03-27,C09_SQ_PROXY_ISSUER_EB_K2,C09_SQ_PROXY_ISSUER_EB,2,1,,,,,
2025-03-27,C09_SQ_PROXY_ISSUER_EB_K2,C09_SQ_PROXY_ISSUER_EB,2,2,,,,,
2025-03-28,C09_SQ_PROXY_ISSUER_EB_K2,C09_SQ_PROXY_ISSUER_EB,2,1,,,,,
2025-03-28,C09_SQ_PROXY_ISSUER_EB_K2,C09_SQ_PROXY_ISSUER_EB,2,2,,,,,
2025-03-31,C09_SQ_PROXY_ISSUER_EB_K2,C09_SQ_PROXY_ISSUER_EB,2,1,,,,,
2025-03-31,C09_SQ_PROXY_ISSUER_EB_K2,C09_SQ_PROXY_ISSUER_EB,2,2,,,,,
2025-04-01,C09_SQ_PROXY_ISSUER_EB_K2,C09_SQ_PROXY_ISSUER_EB,2,1,,,,,
2025-04-01,C09_SQ_PROXY_ISSUER_EB_K2,C09_SQ_PROXY_ISSUER_EB,2,2,,,,,
2025-04-02,C09_SQ_PROXY_ISSUER_EB_K2,C09_SQ_PROXY_ISSUER_EB,2,1,,,,,
2025-04-02,C09_SQ_PROXY_ISSUER_EB_K2,C09_SQ_PROXY_ISSUER_EB,2,2,,,,,
2025-04-03,C09_SQ_PROXY_ISSUER_EB_K2,C09_SQ_PROXY_ISSUER_EB,2,1,,,,,
2025-04-03,C09_SQ_PROXY_ISSUER_EB_K2,C09_SQ_PROXY_ISSUER_EB,2,2,,,,,
2025-04-04,C09_SQ_PROXY_ISSUER_EB_K2,C09_SQ_PROXY_ISSUER_EB,2,1,,,,,
2025-04-04,C09_SQ_PROXY_ISSUER_EB_K2,C09_SQ_PROXY_ISSUER_EB,2,2,,,,,
2025-04-07,C09_SQ_PROXY_ISSUER_EB_K2,C09_SQ_PROXY_ISSUER_EB,2,1,,,,,
2025-04-07,C09_SQ_PROXY_ISSUER_EB_K2,C09_SQ_PROXY_ISSUER_EB,2,2,,,,,
2025-04-08,C09_SQ_PROXY_ISSUER_EB_K2,C09_SQ_PROXY_ISSUER_EB,2,1,,,,,
2025-04-08,C09_SQ_PROXY_ISSUER_EB_K2,C09_SQ_PROXY_ISSUER_EB,2,2,,,,,
2025-04-09,C09_SQ_PROXY_ISSUER_EB_K2,C09_SQ_PROXY_ISSUER_EB,2,1,,,,,
2025-04-09,C09_SQ_PROXY_ISSUER_EB_K2,C09_SQ_PROXY_ISSUER_EB,2,2,,,,,
2025-04-10,C09_SQ_PROXY_ISSUER_EB_K2,C09_SQ_PROXY_ISSUER_EB,2,1,,,,,
2025-04-10,C09_SQ_PROXY_ISSUER_EB_K2,C09_SQ_PROXY_ISSUER_EB,2,2,,,,,
2025-04-11,C09_SQ_PROXY_ISSUER_EB_K2,C09_SQ_PROXY_ISSUER_EB,2,1,4075,ブレインズテクノロジー,0.6377264847856187,1.7391304347825987,1.0
2025-04-11,C09_SQ_PROXY_ISSUER_EB_K2,C09_SQ_PROXY_ISSUER_EB,2,2,9913,日邦産業,0.5833053539966749,1.2413793103448256,1.0
2025-04-14,C09_SQ_PROXY_ISSUER_EB_K2,C09_SQ_PROXY_ISSUER_EB,2,1,,,,,
2025-04-14,C09_SQ_PROXY_ISSUER_EB_K2,C09_SQ_PROXY_ISSUER_EB,2,2,,,,,
2025-04-15,C09_SQ_PROXY_ISSUER_EB_K2,C09_SQ_PROXY_ISSUER_EB,2,1,,,,,
2025-04-15,C09_SQ_PROXY_ISSUER_EB_K2,C09_SQ_PROXY_ISSUER_EB,2,2,,,,,
2025-04-16,C09_SQ_PROXY_ISSUER_EB_K2,C09_SQ_PROXY_ISSUER_EB,2,1,,,,,
2025-04-16,C09_SQ_PROXY_ISSUER_EB_K2,C09_SQ_PROXY_ISSUER_EB,2,2,,,,,
2025-04-17,C09_SQ_PROXY_ISSUER_EB_K2,C09_SQ_PROXY_ISSUER_EB,2,1,,,,,
2025-04-17,C09_SQ_PROXY_ISSUER_EB_K2,C09_SQ_PROXY_ISSUER_EB,2,2,,,,,
2025-04-18,C09_SQ_PROXY_ISSUER_EB_K2,C09_SQ_PROXY_ISSUER_EB,2,1,,,,,
2025-04-18,C09_SQ_PROXY_ISSUER_EB_K2,C09_SQ_PROXY_ISSUER_EB,2,2,,,,,
2025-04-21,C09_SQ_PROXY_ISSUER_EB_K2,C09_SQ_PROXY_ISSUER_EB,2,1,,,,,
2025-04-21,C09_SQ_PROXY_ISSUER_EB_K2,C09_SQ_PROXY_ISSUER_EB,2,2,,,,,
2025-04-22,C09_SQ_PROXY_ISSUER_EB_K2,C09_SQ_PROXY_ISSUER_EB,2,1,,,,,
2025-04-22,C09_SQ_PROXY_ISSUER_EB_K2,C09_SQ_PROXY_ISSUER_EB,2,2,,,,,
2025-04-23,C09_SQ_PROXY_ISSUER_EB_K2,C09_SQ_PROXY_ISSUER_EB,2,1,,,,,
2025-04-23,C09_SQ_PROXY_ISSUER_EB_K2,C09_SQ_PROXY_ISSUER_EB,2,2,,,,,
2025-04-24,C09_SQ_PROXY_ISSUER_EB_K2,C09_SQ_PROXY_ISSUER_EB,2,1,,,,,
2025-04-24,C09_SQ_PROXY_ISSUER_EB_K2,C09_SQ_PROXY_ISSUER_EB,2,2,,,,,
2025-04-25,C09_SQ_PROXY_ISSUER_EB_K2,C09_SQ_PROXY_ISSUER_EB,2,1,,,,,
2025-04-25,C09_SQ_PROXY_ISSUER_EB_K2,C09_SQ_PROXY_ISSUER_EB,2,2,,,,,
2025-04-28,C09_SQ_PROXY_ISSUER_EB_K2,C09_SQ_PROXY_ISSUER_EB,2,1,,,,,
2025-04-28,C09_SQ_PROXY_ISSUER_EB_K2,C09_SQ_PROXY_ISSUER_EB,2,2,,,,,
2025-04-30,C09_SQ_PROXY_ISSUER_EB_K2,C09_SQ_PROXY_ISSUER_EB,2,1,,,,,
2025-04-30,C09_SQ_PROXY_ISSUER_EB_K2,C09_SQ_PROXY_ISSUER_EB,2,2,,,,,
2025-05-01,C09_SQ_PROXY_ISSUER_EB_K2,C09_SQ_PROXY_ISSUER_EB,2,1,,,,,
2025-05-01,C09_SQ_PROXY_ISSUER_EB_K2,C09_SQ_PROXY_ISSUER_EB,2,2,,,,,
2025-05-02,C09_SQ_PROXY_ISSUER_EB_K2,C09_SQ_PROXY_ISSUER_EB,2,1,,,,,
2025-05-02,C09_SQ_PROXY_ISSUER_EB_K2,C09_SQ_PROXY_ISSUER_EB,2,2,,,,,
2025-05-07,C09_SQ_PROXY_ISSUER_EB_K2,C09_SQ_PROXY_ISSUER_EB,2,1,,,,,
2025-05-07,C09_SQ_PROXY_ISSUER_EB_K2,C09_SQ_PROXY_ISSUER_EB,2,2,,,,,
2025-05-08,C09_SQ_PROXY_ISSUER_EB_K2,C09_SQ_PROXY_ISSUER_EB,2,1,,,,,
2025-05-08,C09_SQ_PROXY_ISSUER_EB_K2,C09_SQ_PROXY_ISSUER_EB,2,2,,,,,
2025-05-09,C09_SQ_PROXY_ISSUER_EB_K2,C09_SQ_PROXY_ISSUER_EB,2,1,4058,トヨクモ,1.1841703262445167,1.2321144674085849,1.0
2025-05-09,C09_SQ_PROXY_ISSUER_EB_K2,C09_SQ_PROXY_ISSUER_EB,2,2,2970,グッドライフカンパニー,0.9822606039852675,1.0526315789473717,1.0
2025-05-12,C09_SQ_PROXY_ISSUER_EB_K2,C09_SQ_PROXY_ISSUER_EB,2,1,,,,,
2025-05-12,C09_SQ_PROXY_ISSUER_EB_K2,C09_SQ_PROXY_ISSUER_EB,2,2,,,,,
2025-05-13,C09_SQ_PROXY_ISSUER_EB_K2,C09_SQ_PROXY_ISSUER_EB,2,1,,,,,
2025-05-13,C09_SQ_PROXY_ISSUER_EB_K2,C09_SQ_PROXY_ISSUER_EB,2,2,,,,,
2025-05-14,C09_SQ_PROXY_ISSUER_EB_K2,C09_SQ_PROXY_ISSUER_EB,2,1,,,,,
2025-05-14,C09_SQ_PROXY_ISSUER_EB_K2,C09_SQ_PROXY_ISSUER_EB,2,2,,,,,
2025-05-15,C09_SQ_PROXY_ISSUER_EB_K2,C09_SQ_PROXY_ISSUER_EB,2,1,,,,,
2025-05-15,C09_SQ_PROXY_ISSUER_EB_K2,C09_SQ_PROXY_ISSUER_EB,2,2,,,,,
2025-05-16,C09_SQ_PROXY_ISSUER_EB_K2,C09_SQ_PROXY_ISSUER_EB,2,1,,,,,
2025-05-16,C09_SQ_PROXY_ISSUER_EB_K2,C09_SQ_PROXY_ISSUER_EB,2,2,,,,,
2025-05-19,C09_SQ_PROXY_ISSUER_EB_K2,C09_SQ_PROXY_ISSUER_EB,2,1,,,,,
2025-05-19,C09_SQ_PROXY_ISSUER_EB_K2,C09_SQ_PROXY_ISSUER_EB,2,2,,,,,
2025-05-20,C09_SQ_PROXY_ISSUER_EB_K2,C09_SQ_PROXY_ISSUER_EB,2,1,,,,,
2025-05-20,C09_SQ_PROXY_ISSUER_EB_K2,C09_SQ_PROXY_ISSUER_EB,2,2,,,,,
2025-05-21,C09_SQ_PROXY_ISSUER_EB_K2,C09_SQ_PROXY_ISSUER_EB,2,1,,,,,
2025-05-21,C09_SQ_PROXY_ISSUER_EB_K2,C09_SQ_PROXY_ISSUER_EB,2,2,,,,,
2025-05-22,C09_SQ_PROXY_ISSUER_EB_K2,C09_SQ_PROXY_ISSUER_EB,2,1,,,,,
2025-05-22,C09_SQ_PROXY_ISSUER_EB_K2,C09_SQ_PROXY_ISSUER_EB,2,2,,,,,
2025-05-23,C09_SQ_PROXY_ISSUER_EB_K2,C09_SQ_PROXY_ISSUER_EB,2,1,,,,,
2025-05-23,C09_SQ_PROXY_ISSUER_EB_K2,C09_SQ_PROXY_ISSUER_EB,2,2,,,,,
2025-05-26,C09_SQ_PROXY_ISSUER_EB_K2,C09_SQ_PROXY_ISSUER_EB,2,1,,,,,
2025-05-26,C09_SQ_PROXY_ISSUER_EB_K2,C09_SQ_PROXY_ISSUER_EB,2,2,,,,,
2025-05-27,C09_SQ_PROXY_ISSUER_EB_K2,C09_SQ_PROXY_ISSUER_EB,2,1,,,,,
2025-05-27,C09_SQ_PROXY_ISSUER_EB_K2,C09_SQ_PROXY_ISSUER_EB,2,2,,,,,
2025-05-28,C09_SQ_PROXY_ISSUER_EB_K2,C09_SQ_PROXY_ISSUER_EB,2,1,,,,,
2025-05-28,C09_SQ_PROXY_ISSUER_EB_K2,C09_SQ_PROXY_ISSUER_EB,2,2,,,,,
2025-05-29,C09_SQ_PROXY_ISSUER_EB_K2,C09_SQ_PROXY_ISSUER_EB,2,1,,,,,
2025-05-29,C09_SQ_PROXY_ISSUER_EB_K2,C09_SQ_PROXY_ISSUER_EB,2,2,,,,,
2025-05-30,C09_SQ_PROXY_ISSUER_EB_K2,C09_SQ_PROXY_ISSUER_EB,2,1,,,,,
2025-05-30,C09_SQ_PROXY_ISSUER_EB_K2,C09_SQ_PROXY_ISSUER_EB,2,2,,,,,
2025-06-02,C09_SQ_PROXY_ISSUER_EB_K2,C09_SQ_PROXY_ISSUER_EB,2,1,,,,,
2025-06-02,C09_SQ_PROXY_ISSUER_EB_K2,C09_SQ_PROXY_ISSUER_EB,2,2,,,,,
2025-06-03,C09_SQ_PROXY_ISSUER_EB_K2,C09_SQ_PROXY_ISSUER_EB,2,1,,,,,
2025-06-03,C09_SQ_PROXY_ISSUER_EB_K2,C09_SQ_PROXY_ISSUER_EB,2,2,,,,,
2025-06-04,C09_SQ_PROXY_ISSUER_EB_K2,C09_SQ_PROXY_ISSUER_EB,2,1,,,,,
2025-06-04,C09_SQ_PROXY_ISSUER_EB_K2,C09_SQ_PROXY_ISSUER_EB,2,2,,,,,
2025-06-05,C09_SQ_PROXY_ISSUER_EB_K2,C09_SQ_PROXY_ISSUER_EB,2,1,,,,,
2025-06-05,C09_SQ_PROXY_ISSUER_EB_K2,C09_SQ_PROXY_ISSUER_EB,2,2,,,,,
2025-06-06,C09_SQ_PROXY_ISSUER_EB_K2,C09_SQ_PROXY_ISSUER_EB,2,1,,,,,
2025-06-06,C09_SQ_PROXY_ISSUER_EB_K2,C09_SQ_PROXY_ISSUER_EB,2,2,,,,,
2025-06-09,C09_SQ_PROXY_ISSUER_EB_K2,C09_SQ_PROXY_ISSUER_EB,2,1,,,,,
2025-06-09,C09_SQ_PROXY_ISSUER_EB_K2,C09_SQ_PROXY_ISSUER_EB,2,2,,,,,
2025-06-10,C09_SQ_PROXY_ISSUER_EB_K2,C09_SQ_PROXY_ISSUER_EB,2,1,,,,,
2025-06-10,C09_SQ_PROXY_ISSUER_EB_K2,C09_SQ_PROXY_ISSUER_EB,2,2,,,,,
2025-06-11,C09_SQ_PROXY_ISSUER_EB_K2,C09_SQ_PROXY_ISSUER_EB,2,1,,,,,
2025-06-11,C09_SQ_PROXY_ISSUER_EB_K2,C09_SQ_PROXY_ISSUER_EB,2,2,,,,,
2025-06-12,C09_SQ_PROXY_ISSUER_EB_K2,C09_SQ_PROXY_ISSUER_EB,2,1,,,,,
2025-06-12,C09_SQ_PROXY_ISSUER_EB_K2,C09_SQ_PROXY_ISSUER_EB,2,2,,,,,
2025-06-13,C09_SQ_PROXY_ISSUER_EB_K2,C09_SQ_PROXY_ISSUER_EB,2,1,4058,トヨクモ,1.1963579983062327,-4.961240310077519,0.0
2025-06-13,C09_SQ_PROXY_ISSUER_EB_K2,C09_SQ_PROXY_ISSUER_EB,2,2,3987,エコモット,1.0104302133514356,-5.839416058394164,0.0
2025-06-16,C09_SQ_PROXY_ISSUER_EB_K2,C09_SQ_PROXY_ISSUER_EB,2,1,,,,,
2025-06-16,C09_SQ_PROXY_ISSUER_EB_K2,C09_SQ_PROXY_ISSUER_EB,2,2,,,,,
2025-06-17,C09_SQ_PROXY_ISSUER_EB_K2,C09_SQ_PROXY_ISSUER_EB,2,1,,,,,
2025-06-17,C09_SQ_PROXY_ISSUER_EB_K2,C09_SQ_PROXY_ISSUER_EB,2,2,,,,,
2025-06-18,C09_SQ_PROXY_ISSUER_EB_K2,C09_SQ_PROXY_ISSUER_EB,2,1,,,,,
2025-06-18,C09_SQ_PROXY_ISSUER_EB_K2,C09_SQ_PROXY_ISSUER_EB,2,2,,,,,
2025-06-19,C09_SQ_PROXY_ISSUER_EB_K2,C09_SQ_PROXY_ISSUER_EB,2,1,,,,,
2025-06-19,C09_SQ_PROXY_ISSUER_EB_K2,C09_SQ_PROXY_ISSUER_EB,2,2,,,,,
2025-06-20,C09_SQ_PROXY_ISSUER_EB_K2,C09_SQ_PROXY_ISSUER_EB,2,1,,,,,
2025-06-20,C09_SQ_PROXY_ISSUER_EB_K2,C09_SQ_PROXY_ISSUER_EB,2,2,,,,,
2025-06-23,C09_SQ_PROXY_ISSUER_EB_K2,C09_SQ_PROXY_ISSUER_EB,2,1,,,,,
2025-06-23,C09_SQ_PROXY_ISSUER_EB_K2,C09_SQ_PROXY_ISSUER_EB,2,2,,,,,
2025-06-24,C09_SQ_PROXY_ISSUER_EB_K2,C09_SQ_PROXY_ISSUER_EB,2,1,,,,,
2025-06-24,C09_SQ_PROXY_ISSUER_EB_K2,C09_SQ_PROXY_ISSUER_EB,2,2,,,,,
2025-06-25,C09_SQ_PROXY_ISSUER_EB_K2,C09_SQ_PROXY_ISSUER_EB,2,1,,,,,
2025-06-25,C09_SQ_PROXY_ISSUER_EB_K2,C09_SQ_PROXY_ISSUER_EB,2,2,,,,,
2025-06-26,C09_SQ_PROXY_ISSUER_EB_K2,C09_SQ_PROXY_ISSUER_EB,2,1,,,,,
2025-06-26,C09_SQ_PROXY_ISSUER_EB_K2,C09_SQ_PROXY_ISSUER_EB,2,2,,,,,
2025-06-27,C09_SQ_PROXY_ISSUER_EB_K2,C09_SQ_PROXY_ISSUER_EB,2,1,,,,,
2025-06-27,C09_SQ_PROXY_ISSUER_EB_K2,C09_SQ_PROXY_ISSUER_EB,2,2,,,,,
2025-06-30,C09_SQ_PROXY_ISSUER_EB_K2,C09_SQ_PROXY_ISSUER_EB,2,1,,,,,
2025-06-30,C09_SQ_PROXY_ISSUER_EB_K2,C09_SQ_PROXY_ISSUER_EB,2,2,,,,,
2025-07-01,C09_SQ_PROXY_ISSUER_EB_K2,C09_SQ_PROXY_ISSUER_EB,2,1,,,,,
2025-07-01,C09_SQ_PROXY_ISSUER_EB_K2,C09_SQ_PROXY_ISSUER_EB,2,2,,,,,
2025-07-02,C09_SQ_PROXY_ISSUER_EB_K2,C09_SQ_PROXY_ISSUER_EB,2,1,,,,,
2025-07-02,C09_SQ_PROXY_ISSUER_EB_K2,C09_SQ_PROXY_ISSUER_EB,2,2,,,,,
2025-07-03,C09_SQ_PROXY_ISSUER_EB_K2,C09_SQ_PROXY_ISSUER_EB,2,1,,,,,
2025-07-03,C09_SQ_PROXY_ISSUER_EB_K2,C09_SQ_PROXY_ISSUER_EB,2,2,,,,,
2025-07-04,C09_SQ_PROXY_ISSUER_EB_K2,C09_SQ_PROXY_ISSUER_EB,2,1,,,,,
2025-07-04,C09_SQ_PROXY_ISSUER_EB_K2,C09_SQ_PROXY_ISSUER_EB,2,2,,,,,
2025-07-07,C09_SQ_PROXY_ISSUER_EB_K2,C09_SQ_PROXY_ISSUER_EB,2,1,,,,,
2025-07-07,C09_SQ_PROXY_ISSUER_EB_K2,C09_SQ_PROXY_ISSUER_EB,2,2,,,,,
2025-07-08,C09_SQ_PROXY_ISSUER_EB_K2,C09_SQ_PROXY_ISSUER_EB,2,1,,,,,
2025-07-08,C09_SQ_PROXY_ISSUER_EB_K2,C09_SQ_PROXY_ISSUER_EB,2,2,,,,,
2025-07-09,C09_SQ_PROXY_ISSUER_EB_K2,C09_SQ_PROXY_ISSUER_EB,2,1,,,,,
2025-07-09,C09_SQ_PROXY_ISSUER_EB_K2,C09_SQ_PROXY_ISSUER_EB,2,2,,,,,
2025-07-10,C09_SQ_PROXY_ISSUER_EB_K2,C09_SQ_PROXY_ISSUER_EB,2,1,,,,,
2025-07-10,C09_SQ_PROXY_ISSUER_EB_K2,C09_SQ_PROXY_ISSUER_EB,2,2,,,,,
2025-07-11,C09_SQ_PROXY_ISSUER_EB_K2,C09_SQ_PROXY_ISSUER_EB,2,1,4058,トヨクモ,0.9738731068495495,1.3114754098360715,1.0
2025-07-11,C09_SQ_PROXY_ISSUER_EB_K2,C09_SQ_PROXY_ISSUER_EB,2,2,6533,Ｏｒｃｈｅｓｔｒａ Ｈｏｌｄｉｎｇｓ,0.8382996624278363,-0.28901734104046506,0.0
2025-07-14,C09_SQ_PROXY_ISSUER_EB_K2,C09_SQ_PROXY_ISSUER_EB,2,1,,,,,
2025-07-14,C09_SQ_PROXY_ISSUER_EB_K2,C09_SQ_PROXY_ISSUER_EB,2,2,,,,,
2025-07-15,C09_SQ_PROXY_ISSUER_EB_K2,C09_SQ_PROXY_ISSUER_EB,2,1,,,,,
2025-07-15,C09_SQ_PROXY_ISSUER_EB_K2,C09_SQ_PROXY_ISSUER_EB,2,2,,,,,
2025-07-16,C09_SQ_PROXY_ISSUER_EB_K2,C09_SQ_PROXY_ISSUER_EB,2,1,,,,,
2025-07-16,C09_SQ_PROXY_ISSUER_EB_K2,C09_SQ_PROXY_ISSUER_EB,2,2,,,,,
2025-07-17,C09_SQ_PROXY_ISSUER_EB_K2,C09_SQ_PROXY_ISSUER_EB,2,1,,,,,
2025-07-17,C09_SQ_PROXY_ISSUER_EB_K2,C09_SQ_PROXY_ISSUER_EB,2,2,,,,,
2025-07-18,C09_SQ_PROXY_ISSUER_EB_K2,C09_SQ_PROXY_ISSUER_EB,2,1,,,,,
2025-07-18,C09_SQ_PROXY_ISSUER_EB_K2,C09_SQ_PROXY_ISSUER_EB,2,2,,,,,
2025-07-22,C09_SQ_PROXY_ISSUER_EB_K2,C09_SQ_PROXY_ISSUER_EB,2,1,,,,,
2025-07-22,C09_SQ_PROXY_ISSUER_EB_K2,C09_SQ_PROXY_ISSUER_EB,2,2,,,,,
2025-07-23,C09_SQ_PROXY_ISSUER_EB_K2,C09_SQ_PROXY_ISSUER_EB,2,1,,,,,
2025-07-23,C09_SQ_PROXY_ISSUER_EB_K2,C09_SQ_PROXY_ISSUER_EB,2,2,,,,,
2025-07-24,C09_SQ_PROXY_ISSUER_EB_K2,C09_SQ_PROXY_ISSUER_EB,2,1,,,,,
2025-07-24,C09_SQ_PROXY_ISSUER_EB_K2,C09_SQ_PROXY_ISSUER_EB,2,2,,,,,
2025-07-25,C09_SQ_PROXY_ISSUER_EB_K2,C09_SQ_PROXY_ISSUER_EB,2,1,,,,,
2025-07-25,C09_SQ_PROXY_ISSUER_EB_K2,C09_SQ_PROXY_ISSUER_EB,2,2,,,,,
2025-07-28,C09_SQ_PROXY_ISSUER_EB_K2,C09_SQ_PROXY_ISSUER_EB,2,1,,,,,
2025-07-28,C09_SQ_PROXY_ISSUER_EB_K2,C09_SQ_PROXY_ISSUER_EB,2,2,,,,,
2025-07-29,C09_SQ_PROXY_ISSUER_EB_K2,C09_SQ_PROXY_ISSUER_EB,2,1,,,,,
2025-07-29,C09_SQ_PROXY_ISSUER_EB_K2,C09_SQ_PROXY_ISSUER_EB,2,2,,,,,
2025-07-30,C09_SQ_PROXY_ISSUER_EB_K2,C09_SQ_PROXY_ISSUER_EB,2,1,,,,,
2025-07-30,C09_SQ_PROXY_ISSUER_EB_K2,C09_SQ_PROXY_ISSUER_EB,2,2,,,,,
2025-07-31,C09_SQ_PROXY_ISSUER_EB_K2,C09_SQ_PROXY_ISSUER_EB,2,1,,,,,
2025-07-31,C09_SQ_PROXY_ISSUER_EB_K2,C09_SQ_PROXY_ISSUER_EB,2,2,,,,,
2024-07-01,C10_EARNINGS_SEASON_TDNET_FAMILY_K1,C10_EARNINGS_SEASON_TDNET_FAMILY,1,1,,,,,
2024-07-02,C10_EARNINGS_SEASON_TDNET_FAMILY_K1,C10_EARNINGS_SEASON_TDNET_FAMILY,1,1,,,,,
2024-07-03,C10_EARNINGS_SEASON_TDNET_FAMILY_K1,C10_EARNINGS_SEASON_TDNET_FAMILY,1,1,,,,,
2024-07-04,C10_EARNINGS_SEASON_TDNET_FAMILY_K1,C10_EARNINGS_SEASON_TDNET_FAMILY,1,1,,,,,
2024-07-05,C10_EARNINGS_SEASON_TDNET_FAMILY_K1,C10_EARNINGS_SEASON_TDNET_FAMILY,1,1,,,,,
2024-07-08,C10_EARNINGS_SEASON_TDNET_FAMILY_K1,C10_EARNINGS_SEASON_TDNET_FAMILY,1,1,,,,,
2024-07-09,C10_EARNINGS_SEASON_TDNET_FAMILY_K1,C10_EARNINGS_SEASON_TDNET_FAMILY,1,1,,,,,
2024-07-10,C10_EARNINGS_SEASON_TDNET_FAMILY_K1,C10_EARNINGS_SEASON_TDNET_FAMILY,1,1,,,,,
2024-07-11,C10_EARNINGS_SEASON_TDNET_FAMILY_K1,C10_EARNINGS_SEASON_TDNET_FAMILY,1,1,,,,,
2024-07-12,C10_EARNINGS_SEASON_TDNET_FAMILY_K1,C10_EARNINGS_SEASON_TDNET_FAMILY,1,1,,,,,
2024-07-16,C10_EARNINGS_SEASON_TDNET_FAMILY_K1,C10_EARNINGS_SEASON_TDNET_FAMILY,1,1,,,,,
2024-07-17,C10_EARNINGS_SEASON_TDNET_FAMILY_K1,C10_EARNINGS_SEASON_TDNET_FAMILY,1,1,,,,,
2024-07-18,C10_EARNINGS_SEASON_TDNET_FAMILY_K1,C10_EARNINGS_SEASON_TDNET_FAMILY,1,1,,,,,
2024-07-19,C10_EARNINGS_SEASON_TDNET_FAMILY_K1,C10_EARNINGS_SEASON_TDNET_FAMILY,1,1,,,,,
2024-07-22,C10_EARNINGS_SEASON_TDNET_FAMILY_K1,C10_EARNINGS_SEASON_TDNET_FAMILY,1,1,,,,,
2024-07-23,C10_EARNINGS_SEASON_TDNET_FAMILY_K1,C10_EARNINGS_SEASON_TDNET_FAMILY,1,1,,,,,
2024-07-24,C10_EARNINGS_SEASON_TDNET_FAMILY_K1,C10_EARNINGS_SEASON_TDNET_FAMILY,1,1,,,,,
2024-07-25,C10_EARNINGS_SEASON_TDNET_FAMILY_K1,C10_EARNINGS_SEASON_TDNET_FAMILY,1,1,,,,,
2024-07-26,C10_EARNINGS_SEASON_TDNET_FAMILY_K1,C10_EARNINGS_SEASON_TDNET_FAMILY,1,1,,,,,
2024-07-29,C10_EARNINGS_SEASON_TDNET_FAMILY_K1,C10_EARNINGS_SEASON_TDNET_FAMILY,1,1,,,,,
2024-07-30,C10_EARNINGS_SEASON_TDNET_FAMILY_K1,C10_EARNINGS_SEASON_TDNET_FAMILY,1,1,,,,,
2024-07-31,C10_EARNINGS_SEASON_TDNET_FAMILY_K1,C10_EARNINGS_SEASON_TDNET_FAMILY,1,1,,,,,
2024-08-01,C10_EARNINGS_SEASON_TDNET_FAMILY_K1,C10_EARNINGS_SEASON_TDNET_FAMILY,1,1,,,,,
2024-08-02,C10_EARNINGS_SEASON_TDNET_FAMILY_K1,C10_EARNINGS_SEASON_TDNET_FAMILY,1,1,,,,,
2024-08-05,C10_EARNINGS_SEASON_TDNET_FAMILY_K1,C10_EARNINGS_SEASON_TDNET_FAMILY,1,1,,,,,
2024-08-06,C10_EARNINGS_SEASON_TDNET_FAMILY_K1,C10_EARNINGS_SEASON_TDNET_FAMILY,1,1,,,,,
2024-08-07,C10_EARNINGS_SEASON_TDNET_FAMILY_K1,C10_EARNINGS_SEASON_TDNET_FAMILY,1,1,,,,,
2024-08-08,C10_EARNINGS_SEASON_TDNET_FAMILY_K1,C10_EARNINGS_SEASON_TDNET_FAMILY,1,1,,,,,
2024-08-09,C10_EARNINGS_SEASON_TDNET_FAMILY_K1,C10_EARNINGS_SEASON_TDNET_FAMILY,1,1,,,,,
2024-08-13,C10_EARNINGS_SEASON_TDNET_FAMILY_K1,C10_EARNINGS_SEASON_TDNET_FAMILY,1,1,,,,,
2024-08-14,C10_EARNINGS_SEASON_TDNET_FAMILY_K1,C10_EARNINGS_SEASON_TDNET_FAMILY,1,1,,,,,
2024-08-15,C10_EARNINGS_SEASON_TDNET_FAMILY_K1,C10_EARNINGS_SEASON_TDNET_FAMILY,1,1,,,,,
2024-08-16,C10_EARNINGS_SEASON_TDNET_FAMILY_K1,C10_EARNINGS_SEASON_TDNET_FAMILY,1,1,,,,,
2024-08-19,C10_EARNINGS_SEASON_TDNET_FAMILY_K1,C10_EARNINGS_SEASON_TDNET_FAMILY,1,1,,,,,
2024-08-20,C10_EARNINGS_SEASON_TDNET_FAMILY_K1,C10_EARNINGS_SEASON_TDNET_FAMILY,1,1,,,,,
2024-08-21,C10_EARNINGS_SEASON_TDNET_FAMILY_K1,C10_EARNINGS_SEASON_TDNET_FAMILY,1,1,,,,,
2024-08-22,C10_EARNINGS_SEASON_TDNET_FAMILY_K1,C10_EARNINGS_SEASON_TDNET_FAMILY,1,1,,,,,
2024-08-23,C10_EARNINGS_SEASON_TDNET_FAMILY_K1,C10_EARNINGS_SEASON_TDNET_FAMILY,1,1,,,,,
2024-08-26,C10_EARNINGS_SEASON_TDNET_FAMILY_K1,C10_EARNINGS_SEASON_TDNET_FAMILY,1,1,,,,,
2024-08-27,C10_EARNINGS_SEASON_TDNET_FAMILY_K1,C10_EARNINGS_SEASON_TDNET_FAMILY,1,1,,,,,
2024-08-28,C10_EARNINGS_SEASON_TDNET_FAMILY_K1,C10_EARNINGS_SEASON_TDNET_FAMILY,1,1,,,,,
2024-08-29,C10_EARNINGS_SEASON_TDNET_FAMILY_K1,C10_EARNINGS_SEASON_TDNET_FAMILY,1,1,,,,,
2024-08-30,C10_EARNINGS_SEASON_TDNET_FAMILY_K1,C10_EARNINGS_SEASON_TDNET_FAMILY,1,1,,,,,
2024-09-02,C10_EARNINGS_SEASON_TDNET_FAMILY_K1,C10_EARNINGS_SEASON_TDNET_FAMILY,1,1,,,,,
2024-09-03,C10_EARNINGS_SEASON_TDNET_FAMILY_K1,C10_EARNINGS_SEASON_TDNET_FAMILY,1,1,,,,,
2024-09-04,C10_EARNINGS_SEASON_TDNET_FAMILY_K1,C10_EARNINGS_SEASON_TDNET_FAMILY,1,1,,,,,
2024-09-05,C10_EARNINGS_SEASON_TDNET_FAMILY_K1,C10_EARNINGS_SEASON_TDNET_FAMILY,1,1,,,,,
2024-09-06,C10_EARNINGS_SEASON_TDNET_FAMILY_K1,C10_EARNINGS_SEASON_TDNET_FAMILY,1,1,,,,,
2024-09-09,C10_EARNINGS_SEASON_TDNET_FAMILY_K1,C10_EARNINGS_SEASON_TDNET_FAMILY,1,1,,,,,
2024-09-10,C10_EARNINGS_SEASON_TDNET_FAMILY_K1,C10_EARNINGS_SEASON_TDNET_FAMILY,1,1,,,,,
2024-09-11,C10_EARNINGS_SEASON_TDNET_FAMILY_K1,C10_EARNINGS_SEASON_TDNET_FAMILY,1,1,,,,,
2024-09-12,C10_EARNINGS_SEASON_TDNET_FAMILY_K1,C10_EARNINGS_SEASON_TDNET_FAMILY,1,1,,,,,
2024-09-13,C10_EARNINGS_SEASON_TDNET_FAMILY_K1,C10_EARNINGS_SEASON_TDNET_FAMILY,1,1,,,,,
2024-09-17,C10_EARNINGS_SEASON_TDNET_FAMILY_K1,C10_EARNINGS_SEASON_TDNET_FAMILY,1,1,,,,,
2024-09-18,C10_EARNINGS_SEASON_TDNET_FAMILY_K1,C10_EARNINGS_SEASON_TDNET_FAMILY,1,1,,,,,
2024-09-19,C10_EARNINGS_SEASON_TDNET_FAMILY_K1,C10_EARNINGS_SEASON_TDNET_FAMILY,1,1,,,,,
2024-09-20,C10_EARNINGS_SEASON_TDNET_FAMILY_K1,C10_EARNINGS_SEASON_TDNET_FAMILY,1,1,,,,,
2024-09-24,C10_EARNINGS_SEASON_TDNET_FAMILY_K1,C10_EARNINGS_SEASON_TDNET_FAMILY,1,1,,,,,
2024-09-25,C10_EARNINGS_SEASON_TDNET_FAMILY_K1,C10_EARNINGS_SEASON_TDNET_FAMILY,1,1,,,,,
2024-09-26,C10_EARNINGS_SEASON_TDNET_FAMILY_K1,C10_EARNINGS_SEASON_TDNET_FAMILY,1,1,,,,,
2024-09-27,C10_EARNINGS_SEASON_TDNET_FAMILY_K1,C10_EARNINGS_SEASON_TDNET_FAMILY,1,1,,,,,
2024-09-30,C10_EARNINGS_SEASON_TDNET_FAMILY_K1,C10_EARNINGS_SEASON_TDNET_FAMILY,1,1,,,,,
2024-10-01,C10_EARNINGS_SEASON_TDNET_FAMILY_K1,C10_EARNINGS_SEASON_TDNET_FAMILY,1,1,,,,,
2024-10-02,C10_EARNINGS_SEASON_TDNET_FAMILY_K1,C10_EARNINGS_SEASON_TDNET_FAMILY,1,1,,,,,
2024-10-03,C10_EARNINGS_SEASON_TDNET_FAMILY_K1,C10_EARNINGS_SEASON_TDNET_FAMILY,1,1,,,,,
2024-10-04,C10_EARNINGS_SEASON_TDNET_FAMILY_K1,C10_EARNINGS_SEASON_TDNET_FAMILY,1,1,,,,,
2024-10-07,C10_EARNINGS_SEASON_TDNET_FAMILY_K1,C10_EARNINGS_SEASON_TDNET_FAMILY,1,1,,,,,
2024-10-08,C10_EARNINGS_SEASON_TDNET_FAMILY_K1,C10_EARNINGS_SEASON_TDNET_FAMILY,1,1,,,,,
2024-10-09,C10_EARNINGS_SEASON_TDNET_FAMILY_K1,C10_EARNINGS_SEASON_TDNET_FAMILY,1,1,,,,,
2024-10-10,C10_EARNINGS_SEASON_TDNET_FAMILY_K1,C10_EARNINGS_SEASON_TDNET_FAMILY,1,1,,,,,
2024-10-11,C10_EARNINGS_SEASON_TDNET_FAMILY_K1,C10_EARNINGS_SEASON_TDNET_FAMILY,1,1,,,,,
2024-10-15,C10_EARNINGS_SEASON_TDNET_FAMILY_K1,C10_EARNINGS_SEASON_TDNET_FAMILY,1,1,,,,,
2024-10-16,C10_EARNINGS_SEASON_TDNET_FAMILY_K1,C10_EARNINGS_SEASON_TDNET_FAMILY,1,1,,,,,
2024-10-17,C10_EARNINGS_SEASON_TDNET_FAMILY_K1,C10_EARNINGS_SEASON_TDNET_FAMILY,1,1,,,,,
2024-10-18,C10_EARNINGS_SEASON_TDNET_FAMILY_K1,C10_EARNINGS_SEASON_TDNET_FAMILY,1,1,,,,,
2024-10-21,C10_EARNINGS_SEASON_TDNET_FAMILY_K1,C10_EARNINGS_SEASON_TDNET_FAMILY,1,1,,,,,
2024-10-22,C10_EARNINGS_SEASON_TDNET_FAMILY_K1,C10_EARNINGS_SEASON_TDNET_FAMILY,1,1,,,,,
2024-10-23,C10_EARNINGS_SEASON_TDNET_FAMILY_K1,C10_EARNINGS_SEASON_TDNET_FAMILY,1,1,,,,,
2024-10-24,C10_EARNINGS_SEASON_TDNET_FAMILY_K1,C10_EARNINGS_SEASON_TDNET_FAMILY,1,1,,,,,
2024-10-25,C10_EARNINGS_SEASON_TDNET_FAMILY_K1,C10_EARNINGS_SEASON_TDNET_FAMILY,1,1,,,,,
2024-10-28,C10_EARNINGS_SEASON_TDNET_FAMILY_K1,C10_EARNINGS_SEASON_TDNET_FAMILY,1,1,,,,,
2024-10-29,C10_EARNINGS_SEASON_TDNET_FAMILY_K1,C10_EARNINGS_SEASON_TDNET_FAMILY,1,1,,,,,
2024-10-30,C10_EARNINGS_SEASON_TDNET_FAMILY_K1,C10_EARNINGS_SEASON_TDNET_FAMILY,1,1,,,,,
2024-10-31,C10_EARNINGS_SEASON_TDNET_FAMILY_K1,C10_EARNINGS_SEASON_TDNET_FAMILY,1,1,,,,,
2024-11-01,C10_EARNINGS_SEASON_TDNET_FAMILY_K1,C10_EARNINGS_SEASON_TDNET_FAMILY,1,1,,,,,
2024-11-05,C10_EARNINGS_SEASON_TDNET_FAMILY_K1,C10_EARNINGS_SEASON_TDNET_FAMILY,1,1,,,,,
2024-11-06,C10_EARNINGS_SEASON_TDNET_FAMILY_K1,C10_EARNINGS_SEASON_TDNET_FAMILY,1,1,,,,,
2024-11-07,C10_EARNINGS_SEASON_TDNET_FAMILY_K1,C10_EARNINGS_SEASON_TDNET_FAMILY,1,1,,,,,
2024-11-08,C10_EARNINGS_SEASON_TDNET_FAMILY_K1,C10_EARNINGS_SEASON_TDNET_FAMILY,1,1,,,,,
2024-11-11,C10_EARNINGS_SEASON_TDNET_FAMILY_K1,C10_EARNINGS_SEASON_TDNET_FAMILY,1,1,,,,,
2024-11-12,C10_EARNINGS_SEASON_TDNET_FAMILY_K1,C10_EARNINGS_SEASON_TDNET_FAMILY,1,1,,,,,
2024-11-13,C10_EARNINGS_SEASON_TDNET_FAMILY_K1,C10_EARNINGS_SEASON_TDNET_FAMILY,1,1,,,,,
2024-11-14,C10_EARNINGS_SEASON_TDNET_FAMILY_K1,C10_EARNINGS_SEASON_TDNET_FAMILY,1,1,,,,,
2024-11-15,C10_EARNINGS_SEASON_TDNET_FAMILY_K1,C10_EARNINGS_SEASON_TDNET_FAMILY,1,1,,,,,
2024-11-18,C10_EARNINGS_SEASON_TDNET_FAMILY_K1,C10_EARNINGS_SEASON_TDNET_FAMILY,1,1,,,,,
2024-11-19,C10_EARNINGS_SEASON_TDNET_FAMILY_K1,C10_EARNINGS_SEASON_TDNET_FAMILY,1,1,,,,,
2024-11-20,C10_EARNINGS_SEASON_TDNET_FAMILY_K1,C10_EARNINGS_SEASON_TDNET_FAMILY,1,1,,,,,
2024-11-21,C10_EARNINGS_SEASON_TDNET_FAMILY_K1,C10_EARNINGS_SEASON_TDNET_FAMILY,1,1,,,,,
2024-11-22,C10_EARNINGS_SEASON_TDNET_FAMILY_K1,C10_EARNINGS_SEASON_TDNET_FAMILY,1,1,,,,,
2024-11-25,C10_EARNINGS_SEASON_TDNET_FAMILY_K1,C10_EARNINGS_SEASON_TDNET_FAMILY,1,1,,,,,
2024-11-26,C10_EARNINGS_SEASON_TDNET_FAMILY_K1,C10_EARNINGS_SEASON_TDNET_FAMILY,1,1,,,,,
2024-11-27,C10_EARNINGS_SEASON_TDNET_FAMILY_K1,C10_EARNINGS_SEASON_TDNET_FAMILY,1,1,,,,,
2024-11-28,C10_EARNINGS_SEASON_TDNET_FAMILY_K1,C10_EARNINGS_SEASON_TDNET_FAMILY,1,1,,,,,
2024-11-29,C10_EARNINGS_SEASON_TDNET_FAMILY_K1,C10_EARNINGS_SEASON_TDNET_FAMILY,1,1,,,,,
2024-12-02,C10_EARNINGS_SEASON_TDNET_FAMILY_K1,C10_EARNINGS_SEASON_TDNET_FAMILY,1,1,,,,,
2024-12-03,C10_EARNINGS_SEASON_TDNET_FAMILY_K1,C10_EARNINGS_SEASON_TDNET_FAMILY,1,1,,,,,
2024-12-04,C10_EARNINGS_SEASON_TDNET_FAMILY_K1,C10_EARNINGS_SEASON_TDNET_FAMILY,1,1,,,,,
2024-12-05,C10_EARNINGS_SEASON_TDNET_FAMILY_K1,C10_EARNINGS_SEASON_TDNET_FAMILY,1,1,,,,,
2024-12-06,C10_EARNINGS_SEASON_TDNET_FAMILY_K1,C10_EARNINGS_SEASON_TDNET_FAMILY,1,1,,,,,
2024-12-09,C10_EARNINGS_SEASON_TDNET_FAMILY_K1,C10_EARNINGS_SEASON_TDNET_FAMILY,1,1,,,,,
2024-12-10,C10_EARNINGS_SEASON_TDNET_FAMILY_K1,C10_EARNINGS_SEASON_TDNET_FAMILY,1,1,,,,,
2024-12-11,C10_EARNINGS_SEASON_TDNET_FAMILY_K1,C10_EARNINGS_SEASON_TDNET_FAMILY,1,1,,,,,
2024-12-12,C10_EARNINGS_SEASON_TDNET_FAMILY_K1,C10_EARNINGS_SEASON_TDNET_FAMILY,1,1,,,,,
2024-12-13,C10_EARNINGS_SEASON_TDNET_FAMILY_K1,C10_EARNINGS_SEASON_TDNET_FAMILY,1,1,,,,,
2024-12-16,C10_EARNINGS_SEASON_TDNET_FAMILY_K1,C10_EARNINGS_SEASON_TDNET_FAMILY,1,1,,,,,
2024-12-17,C10_EARNINGS_SEASON_TDNET_FAMILY_K1,C10_EARNINGS_SEASON_TDNET_FAMILY,1,1,,,,,
2024-12-18,C10_EARNINGS_SEASON_TDNET_FAMILY_K1,C10_EARNINGS_SEASON_TDNET_FAMILY,1,1,,,,,
2024-12-19,C10_EARNINGS_SEASON_TDNET_FAMILY_K1,C10_EARNINGS_SEASON_TDNET_FAMILY,1,1,,,,,
2024-12-20,C10_EARNINGS_SEASON_TDNET_FAMILY_K1,C10_EARNINGS_SEASON_TDNET_FAMILY,1,1,,,,,
2024-12-23,C10_EARNINGS_SEASON_TDNET_FAMILY_K1,C10_EARNINGS_SEASON_TDNET_FAMILY,1,1,,,,,
2024-12-24,C10_EARNINGS_SEASON_TDNET_FAMILY_K1,C10_EARNINGS_SEASON_TDNET_FAMILY,1,1,,,,,
2024-12-25,C10_EARNINGS_SEASON_TDNET_FAMILY_K1,C10_EARNINGS_SEASON_TDNET_FAMILY,1,1,,,,,
2024-12-26,C10_EARNINGS_SEASON_TDNET_FAMILY_K1,C10_EARNINGS_SEASON_TDNET_FAMILY,1,1,,,,,
2024-12-27,C10_EARNINGS_SEASON_TDNET_FAMILY_K1,C10_EARNINGS_SEASON_TDNET_FAMILY,1,1,,,,,
2024-12-30,C10_EARNINGS_SEASON_TDNET_FAMILY_K1,C10_EARNINGS_SEASON_TDNET_FAMILY,1,1,,,,,
2025-01-06,C10_EARNINGS_SEASON_TDNET_FAMILY_K1,C10_EARNINGS_SEASON_TDNET_FAMILY,1,1,,,,,
2025-01-07,C10_EARNINGS_SEASON_TDNET_FAMILY_K1,C10_EARNINGS_SEASON_TDNET_FAMILY,1,1,,,,,
2025-01-08,C10_EARNINGS_SEASON_TDNET_FAMILY_K1,C10_EARNINGS_SEASON_TDNET_FAMILY,1,1,,,,,
2025-01-09,C10_EARNINGS_SEASON_TDNET_FAMILY_K1,C10_EARNINGS_SEASON_TDNET_FAMILY,1,1,,,,,
2025-01-10,C10_EARNINGS_SEASON_TDNET_FAMILY_K1,C10_EARNINGS_SEASON_TDNET_FAMILY,1,1,,,,,
2025-01-14,C10_EARNINGS_SEASON_TDNET_FAMILY_K1,C10_EARNINGS_SEASON_TDNET_FAMILY,1,1,,,,,
2025-01-15,C10_EARNINGS_SEASON_TDNET_FAMILY_K1,C10_EARNINGS_SEASON_TDNET_FAMILY,1,1,,,,,
2025-01-16,C10_EARNINGS_SEASON_TDNET_FAMILY_K1,C10_EARNINGS_SEASON_TDNET_FAMILY,1,1,,,,,
2025-01-17,C10_EARNINGS_SEASON_TDNET_FAMILY_K1,C10_EARNINGS_SEASON_TDNET_FAMILY,1,1,,,,,
2025-01-20,C10_EARNINGS_SEASON_TDNET_FAMILY_K1,C10_EARNINGS_SEASON_TDNET_FAMILY,1,1,,,,,
2025-01-21,C10_EARNINGS_SEASON_TDNET_FAMILY_K1,C10_EARNINGS_SEASON_TDNET_FAMILY,1,1,,,,,
2025-01-22,C10_EARNINGS_SEASON_TDNET_FAMILY_K1,C10_EARNINGS_SEASON_TDNET_FAMILY,1,1,,,,,
2025-01-23,C10_EARNINGS_SEASON_TDNET_FAMILY_K1,C10_EARNINGS_SEASON_TDNET_FAMILY,1,1,,,,,
2025-01-24,C10_EARNINGS_SEASON_TDNET_FAMILY_K1,C10_EARNINGS_SEASON_TDNET_FAMILY,1,1,,,,,
2025-01-27,C10_EARNINGS_SEASON_TDNET_FAMILY_K1,C10_EARNINGS_SEASON_TDNET_FAMILY,1,1,,,,,
2025-01-28,C10_EARNINGS_SEASON_TDNET_FAMILY_K1,C10_EARNINGS_SEASON_TDNET_FAMILY,1,1,,,,,
2025-01-29,C10_EARNINGS_SEASON_TDNET_FAMILY_K1,C10_EARNINGS_SEASON_TDNET_FAMILY,1,1,,,,,
2025-01-30,C10_EARNINGS_SEASON_TDNET_FAMILY_K1,C10_EARNINGS_SEASON_TDNET_FAMILY,1,1,,,,,
2025-01-31,C10_EARNINGS_SEASON_TDNET_FAMILY_K1,C10_EARNINGS_SEASON_TDNET_FAMILY,1,1,,,,,
2025-02-03,C10_EARNINGS_SEASON_TDNET_FAMILY_K1,C10_EARNINGS_SEASON_TDNET_FAMILY,1,1,,,,,
2025-02-04,C10_EARNINGS_SEASON_TDNET_FAMILY_K1,C10_EARNINGS_SEASON_TDNET_FAMILY,1,1,,,,,
2025-02-05,C10_EARNINGS_SEASON_TDNET_FAMILY_K1,C10_EARNINGS_SEASON_TDNET_FAMILY,1,1,,,,,
2025-02-06,C10_EARNINGS_SEASON_TDNET_FAMILY_K1,C10_EARNINGS_SEASON_TDNET_FAMILY,1,1,,,,,
2025-02-07,C10_EARNINGS_SEASON_TDNET_FAMILY_K1,C10_EARNINGS_SEASON_TDNET_FAMILY,1,1,,,,,
2025-02-10,C10_EARNINGS_SEASON_TDNET_FAMILY_K1,C10_EARNINGS_SEASON_TDNET_FAMILY,1,1,,,,,
2025-02-12,C10_EARNINGS_SEASON_TDNET_FAMILY_K1,C10_EARNINGS_SEASON_TDNET_FAMILY,1,1,,,,,
2025-02-13,C10_EARNINGS_SEASON_TDNET_FAMILY_K1,C10_EARNINGS_SEASON_TDNET_FAMILY,1,1,,,,,
2025-02-14,C10_EARNINGS_SEASON_TDNET_FAMILY_K1,C10_EARNINGS_SEASON_TDNET_FAMILY,1,1,,,,,
2025-02-17,C10_EARNINGS_SEASON_TDNET_FAMILY_K1,C10_EARNINGS_SEASON_TDNET_FAMILY,1,1,,,,,
2025-02-18,C10_EARNINGS_SEASON_TDNET_FAMILY_K1,C10_EARNINGS_SEASON_TDNET_FAMILY,1,1,,,,,
2025-02-19,C10_EARNINGS_SEASON_TDNET_FAMILY_K1,C10_EARNINGS_SEASON_TDNET_FAMILY,1,1,,,,,
2025-02-20,C10_EARNINGS_SEASON_TDNET_FAMILY_K1,C10_EARNINGS_SEASON_TDNET_FAMILY,1,1,,,,,
2025-02-21,C10_EARNINGS_SEASON_TDNET_FAMILY_K1,C10_EARNINGS_SEASON_TDNET_FAMILY,1,1,,,,,
2025-02-25,C10_EARNINGS_SEASON_TDNET_FAMILY_K1,C10_EARNINGS_SEASON_TDNET_FAMILY,1,1,,,,,
2025-02-26,C10_EARNINGS_SEASON_TDNET_FAMILY_K1,C10_EARNINGS_SEASON_TDNET_FAMILY,1,1,,,,,
2025-02-27,C10_EARNINGS_SEASON_TDNET_FAMILY_K1,C10_EARNINGS_SEASON_TDNET_FAMILY,1,1,,,,,
2025-02-28,C10_EARNINGS_SEASON_TDNET_FAMILY_K1,C10_EARNINGS_SEASON_TDNET_FAMILY,1,1,,,,,
2025-03-03,C10_EARNINGS_SEASON_TDNET_FAMILY_K1,C10_EARNINGS_SEASON_TDNET_FAMILY,1,1,,,,,
2025-03-04,C10_EARNINGS_SEASON_TDNET_FAMILY_K1,C10_EARNINGS_SEASON_TDNET_FAMILY,1,1,,,,,
2025-03-05,C10_EARNINGS_SEASON_TDNET_FAMILY_K1,C10_EARNINGS_SEASON_TDNET_FAMILY,1,1,,,,,
2025-03-06,C10_EARNINGS_SEASON_TDNET_FAMILY_K1,C10_EARNINGS_SEASON_TDNET_FAMILY,1,1,,,,,
2025-03-07,C10_EARNINGS_SEASON_TDNET_FAMILY_K1,C10_EARNINGS_SEASON_TDNET_FAMILY,1,1,,,,,
2025-03-10,C10_EARNINGS_SEASON_TDNET_FAMILY_K1,C10_EARNINGS_SEASON_TDNET_FAMILY,1,1,,,,,
2025-03-11,C10_EARNINGS_SEASON_TDNET_FAMILY_K1,C10_EARNINGS_SEASON_TDNET_FAMILY,1,1,,,,,
2025-03-12,C10_EARNINGS_SEASON_TDNET_FAMILY_K1,C10_EARNINGS_SEASON_TDNET_FAMILY,1,1,,,,,
2025-03-13,C10_EARNINGS_SEASON_TDNET_FAMILY_K1,C10_EARNINGS_SEASON_TDNET_FAMILY,1,1,,,,,
2025-03-14,C10_EARNINGS_SEASON_TDNET_FAMILY_K1,C10_EARNINGS_SEASON_TDNET_FAMILY,1,1,,,,,
2025-03-17,C10_EARNINGS_SEASON_TDNET_FAMILY_K1,C10_EARNINGS_SEASON_TDNET_FAMILY,1,1,,,,,
2025-03-18,C10_EARNINGS_SEASON_TDNET_FAMILY_K1,C10_EARNINGS_SEASON_TDNET_FAMILY,1,1,,,,,
2025-03-19,C10_EARNINGS_SEASON_TDNET_FAMILY_K1,C10_EARNINGS_SEASON_TDNET_FAMILY,1,1,,,,,
2025-03-21,C10_EARNINGS_SEASON_TDNET_FAMILY_K1,C10_EARNINGS_SEASON_TDNET_FAMILY,1,1,,,,,
2025-03-24,C10_EARNINGS_SEASON_TDNET_FAMILY_K1,C10_EARNINGS_SEASON_TDNET_FAMILY,1,1,,,,,
2025-03-25,C10_EARNINGS_SEASON_TDNET_FAMILY_K1,C10_EARNINGS_SEASON_TDNET_FAMILY,1,1,,,,,
2025-03-26,C10_EARNINGS_SEASON_TDNET_FAMILY_K1,C10_EARNINGS_SEASON_TDNET_FAMILY,1,1,,,,,
2025-03-27,C10_EARNINGS_SEASON_TDNET_FAMILY_K1,C10_EARNINGS_SEASON_TDNET_FAMILY,1,1,,,,,
2025-03-28,C10_EARNINGS_SEASON_TDNET_FAMILY_K1,C10_EARNINGS_SEASON_TDNET_FAMILY,1,1,,,,,
2025-03-31,C10_EARNINGS_SEASON_TDNET_FAMILY_K1,C10_EARNINGS_SEASON_TDNET_FAMILY,1,1,,,,,
2025-04-01,C10_EARNINGS_SEASON_TDNET_FAMILY_K1,C10_EARNINGS_SEASON_TDNET_FAMILY,1,1,,,,,
2025-04-02,C10_EARNINGS_SEASON_TDNET_FAMILY_K1,C10_EARNINGS_SEASON_TDNET_FAMILY,1,1,,,,,
2025-04-03,C10_EARNINGS_SEASON_TDNET_FAMILY_K1,C10_EARNINGS_SEASON_TDNET_FAMILY,1,1,,,,,
2025-04-04,C10_EARNINGS_SEASON_TDNET_FAMILY_K1,C10_EARNINGS_SEASON_TDNET_FAMILY,1,1,,,,,
2025-04-07,C10_EARNINGS_SEASON_TDNET_FAMILY_K1,C10_EARNINGS_SEASON_TDNET_FAMILY,1,1,,,,,
2025-04-08,C10_EARNINGS_SEASON_TDNET_FAMILY_K1,C10_EARNINGS_SEASON_TDNET_FAMILY,1,1,,,,,
2025-04-09,C10_EARNINGS_SEASON_TDNET_FAMILY_K1,C10_EARNINGS_SEASON_TDNET_FAMILY,1,1,,,,,
2025-04-10,C10_EARNINGS_SEASON_TDNET_FAMILY_K1,C10_EARNINGS_SEASON_TDNET_FAMILY,1,1,,,,,
2025-04-11,C10_EARNINGS_SEASON_TDNET_FAMILY_K1,C10_EARNINGS_SEASON_TDNET_FAMILY,1,1,,,,,
2025-04-14,C10_EARNINGS_SEASON_TDNET_FAMILY_K1,C10_EARNINGS_SEASON_TDNET_FAMILY,1,1,,,,,
2025-04-15,C10_EARNINGS_SEASON_TDNET_FAMILY_K1,C10_EARNINGS_SEASON_TDNET_FAMILY,1,1,,,,,
2025-04-16,C10_EARNINGS_SEASON_TDNET_FAMILY_K1,C10_EARNINGS_SEASON_TDNET_FAMILY,1,1,,,,,
2025-04-17,C10_EARNINGS_SEASON_TDNET_FAMILY_K1,C10_EARNINGS_SEASON_TDNET_FAMILY,1,1,,,,,
2025-04-18,C10_EARNINGS_SEASON_TDNET_FAMILY_K1,C10_EARNINGS_SEASON_TDNET_FAMILY,1,1,,,,,
2025-04-21,C10_EARNINGS_SEASON_TDNET_FAMILY_K1,C10_EARNINGS_SEASON_TDNET_FAMILY,1,1,,,,,
2025-04-22,C10_EARNINGS_SEASON_TDNET_FAMILY_K1,C10_EARNINGS_SEASON_TDNET_FAMILY,1,1,,,,,
2025-04-23,C10_EARNINGS_SEASON_TDNET_FAMILY_K1,C10_EARNINGS_SEASON_TDNET_FAMILY,1,1,,,,,
2025-04-24,C10_EARNINGS_SEASON_TDNET_FAMILY_K1,C10_EARNINGS_SEASON_TDNET_FAMILY,1,1,,,,,
2025-04-25,C10_EARNINGS_SEASON_TDNET_FAMILY_K1,C10_EARNINGS_SEASON_TDNET_FAMILY,1,1,,,,,
2025-04-28,C10_EARNINGS_SEASON_TDNET_FAMILY_K1,C10_EARNINGS_SEASON_TDNET_FAMILY,1,1,,,,,
2025-04-30,C10_EARNINGS_SEASON_TDNET_FAMILY_K1,C10_EARNINGS_SEASON_TDNET_FAMILY,1,1,,,,,
2025-05-01,C10_EARNINGS_SEASON_TDNET_FAMILY_K1,C10_EARNINGS_SEASON_TDNET_FAMILY,1,1,2158,ＦＲＯＮＴＥＯ,0.458112970153064,0.16694490818029983,1.0
2025-05-02,C10_EARNINGS_SEASON_TDNET_FAMILY_K1,C10_EARNINGS_SEASON_TDNET_FAMILY,1,1,,,,,
2025-05-07,C10_EARNINGS_SEASON_TDNET_FAMILY_K1,C10_EARNINGS_SEASON_TDNET_FAMILY,1,1,,,,,
2025-05-08,C10_EARNINGS_SEASON_TDNET_FAMILY_K1,C10_EARNINGS_SEASON_TDNET_FAMILY,1,1,,,,,
2025-05-09,C10_EARNINGS_SEASON_TDNET_FAMILY_K1,C10_EARNINGS_SEASON_TDNET_FAMILY,1,1,,,,,
2025-05-12,C10_EARNINGS_SEASON_TDNET_FAMILY_K1,C10_EARNINGS_SEASON_TDNET_FAMILY,1,1,,,,,
2025-05-13,C10_EARNINGS_SEASON_TDNET_FAMILY_K1,C10_EARNINGS_SEASON_TDNET_FAMILY,1,1,,,,,
2025-05-14,C10_EARNINGS_SEASON_TDNET_FAMILY_K1,C10_EARNINGS_SEASON_TDNET_FAMILY,1,1,,,,,
2025-05-15,C10_EARNINGS_SEASON_TDNET_FAMILY_K1,C10_EARNINGS_SEASON_TDNET_FAMILY,1,1,,,,,
2025-05-16,C10_EARNINGS_SEASON_TDNET_FAMILY_K1,C10_EARNINGS_SEASON_TDNET_FAMILY,1,1,,,,,
2025-05-19,C10_EARNINGS_SEASON_TDNET_FAMILY_K1,C10_EARNINGS_SEASON_TDNET_FAMILY,1,1,,,,,
2025-05-20,C10_EARNINGS_SEASON_TDNET_FAMILY_K1,C10_EARNINGS_SEASON_TDNET_FAMILY,1,1,,,,,
2025-05-21,C10_EARNINGS_SEASON_TDNET_FAMILY_K1,C10_EARNINGS_SEASON_TDNET_FAMILY,1,1,,,,,
2025-05-22,C10_EARNINGS_SEASON_TDNET_FAMILY_K1,C10_EARNINGS_SEASON_TDNET_FAMILY,1,1,,,,,
2025-05-23,C10_EARNINGS_SEASON_TDNET_FAMILY_K1,C10_EARNINGS_SEASON_TDNET_FAMILY,1,1,,,,,
2025-05-26,C10_EARNINGS_SEASON_TDNET_FAMILY_K1,C10_EARNINGS_SEASON_TDNET_FAMILY,1,1,,,,,
2025-05-27,C10_EARNINGS_SEASON_TDNET_FAMILY_K1,C10_EARNINGS_SEASON_TDNET_FAMILY,1,1,,,,,
2025-05-28,C10_EARNINGS_SEASON_TDNET_FAMILY_K1,C10_EARNINGS_SEASON_TDNET_FAMILY,1,1,,,,,
2025-05-29,C10_EARNINGS_SEASON_TDNET_FAMILY_K1,C10_EARNINGS_SEASON_TDNET_FAMILY,1,1,,,,,
2025-05-30,C10_EARNINGS_SEASON_TDNET_FAMILY_K1,C10_EARNINGS_SEASON_TDNET_FAMILY,1,1,,,,,
2025-06-02,C10_EARNINGS_SEASON_TDNET_FAMILY_K1,C10_EARNINGS_SEASON_TDNET_FAMILY,1,1,,,,,
2025-06-03,C10_EARNINGS_SEASON_TDNET_FAMILY_K1,C10_EARNINGS_SEASON_TDNET_FAMILY,1,1,,,,,
2025-06-04,C10_EARNINGS_SEASON_TDNET_FAMILY_K1,C10_EARNINGS_SEASON_TDNET_FAMILY,1,1,,,,,
2025-06-05,C10_EARNINGS_SEASON_TDNET_FAMILY_K1,C10_EARNINGS_SEASON_TDNET_FAMILY,1,1,,,,,
2025-06-06,C10_EARNINGS_SEASON_TDNET_FAMILY_K1,C10_EARNINGS_SEASON_TDNET_FAMILY,1,1,,,,,
2025-06-09,C10_EARNINGS_SEASON_TDNET_FAMILY_K1,C10_EARNINGS_SEASON_TDNET_FAMILY,1,1,,,,,
2025-06-10,C10_EARNINGS_SEASON_TDNET_FAMILY_K1,C10_EARNINGS_SEASON_TDNET_FAMILY,1,1,,,,,
2025-06-11,C10_EARNINGS_SEASON_TDNET_FAMILY_K1,C10_EARNINGS_SEASON_TDNET_FAMILY,1,1,,,,,
2025-06-12,C10_EARNINGS_SEASON_TDNET_FAMILY_K1,C10_EARNINGS_SEASON_TDNET_FAMILY,1,1,,,,,
2025-06-13,C10_EARNINGS_SEASON_TDNET_FAMILY_K1,C10_EARNINGS_SEASON_TDNET_FAMILY,1,1,,,,,
2025-06-16,C10_EARNINGS_SEASON_TDNET_FAMILY_K1,C10_EARNINGS_SEASON_TDNET_FAMILY,1,1,,,,,
2025-06-17,C10_EARNINGS_SEASON_TDNET_FAMILY_K1,C10_EARNINGS_SEASON_TDNET_FAMILY,1,1,,,,,
2025-06-18,C10_EARNINGS_SEASON_TDNET_FAMILY_K1,C10_EARNINGS_SEASON_TDNET_FAMILY,1,1,,,,,
2025-06-19,C10_EARNINGS_SEASON_TDNET_FAMILY_K1,C10_EARNINGS_SEASON_TDNET_FAMILY,1,1,,,,,
2025-06-20,C10_EARNINGS_SEASON_TDNET_FAMILY_K1,C10_EARNINGS_SEASON_TDNET_FAMILY,1,1,,,,,
2025-06-23,C10_EARNINGS_SEASON_TDNET_FAMILY_K1,C10_EARNINGS_SEASON_TDNET_FAMILY,1,1,,,,,
2025-06-24,C10_EARNINGS_SEASON_TDNET_FAMILY_K1,C10_EARNINGS_SEASON_TDNET_FAMILY,1,1,,,,,
2025-06-25,C10_EARNINGS_SEASON_TDNET_FAMILY_K1,C10_EARNINGS_SEASON_TDNET_FAMILY,1,1,,,,,
2025-06-26,C10_EARNINGS_SEASON_TDNET_FAMILY_K1,C10_EARNINGS_SEASON_TDNET_FAMILY,1,1,,,,,
2025-06-27,C10_EARNINGS_SEASON_TDNET_FAMILY_K1,C10_EARNINGS_SEASON_TDNET_FAMILY,1,1,,,,,
2025-06-30,C10_EARNINGS_SEASON_TDNET_FAMILY_K1,C10_EARNINGS_SEASON_TDNET_FAMILY,1,1,,,,,
2025-07-01,C10_EARNINGS_SEASON_TDNET_FAMILY_K1,C10_EARNINGS_SEASON_TDNET_FAMILY,1,1,,,,,
2025-07-02,C10_EARNINGS_SEASON_TDNET_FAMILY_K1,C10_EARNINGS_SEASON_TDNET_FAMILY,1,1,,,,,
2025-07-03,C10_EARNINGS_SEASON_TDNET_FAMILY_K1,C10_EARNINGS_SEASON_TDNET_FAMILY,1,1,,,,,
2025-07-04,C10_EARNINGS_SEASON_TDNET_FAMILY_K1,C10_EARNINGS_SEASON_TDNET_FAMILY,1,1,,,,,
2025-07-07,C10_EARNINGS_SEASON_TDNET_FAMILY_K1,C10_EARNINGS_SEASON_TDNET_FAMILY,1,1,,,,,
2025-07-08,C10_EARNINGS_SEASON_TDNET_FAMILY_K1,C10_EARNINGS_SEASON_TDNET_FAMILY,1,1,,,,,
2025-07-09,C10_EARNINGS_SEASON_TDNET_FAMILY_K1,C10_EARNINGS_SEASON_TDNET_FAMILY,1,1,,,,,
2025-07-10,C10_EARNINGS_SEASON_TDNET_FAMILY_K1,C10_EARNINGS_SEASON_TDNET_FAMILY,1,1,,,,,
2025-07-11,C10_EARNINGS_SEASON_TDNET_FAMILY_K1,C10_EARNINGS_SEASON_TDNET_FAMILY,1,1,,,,,
2025-07-14,C10_EARNINGS_SEASON_TDNET_FAMILY_K1,C10_EARNINGS_SEASON_TDNET_FAMILY,1,1,,,,,
2025-07-15,C10_EARNINGS_SEASON_TDNET_FAMILY_K1,C10_EARNINGS_SEASON_TDNET_FAMILY,1,1,,,,,
2025-07-16,C10_EARNINGS_SEASON_TDNET_FAMILY_K1,C10_EARNINGS_SEASON_TDNET_FAMILY,1,1,,,,,
2025-07-17,C10_EARNINGS_SEASON_TDNET_FAMILY_K1,C10_EARNINGS_SEASON_TDNET_FAMILY,1,1,,,,,
2025-07-18,C10_EARNINGS_SEASON_TDNET_FAMILY_K1,C10_EARNINGS_SEASON_TDNET_FAMILY,1,1,,,,,
2025-07-22,C10_EARNINGS_SEASON_TDNET_FAMILY_K1,C10_EARNINGS_SEASON_TDNET_FAMILY,1,1,,,,,
2025-07-23,C10_EARNINGS_SEASON_TDNET_FAMILY_K1,C10_EARNINGS_SEASON_TDNET_FAMILY,1,1,,,,,
2025-07-24,C10_EARNINGS_SEASON_TDNET_FAMILY_K1,C10_EARNINGS_SEASON_TDNET_FAMILY,1,1,,,,,
2025-07-25,C10_EARNINGS_SEASON_TDNET_FAMILY_K1,C10_EARNINGS_SEASON_TDNET_FAMILY,1,1,,,,,
2025-07-28,C10_EARNINGS_SEASON_TDNET_FAMILY_K1,C10_EARNINGS_SEASON_TDNET_FAMILY,1,1,,,,,
2025-07-29,C10_EARNINGS_SEASON_TDNET_FAMILY_K1,C10_EARNINGS_SEASON_TDNET_FAMILY,1,1,,,,,
2025-07-30,C10_EARNINGS_SEASON_TDNET_FAMILY_K1,C10_EARNINGS_SEASON_TDNET_FAMILY,1,1,,,,,
2025-07-31,C10_EARNINGS_SEASON_TDNET_FAMILY_K1,C10_EARNINGS_SEASON_TDNET_FAMILY,1,1,,,,,
2024-07-01,C10_EARNINGS_SEASON_TDNET_FAMILY_K2,C10_EARNINGS_SEASON_TDNET_FAMILY,2,1,,,,,
2024-07-01,C10_EARNINGS_SEASON_TDNET_FAMILY_K2,C10_EARNINGS_SEASON_TDNET_FAMILY,2,2,,,,,
2024-07-02,C10_EARNINGS_SEASON_TDNET_FAMILY_K2,C10_EARNINGS_SEASON_TDNET_FAMILY,2,1,,,,,
2024-07-02,C10_EARNINGS_SEASON_TDNET_FAMILY_K2,C10_EARNINGS_SEASON_TDNET_FAMILY,2,2,,,,,
2024-07-03,C10_EARNINGS_SEASON_TDNET_FAMILY_K2,C10_EARNINGS_SEASON_TDNET_FAMILY,2,1,,,,,
2024-07-03,C10_EARNINGS_SEASON_TDNET_FAMILY_K2,C10_EARNINGS_SEASON_TDNET_FAMILY,2,2,,,,,
2024-07-04,C10_EARNINGS_SEASON_TDNET_FAMILY_K2,C10_EARNINGS_SEASON_TDNET_FAMILY,2,1,,,,,
2024-07-04,C10_EARNINGS_SEASON_TDNET_FAMILY_K2,C10_EARNINGS_SEASON_TDNET_FAMILY,2,2,,,,,
2024-07-05,C10_EARNINGS_SEASON_TDNET_FAMILY_K2,C10_EARNINGS_SEASON_TDNET_FAMILY,2,1,,,,,
2024-07-05,C10_EARNINGS_SEASON_TDNET_FAMILY_K2,C10_EARNINGS_SEASON_TDNET_FAMILY,2,2,,,,,
2024-07-08,C10_EARNINGS_SEASON_TDNET_FAMILY_K2,C10_EARNINGS_SEASON_TDNET_FAMILY,2,1,,,,,
2024-07-08,C10_EARNINGS_SEASON_TDNET_FAMILY_K2,C10_EARNINGS_SEASON_TDNET_FAMILY,2,2,,,,,
2024-07-09,C10_EARNINGS_SEASON_TDNET_FAMILY_K2,C10_EARNINGS_SEASON_TDNET_FAMILY,2,1,,,,,
2024-07-09,C10_EARNINGS_SEASON_TDNET_FAMILY_K2,C10_EARNINGS_SEASON_TDNET_FAMILY,2,2,,,,,
2024-07-10,C10_EARNINGS_SEASON_TDNET_FAMILY_K2,C10_EARNINGS_SEASON_TDNET_FAMILY,2,1,,,,,
2024-07-10,C10_EARNINGS_SEASON_TDNET_FAMILY_K2,C10_EARNINGS_SEASON_TDNET_FAMILY,2,2,,,,,
2024-07-11,C10_EARNINGS_SEASON_TDNET_FAMILY_K2,C10_EARNINGS_SEASON_TDNET_FAMILY,2,1,,,,,
2024-07-11,C10_EARNINGS_SEASON_TDNET_FAMILY_K2,C10_EARNINGS_SEASON_TDNET_FAMILY,2,2,,,,,
2024-07-12,C10_EARNINGS_SEASON_TDNET_FAMILY_K2,C10_EARNINGS_SEASON_TDNET_FAMILY,2,1,,,,,
2024-07-12,C10_EARNINGS_SEASON_TDNET_FAMILY_K2,C10_EARNINGS_SEASON_TDNET_FAMILY,2,2,,,,,
2024-07-16,C10_EARNINGS_SEASON_TDNET_FAMILY_K2,C10_EARNINGS_SEASON_TDNET_FAMILY,2,1,,,,,
2024-07-16,C10_EARNINGS_SEASON_TDNET_FAMILY_K2,C10_EARNINGS_SEASON_TDNET_FAMILY,2,2,,,,,
2024-07-17,C10_EARNINGS_SEASON_TDNET_FAMILY_K2,C10_EARNINGS_SEASON_TDNET_FAMILY,2,1,,,,,
2024-07-17,C10_EARNINGS_SEASON_TDNET_FAMILY_K2,C10_EARNINGS_SEASON_TDNET_FAMILY,2,2,,,,,
2024-07-18,C10_EARNINGS_SEASON_TDNET_FAMILY_K2,C10_EARNINGS_SEASON_TDNET_FAMILY,2,1,,,,,
2024-07-18,C10_EARNINGS_SEASON_TDNET_FAMILY_K2,C10_EARNINGS_SEASON_TDNET_FAMILY,2,2,,,,,
2024-07-19,C10_EARNINGS_SEASON_TDNET_FAMILY_K2,C10_EARNINGS_SEASON_TDNET_FAMILY,2,1,,,,,
2024-07-19,C10_EARNINGS_SEASON_TDNET_FAMILY_K2,C10_EARNINGS_SEASON_TDNET_FAMILY,2,2,,,,,
2024-07-22,C10_EARNINGS_SEASON_TDNET_FAMILY_K2,C10_EARNINGS_SEASON_TDNET_FAMILY,2,1,,,,,
2024-07-22,C10_EARNINGS_SEASON_TDNET_FAMILY_K2,C10_EARNINGS_SEASON_TDNET_FAMILY,2,2,,,,,
2024-07-23,C10_EARNINGS_SEASON_TDNET_FAMILY_K2,C10_EARNINGS_SEASON_TDNET_FAMILY,2,1,,,,,
2024-07-23,C10_EARNINGS_SEASON_TDNET_FAMILY_K2,C10_EARNINGS_SEASON_TDNET_FAMILY,2,2,,,,,
2024-07-24,C10_EARNINGS_SEASON_TDNET_FAMILY_K2,C10_EARNINGS_SEASON_TDNET_FAMILY,2,1,,,,,
2024-07-24,C10_EARNINGS_SEASON_TDNET_FAMILY_K2,C10_EARNINGS_SEASON_TDNET_FAMILY,2,2,,,,,
2024-07-25,C10_EARNINGS_SEASON_TDNET_FAMILY_K2,C10_EARNINGS_SEASON_TDNET_FAMILY,2,1,,,,,
2024-07-25,C10_EARNINGS_SEASON_TDNET_FAMILY_K2,C10_EARNINGS_SEASON_TDNET_FAMILY,2,2,,,,,
2024-07-26,C10_EARNINGS_SEASON_TDNET_FAMILY_K2,C10_EARNINGS_SEASON_TDNET_FAMILY,2,1,,,,,
2024-07-26,C10_EARNINGS_SEASON_TDNET_FAMILY_K2,C10_EARNINGS_SEASON_TDNET_FAMILY,2,2,,,,,
2024-07-29,C10_EARNINGS_SEASON_TDNET_FAMILY_K2,C10_EARNINGS_SEASON_TDNET_FAMILY,2,1,,,,,
2024-07-29,C10_EARNINGS_SEASON_TDNET_FAMILY_K2,C10_EARNINGS_SEASON_TDNET_FAMILY,2,2,,,,,
2024-07-30,C10_EARNINGS_SEASON_TDNET_FAMILY_K2,C10_EARNINGS_SEASON_TDNET_FAMILY,2,1,,,,,
2024-07-30,C10_EARNINGS_SEASON_TDNET_FAMILY_K2,C10_EARNINGS_SEASON_TDNET_FAMILY,2,2,,,,,
2024-07-31,C10_EARNINGS_SEASON_TDNET_FAMILY_K2,C10_EARNINGS_SEASON_TDNET_FAMILY,2,1,,,,,
2024-07-31,C10_EARNINGS_SEASON_TDNET_FAMILY_K2,C10_EARNINGS_SEASON_TDNET_FAMILY,2,2,,,,,
2024-08-01,C10_EARNINGS_SEASON_TDNET_FAMILY_K2,C10_EARNINGS_SEASON_TDNET_FAMILY,2,1,,,,,
2024-08-01,C10_EARNINGS_SEASON_TDNET_FAMILY_K2,C10_EARNINGS_SEASON_TDNET_FAMILY,2,2,,,,,
2024-08-02,C10_EARNINGS_SEASON_TDNET_FAMILY_K2,C10_EARNINGS_SEASON_TDNET_FAMILY,2,1,,,,,
2024-08-02,C10_EARNINGS_SEASON_TDNET_FAMILY_K2,C10_EARNINGS_SEASON_TDNET_FAMILY,2,2,,,,,
2024-08-05,C10_EARNINGS_SEASON_TDNET_FAMILY_K2,C10_EARNINGS_SEASON_TDNET_FAMILY,2,1,,,,,
2024-08-05,C10_EARNINGS_SEASON_TDNET_FAMILY_K2,C10_EARNINGS_SEASON_TDNET_FAMILY,2,2,,,,,
2024-08-06,C10_EARNINGS_SEASON_TDNET_FAMILY_K2,C10_EARNINGS_SEASON_TDNET_FAMILY,2,1,,,,,
2024-08-06,C10_EARNINGS_SEASON_TDNET_FAMILY_K2,C10_EARNINGS_SEASON_TDNET_FAMILY,2,2,,,,,
2024-08-07,C10_EARNINGS_SEASON_TDNET_FAMILY_K2,C10_EARNINGS_SEASON_TDNET_FAMILY,2,1,,,,,
2024-08-07,C10_EARNINGS_SEASON_TDNET_FAMILY_K2,C10_EARNINGS_SEASON_TDNET_FAMILY,2,2,,,,,
2024-08-08,C10_EARNINGS_SEASON_TDNET_FAMILY_K2,C10_EARNINGS_SEASON_TDNET_FAMILY,2,1,,,,,
2024-08-08,C10_EARNINGS_SEASON_TDNET_FAMILY_K2,C10_EARNINGS_SEASON_TDNET_FAMILY,2,2,,,,,
2024-08-09,C10_EARNINGS_SEASON_TDNET_FAMILY_K2,C10_EARNINGS_SEASON_TDNET_FAMILY,2,1,,,,,
2024-08-09,C10_EARNINGS_SEASON_TDNET_FAMILY_K2,C10_EARNINGS_SEASON_TDNET_FAMILY,2,2,,,,,
2024-08-13,C10_EARNINGS_SEASON_TDNET_FAMILY_K2,C10_EARNINGS_SEASON_TDNET_FAMILY,2,1,,,,,
2024-08-13,C10_EARNINGS_SEASON_TDNET_FAMILY_K2,C10_EARNINGS_SEASON_TDNET_FAMILY,2,2,,,,,
2024-08-14,C10_EARNINGS_SEASON_TDNET_FAMILY_K2,C10_EARNINGS_SEASON_TDNET_FAMILY,2,1,,,,,
2024-08-14,C10_EARNINGS_SEASON_TDNET_FAMILY_K2,C10_EARNINGS_SEASON_TDNET_FAMILY,2,2,,,,,
2024-08-15,C10_EARNINGS_SEASON_TDNET_FAMILY_K2,C10_EARNINGS_SEASON_TDNET_FAMILY,2,1,,,,,
2024-08-15,C10_EARNINGS_SEASON_TDNET_FAMILY_K2,C10_EARNINGS_SEASON_TDNET_FAMILY,2,2,,,,,
2024-08-16,C10_EARNINGS_SEASON_TDNET_FAMILY_K2,C10_EARNINGS_SEASON_TDNET_FAMILY,2,1,,,,,
2024-08-16,C10_EARNINGS_SEASON_TDNET_FAMILY_K2,C10_EARNINGS_SEASON_TDNET_FAMILY,2,2,,,,,
2024-08-19,C10_EARNINGS_SEASON_TDNET_FAMILY_K2,C10_EARNINGS_SEASON_TDNET_FAMILY,2,1,,,,,
2024-08-19,C10_EARNINGS_SEASON_TDNET_FAMILY_K2,C10_EARNINGS_SEASON_TDNET_FAMILY,2,2,,,,,
2024-08-20,C10_EARNINGS_SEASON_TDNET_FAMILY_K2,C10_EARNINGS_SEASON_TDNET_FAMILY,2,1,,,,,
2024-08-20,C10_EARNINGS_SEASON_TDNET_FAMILY_K2,C10_EARNINGS_SEASON_TDNET_FAMILY,2,2,,,,,
2024-08-21,C10_EARNINGS_SEASON_TDNET_FAMILY_K2,C10_EARNINGS_SEASON_TDNET_FAMILY,2,1,,,,,
2024-08-21,C10_EARNINGS_SEASON_TDNET_FAMILY_K2,C10_EARNINGS_SEASON_TDNET_FAMILY,2,2,,,,,
2024-08-22,C10_EARNINGS_SEASON_TDNET_FAMILY_K2,C10_EARNINGS_SEASON_TDNET_FAMILY,2,1,,,,,
2024-08-22,C10_EARNINGS_SEASON_TDNET_FAMILY_K2,C10_EARNINGS_SEASON_TDNET_FAMILY,2,2,,,,,
2024-08-23,C10_EARNINGS_SEASON_TDNET_FAMILY_K2,C10_EARNINGS_SEASON_TDNET_FAMILY,2,1,,,,,
2024-08-23,C10_EARNINGS_SEASON_TDNET_FAMILY_K2,C10_EARNINGS_SEASON_TDNET_FAMILY,2,2,,,,,
2024-08-26,C10_EARNINGS_SEASON_TDNET_FAMILY_K2,C10_EARNINGS_SEASON_TDNET_FAMILY,2,1,,,,,
2024-08-26,C10_EARNINGS_SEASON_TDNET_FAMILY_K2,C10_EARNINGS_SEASON_TDNET_FAMILY,2,2,,,,,
2024-08-27,C10_EARNINGS_SEASON_TDNET_FAMILY_K2,C10_EARNINGS_SEASON_TDNET_FAMILY,2,1,,,,,
2024-08-27,C10_EARNINGS_SEASON_TDNET_FAMILY_K2,C10_EARNINGS_SEASON_TDNET_FAMILY,2,2,,,,,
2024-08-28,C10_EARNINGS_SEASON_TDNET_FAMILY_K2,C10_EARNINGS_SEASON_TDNET_FAMILY,2,1,,,,,
2024-08-28,C10_EARNINGS_SEASON_TDNET_FAMILY_K2,C10_EARNINGS_SEASON_TDNET_FAMILY,2,2,,,,,
2024-08-29,C10_EARNINGS_SEASON_TDNET_FAMILY_K2,C10_EARNINGS_SEASON_TDNET_FAMILY,2,1,,,,,
2024-08-29,C10_EARNINGS_SEASON_TDNET_FAMILY_K2,C10_EARNINGS_SEASON_TDNET_FAMILY,2,2,,,,,
2024-08-30,C10_EARNINGS_SEASON_TDNET_FAMILY_K2,C10_EARNINGS_SEASON_TDNET_FAMILY,2,1,,,,,
2024-08-30,C10_EARNINGS_SEASON_TDNET_FAMILY_K2,C10_EARNINGS_SEASON_TDNET_FAMILY,2,2,,,,,
2024-09-02,C10_EARNINGS_SEASON_TDNET_FAMILY_K2,C10_EARNINGS_SEASON_TDNET_FAMILY,2,1,,,,,
2024-09-02,C10_EARNINGS_SEASON_TDNET_FAMILY_K2,C10_EARNINGS_SEASON_TDNET_FAMILY,2,2,,,,,
2024-09-03,C10_EARNINGS_SEASON_TDNET_FAMILY_K2,C10_EARNINGS_SEASON_TDNET_FAMILY,2,1,,,,,
2024-09-03,C10_EARNINGS_SEASON_TDNET_FAMILY_K2,C10_EARNINGS_SEASON_TDNET_FAMILY,2,2,,,,,
2024-09-04,C10_EARNINGS_SEASON_TDNET_FAMILY_K2,C10_EARNINGS_SEASON_TDNET_FAMILY,2,1,,,,,
2024-09-04,C10_EARNINGS_SEASON_TDNET_FAMILY_K2,C10_EARNINGS_SEASON_TDNET_FAMILY,2,2,,,,,
2024-09-05,C10_EARNINGS_SEASON_TDNET_FAMILY_K2,C10_EARNINGS_SEASON_TDNET_FAMILY,2,1,,,,,
2024-09-05,C10_EARNINGS_SEASON_TDNET_FAMILY_K2,C10_EARNINGS_SEASON_TDNET_FAMILY,2,2,,,,,
2024-09-06,C10_EARNINGS_SEASON_TDNET_FAMILY_K2,C10_EARNINGS_SEASON_TDNET_FAMILY,2,1,,,,,
2024-09-06,C10_EARNINGS_SEASON_TDNET_FAMILY_K2,C10_EARNINGS_SEASON_TDNET_FAMILY,2,2,,,,,
2024-09-09,C10_EARNINGS_SEASON_TDNET_FAMILY_K2,C10_EARNINGS_SEASON_TDNET_FAMILY,2,1,,,,,
2024-09-09,C10_EARNINGS_SEASON_TDNET_FAMILY_K2,C10_EARNINGS_SEASON_TDNET_FAMILY,2,2,,,,,
2024-09-10,C10_EARNINGS_SEASON_TDNET_FAMILY_K2,C10_EARNINGS_SEASON_TDNET_FAMILY,2,1,,,,,
2024-09-10,C10_EARNINGS_SEASON_TDNET_FAMILY_K2,C10_EARNINGS_SEASON_TDNET_FAMILY,2,2,,,,,
2024-09-11,C10_EARNINGS_SEASON_TDNET_FAMILY_K2,C10_EARNINGS_SEASON_TDNET_FAMILY,2,1,,,,,
2024-09-11,C10_EARNINGS_SEASON_TDNET_FAMILY_K2,C10_EARNINGS_SEASON_TDNET_FAMILY,2,2,,,,,
2024-09-12,C10_EARNINGS_SEASON_TDNET_FAMILY_K2,C10_EARNINGS_SEASON_TDNET_FAMILY,2,1,,,,,
2024-09-12,C10_EARNINGS_SEASON_TDNET_FAMILY_K2,C10_EARNINGS_SEASON_TDNET_FAMILY,2,2,,,,,
2024-09-13,C10_EARNINGS_SEASON_TDNET_FAMILY_K2,C10_EARNINGS_SEASON_TDNET_FAMILY,2,1,,,,,
2024-09-13,C10_EARNINGS_SEASON_TDNET_FAMILY_K2,C10_EARNINGS_SEASON_TDNET_FAMILY,2,2,,,,,
2024-09-17,C10_EARNINGS_SEASON_TDNET_FAMILY_K2,C10_EARNINGS_SEASON_TDNET_FAMILY,2,1,,,,,
2024-09-17,C10_EARNINGS_SEASON_TDNET_FAMILY_K2,C10_EARNINGS_SEASON_TDNET_FAMILY,2,2,,,,,
2024-09-18,C10_EARNINGS_SEASON_TDNET_FAMILY_K2,C10_EARNINGS_SEASON_TDNET_FAMILY,2,1,,,,,
2024-09-18,C10_EARNINGS_SEASON_TDNET_FAMILY_K2,C10_EARNINGS_SEASON_TDNET_FAMILY,2,2,,,,,
2024-09-19,C10_EARNINGS_SEASON_TDNET_FAMILY_K2,C10_EARNINGS_SEASON_TDNET_FAMILY,2,1,,,,,
2024-09-19,C10_EARNINGS_SEASON_TDNET_FAMILY_K2,C10_EARNINGS_SEASON_TDNET_FAMILY,2,2,,,,,
2024-09-20,C10_EARNINGS_SEASON_TDNET_FAMILY_K2,C10_EARNINGS_SEASON_TDNET_FAMILY,2,1,,,,,
2024-09-20,C10_EARNINGS_SEASON_TDNET_FAMILY_K2,C10_EARNINGS_SEASON_TDNET_FAMILY,2,2,,,,,
2024-09-24,C10_EARNINGS_SEASON_TDNET_FAMILY_K2,C10_EARNINGS_SEASON_TDNET_FAMILY,2,1,,,,,
2024-09-24,C10_EARNINGS_SEASON_TDNET_FAMILY_K2,C10_EARNINGS_SEASON_TDNET_FAMILY,2,2,,,,,
2024-09-25,C10_EARNINGS_SEASON_TDNET_FAMILY_K2,C10_EARNINGS_SEASON_TDNET_FAMILY,2,1,,,,,
2024-09-25,C10_EARNINGS_SEASON_TDNET_FAMILY_K2,C10_EARNINGS_SEASON_TDNET_FAMILY,2,2,,,,,
2024-09-26,C10_EARNINGS_SEASON_TDNET_FAMILY_K2,C10_EARNINGS_SEASON_TDNET_FAMILY,2,1,,,,,
2024-09-26,C10_EARNINGS_SEASON_TDNET_FAMILY_K2,C10_EARNINGS_SEASON_TDNET_FAMILY,2,2,,,,,
2024-09-27,C10_EARNINGS_SEASON_TDNET_FAMILY_K2,C10_EARNINGS_SEASON_TDNET_FAMILY,2,1,,,,,
2024-09-27,C10_EARNINGS_SEASON_TDNET_FAMILY_K2,C10_EARNINGS_SEASON_TDNET_FAMILY,2,2,,,,,
2024-09-30,C10_EARNINGS_SEASON_TDNET_FAMILY_K2,C10_EARNINGS_SEASON_TDNET_FAMILY,2,1,,,,,
2024-09-30,C10_EARNINGS_SEASON_TDNET_FAMILY_K2,C10_EARNINGS_SEASON_TDNET_FAMILY,2,2,,,,,
2024-10-01,C10_EARNINGS_SEASON_TDNET_FAMILY_K2,C10_EARNINGS_SEASON_TDNET_FAMILY,2,1,,,,,
2024-10-01,C10_EARNINGS_SEASON_TDNET_FAMILY_K2,C10_EARNINGS_SEASON_TDNET_FAMILY,2,2,,,,,
2024-10-02,C10_EARNINGS_SEASON_TDNET_FAMILY_K2,C10_EARNINGS_SEASON_TDNET_FAMILY,2,1,,,,,
2024-10-02,C10_EARNINGS_SEASON_TDNET_FAMILY_K2,C10_EARNINGS_SEASON_TDNET_FAMILY,2,2,,,,,
2024-10-03,C10_EARNINGS_SEASON_TDNET_FAMILY_K2,C10_EARNINGS_SEASON_TDNET_FAMILY,2,1,,,,,
2024-10-03,C10_EARNINGS_SEASON_TDNET_FAMILY_K2,C10_EARNINGS_SEASON_TDNET_FAMILY,2,2,,,,,
2024-10-04,C10_EARNINGS_SEASON_TDNET_FAMILY_K2,C10_EARNINGS_SEASON_TDNET_FAMILY,2,1,,,,,
2024-10-04,C10_EARNINGS_SEASON_TDNET_FAMILY_K2,C10_EARNINGS_SEASON_TDNET_FAMILY,2,2,,,,,
2024-10-07,C10_EARNINGS_SEASON_TDNET_FAMILY_K2,C10_EARNINGS_SEASON_TDNET_FAMILY,2,1,,,,,
2024-10-07,C10_EARNINGS_SEASON_TDNET_FAMILY_K2,C10_EARNINGS_SEASON_TDNET_FAMILY,2,2,,,,,
2024-10-08,C10_EARNINGS_SEASON_TDNET_FAMILY_K2,C10_EARNINGS_SEASON_TDNET_FAMILY,2,1,,,,,
2024-10-08,C10_EARNINGS_SEASON_TDNET_FAMILY_K2,C10_EARNINGS_SEASON_TDNET_FAMILY,2,2,,,,,
2024-10-09,C10_EARNINGS_SEASON_TDNET_FAMILY_K2,C10_EARNINGS_SEASON_TDNET_FAMILY,2,1,,,,,
2024-10-09,C10_EARNINGS_SEASON_TDNET_FAMILY_K2,C10_EARNINGS_SEASON_TDNET_FAMILY,2,2,,,,,
2024-10-10,C10_EARNINGS_SEASON_TDNET_FAMILY_K2,C10_EARNINGS_SEASON_TDNET_FAMILY,2,1,,,,,
2024-10-10,C10_EARNINGS_SEASON_TDNET_FAMILY_K2,C10_EARNINGS_SEASON_TDNET_FAMILY,2,2,,,,,
2024-10-11,C10_EARNINGS_SEASON_TDNET_FAMILY_K2,C10_EARNINGS_SEASON_TDNET_FAMILY,2,1,,,,,
2024-10-11,C10_EARNINGS_SEASON_TDNET_FAMILY_K2,C10_EARNINGS_SEASON_TDNET_FAMILY,2,2,,,,,
2024-10-15,C10_EARNINGS_SEASON_TDNET_FAMILY_K2,C10_EARNINGS_SEASON_TDNET_FAMILY,2,1,,,,,
2024-10-15,C10_EARNINGS_SEASON_TDNET_FAMILY_K2,C10_EARNINGS_SEASON_TDNET_FAMILY,2,2,,,,,
2024-10-16,C10_EARNINGS_SEASON_TDNET_FAMILY_K2,C10_EARNINGS_SEASON_TDNET_FAMILY,2,1,,,,,
2024-10-16,C10_EARNINGS_SEASON_TDNET_FAMILY_K2,C10_EARNINGS_SEASON_TDNET_FAMILY,2,2,,,,,
2024-10-17,C10_EARNINGS_SEASON_TDNET_FAMILY_K2,C10_EARNINGS_SEASON_TDNET_FAMILY,2,1,,,,,
2024-10-17,C10_EARNINGS_SEASON_TDNET_FAMILY_K2,C10_EARNINGS_SEASON_TDNET_FAMILY,2,2,,,,,
2024-10-18,C10_EARNINGS_SEASON_TDNET_FAMILY_K2,C10_EARNINGS_SEASON_TDNET_FAMILY,2,1,,,,,
2024-10-18,C10_EARNINGS_SEASON_TDNET_FAMILY_K2,C10_EARNINGS_SEASON_TDNET_FAMILY,2,2,,,,,
2024-10-21,C10_EARNINGS_SEASON_TDNET_FAMILY_K2,C10_EARNINGS_SEASON_TDNET_FAMILY,2,1,,,,,
2024-10-21,C10_EARNINGS_SEASON_TDNET_FAMILY_K2,C10_EARNINGS_SEASON_TDNET_FAMILY,2,2,,,,,
2024-10-22,C10_EARNINGS_SEASON_TDNET_FAMILY_K2,C10_EARNINGS_SEASON_TDNET_FAMILY,2,1,,,,,
2024-10-22,C10_EARNINGS_SEASON_TDNET_FAMILY_K2,C10_EARNINGS_SEASON_TDNET_FAMILY,2,2,,,,,
2024-10-23,C10_EARNINGS_SEASON_TDNET_FAMILY_K2,C10_EARNINGS_SEASON_TDNET_FAMILY,2,1,,,,,
2024-10-23,C10_EARNINGS_SEASON_TDNET_FAMILY_K2,C10_EARNINGS_SEASON_TDNET_FAMILY,2,2,,,,,
2024-10-24,C10_EARNINGS_SEASON_TDNET_FAMILY_K2,C10_EARNINGS_SEASON_TDNET_FAMILY,2,1,,,,,
2024-10-24,C10_EARNINGS_SEASON_TDNET_FAMILY_K2,C10_EARNINGS_SEASON_TDNET_FAMILY,2,2,,,,,
2024-10-25,C10_EARNINGS_SEASON_TDNET_FAMILY_K2,C10_EARNINGS_SEASON_TDNET_FAMILY,2,1,,,,,
2024-10-25,C10_EARNINGS_SEASON_TDNET_FAMILY_K2,C10_EARNINGS_SEASON_TDNET_FAMILY,2,2,,,,,
2024-10-28,C10_EARNINGS_SEASON_TDNET_FAMILY_K2,C10_EARNINGS_SEASON_TDNET_FAMILY,2,1,,,,,
2024-10-28,C10_EARNINGS_SEASON_TDNET_FAMILY_K2,C10_EARNINGS_SEASON_TDNET_FAMILY,2,2,,,,,
2024-10-29,C10_EARNINGS_SEASON_TDNET_FAMILY_K2,C10_EARNINGS_SEASON_TDNET_FAMILY,2,1,,,,,
2024-10-29,C10_EARNINGS_SEASON_TDNET_FAMILY_K2,C10_EARNINGS_SEASON_TDNET_FAMILY,2,2,,,,,
2024-10-30,C10_EARNINGS_SEASON_TDNET_FAMILY_K2,C10_EARNINGS_SEASON_TDNET_FAMILY,2,1,,,,,
2024-10-30,C10_EARNINGS_SEASON_TDNET_FAMILY_K2,C10_EARNINGS_SEASON_TDNET_FAMILY,2,2,,,,,
2024-10-31,C10_EARNINGS_SEASON_TDNET_FAMILY_K2,C10_EARNINGS_SEASON_TDNET_FAMILY,2,1,,,,,
2024-10-31,C10_EARNINGS_SEASON_TDNET_FAMILY_K2,C10_EARNINGS_SEASON_TDNET_FAMILY,2,2,,,,,
2024-11-01,C10_EARNINGS_SEASON_TDNET_FAMILY_K2,C10_EARNINGS_SEASON_TDNET_FAMILY,2,1,,,,,
2024-11-01,C10_EARNINGS_SEASON_TDNET_FAMILY_K2,C10_EARNINGS_SEASON_TDNET_FAMILY,2,2,,,,,
2024-11-05,C10_EARNINGS_SEASON_TDNET_FAMILY_K2,C10_EARNINGS_SEASON_TDNET_FAMILY,2,1,,,,,
2024-11-05,C10_EARNINGS_SEASON_TDNET_FAMILY_K2,C10_EARNINGS_SEASON_TDNET_FAMILY,2,2,,,,,
2024-11-06,C10_EARNINGS_SEASON_TDNET_FAMILY_K2,C10_EARNINGS_SEASON_TDNET_FAMILY,2,1,,,,,
2024-11-06,C10_EARNINGS_SEASON_TDNET_FAMILY_K2,C10_EARNINGS_SEASON_TDNET_FAMILY,2,2,,,,,
2024-11-07,C10_EARNINGS_SEASON_TDNET_FAMILY_K2,C10_EARNINGS_SEASON_TDNET_FAMILY,2,1,,,,,
2024-11-07,C10_EARNINGS_SEASON_TDNET_FAMILY_K2,C10_EARNINGS_SEASON_TDNET_FAMILY,2,2,,,,,
2024-11-08,C10_EARNINGS_SEASON_TDNET_FAMILY_K2,C10_EARNINGS_SEASON_TDNET_FAMILY,2,1,,,,,
2024-11-08,C10_EARNINGS_SEASON_TDNET_FAMILY_K2,C10_EARNINGS_SEASON_TDNET_FAMILY,2,2,,,,,
2024-11-11,C10_EARNINGS_SEASON_TDNET_FAMILY_K2,C10_EARNINGS_SEASON_TDNET_FAMILY,2,1,,,,,
2024-11-11,C10_EARNINGS_SEASON_TDNET_FAMILY_K2,C10_EARNINGS_SEASON_TDNET_FAMILY,2,2,,,,,
2024-11-12,C10_EARNINGS_SEASON_TDNET_FAMILY_K2,C10_EARNINGS_SEASON_TDNET_FAMILY,2,1,,,,,
2024-11-12,C10_EARNINGS_SEASON_TDNET_FAMILY_K2,C10_EARNINGS_SEASON_TDNET_FAMILY,2,2,,,,,
2024-11-13,C10_EARNINGS_SEASON_TDNET_FAMILY_K2,C10_EARNINGS_SEASON_TDNET_FAMILY,2,1,,,,,
2024-11-13,C10_EARNINGS_SEASON_TDNET_FAMILY_K2,C10_EARNINGS_SEASON_TDNET_FAMILY,2,2,,,,,
2024-11-14,C10_EARNINGS_SEASON_TDNET_FAMILY_K2,C10_EARNINGS_SEASON_TDNET_FAMILY,2,1,,,,,
2024-11-14,C10_EARNINGS_SEASON_TDNET_FAMILY_K2,C10_EARNINGS_SEASON_TDNET_FAMILY,2,2,,,,,
2024-11-15,C10_EARNINGS_SEASON_TDNET_FAMILY_K2,C10_EARNINGS_SEASON_TDNET_FAMILY,2,1,,,,,
2024-11-15,C10_EARNINGS_SEASON_TDNET_FAMILY_K2,C10_EARNINGS_SEASON_TDNET_FAMILY,2,2,,,,,
2024-11-18,C10_EARNINGS_SEASON_TDNET_FAMILY_K2,C10_EARNINGS_SEASON_TDNET_FAMILY,2,1,,,,,
2024-11-18,C10_EARNINGS_SEASON_TDNET_FAMILY_K2,C10_EARNINGS_SEASON_TDNET_FAMILY,2,2,,,,,
2024-11-19,C10_EARNINGS_SEASON_TDNET_FAMILY_K2,C10_EARNINGS_SEASON_TDNET_FAMILY,2,1,,,,,
2024-11-19,C10_EARNINGS_SEASON_TDNET_FAMILY_K2,C10_EARNINGS_SEASON_TDNET_FAMILY,2,2,,,,,
2024-11-20,C10_EARNINGS_SEASON_TDNET_FAMILY_K2,C10_EARNINGS_SEASON_TDNET_FAMILY,2,1,,,,,
2024-11-20,C10_EARNINGS_SEASON_TDNET_FAMILY_K2,C10_EARNINGS_SEASON_TDNET_FAMILY,2,2,,,,,
2024-11-21,C10_EARNINGS_SEASON_TDNET_FAMILY_K2,C10_EARNINGS_SEASON_TDNET_FAMILY,2,1,,,,,
2024-11-21,C10_EARNINGS_SEASON_TDNET_FAMILY_K2,C10_EARNINGS_SEASON_TDNET_FAMILY,2,2,,,,,
2024-11-22,C10_EARNINGS_SEASON_TDNET_FAMILY_K2,C10_EARNINGS_SEASON_TDNET_FAMILY,2,1,,,,,
2024-11-22,C10_EARNINGS_SEASON_TDNET_FAMILY_K2,C10_EARNINGS_SEASON_TDNET_FAMILY,2,2,,,,,
2024-11-25,C10_EARNINGS_SEASON_TDNET_FAMILY_K2,C10_EARNINGS_SEASON_TDNET_FAMILY,2,1,,,,,
2024-11-25,C10_EARNINGS_SEASON_TDNET_FAMILY_K2,C10_EARNINGS_SEASON_TDNET_FAMILY,2,2,,,,,
2024-11-26,C10_EARNINGS_SEASON_TDNET_FAMILY_K2,C10_EARNINGS_SEASON_TDNET_FAMILY,2,1,,,,,
2024-11-26,C10_EARNINGS_SEASON_TDNET_FAMILY_K2,C10_EARNINGS_SEASON_TDNET_FAMILY,2,2,,,,,
2024-11-27,C10_EARNINGS_SEASON_TDNET_FAMILY_K2,C10_EARNINGS_SEASON_TDNET_FAMILY,2,1,,,,,
2024-11-27,C10_EARNINGS_SEASON_TDNET_FAMILY_K2,C10_EARNINGS_SEASON_TDNET_FAMILY,2,2,,,,,
2024-11-28,C10_EARNINGS_SEASON_TDNET_FAMILY_K2,C10_EARNINGS_SEASON_TDNET_FAMILY,2,1,,,,,
2024-11-28,C10_EARNINGS_SEASON_TDNET_FAMILY_K2,C10_EARNINGS_SEASON_TDNET_FAMILY,2,2,,,,,
2024-11-29,C10_EARNINGS_SEASON_TDNET_FAMILY_K2,C10_EARNINGS_SEASON_TDNET_FAMILY,2,1,,,,,
2024-11-29,C10_EARNINGS_SEASON_TDNET_FAMILY_K2,C10_EARNINGS_SEASON_TDNET_FAMILY,2,2,,,,,
2024-12-02,C10_EARNINGS_SEASON_TDNET_FAMILY_K2,C10_EARNINGS_SEASON_TDNET_FAMILY,2,1,,,,,
2024-12-02,C10_EARNINGS_SEASON_TDNET_FAMILY_K2,C10_EARNINGS_SEASON_TDNET_FAMILY,2,2,,,,,
2024-12-03,C10_EARNINGS_SEASON_TDNET_FAMILY_K2,C10_EARNINGS_SEASON_TDNET_FAMILY,2,1,,,,,
2024-12-03,C10_EARNINGS_SEASON_TDNET_FAMILY_K2,C10_EARNINGS_SEASON_TDNET_FAMILY,2,2,,,,,
2024-12-04,C10_EARNINGS_SEASON_TDNET_FAMILY_K2,C10_EARNINGS_SEASON_TDNET_FAMILY,2,1,,,,,
2024-12-04,C10_EARNINGS_SEASON_TDNET_FAMILY_K2,C10_EARNINGS_SEASON_TDNET_FAMILY,2,2,,,,,
2024-12-05,C10_EARNINGS_SEASON_TDNET_FAMILY_K2,C10_EARNINGS_SEASON_TDNET_FAMILY,2,1,,,,,
2024-12-05,C10_EARNINGS_SEASON_TDNET_FAMILY_K2,C10_EARNINGS_SEASON_TDNET_FAMILY,2,2,,,,,
2024-12-06,C10_EARNINGS_SEASON_TDNET_FAMILY_K2,C10_EARNINGS_SEASON_TDNET_FAMILY,2,1,,,,,
2024-12-06,C10_EARNINGS_SEASON_TDNET_FAMILY_K2,C10_EARNINGS_SEASON_TDNET_FAMILY,2,2,,,,,
2024-12-09,C10_EARNINGS_SEASON_TDNET_FAMILY_K2,C10_EARNINGS_SEASON_TDNET_FAMILY,2,1,,,,,
2024-12-09,C10_EARNINGS_SEASON_TDNET_FAMILY_K2,C10_EARNINGS_SEASON_TDNET_FAMILY,2,2,,,,,
2024-12-10,C10_EARNINGS_SEASON_TDNET_FAMILY_K2,C10_EARNINGS_SEASON_TDNET_FAMILY,2,1,,,,,
2024-12-10,C10_EARNINGS_SEASON_TDNET_FAMILY_K2,C10_EARNINGS_SEASON_TDNET_FAMILY,2,2,,,,,
2024-12-11,C10_EARNINGS_SEASON_TDNET_FAMILY_K2,C10_EARNINGS_SEASON_TDNET_FAMILY,2,1,,,,,
2024-12-11,C10_EARNINGS_SEASON_TDNET_FAMILY_K2,C10_EARNINGS_SEASON_TDNET_FAMILY,2,2,,,,,
2024-12-12,C10_EARNINGS_SEASON_TDNET_FAMILY_K2,C10_EARNINGS_SEASON_TDNET_FAMILY,2,1,,,,,
2024-12-12,C10_EARNINGS_SEASON_TDNET_FAMILY_K2,C10_EARNINGS_SEASON_TDNET_FAMILY,2,2,,,,,
2024-12-13,C10_EARNINGS_SEASON_TDNET_FAMILY_K2,C10_EARNINGS_SEASON_TDNET_FAMILY,2,1,,,,,
2024-12-13,C10_EARNINGS_SEASON_TDNET_FAMILY_K2,C10_EARNINGS_SEASON_TDNET_FAMILY,2,2,,,,,
2024-12-16,C10_EARNINGS_SEASON_TDNET_FAMILY_K2,C10_EARNINGS_SEASON_TDNET_FAMILY,2,1,,,,,
2024-12-16,C10_EARNINGS_SEASON_TDNET_FAMILY_K2,C10_EARNINGS_SEASON_TDNET_FAMILY,2,2,,,,,
2024-12-17,C10_EARNINGS_SEASON_TDNET_FAMILY_K2,C10_EARNINGS_SEASON_TDNET_FAMILY,2,1,,,,,
2024-12-17,C10_EARNINGS_SEASON_TDNET_FAMILY_K2,C10_EARNINGS_SEASON_TDNET_FAMILY,2,2,,,,,
2024-12-18,C10_EARNINGS_SEASON_TDNET_FAMILY_K2,C10_EARNINGS_SEASON_TDNET_FAMILY,2,1,,,,,
2024-12-18,C10_EARNINGS_SEASON_TDNET_FAMILY_K2,C10_EARNINGS_SEASON_TDNET_FAMILY,2,2,,,,,
2024-12-19,C10_EARNINGS_SEASON_TDNET_FAMILY_K2,C10_EARNINGS_SEASON_TDNET_FAMILY,2,1,,,,,
2024-12-19,C10_EARNINGS_SEASON_TDNET_FAMILY_K2,C10_EARNINGS_SEASON_TDNET_FAMILY,2,2,,,,,
2024-12-20,C10_EARNINGS_SEASON_TDNET_FAMILY_K2,C10_EARNINGS_SEASON_TDNET_FAMILY,2,1,,,,,
2024-12-20,C10_EARNINGS_SEASON_TDNET_FAMILY_K2,C10_EARNINGS_SEASON_TDNET_FAMILY,2,2,,,,,
2024-12-23,C10_EARNINGS_SEASON_TDNET_FAMILY_K2,C10_EARNINGS_SEASON_TDNET_FAMILY,2,1,,,,,
2024-12-23,C10_EARNINGS_SEASON_TDNET_FAMILY_K2,C10_EARNINGS_SEASON_TDNET_FAMILY,2,2,,,,,
2024-12-24,C10_EARNINGS_SEASON_TDNET_FAMILY_K2,C10_EARNINGS_SEASON_TDNET_FAMILY,2,1,,,,,
2024-12-24,C10_EARNINGS_SEASON_TDNET_FAMILY_K2,C10_EARNINGS_SEASON_TDNET_FAMILY,2,2,,,,,
2024-12-25,C10_EARNINGS_SEASON_TDNET_FAMILY_K2,C10_EARNINGS_SEASON_TDNET_FAMILY,2,1,,,,,
2024-12-25,C10_EARNINGS_SEASON_TDNET_FAMILY_K2,C10_EARNINGS_SEASON_TDNET_FAMILY,2,2,,,,,
2024-12-26,C10_EARNINGS_SEASON_TDNET_FAMILY_K2,C10_EARNINGS_SEASON_TDNET_FAMILY,2,1,,,,,
2024-12-26,C10_EARNINGS_SEASON_TDNET_FAMILY_K2,C10_EARNINGS_SEASON_TDNET_FAMILY,2,2,,,,,
2024-12-27,C10_EARNINGS_SEASON_TDNET_FAMILY_K2,C10_EARNINGS_SEASON_TDNET_FAMILY,2,1,,,,,
2024-12-27,C10_EARNINGS_SEASON_TDNET_FAMILY_K2,C10_EARNINGS_SEASON_TDNET_FAMILY,2,2,,,,,
2024-12-30,C10_EARNINGS_SEASON_TDNET_FAMILY_K2,C10_EARNINGS_SEASON_TDNET_FAMILY,2,1,,,,,
2024-12-30,C10_EARNINGS_SEASON_TDNET_FAMILY_K2,C10_EARNINGS_SEASON_TDNET_FAMILY,2,2,,,,,
2025-01-06,C10_EARNINGS_SEASON_TDNET_FAMILY_K2,C10_EARNINGS_SEASON_TDNET_FAMILY,2,1,,,,,
2025-01-06,C10_EARNINGS_SEASON_TDNET_FAMILY_K2,C10_EARNINGS_SEASON_TDNET_FAMILY,2,2,,,,,
2025-01-07,C10_EARNINGS_SEASON_TDNET_FAMILY_K2,C10_EARNINGS_SEASON_TDNET_FAMILY,2,1,,,,,
2025-01-07,C10_EARNINGS_SEASON_TDNET_FAMILY_K2,C10_EARNINGS_SEASON_TDNET_FAMILY,2,2,,,,,
2025-01-08,C10_EARNINGS_SEASON_TDNET_FAMILY_K2,C10_EARNINGS_SEASON_TDNET_FAMILY,2,1,,,,,
2025-01-08,C10_EARNINGS_SEASON_TDNET_FAMILY_K2,C10_EARNINGS_SEASON_TDNET_FAMILY,2,2,,,,,
2025-01-09,C10_EARNINGS_SEASON_TDNET_FAMILY_K2,C10_EARNINGS_SEASON_TDNET_FAMILY,2,1,,,,,
2025-01-09,C10_EARNINGS_SEASON_TDNET_FAMILY_K2,C10_EARNINGS_SEASON_TDNET_FAMILY,2,2,,,,,
2025-01-10,C10_EARNINGS_SEASON_TDNET_FAMILY_K2,C10_EARNINGS_SEASON_TDNET_FAMILY,2,1,,,,,
2025-01-10,C10_EARNINGS_SEASON_TDNET_FAMILY_K2,C10_EARNINGS_SEASON_TDNET_FAMILY,2,2,,,,,
2025-01-14,C10_EARNINGS_SEASON_TDNET_FAMILY_K2,C10_EARNINGS_SEASON_TDNET_FAMILY,2,1,,,,,
2025-01-14,C10_EARNINGS_SEASON_TDNET_FAMILY_K2,C10_EARNINGS_SEASON_TDNET_FAMILY,2,2,,,,,
2025-01-15,C10_EARNINGS_SEASON_TDNET_FAMILY_K2,C10_EARNINGS_SEASON_TDNET_FAMILY,2,1,,,,,
2025-01-15,C10_EARNINGS_SEASON_TDNET_FAMILY_K2,C10_EARNINGS_SEASON_TDNET_FAMILY,2,2,,,,,
2025-01-16,C10_EARNINGS_SEASON_TDNET_FAMILY_K2,C10_EARNINGS_SEASON_TDNET_FAMILY,2,1,,,,,
2025-01-16,C10_EARNINGS_SEASON_TDNET_FAMILY_K2,C10_EARNINGS_SEASON_TDNET_FAMILY,2,2,,,,,
2025-01-17,C10_EARNINGS_SEASON_TDNET_FAMILY_K2,C10_EARNINGS_SEASON_TDNET_FAMILY,2,1,,,,,
2025-01-17,C10_EARNINGS_SEASON_TDNET_FAMILY_K2,C10_EARNINGS_SEASON_TDNET_FAMILY,2,2,,,,,
2025-01-20,C10_EARNINGS_SEASON_TDNET_FAMILY_K2,C10_EARNINGS_SEASON_TDNET_FAMILY,2,1,,,,,
2025-01-20,C10_EARNINGS_SEASON_TDNET_FAMILY_K2,C10_EARNINGS_SEASON_TDNET_FAMILY,2,2,,,,,
2025-01-21,C10_EARNINGS_SEASON_TDNET_FAMILY_K2,C10_EARNINGS_SEASON_TDNET_FAMILY,2,1,,,,,
2025-01-21,C10_EARNINGS_SEASON_TDNET_FAMILY_K2,C10_EARNINGS_SEASON_TDNET_FAMILY,2,2,,,,,
2025-01-22,C10_EARNINGS_SEASON_TDNET_FAMILY_K2,C10_EARNINGS_SEASON_TDNET_FAMILY,2,1,,,,,
2025-01-22,C10_EARNINGS_SEASON_TDNET_FAMILY_K2,C10_EARNINGS_SEASON_TDNET_FAMILY,2,2,,,,,
2025-01-23,C10_EARNINGS_SEASON_TDNET_FAMILY_K2,C10_EARNINGS_SEASON_TDNET_FAMILY,2,1,,,,,
2025-01-23,C10_EARNINGS_SEASON_TDNET_FAMILY_K2,C10_EARNINGS_SEASON_TDNET_FAMILY,2,2,,,,,
2025-01-24,C10_EARNINGS_SEASON_TDNET_FAMILY_K2,C10_EARNINGS_SEASON_TDNET_FAMILY,2,1,,,,,
2025-01-24,C10_EARNINGS_SEASON_TDNET_FAMILY_K2,C10_EARNINGS_SEASON_TDNET_FAMILY,2,2,,,,,
2025-01-27,C10_EARNINGS_SEASON_TDNET_FAMILY_K2,C10_EARNINGS_SEASON_TDNET_FAMILY,2,1,,,,,
2025-01-27,C10_EARNINGS_SEASON_TDNET_FAMILY_K2,C10_EARNINGS_SEASON_TDNET_FAMILY,2,2,,,,,
2025-01-28,C10_EARNINGS_SEASON_TDNET_FAMILY_K2,C10_EARNINGS_SEASON_TDNET_FAMILY,2,1,,,,,
2025-01-28,C10_EARNINGS_SEASON_TDNET_FAMILY_K2,C10_EARNINGS_SEASON_TDNET_FAMILY,2,2,,,,,
2025-01-29,C10_EARNINGS_SEASON_TDNET_FAMILY_K2,C10_EARNINGS_SEASON_TDNET_FAMILY,2,1,,,,,
2025-01-29,C10_EARNINGS_SEASON_TDNET_FAMILY_K2,C10_EARNINGS_SEASON_TDNET_FAMILY,2,2,,,,,
2025-01-30,C10_EARNINGS_SEASON_TDNET_FAMILY_K2,C10_EARNINGS_SEASON_TDNET_FAMILY,2,1,,,,,
2025-01-30,C10_EARNINGS_SEASON_TDNET_FAMILY_K2,C10_EARNINGS_SEASON_TDNET_FAMILY,2,2,,,,,
2025-01-31,C10_EARNINGS_SEASON_TDNET_FAMILY_K2,C10_EARNINGS_SEASON_TDNET_FAMILY,2,1,,,,,
2025-01-31,C10_EARNINGS_SEASON_TDNET_FAMILY_K2,C10_EARNINGS_SEASON_TDNET_FAMILY,2,2,,,,,
2025-02-03,C10_EARNINGS_SEASON_TDNET_FAMILY_K2,C10_EARNINGS_SEASON_TDNET_FAMILY,2,1,,,,,
2025-02-03,C10_EARNINGS_SEASON_TDNET_FAMILY_K2,C10_EARNINGS_SEASON_TDNET_FAMILY,2,2,,,,,
2025-02-04,C10_EARNINGS_SEASON_TDNET_FAMILY_K2,C10_EARNINGS_SEASON_TDNET_FAMILY,2,1,,,,,
2025-02-04,C10_EARNINGS_SEASON_TDNET_FAMILY_K2,C10_EARNINGS_SEASON_TDNET_FAMILY,2,2,,,,,
2025-02-05,C10_EARNINGS_SEASON_TDNET_FAMILY_K2,C10_EARNINGS_SEASON_TDNET_FAMILY,2,1,,,,,
2025-02-05,C10_EARNINGS_SEASON_TDNET_FAMILY_K2,C10_EARNINGS_SEASON_TDNET_FAMILY,2,2,,,,,
2025-02-06,C10_EARNINGS_SEASON_TDNET_FAMILY_K2,C10_EARNINGS_SEASON_TDNET_FAMILY,2,1,,,,,
2025-02-06,C10_EARNINGS_SEASON_TDNET_FAMILY_K2,C10_EARNINGS_SEASON_TDNET_FAMILY,2,2,,,,,
2025-02-07,C10_EARNINGS_SEASON_TDNET_FAMILY_K2,C10_EARNINGS_SEASON_TDNET_FAMILY,2,1,,,,,
2025-02-07,C10_EARNINGS_SEASON_TDNET_FAMILY_K2,C10_EARNINGS_SEASON_TDNET_FAMILY,2,2,,,,,
2025-02-10,C10_EARNINGS_SEASON_TDNET_FAMILY_K2,C10_EARNINGS_SEASON_TDNET_FAMILY,2,1,,,,,
2025-02-10,C10_EARNINGS_SEASON_TDNET_FAMILY_K2,C10_EARNINGS_SEASON_TDNET_FAMILY,2,2,,,,,
2025-02-12,C10_EARNINGS_SEASON_TDNET_FAMILY_K2,C10_EARNINGS_SEASON_TDNET_FAMILY,2,1,,,,,
2025-02-12,C10_EARNINGS_SEASON_TDNET_FAMILY_K2,C10_EARNINGS_SEASON_TDNET_FAMILY,2,2,,,,,
2025-02-13,C10_EARNINGS_SEASON_TDNET_FAMILY_K2,C10_EARNINGS_SEASON_TDNET_FAMILY,2,1,,,,,
2025-02-13,C10_EARNINGS_SEASON_TDNET_FAMILY_K2,C10_EARNINGS_SEASON_TDNET_FAMILY,2,2,,,,,
2025-02-14,C10_EARNINGS_SEASON_TDNET_FAMILY_K2,C10_EARNINGS_SEASON_TDNET_FAMILY,2,1,,,,,
2025-02-14,C10_EARNINGS_SEASON_TDNET_FAMILY_K2,C10_EARNINGS_SEASON_TDNET_FAMILY,2,2,,,,,
2025-02-17,C10_EARNINGS_SEASON_TDNET_FAMILY_K2,C10_EARNINGS_SEASON_TDNET_FAMILY,2,1,,,,,
2025-02-17,C10_EARNINGS_SEASON_TDNET_FAMILY_K2,C10_EARNINGS_SEASON_TDNET_FAMILY,2,2,,,,,
2025-02-18,C10_EARNINGS_SEASON_TDNET_FAMILY_K2,C10_EARNINGS_SEASON_TDNET_FAMILY,2,1,,,,,
2025-02-18,C10_EARNINGS_SEASON_TDNET_FAMILY_K2,C10_EARNINGS_SEASON_TDNET_FAMILY,2,2,,,,,
2025-02-19,C10_EARNINGS_SEASON_TDNET_FAMILY_K2,C10_EARNINGS_SEASON_TDNET_FAMILY,2,1,,,,,
2025-02-19,C10_EARNINGS_SEASON_TDNET_FAMILY_K2,C10_EARNINGS_SEASON_TDNET_FAMILY,2,2,,,,,
2025-02-20,C10_EARNINGS_SEASON_TDNET_FAMILY_K2,C10_EARNINGS_SEASON_TDNET_FAMILY,2,1,,,,,
2025-02-20,C10_EARNINGS_SEASON_TDNET_FAMILY_K2,C10_EARNINGS_SEASON_TDNET_FAMILY,2,2,,,,,
2025-02-21,C10_EARNINGS_SEASON_TDNET_FAMILY_K2,C10_EARNINGS_SEASON_TDNET_FAMILY,2,1,,,,,
2025-02-21,C10_EARNINGS_SEASON_TDNET_FAMILY_K2,C10_EARNINGS_SEASON_TDNET_FAMILY,2,2,,,,,
2025-02-25,C10_EARNINGS_SEASON_TDNET_FAMILY_K2,C10_EARNINGS_SEASON_TDNET_FAMILY,2,1,,,,,
2025-02-25,C10_EARNINGS_SEASON_TDNET_FAMILY_K2,C10_EARNINGS_SEASON_TDNET_FAMILY,2,2,,,,,
2025-02-26,C10_EARNINGS_SEASON_TDNET_FAMILY_K2,C10_EARNINGS_SEASON_TDNET_FAMILY,2,1,,,,,
2025-02-26,C10_EARNINGS_SEASON_TDNET_FAMILY_K2,C10_EARNINGS_SEASON_TDNET_FAMILY,2,2,,,,,
2025-02-27,C10_EARNINGS_SEASON_TDNET_FAMILY_K2,C10_EARNINGS_SEASON_TDNET_FAMILY,2,1,,,,,
2025-02-27,C10_EARNINGS_SEASON_TDNET_FAMILY_K2,C10_EARNINGS_SEASON_TDNET_FAMILY,2,2,,,,,
2025-02-28,C10_EARNINGS_SEASON_TDNET_FAMILY_K2,C10_EARNINGS_SEASON_TDNET_FAMILY,2,1,,,,,
2025-02-28,C10_EARNINGS_SEASON_TDNET_FAMILY_K2,C10_EARNINGS_SEASON_TDNET_FAMILY,2,2,,,,,
2025-03-03,C10_EARNINGS_SEASON_TDNET_FAMILY_K2,C10_EARNINGS_SEASON_TDNET_FAMILY,2,1,,,,,
2025-03-03,C10_EARNINGS_SEASON_TDNET_FAMILY_K2,C10_EARNINGS_SEASON_TDNET_FAMILY,2,2,,,,,
2025-03-04,C10_EARNINGS_SEASON_TDNET_FAMILY_K2,C10_EARNINGS_SEASON_TDNET_FAMILY,2,1,,,,,
2025-03-04,C10_EARNINGS_SEASON_TDNET_FAMILY_K2,C10_EARNINGS_SEASON_TDNET_FAMILY,2,2,,,,,
2025-03-05,C10_EARNINGS_SEASON_TDNET_FAMILY_K2,C10_EARNINGS_SEASON_TDNET_FAMILY,2,1,,,,,
2025-03-05,C10_EARNINGS_SEASON_TDNET_FAMILY_K2,C10_EARNINGS_SEASON_TDNET_FAMILY,2,2,,,,,
2025-03-06,C10_EARNINGS_SEASON_TDNET_FAMILY_K2,C10_EARNINGS_SEASON_TDNET_FAMILY,2,1,,,,,
2025-03-06,C10_EARNINGS_SEASON_TDNET_FAMILY_K2,C10_EARNINGS_SEASON_TDNET_FAMILY,2,2,,,,,
2025-03-07,C10_EARNINGS_SEASON_TDNET_FAMILY_K2,C10_EARNINGS_SEASON_TDNET_FAMILY,2,1,,,,,
2025-03-07,C10_EARNINGS_SEASON_TDNET_FAMILY_K2,C10_EARNINGS_SEASON_TDNET_FAMILY,2,2,,,,,
2025-03-10,C10_EARNINGS_SEASON_TDNET_FAMILY_K2,C10_EARNINGS_SEASON_TDNET_FAMILY,2,1,,,,,
2025-03-10,C10_EARNINGS_SEASON_TDNET_FAMILY_K2,C10_EARNINGS_SEASON_TDNET_FAMILY,2,2,,,,,
2025-03-11,C10_EARNINGS_SEASON_TDNET_FAMILY_K2,C10_EARNINGS_SEASON_TDNET_FAMILY,2,1,,,,,
2025-03-11,C10_EARNINGS_SEASON_TDNET_FAMILY_K2,C10_EARNINGS_SEASON_TDNET_FAMILY,2,2,,,,,
2025-03-12,C10_EARNINGS_SEASON_TDNET_FAMILY_K2,C10_EARNINGS_SEASON_TDNET_FAMILY,2,1,,,,,
2025-03-12,C10_EARNINGS_SEASON_TDNET_FAMILY_K2,C10_EARNINGS_SEASON_TDNET_FAMILY,2,2,,,,,
2025-03-13,C10_EARNINGS_SEASON_TDNET_FAMILY_K2,C10_EARNINGS_SEASON_TDNET_FAMILY,2,1,,,,,
2025-03-13,C10_EARNINGS_SEASON_TDNET_FAMILY_K2,C10_EARNINGS_SEASON_TDNET_FAMILY,2,2,,,,,
2025-03-14,C10_EARNINGS_SEASON_TDNET_FAMILY_K2,C10_EARNINGS_SEASON_TDNET_FAMILY,2,1,,,,,
2025-03-14,C10_EARNINGS_SEASON_TDNET_FAMILY_K2,C10_EARNINGS_SEASON_TDNET_FAMILY,2,2,,,,,
2025-03-17,C10_EARNINGS_SEASON_TDNET_FAMILY_K2,C10_EARNINGS_SEASON_TDNET_FAMILY,2,1,,,,,
2025-03-17,C10_EARNINGS_SEASON_TDNET_FAMILY_K2,C10_EARNINGS_SEASON_TDNET_FAMILY,2,2,,,,,
2025-03-18,C10_EARNINGS_SEASON_TDNET_FAMILY_K2,C10_EARNINGS_SEASON_TDNET_FAMILY,2,1,,,,,
2025-03-18,C10_EARNINGS_SEASON_TDNET_FAMILY_K2,C10_EARNINGS_SEASON_TDNET_FAMILY,2,2,,,,,
2025-03-19,C10_EARNINGS_SEASON_TDNET_FAMILY_K2,C10_EARNINGS_SEASON_TDNET_FAMILY,2,1,,,,,
2025-03-19,C10_EARNINGS_SEASON_TDNET_FAMILY_K2,C10_EARNINGS_SEASON_TDNET_FAMILY,2,2,,,,,
2025-03-21,C10_EARNINGS_SEASON_TDNET_FAMILY_K2,C10_EARNINGS_SEASON_TDNET_FAMILY,2,1,,,,,
2025-03-21,C10_EARNINGS_SEASON_TDNET_FAMILY_K2,C10_EARNINGS_SEASON_TDNET_FAMILY,2,2,,,,,
2025-03-24,C10_EARNINGS_SEASON_TDNET_FAMILY_K2,C10_EARNINGS_SEASON_TDNET_FAMILY,2,1,,,,,
2025-03-24,C10_EARNINGS_SEASON_TDNET_FAMILY_K2,C10_EARNINGS_SEASON_TDNET_FAMILY,2,2,,,,,
2025-03-25,C10_EARNINGS_SEASON_TDNET_FAMILY_K2,C10_EARNINGS_SEASON_TDNET_FAMILY,2,1,,,,,
2025-03-25,C10_EARNINGS_SEASON_TDNET_FAMILY_K2,C10_EARNINGS_SEASON_TDNET_FAMILY,2,2,,,,,
2025-03-26,C10_EARNINGS_SEASON_TDNET_FAMILY_K2,C10_EARNINGS_SEASON_TDNET_FAMILY,2,1,,,,,
2025-03-26,C10_EARNINGS_SEASON_TDNET_FAMILY_K2,C10_EARNINGS_SEASON_TDNET_FAMILY,2,2,,,,,
2025-03-27,C10_EARNINGS_SEASON_TDNET_FAMILY_K2,C10_EARNINGS_SEASON_TDNET_FAMILY,2,1,,,,,
2025-03-27,C10_EARNINGS_SEASON_TDNET_FAMILY_K2,C10_EARNINGS_SEASON_TDNET_FAMILY,2,2,,,,,
2025-03-28,C10_EARNINGS_SEASON_TDNET_FAMILY_K2,C10_EARNINGS_SEASON_TDNET_FAMILY,2,1,,,,,
2025-03-28,C10_EARNINGS_SEASON_TDNET_FAMILY_K2,C10_EARNINGS_SEASON_TDNET_FAMILY,2,2,,,,,
2025-03-31,C10_EARNINGS_SEASON_TDNET_FAMILY_K2,C10_EARNINGS_SEASON_TDNET_FAMILY,2,1,,,,,
2025-03-31,C10_EARNINGS_SEASON_TDNET_FAMILY_K2,C10_EARNINGS_SEASON_TDNET_FAMILY,2,2,,,,,
2025-04-01,C10_EARNINGS_SEASON_TDNET_FAMILY_K2,C10_EARNINGS_SEASON_TDNET_FAMILY,2,1,,,,,
2025-04-01,C10_EARNINGS_SEASON_TDNET_FAMILY_K2,C10_EARNINGS_SEASON_TDNET_FAMILY,2,2,,,,,
2025-04-02,C10_EARNINGS_SEASON_TDNET_FAMILY_K2,C10_EARNINGS_SEASON_TDNET_FAMILY,2,1,,,,,
2025-04-02,C10_EARNINGS_SEASON_TDNET_FAMILY_K2,C10_EARNINGS_SEASON_TDNET_FAMILY,2,2,,,,,
2025-04-03,C10_EARNINGS_SEASON_TDNET_FAMILY_K2,C10_EARNINGS_SEASON_TDNET_FAMILY,2,1,,,,,
2025-04-03,C10_EARNINGS_SEASON_TDNET_FAMILY_K2,C10_EARNINGS_SEASON_TDNET_FAMILY,2,2,,,,,
2025-04-04,C10_EARNINGS_SEASON_TDNET_FAMILY_K2,C10_EARNINGS_SEASON_TDNET_FAMILY,2,1,,,,,
2025-04-04,C10_EARNINGS_SEASON_TDNET_FAMILY_K2,C10_EARNINGS_SEASON_TDNET_FAMILY,2,2,,,,,
2025-04-07,C10_EARNINGS_SEASON_TDNET_FAMILY_K2,C10_EARNINGS_SEASON_TDNET_FAMILY,2,1,,,,,
2025-04-07,C10_EARNINGS_SEASON_TDNET_FAMILY_K2,C10_EARNINGS_SEASON_TDNET_FAMILY,2,2,,,,,
2025-04-08,C10_EARNINGS_SEASON_TDNET_FAMILY_K2,C10_EARNINGS_SEASON_TDNET_FAMILY,2,1,,,,,
2025-04-08,C10_EARNINGS_SEASON_TDNET_FAMILY_K2,C10_EARNINGS_SEASON_TDNET_FAMILY,2,2,,,,,
2025-04-09,C10_EARNINGS_SEASON_TDNET_FAMILY_K2,C10_EARNINGS_SEASON_TDNET_FAMILY,2,1,,,,,
2025-04-09,C10_EARNINGS_SEASON_TDNET_FAMILY_K2,C10_EARNINGS_SEASON_TDNET_FAMILY,2,2,,,,,
2025-04-10,C10_EARNINGS_SEASON_TDNET_FAMILY_K2,C10_EARNINGS_SEASON_TDNET_FAMILY,2,1,,,,,
2025-04-10,C10_EARNINGS_SEASON_TDNET_FAMILY_K2,C10_EARNINGS_SEASON_TDNET_FAMILY,2,2,,,,,
2025-04-11,C10_EARNINGS_SEASON_TDNET_FAMILY_K2,C10_EARNINGS_SEASON_TDNET_FAMILY,2,1,,,,,
2025-04-11,C10_EARNINGS_SEASON_TDNET_FAMILY_K2,C10_EARNINGS_SEASON_TDNET_FAMILY,2,2,,,,,
2025-04-14,C10_EARNINGS_SEASON_TDNET_FAMILY_K2,C10_EARNINGS_SEASON_TDNET_FAMILY,2,1,,,,,
2025-04-14,C10_EARNINGS_SEASON_TDNET_FAMILY_K2,C10_EARNINGS_SEASON_TDNET_FAMILY,2,2,,,,,
2025-04-15,C10_EARNINGS_SEASON_TDNET_FAMILY_K2,C10_EARNINGS_SEASON_TDNET_FAMILY,2,1,,,,,
2025-04-15,C10_EARNINGS_SEASON_TDNET_FAMILY_K2,C10_EARNINGS_SEASON_TDNET_FAMILY,2,2,,,,,
2025-04-16,C10_EARNINGS_SEASON_TDNET_FAMILY_K2,C10_EARNINGS_SEASON_TDNET_FAMILY,2,1,,,,,
2025-04-16,C10_EARNINGS_SEASON_TDNET_FAMILY_K2,C10_EARNINGS_SEASON_TDNET_FAMILY,2,2,,,,,
2025-04-17,C10_EARNINGS_SEASON_TDNET_FAMILY_K2,C10_EARNINGS_SEASON_TDNET_FAMILY,2,1,,,,,
2025-04-17,C10_EARNINGS_SEASON_TDNET_FAMILY_K2,C10_EARNINGS_SEASON_TDNET_FAMILY,2,2,,,,,
2025-04-18,C10_EARNINGS_SEASON_TDNET_FAMILY_K2,C10_EARNINGS_SEASON_TDNET_FAMILY,2,1,,,,,
2025-04-18,C10_EARNINGS_SEASON_TDNET_FAMILY_K2,C10_EARNINGS_SEASON_TDNET_FAMILY,2,2,,,,,
2025-04-21,C10_EARNINGS_SEASON_TDNET_FAMILY_K2,C10_EARNINGS_SEASON_TDNET_FAMILY,2,1,,,,,
2025-04-21,C10_EARNINGS_SEASON_TDNET_FAMILY_K2,C10_EARNINGS_SEASON_TDNET_FAMILY,2,2,,,,,
2025-04-22,C10_EARNINGS_SEASON_TDNET_FAMILY_K2,C10_EARNINGS_SEASON_TDNET_FAMILY,2,1,,,,,
2025-04-22,C10_EARNINGS_SEASON_TDNET_FAMILY_K2,C10_EARNINGS_SEASON_TDNET_FAMILY,2,2,,,,,
2025-04-23,C10_EARNINGS_SEASON_TDNET_FAMILY_K2,C10_EARNINGS_SEASON_TDNET_FAMILY,2,1,,,,,
2025-04-23,C10_EARNINGS_SEASON_TDNET_FAMILY_K2,C10_EARNINGS_SEASON_TDNET_FAMILY,2,2,,,,,
2025-04-24,C10_EARNINGS_SEASON_TDNET_FAMILY_K2,C10_EARNINGS_SEASON_TDNET_FAMILY,2,1,,,,,
2025-04-24,C10_EARNINGS_SEASON_TDNET_FAMILY_K2,C10_EARNINGS_SEASON_TDNET_FAMILY,2,2,,,,,
2025-04-25,C10_EARNINGS_SEASON_TDNET_FAMILY_K2,C10_EARNINGS_SEASON_TDNET_FAMILY,2,1,,,,,
2025-04-25,C10_EARNINGS_SEASON_TDNET_FAMILY_K2,C10_EARNINGS_SEASON_TDNET_FAMILY,2,2,,,,,
2025-04-28,C10_EARNINGS_SEASON_TDNET_FAMILY_K2,C10_EARNINGS_SEASON_TDNET_FAMILY,2,1,,,,,
2025-04-28,C10_EARNINGS_SEASON_TDNET_FAMILY_K2,C10_EARNINGS_SEASON_TDNET_FAMILY,2,2,,,,,
2025-04-30,C10_EARNINGS_SEASON_TDNET_FAMILY_K2,C10_EARNINGS_SEASON_TDNET_FAMILY,2,1,,,,,
2025-04-30,C10_EARNINGS_SEASON_TDNET_FAMILY_K2,C10_EARNINGS_SEASON_TDNET_FAMILY,2,2,,,,,
2025-05-01,C10_EARNINGS_SEASON_TDNET_FAMILY_K2,C10_EARNINGS_SEASON_TDNET_FAMILY,2,1,2158,ＦＲＯＮＴＥＯ,0.458112970153064,0.16694490818029983,1.0
2025-05-01,C10_EARNINGS_SEASON_TDNET_FAMILY_K2,C10_EARNINGS_SEASON_TDNET_FAMILY,2,2,,,,,
2025-05-02,C10_EARNINGS_SEASON_TDNET_FAMILY_K2,C10_EARNINGS_SEASON_TDNET_FAMILY,2,1,,,,,
2025-05-02,C10_EARNINGS_SEASON_TDNET_FAMILY_K2,C10_EARNINGS_SEASON_TDNET_FAMILY,2,2,,,,,
2025-05-07,C10_EARNINGS_SEASON_TDNET_FAMILY_K2,C10_EARNINGS_SEASON_TDNET_FAMILY,2,1,,,,,
2025-05-07,C10_EARNINGS_SEASON_TDNET_FAMILY_K2,C10_EARNINGS_SEASON_TDNET_FAMILY,2,2,,,,,
2025-05-08,C10_EARNINGS_SEASON_TDNET_FAMILY_K2,C10_EARNINGS_SEASON_TDNET_FAMILY,2,1,,,,,
2025-05-08,C10_EARNINGS_SEASON_TDNET_FAMILY_K2,C10_EARNINGS_SEASON_TDNET_FAMILY,2,2,,,,,
2025-05-09,C10_EARNINGS_SEASON_TDNET_FAMILY_K2,C10_EARNINGS_SEASON_TDNET_FAMILY,2,1,,,,,
2025-05-09,C10_EARNINGS_SEASON_TDNET_FAMILY_K2,C10_EARNINGS_SEASON_TDNET_FAMILY,2,2,,,,,
2025-05-12,C10_EARNINGS_SEASON_TDNET_FAMILY_K2,C10_EARNINGS_SEASON_TDNET_FAMILY,2,1,,,,,
2025-05-12,C10_EARNINGS_SEASON_TDNET_FAMILY_K2,C10_EARNINGS_SEASON_TDNET_FAMILY,2,2,,,,,
2025-05-13,C10_EARNINGS_SEASON_TDNET_FAMILY_K2,C10_EARNINGS_SEASON_TDNET_FAMILY,2,1,,,,,
2025-05-13,C10_EARNINGS_SEASON_TDNET_FAMILY_K2,C10_EARNINGS_SEASON_TDNET_FAMILY,2,2,,,,,
2025-05-14,C10_EARNINGS_SEASON_TDNET_FAMILY_K2,C10_EARNINGS_SEASON_TDNET_FAMILY,2,1,,,,,
2025-05-14,C10_EARNINGS_SEASON_TDNET_FAMILY_K2,C10_EARNINGS_SEASON_TDNET_FAMILY,2,2,,,,,
2025-05-15,C10_EARNINGS_SEASON_TDNET_FAMILY_K2,C10_EARNINGS_SEASON_TDNET_FAMILY,2,1,,,,,
2025-05-15,C10_EARNINGS_SEASON_TDNET_FAMILY_K2,C10_EARNINGS_SEASON_TDNET_FAMILY,2,2,,,,,
2025-05-16,C10_EARNINGS_SEASON_TDNET_FAMILY_K2,C10_EARNINGS_SEASON_TDNET_FAMILY,2,1,,,,,
2025-05-16,C10_EARNINGS_SEASON_TDNET_FAMILY_K2,C10_EARNINGS_SEASON_TDNET_FAMILY,2,2,,,,,
2025-05-19,C10_EARNINGS_SEASON_TDNET_FAMILY_K2,C10_EARNINGS_SEASON_TDNET_FAMILY,2,1,,,,,
2025-05-19,C10_EARNINGS_SEASON_TDNET_FAMILY_K2,C10_EARNINGS_SEASON_TDNET_FAMILY,2,2,,,,,
2025-05-20,C10_EARNINGS_SEASON_TDNET_FAMILY_K2,C10_EARNINGS_SEASON_TDNET_FAMILY,2,1,,,,,
2025-05-20,C10_EARNINGS_SEASON_TDNET_FAMILY_K2,C10_EARNINGS_SEASON_TDNET_FAMILY,2,2,,,,,
2025-05-21,C10_EARNINGS_SEASON_TDNET_FAMILY_K2,C10_EARNINGS_SEASON_TDNET_FAMILY,2,1,,,,,
2025-05-21,C10_EARNINGS_SEASON_TDNET_FAMILY_K2,C10_EARNINGS_SEASON_TDNET_FAMILY,2,2,,,,,
2025-05-22,C10_EARNINGS_SEASON_TDNET_FAMILY_K2,C10_EARNINGS_SEASON_TDNET_FAMILY,2,1,,,,,
2025-05-22,C10_EARNINGS_SEASON_TDNET_FAMILY_K2,C10_EARNINGS_SEASON_TDNET_FAMILY,2,2,,,,,
2025-05-23,C10_EARNINGS_SEASON_TDNET_FAMILY_K2,C10_EARNINGS_SEASON_TDNET_FAMILY,2,1,,,,,
2025-05-23,C10_EARNINGS_SEASON_TDNET_FAMILY_K2,C10_EARNINGS_SEASON_TDNET_FAMILY,2,2,,,,,
2025-05-26,C10_EARNINGS_SEASON_TDNET_FAMILY_K2,C10_EARNINGS_SEASON_TDNET_FAMILY,2,1,,,,,
2025-05-26,C10_EARNINGS_SEASON_TDNET_FAMILY_K2,C10_EARNINGS_SEASON_TDNET_FAMILY,2,2,,,,,
2025-05-27,C10_EARNINGS_SEASON_TDNET_FAMILY_K2,C10_EARNINGS_SEASON_TDNET_FAMILY,2,1,,,,,
2025-05-27,C10_EARNINGS_SEASON_TDNET_FAMILY_K2,C10_EARNINGS_SEASON_TDNET_FAMILY,2,2,,,,,
2025-05-28,C10_EARNINGS_SEASON_TDNET_FAMILY_K2,C10_EARNINGS_SEASON_TDNET_FAMILY,2,1,,,,,
2025-05-28,C10_EARNINGS_SEASON_TDNET_FAMILY_K2,C10_EARNINGS_SEASON_TDNET_FAMILY,2,2,,,,,
2025-05-29,C10_EARNINGS_SEASON_TDNET_FAMILY_K2,C10_EARNINGS_SEASON_TDNET_FAMILY,2,1,,,,,
2025-05-29,C10_EARNINGS_SEASON_TDNET_FAMILY_K2,C10_EARNINGS_SEASON_TDNET_FAMILY,2,2,,,,,
2025-05-30,C10_EARNINGS_SEASON_TDNET_FAMILY_K2,C10_EARNINGS_SEASON_TDNET_FAMILY,2,1,,,,,
2025-05-30,C10_EARNINGS_SEASON_TDNET_FAMILY_K2,C10_EARNINGS_SEASON_TDNET_FAMILY,2,2,,,,,
2025-06-02,C10_EARNINGS_SEASON_TDNET_FAMILY_K2,C10_EARNINGS_SEASON_TDNET_FAMILY,2,1,,,,,
2025-06-02,C10_EARNINGS_SEASON_TDNET_FAMILY_K2,C10_EARNINGS_SEASON_TDNET_FAMILY,2,2,,,,,
2025-06-03,C10_EARNINGS_SEASON_TDNET_FAMILY_K2,C10_EARNINGS_SEASON_TDNET_FAMILY,2,1,,,,,
2025-06-03,C10_EARNINGS_SEASON_TDNET_FAMILY_K2,C10_EARNINGS_SEASON_TDNET_FAMILY,2,2,,,,,
2025-06-04,C10_EARNINGS_SEASON_TDNET_FAMILY_K2,C10_EARNINGS_SEASON_TDNET_FAMILY,2,1,,,,,
2025-06-04,C10_EARNINGS_SEASON_TDNET_FAMILY_K2,C10_EARNINGS_SEASON_TDNET_FAMILY,2,2,,,,,
2025-06-05,C10_EARNINGS_SEASON_TDNET_FAMILY_K2,C10_EARNINGS_SEASON_TDNET_FAMILY,2,1,,,,,
2025-06-05,C10_EARNINGS_SEASON_TDNET_FAMILY_K2,C10_EARNINGS_SEASON_TDNET_FAMILY,2,2,,,,,
2025-06-06,C10_EARNINGS_SEASON_TDNET_FAMILY_K2,C10_EARNINGS_SEASON_TDNET_FAMILY,2,1,,,,,
2025-06-06,C10_EARNINGS_SEASON_TDNET_FAMILY_K2,C10_EARNINGS_SEASON_TDNET_FAMILY,2,2,,,,,
2025-06-09,C10_EARNINGS_SEASON_TDNET_FAMILY_K2,C10_EARNINGS_SEASON_TDNET_FAMILY,2,1,,,,,
2025-06-09,C10_EARNINGS_SEASON_TDNET_FAMILY_K2,C10_EARNINGS_SEASON_TDNET_FAMILY,2,2,,,,,
2025-06-10,C10_EARNINGS_SEASON_TDNET_FAMILY_K2,C10_EARNINGS_SEASON_TDNET_FAMILY,2,1,,,,,
2025-06-10,C10_EARNINGS_SEASON_TDNET_FAMILY_K2,C10_EARNINGS_SEASON_TDNET_FAMILY,2,2,,,,,
2025-06-11,C10_EARNINGS_SEASON_TDNET_FAMILY_K2,C10_EARNINGS_SEASON_TDNET_FAMILY,2,1,,,,,
2025-06-11,C10_EARNINGS_SEASON_TDNET_FAMILY_K2,C10_EARNINGS_SEASON_TDNET_FAMILY,2,2,,,,,
2025-06-12,C10_EARNINGS_SEASON_TDNET_FAMILY_K2,C10_EARNINGS_SEASON_TDNET_FAMILY,2,1,,,,,
2025-06-12,C10_EARNINGS_SEASON_TDNET_FAMILY_K2,C10_EARNINGS_SEASON_TDNET_FAMILY,2,2,,,,,
2025-06-13,C10_EARNINGS_SEASON_TDNET_FAMILY_K2,C10_EARNINGS_SEASON_TDNET_FAMILY,2,1,,,,,
2025-06-13,C10_EARNINGS_SEASON_TDNET_FAMILY_K2,C10_EARNINGS_SEASON_TDNET_FAMILY,2,2,,,,,
2025-06-16,C10_EARNINGS_SEASON_TDNET_FAMILY_K2,C10_EARNINGS_SEASON_TDNET_FAMILY,2,1,,,,,
2025-06-16,C10_EARNINGS_SEASON_TDNET_FAMILY_K2,C10_EARNINGS_SEASON_TDNET_FAMILY,2,2,,,,,
2025-06-17,C10_EARNINGS_SEASON_TDNET_FAMILY_K2,C10_EARNINGS_SEASON_TDNET_FAMILY,2,1,,,,,
2025-06-17,C10_EARNINGS_SEASON_TDNET_FAMILY_K2,C10_EARNINGS_SEASON_TDNET_FAMILY,2,2,,,,,
2025-06-18,C10_EARNINGS_SEASON_TDNET_FAMILY_K2,C10_EARNINGS_SEASON_TDNET_FAMILY,2,1,,,,,
2025-06-18,C10_EARNINGS_SEASON_TDNET_FAMILY_K2,C10_EARNINGS_SEASON_TDNET_FAMILY,2,2,,,,,
2025-06-19,C10_EARNINGS_SEASON_TDNET_FAMILY_K2,C10_EARNINGS_SEASON_TDNET_FAMILY,2,1,,,,,
2025-06-19,C10_EARNINGS_SEASON_TDNET_FAMILY_K2,C10_EARNINGS_SEASON_TDNET_FAMILY,2,2,,,,,
2025-06-20,C10_EARNINGS_SEASON_TDNET_FAMILY_K2,C10_EARNINGS_SEASON_TDNET_FAMILY,2,1,,,,,
2025-06-20,C10_EARNINGS_SEASON_TDNET_FAMILY_K2,C10_EARNINGS_SEASON_TDNET_FAMILY,2,2,,,,,
2025-06-23,C10_EARNINGS_SEASON_TDNET_FAMILY_K2,C10_EARNINGS_SEASON_TDNET_FAMILY,2,1,,,,,
2025-06-23,C10_EARNINGS_SEASON_TDNET_FAMILY_K2,C10_EARNINGS_SEASON_TDNET_FAMILY,2,2,,,,,
2025-06-24,C10_EARNINGS_SEASON_TDNET_FAMILY_K2,C10_EARNINGS_SEASON_TDNET_FAMILY,2,1,,,,,
2025-06-24,C10_EARNINGS_SEASON_TDNET_FAMILY_K2,C10_EARNINGS_SEASON_TDNET_FAMILY,2,2,,,,,
2025-06-25,C10_EARNINGS_SEASON_TDNET_FAMILY_K2,C10_EARNINGS_SEASON_TDNET_FAMILY,2,1,,,,,
2025-06-25,C10_EARNINGS_SEASON_TDNET_FAMILY_K2,C10_EARNINGS_SEASON_TDNET_FAMILY,2,2,,,,,
2025-06-26,C10_EARNINGS_SEASON_TDNET_FAMILY_K2,C10_EARNINGS_SEASON_TDNET_FAMILY,2,1,,,,,
2025-06-26,C10_EARNINGS_SEASON_TDNET_FAMILY_K2,C10_EARNINGS_SEASON_TDNET_FAMILY,2,2,,,,,
2025-06-27,C10_EARNINGS_SEASON_TDNET_FAMILY_K2,C10_EARNINGS_SEASON_TDNET_FAMILY,2,1,,,,,
2025-06-27,C10_EARNINGS_SEASON_TDNET_FAMILY_K2,C10_EARNINGS_SEASON_TDNET_FAMILY,2,2,,,,,
2025-06-30,C10_EARNINGS_SEASON_TDNET_FAMILY_K2,C10_EARNINGS_SEASON_TDNET_FAMILY,2,1,,,,,
2025-06-30,C10_EARNINGS_SEASON_TDNET_FAMILY_K2,C10_EARNINGS_SEASON_TDNET_FAMILY,2,2,,,,,
2025-07-01,C10_EARNINGS_SEASON_TDNET_FAMILY_K2,C10_EARNINGS_SEASON_TDNET_FAMILY,2,1,,,,,
2025-07-01,C10_EARNINGS_SEASON_TDNET_FAMILY_K2,C10_EARNINGS_SEASON_TDNET_FAMILY,2,2,,,,,
2025-07-02,C10_EARNINGS_SEASON_TDNET_FAMILY_K2,C10_EARNINGS_SEASON_TDNET_FAMILY,2,1,,,,,
2025-07-02,C10_EARNINGS_SEASON_TDNET_FAMILY_K2,C10_EARNINGS_SEASON_TDNET_FAMILY,2,2,,,,,
2025-07-03,C10_EARNINGS_SEASON_TDNET_FAMILY_K2,C10_EARNINGS_SEASON_TDNET_FAMILY,2,1,,,,,
2025-07-03,C10_EARNINGS_SEASON_TDNET_FAMILY_K2,C10_EARNINGS_SEASON_TDNET_FAMILY,2,2,,,,,
2025-07-04,C10_EARNINGS_SEASON_TDNET_FAMILY_K2,C10_EARNINGS_SEASON_TDNET_FAMILY,2,1,,,,,
2025-07-04,C10_EARNINGS_SEASON_TDNET_FAMILY_K2,C10_EARNINGS_SEASON_TDNET_FAMILY,2,2,,,,,
2025-07-07,C10_EARNINGS_SEASON_TDNET_FAMILY_K2,C10_EARNINGS_SEASON_TDNET_FAMILY,2,1,,,,,
2025-07-07,C10_EARNINGS_SEASON_TDNET_FAMILY_K2,C10_EARNINGS_SEASON_TDNET_FAMILY,2,2,,,,,
2025-07-08,C10_EARNINGS_SEASON_TDNET_FAMILY_K2,C10_EARNINGS_SEASON_TDNET_FAMILY,2,1,,,,,
2025-07-08,C10_EARNINGS_SEASON_TDNET_FAMILY_K2,C10_EARNINGS_SEASON_TDNET_FAMILY,2,2,,,,,
2025-07-09,C10_EARNINGS_SEASON_TDNET_FAMILY_K2,C10_EARNINGS_SEASON_TDNET_FAMILY,2,1,,,,,
2025-07-09,C10_EARNINGS_SEASON_TDNET_FAMILY_K2,C10_EARNINGS_SEASON_TDNET_FAMILY,2,2,,,,,
2025-07-10,C10_EARNINGS_SEASON_TDNET_FAMILY_K2,C10_EARNINGS_SEASON_TDNET_FAMILY,2,1,,,,,
2025-07-10,C10_EARNINGS_SEASON_TDNET_FAMILY_K2,C10_EARNINGS_SEASON_TDNET_FAMILY,2,2,,,,,
2025-07-11,C10_EARNINGS_SEASON_TDNET_FAMILY_K2,C10_EARNINGS_SEASON_TDNET_FAMILY,2,1,,,,,
2025-07-11,C10_EARNINGS_SEASON_TDNET_FAMILY_K2,C10_EARNINGS_SEASON_TDNET_FAMILY,2,2,,,,,
2025-07-14,C10_EARNINGS_SEASON_TDNET_FAMILY_K2,C10_EARNINGS_SEASON_TDNET_FAMILY,2,1,,,,,
2025-07-14,C10_EARNINGS_SEASON_TDNET_FAMILY_K2,C10_EARNINGS_SEASON_TDNET_FAMILY,2,2,,,,,
2025-07-15,C10_EARNINGS_SEASON_TDNET_FAMILY_K2,C10_EARNINGS_SEASON_TDNET_FAMILY,2,1,,,,,
2025-07-15,C10_EARNINGS_SEASON_TDNET_FAMILY_K2,C10_EARNINGS_SEASON_TDNET_FAMILY,2,2,,,,,
2025-07-16,C10_EARNINGS_SEASON_TDNET_FAMILY_K2,C10_EARNINGS_SEASON_TDNET_FAMILY,2,1,,,,,
2025-07-16,C10_EARNINGS_SEASON_TDNET_FAMILY_K2,C10_EARNINGS_SEASON_TDNET_FAMILY,2,2,,,,,
2025-07-17,C10_EARNINGS_SEASON_TDNET_FAMILY_K2,C10_EARNINGS_SEASON_TDNET_FAMILY,2,1,,,,,
2025-07-17,C10_EARNINGS_SEASON_TDNET_FAMILY_K2,C10_EARNINGS_SEASON_TDNET_FAMILY,2,2,,,,,
2025-07-18,C10_EARNINGS_SEASON_TDNET_FAMILY_K2,C10_EARNINGS_SEASON_TDNET_FAMILY,2,1,,,,,
2025-07-18,C10_EARNINGS_SEASON_TDNET_FAMILY_K2,C10_EARNINGS_SEASON_TDNET_FAMILY,2,2,,,,,
2025-07-22,C10_EARNINGS_SEASON_TDNET_FAMILY_K2,C10_EARNINGS_SEASON_TDNET_FAMILY,2,1,,,,,
2025-07-22,C10_EARNINGS_SEASON_TDNET_FAMILY_K2,C10_EARNINGS_SEASON_TDNET_FAMILY,2,2,,,,,
2025-07-23,C10_EARNINGS_SEASON_TDNET_FAMILY_K2,C10_EARNINGS_SEASON_TDNET_FAMILY,2,1,,,,,
2025-07-23,C10_EARNINGS_SEASON_TDNET_FAMILY_K2,C10_EARNINGS_SEASON_TDNET_FAMILY,2,2,,,,,
2025-07-24,C10_EARNINGS_SEASON_TDNET_FAMILY_K2,C10_EARNINGS_SEASON_TDNET_FAMILY,2,1,,,,,
2025-07-24,C10_EARNINGS_SEASON_TDNET_FAMILY_K2,C10_EARNINGS_SEASON_TDNET_FAMILY,2,2,,,,,
2025-07-25,C10_EARNINGS_SEASON_TDNET_FAMILY_K2,C10_EARNINGS_SEASON_TDNET_FAMILY,2,1,,,,,
2025-07-25,C10_EARNINGS_SEASON_TDNET_FAMILY_K2,C10_EARNINGS_SEASON_TDNET_FAMILY,2,2,,,,,
2025-07-28,C10_EARNINGS_SEASON_TDNET_FAMILY_K2,C10_EARNINGS_SEASON_TDNET_FAMILY,2,1,,,,,
2025-07-28,C10_EARNINGS_SEASON_TDNET_FAMILY_K2,C10_EARNINGS_SEASON_TDNET_FAMILY,2,2,,,,,
2025-07-29,C10_EARNINGS_SEASON_TDNET_FAMILY_K2,C10_EARNINGS_SEASON_TDNET_FAMILY,2,1,,,,,
2025-07-29,C10_EARNINGS_SEASON_TDNET_FAMILY_K2,C10_EARNINGS_SEASON_TDNET_FAMILY,2,2,,,,,
2025-07-30,C10_EARNINGS_SEASON_TDNET_FAMILY_K2,C10_EARNINGS_SEASON_TDNET_FAMILY,2,1,,,,,
2025-07-30,C10_EARNINGS_SEASON_TDNET_FAMILY_K2,C10_EARNINGS_SEASON_TDNET_FAMILY,2,2,,,,,
2025-07-31,C10_EARNINGS_SEASON_TDNET_FAMILY_K2,C10_EARNINGS_SEASON_TDNET_FAMILY,2,1,,,,,
2025-07-31,C10_EARNINGS_SEASON_TDNET_FAMILY_K2,C10_EARNINGS_SEASON_TDNET_FAMILY,2,2,,,,,
2024-07-01,C11_RELEASE_CLOCK_FAMILY_EB_K1,C11_RELEASE_CLOCK_FAMILY_EB,1,1,,,,,
2024-07-02,C11_RELEASE_CLOCK_FAMILY_EB_K1,C11_RELEASE_CLOCK_FAMILY_EB,1,1,,,,,
2024-07-03,C11_RELEASE_CLOCK_FAMILY_EB_K1,C11_RELEASE_CLOCK_FAMILY_EB,1,1,,,,,
2024-07-04,C11_RELEASE_CLOCK_FAMILY_EB_K1,C11_RELEASE_CLOCK_FAMILY_EB,1,1,,,,,
2024-07-05,C11_RELEASE_CLOCK_FAMILY_EB_K1,C11_RELEASE_CLOCK_FAMILY_EB,1,1,,,,,
2024-07-08,C11_RELEASE_CLOCK_FAMILY_EB_K1,C11_RELEASE_CLOCK_FAMILY_EB,1,1,,,,,
2024-07-09,C11_RELEASE_CLOCK_FAMILY_EB_K1,C11_RELEASE_CLOCK_FAMILY_EB,1,1,,,,,
2024-07-10,C11_RELEASE_CLOCK_FAMILY_EB_K1,C11_RELEASE_CLOCK_FAMILY_EB,1,1,,,,,
2024-07-11,C11_RELEASE_CLOCK_FAMILY_EB_K1,C11_RELEASE_CLOCK_FAMILY_EB,1,1,,,,,
2024-07-12,C11_RELEASE_CLOCK_FAMILY_EB_K1,C11_RELEASE_CLOCK_FAMILY_EB,1,1,,,,,
2024-07-16,C11_RELEASE_CLOCK_FAMILY_EB_K1,C11_RELEASE_CLOCK_FAMILY_EB,1,1,,,,,
2024-07-17,C11_RELEASE_CLOCK_FAMILY_EB_K1,C11_RELEASE_CLOCK_FAMILY_EB,1,1,,,,,
2024-07-18,C11_RELEASE_CLOCK_FAMILY_EB_K1,C11_RELEASE_CLOCK_FAMILY_EB,1,1,,,,,
2024-07-19,C11_RELEASE_CLOCK_FAMILY_EB_K1,C11_RELEASE_CLOCK_FAMILY_EB,1,1,,,,,
2024-07-22,C11_RELEASE_CLOCK_FAMILY_EB_K1,C11_RELEASE_CLOCK_FAMILY_EB,1,1,,,,,
2024-07-23,C11_RELEASE_CLOCK_FAMILY_EB_K1,C11_RELEASE_CLOCK_FAMILY_EB,1,1,,,,,
2024-07-24,C11_RELEASE_CLOCK_FAMILY_EB_K1,C11_RELEASE_CLOCK_FAMILY_EB,1,1,,,,,
2024-07-25,C11_RELEASE_CLOCK_FAMILY_EB_K1,C11_RELEASE_CLOCK_FAMILY_EB,1,1,,,,,
2024-07-26,C11_RELEASE_CLOCK_FAMILY_EB_K1,C11_RELEASE_CLOCK_FAMILY_EB,1,1,,,,,
2024-07-29,C11_RELEASE_CLOCK_FAMILY_EB_K1,C11_RELEASE_CLOCK_FAMILY_EB,1,1,,,,,
2024-07-30,C11_RELEASE_CLOCK_FAMILY_EB_K1,C11_RELEASE_CLOCK_FAMILY_EB,1,1,,,,,
2024-07-31,C11_RELEASE_CLOCK_FAMILY_EB_K1,C11_RELEASE_CLOCK_FAMILY_EB,1,1,,,,,
2024-08-01,C11_RELEASE_CLOCK_FAMILY_EB_K1,C11_RELEASE_CLOCK_FAMILY_EB,1,1,,,,,
2024-08-02,C11_RELEASE_CLOCK_FAMILY_EB_K1,C11_RELEASE_CLOCK_FAMILY_EB,1,1,,,,,
2024-08-05,C11_RELEASE_CLOCK_FAMILY_EB_K1,C11_RELEASE_CLOCK_FAMILY_EB,1,1,,,,,
2024-08-06,C11_RELEASE_CLOCK_FAMILY_EB_K1,C11_RELEASE_CLOCK_FAMILY_EB,1,1,,,,,
2024-08-07,C11_RELEASE_CLOCK_FAMILY_EB_K1,C11_RELEASE_CLOCK_FAMILY_EB,1,1,,,,,
2024-08-08,C11_RELEASE_CLOCK_FAMILY_EB_K1,C11_RELEASE_CLOCK_FAMILY_EB,1,1,,,,,
2024-08-09,C11_RELEASE_CLOCK_FAMILY_EB_K1,C11_RELEASE_CLOCK_FAMILY_EB,1,1,,,,,
2024-08-13,C11_RELEASE_CLOCK_FAMILY_EB_K1,C11_RELEASE_CLOCK_FAMILY_EB,1,1,,,,,
2024-08-14,C11_RELEASE_CLOCK_FAMILY_EB_K1,C11_RELEASE_CLOCK_FAMILY_EB,1,1,,,,,
2024-08-15,C11_RELEASE_CLOCK_FAMILY_EB_K1,C11_RELEASE_CLOCK_FAMILY_EB,1,1,,,,,
2024-08-16,C11_RELEASE_CLOCK_FAMILY_EB_K1,C11_RELEASE_CLOCK_FAMILY_EB,1,1,,,,,
2024-08-19,C11_RELEASE_CLOCK_FAMILY_EB_K1,C11_RELEASE_CLOCK_FAMILY_EB,1,1,,,,,
2024-08-20,C11_RELEASE_CLOCK_FAMILY_EB_K1,C11_RELEASE_CLOCK_FAMILY_EB,1,1,,,,,
2024-08-21,C11_RELEASE_CLOCK_FAMILY_EB_K1,C11_RELEASE_CLOCK_FAMILY_EB,1,1,,,,,
2024-08-22,C11_RELEASE_CLOCK_FAMILY_EB_K1,C11_RELEASE_CLOCK_FAMILY_EB,1,1,,,,,
2024-08-23,C11_RELEASE_CLOCK_FAMILY_EB_K1,C11_RELEASE_CLOCK_FAMILY_EB,1,1,,,,,
2024-08-26,C11_RELEASE_CLOCK_FAMILY_EB_K1,C11_RELEASE_CLOCK_FAMILY_EB,1,1,,,,,
2024-08-27,C11_RELEASE_CLOCK_FAMILY_EB_K1,C11_RELEASE_CLOCK_FAMILY_EB,1,1,,,,,
2024-08-28,C11_RELEASE_CLOCK_FAMILY_EB_K1,C11_RELEASE_CLOCK_FAMILY_EB,1,1,,,,,
2024-08-29,C11_RELEASE_CLOCK_FAMILY_EB_K1,C11_RELEASE_CLOCK_FAMILY_EB,1,1,,,,,
2024-08-30,C11_RELEASE_CLOCK_FAMILY_EB_K1,C11_RELEASE_CLOCK_FAMILY_EB,1,1,,,,,
2024-09-02,C11_RELEASE_CLOCK_FAMILY_EB_K1,C11_RELEASE_CLOCK_FAMILY_EB,1,1,,,,,
2024-09-03,C11_RELEASE_CLOCK_FAMILY_EB_K1,C11_RELEASE_CLOCK_FAMILY_EB,1,1,,,,,
2024-09-04,C11_RELEASE_CLOCK_FAMILY_EB_K1,C11_RELEASE_CLOCK_FAMILY_EB,1,1,,,,,
2024-09-05,C11_RELEASE_CLOCK_FAMILY_EB_K1,C11_RELEASE_CLOCK_FAMILY_EB,1,1,,,,,
2024-09-06,C11_RELEASE_CLOCK_FAMILY_EB_K1,C11_RELEASE_CLOCK_FAMILY_EB,1,1,,,,,
2024-09-09,C11_RELEASE_CLOCK_FAMILY_EB_K1,C11_RELEASE_CLOCK_FAMILY_EB,1,1,,,,,
2024-09-10,C11_RELEASE_CLOCK_FAMILY_EB_K1,C11_RELEASE_CLOCK_FAMILY_EB,1,1,,,,,
2024-09-11,C11_RELEASE_CLOCK_FAMILY_EB_K1,C11_RELEASE_CLOCK_FAMILY_EB,1,1,,,,,
2024-09-12,C11_RELEASE_CLOCK_FAMILY_EB_K1,C11_RELEASE_CLOCK_FAMILY_EB,1,1,,,,,
2024-09-13,C11_RELEASE_CLOCK_FAMILY_EB_K1,C11_RELEASE_CLOCK_FAMILY_EB,1,1,,,,,
2024-09-17,C11_RELEASE_CLOCK_FAMILY_EB_K1,C11_RELEASE_CLOCK_FAMILY_EB,1,1,,,,,
2024-09-18,C11_RELEASE_CLOCK_FAMILY_EB_K1,C11_RELEASE_CLOCK_FAMILY_EB,1,1,,,,,
2024-09-19,C11_RELEASE_CLOCK_FAMILY_EB_K1,C11_RELEASE_CLOCK_FAMILY_EB,1,1,,,,,
2024-09-20,C11_RELEASE_CLOCK_FAMILY_EB_K1,C11_RELEASE_CLOCK_FAMILY_EB,1,1,,,,,
2024-09-24,C11_RELEASE_CLOCK_FAMILY_EB_K1,C11_RELEASE_CLOCK_FAMILY_EB,1,1,,,,,
2024-09-25,C11_RELEASE_CLOCK_FAMILY_EB_K1,C11_RELEASE_CLOCK_FAMILY_EB,1,1,,,,,
2024-09-26,C11_RELEASE_CLOCK_FAMILY_EB_K1,C11_RELEASE_CLOCK_FAMILY_EB,1,1,,,,,
2024-09-27,C11_RELEASE_CLOCK_FAMILY_EB_K1,C11_RELEASE_CLOCK_FAMILY_EB,1,1,,,,,
2024-09-30,C11_RELEASE_CLOCK_FAMILY_EB_K1,C11_RELEASE_CLOCK_FAMILY_EB,1,1,,,,,
2024-10-01,C11_RELEASE_CLOCK_FAMILY_EB_K1,C11_RELEASE_CLOCK_FAMILY_EB,1,1,,,,,
2024-10-02,C11_RELEASE_CLOCK_FAMILY_EB_K1,C11_RELEASE_CLOCK_FAMILY_EB,1,1,,,,,
2024-10-03,C11_RELEASE_CLOCK_FAMILY_EB_K1,C11_RELEASE_CLOCK_FAMILY_EB,1,1,,,,,
2024-10-04,C11_RELEASE_CLOCK_FAMILY_EB_K1,C11_RELEASE_CLOCK_FAMILY_EB,1,1,,,,,
2024-10-07,C11_RELEASE_CLOCK_FAMILY_EB_K1,C11_RELEASE_CLOCK_FAMILY_EB,1,1,,,,,
2024-10-08,C11_RELEASE_CLOCK_FAMILY_EB_K1,C11_RELEASE_CLOCK_FAMILY_EB,1,1,,,,,
2024-10-09,C11_RELEASE_CLOCK_FAMILY_EB_K1,C11_RELEASE_CLOCK_FAMILY_EB,1,1,,,,,
2024-10-10,C11_RELEASE_CLOCK_FAMILY_EB_K1,C11_RELEASE_CLOCK_FAMILY_EB,1,1,,,,,
2024-10-11,C11_RELEASE_CLOCK_FAMILY_EB_K1,C11_RELEASE_CLOCK_FAMILY_EB,1,1,,,,,
2024-10-15,C11_RELEASE_CLOCK_FAMILY_EB_K1,C11_RELEASE_CLOCK_FAMILY_EB,1,1,,,,,
2024-10-16,C11_RELEASE_CLOCK_FAMILY_EB_K1,C11_RELEASE_CLOCK_FAMILY_EB,1,1,,,,,
2024-10-17,C11_RELEASE_CLOCK_FAMILY_EB_K1,C11_RELEASE_CLOCK_FAMILY_EB,1,1,,,,,
2024-10-18,C11_RELEASE_CLOCK_FAMILY_EB_K1,C11_RELEASE_CLOCK_FAMILY_EB,1,1,,,,,
2024-10-21,C11_RELEASE_CLOCK_FAMILY_EB_K1,C11_RELEASE_CLOCK_FAMILY_EB,1,1,,,,,
2024-10-22,C11_RELEASE_CLOCK_FAMILY_EB_K1,C11_RELEASE_CLOCK_FAMILY_EB,1,1,,,,,
2024-10-23,C11_RELEASE_CLOCK_FAMILY_EB_K1,C11_RELEASE_CLOCK_FAMILY_EB,1,1,,,,,
2024-10-24,C11_RELEASE_CLOCK_FAMILY_EB_K1,C11_RELEASE_CLOCK_FAMILY_EB,1,1,,,,,
2024-10-25,C11_RELEASE_CLOCK_FAMILY_EB_K1,C11_RELEASE_CLOCK_FAMILY_EB,1,1,,,,,
2024-10-28,C11_RELEASE_CLOCK_FAMILY_EB_K1,C11_RELEASE_CLOCK_FAMILY_EB,1,1,,,,,
2024-10-29,C11_RELEASE_CLOCK_FAMILY_EB_K1,C11_RELEASE_CLOCK_FAMILY_EB,1,1,,,,,
2024-10-30,C11_RELEASE_CLOCK_FAMILY_EB_K1,C11_RELEASE_CLOCK_FAMILY_EB,1,1,,,,,
2024-10-31,C11_RELEASE_CLOCK_FAMILY_EB_K1,C11_RELEASE_CLOCK_FAMILY_EB,1,1,,,,,
2024-11-01,C11_RELEASE_CLOCK_FAMILY_EB_K1,C11_RELEASE_CLOCK_FAMILY_EB,1,1,,,,,
2024-11-05,C11_RELEASE_CLOCK_FAMILY_EB_K1,C11_RELEASE_CLOCK_FAMILY_EB,1,1,,,,,
2024-11-06,C11_RELEASE_CLOCK_FAMILY_EB_K1,C11_RELEASE_CLOCK_FAMILY_EB,1,1,,,,,
2024-11-07,C11_RELEASE_CLOCK_FAMILY_EB_K1,C11_RELEASE_CLOCK_FAMILY_EB,1,1,,,,,
2024-11-08,C11_RELEASE_CLOCK_FAMILY_EB_K1,C11_RELEASE_CLOCK_FAMILY_EB,1,1,,,,,
2024-11-11,C11_RELEASE_CLOCK_FAMILY_EB_K1,C11_RELEASE_CLOCK_FAMILY_EB,1,1,,,,,
2024-11-12,C11_RELEASE_CLOCK_FAMILY_EB_K1,C11_RELEASE_CLOCK_FAMILY_EB,1,1,,,,,
2024-11-13,C11_RELEASE_CLOCK_FAMILY_EB_K1,C11_RELEASE_CLOCK_FAMILY_EB,1,1,,,,,
2024-11-14,C11_RELEASE_CLOCK_FAMILY_EB_K1,C11_RELEASE_CLOCK_FAMILY_EB,1,1,,,,,
2024-11-15,C11_RELEASE_CLOCK_FAMILY_EB_K1,C11_RELEASE_CLOCK_FAMILY_EB,1,1,,,,,
2024-11-18,C11_RELEASE_CLOCK_FAMILY_EB_K1,C11_RELEASE_CLOCK_FAMILY_EB,1,1,,,,,
2024-11-19,C11_RELEASE_CLOCK_FAMILY_EB_K1,C11_RELEASE_CLOCK_FAMILY_EB,1,1,,,,,
2024-11-20,C11_RELEASE_CLOCK_FAMILY_EB_K1,C11_RELEASE_CLOCK_FAMILY_EB,1,1,,,,,
2024-11-21,C11_RELEASE_CLOCK_FAMILY_EB_K1,C11_RELEASE_CLOCK_FAMILY_EB,1,1,,,,,
2024-11-22,C11_RELEASE_CLOCK_FAMILY_EB_K1,C11_RELEASE_CLOCK_FAMILY_EB,1,1,,,,,
2024-11-25,C11_RELEASE_CLOCK_FAMILY_EB_K1,C11_RELEASE_CLOCK_FAMILY_EB,1,1,,,,,
2024-11-26,C11_RELEASE_CLOCK_FAMILY_EB_K1,C11_RELEASE_CLOCK_FAMILY_EB,1,1,,,,,
2024-11-27,C11_RELEASE_CLOCK_FAMILY_EB_K1,C11_RELEASE_CLOCK_FAMILY_EB,1,1,,,,,
2024-11-28,C11_RELEASE_CLOCK_FAMILY_EB_K1,C11_RELEASE_CLOCK_FAMILY_EB,1,1,,,,,
2024-11-29,C11_RELEASE_CLOCK_FAMILY_EB_K1,C11_RELEASE_CLOCK_FAMILY_EB,1,1,,,,,
2024-12-02,C11_RELEASE_CLOCK_FAMILY_EB_K1,C11_RELEASE_CLOCK_FAMILY_EB,1,1,,,,,
2024-12-03,C11_RELEASE_CLOCK_FAMILY_EB_K1,C11_RELEASE_CLOCK_FAMILY_EB,1,1,,,,,
2024-12-04,C11_RELEASE_CLOCK_FAMILY_EB_K1,C11_RELEASE_CLOCK_FAMILY_EB,1,1,,,,,
2024-12-05,C11_RELEASE_CLOCK_FAMILY_EB_K1,C11_RELEASE_CLOCK_FAMILY_EB,1,1,,,,,
2024-12-06,C11_RELEASE_CLOCK_FAMILY_EB_K1,C11_RELEASE_CLOCK_FAMILY_EB,1,1,,,,,
2024-12-09,C11_RELEASE_CLOCK_FAMILY_EB_K1,C11_RELEASE_CLOCK_FAMILY_EB,1,1,,,,,
2024-12-10,C11_RELEASE_CLOCK_FAMILY_EB_K1,C11_RELEASE_CLOCK_FAMILY_EB,1,1,,,,,
2024-12-11,C11_RELEASE_CLOCK_FAMILY_EB_K1,C11_RELEASE_CLOCK_FAMILY_EB,1,1,,,,,
2024-12-12,C11_RELEASE_CLOCK_FAMILY_EB_K1,C11_RELEASE_CLOCK_FAMILY_EB,1,1,,,,,
2024-12-13,C11_RELEASE_CLOCK_FAMILY_EB_K1,C11_RELEASE_CLOCK_FAMILY_EB,1,1,,,,,
2024-12-16,C11_RELEASE_CLOCK_FAMILY_EB_K1,C11_RELEASE_CLOCK_FAMILY_EB,1,1,,,,,
2024-12-17,C11_RELEASE_CLOCK_FAMILY_EB_K1,C11_RELEASE_CLOCK_FAMILY_EB,1,1,,,,,
2024-12-18,C11_RELEASE_CLOCK_FAMILY_EB_K1,C11_RELEASE_CLOCK_FAMILY_EB,1,1,,,,,
2024-12-19,C11_RELEASE_CLOCK_FAMILY_EB_K1,C11_RELEASE_CLOCK_FAMILY_EB,1,1,,,,,
2024-12-20,C11_RELEASE_CLOCK_FAMILY_EB_K1,C11_RELEASE_CLOCK_FAMILY_EB,1,1,,,,,
2024-12-23,C11_RELEASE_CLOCK_FAMILY_EB_K1,C11_RELEASE_CLOCK_FAMILY_EB,1,1,,,,,
2024-12-24,C11_RELEASE_CLOCK_FAMILY_EB_K1,C11_RELEASE_CLOCK_FAMILY_EB,1,1,,,,,
2024-12-25,C11_RELEASE_CLOCK_FAMILY_EB_K1,C11_RELEASE_CLOCK_FAMILY_EB,1,1,,,,,
2024-12-26,C11_RELEASE_CLOCK_FAMILY_EB_K1,C11_RELEASE_CLOCK_FAMILY_EB,1,1,,,,,
2024-12-27,C11_RELEASE_CLOCK_FAMILY_EB_K1,C11_RELEASE_CLOCK_FAMILY_EB,1,1,,,,,
2024-12-30,C11_RELEASE_CLOCK_FAMILY_EB_K1,C11_RELEASE_CLOCK_FAMILY_EB,1,1,,,,,
2025-01-06,C11_RELEASE_CLOCK_FAMILY_EB_K1,C11_RELEASE_CLOCK_FAMILY_EB,1,1,,,,,
2025-01-07,C11_RELEASE_CLOCK_FAMILY_EB_K1,C11_RELEASE_CLOCK_FAMILY_EB,1,1,,,,,
2025-01-08,C11_RELEASE_CLOCK_FAMILY_EB_K1,C11_RELEASE_CLOCK_FAMILY_EB,1,1,,,,,
2025-01-09,C11_RELEASE_CLOCK_FAMILY_EB_K1,C11_RELEASE_CLOCK_FAMILY_EB,1,1,,,,,
2025-01-10,C11_RELEASE_CLOCK_FAMILY_EB_K1,C11_RELEASE_CLOCK_FAMILY_EB,1,1,,,,,
2025-01-14,C11_RELEASE_CLOCK_FAMILY_EB_K1,C11_RELEASE_CLOCK_FAMILY_EB,1,1,,,,,
2025-01-15,C11_RELEASE_CLOCK_FAMILY_EB_K1,C11_RELEASE_CLOCK_FAMILY_EB,1,1,,,,,
2025-01-16,C11_RELEASE_CLOCK_FAMILY_EB_K1,C11_RELEASE_CLOCK_FAMILY_EB,1,1,,,,,
2025-01-17,C11_RELEASE_CLOCK_FAMILY_EB_K1,C11_RELEASE_CLOCK_FAMILY_EB,1,1,,,,,
2025-01-20,C11_RELEASE_CLOCK_FAMILY_EB_K1,C11_RELEASE_CLOCK_FAMILY_EB,1,1,,,,,
2025-01-21,C11_RELEASE_CLOCK_FAMILY_EB_K1,C11_RELEASE_CLOCK_FAMILY_EB,1,1,,,,,
2025-01-22,C11_RELEASE_CLOCK_FAMILY_EB_K1,C11_RELEASE_CLOCK_FAMILY_EB,1,1,,,,,
2025-01-23,C11_RELEASE_CLOCK_FAMILY_EB_K1,C11_RELEASE_CLOCK_FAMILY_EB,1,1,,,,,
2025-01-24,C11_RELEASE_CLOCK_FAMILY_EB_K1,C11_RELEASE_CLOCK_FAMILY_EB,1,1,,,,,
2025-01-27,C11_RELEASE_CLOCK_FAMILY_EB_K1,C11_RELEASE_CLOCK_FAMILY_EB,1,1,,,,,
2025-01-28,C11_RELEASE_CLOCK_FAMILY_EB_K1,C11_RELEASE_CLOCK_FAMILY_EB,1,1,,,,,
2025-01-29,C11_RELEASE_CLOCK_FAMILY_EB_K1,C11_RELEASE_CLOCK_FAMILY_EB,1,1,,,,,
2025-01-30,C11_RELEASE_CLOCK_FAMILY_EB_K1,C11_RELEASE_CLOCK_FAMILY_EB,1,1,,,,,
2025-01-31,C11_RELEASE_CLOCK_FAMILY_EB_K1,C11_RELEASE_CLOCK_FAMILY_EB,1,1,,,,,
2025-02-03,C11_RELEASE_CLOCK_FAMILY_EB_K1,C11_RELEASE_CLOCK_FAMILY_EB,1,1,,,,,
2025-02-04,C11_RELEASE_CLOCK_FAMILY_EB_K1,C11_RELEASE_CLOCK_FAMILY_EB,1,1,,,,,
2025-02-05,C11_RELEASE_CLOCK_FAMILY_EB_K1,C11_RELEASE_CLOCK_FAMILY_EB,1,1,,,,,
2025-02-06,C11_RELEASE_CLOCK_FAMILY_EB_K1,C11_RELEASE_CLOCK_FAMILY_EB,1,1,,,,,
2025-02-07,C11_RELEASE_CLOCK_FAMILY_EB_K1,C11_RELEASE_CLOCK_FAMILY_EB,1,1,,,,,
2025-02-10,C11_RELEASE_CLOCK_FAMILY_EB_K1,C11_RELEASE_CLOCK_FAMILY_EB,1,1,,,,,
2025-02-12,C11_RELEASE_CLOCK_FAMILY_EB_K1,C11_RELEASE_CLOCK_FAMILY_EB,1,1,,,,,
2025-02-13,C11_RELEASE_CLOCK_FAMILY_EB_K1,C11_RELEASE_CLOCK_FAMILY_EB,1,1,,,,,
2025-02-14,C11_RELEASE_CLOCK_FAMILY_EB_K1,C11_RELEASE_CLOCK_FAMILY_EB,1,1,,,,,
2025-02-17,C11_RELEASE_CLOCK_FAMILY_EB_K1,C11_RELEASE_CLOCK_FAMILY_EB,1,1,,,,,
2025-02-18,C11_RELEASE_CLOCK_FAMILY_EB_K1,C11_RELEASE_CLOCK_FAMILY_EB,1,1,,,,,
2025-02-19,C11_RELEASE_CLOCK_FAMILY_EB_K1,C11_RELEASE_CLOCK_FAMILY_EB,1,1,,,,,
2025-02-20,C11_RELEASE_CLOCK_FAMILY_EB_K1,C11_RELEASE_CLOCK_FAMILY_EB,1,1,,,,,
2025-02-21,C11_RELEASE_CLOCK_FAMILY_EB_K1,C11_RELEASE_CLOCK_FAMILY_EB,1,1,,,,,
2025-02-25,C11_RELEASE_CLOCK_FAMILY_EB_K1,C11_RELEASE_CLOCK_FAMILY_EB,1,1,,,,,
2025-02-26,C11_RELEASE_CLOCK_FAMILY_EB_K1,C11_RELEASE_CLOCK_FAMILY_EB,1,1,,,,,
2025-02-27,C11_RELEASE_CLOCK_FAMILY_EB_K1,C11_RELEASE_CLOCK_FAMILY_EB,1,1,,,,,
2025-02-28,C11_RELEASE_CLOCK_FAMILY_EB_K1,C11_RELEASE_CLOCK_FAMILY_EB,1,1,,,,,
2025-03-03,C11_RELEASE_CLOCK_FAMILY_EB_K1,C11_RELEASE_CLOCK_FAMILY_EB,1,1,,,,,
2025-03-04,C11_RELEASE_CLOCK_FAMILY_EB_K1,C11_RELEASE_CLOCK_FAMILY_EB,1,1,,,,,
2025-03-05,C11_RELEASE_CLOCK_FAMILY_EB_K1,C11_RELEASE_CLOCK_FAMILY_EB,1,1,,,,,
2025-03-06,C11_RELEASE_CLOCK_FAMILY_EB_K1,C11_RELEASE_CLOCK_FAMILY_EB,1,1,,,,,
2025-03-07,C11_RELEASE_CLOCK_FAMILY_EB_K1,C11_RELEASE_CLOCK_FAMILY_EB,1,1,,,,,
2025-03-10,C11_RELEASE_CLOCK_FAMILY_EB_K1,C11_RELEASE_CLOCK_FAMILY_EB,1,1,,,,,
2025-03-11,C11_RELEASE_CLOCK_FAMILY_EB_K1,C11_RELEASE_CLOCK_FAMILY_EB,1,1,,,,,
2025-03-12,C11_RELEASE_CLOCK_FAMILY_EB_K1,C11_RELEASE_CLOCK_FAMILY_EB,1,1,,,,,
2025-03-13,C11_RELEASE_CLOCK_FAMILY_EB_K1,C11_RELEASE_CLOCK_FAMILY_EB,1,1,,,,,
2025-03-14,C11_RELEASE_CLOCK_FAMILY_EB_K1,C11_RELEASE_CLOCK_FAMILY_EB,1,1,,,,,
2025-03-17,C11_RELEASE_CLOCK_FAMILY_EB_K1,C11_RELEASE_CLOCK_FAMILY_EB,1,1,,,,,
2025-03-18,C11_RELEASE_CLOCK_FAMILY_EB_K1,C11_RELEASE_CLOCK_FAMILY_EB,1,1,,,,,
2025-03-19,C11_RELEASE_CLOCK_FAMILY_EB_K1,C11_RELEASE_CLOCK_FAMILY_EB,1,1,,,,,
2025-03-21,C11_RELEASE_CLOCK_FAMILY_EB_K1,C11_RELEASE_CLOCK_FAMILY_EB,1,1,,,,,
2025-03-24,C11_RELEASE_CLOCK_FAMILY_EB_K1,C11_RELEASE_CLOCK_FAMILY_EB,1,1,,,,,
2025-03-25,C11_RELEASE_CLOCK_FAMILY_EB_K1,C11_RELEASE_CLOCK_FAMILY_EB,1,1,,,,,
2025-03-26,C11_RELEASE_CLOCK_FAMILY_EB_K1,C11_RELEASE_CLOCK_FAMILY_EB,1,1,,,,,
2025-03-27,C11_RELEASE_CLOCK_FAMILY_EB_K1,C11_RELEASE_CLOCK_FAMILY_EB,1,1,,,,,
2025-03-28,C11_RELEASE_CLOCK_FAMILY_EB_K1,C11_RELEASE_CLOCK_FAMILY_EB,1,1,,,,,
2025-03-31,C11_RELEASE_CLOCK_FAMILY_EB_K1,C11_RELEASE_CLOCK_FAMILY_EB,1,1,,,,,
2025-04-01,C11_RELEASE_CLOCK_FAMILY_EB_K1,C11_RELEASE_CLOCK_FAMILY_EB,1,1,,,,,
2025-04-02,C11_RELEASE_CLOCK_FAMILY_EB_K1,C11_RELEASE_CLOCK_FAMILY_EB,1,1,,,,,
2025-04-03,C11_RELEASE_CLOCK_FAMILY_EB_K1,C11_RELEASE_CLOCK_FAMILY_EB,1,1,,,,,
2025-04-04,C11_RELEASE_CLOCK_FAMILY_EB_K1,C11_RELEASE_CLOCK_FAMILY_EB,1,1,,,,,
2025-04-07,C11_RELEASE_CLOCK_FAMILY_EB_K1,C11_RELEASE_CLOCK_FAMILY_EB,1,1,,,,,
2025-04-08,C11_RELEASE_CLOCK_FAMILY_EB_K1,C11_RELEASE_CLOCK_FAMILY_EB,1,1,,,,,
2025-04-09,C11_RELEASE_CLOCK_FAMILY_EB_K1,C11_RELEASE_CLOCK_FAMILY_EB,1,1,,,,,
2025-04-10,C11_RELEASE_CLOCK_FAMILY_EB_K1,C11_RELEASE_CLOCK_FAMILY_EB,1,1,,,,,
2025-04-11,C11_RELEASE_CLOCK_FAMILY_EB_K1,C11_RELEASE_CLOCK_FAMILY_EB,1,1,,,,,
2025-04-14,C11_RELEASE_CLOCK_FAMILY_EB_K1,C11_RELEASE_CLOCK_FAMILY_EB,1,1,,,,,
2025-04-15,C11_RELEASE_CLOCK_FAMILY_EB_K1,C11_RELEASE_CLOCK_FAMILY_EB,1,1,,,,,
2025-04-16,C11_RELEASE_CLOCK_FAMILY_EB_K1,C11_RELEASE_CLOCK_FAMILY_EB,1,1,,,,,
2025-04-17,C11_RELEASE_CLOCK_FAMILY_EB_K1,C11_RELEASE_CLOCK_FAMILY_EB,1,1,,,,,
2025-04-18,C11_RELEASE_CLOCK_FAMILY_EB_K1,C11_RELEASE_CLOCK_FAMILY_EB,1,1,,,,,
2025-04-21,C11_RELEASE_CLOCK_FAMILY_EB_K1,C11_RELEASE_CLOCK_FAMILY_EB,1,1,,,,,
2025-04-22,C11_RELEASE_CLOCK_FAMILY_EB_K1,C11_RELEASE_CLOCK_FAMILY_EB,1,1,,,,,
2025-04-23,C11_RELEASE_CLOCK_FAMILY_EB_K1,C11_RELEASE_CLOCK_FAMILY_EB,1,1,,,,,
2025-04-24,C11_RELEASE_CLOCK_FAMILY_EB_K1,C11_RELEASE_CLOCK_FAMILY_EB,1,1,,,,,
2025-04-25,C11_RELEASE_CLOCK_FAMILY_EB_K1,C11_RELEASE_CLOCK_FAMILY_EB,1,1,,,,,
2025-04-28,C11_RELEASE_CLOCK_FAMILY_EB_K1,C11_RELEASE_CLOCK_FAMILY_EB,1,1,,,,,
2025-04-30,C11_RELEASE_CLOCK_FAMILY_EB_K1,C11_RELEASE_CLOCK_FAMILY_EB,1,1,,,,,
2025-05-01,C11_RELEASE_CLOCK_FAMILY_EB_K1,C11_RELEASE_CLOCK_FAMILY_EB,1,1,,,,,
2025-05-02,C11_RELEASE_CLOCK_FAMILY_EB_K1,C11_RELEASE_CLOCK_FAMILY_EB,1,1,,,,,
2025-05-07,C11_RELEASE_CLOCK_FAMILY_EB_K1,C11_RELEASE_CLOCK_FAMILY_EB,1,1,,,,,
2025-05-08,C11_RELEASE_CLOCK_FAMILY_EB_K1,C11_RELEASE_CLOCK_FAMILY_EB,1,1,,,,,
2025-05-09,C11_RELEASE_CLOCK_FAMILY_EB_K1,C11_RELEASE_CLOCK_FAMILY_EB,1,1,,,,,
2025-05-12,C11_RELEASE_CLOCK_FAMILY_EB_K1,C11_RELEASE_CLOCK_FAMILY_EB,1,1,,,,,
2025-05-13,C11_RELEASE_CLOCK_FAMILY_EB_K1,C11_RELEASE_CLOCK_FAMILY_EB,1,1,,,,,
2025-05-14,C11_RELEASE_CLOCK_FAMILY_EB_K1,C11_RELEASE_CLOCK_FAMILY_EB,1,1,,,,,
2025-05-15,C11_RELEASE_CLOCK_FAMILY_EB_K1,C11_RELEASE_CLOCK_FAMILY_EB,1,1,,,,,
2025-05-16,C11_RELEASE_CLOCK_FAMILY_EB_K1,C11_RELEASE_CLOCK_FAMILY_EB,1,1,,,,,
2025-05-19,C11_RELEASE_CLOCK_FAMILY_EB_K1,C11_RELEASE_CLOCK_FAMILY_EB,1,1,,,,,
2025-05-20,C11_RELEASE_CLOCK_FAMILY_EB_K1,C11_RELEASE_CLOCK_FAMILY_EB,1,1,,,,,
2025-05-21,C11_RELEASE_CLOCK_FAMILY_EB_K1,C11_RELEASE_CLOCK_FAMILY_EB,1,1,,,,,
2025-05-22,C11_RELEASE_CLOCK_FAMILY_EB_K1,C11_RELEASE_CLOCK_FAMILY_EB,1,1,,,,,
2025-05-23,C11_RELEASE_CLOCK_FAMILY_EB_K1,C11_RELEASE_CLOCK_FAMILY_EB,1,1,,,,,
2025-05-26,C11_RELEASE_CLOCK_FAMILY_EB_K1,C11_RELEASE_CLOCK_FAMILY_EB,1,1,,,,,
2025-05-27,C11_RELEASE_CLOCK_FAMILY_EB_K1,C11_RELEASE_CLOCK_FAMILY_EB,1,1,,,,,
2025-05-28,C11_RELEASE_CLOCK_FAMILY_EB_K1,C11_RELEASE_CLOCK_FAMILY_EB,1,1,,,,,
2025-05-29,C11_RELEASE_CLOCK_FAMILY_EB_K1,C11_RELEASE_CLOCK_FAMILY_EB,1,1,,,,,
2025-05-30,C11_RELEASE_CLOCK_FAMILY_EB_K1,C11_RELEASE_CLOCK_FAMILY_EB,1,1,,,,,
2025-06-02,C11_RELEASE_CLOCK_FAMILY_EB_K1,C11_RELEASE_CLOCK_FAMILY_EB,1,1,,,,,
2025-06-03,C11_RELEASE_CLOCK_FAMILY_EB_K1,C11_RELEASE_CLOCK_FAMILY_EB,1,1,,,,,
2025-06-04,C11_RELEASE_CLOCK_FAMILY_EB_K1,C11_RELEASE_CLOCK_FAMILY_EB,1,1,,,,,
2025-06-05,C11_RELEASE_CLOCK_FAMILY_EB_K1,C11_RELEASE_CLOCK_FAMILY_EB,1,1,,,,,
2025-06-06,C11_RELEASE_CLOCK_FAMILY_EB_K1,C11_RELEASE_CLOCK_FAMILY_EB,1,1,,,,,
2025-06-09,C11_RELEASE_CLOCK_FAMILY_EB_K1,C11_RELEASE_CLOCK_FAMILY_EB,1,1,,,,,
2025-06-10,C11_RELEASE_CLOCK_FAMILY_EB_K1,C11_RELEASE_CLOCK_FAMILY_EB,1,1,,,,,
2025-06-11,C11_RELEASE_CLOCK_FAMILY_EB_K1,C11_RELEASE_CLOCK_FAMILY_EB,1,1,,,,,
2025-06-12,C11_RELEASE_CLOCK_FAMILY_EB_K1,C11_RELEASE_CLOCK_FAMILY_EB,1,1,,,,,
2025-06-13,C11_RELEASE_CLOCK_FAMILY_EB_K1,C11_RELEASE_CLOCK_FAMILY_EB,1,1,,,,,
2025-06-16,C11_RELEASE_CLOCK_FAMILY_EB_K1,C11_RELEASE_CLOCK_FAMILY_EB,1,1,,,,,
2025-06-17,C11_RELEASE_CLOCK_FAMILY_EB_K1,C11_RELEASE_CLOCK_FAMILY_EB,1,1,,,,,
2025-06-18,C11_RELEASE_CLOCK_FAMILY_EB_K1,C11_RELEASE_CLOCK_FAMILY_EB,1,1,,,,,
2025-06-19,C11_RELEASE_CLOCK_FAMILY_EB_K1,C11_RELEASE_CLOCK_FAMILY_EB,1,1,,,,,
2025-06-20,C11_RELEASE_CLOCK_FAMILY_EB_K1,C11_RELEASE_CLOCK_FAMILY_EB,1,1,,,,,
2025-06-23,C11_RELEASE_CLOCK_FAMILY_EB_K1,C11_RELEASE_CLOCK_FAMILY_EB,1,1,,,,,
2025-06-24,C11_RELEASE_CLOCK_FAMILY_EB_K1,C11_RELEASE_CLOCK_FAMILY_EB,1,1,,,,,
2025-06-25,C11_RELEASE_CLOCK_FAMILY_EB_K1,C11_RELEASE_CLOCK_FAMILY_EB,1,1,,,,,
2025-06-26,C11_RELEASE_CLOCK_FAMILY_EB_K1,C11_RELEASE_CLOCK_FAMILY_EB,1,1,,,,,
2025-06-27,C11_RELEASE_CLOCK_FAMILY_EB_K1,C11_RELEASE_CLOCK_FAMILY_EB,1,1,,,,,
2025-06-30,C11_RELEASE_CLOCK_FAMILY_EB_K1,C11_RELEASE_CLOCK_FAMILY_EB,1,1,,,,,
2025-07-01,C11_RELEASE_CLOCK_FAMILY_EB_K1,C11_RELEASE_CLOCK_FAMILY_EB,1,1,,,,,
2025-07-02,C11_RELEASE_CLOCK_FAMILY_EB_K1,C11_RELEASE_CLOCK_FAMILY_EB,1,1,,,,,
2025-07-03,C11_RELEASE_CLOCK_FAMILY_EB_K1,C11_RELEASE_CLOCK_FAMILY_EB,1,1,,,,,
2025-07-04,C11_RELEASE_CLOCK_FAMILY_EB_K1,C11_RELEASE_CLOCK_FAMILY_EB,1,1,,,,,
2025-07-07,C11_RELEASE_CLOCK_FAMILY_EB_K1,C11_RELEASE_CLOCK_FAMILY_EB,1,1,,,,,
2025-07-08,C11_RELEASE_CLOCK_FAMILY_EB_K1,C11_RELEASE_CLOCK_FAMILY_EB,1,1,,,,,
2025-07-09,C11_RELEASE_CLOCK_FAMILY_EB_K1,C11_RELEASE_CLOCK_FAMILY_EB,1,1,,,,,
2025-07-10,C11_RELEASE_CLOCK_FAMILY_EB_K1,C11_RELEASE_CLOCK_FAMILY_EB,1,1,,,,,
2025-07-11,C11_RELEASE_CLOCK_FAMILY_EB_K1,C11_RELEASE_CLOCK_FAMILY_EB,1,1,,,,,
2025-07-14,C11_RELEASE_CLOCK_FAMILY_EB_K1,C11_RELEASE_CLOCK_FAMILY_EB,1,1,,,,,
2025-07-15,C11_RELEASE_CLOCK_FAMILY_EB_K1,C11_RELEASE_CLOCK_FAMILY_EB,1,1,,,,,
2025-07-16,C11_RELEASE_CLOCK_FAMILY_EB_K1,C11_RELEASE_CLOCK_FAMILY_EB,1,1,,,,,
2025-07-17,C11_RELEASE_CLOCK_FAMILY_EB_K1,C11_RELEASE_CLOCK_FAMILY_EB,1,1,,,,,
2025-07-18,C11_RELEASE_CLOCK_FAMILY_EB_K1,C11_RELEASE_CLOCK_FAMILY_EB,1,1,,,,,
2025-07-22,C11_RELEASE_CLOCK_FAMILY_EB_K1,C11_RELEASE_CLOCK_FAMILY_EB,1,1,,,,,
2025-07-23,C11_RELEASE_CLOCK_FAMILY_EB_K1,C11_RELEASE_CLOCK_FAMILY_EB,1,1,,,,,
2025-07-24,C11_RELEASE_CLOCK_FAMILY_EB_K1,C11_RELEASE_CLOCK_FAMILY_EB,1,1,,,,,
2025-07-25,C11_RELEASE_CLOCK_FAMILY_EB_K1,C11_RELEASE_CLOCK_FAMILY_EB,1,1,,,,,
2025-07-28,C11_RELEASE_CLOCK_FAMILY_EB_K1,C11_RELEASE_CLOCK_FAMILY_EB,1,1,,,,,
2025-07-29,C11_RELEASE_CLOCK_FAMILY_EB_K1,C11_RELEASE_CLOCK_FAMILY_EB,1,1,,,,,
2025-07-30,C11_RELEASE_CLOCK_FAMILY_EB_K1,C11_RELEASE_CLOCK_FAMILY_EB,1,1,,,,,
2025-07-31,C11_RELEASE_CLOCK_FAMILY_EB_K1,C11_RELEASE_CLOCK_FAMILY_EB,1,1,,,,,
2024-07-01,C11_RELEASE_CLOCK_FAMILY_EB_K2,C11_RELEASE_CLOCK_FAMILY_EB,2,1,,,,,
2024-07-01,C11_RELEASE_CLOCK_FAMILY_EB_K2,C11_RELEASE_CLOCK_FAMILY_EB,2,2,,,,,
2024-07-02,C11_RELEASE_CLOCK_FAMILY_EB_K2,C11_RELEASE_CLOCK_FAMILY_EB,2,1,,,,,
2024-07-02,C11_RELEASE_CLOCK_FAMILY_EB_K2,C11_RELEASE_CLOCK_FAMILY_EB,2,2,,,,,
2024-07-03,C11_RELEASE_CLOCK_FAMILY_EB_K2,C11_RELEASE_CLOCK_FAMILY_EB,2,1,,,,,
2024-07-03,C11_RELEASE_CLOCK_FAMILY_EB_K2,C11_RELEASE_CLOCK_FAMILY_EB,2,2,,,,,
2024-07-04,C11_RELEASE_CLOCK_FAMILY_EB_K2,C11_RELEASE_CLOCK_FAMILY_EB,2,1,,,,,
2024-07-04,C11_RELEASE_CLOCK_FAMILY_EB_K2,C11_RELEASE_CLOCK_FAMILY_EB,2,2,,,,,
2024-07-05,C11_RELEASE_CLOCK_FAMILY_EB_K2,C11_RELEASE_CLOCK_FAMILY_EB,2,1,,,,,
2024-07-05,C11_RELEASE_CLOCK_FAMILY_EB_K2,C11_RELEASE_CLOCK_FAMILY_EB,2,2,,,,,
2024-07-08,C11_RELEASE_CLOCK_FAMILY_EB_K2,C11_RELEASE_CLOCK_FAMILY_EB,2,1,,,,,
2024-07-08,C11_RELEASE_CLOCK_FAMILY_EB_K2,C11_RELEASE_CLOCK_FAMILY_EB,2,2,,,,,
2024-07-09,C11_RELEASE_CLOCK_FAMILY_EB_K2,C11_RELEASE_CLOCK_FAMILY_EB,2,1,,,,,
2024-07-09,C11_RELEASE_CLOCK_FAMILY_EB_K2,C11_RELEASE_CLOCK_FAMILY_EB,2,2,,,,,
2024-07-10,C11_RELEASE_CLOCK_FAMILY_EB_K2,C11_RELEASE_CLOCK_FAMILY_EB,2,1,,,,,
2024-07-10,C11_RELEASE_CLOCK_FAMILY_EB_K2,C11_RELEASE_CLOCK_FAMILY_EB,2,2,,,,,
2024-07-11,C11_RELEASE_CLOCK_FAMILY_EB_K2,C11_RELEASE_CLOCK_FAMILY_EB,2,1,,,,,
2024-07-11,C11_RELEASE_CLOCK_FAMILY_EB_K2,C11_RELEASE_CLOCK_FAMILY_EB,2,2,,,,,
2024-07-12,C11_RELEASE_CLOCK_FAMILY_EB_K2,C11_RELEASE_CLOCK_FAMILY_EB,2,1,,,,,
2024-07-12,C11_RELEASE_CLOCK_FAMILY_EB_K2,C11_RELEASE_CLOCK_FAMILY_EB,2,2,,,,,
2024-07-16,C11_RELEASE_CLOCK_FAMILY_EB_K2,C11_RELEASE_CLOCK_FAMILY_EB,2,1,,,,,
2024-07-16,C11_RELEASE_CLOCK_FAMILY_EB_K2,C11_RELEASE_CLOCK_FAMILY_EB,2,2,,,,,
2024-07-17,C11_RELEASE_CLOCK_FAMILY_EB_K2,C11_RELEASE_CLOCK_FAMILY_EB,2,1,,,,,
2024-07-17,C11_RELEASE_CLOCK_FAMILY_EB_K2,C11_RELEASE_CLOCK_FAMILY_EB,2,2,,,,,
2024-07-18,C11_RELEASE_CLOCK_FAMILY_EB_K2,C11_RELEASE_CLOCK_FAMILY_EB,2,1,,,,,
2024-07-18,C11_RELEASE_CLOCK_FAMILY_EB_K2,C11_RELEASE_CLOCK_FAMILY_EB,2,2,,,,,
2024-07-19,C11_RELEASE_CLOCK_FAMILY_EB_K2,C11_RELEASE_CLOCK_FAMILY_EB,2,1,,,,,
2024-07-19,C11_RELEASE_CLOCK_FAMILY_EB_K2,C11_RELEASE_CLOCK_FAMILY_EB,2,2,,,,,
2024-07-22,C11_RELEASE_CLOCK_FAMILY_EB_K2,C11_RELEASE_CLOCK_FAMILY_EB,2,1,,,,,
2024-07-22,C11_RELEASE_CLOCK_FAMILY_EB_K2,C11_RELEASE_CLOCK_FAMILY_EB,2,2,,,,,
2024-07-23,C11_RELEASE_CLOCK_FAMILY_EB_K2,C11_RELEASE_CLOCK_FAMILY_EB,2,1,,,,,
2024-07-23,C11_RELEASE_CLOCK_FAMILY_EB_K2,C11_RELEASE_CLOCK_FAMILY_EB,2,2,,,,,
2024-07-24,C11_RELEASE_CLOCK_FAMILY_EB_K2,C11_RELEASE_CLOCK_FAMILY_EB,2,1,,,,,
2024-07-24,C11_RELEASE_CLOCK_FAMILY_EB_K2,C11_RELEASE_CLOCK_FAMILY_EB,2,2,,,,,
2024-07-25,C11_RELEASE_CLOCK_FAMILY_EB_K2,C11_RELEASE_CLOCK_FAMILY_EB,2,1,,,,,
2024-07-25,C11_RELEASE_CLOCK_FAMILY_EB_K2,C11_RELEASE_CLOCK_FAMILY_EB,2,2,,,,,
2024-07-26,C11_RELEASE_CLOCK_FAMILY_EB_K2,C11_RELEASE_CLOCK_FAMILY_EB,2,1,,,,,
2024-07-26,C11_RELEASE_CLOCK_FAMILY_EB_K2,C11_RELEASE_CLOCK_FAMILY_EB,2,2,,,,,
2024-07-29,C11_RELEASE_CLOCK_FAMILY_EB_K2,C11_RELEASE_CLOCK_FAMILY_EB,2,1,,,,,
2024-07-29,C11_RELEASE_CLOCK_FAMILY_EB_K2,C11_RELEASE_CLOCK_FAMILY_EB,2,2,,,,,
2024-07-30,C11_RELEASE_CLOCK_FAMILY_EB_K2,C11_RELEASE_CLOCK_FAMILY_EB,2,1,,,,,
2024-07-30,C11_RELEASE_CLOCK_FAMILY_EB_K2,C11_RELEASE_CLOCK_FAMILY_EB,2,2,,,,,
2024-07-31,C11_RELEASE_CLOCK_FAMILY_EB_K2,C11_RELEASE_CLOCK_FAMILY_EB,2,1,,,,,
2024-07-31,C11_RELEASE_CLOCK_FAMILY_EB_K2,C11_RELEASE_CLOCK_FAMILY_EB,2,2,,,,,
2024-08-01,C11_RELEASE_CLOCK_FAMILY_EB_K2,C11_RELEASE_CLOCK_FAMILY_EB,2,1,,,,,
2024-08-01,C11_RELEASE_CLOCK_FAMILY_EB_K2,C11_RELEASE_CLOCK_FAMILY_EB,2,2,,,,,
2024-08-02,C11_RELEASE_CLOCK_FAMILY_EB_K2,C11_RELEASE_CLOCK_FAMILY_EB,2,1,,,,,
2024-08-02,C11_RELEASE_CLOCK_FAMILY_EB_K2,C11_RELEASE_CLOCK_FAMILY_EB,2,2,,,,,
2024-08-05,C11_RELEASE_CLOCK_FAMILY_EB_K2,C11_RELEASE_CLOCK_FAMILY_EB,2,1,,,,,
2024-08-05,C11_RELEASE_CLOCK_FAMILY_EB_K2,C11_RELEASE_CLOCK_FAMILY_EB,2,2,,,,,
2024-08-06,C11_RELEASE_CLOCK_FAMILY_EB_K2,C11_RELEASE_CLOCK_FAMILY_EB,2,1,,,,,
2024-08-06,C11_RELEASE_CLOCK_FAMILY_EB_K2,C11_RELEASE_CLOCK_FAMILY_EB,2,2,,,,,
2024-08-07,C11_RELEASE_CLOCK_FAMILY_EB_K2,C11_RELEASE_CLOCK_FAMILY_EB,2,1,,,,,
2024-08-07,C11_RELEASE_CLOCK_FAMILY_EB_K2,C11_RELEASE_CLOCK_FAMILY_EB,2,2,,,,,
2024-08-08,C11_RELEASE_CLOCK_FAMILY_EB_K2,C11_RELEASE_CLOCK_FAMILY_EB,2,1,,,,,
2024-08-08,C11_RELEASE_CLOCK_FAMILY_EB_K2,C11_RELEASE_CLOCK_FAMILY_EB,2,2,,,,,
2024-08-09,C11_RELEASE_CLOCK_FAMILY_EB_K2,C11_RELEASE_CLOCK_FAMILY_EB,2,1,,,,,
2024-08-09,C11_RELEASE_CLOCK_FAMILY_EB_K2,C11_RELEASE_CLOCK_FAMILY_EB,2,2,,,,,
2024-08-13,C11_RELEASE_CLOCK_FAMILY_EB_K2,C11_RELEASE_CLOCK_FAMILY_EB,2,1,,,,,
2024-08-13,C11_RELEASE_CLOCK_FAMILY_EB_K2,C11_RELEASE_CLOCK_FAMILY_EB,2,2,,,,,
2024-08-14,C11_RELEASE_CLOCK_FAMILY_EB_K2,C11_RELEASE_CLOCK_FAMILY_EB,2,1,,,,,
2024-08-14,C11_RELEASE_CLOCK_FAMILY_EB_K2,C11_RELEASE_CLOCK_FAMILY_EB,2,2,,,,,
2024-08-15,C11_RELEASE_CLOCK_FAMILY_EB_K2,C11_RELEASE_CLOCK_FAMILY_EB,2,1,,,,,
2024-08-15,C11_RELEASE_CLOCK_FAMILY_EB_K2,C11_RELEASE_CLOCK_FAMILY_EB,2,2,,,,,
2024-08-16,C11_RELEASE_CLOCK_FAMILY_EB_K2,C11_RELEASE_CLOCK_FAMILY_EB,2,1,,,,,
2024-08-16,C11_RELEASE_CLOCK_FAMILY_EB_K2,C11_RELEASE_CLOCK_FAMILY_EB,2,2,,,,,
2024-08-19,C11_RELEASE_CLOCK_FAMILY_EB_K2,C11_RELEASE_CLOCK_FAMILY_EB,2,1,,,,,
2024-08-19,C11_RELEASE_CLOCK_FAMILY_EB_K2,C11_RELEASE_CLOCK_FAMILY_EB,2,2,,,,,
2024-08-20,C11_RELEASE_CLOCK_FAMILY_EB_K2,C11_RELEASE_CLOCK_FAMILY_EB,2,1,,,,,
2024-08-20,C11_RELEASE_CLOCK_FAMILY_EB_K2,C11_RELEASE_CLOCK_FAMILY_EB,2,2,,,,,
2024-08-21,C11_RELEASE_CLOCK_FAMILY_EB_K2,C11_RELEASE_CLOCK_FAMILY_EB,2,1,,,,,
2024-08-21,C11_RELEASE_CLOCK_FAMILY_EB_K2,C11_RELEASE_CLOCK_FAMILY_EB,2,2,,,,,
2024-08-22,C11_RELEASE_CLOCK_FAMILY_EB_K2,C11_RELEASE_CLOCK_FAMILY_EB,2,1,,,,,
2024-08-22,C11_RELEASE_CLOCK_FAMILY_EB_K2,C11_RELEASE_CLOCK_FAMILY_EB,2,2,,,,,
2024-08-23,C11_RELEASE_CLOCK_FAMILY_EB_K2,C11_RELEASE_CLOCK_FAMILY_EB,2,1,,,,,
2024-08-23,C11_RELEASE_CLOCK_FAMILY_EB_K2,C11_RELEASE_CLOCK_FAMILY_EB,2,2,,,,,
2024-08-26,C11_RELEASE_CLOCK_FAMILY_EB_K2,C11_RELEASE_CLOCK_FAMILY_EB,2,1,,,,,
2024-08-26,C11_RELEASE_CLOCK_FAMILY_EB_K2,C11_RELEASE_CLOCK_FAMILY_EB,2,2,,,,,
2024-08-27,C11_RELEASE_CLOCK_FAMILY_EB_K2,C11_RELEASE_CLOCK_FAMILY_EB,2,1,,,,,
2024-08-27,C11_RELEASE_CLOCK_FAMILY_EB_K2,C11_RELEASE_CLOCK_FAMILY_EB,2,2,,,,,
2024-08-28,C11_RELEASE_CLOCK_FAMILY_EB_K2,C11_RELEASE_CLOCK_FAMILY_EB,2,1,,,,,
2024-08-28,C11_RELEASE_CLOCK_FAMILY_EB_K2,C11_RELEASE_CLOCK_FAMILY_EB,2,2,,,,,
2024-08-29,C11_RELEASE_CLOCK_FAMILY_EB_K2,C11_RELEASE_CLOCK_FAMILY_EB,2,1,,,,,
2024-08-29,C11_RELEASE_CLOCK_FAMILY_EB_K2,C11_RELEASE_CLOCK_FAMILY_EB,2,2,,,,,
2024-08-30,C11_RELEASE_CLOCK_FAMILY_EB_K2,C11_RELEASE_CLOCK_FAMILY_EB,2,1,,,,,
2024-08-30,C11_RELEASE_CLOCK_FAMILY_EB_K2,C11_RELEASE_CLOCK_FAMILY_EB,2,2,,,,,
2024-09-02,C11_RELEASE_CLOCK_FAMILY_EB_K2,C11_RELEASE_CLOCK_FAMILY_EB,2,1,,,,,
2024-09-02,C11_RELEASE_CLOCK_FAMILY_EB_K2,C11_RELEASE_CLOCK_FAMILY_EB,2,2,,,,,
2024-09-03,C11_RELEASE_CLOCK_FAMILY_EB_K2,C11_RELEASE_CLOCK_FAMILY_EB,2,1,,,,,
2024-09-03,C11_RELEASE_CLOCK_FAMILY_EB_K2,C11_RELEASE_CLOCK_FAMILY_EB,2,2,,,,,
2024-09-04,C11_RELEASE_CLOCK_FAMILY_EB_K2,C11_RELEASE_CLOCK_FAMILY_EB,2,1,,,,,
2024-09-04,C11_RELEASE_CLOCK_FAMILY_EB_K2,C11_RELEASE_CLOCK_FAMILY_EB,2,2,,,,,
2024-09-05,C11_RELEASE_CLOCK_FAMILY_EB_K2,C11_RELEASE_CLOCK_FAMILY_EB,2,1,,,,,
2024-09-05,C11_RELEASE_CLOCK_FAMILY_EB_K2,C11_RELEASE_CLOCK_FAMILY_EB,2,2,,,,,
2024-09-06,C11_RELEASE_CLOCK_FAMILY_EB_K2,C11_RELEASE_CLOCK_FAMILY_EB,2,1,,,,,
2024-09-06,C11_RELEASE_CLOCK_FAMILY_EB_K2,C11_RELEASE_CLOCK_FAMILY_EB,2,2,,,,,
2024-09-09,C11_RELEASE_CLOCK_FAMILY_EB_K2,C11_RELEASE_CLOCK_FAMILY_EB,2,1,,,,,
2024-09-09,C11_RELEASE_CLOCK_FAMILY_EB_K2,C11_RELEASE_CLOCK_FAMILY_EB,2,2,,,,,
2024-09-10,C11_RELEASE_CLOCK_FAMILY_EB_K2,C11_RELEASE_CLOCK_FAMILY_EB,2,1,,,,,
2024-09-10,C11_RELEASE_CLOCK_FAMILY_EB_K2,C11_RELEASE_CLOCK_FAMILY_EB,2,2,,,,,
2024-09-11,C11_RELEASE_CLOCK_FAMILY_EB_K2,C11_RELEASE_CLOCK_FAMILY_EB,2,1,,,,,
2024-09-11,C11_RELEASE_CLOCK_FAMILY_EB_K2,C11_RELEASE_CLOCK_FAMILY_EB,2,2,,,,,
2024-09-12,C11_RELEASE_CLOCK_FAMILY_EB_K2,C11_RELEASE_CLOCK_FAMILY_EB,2,1,,,,,
2024-09-12,C11_RELEASE_CLOCK_FAMILY_EB_K2,C11_RELEASE_CLOCK_FAMILY_EB,2,2,,,,,
2024-09-13,C11_RELEASE_CLOCK_FAMILY_EB_K2,C11_RELEASE_CLOCK_FAMILY_EB,2,1,,,,,
2024-09-13,C11_RELEASE_CLOCK_FAMILY_EB_K2,C11_RELEASE_CLOCK_FAMILY_EB,2,2,,,,,
2024-09-17,C11_RELEASE_CLOCK_FAMILY_EB_K2,C11_RELEASE_CLOCK_FAMILY_EB,2,1,,,,,
2024-09-17,C11_RELEASE_CLOCK_FAMILY_EB_K2,C11_RELEASE_CLOCK_FAMILY_EB,2,2,,,,,
2024-09-18,C11_RELEASE_CLOCK_FAMILY_EB_K2,C11_RELEASE_CLOCK_FAMILY_EB,2,1,,,,,
2024-09-18,C11_RELEASE_CLOCK_FAMILY_EB_K2,C11_RELEASE_CLOCK_FAMILY_EB,2,2,,,,,
2024-09-19,C11_RELEASE_CLOCK_FAMILY_EB_K2,C11_RELEASE_CLOCK_FAMILY_EB,2,1,,,,,
2024-09-19,C11_RELEASE_CLOCK_FAMILY_EB_K2,C11_RELEASE_CLOCK_FAMILY_EB,2,2,,,,,
2024-09-20,C11_RELEASE_CLOCK_FAMILY_EB_K2,C11_RELEASE_CLOCK_FAMILY_EB,2,1,,,,,
2024-09-20,C11_RELEASE_CLOCK_FAMILY_EB_K2,C11_RELEASE_CLOCK_FAMILY_EB,2,2,,,,,
2024-09-24,C11_RELEASE_CLOCK_FAMILY_EB_K2,C11_RELEASE_CLOCK_FAMILY_EB,2,1,,,,,
2024-09-24,C11_RELEASE_CLOCK_FAMILY_EB_K2,C11_RELEASE_CLOCK_FAMILY_EB,2,2,,,,,
2024-09-25,C11_RELEASE_CLOCK_FAMILY_EB_K2,C11_RELEASE_CLOCK_FAMILY_EB,2,1,,,,,
2024-09-25,C11_RELEASE_CLOCK_FAMILY_EB_K2,C11_RELEASE_CLOCK_FAMILY_EB,2,2,,,,,
2024-09-26,C11_RELEASE_CLOCK_FAMILY_EB_K2,C11_RELEASE_CLOCK_FAMILY_EB,2,1,,,,,
2024-09-26,C11_RELEASE_CLOCK_FAMILY_EB_K2,C11_RELEASE_CLOCK_FAMILY_EB,2,2,,,,,
2024-09-27,C11_RELEASE_CLOCK_FAMILY_EB_K2,C11_RELEASE_CLOCK_FAMILY_EB,2,1,,,,,
2024-09-27,C11_RELEASE_CLOCK_FAMILY_EB_K2,C11_RELEASE_CLOCK_FAMILY_EB,2,2,,,,,
2024-09-30,C11_RELEASE_CLOCK_FAMILY_EB_K2,C11_RELEASE_CLOCK_FAMILY_EB,2,1,,,,,
2024-09-30,C11_RELEASE_CLOCK_FAMILY_EB_K2,C11_RELEASE_CLOCK_FAMILY_EB,2,2,,,,,
2024-10-01,C11_RELEASE_CLOCK_FAMILY_EB_K2,C11_RELEASE_CLOCK_FAMILY_EB,2,1,,,,,
2024-10-01,C11_RELEASE_CLOCK_FAMILY_EB_K2,C11_RELEASE_CLOCK_FAMILY_EB,2,2,,,,,
2024-10-02,C11_RELEASE_CLOCK_FAMILY_EB_K2,C11_RELEASE_CLOCK_FAMILY_EB,2,1,,,,,
2024-10-02,C11_RELEASE_CLOCK_FAMILY_EB_K2,C11_RELEASE_CLOCK_FAMILY_EB,2,2,,,,,
2024-10-03,C11_RELEASE_CLOCK_FAMILY_EB_K2,C11_RELEASE_CLOCK_FAMILY_EB,2,1,,,,,
2024-10-03,C11_RELEASE_CLOCK_FAMILY_EB_K2,C11_RELEASE_CLOCK_FAMILY_EB,2,2,,,,,
2024-10-04,C11_RELEASE_CLOCK_FAMILY_EB_K2,C11_RELEASE_CLOCK_FAMILY_EB,2,1,,,,,
2024-10-04,C11_RELEASE_CLOCK_FAMILY_EB_K2,C11_RELEASE_CLOCK_FAMILY_EB,2,2,,,,,
2024-10-07,C11_RELEASE_CLOCK_FAMILY_EB_K2,C11_RELEASE_CLOCK_FAMILY_EB,2,1,,,,,
2024-10-07,C11_RELEASE_CLOCK_FAMILY_EB_K2,C11_RELEASE_CLOCK_FAMILY_EB,2,2,,,,,
2024-10-08,C11_RELEASE_CLOCK_FAMILY_EB_K2,C11_RELEASE_CLOCK_FAMILY_EB,2,1,,,,,
2024-10-08,C11_RELEASE_CLOCK_FAMILY_EB_K2,C11_RELEASE_CLOCK_FAMILY_EB,2,2,,,,,
2024-10-09,C11_RELEASE_CLOCK_FAMILY_EB_K2,C11_RELEASE_CLOCK_FAMILY_EB,2,1,,,,,
2024-10-09,C11_RELEASE_CLOCK_FAMILY_EB_K2,C11_RELEASE_CLOCK_FAMILY_EB,2,2,,,,,
2024-10-10,C11_RELEASE_CLOCK_FAMILY_EB_K2,C11_RELEASE_CLOCK_FAMILY_EB,2,1,,,,,
2024-10-10,C11_RELEASE_CLOCK_FAMILY_EB_K2,C11_RELEASE_CLOCK_FAMILY_EB,2,2,,,,,
2024-10-11,C11_RELEASE_CLOCK_FAMILY_EB_K2,C11_RELEASE_CLOCK_FAMILY_EB,2,1,,,,,
2024-10-11,C11_RELEASE_CLOCK_FAMILY_EB_K2,C11_RELEASE_CLOCK_FAMILY_EB,2,2,,,,,
2024-10-15,C11_RELEASE_CLOCK_FAMILY_EB_K2,C11_RELEASE_CLOCK_FAMILY_EB,2,1,,,,,
2024-10-15,C11_RELEASE_CLOCK_FAMILY_EB_K2,C11_RELEASE_CLOCK_FAMILY_EB,2,2,,,,,
2024-10-16,C11_RELEASE_CLOCK_FAMILY_EB_K2,C11_RELEASE_CLOCK_FAMILY_EB,2,1,,,,,
2024-10-16,C11_RELEASE_CLOCK_FAMILY_EB_K2,C11_RELEASE_CLOCK_FAMILY_EB,2,2,,,,,
2024-10-17,C11_RELEASE_CLOCK_FAMILY_EB_K2,C11_RELEASE_CLOCK_FAMILY_EB,2,1,,,,,
2024-10-17,C11_RELEASE_CLOCK_FAMILY_EB_K2,C11_RELEASE_CLOCK_FAMILY_EB,2,2,,,,,
2024-10-18,C11_RELEASE_CLOCK_FAMILY_EB_K2,C11_RELEASE_CLOCK_FAMILY_EB,2,1,,,,,
2024-10-18,C11_RELEASE_CLOCK_FAMILY_EB_K2,C11_RELEASE_CLOCK_FAMILY_EB,2,2,,,,,
2024-10-21,C11_RELEASE_CLOCK_FAMILY_EB_K2,C11_RELEASE_CLOCK_FAMILY_EB,2,1,,,,,
2024-10-21,C11_RELEASE_CLOCK_FAMILY_EB_K2,C11_RELEASE_CLOCK_FAMILY_EB,2,2,,,,,
2024-10-22,C11_RELEASE_CLOCK_FAMILY_EB_K2,C11_RELEASE_CLOCK_FAMILY_EB,2,1,,,,,
2024-10-22,C11_RELEASE_CLOCK_FAMILY_EB_K2,C11_RELEASE_CLOCK_FAMILY_EB,2,2,,,,,
2024-10-23,C11_RELEASE_CLOCK_FAMILY_EB_K2,C11_RELEASE_CLOCK_FAMILY_EB,2,1,,,,,
2024-10-23,C11_RELEASE_CLOCK_FAMILY_EB_K2,C11_RELEASE_CLOCK_FAMILY_EB,2,2,,,,,
2024-10-24,C11_RELEASE_CLOCK_FAMILY_EB_K2,C11_RELEASE_CLOCK_FAMILY_EB,2,1,,,,,
2024-10-24,C11_RELEASE_CLOCK_FAMILY_EB_K2,C11_RELEASE_CLOCK_FAMILY_EB,2,2,,,,,
2024-10-25,C11_RELEASE_CLOCK_FAMILY_EB_K2,C11_RELEASE_CLOCK_FAMILY_EB,2,1,,,,,
2024-10-25,C11_RELEASE_CLOCK_FAMILY_EB_K2,C11_RELEASE_CLOCK_FAMILY_EB,2,2,,,,,
2024-10-28,C11_RELEASE_CLOCK_FAMILY_EB_K2,C11_RELEASE_CLOCK_FAMILY_EB,2,1,,,,,
2024-10-28,C11_RELEASE_CLOCK_FAMILY_EB_K2,C11_RELEASE_CLOCK_FAMILY_EB,2,2,,,,,
2024-10-29,C11_RELEASE_CLOCK_FAMILY_EB_K2,C11_RELEASE_CLOCK_FAMILY_EB,2,1,,,,,
2024-10-29,C11_RELEASE_CLOCK_FAMILY_EB_K2,C11_RELEASE_CLOCK_FAMILY_EB,2,2,,,,,
2024-10-30,C11_RELEASE_CLOCK_FAMILY_EB_K2,C11_RELEASE_CLOCK_FAMILY_EB,2,1,,,,,
2024-10-30,C11_RELEASE_CLOCK_FAMILY_EB_K2,C11_RELEASE_CLOCK_FAMILY_EB,2,2,,,,,
2024-10-31,C11_RELEASE_CLOCK_FAMILY_EB_K2,C11_RELEASE_CLOCK_FAMILY_EB,2,1,,,,,
2024-10-31,C11_RELEASE_CLOCK_FAMILY_EB_K2,C11_RELEASE_CLOCK_FAMILY_EB,2,2,,,,,
2024-11-01,C11_RELEASE_CLOCK_FAMILY_EB_K2,C11_RELEASE_CLOCK_FAMILY_EB,2,1,,,,,
2024-11-01,C11_RELEASE_CLOCK_FAMILY_EB_K2,C11_RELEASE_CLOCK_FAMILY_EB,2,2,,,,,
2024-11-05,C11_RELEASE_CLOCK_FAMILY_EB_K2,C11_RELEASE_CLOCK_FAMILY_EB,2,1,,,,,
2024-11-05,C11_RELEASE_CLOCK_FAMILY_EB_K2,C11_RELEASE_CLOCK_FAMILY_EB,2,2,,,,,
2024-11-06,C11_RELEASE_CLOCK_FAMILY_EB_K2,C11_RELEASE_CLOCK_FAMILY_EB,2,1,,,,,
2024-11-06,C11_RELEASE_CLOCK_FAMILY_EB_K2,C11_RELEASE_CLOCK_FAMILY_EB,2,2,,,,,
2024-11-07,C11_RELEASE_CLOCK_FAMILY_EB_K2,C11_RELEASE_CLOCK_FAMILY_EB,2,1,,,,,
2024-11-07,C11_RELEASE_CLOCK_FAMILY_EB_K2,C11_RELEASE_CLOCK_FAMILY_EB,2,2,,,,,
2024-11-08,C11_RELEASE_CLOCK_FAMILY_EB_K2,C11_RELEASE_CLOCK_FAMILY_EB,2,1,,,,,
2024-11-08,C11_RELEASE_CLOCK_FAMILY_EB_K2,C11_RELEASE_CLOCK_FAMILY_EB,2,2,,,,,
2024-11-11,C11_RELEASE_CLOCK_FAMILY_EB_K2,C11_RELEASE_CLOCK_FAMILY_EB,2,1,,,,,
2024-11-11,C11_RELEASE_CLOCK_FAMILY_EB_K2,C11_RELEASE_CLOCK_FAMILY_EB,2,2,,,,,
2024-11-12,C11_RELEASE_CLOCK_FAMILY_EB_K2,C11_RELEASE_CLOCK_FAMILY_EB,2,1,,,,,
2024-11-12,C11_RELEASE_CLOCK_FAMILY_EB_K2,C11_RELEASE_CLOCK_FAMILY_EB,2,2,,,,,
2024-11-13,C11_RELEASE_CLOCK_FAMILY_EB_K2,C11_RELEASE_CLOCK_FAMILY_EB,2,1,,,,,
2024-11-13,C11_RELEASE_CLOCK_FAMILY_EB_K2,C11_RELEASE_CLOCK_FAMILY_EB,2,2,,,,,
2024-11-14,C11_RELEASE_CLOCK_FAMILY_EB_K2,C11_RELEASE_CLOCK_FAMILY_EB,2,1,,,,,
2024-11-14,C11_RELEASE_CLOCK_FAMILY_EB_K2,C11_RELEASE_CLOCK_FAMILY_EB,2,2,,,,,
2024-11-15,C11_RELEASE_CLOCK_FAMILY_EB_K2,C11_RELEASE_CLOCK_FAMILY_EB,2,1,,,,,
2024-11-15,C11_RELEASE_CLOCK_FAMILY_EB_K2,C11_RELEASE_CLOCK_FAMILY_EB,2,2,,,,,
2024-11-18,C11_RELEASE_CLOCK_FAMILY_EB_K2,C11_RELEASE_CLOCK_FAMILY_EB,2,1,,,,,
2024-11-18,C11_RELEASE_CLOCK_FAMILY_EB_K2,C11_RELEASE_CLOCK_FAMILY_EB,2,2,,,,,
2024-11-19,C11_RELEASE_CLOCK_FAMILY_EB_K2,C11_RELEASE_CLOCK_FAMILY_EB,2,1,,,,,
2024-11-19,C11_RELEASE_CLOCK_FAMILY_EB_K2,C11_RELEASE_CLOCK_FAMILY_EB,2,2,,,,,
2024-11-20,C11_RELEASE_CLOCK_FAMILY_EB_K2,C11_RELEASE_CLOCK_FAMILY_EB,2,1,,,,,
2024-11-20,C11_RELEASE_CLOCK_FAMILY_EB_K2,C11_RELEASE_CLOCK_FAMILY_EB,2,2,,,,,
2024-11-21,C11_RELEASE_CLOCK_FAMILY_EB_K2,C11_RELEASE_CLOCK_FAMILY_EB,2,1,,,,,
2024-11-21,C11_RELEASE_CLOCK_FAMILY_EB_K2,C11_RELEASE_CLOCK_FAMILY_EB,2,2,,,,,
2024-11-22,C11_RELEASE_CLOCK_FAMILY_EB_K2,C11_RELEASE_CLOCK_FAMILY_EB,2,1,,,,,
2024-11-22,C11_RELEASE_CLOCK_FAMILY_EB_K2,C11_RELEASE_CLOCK_FAMILY_EB,2,2,,,,,
2024-11-25,C11_RELEASE_CLOCK_FAMILY_EB_K2,C11_RELEASE_CLOCK_FAMILY_EB,2,1,,,,,
2024-11-25,C11_RELEASE_CLOCK_FAMILY_EB_K2,C11_RELEASE_CLOCK_FAMILY_EB,2,2,,,,,
2024-11-26,C11_RELEASE_CLOCK_FAMILY_EB_K2,C11_RELEASE_CLOCK_FAMILY_EB,2,1,,,,,
2024-11-26,C11_RELEASE_CLOCK_FAMILY_EB_K2,C11_RELEASE_CLOCK_FAMILY_EB,2,2,,,,,
2024-11-27,C11_RELEASE_CLOCK_FAMILY_EB_K2,C11_RELEASE_CLOCK_FAMILY_EB,2,1,,,,,
2024-11-27,C11_RELEASE_CLOCK_FAMILY_EB_K2,C11_RELEASE_CLOCK_FAMILY_EB,2,2,,,,,
2024-11-28,C11_RELEASE_CLOCK_FAMILY_EB_K2,C11_RELEASE_CLOCK_FAMILY_EB,2,1,,,,,
2024-11-28,C11_RELEASE_CLOCK_FAMILY_EB_K2,C11_RELEASE_CLOCK_FAMILY_EB,2,2,,,,,
2024-11-29,C11_RELEASE_CLOCK_FAMILY_EB_K2,C11_RELEASE_CLOCK_FAMILY_EB,2,1,,,,,
2024-11-29,C11_RELEASE_CLOCK_FAMILY_EB_K2,C11_RELEASE_CLOCK_FAMILY_EB,2,2,,,,,
2024-12-02,C11_RELEASE_CLOCK_FAMILY_EB_K2,C11_RELEASE_CLOCK_FAMILY_EB,2,1,,,,,
2024-12-02,C11_RELEASE_CLOCK_FAMILY_EB_K2,C11_RELEASE_CLOCK_FAMILY_EB,2,2,,,,,
2024-12-03,C11_RELEASE_CLOCK_FAMILY_EB_K2,C11_RELEASE_CLOCK_FAMILY_EB,2,1,,,,,
2024-12-03,C11_RELEASE_CLOCK_FAMILY_EB_K2,C11_RELEASE_CLOCK_FAMILY_EB,2,2,,,,,
2024-12-04,C11_RELEASE_CLOCK_FAMILY_EB_K2,C11_RELEASE_CLOCK_FAMILY_EB,2,1,,,,,
2024-12-04,C11_RELEASE_CLOCK_FAMILY_EB_K2,C11_RELEASE_CLOCK_FAMILY_EB,2,2,,,,,
2024-12-05,C11_RELEASE_CLOCK_FAMILY_EB_K2,C11_RELEASE_CLOCK_FAMILY_EB,2,1,,,,,
2024-12-05,C11_RELEASE_CLOCK_FAMILY_EB_K2,C11_RELEASE_CLOCK_FAMILY_EB,2,2,,,,,
2024-12-06,C11_RELEASE_CLOCK_FAMILY_EB_K2,C11_RELEASE_CLOCK_FAMILY_EB,2,1,,,,,
2024-12-06,C11_RELEASE_CLOCK_FAMILY_EB_K2,C11_RELEASE_CLOCK_FAMILY_EB,2,2,,,,,
2024-12-09,C11_RELEASE_CLOCK_FAMILY_EB_K2,C11_RELEASE_CLOCK_FAMILY_EB,2,1,,,,,
2024-12-09,C11_RELEASE_CLOCK_FAMILY_EB_K2,C11_RELEASE_CLOCK_FAMILY_EB,2,2,,,,,
2024-12-10,C11_RELEASE_CLOCK_FAMILY_EB_K2,C11_RELEASE_CLOCK_FAMILY_EB,2,1,,,,,
2024-12-10,C11_RELEASE_CLOCK_FAMILY_EB_K2,C11_RELEASE_CLOCK_FAMILY_EB,2,2,,,,,
2024-12-11,C11_RELEASE_CLOCK_FAMILY_EB_K2,C11_RELEASE_CLOCK_FAMILY_EB,2,1,,,,,
2024-12-11,C11_RELEASE_CLOCK_FAMILY_EB_K2,C11_RELEASE_CLOCK_FAMILY_EB,2,2,,,,,
2024-12-12,C11_RELEASE_CLOCK_FAMILY_EB_K2,C11_RELEASE_CLOCK_FAMILY_EB,2,1,,,,,
2024-12-12,C11_RELEASE_CLOCK_FAMILY_EB_K2,C11_RELEASE_CLOCK_FAMILY_EB,2,2,,,,,
2024-12-13,C11_RELEASE_CLOCK_FAMILY_EB_K2,C11_RELEASE_CLOCK_FAMILY_EB,2,1,,,,,
2024-12-13,C11_RELEASE_CLOCK_FAMILY_EB_K2,C11_RELEASE_CLOCK_FAMILY_EB,2,2,,,,,
2024-12-16,C11_RELEASE_CLOCK_FAMILY_EB_K2,C11_RELEASE_CLOCK_FAMILY_EB,2,1,,,,,
2024-12-16,C11_RELEASE_CLOCK_FAMILY_EB_K2,C11_RELEASE_CLOCK_FAMILY_EB,2,2,,,,,
2024-12-17,C11_RELEASE_CLOCK_FAMILY_EB_K2,C11_RELEASE_CLOCK_FAMILY_EB,2,1,,,,,
2024-12-17,C11_RELEASE_CLOCK_FAMILY_EB_K2,C11_RELEASE_CLOCK_FAMILY_EB,2,2,,,,,
2024-12-18,C11_RELEASE_CLOCK_FAMILY_EB_K2,C11_RELEASE_CLOCK_FAMILY_EB,2,1,,,,,
2024-12-18,C11_RELEASE_CLOCK_FAMILY_EB_K2,C11_RELEASE_CLOCK_FAMILY_EB,2,2,,,,,
2024-12-19,C11_RELEASE_CLOCK_FAMILY_EB_K2,C11_RELEASE_CLOCK_FAMILY_EB,2,1,,,,,
2024-12-19,C11_RELEASE_CLOCK_FAMILY_EB_K2,C11_RELEASE_CLOCK_FAMILY_EB,2,2,,,,,
2024-12-20,C11_RELEASE_CLOCK_FAMILY_EB_K2,C11_RELEASE_CLOCK_FAMILY_EB,2,1,,,,,
2024-12-20,C11_RELEASE_CLOCK_FAMILY_EB_K2,C11_RELEASE_CLOCK_FAMILY_EB,2,2,,,,,
2024-12-23,C11_RELEASE_CLOCK_FAMILY_EB_K2,C11_RELEASE_CLOCK_FAMILY_EB,2,1,,,,,
2024-12-23,C11_RELEASE_CLOCK_FAMILY_EB_K2,C11_RELEASE_CLOCK_FAMILY_EB,2,2,,,,,
2024-12-24,C11_RELEASE_CLOCK_FAMILY_EB_K2,C11_RELEASE_CLOCK_FAMILY_EB,2,1,,,,,
2024-12-24,C11_RELEASE_CLOCK_FAMILY_EB_K2,C11_RELEASE_CLOCK_FAMILY_EB,2,2,,,,,
2024-12-25,C11_RELEASE_CLOCK_FAMILY_EB_K2,C11_RELEASE_CLOCK_FAMILY_EB,2,1,,,,,
2024-12-25,C11_RELEASE_CLOCK_FAMILY_EB_K2,C11_RELEASE_CLOCK_FAMILY_EB,2,2,,,,,
2024-12-26,C11_RELEASE_CLOCK_FAMILY_EB_K2,C11_RELEASE_CLOCK_FAMILY_EB,2,1,,,,,
2024-12-26,C11_RELEASE_CLOCK_FAMILY_EB_K2,C11_RELEASE_CLOCK_FAMILY_EB,2,2,,,,,
2024-12-27,C11_RELEASE_CLOCK_FAMILY_EB_K2,C11_RELEASE_CLOCK_FAMILY_EB,2,1,,,,,
2024-12-27,C11_RELEASE_CLOCK_FAMILY_EB_K2,C11_RELEASE_CLOCK_FAMILY_EB,2,2,,,,,
2024-12-30,C11_RELEASE_CLOCK_FAMILY_EB_K2,C11_RELEASE_CLOCK_FAMILY_EB,2,1,,,,,
2024-12-30,C11_RELEASE_CLOCK_FAMILY_EB_K2,C11_RELEASE_CLOCK_FAMILY_EB,2,2,,,,,
2025-01-06,C11_RELEASE_CLOCK_FAMILY_EB_K2,C11_RELEASE_CLOCK_FAMILY_EB,2,1,,,,,
2025-01-06,C11_RELEASE_CLOCK_FAMILY_EB_K2,C11_RELEASE_CLOCK_FAMILY_EB,2,2,,,,,
2025-01-07,C11_RELEASE_CLOCK_FAMILY_EB_K2,C11_RELEASE_CLOCK_FAMILY_EB,2,1,,,,,
2025-01-07,C11_RELEASE_CLOCK_FAMILY_EB_K2,C11_RELEASE_CLOCK_FAMILY_EB,2,2,,,,,
2025-01-08,C11_RELEASE_CLOCK_FAMILY_EB_K2,C11_RELEASE_CLOCK_FAMILY_EB,2,1,,,,,
2025-01-08,C11_RELEASE_CLOCK_FAMILY_EB_K2,C11_RELEASE_CLOCK_FAMILY_EB,2,2,,,,,
2025-01-09,C11_RELEASE_CLOCK_FAMILY_EB_K2,C11_RELEASE_CLOCK_FAMILY_EB,2,1,,,,,
2025-01-09,C11_RELEASE_CLOCK_FAMILY_EB_K2,C11_RELEASE_CLOCK_FAMILY_EB,2,2,,,,,
2025-01-10,C11_RELEASE_CLOCK_FAMILY_EB_K2,C11_RELEASE_CLOCK_FAMILY_EB,2,1,,,,,
2025-01-10,C11_RELEASE_CLOCK_FAMILY_EB_K2,C11_RELEASE_CLOCK_FAMILY_EB,2,2,,,,,
2025-01-14,C11_RELEASE_CLOCK_FAMILY_EB_K2,C11_RELEASE_CLOCK_FAMILY_EB,2,1,,,,,
2025-01-14,C11_RELEASE_CLOCK_FAMILY_EB_K2,C11_RELEASE_CLOCK_FAMILY_EB,2,2,,,,,
2025-01-15,C11_RELEASE_CLOCK_FAMILY_EB_K2,C11_RELEASE_CLOCK_FAMILY_EB,2,1,,,,,
2025-01-15,C11_RELEASE_CLOCK_FAMILY_EB_K2,C11_RELEASE_CLOCK_FAMILY_EB,2,2,,,,,
2025-01-16,C11_RELEASE_CLOCK_FAMILY_EB_K2,C11_RELEASE_CLOCK_FAMILY_EB,2,1,,,,,
2025-01-16,C11_RELEASE_CLOCK_FAMILY_EB_K2,C11_RELEASE_CLOCK_FAMILY_EB,2,2,,,,,
2025-01-17,C11_RELEASE_CLOCK_FAMILY_EB_K2,C11_RELEASE_CLOCK_FAMILY_EB,2,1,,,,,
2025-01-17,C11_RELEASE_CLOCK_FAMILY_EB_K2,C11_RELEASE_CLOCK_FAMILY_EB,2,2,,,,,
2025-01-20,C11_RELEASE_CLOCK_FAMILY_EB_K2,C11_RELEASE_CLOCK_FAMILY_EB,2,1,,,,,
2025-01-20,C11_RELEASE_CLOCK_FAMILY_EB_K2,C11_RELEASE_CLOCK_FAMILY_EB,2,2,,,,,
2025-01-21,C11_RELEASE_CLOCK_FAMILY_EB_K2,C11_RELEASE_CLOCK_FAMILY_EB,2,1,,,,,
2025-01-21,C11_RELEASE_CLOCK_FAMILY_EB_K2,C11_RELEASE_CLOCK_FAMILY_EB,2,2,,,,,
2025-01-22,C11_RELEASE_CLOCK_FAMILY_EB_K2,C11_RELEASE_CLOCK_FAMILY_EB,2,1,,,,,
2025-01-22,C11_RELEASE_CLOCK_FAMILY_EB_K2,C11_RELEASE_CLOCK_FAMILY_EB,2,2,,,,,
2025-01-23,C11_RELEASE_CLOCK_FAMILY_EB_K2,C11_RELEASE_CLOCK_FAMILY_EB,2,1,,,,,
2025-01-23,C11_RELEASE_CLOCK_FAMILY_EB_K2,C11_RELEASE_CLOCK_FAMILY_EB,2,2,,,,,
2025-01-24,C11_RELEASE_CLOCK_FAMILY_EB_K2,C11_RELEASE_CLOCK_FAMILY_EB,2,1,,,,,
2025-01-24,C11_RELEASE_CLOCK_FAMILY_EB_K2,C11_RELEASE_CLOCK_FAMILY_EB,2,2,,,,,
2025-01-27,C11_RELEASE_CLOCK_FAMILY_EB_K2,C11_RELEASE_CLOCK_FAMILY_EB,2,1,,,,,
2025-01-27,C11_RELEASE_CLOCK_FAMILY_EB_K2,C11_RELEASE_CLOCK_FAMILY_EB,2,2,,,,,
2025-01-28,C11_RELEASE_CLOCK_FAMILY_EB_K2,C11_RELEASE_CLOCK_FAMILY_EB,2,1,,,,,
2025-01-28,C11_RELEASE_CLOCK_FAMILY_EB_K2,C11_RELEASE_CLOCK_FAMILY_EB,2,2,,,,,
2025-01-29,C11_RELEASE_CLOCK_FAMILY_EB_K2,C11_RELEASE_CLOCK_FAMILY_EB,2,1,,,,,
2025-01-29,C11_RELEASE_CLOCK_FAMILY_EB_K2,C11_RELEASE_CLOCK_FAMILY_EB,2,2,,,,,
2025-01-30,C11_RELEASE_CLOCK_FAMILY_EB_K2,C11_RELEASE_CLOCK_FAMILY_EB,2,1,,,,,
2025-01-30,C11_RELEASE_CLOCK_FAMILY_EB_K2,C11_RELEASE_CLOCK_FAMILY_EB,2,2,,,,,
2025-01-31,C11_RELEASE_CLOCK_FAMILY_EB_K2,C11_RELEASE_CLOCK_FAMILY_EB,2,1,,,,,
2025-01-31,C11_RELEASE_CLOCK_FAMILY_EB_K2,C11_RELEASE_CLOCK_FAMILY_EB,2,2,,,,,
2025-02-03,C11_RELEASE_CLOCK_FAMILY_EB_K2,C11_RELEASE_CLOCK_FAMILY_EB,2,1,,,,,
2025-02-03,C11_RELEASE_CLOCK_FAMILY_EB_K2,C11_RELEASE_CLOCK_FAMILY_EB,2,2,,,,,
2025-02-04,C11_RELEASE_CLOCK_FAMILY_EB_K2,C11_RELEASE_CLOCK_FAMILY_EB,2,1,,,,,
2025-02-04,C11_RELEASE_CLOCK_FAMILY_EB_K2,C11_RELEASE_CLOCK_FAMILY_EB,2,2,,,,,
2025-02-05,C11_RELEASE_CLOCK_FAMILY_EB_K2,C11_RELEASE_CLOCK_FAMILY_EB,2,1,,,,,
2025-02-05,C11_RELEASE_CLOCK_FAMILY_EB_K2,C11_RELEASE_CLOCK_FAMILY_EB,2,2,,,,,
2025-02-06,C11_RELEASE_CLOCK_FAMILY_EB_K2,C11_RELEASE_CLOCK_FAMILY_EB,2,1,,,,,
2025-02-06,C11_RELEASE_CLOCK_FAMILY_EB_K2,C11_RELEASE_CLOCK_FAMILY_EB,2,2,,,,,
2025-02-07,C11_RELEASE_CLOCK_FAMILY_EB_K2,C11_RELEASE_CLOCK_FAMILY_EB,2,1,,,,,
2025-02-07,C11_RELEASE_CLOCK_FAMILY_EB_K2,C11_RELEASE_CLOCK_FAMILY_EB,2,2,,,,,
2025-02-10,C11_RELEASE_CLOCK_FAMILY_EB_K2,C11_RELEASE_CLOCK_FAMILY_EB,2,1,,,,,
2025-02-10,C11_RELEASE_CLOCK_FAMILY_EB_K2,C11_RELEASE_CLOCK_FAMILY_EB,2,2,,,,,
2025-02-12,C11_RELEASE_CLOCK_FAMILY_EB_K2,C11_RELEASE_CLOCK_FAMILY_EB,2,1,,,,,
2025-02-12,C11_RELEASE_CLOCK_FAMILY_EB_K2,C11_RELEASE_CLOCK_FAMILY_EB,2,2,,,,,
2025-02-13,C11_RELEASE_CLOCK_FAMILY_EB_K2,C11_RELEASE_CLOCK_FAMILY_EB,2,1,,,,,
2025-02-13,C11_RELEASE_CLOCK_FAMILY_EB_K2,C11_RELEASE_CLOCK_FAMILY_EB,2,2,,,,,
2025-02-14,C11_RELEASE_CLOCK_FAMILY_EB_K2,C11_RELEASE_CLOCK_FAMILY_EB,2,1,,,,,
2025-02-14,C11_RELEASE_CLOCK_FAMILY_EB_K2,C11_RELEASE_CLOCK_FAMILY_EB,2,2,,,,,
2025-02-17,C11_RELEASE_CLOCK_FAMILY_EB_K2,C11_RELEASE_CLOCK_FAMILY_EB,2,1,,,,,
2025-02-17,C11_RELEASE_CLOCK_FAMILY_EB_K2,C11_RELEASE_CLOCK_FAMILY_EB,2,2,,,,,
2025-02-18,C11_RELEASE_CLOCK_FAMILY_EB_K2,C11_RELEASE_CLOCK_FAMILY_EB,2,1,,,,,
2025-02-18,C11_RELEASE_CLOCK_FAMILY_EB_K2,C11_RELEASE_CLOCK_FAMILY_EB,2,2,,,,,
2025-02-19,C11_RELEASE_CLOCK_FAMILY_EB_K2,C11_RELEASE_CLOCK_FAMILY_EB,2,1,,,,,
2025-02-19,C11_RELEASE_CLOCK_FAMILY_EB_K2,C11_RELEASE_CLOCK_FAMILY_EB,2,2,,,,,
2025-02-20,C11_RELEASE_CLOCK_FAMILY_EB_K2,C11_RELEASE_CLOCK_FAMILY_EB,2,1,,,,,
2025-02-20,C11_RELEASE_CLOCK_FAMILY_EB_K2,C11_RELEASE_CLOCK_FAMILY_EB,2,2,,,,,
2025-02-21,C11_RELEASE_CLOCK_FAMILY_EB_K2,C11_RELEASE_CLOCK_FAMILY_EB,2,1,,,,,
2025-02-21,C11_RELEASE_CLOCK_FAMILY_EB_K2,C11_RELEASE_CLOCK_FAMILY_EB,2,2,,,,,
2025-02-25,C11_RELEASE_CLOCK_FAMILY_EB_K2,C11_RELEASE_CLOCK_FAMILY_EB,2,1,,,,,
2025-02-25,C11_RELEASE_CLOCK_FAMILY_EB_K2,C11_RELEASE_CLOCK_FAMILY_EB,2,2,,,,,
2025-02-26,C11_RELEASE_CLOCK_FAMILY_EB_K2,C11_RELEASE_CLOCK_FAMILY_EB,2,1,,,,,
2025-02-26,C11_RELEASE_CLOCK_FAMILY_EB_K2,C11_RELEASE_CLOCK_FAMILY_EB,2,2,,,,,
2025-02-27,C11_RELEASE_CLOCK_FAMILY_EB_K2,C11_RELEASE_CLOCK_FAMILY_EB,2,1,,,,,
2025-02-27,C11_RELEASE_CLOCK_FAMILY_EB_K2,C11_RELEASE_CLOCK_FAMILY_EB,2,2,,,,,
2025-02-28,C11_RELEASE_CLOCK_FAMILY_EB_K2,C11_RELEASE_CLOCK_FAMILY_EB,2,1,,,,,
2025-02-28,C11_RELEASE_CLOCK_FAMILY_EB_K2,C11_RELEASE_CLOCK_FAMILY_EB,2,2,,,,,
2025-03-03,C11_RELEASE_CLOCK_FAMILY_EB_K2,C11_RELEASE_CLOCK_FAMILY_EB,2,1,,,,,
2025-03-03,C11_RELEASE_CLOCK_FAMILY_EB_K2,C11_RELEASE_CLOCK_FAMILY_EB,2,2,,,,,
2025-03-04,C11_RELEASE_CLOCK_FAMILY_EB_K2,C11_RELEASE_CLOCK_FAMILY_EB,2,1,,,,,
2025-03-04,C11_RELEASE_CLOCK_FAMILY_EB_K2,C11_RELEASE_CLOCK_FAMILY_EB,2,2,,,,,
2025-03-05,C11_RELEASE_CLOCK_FAMILY_EB_K2,C11_RELEASE_CLOCK_FAMILY_EB,2,1,,,,,
2025-03-05,C11_RELEASE_CLOCK_FAMILY_EB_K2,C11_RELEASE_CLOCK_FAMILY_EB,2,2,,,,,
2025-03-06,C11_RELEASE_CLOCK_FAMILY_EB_K2,C11_RELEASE_CLOCK_FAMILY_EB,2,1,,,,,
2025-03-06,C11_RELEASE_CLOCK_FAMILY_EB_K2,C11_RELEASE_CLOCK_FAMILY_EB,2,2,,,,,
2025-03-07,C11_RELEASE_CLOCK_FAMILY_EB_K2,C11_RELEASE_CLOCK_FAMILY_EB,2,1,,,,,
2025-03-07,C11_RELEASE_CLOCK_FAMILY_EB_K2,C11_RELEASE_CLOCK_FAMILY_EB,2,2,,,,,
2025-03-10,C11_RELEASE_CLOCK_FAMILY_EB_K2,C11_RELEASE_CLOCK_FAMILY_EB,2,1,,,,,
2025-03-10,C11_RELEASE_CLOCK_FAMILY_EB_K2,C11_RELEASE_CLOCK_FAMILY_EB,2,2,,,,,
2025-03-11,C11_RELEASE_CLOCK_FAMILY_EB_K2,C11_RELEASE_CLOCK_FAMILY_EB,2,1,,,,,
2025-03-11,C11_RELEASE_CLOCK_FAMILY_EB_K2,C11_RELEASE_CLOCK_FAMILY_EB,2,2,,,,,
2025-03-12,C11_RELEASE_CLOCK_FAMILY_EB_K2,C11_RELEASE_CLOCK_FAMILY_EB,2,1,,,,,
2025-03-12,C11_RELEASE_CLOCK_FAMILY_EB_K2,C11_RELEASE_CLOCK_FAMILY_EB,2,2,,,,,
2025-03-13,C11_RELEASE_CLOCK_FAMILY_EB_K2,C11_RELEASE_CLOCK_FAMILY_EB,2,1,,,,,
2025-03-13,C11_RELEASE_CLOCK_FAMILY_EB_K2,C11_RELEASE_CLOCK_FAMILY_EB,2,2,,,,,
2025-03-14,C11_RELEASE_CLOCK_FAMILY_EB_K2,C11_RELEASE_CLOCK_FAMILY_EB,2,1,,,,,
2025-03-14,C11_RELEASE_CLOCK_FAMILY_EB_K2,C11_RELEASE_CLOCK_FAMILY_EB,2,2,,,,,
2025-03-17,C11_RELEASE_CLOCK_FAMILY_EB_K2,C11_RELEASE_CLOCK_FAMILY_EB,2,1,,,,,
2025-03-17,C11_RELEASE_CLOCK_FAMILY_EB_K2,C11_RELEASE_CLOCK_FAMILY_EB,2,2,,,,,
2025-03-18,C11_RELEASE_CLOCK_FAMILY_EB_K2,C11_RELEASE_CLOCK_FAMILY_EB,2,1,,,,,
2025-03-18,C11_RELEASE_CLOCK_FAMILY_EB_K2,C11_RELEASE_CLOCK_FAMILY_EB,2,2,,,,,
2025-03-19,C11_RELEASE_CLOCK_FAMILY_EB_K2,C11_RELEASE_CLOCK_FAMILY_EB,2,1,,,,,
2025-03-19,C11_RELEASE_CLOCK_FAMILY_EB_K2,C11_RELEASE_CLOCK_FAMILY_EB,2,2,,,,,
2025-03-21,C11_RELEASE_CLOCK_FAMILY_EB_K2,C11_RELEASE_CLOCK_FAMILY_EB,2,1,,,,,
2025-03-21,C11_RELEASE_CLOCK_FAMILY_EB_K2,C11_RELEASE_CLOCK_FAMILY_EB,2,2,,,,,
2025-03-24,C11_RELEASE_CLOCK_FAMILY_EB_K2,C11_RELEASE_CLOCK_FAMILY_EB,2,1,,,,,
2025-03-24,C11_RELEASE_CLOCK_FAMILY_EB_K2,C11_RELEASE_CLOCK_FAMILY_EB,2,2,,,,,
2025-03-25,C11_RELEASE_CLOCK_FAMILY_EB_K2,C11_RELEASE_CLOCK_FAMILY_EB,2,1,,,,,
2025-03-25,C11_RELEASE_CLOCK_FAMILY_EB_K2,C11_RELEASE_CLOCK_FAMILY_EB,2,2,,,,,
2025-03-26,C11_RELEASE_CLOCK_FAMILY_EB_K2,C11_RELEASE_CLOCK_FAMILY_EB,2,1,,,,,
2025-03-26,C11_RELEASE_CLOCK_FAMILY_EB_K2,C11_RELEASE_CLOCK_FAMILY_EB,2,2,,,,,
2025-03-27,C11_RELEASE_CLOCK_FAMILY_EB_K2,C11_RELEASE_CLOCK_FAMILY_EB,2,1,,,,,
2025-03-27,C11_RELEASE_CLOCK_FAMILY_EB_K2,C11_RELEASE_CLOCK_FAMILY_EB,2,2,,,,,
2025-03-28,C11_RELEASE_CLOCK_FAMILY_EB_K2,C11_RELEASE_CLOCK_FAMILY_EB,2,1,,,,,
2025-03-28,C11_RELEASE_CLOCK_FAMILY_EB_K2,C11_RELEASE_CLOCK_FAMILY_EB,2,2,,,,,
2025-03-31,C11_RELEASE_CLOCK_FAMILY_EB_K2,C11_RELEASE_CLOCK_FAMILY_EB,2,1,,,,,
2025-03-31,C11_RELEASE_CLOCK_FAMILY_EB_K2,C11_RELEASE_CLOCK_FAMILY_EB,2,2,,,,,
2025-04-01,C11_RELEASE_CLOCK_FAMILY_EB_K2,C11_RELEASE_CLOCK_FAMILY_EB,2,1,,,,,
2025-04-01,C11_RELEASE_CLOCK_FAMILY_EB_K2,C11_RELEASE_CLOCK_FAMILY_EB,2,2,,,,,
2025-04-02,C11_RELEASE_CLOCK_FAMILY_EB_K2,C11_RELEASE_CLOCK_FAMILY_EB,2,1,,,,,
2025-04-02,C11_RELEASE_CLOCK_FAMILY_EB_K2,C11_RELEASE_CLOCK_FAMILY_EB,2,2,,,,,
2025-04-03,C11_RELEASE_CLOCK_FAMILY_EB_K2,C11_RELEASE_CLOCK_FAMILY_EB,2,1,,,,,
2025-04-03,C11_RELEASE_CLOCK_FAMILY_EB_K2,C11_RELEASE_CLOCK_FAMILY_EB,2,2,,,,,
2025-04-04,C11_RELEASE_CLOCK_FAMILY_EB_K2,C11_RELEASE_CLOCK_FAMILY_EB,2,1,,,,,
2025-04-04,C11_RELEASE_CLOCK_FAMILY_EB_K2,C11_RELEASE_CLOCK_FAMILY_EB,2,2,,,,,
2025-04-07,C11_RELEASE_CLOCK_FAMILY_EB_K2,C11_RELEASE_CLOCK_FAMILY_EB,2,1,,,,,
2025-04-07,C11_RELEASE_CLOCK_FAMILY_EB_K2,C11_RELEASE_CLOCK_FAMILY_EB,2,2,,,,,
2025-04-08,C11_RELEASE_CLOCK_FAMILY_EB_K2,C11_RELEASE_CLOCK_FAMILY_EB,2,1,,,,,
2025-04-08,C11_RELEASE_CLOCK_FAMILY_EB_K2,C11_RELEASE_CLOCK_FAMILY_EB,2,2,,,,,
2025-04-09,C11_RELEASE_CLOCK_FAMILY_EB_K2,C11_RELEASE_CLOCK_FAMILY_EB,2,1,,,,,
2025-04-09,C11_RELEASE_CLOCK_FAMILY_EB_K2,C11_RELEASE_CLOCK_FAMILY_EB,2,2,,,,,
2025-04-10,C11_RELEASE_CLOCK_FAMILY_EB_K2,C11_RELEASE_CLOCK_FAMILY_EB,2,1,,,,,
2025-04-10,C11_RELEASE_CLOCK_FAMILY_EB_K2,C11_RELEASE_CLOCK_FAMILY_EB,2,2,,,,,
2025-04-11,C11_RELEASE_CLOCK_FAMILY_EB_K2,C11_RELEASE_CLOCK_FAMILY_EB,2,1,,,,,
2025-04-11,C11_RELEASE_CLOCK_FAMILY_EB_K2,C11_RELEASE_CLOCK_FAMILY_EB,2,2,,,,,
2025-04-14,C11_RELEASE_CLOCK_FAMILY_EB_K2,C11_RELEASE_CLOCK_FAMILY_EB,2,1,,,,,
2025-04-14,C11_RELEASE_CLOCK_FAMILY_EB_K2,C11_RELEASE_CLOCK_FAMILY_EB,2,2,,,,,
2025-04-15,C11_RELEASE_CLOCK_FAMILY_EB_K2,C11_RELEASE_CLOCK_FAMILY_EB,2,1,,,,,
2025-04-15,C11_RELEASE_CLOCK_FAMILY_EB_K2,C11_RELEASE_CLOCK_FAMILY_EB,2,2,,,,,
2025-04-16,C11_RELEASE_CLOCK_FAMILY_EB_K2,C11_RELEASE_CLOCK_FAMILY_EB,2,1,,,,,
2025-04-16,C11_RELEASE_CLOCK_FAMILY_EB_K2,C11_RELEASE_CLOCK_FAMILY_EB,2,2,,,,,
2025-04-17,C11_RELEASE_CLOCK_FAMILY_EB_K2,C11_RELEASE_CLOCK_FAMILY_EB,2,1,,,,,
2025-04-17,C11_RELEASE_CLOCK_FAMILY_EB_K2,C11_RELEASE_CLOCK_FAMILY_EB,2,2,,,,,
2025-04-18,C11_RELEASE_CLOCK_FAMILY_EB_K2,C11_RELEASE_CLOCK_FAMILY_EB,2,1,,,,,
2025-04-18,C11_RELEASE_CLOCK_FAMILY_EB_K2,C11_RELEASE_CLOCK_FAMILY_EB,2,2,,,,,
2025-04-21,C11_RELEASE_CLOCK_FAMILY_EB_K2,C11_RELEASE_CLOCK_FAMILY_EB,2,1,,,,,
2025-04-21,C11_RELEASE_CLOCK_FAMILY_EB_K2,C11_RELEASE_CLOCK_FAMILY_EB,2,2,,,,,
2025-04-22,C11_RELEASE_CLOCK_FAMILY_EB_K2,C11_RELEASE_CLOCK_FAMILY_EB,2,1,,,,,
2025-04-22,C11_RELEASE_CLOCK_FAMILY_EB_K2,C11_RELEASE_CLOCK_FAMILY_EB,2,2,,,,,
2025-04-23,C11_RELEASE_CLOCK_FAMILY_EB_K2,C11_RELEASE_CLOCK_FAMILY_EB,2,1,,,,,
2025-04-23,C11_RELEASE_CLOCK_FAMILY_EB_K2,C11_RELEASE_CLOCK_FAMILY_EB,2,2,,,,,
2025-04-24,C11_RELEASE_CLOCK_FAMILY_EB_K2,C11_RELEASE_CLOCK_FAMILY_EB,2,1,,,,,
2025-04-24,C11_RELEASE_CLOCK_FAMILY_EB_K2,C11_RELEASE_CLOCK_FAMILY_EB,2,2,,,,,
2025-04-25,C11_RELEASE_CLOCK_FAMILY_EB_K2,C11_RELEASE_CLOCK_FAMILY_EB,2,1,,,,,
2025-04-25,C11_RELEASE_CLOCK_FAMILY_EB_K2,C11_RELEASE_CLOCK_FAMILY_EB,2,2,,,,,
2025-04-28,C11_RELEASE_CLOCK_FAMILY_EB_K2,C11_RELEASE_CLOCK_FAMILY_EB,2,1,,,,,
2025-04-28,C11_RELEASE_CLOCK_FAMILY_EB_K2,C11_RELEASE_CLOCK_FAMILY_EB,2,2,,,,,
2025-04-30,C11_RELEASE_CLOCK_FAMILY_EB_K2,C11_RELEASE_CLOCK_FAMILY_EB,2,1,,,,,
2025-04-30,C11_RELEASE_CLOCK_FAMILY_EB_K2,C11_RELEASE_CLOCK_FAMILY_EB,2,2,,,,,
2025-05-01,C11_RELEASE_CLOCK_FAMILY_EB_K2,C11_RELEASE_CLOCK_FAMILY_EB,2,1,,,,,
2025-05-01,C11_RELEASE_CLOCK_FAMILY_EB_K2,C11_RELEASE_CLOCK_FAMILY_EB,2,2,,,,,
2025-05-02,C11_RELEASE_CLOCK_FAMILY_EB_K2,C11_RELEASE_CLOCK_FAMILY_EB,2,1,,,,,
2025-05-02,C11_RELEASE_CLOCK_FAMILY_EB_K2,C11_RELEASE_CLOCK_FAMILY_EB,2,2,,,,,
2025-05-07,C11_RELEASE_CLOCK_FAMILY_EB_K2,C11_RELEASE_CLOCK_FAMILY_EB,2,1,,,,,
2025-05-07,C11_RELEASE_CLOCK_FAMILY_EB_K2,C11_RELEASE_CLOCK_FAMILY_EB,2,2,,,,,
2025-05-08,C11_RELEASE_CLOCK_FAMILY_EB_K2,C11_RELEASE_CLOCK_FAMILY_EB,2,1,,,,,
2025-05-08,C11_RELEASE_CLOCK_FAMILY_EB_K2,C11_RELEASE_CLOCK_FAMILY_EB,2,2,,,,,
2025-05-09,C11_RELEASE_CLOCK_FAMILY_EB_K2,C11_RELEASE_CLOCK_FAMILY_EB,2,1,,,,,
2025-05-09,C11_RELEASE_CLOCK_FAMILY_EB_K2,C11_RELEASE_CLOCK_FAMILY_EB,2,2,,,,,
2025-05-12,C11_RELEASE_CLOCK_FAMILY_EB_K2,C11_RELEASE_CLOCK_FAMILY_EB,2,1,,,,,
2025-05-12,C11_RELEASE_CLOCK_FAMILY_EB_K2,C11_RELEASE_CLOCK_FAMILY_EB,2,2,,,,,
2025-05-13,C11_RELEASE_CLOCK_FAMILY_EB_K2,C11_RELEASE_CLOCK_FAMILY_EB,2,1,,,,,
2025-05-13,C11_RELEASE_CLOCK_FAMILY_EB_K2,C11_RELEASE_CLOCK_FAMILY_EB,2,2,,,,,
2025-05-14,C11_RELEASE_CLOCK_FAMILY_EB_K2,C11_RELEASE_CLOCK_FAMILY_EB,2,1,,,,,
2025-05-14,C11_RELEASE_CLOCK_FAMILY_EB_K2,C11_RELEASE_CLOCK_FAMILY_EB,2,2,,,,,
2025-05-15,C11_RELEASE_CLOCK_FAMILY_EB_K2,C11_RELEASE_CLOCK_FAMILY_EB,2,1,,,,,
2025-05-15,C11_RELEASE_CLOCK_FAMILY_EB_K2,C11_RELEASE_CLOCK_FAMILY_EB,2,2,,,,,
2025-05-16,C11_RELEASE_CLOCK_FAMILY_EB_K2,C11_RELEASE_CLOCK_FAMILY_EB,2,1,,,,,
2025-05-16,C11_RELEASE_CLOCK_FAMILY_EB_K2,C11_RELEASE_CLOCK_FAMILY_EB,2,2,,,,,
2025-05-19,C11_RELEASE_CLOCK_FAMILY_EB_K2,C11_RELEASE_CLOCK_FAMILY_EB,2,1,,,,,
2025-05-19,C11_RELEASE_CLOCK_FAMILY_EB_K2,C11_RELEASE_CLOCK_FAMILY_EB,2,2,,,,,
2025-05-20,C11_RELEASE_CLOCK_FAMILY_EB_K2,C11_RELEASE_CLOCK_FAMILY_EB,2,1,,,,,
2025-05-20,C11_RELEASE_CLOCK_FAMILY_EB_K2,C11_RELEASE_CLOCK_FAMILY_EB,2,2,,,,,
2025-05-21,C11_RELEASE_CLOCK_FAMILY_EB_K2,C11_RELEASE_CLOCK_FAMILY_EB,2,1,,,,,
2025-05-21,C11_RELEASE_CLOCK_FAMILY_EB_K2,C11_RELEASE_CLOCK_FAMILY_EB,2,2,,,,,
2025-05-22,C11_RELEASE_CLOCK_FAMILY_EB_K2,C11_RELEASE_CLOCK_FAMILY_EB,2,1,,,,,
2025-05-22,C11_RELEASE_CLOCK_FAMILY_EB_K2,C11_RELEASE_CLOCK_FAMILY_EB,2,2,,,,,
2025-05-23,C11_RELEASE_CLOCK_FAMILY_EB_K2,C11_RELEASE_CLOCK_FAMILY_EB,2,1,,,,,
2025-05-23,C11_RELEASE_CLOCK_FAMILY_EB_K2,C11_RELEASE_CLOCK_FAMILY_EB,2,2,,,,,
2025-05-26,C11_RELEASE_CLOCK_FAMILY_EB_K2,C11_RELEASE_CLOCK_FAMILY_EB,2,1,,,,,
2025-05-26,C11_RELEASE_CLOCK_FAMILY_EB_K2,C11_RELEASE_CLOCK_FAMILY_EB,2,2,,,,,
2025-05-27,C11_RELEASE_CLOCK_FAMILY_EB_K2,C11_RELEASE_CLOCK_FAMILY_EB,2,1,,,,,
2025-05-27,C11_RELEASE_CLOCK_FAMILY_EB_K2,C11_RELEASE_CLOCK_FAMILY_EB,2,2,,,,,
2025-05-28,C11_RELEASE_CLOCK_FAMILY_EB_K2,C11_RELEASE_CLOCK_FAMILY_EB,2,1,,,,,
2025-05-28,C11_RELEASE_CLOCK_FAMILY_EB_K2,C11_RELEASE_CLOCK_FAMILY_EB,2,2,,,,,
2025-05-29,C11_RELEASE_CLOCK_FAMILY_EB_K2,C11_RELEASE_CLOCK_FAMILY_EB,2,1,,,,,
2025-05-29,C11_RELEASE_CLOCK_FAMILY_EB_K2,C11_RELEASE_CLOCK_FAMILY_EB,2,2,,,,,
2025-05-30,C11_RELEASE_CLOCK_FAMILY_EB_K2,C11_RELEASE_CLOCK_FAMILY_EB,2,1,,,,,
2025-05-30,C11_RELEASE_CLOCK_FAMILY_EB_K2,C11_RELEASE_CLOCK_FAMILY_EB,2,2,,,,,
2025-06-02,C11_RELEASE_CLOCK_FAMILY_EB_K2,C11_RELEASE_CLOCK_FAMILY_EB,2,1,,,,,
2025-06-02,C11_RELEASE_CLOCK_FAMILY_EB_K2,C11_RELEASE_CLOCK_FAMILY_EB,2,2,,,,,
2025-06-03,C11_RELEASE_CLOCK_FAMILY_EB_K2,C11_RELEASE_CLOCK_FAMILY_EB,2,1,,,,,
2025-06-03,C11_RELEASE_CLOCK_FAMILY_EB_K2,C11_RELEASE_CLOCK_FAMILY_EB,2,2,,,,,
2025-06-04,C11_RELEASE_CLOCK_FAMILY_EB_K2,C11_RELEASE_CLOCK_FAMILY_EB,2,1,,,,,
2025-06-04,C11_RELEASE_CLOCK_FAMILY_EB_K2,C11_RELEASE_CLOCK_FAMILY_EB,2,2,,,,,
2025-06-05,C11_RELEASE_CLOCK_FAMILY_EB_K2,C11_RELEASE_CLOCK_FAMILY_EB,2,1,,,,,
2025-06-05,C11_RELEASE_CLOCK_FAMILY_EB_K2,C11_RELEASE_CLOCK_FAMILY_EB,2,2,,,,,
2025-06-06,C11_RELEASE_CLOCK_FAMILY_EB_K2,C11_RELEASE_CLOCK_FAMILY_EB,2,1,,,,,
2025-06-06,C11_RELEASE_CLOCK_FAMILY_EB_K2,C11_RELEASE_CLOCK_FAMILY_EB,2,2,,,,,
2025-06-09,C11_RELEASE_CLOCK_FAMILY_EB_K2,C11_RELEASE_CLOCK_FAMILY_EB,2,1,,,,,
2025-06-09,C11_RELEASE_CLOCK_FAMILY_EB_K2,C11_RELEASE_CLOCK_FAMILY_EB,2,2,,,,,
2025-06-10,C11_RELEASE_CLOCK_FAMILY_EB_K2,C11_RELEASE_CLOCK_FAMILY_EB,2,1,,,,,
2025-06-10,C11_RELEASE_CLOCK_FAMILY_EB_K2,C11_RELEASE_CLOCK_FAMILY_EB,2,2,,,,,
2025-06-11,C11_RELEASE_CLOCK_FAMILY_EB_K2,C11_RELEASE_CLOCK_FAMILY_EB,2,1,,,,,
2025-06-11,C11_RELEASE_CLOCK_FAMILY_EB_K2,C11_RELEASE_CLOCK_FAMILY_EB,2,2,,,,,
2025-06-12,C11_RELEASE_CLOCK_FAMILY_EB_K2,C11_RELEASE_CLOCK_FAMILY_EB,2,1,,,,,
2025-06-12,C11_RELEASE_CLOCK_FAMILY_EB_K2,C11_RELEASE_CLOCK_FAMILY_EB,2,2,,,,,
2025-06-13,C11_RELEASE_CLOCK_FAMILY_EB_K2,C11_RELEASE_CLOCK_FAMILY_EB,2,1,,,,,
2025-06-13,C11_RELEASE_CLOCK_FAMILY_EB_K2,C11_RELEASE_CLOCK_FAMILY_EB,2,2,,,,,
2025-06-16,C11_RELEASE_CLOCK_FAMILY_EB_K2,C11_RELEASE_CLOCK_FAMILY_EB,2,1,,,,,
2025-06-16,C11_RELEASE_CLOCK_FAMILY_EB_K2,C11_RELEASE_CLOCK_FAMILY_EB,2,2,,,,,
2025-06-17,C11_RELEASE_CLOCK_FAMILY_EB_K2,C11_RELEASE_CLOCK_FAMILY_EB,2,1,,,,,
2025-06-17,C11_RELEASE_CLOCK_FAMILY_EB_K2,C11_RELEASE_CLOCK_FAMILY_EB,2,2,,,,,
2025-06-18,C11_RELEASE_CLOCK_FAMILY_EB_K2,C11_RELEASE_CLOCK_FAMILY_EB,2,1,,,,,
2025-06-18,C11_RELEASE_CLOCK_FAMILY_EB_K2,C11_RELEASE_CLOCK_FAMILY_EB,2,2,,,,,
2025-06-19,C11_RELEASE_CLOCK_FAMILY_EB_K2,C11_RELEASE_CLOCK_FAMILY_EB,2,1,,,,,
2025-06-19,C11_RELEASE_CLOCK_FAMILY_EB_K2,C11_RELEASE_CLOCK_FAMILY_EB,2,2,,,,,
2025-06-20,C11_RELEASE_CLOCK_FAMILY_EB_K2,C11_RELEASE_CLOCK_FAMILY_EB,2,1,,,,,
2025-06-20,C11_RELEASE_CLOCK_FAMILY_EB_K2,C11_RELEASE_CLOCK_FAMILY_EB,2,2,,,,,
2025-06-23,C11_RELEASE_CLOCK_FAMILY_EB_K2,C11_RELEASE_CLOCK_FAMILY_EB,2,1,,,,,
2025-06-23,C11_RELEASE_CLOCK_FAMILY_EB_K2,C11_RELEASE_CLOCK_FAMILY_EB,2,2,,,,,
2025-06-24,C11_RELEASE_CLOCK_FAMILY_EB_K2,C11_RELEASE_CLOCK_FAMILY_EB,2,1,,,,,
2025-06-24,C11_RELEASE_CLOCK_FAMILY_EB_K2,C11_RELEASE_CLOCK_FAMILY_EB,2,2,,,,,
2025-06-25,C11_RELEASE_CLOCK_FAMILY_EB_K2,C11_RELEASE_CLOCK_FAMILY_EB,2,1,,,,,
2025-06-25,C11_RELEASE_CLOCK_FAMILY_EB_K2,C11_RELEASE_CLOCK_FAMILY_EB,2,2,,,,,
2025-06-26,C11_RELEASE_CLOCK_FAMILY_EB_K2,C11_RELEASE_CLOCK_FAMILY_EB,2,1,,,,,
2025-06-26,C11_RELEASE_CLOCK_FAMILY_EB_K2,C11_RELEASE_CLOCK_FAMILY_EB,2,2,,,,,
2025-06-27,C11_RELEASE_CLOCK_FAMILY_EB_K2,C11_RELEASE_CLOCK_FAMILY_EB,2,1,,,,,
2025-06-27,C11_RELEASE_CLOCK_FAMILY_EB_K2,C11_RELEASE_CLOCK_FAMILY_EB,2,2,,,,,
2025-06-30,C11_RELEASE_CLOCK_FAMILY_EB_K2,C11_RELEASE_CLOCK_FAMILY_EB,2,1,,,,,
2025-06-30,C11_RELEASE_CLOCK_FAMILY_EB_K2,C11_RELEASE_CLOCK_FAMILY_EB,2,2,,,,,
2025-07-01,C11_RELEASE_CLOCK_FAMILY_EB_K2,C11_RELEASE_CLOCK_FAMILY_EB,2,1,,,,,
2025-07-01,C11_RELEASE_CLOCK_FAMILY_EB_K2,C11_RELEASE_CLOCK_FAMILY_EB,2,2,,,,,
2025-07-02,C11_RELEASE_CLOCK_FAMILY_EB_K2,C11_RELEASE_CLOCK_FAMILY_EB,2,1,,,,,
2025-07-02,C11_RELEASE_CLOCK_FAMILY_EB_K2,C11_RELEASE_CLOCK_FAMILY_EB,2,2,,,,,
2025-07-03,C11_RELEASE_CLOCK_FAMILY_EB_K2,C11_RELEASE_CLOCK_FAMILY_EB,2,1,,,,,
2025-07-03,C11_RELEASE_CLOCK_FAMILY_EB_K2,C11_RELEASE_CLOCK_FAMILY_EB,2,2,,,,,
2025-07-04,C11_RELEASE_CLOCK_FAMILY_EB_K2,C11_RELEASE_CLOCK_FAMILY_EB,2,1,,,,,
2025-07-04,C11_RELEASE_CLOCK_FAMILY_EB_K2,C11_RELEASE_CLOCK_FAMILY_EB,2,2,,,,,
2025-07-07,C11_RELEASE_CLOCK_FAMILY_EB_K2,C11_RELEASE_CLOCK_FAMILY_EB,2,1,,,,,
2025-07-07,C11_RELEASE_CLOCK_FAMILY_EB_K2,C11_RELEASE_CLOCK_FAMILY_EB,2,2,,,,,
2025-07-08,C11_RELEASE_CLOCK_FAMILY_EB_K2,C11_RELEASE_CLOCK_FAMILY_EB,2,1,,,,,
2025-07-08,C11_RELEASE_CLOCK_FAMILY_EB_K2,C11_RELEASE_CLOCK_FAMILY_EB,2,2,,,,,
2025-07-09,C11_RELEASE_CLOCK_FAMILY_EB_K2,C11_RELEASE_CLOCK_FAMILY_EB,2,1,,,,,
2025-07-09,C11_RELEASE_CLOCK_FAMILY_EB_K2,C11_RELEASE_CLOCK_FAMILY_EB,2,2,,,,,
2025-07-10,C11_RELEASE_CLOCK_FAMILY_EB_K2,C11_RELEASE_CLOCK_FAMILY_EB,2,1,,,,,
2025-07-10,C11_RELEASE_CLOCK_FAMILY_EB_K2,C11_RELEASE_CLOCK_FAMILY_EB,2,2,,,,,
2025-07-11,C11_RELEASE_CLOCK_FAMILY_EB_K2,C11_RELEASE_CLOCK_FAMILY_EB,2,1,,,,,
2025-07-11,C11_RELEASE_CLOCK_FAMILY_EB_K2,C11_RELEASE_CLOCK_FAMILY_EB,2,2,,,,,
2025-07-14,C11_RELEASE_CLOCK_FAMILY_EB_K2,C11_RELEASE_CLOCK_FAMILY_EB,2,1,,,,,
2025-07-14,C11_RELEASE_CLOCK_FAMILY_EB_K2,C11_RELEASE_CLOCK_FAMILY_EB,2,2,,,,,
2025-07-15,C11_RELEASE_CLOCK_FAMILY_EB_K2,C11_RELEASE_CLOCK_FAMILY_EB,2,1,,,,,
2025-07-15,C11_RELEASE_CLOCK_FAMILY_EB_K2,C11_RELEASE_CLOCK_FAMILY_EB,2,2,,,,,
2025-07-16,C11_RELEASE_CLOCK_FAMILY_EB_K2,C11_RELEASE_CLOCK_FAMILY_EB,2,1,,,,,
2025-07-16,C11_RELEASE_CLOCK_FAMILY_EB_K2,C11_RELEASE_CLOCK_FAMILY_EB,2,2,,,,,
2025-07-17,C11_RELEASE_CLOCK_FAMILY_EB_K2,C11_RELEASE_CLOCK_FAMILY_EB,2,1,,,,,
2025-07-17,C11_RELEASE_CLOCK_FAMILY_EB_K2,C11_RELEASE_CLOCK_FAMILY_EB,2,2,,,,,
2025-07-18,C11_RELEASE_CLOCK_FAMILY_EB_K2,C11_RELEASE_CLOCK_FAMILY_EB,2,1,,,,,
2025-07-18,C11_RELEASE_CLOCK_FAMILY_EB_K2,C11_RELEASE_CLOCK_FAMILY_EB,2,2,,,,,
2025-07-22,C11_RELEASE_CLOCK_FAMILY_EB_K2,C11_RELEASE_CLOCK_FAMILY_EB,2,1,,,,,
2025-07-22,C11_RELEASE_CLOCK_FAMILY_EB_K2,C11_RELEASE_CLOCK_FAMILY_EB,2,2,,,,,
2025-07-23,C11_RELEASE_CLOCK_FAMILY_EB_K2,C11_RELEASE_CLOCK_FAMILY_EB,2,1,,,,,
2025-07-23,C11_RELEASE_CLOCK_FAMILY_EB_K2,C11_RELEASE_CLOCK_FAMILY_EB,2,2,,,,,
2025-07-24,C11_RELEASE_CLOCK_FAMILY_EB_K2,C11_RELEASE_CLOCK_FAMILY_EB,2,1,,,,,
2025-07-24,C11_RELEASE_CLOCK_FAMILY_EB_K2,C11_RELEASE_CLOCK_FAMILY_EB,2,2,,,,,
2025-07-25,C11_RELEASE_CLOCK_FAMILY_EB_K2,C11_RELEASE_CLOCK_FAMILY_EB,2,1,,,,,
2025-07-25,C11_RELEASE_CLOCK_FAMILY_EB_K2,C11_RELEASE_CLOCK_FAMILY_EB,2,2,,,,,
2025-07-28,C11_RELEASE_CLOCK_FAMILY_EB_K2,C11_RELEASE_CLOCK_FAMILY_EB,2,1,,,,,
2025-07-28,C11_RELEASE_CLOCK_FAMILY_EB_K2,C11_RELEASE_CLOCK_FAMILY_EB,2,2,,,,,
2025-07-29,C11_RELEASE_CLOCK_FAMILY_EB_K2,C11_RELEASE_CLOCK_FAMILY_EB,2,1,,,,,
2025-07-29,C11_RELEASE_CLOCK_FAMILY_EB_K2,C11_RELEASE_CLOCK_FAMILY_EB,2,2,,,,,
2025-07-30,C11_RELEASE_CLOCK_FAMILY_EB_K2,C11_RELEASE_CLOCK_FAMILY_EB,2,1,,,,,
2025-07-30,C11_RELEASE_CLOCK_FAMILY_EB_K2,C11_RELEASE_CLOCK_FAMILY_EB,2,2,,,,,
2025-07-31,C11_RELEASE_CLOCK_FAMILY_EB_K2,C11_RELEASE_CLOCK_FAMILY_EB,2,1,,,,,
2025-07-31,C11_RELEASE_CLOCK_FAMILY_EB_K2,C11_RELEASE_CLOCK_FAMILY_EB,2,2,,,,,
2024-07-01,C12_HIGH_DENSITY_FAMILY_EB_K1,C12_HIGH_DENSITY_FAMILY_EB,1,1,,,,,
2024-07-02,C12_HIGH_DENSITY_FAMILY_EB_K1,C12_HIGH_DENSITY_FAMILY_EB,1,1,,,,,
2024-07-03,C12_HIGH_DENSITY_FAMILY_EB_K1,C12_HIGH_DENSITY_FAMILY_EB,1,1,,,,,
2024-07-04,C12_HIGH_DENSITY_FAMILY_EB_K1,C12_HIGH_DENSITY_FAMILY_EB,1,1,,,,,
2024-07-05,C12_HIGH_DENSITY_FAMILY_EB_K1,C12_HIGH_DENSITY_FAMILY_EB,1,1,,,,,
2024-07-08,C12_HIGH_DENSITY_FAMILY_EB_K1,C12_HIGH_DENSITY_FAMILY_EB,1,1,,,,,
2024-07-09,C12_HIGH_DENSITY_FAMILY_EB_K1,C12_HIGH_DENSITY_FAMILY_EB,1,1,,,,,
2024-07-10,C12_HIGH_DENSITY_FAMILY_EB_K1,C12_HIGH_DENSITY_FAMILY_EB,1,1,,,,,
2024-07-11,C12_HIGH_DENSITY_FAMILY_EB_K1,C12_HIGH_DENSITY_FAMILY_EB,1,1,,,,,
2024-07-12,C12_HIGH_DENSITY_FAMILY_EB_K1,C12_HIGH_DENSITY_FAMILY_EB,1,1,,,,,
2024-07-16,C12_HIGH_DENSITY_FAMILY_EB_K1,C12_HIGH_DENSITY_FAMILY_EB,1,1,,,,,
2024-07-17,C12_HIGH_DENSITY_FAMILY_EB_K1,C12_HIGH_DENSITY_FAMILY_EB,1,1,,,,,
2024-07-18,C12_HIGH_DENSITY_FAMILY_EB_K1,C12_HIGH_DENSITY_FAMILY_EB,1,1,,,,,
2024-07-19,C12_HIGH_DENSITY_FAMILY_EB_K1,C12_HIGH_DENSITY_FAMILY_EB,1,1,,,,,
2024-07-22,C12_HIGH_DENSITY_FAMILY_EB_K1,C12_HIGH_DENSITY_FAMILY_EB,1,1,,,,,
2024-07-23,C12_HIGH_DENSITY_FAMILY_EB_K1,C12_HIGH_DENSITY_FAMILY_EB,1,1,,,,,
2024-07-24,C12_HIGH_DENSITY_FAMILY_EB_K1,C12_HIGH_DENSITY_FAMILY_EB,1,1,,,,,
2024-07-25,C12_HIGH_DENSITY_FAMILY_EB_K1,C12_HIGH_DENSITY_FAMILY_EB,1,1,,,,,
2024-07-26,C12_HIGH_DENSITY_FAMILY_EB_K1,C12_HIGH_DENSITY_FAMILY_EB,1,1,,,,,
2024-07-29,C12_HIGH_DENSITY_FAMILY_EB_K1,C12_HIGH_DENSITY_FAMILY_EB,1,1,,,,,
2024-07-30,C12_HIGH_DENSITY_FAMILY_EB_K1,C12_HIGH_DENSITY_FAMILY_EB,1,1,,,,,
2024-07-31,C12_HIGH_DENSITY_FAMILY_EB_K1,C12_HIGH_DENSITY_FAMILY_EB,1,1,,,,,
2024-08-01,C12_HIGH_DENSITY_FAMILY_EB_K1,C12_HIGH_DENSITY_FAMILY_EB,1,1,,,,,
2024-08-02,C12_HIGH_DENSITY_FAMILY_EB_K1,C12_HIGH_DENSITY_FAMILY_EB,1,1,,,,,
2024-08-05,C12_HIGH_DENSITY_FAMILY_EB_K1,C12_HIGH_DENSITY_FAMILY_EB,1,1,,,,,
2024-08-06,C12_HIGH_DENSITY_FAMILY_EB_K1,C12_HIGH_DENSITY_FAMILY_EB,1,1,,,,,
2024-08-07,C12_HIGH_DENSITY_FAMILY_EB_K1,C12_HIGH_DENSITY_FAMILY_EB,1,1,,,,,
2024-08-08,C12_HIGH_DENSITY_FAMILY_EB_K1,C12_HIGH_DENSITY_FAMILY_EB,1,1,,,,,
2024-08-09,C12_HIGH_DENSITY_FAMILY_EB_K1,C12_HIGH_DENSITY_FAMILY_EB,1,1,,,,,
2024-08-13,C12_HIGH_DENSITY_FAMILY_EB_K1,C12_HIGH_DENSITY_FAMILY_EB,1,1,,,,,
2024-08-14,C12_HIGH_DENSITY_FAMILY_EB_K1,C12_HIGH_DENSITY_FAMILY_EB,1,1,,,,,
2024-08-15,C12_HIGH_DENSITY_FAMILY_EB_K1,C12_HIGH_DENSITY_FAMILY_EB,1,1,,,,,
2024-08-16,C12_HIGH_DENSITY_FAMILY_EB_K1,C12_HIGH_DENSITY_FAMILY_EB,1,1,,,,,
2024-08-19,C12_HIGH_DENSITY_FAMILY_EB_K1,C12_HIGH_DENSITY_FAMILY_EB,1,1,,,,,
2024-08-20,C12_HIGH_DENSITY_FAMILY_EB_K1,C12_HIGH_DENSITY_FAMILY_EB,1,1,,,,,
2024-08-21,C12_HIGH_DENSITY_FAMILY_EB_K1,C12_HIGH_DENSITY_FAMILY_EB,1,1,,,,,
2024-08-22,C12_HIGH_DENSITY_FAMILY_EB_K1,C12_HIGH_DENSITY_FAMILY_EB,1,1,,,,,
2024-08-23,C12_HIGH_DENSITY_FAMILY_EB_K1,C12_HIGH_DENSITY_FAMILY_EB,1,1,,,,,
2024-08-26,C12_HIGH_DENSITY_FAMILY_EB_K1,C12_HIGH_DENSITY_FAMILY_EB,1,1,,,,,
2024-08-27,C12_HIGH_DENSITY_FAMILY_EB_K1,C12_HIGH_DENSITY_FAMILY_EB,1,1,,,,,
2024-08-28,C12_HIGH_DENSITY_FAMILY_EB_K1,C12_HIGH_DENSITY_FAMILY_EB,1,1,,,,,
2024-08-29,C12_HIGH_DENSITY_FAMILY_EB_K1,C12_HIGH_DENSITY_FAMILY_EB,1,1,,,,,
2024-08-30,C12_HIGH_DENSITY_FAMILY_EB_K1,C12_HIGH_DENSITY_FAMILY_EB,1,1,,,,,
2024-09-02,C12_HIGH_DENSITY_FAMILY_EB_K1,C12_HIGH_DENSITY_FAMILY_EB,1,1,,,,,
2024-09-03,C12_HIGH_DENSITY_FAMILY_EB_K1,C12_HIGH_DENSITY_FAMILY_EB,1,1,,,,,
2024-09-04,C12_HIGH_DENSITY_FAMILY_EB_K1,C12_HIGH_DENSITY_FAMILY_EB,1,1,,,,,
2024-09-05,C12_HIGH_DENSITY_FAMILY_EB_K1,C12_HIGH_DENSITY_FAMILY_EB,1,1,,,,,
2024-09-06,C12_HIGH_DENSITY_FAMILY_EB_K1,C12_HIGH_DENSITY_FAMILY_EB,1,1,,,,,
2024-09-09,C12_HIGH_DENSITY_FAMILY_EB_K1,C12_HIGH_DENSITY_FAMILY_EB,1,1,,,,,
2024-09-10,C12_HIGH_DENSITY_FAMILY_EB_K1,C12_HIGH_DENSITY_FAMILY_EB,1,1,,,,,
2024-09-11,C12_HIGH_DENSITY_FAMILY_EB_K1,C12_HIGH_DENSITY_FAMILY_EB,1,1,,,,,
2024-09-12,C12_HIGH_DENSITY_FAMILY_EB_K1,C12_HIGH_DENSITY_FAMILY_EB,1,1,,,,,
2024-09-13,C12_HIGH_DENSITY_FAMILY_EB_K1,C12_HIGH_DENSITY_FAMILY_EB,1,1,,,,,
2024-09-17,C12_HIGH_DENSITY_FAMILY_EB_K1,C12_HIGH_DENSITY_FAMILY_EB,1,1,,,,,
2024-09-18,C12_HIGH_DENSITY_FAMILY_EB_K1,C12_HIGH_DENSITY_FAMILY_EB,1,1,,,,,
2024-09-19,C12_HIGH_DENSITY_FAMILY_EB_K1,C12_HIGH_DENSITY_FAMILY_EB,1,1,,,,,
2024-09-20,C12_HIGH_DENSITY_FAMILY_EB_K1,C12_HIGH_DENSITY_FAMILY_EB,1,1,,,,,
2024-09-24,C12_HIGH_DENSITY_FAMILY_EB_K1,C12_HIGH_DENSITY_FAMILY_EB,1,1,,,,,
2024-09-25,C12_HIGH_DENSITY_FAMILY_EB_K1,C12_HIGH_DENSITY_FAMILY_EB,1,1,,,,,
2024-09-26,C12_HIGH_DENSITY_FAMILY_EB_K1,C12_HIGH_DENSITY_FAMILY_EB,1,1,,,,,
2024-09-27,C12_HIGH_DENSITY_FAMILY_EB_K1,C12_HIGH_DENSITY_FAMILY_EB,1,1,,,,,
2024-09-30,C12_HIGH_DENSITY_FAMILY_EB_K1,C12_HIGH_DENSITY_FAMILY_EB,1,1,,,,,
2024-10-01,C12_HIGH_DENSITY_FAMILY_EB_K1,C12_HIGH_DENSITY_FAMILY_EB,1,1,,,,,
2024-10-02,C12_HIGH_DENSITY_FAMILY_EB_K1,C12_HIGH_DENSITY_FAMILY_EB,1,1,,,,,
2024-10-03,C12_HIGH_DENSITY_FAMILY_EB_K1,C12_HIGH_DENSITY_FAMILY_EB,1,1,,,,,
2024-10-04,C12_HIGH_DENSITY_FAMILY_EB_K1,C12_HIGH_DENSITY_FAMILY_EB,1,1,,,,,
2024-10-07,C12_HIGH_DENSITY_FAMILY_EB_K1,C12_HIGH_DENSITY_FAMILY_EB,1,1,,,,,
2024-10-08,C12_HIGH_DENSITY_FAMILY_EB_K1,C12_HIGH_DENSITY_FAMILY_EB,1,1,,,,,
2024-10-09,C12_HIGH_DENSITY_FAMILY_EB_K1,C12_HIGH_DENSITY_FAMILY_EB,1,1,,,,,
2024-10-10,C12_HIGH_DENSITY_FAMILY_EB_K1,C12_HIGH_DENSITY_FAMILY_EB,1,1,,,,,
2024-10-11,C12_HIGH_DENSITY_FAMILY_EB_K1,C12_HIGH_DENSITY_FAMILY_EB,1,1,,,,,
2024-10-15,C12_HIGH_DENSITY_FAMILY_EB_K1,C12_HIGH_DENSITY_FAMILY_EB,1,1,,,,,
2024-10-16,C12_HIGH_DENSITY_FAMILY_EB_K1,C12_HIGH_DENSITY_FAMILY_EB,1,1,,,,,
2024-10-17,C12_HIGH_DENSITY_FAMILY_EB_K1,C12_HIGH_DENSITY_FAMILY_EB,1,1,,,,,
2024-10-18,C12_HIGH_DENSITY_FAMILY_EB_K1,C12_HIGH_DENSITY_FAMILY_EB,1,1,,,,,
2024-10-21,C12_HIGH_DENSITY_FAMILY_EB_K1,C12_HIGH_DENSITY_FAMILY_EB,1,1,,,,,
2024-10-22,C12_HIGH_DENSITY_FAMILY_EB_K1,C12_HIGH_DENSITY_FAMILY_EB,1,1,,,,,
2024-10-23,C12_HIGH_DENSITY_FAMILY_EB_K1,C12_HIGH_DENSITY_FAMILY_EB,1,1,,,,,
2024-10-24,C12_HIGH_DENSITY_FAMILY_EB_K1,C12_HIGH_DENSITY_FAMILY_EB,1,1,,,,,
2024-10-25,C12_HIGH_DENSITY_FAMILY_EB_K1,C12_HIGH_DENSITY_FAMILY_EB,1,1,,,,,
2024-10-28,C12_HIGH_DENSITY_FAMILY_EB_K1,C12_HIGH_DENSITY_FAMILY_EB,1,1,,,,,
2024-10-29,C12_HIGH_DENSITY_FAMILY_EB_K1,C12_HIGH_DENSITY_FAMILY_EB,1,1,,,,,
2024-10-30,C12_HIGH_DENSITY_FAMILY_EB_K1,C12_HIGH_DENSITY_FAMILY_EB,1,1,,,,,
2024-10-31,C12_HIGH_DENSITY_FAMILY_EB_K1,C12_HIGH_DENSITY_FAMILY_EB,1,1,,,,,
2024-11-01,C12_HIGH_DENSITY_FAMILY_EB_K1,C12_HIGH_DENSITY_FAMILY_EB,1,1,,,,,
2024-11-05,C12_HIGH_DENSITY_FAMILY_EB_K1,C12_HIGH_DENSITY_FAMILY_EB,1,1,,,,,
2024-11-06,C12_HIGH_DENSITY_FAMILY_EB_K1,C12_HIGH_DENSITY_FAMILY_EB,1,1,,,,,
2024-11-07,C12_HIGH_DENSITY_FAMILY_EB_K1,C12_HIGH_DENSITY_FAMILY_EB,1,1,,,,,
2024-11-08,C12_HIGH_DENSITY_FAMILY_EB_K1,C12_HIGH_DENSITY_FAMILY_EB,1,1,,,,,
2024-11-11,C12_HIGH_DENSITY_FAMILY_EB_K1,C12_HIGH_DENSITY_FAMILY_EB,1,1,,,,,
2024-11-12,C12_HIGH_DENSITY_FAMILY_EB_K1,C12_HIGH_DENSITY_FAMILY_EB,1,1,,,,,
2024-11-13,C12_HIGH_DENSITY_FAMILY_EB_K1,C12_HIGH_DENSITY_FAMILY_EB,1,1,,,,,
2024-11-14,C12_HIGH_DENSITY_FAMILY_EB_K1,C12_HIGH_DENSITY_FAMILY_EB,1,1,,,,,
2024-11-15,C12_HIGH_DENSITY_FAMILY_EB_K1,C12_HIGH_DENSITY_FAMILY_EB,1,1,,,,,
2024-11-18,C12_HIGH_DENSITY_FAMILY_EB_K1,C12_HIGH_DENSITY_FAMILY_EB,1,1,,,,,
2024-11-19,C12_HIGH_DENSITY_FAMILY_EB_K1,C12_HIGH_DENSITY_FAMILY_EB,1,1,,,,,
2024-11-20,C12_HIGH_DENSITY_FAMILY_EB_K1,C12_HIGH_DENSITY_FAMILY_EB,1,1,,,,,
2024-11-21,C12_HIGH_DENSITY_FAMILY_EB_K1,C12_HIGH_DENSITY_FAMILY_EB,1,1,,,,,
2024-11-22,C12_HIGH_DENSITY_FAMILY_EB_K1,C12_HIGH_DENSITY_FAMILY_EB,1,1,,,,,
2024-11-25,C12_HIGH_DENSITY_FAMILY_EB_K1,C12_HIGH_DENSITY_FAMILY_EB,1,1,,,,,
2024-11-26,C12_HIGH_DENSITY_FAMILY_EB_K1,C12_HIGH_DENSITY_FAMILY_EB,1,1,,,,,
2024-11-27,C12_HIGH_DENSITY_FAMILY_EB_K1,C12_HIGH_DENSITY_FAMILY_EB,1,1,,,,,
2024-11-28,C12_HIGH_DENSITY_FAMILY_EB_K1,C12_HIGH_DENSITY_FAMILY_EB,1,1,,,,,
2024-11-29,C12_HIGH_DENSITY_FAMILY_EB_K1,C12_HIGH_DENSITY_FAMILY_EB,1,1,,,,,
2024-12-02,C12_HIGH_DENSITY_FAMILY_EB_K1,C12_HIGH_DENSITY_FAMILY_EB,1,1,,,,,
2024-12-03,C12_HIGH_DENSITY_FAMILY_EB_K1,C12_HIGH_DENSITY_FAMILY_EB,1,1,,,,,
2024-12-04,C12_HIGH_DENSITY_FAMILY_EB_K1,C12_HIGH_DENSITY_FAMILY_EB,1,1,,,,,
2024-12-05,C12_HIGH_DENSITY_FAMILY_EB_K1,C12_HIGH_DENSITY_FAMILY_EB,1,1,,,,,
2024-12-06,C12_HIGH_DENSITY_FAMILY_EB_K1,C12_HIGH_DENSITY_FAMILY_EB,1,1,,,,,
2024-12-09,C12_HIGH_DENSITY_FAMILY_EB_K1,C12_HIGH_DENSITY_FAMILY_EB,1,1,,,,,
2024-12-10,C12_HIGH_DENSITY_FAMILY_EB_K1,C12_HIGH_DENSITY_FAMILY_EB,1,1,,,,,
2024-12-11,C12_HIGH_DENSITY_FAMILY_EB_K1,C12_HIGH_DENSITY_FAMILY_EB,1,1,,,,,
2024-12-12,C12_HIGH_DENSITY_FAMILY_EB_K1,C12_HIGH_DENSITY_FAMILY_EB,1,1,,,,,
2024-12-13,C12_HIGH_DENSITY_FAMILY_EB_K1,C12_HIGH_DENSITY_FAMILY_EB,1,1,,,,,
2024-12-16,C12_HIGH_DENSITY_FAMILY_EB_K1,C12_HIGH_DENSITY_FAMILY_EB,1,1,,,,,
2024-12-17,C12_HIGH_DENSITY_FAMILY_EB_K1,C12_HIGH_DENSITY_FAMILY_EB,1,1,,,,,
2024-12-18,C12_HIGH_DENSITY_FAMILY_EB_K1,C12_HIGH_DENSITY_FAMILY_EB,1,1,,,,,
2024-12-19,C12_HIGH_DENSITY_FAMILY_EB_K1,C12_HIGH_DENSITY_FAMILY_EB,1,1,,,,,
2024-12-20,C12_HIGH_DENSITY_FAMILY_EB_K1,C12_HIGH_DENSITY_FAMILY_EB,1,1,,,,,
2024-12-23,C12_HIGH_DENSITY_FAMILY_EB_K1,C12_HIGH_DENSITY_FAMILY_EB,1,1,,,,,
2024-12-24,C12_HIGH_DENSITY_FAMILY_EB_K1,C12_HIGH_DENSITY_FAMILY_EB,1,1,,,,,
2024-12-25,C12_HIGH_DENSITY_FAMILY_EB_K1,C12_HIGH_DENSITY_FAMILY_EB,1,1,,,,,
2024-12-26,C12_HIGH_DENSITY_FAMILY_EB_K1,C12_HIGH_DENSITY_FAMILY_EB,1,1,,,,,
2024-12-27,C12_HIGH_DENSITY_FAMILY_EB_K1,C12_HIGH_DENSITY_FAMILY_EB,1,1,,,,,
2024-12-30,C12_HIGH_DENSITY_FAMILY_EB_K1,C12_HIGH_DENSITY_FAMILY_EB,1,1,,,,,
2025-01-06,C12_HIGH_DENSITY_FAMILY_EB_K1,C12_HIGH_DENSITY_FAMILY_EB,1,1,,,,,
2025-01-07,C12_HIGH_DENSITY_FAMILY_EB_K1,C12_HIGH_DENSITY_FAMILY_EB,1,1,,,,,
2025-01-08,C12_HIGH_DENSITY_FAMILY_EB_K1,C12_HIGH_DENSITY_FAMILY_EB,1,1,,,,,
2025-01-09,C12_HIGH_DENSITY_FAMILY_EB_K1,C12_HIGH_DENSITY_FAMILY_EB,1,1,,,,,
2025-01-10,C12_HIGH_DENSITY_FAMILY_EB_K1,C12_HIGH_DENSITY_FAMILY_EB,1,1,,,,,
2025-01-14,C12_HIGH_DENSITY_FAMILY_EB_K1,C12_HIGH_DENSITY_FAMILY_EB,1,1,,,,,
2025-01-15,C12_HIGH_DENSITY_FAMILY_EB_K1,C12_HIGH_DENSITY_FAMILY_EB,1,1,,,,,
2025-01-16,C12_HIGH_DENSITY_FAMILY_EB_K1,C12_HIGH_DENSITY_FAMILY_EB,1,1,,,,,
2025-01-17,C12_HIGH_DENSITY_FAMILY_EB_K1,C12_HIGH_DENSITY_FAMILY_EB,1,1,,,,,
2025-01-20,C12_HIGH_DENSITY_FAMILY_EB_K1,C12_HIGH_DENSITY_FAMILY_EB,1,1,,,,,
2025-01-21,C12_HIGH_DENSITY_FAMILY_EB_K1,C12_HIGH_DENSITY_FAMILY_EB,1,1,,,,,
2025-01-22,C12_HIGH_DENSITY_FAMILY_EB_K1,C12_HIGH_DENSITY_FAMILY_EB,1,1,,,,,
2025-01-23,C12_HIGH_DENSITY_FAMILY_EB_K1,C12_HIGH_DENSITY_FAMILY_EB,1,1,,,,,
2025-01-24,C12_HIGH_DENSITY_FAMILY_EB_K1,C12_HIGH_DENSITY_FAMILY_EB,1,1,,,,,
2025-01-27,C12_HIGH_DENSITY_FAMILY_EB_K1,C12_HIGH_DENSITY_FAMILY_EB,1,1,,,,,
2025-01-28,C12_HIGH_DENSITY_FAMILY_EB_K1,C12_HIGH_DENSITY_FAMILY_EB,1,1,,,,,
2025-01-29,C12_HIGH_DENSITY_FAMILY_EB_K1,C12_HIGH_DENSITY_FAMILY_EB,1,1,,,,,
2025-01-30,C12_HIGH_DENSITY_FAMILY_EB_K1,C12_HIGH_DENSITY_FAMILY_EB,1,1,,,,,
2025-01-31,C12_HIGH_DENSITY_FAMILY_EB_K1,C12_HIGH_DENSITY_FAMILY_EB,1,1,,,,,
2025-02-03,C12_HIGH_DENSITY_FAMILY_EB_K1,C12_HIGH_DENSITY_FAMILY_EB,1,1,,,,,
2025-02-04,C12_HIGH_DENSITY_FAMILY_EB_K1,C12_HIGH_DENSITY_FAMILY_EB,1,1,,,,,
2025-02-05,C12_HIGH_DENSITY_FAMILY_EB_K1,C12_HIGH_DENSITY_FAMILY_EB,1,1,,,,,
2025-02-06,C12_HIGH_DENSITY_FAMILY_EB_K1,C12_HIGH_DENSITY_FAMILY_EB,1,1,,,,,
2025-02-07,C12_HIGH_DENSITY_FAMILY_EB_K1,C12_HIGH_DENSITY_FAMILY_EB,1,1,,,,,
2025-02-10,C12_HIGH_DENSITY_FAMILY_EB_K1,C12_HIGH_DENSITY_FAMILY_EB,1,1,,,,,
2025-02-12,C12_HIGH_DENSITY_FAMILY_EB_K1,C12_HIGH_DENSITY_FAMILY_EB,1,1,,,,,
2025-02-13,C12_HIGH_DENSITY_FAMILY_EB_K1,C12_HIGH_DENSITY_FAMILY_EB,1,1,,,,,
2025-02-14,C12_HIGH_DENSITY_FAMILY_EB_K1,C12_HIGH_DENSITY_FAMILY_EB,1,1,,,,,
2025-02-17,C12_HIGH_DENSITY_FAMILY_EB_K1,C12_HIGH_DENSITY_FAMILY_EB,1,1,,,,,
2025-02-18,C12_HIGH_DENSITY_FAMILY_EB_K1,C12_HIGH_DENSITY_FAMILY_EB,1,1,,,,,
2025-02-19,C12_HIGH_DENSITY_FAMILY_EB_K1,C12_HIGH_DENSITY_FAMILY_EB,1,1,,,,,
2025-02-20,C12_HIGH_DENSITY_FAMILY_EB_K1,C12_HIGH_DENSITY_FAMILY_EB,1,1,,,,,
2025-02-21,C12_HIGH_DENSITY_FAMILY_EB_K1,C12_HIGH_DENSITY_FAMILY_EB,1,1,,,,,
2025-02-25,C12_HIGH_DENSITY_FAMILY_EB_K1,C12_HIGH_DENSITY_FAMILY_EB,1,1,,,,,
2025-02-26,C12_HIGH_DENSITY_FAMILY_EB_K1,C12_HIGH_DENSITY_FAMILY_EB,1,1,,,,,
2025-02-27,C12_HIGH_DENSITY_FAMILY_EB_K1,C12_HIGH_DENSITY_FAMILY_EB,1,1,,,,,
2025-02-28,C12_HIGH_DENSITY_FAMILY_EB_K1,C12_HIGH_DENSITY_FAMILY_EB,1,1,,,,,
2025-03-03,C12_HIGH_DENSITY_FAMILY_EB_K1,C12_HIGH_DENSITY_FAMILY_EB,1,1,,,,,
2025-03-04,C12_HIGH_DENSITY_FAMILY_EB_K1,C12_HIGH_DENSITY_FAMILY_EB,1,1,,,,,
2025-03-05,C12_HIGH_DENSITY_FAMILY_EB_K1,C12_HIGH_DENSITY_FAMILY_EB,1,1,,,,,
2025-03-06,C12_HIGH_DENSITY_FAMILY_EB_K1,C12_HIGH_DENSITY_FAMILY_EB,1,1,,,,,
2025-03-07,C12_HIGH_DENSITY_FAMILY_EB_K1,C12_HIGH_DENSITY_FAMILY_EB,1,1,,,,,
2025-03-10,C12_HIGH_DENSITY_FAMILY_EB_K1,C12_HIGH_DENSITY_FAMILY_EB,1,1,,,,,
2025-03-11,C12_HIGH_DENSITY_FAMILY_EB_K1,C12_HIGH_DENSITY_FAMILY_EB,1,1,,,,,
2025-03-12,C12_HIGH_DENSITY_FAMILY_EB_K1,C12_HIGH_DENSITY_FAMILY_EB,1,1,,,,,
2025-03-13,C12_HIGH_DENSITY_FAMILY_EB_K1,C12_HIGH_DENSITY_FAMILY_EB,1,1,,,,,
2025-03-14,C12_HIGH_DENSITY_FAMILY_EB_K1,C12_HIGH_DENSITY_FAMILY_EB,1,1,,,,,
2025-03-17,C12_HIGH_DENSITY_FAMILY_EB_K1,C12_HIGH_DENSITY_FAMILY_EB,1,1,,,,,
2025-03-18,C12_HIGH_DENSITY_FAMILY_EB_K1,C12_HIGH_DENSITY_FAMILY_EB,1,1,,,,,
2025-03-19,C12_HIGH_DENSITY_FAMILY_EB_K1,C12_HIGH_DENSITY_FAMILY_EB,1,1,,,,,
2025-03-21,C12_HIGH_DENSITY_FAMILY_EB_K1,C12_HIGH_DENSITY_FAMILY_EB,1,1,,,,,
2025-03-24,C12_HIGH_DENSITY_FAMILY_EB_K1,C12_HIGH_DENSITY_FAMILY_EB,1,1,,,,,
2025-03-25,C12_HIGH_DENSITY_FAMILY_EB_K1,C12_HIGH_DENSITY_FAMILY_EB,1,1,,,,,
2025-03-26,C12_HIGH_DENSITY_FAMILY_EB_K1,C12_HIGH_DENSITY_FAMILY_EB,1,1,,,,,
2025-03-27,C12_HIGH_DENSITY_FAMILY_EB_K1,C12_HIGH_DENSITY_FAMILY_EB,1,1,,,,,
2025-03-28,C12_HIGH_DENSITY_FAMILY_EB_K1,C12_HIGH_DENSITY_FAMILY_EB,1,1,,,,,
2025-03-31,C12_HIGH_DENSITY_FAMILY_EB_K1,C12_HIGH_DENSITY_FAMILY_EB,1,1,,,,,
2025-04-01,C12_HIGH_DENSITY_FAMILY_EB_K1,C12_HIGH_DENSITY_FAMILY_EB,1,1,,,,,
2025-04-02,C12_HIGH_DENSITY_FAMILY_EB_K1,C12_HIGH_DENSITY_FAMILY_EB,1,1,,,,,
2025-04-03,C12_HIGH_DENSITY_FAMILY_EB_K1,C12_HIGH_DENSITY_FAMILY_EB,1,1,,,,,
2025-04-04,C12_HIGH_DENSITY_FAMILY_EB_K1,C12_HIGH_DENSITY_FAMILY_EB,1,1,,,,,
2025-04-07,C12_HIGH_DENSITY_FAMILY_EB_K1,C12_HIGH_DENSITY_FAMILY_EB,1,1,,,,,
2025-04-08,C12_HIGH_DENSITY_FAMILY_EB_K1,C12_HIGH_DENSITY_FAMILY_EB,1,1,,,,,
2025-04-09,C12_HIGH_DENSITY_FAMILY_EB_K1,C12_HIGH_DENSITY_FAMILY_EB,1,1,,,,,
2025-04-10,C12_HIGH_DENSITY_FAMILY_EB_K1,C12_HIGH_DENSITY_FAMILY_EB,1,1,,,,,
2025-04-11,C12_HIGH_DENSITY_FAMILY_EB_K1,C12_HIGH_DENSITY_FAMILY_EB,1,1,,,,,
2025-04-14,C12_HIGH_DENSITY_FAMILY_EB_K1,C12_HIGH_DENSITY_FAMILY_EB,1,1,,,,,
2025-04-15,C12_HIGH_DENSITY_FAMILY_EB_K1,C12_HIGH_DENSITY_FAMILY_EB,1,1,,,,,
2025-04-16,C12_HIGH_DENSITY_FAMILY_EB_K1,C12_HIGH_DENSITY_FAMILY_EB,1,1,,,,,
2025-04-17,C12_HIGH_DENSITY_FAMILY_EB_K1,C12_HIGH_DENSITY_FAMILY_EB,1,1,,,,,
2025-04-18,C12_HIGH_DENSITY_FAMILY_EB_K1,C12_HIGH_DENSITY_FAMILY_EB,1,1,,,,,
2025-04-21,C12_HIGH_DENSITY_FAMILY_EB_K1,C12_HIGH_DENSITY_FAMILY_EB,1,1,,,,,
2025-04-22,C12_HIGH_DENSITY_FAMILY_EB_K1,C12_HIGH_DENSITY_FAMILY_EB,1,1,,,,,
2025-04-23,C12_HIGH_DENSITY_FAMILY_EB_K1,C12_HIGH_DENSITY_FAMILY_EB,1,1,,,,,
2025-04-24,C12_HIGH_DENSITY_FAMILY_EB_K1,C12_HIGH_DENSITY_FAMILY_EB,1,1,,,,,
2025-04-25,C12_HIGH_DENSITY_FAMILY_EB_K1,C12_HIGH_DENSITY_FAMILY_EB,1,1,,,,,
2025-04-28,C12_HIGH_DENSITY_FAMILY_EB_K1,C12_HIGH_DENSITY_FAMILY_EB,1,1,,,,,
2025-04-30,C12_HIGH_DENSITY_FAMILY_EB_K1,C12_HIGH_DENSITY_FAMILY_EB,1,1,,,,,
2025-05-01,C12_HIGH_DENSITY_FAMILY_EB_K1,C12_HIGH_DENSITY_FAMILY_EB,1,1,,,,,
2025-05-02,C12_HIGH_DENSITY_FAMILY_EB_K1,C12_HIGH_DENSITY_FAMILY_EB,1,1,,,,,
2025-05-07,C12_HIGH_DENSITY_FAMILY_EB_K1,C12_HIGH_DENSITY_FAMILY_EB,1,1,,,,,
2025-05-08,C12_HIGH_DENSITY_FAMILY_EB_K1,C12_HIGH_DENSITY_FAMILY_EB,1,1,,,,,
2025-05-09,C12_HIGH_DENSITY_FAMILY_EB_K1,C12_HIGH_DENSITY_FAMILY_EB,1,1,,,,,
2025-05-12,C12_HIGH_DENSITY_FAMILY_EB_K1,C12_HIGH_DENSITY_FAMILY_EB,1,1,,,,,
2025-05-13,C12_HIGH_DENSITY_FAMILY_EB_K1,C12_HIGH_DENSITY_FAMILY_EB,1,1,,,,,
2025-05-14,C12_HIGH_DENSITY_FAMILY_EB_K1,C12_HIGH_DENSITY_FAMILY_EB,1,1,,,,,
2025-05-15,C12_HIGH_DENSITY_FAMILY_EB_K1,C12_HIGH_DENSITY_FAMILY_EB,1,1,,,,,
2025-05-16,C12_HIGH_DENSITY_FAMILY_EB_K1,C12_HIGH_DENSITY_FAMILY_EB,1,1,,,,,
2025-05-19,C12_HIGH_DENSITY_FAMILY_EB_K1,C12_HIGH_DENSITY_FAMILY_EB,1,1,,,,,
2025-05-20,C12_HIGH_DENSITY_FAMILY_EB_K1,C12_HIGH_DENSITY_FAMILY_EB,1,1,,,,,
2025-05-21,C12_HIGH_DENSITY_FAMILY_EB_K1,C12_HIGH_DENSITY_FAMILY_EB,1,1,,,,,
2025-05-22,C12_HIGH_DENSITY_FAMILY_EB_K1,C12_HIGH_DENSITY_FAMILY_EB,1,1,,,,,
2025-05-23,C12_HIGH_DENSITY_FAMILY_EB_K1,C12_HIGH_DENSITY_FAMILY_EB,1,1,,,,,
2025-05-26,C12_HIGH_DENSITY_FAMILY_EB_K1,C12_HIGH_DENSITY_FAMILY_EB,1,1,,,,,
2025-05-27,C12_HIGH_DENSITY_FAMILY_EB_K1,C12_HIGH_DENSITY_FAMILY_EB,1,1,,,,,
2025-05-28,C12_HIGH_DENSITY_FAMILY_EB_K1,C12_HIGH_DENSITY_FAMILY_EB,1,1,,,,,
2025-05-29,C12_HIGH_DENSITY_FAMILY_EB_K1,C12_HIGH_DENSITY_FAMILY_EB,1,1,,,,,
2025-05-30,C12_HIGH_DENSITY_FAMILY_EB_K1,C12_HIGH_DENSITY_FAMILY_EB,1,1,,,,,
2025-06-02,C12_HIGH_DENSITY_FAMILY_EB_K1,C12_HIGH_DENSITY_FAMILY_EB,1,1,,,,,
2025-06-03,C12_HIGH_DENSITY_FAMILY_EB_K1,C12_HIGH_DENSITY_FAMILY_EB,1,1,,,,,
2025-06-04,C12_HIGH_DENSITY_FAMILY_EB_K1,C12_HIGH_DENSITY_FAMILY_EB,1,1,,,,,
2025-06-05,C12_HIGH_DENSITY_FAMILY_EB_K1,C12_HIGH_DENSITY_FAMILY_EB,1,1,,,,,
2025-06-06,C12_HIGH_DENSITY_FAMILY_EB_K1,C12_HIGH_DENSITY_FAMILY_EB,1,1,,,,,
2025-06-09,C12_HIGH_DENSITY_FAMILY_EB_K1,C12_HIGH_DENSITY_FAMILY_EB,1,1,,,,,
2025-06-10,C12_HIGH_DENSITY_FAMILY_EB_K1,C12_HIGH_DENSITY_FAMILY_EB,1,1,,,,,
2025-06-11,C12_HIGH_DENSITY_FAMILY_EB_K1,C12_HIGH_DENSITY_FAMILY_EB,1,1,,,,,
2025-06-12,C12_HIGH_DENSITY_FAMILY_EB_K1,C12_HIGH_DENSITY_FAMILY_EB,1,1,,,,,
2025-06-13,C12_HIGH_DENSITY_FAMILY_EB_K1,C12_HIGH_DENSITY_FAMILY_EB,1,1,,,,,
2025-06-16,C12_HIGH_DENSITY_FAMILY_EB_K1,C12_HIGH_DENSITY_FAMILY_EB,1,1,,,,,
2025-06-17,C12_HIGH_DENSITY_FAMILY_EB_K1,C12_HIGH_DENSITY_FAMILY_EB,1,1,,,,,
2025-06-18,C12_HIGH_DENSITY_FAMILY_EB_K1,C12_HIGH_DENSITY_FAMILY_EB,1,1,,,,,
2025-06-19,C12_HIGH_DENSITY_FAMILY_EB_K1,C12_HIGH_DENSITY_FAMILY_EB,1,1,,,,,
2025-06-20,C12_HIGH_DENSITY_FAMILY_EB_K1,C12_HIGH_DENSITY_FAMILY_EB,1,1,,,,,
2025-06-23,C12_HIGH_DENSITY_FAMILY_EB_K1,C12_HIGH_DENSITY_FAMILY_EB,1,1,,,,,
2025-06-24,C12_HIGH_DENSITY_FAMILY_EB_K1,C12_HIGH_DENSITY_FAMILY_EB,1,1,,,,,
2025-06-25,C12_HIGH_DENSITY_FAMILY_EB_K1,C12_HIGH_DENSITY_FAMILY_EB,1,1,,,,,
2025-06-26,C12_HIGH_DENSITY_FAMILY_EB_K1,C12_HIGH_DENSITY_FAMILY_EB,1,1,,,,,
2025-06-27,C12_HIGH_DENSITY_FAMILY_EB_K1,C12_HIGH_DENSITY_FAMILY_EB,1,1,,,,,
2025-06-30,C12_HIGH_DENSITY_FAMILY_EB_K1,C12_HIGH_DENSITY_FAMILY_EB,1,1,,,,,
2025-07-01,C12_HIGH_DENSITY_FAMILY_EB_K1,C12_HIGH_DENSITY_FAMILY_EB,1,1,,,,,
2025-07-02,C12_HIGH_DENSITY_FAMILY_EB_K1,C12_HIGH_DENSITY_FAMILY_EB,1,1,,,,,
2025-07-03,C12_HIGH_DENSITY_FAMILY_EB_K1,C12_HIGH_DENSITY_FAMILY_EB,1,1,,,,,
2025-07-04,C12_HIGH_DENSITY_FAMILY_EB_K1,C12_HIGH_DENSITY_FAMILY_EB,1,1,,,,,
2025-07-07,C12_HIGH_DENSITY_FAMILY_EB_K1,C12_HIGH_DENSITY_FAMILY_EB,1,1,,,,,
2025-07-08,C12_HIGH_DENSITY_FAMILY_EB_K1,C12_HIGH_DENSITY_FAMILY_EB,1,1,,,,,
2025-07-09,C12_HIGH_DENSITY_FAMILY_EB_K1,C12_HIGH_DENSITY_FAMILY_EB,1,1,,,,,
2025-07-10,C12_HIGH_DENSITY_FAMILY_EB_K1,C12_HIGH_DENSITY_FAMILY_EB,1,1,,,,,
2025-07-11,C12_HIGH_DENSITY_FAMILY_EB_K1,C12_HIGH_DENSITY_FAMILY_EB,1,1,,,,,
2025-07-14,C12_HIGH_DENSITY_FAMILY_EB_K1,C12_HIGH_DENSITY_FAMILY_EB,1,1,,,,,
2025-07-15,C12_HIGH_DENSITY_FAMILY_EB_K1,C12_HIGH_DENSITY_FAMILY_EB,1,1,,,,,
2025-07-16,C12_HIGH_DENSITY_FAMILY_EB_K1,C12_HIGH_DENSITY_FAMILY_EB,1,1,,,,,
2025-07-17,C12_HIGH_DENSITY_FAMILY_EB_K1,C12_HIGH_DENSITY_FAMILY_EB,1,1,,,,,
2025-07-18,C12_HIGH_DENSITY_FAMILY_EB_K1,C12_HIGH_DENSITY_FAMILY_EB,1,1,,,,,
2025-07-22,C12_HIGH_DENSITY_FAMILY_EB_K1,C12_HIGH_DENSITY_FAMILY_EB,1,1,,,,,
2025-07-23,C12_HIGH_DENSITY_FAMILY_EB_K1,C12_HIGH_DENSITY_FAMILY_EB,1,1,,,,,
2025-07-24,C12_HIGH_DENSITY_FAMILY_EB_K1,C12_HIGH_DENSITY_FAMILY_EB,1,1,,,,,
2025-07-25,C12_HIGH_DENSITY_FAMILY_EB_K1,C12_HIGH_DENSITY_FAMILY_EB,1,1,,,,,
2025-07-28,C12_HIGH_DENSITY_FAMILY_EB_K1,C12_HIGH_DENSITY_FAMILY_EB,1,1,,,,,
2025-07-29,C12_HIGH_DENSITY_FAMILY_EB_K1,C12_HIGH_DENSITY_FAMILY_EB,1,1,,,,,
2025-07-30,C12_HIGH_DENSITY_FAMILY_EB_K1,C12_HIGH_DENSITY_FAMILY_EB,1,1,,,,,
2025-07-31,C12_HIGH_DENSITY_FAMILY_EB_K1,C12_HIGH_DENSITY_FAMILY_EB,1,1,,,,,
2024-07-01,C12_HIGH_DENSITY_FAMILY_EB_K2,C12_HIGH_DENSITY_FAMILY_EB,2,1,,,,,
2024-07-01,C12_HIGH_DENSITY_FAMILY_EB_K2,C12_HIGH_DENSITY_FAMILY_EB,2,2,,,,,
2024-07-02,C12_HIGH_DENSITY_FAMILY_EB_K2,C12_HIGH_DENSITY_FAMILY_EB,2,1,,,,,
2024-07-02,C12_HIGH_DENSITY_FAMILY_EB_K2,C12_HIGH_DENSITY_FAMILY_EB,2,2,,,,,
2024-07-03,C12_HIGH_DENSITY_FAMILY_EB_K2,C12_HIGH_DENSITY_FAMILY_EB,2,1,,,,,
2024-07-03,C12_HIGH_DENSITY_FAMILY_EB_K2,C12_HIGH_DENSITY_FAMILY_EB,2,2,,,,,
2024-07-04,C12_HIGH_DENSITY_FAMILY_EB_K2,C12_HIGH_DENSITY_FAMILY_EB,2,1,,,,,
2024-07-04,C12_HIGH_DENSITY_FAMILY_EB_K2,C12_HIGH_DENSITY_FAMILY_EB,2,2,,,,,
2024-07-05,C12_HIGH_DENSITY_FAMILY_EB_K2,C12_HIGH_DENSITY_FAMILY_EB,2,1,,,,,
2024-07-05,C12_HIGH_DENSITY_FAMILY_EB_K2,C12_HIGH_DENSITY_FAMILY_EB,2,2,,,,,
2024-07-08,C12_HIGH_DENSITY_FAMILY_EB_K2,C12_HIGH_DENSITY_FAMILY_EB,2,1,,,,,
2024-07-08,C12_HIGH_DENSITY_FAMILY_EB_K2,C12_HIGH_DENSITY_FAMILY_EB,2,2,,,,,
2024-07-09,C12_HIGH_DENSITY_FAMILY_EB_K2,C12_HIGH_DENSITY_FAMILY_EB,2,1,,,,,
2024-07-09,C12_HIGH_DENSITY_FAMILY_EB_K2,C12_HIGH_DENSITY_FAMILY_EB,2,2,,,,,
2024-07-10,C12_HIGH_DENSITY_FAMILY_EB_K2,C12_HIGH_DENSITY_FAMILY_EB,2,1,,,,,
2024-07-10,C12_HIGH_DENSITY_FAMILY_EB_K2,C12_HIGH_DENSITY_FAMILY_EB,2,2,,,,,
2024-07-11,C12_HIGH_DENSITY_FAMILY_EB_K2,C12_HIGH_DENSITY_FAMILY_EB,2,1,,,,,
2024-07-11,C12_HIGH_DENSITY_FAMILY_EB_K2,C12_HIGH_DENSITY_FAMILY_EB,2,2,,,,,
2024-07-12,C12_HIGH_DENSITY_FAMILY_EB_K2,C12_HIGH_DENSITY_FAMILY_EB,2,1,,,,,
2024-07-12,C12_HIGH_DENSITY_FAMILY_EB_K2,C12_HIGH_DENSITY_FAMILY_EB,2,2,,,,,
2024-07-16,C12_HIGH_DENSITY_FAMILY_EB_K2,C12_HIGH_DENSITY_FAMILY_EB,2,1,,,,,
2024-07-16,C12_HIGH_DENSITY_FAMILY_EB_K2,C12_HIGH_DENSITY_FAMILY_EB,2,2,,,,,
2024-07-17,C12_HIGH_DENSITY_FAMILY_EB_K2,C12_HIGH_DENSITY_FAMILY_EB,2,1,,,,,
2024-07-17,C12_HIGH_DENSITY_FAMILY_EB_K2,C12_HIGH_DENSITY_FAMILY_EB,2,2,,,,,
2024-07-18,C12_HIGH_DENSITY_FAMILY_EB_K2,C12_HIGH_DENSITY_FAMILY_EB,2,1,,,,,
2024-07-18,C12_HIGH_DENSITY_FAMILY_EB_K2,C12_HIGH_DENSITY_FAMILY_EB,2,2,,,,,
2024-07-19,C12_HIGH_DENSITY_FAMILY_EB_K2,C12_HIGH_DENSITY_FAMILY_EB,2,1,,,,,
2024-07-19,C12_HIGH_DENSITY_FAMILY_EB_K2,C12_HIGH_DENSITY_FAMILY_EB,2,2,,,,,
2024-07-22,C12_HIGH_DENSITY_FAMILY_EB_K2,C12_HIGH_DENSITY_FAMILY_EB,2,1,,,,,
2024-07-22,C12_HIGH_DENSITY_FAMILY_EB_K2,C12_HIGH_DENSITY_FAMILY_EB,2,2,,,,,
2024-07-23,C12_HIGH_DENSITY_FAMILY_EB_K2,C12_HIGH_DENSITY_FAMILY_EB,2,1,,,,,
2024-07-23,C12_HIGH_DENSITY_FAMILY_EB_K2,C12_HIGH_DENSITY_FAMILY_EB,2,2,,,,,
2024-07-24,C12_HIGH_DENSITY_FAMILY_EB_K2,C12_HIGH_DENSITY_FAMILY_EB,2,1,,,,,
2024-07-24,C12_HIGH_DENSITY_FAMILY_EB_K2,C12_HIGH_DENSITY_FAMILY_EB,2,2,,,,,
2024-07-25,C12_HIGH_DENSITY_FAMILY_EB_K2,C12_HIGH_DENSITY_FAMILY_EB,2,1,,,,,
2024-07-25,C12_HIGH_DENSITY_FAMILY_EB_K2,C12_HIGH_DENSITY_FAMILY_EB,2,2,,,,,
2024-07-26,C12_HIGH_DENSITY_FAMILY_EB_K2,C12_HIGH_DENSITY_FAMILY_EB,2,1,,,,,
2024-07-26,C12_HIGH_DENSITY_FAMILY_EB_K2,C12_HIGH_DENSITY_FAMILY_EB,2,2,,,,,
2024-07-29,C12_HIGH_DENSITY_FAMILY_EB_K2,C12_HIGH_DENSITY_FAMILY_EB,2,1,,,,,
2024-07-29,C12_HIGH_DENSITY_FAMILY_EB_K2,C12_HIGH_DENSITY_FAMILY_EB,2,2,,,,,
2024-07-30,C12_HIGH_DENSITY_FAMILY_EB_K2,C12_HIGH_DENSITY_FAMILY_EB,2,1,,,,,
2024-07-30,C12_HIGH_DENSITY_FAMILY_EB_K2,C12_HIGH_DENSITY_FAMILY_EB,2,2,,,,,
2024-07-31,C12_HIGH_DENSITY_FAMILY_EB_K2,C12_HIGH_DENSITY_FAMILY_EB,2,1,,,,,
2024-07-31,C12_HIGH_DENSITY_FAMILY_EB_K2,C12_HIGH_DENSITY_FAMILY_EB,2,2,,,,,
2024-08-01,C12_HIGH_DENSITY_FAMILY_EB_K2,C12_HIGH_DENSITY_FAMILY_EB,2,1,,,,,
2024-08-01,C12_HIGH_DENSITY_FAMILY_EB_K2,C12_HIGH_DENSITY_FAMILY_EB,2,2,,,,,
2024-08-02,C12_HIGH_DENSITY_FAMILY_EB_K2,C12_HIGH_DENSITY_FAMILY_EB,2,1,,,,,
2024-08-02,C12_HIGH_DENSITY_FAMILY_EB_K2,C12_HIGH_DENSITY_FAMILY_EB,2,2,,,,,
2024-08-05,C12_HIGH_DENSITY_FAMILY_EB_K2,C12_HIGH_DENSITY_FAMILY_EB,2,1,,,,,
2024-08-05,C12_HIGH_DENSITY_FAMILY_EB_K2,C12_HIGH_DENSITY_FAMILY_EB,2,2,,,,,
2024-08-06,C12_HIGH_DENSITY_FAMILY_EB_K2,C12_HIGH_DENSITY_FAMILY_EB,2,1,,,,,
2024-08-06,C12_HIGH_DENSITY_FAMILY_EB_K2,C12_HIGH_DENSITY_FAMILY_EB,2,2,,,,,
2024-08-07,C12_HIGH_DENSITY_FAMILY_EB_K2,C12_HIGH_DENSITY_FAMILY_EB,2,1,,,,,
2024-08-07,C12_HIGH_DENSITY_FAMILY_EB_K2,C12_HIGH_DENSITY_FAMILY_EB,2,2,,,,,
2024-08-08,C12_HIGH_DENSITY_FAMILY_EB_K2,C12_HIGH_DENSITY_FAMILY_EB,2,1,,,,,
2024-08-08,C12_HIGH_DENSITY_FAMILY_EB_K2,C12_HIGH_DENSITY_FAMILY_EB,2,2,,,,,
2024-08-09,C12_HIGH_DENSITY_FAMILY_EB_K2,C12_HIGH_DENSITY_FAMILY_EB,2,1,,,,,
2024-08-09,C12_HIGH_DENSITY_FAMILY_EB_K2,C12_HIGH_DENSITY_FAMILY_EB,2,2,,,,,
2024-08-13,C12_HIGH_DENSITY_FAMILY_EB_K2,C12_HIGH_DENSITY_FAMILY_EB,2,1,,,,,
2024-08-13,C12_HIGH_DENSITY_FAMILY_EB_K2,C12_HIGH_DENSITY_FAMILY_EB,2,2,,,,,
2024-08-14,C12_HIGH_DENSITY_FAMILY_EB_K2,C12_HIGH_DENSITY_FAMILY_EB,2,1,,,,,
2024-08-14,C12_HIGH_DENSITY_FAMILY_EB_K2,C12_HIGH_DENSITY_FAMILY_EB,2,2,,,,,
2024-08-15,C12_HIGH_DENSITY_FAMILY_EB_K2,C12_HIGH_DENSITY_FAMILY_EB,2,1,,,,,
2024-08-15,C12_HIGH_DENSITY_FAMILY_EB_K2,C12_HIGH_DENSITY_FAMILY_EB,2,2,,,,,
2024-08-16,C12_HIGH_DENSITY_FAMILY_EB_K2,C12_HIGH_DENSITY_FAMILY_EB,2,1,,,,,
2024-08-16,C12_HIGH_DENSITY_FAMILY_EB_K2,C12_HIGH_DENSITY_FAMILY_EB,2,2,,,,,
2024-08-19,C12_HIGH_DENSITY_FAMILY_EB_K2,C12_HIGH_DENSITY_FAMILY_EB,2,1,,,,,
2024-08-19,C12_HIGH_DENSITY_FAMILY_EB_K2,C12_HIGH_DENSITY_FAMILY_EB,2,2,,,,,
2024-08-20,C12_HIGH_DENSITY_FAMILY_EB_K2,C12_HIGH_DENSITY_FAMILY_EB,2,1,,,,,
2024-08-20,C12_HIGH_DENSITY_FAMILY_EB_K2,C12_HIGH_DENSITY_FAMILY_EB,2,2,,,,,
2024-08-21,C12_HIGH_DENSITY_FAMILY_EB_K2,C12_HIGH_DENSITY_FAMILY_EB,2,1,,,,,
2024-08-21,C12_HIGH_DENSITY_FAMILY_EB_K2,C12_HIGH_DENSITY_FAMILY_EB,2,2,,,,,
2024-08-22,C12_HIGH_DENSITY_FAMILY_EB_K2,C12_HIGH_DENSITY_FAMILY_EB,2,1,,,,,
2024-08-22,C12_HIGH_DENSITY_FAMILY_EB_K2,C12_HIGH_DENSITY_FAMILY_EB,2,2,,,,,
2024-08-23,C12_HIGH_DENSITY_FAMILY_EB_K2,C12_HIGH_DENSITY_FAMILY_EB,2,1,,,,,
2024-08-23,C12_HIGH_DENSITY_FAMILY_EB_K2,C12_HIGH_DENSITY_FAMILY_EB,2,2,,,,,
2024-08-26,C12_HIGH_DENSITY_FAMILY_EB_K2,C12_HIGH_DENSITY_FAMILY_EB,2,1,,,,,
2024-08-26,C12_HIGH_DENSITY_FAMILY_EB_K2,C12_HIGH_DENSITY_FAMILY_EB,2,2,,,,,
2024-08-27,C12_HIGH_DENSITY_FAMILY_EB_K2,C12_HIGH_DENSITY_FAMILY_EB,2,1,,,,,
2024-08-27,C12_HIGH_DENSITY_FAMILY_EB_K2,C12_HIGH_DENSITY_FAMILY_EB,2,2,,,,,
2024-08-28,C12_HIGH_DENSITY_FAMILY_EB_K2,C12_HIGH_DENSITY_FAMILY_EB,2,1,,,,,
2024-08-28,C12_HIGH_DENSITY_FAMILY_EB_K2,C12_HIGH_DENSITY_FAMILY_EB,2,2,,,,,
2024-08-29,C12_HIGH_DENSITY_FAMILY_EB_K2,C12_HIGH_DENSITY_FAMILY_EB,2,1,,,,,
2024-08-29,C12_HIGH_DENSITY_FAMILY_EB_K2,C12_HIGH_DENSITY_FAMILY_EB,2,2,,,,,
2024-08-30,C12_HIGH_DENSITY_FAMILY_EB_K2,C12_HIGH_DENSITY_FAMILY_EB,2,1,,,,,
2024-08-30,C12_HIGH_DENSITY_FAMILY_EB_K2,C12_HIGH_DENSITY_FAMILY_EB,2,2,,,,,
2024-09-02,C12_HIGH_DENSITY_FAMILY_EB_K2,C12_HIGH_DENSITY_FAMILY_EB,2,1,,,,,
2024-09-02,C12_HIGH_DENSITY_FAMILY_EB_K2,C12_HIGH_DENSITY_FAMILY_EB,2,2,,,,,
2024-09-03,C12_HIGH_DENSITY_FAMILY_EB_K2,C12_HIGH_DENSITY_FAMILY_EB,2,1,,,,,
2024-09-03,C12_HIGH_DENSITY_FAMILY_EB_K2,C12_HIGH_DENSITY_FAMILY_EB,2,2,,,,,
2024-09-04,C12_HIGH_DENSITY_FAMILY_EB_K2,C12_HIGH_DENSITY_FAMILY_EB,2,1,,,,,
2024-09-04,C12_HIGH_DENSITY_FAMILY_EB_K2,C12_HIGH_DENSITY_FAMILY_EB,2,2,,,,,
2024-09-05,C12_HIGH_DENSITY_FAMILY_EB_K2,C12_HIGH_DENSITY_FAMILY_EB,2,1,,,,,
2024-09-05,C12_HIGH_DENSITY_FAMILY_EB_K2,C12_HIGH_DENSITY_FAMILY_EB,2,2,,,,,
2024-09-06,C12_HIGH_DENSITY_FAMILY_EB_K2,C12_HIGH_DENSITY_FAMILY_EB,2,1,,,,,
2024-09-06,C12_HIGH_DENSITY_FAMILY_EB_K2,C12_HIGH_DENSITY_FAMILY_EB,2,2,,,,,
2024-09-09,C12_HIGH_DENSITY_FAMILY_EB_K2,C12_HIGH_DENSITY_FAMILY_EB,2,1,,,,,
2024-09-09,C12_HIGH_DENSITY_FAMILY_EB_K2,C12_HIGH_DENSITY_FAMILY_EB,2,2,,,,,
2024-09-10,C12_HIGH_DENSITY_FAMILY_EB_K2,C12_HIGH_DENSITY_FAMILY_EB,2,1,,,,,
2024-09-10,C12_HIGH_DENSITY_FAMILY_EB_K2,C12_HIGH_DENSITY_FAMILY_EB,2,2,,,,,
2024-09-11,C12_HIGH_DENSITY_FAMILY_EB_K2,C12_HIGH_DENSITY_FAMILY_EB,2,1,,,,,
2024-09-11,C12_HIGH_DENSITY_FAMILY_EB_K2,C12_HIGH_DENSITY_FAMILY_EB,2,2,,,,,
2024-09-12,C12_HIGH_DENSITY_FAMILY_EB_K2,C12_HIGH_DENSITY_FAMILY_EB,2,1,,,,,
2024-09-12,C12_HIGH_DENSITY_FAMILY_EB_K2,C12_HIGH_DENSITY_FAMILY_EB,2,2,,,,,
2024-09-13,C12_HIGH_DENSITY_FAMILY_EB_K2,C12_HIGH_DENSITY_FAMILY_EB,2,1,,,,,
2024-09-13,C12_HIGH_DENSITY_FAMILY_EB_K2,C12_HIGH_DENSITY_FAMILY_EB,2,2,,,,,
2024-09-17,C12_HIGH_DENSITY_FAMILY_EB_K2,C12_HIGH_DENSITY_FAMILY_EB,2,1,,,,,
2024-09-17,C12_HIGH_DENSITY_FAMILY_EB_K2,C12_HIGH_DENSITY_FAMILY_EB,2,2,,,,,
2024-09-18,C12_HIGH_DENSITY_FAMILY_EB_K2,C12_HIGH_DENSITY_FAMILY_EB,2,1,,,,,
2024-09-18,C12_HIGH_DENSITY_FAMILY_EB_K2,C12_HIGH_DENSITY_FAMILY_EB,2,2,,,,,
2024-09-19,C12_HIGH_DENSITY_FAMILY_EB_K2,C12_HIGH_DENSITY_FAMILY_EB,2,1,,,,,
2024-09-19,C12_HIGH_DENSITY_FAMILY_EB_K2,C12_HIGH_DENSITY_FAMILY_EB,2,2,,,,,
2024-09-20,C12_HIGH_DENSITY_FAMILY_EB_K2,C12_HIGH_DENSITY_FAMILY_EB,2,1,,,,,
2024-09-20,C12_HIGH_DENSITY_FAMILY_EB_K2,C12_HIGH_DENSITY_FAMILY_EB,2,2,,,,,
2024-09-24,C12_HIGH_DENSITY_FAMILY_EB_K2,C12_HIGH_DENSITY_FAMILY_EB,2,1,,,,,
2024-09-24,C12_HIGH_DENSITY_FAMILY_EB_K2,C12_HIGH_DENSITY_FAMILY_EB,2,2,,,,,
2024-09-25,C12_HIGH_DENSITY_FAMILY_EB_K2,C12_HIGH_DENSITY_FAMILY_EB,2,1,,,,,
2024-09-25,C12_HIGH_DENSITY_FAMILY_EB_K2,C12_HIGH_DENSITY_FAMILY_EB,2,2,,,,,
2024-09-26,C12_HIGH_DENSITY_FAMILY_EB_K2,C12_HIGH_DENSITY_FAMILY_EB,2,1,,,,,
2024-09-26,C12_HIGH_DENSITY_FAMILY_EB_K2,C12_HIGH_DENSITY_FAMILY_EB,2,2,,,,,
2024-09-27,C12_HIGH_DENSITY_FAMILY_EB_K2,C12_HIGH_DENSITY_FAMILY_EB,2,1,,,,,
2024-09-27,C12_HIGH_DENSITY_FAMILY_EB_K2,C12_HIGH_DENSITY_FAMILY_EB,2,2,,,,,
2024-09-30,C12_HIGH_DENSITY_FAMILY_EB_K2,C12_HIGH_DENSITY_FAMILY_EB,2,1,,,,,
2024-09-30,C12_HIGH_DENSITY_FAMILY_EB_K2,C12_HIGH_DENSITY_FAMILY_EB,2,2,,,,,
2024-10-01,C12_HIGH_DENSITY_FAMILY_EB_K2,C12_HIGH_DENSITY_FAMILY_EB,2,1,,,,,
2024-10-01,C12_HIGH_DENSITY_FAMILY_EB_K2,C12_HIGH_DENSITY_FAMILY_EB,2,2,,,,,
2024-10-02,C12_HIGH_DENSITY_FAMILY_EB_K2,C12_HIGH_DENSITY_FAMILY_EB,2,1,,,,,
2024-10-02,C12_HIGH_DENSITY_FAMILY_EB_K2,C12_HIGH_DENSITY_FAMILY_EB,2,2,,,,,
2024-10-03,C12_HIGH_DENSITY_FAMILY_EB_K2,C12_HIGH_DENSITY_FAMILY_EB,2,1,,,,,
2024-10-03,C12_HIGH_DENSITY_FAMILY_EB_K2,C12_HIGH_DENSITY_FAMILY_EB,2,2,,,,,
2024-10-04,C12_HIGH_DENSITY_FAMILY_EB_K2,C12_HIGH_DENSITY_FAMILY_EB,2,1,,,,,
2024-10-04,C12_HIGH_DENSITY_FAMILY_EB_K2,C12_HIGH_DENSITY_FAMILY_EB,2,2,,,,,
2024-10-07,C12_HIGH_DENSITY_FAMILY_EB_K2,C12_HIGH_DENSITY_FAMILY_EB,2,1,,,,,
2024-10-07,C12_HIGH_DENSITY_FAMILY_EB_K2,C12_HIGH_DENSITY_FAMILY_EB,2,2,,,,,
2024-10-08,C12_HIGH_DENSITY_FAMILY_EB_K2,C12_HIGH_DENSITY_FAMILY_EB,2,1,,,,,
2024-10-08,C12_HIGH_DENSITY_FAMILY_EB_K2,C12_HIGH_DENSITY_FAMILY_EB,2,2,,,,,
2024-10-09,C12_HIGH_DENSITY_FAMILY_EB_K2,C12_HIGH_DENSITY_FAMILY_EB,2,1,,,,,
2024-10-09,C12_HIGH_DENSITY_FAMILY_EB_K2,C12_HIGH_DENSITY_FAMILY_EB,2,2,,,,,
2024-10-10,C12_HIGH_DENSITY_FAMILY_EB_K2,C12_HIGH_DENSITY_FAMILY_EB,2,1,,,,,
2024-10-10,C12_HIGH_DENSITY_FAMILY_EB_K2,C12_HIGH_DENSITY_FAMILY_EB,2,2,,,,,
2024-10-11,C12_HIGH_DENSITY_FAMILY_EB_K2,C12_HIGH_DENSITY_FAMILY_EB,2,1,,,,,
2024-10-11,C12_HIGH_DENSITY_FAMILY_EB_K2,C12_HIGH_DENSITY_FAMILY_EB,2,2,,,,,
2024-10-15,C12_HIGH_DENSITY_FAMILY_EB_K2,C12_HIGH_DENSITY_FAMILY_EB,2,1,,,,,
2024-10-15,C12_HIGH_DENSITY_FAMILY_EB_K2,C12_HIGH_DENSITY_FAMILY_EB,2,2,,,,,
2024-10-16,C12_HIGH_DENSITY_FAMILY_EB_K2,C12_HIGH_DENSITY_FAMILY_EB,2,1,,,,,
2024-10-16,C12_HIGH_DENSITY_FAMILY_EB_K2,C12_HIGH_DENSITY_FAMILY_EB,2,2,,,,,
2024-10-17,C12_HIGH_DENSITY_FAMILY_EB_K2,C12_HIGH_DENSITY_FAMILY_EB,2,1,,,,,
2024-10-17,C12_HIGH_DENSITY_FAMILY_EB_K2,C12_HIGH_DENSITY_FAMILY_EB,2,2,,,,,
2024-10-18,C12_HIGH_DENSITY_FAMILY_EB_K2,C12_HIGH_DENSITY_FAMILY_EB,2,1,,,,,
2024-10-18,C12_HIGH_DENSITY_FAMILY_EB_K2,C12_HIGH_DENSITY_FAMILY_EB,2,2,,,,,
2024-10-21,C12_HIGH_DENSITY_FAMILY_EB_K2,C12_HIGH_DENSITY_FAMILY_EB,2,1,,,,,
2024-10-21,C12_HIGH_DENSITY_FAMILY_EB_K2,C12_HIGH_DENSITY_FAMILY_EB,2,2,,,,,
2024-10-22,C12_HIGH_DENSITY_FAMILY_EB_K2,C12_HIGH_DENSITY_FAMILY_EB,2,1,,,,,
2024-10-22,C12_HIGH_DENSITY_FAMILY_EB_K2,C12_HIGH_DENSITY_FAMILY_EB,2,2,,,,,
2024-10-23,C12_HIGH_DENSITY_FAMILY_EB_K2,C12_HIGH_DENSITY_FAMILY_EB,2,1,,,,,
2024-10-23,C12_HIGH_DENSITY_FAMILY_EB_K2,C12_HIGH_DENSITY_FAMILY_EB,2,2,,,,,
2024-10-24,C12_HIGH_DENSITY_FAMILY_EB_K2,C12_HIGH_DENSITY_FAMILY_EB,2,1,,,,,
2024-10-24,C12_HIGH_DENSITY_FAMILY_EB_K2,C12_HIGH_DENSITY_FAMILY_EB,2,2,,,,,
2024-10-25,C12_HIGH_DENSITY_FAMILY_EB_K2,C12_HIGH_DENSITY_FAMILY_EB,2,1,,,,,
2024-10-25,C12_HIGH_DENSITY_FAMILY_EB_K2,C12_HIGH_DENSITY_FAMILY_EB,2,2,,,,,
2024-10-28,C12_HIGH_DENSITY_FAMILY_EB_K2,C12_HIGH_DENSITY_FAMILY_EB,2,1,,,,,
2024-10-28,C12_HIGH_DENSITY_FAMILY_EB_K2,C12_HIGH_DENSITY_FAMILY_EB,2,2,,,,,
2024-10-29,C12_HIGH_DENSITY_FAMILY_EB_K2,C12_HIGH_DENSITY_FAMILY_EB,2,1,,,,,
2024-10-29,C12_HIGH_DENSITY_FAMILY_EB_K2,C12_HIGH_DENSITY_FAMILY_EB,2,2,,,,,
2024-10-30,C12_HIGH_DENSITY_FAMILY_EB_K2,C12_HIGH_DENSITY_FAMILY_EB,2,1,,,,,
2024-10-30,C12_HIGH_DENSITY_FAMILY_EB_K2,C12_HIGH_DENSITY_FAMILY_EB,2,2,,,,,
2024-10-31,C12_HIGH_DENSITY_FAMILY_EB_K2,C12_HIGH_DENSITY_FAMILY_EB,2,1,,,,,
2024-10-31,C12_HIGH_DENSITY_FAMILY_EB_K2,C12_HIGH_DENSITY_FAMILY_EB,2,2,,,,,
2024-11-01,C12_HIGH_DENSITY_FAMILY_EB_K2,C12_HIGH_DENSITY_FAMILY_EB,2,1,,,,,
2024-11-01,C12_HIGH_DENSITY_FAMILY_EB_K2,C12_HIGH_DENSITY_FAMILY_EB,2,2,,,,,
2024-11-05,C12_HIGH_DENSITY_FAMILY_EB_K2,C12_HIGH_DENSITY_FAMILY_EB,2,1,,,,,
2024-11-05,C12_HIGH_DENSITY_FAMILY_EB_K2,C12_HIGH_DENSITY_FAMILY_EB,2,2,,,,,
2024-11-06,C12_HIGH_DENSITY_FAMILY_EB_K2,C12_HIGH_DENSITY_FAMILY_EB,2,1,,,,,
2024-11-06,C12_HIGH_DENSITY_FAMILY_EB_K2,C12_HIGH_DENSITY_FAMILY_EB,2,2,,,,,
2024-11-07,C12_HIGH_DENSITY_FAMILY_EB_K2,C12_HIGH_DENSITY_FAMILY_EB,2,1,,,,,
2024-11-07,C12_HIGH_DENSITY_FAMILY_EB_K2,C12_HIGH_DENSITY_FAMILY_EB,2,2,,,,,
2024-11-08,C12_HIGH_DENSITY_FAMILY_EB_K2,C12_HIGH_DENSITY_FAMILY_EB,2,1,,,,,
2024-11-08,C12_HIGH_DENSITY_FAMILY_EB_K2,C12_HIGH_DENSITY_FAMILY_EB,2,2,,,,,
2024-11-11,C12_HIGH_DENSITY_FAMILY_EB_K2,C12_HIGH_DENSITY_FAMILY_EB,2,1,,,,,
2024-11-11,C12_HIGH_DENSITY_FAMILY_EB_K2,C12_HIGH_DENSITY_FAMILY_EB,2,2,,,,,
2024-11-12,C12_HIGH_DENSITY_FAMILY_EB_K2,C12_HIGH_DENSITY_FAMILY_EB,2,1,,,,,
2024-11-12,C12_HIGH_DENSITY_FAMILY_EB_K2,C12_HIGH_DENSITY_FAMILY_EB,2,2,,,,,
2024-11-13,C12_HIGH_DENSITY_FAMILY_EB_K2,C12_HIGH_DENSITY_FAMILY_EB,2,1,,,,,
2024-11-13,C12_HIGH_DENSITY_FAMILY_EB_K2,C12_HIGH_DENSITY_FAMILY_EB,2,2,,,,,
2024-11-14,C12_HIGH_DENSITY_FAMILY_EB_K2,C12_HIGH_DENSITY_FAMILY_EB,2,1,,,,,
2024-11-14,C12_HIGH_DENSITY_FAMILY_EB_K2,C12_HIGH_DENSITY_FAMILY_EB,2,2,,,,,
2024-11-15,C12_HIGH_DENSITY_FAMILY_EB_K2,C12_HIGH_DENSITY_FAMILY_EB,2,1,,,,,
2024-11-15,C12_HIGH_DENSITY_FAMILY_EB_K2,C12_HIGH_DENSITY_FAMILY_EB,2,2,,,,,
2024-11-18,C12_HIGH_DENSITY_FAMILY_EB_K2,C12_HIGH_DENSITY_FAMILY_EB,2,1,,,,,
2024-11-18,C12_HIGH_DENSITY_FAMILY_EB_K2,C12_HIGH_DENSITY_FAMILY_EB,2,2,,,,,
2024-11-19,C12_HIGH_DENSITY_FAMILY_EB_K2,C12_HIGH_DENSITY_FAMILY_EB,2,1,,,,,
2024-11-19,C12_HIGH_DENSITY_FAMILY_EB_K2,C12_HIGH_DENSITY_FAMILY_EB,2,2,,,,,
2024-11-20,C12_HIGH_DENSITY_FAMILY_EB_K2,C12_HIGH_DENSITY_FAMILY_EB,2,1,,,,,
2024-11-20,C12_HIGH_DENSITY_FAMILY_EB_K2,C12_HIGH_DENSITY_FAMILY_EB,2,2,,,,,
2024-11-21,C12_HIGH_DENSITY_FAMILY_EB_K2,C12_HIGH_DENSITY_FAMILY_EB,2,1,,,,,
2024-11-21,C12_HIGH_DENSITY_FAMILY_EB_K2,C12_HIGH_DENSITY_FAMILY_EB,2,2,,,,,
2024-11-22,C12_HIGH_DENSITY_FAMILY_EB_K2,C12_HIGH_DENSITY_FAMILY_EB,2,1,,,,,
2024-11-22,C12_HIGH_DENSITY_FAMILY_EB_K2,C12_HIGH_DENSITY_FAMILY_EB,2,2,,,,,
2024-11-25,C12_HIGH_DENSITY_FAMILY_EB_K2,C12_HIGH_DENSITY_FAMILY_EB,2,1,,,,,
2024-11-25,C12_HIGH_DENSITY_FAMILY_EB_K2,C12_HIGH_DENSITY_FAMILY_EB,2,2,,,,,
2024-11-26,C12_HIGH_DENSITY_FAMILY_EB_K2,C12_HIGH_DENSITY_FAMILY_EB,2,1,,,,,
2024-11-26,C12_HIGH_DENSITY_FAMILY_EB_K2,C12_HIGH_DENSITY_FAMILY_EB,2,2,,,,,
2024-11-27,C12_HIGH_DENSITY_FAMILY_EB_K2,C12_HIGH_DENSITY_FAMILY_EB,2,1,,,,,
2024-11-27,C12_HIGH_DENSITY_FAMILY_EB_K2,C12_HIGH_DENSITY_FAMILY_EB,2,2,,,,,
2024-11-28,C12_HIGH_DENSITY_FAMILY_EB_K2,C12_HIGH_DENSITY_FAMILY_EB,2,1,,,,,
2024-11-28,C12_HIGH_DENSITY_FAMILY_EB_K2,C12_HIGH_DENSITY_FAMILY_EB,2,2,,,,,
2024-11-29,C12_HIGH_DENSITY_FAMILY_EB_K2,C12_HIGH_DENSITY_FAMILY_EB,2,1,,,,,
2024-11-29,C12_HIGH_DENSITY_FAMILY_EB_K2,C12_HIGH_DENSITY_FAMILY_EB,2,2,,,,,
2024-12-02,C12_HIGH_DENSITY_FAMILY_EB_K2,C12_HIGH_DENSITY_FAMILY_EB,2,1,,,,,
2024-12-02,C12_HIGH_DENSITY_FAMILY_EB_K2,C12_HIGH_DENSITY_FAMILY_EB,2,2,,,,,
2024-12-03,C12_HIGH_DENSITY_FAMILY_EB_K2,C12_HIGH_DENSITY_FAMILY_EB,2,1,,,,,
2024-12-03,C12_HIGH_DENSITY_FAMILY_EB_K2,C12_HIGH_DENSITY_FAMILY_EB,2,2,,,,,
2024-12-04,C12_HIGH_DENSITY_FAMILY_EB_K2,C12_HIGH_DENSITY_FAMILY_EB,2,1,,,,,
2024-12-04,C12_HIGH_DENSITY_FAMILY_EB_K2,C12_HIGH_DENSITY_FAMILY_EB,2,2,,,,,
2024-12-05,C12_HIGH_DENSITY_FAMILY_EB_K2,C12_HIGH_DENSITY_FAMILY_EB,2,1,,,,,
2024-12-05,C12_HIGH_DENSITY_FAMILY_EB_K2,C12_HIGH_DENSITY_FAMILY_EB,2,2,,,,,
2024-12-06,C12_HIGH_DENSITY_FAMILY_EB_K2,C12_HIGH_DENSITY_FAMILY_EB,2,1,,,,,
2024-12-06,C12_HIGH_DENSITY_FAMILY_EB_K2,C12_HIGH_DENSITY_FAMILY_EB,2,2,,,,,
2024-12-09,C12_HIGH_DENSITY_FAMILY_EB_K2,C12_HIGH_DENSITY_FAMILY_EB,2,1,,,,,
2024-12-09,C12_HIGH_DENSITY_FAMILY_EB_K2,C12_HIGH_DENSITY_FAMILY_EB,2,2,,,,,
2024-12-10,C12_HIGH_DENSITY_FAMILY_EB_K2,C12_HIGH_DENSITY_FAMILY_EB,2,1,,,,,
2024-12-10,C12_HIGH_DENSITY_FAMILY_EB_K2,C12_HIGH_DENSITY_FAMILY_EB,2,2,,,,,
2024-12-11,C12_HIGH_DENSITY_FAMILY_EB_K2,C12_HIGH_DENSITY_FAMILY_EB,2,1,,,,,
2024-12-11,C12_HIGH_DENSITY_FAMILY_EB_K2,C12_HIGH_DENSITY_FAMILY_EB,2,2,,,,,
2024-12-12,C12_HIGH_DENSITY_FAMILY_EB_K2,C12_HIGH_DENSITY_FAMILY_EB,2,1,,,,,
2024-12-12,C12_HIGH_DENSITY_FAMILY_EB_K2,C12_HIGH_DENSITY_FAMILY_EB,2,2,,,,,
2024-12-13,C12_HIGH_DENSITY_FAMILY_EB_K2,C12_HIGH_DENSITY_FAMILY_EB,2,1,,,,,
2024-12-13,C12_HIGH_DENSITY_FAMILY_EB_K2,C12_HIGH_DENSITY_FAMILY_EB,2,2,,,,,
2024-12-16,C12_HIGH_DENSITY_FAMILY_EB_K2,C12_HIGH_DENSITY_FAMILY_EB,2,1,,,,,
2024-12-16,C12_HIGH_DENSITY_FAMILY_EB_K2,C12_HIGH_DENSITY_FAMILY_EB,2,2,,,,,
2024-12-17,C12_HIGH_DENSITY_FAMILY_EB_K2,C12_HIGH_DENSITY_FAMILY_EB,2,1,,,,,
2024-12-17,C12_HIGH_DENSITY_FAMILY_EB_K2,C12_HIGH_DENSITY_FAMILY_EB,2,2,,,,,
2024-12-18,C12_HIGH_DENSITY_FAMILY_EB_K2,C12_HIGH_DENSITY_FAMILY_EB,2,1,,,,,
2024-12-18,C12_HIGH_DENSITY_FAMILY_EB_K2,C12_HIGH_DENSITY_FAMILY_EB,2,2,,,,,
2024-12-19,C12_HIGH_DENSITY_FAMILY_EB_K2,C12_HIGH_DENSITY_FAMILY_EB,2,1,,,,,
2024-12-19,C12_HIGH_DENSITY_FAMILY_EB_K2,C12_HIGH_DENSITY_FAMILY_EB,2,2,,,,,
2024-12-20,C12_HIGH_DENSITY_FAMILY_EB_K2,C12_HIGH_DENSITY_FAMILY_EB,2,1,,,,,
2024-12-20,C12_HIGH_DENSITY_FAMILY_EB_K2,C12_HIGH_DENSITY_FAMILY_EB,2,2,,,,,
2024-12-23,C12_HIGH_DENSITY_FAMILY_EB_K2,C12_HIGH_DENSITY_FAMILY_EB,2,1,,,,,
2024-12-23,C12_HIGH_DENSITY_FAMILY_EB_K2,C12_HIGH_DENSITY_FAMILY_EB,2,2,,,,,
2024-12-24,C12_HIGH_DENSITY_FAMILY_EB_K2,C12_HIGH_DENSITY_FAMILY_EB,2,1,,,,,
2024-12-24,C12_HIGH_DENSITY_FAMILY_EB_K2,C12_HIGH_DENSITY_FAMILY_EB,2,2,,,,,
2024-12-25,C12_HIGH_DENSITY_FAMILY_EB_K2,C12_HIGH_DENSITY_FAMILY_EB,2,1,,,,,
2024-12-25,C12_HIGH_DENSITY_FAMILY_EB_K2,C12_HIGH_DENSITY_FAMILY_EB,2,2,,,,,
2024-12-26,C12_HIGH_DENSITY_FAMILY_EB_K2,C12_HIGH_DENSITY_FAMILY_EB,2,1,,,,,
2024-12-26,C12_HIGH_DENSITY_FAMILY_EB_K2,C12_HIGH_DENSITY_FAMILY_EB,2,2,,,,,
2024-12-27,C12_HIGH_DENSITY_FAMILY_EB_K2,C12_HIGH_DENSITY_FAMILY_EB,2,1,,,,,
2024-12-27,C12_HIGH_DENSITY_FAMILY_EB_K2,C12_HIGH_DENSITY_FAMILY_EB,2,2,,,,,
2024-12-30,C12_HIGH_DENSITY_FAMILY_EB_K2,C12_HIGH_DENSITY_FAMILY_EB,2,1,,,,,
2024-12-30,C12_HIGH_DENSITY_FAMILY_EB_K2,C12_HIGH_DENSITY_FAMILY_EB,2,2,,,,,
2025-01-06,C12_HIGH_DENSITY_FAMILY_EB_K2,C12_HIGH_DENSITY_FAMILY_EB,2,1,,,,,
2025-01-06,C12_HIGH_DENSITY_FAMILY_EB_K2,C12_HIGH_DENSITY_FAMILY_EB,2,2,,,,,
2025-01-07,C12_HIGH_DENSITY_FAMILY_EB_K2,C12_HIGH_DENSITY_FAMILY_EB,2,1,,,,,
2025-01-07,C12_HIGH_DENSITY_FAMILY_EB_K2,C12_HIGH_DENSITY_FAMILY_EB,2,2,,,,,
2025-01-08,C12_HIGH_DENSITY_FAMILY_EB_K2,C12_HIGH_DENSITY_FAMILY_EB,2,1,,,,,
2025-01-08,C12_HIGH_DENSITY_FAMILY_EB_K2,C12_HIGH_DENSITY_FAMILY_EB,2,2,,,,,
2025-01-09,C12_HIGH_DENSITY_FAMILY_EB_K2,C12_HIGH_DENSITY_FAMILY_EB,2,1,,,,,
2025-01-09,C12_HIGH_DENSITY_FAMILY_EB_K2,C12_HIGH_DENSITY_FAMILY_EB,2,2,,,,,
2025-01-10,C12_HIGH_DENSITY_FAMILY_EB_K2,C12_HIGH_DENSITY_FAMILY_EB,2,1,,,,,
2025-01-10,C12_HIGH_DENSITY_FAMILY_EB_K2,C12_HIGH_DENSITY_FAMILY_EB,2,2,,,,,
2025-01-14,C12_HIGH_DENSITY_FAMILY_EB_K2,C12_HIGH_DENSITY_FAMILY_EB,2,1,,,,,
2025-01-14,C12_HIGH_DENSITY_FAMILY_EB_K2,C12_HIGH_DENSITY_FAMILY_EB,2,2,,,,,
2025-01-15,C12_HIGH_DENSITY_FAMILY_EB_K2,C12_HIGH_DENSITY_FAMILY_EB,2,1,,,,,
2025-01-15,C12_HIGH_DENSITY_FAMILY_EB_K2,C12_HIGH_DENSITY_FAMILY_EB,2,2,,,,,
2025-01-16,C12_HIGH_DENSITY_FAMILY_EB_K2,C12_HIGH_DENSITY_FAMILY_EB,2,1,,,,,
2025-01-16,C12_HIGH_DENSITY_FAMILY_EB_K2,C12_HIGH_DENSITY_FAMILY_EB,2,2,,,,,
2025-01-17,C12_HIGH_DENSITY_FAMILY_EB_K2,C12_HIGH_DENSITY_FAMILY_EB,2,1,,,,,
2025-01-17,C12_HIGH_DENSITY_FAMILY_EB_K2,C12_HIGH_DENSITY_FAMILY_EB,2,2,,,,,
2025-01-20,C12_HIGH_DENSITY_FAMILY_EB_K2,C12_HIGH_DENSITY_FAMILY_EB,2,1,,,,,
2025-01-20,C12_HIGH_DENSITY_FAMILY_EB_K2,C12_HIGH_DENSITY_FAMILY_EB,2,2,,,,,
2025-01-21,C12_HIGH_DENSITY_FAMILY_EB_K2,C12_HIGH_DENSITY_FAMILY_EB,2,1,,,,,
2025-01-21,C12_HIGH_DENSITY_FAMILY_EB_K2,C12_HIGH_DENSITY_FAMILY_EB,2,2,,,,,
2025-01-22,C12_HIGH_DENSITY_FAMILY_EB_K2,C12_HIGH_DENSITY_FAMILY_EB,2,1,,,,,
2025-01-22,C12_HIGH_DENSITY_FAMILY_EB_K2,C12_HIGH_DENSITY_FAMILY_EB,2,2,,,,,
2025-01-23,C12_HIGH_DENSITY_FAMILY_EB_K2,C12_HIGH_DENSITY_FAMILY_EB,2,1,,,,,
2025-01-23,C12_HIGH_DENSITY_FAMILY_EB_K2,C12_HIGH_DENSITY_FAMILY_EB,2,2,,,,,
2025-01-24,C12_HIGH_DENSITY_FAMILY_EB_K2,C12_HIGH_DENSITY_FAMILY_EB,2,1,,,,,
2025-01-24,C12_HIGH_DENSITY_FAMILY_EB_K2,C12_HIGH_DENSITY_FAMILY_EB,2,2,,,,,
2025-01-27,C12_HIGH_DENSITY_FAMILY_EB_K2,C12_HIGH_DENSITY_FAMILY_EB,2,1,,,,,
2025-01-27,C12_HIGH_DENSITY_FAMILY_EB_K2,C12_HIGH_DENSITY_FAMILY_EB,2,2,,,,,
2025-01-28,C12_HIGH_DENSITY_FAMILY_EB_K2,C12_HIGH_DENSITY_FAMILY_EB,2,1,,,,,
2025-01-28,C12_HIGH_DENSITY_FAMILY_EB_K2,C12_HIGH_DENSITY_FAMILY_EB,2,2,,,,,
2025-01-29,C12_HIGH_DENSITY_FAMILY_EB_K2,C12_HIGH_DENSITY_FAMILY_EB,2,1,,,,,
2025-01-29,C12_HIGH_DENSITY_FAMILY_EB_K2,C12_HIGH_DENSITY_FAMILY_EB,2,2,,,,,
2025-01-30,C12_HIGH_DENSITY_FAMILY_EB_K2,C12_HIGH_DENSITY_FAMILY_EB,2,1,,,,,
2025-01-30,C12_HIGH_DENSITY_FAMILY_EB_K2,C12_HIGH_DENSITY_FAMILY_EB,2,2,,,,,
2025-01-31,C12_HIGH_DENSITY_FAMILY_EB_K2,C12_HIGH_DENSITY_FAMILY_EB,2,1,,,,,
2025-01-31,C12_HIGH_DENSITY_FAMILY_EB_K2,C12_HIGH_DENSITY_FAMILY_EB,2,2,,,,,
2025-02-03,C12_HIGH_DENSITY_FAMILY_EB_K2,C12_HIGH_DENSITY_FAMILY_EB,2,1,,,,,
2025-02-03,C12_HIGH_DENSITY_FAMILY_EB_K2,C12_HIGH_DENSITY_FAMILY_EB,2,2,,,,,
2025-02-04,C12_HIGH_DENSITY_FAMILY_EB_K2,C12_HIGH_DENSITY_FAMILY_EB,2,1,,,,,
2025-02-04,C12_HIGH_DENSITY_FAMILY_EB_K2,C12_HIGH_DENSITY_FAMILY_EB,2,2,,,,,
2025-02-05,C12_HIGH_DENSITY_FAMILY_EB_K2,C12_HIGH_DENSITY_FAMILY_EB,2,1,,,,,
2025-02-05,C12_HIGH_DENSITY_FAMILY_EB_K2,C12_HIGH_DENSITY_FAMILY_EB,2,2,,,,,
2025-02-06,C12_HIGH_DENSITY_FAMILY_EB_K2,C12_HIGH_DENSITY_FAMILY_EB,2,1,,,,,
2025-02-06,C12_HIGH_DENSITY_FAMILY_EB_K2,C12_HIGH_DENSITY_FAMILY_EB,2,2,,,,,
2025-02-07,C12_HIGH_DENSITY_FAMILY_EB_K2,C12_HIGH_DENSITY_FAMILY_EB,2,1,,,,,
2025-02-07,C12_HIGH_DENSITY_FAMILY_EB_K2,C12_HIGH_DENSITY_FAMILY_EB,2,2,,,,,
2025-02-10,C12_HIGH_DENSITY_FAMILY_EB_K2,C12_HIGH_DENSITY_FAMILY_EB,2,1,,,,,
2025-02-10,C12_HIGH_DENSITY_FAMILY_EB_K2,C12_HIGH_DENSITY_FAMILY_EB,2,2,,,,,
2025-02-12,C12_HIGH_DENSITY_FAMILY_EB_K2,C12_HIGH_DENSITY_FAMILY_EB,2,1,,,,,
2025-02-12,C12_HIGH_DENSITY_FAMILY_EB_K2,C12_HIGH_DENSITY_FAMILY_EB,2,2,,,,,
2025-02-13,C12_HIGH_DENSITY_FAMILY_EB_K2,C12_HIGH_DENSITY_FAMILY_EB,2,1,,,,,
2025-02-13,C12_HIGH_DENSITY_FAMILY_EB_K2,C12_HIGH_DENSITY_FAMILY_EB,2,2,,,,,
2025-02-14,C12_HIGH_DENSITY_FAMILY_EB_K2,C12_HIGH_DENSITY_FAMILY_EB,2,1,,,,,
2025-02-14,C12_HIGH_DENSITY_FAMILY_EB_K2,C12_HIGH_DENSITY_FAMILY_EB,2,2,,,,,
2025-02-17,C12_HIGH_DENSITY_FAMILY_EB_K2,C12_HIGH_DENSITY_FAMILY_EB,2,1,,,,,
2025-02-17,C12_HIGH_DENSITY_FAMILY_EB_K2,C12_HIGH_DENSITY_FAMILY_EB,2,2,,,,,
2025-02-18,C12_HIGH_DENSITY_FAMILY_EB_K2,C12_HIGH_DENSITY_FAMILY_EB,2,1,,,,,
2025-02-18,C12_HIGH_DENSITY_FAMILY_EB_K2,C12_HIGH_DENSITY_FAMILY_EB,2,2,,,,,
2025-02-19,C12_HIGH_DENSITY_FAMILY_EB_K2,C12_HIGH_DENSITY_FAMILY_EB,2,1,,,,,
2025-02-19,C12_HIGH_DENSITY_FAMILY_EB_K2,C12_HIGH_DENSITY_FAMILY_EB,2,2,,,,,
2025-02-20,C12_HIGH_DENSITY_FAMILY_EB_K2,C12_HIGH_DENSITY_FAMILY_EB,2,1,,,,,
2025-02-20,C12_HIGH_DENSITY_FAMILY_EB_K2,C12_HIGH_DENSITY_FAMILY_EB,2,2,,,,,
2025-02-21,C12_HIGH_DENSITY_FAMILY_EB_K2,C12_HIGH_DENSITY_FAMILY_EB,2,1,,,,,
2025-02-21,C12_HIGH_DENSITY_FAMILY_EB_K2,C12_HIGH_DENSITY_FAMILY_EB,2,2,,,,,
2025-02-25,C12_HIGH_DENSITY_FAMILY_EB_K2,C12_HIGH_DENSITY_FAMILY_EB,2,1,,,,,
2025-02-25,C12_HIGH_DENSITY_FAMILY_EB_K2,C12_HIGH_DENSITY_FAMILY_EB,2,2,,,,,
2025-02-26,C12_HIGH_DENSITY_FAMILY_EB_K2,C12_HIGH_DENSITY_FAMILY_EB,2,1,,,,,
2025-02-26,C12_HIGH_DENSITY_FAMILY_EB_K2,C12_HIGH_DENSITY_FAMILY_EB,2,2,,,,,
2025-02-27,C12_HIGH_DENSITY_FAMILY_EB_K2,C12_HIGH_DENSITY_FAMILY_EB,2,1,,,,,
2025-02-27,C12_HIGH_DENSITY_FAMILY_EB_K2,C12_HIGH_DENSITY_FAMILY_EB,2,2,,,,,
2025-02-28,C12_HIGH_DENSITY_FAMILY_EB_K2,C12_HIGH_DENSITY_FAMILY_EB,2,1,,,,,
2025-02-28,C12_HIGH_DENSITY_FAMILY_EB_K2,C12_HIGH_DENSITY_FAMILY_EB,2,2,,,,,
2025-03-03,C12_HIGH_DENSITY_FAMILY_EB_K2,C12_HIGH_DENSITY_FAMILY_EB,2,1,,,,,
2025-03-03,C12_HIGH_DENSITY_FAMILY_EB_K2,C12_HIGH_DENSITY_FAMILY_EB,2,2,,,,,
2025-03-04,C12_HIGH_DENSITY_FAMILY_EB_K2,C12_HIGH_DENSITY_FAMILY_EB,2,1,,,,,
2025-03-04,C12_HIGH_DENSITY_FAMILY_EB_K2,C12_HIGH_DENSITY_FAMILY_EB,2,2,,,,,
2025-03-05,C12_HIGH_DENSITY_FAMILY_EB_K2,C12_HIGH_DENSITY_FAMILY_EB,2,1,,,,,
2025-03-05,C12_HIGH_DENSITY_FAMILY_EB_K2,C12_HIGH_DENSITY_FAMILY_EB,2,2,,,,,
2025-03-06,C12_HIGH_DENSITY_FAMILY_EB_K2,C12_HIGH_DENSITY_FAMILY_EB,2,1,,,,,
2025-03-06,C12_HIGH_DENSITY_FAMILY_EB_K2,C12_HIGH_DENSITY_FAMILY_EB,2,2,,,,,
2025-03-07,C12_HIGH_DENSITY_FAMILY_EB_K2,C12_HIGH_DENSITY_FAMILY_EB,2,1,,,,,
2025-03-07,C12_HIGH_DENSITY_FAMILY_EB_K2,C12_HIGH_DENSITY_FAMILY_EB,2,2,,,,,
2025-03-10,C12_HIGH_DENSITY_FAMILY_EB_K2,C12_HIGH_DENSITY_FAMILY_EB,2,1,,,,,
2025-03-10,C12_HIGH_DENSITY_FAMILY_EB_K2,C12_HIGH_DENSITY_FAMILY_EB,2,2,,,,,
2025-03-11,C12_HIGH_DENSITY_FAMILY_EB_K2,C12_HIGH_DENSITY_FAMILY_EB,2,1,,,,,
2025-03-11,C12_HIGH_DENSITY_FAMILY_EB_K2,C12_HIGH_DENSITY_FAMILY_EB,2,2,,,,,
2025-03-12,C12_HIGH_DENSITY_FAMILY_EB_K2,C12_HIGH_DENSITY_FAMILY_EB,2,1,,,,,
2025-03-12,C12_HIGH_DENSITY_FAMILY_EB_K2,C12_HIGH_DENSITY_FAMILY_EB,2,2,,,,,
2025-03-13,C12_HIGH_DENSITY_FAMILY_EB_K2,C12_HIGH_DENSITY_FAMILY_EB,2,1,,,,,
2025-03-13,C12_HIGH_DENSITY_FAMILY_EB_K2,C12_HIGH_DENSITY_FAMILY_EB,2,2,,,,,
2025-03-14,C12_HIGH_DENSITY_FAMILY_EB_K2,C12_HIGH_DENSITY_FAMILY_EB,2,1,,,,,
2025-03-14,C12_HIGH_DENSITY_FAMILY_EB_K2,C12_HIGH_DENSITY_FAMILY_EB,2,2,,,,,
2025-03-17,C12_HIGH_DENSITY_FAMILY_EB_K2,C12_HIGH_DENSITY_FAMILY_EB,2,1,,,,,
2025-03-17,C12_HIGH_DENSITY_FAMILY_EB_K2,C12_HIGH_DENSITY_FAMILY_EB,2,2,,,,,
2025-03-18,C12_HIGH_DENSITY_FAMILY_EB_K2,C12_HIGH_DENSITY_FAMILY_EB,2,1,,,,,
2025-03-18,C12_HIGH_DENSITY_FAMILY_EB_K2,C12_HIGH_DENSITY_FAMILY_EB,2,2,,,,,
2025-03-19,C12_HIGH_DENSITY_FAMILY_EB_K2,C12_HIGH_DENSITY_FAMILY_EB,2,1,,,,,
2025-03-19,C12_HIGH_DENSITY_FAMILY_EB_K2,C12_HIGH_DENSITY_FAMILY_EB,2,2,,,,,
2025-03-21,C12_HIGH_DENSITY_FAMILY_EB_K2,C12_HIGH_DENSITY_FAMILY_EB,2,1,,,,,
2025-03-21,C12_HIGH_DENSITY_FAMILY_EB_K2,C12_HIGH_DENSITY_FAMILY_EB,2,2,,,,,
2025-03-24,C12_HIGH_DENSITY_FAMILY_EB_K2,C12_HIGH_DENSITY_FAMILY_EB,2,1,,,,,
2025-03-24,C12_HIGH_DENSITY_FAMILY_EB_K2,C12_HIGH_DENSITY_FAMILY_EB,2,2,,,,,
2025-03-25,C12_HIGH_DENSITY_FAMILY_EB_K2,C12_HIGH_DENSITY_FAMILY_EB,2,1,,,,,
2025-03-25,C12_HIGH_DENSITY_FAMILY_EB_K2,C12_HIGH_DENSITY_FAMILY_EB,2,2,,,,,
2025-03-26,C12_HIGH_DENSITY_FAMILY_EB_K2,C12_HIGH_DENSITY_FAMILY_EB,2,1,,,,,
2025-03-26,C12_HIGH_DENSITY_FAMILY_EB_K2,C12_HIGH_DENSITY_FAMILY_EB,2,2,,,,,
2025-03-27,C12_HIGH_DENSITY_FAMILY_EB_K2,C12_HIGH_DENSITY_FAMILY_EB,2,1,,,,,
2025-03-27,C12_HIGH_DENSITY_FAMILY_EB_K2,C12_HIGH_DENSITY_FAMILY_EB,2,2,,,,,
2025-03-28,C12_HIGH_DENSITY_FAMILY_EB_K2,C12_HIGH_DENSITY_FAMILY_EB,2,1,,,,,
2025-03-28,C12_HIGH_DENSITY_FAMILY_EB_K2,C12_HIGH_DENSITY_FAMILY_EB,2,2,,,,,
2025-03-31,C12_HIGH_DENSITY_FAMILY_EB_K2,C12_HIGH_DENSITY_FAMILY_EB,2,1,,,,,
2025-03-31,C12_HIGH_DENSITY_FAMILY_EB_K2,C12_HIGH_DENSITY_FAMILY_EB,2,2,,,,,
2025-04-01,C12_HIGH_DENSITY_FAMILY_EB_K2,C12_HIGH_DENSITY_FAMILY_EB,2,1,,,,,
2025-04-01,C12_HIGH_DENSITY_FAMILY_EB_K2,C12_HIGH_DENSITY_FAMILY_EB,2,2,,,,,
2025-04-02,C12_HIGH_DENSITY_FAMILY_EB_K2,C12_HIGH_DENSITY_FAMILY_EB,2,1,,,,,
2025-04-02,C12_HIGH_DENSITY_FAMILY_EB_K2,C12_HIGH_DENSITY_FAMILY_EB,2,2,,,,,
2025-04-03,C12_HIGH_DENSITY_FAMILY_EB_K2,C12_HIGH_DENSITY_FAMILY_EB,2,1,,,,,
2025-04-03,C12_HIGH_DENSITY_FAMILY_EB_K2,C12_HIGH_DENSITY_FAMILY_EB,2,2,,,,,
2025-04-04,C12_HIGH_DENSITY_FAMILY_EB_K2,C12_HIGH_DENSITY_FAMILY_EB,2,1,,,,,
2025-04-04,C12_HIGH_DENSITY_FAMILY_EB_K2,C12_HIGH_DENSITY_FAMILY_EB,2,2,,,,,
2025-04-07,C12_HIGH_DENSITY_FAMILY_EB_K2,C12_HIGH_DENSITY_FAMILY_EB,2,1,,,,,
2025-04-07,C12_HIGH_DENSITY_FAMILY_EB_K2,C12_HIGH_DENSITY_FAMILY_EB,2,2,,,,,
2025-04-08,C12_HIGH_DENSITY_FAMILY_EB_K2,C12_HIGH_DENSITY_FAMILY_EB,2,1,,,,,
2025-04-08,C12_HIGH_DENSITY_FAMILY_EB_K2,C12_HIGH_DENSITY_FAMILY_EB,2,2,,,,,
2025-04-09,C12_HIGH_DENSITY_FAMILY_EB_K2,C12_HIGH_DENSITY_FAMILY_EB,2,1,,,,,
2025-04-09,C12_HIGH_DENSITY_FAMILY_EB_K2,C12_HIGH_DENSITY_FAMILY_EB,2,2,,,,,
2025-04-10,C12_HIGH_DENSITY_FAMILY_EB_K2,C12_HIGH_DENSITY_FAMILY_EB,2,1,,,,,
2025-04-10,C12_HIGH_DENSITY_FAMILY_EB_K2,C12_HIGH_DENSITY_FAMILY_EB,2,2,,,,,
2025-04-11,C12_HIGH_DENSITY_FAMILY_EB_K2,C12_HIGH_DENSITY_FAMILY_EB,2,1,,,,,
2025-04-11,C12_HIGH_DENSITY_FAMILY_EB_K2,C12_HIGH_DENSITY_FAMILY_EB,2,2,,,,,
2025-04-14,C12_HIGH_DENSITY_FAMILY_EB_K2,C12_HIGH_DENSITY_FAMILY_EB,2,1,,,,,
2025-04-14,C12_HIGH_DENSITY_FAMILY_EB_K2,C12_HIGH_DENSITY_FAMILY_EB,2,2,,,,,
2025-04-15,C12_HIGH_DENSITY_FAMILY_EB_K2,C12_HIGH_DENSITY_FAMILY_EB,2,1,,,,,
2025-04-15,C12_HIGH_DENSITY_FAMILY_EB_K2,C12_HIGH_DENSITY_FAMILY_EB,2,2,,,,,
2025-04-16,C12_HIGH_DENSITY_FAMILY_EB_K2,C12_HIGH_DENSITY_FAMILY_EB,2,1,,,,,
2025-04-16,C12_HIGH_DENSITY_FAMILY_EB_K2,C12_HIGH_DENSITY_FAMILY_EB,2,2,,,,,
2025-04-17,C12_HIGH_DENSITY_FAMILY_EB_K2,C12_HIGH_DENSITY_FAMILY_EB,2,1,,,,,
2025-04-17,C12_HIGH_DENSITY_FAMILY_EB_K2,C12_HIGH_DENSITY_FAMILY_EB,2,2,,,,,
2025-04-18,C12_HIGH_DENSITY_FAMILY_EB_K2,C12_HIGH_DENSITY_FAMILY_EB,2,1,,,,,
2025-04-18,C12_HIGH_DENSITY_FAMILY_EB_K2,C12_HIGH_DENSITY_FAMILY_EB,2,2,,,,,
2025-04-21,C12_HIGH_DENSITY_FAMILY_EB_K2,C12_HIGH_DENSITY_FAMILY_EB,2,1,,,,,
2025-04-21,C12_HIGH_DENSITY_FAMILY_EB_K2,C12_HIGH_DENSITY_FAMILY_EB,2,2,,,,,
2025-04-22,C12_HIGH_DENSITY_FAMILY_EB_K2,C12_HIGH_DENSITY_FAMILY_EB,2,1,,,,,
2025-04-22,C12_HIGH_DENSITY_FAMILY_EB_K2,C12_HIGH_DENSITY_FAMILY_EB,2,2,,,,,
2025-04-23,C12_HIGH_DENSITY_FAMILY_EB_K2,C12_HIGH_DENSITY_FAMILY_EB,2,1,,,,,
2025-04-23,C12_HIGH_DENSITY_FAMILY_EB_K2,C12_HIGH_DENSITY_FAMILY_EB,2,2,,,,,
2025-04-24,C12_HIGH_DENSITY_FAMILY_EB_K2,C12_HIGH_DENSITY_FAMILY_EB,2,1,,,,,
2025-04-24,C12_HIGH_DENSITY_FAMILY_EB_K2,C12_HIGH_DENSITY_FAMILY_EB,2,2,,,,,
2025-04-25,C12_HIGH_DENSITY_FAMILY_EB_K2,C12_HIGH_DENSITY_FAMILY_EB,2,1,,,,,
2025-04-25,C12_HIGH_DENSITY_FAMILY_EB_K2,C12_HIGH_DENSITY_FAMILY_EB,2,2,,,,,
2025-04-28,C12_HIGH_DENSITY_FAMILY_EB_K2,C12_HIGH_DENSITY_FAMILY_EB,2,1,,,,,
2025-04-28,C12_HIGH_DENSITY_FAMILY_EB_K2,C12_HIGH_DENSITY_FAMILY_EB,2,2,,,,,
2025-04-30,C12_HIGH_DENSITY_FAMILY_EB_K2,C12_HIGH_DENSITY_FAMILY_EB,2,1,,,,,
2025-04-30,C12_HIGH_DENSITY_FAMILY_EB_K2,C12_HIGH_DENSITY_FAMILY_EB,2,2,,,,,
2025-05-01,C12_HIGH_DENSITY_FAMILY_EB_K2,C12_HIGH_DENSITY_FAMILY_EB,2,1,,,,,
2025-05-01,C12_HIGH_DENSITY_FAMILY_EB_K2,C12_HIGH_DENSITY_FAMILY_EB,2,2,,,,,
2025-05-02,C12_HIGH_DENSITY_FAMILY_EB_K2,C12_HIGH_DENSITY_FAMILY_EB,2,1,,,,,
2025-05-02,C12_HIGH_DENSITY_FAMILY_EB_K2,C12_HIGH_DENSITY_FAMILY_EB,2,2,,,,,
2025-05-07,C12_HIGH_DENSITY_FAMILY_EB_K2,C12_HIGH_DENSITY_FAMILY_EB,2,1,,,,,
2025-05-07,C12_HIGH_DENSITY_FAMILY_EB_K2,C12_HIGH_DENSITY_FAMILY_EB,2,2,,,,,
2025-05-08,C12_HIGH_DENSITY_FAMILY_EB_K2,C12_HIGH_DENSITY_FAMILY_EB,2,1,,,,,
2025-05-08,C12_HIGH_DENSITY_FAMILY_EB_K2,C12_HIGH_DENSITY_FAMILY_EB,2,2,,,,,
2025-05-09,C12_HIGH_DENSITY_FAMILY_EB_K2,C12_HIGH_DENSITY_FAMILY_EB,2,1,,,,,
2025-05-09,C12_HIGH_DENSITY_FAMILY_EB_K2,C12_HIGH_DENSITY_FAMILY_EB,2,2,,,,,
2025-05-12,C12_HIGH_DENSITY_FAMILY_EB_K2,C12_HIGH_DENSITY_FAMILY_EB,2,1,,,,,
2025-05-12,C12_HIGH_DENSITY_FAMILY_EB_K2,C12_HIGH_DENSITY_FAMILY_EB,2,2,,,,,
2025-05-13,C12_HIGH_DENSITY_FAMILY_EB_K2,C12_HIGH_DENSITY_FAMILY_EB,2,1,,,,,
2025-05-13,C12_HIGH_DENSITY_FAMILY_EB_K2,C12_HIGH_DENSITY_FAMILY_EB,2,2,,,,,
2025-05-14,C12_HIGH_DENSITY_FAMILY_EB_K2,C12_HIGH_DENSITY_FAMILY_EB,2,1,,,,,
2025-05-14,C12_HIGH_DENSITY_FAMILY_EB_K2,C12_HIGH_DENSITY_FAMILY_EB,2,2,,,,,
2025-05-15,C12_HIGH_DENSITY_FAMILY_EB_K2,C12_HIGH_DENSITY_FAMILY_EB,2,1,,,,,
2025-05-15,C12_HIGH_DENSITY_FAMILY_EB_K2,C12_HIGH_DENSITY_FAMILY_EB,2,2,,,,,
2025-05-16,C12_HIGH_DENSITY_FAMILY_EB_K2,C12_HIGH_DENSITY_FAMILY_EB,2,1,,,,,
2025-05-16,C12_HIGH_DENSITY_FAMILY_EB_K2,C12_HIGH_DENSITY_FAMILY_EB,2,2,,,,,
2025-05-19,C12_HIGH_DENSITY_FAMILY_EB_K2,C12_HIGH_DENSITY_FAMILY_EB,2,1,,,,,
2025-05-19,C12_HIGH_DENSITY_FAMILY_EB_K2,C12_HIGH_DENSITY_FAMILY_EB,2,2,,,,,
2025-05-20,C12_HIGH_DENSITY_FAMILY_EB_K2,C12_HIGH_DENSITY_FAMILY_EB,2,1,,,,,
2025-05-20,C12_HIGH_DENSITY_FAMILY_EB_K2,C12_HIGH_DENSITY_FAMILY_EB,2,2,,,,,
2025-05-21,C12_HIGH_DENSITY_FAMILY_EB_K2,C12_HIGH_DENSITY_FAMILY_EB,2,1,,,,,
2025-05-21,C12_HIGH_DENSITY_FAMILY_EB_K2,C12_HIGH_DENSITY_FAMILY_EB,2,2,,,,,
2025-05-22,C12_HIGH_DENSITY_FAMILY_EB_K2,C12_HIGH_DENSITY_FAMILY_EB,2,1,,,,,
2025-05-22,C12_HIGH_DENSITY_FAMILY_EB_K2,C12_HIGH_DENSITY_FAMILY_EB,2,2,,,,,
2025-05-23,C12_HIGH_DENSITY_FAMILY_EB_K2,C12_HIGH_DENSITY_FAMILY_EB,2,1,,,,,
2025-05-23,C12_HIGH_DENSITY_FAMILY_EB_K2,C12_HIGH_DENSITY_FAMILY_EB,2,2,,,,,
2025-05-26,C12_HIGH_DENSITY_FAMILY_EB_K2,C12_HIGH_DENSITY_FAMILY_EB,2,1,,,,,
2025-05-26,C12_HIGH_DENSITY_FAMILY_EB_K2,C12_HIGH_DENSITY_FAMILY_EB,2,2,,,,,
2025-05-27,C12_HIGH_DENSITY_FAMILY_EB_K2,C12_HIGH_DENSITY_FAMILY_EB,2,1,,,,,
2025-05-27,C12_HIGH_DENSITY_FAMILY_EB_K2,C12_HIGH_DENSITY_FAMILY_EB,2,2,,,,,
2025-05-28,C12_HIGH_DENSITY_FAMILY_EB_K2,C12_HIGH_DENSITY_FAMILY_EB,2,1,,,,,
2025-05-28,C12_HIGH_DENSITY_FAMILY_EB_K2,C12_HIGH_DENSITY_FAMILY_EB,2,2,,,,,
2025-05-29,C12_HIGH_DENSITY_FAMILY_EB_K2,C12_HIGH_DENSITY_FAMILY_EB,2,1,,,,,
2025-05-29,C12_HIGH_DENSITY_FAMILY_EB_K2,C12_HIGH_DENSITY_FAMILY_EB,2,2,,,,,
2025-05-30,C12_HIGH_DENSITY_FAMILY_EB_K2,C12_HIGH_DENSITY_FAMILY_EB,2,1,,,,,
2025-05-30,C12_HIGH_DENSITY_FAMILY_EB_K2,C12_HIGH_DENSITY_FAMILY_EB,2,2,,,,,
2025-06-02,C12_HIGH_DENSITY_FAMILY_EB_K2,C12_HIGH_DENSITY_FAMILY_EB,2,1,,,,,
2025-06-02,C12_HIGH_DENSITY_FAMILY_EB_K2,C12_HIGH_DENSITY_FAMILY_EB,2,2,,,,,
2025-06-03,C12_HIGH_DENSITY_FAMILY_EB_K2,C12_HIGH_DENSITY_FAMILY_EB,2,1,,,,,
2025-06-03,C12_HIGH_DENSITY_FAMILY_EB_K2,C12_HIGH_DENSITY_FAMILY_EB,2,2,,,,,
2025-06-04,C12_HIGH_DENSITY_FAMILY_EB_K2,C12_HIGH_DENSITY_FAMILY_EB,2,1,,,,,
2025-06-04,C12_HIGH_DENSITY_FAMILY_EB_K2,C12_HIGH_DENSITY_FAMILY_EB,2,2,,,,,
2025-06-05,C12_HIGH_DENSITY_FAMILY_EB_K2,C12_HIGH_DENSITY_FAMILY_EB,2,1,,,,,
2025-06-05,C12_HIGH_DENSITY_FAMILY_EB_K2,C12_HIGH_DENSITY_FAMILY_EB,2,2,,,,,
2025-06-06,C12_HIGH_DENSITY_FAMILY_EB_K2,C12_HIGH_DENSITY_FAMILY_EB,2,1,,,,,
2025-06-06,C12_HIGH_DENSITY_FAMILY_EB_K2,C12_HIGH_DENSITY_FAMILY_EB,2,2,,,,,
2025-06-09,C12_HIGH_DENSITY_FAMILY_EB_K2,C12_HIGH_DENSITY_FAMILY_EB,2,1,,,,,
2025-06-09,C12_HIGH_DENSITY_FAMILY_EB_K2,C12_HIGH_DENSITY_FAMILY_EB,2,2,,,,,
2025-06-10,C12_HIGH_DENSITY_FAMILY_EB_K2,C12_HIGH_DENSITY_FAMILY_EB,2,1,,,,,
2025-06-10,C12_HIGH_DENSITY_FAMILY_EB_K2,C12_HIGH_DENSITY_FAMILY_EB,2,2,,,,,
2025-06-11,C12_HIGH_DENSITY_FAMILY_EB_K2,C12_HIGH_DENSITY_FAMILY_EB,2,1,,,,,
2025-06-11,C12_HIGH_DENSITY_FAMILY_EB_K2,C12_HIGH_DENSITY_FAMILY_EB,2,2,,,,,
2025-06-12,C12_HIGH_DENSITY_FAMILY_EB_K2,C12_HIGH_DENSITY_FAMILY_EB,2,1,,,,,
2025-06-12,C12_HIGH_DENSITY_FAMILY_EB_K2,C12_HIGH_DENSITY_FAMILY_EB,2,2,,,,,
2025-06-13,C12_HIGH_DENSITY_FAMILY_EB_K2,C12_HIGH_DENSITY_FAMILY_EB,2,1,,,,,
2025-06-13,C12_HIGH_DENSITY_FAMILY_EB_K2,C12_HIGH_DENSITY_FAMILY_EB,2,2,,,,,
2025-06-16,C12_HIGH_DENSITY_FAMILY_EB_K2,C12_HIGH_DENSITY_FAMILY_EB,2,1,,,,,
2025-06-16,C12_HIGH_DENSITY_FAMILY_EB_K2,C12_HIGH_DENSITY_FAMILY_EB,2,2,,,,,
2025-06-17,C12_HIGH_DENSITY_FAMILY_EB_K2,C12_HIGH_DENSITY_FAMILY_EB,2,1,,,,,
2025-06-17,C12_HIGH_DENSITY_FAMILY_EB_K2,C12_HIGH_DENSITY_FAMILY_EB,2,2,,,,,
2025-06-18,C12_HIGH_DENSITY_FAMILY_EB_K2,C12_HIGH_DENSITY_FAMILY_EB,2,1,,,,,
2025-06-18,C12_HIGH_DENSITY_FAMILY_EB_K2,C12_HIGH_DENSITY_FAMILY_EB,2,2,,,,,
2025-06-19,C12_HIGH_DENSITY_FAMILY_EB_K2,C12_HIGH_DENSITY_FAMILY_EB,2,1,,,,,
2025-06-19,C12_HIGH_DENSITY_FAMILY_EB_K2,C12_HIGH_DENSITY_FAMILY_EB,2,2,,,,,
2025-06-20,C12_HIGH_DENSITY_FAMILY_EB_K2,C12_HIGH_DENSITY_FAMILY_EB,2,1,,,,,
2025-06-20,C12_HIGH_DENSITY_FAMILY_EB_K2,C12_HIGH_DENSITY_FAMILY_EB,2,2,,,,,
2025-06-23,C12_HIGH_DENSITY_FAMILY_EB_K2,C12_HIGH_DENSITY_FAMILY_EB,2,1,,,,,
2025-06-23,C12_HIGH_DENSITY_FAMILY_EB_K2,C12_HIGH_DENSITY_FAMILY_EB,2,2,,,,,
2025-06-24,C12_HIGH_DENSITY_FAMILY_EB_K2,C12_HIGH_DENSITY_FAMILY_EB,2,1,,,,,
2025-06-24,C12_HIGH_DENSITY_FAMILY_EB_K2,C12_HIGH_DENSITY_FAMILY_EB,2,2,,,,,
2025-06-25,C12_HIGH_DENSITY_FAMILY_EB_K2,C12_HIGH_DENSITY_FAMILY_EB,2,1,,,,,
2025-06-25,C12_HIGH_DENSITY_FAMILY_EB_K2,C12_HIGH_DENSITY_FAMILY_EB,2,2,,,,,
2025-06-26,C12_HIGH_DENSITY_FAMILY_EB_K2,C12_HIGH_DENSITY_FAMILY_EB,2,1,,,,,
2025-06-26,C12_HIGH_DENSITY_FAMILY_EB_K2,C12_HIGH_DENSITY_FAMILY_EB,2,2,,,,,
2025-06-27,C12_HIGH_DENSITY_FAMILY_EB_K2,C12_HIGH_DENSITY_FAMILY_EB,2,1,,,,,
2025-06-27,C12_HIGH_DENSITY_FAMILY_EB_K2,C12_HIGH_DENSITY_FAMILY_EB,2,2,,,,,
2025-06-30,C12_HIGH_DENSITY_FAMILY_EB_K2,C12_HIGH_DENSITY_FAMILY_EB,2,1,,,,,
2025-06-30,C12_HIGH_DENSITY_FAMILY_EB_K2,C12_HIGH_DENSITY_FAMILY_EB,2,2,,,,,
2025-07-01,C12_HIGH_DENSITY_FAMILY_EB_K2,C12_HIGH_DENSITY_FAMILY_EB,2,1,,,,,
2025-07-01,C12_HIGH_DENSITY_FAMILY_EB_K2,C12_HIGH_DENSITY_FAMILY_EB,2,2,,,,,
2025-07-02,C12_HIGH_DENSITY_FAMILY_EB_K2,C12_HIGH_DENSITY_FAMILY_EB,2,1,,,,,
2025-07-02,C12_HIGH_DENSITY_FAMILY_EB_K2,C12_HIGH_DENSITY_FAMILY_EB,2,2,,,,,
2025-07-03,C12_HIGH_DENSITY_FAMILY_EB_K2,C12_HIGH_DENSITY_FAMILY_EB,2,1,,,,,
2025-07-03,C12_HIGH_DENSITY_FAMILY_EB_K2,C12_HIGH_DENSITY_FAMILY_EB,2,2,,,,,
2025-07-04,C12_HIGH_DENSITY_FAMILY_EB_K2,C12_HIGH_DENSITY_FAMILY_EB,2,1,,,,,
2025-07-04,C12_HIGH_DENSITY_FAMILY_EB_K2,C12_HIGH_DENSITY_FAMILY_EB,2,2,,,,,
2025-07-07,C12_HIGH_DENSITY_FAMILY_EB_K2,C12_HIGH_DENSITY_FAMILY_EB,2,1,,,,,
2025-07-07,C12_HIGH_DENSITY_FAMILY_EB_K2,C12_HIGH_DENSITY_FAMILY_EB,2,2,,,,,
2025-07-08,C12_HIGH_DENSITY_FAMILY_EB_K2,C12_HIGH_DENSITY_FAMILY_EB,2,1,,,,,
2025-07-08,C12_HIGH_DENSITY_FAMILY_EB_K2,C12_HIGH_DENSITY_FAMILY_EB,2,2,,,,,
2025-07-09,C12_HIGH_DENSITY_FAMILY_EB_K2,C12_HIGH_DENSITY_FAMILY_EB,2,1,,,,,
2025-07-09,C12_HIGH_DENSITY_FAMILY_EB_K2,C12_HIGH_DENSITY_FAMILY_EB,2,2,,,,,
2025-07-10,C12_HIGH_DENSITY_FAMILY_EB_K2,C12_HIGH_DENSITY_FAMILY_EB,2,1,,,,,
2025-07-10,C12_HIGH_DENSITY_FAMILY_EB_K2,C12_HIGH_DENSITY_FAMILY_EB,2,2,,,,,
2025-07-11,C12_HIGH_DENSITY_FAMILY_EB_K2,C12_HIGH_DENSITY_FAMILY_EB,2,1,,,,,
2025-07-11,C12_HIGH_DENSITY_FAMILY_EB_K2,C12_HIGH_DENSITY_FAMILY_EB,2,2,,,,,
2025-07-14,C12_HIGH_DENSITY_FAMILY_EB_K2,C12_HIGH_DENSITY_FAMILY_EB,2,1,,,,,
2025-07-14,C12_HIGH_DENSITY_FAMILY_EB_K2,C12_HIGH_DENSITY_FAMILY_EB,2,2,,,,,
2025-07-15,C12_HIGH_DENSITY_FAMILY_EB_K2,C12_HIGH_DENSITY_FAMILY_EB,2,1,,,,,
2025-07-15,C12_HIGH_DENSITY_FAMILY_EB_K2,C12_HIGH_DENSITY_FAMILY_EB,2,2,,,,,
2025-07-16,C12_HIGH_DENSITY_FAMILY_EB_K2,C12_HIGH_DENSITY_FAMILY_EB,2,1,,,,,
2025-07-16,C12_HIGH_DENSITY_FAMILY_EB_K2,C12_HIGH_DENSITY_FAMILY_EB,2,2,,,,,
2025-07-17,C12_HIGH_DENSITY_FAMILY_EB_K2,C12_HIGH_DENSITY_FAMILY_EB,2,1,,,,,
2025-07-17,C12_HIGH_DENSITY_FAMILY_EB_K2,C12_HIGH_DENSITY_FAMILY_EB,2,2,,,,,
2025-07-18,C12_HIGH_DENSITY_FAMILY_EB_K2,C12_HIGH_DENSITY_FAMILY_EB,2,1,,,,,
2025-07-18,C12_HIGH_DENSITY_FAMILY_EB_K2,C12_HIGH_DENSITY_FAMILY_EB,2,2,,,,,
2025-07-22,C12_HIGH_DENSITY_FAMILY_EB_K2,C12_HIGH_DENSITY_FAMILY_EB,2,1,,,,,
2025-07-22,C12_HIGH_DENSITY_FAMILY_EB_K2,C12_HIGH_DENSITY_FAMILY_EB,2,2,,,,,
2025-07-23,C12_HIGH_DENSITY_FAMILY_EB_K2,C12_HIGH_DENSITY_FAMILY_EB,2,1,,,,,
2025-07-23,C12_HIGH_DENSITY_FAMILY_EB_K2,C12_HIGH_DENSITY_FAMILY_EB,2,2,,,,,
2025-07-24,C12_HIGH_DENSITY_FAMILY_EB_K2,C12_HIGH_DENSITY_FAMILY_EB,2,1,,,,,
2025-07-24,C12_HIGH_DENSITY_FAMILY_EB_K2,C12_HIGH_DENSITY_FAMILY_EB,2,2,,,,,
2025-07-25,C12_HIGH_DENSITY_FAMILY_EB_K2,C12_HIGH_DENSITY_FAMILY_EB,2,1,,,,,
2025-07-25,C12_HIGH_DENSITY_FAMILY_EB_K2,C12_HIGH_DENSITY_FAMILY_EB,2,2,,,,,
2025-07-28,C12_HIGH_DENSITY_FAMILY_EB_K2,C12_HIGH_DENSITY_FAMILY_EB,2,1,,,,,
2025-07-28,C12_HIGH_DENSITY_FAMILY_EB_K2,C12_HIGH_DENSITY_FAMILY_EB,2,2,,,,,
2025-07-29,C12_HIGH_DENSITY_FAMILY_EB_K2,C12_HIGH_DENSITY_FAMILY_EB,2,1,,,,,
2025-07-29,C12_HIGH_DENSITY_FAMILY_EB_K2,C12_HIGH_DENSITY_FAMILY_EB,2,2,,,,,
2025-07-30,C12_HIGH_DENSITY_FAMILY_EB_K2,C12_HIGH_DENSITY_FAMILY_EB,2,1,,,,,
2025-07-30,C12_HIGH_DENSITY_FAMILY_EB_K2,C12_HIGH_DENSITY_FAMILY_EB,2,2,,,,,
2025-07-31,C12_HIGH_DENSITY_FAMILY_EB_K2,C12_HIGH_DENSITY_FAMILY_EB,2,1,,,,,
2025-07-31,C12_HIGH_DENSITY_FAMILY_EB_K2,C12_HIGH_DENSITY_FAMILY_EB,2,2,,,,,
